ISO-10303-21;
HEADER;
FILE_DESCRIPTION (( 'STEP AP214' ),
    '1' );
FILE_NAME ('Front_Rear_Skirt_Accent.STEP',
    '2026-09-06T12:01:24',
    ( '' ),
    ( '' ),
    '',
    '',
    '' );
FILE_SCHEMA (( 'AUTOMOTIVE_DESIGN' ));
ENDSEC;

DATA;
#1 = FACE_OUTER_BOUND ( 'NONE', #251, .T. ) ;
#2 = AXIS2_PLACEMENT_3D ( 'NONE', #485, #1921, #786 ) ;
#3 = LINE ( 'NONE', #1123, #289 ) ;
#4 = CARTESIAN_POINT ( 'NONE',  ( -78.72966026474350087, -59.99985853861780782, -575.2617305656689268 ) ) ;
#5 = AXIS2_PLACEMENT_3D ( 'NONE', #1680, #1184, #1500 ) ;
#6 = ORIENTED_EDGE ( 'NONE', *, *, #310, .F. ) ;
#7 = AXIS2_PLACEMENT_3D ( 'NONE', #829, #1265, #1905 ) ;
#8 = PRESENTATION_LAYER_ASSIGNMENT (  '', '', ( #743 ) ) ;
#9 = EDGE_CURVE ( 'NONE', #883, #1441, #69, .T. ) ;
#10 = AXIS2_PLACEMENT_3D ( 'NONE', #396, #1675, #255 ) ;
#11 = VERTEX_POINT ( 'NONE', #48 ) ;
#12 = LINE ( 'NONE', #1087, #41 ) ;
#13 = PLANE ( 'NONE',  #1326 ) ;
#14 = EDGE_CURVE ( 'NONE', #544, #442, #1291, .T. ) ;
#15 = EDGE_LOOP ( 'NONE', ( #861, #1146, #773, #501, #397 ) ) ;
#16 = DIRECTION ( 'NONE',  ( 0.000000000000000000, 1.000000000000000000, -2.155066248911272609E-10 ) ) ;
#17 = DIRECTION ( 'NONE',  ( -1.405721186614262543E-05, 0.9999999999011973673, -2.155172579343980922E-10 ) ) ;
#18 = LINE ( 'NONE', #1761, #112 ) ;
#19 = DIRECTION ( 'NONE',  ( 0.000000000000000000, 1.000000000000000000, -2.155066248911272609E-10 ) ) ;
#20 = EDGE_LOOP ( 'NONE', ( #194, #1142, #1120, #853, #1088 ) ) ;
#21 = DIRECTION ( 'NONE',  ( 2.154725578106989899E-10, -2.154890023034275065E-10, -1.000000000000000000 ) ) ;
#22 = CARTESIAN_POINT ( 'NONE',  ( -273.9037090102349907, -47.75852361056679740, -574.2617306103610417 ) ) ;
#23 = ORIENTED_EDGE ( 'NONE', *, *, #460, .T. ) ;
#24 = EDGE_CURVE ( 'NONE', #1253, #1933, #1025, .T. ) ;
#25 = DIRECTION ( 'NONE',  ( 8.533901376958817851E-07, -2.283788700251024479E-10, -0.9999999999996358468 ) ) ;
#26 = CARTESIAN_POINT ( 'NONE',  ( -146.9586680518021637, -50.69898636154105276, -579.2619943387192052 ) ) ;
#27 = FACE_OUTER_BOUND ( 'NONE', #1244, .T. ) ;
#28 = ORIENTED_EDGE ( 'NONE', *, *, #1199, .F. ) ;
#29 = DIRECTION ( 'NONE',  ( 1.000000000000000000, 2.154748076855979970E-10, 2.154725577642609928E-10 ) ) ;
#30 = EDGE_LOOP ( 'NONE', ( #716, #950 ) ) ;
#31 = VERTEX_POINT ( 'NONE', #1458 ) ;
#32 = CARTESIAN_POINT ( 'NONE',  ( -266.9647114436465927, -52.50088636087507155, -574.2617587626079967 ) ) ;
#33 = CARTESIAN_POINT ( 'NONE',  ( -107.5733500540752061, -44.99968143992199998, -574.8386406823559582 ) ) ;
#34 = EDGE_CURVE ( 'NONE', #129, #1929, #657, .T. ) ;
#35 = AXIS2_PLACEMENT_3D ( 'NONE', #1341, #230, #237 ) ;
#36 = EDGE_CURVE ( 'NONE', #318, #756, #1938, .T. ) ;
#37 = CYLINDRICAL_SURFACE ( 'NONE', #2034, 1.700000000000000178 ) ;
#38 = AXIS2_PLACEMENT_3D ( 'NONE', #1201, #1673, #732 ) ;
#39 = CARTESIAN_POINT ( 'NONE',  ( -88.88974406792820560, -30.63288097551639666, -579.2619943305310244 ) ) ;
#40 = CARTESIAN_POINT ( 'NONE',  ( -273.9037090091575237, -50.95005183062389875, -579.2619943660180297 ) ) ;
#41 = VECTOR ( 'NONE', #651, 1000.000000000000227 ) ;
#42 = ORIENTED_EDGE ( 'NONE', *, *, #348, .F. ) ;
#43 = VECTOR ( 'NONE', #1041, 1000.000000000000227 ) ;
#44 = VECTOR ( 'NONE', #1619, 1000.000000000000114 ) ;
#45 = AXIS2_PLACEMENT_3D ( 'NONE', #1221, #137, #465 ) ;
#46 = EDGE_LOOP ( 'NONE', ( #1718, #1790, #2026, #1068 ) ) ;
#47 = ORIENTED_EDGE ( 'NONE', *, *, #1810, .F. ) ;
#48 = CARTESIAN_POINT ( 'NONE',  ( -234.9647114467909148, -50.70043776325479001, -574.2617587561009032 ) ) ;
#49 = EDGE_CURVE ( 'NONE', #233, #1755, #1117, .T. ) ;
#50 = DIRECTION ( 'NONE',  ( 2.154725578106989899E-10, -2.155142290122949986E-10, -1.000000000000000000 ) ) ;
#51 = CARTESIAN_POINT ( 'NONE',  ( -256.8733009990845062, -44.99968144135159775, -574.2617306072860401 ) ) ;
#52 = ORIENTED_EDGE ( 'NONE', *, *, #1851, .F. ) ;
#53 = CARTESIAN_POINT ( 'NONE',  ( -272.7127619197860326, -50.95093649486190657, -574.2617306094169862 ) ) ;
#54 = VERTEX_POINT ( 'NONE', #987 ) ;
#55 = CARTESIAN_POINT ( 'NONE',  ( -115.1166611798280144, -52.64869420724490112, -574.6617305750929745 ) ) ;
#56 = CARTESIAN_POINT ( 'NONE',  ( -227.3127658293715001, -52.65027015492500340, -574.6617587540318937 ) ) ;
#57 = CARTESIAN_POINT ( 'NONE',  ( -211.4645693002634914, -59.00032532049190337, -582.6620225055929723 ) ) ;
#58 = ADVANCED_FACE ( 'NONE', ( #1635 ), #1559, .F. ) ;
#59 = ORIENTED_EDGE ( 'NONE', *, *, #1519, .T. ) ;
#60 = ORIENTED_EDGE ( 'NONE', *, *, #660, .T. ) ;
#61 = CARTESIAN_POINT ( 'NONE',  ( -246.9570824972769856, -59.99986341767179709, -577.4618344022809424 ) ) ;
#62 = ORIENTED_EDGE ( 'NONE', *, *, #557, .F. ) ;
#63 = PRODUCT_CONTEXT ( 'NONE', #1479, 'mechanical' ) ;
#64 = DIRECTION ( 'NONE',  ( 2.154725578106989899E-10, -2.154890023034275065E-10, -1.000000000000000000 ) ) ;
#65 = LINE ( 'NONE', #700, #245 ) ;
#66 = CARTESIAN_POINT ( 'NONE',  ( -242.9706680428313064, -54.30033880583624040, -574.2617587570500746 ) ) ;
#67 = CARTESIAN_POINT ( 'NONE',  ( -274.8127619192044904, -49.25093649593959810, -579.2620225213439653 ) ) ;
#68 = DIRECTION ( 'NONE',  ( -2.154725578106989899E-10, 2.155138812507654883E-10, 1.000000000000000000 ) ) ;
#69 = CIRCLE ( 'NONE', #737, 1.800000000000002931 ) ;
#70 = ORIENTED_EDGE ( 'NONE', *, *, #1979, .T. ) ;
#71 = AXIS2_PLACEMENT_3D ( 'NONE', #1481, #1022, #646 ) ;
#72 = LINE ( 'NONE', #933, #613 ) ;
#73 = VECTOR ( 'NONE', #385, 1000.000000000000000 ) ;
#74 = ORIENTED_EDGE ( 'NONE', *, *, #2043, .T. ) ;
#75 = PLANE ( 'NONE',  #1625 ) ;
#76 = ADVANCED_FACE ( 'NONE', ( #1753 ), #837, .T. ) ;
#77 = VECTOR ( 'NONE', #2060, 1000.000000000000227 ) ;
#78 = AXIS2_PLACEMENT_3D ( 'NONE', #884, #423, #265 ) ;
#79 = FACE_OUTER_BOUND ( 'NONE', #1976, .T. ) ;
#80 = DIRECTION ( 'NONE',  ( 0.000000000000000000, -1.000000000000000000, 2.155142290122949986E-10 ) ) ;
#81 = CARTESIAN_POINT ( 'NONE',  ( -119.1196207908741940, -44.07852523119470334, -546.3026442175508919 ) ) ;
#82 = CARTESIAN_POINT ( 'NONE',  ( -79.88459716356659612, -45.55846865890099906, -560.8203406588960434 ) ) ;
#83 = ORIENTED_EDGE ( 'NONE', *, *, #871, .T. ) ;
#84 = ORIENTED_EDGE ( 'NONE', *, *, #571, .F. ) ;
#85 = CARTESIAN_POINT ( 'NONE',  ( -162.6166650795935027, -50.94936258530439943, -579.2619943420389745 ) ) ;
#86 = CARTESIAN_POINT ( 'NONE',  ( -71.92812822146329665, -57.18295909553299339, -581.2478011289299502 ) ) ;
#87 = FACE_BOUND ( 'NONE', #624, .T. ) ;
#88 = EDGE_CURVE ( 'NONE', #562, #1356, #1623, .T. ) ;
#89 = ORIENTED_EDGE ( 'NONE', *, *, #1196, .F. ) ;
#90 = CYLINDRICAL_SURFACE ( 'NONE', #1189, 3.191528218979590381 ) ;
#91 = CARTESIAN_POINT ( 'NONE',  ( -211.4645690222139933, -59.49975195171069942, -574.7611853820419583 ) ) ;
#92 = ORIENTED_EDGE ( 'NONE', *, *, #1749, .F. ) ;
#93 = VERTEX_POINT ( 'NONE', #98 ) ;
#94 = FACE_OUTER_BOUND ( 'NONE', #261, .T. ) ;
#95 = CARTESIAN_POINT ( 'NONE',  ( -313.1534083304500200, -49.69505440313560030, -582.6620225295089313 ) ) ;
#96 = ORIENTED_EDGE ( 'NONE', *, *, #1455, .F. ) ;
#97 = EDGE_CURVE ( 'NONE', #442, #1356, #1834, .T. ) ;
#98 = CARTESIAN_POINT ( 'NONE',  ( -146.9586680528795739, -50.69898636046342233, -574.2617304831929914 ) ) ;
#99 = SURFACE_SIDE_STYLE ('',( #270 ) ) ;
#100 = ADVANCED_FACE ( 'NONE', ( #1047 ), #1040, .T. ) ;
#101 = VERTEX_POINT ( 'NONE', #381 ) ;
#102 = VECTOR ( 'NONE', #435, 1000.000000000000000 ) ;
#103 = CARTESIAN_POINT ( 'NONE',  ( -274.8127619196999945, -50.95093649494809540, -574.6617306098689824 ) ) ;
#104 = CIRCLE ( 'NONE', #2, 1.699999999999979305 ) ;
#105 = EDGE_LOOP ( 'NONE', ( #1578, #1583 ) ) ;
#106 = MECHANICAL_DESIGN_GEOMETRIC_PRESENTATION_REPRESENTATION (  '', ( #743 ), #410 ) ;
#107 = STYLED_ITEM ( 'NONE', ( #1512 ), #1656 ) ;
#108 = FACE_OUTER_BOUND ( 'NONE', #1989, .T. ) ;
#109 = DIRECTION ( 'NONE',  ( 0.5874963360636199505, 0.5722097842898059561, -0.5722097673710540011 ) ) ;
#110 = CARTESIAN_POINT ( 'NONE',  ( -317.9506339735989400, -52.76666443477870416, -583.3723186798949882 ) ) ;
#111 = DIRECTION ( 'NONE',  ( -0.7072381944180391455, 0.000000000000000000, 0.7069753435278430809 ) ) ;
#112 = VECTOR ( 'NONE', #342, 1000.000000000000000 ) ;
#113 = EDGE_CURVE ( 'NONE', #494, #1466, #1643, .T. ) ;
#114 = VERTEX_POINT ( 'NONE', #736 ) ;
#115 = FACE_OUTER_BOUND ( 'NONE', #531, .T. ) ;
#116 = ORIENTED_EDGE ( 'NONE', *, *, #847, .F. ) ;
#117 = DIRECTION ( 'NONE',  ( -2.154526557163435069E-10, 2.155138812507639890E-10, 1.000000000000000000 ) ) ;
#118 = CARTESIAN_POINT ( 'NONE',  ( -161.2724112042354818, -59.99961975862539987, -581.6619796718940734 ) ) ;
#119 = DIRECTION ( 'NONE',  ( 2.154725578106989899E-10, -2.155142290122949986E-10, -1.000000000000000000 ) ) ;
#120 = CARTESIAN_POINT ( 'NONE',  ( -154.9647120716406903, -52.49931448696980851, -579.2619943400562761 ) ) ;
#121 = LINE ( 'NONE', #110, #480 ) ;
#122 = ORIENTED_EDGE ( 'NONE', *, *, #1196, .T. ) ;
#123 = ADVANCED_FACE ( 'NONE', ( #1679 ), #415, .T. ) ;
#124 = VERTEX_POINT ( 'NONE', #858 ) ;
#125 = CARTESIAN_POINT ( 'NONE',  ( -273.1127619196999490, -50.95093649490500098, -574.6617306095030244 ) ) ;
#126 = ORIENTED_EDGE ( 'NONE', *, *, #1719, .T. ) ;
#127 = DIRECTION ( 'NONE',  ( 0.000000000000000000, 1.000000000000000000, -2.155138812507709425E-10 ) ) ;
#128 = CARTESIAN_POINT ( 'NONE',  ( -315.2846867823199659, -56.43874538485050607, -579.2620225285149900 ) ) ;
#129 = VERTEX_POINT ( 'NONE', #1328 ) ;
#130 = ORIENTED_EDGE ( 'NONE', *, *, #547, .T. ) ;
#131 = CARTESIAN_POINT ( 'NONE',  ( -178.4645873892625048, -57.71328151996409872, -582.6619943439960707 ) ) ;
#132 = PRODUCT_DEFINITION ( 'UNKNOWN', '', #1033, #1873 ) ;
#133 = VECTOR ( 'NONE', #360, 1000.000000000000114 ) ;
#134 = AXIS2_PLACEMENT_3D ( 'NONE', #2049, #1411, #1714 ) ;
#135 = ORIENTED_EDGE ( 'NONE', *, *, #1174, .F. ) ;
#136 = ADVANCED_FACE ( 'NONE', ( #249 ), #1030, .T. ) ;
#137 = DIRECTION ( 'NONE',  ( -1.405721186613970656E-05, 0.9999999999011974783, -2.189196690240408297E-10 ) ) ;
#138 = VECTOR ( 'NONE', #1595, 1000.000000000000000 ) ;
#139 = AXIS2_PLACEMENT_3D ( 'NONE', #1075, #1399, #151 ) ;
#140 = CARTESIAN_POINT ( 'NONE',  ( -234.9647114457134762, -52.50043776433241050, -579.2620225120573423 ) ) ;
#141 = CIRCLE ( 'NONE', #1300, 1.800000000000010036 ) ;
#142 = VERTEX_POINT ( 'NONE', #1485 ) ;
#143 = DIRECTION ( 'NONE',  ( 0.7071067810343170112, 1.523970992709749829E-10, 0.7071067813387780232 ) ) ;
#144 = ORIENTED_EDGE ( 'NONE', *, *, #192, .F. ) ;
#145 = LINE ( 'NONE', #1273, #1925 ) ;
#146 = ORIENTED_EDGE ( 'NONE', *, *, #777, .F. ) ;
#147 = FACE_OUTER_BOUND ( 'NONE', #1630, .T. ) ;
#148 = ADVANCED_FACE ( 'NONE', ( #108 ), #90, .T. ) ;
#149 = CARTESIAN_POINT ( 'NONE',  ( -310.9870776706849824, -59.00032820484999974, -574.2617587706929498 ) ) ;
#150 = LINE ( 'NONE', #509, #1562 ) ;
#151 = DIRECTION ( 'NONE',  ( 0.000000000000000000, 0.7071067810350470939, -0.7071067813380480516 ) ) ;
#152 = ORIENTED_EDGE ( 'NONE', *, *, #1383, .T. ) ;
#153 = VERTEX_POINT ( 'NONE', #67 ) ;
#154 = CARTESIAN_POINT ( 'NONE',  ( -227.3127658288754844, -52.65027015591640236, -579.2620225103769371 ) ) ;
#155 = ORIENTED_EDGE ( 'NONE', *, *, #1489, .F. ) ;
#156 = LINE ( 'NONE', #1936, #77 ) ;
#157 = CARTESIAN_POINT ( 'NONE',  ( -83.29820749988529371, -44.99968144450809859, -571.8452445934619846 ) ) ;
#158 = ADVANCED_FACE ( 'NONE', ( #2004 ), #400, .F. ) ;
#159 = DIRECTION ( 'NONE',  ( 2.065841796520249653E-08, -0.7071067813380479405, -0.7071067810350469829 ) ) ;
#160 = ORIENTED_EDGE ( 'NONE', *, *, #1406, .F. ) ;
#161 = ADVANCED_FACE ( 'NONE', ( #1175, #1651, #1688, #728, #1349, #1990 ), #568, .T. ) ;
#162 = EDGE_LOOP ( 'NONE', ( #1405, #1710, #1584 ) ) ;
#163 = FACE_OUTER_BOUND ( 'NONE', #2057, .T. ) ;
#164 = EDGE_LOOP ( 'NONE', ( #833, #1418 ) ) ;
#165 = DIRECTION ( 'NONE',  ( 1.000000000000000000, 2.154748076855979970E-10, 2.154725577642609928E-10 ) ) ;
#166 = DIRECTION ( 'NONE',  ( 2.154725578106990158E-10, -2.155142290122949728E-10, -1.000000000000000000 ) ) ;
#167 = AXIS2_PLACEMENT_3D ( 'NONE', #333, #1469, #685 ) ;
#168 = CARTESIAN_POINT ( 'NONE',  ( -178.4645560997144855, -59.99986143224870005, -581.6619943434999414 ) ) ;
#169 = VECTOR ( 'NONE', #1874, 1000.000000000000000 ) ;
#170 = DIRECTION ( 'NONE',  ( 0.000000000000000000, 0.7071067810350470939, -0.7071067813380480516 ) ) ;
#171 = VECTOR ( 'NONE', #266, 1000.000000000000000 ) ;
#172 = FACE_OUTER_BOUND ( 'NONE', #15, .T. ) ;
#173 = ORIENTED_EDGE ( 'NONE', *, *, #1607, .T. ) ;
#174 = CIRCLE ( 'NONE', #513, 1.800000000000002931 ) ;
#175 = EDGE_CURVE ( 'NONE', #1594, #511, #895, .T. ) ;
#176 = AXIS2_PLACEMENT_3D ( 'NONE', #1998, #1629, #1789 ) ;
#177 = EDGE_LOOP ( 'NONE', ( #1945, #1715, #1922, #1558, #116 ) ) ;
#178 =( NAMED_UNIT ( * ) PLANE_ANGLE_UNIT ( ) SI_UNIT ( $, .RADIAN. ) );
#179 = FACE_OUTER_BOUND ( 'NONE', #726, .T. ) ;
#180 = VERTEX_POINT ( 'NONE', #536 ) ;
#181 = AXIS2_PLACEMENT_3D ( 'NONE', #378, #532, #1802 ) ;
#182 = LINE ( 'NONE', #654, #650 ) ;
#183 = DIRECTION ( 'NONE',  ( 0.000000000000000000, 1.000000000000000000, -2.155138812507656692E-10 ) ) ;
#184 = LINE ( 'NONE', #1740, #1171 ) ;
#185 = DIRECTION ( 'NONE',  ( -0.9999999999008332141, -1.405721186632142393E-05, -8.533901344011961531E-07 ) ) ;
#186 = DIRECTION ( 'NONE',  ( 2.154725578106989899E-10, -2.155142290122949986E-10, -1.000000000000000000 ) ) ;
#187 = ORIENTED_EDGE ( 'NONE', *, *, #1992, .F. ) ;
#188 = CYLINDRICAL_SURFACE ( 'NONE', #1628, 1.800000000000002931 ) ;
#189 = ORIENTED_EDGE ( 'NONE', *, *, #1671, .F. ) ;
#190 = EDGE_CURVE ( 'NONE', #199, #1279, #1655, .T. ) ;
#191 = ORIENTED_EDGE ( 'NONE', *, *, #1098, .T. ) ;
#192 = EDGE_CURVE ( 'NONE', #888, #541, #1696, .T. ) ;
#193 = CARTESIAN_POINT ( 'NONE',  ( -311.0895747880299496, -59.06075284194000119, -574.3221834048069923 ) ) ;
#194 = ORIENTED_EDGE ( 'NONE', *, *, #1506, .F. ) ;
#195 = LINE ( 'NONE', #824, #247 ) ;
#196 = CARTESIAN_POINT ( 'NONE',  ( -162.6166650805845109, -52.64936258431299620, -574.6617305853279731 ) ) ;
#197 = DIRECTION ( 'NONE',  ( 2.154725578106989899E-10, -2.155142290122949986E-10, -1.000000000000000000 ) ) ;
#198 = FACE_OUTER_BOUND ( 'NONE', #946, .T. ) ;
#199 = VERTEX_POINT ( 'NONE', #1396 ) ;
#200 = CARTESIAN_POINT ( 'NONE',  ( -140.5733500508028158, -45.00014532791360722, -574.8386688442300283 ) ) ;
#201 = EDGE_CURVE ( 'NONE', #1518, #363, #1560, .T. ) ;
#202 = ORIENTED_EDGE ( 'NONE', *, *, #14, .T. ) ;
#203 = EDGE_CURVE ( 'NONE', #1850, #787, #608, .T. ) ;
#204 = VERTEX_POINT ( 'NONE', #948 ) ;
#205 = VECTOR ( 'NONE', #295, 1000.000000000000227 ) ;
#206 = DIRECTION ( 'NONE',  ( 2.154725578106989899E-10, -2.155138812507639890E-10, -1.000000000000000000 ) ) ;
#207 = AXIS2_PLACEMENT_3D ( 'NONE', #1079, #1524, #1695 ) ;
#208 = DIRECTION ( 'NONE',  ( 0.000000000000000000, -1.000000000000000000, 2.155138812507656692E-10 ) ) ;
#209 = DIRECTION ( 'NONE',  ( 0.000000000000000000, 1.000000000000000000, -2.155066248911272609E-10 ) ) ;
#210 = CIRCLE ( 'NONE', #1662, 1.800000000000002931 ) ;
#211 = ORIENTED_EDGE ( 'NONE', *, *, #507, .F. ) ;
#212 = VECTOR ( 'NONE', #29, 1000.000000000000000 ) ;
#213 = CARTESIAN_POINT ( 'NONE',  ( -211.4647690052864846, -45.00014531359010306, -579.2620225086100163 ) ) ;
#214 = AXIS2_PLACEMENT_3D ( 'NONE', #691, #735, #398 ) ;
#215 = EDGE_LOOP ( 'NONE', ( #1094, #1318 ) ) ;
#216 = UNCERTAINTY_MEASURE_WITH_UNIT (LENGTH_MEASURE( 1.000000000000000082E-05 ), #271, 'distance_accuracy_value', 'NONE');
#217 = DIRECTION ( 'NONE',  ( 2.154725578106989899E-10, -2.155138812507639890E-10, -1.000000000000000000 ) ) ;
#218 = EDGE_CURVE ( 'NONE', #607, #511, #619, .T. ) ;
#219 = ORIENTED_EDGE ( 'NONE', *, *, #97, .T. ) ;
#220 = FACE_OUTER_BOUND ( 'NONE', #811, .T. ) ;
#221 = ORIENTED_EDGE ( 'NONE', *, *, #1383, .F. ) ;
#222 = DIRECTION ( 'NONE',  ( -2.154526557163435069E-10, 2.155138812507639890E-10, 1.000000000000000000 ) ) ;
#223 = ORIENTED_EDGE ( 'NONE', *, *, #1722, .T. ) ;
#224 = CARTESIAN_POINT ( 'NONE',  ( -273.9037090102349907, -50.95005182954640333, -574.2617306096740322 ) ) ;
#225 = DIRECTION ( 'NONE',  ( 2.035369375167888114E-08, -0.7071067810350428751, 0.7071067813380519373 ) ) ;
#226 = FACE_OUTER_BOUND ( 'NONE', #1426, .T. ) ;
#227 = FACE_BOUND ( 'NONE', #30, .T. ) ;
#228 = DIRECTION ( 'NONE',  ( -1.000000000000000000, 4.081702296416066484E-15, -2.154485740140256557E-10 ) ) ;
#229 = ADVANCED_FACE ( 'NONE', ( #448 ), #2023, .F. ) ;
#230 = DIRECTION ( 'NONE',  ( 0.5394642905598150406, -0.5734274169538130517, 0.6165705772224889802 ) ) ;
#231 = CARTESIAN_POINT ( 'NONE',  ( -178.4472425564014770, -52.49977296974940089, -579.2619943451160225 ) ) ;
#232 = EDGE_CURVE ( 'NONE', #622, #1857, #1360, .T. ) ;
#233 = VERTEX_POINT ( 'NONE', #592 ) ;
#234 = ORIENTED_EDGE ( 'NONE', *, *, #1711, .F. ) ;
#235 = CARTESIAN_POINT ( 'NONE',  ( -255.5228586190410169, -58.99986366539740601, -574.2617306039779805 ) ) ;
#236 = DIRECTION ( 'NONE',  ( -0.02724824829157359088, -0.9996286975497656879, 2.095629582957559331E-10 ) ) ;
#237 = DIRECTION ( 'NONE',  ( -0.7283471092150916038, -0.6852083540778085569, 0.000000000000000000 ) ) ;
#238 = CARTESIAN_POINT ( 'NONE',  ( -161.2724244080575033, -58.99961975887699595, -582.6619796721121247 ) ) ;
#239 = AXIS2_PLACEMENT_3D ( 'NONE', #1407, #1223, #1554 ) ;
#240 = ORIENTED_EDGE ( 'NONE', *, *, #1016, .T. ) ;
#241 = VECTOR ( 'NONE', #1392, 1000.000000000000000 ) ;
#242 = EDGE_CURVE ( 'NONE', #1039, #1850, #1853, .T. ) ;
#243 = AXIS2_PLACEMENT_3D ( 'NONE', #285, #894, #466 ) ;
#244 = DIRECTION ( 'NONE',  ( 0.000000000000000000, 1.000000000000000000, -2.154890023034296779E-10 ) ) ;
#245 = VECTOR ( 'NONE', #1325, 1000.000000000000000 ) ;
#246 = ORIENTED_EDGE ( 'NONE', *, *, #356, .F. ) ;
#247 = VECTOR ( 'NONE', #1737, 999.9999999999998863 ) ;
#248 = LINE ( 'NONE', #581, #171 ) ;
#249 = FACE_OUTER_BOUND ( 'NONE', #1879, .T. ) ;
#250 = FACE_OUTER_BOUND ( 'NONE', #162, .T. ) ;
#251 = EDGE_LOOP ( 'NONE', ( #621, #666, #658, #1785 ) ) ;
#252 = EDGE_LOOP ( 'NONE', ( #771, #2021, #1490, #2017 ) ) ;
#253 = DIRECTION ( 'NONE',  ( -2.155138812507684868E-10, 2.155220446553825016E-10, 1.000000000000000000 ) ) ;
#254 = EDGE_CURVE ( 'NONE', #1549, #54, #304, .T. ) ;
#255 = DIRECTION ( 'NONE',  ( 0.000000000000000000, 1.000000000000000000, -2.155066248911289153E-10 ) ) ;
#256 = ORIENTED_EDGE ( 'NONE', *, *, #2020, .T. ) ;
#257 = EDGE_CURVE ( 'NONE', #926, #1393, #1238, .T. ) ;
#258 = CARTESIAN_POINT ( 'NONE',  ( -162.6166650795935027, -50.94936258530439943, -579.2619943420389745 ) ) ;
#259 = CARTESIAN_POINT ( 'NONE',  ( -161.2724315767594874, -58.99961975708849593, -574.2617159157670130 ) ) ;
#260 = DIRECTION ( 'NONE',  ( 0.000000000000000000, 1.000000000000000000, -2.155066248911272609E-10 ) ) ;
#261 = EDGE_LOOP ( 'NONE', ( #1758, #827, #778, #635 ) ) ;
#262 = DIRECTION ( 'NONE',  ( 0.7072372588018686068, -7.147944958942644921E-14, 0.7069762794906336856 ) ) ;
#263 = CARTESIAN_POINT ( 'NONE',  ( -162.6166650806704865, -48.84936258422670363, -574.2617305861469958 ) ) ;
#264 = ORIENTED_EDGE ( 'NONE', *, *, #1085, .T. ) ;
#265 = DIRECTION ( 'NONE',  ( 0.000000000000000000, 1.000000000000000000, -2.155066248911272609E-10 ) ) ;
#266 = DIRECTION ( 'NONE',  ( -1.523479472860468947E-10, 0.7071067813390445878, 0.7071067810340505577 ) ) ;
#267 = EDGE_CURVE ( 'NONE', #1576, #1412, #1246, .T. ) ;
#268 = CARTESIAN_POINT ( 'NONE',  ( -319.0052250067415116, -59.06075307296829635, -581.2478473755919595 ) ) ;
#269 = CARTESIAN_POINT ( 'NONE',  ( -211.4472425531290014, -52.50023685774100102, -579.2620225069899789 ) ) ;
#270 = SURFACE_STYLE_FILL_AREA ( #537 ) ;
#271 =( LENGTH_UNIT ( ) NAMED_UNIT ( * ) SI_UNIT ( .MILLI., .METRE. ) );
#272 = CARTESIAN_POINT ( 'NONE',  ( -72.57843112834500232, -39.53942584689220041, -582.4122545258079526 ) ) ;
#273 = EDGE_LOOP ( 'NONE', ( #1779, #187, #1766, #211 ) ) ;
#274 = AXIS2_PLACEMENT_3D ( 'NONE', #354, #998, #825 ) ;
#275 = ORIENTED_EDGE ( 'NONE', *, *, #218, .F. ) ;
#276 = DIRECTION ( 'NONE',  ( -0.5394567040794469026, -0.5734360944135059590, 0.6165691445795229431 ) ) ;
#277 = LINE ( 'NONE', #1515, #1699 ) ;
#278 = AXIS2_PLACEMENT_3D ( 'NONE', #2055, #335, #1442 ) ;
#279 = DIRECTION ( 'NONE',  ( 0.5875142563343577207, -0.5722005674063267433, 0.5722005848159927854 ) ) ;
#280 = VECTOR ( 'NONE', #50, 1000.000000000000000 ) ;
#281 = EDGE_LOOP ( 'NONE', ( #812, #1076, #1353, #1808 ) ) ;
#282 = CIRCLE ( 'NONE', #2007, 1.700000000000000178 ) ;
#283 = AXIS2_PLACEMENT_3D ( 'NONE', #988, #1622, #209 ) ;
#284 = CARTESIAN_POINT ( 'NONE',  ( -122.9647120758825167, -50.69886446161545024, -574.2617305224406437 ) ) ;
#285 = CARTESIAN_POINT ( 'NONE',  ( -234.9647114467909148, -52.50043776325478007, -574.2617305461853903 ) ) ;
#286 = DIRECTION ( 'NONE',  ( 2.154725578106990158E-10, -2.155142290122949728E-10, -1.000000000000000000 ) ) ;
#287 = ADVANCED_FACE ( 'NONE', ( #1717 ), #928, .F. ) ;
#288 = DIRECTION ( 'NONE',  ( 2.154725578106989899E-10, -2.155142290122949986E-10, -1.000000000000000000 ) ) ;
#289 = VECTOR ( 'NONE', #1886, 1000.000000000000227 ) ;
#290 = VERTEX_POINT ( 'NONE', #128 ) ;
#291 = ORIENTED_EDGE ( 'NONE', *, *, #201, .T. ) ;
#292 = CARTESIAN_POINT ( 'NONE',  ( -162.6166650805845109, -49.24936258431289104, -574.6617305860609122 ) ) ;
#293 = ORIENTED_EDGE ( 'NONE', *, *, #1915, .T. ) ;
#294 = CARTESIAN_POINT ( 'NONE',  ( -274.8127619187085315, -50.95093649593950147, -579.2620225209780074 ) ) ;
#295 = DIRECTION ( 'NONE',  ( 0.4841799247922041194, -0.8749684568189960432, 2.928956702878530493E-10 ) ) ;
#296 = DIRECTION ( 'NONE',  ( -0.9999999999008332141, -1.405721186632142393E-05, -8.533901344011961531E-07 ) ) ;
#297 = FILL_AREA_STYLE ('',( #605 ) ) ;
#298 = EDGE_CURVE ( 'NONE', #818, #1107, #2044, .T. ) ;
#299 = ORIENTED_EDGE ( 'NONE', *, *, #982, .F. ) ;
#300 = EDGE_CURVE ( 'NONE', #302, #908, #760, .T. ) ;
#301 = DIRECTION ( 'NONE',  ( -5.734870695575357327E-06, 0.3511234417843763778, 0.9363291774779876064 ) ) ;
#302 = VERTEX_POINT ( 'NONE', #1388 ) ;
#303 = DIRECTION ( 'NONE',  ( -0.6186872173700181943, -0.3423619768788921380, -0.7071169661735751122 ) ) ;
#304 = LINE ( 'NONE', #1212, #102 ) ;
#305 = PLANE ( 'NONE',  #1706 ) ;
#306 = ORIENTED_EDGE ( 'NONE', *, *, #601, .T. ) ;
#307 = EDGE_LOOP ( 'NONE', ( #334, #1538, #1514, #697, #1430 ) ) ;
#308 = CARTESIAN_POINT ( 'NONE',  ( -211.4646000672019852, -56.93732496044810176, -580.5915679805400487 ) ) ;
#309 = AXIS2_PLACEMENT_3D ( 'NONE', #782, #1546, #917 ) ;
#310 = EDGE_CURVE ( 'NONE', #11, #1857, #626, .T. ) ;
#311 = ORIENTED_EDGE ( 'NONE', *, *, #913, .T. ) ;
#312 = AXIS2_PLACEMENT_3D ( 'NONE', #1799, #606, #1061 ) ;
#313 = AXIS2_PLACEMENT_3D ( 'NONE', #729, #762, #2025 ) ;
#314 = DIRECTION ( 'NONE',  ( -0.9999999999008332141, -1.405721186632142393E-05, -8.533901344011961531E-07 ) ) ;
#315 = CARTESIAN_POINT ( 'NONE',  ( -178.4646082137340102, -56.43828151923149505, -579.2619943442699650 ) ) ;
#316 = CIRCLE ( 'NONE', #839, 1.700000000000000178 ) ;
#317 = PLANE ( 'NONE',  #742 ) ;
#318 = VERTEX_POINT ( 'NONE', #1866 ) ;
#319 = ORIENTED_EDGE ( 'NONE', *, *, #1949, .T. ) ;
#320 = EDGE_CURVE ( 'NONE', #93, #393, #769, .T. ) ;
#321 = EDGE_LOOP ( 'NONE', ( #995, #1250, #60, #972 ) ) ;
#322 = FACE_OUTER_BOUND ( 'NONE', #1445, .T. ) ;
#323 = EDGE_CURVE ( 'NONE', #1948, #142, #569, .T. ) ;
#324 = LINE ( 'NONE', #157, #896 ) ;
#325 = CARTESIAN_POINT ( 'NONE',  ( -234.9647114467909148, -52.50043776325478717, -574.2617587557130037 ) ) ;
#326 = ORIENTED_EDGE ( 'NONE', *, *, #1605, .T. ) ;
#327 = DIRECTION ( 'NONE',  ( 0.000000000000000000, 1.000000000000000000, -2.155066248911272609E-10 ) ) ;
#328 = VERTEX_POINT ( 'NONE', #149 ) ;
#329 = DIRECTION ( 'NONE',  ( -0.7070714108293436606, 0.000000000000000000, -0.7071421497745707940 ) ) ;
#330 = CARTESIAN_POINT ( 'NONE',  ( -73.14480935243840065, -52.99150772174470347, -582.2126323345279388 ) ) ;
#331 = DIRECTION ( 'NONE',  ( 1.000000000000000000, -2.154931898490250013E-10, 2.154725578571409937E-10 ) ) ;
#332 = EDGE_CURVE ( 'NONE', #363, #2053, #789, .T. ) ;
#333 = CARTESIAN_POINT ( 'NONE',  ( -264.0886347814234796, -56.51306881825200179, -582.6619943627039220 ) ) ;
#334 = ORIENTED_EDGE ( 'NONE', *, *, #687, .F. ) ;
#335 = DIRECTION ( 'NONE',  ( -2.154725578106989899E-10, 2.155138812507639890E-10, 1.000000000000000000 ) ) ;
#336 = ORIENTED_EDGE ( 'NONE', *, *, #1674, .F. ) ;
#337 = CARTESIAN_POINT ( 'NONE',  ( -274.8127619197865670, -50.95093649486170051, -574.2607305551049421 ) ) ;
#338 = DIRECTION ( 'NONE',  ( 2.154725578106989899E-10, -2.155142290122949986E-10, -1.000000000000000000 ) ) ;
#339 = VECTOR ( 'NONE', #1531, 1000.000000000000000 ) ;
#340 = CARTESIAN_POINT ( 'NONE',  ( -178.4645615616360033, -59.99986143092429813, -575.2617305871590361 ) ) ;
#341 = AXIS2_PLACEMENT_3D ( 'NONE', #454, #600, #1996 ) ;
#342 = DIRECTION ( 'NONE',  ( -9.336511882477030322E-06, 0.7071067810040910784, -0.7071067813073651509 ) ) ;
#343 = LINE ( 'NONE', #534, #996 ) ;
#344 = EDGE_CURVE ( 'NONE', #1683, #758, #324, .T. ) ;
#345 = ORIENTED_EDGE ( 'NONE', *, *, #254, .F. ) ;
#346 = VECTOR ( 'NONE', #1637, 1000.000000000000227 ) ;
#347 = AXIS2_PLACEMENT_3D ( 'NONE', #1917, #1286, #1611 ) ;
#348 = EDGE_CURVE ( 'NONE', #787, #1850, #2061, .T. ) ;
#349 = ORIENTED_EDGE ( 'NONE', *, *, #893, .F. ) ;
#350 = ORIENTED_EDGE ( 'NONE', *, *, #925, .F. ) ;
#351 = DIRECTION ( 'NONE',  ( 2.154725578106990158E-10, -2.155142290122949728E-10, -1.000000000000000000 ) ) ;
#352 = CARTESIAN_POINT ( 'NONE',  ( -254.2679386664810011, -56.93741114016660276, -580.5917978269419564 ) ) ;
#353 = CYLINDRICAL_SURFACE ( 'NONE', #347, 1.800000000000002931 ) ;
#354 = CARTESIAN_POINT ( 'NONE',  ( -115.1166611803236037, -50.94869420724489828, -574.6617305754599556 ) ) ;
#355 = EDGE_LOOP ( 'NONE', ( #844, #1451, #1391, #804 ) ) ;
#356 = EDGE_CURVE ( 'NONE', #2053, #741, #1284, .T. ) ;
#357 = ORIENTED_EDGE ( 'NONE', *, *, #1427, .F. ) ;
#358 = DIRECTION ( 'NONE',  ( 0.000000000000000000, 1.000000000000000000, -2.154890023034275324E-10 ) ) ;
#359 = DIRECTION ( 'NONE',  ( 0.4841580028070180952, 0.8749805873948971469, -8.424802147903282452E-11 ) ) ;
#360 = DIRECTION ( 'NONE',  ( -1.523480338816524636E-10, -0.7071067810342749338, 0.7071067813388199896 ) ) ;
#361 = DIRECTION ( 'NONE',  ( 2.154725578106990158E-10, -2.155142290122949986E-10, -1.000000000000000000 ) ) ;
#362 = DIRECTION ( 'NONE',  ( -1.000000000000000000, 0.000000000000000000, -2.155138812507683059E-10 ) ) ;
#363 = VERTEX_POINT ( 'NONE', #955 ) ;
#364 = EDGE_CURVE ( 'NONE', #1565, #1315, #1641, .T. ) ;
#365 = CYLINDRICAL_SURFACE ( 'NONE', #1898, 1.700000000000000178 ) ;
#366 = VECTOR ( 'NONE', #314, 1000.000000000000227 ) ;
#367 = EDGE_LOOP ( 'NONE', ( #1361, #1682 ) ) ;
#368 = LINE ( 'NONE', #852, #2037 ) ;
#369 = AXIS2_PLACEMENT_3D ( 'NONE', #294, #2033, #457 ) ;
#370 = EDGE_LOOP ( 'NONE', ( #1787, #1382 ) ) ;
#371 = CIRCLE ( 'NONE', #1564, 1.800000000000010036 ) ;
#372 = CARTESIAN_POINT ( 'NONE',  ( -274.8127619197865670, -52.65093649486159677, -574.2607305547389842 ) ) ;
#373 = VECTOR ( 'NONE', #733, 999.9999999999998863 ) ;
#374 = VECTOR ( 'NONE', #1534, 1000.000000000000000 ) ;
#375 = ORIENTED_EDGE ( 'NONE', *, *, #257, .F. ) ;
#376 = DIRECTION ( 'NONE',  ( 9.336511882261651867E-06, -0.7071067809896466327, 0.7071067813218095965 ) ) ;
#377 = CIRCLE ( 'NONE', #1541, 1.699999999999979305 ) ;
#378 = CARTESIAN_POINT ( 'NONE',  ( -317.6271632646329977, -39.53155125386210500, -582.6879612412410552 ) ) ;
#379 = EDGE_CURVE ( 'NONE', #1039, #856, #1293, .T. ) ;
#380 = LINE ( 'NONE', #1510, #1365 ) ;
#381 = CARTESIAN_POINT ( 'NONE',  ( -242.9706680422925729, -50.70033880691386230, -579.2620225141703258 ) ) ;
#382 = CARTESIAN_POINT ( 'NONE',  ( -234.9647114467909148, -52.50043776325478007, -574.2617305461853903 ) ) ;
#383 = DIRECTION ( 'NONE',  ( 0.0002385115379120958954, 0.9999999715561226354, 0.000000000000000000 ) ) ;
#384 = EDGE_LOOP ( 'NONE', ( #336, #1461, #1386, #152, #191 ) ) ;
#385 = DIRECTION ( 'NONE',  ( 2.154725578106989899E-10, -2.155142290122949986E-10, -1.000000000000000000 ) ) ;
#386 = ORIENTED_EDGE ( 'NONE', *, *, #24, .F. ) ;
#387 = LINE ( 'NONE', #863, #1660 ) ;
#388 = FACE_BOUND ( 'NONE', #105, .T. ) ;
#389 = ORIENTED_EDGE ( 'NONE', *, *, #601, .F. ) ;
#390 = CARTESIAN_POINT ( 'NONE',  ( -72.79626066706809695, -35.21521242145929875, -557.4027233322840402 ) ) ;
#391 = EDGE_CURVE ( 'NONE', #756, #2053, #1963, .T. ) ;
#392 = DIRECTION ( 'NONE',  ( -2.154728781336909992E-10, 2.155139259138739987E-10, 1.000000000000000000 ) ) ;
#393 = VERTEX_POINT ( 'NONE', #26 ) ;
#394 = ORIENTED_EDGE ( 'NONE', *, *, #1685, .F. ) ;
#395 = FACE_OUTER_BOUND ( 'NONE', #492, .T. ) ;
#396 = CARTESIAN_POINT ( 'NONE',  ( -122.9647120758825167, -52.49886446161544029, -574.2617305220527442 ) ) ;
#397 = ORIENTED_EDGE ( 'NONE', *, *, #497, .T. ) ;
#398 = DIRECTION ( 'NONE',  ( 1.000000000000000000, 0.000000000000000000, 0.000000000000000000 ) ) ;
#399 = DIRECTION ( 'NONE',  ( -0.7525978546458583773, -2.168506705572500734E-08, 0.6584804242970712096 ) ) ;
#400 = CONICAL_SURFACE ( 'NONE', #772, 1.700000000000000178, 0.7853981633976067078 ) ;
#401 = DIRECTION ( 'NONE',  ( 0.9999999999999996669, 2.899994230583329232E-08, 2.154725515607989476E-10 ) ) ;
#402 = AXIS2_PLACEMENT_3D ( 'NONE', #1658, #545, #1160 ) ;
#403 = EDGE_CURVE ( 'NONE', #442, #544, #993, .T. ) ;
#404 = ORIENTED_EDGE ( 'NONE', *, *, #1863, .F. ) ;
#405 = VECTOR ( 'NONE', #1918, 1000.000000000000227 ) ;
#406 = EDGE_CURVE ( 'NONE', #930, #1393, #1435, .T. ) ;
#407 = VECTOR ( 'NONE', #401, 999.9999999999998863 ) ;
#408 = FACE_OUTER_BOUND ( 'NONE', #453, .T. ) ;
#409 = DIRECTION ( 'NONE',  ( -0.2415786556741140179, -0.3407236011688200561, -0.9085962693788912636 ) ) ;
#410 =( GEOMETRIC_REPRESENTATION_CONTEXT ( 3 ) GLOBAL_UNCERTAINTY_ASSIGNED_CONTEXT ( ( #216 ) ) GLOBAL_UNIT_ASSIGNED_CONTEXT ( ( #271, #560, #886 ) ) REPRESENTATION_CONTEXT ( 'NONE', 'WORKASPACE' ) );
#411 = CARTESIAN_POINT ( 'NONE',  ( -74.60984996666049085, -56.43828154161140276, -579.2619943218929848 ) ) ;
#412 = ORIENTED_EDGE ( 'NONE', *, *, #298, .F. ) ;
#413 = VECTOR ( 'NONE', #279, 1000.000000000000114 ) ;
#414 = DIRECTION ( 'NONE',  ( 2.154725578106989899E-10, -2.155138812507639890E-10, -1.000000000000000000 ) ) ;
#415 = PLANE ( 'NONE',  #1763 ) ;
#416 = CARTESIAN_POINT ( 'NONE',  ( -273.9037090091579785, -50.95005183062400533, -579.2620225207809881 ) ) ;
#417 = EDGE_LOOP ( 'NONE', ( #23, #981 ) ) ;
#418 = EDGE_CURVE ( 'NONE', #428, #596, #387, .T. ) ;
#419 = ORIENTED_EDGE ( 'NONE', *, *, #445, .T. ) ;
#420 = DIRECTION ( 'NONE',  ( -2.154526557164030122E-10, 2.155138812507639890E-10, 1.000000000000000000 ) ) ;
#421 = EDGE_CURVE ( 'NONE', #114, #1412, #1398, .T. ) ;
#422 = ORIENTED_EDGE ( 'NONE', *, *, #1788, .F. ) ;
#423 = DIRECTION ( 'NONE',  ( 2.154725578106989899E-10, -2.155142290122949986E-10, -1.000000000000000000 ) ) ;
#424 = CARTESIAN_POINT ( 'NONE',  ( -211.4645596808670120, -60.00032531938420277, -577.4618041133120414 ) ) ;
#425 = DIRECTION ( 'NONE',  ( -2.154526557163435069E-10, 2.155138812507639890E-10, 1.000000000000000000 ) ) ;
#426 = PRESENTATION_STYLE_ASSIGNMENT (( #1837 ) ) ;
#427 = CARTESIAN_POINT ( 'NONE',  ( -178.4647732757350127, -44.99968142445654706, -574.2617305903910392 ) ) ;
#428 = VERTEX_POINT ( 'NONE', #1907 ) ;
#429 = EDGE_LOOP ( 'NONE', ( #2008, #478, #319, #412 ) ) ;
#430 = PLANE ( 'NONE',  #677 ) ;
#431 = DIRECTION ( 'NONE',  ( 0.000000000000000000, 1.000000000000000000, -2.154890023034254386E-10 ) ) ;
#432 = EDGE_CURVE ( 'NONE', #883, #1941, #1179, .T. ) ;
#433 = VERTEX_POINT ( 'NONE', #1977 ) ;
#434 = PLANE ( 'NONE',  #45 ) ;
#435 = DIRECTION ( 'NONE',  ( -2.154728781336909992E-10, 2.155139259138739987E-10, 1.000000000000000000 ) ) ;
#436 = CARTESIAN_POINT ( 'NONE',  ( -274.8127619192044904, -52.65093649593949721, -579.2620225206110263 ) ) ;
#437 = ORIENTED_EDGE ( 'NONE', *, *, #1035, .F. ) ;
#438 = DIRECTION ( 'NONE',  ( 0.000000000000000000, 1.000000000000000000, -2.155066248911289153E-10 ) ) ;
#439 = AXIS2_PLACEMENT_3D ( 'NONE', #1572, #941, #1894 ) ;
#440 = ORIENTED_EDGE ( 'NONE', *, *, #254, .T. ) ;
#441 = CARTESIAN_POINT ( 'NONE',  ( -234.9647114462521813, -54.30043776433241476, -579.2620225116694428 ) ) ;
#442 = VERTEX_POINT ( 'NONE', #1817 ) ;
#443 = VECTOR ( 'NONE', #919, 1000.000000000000000 ) ;
#444 = LINE ( 'NONE', #892, #1105 ) ;
#445 = EDGE_CURVE ( 'NONE', #1463, #1604, #1862, .T. ) ;
#446 = CIRCLE ( 'NONE', #869, 1.700000000000000178 ) ;
#447 = CIRCLE ( 'NONE', #1835, 1.800000000000002931 ) ;
#448 = FACE_OUTER_BOUND ( 'NONE', #900, .T. ) ;
#449 = ADVANCED_FACE ( 'NONE', ( #395 ), #1448, .T. ) ;
#450 = SURFACE_SIDE_STYLE ('',( #583 ) ) ;
#451 = VECTOR ( 'NONE', #1759, 1000.000000000000227 ) ;
#452 = ORIENTED_EDGE ( 'NONE', *, *, #14, .F. ) ;
#453 = EDGE_LOOP ( 'NONE', ( #452, #130, #1100, #1950 ) ) ;
#454 = CARTESIAN_POINT ( 'NONE',  ( -266.9647114436465927, -52.50088636087506444, -574.2617305530803833 ) ) ;
#455 = ORIENTED_EDGE ( 'NONE', *, *, #201, .F. ) ;
#456 = CYLINDRICAL_SURFACE ( 'NONE', #1495, 1.699999999999958433 ) ;
#457 = DIRECTION ( 'NONE',  ( 0.000000000000000000, 1.000000000000000000, -2.155138812507709425E-10 ) ) ;
#458 = CARTESIAN_POINT ( 'NONE',  ( -161.2724633182555181, -56.43803984560819487, -579.2619796726630739 ) ) ;
#459 = CARTESIAN_POINT ( 'NONE',  ( -297.0886347781510040, -56.51353270624360192, -582.6620225245779920 ) ) ;
#460 = EDGE_CURVE ( 'NONE', #914, #1974, #1959, .T. ) ;
#461 = ORIENTED_EDGE ( 'NONE', *, *, #1887, .F. ) ;
#462 = EDGE_LOOP ( 'NONE', ( #1032, #1876, #1131, #6 ) ) ;
#463 = CARTESIAN_POINT ( 'NONE',  ( -274.3566413007055189, -52.58860373376059982, -579.2620084433270904 ) ) ;
#464 = ORIENTED_EDGE ( 'NONE', *, *, #242, .F. ) ;
#465 = DIRECTION ( 'NONE',  ( -1.557347723589595477E-05, 0.000000000000000000, 0.9999999998787334476 ) ) ;
#466 = DIRECTION ( 'NONE',  ( 0.000000000000000000, 1.000000000000000000, -2.155066248911272609E-10 ) ) ;
#467 = DIRECTION ( 'NONE',  ( 2.154725578106990158E-10, -2.155142290122949728E-10, -1.000000000000000000 ) ) ;
#468 = DIRECTION ( 'NONE',  ( -2.154526557163435069E-10, 2.155138812507639890E-10, 1.000000000000000000 ) ) ;
#469 = DIRECTION ( 'NONE',  ( 2.154725578106989899E-10, -2.154890023034254903E-10, -1.000000000000000000 ) ) ;
#470 = LINE ( 'NONE', #315, #1770 ) ;
#471 = DIRECTION ( 'NONE',  ( -2.154526557163435069E-10, 2.155138812507639890E-10, 1.000000000000000000 ) ) ;
#472 = ORIENTED_EDGE ( 'NONE', *, *, #190, .T. ) ;
#473 = ADVANCED_FACE ( 'NONE', ( #1491 ), #75, .T. ) ;
#474 = ORIENTED_EDGE ( 'NONE', *, *, #2020, .F. ) ;
#475 = DIRECTION ( 'NONE',  ( 0.000000000000000000, 1.000000000000000000, -2.155066248911272609E-10 ) ) ;
#476 = ADVANCED_FACE ( 'NONE', ( #1 ), #1807, .F. ) ;
#477 = LINE ( 'NONE', #1709, #575 ) ;
#478 = ORIENTED_EDGE ( 'NONE', *, *, #727, .T. ) ;
#479 = AXIS2_PLACEMENT_3D ( 'NONE', #951, #21, #801 ) ;
#480 = VECTOR ( 'NONE', #751, 1000.000000000000114 ) ;
#481 = DIRECTION ( 'NONE',  ( 0.000000000000000000, 1.000000000000000000, -2.155066248911272609E-10 ) ) ;
#482 = MECHANICAL_DESIGN_GEOMETRIC_PRESENTATION_REPRESENTATION (  '', ( #107 ), #838 ) ;
#483 = ORIENTED_EDGE ( 'NONE', *, *, #1671, .T. ) ;
#484 = ORIENTED_EDGE ( 'NONE', *, *, #1077, .F. ) ;
#485 = CARTESIAN_POINT ( 'NONE',  ( -274.8127619196999945, -50.95093649494809540, -574.6617306098689824 ) ) ;
#486 = EDGE_CURVE ( 'NONE', #1026, #129, #1122, .T. ) ;
#487 = ORIENTED_EDGE ( 'NONE', *, *, #1902, .F. ) ;
#488 = EDGE_CURVE ( 'NONE', #101, #1941, #1561, .T. ) ;
#489 = DIRECTION ( 'NONE',  ( -1.000000000000000000, 2.154931898490250013E-10, -2.154725578571409937E-10 ) ) ;
#490 = DIRECTION ( 'NONE',  ( -2.154526557164030122E-10, 2.155138812507639890E-10, 1.000000000000000000 ) ) ;
#491 = ORIENTED_EDGE ( 'NONE', *, *, #882, .F. ) ;
#492 = EDGE_LOOP ( 'NONE', ( #874, #1870, #135, #1096, #1686, #514, #986 ) ) ;
#493 = CARTESIAN_POINT ( 'NONE',  ( -178.4645615616360033, -59.99986143092429813, -575.2617305871590361 ) ) ;
#494 = VERTEX_POINT ( 'NONE', #723 ) ;
#495 = LINE ( 'NONE', #985, #973 ) ;
#496 = CARTESIAN_POINT ( 'NONE',  ( -297.0886347799610121, -56.51353270443330246, -574.2617587682340172 ) ) ;
#497 = EDGE_CURVE ( 'NONE', #1672, #1565, #277, .T. ) ;
#498 = CARTESIAN_POINT ( 'NONE',  ( -122.9647120753437974, -54.29886446269306077, -579.2619943327733836 ) ) ;
#499 = DIRECTION ( 'NONE',  ( 0.000000000000000000, 1.000000000000000000, -2.155066248911289153E-10 ) ) ;
#500 = DIRECTION ( 'NONE',  ( 2.154931898954540029E-10, 1.000000000000000000, -2.154716330402139405E-10 ) ) ;
#501 = ORIENTED_EDGE ( 'NONE', *, *, #1113, .T. ) ;
#502 = ORIENTED_EDGE ( 'NONE', *, *, #1005, .F. ) ;
#503 = DIRECTION ( 'NONE',  ( -1.523480338816635013E-10, -0.7071067810342130944, 0.7071067813388820511 ) ) ;
#504 = ORIENTED_EDGE ( 'NONE', *, *, #1979, .F. ) ;
#505 = CYLINDRICAL_SURFACE ( 'NONE', #810, 1.799999999999989164 ) ;
#506 = VECTOR ( 'NONE', #676, 1000.000000000000227 ) ;
#507 = EDGE_CURVE ( 'NONE', #1974, #914, #1028, .T. ) ;
#508 = DIRECTION ( 'NONE',  ( -2.154725578106989899E-10, 2.155027675033955025E-10, 1.000000000000000000 ) ) ;
#509 = CARTESIAN_POINT ( 'NONE',  ( -143.0102963039531971, -44.99968143323869896, -579.2619943390959634 ) ) ;
#510 = CIRCLE ( 'NONE', #1701, 1.700000000000000178 ) ;
#511 = VERTEX_POINT ( 'NONE', #1373 ) ;
#512 = ADVANCED_FACE ( 'NONE', ( #906 ), #671, .F. ) ;
#513 = AXIS2_PLACEMENT_3D ( 'NONE', #120, #2036, #761 ) ;
#514 = ORIENTED_EDGE ( 'NONE', *, *, #994, .F. ) ;
#515 = VERTEX_POINT ( 'NONE', #1540 ) ;
#516 = CARTESIAN_POINT ( 'NONE',  ( -234.9647114457134762, -50.70043776433241334, -579.2620225124452418 ) ) ;
#517 = DIRECTION ( 'NONE',  ( 1.405721186614280501E-05, -0.9999999999011973673, 2.152999917971110693E-10 ) ) ;
#518 = APPLICATION_PROTOCOL_DEFINITION ( 'draft international standard', 'automotive_design', 1998, #1479 ) ;
#519 = DIRECTION ( 'NONE',  ( -8.533901373467646621E-07, 2.035433998871550907E-10, 0.9999999999996358468 ) ) ;
#520 = ADVANCED_FACE ( 'NONE', ( #94 ), #1551, .F. ) ;
#521 = ORIENTED_EDGE ( 'NONE', *, *, #1937, .T. ) ;
#522 = ORIENTED_EDGE ( 'NONE', *, *, #1924, .T. ) ;
#523 = LINE ( 'NONE', #1155, #1165 ) ;
#524 = ORIENTED_EDGE ( 'NONE', *, *, #1148, .F. ) ;
#525 = CARTESIAN_POINT ( 'NONE',  ( -178.4645764722384911, -58.99986143071169664, -574.2617305873740179 ) ) ;
#526 = EDGE_LOOP ( 'NONE', ( #1249, #264 ) ) ;
#527 = ADVANCED_FACE ( 'NONE', ( #115 ), #1358, .F. ) ;
#528 = ORIENTED_EDGE ( 'NONE', *, *, #36, .T. ) ;
#529 = CARTESIAN_POINT ( 'NONE',  ( -242.9706680422925729, -52.50033880691385946, -579.2620225137824264 ) ) ;
#530 = FACE_OUTER_BOUND ( 'NONE', #1440, .T. ) ;
#531 = EDGE_LOOP ( 'NONE', ( #1815, #598, #1177, #345 ) ) ;
#532 = DIRECTION ( 'NONE',  ( -0.7068447698270162727, -0.01928729008958980987, 0.7071057005916390192 ) ) ;
#533 = AXIS2_PLACEMENT_3D ( 'NONE', #258, #885, #875 ) ;
#534 = CARTESIAN_POINT ( 'NONE',  ( -75.94333261711669536, -47.37078326468729728, -579.2619943241340934 ) ) ;
#535 = AXIS2_PLACEMENT_3D ( 'NONE', #1916, #712, #499 ) ;
#536 = CARTESIAN_POINT ( 'NONE',  ( -317.5904363821319407, -57.71374538508629826, -582.6620225287369976 ) ) ;
#537 = FILL_AREA_STYLE ('',( #1329 ) ) ;
#538 = DIRECTION ( 'NONE',  ( -9.336511881445083306E-06, 0.7071067809348826616, -0.7071067813765736787 ) ) ;
#539 = DIRECTION ( 'NONE',  ( -2.154725578106989899E-10, 2.155138812507709942E-10, 1.000000000000000000 ) ) ;
#540 = AXIS2_PLACEMENT_3D ( 'NONE', #620, #942, #1124 ) ;
#541 = VERTEX_POINT ( 'NONE', #757 ) ;
#542 = VECTOR ( 'NONE', #409, 1000.000000000000000 ) ;
#543 = VECTOR ( 'NONE', #686, 1000.000000000000114 ) ;
#544 = VERTEX_POINT ( 'NONE', #1208 ) ;
#545 = DIRECTION ( 'NONE',  ( 2.154725578106989899E-10, -2.155142290122949986E-10, -1.000000000000000000 ) ) ;
#546 = CIRCLE ( 'NONE', #842, 2.100000000000074252 ) ;
#547 = EDGE_CURVE ( 'NONE', #544, #576, #915, .T. ) ;
#548 = ORIENTED_EDGE ( 'NONE', *, *, #203, .F. ) ;
#549 = CARTESIAN_POINT ( 'NONE',  ( -273.9037090091575237, -50.95005183062389875, -579.2619943660180297 ) ) ;
#550 = DIRECTION ( 'NONE',  ( 0.000000000000000000, 1.000000000000000000, -2.155027675033954766E-10 ) ) ;
#551 = CARTESIAN_POINT ( 'NONE',  ( -115.1166611803236037, -49.24869420724489544, -574.6617305758260272 ) ) ;
#552 = ORIENTED_EDGE ( 'NONE', *, *, #9, .T. ) ;
#553 = ORIENTED_EDGE ( 'NONE', *, *, #1820, .F. ) ;
#554 = DIRECTION ( 'NONE',  ( 0.000000000000000000, 1.000000000000000000, -2.155027675033954766E-10 ) ) ;
#555 = LINE ( 'NONE', #1180, #1067 ) ;
#556 = VERTEX_POINT ( 'NONE', #125 ) ;
#557 = EDGE_CURVE ( 'NONE', #142, #1621, #2028, .T. ) ;
#558 = DIRECTION ( 'NONE',  ( -1.000000000000000000, 0.000000000000000000, -7.901210637445780018E-10 ) ) ;
#559 = ADVANCED_FACE ( 'NONE', ( #578 ), #1987, .F. ) ;
#560 =( NAMED_UNIT ( * ) PLANE_ANGLE_UNIT ( ) SI_UNIT ( $, .RADIAN. ) );
#561 = VERTEX_POINT ( 'NONE', #765 ) ;
#562 = VERTEX_POINT ( 'NONE', #872 ) ;
#563 = UNCERTAINTY_MEASURE_WITH_UNIT (LENGTH_MEASURE( 1.000000000000000082E-05 ), #1756, 'distance_accuracy_value', 'NONE');
#564 = CARTESIAN_POINT ( 'NONE',  ( -266.9647114436465927, -54.30088636087507581, -574.2617305526924838 ) ) ;
#565 = ORIENTED_EDGE ( 'NONE', *, *, #418, .F. ) ;
#566 = FACE_OUTER_BOUND ( 'NONE', #1323, .T. ) ;
#567 = ADVANCED_FACE ( 'NONE', ( #408 ), #570, .F. ) ;
#568 = PLANE ( 'NONE',  #1860 ) ;
#569 = CIRCLE ( 'NONE', #1526, 1.800000000000010036 ) ;
#570 = CONICAL_SURFACE ( 'NONE', #1796, 1.700000000000000178, 0.7853981633977091814 ) ;
#571 = EDGE_CURVE ( 'NONE', #576, #561, #1493, .T. ) ;
#572 = EDGE_LOOP ( 'NONE', ( #299, #553, #1882, #1593 ) ) ;
#573 =( NAMED_UNIT ( * ) SI_UNIT ( $, .STERADIAN. ) SOLID_ANGLE_UNIT ( ) );
#574 = AXIS2_PLACEMENT_3D ( 'NONE', #774, #659, #1404 ) ;
#575 = VECTOR ( 'NONE', #143, 1000.000000000000000 ) ;
#576 = VERTEX_POINT ( 'NONE', #263 ) ;
#577 = CARTESIAN_POINT ( 'NONE',  ( -313.4096674080419689, -49.55325710493829661, -581.9549349530150266 ) ) ;
#578 = FACE_OUTER_BOUND ( 'NONE', #680, .T. ) ;
#579 =( GEOMETRIC_REPRESENTATION_CONTEXT ( 3 ) GLOBAL_UNCERTAINTY_ASSIGNED_CONTEXT ( ( #563 ) ) GLOBAL_UNIT_ASSIGNED_CONTEXT ( ( #1756, #178, #573 ) ) REPRESENTATION_CONTEXT ( 'NONE', 'WORKASPACE' ) );
#580 = ORIENTED_EDGE ( 'NONE', *, *, #267, .F. ) ;
#581 = CARTESIAN_POINT ( 'NONE',  ( -227.3127658293715001, -49.25027015492489824, -574.6617587547649464 ) ) ;
#582 = FACE_OUTER_BOUND ( 'NONE', #1272, .T. ) ;
#583 = SURFACE_STYLE_FILL_AREA ( #297 ) ;
#584 = LINE ( 'NONE', #427, #1872 ) ;
#585 = EDGE_LOOP ( 'NONE', ( #960, #1769, #1345, #464 ) ) ;
#586 = DIRECTION ( 'NONE',  ( 2.154725578106989899E-10, -2.154890023034175028E-10, -1.000000000000000000 ) ) ;
#587 = EDGE_CURVE ( 'NONE', #1846, #868, #2019, .T. ) ;
#588 = ORIENTED_EDGE ( 'NONE', *, *, #717, .F. ) ;
#589 = DIRECTION ( 'NONE',  ( -0.4278612065195269709, 0.000000000000000000, 0.9038444489820439687 ) ) ;
#590 = CARTESIAN_POINT ( 'NONE',  ( -72.30413558771260796, -57.71328154284089607, -582.6619943211210284 ) ) ;
#591 = ORIENTED_EDGE ( 'NONE', *, *, #218, .T. ) ;
#592 = CARTESIAN_POINT ( 'NONE',  ( -227.3127658288754844, -52.65027015492500340, -574.6617587540318937 ) ) ;
#593 =( NAMED_UNIT ( * ) PLANE_ANGLE_UNIT ( ) SI_UNIT ( $, .RADIAN. ) );
#594 = CARTESIAN_POINT ( 'NONE',  ( -161.2724315767594874, -58.99961975708849593, -574.2617159157670130 ) ) ;
#595 = LINE ( 'NONE', #876, #1195 ) ;
#596 = VERTEX_POINT ( 'NONE', #744 ) ;
#597 = DIRECTION ( 'NONE',  ( 0.000000000000000000, 1.000000000000000000, -2.154890023034175804E-10 ) ) ;
#598 = ORIENTED_EDGE ( 'NONE', *, *, #696, .F. ) ;
#599 = FACE_OUTER_BOUND ( 'NONE', #1118, .T. ) ;
#600 = DIRECTION ( 'NONE',  ( 2.154725578106990158E-10, -2.155142290122949728E-10, -1.000000000000000000 ) ) ;
#601 = EDGE_CURVE ( 'NONE', #908, #1466, #2012, .T. ) ;
#602 = ORIENTED_EDGE ( 'NONE', *, *, #1947, .T. ) ;
#603 = EDGE_CURVE ( 'NONE', #1410, #888, #899, .T. ) ;
#604 = DIRECTION ( 'NONE',  ( 2.154725578106990158E-10, -2.155142290122949986E-10, -1.000000000000000000 ) ) ;
#605 = FILL_AREA_STYLE_COLOUR ( '', #1965 ) ;
#606 = DIRECTION ( 'NONE',  ( 2.899994230578748967E-08, -0.9999999999999995559, 2.129559836555589061E-10 ) ) ;
#607 = VERTEX_POINT ( 'NONE', #86 ) ;
#608 = CIRCLE ( 'NONE', #439, 1.799999999999996048 ) ;
#609 = CARTESIAN_POINT ( 'NONE',  ( -162.6166650800889784, -52.64936258530440227, -579.2619943416730166 ) ) ;
#610 = VERTEX_POINT ( 'NONE', #590 ) ;
#611 = CARTESIAN_POINT ( 'NONE',  ( -310.9969793976770234, -57.90268018420049856, -573.1641107502290424 ) ) ;
#612 = VECTOR ( 'NONE', #1858, 1000.000000000000114 ) ;
#613 = VECTOR ( 'NONE', #1419, 1000.000000000000000 ) ;
#614 = EDGE_LOOP ( 'NONE', ( #92, #1012, #1271, #256 ) ) ;
#615 = CARTESIAN_POINT ( 'NONE',  ( -78.90731190902650383, -58.99985854355670511, -574.2617305659219937 ) ) ;
#616 = VECTOR ( 'NONE', #1380, 1000.000000000000000 ) ;
#617 = EDGE_CURVE ( 'NONE', #393, #1062, #1095, .T. ) ;
#618 = CARTESIAN_POINT ( 'NONE',  ( -146.9586680518021637, -52.49898636154105702, -579.2619943383313057 ) ) ;
#619 = LINE ( 'NONE', #2014, #205 ) ;
#620 = CARTESIAN_POINT ( 'NONE',  ( -273.9037090121800020, -50.95005182760090179, -565.2347256257190793 ) ) ;
#621 = ORIENTED_EDGE ( 'NONE', *, *, #300, .F. ) ;
#622 = VERTEX_POINT ( 'NONE', #441 ) ;
#623 = FACE_OUTER_BOUND ( 'NONE', #321, .T. ) ;
#624 = EDGE_LOOP ( 'NONE', ( #1919, #952 ) ) ;
#625 = CARTESIAN_POINT ( 'NONE',  ( -274.8127619187085315, -50.95093649593950147, -579.2620225209780074 ) ) ;
#626 = LINE ( 'NONE', #1414, #1460 ) ;
#627 = EDGE_CURVE ( 'NONE', #541, #556, #104, .T. ) ;
#628 = CARTESIAN_POINT ( 'NONE',  ( -115.1166611803236037, -50.94869420724489828, -574.6617305754599556 ) ) ;
#629 = ORIENTED_EDGE ( 'NONE', *, *, #1722, .F. ) ;
#630 = EDGE_CURVE ( 'NONE', #1279, #199, #1163, .T. ) ;
#631 = CARTESIAN_POINT ( 'NONE',  ( -115.1166611803236037, -52.64869420724490112, -574.6617305750929745 ) ) ;
#632 = VERTEX_POINT ( 'NONE', #1108 ) ;
#633 = CARTESIAN_POINT ( 'NONE',  ( -273.9037090102349907, -47.75852361056679740, -574.2617587651250233 ) ) ;
#634 = CARTESIAN_POINT ( 'NONE',  ( -122.8292735941421938, -59.99985980928720153, -536.6770708869039481 ) ) ;
#635 = ORIENTED_EDGE ( 'NONE', *, *, #488, .T. ) ;
#636 = EDGE_CURVE ( 'NONE', #756, #1216, #1280, .T. ) ;
#637 = PLANE ( 'NONE',  #134 ) ;
#638 = AXIS2_PLACEMENT_3D ( 'NONE', #1983, #1167, #1183 ) ;
#639 = VECTOR ( 'NONE', #1217, 999.9999999999998863 ) ;
#640 = ORIENTED_EDGE ( 'NONE', *, *, #1174, .T. ) ;
#641 = AXIS2_PLACEMENT_3D ( 'NONE', #628, #471, #1240 ) ;
#642 = CARTESIAN_POINT ( 'NONE',  ( -161.2724166661574827, -59.99961975730109742, -575.2617159155520312 ) ) ;
#643 = PRODUCT ( 'Front_Rear_Skirt_Accent', 'Front_Rear_Skirt_Accent', '', ( #63 ) ) ;
#644 = DIRECTION ( 'NONE',  ( -0.02727630576398288806, 0.9996279323547685447, -2.213113385111838857E-10 ) ) ;
#645 = VECTOR ( 'NONE', #719, 1000.000000000000000 ) ;
#646 = DIRECTION ( 'NONE',  ( 0.000000000000000000, 1.000000000000000000, -2.154890023034296779E-10 ) ) ;
#647 = CARTESIAN_POINT ( 'NONE',  ( -227.3127658293715001, -50.95027015492500055, -574.6617587543979653 ) ) ;
#648 = DIRECTION ( 'NONE',  ( 2.035369375167888114E-08, -0.7071067810350428751, 0.7071067813380519373 ) ) ;
#649 = ORIENTED_EDGE ( 'NONE', *, *, #1506, .T. ) ;
#650 = VECTOR ( 'NONE', #489, 1000.000000000000000 ) ;
#651 = DIRECTION ( 'NONE',  ( -0.4841799247922041194, 0.8749684568189960432, -2.928956392169910985E-10 ) ) ;
#652 = ADVANCED_FACE ( 'NONE', ( #623 ), #1585, .F. ) ;
#653 = VERTEX_POINT ( 'NONE', #154 ) ;
#654 = CARTESIAN_POINT ( 'NONE',  ( -242.6782867255784879, -57.71328150612639263, -582.6619943578319862 ) ) ;
#655 = DIRECTION ( 'NONE',  ( -0.8418524237234019658, 0.3816310245339949447, -0.3816310492925949482 ) ) ;
#656 = CARTESIAN_POINT ( 'NONE',  ( -272.2037090091580467, -50.95005183062400533, -579.2620225204150302 ) ) ;
#657 = LINE ( 'NONE', #39, #506 ) ;
#658 = ORIENTED_EDGE ( 'NONE', *, *, #1517, .T. ) ;
#659 = DIRECTION ( 'NONE',  ( 1.405721186612140726E-05, -0.9999999999011974783, 2.403751559726753518E-10 ) ) ;
#660 = EDGE_CURVE ( 'NONE', #1941, #101, #1130, .T. ) ;
#661 = EDGE_LOOP ( 'NONE', ( #474, #1861 ) ) ;
#662 = DIRECTION ( 'NONE',  ( -0.9999999999008332141, -1.405721186632142393E-05, -8.533901344011961531E-07 ) ) ;
#663 = FACE_BOUND ( 'NONE', #1050, .T. ) ;
#664 = EDGE_CURVE ( 'NONE', #868, #1306, #145, .T. ) ;
#665 = DIRECTION ( 'NONE',  ( 0.4841580028807369596, 0.8749805873541059986, 0.000000000000000000 ) ) ;
#666 = ORIENTED_EDGE ( 'NONE', *, *, #752, .T. ) ;
#667 = CARTESIAN_POINT ( 'NONE',  ( -266.9647114425691825, -52.50088636195269487, -579.2620225189524490 ) ) ;
#668 = ORIENTED_EDGE ( 'NONE', *, *, #713, .F. ) ;
#669 = FACE_OUTER_BOUND ( 'NONE', #1522, .T. ) ;
#670 = VECTOR ( 'NONE', #1511, 1000.000000000000000 ) ;
#671 = CONICAL_SURFACE ( 'NONE', #1528, 1.699999999999979305, 0.7853981633976837573 ) ;
#672 = VECTOR ( 'NONE', #644, 1000.000000000000000 ) ;
#673 = CARTESIAN_POINT ( 'NONE',  ( -313.6659264856339746, -49.41145980674090055, -581.2478473765210083 ) ) ;
#674 = ADVANCED_FACE ( 'NONE', ( #163 ), #637, .F. ) ;
#675 = CIRCLE ( 'NONE', #1135, 1.699999999999958433 ) ;
#676 = DIRECTION ( 'NONE',  ( 0.4841799247922041194, -0.8749684568189960432, 2.928956392169910985E-10 ) ) ;
#677 = AXIS2_PLACEMENT_3D ( 'NONE', #1694, #276, #1251 ) ;
#678 = VECTOR ( 'NONE', #1960, 999.9999999999998863 ) ;
#679 = DIRECTION ( 'NONE',  ( 0.000000000000000000, 1.000000000000000000, -2.155138812507656692E-10 ) ) ;
#680 = EDGE_LOOP ( 'NONE', ( #62, #1400, #681, #1480 ) ) ;
#681 = ORIENTED_EDGE ( 'NONE', *, *, #1206, .T. ) ;
#682 = FACE_OUTER_BOUND ( 'NONE', #887, .T. ) ;
#683 = CARTESIAN_POINT ( 'NONE',  ( -288.5228585851750154, -60.00032755496489756, -581.6620225219809299 ) ) ;
#684 = EDGE_CURVE ( 'NONE', #1933, #914, #1732, .T. ) ;
#685 = DIRECTION ( 'NONE',  ( 0.000000000000000000, -1.000000000000000000, 2.155142290122949986E-10 ) ) ;
#686 = DIRECTION ( 'NONE',  ( -0.7526016653955852620, -2.196563125665880264E-08, -0.6584760688466900769 ) ) ;
#687 = EDGE_CURVE ( 'NONE', #1478, #908, #1745, .T. ) ;
#688 = ORIENTED_EDGE ( 'NONE', *, *, #752, .F. ) ;
#689 = CARTESIAN_POINT ( 'NONE',  ( -255.5228585898260292, -59.99986366561030593, -575.2617306037631124 ) ) ;
#690 = ORIENTED_EDGE ( 'NONE', *, *, #1005, .T. ) ;
#691 = CARTESIAN_POINT ( 'NONE',  ( 0.000000000000000000, 0.000000000000000000, 0.000000000000000000 ) ) ;
#692 = LINE ( 'NONE', #1981, #1703 ) ;
#693 = CARTESIAN_POINT ( 'NONE',  ( -115.1166611803236037, -50.94869420724489828, -574.6617305754599556 ) ) ;
#694 = DIRECTION ( 'NONE',  ( 2.154725578106989899E-10, -2.155142290122949986E-10, -1.000000000000000000 ) ) ;
#695 = ORIENTED_EDGE ( 'NONE', *, *, #1557, .T. ) ;
#696 = EDGE_CURVE ( 'NONE', #1536, #515, #945, .T. ) ;
#697 = ORIENTED_EDGE ( 'NONE', *, *, #1736, .T. ) ;
#698 = DIRECTION ( 'NONE',  ( 0.7072381944138870224, -3.047381463201549070E-10, -0.7069753435319968693 ) ) ;
#699 = DIRECTION ( 'NONE',  ( 0.000000000000000000, -1.000000000000000000, 2.155142290122949986E-10 ) ) ;
#700 = CARTESIAN_POINT ( 'NONE',  ( -162.6166650806709981, -49.24936258422649615, -574.2607305312959625 ) ) ;
#701 = CARTESIAN_POINT ( 'NONE',  ( -273.9037090102349907, -50.95005182954640333, -574.2617587644369905 ) ) ;
#702 = AXIS2_PLACEMENT_3D ( 'NONE', #808, #490, #183 ) ;
#703 = CARTESIAN_POINT ( 'NONE',  ( -162.6166650806709981, -52.64936258422650184, -574.2607305305640466 ) ) ;
#704 = FACE_OUTER_BOUND ( 'NONE', #1127, .T. ) ;
#705 = CARTESIAN_POINT ( 'NONE',  ( -306.4588345688800359, -59.06075270678599765, -570.2705957515249793 ) ) ;
#706 = VECTOR ( 'NONE', #1700, 1000.000000000000227 ) ;
#707 = VERTEX_POINT ( 'NONE', #1119 ) ;
#708 = CONICAL_SURFACE ( 'NONE', #1498, 1.699999999999979305, 0.7853981633976837573 ) ;
#709 = CIRCLE ( 'NONE', #176, 1.700000000000000178 ) ;
#710 = ORIENTED_EDGE ( 'NONE', *, *, #1304, .T. ) ;
#711 = DIRECTION ( 'NONE',  ( -1.000000000000000000, 2.154931898490250013E-10, -2.154725578571409937E-10 ) ) ;
#712 = DIRECTION ( 'NONE',  ( 2.154725578106989899E-10, -2.155142290122949986E-10, -1.000000000000000000 ) ) ;
#713 = EDGE_CURVE ( 'NONE', #1576, #31, #1895, .T. ) ;
#714 = PLANE ( 'NONE',  #1832 ) ;
#715 = AXIS2_PLACEMENT_3D ( 'NONE', #816, #1914, #1935 ) ;
#716 = ORIENTED_EDGE ( 'NONE', *, *, #323, .T. ) ;
#717 = EDGE_CURVE ( 'NONE', #1288, #1755, #1767, .T. ) ;
#718 = DIRECTION ( 'NONE',  ( -0.9999999999128295070, 0.000000000000000000, 1.320382172329783354E-05 ) ) ;
#719 = DIRECTION ( 'NONE',  ( 1.054338778874263941E-05, -0.7071067812985979417, -0.7071067809958929695 ) ) ;
#720 = ORIENTED_EDGE ( 'NONE', *, *, #664, .F. ) ;
#721 = CYLINDRICAL_SURFACE ( 'NONE', #1071, 1.799999999999989164 ) ;
#722 = LINE ( 'NONE', #372, #73 ) ;
#723 = CARTESIAN_POINT ( 'NONE',  ( -314.0507413123340257, -45.00014529148350562, -579.2620225307140345 ) ) ;
#724 = DIRECTION ( 'NONE',  ( -0.9999999999999995559, -2.878446975418013891E-08, 0.000000000000000000 ) ) ;
#725 = CARTESIAN_POINT ( 'NONE',  ( -146.9586680528795739, -52.49898636046342659, -574.2617304828050919 ) ) ;
#726 = EDGE_LOOP ( 'NONE', ( #28, #1078, #1190, #800 ) ) ;
#727 = EDGE_CURVE ( 'NONE', #233, #653, #1556, .T. ) ;
#728 = FACE_BOUND ( 'NONE', #1307, .T. ) ;
#729 = CARTESIAN_POINT ( 'NONE',  ( -146.9586680528795739, -52.49898636046342659, -574.2617304828050919 ) ) ;
#730 = ORIENTED_EDGE ( 'NONE', *, *, #379, .T. ) ;
#731 = ORIENTED_EDGE ( 'NONE', *, *, #1098, .F. ) ;
#732 = DIRECTION ( 'NONE',  ( -1.000000000000000000, 4.081702296416066484E-15, -2.154485740140256557E-10 ) ) ;
#733 = DIRECTION ( 'NONE',  ( -0.4841580028070177066, -0.8749805873948975909, 8.424800344378805702E-11 ) ) ;
#734 = ORIENTED_EDGE ( 'NONE', *, *, #1150, .T. ) ;
#735 = DIRECTION ( 'NONE',  ( 0.000000000000000000, 0.000000000000000000, 1.000000000000000000 ) ) ;
#736 = CARTESIAN_POINT ( 'NONE',  ( -154.9647120721793954, -54.29931448696981278, -579.2619943396683766 ) ) ;
#737 = AXIS2_PLACEMENT_3D ( 'NONE', #1157, #197, #19 ) ;
#738 = EDGE_CURVE ( 'NONE', #1565, #1026, #12, .T. ) ;
#739 = DIRECTION ( 'NONE',  ( 0.02724824829157359088, 0.9996286975497656879, -2.095629582957559331E-10 ) ) ;
#740 = AXIS2_PLACEMENT_3D ( 'NONE', #1346, #1187, #1826 ) ;
#741 = VERTEX_POINT ( 'NONE', #493 ) ;
#742 = AXIS2_PLACEMENT_3D ( 'NONE', #272, #1535, #111 ) ;
#743 = STYLED_ITEM ( 'NONE', ( #426 ), #1092 ) ;
#744 = CARTESIAN_POINT ( 'NONE',  ( -211.4647732724625087, -45.00014531244809746, -574.2617587522660187 ) ) ;
#745 = CONICAL_SURFACE ( 'NONE', #940, 1.700000000000000178, 0.7853981633977091814 ) ;
#746 = LINE ( 'NONE', #1859, #413 ) ;
#747 = EDGE_LOOP ( 'NONE', ( #1830, #472 ) ) ;
#748 = CYLINDRICAL_SURFACE ( 'NONE', #1596, 1.700000000000000178 ) ;
#749 = APPLICATION_CONTEXT ( 'automotive_design' ) ;
#750 = AXIS2_PLACEMENT_3D ( 'NONE', #33, #1112, #329 ) ;
#751 = DIRECTION ( 'NONE',  ( 0.6992043150349158687, -0.1704887519896309545, 0.6942959824754657561 ) ) ;
#752 = EDGE_CURVE ( 'NONE', #302, #318, #1757, .T. ) ;
#753 = FACE_OUTER_BOUND ( 'NONE', #429, .T. ) ;
#754 = ORIENTED_EDGE ( 'NONE', *, *, #1237, .F. ) ;
#755 = ADVANCED_FACE ( 'NONE', ( #179 ), #813, .F. ) ;
#756 = VERTEX_POINT ( 'NONE', #2040 ) ;
#757 = CARTESIAN_POINT ( 'NONE',  ( -274.8127619192044904, -52.65093649494809824, -574.6617306095030244 ) ) ;
#758 = VERTEX_POINT ( 'NONE', #1243 ) ;
#759 = DIRECTION ( 'NONE',  ( -1.054338778801803152E-05, 0.7071067812437205058, 0.7071067810507705165 ) ) ;
#760 = LINE ( 'NONE', #458, #366 ) ;
#761 = DIRECTION ( 'NONE',  ( 0.000000000000000000, 1.000000000000000000, -2.155066248911272609E-10 ) ) ;
#762 = DIRECTION ( 'NONE',  ( 2.154725578106990158E-10, -2.155142290122949986E-10, -1.000000000000000000 ) ) ;
#763 = FACE_OUTER_BOUND ( 'NONE', #979, .T. ) ;
#764 = EDGE_LOOP ( 'NONE', ( #437, #1962, #1569, #311 ) ) ;
#765 = CARTESIAN_POINT ( 'NONE',  ( -162.6166650806704865, -53.04936258422679884, -574.2617305852420486 ) ) ;
#766 = EDGE_CURVE ( 'NONE', #1478, #180, #1721, .T. ) ;
#767 = EDGE_LOOP ( 'NONE', ( #1909, #720, #487, #1563 ) ) ;
#768 = CARTESIAN_POINT ( 'NONE',  ( -162.6166650806709981, -50.94936258422649900, -574.2607305309300045 ) ) ;
#769 = LINE ( 'NONE', #2035, #1823 ) ;
#770 = VECTOR ( 'NONE', #1256, 1000.000000000000114 ) ;
#771 = ORIENTED_EDGE ( 'NONE', *, *, #1239, .F. ) ;
#772 = AXIS2_PLACEMENT_3D ( 'NONE', #1843, #425, #1970 ) ;
#773 = ORIENTED_EDGE ( 'NONE', *, *, #1467, .T. ) ;
#774 = CARTESIAN_POINT ( 'NONE',  ( -161.2726241130805249, -44.99943975197524537, -579.2619796751289414 ) ) ;
#775 = AXIS2_PLACEMENT_3D ( 'NONE', #1881, #1260, #475 ) ;
#776 = AXIS2_PLACEMENT_3D ( 'NONE', #382, #1057, #1836 ) ;
#777 = EDGE_CURVE ( 'NONE', #1178, #494, #1134, .T. ) ;
#778 = ORIENTED_EDGE ( 'NONE', *, *, #1644, .T. ) ;
#779 = VECTOR ( 'NONE', #166, 1000.000000000000000 ) ;
#780 = EDGE_CURVE ( 'NONE', #153, #124, #1530, .T. ) ;
#781 = CARTESIAN_POINT ( 'NONE',  ( -276.9127619197865329, -50.95093649486190657, -574.2617306103220471 ) ) ;
#782 = CARTESIAN_POINT ( 'NONE',  ( -274.8127619197865670, -50.95093649486170051, -574.2607305551049421 ) ) ;
#783 = FACE_OUTER_BOUND ( 'NONE', #1450, .T. ) ;
#784 = EDGE_LOOP ( 'NONE', ( #1856, #291, #1838, #1235, #690 ) ) ;
#785 = VERTEX_POINT ( 'NONE', #1434 ) ;
#786 = DIRECTION ( 'NONE',  ( -1.000000000000000000, 0.000000000000000000, -2.155138812507683059E-10 ) ) ;
#787 = VERTEX_POINT ( 'NONE', #498 ) ;
#788 = ADVANCED_FACE ( 'NONE', ( #1934 ), #1014, .T. ) ;
#789 = LINE ( 'NONE', #2051, #1794 ) ;
#790 = ADVANCED_FACE ( 'NONE', ( #2006 ), #1409, .T. ) ;
#791 = ORIENTED_EDGE ( 'NONE', *, *, #1947, .F. ) ;
#792 = ORIENTED_EDGE ( 'NONE', *, *, #1607, .F. ) ;
#793 = DIRECTION ( 'NONE',  ( 2.154725578106989899E-10, -2.155142290122949986E-10, -1.000000000000000000 ) ) ;
#794 = ORIENTED_EDGE ( 'NONE', *, *, #1890, .F. ) ;
#795 = DIRECTION ( 'NONE',  ( 2.154725578106989899E-10, -2.155138812507709942E-10, -1.000000000000000000 ) ) ;
#796 = DIRECTION ( 'NONE',  ( 2.154725578106989899E-10, -2.155142290122949986E-10, -1.000000000000000000 ) ) ;
#797 = CARTESIAN_POINT ( 'NONE',  ( -122.9647120758825167, -54.29886446161543034, -574.2617305216648447 ) ) ;
#798 = ADVANCED_FACE ( 'NONE', ( #1888 ), #1999, .F. ) ;
#799 = ORIENTED_EDGE ( 'NONE', *, *, #34, .F. ) ;
#800 = ORIENTED_EDGE ( 'NONE', *, *, #1982, .T. ) ;
#801 = DIRECTION ( 'NONE',  ( 0.000000000000000000, 1.000000000000000000, -2.154890023034275324E-10 ) ) ;
#802 = AXIS2_PLACEMENT_3D ( 'NONE', #1004, #796, #1760 ) ;
#803 = VECTOR ( 'NONE', #1335, 1000.000000000000000 ) ;
#804 = ORIENTED_EDGE ( 'NONE', *, *, #1508, .T. ) ;
#805 = AXIS2_PLACEMENT_3D ( 'NONE', #352, #1483, #1496 ) ;
#806 = DIRECTION ( 'NONE',  ( -1.405721186614262543E-05, 0.9999999999011973673, -2.155172579343980922E-10 ) ) ;
#807 = AXIS2_PLACEMENT_3D ( 'NONE', #1437, #1773, #1144 ) ;
#808 = CARTESIAN_POINT ( 'NONE',  ( -162.6166650805845109, -50.94936258431300047, -574.6617305856940447 ) ) ;
#809 = FACE_OUTER_BOUND ( 'NONE', #307, .T. ) ;
#810 = AXIS2_PLACEMENT_3D ( 'NONE', #1267, #351, #1454 ) ;
#811 = EDGE_LOOP ( 'NONE', ( #422, #1606, #1259, #306 ) ) ;
#812 = ORIENTED_EDGE ( 'NONE', *, *, #1532, .F. ) ;
#813 = PLANE ( 'NONE',  #574 ) ;
#814 = ADVANCED_FACE ( 'NONE', ( #1728 ), #317, .F. ) ;
#815 = EDGE_LOOP ( 'NONE', ( #792, #591, #1472, #1943, #734 ) ) ;
#816 = CARTESIAN_POINT ( 'NONE',  ( -266.9647114436465927, -52.50088636087506444, -574.2617305530803833 ) ) ;
#817 = DIRECTION ( 'NONE',  ( -2.154725578106989899E-10, 2.155027675033955025E-10, 1.000000000000000000 ) ) ;
#818 = VERTEX_POINT ( 'NONE', #1215 ) ;
#819 = ORIENTED_EDGE ( 'NONE', *, *, #1887, .T. ) ;
#820 = EDGE_LOOP ( 'NONE', ( #1598, #96, #877, #1731 ) ) ;
#821 = ADVANCED_FACE ( 'NONE', ( #753 ), #37, .F. ) ;
#822 = CARTESIAN_POINT ( 'NONE',  ( -146.9586680528795739, -52.49898636046342659, -574.2617304828050919 ) ) ;
#823 = DIRECTION ( 'NONE',  ( 2.154725578106989899E-10, -2.155138812507709942E-10, -1.000000000000000000 ) ) ;
#824 = CARTESIAN_POINT ( 'NONE',  ( -115.1166611803236037, -49.24869420724489544, -574.6617305758260272 ) ) ;
#825 = DIRECTION ( 'NONE',  ( 0.000000000000000000, 1.000000000000000000, -2.155138812507656692E-10 ) ) ;
#826 = CYLINDRICAL_SURFACE ( 'NONE', #283, 1.800000000000002931 ) ;
#827 = ORIENTED_EDGE ( 'NONE', *, *, #1605, .F. ) ;
#828 = ORIENTED_EDGE ( 'NONE', *, *, #1839, .T. ) ;
#829 = CARTESIAN_POINT ( 'NONE',  ( -242.9706680433700114, -52.50033880583623613, -574.2617587574379741 ) ) ;
#830 = DIRECTION ( 'NONE',  ( -2.154485740140250094E-10, 2.155142290122949986E-10, 1.000000000000000000 ) ) ;
#831 = VECTOR ( 'NONE', #969, 1000.000000000000114 ) ;
#832 = EDGE_CURVE ( 'NONE', #11, #785, #210, .T. ) ;
#833 = ORIENTED_EDGE ( 'NONE', *, *, #1219, .F. ) ;
#834 = VECTOR ( 'NONE', #924, 1000.000000000000000 ) ;
#835 = ADVANCED_FACE ( 'NONE', ( #172 ), #1136, .T. ) ;
#836 = VECTOR ( 'NONE', #739, 999.9999999999998863 ) ;
#837 = PLANE ( 'NONE',  #167 ) ;
#838 =( GEOMETRIC_REPRESENTATION_CONTEXT ( 3 ) GLOBAL_UNCERTAINTY_ASSIGNED_CONTEXT ( ( #1539 ) ) GLOBAL_UNIT_ASSIGNED_CONTEXT ( ( #1803, #593, #1751 ) ) REPRESENTATION_CONTEXT ( 'NONE', 'WORKASPACE' ) );
#839 = AXIS2_PLACEMENT_3D ( 'NONE', #1723, #117, #1387 ) ;
#840 = CARTESIAN_POINT ( 'NONE',  ( -227.3127658294575042, -48.85027015483870372, -574.2617587548509164 ) ) ;
#841 = ORIENTED_EDGE ( 'NONE', *, *, #88, .F. ) ;
#842 = AXIS2_PLACEMENT_3D ( 'NONE', #1610, #64, #358 ) ;
#843 = LINE ( 'NONE', #689, #678 ) ;
#844 = ORIENTED_EDGE ( 'NONE', *, *, #727, .F. ) ;
#845 = CARTESIAN_POINT ( 'NONE',  ( -273.9037090102349907, -54.14158004852600214, -574.2617306089859994 ) ) ;
#846 = DIRECTION ( 'NONE',  ( 0.000000000000000000, 1.000000000000000000, -2.155138812507656692E-10 ) ) ;
#847 = EDGE_CURVE ( 'NONE', #363, #1594, #1752, .T. ) ;
#848 = ORIENTED_EDGE ( 'NONE', *, *, #1073, .T. ) ;
#849 = EDGE_CURVE ( 'NONE', #442, #561, #1612, .T. ) ;
#850 = CYLINDRICAL_SURFACE ( 'NONE', #776, 1.800000000000002931 ) ;
#851 = LINE ( 'NONE', #81, #903 ) ;
#852 = CARTESIAN_POINT ( 'NONE',  ( -308.8191096015129915, -55.08233043631309300, -574.2617587710700491 ) ) ;
#853 = ORIENTED_EDGE ( 'NONE', *, *, #1137, .T. ) ;
#854 = ORIENTED_EDGE ( 'NONE', *, *, #1351, .T. ) ;
#855 = CARTESIAN_POINT ( 'NONE',  ( -266.9647114436465927, -50.70088636087506018, -574.2617587629958962 ) ) ;
#856 = VERTEX_POINT ( 'NONE', #1762 ) ;
#857 = PLANE ( 'NONE',  #805 ) ;
#858 = CARTESIAN_POINT ( 'NONE',  ( -274.3598296271604795, -49.31238459280280040, -579.2620225212328933 ) ) ;
#859 = LINE ( 'NONE', #51, #212 ) ;
#860 = EDGE_CURVE ( 'NONE', #758, #129, #343, .T. ) ;
#861 = ORIENTED_EDGE ( 'NONE', *, *, #364, .T. ) ;
#862 = VERTEX_POINT ( 'NONE', #1678 ) ;
#863 = CARTESIAN_POINT ( 'NONE',  ( -211.4646114432565014, -56.51232906939630141, -574.2617587497850309 ) ) ;
#864 = CARTESIAN_POINT ( 'NONE',  ( -264.0886347832334877, -56.51306881644170232, -574.2617306063599472 ) ) ;
#865 = CARTESIAN_POINT ( 'NONE',  ( -221.2679386697535051, -56.93694725217499553, -580.5917696650680000 ) ) ;
#866 = CARTESIAN_POINT ( 'NONE',  ( -318.3023487159740057, -59.00032841878130796, -582.6620225286129653 ) ) ;
#867 = VECTOR ( 'NONE', #961, 1000.000000000000000 ) ;
#868 = VERTEX_POINT ( 'NONE', #1634 ) ;
#869 = AXIS2_PLACEMENT_3D ( 'NONE', #1746, #222, #1354 ) ;
#870 = VECTOR ( 'NONE', #392, 1000.000000000000000 ) ;
#871 = EDGE_CURVE ( 'NONE', #1929, #302, #380, .T. ) ;
#872 = CARTESIAN_POINT ( 'NONE',  ( -162.6166650795935027, -49.24936258530439659, -579.2619943424050462 ) ) ;
#873 = EDGE_CURVE ( 'NONE', #1933, #199, #1166, .T. ) ;
#874 = ORIENTED_EDGE ( 'NONE', *, *, #1653, .F. ) ;
#875 = DIRECTION ( 'NONE',  ( 0.000000000000000000, 1.000000000000000000, -2.155138812507656692E-10 ) ) ;
#876 = CARTESIAN_POINT ( 'NONE',  ( -273.9037090121800020, -54.14158004658050771, -565.2347256250310465 ) ) ;
#877 = ORIENTED_EDGE ( 'NONE', *, *, #320, .T. ) ;
#878 = EDGE_LOOP ( 'NONE', ( #389, #1384, #522, #1021, #1913 ) ) ;
#879 = DIRECTION ( 'NONE',  ( -0.7680808645406521640, 0.4527978388202430482, 0.4527978607350100493 ) ) ;
#880 = CARTESIAN_POINT ( 'NONE',  ( -266.9647114431078307, -54.30088636195270624, -579.2620225185645495 ) ) ;
#881 = DIRECTION ( 'NONE',  ( 2.154725578106989899E-10, -2.155138812507639890E-10, -1.000000000000000000 ) ) ;
#882 = EDGE_CURVE ( 'NONE', #818, #233, #510, .T. ) ;
#883 = VERTEX_POINT ( 'NONE', #66 ) ;
#884 = CARTESIAN_POINT ( 'NONE',  ( -234.9647114457134762, -52.50043776433241050, -579.2620225120573423 ) ) ;
#885 = DIRECTION ( 'NONE',  ( -2.154725578106989899E-10, 2.155138812507639890E-10, 1.000000000000000000 ) ) ;
#886 =( NAMED_UNIT ( * ) SI_UNIT ( $, .STERADIAN. ) SOLID_ANGLE_UNIT ( ) );
#887 = EDGE_LOOP ( 'NONE', ( #1693, #1210, #1375, #1552 ) ) ;
#888 = VERTEX_POINT ( 'NONE', #1650 ) ;
#889 = LINE ( 'NONE', #1816, #939 ) ;
#890 = CARTESIAN_POINT ( 'NONE',  ( -211.4646635749075188, -52.50023710263199916, -579.2620225069939579 ) ) ;
#891 = ORIENTED_EDGE ( 'NONE', *, *, #1237, .T. ) ;
#892 = CARTESIAN_POINT ( 'NONE',  ( -297.2766993623949929, -51.43817673338789120, -565.9271727857930046 ) ) ;
#893 = EDGE_CURVE ( 'NONE', #1985, #1310, #1324, .T. ) ;
#894 = DIRECTION ( 'NONE',  ( 2.154725578106990158E-10, -2.155142290122949728E-10, -1.000000000000000000 ) ) ;
#895 = LINE ( 'NONE', #390, #339 ) ;
#896 = VECTOR ( 'NONE', #698, 1000.000000000000114 ) ;
#897 = ADVANCED_FACE ( 'NONE', ( #1364 ), #1553, .F. ) ;
#898 = CARTESIAN_POINT ( 'NONE',  ( -311.0177852417619988, -51.90530801039410136, -589.7570427272189590 ) ) ;
#899 = CIRCLE ( 'NONE', #1997, 1.699999999999979305 ) ;
#900 = EDGE_LOOP ( 'NONE', ( #1263, #528, #1896, #819 ) ) ;
#901 = VECTOR ( 'NONE', #1007, 1000.000000000000000 ) ;
#902 = FACE_OUTER_BOUND ( 'NONE', #585, .T. ) ;
#903 = VECTOR ( 'NONE', #1486, 1000.000000000000000 ) ;
#904 = ORIENTED_EDGE ( 'NONE', *, *, #1777, .F. ) ;
#905 = CARTESIAN_POINT ( 'NONE',  ( -178.4647690085589886, -44.99968142559850293, -579.2619943467359462 ) ) ;
#906 = FACE_OUTER_BOUND ( 'NONE', #1747, .T. ) ;
#907 = CIRCLE ( 'NONE', #10, 1.799999999999989164 ) ;
#908 = VERTEX_POINT ( 'NONE', #1545 ) ;
#909 = SHAPE_DEFINITION_REPRESENTATION ( #1229, #1656 ) ;
#910 = FACE_OUTER_BOUND ( 'NONE', #252, .T. ) ;
#911 = DIRECTION ( 'NONE',  ( -0.05644760936323747758, -0.7059793446406247286, -0.7059793427133468358 ) ) ;
#912 = CARTESIAN_POINT ( 'NONE',  ( -273.9037090091579785, -50.95005183062400533, -579.2619943660180297 ) ) ;
#913 = EDGE_CURVE ( 'NONE', #1306, #632, #2022, .T. ) ;
#914 = VERTEX_POINT ( 'NONE', #1046 ) ;
#915 = LINE ( 'NONE', #292, #241 ) ;
#916 = VERTEX_POINT ( 'NONE', #781 ) ;
#917 = DIRECTION ( 'NONE',  ( 0.000000000000000000, 1.000000000000000000, -2.155138812507709425E-10 ) ) ;
#918 = CARTESIAN_POINT ( 'NONE',  ( -154.9647120716406903, -50.69931448696980425, -579.2619943404441756 ) ) ;
#919 = DIRECTION ( 'NONE',  ( 2.154725578106989899E-10, -2.155142290122949986E-10, -1.000000000000000000 ) ) ;
#920 = LINE ( 'NONE', #1438, #999 ) ;
#921 = ORIENTED_EDGE ( 'NONE', *, *, #1073, .F. ) ;
#922 = EDGE_CURVE ( 'NONE', #515, #1151, #1261, .T. ) ;
#923 = EDGE_LOOP ( 'NONE', ( #1343, #1806 ) ) ;
#924 = DIRECTION ( 'NONE',  ( 2.154728781336909992E-10, -2.155139259138739987E-10, -1.000000000000000000 ) ) ;
#925 = EDGE_CURVE ( 'NONE', #1062, #393, #1296, .T. ) ;
#926 = VERTEX_POINT ( 'NONE', #268 ) ;
#927 = CARTESIAN_POINT ( 'NONE',  ( -271.3104684753990341, -45.00014529148780440, -536.5375213840129618 ) ) ;
#928 = CYLINDRICAL_SURFACE ( 'NONE', #309, 1.699999999999958433 ) ;
#929 = VECTOR ( 'NONE', #1104, 1000.000000000000000 ) ;
#930 = VERTEX_POINT ( 'NONE', #1422 ) ;
#931 = AXIS2_PLACEMENT_3D ( 'NONE', #224, #817, #554 ) ;
#932 = ORIENTED_EDGE ( 'NONE', *, *, #1880, .T. ) ;
#933 = CARTESIAN_POINT ( 'NONE',  ( -154.9647120727181004, -54.29931448589218235, -574.2617305285598377 ) ) ;
#934 = CARTESIAN_POINT ( 'NONE',  ( -275.6782867223054723, -57.71374539411799987, -582.6620225197059426 ) ) ;
#935 = CIRCLE ( 'NONE', #1327, 1.800000000000002931 ) ;
#936 = ADVANCED_FACE ( 'NONE', ( #1264, #704 ), #1330, .F. ) ;
#937 = ORIENTED_EDGE ( 'NONE', *, *, #192, .T. ) ;
#938 = ADVANCED_FACE ( 'NONE', ( #1350 ), #1991, .F. ) ;
#939 = VECTOR ( 'NONE', #711, 1000.000000000000000 ) ;
#940 = AXIS2_PLACEMENT_3D ( 'NONE', #1081, #1413, #2042 ) ;
#941 = DIRECTION ( 'NONE',  ( 2.154725578106989899E-10, -2.155142290122949986E-10, -1.000000000000000000 ) ) ;
#942 = DIRECTION ( 'NONE',  ( 2.154725578106989899E-10, -2.155027675033955025E-10, -1.000000000000000000 ) ) ;
#943 = EDGE_LOOP ( 'NONE', ( #126, #1697, #524, #440 ) ) ;
#944 = ORIENTED_EDGE ( 'NONE', *, *, #2043, .F. ) ;
#945 = LINE ( 'NONE', #463, #834 ) ;
#946 = EDGE_LOOP ( 'NONE', ( #1080, #1416, #1638, #580 ) ) ;
#947 = EDGE_CURVE ( 'NONE', #180, #1627, #1645, .T. ) ;
#948 = CARTESIAN_POINT ( 'NONE',  ( -274.3598296271604795, -49.31238459280289987, -579.2619943664690254 ) ) ;
#949 = DIRECTION ( 'NONE',  ( -1.054338778874111136E-05, 0.7071067812984843659, 0.7071067809960064343 ) ) ;
#950 = ORIENTED_EDGE ( 'NONE', *, *, #1592, .T. ) ;
#951 = CARTESIAN_POINT ( 'NONE',  ( -227.3127658294575042, -50.95027015483870514, -574.2617587543979880 ) ) ;
#952 = ORIENTED_EDGE ( 'NONE', *, *, #1812, .T. ) ;
#953 = CARTESIAN_POINT ( 'NONE',  ( -70.83513955325440747, -59.73717083734860722, -581.9246817941160543 ) ) ;
#954 = CARTESIAN_POINT ( 'NONE',  ( -122.9647120748050924, -50.69886446269307356, -579.2619943335491826 ) ) ;
#955 = CARTESIAN_POINT ( 'NONE',  ( -71.41459880919910574, -59.99985832784440021, -581.6619943204369747 ) ) ;
#956 = EDGE_CURVE ( 'NONE', #1410, #153, #1972, .T. ) ;
#957 = LINE ( 'NONE', #797, #971 ) ;
#958 = CARTESIAN_POINT ( 'NONE',  ( -161.8262915020164883, -100.9863822659732051, -540.6754730061599048 ) ) ;
#959 = ADVANCED_FACE ( 'NONE', ( #1000 ), #850, .F. ) ;
#960 = ORIENTED_EDGE ( 'NONE', *, *, #1937, .F. ) ;
#961 = DIRECTION ( 'NONE',  ( 5.734870695574988021E-06, -0.3511234417843493993, -0.9363291774779977095 ) ) ;
#962 = VECTOR ( 'NONE', #911, 1000.000000000000114 ) ;
#963 = AXIS2_PLACEMENT_3D ( 'NONE', #1277, #1114, #665 ) ;
#964 = ORIENTED_EDGE ( 'NONE', *, *, #1148, .T. ) ;
#965 = AXIS2_PLACEMENT_3D ( 'NONE', #118, #759, #1276 ) ;
#966 = DIRECTION ( 'NONE',  ( 0.000000000000000000, 1.000000000000000000, -2.155138812507709425E-10 ) ) ;
#967 = CYLINDRICAL_SURFACE ( 'NONE', #715, 1.800000000000010036 ) ;
#968 = CIRCLE ( 'NONE', #807, 2.100000000000171063 ) ;
#969 = DIRECTION ( 'NONE',  ( 0.6992049591105711226, 0.1704693201819659776, -0.6943001051648219901 ) ) ;
#970 = CIRCLE ( 'NONE', #1198, 1.699999999999958433 ) ;
#971 = VECTOR ( 'NONE', #1774, 1000.000000000000000 ) ;
#972 = ORIENTED_EDGE ( 'NONE', *, *, #1644, .F. ) ;
#973 = VECTOR ( 'NONE', #165, 1000.000000000000000 ) ;
#974 = ADVANCED_FACE ( 'NONE', ( #582 ), #1397, .T. ) ;
#975 = ORIENTED_EDGE ( 'NONE', *, *, #97, .F. ) ;
#976 = EDGE_LOOP ( 'NONE', ( #1720, #246, #1278, #455 ) ) ;
#977 = DIRECTION ( 'NONE',  ( -0.9999999999999996669, -2.899994230583329232E-08, -2.154725515607989476E-10 ) ) ;
#978 = DIRECTION ( 'NONE',  ( 0.000000000000000000, 1.000000000000000000, -2.155138812507656692E-10 ) ) ;
#979 = EDGE_LOOP ( 'NONE', ( #461, #731, #791, #1111 ) ) ;
#980 = FACE_OUTER_BOUND ( 'NONE', #1527, .T. ) ;
#981 = ORIENTED_EDGE ( 'NONE', *, *, #507, .T. ) ;
#982 = EDGE_CURVE ( 'NONE', #2039, #758, #150, .T. ) ;
#983 = ORIENTED_EDGE ( 'NONE', *, *, #24, .T. ) ;
#984 = ADVANCED_FACE ( 'NONE', ( #809 ), #857, .T. ) ;
#985 = CARTESIAN_POINT ( 'NONE',  ( -289.8733009958119737, -45.00014532934320499, -574.2617587691599965 ) ) ;
#986 = ORIENTED_EDGE ( 'NONE', *, *, #1304, .F. ) ;
#987 = CARTESIAN_POINT ( 'NONE',  ( -272.2037090091575351, -50.95005183062389875, -579.2619943660180297 ) ) ;
#988 = CARTESIAN_POINT ( 'NONE',  ( -154.9647120727181004, -52.49931448589217808, -574.2617305289478509 ) ) ;
#989 = ORIENTED_EDGE ( 'NONE', *, *, #871, .F. ) ;
#990 = ORIENTED_EDGE ( 'NONE', *, *, #627, .T. ) ;
#991 = AXIS2_PLACEMENT_3D ( 'NONE', #693, #1313, #208 ) ;
#992 = CARTESIAN_POINT ( 'NONE',  ( -162.6166650806709981, -50.94936258422649900, -574.2607305309300045 ) ) ;
#993 = CIRCLE ( 'NONE', #702, 1.700000000000000178 ) ;
#994 = EDGE_CURVE ( 'NONE', #926, #1627, #1456, .T. ) ;
#995 = ORIENTED_EDGE ( 'NONE', *, *, #9, .F. ) ;
#996 = VECTOR ( 'NONE', #236, 999.9999999999998863 ) ;
#997 = AXIS2_PLACEMENT_3D ( 'NONE', #1939, #519, #383 ) ;
#998 = DIRECTION ( 'NONE',  ( -2.154526557163435069E-10, 2.155138812507639890E-10, 1.000000000000000000 ) ) ;
#999 = VECTOR ( 'NONE', #185, 1000.000000000000227 ) ;
#1000 = FACE_OUTER_BOUND ( 'NONE', #614, .T. ) ;
#1001 = DIRECTION ( 'NONE',  ( 0.000000000000000000, 1.000000000000000000, -2.155066248911264079E-10 ) ) ;
#1002 = EDGE_LOOP ( 'NONE', ( #83, #155, #1842, #1795, #1228 ) ) ;
#1003 = AXIS2_PLACEMENT_3D ( 'NONE', #1748, #2059, #16 ) ;
#1004 = CARTESIAN_POINT ( 'NONE',  ( -122.9647120748050924, -52.49886446269307072, -579.2619943331612831 ) ) ;
#1005 = EDGE_CURVE ( 'NONE', #511, #1672, #1070, .T. ) ;
#1006 = DIRECTION ( 'NONE',  ( 2.154485740140250094E-10, -2.155139259138739987E-10, -1.000000000000000000 ) ) ;
#1007 = DIRECTION ( 'NONE',  ( 2.154725578106989899E-10, -2.155142290122949986E-10, -1.000000000000000000 ) ) ;
#1008 = CARTESIAN_POINT ( 'NONE',  ( -176.0102963006810057, -45.00014532123030619, -579.2620225009700334 ) ) ;
#1009 = DIRECTION ( 'NONE',  ( 0.000000000000000000, -1.000000000000000000, 2.155142290122949986E-10 ) ) ;
#1010 = EDGE_LOOP ( 'NONE', ( #1640, #1616, #404, #1049, #1608 ) ) ;
#1011 = CYLINDRICAL_SURFACE ( 'NONE', #1403, 1.699999999999979305 ) ;
#1012 = ORIENTED_EDGE ( 'NONE', *, *, #832, .F. ) ;
#1013 = CARTESIAN_POINT ( 'NONE',  ( -242.9706680433700114, -54.30033880583623329, -574.2617305031047863 ) ) ;
#1014 = PLANE ( 'NONE',  #312 ) ;
#1015 = DIRECTION ( 'NONE',  ( -0.7071067813391109791, 1.523971858665805002E-10, 0.7071067810339840554 ) ) ;
#1016 = EDGE_CURVE ( 'NONE', #818, #1288, #248, .T. ) ;
#1017 = DIRECTION ( 'NONE',  ( 1.000000000000000000, -2.154931898490250013E-10, 2.154725578571409937E-10 ) ) ;
#1018 = CARTESIAN_POINT ( 'NONE',  ( -266.9647114425691825, -52.50088636195269487, -579.2620225189524490 ) ) ;
#1019 = ADVANCED_FACE ( 'NONE', ( #566 ), #748, .F. ) ;
#1020 = ORIENTED_EDGE ( 'NONE', *, *, #1110, .T. ) ;
#1021 = ORIENTED_EDGE ( 'NONE', *, *, #777, .T. ) ;
#1022 = DIRECTION ( 'NONE',  ( 2.154725578106989899E-10, -2.154890023034294969E-10, -1.000000000000000000 ) ) ;
#1023 = CARTESIAN_POINT ( 'NONE',  ( -288.5228586011614880, -59.50032755349540281, -574.7617587657439344 ) ) ;
#1024 = FACE_BOUND ( 'NONE', #417, .T. ) ;
#1025 = CIRCLE ( 'NONE', #274, 1.700000000000000178 ) ;
#1026 = VERTEX_POINT ( 'NONE', #1377 ) ;
#1027 = DIRECTION ( 'NONE',  ( 0.000000000000000000, 1.000000000000000000, -2.155138812507656692E-10 ) ) ;
#1028 = CIRCLE ( 'NONE', #1060, 2.100000000000053380 ) ;
#1029 = AXIS2_PLACEMENT_3D ( 'NONE', #1577, #793, #1911 ) ;
#1030 = PLANE ( 'NONE',  #1093 ) ;
#1031 = CARTESIAN_POINT ( 'NONE',  ( -316.2933242436309911, -59.54321753656010685, -587.5406149284450521 ) ) ;
#1032 = ORIENTED_EDGE ( 'NONE', *, *, #1085, .F. ) ;
#1033 = PRODUCT_DEFINITION_FORMATION_WITH_SPECIFIED_SOURCE ( 'ANY', '', #643, .NOT_KNOWN. ) ;
#1034 = AXIS2_PLACEMENT_3D ( 'NONE', #231, #1476, #1009 ) ;
#1035 = EDGE_CURVE ( 'NONE', #2053, #632, #1677, .T. ) ;
#1036 = ORIENTED_EDGE ( 'NONE', *, *, #947, .F. ) ;
#1037 = CARTESIAN_POINT ( 'NONE',  ( -274.8127619196999945, -50.95093649494809540, -574.6617306098689824 ) ) ;
#1038 = CARTESIAN_POINT ( 'NONE',  ( -115.1166611804100057, -50.94869420715850339, -574.2607305206950059 ) ) ;
#1039 = VERTEX_POINT ( 'NONE', #284 ) ;
#1040 = PLANE ( 'NONE',  #35 ) ;
#1041 = DIRECTION ( 'NONE',  ( -0.4841799247922041194, 0.8749684568189960432, -2.928956392169910985E-10 ) ) ;
#1042 = ORIENTED_EDGE ( 'NONE', *, *, #717, .T. ) ;
#1043 = DIRECTION ( 'NONE',  ( 0.000000000000000000, -1.000000000000000000, 2.155138812507656692E-10 ) ) ;
#1044 = EDGE_LOOP ( 'NONE', ( #386, #695, #1741, #1889 ) ) ;
#1045 = ADVANCED_FACE ( 'NONE', ( #910 ), #1544, .F. ) ;
#1046 = CARTESIAN_POINT ( 'NONE',  ( -115.1166611804100057, -53.04869420715880324, -574.2617305750070500 ) ) ;
#1047 = FACE_OUTER_BOUND ( 'NONE', #784, .T. ) ;
#1048 = DIRECTION ( 'NONE',  ( 2.154725578106989899E-10, -2.155142290122949986E-10, -1.000000000000000000 ) ) ;
#1049 = ORIENTED_EDGE ( 'NONE', *, *, #1915, .F. ) ;
#1050 = EDGE_LOOP ( 'NONE', ( #1292, #1042 ) ) ;
#1051 = DIRECTION ( 'NONE',  ( 1.000000000000000000, 0.000000000000000000, 2.155138812507683059E-10 ) ) ;
#1052 = ORIENTED_EDGE ( 'NONE', *, *, #1582, .F. ) ;
#1053 = LINE ( 'NONE', #1222, #1374 ) ;
#1054 = CARTESIAN_POINT ( 'NONE',  ( -161.2724112042354818, -59.99961975862539987, -581.6619796718940734 ) ) ;
#1055 = FACE_BOUND ( 'NONE', #1609, .T. ) ;
#1056 = ADVANCED_FACE ( 'NONE', ( #147 ), #456, .F. ) ;
#1057 = DIRECTION ( 'NONE',  ( 2.154725578106990158E-10, -2.155142290122949728E-10, -1.000000000000000000 ) ) ;
#1058 = FACE_OUTER_BOUND ( 'NONE', #820, .T. ) ;
#1059 = FACE_BOUND ( 'NONE', #1084, .T. ) ;
#1060 = AXIS2_PLACEMENT_3D ( 'NONE', #1708, #1848, #244 ) ;
#1061 = DIRECTION ( 'NONE',  ( 0.000000000000000000, -2.129559836555590095E-10, -1.000000000000000000 ) ) ;
#1062 = VERTEX_POINT ( 'NONE', #1600 ) ;
#1063 = VECTOR ( 'NONE', #399, 1000.000000000000114 ) ;
#1064 = CIRCLE ( 'NONE', #1875, 2.100000000000171063 ) ;
#1065 = AXIS2_PLACEMENT_3D ( 'NONE', #1225, #1502, #1868 ) ;
#1066 = DIRECTION ( 'NONE',  ( 0.000000000000000000, 1.000000000000000000, -2.155066248911272609E-10 ) ) ;
#1067 = VECTOR ( 'NONE', #1952, 999.9999999999998863 ) ;
#1068 = ORIENTED_EDGE ( 'NONE', *, *, #1863, .T. ) ;
#1069 = DIRECTION ( 'NONE',  ( 2.154725578106989899E-10, -2.155138812507709942E-10, -1.000000000000000000 ) ) ;
#1070 = LINE ( 'NONE', #1363, #1063 ) ;
#1071 = AXIS2_PLACEMENT_3D ( 'NONE', #1692, #2018, #438 ) ;
#1072 = DIRECTION ( 'NONE',  ( 2.154725578106989899E-10, -2.155142290122949986E-10, -1.000000000000000000 ) ) ;
#1073 = EDGE_CURVE ( 'NONE', #541, #1151, #722, .T. ) ;
#1074 = LINE ( 'NONE', #82, #616 ) ;
#1075 = CARTESIAN_POINT ( 'NONE',  ( -288.5228585995669732, -59.50032755507139370, -582.1620225220890461 ) ) ;
#1076 = ORIENTED_EDGE ( 'NONE', *, *, #379, .F. ) ;
#1077 = EDGE_CURVE ( 'NONE', #31, #114, #72, .T. ) ;
#1078 = ORIENTED_EDGE ( 'NONE', *, *, #1820, .T. ) ;
#1079 = CARTESIAN_POINT ( 'NONE',  ( -242.9706680433700114, -52.50033880583622903, -574.2617305034926858 ) ) ;
#1080 = ORIENTED_EDGE ( 'NONE', *, *, #1812, .F. ) ;
#1081 = CARTESIAN_POINT ( 'NONE',  ( -162.6166650805845109, -50.94936258431300047, -574.6617305856940447 ) ) ;
#1082 = DIRECTION ( 'NONE',  ( 0.000000000000000000, 1.000000000000000000, -2.155066248911264079E-10 ) ) ;
#1083 = DIRECTION ( 'NONE',  ( 0.000000000000000000, -1.000000000000000000, 2.155142290122949986E-10 ) ) ;
#1084 = EDGE_LOOP ( 'NONE', ( #548, #42 ) ) ;
#1085 = EDGE_CURVE ( 'NONE', #785, #11, #935, .T. ) ;
#1086 = ORIENTED_EDGE ( 'NONE', *, *, #88, .T. ) ;
#1087 = CARTESIAN_POINT ( 'NONE',  ( -102.4533068399212112, -16.44955483611909841, -574.2617305801660450 ) ) ;
#1088 = ORIENTED_EDGE ( 'NONE', *, *, #1283, .F. ) ;
#1089 = DIRECTION ( 'NONE',  ( 2.154725578106989899E-10, -2.155142290122949986E-10, -1.000000000000000000 ) ) ;
#1090 = CARTESIAN_POINT ( 'NONE',  ( -227.3127658294575042, -49.25027015483850334, -574.2607305452360151 ) ) ;
#1091 = DIRECTION ( 'NONE',  ( 2.154725578106990158E-10, -2.155142290122949986E-10, -1.000000000000000000 ) ) ;
#1092 = MANIFOLD_SOLID_BREP ( 'Enlèv. mat.-Extru.2', #1591 ) ;
#1093 = AXIS2_PLACEMENT_3D ( 'NONE', #865, #1520, #558 ) ;
#1094 = ORIENTED_EDGE ( 'NONE', *, *, #1427, .T. ) ;
#1095 = CIRCLE ( 'NONE', #740, 1.800000000000002931 ) ;
#1096 = ORIENTED_EDGE ( 'NONE', *, *, #1924, .F. ) ;
#1097 = DIRECTION ( 'NONE',  ( 0.9999999999999996669, 2.899994230583329232E-08, 2.154725515607989476E-10 ) ) ;
#1098 = EDGE_CURVE ( 'NONE', #1257, #1311, #1681, .T. ) ;
#1099 = AXIS2_PLACEMENT_3D ( 'NONE', #40, #68, #679 ) ;
#1100 = ORIENTED_EDGE ( 'NONE', *, *, #1394, .F. ) ;
#1101 = VECTOR ( 'NONE', #1376, 1000.000000000000000 ) ;
#1102 = AXIS2_PLACEMENT_3D ( 'NONE', #32, #1780, #1618 ) ;
#1103 = CARTESIAN_POINT ( 'NONE',  ( -115.1166611804100057, -48.84869420715870092, -574.2617305759119972 ) ) ;
#1104 = DIRECTION ( 'NONE',  ( 2.154725578106990158E-10, -2.155142290122949728E-10, -1.000000000000000000 ) ) ;
#1105 = VECTOR ( 'NONE', #1852, 1000.000000000000000 ) ;
#1106 = ORIENTED_EDGE ( 'NONE', *, *, #849, .T. ) ;
#1107 = VERTEX_POINT ( 'NONE', #1854 ) ;
#1108 = CARTESIAN_POINT ( 'NONE',  ( -211.4645588274030104, -60.00032532027859844, -581.6620225053768536 ) ) ;
#1109 = DIRECTION ( 'NONE',  ( 0.000000000000000000, 1.000000000000000000, -2.155066248911272609E-10 ) ) ;
#1110 = EDGE_CURVE ( 'NONE', #1310, #1985, #1664, .T. ) ;
#1111 = ORIENTED_EDGE ( 'NONE', *, *, #766, .F. ) ;
#1112 = DIRECTION ( 'NONE',  ( 2.154931898954540029E-10, 1.000000000000000000, -2.154716330402139405E-10 ) ) ;
#1113 = EDGE_CURVE ( 'NONE', #1518, #1672, #1074, .T. ) ;
#1114 = DIRECTION ( 'NONE',  ( -0.6186879032478409535, 0.3423421090389516253, 0.7071259850645802425 ) ) ;
#1115 = CARTESIAN_POINT ( 'NONE',  ( -274.3566413007055189, -52.58860373376059982, -579.2619943657630301 ) ) ;
#1116 = CARTESIAN_POINT ( 'NONE',  ( -255.5228586044340204, -59.49986366550379557, -574.7617306038699780 ) ) ;
#1117 = LINE ( 'NONE', #56, #133 ) ;
#1118 = EDGE_LOOP ( 'NONE', ( #1647, #710, #2038, #1691, #1824 ) ) ;
#1119 = CARTESIAN_POINT ( 'NONE',  ( -308.7756668681910242, -55.00381980941140370, -574.2617587710780072 ) ) ;
#1120 = ORIENTED_EDGE ( 'NONE', *, *, #738, .T. ) ;
#1121 = LINE ( 'NONE', #1447, #44 ) ;
#1122 = LINE ( 'NONE', #330, #831 ) ;
#1123 = CARTESIAN_POINT ( 'NONE',  ( -305.9077714682800320, -56.00594902718049894, -571.2673797405110463 ) ) ;
#1124 = DIRECTION ( 'NONE',  ( 0.000000000000000000, 1.000000000000000000, -2.155027675033954766E-10 ) ) ;
#1125 = EDGE_CURVE ( 'NONE', #428, #1306, #1845, .T. ) ;
#1126 = DIRECTION ( 'NONE',  ( 0.000000000000000000, 1.000000000000000000, -2.155066248911272609E-10 ) ) ;
#1127 = EDGE_LOOP ( 'NONE', ( #419, #483 ) ) ;
#1128 = DIRECTION ( 'NONE',  ( 2.154725578106989899E-10, -2.155138812507639890E-10, -1.000000000000000000 ) ) ;
#1129 = ORIENTED_EDGE ( 'NONE', *, *, #403, .T. ) ;
#1130 = CIRCLE ( 'NONE', #1029, 1.800000000000002931 ) ;
#1131 = ORIENTED_EDGE ( 'NONE', *, *, #232, .T. ) ;
#1132 = AXIS2_PLACEMENT_3D ( 'NONE', #1116, #648, #1775 ) ;
#1133 = VECTOR ( 'NONE', #977, 999.9999999999998863 ) ;
#1134 = LINE ( 'NONE', #1571, #672 ) ;
#1135 = AXIS2_PLACEMENT_3D ( 'NONE', #1956, #539, #1805 ) ;
#1136 = PLANE ( 'NONE',  #1132 ) ;
#1137 = EDGE_CURVE ( 'NONE', #1026, #1683, #1669, .T. ) ;
#1138 = DIRECTION ( 'NONE',  ( -2.154526557164030122E-10, 2.155138812507639890E-10, 1.000000000000000000 ) ) ;
#1139 = DIRECTION ( 'NONE',  ( 0.000000000000000000, 1.000000000000000000, -2.155066248911264079E-10 ) ) ;
#1140 = ADVANCED_FACE ( 'NONE', ( #250 ), #2005, .T. ) ;
#1141 = ORIENTED_EDGE ( 'NONE', *, *, #922, .F. ) ;
#1142 = ORIENTED_EDGE ( 'NONE', *, *, #364, .F. ) ;
#1143 = FACE_OUTER_BOUND ( 'NONE', #281, .T. ) ;
#1144 = DIRECTION ( 'NONE',  ( 0.000000000000000000, 1.000000000000000000, -2.154890023034175804E-10 ) ) ;
#1145 = CARTESIAN_POINT ( 'NONE',  ( -227.3127658294575042, -50.95027015483849908, -574.2607305448700572 ) ) ;
#1146 = ORIENTED_EDGE ( 'NONE', *, *, #1519, .F. ) ;
#1147 = CARTESIAN_POINT ( 'NONE',  ( -273.9037090102349907, -54.14158004852600214, -574.2617587637499810 ) ) ;
#1148 = EDGE_CURVE ( 'NONE', #1549, #124, #1831, .T. ) ;
#1149 = EDGE_LOOP ( 'NONE', ( #1086, #74 ) ) ;
#1150 = EDGE_CURVE ( 'NONE', #1216, #610, #1533, .T. ) ;
#1151 = VERTEX_POINT ( 'NONE', #436 ) ;
#1152 = DIRECTION ( 'NONE',  ( 0.000000000000000000, 1.000000000000000000, -2.155138812507656692E-10 ) ) ;
#1153 = DIRECTION ( 'NONE',  ( -0.9999999999999996669, -2.899994230583329232E-08, -2.154725515607989476E-10 ) ) ;
#1154 = VERTEX_POINT ( 'NONE', #1194 ) ;
#1155 = CARTESIAN_POINT ( 'NONE',  ( -115.1166611804100057, -49.24869420715850055, -574.2607305210619870 ) ) ;
#1156 = DIRECTION ( 'NONE',  ( -2.154526557163435069E-10, 2.155138812507639890E-10, 1.000000000000000000 ) ) ;
#1157 = CARTESIAN_POINT ( 'NONE',  ( -242.9706680433700114, -52.50033880583623613, -574.2617587574379741 ) ) ;
#1158 = PLANE ( 'NONE',  #1034 ) ;
#1159 = ORIENTED_EDGE ( 'NONE', *, *, #1162, .T. ) ;
#1160 = DIRECTION ( 'NONE',  ( 0.000000000000000000, 1.000000000000000000, -2.155066248911272609E-10 ) ) ;
#1161 = VECTOR ( 'NONE', #119, 1000.000000000000000 ) ;
#1162 = EDGE_CURVE ( 'NONE', #1604, #1310, #595, .T. ) ;
#1163 = CIRCLE ( 'NONE', #278, 1.700000000000000178 ) ;
#1164 = AXIS2_PLACEMENT_3D ( 'NONE', #259, #538, #718 ) ;
#1165 = VECTOR ( 'NONE', #1969, 1000.000000000000000 ) ;
#1166 = LINE ( 'NONE', #1191, #901 ) ;
#1167 = DIRECTION ( 'NONE',  ( -2.154725578106989899E-10, 2.155138812507639890E-10, 1.000000000000000000 ) ) ;
#1168 = VECTOR ( 'NONE', #806, 1000.000000000000114 ) ;
#1169 = LINE ( 'NONE', #238, #346 ) ;
#1170 = ORIENTED_EDGE ( 'NONE', *, *, #1415, .T. ) ;
#1171 = VECTOR ( 'NONE', #1091, 1000.000000000000000 ) ;
#1172 = ORIENTED_EDGE ( 'NONE', *, *, #780, .F. ) ;
#1173 = DIRECTION ( 'NONE',  ( 0.000000000000000000, -2.129559836555590095E-10, -1.000000000000000000 ) ) ;
#1174 = EDGE_CURVE ( 'NONE', #1178, #707, #121, .T. ) ;
#1175 = FACE_BOUND ( 'NONE', #367, .T. ) ;
#1176 = FACE_BOUND ( 'NONE', #747, .T. ) ;
#1177 = ORIENTED_EDGE ( 'NONE', *, *, #1301, .T. ) ;
#1178 = VERTEX_POINT ( 'NONE', #2015 ) ;
#1179 = LINE ( 'NONE', #1013, #803 ) ;
#1180 = CARTESIAN_POINT ( 'NONE',  ( -301.0406446094190187, -30.69661096785440080, -579.2620225309940452 ) ) ;
#1181 = DIRECTION ( 'NONE',  ( 0.000000000000000000, -1.000000000000000000, 2.155142290122949986E-10 ) ) ;
#1182 = ORIENTED_EDGE ( 'NONE', *, *, #1110, .F. ) ;
#1183 = DIRECTION ( 'NONE',  ( 0.000000000000000000, 1.000000000000000000, -2.155138812507656692E-10 ) ) ;
#1184 = DIRECTION ( 'NONE',  ( 2.154725578106989899E-10, -2.155142290122949986E-10, -1.000000000000000000 ) ) ;
#1185 = ADVANCED_FACE ( 'NONE', ( #1058 ), #1704, .F. ) ;
#1186 = ORIENTED_EDGE ( 'NONE', *, *, #1162, .F. ) ;
#1187 = DIRECTION ( 'NONE',  ( 2.154725578106989899E-10, -2.155142290122949986E-10, -1.000000000000000000 ) ) ;
#1188 = LINE ( 'NONE', #1359, #1431 ) ;
#1189 = AXIS2_PLACEMENT_3D ( 'NONE', #1203, #1367, #550 ) ;
#1190 = ORIENTED_EDGE ( 'NONE', *, *, #1788, .T. ) ;
#1191 = CARTESIAN_POINT ( 'NONE',  ( -115.1166611804100057, -52.64869420715849913, -574.2607305203290480 ) ) ;
#1192 = AXIS2_PLACEMENT_3D ( 'NONE', #1891, #1901, #327 ) ;
#1193 = DIRECTION ( 'NONE',  ( -2.155138812507684868E-10, 2.155220446553825016E-10, 1.000000000000000000 ) ) ;
#1194 = CARTESIAN_POINT ( 'NONE',  ( -178.4647732757350127, -44.99968142445654706, -574.2617305903910392 ) ) ;
#1195 = VECTOR ( 'NONE', #1513, 1000.000000000000000 ) ;
#1196 = EDGE_CURVE ( 'NONE', #1463, #1985, #1352, .T. ) ;
#1197 = EDGE_LOOP ( 'NONE', ( #52, #59, #1207, #1670 ) ) ;
#1198 = AXIS2_PLACEMENT_3D ( 'NONE', #625, #1069, #127 ) ;
#1199 = EDGE_CURVE ( 'NONE', #1154, #596, #156, .T. ) ;
#1200 = DIRECTION ( 'NONE',  ( -0.8083812028572149311, 0.4473061851750610440, -0.3826708867568270334 ) ) ;
#1201 = CARTESIAN_POINT ( 'NONE',  ( -273.9037090084249826, -50.95005183135670279, -582.6620225207809654 ) ) ;
#1202 = ORIENTED_EDGE ( 'NONE', *, *, #630, .F. ) ;
#1203 = CARTESIAN_POINT ( 'NONE',  ( -273.9037090121800020, -50.95005182760090179, -565.2347256257190793 ) ) ;
#1204 = ORIENTED_EDGE ( 'NONE', *, *, #1016, .F. ) ;
#1205 = CARTESIAN_POINT ( 'NONE',  ( -274.8127619197860554, -50.95093649486190657, -574.2617306098691188 ) ) ;
#1206 = EDGE_CURVE ( 'NONE', #1948, #1295, #1602, .T. ) ;
#1207 = ORIENTED_EDGE ( 'NONE', *, *, #1406, .T. ) ;
#1208 = CARTESIAN_POINT ( 'NONE',  ( -162.6166650805845109, -49.24936258431289104, -574.6617305860609122 ) ) ;
#1209 = ADVANCED_FACE ( 'NONE', ( #1567, #1855, #1059, #1176, #1776, #1487 ), #1158, .T. ) ;
#1210 = ORIENTED_EDGE ( 'NONE', *, *, #557, .T. ) ;
#1211 = DIRECTION ( 'NONE',  ( 0.000000000000000000, 1.000000000000000000, -2.155027675033954766E-10 ) ) ;
#1212 = CARTESIAN_POINT ( 'NONE',  ( -272.2037090084249940, -50.95005183135670279, -582.6620225204150074 ) ) ;
#1213 = CARTESIAN_POINT ( 'NONE',  ( -234.9647114467909148, -52.50043776325478717, -574.2617587557130037 ) ) ;
#1214 = DIRECTION ( 'NONE',  ( 0.000000000000000000, 1.000000000000000000, -2.155138812507656692E-10 ) ) ;
#1215 = CARTESIAN_POINT ( 'NONE',  ( -227.3127658293715001, -49.25027015492489824, -574.6617587547649464 ) ) ;
#1216 = VERTEX_POINT ( 'NONE', #1784 ) ;
#1217 = DIRECTION ( 'NONE',  ( -0.05644760936316792210, -0.7059793446406591455, -0.7059793427133180810 ) ) ;
#1218 = FACE_OUTER_BOUND ( 'NONE', #46, .T. ) ;
#1219 = EDGE_CURVE ( 'NONE', #1295, #1621, #371, .T. ) ;
#1220 = ORIENTED_EDGE ( 'NONE', *, *, #1653, .T. ) ;
#1221 = CARTESIAN_POINT ( 'NONE',  ( -161.2724166661574827, -59.99961975730109742, -575.2617159155520312 ) ) ;
#1222 = CARTESIAN_POINT ( 'NONE',  ( -234.9647114467909148, -54.30043776325478433, -574.2617305457973771 ) ) ;
#1223 = DIRECTION ( 'NONE',  ( -8.533901373433958004E-07, 2.033037058520066532E-10, 0.9999999999996358468 ) ) ;
#1224 = VECTOR ( 'NONE', #1017, 1000.000000000000000 ) ;
#1225 = CARTESIAN_POINT ( 'NONE',  ( -273.9037090102349907, -50.95005182954640333, -574.2617587644369905 ) ) ;
#1226 = CARTESIAN_POINT ( 'NONE',  ( -227.3127658283800088, -50.95027015591640662, -579.2620225107430088 ) ) ;
#1227 = AXIS2_PLACEMENT_3D ( 'NONE', #529, #1798, #1066 ) ;
#1228 = ORIENTED_EDGE ( 'NONE', *, *, #34, .T. ) ;
#1229 = PRODUCT_DEFINITION_SHAPE ( 'NONE', 'NONE',  #132 ) ;
#1230 = AXIS2_PLACEMENT_3D ( 'NONE', #701, #1340, #1211 ) ;
#1231 = AXIS2_PLACEMENT_3D ( 'NONE', #416, #1984, #1548 ) ;
#1232 = EDGE_LOOP ( 'NONE', ( #326, #552 ) ) ;
#1233 = DIRECTION ( 'NONE',  ( -1.000000000000000000, 0.000000000000000000, -2.155138812507683059E-10 ) ) ;
#1234 = AXIS2_PLACEMENT_3D ( 'NONE', #85, #1372, #2011 ) ;
#1235 = ORIENTED_EDGE ( 'NONE', *, *, #175, .T. ) ;
#1236 = LINE ( 'NONE', #1884, #1101 ) ;
#1237 = EDGE_CURVE ( 'NONE', #556, #1410, #1464, .T. ) ;
#1238 = LINE ( 'NONE', #1702, #962 ) ;
#1239 = EDGE_CURVE ( 'NONE', #756, #1311, #1169, .T. ) ;
#1240 = DIRECTION ( 'NONE',  ( 0.000000000000000000, -1.000000000000000000, 2.155138812507656692E-10 ) ) ;
#1241 = ORIENTED_EDGE ( 'NONE', *, *, #1348, .F. ) ;
#1242 = ORIENTED_EDGE ( 'NONE', *, *, #587, .T. ) ;
#1243 = CARTESIAN_POINT ( 'NONE',  ( -75.87870024792599111, -44.99968144770509326, -579.2619943246310186 ) ) ;
#1244 = EDGE_LOOP ( 'NONE', ( #484, #668, #1676, #1170 ) ) ;
#1245 = FACE_OUTER_BOUND ( 'NONE', #1010, .T. ) ;
#1246 = LINE ( 'NONE', #1885, #929 ) ;
#1247 = CARTESIAN_POINT ( 'NONE',  ( -211.4645873859900007, -57.71374540795569885, -582.6620225058699134 ) ) ;
#1248 = ADVANCED_FACE ( 'NONE', ( #198 ), #826, .F. ) ;
#1249 = ORIENTED_EDGE ( 'NONE', *, *, #832, .T. ) ;
#1250 = ORIENTED_EDGE ( 'NONE', *, *, #432, .T. ) ;
#1251 = DIRECTION ( 'NONE',  ( -0.7283570930471837679, 0.6851977415373288194, 0.000000000000000000 ) ) ;
#1252 = DIRECTION ( 'NONE',  ( 0.9999999999999996669, 2.899994230583329232E-08, 2.154725515607989476E-10 ) ) ;
#1253 = VERTEX_POINT ( 'NONE', #551 ) ;
#1254 = CARTESIAN_POINT ( 'NONE',  ( -74.40177576089310207, -50.30709734363509966, -582.4125582322110404 ) ) ;
#1255 = PLANE ( 'NONE',  #1432 ) ;
#1256 = DIRECTION ( 'NONE',  ( 0.7525978546458583773, 2.168506701771521116E-08, -0.6584804242970712096 ) ) ;
#1257 = VERTEX_POINT ( 'NONE', #866 ) ;
#1258 = EDGE_CURVE ( 'NONE', #124, #204, #1290, .T. ) ;
#1259 = ORIENTED_EDGE ( 'NONE', *, *, #300, .T. ) ;
#1260 = DIRECTION ( 'NONE',  ( 2.154725578106990158E-10, -2.155142290122949986E-10, -1.000000000000000000 ) ) ;
#1261 = CIRCLE ( 'NONE', #369, 1.699999999999958433 ) ;
#1262 = VECTOR ( 'NONE', #296, 1000.000000000000227 ) ;
#1263 = ORIENTED_EDGE ( 'NONE', *, *, #1517, .F. ) ;
#1264 = FACE_BOUND ( 'NONE', #215, .T. ) ;
#1265 = DIRECTION ( 'NONE',  ( 2.154725578106989899E-10, -2.155142290122949986E-10, -1.000000000000000000 ) ) ;
#1266 = AXIS2_PLACEMENT_3D ( 'NONE', #459, #288, #1083 ) ;
#1267 = CARTESIAN_POINT ( 'NONE',  ( -122.9647120758825167, -52.49886446161544029, -574.2617305220527442 ) ) ;
#1268 = DIRECTION ( 'NONE',  ( 1.286253234325091678E-05, -0.9363291773900390691, 0.3511234418301459881 ) ) ;
#1269 = DIRECTION ( 'NONE',  ( 0.000000000000000000, 1.000000000000000000, -2.155027675033954766E-10 ) ) ;
#1270 = VECTOR ( 'NONE', #25, 1000.000000000000000 ) ;
#1271 = ORIENTED_EDGE ( 'NONE', *, *, #310, .T. ) ;
#1272 = EDGE_LOOP ( 'NONE', ( #1186, #1371, #122, #1182 ) ) ;
#1273 = CARTESIAN_POINT ( 'NONE',  ( -288.5228585865534683, -60.00032755360189896, -575.2617587656369551 ) ) ;
#1274 = ORIENTED_EDGE ( 'NONE', *, *, #1949, .F. ) ;
#1275 = ADVANCED_FACE ( 'NONE', ( #980 ), #708, .F. ) ;
#1276 = DIRECTION ( 'NONE',  ( 0.9999999998888370323, 0.000000000000000000, 1.491060200437955978E-05 ) ) ;
#1277 = CARTESIAN_POINT ( 'NONE',  ( -315.8038180075595278, -50.29922263219489764, -582.6885652211440174 ) ) ;
#1278 = ORIENTED_EDGE ( 'NONE', *, *, #332, .F. ) ;
#1279 = VERTEX_POINT ( 'NONE', #1646 ) ;
#1280 = LINE ( 'NONE', #1420, #2031 ) ;
#1281 = ORIENTED_EDGE ( 'NONE', *, *, #780, .T. ) ;
#1282 = CARTESIAN_POINT ( 'NONE',  ( -178.4647690085589886, -44.99968142559855266, -579.2619943467349231 ) ) ;
#1283 = EDGE_CURVE ( 'NONE', #1154, #1683, #859, .T. ) ;
#1284 = LINE ( 'NONE', #340, #1957 ) ;
#1285 = CARTESIAN_POINT ( 'NONE',  ( -273.9037090102349907, -50.95005182954640333, -574.2617306096740322 ) ) ;
#1286 = DIRECTION ( 'NONE',  ( 2.154725578106990158E-10, -2.155142290122949728E-10, -1.000000000000000000 ) ) ;
#1287 = EDGE_CURVE ( 'NONE', #1621, #1295, #141, .T. ) ;
#1288 = VERTEX_POINT ( 'NONE', #840 ) ;
#1289 = FACE_OUTER_BOUND ( 'NONE', #355, .T. ) ;
#1290 = LINE ( 'NONE', #1652, #870 ) ;
#1291 = CIRCLE ( 'NONE', #1425, 1.700000000000000178 ) ;
#1292 = ORIENTED_EDGE ( 'NONE', *, *, #1685, .T. ) ;
#1293 = CIRCLE ( 'NONE', #535, 1.799999999999989164 ) ;
#1294 = VECTOR ( 'NONE', #1668, 1000.000000000000114 ) ;
#1295 = VERTEX_POINT ( 'NONE', #1459 ) ;
#1296 = CIRCLE ( 'NONE', #1930, 1.800000000000002931 ) ;
#1297 = DIRECTION ( 'NONE',  ( -1.000000000000000000, 4.081702296416066484E-15, -2.154485740140256557E-10 ) ) ;
#1298 = LINE ( 'NONE', #683, #1968 ) ;
#1299 = AXIS2_PLACEMENT_3D ( 'NONE', #1754, #1128, #1027 ) ;
#1300 = AXIS2_PLACEMENT_3D ( 'NONE', #667, #1614, #1001 ) ;
#1301 = EDGE_CURVE ( 'NONE', #1536, #54, #1897, .T. ) ;
#1302 = EDGE_LOOP ( 'NONE', ( #730, #521 ) ) ;
#1303 = FACE_OUTER_BOUND ( 'NONE', #1503, .T. ) ;
#1304 = EDGE_CURVE ( 'NONE', #1846, #926, #1471, .T. ) ;
#1305 = CARTESIAN_POINT ( 'NONE',  ( -211.4645615583640108, -60.00032531891589116, -575.2617587490329925 ) ) ;
#1306 = VERTEX_POINT ( 'NONE', #1305 ) ;
#1307 = EDGE_LOOP ( 'NONE', ( #1821, #1274 ) ) ;
#1308 = LINE ( 'NONE', #1781, #1168 ) ;
#1309 = ADVANCED_FACE ( 'NONE', ( #220 ), #1946, .F. ) ;
#1310 = VERTEX_POINT ( 'NONE', #1147 ) ;
#1311 = VERTEX_POINT ( 'NONE', #57 ) ;
#1312 = CARTESIAN_POINT ( 'NONE',  ( -75.19140419042500412, -61.78549791109860223, -593.5212379649719878 ) ) ;
#1313 = DIRECTION ( 'NONE',  ( -2.154526557163435069E-10, 2.155138812507639890E-10, 1.000000000000000000 ) ) ;
#1314 = CARTESIAN_POINT ( 'NONE',  ( -274.8127619196999945, -50.95093649494809540, -574.6617306098689824 ) ) ;
#1315 = VERTEX_POINT ( 'NONE', #525 ) ;
#1316 = EDGE_CURVE ( 'NONE', #328, #707, #368, .T. ) ;
#1317 = FACE_OUTER_BOUND ( 'NONE', #943, .T. ) ;
#1318 = ORIENTED_EDGE ( 'NONE', *, *, #1777, .T. ) ;
#1319 = DIRECTION ( 'NONE',  ( -0.9999999999999996669, -2.899994230583329232E-08, -2.154725515607989476E-10 ) ) ;
#1320 = EDGE_CURVE ( 'NONE', #1536, #204, #675, .T. ) ;
#1321 = FACE_OUTER_BOUND ( 'NONE', #2050, .T. ) ;
#1322 = AXIS2_PLACEMENT_3D ( 'NONE', #1385, #1684, #431 ) ;
#1323 = EDGE_LOOP ( 'NONE', ( #975, #1129, #1575, #944 ) ) ;
#1324 = CIRCLE ( 'NONE', #1230, 3.191528218979590381 ) ;
#1325 = DIRECTION ( 'NONE',  ( 2.154725578106989899E-10, -2.155142290122949986E-10, -1.000000000000000000 ) ) ;
#1326 = AXIS2_PLACEMENT_3D ( 'NONE', #200, #500, #1573 ) ;
#1327 = AXIS2_PLACEMENT_3D ( 'NONE', #1213, #1048, #260 ) ;
#1328 = CARTESIAN_POINT ( 'NONE',  ( -76.11629202252630932, -53.71596858847930633, -579.2619943228039574 ) ) ;
#1329 = FILL_AREA_STYLE_COLOUR ( '', #1331 ) ;
#1330 = PLANE ( 'NONE',  #5 ) ;
#1331 = COLOUR_RGB ( '',0.7921568627450980005, 0.8196078431372548767, 0.9333333333333333481 ) ;
#1332 = DIRECTION ( 'NONE',  ( 0.4841580028070177066, 0.8749805873948975909, -8.424800344378805702E-11 ) ) ;
#1333 = ORIENTED_EDGE ( 'NONE', *, *, #1351, .F. ) ;
#1334 = EDGE_LOOP ( 'NONE', ( #1840, #350 ) ) ;
#1335 = DIRECTION ( 'NONE',  ( 2.154725578106990158E-10, -2.155142290122949986E-10, -1.000000000000000000 ) ) ;
#1336 = PLANE ( 'NONE',  #1603 ) ;
#1337 = DIRECTION ( 'NONE',  ( 2.154725578106989899E-10, -2.155142290122949986E-10, -1.000000000000000000 ) ) ;
#1338 = ADVANCED_FACE ( 'NONE', ( #1317 ), #1011, .F. ) ;
#1339 = CARTESIAN_POINT ( 'NONE',  ( -242.9706680433700114, -50.70033880583623898, -574.2617587578258735 ) ) ;
#1340 = DIRECTION ( 'NONE',  ( 2.154725578106989899E-10, -2.155027675033955025E-10, -1.000000000000000000 ) ) ;
#1341 = CARTESIAN_POINT ( 'NONE',  ( -122.6127527195591966, -59.53007573309560030, -536.4296023975290382 ) ) ;
#1342 = DIRECTION ( 'NONE',  ( 2.154725578106989899E-10, -2.155142290122949986E-10, -1.000000000000000000 ) ) ;
#1343 = ORIENTED_EDGE ( 'NONE', *, *, #1455, .T. ) ;
#1344 = LINE ( 'NONE', #1986, #1804 ) ;
#1345 = ORIENTED_EDGE ( 'NONE', *, *, #348, .T. ) ;
#1346 = CARTESIAN_POINT ( 'NONE',  ( -146.9586680518021637, -52.49898636154105702, -579.2619943383313057 ) ) ;
#1347 = ORIENTED_EDGE ( 'NONE', *, *, #486, .F. ) ;
#1348 = EDGE_CURVE ( 'NONE', #544, #562, #65, .T. ) ;
#1349 = FACE_BOUND ( 'NONE', #1729, .T. ) ;
#1350 = FACE_OUTER_BOUND ( 'NONE', #1197, .T. ) ;
#1351 = EDGE_CURVE ( 'NONE', #556, #2000, #477, .T. ) ;
#1352 = LINE ( 'NONE', #1993, #443 ) ;
#1353 = ORIENTED_EDGE ( 'NONE', *, *, #242, .T. ) ;
#1354 = DIRECTION ( 'NONE',  ( 0.000000000000000000, 1.000000000000000000, -2.155138812507656692E-10 ) ) ;
#1355 = DIRECTION ( 'NONE',  ( 2.154725578106989899E-10, -2.155138812507639890E-10, -1.000000000000000000 ) ) ;
#1356 = VERTEX_POINT ( 'NONE', #609 ) ;
#1357 = PLANE ( 'NONE',  #1402 ) ;
#1358 = CYLINDRICAL_SURFACE ( 'NONE', #38, 1.699999999999979305 ) ;
#1359 = CARTESIAN_POINT ( 'NONE',  ( -308.7563760799370129, -55.71079277499349303, -574.2617587709210056 ) ) ;
#1360 = CIRCLE ( 'NONE', #1659, 1.800000000000002931 ) ;
#1361 = ORIENTED_EDGE ( 'NONE', *, *, #488, .F. ) ;
#1362 = VECTOR ( 'NONE', #1319, 999.9999999999998863 ) ;
#1363 = CARTESIAN_POINT ( 'NONE',  ( -122.3962318449772084, -59.06029165690409855, -536.1821339081529914 ) ) ;
#1364 = FACE_OUTER_BOUND ( 'NONE', #462, .T. ) ;
#1365 = VECTOR ( 'NONE', #1484, 1000.000000000000000 ) ;
#1366 = ADVANCED_FACE ( 'NONE', ( #1303 ), #188, .F. ) ;
#1367 = DIRECTION ( 'NONE',  ( 2.154725578106989899E-10, -2.155027675033955025E-10, -1.000000000000000000 ) ) ;
#1368 = CARTESIAN_POINT ( 'NONE',  ( -288.5228586139589879, -59.00032755517779748, -582.6620225221969349 ) ) ;
#1369 = EDGE_CURVE ( 'NONE', #1929, #607, #851, .T. ) ;
#1370 = EDGE_LOOP ( 'NONE', ( #1654, #2013, #1648, #1421 ) ) ;
#1371 = ORIENTED_EDGE ( 'NONE', *, *, #445, .F. ) ;
#1372 = DIRECTION ( 'NONE',  ( -2.154725578106989899E-10, 2.155138812507639890E-10, 1.000000000000000000 ) ) ;
#1373 = CARTESIAN_POINT ( 'NONE',  ( -70.88927246304318430, -59.06029017280220472, -581.2478011283010346 ) ) ;
#1374 = VECTOR ( 'NONE', #1942, 1000.000000000000000 ) ;
#1375 = ORIENTED_EDGE ( 'NONE', *, *, #1287, .T. ) ;
#1376 = DIRECTION ( 'NONE',  ( -8.533901375144447867E-07, 2.154718169398984418E-10, 0.9999999999996358468 ) ) ;
#1377 = CARTESIAN_POINT ( 'NONE',  ( -81.15187993143669587, -54.94366761487170692, -574.2617305672799830 ) ) ;
#1378 = DIRECTION ( 'NONE',  ( -1.000000000000000000, 0.000000000000000000, -2.155138812507683059E-10 ) ) ;
#1379 = LINE ( 'NONE', #594, #1262 ) ;
#1380 = DIRECTION ( 'NONE',  ( -0.05646001023492121240, 0.7059788471961301326, 0.7059788485187751261 ) ) ;
#1381 = CARTESIAN_POINT ( 'NONE',  ( -146.9586680528795739, -54.29898636046343086, -574.2617304824170787 ) ) ;
#1382 = ORIENTED_EDGE ( 'NONE', *, *, #421, .F. ) ;
#1383 = EDGE_CURVE ( 'NONE', #1393, #1257, #1408, .T. ) ;
#1384 = ORIENTED_EDGE ( 'NONE', *, *, #2032, .T. ) ;
#1385 = CARTESIAN_POINT ( 'NONE',  ( -162.6166650806704865, -50.94936258422669795, -574.2617305856940675 ) ) ;
#1386 = ORIENTED_EDGE ( 'NONE', *, *, #406, .T. ) ;
#1387 = DIRECTION ( 'NONE',  ( 0.000000000000000000, 1.000000000000000000, -2.155138812507656692E-10 ) ) ;
#1388 = CARTESIAN_POINT ( 'NONE',  ( -178.4646082137340102, -56.43828151923149505, -579.2619943442699650 ) ) ;
#1389 = FACE_OUTER_BOUND ( 'NONE', #177, .T. ) ;
#1390 = CARTESIAN_POINT ( 'NONE',  ( -96.85306619855720101, -13.35055844492230115, -582.6619943359719400 ) ) ;
#1391 = ORIENTED_EDGE ( 'NONE', *, *, #298, .T. ) ;
#1392 = DIRECTION ( 'NONE',  ( -1.523479472860733903E-10, 0.7071067813391295198, 0.7071067810339656257 ) ) ;
#1393 = VERTEX_POINT ( 'NONE', #1867 ) ;
#1394 = EDGE_CURVE ( 'NONE', #561, #576, #1730, .T. ) ;
#1395 = DIRECTION ( 'NONE',  ( 0.000000000000000000, 1.000000000000000000, -2.155138812507656692E-10 ) ) ;
#1396 = CARTESIAN_POINT ( 'NONE',  ( -115.1166611798280144, -52.64869420823639956, -579.2619943314380180 ) ) ;
#1397 = CYLINDRICAL_SURFACE ( 'NONE', #540, 3.191528218979590381 ) ;
#1398 = CIRCLE ( 'NONE', #402, 1.800000000000002931 ) ;
#1399 = DIRECTION ( 'NONE',  ( 2.065841796520249653E-08, -0.7071067813380479405, -0.7071067810350469829 ) ) ;
#1400 = ORIENTED_EDGE ( 'NONE', *, *, #323, .F. ) ;
#1401 = VECTOR ( 'NONE', #1439, 999.9999999999998863 ) ;
#1402 = AXIS2_PLACEMENT_3D ( 'NONE', #577, #1200, #589 ) ;
#1403 = AXIS2_PLACEMENT_3D ( 'NONE', #1687, #1006, #228 ) ;
#1404 = DIRECTION ( 'NONE',  ( 0.000000000000000000, -2.403751559964249996E-10, -1.000000000000000000 ) ) ;
#1405 = ORIENTED_EDGE ( 'NONE', *, *, #1320, .T. ) ;
#1406 = EDGE_CURVE ( 'NONE', #1315, #428, #1379, .T. ) ;
#1407 = CARTESIAN_POINT ( 'NONE',  ( -161.2724244080575033, -58.99961975887699595, -582.6619796721121247 ) ) ;
#1408 = LINE ( 'NONE', #898, #1869 ) ;
#1409 = PLANE ( 'NONE',  #139 ) ;
#1410 = VERTEX_POINT ( 'NONE', #1547 ) ;
#1411 = DIRECTION ( 'NONE',  ( 8.533901373465337398E-07, -2.035269526603778766E-10, -0.9999999999996358468 ) ) ;
#1412 = VERTEX_POINT ( 'NONE', #918 ) ;
#1413 = DIRECTION ( 'NONE',  ( -2.154526557164030122E-10, 2.155138812507639890E-10, 1.000000000000000000 ) ) ;
#1414 = CARTESIAN_POINT ( 'NONE',  ( -234.9647114467909148, -50.70043776325478291, -574.2617305465732898 ) ) ;
#1415 = EDGE_CURVE ( 'NONE', #1412, #114, #174, .T. ) ;
#1416 = ORIENTED_EDGE ( 'NONE', *, *, #1077, .T. ) ;
#1417 = ADVANCED_FACE ( 'NONE', ( #1389 ), #305, .T. ) ;
#1418 = ORIENTED_EDGE ( 'NONE', *, *, #1287, .F. ) ;
#1419 = DIRECTION ( 'NONE',  ( 2.154725578106990158E-10, -2.155142290122949728E-10, -1.000000000000000000 ) ) ;
#1420 = CARTESIAN_POINT ( 'NONE',  ( -255.5228586172315204, -58.99986366718620445, -582.6619943603229785 ) ) ;
#1421 = ORIENTED_EDGE ( 'NONE', *, *, #486, .T. ) ;
#1422 = CARTESIAN_POINT ( 'NONE',  ( -318.4798467925099885, -60.00032842371579989, -581.6620225284359549 ) ) ;
#1423 = PLANE ( 'NONE',  #750 ) ;
#1424 = DIRECTION ( 'NONE',  ( 2.899994230578748967E-08, -0.9999999999999995559, 2.129559836555589061E-10 ) ) ;
#1425 = AXIS2_PLACEMENT_3D ( 'NONE', #1792, #1138, #1475 ) ;
#1426 = EDGE_LOOP ( 'NONE', ( #983, #1920, #1202, #234 ) ) ;
#1427 = EDGE_CURVE ( 'NONE', #2000, #916, #968, .T. ) ;
#1428 = ORIENTED_EDGE ( 'NONE', *, *, #1711, .T. ) ;
#1429 = CARTESIAN_POINT ( 'NONE',  ( -227.3127658294575042, -52.65027015483850192, -574.2607305445039856 ) ) ;
#1430 = ORIENTED_EDGE ( 'NONE', *, *, #2032, .F. ) ;
#1431 = VECTOR ( 'NONE', #1978, 1000.000000000000000 ) ;
#1432 = AXIS2_PLACEMENT_3D ( 'NONE', #496, #1923, #1181 ) ;
#1433 = DIRECTION ( 'NONE',  ( 0.000000000000000000, 1.000000000000000000, -2.155066248911272609E-10 ) ) ;
#1434 = CARTESIAN_POINT ( 'NONE',  ( -234.9647114462521813, -54.30043776325479143, -574.2617587553249905 ) ) ;
#1435 = LINE ( 'NONE', #1649, #1725 ) ;
#1436 = CONICAL_SURFACE ( 'NONE', #1971, 1.700000000000000178, 0.7853981633976067078 ) ;
#1437 = CARTESIAN_POINT ( 'NONE',  ( -274.8127619197860554, -50.95093649486190657, -574.2617306098691188 ) ) ;
#1438 = CARTESIAN_POINT ( 'NONE',  ( -161.2724424937840126, -57.71303984634079853, -582.6619796723890659 ) ) ;
#1439 = DIRECTION ( 'NONE',  ( -1.523480338816795279E-10, -0.7071067810343351079, 0.7071067813387601486 ) ) ;
#1440 = EDGE_LOOP ( 'NONE', ( #1980, #932, #1220, #1242, #1661 ) ) ;
#1441 = VERTEX_POINT ( 'NONE', #1339 ) ;
#1442 = DIRECTION ( 'NONE',  ( 0.000000000000000000, 1.000000000000000000, -2.155138812507656692E-10 ) ) ;
#1443 = ADVANCED_FACE ( 'NONE', ( #1632, #227, #1529, #1055, #663, #1245 ), #1255, .F. ) ;
#1444 = CARTESIAN_POINT ( 'NONE',  ( -227.3127658294575042, -53.05027015483889841, -574.2617587539460828 ) ) ;
#1445 = EDGE_LOOP ( 'NONE', ( #1814, #1542, #1106, #84 ) ) ;
#1446 = EDGE_CURVE ( 'NONE', #632, #930, #1298, .T. ) ;
#1447 = CARTESIAN_POINT ( 'NONE',  ( -306.0257825706620451, -60.00032806022819898, -570.7655501619329925 ) ) ;
#1448 = PLANE ( 'NONE',  #963 ) ;
#1449 = CARTESIAN_POINT ( 'NONE',  ( -178.4645764722384911, -58.99986143071169664, -574.2617305873740179 ) ) ;
#1450 = EDGE_LOOP ( 'NONE', ( #491, #240, #394, #2010 ) ) ;
#1451 = ORIENTED_EDGE ( 'NONE', *, *, #1582, .T. ) ;
#1452 = EDGE_CURVE ( 'NONE', #1216, #1594, #746, .T. ) ;
#1453 = ORIENTED_EDGE ( 'NONE', *, *, #603, .T. ) ;
#1454 = DIRECTION ( 'NONE',  ( 0.000000000000000000, 1.000000000000000000, -2.155066248911289153E-10 ) ) ;
#1455 = EDGE_CURVE ( 'NONE', #93, #862, #447, .T. ) ;
#1456 = LINE ( 'NONE', #673, #1961 ) ;
#1457 = LINE ( 'NONE', #1449, #1537 ) ;
#1458 = CARTESIAN_POINT ( 'NONE',  ( -154.9647120721793954, -54.29931448589218235, -574.2617305285598377 ) ) ;
#1459 = CARTESIAN_POINT ( 'NONE',  ( -266.9647114425691825, -50.70088636195268350, -579.2620225193403485 ) ) ;
#1460 = VECTOR ( 'NONE', #467, 1000.000000000000000 ) ;
#1461 = ORIENTED_EDGE ( 'NONE', *, *, #1446, .T. ) ;
#1462 = VECTOR ( 'NONE', #1566, 1000.000000000000000 ) ;
#1463 = VERTEX_POINT ( 'NONE', #22 ) ;
#1464 = CIRCLE ( 'NONE', #1932, 1.699999999999979305 ) ;
#1465 = CARTESIAN_POINT ( 'NONE',  ( -273.9037090091579785, -50.95005183062400533, -579.2620225207809881 ) ) ;
#1466 = VERTEX_POINT ( 'NONE', #213 ) ;
#1467 = EDGE_CURVE ( 'NONE', #741, #1518, #843, .T. ) ;
#1468 = CARTESIAN_POINT ( 'NONE',  ( -227.3127658293715001, -50.95027015492500055, -574.6617587543979653 ) ) ;
#1469 = DIRECTION ( 'NONE',  ( 2.154725578106989899E-10, -2.155142290122949986E-10, -1.000000000000000000 ) ) ;
#1470 = CARTESIAN_POINT ( 'NONE',  ( -274.8127619197865670, -49.25093649486170477, -574.2607305554710138 ) ) ;
#1471 = LINE ( 'NONE', #705, #543 ) ;
#1472 = ORIENTED_EDGE ( 'NONE', *, *, #175, .F. ) ;
#1473 = FACE_OUTER_BOUND ( 'NONE', #20, .T. ) ;
#1474 = EDGE_CURVE ( 'NONE', #862, #1062, #2047, .T. ) ;
#1475 = DIRECTION ( 'NONE',  ( 0.000000000000000000, 1.000000000000000000, -2.155138812507656692E-10 ) ) ;
#1476 = DIRECTION ( 'NONE',  ( 2.154725578106989899E-10, -2.155142290122949986E-10, -1.000000000000000000 ) ) ;
#1477 = ADVANCED_FACE ( 'NONE', ( #763 ), #1705, .T. ) ;
#1478 = VERTEX_POINT ( 'NONE', #1247 ) ;
#1479 = APPLICATION_CONTEXT ( 'automotive_design' ) ;
#1480 = ORIENTED_EDGE ( 'NONE', *, *, #1219, .T. ) ;
#1481 = CARTESIAN_POINT ( 'NONE',  ( -115.1166611804100057, -50.94869420715869524, -574.2617305754600920 ) ) ;
#1482 = CARTESIAN_POINT ( 'NONE',  ( -317.9664349502810410, -57.18342970226559885, -581.2478473757729489 ) ) ;
#1483 = DIRECTION ( 'NONE',  ( 2.774300273328898303E-10, 0.9363291774933856226, -0.3511234417901488714 ) ) ;
#1484 = DIRECTION ( 'NONE',  ( -1.000000000000000000, 2.154931898490250013E-10, -2.154725578571409937E-10 ) ) ;
#1485 = CARTESIAN_POINT ( 'NONE',  ( -266.9647114431078307, -54.30088636087508291, -574.2617587622200972 ) ) ;
#1486 = DIRECTION ( 'NONE',  ( 0.7843570386175008347, -0.2178052521537249542, -0.5808140047428579367 ) ) ;
#1487 = FACE_OUTER_BOUND ( 'NONE', #1002, .T. ) ;
#1488 = ORIENTED_EDGE ( 'NONE', *, *, #956, .F. ) ;
#1489 = EDGE_CURVE ( 'NONE', #2039, #302, #470, .T. ) ;
#1490 = ORIENTED_EDGE ( 'NONE', *, *, #1035, .T. ) ;
#1491 = FACE_OUTER_BOUND ( 'NONE', #976, .T. ) ;
#1492 = AXIS2_PLACEMENT_3D ( 'NONE', #1819, #1193, #1378 ) ;
#1493 = CIRCLE ( 'NONE', #1322, 2.100000000000094680 ) ;
#1494 = ORIENTED_EDGE ( 'NONE', *, *, #738, .F. ) ;
#1495 = AXIS2_PLACEMENT_3D ( 'NONE', #337, #795, #966 ) ;
#1496 = DIRECTION ( 'NONE',  ( -1.000000000000000000, 0.000000000000000000, -7.901210637445780018E-10 ) ) ;
#1497 = CIRCLE ( 'NONE', #78, 1.800000000000002931 ) ;
#1498 = AXIS2_PLACEMENT_3D ( 'NONE', #1314, #1973, #1927 ) ;
#1499 = CARTESIAN_POINT ( 'NONE',  ( -96.59680278252228902, -13.20875035945010012, -581.9548977398350189 ) ) ;
#1500 = DIRECTION ( 'NONE',  ( 0.000000000000000000, -1.000000000000000000, 2.155142290122949986E-10 ) ) ;
#1501 = VECTOR ( 'NONE', #262, 1000.000000000000114 ) ;
#1502 = DIRECTION ( 'NONE',  ( 2.154725578106989899E-10, -2.155027675033955025E-10, -1.000000000000000000 ) ) ;
#1503 = EDGE_LOOP ( 'NONE', ( #794, #1797, #1892, #2048 ) ) ;
#1504 = ORIENTED_EDGE ( 'NONE', *, *, #1150, .F. ) ;
#1505 = DIRECTION ( 'NONE',  ( -2.155138812507684868E-10, 2.155220446553825016E-10, 1.000000000000000000 ) ) ;
#1506 = EDGE_CURVE ( 'NONE', #1315, #1154, #584, .T. ) ;
#1507 = EDGE_LOOP ( 'NONE', ( #1204, #1052, #1615, #588 ) ) ;
#1508 = EDGE_CURVE ( 'NONE', #1107, #653, #1631, .T. ) ;
#1509 = APPLICATION_PROTOCOL_DEFINITION ( 'draft international standard', 'automotive_design', 1998, #749 ) ;
#1510 = CARTESIAN_POINT ( 'NONE',  ( -199.8575906135899913, -56.43828151462140141, -579.2619943488800800 ) ) ;
#1511 = DIRECTION ( 'NONE',  ( 2.154725578106989899E-10, -2.155142290122949986E-10, -1.000000000000000000 ) ) ;
#1512 = PRESENTATION_STYLE_ASSIGNMENT (( #1666 ) ) ;
#1513 = DIRECTION ( 'NONE',  ( 2.154725578106989899E-10, -2.155142290122949986E-10, -1.000000000000000000 ) ) ;
#1514 = ORIENTED_EDGE ( 'NONE', *, *, #947, .T. ) ;
#1515 = CARTESIAN_POINT ( 'NONE',  ( -129.5956532422181908, -29.11814625434600146, -544.3800168304800309 ) ) ;
#1516 = CARTESIAN_POINT ( 'NONE',  ( -242.9706680428313064, -54.30033880691386372, -579.2620225133945269 ) ) ;
#1517 = EDGE_CURVE ( 'NONE', #318, #1478, #920, .T. ) ;
#1518 = VERTEX_POINT ( 'NONE', #4 ) ;
#1519 = EDGE_CURVE ( 'NONE', #741, #1315, #1457, .T. ) ;
#1520 = DIRECTION ( 'NONE',  ( 2.774300273328898303E-10, 0.9363291774933856226, -0.3511234417901488714 ) ) ;
#1521 = CARTESIAN_POINT ( 'NONE',  ( -81.02819183532560032, -50.40604856887430429, -574.2617305682319966 ) ) ;
#1522 = EDGE_LOOP ( 'NONE', ( #1613, #1734, #1428, #1764 ) ) ;
#1523 = ORIENTED_EDGE ( 'NONE', *, *, #1810, .T. ) ;
#1524 = DIRECTION ( 'NONE',  ( 2.154725578106990158E-10, -2.155142290122949986E-10, -1.000000000000000000 ) ) ;
#1525 = LINE ( 'NONE', #1312, #542 ) ;
#1526 = AXIS2_PLACEMENT_3D ( 'NONE', #1877, #1724, #1082 ) ;
#1527 = EDGE_LOOP ( 'NONE', ( #144, #223, #357, #1333, #1620 ) ) ;
#1528 = AXIS2_PLACEMENT_3D ( 'NONE', #1037, #253, #1051 ) ;
#1529 = FACE_BOUND ( 'NONE', #526, .T. ) ;
#1530 = CIRCLE ( 'NONE', #1727, 1.699999999999958433 ) ;
#1531 = DIRECTION ( 'NONE',  ( -0.05646001023495070270, 0.7059788471961160328, 0.7059788485187870055 ) ) ;
#1532 = EDGE_CURVE ( 'NONE', #856, #787, #957, .T. ) ;
#1533 = LINE ( 'NONE', #1390, #43 ) ;
#1534 = DIRECTION ( 'NONE',  ( 2.154725578106990158E-10, -2.155142290122949986E-10, -1.000000000000000000 ) ) ;
#1535 = DIRECTION ( 'NONE',  ( -0.7068441049236229290, 0.01926741756556240096, -0.7071069070197778528 ) ) ;
#1536 = VERTEX_POINT ( 'NONE', #1115 ) ;
#1537 = VECTOR ( 'NONE', #949, 1000.000000000000000 ) ;
#1538 = ORIENTED_EDGE ( 'NONE', *, *, #766, .T. ) ;
#1539 = UNCERTAINTY_MEASURE_WITH_UNIT (LENGTH_MEASURE( 1.000000000000000082E-05 ), #1803, 'distance_accuracy_value', 'NONE');
#1540 = CARTESIAN_POINT ( 'NONE',  ( -274.3566413007055189, -52.58860373376059982, -579.2620225205268980 ) ) ;
#1541 = AXIS2_PLACEMENT_3D ( 'NONE', #1465, #830, #1297 ) ;
#1542 = ORIENTED_EDGE ( 'NONE', *, *, #403, .F. ) ;
#1543 = CARTESIAN_POINT ( 'NONE',  ( -154.9647120727181004, -50.69931448589217382, -574.2617305293357504 ) ) ;
#1544 = PLANE ( 'NONE',  #965 ) ;
#1545 = CARTESIAN_POINT ( 'NONE',  ( -211.4646082104614777, -56.43874540722309519, -579.2620225061450583 ) ) ;
#1546 = DIRECTION ( 'NONE',  ( 2.154725578106989899E-10, -2.155138812507709942E-10, -1.000000000000000000 ) ) ;
#1547 = CARTESIAN_POINT ( 'NONE',  ( -274.8127619192044904, -49.25093649494819914, -574.6617306102359635 ) ) ;
#1548 = DIRECTION ( 'NONE',  ( -1.000000000000000000, 4.081702296416066484E-15, -2.154485740140256557E-10 ) ) ;
#1549 = VERTEX_POINT ( 'NONE', #656 ) ;
#1550 = ADVANCED_FACE ( 'NONE', ( #27 ), #353, .F. ) ;
#1551 = CYLINDRICAL_SURFACE ( 'NONE', #207, 1.800000000000002931 ) ;
#1552 = ORIENTED_EDGE ( 'NONE', *, *, #1206, .F. ) ;
#1553 = CYLINDRICAL_SURFACE ( 'NONE', #243, 1.800000000000002931 ) ;
#1554 = DIRECTION ( 'NONE',  ( 0.0002382306651864493532, 0.9999999716230746349, 0.000000000000000000 ) ) ;
#1555 = ORIENTED_EDGE ( 'NONE', *, *, #497, .F. ) ;
#1556 = LINE ( 'NONE', #1429, #138 ) ;
#1557 = EDGE_CURVE ( 'NONE', #1253, #1974, #195, .T. ) ;
#1558 = ORIENTED_EDGE ( 'NONE', *, *, #1452, .T. ) ;
#1559 = CONICAL_SURFACE ( 'NONE', #991, 1.700000000000000178, 0.7853981633975366528 ) ;
#1560 = LINE ( 'NONE', #634, #770 ) ;
#1561 = CIRCLE ( 'NONE', #1227, 1.800000000000002931 ) ;
#1562 = VECTOR ( 'NONE', #331, 1000.000000000000000 ) ;
#1563 = ORIENTED_EDGE ( 'NONE', *, *, #1446, .F. ) ;
#1564 = AXIS2_PLACEMENT_3D ( 'NONE', #1018, #694, #1139 ) ;
#1565 = VERTEX_POINT ( 'NONE', #615 ) ;
#1566 = DIRECTION ( 'NONE',  ( -1.000000000000000000, 2.154931898490250013E-10, -2.154725578571409937E-10 ) ) ;
#1567 = FACE_BOUND ( 'NONE', #1334, .T. ) ;
#1568 = ADVANCED_FACE ( 'NONE', ( #322 ), #745, .F. ) ;
#1569 = ORIENTED_EDGE ( 'NONE', *, *, #1851, .T. ) ;
#1570 = ADVANCED_FACE ( 'NONE', ( #1579 ), #1716, .F. ) ;
#1571 = CARTESIAN_POINT ( 'NONE',  ( -313.9862078300200210, -47.36518225986100106, -579.2620225301909613 ) ) ;
#1572 = CARTESIAN_POINT ( 'NONE',  ( -122.9647120748050924, -52.49886446269307072, -579.2619943331612831 ) ) ;
#1573 = DIRECTION ( 'NONE',  ( -0.7070714108293436606, 0.000000000000000000, -0.7071421497745707940 ) ) ;
#1574 = DIRECTION ( 'NONE',  ( 1.405721186614260511E-05, -0.9999999999011973673, 2.155396858322835725E-10 ) ) ;
#1575 = ORIENTED_EDGE ( 'NONE', *, *, #1348, .T. ) ;
#1576 = VERTEX_POINT ( 'NONE', #1543 ) ;
#1577 = CARTESIAN_POINT ( 'NONE',  ( -242.9706680422925729, -52.50033880691385946, -579.2620225137824264 ) ) ;
#1578 = ORIENTED_EDGE ( 'NONE', *, *, #1394, .T. ) ;
#1579 = FACE_OUTER_BOUND ( 'NONE', #1624, .T. ) ;
#1580 = ADVANCED_FACE ( 'NONE', ( #2058 ), #434, .F. ) ;
#1581 = CARTESIAN_POINT ( 'NONE',  ( -122.9647120758825167, -50.69886446161545024, -574.2617305224406437 ) ) ;
#1582 = EDGE_CURVE ( 'NONE', #233, #818, #316, .T. ) ;
#1583 = ORIENTED_EDGE ( 'NONE', *, *, #571, .T. ) ;
#1584 = ORIENTED_EDGE ( 'NONE', *, *, #1301, .F. ) ;
#1585 = CYLINDRICAL_SURFACE ( 'NONE', #775, 1.800000000000002931 ) ;
#1586 = EDGE_LOOP ( 'NONE', ( #2030, #1994, #47, #1504 ) ) ;
#1587 = LINE ( 'NONE', #642, #451 ) ;
#1588 = CARTESIAN_POINT ( 'NONE',  ( -266.9647114436465927, -50.70088636087505307, -574.2617305534682828 ) ) ;
#1589 = DIRECTION ( 'NONE',  ( 0.000000000000000000, 1.000000000000000000, -2.155138812507709425E-10 ) ) ;
#1590 = DIRECTION ( 'NONE',  ( -8.533901373942777048E-07, 2.069233830785804417E-10, 0.9999999999996358468 ) ) ;
#1591 = CLOSED_SHELL ( 'NONE', ( #1366, #652, #1248, #1786, #1849, #897, #512, #158, #1568, #58, #2009, #1019, #1765, #1056, #1140, #974, #936, #136, #76, #1209, #835, #1912, #473, #100, #1570, #1417, #123, #1801, #814, #229, #476, #1309, #755, #674, #938, #1580, #1045, #1633, #527, #1443, #1733, #161, #2045, #790, #1477, #984, #449, #2052, #788, #1617, #1338, #148, #287, #1940, #1964, #821, #798, #567, #1657, #1275, #959, #559, #1878, #1550, #520, #1185 ) ) ;
#1592 = EDGE_CURVE ( 'NONE', #142, #1948, #2002, .T. ) ;
#1593 = ORIENTED_EDGE ( 'NONE', *, *, #344, .T. ) ;
#1594 = VERTEX_POINT ( 'NONE', #953 ) ;
#1595 = DIRECTION ( 'NONE',  ( 2.154725578106989899E-10, -2.155142290122949986E-10, -1.000000000000000000 ) ) ;
#1596 = AXIS2_PLACEMENT_3D ( 'NONE', #768, #414, #1395 ) ;
#1597 = AXIS2_PLACEMENT_3D ( 'NONE', #1285, #508, #1269 ) ;
#1598 = ORIENTED_EDGE ( 'NONE', *, *, #1474, .F. ) ;
#1599 = AXIS2_PLACEMENT_3D ( 'NONE', #1038, #881, #1152 ) ;
#1600 = CARTESIAN_POINT ( 'NONE',  ( -146.9586680523408688, -54.29898636154106129, -579.2619943379432925 ) ) ;
#1601 = CARTESIAN_POINT ( 'NONE',  ( -288.5228586157689961, -59.00032755338899904, -574.2617587658520506 ) ) ;
#1602 = LINE ( 'NONE', #1588, #779 ) ;
#1603 = AXIS2_PLACEMENT_3D ( 'NONE', #1023, #225, #724 ) ;
#1604 = VERTEX_POINT ( 'NONE', #845 ) ;
#1605 = EDGE_CURVE ( 'NONE', #1441, #883, #1899, .T. ) ;
#1606 = ORIENTED_EDGE ( 'NONE', *, *, #1489, .T. ) ;
#1607 = EDGE_CURVE ( 'NONE', #607, #610, #1525, .T. ) ;
#1608 = ORIENTED_EDGE ( 'NONE', *, *, #1316, .F. ) ;
#1609 = EDGE_LOOP ( 'NONE', ( #1900, #1020 ) ) ;
#1610 = CARTESIAN_POINT ( 'NONE',  ( -227.3127658294575042, -50.95027015483870514, -574.2617587543979880 ) ) ;
#1611 = DIRECTION ( 'NONE',  ( 0.000000000000000000, 1.000000000000000000, -2.155066248911272609E-10 ) ) ;
#1612 = LINE ( 'NONE', #196, #1401 ) ;
#1613 = ORIENTED_EDGE ( 'NONE', *, *, #873, .F. ) ;
#1614 = DIRECTION ( 'NONE',  ( 2.154725578106989899E-10, -2.155142290122949986E-10, -1.000000000000000000 ) ) ;
#1615 = ORIENTED_EDGE ( 'NONE', *, *, #49, .T. ) ;
#1616 = ORIENTED_EDGE ( 'NONE', *, *, #418, .T. ) ;
#1617 = ADVANCED_FACE ( 'NONE', ( #530 ), #1336, .T. ) ;
#1618 = DIRECTION ( 'NONE',  ( 0.000000000000000000, 1.000000000000000000, -2.155066248911264079E-10 ) ) ;
#1619 = DIRECTION ( 'NONE',  ( 0.7526016653955852620, 2.196563129466640183E-08, 0.6584760688466900769 ) ) ;
#1620 = ORIENTED_EDGE ( 'NONE', *, *, #627, .F. ) ;
#1621 = VERTEX_POINT ( 'NONE', #880 ) ;
#1622 = DIRECTION ( 'NONE',  ( 2.154725578106990158E-10, -2.155142290122949728E-10, -1.000000000000000000 ) ) ;
#1623 = CIRCLE ( 'NONE', #533, 1.700000000000000178 ) ;
#1624 = EDGE_LOOP ( 'NONE', ( #1555, #502, #275, #1713, #799, #1347, #1494 ) ) ;
#1625 = AXIS2_PLACEMENT_3D ( 'NONE', #61, #1424, #1173 ) ;
#1626 = VECTOR ( 'NONE', #301, 1000.000000000000114 ) ;
#1627 = VERTEX_POINT ( 'NONE', #1482 ) ;
#1628 = AXIS2_PLACEMENT_3D ( 'NONE', #1783, #361, #2054 ) ;
#1629 = DIRECTION ( 'NONE',  ( 2.154725578106989899E-10, -2.155138812507639890E-10, -1.000000000000000000 ) ) ;
#1630 = EDGE_LOOP ( 'NONE', ( #921, #990, #891, #2041, #1281, #1712, #1910, #2027, #1903 ) ) ;
#1631 = CIRCLE ( 'NONE', #1833, 1.700000000000000178 ) ;
#1632 = FACE_BOUND ( 'NONE', #1232, .T. ) ;
#1633 = ADVANCED_FACE ( 'NONE', ( #1218 ), #13, .T. ) ;
#1634 = CARTESIAN_POINT ( 'NONE',  ( -311.1646999085564858, -60.00032821021400764, -575.2617587705150299 ) ) ;
#1635 = FACE_OUTER_BOUND ( 'NONE', #273, .T. ) ;
#1636 = AXIS2_PLACEMENT_3D ( 'NONE', #1822, #1355, #1639 ) ;
#1637 = DIRECTION ( 'NONE',  ( -0.9999999999008332141, -1.405721186632142393E-05, -8.533901344011961531E-07 ) ) ;
#1638 = ORIENTED_EDGE ( 'NONE', *, *, #421, .T. ) ;
#1639 = DIRECTION ( 'NONE',  ( 0.000000000000000000, 1.000000000000000000, -2.155138812507656692E-10 ) ) ;
#1640 = ORIENTED_EDGE ( 'NONE', *, *, #1880, .F. ) ;
#1641 = LINE ( 'NONE', #235, #1362 ) ;
#1642 = DIRECTION ( 'NONE',  ( 0.000000000000000000, 1.000000000000000000, -2.155138812507656692E-10 ) ) ;
#1643 = LINE ( 'NONE', #1008, #1224 ) ;
#1644 = EDGE_CURVE ( 'NONE', #1441, #101, #184, .T. ) ;
#1645 = LINE ( 'NONE', #1031, #1294 ) ;
#1646 = CARTESIAN_POINT ( 'NONE',  ( -115.1166611793324108, -49.24869420823630151, -579.2619943321709570 ) ) ;
#1647 = ORIENTED_EDGE ( 'NONE', *, *, #587, .F. ) ;
#1648 = ORIENTED_EDGE ( 'NONE', *, *, #1137, .F. ) ;
#1649 = CARTESIAN_POINT ( 'NONE',  ( -301.9738464953399557, -67.48287717793461127, -574.1794732887810824 ) ) ;
#1650 = CARTESIAN_POINT ( 'NONE',  ( -276.5127619196999831, -50.95093649490500098, -574.6617306102359635 ) ) ;
#1651 = FACE_BOUND ( 'NONE', #164, .T. ) ;
#1652 = CARTESIAN_POINT ( 'NONE',  ( -274.3598296271604795, -49.31238459280289987, -579.2620084440341088 ) ) ;
#1653 = EDGE_CURVE ( 'NONE', #328, #1846, #3, .T. ) ;
#1654 = ORIENTED_EDGE ( 'NONE', *, *, #860, .F. ) ;
#1655 = CIRCLE ( 'NONE', #638, 1.700000000000000178 ) ;
#1656 = ADVANCED_BREP_SHAPE_REPRESENTATION ( 'Front_Rear_Skirt_Accent', ( #1092, #214 ), #579 ) ;
#1657 = ADVANCED_FACE ( 'NONE', ( #783 ), #1436, .F. ) ;
#1658 = CARTESIAN_POINT ( 'NONE',  ( -154.9647120716406903, -52.49931448696980851, -579.2619943400562761 ) ) ;
#1659 = AXIS2_PLACEMENT_3D ( 'NONE', #140, #1072, #481 ) ;
#1660 = VECTOR ( 'NONE', #17, 1000.000000000000114 ) ;
#1661 = ORIENTED_EDGE ( 'NONE', *, *, #664, .T. ) ;
#1662 = AXIS2_PLACEMENT_3D ( 'NONE', #325, #186, #1126 ) ;
#1663 = PRESENTATION_LAYER_ASSIGNMENT (  '', '', ( #107 ) ) ;
#1664 = CIRCLE ( 'NONE', #1065, 3.191528218979590381 ) ;
#1665 = DIRECTION ( 'NONE',  ( 0.000000000000000000, -0.6500616489290196309, -0.7598814727256376633 ) ) ;
#1666 = SURFACE_STYLE_USAGE ( .BOTH. , #99 ) ;
#1667 = AXIS2_PLACEMENT_3D ( 'NONE', #1254, #303, #1883 ) ;
#1668 = DIRECTION ( 'NONE',  ( -0.2415762345817290269, 0.3407238129281330852, 0.9085968336886431906 ) ) ;
#1669 = LINE ( 'NONE', #1521, #836 ) ;
#1670 = ORIENTED_EDGE ( 'NONE', *, *, #1125, .T. ) ;
#1671 = EDGE_CURVE ( 'NONE', #1604, #1463, #1735, .T. ) ;
#1672 = VERTEX_POINT ( 'NONE', #1908 ) ;
#1673 = DIRECTION ( 'NONE',  ( 2.154485740140250094E-10, -2.155139259138739987E-10, -1.000000000000000000 ) ) ;
#1674 = EDGE_CURVE ( 'NONE', #632, #1311, #18, .T. ) ;
#1675 = DIRECTION ( 'NONE',  ( 2.154725578106989899E-10, -2.155142290122949986E-10, -1.000000000000000000 ) ) ;
#1676 = ORIENTED_EDGE ( 'NONE', *, *, #267, .T. ) ;
#1677 = LINE ( 'NONE', #1054, #706 ) ;
#1678 = CARTESIAN_POINT ( 'NONE',  ( -146.9586680523408688, -54.29898636046343086, -574.2617304824170787 ) ) ;
#1679 = FACE_OUTER_BOUND ( 'NONE', #815, .T. ) ;
#1680 = CARTESIAN_POINT ( 'NONE',  ( -264.0886347832334877, -56.51306881644170232, -574.2617306063599472 ) ) ;
#1681 = LINE ( 'NONE', #1368, #407 ) ;
#1682 = ORIENTED_EDGE ( 'NONE', *, *, #660, .F. ) ;
#1683 = VERTEX_POINT ( 'NONE', #1772 ) ;
#1684 = DIRECTION ( 'NONE',  ( 2.154725578106989899E-10, -2.154890023034254903E-10, -1.000000000000000000 ) ) ;
#1685 = EDGE_CURVE ( 'NONE', #1755, #1288, #546, .T. ) ;
#1686 = ORIENTED_EDGE ( 'NONE', *, *, #1736, .F. ) ;
#1687 = CARTESIAN_POINT ( 'NONE',  ( -273.9037090084249826, -50.95005183135670279, -582.6620225207809654 ) ) ;
#1688 = FACE_BOUND ( 'NONE', #661, .T. ) ;
#1689 = DIRECTION ( 'NONE',  ( 0.000000000000000000, -1.000000000000000000, 2.155142290122949986E-10 ) ) ;
#1690 = DIRECTION ( 'NONE',  ( -1.405721186614262543E-05, 0.9999999999011973673, -2.155232386055040578E-10 ) ) ;
#1691 = ORIENTED_EDGE ( 'NONE', *, *, #406, .F. ) ;
#1692 = CARTESIAN_POINT ( 'NONE',  ( -122.9647120758825167, -52.49886446161544029, -574.2617305220527442 ) ) ;
#1693 = ORIENTED_EDGE ( 'NONE', *, *, #1592, .F. ) ;
#1694 = CARTESIAN_POINT ( 'NONE',  ( -306.2423085697710121, -59.53054038350709476, -570.5180729567290427 ) ) ;
#1695 = DIRECTION ( 'NONE',  ( 0.000000000000000000, 1.000000000000000000, -2.155066248911272609E-10 ) ) ;
#1696 = CIRCLE ( 'NONE', #1492, 1.699999999999979305 ) ;
#1697 = ORIENTED_EDGE ( 'NONE', *, *, #1258, .F. ) ;
#1698 = LINE ( 'NONE', #927, #1501 ) ;
#1699 = VECTOR ( 'NONE', #879, 1000.000000000000114 ) ;
#1700 = DIRECTION ( 'NONE',  ( -0.9999999999008332141, -1.405721186632142393E-05, -8.533901344011961531E-07 ) ) ;
#1701 = AXIS2_PLACEMENT_3D ( 'NONE', #1468, #1156, #1642 ) ;
#1702 = CARTESIAN_POINT ( 'NONE',  ( -318.5961904597214698, -53.94503701876150359, -576.1321313353510050 ) ) ;
#1703 = VECTOR ( 'NONE', #1015, 1000.000000000000000 ) ;
#1704 = CYLINDRICAL_SURFACE ( 'NONE', #313, 1.800000000000002931 ) ;
#1705 = PLANE ( 'NONE',  #1266 ) ;
#1706 = AXIS2_PLACEMENT_3D ( 'NONE', #2024, #159, #170 ) ;
#1707 = EDGE_LOOP ( 'NONE', ( #1036, #602, #221, #375, #1778 ) ) ;
#1708 = CARTESIAN_POINT ( 'NONE',  ( -115.1166611804100057, -50.94869420715869524, -574.2617305754600920 ) ) ;
#1709 = CARTESIAN_POINT ( 'NONE',  ( -273.1127619196999490, -50.95093649494809540, -574.6617306095030244 ) ) ;
#1710 = ORIENTED_EDGE ( 'NONE', *, *, #1719, .F. ) ;
#1711 = EDGE_CURVE ( 'NONE', #1253, #1279, #523, .T. ) ;
#1712 = ORIENTED_EDGE ( 'NONE', *, *, #1258, .T. ) ;
#1713 = ORIENTED_EDGE ( 'NONE', *, *, #1369, .F. ) ;
#1714 = DIRECTION ( 'NONE',  ( 0.000000000000000000, -1.000000000000000000, 2.035269526604519868E-10 ) ) ;
#1715 = ORIENTED_EDGE ( 'NONE', *, *, #391, .F. ) ;
#1716 = PLANE ( 'NONE',  #1667 ) ;
#1717 = FACE_OUTER_BOUND ( 'NONE', #1847, .T. ) ;
#1718 = ORIENTED_EDGE ( 'NONE', *, *, #1982, .F. ) ;
#1719 = EDGE_CURVE ( 'NONE', #54, #204, #282, .T. ) ;
#1720 = ORIENTED_EDGE ( 'NONE', *, *, #1467, .F. ) ;
#1721 = LINE ( 'NONE', #934, #1462 ) ;
#1722 = EDGE_CURVE ( 'NONE', #888, #916, #692, .T. ) ;
#1723 = CARTESIAN_POINT ( 'NONE',  ( -227.3127658293715001, -50.95027015492500055, -574.6617587543979653 ) ) ;
#1724 = DIRECTION ( 'NONE',  ( 2.154725578106989899E-10, -2.155142290122949986E-10, -1.000000000000000000 ) ) ;
#1725 = VECTOR ( 'NONE', #655, 1000.000000000000114 ) ;
#1726 = DIRECTION ( 'NONE',  ( 0.000000000000000000, -1.000000000000000000, 2.155138812507656692E-10 ) ) ;
#1727 = AXIS2_PLACEMENT_3D ( 'NONE', #1771, #823, #1589 ) ;
#1728 = FACE_OUTER_BOUND ( 'NONE', #1370, .T. ) ;
#1729 = EDGE_LOOP ( 'NONE', ( #1141, #828, #964, #1172, #504 ) ) ;
#1730 = CIRCLE ( 'NONE', #2001, 2.100000000000094680 ) ;
#1731 = ORIENTED_EDGE ( 'NONE', *, *, #617, .T. ) ;
#1732 = LINE ( 'NONE', #631, #1865 ) ;
#1733 = ADVANCED_FACE ( 'NONE', ( #79 ), #1954, .T. ) ;
#1734 = ORIENTED_EDGE ( 'NONE', *, *, #1992, .T. ) ;
#1735 = CIRCLE ( 'NONE', #1597, 3.191528218979590381 ) ;
#1736 = EDGE_CURVE ( 'NONE', #1627, #290, #444, .T. ) ;
#1737 = DIRECTION ( 'NONE',  ( -1.523479472860580357E-10, 0.7071067813390071732, 0.7071067810340879722 ) ) ;
#1738 = LINE ( 'NONE', #1282, #1270 ) ;
#1739 = DIRECTION ( 'NONE',  ( -0.9999999999999996669, -2.899994230583329232E-08, -2.154725515607989476E-10 ) ) ;
#1740 = CARTESIAN_POINT ( 'NONE',  ( -242.9706680433700114, -50.70033880583623187, -574.2617305038805853 ) ) ;
#1741 = ORIENTED_EDGE ( 'NONE', *, *, #460, .F. ) ;
#1742 = CYLINDRICAL_SURFACE ( 'NONE', #1299, 1.700000000000000178 ) ;
#1743 = ORIENTED_EDGE ( 'NONE', *, *, #1369, .T. ) ;
#1744 = CARTESIAN_POINT ( 'NONE',  ( -178.4645588306754860, -59.99986143228709778, -581.6619943435030109 ) ) ;
#1745 = LINE ( 'NONE', #308, #1626 ) ;
#1746 = CARTESIAN_POINT ( 'NONE',  ( -115.1166611803236037, -50.94869420724489828, -574.6617305754599556 ) ) ;
#1747 = EDGE_LOOP ( 'NONE', ( #629, #1926, #754, #854, #904 ) ) ;
#1748 = CARTESIAN_POINT ( 'NONE',  ( -154.9647120727181004, -52.49931448589217808, -574.2617305289478509 ) ) ;
#1749 = EDGE_CURVE ( 'NONE', #785, #622, #1053, .T. ) ;
#1750 = DIRECTION ( 'NONE',  ( -0.9999999999056448097, -1.373719056570553517E-05, 0.000000000000000000 ) ) ;
#1751 =( NAMED_UNIT ( * ) SI_UNIT ( $, .STERADIAN. ) SOLID_ANGLE_UNIT ( ) );
#1752 = LINE ( 'NONE', #958, #405 ) ;
#1753 = FACE_OUTER_BOUND ( 'NONE', #1586, .T. ) ;
#1754 = CARTESIAN_POINT ( 'NONE',  ( -227.3127658294575042, -50.95027015483849908, -574.2607305448700572 ) ) ;
#1755 = VERTEX_POINT ( 'NONE', #1444 ) ;
#1756 =( LENGTH_UNIT ( ) NAMED_UNIT ( * ) SI_UNIT ( .MILLI., .METRE. ) );
#1757 = LINE ( 'NONE', #131, #867 ) ;
#1758 = ORIENTED_EDGE ( 'NONE', *, *, #432, .F. ) ;
#1759 = DIRECTION ( 'NONE',  ( -0.9999999999008332141, -1.405721186632142393E-05, -8.533901344011961531E-07 ) ) ;
#1760 = DIRECTION ( 'NONE',  ( 0.000000000000000000, 1.000000000000000000, -2.155066248911280881E-10 ) ) ;
#1761 = CARTESIAN_POINT ( 'NONE',  ( -211.4645627050554992, -59.49981769742549886, -582.1625301284450416 ) ) ;
#1762 = CARTESIAN_POINT ( 'NONE',  ( -122.9647120753437974, -54.29886446161543745, -574.2617305216648447 ) ) ;
#1763 = AXIS2_PLACEMENT_3D ( 'NONE', #1499, #1955, #1665 ) ;
#1764 = ORIENTED_EDGE ( 'NONE', *, *, #190, .F. ) ;
#1765 = ADVANCED_FACE ( 'NONE', ( #669 ), #1975, .F. ) ;
#1766 = ORIENTED_EDGE ( 'NONE', *, *, #684, .T. ) ;
#1767 = CIRCLE ( 'NONE', #479, 2.100000000000074252 ) ;
#1768 = AXIS2_PLACEMENT_3D ( 'NONE', #912, #1342, #1689 ) ;
#1769 = ORIENTED_EDGE ( 'NONE', *, *, #1532, .T. ) ;
#1770 = VECTOR ( 'NONE', #1574, 1000.000000000000114 ) ;
#1771 = CARTESIAN_POINT ( 'NONE',  ( -274.8127619187085315, -50.95093649593950147, -579.2620225209780074 ) ) ;
#1772 = CARTESIAN_POINT ( 'NONE',  ( -80.88082308206701043, -44.99968140342969747, -574.2617305693649996 ) ) ;
#1773 = DIRECTION ( 'NONE',  ( 2.154725578106989899E-10, -2.154890023034175028E-10, -1.000000000000000000 ) ) ;
#1774 = DIRECTION ( 'NONE',  ( 2.154725578106990158E-10, -2.155142290122949728E-10, -1.000000000000000000 ) ) ;
#1775 = DIRECTION ( 'NONE',  ( -0.9999999999999995559, -2.878446975418013891E-08, 0.000000000000000000 ) ) ;
#1776 = FACE_BOUND ( 'NONE', #1149, .T. ) ;
#1777 = EDGE_CURVE ( 'NONE', #916, #2000, #1064, .T. ) ;
#1778 = ORIENTED_EDGE ( 'NONE', *, *, #994, .T. ) ;
#1779 = ORIENTED_EDGE ( 'NONE', *, *, #1557, .F. ) ;
#1780 = DIRECTION ( 'NONE',  ( 2.154725578106989899E-10, -2.155142290122949986E-10, -1.000000000000000000 ) ) ;
#1781 = CARTESIAN_POINT ( 'NONE',  ( -211.4646042745539773, -56.51232907110589565, -582.6620225061290057 ) ) ;
#1782 = CARTESIAN_POINT ( 'NONE',  ( -178.4645693035359955, -58.99986143250030324, -582.6619943437190159 ) ) ;
#1783 = CARTESIAN_POINT ( 'NONE',  ( -146.9586680528795739, -52.49898636046342659, -574.2617304828050919 ) ) ;
#1784 = CARTESIAN_POINT ( 'NONE',  ( -71.59218460394370709, -58.99985833320729967, -582.6619943206909511 ) ) ;
#1785 = ORIENTED_EDGE ( 'NONE', *, *, #687, .T. ) ;
#1786 = ADVANCED_FACE ( 'NONE', ( #902 ), #721, .F. ) ;
#1787 = ORIENTED_EDGE ( 'NONE', *, *, #1415, .F. ) ;
#1788 = EDGE_CURVE ( 'NONE', #2039, #1466, #1344, .T. ) ;
#1789 = DIRECTION ( 'NONE',  ( 0.000000000000000000, 1.000000000000000000, -2.155138812507656692E-10 ) ) ;
#1790 = ORIENTED_EDGE ( 'NONE', *, *, #113, .F. ) ;
#1791 = DIRECTION ( 'NONE',  ( 0.000000000000000000, 1.000000000000000000, -2.155138812507656692E-10 ) ) ;
#1792 = CARTESIAN_POINT ( 'NONE',  ( -162.6166650805845109, -50.94936258431300047, -574.6617305856940447 ) ) ;
#1793 = DIRECTION ( 'NONE',  ( -2.155138812507684868E-10, 2.155220446553825016E-10, 1.000000000000000000 ) ) ;
#1794 = VECTOR ( 'NONE', #1739, 999.9999999999998863 ) ;
#1795 = ORIENTED_EDGE ( 'NONE', *, *, #860, .T. ) ;
#1796 = AXIS2_PLACEMENT_3D ( 'NONE', #1841, #420, #1043 ) ;
#1797 = ORIENTED_EDGE ( 'NONE', *, *, #1474, .T. ) ;
#1798 = DIRECTION ( 'NONE',  ( 2.154725578106989899E-10, -2.155142290122949986E-10, -1.000000000000000000 ) ) ;
#1799 = CARTESIAN_POINT ( 'NONE',  ( -279.9570824940050215, -60.00032730566340433, -577.4618625641550125 ) ) ;
#1800 = LINE ( 'NONE', #95, #373 ) ;
#1801 = ADVANCED_FACE ( 'NONE', ( #1944 ), #1423, .T. ) ;
#1802 = DIRECTION ( 'NONE',  ( -0.02727630554275455380, 0.9996279323608051604, 0.000000000000000000 ) ) ;
#1803 =( LENGTH_UNIT ( ) NAMED_UNIT ( * ) SI_UNIT ( .MILLI., .METRE. ) );
#1804 = VECTOR ( 'NONE', #662, 1000.000000000000227 ) ;
#1805 = DIRECTION ( 'NONE',  ( 0.000000000000000000, 1.000000000000000000, -2.155138812507709425E-10 ) ) ;
#1806 = ORIENTED_EDGE ( 'NONE', *, *, #1890, .T. ) ;
#1807 = PLANE ( 'NONE',  #1928 ) ;
#1808 = ORIENTED_EDGE ( 'NONE', *, *, #203, .T. ) ;
#1809 = DIRECTION ( 'NONE',  ( -2.154725578106989899E-10, 2.155138812507654883E-10, 1.000000000000000000 ) ) ;
#1810 = EDGE_CURVE ( 'NONE', #610, #318, #182, .T. ) ;
#1811 = DIRECTION ( 'NONE',  ( 2.154725578106989899E-10, -2.155142290122949986E-10, -1.000000000000000000 ) ) ;
#1812 = EDGE_CURVE ( 'NONE', #31, #1576, #1904, .T. ) ;
#1813 = CARTESIAN_POINT ( 'NONE',  ( -274.8127619196999945, -50.95093649494809540, -574.6617306098689824 ) ) ;
#1814 = ORIENTED_EDGE ( 'NONE', *, *, #547, .F. ) ;
#1815 = ORIENTED_EDGE ( 'NONE', *, *, #1839, .F. ) ;
#1816 = CARTESIAN_POINT ( 'NONE',  ( -232.8575906103174873, -56.43874540261299444, -579.2620225107540364 ) ) ;
#1817 = CARTESIAN_POINT ( 'NONE',  ( -162.6166650800889784, -52.64936258431299620, -574.6617305853279731 ) ) ;
#1818 = PRODUCT_RELATED_PRODUCT_CATEGORY ( 'part', '', ( #643 ) ) ;
#1819 = CARTESIAN_POINT ( 'NONE',  ( -274.8127619196999945, -50.95093649494809540, -574.6617306098689824 ) ) ;
#1820 = EDGE_CURVE ( 'NONE', #1154, #2039, #1738, .T. ) ;
#1821 = ORIENTED_EDGE ( 'NONE', *, *, #1508, .F. ) ;
#1822 = CARTESIAN_POINT ( 'NONE',  ( -115.1166611804100057, -50.94869420715850339, -574.2607305206950059 ) ) ;
#1823 = VECTOR ( 'NONE', #604, 1000.000000000000000 ) ;
#1824 = ORIENTED_EDGE ( 'NONE', *, *, #1902, .T. ) ;
#1825 = FACE_OUTER_BOUND ( 'NONE', #1707, .T. ) ;
#1826 = DIRECTION ( 'NONE',  ( 0.000000000000000000, 1.000000000000000000, -2.155066248911272609E-10 ) ) ;
#1827 = VECTOR ( 'NONE', #376, 1000.000000000000000 ) ;
#1828 = CYLINDRICAL_SURFACE ( 'NONE', #1599, 1.700000000000000178 ) ;
#1829 = VECTOR ( 'NONE', #1864, 1000.000000000000000 ) ;
#1830 = ORIENTED_EDGE ( 'NONE', *, *, #630, .T. ) ;
#1831 = CIRCLE ( 'NONE', #1231, 1.699999999999979305 ) ;
#1832 = AXIS2_PLACEMENT_3D ( 'NONE', #864, #1337, #699 ) ;
#1833 = AXIS2_PLACEMENT_3D ( 'NONE', #1226, #2016, #1214 ) ;
#1834 = LINE ( 'NONE', #703, #670 ) ;
#1835 = AXIS2_PLACEMENT_3D ( 'NONE', #725, #2056, #1109 ) ;
#1836 = DIRECTION ( 'NONE',  ( 0.000000000000000000, 1.000000000000000000, -2.155066248911272609E-10 ) ) ;
#1837 = SURFACE_STYLE_USAGE ( .BOTH. , #450 ) ;
#1838 = ORIENTED_EDGE ( 'NONE', *, *, #847, .T. ) ;
#1839 = EDGE_CURVE ( 'NONE', #515, #1549, #377, .T. ) ;
#1840 = ORIENTED_EDGE ( 'NONE', *, *, #617, .F. ) ;
#1841 = CARTESIAN_POINT ( 'NONE',  ( -162.6166650805845109, -50.94936258431300047, -574.6617305856940447 ) ) ;
#1842 = ORIENTED_EDGE ( 'NONE', *, *, #982, .T. ) ;
#1843 = CARTESIAN_POINT ( 'NONE',  ( -227.3127658293715001, -50.95027015492500055, -574.6617587543979653 ) ) ;
#1844 = DIRECTION ( 'NONE',  ( 0.000000000000000000, 1.000000000000000000, -2.154890023034254386E-10 ) ) ;
#1845 = LINE ( 'NONE', #91, #645 ) ;
#1846 = VERTEX_POINT ( 'NONE', #193 ) ;
#1847 = EDGE_LOOP ( 'NONE', ( #1453, #937, #848, #70, #1488 ) ) ;
#1848 = DIRECTION ( 'NONE',  ( 2.154725578106989899E-10, -2.154890023034294969E-10, -1.000000000000000000 ) ) ;
#1849 = ADVANCED_FACE ( 'NONE', ( #682 ), #967, .F. ) ;
#1850 = VERTEX_POINT ( 'NONE', #954 ) ;
#1851 = EDGE_CURVE ( 'NONE', #741, #1306, #1587, .T. ) ;
#1852 = DIRECTION ( 'NONE',  ( 0.7843572705830037517, 0.2178051487577409573, 0.5808137302597099483 ) ) ;
#1853 = LINE ( 'NONE', #1581, #1893 ) ;
#1854 = CARTESIAN_POINT ( 'NONE',  ( -227.3127658283800088, -49.25027015591640378, -579.2620225111090804 ) ) ;
#1855 = FACE_BOUND ( 'NONE', #370, .T. ) ;
#1856 = ORIENTED_EDGE ( 'NONE', *, *, #1113, .F. ) ;
#1857 = VERTEX_POINT ( 'NONE', #516 ) ;
#1858 = DIRECTION ( 'NONE',  ( -1.405721186614262543E-05, 0.9999999999011973673, -2.155172579343980922E-10 ) ) ;
#1859 = CARTESIAN_POINT ( 'NONE',  ( -115.0615877620592045, -16.66349477485189823, -624.9983591671639260 ) ) ;
#1860 = AXIS2_PLACEMENT_3D ( 'NONE', #269, #1811, #80 ) ;
#1861 = ORIENTED_EDGE ( 'NONE', *, *, #232, .F. ) ;
#1862 = CIRCLE ( 'NONE', #931, 3.191528218979590381 ) ;
#1863 = EDGE_CURVE ( 'NONE', #433, #596, #495, .T. ) ;
#1864 = DIRECTION ( 'NONE',  ( 8.533901374787317600E-07, -2.129312353907299589E-10, -0.9999999999996358468 ) ) ;
#1865 = VECTOR ( 'NONE', #503, 999.9999999999998863 ) ;
#1866 = CARTESIAN_POINT ( 'NONE',  ( -178.4645873892625048, -57.71328151996409872, -582.6619943439960707 ) ) ;
#1867 = CARTESIAN_POINT ( 'NONE',  ( -319.0593455566199736, -59.73762833420939700, -581.9247226349849598 ) ) ;
#1868 = DIRECTION ( 'NONE',  ( 0.000000000000000000, 1.000000000000000000, -2.155027675033954766E-10 ) ) ;
#1869 = VECTOR ( 'NONE', #109, 1000.000000000000227 ) ;
#1870 = ORIENTED_EDGE ( 'NONE', *, *, #1316, .T. ) ;
#1871 = CIRCLE ( 'NONE', #1967, 1.800000000000002931 ) ;
#1872 = VECTOR ( 'NONE', #1690, 1000.000000000000114 ) ;
#1873 = PRODUCT_DEFINITION_CONTEXT ( 'detailed design', #749, 'design' ) ;
#1874 = DIRECTION ( 'NONE',  ( 2.154725578106990158E-10, -2.155142290122949728E-10, -1.000000000000000000 ) ) ;
#1875 = AXIS2_PLACEMENT_3D ( 'NONE', #1205, #586, #597 ) ;
#1876 = ORIENTED_EDGE ( 'NONE', *, *, #1749, .T. ) ;
#1877 = CARTESIAN_POINT ( 'NONE',  ( -266.9647114436465927, -52.50088636087507155, -574.2617587626079967 ) ) ;
#1878 = ADVANCED_FACE ( 'NONE', ( #1143 ), #505, .F. ) ;
#1879 = EDGE_LOOP ( 'NONE', ( #1523, #688, #989, #1743, #173 ) ) ;
#1880 = EDGE_CURVE ( 'NONE', #428, #328, #1906, .T. ) ;
#1881 = CARTESIAN_POINT ( 'NONE',  ( -242.9706680433700114, -52.50033880583622903, -574.2617305034926858 ) ) ;
#1882 = ORIENTED_EDGE ( 'NONE', *, *, #1283, .T. ) ;
#1883 = DIRECTION ( 'NONE',  ( -0.7525978598489427851, 0.000000000000000000, 0.6584804183503037978 ) ) ;
#1884 = CARTESIAN_POINT ( 'NONE',  ( -211.4647727800814891, -45.00014531263700235, -574.8387293422709945 ) ) ;
#1885 = CARTESIAN_POINT ( 'NONE',  ( -154.9647120727181004, -50.69931448589217382, -574.2617305293357504 ) ) ;
#1886 = DIRECTION ( 'NONE',  ( -0.7680772541916115470, -0.4528009230284696929, -0.4528009007257386975 ) ) ;
#1887 = EDGE_CURVE ( 'NONE', #1311, #1478, #1308, .T. ) ;
#1888 = FACE_OUTER_BOUND ( 'NONE', #1044, .T. ) ;
#1889 = ORIENTED_EDGE ( 'NONE', *, *, #684, .F. ) ;
#1890 = EDGE_CURVE ( 'NONE', #862, #93, #1871, .T. ) ;
#1891 = CARTESIAN_POINT ( 'NONE',  ( -154.9647120727181004, -52.49931448589217808, -574.2617305289478509 ) ) ;
#1892 = ORIENTED_EDGE ( 'NONE', *, *, #925, .T. ) ;
#1893 = VECTOR ( 'NONE', #286, 1000.000000000000000 ) ;
#1894 = DIRECTION ( 'NONE',  ( 0.000000000000000000, 1.000000000000000000, -2.155066248911280881E-10 ) ) ;
#1895 = CIRCLE ( 'NONE', #1192, 1.800000000000002931 ) ;
#1896 = ORIENTED_EDGE ( 'NONE', *, *, #1239, .T. ) ;
#1897 = CIRCLE ( 'NONE', #1099, 1.700000000000000178 ) ;
#1898 = AXIS2_PLACEMENT_3D ( 'NONE', #992, #217, #846 ) ;
#1899 = CIRCLE ( 'NONE', #7, 1.800000000000002931 ) ;
#1900 = ORIENTED_EDGE ( 'NONE', *, *, #893, .T. ) ;
#1901 = DIRECTION ( 'NONE',  ( 2.154725578106989899E-10, -2.155142290122949986E-10, -1.000000000000000000 ) ) ;
#1902 = EDGE_CURVE ( 'NONE', #930, #868, #1121, .T. ) ;
#1903 = ORIENTED_EDGE ( 'NONE', *, *, #922, .T. ) ;
#1904 = CIRCLE ( 'NONE', #1003, 1.800000000000002931 ) ;
#1905 = DIRECTION ( 'NONE',  ( 0.000000000000000000, 1.000000000000000000, -2.155066248911272609E-10 ) ) ;
#1906 = LINE ( 'NONE', #1601, #1133 ) ;
#1907 = CARTESIAN_POINT ( 'NONE',  ( -211.4645764689659870, -59.00032531870330388, -574.2617587492479743 ) ) ;
#1908 = CARTESIAN_POINT ( 'NONE',  ( -78.80480136406110603, -59.06029040087729953, -574.3221624261680063 ) ) ;
#1909 = ORIENTED_EDGE ( 'NONE', *, *, #913, .F. ) ;
#1910 = ORIENTED_EDGE ( 'NONE', *, *, #1320, .F. ) ;
#1911 = DIRECTION ( 'NONE',  ( 0.000000000000000000, 1.000000000000000000, -2.155066248911272609E-10 ) ) ;
#1912 = ADVANCED_FACE ( 'NONE', ( #1966, #87, #1988, #388, #1024, #1473 ), #714, .F. ) ;
#1913 = ORIENTED_EDGE ( 'NONE', *, *, #113, .T. ) ;
#1914 = DIRECTION ( 'NONE',  ( 2.154725578106990158E-10, -2.155142290122949728E-10, -1.000000000000000000 ) ) ;
#1915 = EDGE_CURVE ( 'NONE', #707, #433, #1188, .T. ) ;
#1916 = CARTESIAN_POINT ( 'NONE',  ( -122.9647120758825167, -52.49886446161544029, -574.2617305220527442 ) ) ;
#1917 = CARTESIAN_POINT ( 'NONE',  ( -154.9647120727181004, -52.49931448589217808, -574.2617305289478509 ) ) ;
#1918 = DIRECTION ( 'NONE',  ( 0.8418474816557959262, 0.3816365000085900627, -0.3816364755772010398 ) ) ;
#1919 = ORIENTED_EDGE ( 'NONE', *, *, #713, .T. ) ;
#1920 = ORIENTED_EDGE ( 'NONE', *, *, #873, .T. ) ;
#1921 = DIRECTION ( 'NONE',  ( -2.155138812507684868E-10, 2.155220446553825016E-10, 1.000000000000000000 ) ) ;
#1922 = ORIENTED_EDGE ( 'NONE', *, *, #636, .T. ) ;
#1923 = DIRECTION ( 'NONE',  ( 2.154725578106989899E-10, -2.155142290122949986E-10, -1.000000000000000000 ) ) ;
#1924 = EDGE_CURVE ( 'NONE', #290, #1178, #555, .T. ) ;
#1925 = VECTOR ( 'NONE', #1252, 999.9999999999998863 ) ;
#1926 = ORIENTED_EDGE ( 'NONE', *, *, #603, .F. ) ;
#1927 = DIRECTION ( 'NONE',  ( 1.000000000000000000, 0.000000000000000000, 2.155138812507683059E-10 ) ) ;
#1928 = AXIS2_PLACEMENT_3D ( 'NONE', #1951, #1268, #1750 ) ;
#1929 = VERTEX_POINT ( 'NONE', #411 ) ;
#1930 = AXIS2_PLACEMENT_3D ( 'NONE', #618, #1089, #2003 ) ;
#1931 = CIRCLE ( 'NONE', #1234, 1.700000000000000178 ) ;
#1932 = AXIS2_PLACEMENT_3D ( 'NONE', #1813, #1793, #362 ) ;
#1933 = VERTEX_POINT ( 'NONE', #55 ) ;
#1934 = FACE_OUTER_BOUND ( 'NONE', #767, .T. ) ;
#1935 = DIRECTION ( 'NONE',  ( 0.000000000000000000, 1.000000000000000000, -2.155066248911264079E-10 ) ) ;
#1936 = CARTESIAN_POINT ( 'NONE',  ( -161.2726283802559806, -44.99943975083330372, -574.2617159187840343 ) ) ;
#1937 = EDGE_CURVE ( 'NONE', #856, #1039, #907, .T. ) ;
#1938 = LINE ( 'NONE', #1782, #1995 ) ;
#1939 = CARTESIAN_POINT ( 'NONE',  ( -161.2724633182555181, -56.43803984560819487, -579.2619796726630739 ) ) ;
#1940 = ADVANCED_FACE ( 'NONE', ( #226 ), #1828, .F. ) ;
#1941 = VERTEX_POINT ( 'NONE', #1516 ) ;
#1942 = DIRECTION ( 'NONE',  ( 2.154725578106990158E-10, -2.155142290122949728E-10, -1.000000000000000000 ) ) ;
#1943 = ORIENTED_EDGE ( 'NONE', *, *, #1452, .F. ) ;
#1944 = FACE_OUTER_BOUND ( 'NONE', #572, .T. ) ;
#1945 = ORIENTED_EDGE ( 'NONE', *, *, #332, .T. ) ;
#1946 = PLANE ( 'NONE',  #997 ) ;
#1947 = EDGE_CURVE ( 'NONE', #180, #1257, #1800, .T. ) ;
#1948 = VERTEX_POINT ( 'NONE', #855 ) ;
#1949 = EDGE_CURVE ( 'NONE', #653, #1107, #709, .T. ) ;
#1950 = ORIENTED_EDGE ( 'NONE', *, *, #849, .F. ) ;
#1951 = CARTESIAN_POINT ( 'NONE',  ( -161.2724424937840126, -57.71303984634079853, -582.6619796723890659 ) ) ;
#1952 = DIRECTION ( 'NONE',  ( 0.4841580028070177066, 0.8749805873948975909, -8.424800344378805702E-11 ) ) ;
#1953 = ORIENTED_EDGE ( 'NONE', *, *, #2029, .F. ) ;
#1954 = PLANE ( 'NONE',  #181 ) ;
#1955 = DIRECTION ( 'NONE',  ( 0.8083678603588049238, 0.4473252568941968876, -0.3826767786049589115 ) ) ;
#1956 = CARTESIAN_POINT ( 'NONE',  ( -274.8127619187085315, -50.95093649593950147, -579.2619943662139121 ) ) ;
#1957 = VECTOR ( 'NONE', #1590, 1000.000000000000000 ) ;
#1958 = ORIENTED_EDGE ( 'NONE', *, *, #1199, .T. ) ;
#1959 = CIRCLE ( 'NONE', #71, 2.100000000000053380 ) ;
#1960 = DIRECTION ( 'NONE',  ( 0.9999999999999996669, 2.899994230583329232E-08, 2.154725515607989476E-10 ) ) ;
#1961 = VECTOR ( 'NONE', #359, 1000.000000000000227 ) ;
#1962 = ORIENTED_EDGE ( 'NONE', *, *, #356, .T. ) ;
#1963 = LINE ( 'NONE', #168, #1827 ) ;
#1964 = ADVANCED_FACE ( 'NONE', ( #1321 ), #365, .F. ) ;
#1965 = COLOUR_RGB ( '',0.7921568627450980005, 0.8196078431372548767, 0.9333333333333333481 ) ;
#1966 = FACE_BOUND ( 'NONE', #923, .T. ) ;
#1967 = AXIS2_PLACEMENT_3D ( 'NONE', #822, #338, #1433 ) ;
#1968 = VECTOR ( 'NONE', #1153, 999.9999999999998863 ) ;
#1969 = DIRECTION ( 'NONE',  ( 2.154725578106989899E-10, -2.155142290122949986E-10, -1.000000000000000000 ) ) ;
#1970 = DIRECTION ( 'NONE',  ( 0.000000000000000000, -1.000000000000000000, 2.155138812507656692E-10 ) ) ;
#1971 = AXIS2_PLACEMENT_3D ( 'NONE', #647, #468, #1726 ) ;
#1972 = LINE ( 'NONE', #1470, #280 ) ;
#1973 = DIRECTION ( 'NONE',  ( -2.155138812507684868E-10, 2.155220446553825016E-10, 1.000000000000000000 ) ) ;
#1974 = VERTEX_POINT ( 'NONE', #1103 ) ;
#1975 = CYLINDRICAL_SURFACE ( 'NONE', #1636, 1.700000000000000178 ) ;
#1976 = EDGE_LOOP ( 'NONE', ( #146, #640, #293, #1953 ) ) ;
#1977 = CARTESIAN_POINT ( 'NONE',  ( -309.0486317133480156, -45.00014533347500389, -574.2617587732919446 ) ) ;
#1978 = DIRECTION ( 'NONE',  ( -0.02727630576398288806, 0.9996279323547685447, -2.213113385111838857E-10 ) ) ;
#1979 = EDGE_CURVE ( 'NONE', #1151, #153, #970, .T. ) ;
#1980 = ORIENTED_EDGE ( 'NONE', *, *, #1125, .F. ) ;
#1981 = CARTESIAN_POINT ( 'NONE',  ( -276.5127619196999831, -50.95093649494809540, -574.6617306102359635 ) ) ;
#1982 = EDGE_CURVE ( 'NONE', #1466, #596, #1236, .T. ) ;
#1983 = CARTESIAN_POINT ( 'NONE',  ( -115.1166611793324108, -50.94869420823639672, -579.2619943318039759 ) ) ;
#1984 = DIRECTION ( 'NONE',  ( -2.154485740140250094E-10, 2.155142290122949986E-10, 1.000000000000000000 ) ) ;
#1985 = VERTEX_POINT ( 'NONE', #633 ) ;
#1986 = CARTESIAN_POINT ( 'NONE',  ( -161.2726241130805249, -44.99943975197524537, -579.2619796751289414 ) ) ;
#1987 = CYLINDRICAL_SURFACE ( 'NONE', #341, 1.800000000000010036 ) ;
#1988 = FACE_BOUND ( 'NONE', #1302, .T. ) ;
#1989 = EDGE_LOOP ( 'NONE', ( #189, #1159, #349, #89 ) ) ;
#1990 = FACE_OUTER_BOUND ( 'NONE', #878, .T. ) ;
#1991 = PLANE ( 'NONE',  #1164 ) ;
#1992 = EDGE_CURVE ( 'NONE', #1933, #1253, #446, .T. ) ;
#1993 = CARTESIAN_POINT ( 'NONE',  ( -273.9037090121800020, -47.75852360862129586, -565.2347256264071120 ) ) ;
#1994 = ORIENTED_EDGE ( 'NONE', *, *, #36, .F. ) ;
#1995 = VECTOR ( 'NONE', #517, 1000.000000000000114 ) ;
#1996 = DIRECTION ( 'NONE',  ( 0.000000000000000000, 1.000000000000000000, -2.155066248911264079E-10 ) ) ;
#1997 = AXIS2_PLACEMENT_3D ( 'NONE', #103, #1505, #1233 ) ;
#1998 = CARTESIAN_POINT ( 'NONE',  ( -227.3127658283800088, -50.95027015591640662, -579.2620225107430088 ) ) ;
#1999 = CONICAL_SURFACE ( 'NONE', #641, 1.700000000000000178, 0.7853981633975366528 ) ;
#2000 = VERTEX_POINT ( 'NONE', #53 ) ;
#2001 = AXIS2_PLACEMENT_3D ( 'NONE', #2046, #469, #1844 ) ;
#2002 = CIRCLE ( 'NONE', #1102, 1.800000000000010036 ) ;
#2003 = DIRECTION ( 'NONE',  ( 0.000000000000000000, 1.000000000000000000, -2.155066248911272609E-10 ) ) ;
#2004 = FACE_OUTER_BOUND ( 'NONE', #1507, .T. ) ;
#2005 = PLANE ( 'NONE',  #1768 ) ;
#2006 = FACE_OUTER_BOUND ( 'NONE', #384, .T. ) ;
#2007 = AXIS2_PLACEMENT_3D ( 'NONE', #549, #1809, #1791 ) ;
#2008 = ORIENTED_EDGE ( 'NONE', *, *, #882, .T. ) ;
#2009 = ADVANCED_FACE ( 'NONE', ( #1289 ), #1742, .F. ) ;
#2010 = ORIENTED_EDGE ( 'NONE', *, *, #49, .F. ) ;
#2011 = DIRECTION ( 'NONE',  ( 0.000000000000000000, 1.000000000000000000, -2.155138812507656692E-10 ) ) ;
#2012 = LINE ( 'NONE', #890, #612 ) ;
#2013 = ORIENTED_EDGE ( 'NONE', *, *, #344, .F. ) ;
#2014 = CARTESIAN_POINT ( 'NONE',  ( -96.34053936648720651, -13.06694227397789909, -581.2478011436979841 ) ) ;
#2015 = CARTESIAN_POINT ( 'NONE',  ( -313.8112800417355288, -53.77597354616699477, -579.2620225287710127 ) ) ;
#2016 = DIRECTION ( 'NONE',  ( 2.154725578106989899E-10, -2.155138812507639890E-10, -1.000000000000000000 ) ) ;
#2017 = ORIENTED_EDGE ( 'NONE', *, *, #1674, .T. ) ;
#2018 = DIRECTION ( 'NONE',  ( 2.154725578106990158E-10, -2.155142290122949728E-10, -1.000000000000000000 ) ) ;
#2019 = LINE ( 'NONE', #611, #639 ) ;
#2020 = EDGE_CURVE ( 'NONE', #1857, #622, #1497, .T. ) ;
#2021 = ORIENTED_EDGE ( 'NONE', *, *, #391, .T. ) ;
#2022 = LINE ( 'NONE', #424, #1829 ) ;
#2023 = PLANE ( 'NONE',  #239 ) ;
#2024 = CARTESIAN_POINT ( 'NONE',  ( -255.5228586028390225, -59.49986366707980068, -582.1619943602149760 ) ) ;
#2025 = DIRECTION ( 'NONE',  ( 0.000000000000000000, 1.000000000000000000, -2.155066248911272609E-10 ) ) ;
#2026 = ORIENTED_EDGE ( 'NONE', *, *, #2029, .T. ) ;
#2027 = ORIENTED_EDGE ( 'NONE', *, *, #696, .T. ) ;
#2028 = LINE ( 'NONE', #564, #169 ) ;
#2029 = EDGE_CURVE ( 'NONE', #494, #433, #1698, .T. ) ;
#2030 = ORIENTED_EDGE ( 'NONE', *, *, #636, .F. ) ;
#2031 = VECTOR ( 'NONE', #1097, 999.9999999999998863 ) ;
#2032 = EDGE_CURVE ( 'NONE', #908, #290, #889, .T. ) ;
#2033 = DIRECTION ( 'NONE',  ( 2.154725578106989899E-10, -2.155138812507709942E-10, -1.000000000000000000 ) ) ;
#2034 = AXIS2_PLACEMENT_3D ( 'NONE', #1145, #206, #978 ) ;
#2035 = CARTESIAN_POINT ( 'NONE',  ( -146.9586680528795739, -50.69898636046342233, -574.2617304831929914 ) ) ;
#2036 = DIRECTION ( 'NONE',  ( 2.154725578106989899E-10, -2.155142290122949986E-10, -1.000000000000000000 ) ) ;
#2037 = VECTOR ( 'NONE', #1332, 999.9999999999998863 ) ;
#2038 = ORIENTED_EDGE ( 'NONE', *, *, #257, .T. ) ;
#2039 = VERTEX_POINT ( 'NONE', #905 ) ;
#2040 = CARTESIAN_POINT ( 'NONE',  ( -178.4645693035359955, -58.99986143250030324, -582.6619943437190159 ) ) ;
#2041 = ORIENTED_EDGE ( 'NONE', *, *, #956, .T. ) ;
#2042 = DIRECTION ( 'NONE',  ( 0.000000000000000000, -1.000000000000000000, 2.155138812507656692E-10 ) ) ;
#2043 = EDGE_CURVE ( 'NONE', #1356, #562, #1931, .T. ) ;
#2044 = LINE ( 'NONE', #1090, #1161 ) ;
#2045 = ADVANCED_FACE ( 'NONE', ( #1825 ), #1357, .T. ) ;
#2046 = CARTESIAN_POINT ( 'NONE',  ( -162.6166650806704865, -50.94936258422669795, -574.2617305856940675 ) ) ;
#2047 = LINE ( 'NONE', #1381, #374 ) ;
#2048 = ORIENTED_EDGE ( 'NONE', *, *, #320, .F. ) ;
#2049 = CARTESIAN_POINT ( 'NONE',  ( -161.2726283802559806, -44.99943975083330372, -574.2617159187840343 ) ) ;
#2050 = EDGE_LOOP ( 'NONE', ( #202, #219, #841, #1241 ) ) ;
#2051 = CARTESIAN_POINT ( 'NONE',  ( -255.5228585884470363, -59.99986366697330453, -581.6619943601069735 ) ) ;
#2052 = ADVANCED_FACE ( 'NONE', ( #599 ), #430, .T. ) ;
#2053 = VERTEX_POINT ( 'NONE', #1744 ) ;
#2054 = DIRECTION ( 'NONE',  ( 0.000000000000000000, 1.000000000000000000, -2.155066248911272609E-10 ) ) ;
#2055 = CARTESIAN_POINT ( 'NONE',  ( -115.1166611793324108, -50.94869420823639672, -579.2619943318039759 ) ) ;
#2056 = DIRECTION ( 'NONE',  ( 2.154725578106989899E-10, -2.155142290122949986E-10, -1.000000000000000000 ) ) ;
#2057 = EDGE_LOOP ( 'NONE', ( #160, #649, #1958, #565 ) ) ;
#2058 = FACE_OUTER_BOUND ( 'NONE', #764, .T. ) ;
#2059 = DIRECTION ( 'NONE',  ( 2.154725578106989899E-10, -2.155142290122949986E-10, -1.000000000000000000 ) ) ;
#2060 = DIRECTION ( 'NONE',  ( -0.9999999999008332141, -1.405721186632142393E-05, -8.533901344011961531E-07 ) ) ;
#2061 = CIRCLE ( 'NONE', #802, 1.799999999999996048 ) ;
ENDSEC;
END-ISO-10303-21;
