ISO-10303-21;
HEADER;
FILE_DESCRIPTION (( 'STEP AP214' ),
    '1' );
FILE_NAME ('Micron_Foot_Mount_B.STEP',
    '2026-09-06T12:06:43',
    ( '' ),
    ( '' ),
    '',
    '',
    '' );
FILE_SCHEMA (( 'AUTOMOTIVE_DESIGN' ));
ENDSEC;

DATA;
#1 = AXIS2_PLACEMENT_3D ( 'NONE', #394, #1230, #2053 ) ;
#2 = CARTESIAN_POINT ( 'NONE',  ( 98.23134241434570413, 107.6164587905680037, 187.2577474795689909 ) ) ;
#3 = DIRECTION ( 'NONE',  ( -7.352090047874198443E-07, 2.089868319577729616E-20, -0.9999999999997297717 ) ) ;
#4 = ORIENTED_EDGE ( 'NONE', *, *, #1616, .F. ) ;
#5 = CARTESIAN_POINT ( 'NONE',  ( 97.46039403035680948, 82.10344619247300102, 184.0323910930530076 ) ) ;
#6 = CARTESIAN_POINT ( 'NONE',  ( 97.77037959478180085, 100.7956212442270072, 181.2577491323860102 ) ) ;
#7 = PLANE ( 'NONE',  #213 ) ;
#8 = ORIENTED_EDGE ( 'NONE', *, *, #2320, .F. ) ;
#9 = EDGE_CURVE ( 'NONE', #1720, #940, #2150, .T. ) ;
#10 = EDGE_CURVE ( 'NONE', #993, #1099, #1153, .T. ) ;
#11 = VERTEX_POINT ( 'NONE', #1355 ) ;
#12 = DIRECTION ( 'NONE',  ( -0.8473098749263069385, -0.5310988381199549524, -3.773684213967629811E-15 ) ) ;
#13 = EDGE_CURVE ( 'NONE', #1720, #294, #447, .T. ) ;
#14 = CARTESIAN_POINT ( 'NONE',  ( 108.6338211019469924, 71.11877593662271124, 181.4577491323860272 ) ) ;
#15 = DIRECTION ( 'NONE',  ( -0.8658705329449178922, 0.5002681482741868635, 0.000000000000000000 ) ) ;
#16 = CARTESIAN_POINT ( 'NONE',  ( 93.03751779070690020, 86.55149298181019901, 183.8022342136889904 ) ) ;
#17 = ORIENTED_EDGE ( 'NONE', *, *, #106, .T. ) ;
#18 = CARTESIAN_POINT ( 'NONE',  ( 114.5359871818240123, 74.84846400326749460, 174.1231213726059934 ) ) ;
#19 = CARTESIAN_POINT ( 'NONE',  ( 76.42497817182980668, 101.0941901189020058, 187.0334365161180017 ) ) ;
#20 = PLANE ( 'NONE',  #166 ) ;
#21 = VERTEX_POINT ( 'NONE', #138 ) ;
#22 = ORIENTED_EDGE ( 'NONE', *, *, #907, .T. ) ;
#23 = DIRECTION ( 'NONE',  ( 7.352090047874198443E-07, -2.089868319577728412E-20, 0.9999999999997297717 ) ) ;
#24 = EDGE_CURVE ( 'NONE', #197, #998, #44, .T. ) ;
#25 = CARTESIAN_POINT ( 'NONE',  ( 114.4470618285450030, 119.1970645378000313, 181.4577491323860272 ) ) ;
#26 = DIRECTION ( 'NONE',  ( -3.460435401429205255E-15, 2.637246471572430381E-15, 1.000000000000000000 ) ) ;
#27 = EDGE_CURVE ( 'NONE', #379, #1121, #2249, .T. ) ;
#28 = CARTESIAN_POINT ( 'NONE',  ( 82.04966631932920507, 90.97294693863049986, 190.8577491323860045 ) ) ;
#29 = ORIENTED_EDGE ( 'NONE', *, *, #2469, .T. ) ;
#30 = DIRECTION ( 'NONE',  ( -0.7071067811865454633, 1.038521910871038886E-14, -0.7071067811865495711 ) ) ;
#31 = PLANE ( 'NONE',  #1257 ) ;
#32 = DIRECTION ( 'NONE',  ( 2.842550146130544869E-14, 1.000000000000000000, 0.000000000000000000 ) ) ;
#33 = VERTEX_POINT ( 'NONE', #767 ) ;
#34 = ORIENTED_EDGE ( 'NONE', *, *, #121, .T. ) ;
#35 = CARTESIAN_POINT ( 'NONE',  ( 92.00787959478199696, 104.9164587905681287, 190.2577474795689909 ) ) ;
#36 = AXIS2_PLACEMENT_3D ( 'NONE', #46, #893, #854 ) ;
#37 = LINE ( 'NONE', #876, #1953 ) ;
#38 = CARTESIAN_POINT ( 'NONE',  ( 94.70787953684168770, 104.9164586902840028, 187.4577496155699805 ) ) ;
#39 = CIRCLE ( 'NONE', #1558, 2.700000000000737810 ) ;
#40 = VECTOR ( 'NONE', #2326, 999.9999999999998863 ) ;
#41 = VECTOR ( 'NONE', #76, 1000.000000000000000 ) ;
#42 = VECTOR ( 'NONE', #374, 1000.000000000000000 ) ;
#43 = PLANE ( 'NONE',  #874 ) ;
#44 = B_SPLINE_CURVE_WITH_KNOTS ( 'NONE', 1,
 ( #2162, #1796 ),
 .UNSPECIFIED., .F., .F.,
 ( 2, 2 ),
 ( -1.285663856608920051E-13, 0.9999999984268329589 ),
 .UNSPECIFIED. ) ;
#45 = LINE ( 'NONE', #1072, #735 ) ;
#46 = CARTESIAN_POINT ( 'NONE',  ( 98.92827411368459423, 126.5945319342849871, 189.3577491323860045 ) ) ;
#47 = DIRECTION ( 'NONE',  ( -0.9999999999997297717, 4.625929269270221725E-14, 7.352090027312376239E-07 ) ) ;
#48 = VERTEX_POINT ( 'NONE', #1554 ) ;
#49 = VERTEX_POINT ( 'NONE', #83 ) ;
#50 = CARTESIAN_POINT ( 'NONE',  ( 94.70787959478199980, 104.9164587905680008, 190.2577474795689909 ) ) ;
#51 = CARTESIAN_POINT ( 'NONE',  ( 75.89012569151120147, 90.93960842117699883, 185.2820312149650022 ) ) ;
#52 = CARTESIAN_POINT ( 'NONE',  ( 94.46039403035678106, 82.10344619263149468, 184.0323882673659170 ) ) ;
#53 = EDGE_CURVE ( 'NONE', #647, #966, #2011, .T. ) ;
#54 = CARTESIAN_POINT ( 'NONE',  ( 75.89012345451439501, 105.5514935092840005, 183.8022342136889904 ) ) ;
#55 = VERTEX_POINT ( 'NONE', #2176 ) ;
#56 = DIRECTION ( 'NONE',  ( -0.7071067811865320296, 0.7071067811865631159, 5.369542597658380398E-15 ) ) ;
#57 = CARTESIAN_POINT ( 'NONE',  ( 78.50501847470791006, 95.93456700947280069, 187.0331486753860020 ) ) ;
#58 = EDGE_LOOP ( 'NONE', ( #2288, #2639, #1874 ) ) ;
#59 = EDGE_CURVE ( 'NONE', #2620, #1604, #924, .T. ) ;
#60 = ORIENTED_EDGE ( 'NONE', *, *, #2232, .T. ) ;
#61 = DIRECTION ( 'NONE',  ( 7.758053781729090430E-44, 6.661338147750930565E-15, -1.000000000000000000 ) ) ;
#62 = CARTESIAN_POINT ( 'NONE',  ( 73.22754484621960103, 123.6504083932610030, 185.2820312149650022 ) ) ;
#63 = DIRECTION ( 'NONE',  ( 0.000000000000000000, 0.000000000000000000, 1.000000000000000000 ) ) ;
#64 = CARTESIAN_POINT ( 'NONE',  ( 85.53222307069390240, 88.52677433690769249, 190.8577491323860045 ) ) ;
#65 = ORIENTED_EDGE ( 'NONE', *, *, #1258, .T. ) ;
#66 = LINE ( 'NONE', #2085, #1521 ) ;
#67 = CARTESIAN_POINT ( 'NONE',  ( 78.86384259064840307, 95.34524881029179255, 187.0331159101309879 ) ) ;
#68 = VERTEX_POINT ( 'NONE', #1164 ) ;
#69 = ORIENTED_EDGE ( 'NONE', *, *, #978, .T. ) ;
#70 = EDGE_CURVE ( 'NONE', #2401, #1176, #532, .T. ) ;
#71 = PLANE ( 'NONE',  #1395 ) ;
#72 = DIRECTION ( 'NONE',  ( 1.054711873393899897E-15, -6.538968091954519823E-15, 1.000000000000000000 ) ) ;
#73 = DIRECTION ( 'NONE',  ( 1.000000000000000000, 0.000000000000000000, 0.000000000000000000 ) ) ;
#74 = CARTESIAN_POINT ( 'NONE',  ( 93.24823549349160601, 86.62149078017310444, 187.0326405338379914 ) ) ;
#75 = VECTOR ( 'NONE', #225, 1000.000000000000227 ) ;
#76 = DIRECTION ( 'NONE',  ( 0.000000000000000000, -6.344131569286620185E-15, 1.000000000000000000 ) ) ;
#77 = EDGE_LOOP ( 'NONE', ( #2227, #1739 ) ) ;
#78 = AXIS2_PLACEMENT_3D ( 'NONE', #159, #3, #556 ) ;
#79 = VECTOR ( 'NONE', #277, 1000.000000000000114 ) ;
#80 = CARTESIAN_POINT ( 'NONE',  ( 92.67037959478190601, 100.2038372183079957, 181.2577491323860102 ) ) ;
#81 = CARTESIAN_POINT ( 'NONE',  ( 123.2363233265990061, 74.47431400594639683, 187.0927226208370087 ) ) ;
#82 = ORIENTED_EDGE ( 'NONE', *, *, #1269, .T. ) ;
#83 = CARTESIAN_POINT ( 'NONE',  ( 89.00207923258800236, 75.72343055910408793, 181.4577491323860272 ) ) ;
#84 = DIRECTION ( 'NONE',  ( -1.000000000000000000, 1.321694076934707365E-14, 0.000000000000000000 ) ) ;
#85 = CARTESIAN_POINT ( 'NONE',  ( 97.46039120467008843, 82.10327791604680669, 187.0323910883323890 ) ) ;
#86 = EDGE_CURVE ( 'NONE', #1099, #1139, #2463, .T. ) ;
#87 = EDGE_CURVE ( 'NONE', #1911, #2408, #1632, .T. ) ;
#88 = ORIENTED_EDGE ( 'NONE', *, *, #1547, .T. ) ;
#89 = CARTESIAN_POINT ( 'NONE',  ( 65.03365217428090261, 125.2888248144660110, 185.2820312149650022 ) ) ;
#90 = SURFACE_STYLE_FILL_AREA ( #526 ) ;
#91 = CARTESIAN_POINT ( 'NONE',  ( 92.79539993794550412, 86.66623464221279960, 187.0326426161749964 ) ) ;
#92 = EDGE_CURVE ( 'NONE', #2625, #993, #2216, .T. ) ;
#93 = CARTESIAN_POINT ( 'NONE',  ( 118.4329897225710084, 85.87759473922990594, 187.0326225280199992 ) ) ;
#94 = ORIENTED_EDGE ( 'NONE', *, *, #995, .F. ) ;
#95 = DIRECTION ( 'NONE',  ( 2.842549949700360120E-14, 1.000000000000000000, -2.671759798173060353E-15 ) ) ;
#96 = CARTESIAN_POINT ( 'NONE',  ( 90.37983082552911185, 75.40027684797219365, 181.4577491323860272 ) ) ;
#97 = ORIENTED_EDGE ( 'NONE', *, *, #173, .F. ) ;
#98 = DIRECTION ( 'NONE',  ( -1.000000000000000000, 2.842549949700360120E-14, -3.053113317719390323E-15 ) ) ;
#99 = LINE ( 'NONE', #545, #1087 ) ;
#100 = CARTESIAN_POINT ( 'NONE',  ( 93.68287959478179516, 100.7739706091330021, 182.2577491323860102 ) ) ;
#101 = ADVANCED_FACE ( 'NONE', ( #1854, #181 ), #601, .T. ) ;
#102 = ORIENTED_EDGE ( 'NONE', *, *, #2149, .T. ) ;
#103 = DIRECTION ( 'NONE',  ( 3.076557530361949628E-28, 0.000000000000000000, 1.000000000000000000 ) ) ;
#104 = DIRECTION ( 'NONE',  ( -6.221039004500501156E-15, -1.000000000000000000, -6.538968091954510356E-15 ) ) ;
#105 = DIRECTION ( 'NONE',  ( -0.8660254037845355191, -0.4999999999998322453, -1.308193741752120596E-15 ) ) ;
#106 = EDGE_CURVE ( 'NONE', #797, #1896, #1436, .T. ) ;
#107 = CARTESIAN_POINT ( 'NONE',  ( 68.69899835966900525, 125.5288456338289933, 181.2577491323860102 ) ) ;
#108 = ORIENTED_EDGE ( 'NONE', *, *, #2547, .T. ) ;
#109 = DIRECTION ( 'NONE',  ( 1.000000000000000000, 0.000000000000000000, -3.051320817894605088E-14 ) ) ;
#110 = LINE ( 'NONE', #283, #259 ) ;
#111 = ORIENTED_EDGE ( 'NONE', *, *, #740, .T. ) ;
#112 = DIRECTION ( 'NONE',  ( 0.5000000000000021094, 0.4999999999999744649, 0.7071067811865642261 ) ) ;
#113 = LINE ( 'NONE', #1357, #2425 ) ;
#114 = ORIENTED_EDGE ( 'NONE', *, *, #2149, .F. ) ;
#115 = FACE_OUTER_BOUND ( 'NONE', #1795, .T. ) ;
#116 = CARTESIAN_POINT ( 'NONE',  ( 90.15955566474819705, 87.14990170074591447, 187.0326673020790054 ) ) ;
#117 = CARTESIAN_POINT ( 'NONE',  ( 117.9669492400180104, 86.14534549525880891, 187.0326371307129989 ) ) ;
#118 = ORIENTED_EDGE ( 'NONE', *, *, #2498, .T. ) ;
#119 = AXIS2_PLACEMENT_3D ( 'NONE', #332, #1565, #1546 ) ;
#120 = EDGE_CURVE ( 'NONE', #2371, #966, #2479, .T. ) ;
#121 = EDGE_CURVE ( 'NONE', #2611, #1667, #596, .T. ) ;
#122 = DIRECTION ( 'NONE',  ( 8.372688643907879886E-15, 0.5890970285176839738, 0.8080623063796720240 ) ) ;
#123 = ORIENTED_EDGE ( 'NONE', *, *, #2667, .T. ) ;
#124 = VECTOR ( 'NONE', #1417, 1000.000000000000114 ) ;
#125 = CIRCLE ( 'NONE', #1773, 2.700000000000737810 ) ;
#126 = CARTESIAN_POINT ( 'NONE',  ( 74.64706182854500582, 115.7970645378000256, 183.6342595518765108 ) ) ;
#127 = CARTESIAN_POINT ( 'NONE',  ( 121.0951772889820006, 128.1285711907169969, 189.3577491323860045 ) ) ;
#128 = VECTOR ( 'NONE', #2457, 1000.000000000000000 ) ;
#129 = PLANE ( 'NONE',  #1687 ) ;
#130 = ORIENTED_EDGE ( 'NONE', *, *, #242, .T. ) ;
#131 = DIRECTION ( 'NONE',  ( -0.4999999999998119837, 0.8660254037844989927, 2.893876314452690293E-07 ) ) ;
#132 = CARTESIAN_POINT ( 'NONE',  ( 87.72595848482021097, 87.95611736046978990, 187.0327102178150085 ) ) ;
#133 = CARTESIAN_POINT ( 'NONE',  ( 87.89518024503641414, 75.98305538371550938, 189.8577491323860045 ) ) ;
#134 = ORIENTED_EDGE ( 'NONE', *, *, #2469, .F. ) ;
#135 = ADVANCED_FACE ( 'NONE', ( #1236 ), #1375, .T. ) ;
#136 = DIRECTION ( 'NONE',  ( -1.797238939864825097E-30, 6.538968091954510356E-15, -1.000000000000000000 ) ) ;
#137 = ORIENTED_EDGE ( 'NONE', *, *, #1766, .F. ) ;
#138 = CARTESIAN_POINT ( 'NONE',  ( 121.6706370261420034, 71.22047675059140204, 181.2577491323860102 ) ) ;
#139 = DIRECTION ( 'NONE',  ( -1.797238939864825097E-30, 6.538968091954510356E-15, -1.000000000000000000 ) ) ;
#140 = CARTESIAN_POINT ( 'NONE',  ( 93.58287959478178664, 100.6007655283759874, 182.0577491323860215 ) ) ;
#141 = EDGE_CURVE ( 'NONE', #1800, #950, #2422, .T. ) ;
#142 = ORIENTED_EDGE ( 'NONE', *, *, #498, .F. ) ;
#143 = CARTESIAN_POINT ( 'NONE',  ( 116.6201765547020130, 120.4783851623869992, 195.4738959042839781 ) ) ;
#144 = FACE_OUTER_BOUND ( 'NONE', #1501, .T. ) ;
#145 = LINE ( 'NONE', #985, #342 ) ;
#146 = ORIENTED_EDGE ( 'NONE', *, *, #254, .F. ) ;
#147 = CARTESIAN_POINT ( 'NONE',  ( 120.2111226349569932, 76.78169513041279970, 190.2577491323860102 ) ) ;
#148 = VERTEX_POINT ( 'NONE', #1808 ) ;
#149 = CARTESIAN_POINT ( 'NONE',  ( 100.4603940303569942, 79.10344619231440788, 184.0322256423139891 ) ) ;
#150 = DIRECTION ( 'NONE',  ( -1.000000000000000000, 1.632680918566413341E-14, 0.000000000000000000 ) ) ;
#151 = CARTESIAN_POINT ( 'NONE',  ( 73.11720538863760055, 123.6510448020996762, 187.2327224468749307 ) ) ;
#152 = EDGE_CURVE ( 'NONE', #1873, #2042, #785, .T. ) ;
#153 = ORIENTED_EDGE ( 'NONE', *, *, #539, .F. ) ;
#154 = DIRECTION ( 'NONE',  ( -9.418955660663406193E-07, -5.609214204051082056E-05, 0.9999999984263923114 ) ) ;
#155 = CARTESIAN_POINT ( 'NONE',  ( 66.18587111454699823, 120.9875953558370014, 189.8577491323860045 ) ) ;
#156 = LINE ( 'NONE', #580, #2341 ) ;
#157 = DIRECTION ( 'NONE',  ( 0.000000000000000000, -6.344131569286620185E-15, 1.000000000000000000 ) ) ;
#158 = ORIENTED_EDGE ( 'NONE', *, *, #1553, .T. ) ;
#159 = CARTESIAN_POINT ( 'NONE',  ( 94.70787959478199980, 104.9164587905680008, 187.6577544640549888 ) ) ;
#160 = ORIENTED_EDGE ( 'NONE', *, *, #1553, .F. ) ;
#161 = VECTOR ( 'NONE', #1117, 1000.000000000000227 ) ;
#162 = CARTESIAN_POINT ( 'NONE',  ( 94.46039120466997474, 76.10327791620541404, 187.0320517097927961 ) ) ;
#163 = LINE ( 'NONE', #842, #1214 ) ;
#164 = CARTESIAN_POINT ( 'NONE',  ( 117.8542194461290080, 86.29004518780141098, 190.8577491323860045 ) ) ;
#165 = ORIENTED_EDGE ( 'NONE', *, *, #2378, .T. ) ;
#166 = AXIS2_PLACEMENT_3D ( 'NONE', #855, #2505, #646 ) ;
#167 = VECTOR ( 'NONE', #1125, 1000.000000000000000 ) ;
#168 = VECTOR ( 'NONE', #708, 1000.000000000000000 ) ;
#169 = VECTOR ( 'NONE', #1243, 1000.000000000000000 ) ;
#170 = ORIENTED_EDGE ( 'NONE', *, *, #2462, .T. ) ;
#171 =( BOUNDED_CURVE ( )  B_SPLINE_CURVE ( 3, ( #628, #2104, #1460, #1080 ),
 .UNSPECIFIED., .F., .T. ) 
 B_SPLINE_CURVE_WITH_KNOTS ( ( 4, 4 ),
 ( 4.695598624047580216, 7.837191277637373332 ),
 .UNSPECIFIED. ) 
 CURVE ( )  GEOMETRIC_REPRESENTATION_ITEM ( )  RATIONAL_B_SPLINE_CURVE ( ( 1.000000000000000000, 0.3333333333333333703, 0.3333333333333333703, 1.000000000000000000 ) ) 
 REPRESENTATION_ITEM ( '' )  );
#172 = FACE_OUTER_BOUND ( 'NONE', #936, .T. ) ;
#173 = EDGE_CURVE ( 'NONE', #2493, #1911, #574, .T. ) ;
#174 = LINE ( 'NONE', #1404, #1557 ) ;
#175 = LINE ( 'NONE', #434, #516 ) ;
#176 = LINE ( 'NONE', #2446, #1004 ) ;
#177 = ORIENTED_EDGE ( 'NONE', *, *, #2585, .T. ) ;
#178 = EDGE_CURVE ( 'NONE', #2661, #661, #367, .T. ) ;
#179 = FACE_OUTER_BOUND ( 'NONE', #1930, .T. ) ;
#180 = EDGE_LOOP ( 'NONE', ( #1747, #1337, #2368, #1114, #682, #1925, #449 ) ) ;
#181 = FACE_BOUND ( 'NONE', #1526, .T. ) ;
#182 = CARTESIAN_POINT ( 'NONE',  ( 116.3470618285449945, 79.19706453780001709, 181.2577491323860102 ) ) ;
#183 = FACE_OUTER_BOUND ( 'NONE', #493, .T. ) ;
#184 = ORIENTED_EDGE ( 'NONE', *, *, #272, .T. ) ;
#185 = EDGE_LOOP ( 'NONE', ( #1021, #2600, #604, #465 ) ) ;
#186 = CARTESIAN_POINT ( 'NONE',  ( 114.6470618285450058, 119.1970645378000313, 186.8577491323860045 ) ) ;
#187 = LINE ( 'NONE', #1012, #380 ) ;
#188 = CARTESIAN_POINT ( 'NONE',  ( 92.00787988886558821, 104.9151986114969901, 187.6577524789900053 ) ) ;
#189 = DIRECTION ( 'NONE',  ( -2.010665038492819608E-16, -6.784647830326020345E-15, 1.000000000000000000 ) ) ;
#190 = ORIENTED_EDGE ( 'NONE', *, *, #2496, .F. ) ;
#191 = EDGE_CURVE ( 'NONE', #1530, #2314, #1006, .T. ) ;
#192 = DIRECTION ( 'NONE',  ( 1.000000000000000000, 0.000000000000000000, 0.000000000000000000 ) ) ;
#193 = ORIENTED_EDGE ( 'NONE', *, *, #120, .T. ) ;
#194 = CARTESIAN_POINT ( 'NONE',  ( 100.4603912046700032, 79.10327791588831303, 187.0322256375930010 ) ) ;
#195 = DIRECTION ( 'NONE',  ( -1.000000000000000000, 1.387778780781444413E-14, 0.000000000000000000 ) ) ;
#196 = DIRECTION ( 'NONE',  ( -0.000000000000000000, -0.000000000000000000, 1.000000000000000000 ) ) ;
#197 = VERTEX_POINT ( 'NONE', #1514 ) ;
#198 = ORIENTED_EDGE ( 'NONE', *, *, #1495, .F. ) ;
#199 = FACE_OUTER_BOUND ( 'NONE', #398, .T. ) ;
#200 = CYLINDRICAL_SURFACE ( 'NONE', #1522, 3.000000000000002665 ) ;
#201 = DIRECTION ( 'NONE',  ( -1.797238939864825097E-30, 6.538968091954510356E-15, -1.000000000000000000 ) ) ;
#202 = EDGE_CURVE ( 'NONE', #2611, #1637, #66, .T. ) ;
#203 = FACE_BOUND ( 'NONE', #730, .T. ) ;
#204 = VERTEX_POINT ( 'NONE', #2285 ) ;
#205 = EDGE_CURVE ( 'NONE', #661, #11, #1111, .T. ) ;
#206 = CARTESIAN_POINT ( 'NONE',  ( 120.2111228243550016, 83.82336419708440189, 190.2577491323860102 ) ) ;
#207 = CARTESIAN_POINT ( 'NONE',  ( 73.34706182854500867, 119.1970645378000029, 183.6344490406955003 ) ) ;
#208 = CARTESIAN_POINT ( 'NONE',  ( 73.80369644559615949, 123.3543184401672193, 187.9780549452173091 ) ) ;
#209 = ORIENTED_EDGE ( 'NONE', *, *, #2306, .T. ) ;
#210 = ADVANCED_FACE ( 'NONE', ( #658 ), #450, .F. ) ;
#211 = AXIS2_PLACEMENT_3D ( 'NONE', #2072, #1045, #1871 ) ;
#212 = ORIENTED_EDGE ( 'NONE', *, *, #704, .T. ) ;
#213 = AXIS2_PLACEMENT_3D ( 'NONE', #1609, #843, #2659 ) ;
#214 = DIRECTION ( 'NONE',  ( -0.6186878934729379553, 0.3423817905058761379, 0.7071067811865540120 ) ) ;
#215 = AXIS2_PLACEMENT_3D ( 'NONE', #1754, #1961, #1352 ) ;
#216 = VECTOR ( 'NONE', #781, 1000.000000000000114 ) ;
#217 = AXIS2_PLACEMENT_3D ( 'NONE', #1272, #418, #1846 ) ;
#218 = DIRECTION ( 'NONE',  ( -1.000000000000000000, 1.632680918566413341E-14, 0.000000000000000000 ) ) ;
#219 = AXIS2_PLACEMENT_3D ( 'NONE', #38, #420, #15 ) ;
#220 = AXIS2_PLACEMENT_3D ( 'NONE', #2060, #2684, #195 ) ;
#221 = CARTESIAN_POINT ( 'NONE',  ( 71.21405071815550514, 130.0735746141489813, 185.8024640449869764 ) ) ;
#222 = CARTESIAN_POINT ( 'NONE',  ( 97.46039120467008843, 79.10327791604690617, 181.4577491323860272 ) ) ;
#223 = VERTEX_POINT ( 'NONE', #1084 ) ;
#224 = EDGE_CURVE ( 'NONE', #758, #1303, #1174, .T. ) ;
#225 = DIRECTION ( 'NONE',  ( -0.9735781184964552581, 0.2283542139823250550, 1.189186811192790221E-05 ) ) ;
#226 = CARTESIAN_POINT ( 'NONE',  ( 80.11294980864830961, 93.60923393115939461, 187.0330199141800165 ) ) ;
#227 = CARTESIAN_POINT ( 'NONE',  ( 120.2111227875380166, 82.55149219017910411, 183.8326511695900081 ) ) ;
#228 = EDGE_LOOP ( 'NONE', ( #2438, #933, #461, #1618, #770 ) ) ;
#229 = ORIENTED_EDGE ( 'NONE', *, *, #9, .T. ) ;
#230 = EDGE_CURVE ( 'NONE', #1695, #712, #247, .T. ) ;
#231 = CARTESIAN_POINT ( 'NONE',  ( 94.70787988886709741, 104.9164587905680008, 187.6577544640549888 ) ) ;
#232 = DIRECTION ( 'NONE',  ( -1.797238939864825097E-30, 6.538968091954510356E-15, -1.000000000000000000 ) ) ;
#233 = CARTESIAN_POINT ( 'NONE',  ( 100.4603912046700032, 82.10327791588834145, 187.0323939140188543 ) ) ;
#234 = DIRECTION ( 'NONE',  ( -1.421274974850180060E-14, -1.000000000000000000, -6.538968091954510356E-15 ) ) ;
#235 = VERTEX_POINT ( 'NONE', #264 ) ;
#236 = CARTESIAN_POINT ( 'NONE',  ( 76.88009569794469655, 127.0945319342849871, 188.8577491323860045 ) ) ;
#237 = DIRECTION ( 'NONE',  ( -1.421274974850180060E-14, -1.000000000000000000, 0.000000000000000000 ) ) ;
#238 = CARTESIAN_POINT ( 'NONE',  ( 92.00787959478209643, 107.6164587905680037, 187.2577524789900281 ) ) ;
#239 = ORIENTED_EDGE ( 'NONE', *, *, #2052, .F. ) ;
#240 = ORIENTED_EDGE ( 'NONE', *, *, #1338, .T. ) ;
#241 = DIRECTION ( 'NONE',  ( -3.460435401429205255E-15, 2.637246471572430381E-15, 1.000000000000000000 ) ) ;
#242 = EDGE_CURVE ( 'NONE', #582, #2090, #669, .T. ) ;
#243 = CARTESIAN_POINT ( 'NONE',  ( 75.89012485496699867, 62.04056494772449781, 192.1162603967640337 ) ) ;
#244 = DIRECTION ( 'NONE',  ( 7.352090047874198443E-07, -2.089868319577728412E-20, 0.9999999999997297717 ) ) ;
#245 = CARTESIAN_POINT ( 'NONE',  ( 75.89012345451439501, 105.5514935092840005, 190.8577491323860045 ) ) ;
#246 = ORIENTED_EDGE ( 'NONE', *, *, #1293, .F. ) ;
#247 = LINE ( 'NONE', #1908, #75 ) ;
#248 = CARTESIAN_POINT ( 'NONE',  ( 75.73499692400871197, 122.1339636767959433, 190.2577491323854417 ) ) ;
#249 = CARTESIAN_POINT ( 'NONE',  ( 119.3470618285449945, 119.1970645377999602, 190.2577491323860102 ) ) ;
#250 = EDGE_LOOP ( 'NONE', ( #1529, #1629 ) ) ;
#251 = ORIENTED_EDGE ( 'NONE', *, *, #1457, .T. ) ;
#252 = DIRECTION ( 'NONE',  ( -0.6285124337261920324, -0.4581993963677399306, -0.6285104882337428922 ) ) ;
#253 =( GEOMETRIC_REPRESENTATION_CONTEXT ( 3 ) GLOBAL_UNCERTAINTY_ASSIGNED_CONTEXT ( ( #2514 ) ) GLOBAL_UNIT_ASSIGNED_CONTEXT ( ( #1102, #1923, #274 ) ) REPRESENTATION_CONTEXT ( 'NONE', 'WORKASPACE' ) );
#254 = EDGE_CURVE ( 'NONE', #1474, #597, #1217, .T. ) ;
#255 = CARTESIAN_POINT ( 'NONE',  ( 97.46039120467008843, 79.10327791604680669, 189.8577491323860045 ) ) ;
#256 = CARTESIAN_POINT ( 'NONE',  ( 94.46039403035680948, 79.10344619263150889, 184.0322199909400069 ) ) ;
#257 = MECHANICAL_DESIGN_GEOMETRIC_PRESENTATION_REPRESENTATION (  '', ( #1000 ), #253 ) ;
#258 = VECTOR ( 'NONE', #2027, 1000.000000000000000 ) ;
#259 = VECTOR ( 'NONE', #1326, 1000.000000000000000 ) ;
#260 = VECTOR ( 'NONE', #928, 1000.000000000000000 ) ;
#261 = EDGE_CURVE ( 'NONE', #811, #2493, #2531, .T. ) ;
#262 = DIRECTION ( 'NONE',  ( 1.054711873393899897E-15, -6.538968091954519823E-15, 1.000000000000000000 ) ) ;
#263 = PRODUCT_DEFINITION_FORMATION_WITH_SPECIFIED_SOURCE ( 'ANY', '', #1215, .NOT_KNOWN. ) ;
#264 = CARTESIAN_POINT ( 'NONE',  ( 120.2111226349569932, 74.43003269853490167, 187.0319821083839713 ) ) ;
#265 = CARTESIAN_POINT ( 'NONE',  ( 77.44890077513710480, 98.03225527644138992, 187.0332657300600090 ) ) ;
#266 = VERTEX_POINT ( 'NONE', #1922 ) ;
#267 = ORIENTED_EDGE ( 'NONE', *, *, #1636, .T. ) ;
#268 = DIRECTION ( 'NONE',  ( -2.842549949700355071E-14, -1.000000000000000000, 0.000000000000000000 ) ) ;
#269 = CARTESIAN_POINT ( 'NONE',  ( 78.04706182854499730, 119.1970645378000029, 183.6344534676046862 ) ) ;
#270 = DIRECTION ( 'NONE',  ( 1.000000000000000000, -2.842549949700360120E-14, 0.000000000000000000 ) ) ;
#271 = EDGE_LOOP ( 'NONE', ( #2013, #954, #2330, #1136 ) ) ;
#272 = EDGE_CURVE ( 'NONE', #2090, #2042, #2302, .T. ) ;
#273 = CARTESIAN_POINT ( 'NONE',  ( 92.83952818798930195, 74.82335112709991165, 189.8577491323860045 ) ) ;
#274 =( NAMED_UNIT ( * ) SI_UNIT ( $, .STERADIAN. ) SOLID_ANGLE_UNIT ( ) );
#275 = VERTEX_POINT ( 'NONE', #236 ) ;
#276 = ORIENTED_EDGE ( 'NONE', *, *, #1985, .T. ) ;
#277 = DIRECTION ( 'NONE',  ( -0.9735781185652951919, 0.2283542139984720276, 2.520045320326670113E-15 ) ) ;
#278 = LINE ( 'NONE', #1939, #260 ) ;
#279 = CARTESIAN_POINT ( 'NONE',  ( 119.5584418874119876, 84.75680565723050108, 187.0325607446999925 ) ) ;
#280 = VERTEX_POINT ( 'NONE', #1893 ) ;
#281 = EDGE_CURVE ( 'NONE', #2611, #1884, #45, .T. ) ;
#282 = CARTESIAN_POINT ( 'NONE',  ( 74.06571290363206117, 121.5254336001628843, 187.0345803261484150 ) ) ;
#283 = CARTESIAN_POINT ( 'NONE',  ( 78.04706182854499730, 119.1970645378000029, 181.2577491323860102 ) ) ;
#284 = ORIENTED_EDGE ( 'NONE', *, *, #2179, .T. ) ;
#285 = EDGE_CURVE ( 'NONE', #2689, #1318, #1711, .T. ) ;
#286 = PLANE ( 'NONE',  #1596 ) ;
#287 = EDGE_CURVE ( 'NONE', #981, #2090, #2540, .T. ) ;
#288 = PLANE ( 'NONE',  #2082 ) ;
#289 = CARTESIAN_POINT ( 'NONE',  ( 98.23134235640578993, 102.2164586902850090, 187.4577474795690080 ) ) ;
#290 = AXIS2_PLACEMENT_3D ( 'NONE', #392, #1024, #614 ) ;
#291 = CIRCLE ( 'NONE', #2644, 1.700000002674386224 ) ;
#292 = VECTOR ( 'NONE', #56, 999.9999999999998863 ) ;
#293 = CARTESIAN_POINT ( 'NONE',  ( 94.70787959478209928, 107.6164587905680037, 187.6577524789900053 ) ) ;
#294 = VERTEX_POINT ( 'NONE', #679 ) ;
#295 = AXIS2_PLACEMENT_3D ( 'NONE', #690, #2350, #1330 ) ;
#296 = CARTESIAN_POINT ( 'NONE',  ( 108.9721014606899843, 71.01502526485049316, 181.6617802855760146 ) ) ;
#297 = CARTESIAN_POINT ( 'NONE',  ( 123.2363233266000009, 126.6945319342849814, 188.8577491323860045 ) ) ;
#298 = VERTEX_POINT ( 'NONE', #1689 ) ;
#299 = COLOUR_RGB ( '',0.2862745098039215508, 0.6627450980392156632, 0.3294117647058823484 ) ;
#300 = EDGE_CURVE ( 'NONE', #2417, #21, #2503, .T. ) ;
#301 = ORIENTED_EDGE ( 'NONE', *, *, #1683, .F. ) ;
#302 = LINE ( 'NONE', #1797, #1859 ) ;
#303 = LINE ( 'NONE', #546, #1089 ) ;
#304 = EDGE_CURVE ( 'NONE', #2268, #2592, #2107, .T. ) ;
#305 = ORIENTED_EDGE ( 'NONE', *, *, #2114, .F. ) ;
#306 = CARTESIAN_POINT ( 'NONE',  ( 94.70787959478178664, 100.1821865832130101, 181.8577491323860045 ) ) ;
#307 = FACE_OUTER_BOUND ( 'NONE', #503, .T. ) ;
#308 = CARTESIAN_POINT ( 'NONE',  ( 88.23813637863210602, 87.75308028058429954, 187.0326993183570039 ) ) ;
#309 = PRODUCT_DEFINITION_CONTEXT ( 'detailed design', #2359, 'design' ) ;
#310 = CARTESIAN_POINT ( 'NONE',  ( 120.2072771921009888, 82.74727672996229444, 187.0324486368180033 ) ) ;
#311 = ORIENTED_EDGE ( 'NONE', *, *, #1373, .F. ) ;
#312 = FACE_OUTER_BOUND ( 'NONE', #2159, .T. ) ;
#313 = CARTESIAN_POINT ( 'NONE',  ( 118.0470618285449973, 75.79706453780001141, 183.6320567444589926 ) ) ;
#314 = EDGE_LOOP ( 'NONE', ( #1354, #2032 ) ) ;
#315 = ORIENTED_EDGE ( 'NONE', *, *, #202, .T. ) ;
#316 = CARTESIAN_POINT ( 'NONE',  ( 97.46039403035680948, 79.10344619247300102, 184.0322228166270122 ) ) ;
#317 = CARTESIAN_POINT ( 'NONE',  ( 118.0470618285449973, 119.1970645377999745, 189.8577491323860045 ) ) ;
#318 = VERTEX_POINT ( 'NONE', #425 ) ;
#319 = DIRECTION ( 'NONE',  ( 0.000000000000000000, -6.344131569286620185E-15, 1.000000000000000000 ) ) ;
#320 = EDGE_CURVE ( 'NONE', #1541, #266, #1263, .T. ) ;
#321 = EDGE_CURVE ( 'NONE', #2026, #443, #644, .T. ) ;
#322 = CARTESIAN_POINT ( 'NONE',  ( 90.40968967243318843, 87.08564680853760365, 187.0326639294710276 ) ) ;
#323 = FACE_OUTER_BOUND ( 'NONE', #2329, .T. ) ;
#324 = ORIENTED_EDGE ( 'NONE', *, *, #1547, .F. ) ;
#325 = DIRECTION ( 'NONE',  ( -0.8660254037844619113, -0.4999999999999599209, -2.356076769944780138E-15 ) ) ;
#326 = ORIENTED_EDGE ( 'NONE', *, *, #1261, .T. ) ;
#327 = CARTESIAN_POINT ( 'NONE',  ( 96.05787953684330205, 107.6164587905680037, 187.4577468499209942 ) ) ;
#328 = CARTESIAN_POINT ( 'NONE',  ( 122.5863233265990004, 70.80957377910910111, 182.0658114387649960 ) ) ;
#329 = CARTESIAN_POINT ( 'NONE',  ( 91.18441677521759914, 107.6164587905680037, 187.2577474795689909 ) ) ;
#330 = ORIENTED_EDGE ( 'NONE', *, *, #2566, .T. ) ;
#331 = DIRECTION ( 'NONE',  ( -0.9999999999999580336, 2.842549949700240213E-14, -2.896982209677390152E-07 ) ) ;
#332 = CARTESIAN_POINT ( 'NONE',  ( 123.0363233265999980, 126.8945319342849842, 189.8577491323860045 ) ) ;
#333 = EDGE_CURVE ( 'NONE', #2401, #909, #125, .T. ) ;
#334 = CARTESIAN_POINT ( 'NONE',  ( 118.4636894768559898, 85.85712018202001161, 187.0326214069829973 ) ) ;
#335 = ORIENTED_EDGE ( 'NONE', *, *, #898, .F. ) ;
#336 = VECTOR ( 'NONE', #2348, 999.9999999999998863 ) ;
#337 = ADVANCED_FACE ( 'NONE', ( #1803 ), #934, .F. ) ;
#338 = VECTOR ( 'NONE', #829, 1000.000000000000000 ) ;
#339 = VECTOR ( 'NONE', #1100, 1000.000000000000000 ) ;
#340 = DIRECTION ( 'NONE',  ( 1.787323579971820041E-28, 6.287747309982089856E-15, -1.000000000000000000 ) ) ;
#341 = ORIENTED_EDGE ( 'NONE', *, *, #1655, .F. ) ;
#342 = VECTOR ( 'NONE', #1804, 1000.000000000000000 ) ;
#343 = VECTOR ( 'NONE', #2490, 1000.000000000000000 ) ;
#344 = VERTEX_POINT ( 'NONE', #1122 ) ;
#345 = DIRECTION ( 'NONE',  ( 0.000000000000000000, 0.000000000000000000, 1.000000000000000000 ) ) ;
#346 = VECTOR ( 'NONE', #1456, 1000.000000000000000 ) ;
#347 = DIRECTION ( 'NONE',  ( -0.4842443096590549056, -0.8749328237695228605, -4.953296387289149471E-05 ) ) ;
#348 = ORIENTED_EDGE ( 'NONE', *, *, #826, .F. ) ;
#349 = PLANE ( 'NONE',  #2387 ) ;
#350 = FACE_OUTER_BOUND ( 'NONE', #2562, .T. ) ;
#351 = CARTESIAN_POINT ( 'NONE',  ( 92.00787959478191169, 102.2164587905679980, 187.2577524789900281 ) ) ;
#352 = EDGE_LOOP ( 'NONE', ( #524, #1207 ) ) ;
#353 = CARTESIAN_POINT ( 'NONE',  ( 99.00787959478211064, 106.1000268424069901, 182.0577491323860215 ) ) ;
#354 = ORIENTED_EDGE ( 'NONE', *, *, #173, .T. ) ;
#355 = EDGE_CURVE ( 'NONE', #294, #48, #2635, .T. ) ;
#356 = CARTESIAN_POINT ( 'NONE',  ( 116.2111229035450037, 86.55149231099299811, 190.2577491323860102 ) ) ;
#357 = DIRECTION ( 'NONE',  ( 0.7071067811865280328, -0.7071067811865670016, 0.000000000000000000 ) ) ;
#358 = DIRECTION ( 'NONE',  ( -0.02722022634646028769, 0.9996294609892445449, 0.000000000000000000 ) ) ;
#359 = EDGE_LOOP ( 'NONE', ( #190, #1463, #111, #335, #637, #2543 ) ) ;
#360 = FACE_BOUND ( 'NONE', #250, .T. ) ;
#361 = PLANE ( 'NONE',  #290 ) ;
#362 = LINE ( 'NONE', #1819, #2295 ) ;
#363 = DIRECTION ( 'NONE',  ( -2.783577417807019964E-16, -6.661338147750940820E-15, 1.000000000000000000 ) ) ;
#364 = ORIENTED_EDGE ( 'NONE', *, *, #662, .T. ) ;
#365 = CARTESIAN_POINT ( 'NONE',  ( 75.89012376425064588, 116.2320674711239405, 187.0342851283072605 ) ) ;
#366 = ADVANCED_FACE ( 'NONE', ( #1973 ), #1137, .T. ) ;
#367 = LINE ( 'NONE', #1204, #258 ) ;
#368 = EDGE_CURVE ( 'NONE', #1695, #2376, #156, .T. ) ;
#369 = DIRECTION ( 'NONE',  ( -2.900002428991888294E-08, -0.9999999984268354014, -5.609214206785066562E-05 ) ) ;
#370 = CARTESIAN_POINT ( 'NONE',  ( 117.0336460004180026, 86.55149228713979426, 190.8577491323860045 ) ) ;
#371 = ORIENTED_EDGE ( 'NONE', *, *, #191, .F. ) ;
#372 = ORIENTED_EDGE ( 'NONE', *, *, #772, .T. ) ;
#373 = EDGE_CURVE ( 'NONE', #1455, #1271, #2173, .T. ) ;
#374 = DIRECTION ( 'NONE',  ( -1.000000000000000000, 1.468691771175450204E-14, 1.054711873393999885E-15 ) ) ;
#375 = CARTESIAN_POINT ( 'NONE',  ( 89.60787959478179232, 101.9719724177009965, 181.2577491323860102 ) ) ;
#376 = CARTESIAN_POINT ( 'NONE',  ( 119.3470618285449945, 119.1970645377999602, 186.8577491323860045 ) ) ;
#377 = CARTESIAN_POINT ( 'NONE',  ( 78.04706182854498309, 122.5970645378000228, 183.6346441808879320 ) ) ;
#378 = PLANE ( 'NONE',  #1220 ) ;
#379 = VERTEX_POINT ( 'NONE', #376 ) ;
#380 = VECTOR ( 'NONE', #1598, 1000.000000000000000 ) ;
#381 = CARTESIAN_POINT ( 'NONE',  ( 97.46039120467000316, 76.10327791604680669, 187.0320545354800004 ) ) ;
#382 = CARTESIAN_POINT ( 'NONE',  ( 75.89012333721879600, 101.5068134355520186, 190.2577491323860102 ) ) ;
#383 = CARTESIAN_POINT ( 'NONE',  ( 74.20829466871673219, 123.0984294131959587, 188.4550054857779458 ) ) ;
#384 = ORIENTED_EDGE ( 'NONE', *, *, #859, .T. ) ;
#385 = VECTOR ( 'NONE', #1594, 999.9999999999998863 ) ;
#386 = VECTOR ( 'NONE', #2439, 1000.000000000000114 ) ;
#387 = CIRCLE ( 'NONE', #738, 3.000000004719495461 ) ;
#388 = VECTOR ( 'NONE', #1681, 1000.000000000000000 ) ;
#389 = ORIENTED_EDGE ( 'NONE', *, *, #2601, .T. ) ;
#390 = CARTESIAN_POINT ( 'NONE',  ( 76.34706182854500867, 119.1970645378000029, 181.2577491323860102 ) ) ;
#391 = VECTOR ( 'NONE', #2373, 1000.000000000000000 ) ;
#392 = CARTESIAN_POINT ( 'NONE',  ( 81.10794595723321265, 87.18792010637190515, 182.0577491323860215 ) ) ;
#393 = EDGE_CURVE ( 'NONE', #619, #280, #2379, .T. ) ;
#394 = CARTESIAN_POINT ( 'NONE',  ( 94.89012290348159695, 86.55149292818259710, 189.8577491323860045 ) ) ;
#395 = FACE_OUTER_BOUND ( 'NONE', #359, .T. ) ;
#396 = ORIENTED_EDGE ( 'NONE', *, *, #2585, .F. ) ;
#397 = PLANE ( 'NONE',  #433 ) ;
#398 = EDGE_LOOP ( 'NONE', ( #4, #198, #2435 ) ) ;
#399 = CARTESIAN_POINT ( 'NONE',  ( 118.5251352310120012, 85.81421301700170545, 190.2577491323860102 ) ) ;
#400 = CARTESIAN_POINT ( 'NONE',  ( 93.03751779070690020, 86.55149298181019901, 190.2577491323860102 ) ) ;
#401 = CARTESIAN_POINT ( 'NONE',  ( 87.89518024503651361, 75.98305538371550938, 182.2577491323860102 ) ) ;
#402 = EDGE_LOOP ( 'NONE', ( #2545, #2459, #2339 ) ) ;
#403 = FACE_OUTER_BOUND ( 'NONE', #1196, .T. ) ;
#404 = CARTESIAN_POINT ( 'NONE',  ( 95.74833756387731398, 98.86501961699920571, 184.0333296730910035 ) ) ;
#405 = EDGE_CURVE ( 'NONE', #235, #2134, #2586, .T. ) ;
#406 = CARTESIAN_POINT ( 'NONE',  ( 90.60787959478210496, 107.2835948942460078, 182.2577491323860102 ) ) ;
#407 = ADVANCED_FACE ( 'NONE', ( #312 ), #996, .F. ) ;
#408 = CARTESIAN_POINT ( 'NONE',  ( 94.70787959478199980, 104.9164587905680008, 187.2577474795689909 ) ) ;
#409 = ORIENTED_EDGE ( 'NONE', *, *, #2070, .F. ) ;
#410 = EDGE_CURVE ( 'NONE', #777, #976, #2204, .T. ) ;
#411 = CARTESIAN_POINT ( 'NONE',  ( 91.80787959478199411, 104.9164587905681287, 189.6577491323860158 ) ) ;
#412 = EDGE_LOOP ( 'NONE', ( #2442, #1648, #372, #1972, #1426, #1592 ) ) ;
#413 = CARTESIAN_POINT ( 'NONE',  ( 74.64706182854500582, 119.1970645378000029, 181.2577491323860102 ) ) ;
#414 = CARTESIAN_POINT ( 'NONE',  ( 94.70787959478218454, 110.8054315363019953, 181.2577491323860102 ) ) ;
#415 = CARTESIAN_POINT ( 'NONE',  ( 74.51396444608157310, 122.8610780488787668, 188.8367760599338965 ) ) ;
#416 = ORIENTED_EDGE ( 'NONE', *, *, #895, .T. ) ;
#417 = ORIENTED_EDGE ( 'NONE', *, *, #1358, .T. ) ;
#418 = DIRECTION ( 'NONE',  ( -0.000000000000000000, -0.000000000000000000, 1.000000000000000000 ) ) ;
#419 = DIRECTION ( 'NONE',  ( 1.000000000000000000, 0.000000000000000000, 0.000000000000000000 ) ) ;
#420 = DIRECTION ( 'NONE',  ( -2.896982209677172570E-07, -5.014133996894620380E-07, 0.9999999999998323563 ) ) ;
#421 = EDGE_CURVE ( 'NONE', #280, #2030, #1601, .T. ) ;
#422 = LINE ( 'NONE', #1259, #1951 ) ;
#423 = ORIENTED_EDGE ( 'NONE', *, *, #224, .F. ) ;
#424 = EDGE_CURVE ( 'NONE', #2570, #909, #517, .T. ) ;
#425 = CARTESIAN_POINT ( 'NONE',  ( 75.89012376425064588, 116.2320674711239405, 187.0342851283072605 ) ) ;
#426 = CARTESIAN_POINT ( 'NONE',  ( 120.2111189927010031, -48.30484829467579999, 187.0250976459919912 ) ) ;
#427 = CARTESIAN_POINT ( 'NONE',  ( 73.52898638423367572, 123.4871605000464712, 187.6723280880134439 ) ) ;
#428 = ORIENTED_EDGE ( 'NONE', *, *, #1938, .T. ) ;
#429 = ORIENTED_EDGE ( 'NONE', *, *, #421, .F. ) ;
#430 = AXIS2_PLACEMENT_3D ( 'NONE', #1810, #196, #1251 ) ;
#431 = DIRECTION ( 'NONE',  ( 0.000000000000000000, -6.344131569286620185E-15, 1.000000000000000000 ) ) ;
#432 = VECTOR ( 'NONE', #655, 1000.000000000000227 ) ;
#433 = AXIS2_PLACEMENT_3D ( 'NONE', #1040, #1891, #851 ) ;
#434 = CARTESIAN_POINT ( 'NONE',  ( 94.91559602100470272, 109.5308058633279984, 187.2577427313550231 ) ) ;
#435 = CARTESIAN_POINT ( 'NONE',  ( 66.91716679956350333, 111.3340608860950027, 181.2577491323860102 ) ) ;
#436 = CARTESIAN_POINT ( 'NONE',  ( 99.36039120467009411, 79.10327791604687775, 181.4577491323860272 ) ) ;
#437 = EDGE_LOOP ( 'NONE', ( #2262, #1291, #1034, #2261, #2243, #2367, #488, #986, #1624 ) ) ;
#438 = CARTESIAN_POINT ( 'NONE',  ( 123.2363233266000009, 126.6945319342849814, 189.8577491323860045 ) ) ;
#439 = CARTESIAN_POINT ( 'NONE',  ( 80.62844850587070766, 92.99992237706288734, 187.0329863361880030 ) ) ;
#440 = PLANE ( 'NONE',  #511 ) ;
#441 = ORIENTED_EDGE ( 'NONE', *, *, #373, .F. ) ;
#442 = EDGE_CURVE ( 'NONE', #1168, #148, #1389, .T. ) ;
#443 = VERTEX_POINT ( 'NONE', #567 ) ;
#444 = LINE ( 'NONE', #2141, #161 ) ;
#445 = CARTESIAN_POINT ( 'NONE',  ( 97.46039120467008843, 79.10327791604690617, 181.6577491323859874 ) ) ;
#446 = CARTESIAN_POINT ( 'NONE',  ( 94.46039120467008843, 79.10327791620539983, 187.0322199862199852 ) ) ;
#447 =( BOUNDED_CURVE ( )  B_SPLINE_CURVE ( 3, ( #2003, #1183, #1950, #1367 ),
 .UNSPECIFIED., .F., .T. ) 
 B_SPLINE_CURVE_WITH_KNOTS ( ( 4, 4 ),
 ( 4.695598624047580216, 7.837191277637373332 ),
 .UNSPECIFIED. ) 
 CURVE ( )  GEOMETRIC_REPRESENTATION_ITEM ( )  RATIONAL_B_SPLINE_CURVE ( ( 1.000000000000000000, 0.3333333333333333703, 0.3333333333333333703, 1.000000000000000000 ) ) 
 REPRESENTATION_ITEM ( '' )  );
#448 = CARTESIAN_POINT ( 'NONE',  ( 97.40787959478190317, 102.2164587905679980, 187.2577524789900281 ) ) ;
#449 = ORIENTED_EDGE ( 'NONE', *, *, #472, .T. ) ;
#450 = PLANE ( 'NONE',  #1688 ) ;
#451 = CARTESIAN_POINT ( 'NONE',  ( 80.27727574606920768, 93.40636048278200576, 187.0330087278390181 ) ) ;
#452 = PRESENTATION_STYLE_ASSIGNMENT (( #2317 ) ) ;
#453 = EDGE_LOOP ( 'NONE', ( #752, #2597, #1201, #246 ) ) ;
#454 = EDGE_CURVE ( 'NONE', #1271, #564, #362, .T. ) ;
#455 = EDGE_LOOP ( 'NONE', ( #722, #209, #2198, #153, #1631, #2529 ) ) ;
#456 = CARTESIAN_POINT ( 'NONE',  ( 113.3470618285449945, 119.1970645378000455, 186.8577491323860045 ) ) ;
#457 = EDGE_CURVE ( 'NONE', #223, #1485, #903, .T. ) ;
#458 = DIRECTION ( 'NONE',  ( 7.758053781729090430E-44, 6.661338147750930565E-15, -1.000000000000000000 ) ) ;
#459 = CARTESIAN_POINT ( 'NONE',  ( 97.46039120467008843, 79.10327791604690617, 181.6577491323859874 ) ) ;
#460 = CARTESIAN_POINT ( 'NONE',  ( 98.80787959478190885, 102.5493226868910028, 182.2577491323860102 ) ) ;
#461 = ORIENTED_EDGE ( 'NONE', *, *, #1228, .T. ) ;
#462 = CARTESIAN_POINT ( 'NONE',  ( 75.25290778179889628, 121.9904186009271569, 188.6364683868700354 ) ) ;
#463 = CARTESIAN_POINT ( 'NONE',  ( 123.2363233266000009, 122.4949422410609969, 189.8577491323860045 ) ) ;
#464 = CARTESIAN_POINT ( 'NONE',  ( 116.3470618285449945, 119.1970645378000029, 181.4577491323860272 ) ) ;
#465 = ORIENTED_EDGE ( 'NONE', *, *, #285, .F. ) ;
#466 = ORIENTED_EDGE ( 'NONE', *, *, #1850, .T. ) ;
#467 = DIRECTION ( 'NONE',  ( 0.000000000000000000, -1.000000000000000000, -2.075171784045660205E-14 ) ) ;
#468 = AXIS2_PLACEMENT_3D ( 'NONE', #2201, #2165, #2017 ) ;
#469 = VECTOR ( 'NONE', #2576, 1000.000000000000114 ) ;
#470 = DIRECTION ( 'NONE',  ( -2.842549949700355071E-14, -1.000000000000000000, 0.000000000000000000 ) ) ;
#471 = CARTESIAN_POINT ( 'NONE',  ( 100.4603940303570937, 76.10344619231440788, 184.0320573658868000 ) ) ;
#472 = EDGE_CURVE ( 'NONE', #1541, #2489, #2568, .T. ) ;
#473 = VECTOR ( 'NONE', #2665, 1000.000000000000227 ) ;
#474 = VECTOR ( 'NONE', #1663, 1000.000000000000000 ) ;
#475 = CIRCLE ( 'NONE', #1348, 2.100000000000004530 ) ;
#476 = DIRECTION ( 'NONE',  ( -5.828670879283040164E-16, 8.560520957292979559E-30, -1.000000000000000000 ) ) ;
#477 = ORIENTED_EDGE ( 'NONE', *, *, #778, .T. ) ;
#478 = DIRECTION ( 'NONE',  ( -1.000000000000000000, 4.625929269271495893E-14, 0.000000000000000000 ) ) ;
#479 = CARTESIAN_POINT ( 'NONE',  ( 79.25441391479330377, 94.75461846525280407, 187.0330831692640174 ) ) ;
#480 = CARTESIAN_POINT ( 'NONE',  ( 120.2111228243550016, 83.82336419708440189, 183.8326511695900081 ) ) ;
#481 = ORIENTED_EDGE ( 'NONE', *, *, #583, .T. ) ;
#482 = ORIENTED_EDGE ( 'NONE', *, *, #2378, .F. ) ;
#483 = LINE ( 'NONE', #1127, #79 ) ;
#484 = CARTESIAN_POINT ( 'NONE',  ( 94.70787959478199980, 104.9164587905680008, 190.2577491323860102 ) ) ;
#485 = EDGE_CURVE ( 'NONE', #2628, #1549, #1324, .T. ) ;
#486 = ADVANCED_FACE ( 'NONE', ( #1335 ), #615, .F. ) ;
#487 = CARTESIAN_POINT ( 'NONE',  ( 118.0353352518629890, 86.11045349208760058, 187.0326352357569988 ) ) ;
#488 = ORIENTED_EDGE ( 'NONE', *, *, #2193, .F. ) ;
#489 = EDGE_CURVE ( 'NONE', #2110, #1313, #639, .T. ) ;
#490 = CARTESIAN_POINT ( 'NONE',  ( 79.94603323987951171, 93.81530572012310643, 187.0330312768770114 ) ) ;
#491 = DIRECTION ( 'NONE',  ( 0.000000000000000000, 0.000000000000000000, 1.000000000000000000 ) ) ;
#492 = ORIENTED_EDGE ( 'NONE', *, *, #2089, .F. ) ;
#493 = EDGE_LOOP ( 'NONE', ( #1837, #871, #852, #1402, #1585, #177 ) ) ;
#494 = CARTESIAN_POINT ( 'NONE',  ( 97.46039403035671000, 76.10344619247300102, 184.0320545402006474 ) ) ;
#495 = CARTESIAN_POINT ( 'NONE',  ( 94.70787959478199980, 104.9164587905680008, 189.6577491323860158 ) ) ;
#496 = FILL_AREA_STYLE_COLOUR ( '', #299 ) ;
#497 = CARTESIAN_POINT ( 'NONE',  ( 94.30634130655110425, 86.56051446852700337, 187.0326381262289885 ) ) ;
#498 = EDGE_CURVE ( 'NONE', #564, #582, #1670, .T. ) ;
#499 = CARTESIAN_POINT ( 'NONE',  ( 118.9280156114190135, 85.48474329226519330, 187.0326009751580045 ) ) ;
#500 = ORIENTED_EDGE ( 'NONE', *, *, #1888, .F. ) ;
#501 = CARTESIAN_POINT ( 'NONE',  ( 92.00787988886548874, 102.2164587905679980, 187.6577524789900053 ) ) ;
#502 = CARTESIAN_POINT ( 'NONE',  ( 92.00787959478191169, 102.2164587905679980, 187.2577524789900281 ) ) ;
#503 = EDGE_LOOP ( 'NONE', ( #2224, #890, #170 ) ) ;
#504 = EDGE_CURVE ( 'NONE', #48, #940, #1927, .T. ) ;
#505 = DIRECTION ( 'NONE',  ( -1.000000000000000000, 1.387778780781444413E-14, 0.000000000000000000 ) ) ;
#506 = DIRECTION ( 'NONE',  ( 2.842549949700360120E-14, 1.000000000000000000, -2.671759798173060353E-15 ) ) ;
#507 = CARTESIAN_POINT ( 'NONE',  ( 94.89012290348159695, 86.55149292818259710, 189.8577491323860045 ) ) ;
#508 = CARTESIAN_POINT ( 'NONE',  ( 75.89012401842290956, 33.14152147427199679, 185.2820312149650022 ) ) ;
#509 = CARTESIAN_POINT ( 'NONE',  ( 88.49086282262500447, 87.66230183872089299, 187.0326944709070176 ) ) ;
#510 = AXIS2_PLACEMENT_3D ( 'NONE', #50, #2546, #925 ) ;
#511 = AXIS2_PLACEMENT_3D ( 'NONE', #238, #1074, #32 ) ;
#512 = VECTOR ( 'NONE', #853, 1000.000000000000000 ) ;
#513 = CARTESIAN_POINT ( 'NONE',  ( 120.1697312391980148, 83.23070946671730042, 187.0324757183379916 ) ) ;
#514 = ORIENTED_EDGE ( 'NONE', *, *, #590, .F. ) ;
#515 = VECTOR ( 'NONE', #751, 1000.000000000000227 ) ;
#516 = VECTOR ( 'NONE', #2664, 999.9999999999998863 ) ;
#517 = LINE ( 'NONE', #1740, #2552 ) ;
#518 = LINE ( 'NONE', #1741, #1049 ) ;
#519 = EDGE_LOOP ( 'NONE', ( #1041, #94, #611, #1075 ) ) ;
#520 = ORIENTED_EDGE ( 'NONE', *, *, #59, .F. ) ;
#521 = EDGE_CURVE ( 'NONE', #1742, #1507, #1443, .T. ) ;
#522 = CARTESIAN_POINT ( 'NONE',  ( 84.86884999134780116, 76.69288570262131088, 184.4449985834910137 ) ) ;
#523 = FACE_OUTER_BOUND ( 'NONE', #2062, .T. ) ;
#524 = ORIENTED_EDGE ( 'NONE', *, *, #1921, .F. ) ;
#525 = DIRECTION ( 'NONE',  ( 0.1614708132308470545, 0.6884236896523678872, 0.7071067811865400232 ) ) ;
#526 = FILL_AREA_STYLE ('',( #496 ) ) ;
#527 = CARTESIAN_POINT ( 'NONE',  ( 92.31619138269459768, 86.72700712613570317, 187.0326455771120209 ) ) ;
#528 = CARTESIAN_POINT ( 'NONE',  ( 119.8105861971170043, 84.28467731133369512, 187.0325344993390217 ) ) ;
#529 = ORIENTED_EDGE ( 'NONE', *, *, #1178, .F. ) ;
#530 = CARTESIAN_POINT ( 'NONE',  ( 118.0470618285449973, 79.19706453780001709, 183.6322474577422383 ) ) ;
#531 = EDGE_LOOP ( 'NONE', ( #1635, #193, #714, #239 ) ) ;
#532 = LINE ( 'NONE', #1964, #606 ) ;
#533 = CARTESIAN_POINT ( 'NONE',  ( 121.8363233265999952, 125.6945319342849814, 190.2577491323860102 ) ) ;
#534 = CARTESIAN_POINT ( 'NONE',  ( 91.18441677521759914, 107.6164587905680037, 187.2577474795689909 ) ) ;
#535 = EDGE_CURVE ( 'NONE', #1053, #2689, #1001, .T. ) ;
#536 = EDGE_LOOP ( 'NONE', ( #2476, #2397, #1827, #2524, #384, #808, #520 ) ) ;
#537 = CARTESIAN_POINT ( 'NONE',  ( 99.80787959478200833, 105.5082428164869981, 181.2577491323860102 ) ) ;
#538 = CARTESIAN_POINT ( 'NONE',  ( 92.08877462888480636, 86.75811108333270738, 187.0326471098170202 ) ) ;
#539 = EDGE_CURVE ( 'NONE', #33, #2625, #175, .T. ) ;
#540 = CARTESIAN_POINT ( 'NONE',  ( 89.60787959478200548, 107.8609451634359999, 181.2577491323860102 ) ) ;
#541 = EDGE_LOOP ( 'NONE', ( #341, #1725, #2001, #2272, #69, #1805 ) ) ;
#542 = LINE ( 'NONE', #2599, #2646 ) ;
#543 = VERTEX_POINT ( 'NONE', #1255 ) ;
#544 = ORIENTED_EDGE ( 'NONE', *, *, #87, .F. ) ;
#545 = CARTESIAN_POINT ( 'NONE',  ( 90.60787959478200548, 103.7328892846309998, 187.4577478343499877 ) ) ;
#546 = CARTESIAN_POINT ( 'NONE',  ( 96.05787953684199465, 107.6164587905680037, 187.4577513604790227 ) ) ;
#547 = ORIENTED_EDGE ( 'NONE', *, *, #2232, .F. ) ;
#548 = CARTESIAN_POINT ( 'NONE',  ( 123.2363233265990061, 71.36189652094900282, 182.8234305864299927 ) ) ;
#549 = DIRECTION ( 'NONE',  ( -2.842549949700360120E-14, -1.000000000000000000, 2.671759798173060353E-15 ) ) ;
#550 = EDGE_CURVE ( 'NONE', #577, #1643, #1013, .T. ) ;
#551 = LINE ( 'NONE', #1642, #1304 ) ;
#552 = ORIENTED_EDGE ( 'NONE', *, *, #1655, .T. ) ;
#553 = AXIS2_PLACEMENT_3D ( 'NONE', #1555, #345, #1572 ) ;
#554 = COLOUR_RGB ( '',0.2862745098039215508, 0.6627450980392156632, 0.3294117647058823484 ) ;
#555 = VECTOR ( 'NONE', #1527, 1000.000000000000114 ) ;
#556 = DIRECTION ( 'NONE',  ( -0.9999999999997297717, 4.625929269270221725E-14, 7.352090027312376239E-07 ) ) ;
#557 = VERTEX_POINT ( 'NONE', #406 ) ;
#558 = AXIS2_PLACEMENT_3D ( 'NONE', #974, #2236, #2210 ) ;
#559 = VECTOR ( 'NONE', #594, 1000.000000000000000 ) ;
#560 = CARTESIAN_POINT ( 'NONE',  ( 80.93848398224800178, 87.08170033874789340, 182.2577491323860102 ) ) ;
#561 =( GEOMETRIC_REPRESENTATION_CONTEXT ( 3 ) GLOBAL_UNCERTAINTY_ASSIGNED_CONTEXT ( ( #1350 ) ) GLOBAL_UNIT_ASSIGNED_CONTEXT ( ( #929, #2579, #691 ) ) REPRESENTATION_CONTEXT ( 'NONE', 'WORKASPACE' ) );
#562 = DIRECTION ( 'NONE',  ( 1.387778778598240461E-14, 0.9999999984268357345, 5.609214203729893938E-05 ) ) ;
#563 = DIRECTION ( 'NONE',  ( -1.000000000000000000, 1.460819769243627841E-14, 0.000000000000000000 ) ) ;
#564 = VERTEX_POINT ( 'NONE', #1835 ) ;
#565 = CARTESIAN_POINT ( 'NONE',  ( 93.35787953684419449, 102.2164587905679980, 187.4577433601030236 ) ) ;
#566 = CARTESIAN_POINT ( 'NONE',  ( 94.70787959478199980, 104.9164587905680008, 187.6577544640549888 ) ) ;
#567 = CARTESIAN_POINT ( 'NONE',  ( 91.18441671727850917, 102.2164586902850090, 187.4577474795690080 ) ) ;
#568 = DIRECTION ( 'NONE',  ( -1.000000000000000000, 1.387778780781444413E-14, 0.000000000000000000 ) ) ;
#569 = VERTEX_POINT ( 'NONE', #2678 ) ;
#570 = EDGE_CURVE ( 'NONE', #1924, #1053, #1877, .T. ) ;
#571 = DIRECTION ( 'NONE',  ( -0.000000000000000000, -0.000000000000000000, 1.000000000000000000 ) ) ;
#572 = ORIENTED_EDGE ( 'NONE', *, *, #2364, .F. ) ;
#573 = EDGE_CURVE ( 'NONE', #1857, #1225, #1025, .T. ) ;
#574 = LINE ( 'NONE', #1410, #873 ) ;
#575 = CARTESIAN_POINT ( 'NONE',  ( 108.9721014606899843, 76.78169513041301286, 190.2577491323860102 ) ) ;
#576 = CARTESIAN_POINT ( 'NONE',  ( 72.92002607114480384, 123.7037039888620029, 187.0347014308829898 ) ) ;
#577 = VERTEX_POINT ( 'NONE', #14 ) ;
#578 = LINE ( 'NONE', #638, #2298 ) ;
#579 = CARTESIAN_POINT ( 'NONE',  ( 98.92827411368459423, 127.0945319342849871, 188.8577491323860045 ) ) ;
#580 = CARTESIAN_POINT ( 'NONE',  ( 110.9875962037630046, 70.56669444151219750, 181.7326547120979967 ) ) ;
#581 = CARTESIAN_POINT ( 'NONE',  ( 74.64706182854500582, 122.5970645378000228, 183.6346409784430023 ) ) ;
#582 = VERTEX_POINT ( 'NONE', #2065 ) ;
#583 = EDGE_CURVE ( 'NONE', #2042, #661, #806, .T. ) ;
#584 = CYLINDRICAL_SURFACE ( 'NONE', #2297, 1.699999999999993072 ) ;
#585 = ORIENTED_EDGE ( 'NONE', *, *, #1669, .T. ) ;
#586 = CARTESIAN_POINT ( 'NONE',  ( 117.8542194461290080, 86.29004518780141098, 190.2577491323860102 ) ) ;
#587 = CARTESIAN_POINT ( 'NONE',  ( 77.22378532760730252, 97.47313085683440192, 190.2577491323860102 ) ) ;
#588 = CARTESIAN_POINT ( 'NONE',  ( 73.63491838826244873, 123.4383234240720242, 187.7893158888409744 ) ) ;
#589 = ORIENTED_EDGE ( 'NONE', *, *, #2002, .F. ) ;
#590 = EDGE_CURVE ( 'NONE', #2405, #1549, #1627, .T. ) ;
#591 = ORIENTED_EDGE ( 'NONE', *, *, #1177, .T. ) ;
#592 = PLANE ( 'NONE',  #1868 ) ;
#593 = CARTESIAN_POINT ( 'NONE',  ( 119.3470618285449945, 79.19706453780001709, 187.0322486875567449 ) ) ;
#594 = DIRECTION ( 'NONE',  ( 0.8917863272626730398, 0.2050839874456719947, -0.4033084484618890131 ) ) ;
#595 = CARTESIAN_POINT ( 'NONE',  ( 120.2111227875380166, 82.55149219017910411, 187.0324376584439960 ) ) ;
#596 = B_SPLINE_CURVE_WITH_KNOTS ( 'NONE', 3,
 ( #620, #206, #2071, #399, #586, #2274, #356 ),
 .UNSPECIFIED., .F., .F.,
 ( 4, 3, 4 ),
 ( 0.000000000000000000, 0.4277000640746290161, 0.7042948625658029815 ),
 .UNSPECIFIED. ) ;
#597 = VERTEX_POINT ( 'NONE', #848 ) ;
#598 = DIRECTION ( 'NONE',  ( -0.8658705329449178922, 0.5002681482741868635, 0.000000000000000000 ) ) ;
#599 = ORIENTED_EDGE ( 'NONE', *, *, #1372, .T. ) ;
#600 = VECTOR ( 'NONE', #340, 1000.000000000000000 ) ;
#601 = PLANE ( 'NONE',  #1646 ) ;
#602 = DIRECTION ( 'NONE',  ( -4.476023947212479948E-14, -1.000000000000000000, -6.538968091954480380E-15 ) ) ;
#603 = PLANE ( 'NONE',  #650 ) ;
#604 = ORIENTED_EDGE ( 'NONE', *, *, #773, .F. ) ;
#605 = AXIS2_PLACEMENT_3D ( 'NONE', #1605, #1851, #2681 ) ;
#606 = VECTOR ( 'NONE', #98, 1000.000000000000000 ) ;
#607 = EDGE_CURVE ( 'NONE', #1104, #2407, #1431, .T. ) ;
#608 = ADVANCED_FACE ( 'NONE', ( #2250 ), #2510, .F. ) ;
#609 = AXIS2_PLACEMENT_3D ( 'NONE', #2636, #1432, #2055 ) ;
#610 = CIRCLE ( 'NONE', #1005, 2.700000000000737810 ) ;
#611 = ORIENTED_EDGE ( 'NONE', *, *, #550, .F. ) ;
#612 = CARTESIAN_POINT ( 'NONE',  ( 113.3470618285449945, 79.19706453780001709, 187.0322430361833312 ) ) ;
#613 =( GEOMETRIC_REPRESENTATION_CONTEXT ( 3 ) GLOBAL_UNCERTAINTY_ASSIGNED_CONTEXT ( ( #2131 ) ) GLOBAL_UNIT_ASSIGNED_CONTEXT ( ( #1957, #1132, #1361 ) ) REPRESENTATION_CONTEXT ( 'NONE', 'WORKASPACE' ) );
#614 = DIRECTION ( 'NONE',  ( -0.7629511982795987857, 0.000000000000000000, 0.6464560843891287156 ) ) ;
#615 = CYLINDRICAL_SURFACE ( 'NONE', #1130, 1.699999999999993072 ) ;
#616 = LINE ( 'NONE', #793, #124 ) ;
#617 = ORIENTED_EDGE ( 'NONE', *, *, #2566, .F. ) ;
#618 = FACE_OUTER_BOUND ( 'NONE', #412, .T. ) ;
#619 = VERTEX_POINT ( 'NONE', #188 ) ;
#620 = CARTESIAN_POINT ( 'NONE',  ( 120.2111227875380166, 82.55149219017910411, 190.2577491323860102 ) ) ;
#621 = DIRECTION ( 'NONE',  ( -3.460435401429205255E-15, 2.637246471572430381E-15, 1.000000000000000000 ) ) ;
#622 = CARTESIAN_POINT ( 'NONE',  ( 74.30639364472924058, 123.0267603869971680, 188.5754661771305223 ) ) ;
#623 = ORIENTED_EDGE ( 'NONE', *, *, #2349, .F. ) ;
#624 = ORIENTED_EDGE ( 'NONE', *, *, #1269, .F. ) ;
#625 = DIRECTION ( 'NONE',  ( -2.842549949700355071E-14, -1.000000000000000000, 0.000000000000000000 ) ) ;
#626 = ADVANCED_FACE ( 'NONE', ( #1848 ), #200, .F. ) ;
#627 = FACE_OUTER_BOUND ( 'NONE', #58, .T. ) ;
#628 = CARTESIAN_POINT ( 'NONE',  ( 114.6470618285450058, 79.19706453780001709, 183.6322442552973087 ) ) ;
#629 =( BOUNDED_CURVE ( )  B_SPLINE_CURVE ( 3, ( #1061, #905, #2356, #1883 ),
 .UNSPECIFIED., .F., .T. ) 
 B_SPLINE_CURVE_WITH_KNOTS ( ( 4, 4 ),
 ( 1.554005970457787100, 4.695598624047580216 ),
 .UNSPECIFIED. ) 
 CURVE ( )  GEOMETRIC_REPRESENTATION_ITEM ( )  RATIONAL_B_SPLINE_CURVE ( ( 1.000000000000000000, 0.3333333333333333703, 0.3333333333333333703, 1.000000000000000000 ) ) 
 REPRESENTATION_ITEM ( '' )  );
#630 = EDGE_CURVE ( 'NONE', #678, #2268, #1860, .T. ) ;
#631 = PLANE ( 'NONE',  #1390 ) ;
#632 = EDGE_LOOP ( 'NONE', ( #1701, #1377 ) ) ;
#633 = DIRECTION ( 'NONE',  ( -2.900002433554068959E-08, -0.9999999999999996669, -6.538968061367847917E-15 ) ) ;
#634 = DIRECTION ( 'NONE',  ( -1.000000000000000000, 1.497976526288300036E-14, 1.054711873393999885E-15 ) ) ;
#635 = DIRECTION ( 'NONE',  ( -1.000000000000000000, 0.000000000000000000, -1.363216037658696189E-14 ) ) ;
#636 = ORIENTED_EDGE ( 'NONE', *, *, #1475, .F. ) ;
#637 = ORIENTED_EDGE ( 'NONE', *, *, #457, .T. ) ;
#638 = CARTESIAN_POINT ( 'NONE',  ( 121.6706370261429981, 109.3110796531909870, 181.2577491323860102 ) ) ;
#639 = LINE ( 'NONE', #837, #432 ) ;
#640 = CARTESIAN_POINT ( 'NONE',  ( 100.4603940303569942, 79.10344619231440788, 184.0322256423139891 ) ) ;
#641 = ADVANCED_FACE ( 'NONE', ( #627 ), #2296, .F. ) ;
#642 = FACE_OUTER_BOUND ( 'NONE', #2675, .T. ) ;
#643 = EDGE_LOOP ( 'NONE', ( #1208, #1083, #1190, #2148 ) ) ;
#644 = LINE ( 'NONE', #1298, #2120 ) ;
#645 = CARTESIAN_POINT ( 'NONE',  ( 79.39473311918889920, 94.55659583993460160, 187.0330722179860174 ) ) ;
#646 = DIRECTION ( 'NONE',  ( -6.221039004500501156E-15, -1.000000000000000000, 0.000000000000000000 ) ) ;
#647 = VERTEX_POINT ( 'NONE', #269 ) ;
#648 = VECTOR ( 'NONE', #506, 1000.000000000000000 ) ;
#649 = ORIENTED_EDGE ( 'NONE', *, *, #1654, .T. ) ;
#650 = AXIS2_PLACEMENT_3D ( 'NONE', #2029, #1046, #635 ) ;
#651 = LINE ( 'NONE', #1696, #1731 ) ;
#652 = VECTOR ( 'NONE', #1722, 1000.000000000000000 ) ;
#653 = VECTOR ( 'NONE', #2437, 1000.000000000000114 ) ;
#654 = AXIS2_PLACEMENT_3D ( 'NONE', #1145, #154, #1980 ) ;
#655 = DIRECTION ( 'NONE',  ( 2.907246313501771004E-14, 0.7559289460185123488, -0.6546536707079102513 ) ) ;
#656 = EDGE_CURVE ( 'NONE', #1029, #11, #37, .T. ) ;
#657 = DIRECTION ( 'NONE',  ( 0.7071067811865445751, -1.029862350308682796E-14, -0.7071067811865504593 ) ) ;
#658 = FACE_OUTER_BOUND ( 'NONE', #455, .T. ) ;
#659 = CARTESIAN_POINT ( 'NONE',  ( 77.60995784856341118, 97.66494315580899865, 187.0332452534249796 ) ) ;
#660 = CYLINDRICAL_SURFACE ( 'NONE', #2116, 1.699999999999993072 ) ;
#661 = VERTEX_POINT ( 'NONE', #1748 ) ;
#662 = EDGE_CURVE ( 'NONE', #344, #1880, #278, .T. ) ;
#663 = ORIENTED_EDGE ( 'NONE', *, *, #472, .F. ) ;
#664 = PLANE ( 'NONE',  #2246 ) ;
#665 = CARTESIAN_POINT ( 'NONE',  ( 75.24662496740029383, 122.3565249092840048, 185.2820312149650022 ) ) ;
#666 = CARTESIAN_POINT ( 'NONE',  ( 97.46039120467008843, 79.10327791604680669, 184.0322228072309940 ) ) ;
#667 = CARTESIAN_POINT ( 'NONE',  ( 79.63481488228720195, 94.22561282550958595, 183.8022342136889904 ) ) ;
#668 = VERTEX_POINT ( 'NONE', #915 ) ;
#669 = LINE ( 'NONE', #1491, #474 ) ;
#670 = CARTESIAN_POINT ( 'NONE',  ( 76.35267982359310679, 101.4030172194649992, 187.0334537707929883 ) ) ;
#671 = ORIENTED_EDGE ( 'NONE', *, *, #1233, .T. ) ;
#672 = ORIENTED_EDGE ( 'NONE', *, *, #442, .T. ) ;
#673 = ADVANCED_FACE ( 'NONE', ( #1523 ), #1498, .F. ) ;
#674 = CARTESIAN_POINT ( 'NONE',  ( 97.40787953684230160, 102.2164586902850090, 187.4577474795690080 ) ) ;
#675 = CARTESIAN_POINT ( 'NONE',  ( 73.22754484621960103, 123.6504083932610030, 192.1162603967640337 ) ) ;
#676 = FACE_OUTER_BOUND ( 'NONE', #701, .T. ) ;
#677 = CARTESIAN_POINT ( 'NONE',  ( 91.18513783153909458, 86.82436748864110143, 190.8577491323860045 ) ) ;
#678 = VERTEX_POINT ( 'NONE', #2526 ) ;
#679 = CARTESIAN_POINT ( 'NONE',  ( 119.3470618285449945, 79.19706453780001709, 183.6322486822064945 ) ) ;
#680 = CARTESIAN_POINT ( 'NONE',  ( 79.12085372308790454, 94.95135506520009017, 187.0330940643320332 ) ) ;
#681 = CARTESIAN_POINT ( 'NONE',  ( 99.16039120467009127, 79.10327791604682091, 184.0322244084534873 ) ) ;
#682 = ORIENTED_EDGE ( 'NONE', *, *, #1570, .T. ) ;
#683 = ORIENTED_EDGE ( 'NONE', *, *, #2414, .F. ) ;
#684 = DIRECTION ( 'NONE',  ( 1.054711873393904038E-15, -6.538968091954519823E-15, 1.000000000000000000 ) ) ;
#685 = CIRCLE ( 'NONE', #733, 3.000000000000002665 ) ;
#686 = ADVANCED_FACE ( 'NONE', ( #2322 ), #1717, .F. ) ;
#687 = ADVANCED_FACE ( 'NONE', ( #1094 ), #1308, .F. ) ;
#688 = AXIS2_PLACEMENT_3D ( 'NONE', #2380, #753, #2147 ) ;
#689 = AXIS2_PLACEMENT_3D ( 'NONE', #2235, #2571, #2445 ) ;
#690 = CARTESIAN_POINT ( 'NONE',  ( 97.46039120467008843, 79.10327791604680669, 187.0322228119060242 ) ) ;
#691 =( NAMED_UNIT ( * ) SI_UNIT ( $, .STERADIAN. ) SOLID_ANGLE_UNIT ( ) );
#692 = VECTOR ( 'NONE', #1419, 1000.000000000000000 ) ;
#693 = AXIS2_PLACEMENT_3D ( 'NONE', #2691, #1054, #1680 ) ;
#694 = EDGE_CURVE ( 'NONE', #197, #1742, #2516, .T. ) ;
#695 = CIRCLE ( 'NONE', #2208, 1.699999999999993072 ) ;
#696 = CARTESIAN_POINT ( 'NONE',  ( 74.64706182854500582, 119.1970645378000029, 181.2577491323860102 ) ) ;
#697 = ORIENTED_EDGE ( 'NONE', *, *, #1985, .F. ) ;
#698 = CARTESIAN_POINT ( 'NONE',  ( 98.23134241434540570, 102.2164587905679980, 187.2577474795689909 ) ) ;
#699 = CARTESIAN_POINT ( 'NONE',  ( 79.63481488228720195, 94.22561282550958595, 187.0330539266699930 ) ) ;
#700 = DIRECTION ( 'NONE',  ( -1.000000000000000000, 1.460819769243627841E-14, 0.000000000000000000 ) ) ;
#701 = EDGE_LOOP ( 'NONE', ( #1009, #2453, #1017, #1163 ) ) ;
#702 = ORIENTED_EDGE ( 'NONE', *, *, #2544, .F. ) ;
#703 = CARTESIAN_POINT ( 'NONE',  ( 97.46039120467008843, 79.10327791604690617, 181.2577491323860102 ) ) ;
#704 = EDGE_CURVE ( 'NONE', #668, #2390, #2040, .T. ) ;
#705 = CARTESIAN_POINT ( 'NONE',  ( 87.89518024503641414, 75.98305538371550938, 187.0320387825099715 ) ) ;
#706 = CARTESIAN_POINT ( 'NONE',  ( 94.89012290348159695, 86.55149292818259710, 187.0326406287720147 ) ) ;
#707 = ADVANCED_FACE ( 'NONE', ( #2142, #2564, #1118 ), #288, .T. ) ;
#708 = DIRECTION ( 'NONE',  ( 4.851236178702030094E-14, 1.000000000000000000, 6.538968091954470124E-15 ) ) ;
#709 = ORIENTED_EDGE ( 'NONE', *, *, #1323, .T. ) ;
#710 = CARTESIAN_POINT ( 'NONE',  ( 120.2111226349569932, 66.63047327896410366, 176.3333540925839884 ) ) ;
#711 = DIRECTION ( 'NONE',  ( -0.8660254037844619113, -0.4999999999999599209, -2.356076769944789604E-15 ) ) ;
#712 = VERTEX_POINT ( 'NONE', #705 ) ;
#713 =( BOUNDED_CURVE ( )  B_SPLINE_CURVE ( 3, ( #1847, #984, #2431, #2677 ),
 .UNSPECIFIED., .F., .T. ) 
 B_SPLINE_CURVE_WITH_KNOTS ( ( 4, 4 ),
 ( 2.281710260269873114, 2.449284832320026251 ),
 .UNSPECIFIED. ) 
 CURVE ( )  GEOMETRIC_REPRESENTATION_ITEM ( )  RATIONAL_B_SPLINE_CURVE ( ( 1.000000000000000000, 0.9976612656004887336, 0.9976612656004887336, 1.000000000000000000 ) ) 
 REPRESENTATION_ITEM ( '' )  );
#714 = ORIENTED_EDGE ( 'NONE', *, *, #53, .F. ) ;
#715 = CARTESIAN_POINT ( 'NONE',  ( 116.3470618285449945, 119.1970645378000029, 181.6577491323859874 ) ) ;
#716 = CARTESIAN_POINT ( 'NONE',  ( 109.0760564831620059, 71.22047675059158678, 181.2577491323860102 ) ) ;
#717 = ORIENTED_EDGE ( 'NONE', *, *, #300, .F. ) ;
#718 = CARTESIAN_POINT ( 'NONE',  ( 72.67442439473680338, 123.7610080394729977, 192.1162603967640337 ) ) ;
#719 = APPLICATION_PROTOCOL_DEFINITION ( 'draft international standard', 'automotive_design', 1998, #2273 ) ;
#720 = FACE_OUTER_BOUND ( 'NONE', #2048, .T. ) ;
#721 = LINE ( 'NONE', #1363, #1729 ) ;
#722 = ORIENTED_EDGE ( 'NONE', *, *, #607, .T. ) ;
#723 = EDGE_CURVE ( 'NONE', #1271, #1873, #1197, .T. ) ;
#724 = DIRECTION ( 'NONE',  ( 1.383064758036390436E-14, 0.8913745084188042789, 0.4532675652869230798 ) ) ;
#725 = DIRECTION ( 'NONE',  ( -1.000000000000000000, 4.361590453884539495E-14, 0.000000000000000000 ) ) ;
#726 = EDGE_LOOP ( 'NONE', ( #885, #2461 ) ) ;
#727 = DIRECTION ( 'NONE',  ( -0.9999999999999580336, 2.842549949700240213E-14, -2.896982209677390152E-07 ) ) ;
#728 = CARTESIAN_POINT ( 'NONE',  ( 73.34706182854500867, 119.1970645378000029, 183.6344490406955003 ) ) ;
#729 = DIRECTION ( 'NONE',  ( 0.3535533905933140320, 0.6123724356958062387, -0.7071067811865173747 ) ) ;
#730 = EDGE_LOOP ( 'NONE', ( #1705, #108 ) ) ;
#731 = CARTESIAN_POINT ( 'NONE',  ( 67.05076552160180370, 106.4278115110859915, 181.2577491323860102 ) ) ;
#732 = CARTESIAN_POINT ( 'NONE',  ( 94.70369871044401577, 86.55149293357899865, 187.0326380017250187 ) ) ;
#733 = AXIS2_PLACEMENT_3D ( 'NONE', #1593, #768, #1990 ) ;
#734 = AXIS2_PLACEMENT_3D ( 'NONE', #464, #1493, #700 ) ;
#735 = VECTOR ( 'NONE', #1675, 1000.000000000000000 ) ;
#736 = CARTESIAN_POINT ( 'NONE',  ( 119.0911865528690043, 85.32255204044039942, 187.0325920382639993 ) ) ;
#737 = ORIENTED_EDGE ( 'NONE', *, *, #1658, .F. ) ;
#738 = AXIS2_PLACEMENT_3D ( 'NONE', #1234, #2638, #1630 ) ;
#739 = VECTOR ( 'NONE', #1209, 999.9999999999998863 ) ;
#740 = EDGE_CURVE ( 'NONE', #678, #1418, #1575, .T. ) ;
#741 = DIRECTION ( 'NONE',  ( 0.9735781185652951919, -0.2283542139984720276, -2.520045320326670113E-15 ) ) ;
#742 = ORIENTED_EDGE ( 'NONE', *, *, #778, .F. ) ;
#743 = ORIENTED_EDGE ( 'NONE', *, *, #2269, .T. ) ;
#744 = DIRECTION ( 'NONE',  ( -2.907246313501499636E-14, -0.7559289460184130949, -0.6546536707080249373 ) ) ;
#745 = DIRECTION ( 'NONE',  ( 0.9999999999999580336, -2.842549949700240213E-14, 2.896982209677390152E-07 ) ) ;
#746 = ADVANCED_FACE ( 'NONE', ( #994, #360 ), #2020, .T. ) ;
#747 = VERTEX_POINT ( 'NONE', #1968 ) ;
#748 = CARTESIAN_POINT ( 'NONE',  ( 67.01995732086049884, 107.5592049355570055, 182.4577491323860272 ) ) ;
#749 = PRESENTATION_STYLE_ASSIGNMENT (( #1347 ) ) ;
#750 = DIRECTION ( 'NONE',  ( 7.352090047874198443E-07, -2.089868319577729616E-20, 0.9999999999997297717 ) ) ;
#751 = DIRECTION ( 'NONE',  ( -4.851236178701420463E-14, -0.9999999999998742117, -5.014133996894970840E-07 ) ) ;
#752 = ORIENTED_EDGE ( 'NONE', *, *, #2614, .T. ) ;
#753 = DIRECTION ( 'NONE',  ( 0.000000000000000000, 0.000000000000000000, 1.000000000000000000 ) ) ;
#754 = ORIENTED_EDGE ( 'NONE', *, *, #254, .T. ) ;
#755 = EDGE_LOOP ( 'NONE', ( #2172, #2682, #165, #1768 ) ) ;
#756 = CARTESIAN_POINT ( 'NONE',  ( 75.89012345451439501, 105.5514935092840005, 189.8577491323860045 ) ) ;
#757 = DIRECTION ( 'NONE',  ( -9.418955760298141597E-07, -5.609214263385961595E-05, 0.9999999984263922004 ) ) ;
#758 = VERTEX_POINT ( 'NONE', #1813 ) ;
#759 = ADVANCED_FACE ( 'NONE', ( #115 ), #349, .T. ) ;
#760 = ORIENTED_EDGE ( 'NONE', *, *, #281, .F. ) ;
#761 = LINE ( 'NONE', #748, #2428 ) ;
#762 = CARTESIAN_POINT ( 'NONE',  ( 91.85566019033069551, 86.79417692196430778, 187.0326489165979922 ) ) ;
#763 = LINE ( 'NONE', #820, #2039 ) ;
#764 = VERTEX_POINT ( 'NONE', #1801 ) ;
#765 = CARTESIAN_POINT ( 'NONE',  ( 75.89012386883689487, 119.8384935317900073, 189.8577491323860045 ) ) ;
#766 = ORIENTED_EDGE ( 'NONE', *, *, #2544, .T. ) ;
#767 = CARTESIAN_POINT ( 'NONE',  ( 94.70787959478199980, 109.6507309979230058, 187.2577427319139929 ) ) ;
#768 = DIRECTION ( 'NONE',  ( -9.073263863045059822E-30, -6.538968091954500101E-15, 1.000000000000000000 ) ) ;
#769 = LINE ( 'NONE', #2178, #385 ) ;
#770 = ORIENTED_EDGE ( 'NONE', *, *, #723, .T. ) ;
#771 = CARTESIAN_POINT ( 'NONE',  ( 113.3470618285449945, 119.1970645378000455, 190.2577491323860102 ) ) ;
#772 = EDGE_CURVE ( 'NONE', #1485, #1139, #1157, .T. ) ;
#773 = EDGE_CURVE ( 'NONE', #1318, #1266, #917, .T. ) ;
#774 = CARTESIAN_POINT ( 'NONE',  ( 89.12784722649558944, 75.89935927539180227, 181.2577491323860102 ) ) ;
#775 = DIRECTION ( 'NONE',  ( -1.797238939864825097E-30, 6.538968091954510356E-15, -1.000000000000000000 ) ) ;
#776 = DIRECTION ( 'NONE',  ( -0.8660254037844160591, 0.5000000000000390799, -1.354669437884580029E-15 ) ) ;
#777 = VERTEX_POINT ( 'NONE', #1995 ) ;
#778 = EDGE_CURVE ( 'NONE', #1225, #204, #475, .T. ) ;
#779 = VECTOR ( 'NONE', #2451, 1000.000000000000000 ) ;
#780 = AXIS2_PLACEMENT_3D ( 'NONE', #2641, #1439, #1018 ) ;
#781 = DIRECTION ( 'NONE',  ( -0.7071067811865588970, 3.153432572487995329E-14, 0.7071067811865360264 ) ) ;
#782 = ORIENTED_EDGE ( 'NONE', *, *, #1509, .F. ) ;
#783 = VECTOR ( 'NONE', #1462, 1000.000000000000000 ) ;
#784 = VECTOR ( 'NONE', #1586, 1000.000000000000114 ) ;
#785 = LINE ( 'NONE', #813, #386 ) ;
#786 = FACE_OUTER_BOUND ( 'NONE', #1062, .T. ) ;
#787 = DIRECTION ( 'NONE',  ( 0.6992043099405077511, -0.1704498275944159313, 0.6943055445793676617 ) ) ;
#788 = ORIENTED_EDGE ( 'NONE', *, *, #1715, .F. ) ;
#789 = DIRECTION ( 'NONE',  ( -1.000000000000000000, 1.321694076934707365E-14, 0.000000000000000000 ) ) ;
#790 = PLANE ( 'NONE',  #1129 ) ;
#791 = EDGE_CURVE ( 'NONE', #2468, #2592, #2443, .T. ) ;
#792 = CARTESIAN_POINT ( 'NONE',  ( 119.3470618285449945, 79.19706453780001709, 171.7469644756049547 ) ) ;
#793 = CARTESIAN_POINT ( 'NONE',  ( -12.16081089416409888, 74.42994179968249568, 187.0318574227480042 ) ) ;
#794 = EDGE_LOOP ( 'NONE', ( #2233, #1333 ) ) ;
#795 = ADVANCED_FACE ( 'NONE', ( #941 ), #956, .F. ) ;
#796 = PLANE ( 'NONE',  #605 ) ;
#797 = VERTEX_POINT ( 'NONE', #771 ) ;
#798 = CARTESIAN_POINT ( 'NONE',  ( 97.46039403035671000, 76.10344619247290154, 184.0320545401999937 ) ) ;
#799 = CARTESIAN_POINT ( 'NONE',  ( 95.76039120467009980, 79.10327791604683512, 189.8577491323860045 ) ) ;
#800 = DIRECTION ( 'NONE',  ( 2.989436723892924996E-44, 5.921189464667490768E-15, -1.000000000000000000 ) ) ;
#801 = ORIENTED_EDGE ( 'NONE', *, *, #2389, .F. ) ;
#802 = ORIENTED_EDGE ( 'NONE', *, *, #2135, .F. ) ;
#803 = CARTESIAN_POINT ( 'NONE',  ( 94.70787959478209928, 109.6507309979230058, 181.8577491323860045 ) ) ;
#804 = DIRECTION ( 'NONE',  ( 3.408025822942880164E-15, 0.000000000000000000, 1.000000000000000000 ) ) ;
#805 =( BOUNDED_CURVE ( )  B_SPLINE_CURVE ( 3, ( #952, #2004, #2369, #1184 ),
 .UNSPECIFIED., .F., .T. ) 
 B_SPLINE_CURVE_WITH_KNOTS ( ( 4, 4 ),
 ( 4.695598624047580216, 7.837191277637373332 ),
 .UNSPECIFIED. ) 
 CURVE ( )  GEOMETRIC_REPRESENTATION_ITEM ( )  RATIONAL_B_SPLINE_CURVE ( ( 1.000000000000000000, 0.3333333333333333703, 0.3333333333333333703, 1.000000000000000000 ) ) 
 REPRESENTATION_ITEM ( '' )  );
#806 = LINE ( 'NONE', #860, #388 ) ;
#807 = CYLINDRICAL_SURFACE ( 'NONE', #609, 1.699999999999993072 ) ;
#808 = ORIENTED_EDGE ( 'NONE', *, *, #995, .T. ) ;
#809 = ADVANCED_FACE ( 'NONE', ( #2412 ), #1762, .F. ) ;
#810 = DIRECTION ( 'NONE',  ( -0.7071067811865631159, 3.892716867076130567E-14, -0.7071067811865320296 ) ) ;
#811 = VERTEX_POINT ( 'NONE', #1371 ) ;
#812 = EDGE_CURVE ( 'NONE', #2620, #1911, #972, .T. ) ;
#813 = CARTESIAN_POINT ( 'NONE',  ( 121.7786306539410077, 124.5410359391290029, 191.4112451275409796 ) ) ;
#814 = CYLINDRICAL_SURFACE ( 'NONE', #220, 3.000000000000002665 ) ;
#815 = DIRECTION ( 'NONE',  ( 0.7071067811865588970, -3.162092133050351260E-14, 0.7071067811865360264 ) ) ;
#816 = ORIENTED_EDGE ( 'NONE', *, *, #2135, .T. ) ;
#817 = ORIENTED_EDGE ( 'NONE', *, *, #2070, .T. ) ;
#818 = DIRECTION ( 'NONE',  ( 0.000000000000000000, -6.344131569286620185E-15, 1.000000000000000000 ) ) ;
#819 = CARTESIAN_POINT ( 'NONE',  ( 125.5696975196380123, 74.05997475551100706, 186.5243749393470125 ) ) ;
#820 = CARTESIAN_POINT ( 'NONE',  ( 94.50016316855889897, 100.3021117178080033, 187.2577427313550231 ) ) ;
#821 = ORIENTED_EDGE ( 'NONE', *, *, #992, .T. ) ;
#822 = VECTOR ( 'NONE', #549, 1000.000000000000000 ) ;
#823 = FACE_OUTER_BOUND ( 'NONE', #531, .T. ) ;
#824 = VERTEX_POINT ( 'NONE', #2622 ) ;
#825 = AXIS2_PLACEMENT_3D ( 'NONE', #975, #136, #2396 ) ;
#826 = EDGE_CURVE ( 'NONE', #2493, #1880, #761, .T. ) ;
#827 = DIRECTION ( 'NONE',  ( -3.970691480342680877E-13, -0.9999999999998742117, -5.014133996895980927E-07 ) ) ;
#828 = CARTESIAN_POINT ( 'NONE',  ( 79.63481488228720195, 94.22561282550950068, 190.2577491323860102 ) ) ;
#829 = DIRECTION ( 'NONE',  ( 0.000000000000000000, 0.000000000000000000, -1.000000000000000000 ) ) ;
#830 = ORIENTED_EDGE ( 'NONE', *, *, #2215, .T. ) ;
#831 = VECTOR ( 'NONE', #901, 1000.000000000000000 ) ;
#832 = VECTOR ( 'NONE', #2520, 1000.000000000000000 ) ;
#833 = AXIS2_PLACEMENT_3D ( 'NONE', #2632, #2608, #2169 ) ;
#834 = EDGE_LOOP ( 'NONE', ( #1662, #301, #1370, #481 ) ) ;
#835 = EDGE_CURVE ( 'NONE', #2494, #1667, #2007, .T. ) ;
#836 = CARTESIAN_POINT ( 'NONE',  ( 91.63287959478209643, 107.8753789201649909, 187.2577474795689909 ) ) ;
#837 = CARTESIAN_POINT ( 'NONE',  ( 94.70787959478209928, 109.6507309979230058, 182.2577491323860102 ) ) ;
#838 = CARTESIAN_POINT ( 'NONE',  ( 97.46039120467000316, 76.10327791604680669, 187.0320545354800004 ) ) ;
#839 = CYLINDRICAL_SURFACE ( 'NONE', #2251, 3.000000000000002665 ) ;
#840 = ORIENTED_EDGE ( 'NONE', *, *, #907, .F. ) ;
#841 = CARTESIAN_POINT ( 'NONE',  ( 100.4603940303570937, 82.10344619231442209, 184.0323939187398707 ) ) ;
#842 = CARTESIAN_POINT ( 'NONE',  ( 93.35787953684290130, 102.2164587905679980, 187.4577478706619900 ) ) ;
#843 = DIRECTION ( 'NONE',  ( 1.468691771175450204E-14, 1.000000000000000000, 6.661338147750930565E-15 ) ) ;
#844 = ORIENTED_EDGE ( 'NONE', *, *, #1409, .T. ) ;
#845 = VERTEX_POINT ( 'NONE', #548 ) ;
#846 = PLANE ( 'NONE',  #2605 ) ;
#847 = ADVANCED_FACE ( 'NONE', ( #1385 ), #983, .F. ) ;
#848 = CARTESIAN_POINT ( 'NONE',  ( 97.40787959478198843, 104.9164587905678729, 189.4577491323859988 ) ) ;
#849 = CARTESIAN_POINT ( 'NONE',  ( 69.98339122271448787, 127.0945319342859960, 182.8234305864299927 ) ) ;
#850 = B_SPLINE_CURVE_WITH_KNOTS ( 'NONE', 3,
 ( #2000, #2186, #1755, #2612, #1974, #2587 ),
 .UNSPECIFIED., .F., .F.,
 ( 4, 2, 4 ),
 ( 0.000000000000000000, 0.2828573211451050895, 0.5657146422902101790 ),
 .UNSPECIFIED. ) ;
#851 = DIRECTION ( 'NONE',  ( -0.9998590452785331983, 0.01678956743636240284, 0.000000000000000000 ) ) ;
#852 = ORIENTED_EDGE ( 'NONE', *, *, #205, .T. ) ;
#853 = DIRECTION ( 'NONE',  ( -0.000000000000000000, -0.000000000000000000, 1.000000000000000000 ) ) ;
#854 = DIRECTION ( 'NONE',  ( 1.000000000000000000, 0.000000000000000000, -1.574162958514880149E-14 ) ) ;
#855 = CARTESIAN_POINT ( 'NONE',  ( 120.2111226349569932, 77.29008542464299580, 189.8577491323860045 ) ) ;
#856 = ORIENTED_EDGE ( 'NONE', *, *, #880, .T. ) ;
#857 = ORIENTED_EDGE ( 'NONE', *, *, #2036, .T. ) ;
#858 = FACE_OUTER_BOUND ( 'NONE', #1984, .T. ) ;
#859 = EDGE_CURVE ( 'NONE', #21, #1643, #2430, .T. ) ;
#860 = CARTESIAN_POINT ( 'NONE',  ( 122.8363233265999952, 127.0945319342849871, 189.8577491323860045 ) ) ;
#861 = EDGE_CURVE ( 'NONE', #1029, #2408, #1876, .T. ) ;
#862 = CARTESIAN_POINT ( 'NONE',  ( 94.46039120466997474, 76.10327791620541404, 187.0320517097927961 ) ) ;
#863 = EDGE_CURVE ( 'NONE', #543, #1289, #1886, .T. ) ;
#864 = CARTESIAN_POINT ( 'NONE',  ( 94.89012290348159695, 86.55149292818259710, 183.8022342136889904 ) ) ;
#865 = ORIENTED_EDGE ( 'NONE', *, *, #281, .T. ) ;
#866 = DIRECTION ( 'NONE',  ( 1.000000000000000000, 0.000000000000000000, 0.000000000000000000 ) ) ;
#867 = CARTESIAN_POINT ( 'NONE',  ( 78.28638846736900803, 96.32192410953969386, 187.0331702648329895 ) ) ;
#868 = LINE ( 'NONE', #96, #1216 ) ;
#869 = ORIENTED_EDGE ( 'NONE', *, *, #1097, .T. ) ;
#870 = AXIS2_PLACEMENT_3D ( 'NONE', #127, #112, #357 ) ;
#871 = ORIENTED_EDGE ( 'NONE', *, *, #178, .T. ) ;
#872 = AXIS2_PLACEMENT_3D ( 'NONE', #1787, #1166, #1770 ) ;
#873 = VECTOR ( 'NONE', #2228, 1000.000000000000000 ) ;
#874 = AXIS2_PLACEMENT_3D ( 'NONE', #1904, #1700, #270 ) ;
#875 = AXIS2_PLACEMENT_3D ( 'NONE', #484, #1320, #2152 ) ;
#876 = CARTESIAN_POINT ( 'NONE',  ( 116.4316026115269977, 120.2898112192109892, 176.0187309346359825 ) ) ;
#877 = CARTESIAN_POINT ( 'NONE',  ( 94.70787959478199980, 104.9164587905680008, 190.2577474795689909 ) ) ;
#878 = CARTESIAN_POINT ( 'NONE',  ( 118.0470618285449973, 79.19706453780001709, 183.6322474577422383 ) ) ;
#879 = ORIENTED_EDGE ( 'NONE', *, *, #2364, .T. ) ;
#880 = EDGE_CURVE ( 'NONE', #1099, #2245, #2091, .T. ) ;
#881 = DIRECTION ( 'NONE',  ( 0.000000000000000000, 0.000000000000000000, 1.000000000000000000 ) ) ;
#882 = DIRECTION ( 'NONE',  ( 2.912711325427679865E-14, 0.000000000000000000, -1.000000000000000000 ) ) ;
#883 = LINE ( 'NONE', #1316, #2248 ) ;
#884 = ORIENTED_EDGE ( 'NONE', *, *, #368, .F. ) ;
#885 = ORIENTED_EDGE ( 'NONE', *, *, #704, .F. ) ;
#886 = CARTESIAN_POINT ( 'NONE',  ( 98.80787959478209359, 107.2835948942450131, 182.2577491323860102 ) ) ;
#887 = CARTESIAN_POINT ( 'NONE',  ( 75.89012485496699867, 62.04056494772449781, 185.2820312149650022 ) ) ;
#888 = CARTESIAN_POINT ( 'NONE',  ( 97.40787988886549442, 102.2164587905679980, 187.6577524789900053 ) ) ;
#889 = DIRECTION ( 'NONE',  ( -1.000000000000000000, 1.460819769243627841E-14, 0.000000000000000000 ) ) ;
#890 = ORIENTED_EDGE ( 'NONE', *, *, #898, .T. ) ;
#891 = ADVANCED_FACE ( 'NONE', ( #2033 ), #846, .T. ) ;
#892 = DIRECTION ( 'NONE',  ( 1.158171704824742469E-06, 0.000000000000000000, -0.9999999999993293143 ) ) ;
#893 = DIRECTION ( 'NONE',  ( 1.113101302658539471E-14, 0.7071067811865540120, 0.7071067811865410224 ) ) ;
#894 = ORIENTED_EDGE ( 'NONE', *, *, #1495, .T. ) ;
#895 = EDGE_CURVE ( 'NONE', #2110, #33, #1227, .T. ) ;
#896 = EDGE_LOOP ( 'NONE', ( #1047, #591, #184 ) ) ;
#897 = LINE ( 'NONE', #35, #2647 ) ;
#898 = EDGE_CURVE ( 'NONE', #223, #1418, #1011, .T. ) ;
#899 = CARTESIAN_POINT ( 'NONE',  ( 75.89012652805529058, 119.8386518946289954, 185.2820312149650022 ) ) ;
#900 = SHAPE_DEFINITION_REPRESENTATION ( #1864, #2271 ) ;
#901 = DIRECTION ( 'NONE',  ( 0.6546536707080009565, 0.3779644730091950011, 0.6546536707079719797 ) ) ;
#902 = ORIENTED_EDGE ( 'NONE', *, *, #1969, .T. ) ;
#903 = LINE ( 'NONE', #698, #555 ) ;
#904 = CARTESIAN_POINT ( 'NONE',  ( 77.52683931852318722, 97.85078135104269847, 187.0332556242090050 ) ) ;
#905 = CARTESIAN_POINT ( 'NONE',  ( 119.3470618285450087, 73.19706453779998867, 183.6319121293537080 ) ) ;
#906 = ORIENTED_EDGE ( 'NONE', *, *, #304, .T. ) ;
#907 = EDGE_CURVE ( 'NONE', #1666, #33, #1241, .T. ) ;
#908 = PRODUCT_DEFINITION ( 'UNKNOWN', '', #263, #309 ) ;
#909 = VERTEX_POINT ( 'NONE', #1625 ) ;
#910 = FACE_OUTER_BOUND ( 'NONE', #1976, .T. ) ;
#911 = VECTOR ( 'NONE', #2409, 1000.000000000000000 ) ;
#912 = ADVANCED_FACE ( 'NONE', ( #172 ), #1668, .F. ) ;
#913 = VECTOR ( 'NONE', #347, 999.9999999999998863 ) ;
#914 = AXIS2_PLACEMENT_3D ( 'NONE', #2136, #1059, #478 ) ;
#915 = CARTESIAN_POINT ( 'NONE',  ( 91.20787959478197138, 104.9164587905681572, 190.2577491323860102 ) ) ;
#916 = AXIS2_PLACEMENT_3D ( 'NONE', #1405, #2223, #2023 ) ;
#917 = CIRCLE ( 'NONE', #1221, 2.100000000000004530 ) ;
#918 = CARTESIAN_POINT ( 'NONE',  ( 85.46341126646079545, 88.88236423298128841, 187.0327600419030034 ) ) ;
#919 = PLANE ( 'NONE',  #1693 ) ;
#920 = VERTEX_POINT ( 'NONE', #2484 ) ;
#921 = DIRECTION ( 'NONE',  ( -0.8660254037844160591, 0.5000000000000390799, 4.182891322009690381E-15 ) ) ;
#922 = DIRECTION ( 'NONE',  ( 1.000000000000000000, 0.000000000000000000, 0.000000000000000000 ) ) ;
#923 = ORIENTED_EDGE ( 'NONE', *, *, #424, .T. ) ;
#924 = LINE ( 'NONE', #1571, #1559 ) ;
#925 = DIRECTION ( 'NONE',  ( -1.000000000000000000, 4.625929269271495893E-14, 0.000000000000000000 ) ) ;
#926 = CYLINDRICAL_SURFACE ( 'NONE', #872, 3.000000000000002665 ) ;
#927 = ORIENTED_EDGE ( 'NONE', *, *, #539, .T. ) ;
#928 = DIRECTION ( 'NONE',  ( -0.4735353188727928764, 0.7554736011617367852, -0.4527956931417959074 ) ) ;
#929 =( LENGTH_UNIT ( ) NAMED_UNIT ( * ) SI_UNIT ( .MILLI., .METRE. ) );
#930 = ADVANCED_FACE ( 'NONE', ( #2064 ), #2455, .T. ) ;
#931 = FACE_OUTER_BOUND ( 'NONE', #2098, .T. ) ;
#932 = CARTESIAN_POINT ( 'NONE',  ( 118.9829433681770041, 85.43325299767660397, 187.0325981426630051 ) ) ;
#933 = ORIENTED_EDGE ( 'NONE', *, *, #1538, .T. ) ;
#934 = PLANE ( 'NONE',  #1306 ) ;
#935 = DIRECTION ( 'NONE',  ( -1.000000000000000000, 2.842549949700360120E-14, -3.053113317719390323E-15 ) ) ;
#936 = EDGE_LOOP ( 'NONE', ( #1152, #697, #1193, #1383 ) ) ;
#937 = CARTESIAN_POINT ( 'NONE',  ( 74.64706182854500582, 119.1970645378000029, 183.6344502651597566 ) ) ;
#938 = CARTESIAN_POINT ( 'NONE',  ( 89.77067935642440943, 76.79857558546429175, 180.2354983832789799 ) ) ;
#939 = DIRECTION ( 'NONE',  ( 0.8660254037844160591, -0.5000000000000390799, -4.182891322009680914E-15 ) ) ;
#940 = VERTEX_POINT ( 'NONE', #612 ) ;
#941 = FACE_OUTER_BOUND ( 'NONE', #1124, .T. ) ;
#942 = PRODUCT_CONTEXT ( 'NONE', #2273, 'mechanical' ) ;
#943 = CARTESIAN_POINT ( 'NONE',  ( 89.66417552315098760, 87.28241378144741702, 187.0326742758439877 ) ) ;
#944 = EDGE_CURVE ( 'NONE', #619, #55, #610, .T. ) ;
#945 = CARTESIAN_POINT ( 'NONE',  ( 117.0393884309600026, 86.46357562231820282, 187.0326541081419975 ) ) ;
#946 = ORIENTED_EDGE ( 'NONE', *, *, #321, .F. ) ;
#947 = ADVANCED_FACE ( 'NONE', ( #199 ), #592, .F. ) ;
#948 = CARTESIAN_POINT ( 'NONE',  ( 94.70787959478199980, 104.9164587905680008, 187.6577544640549888 ) ) ;
#949 = CARTESIAN_POINT ( 'NONE',  ( 94.70787959478199980, 104.9164587905680008, 190.2577491323860102 ) ) ;
#950 = VERTEX_POINT ( 'NONE', #1429 ) ;
#951 = DIRECTION ( 'NONE',  ( 9.073263863045059822E-30, 6.538968091954500101E-15, -1.000000000000000000 ) ) ;
#952 = CARTESIAN_POINT ( 'NONE',  ( 73.34706182854500867, 119.1970645378000029, 183.6344490406955003 ) ) ;
#953 = FACE_OUTER_BOUND ( 'NONE', #180, .T. ) ;
#954 = ORIENTED_EDGE ( 'NONE', *, *, #13, .T. ) ;
#955 = VECTOR ( 'NONE', #1664, 1000.000000000000000 ) ;
#956 = PLANE ( 'NONE',  #833 ) ;
#957 = LINE ( 'NONE', #2415, #2467 ) ;
#958 = CIRCLE ( 'NONE', #2470, 2.100000000000004530 ) ;
#959 = VECTOR ( 'NONE', #2158, 1000.000000000000000 ) ;
#960 = VECTOR ( 'NONE', #2671, 1000.000000000000000 ) ;
#961 = CARTESIAN_POINT ( 'NONE',  ( 118.1692399266419926, 86.03978065257179253, 187.0326313921500230 ) ) ;
#962 = ORIENTED_EDGE ( 'NONE', *, *, #2519, .T. ) ;
#963 = PRESENTATION_LAYER_ASSIGNMENT (  '', '', ( #2125 ) ) ;
#964 = AXIS2_PLACEMENT_3D ( 'NONE', #255, #458, #2112 ) ;
#965 = CARTESIAN_POINT ( 'NONE',  ( 75.89012365246769320, 112.3774764340359980, 190.2577491323860102 ) ) ;
#966 = VERTEX_POINT ( 'NONE', #2076 ) ;
#967 = AXIS2_PLACEMENT_3D ( 'NONE', #2129, #63, #73 ) ;
#968 = EDGE_CURVE ( 'NONE', #2371, #1253, #695, .T. ) ;
#969 = ORIENTED_EDGE ( 'NONE', *, *, #1228, .F. ) ;
#970 = CARTESIAN_POINT ( 'NONE',  ( 116.2111229035450037, 86.55149231099299811, 190.2577491323860102 ) ) ;
#971 = ORIENTED_EDGE ( 'NONE', *, *, #1814, .F. ) ;
#972 = LINE ( 'NONE', #731, #1778 ) ;
#973 = CARTESIAN_POINT ( 'NONE',  ( 90.89744490417959355, 86.97597839503970363, 187.0326582284909875 ) ) ;
#974 = CARTESIAN_POINT ( 'NONE',  ( 98.23134241434540570, 102.2164587905679980, 187.2577474795689909 ) ) ;
#975 = CARTESIAN_POINT ( 'NONE',  ( 116.3470618285449945, 119.1970645378000029, 181.6577491323859874 ) ) ;
#976 = VERTEX_POINT ( 'NONE', #186 ) ;
#977 = ADVANCED_FACE ( 'NONE', ( #858 ), #1254, .T. ) ;
#978 = EDGE_CURVE ( 'NONE', #21, #1029, #578, .T. ) ;
#979 = PLANE ( 'NONE',  #468 ) ;
#980 = FACE_OUTER_BOUND ( 'NONE', #2454, .T. ) ;
#981 = VERTEX_POINT ( 'NONE', #1445 ) ;
#982 = ADVANCED_FACE ( 'NONE', ( #403 ), #1414, .T. ) ;
#983 = PLANE ( 'NONE',  #1564 ) ;
#984 = CARTESIAN_POINT ( 'NONE',  ( 75.57075481265067651, 122.0997347750013375, 190.1306180461002668 ) ) ;
#985 = CARTESIAN_POINT ( 'NONE',  ( 118.0470618285449973, 79.19706453780001709, 181.2577491323860102 ) ) ;
#986 = ORIENTED_EDGE ( 'NONE', *, *, #321, .T. ) ;
#987 = DIRECTION ( 'NONE',  ( -1.000000000000000000, 1.460819769243627841E-14, 0.000000000000000000 ) ) ;
#988 = ORIENTED_EDGE ( 'NONE', *, *, #2332, .T. ) ;
#989 = CARTESIAN_POINT ( 'NONE',  ( 94.46039403035663895, 76.10344619263146626, 184.0320517145140968 ) ) ;
#990 = CARTESIAN_POINT ( 'NONE',  ( 85.53222307069390240, 88.52677433690769249, 190.2577491323860102 ) ) ;
#991 = CARTESIAN_POINT ( 'NONE',  ( 74.35510636340205792, 122.9888416690405677, 188.6363419154303642 ) ) ;
#992 = EDGE_CURVE ( 'NONE', #1203, #2489, #651, .T. ) ;
#993 = VERTEX_POINT ( 'NONE', #2321 ) ;
#994 = FACE_OUTER_BOUND ( 'NONE', #352, .T. ) ;
#995 = EDGE_CURVE ( 'NONE', #1643, #1604, #483, .T. ) ;
#996 = PLANE ( 'NONE',  #1600 ) ;
#997 = CARTESIAN_POINT ( 'NONE',  ( 74.64706182854500582, 119.1970645378000029, 183.6344502651597566 ) ) ;
#998 = VERTEX_POINT ( 'NONE', #494 ) ;
#999 = CIRCLE ( 'NONE', #1513, 3.000000004719495461 ) ;
#1000 = STYLED_ITEM ( 'NONE', ( #452 ), #1905 ) ;
#1001 = CIRCLE ( 'NONE', #2513, 1.699999999999993072 ) ;
#1002 = LINE ( 'NONE', #1826, #692 ) ;
#1003 = EDGE_LOOP ( 'NONE', ( #971, #1960, #1156, #2126 ) ) ;
#1004 = VECTOR ( 'NONE', #363, 1000.000000000000000 ) ;
#1005 = AXIS2_PLACEMENT_3D ( 'NONE', #2471, #2495, #2263 ) ;
#1006 = LINE ( 'NONE', #1828, #1477 ) ;
#1007 = CARTESIAN_POINT ( 'NONE',  ( 120.2111226349569932, 77.29008542464299580, 187.0321425348680009 ) ) ;
#1008 = CARTESIAN_POINT ( 'NONE',  ( 117.8542194461290080, 86.29004518780151045, 183.8326511695900081 ) ) ;
#1009 = ORIENTED_EDGE ( 'NONE', *, *, #521, .F. ) ;
#1010 = ORIENTED_EDGE ( 'NONE', *, *, #1524, .T. ) ;
#1011 = LINE ( 'NONE', #2290, #2556 ) ;
#1012 = CARTESIAN_POINT ( 'NONE',  ( 116.2111229035450037, 86.55149231099299811, 189.8577491323860045 ) ) ;
#1013 = LINE ( 'NONE', #2280, #559 ) ;
#1014 = LINE ( 'NONE', #1836, #473 ) ;
#1015 = EDGE_LOOP ( 'NONE', ( #906, #2363, #1518, #1807 ) ) ;
#1016 = CARTESIAN_POINT ( 'NONE',  ( 76.34706182854500867, 119.1970645378000029, 181.2577491323860102 ) ) ;
#1017 = ORIENTED_EDGE ( 'NONE', *, *, #24, .T. ) ;
#1018 = DIRECTION ( 'NONE',  ( -1.000000000000000000, 1.387778780781444413E-14, 0.000000000000000000 ) ) ;
#1019 = LINE ( 'NONE', #2275, #1684 ) ;
#1020 = CARTESIAN_POINT ( 'NONE',  ( 73.47936367737040086, 123.5090942883086171, 187.6179667814486152 ) ) ;
#1021 = ORIENTED_EDGE ( 'NONE', *, *, #535, .F. ) ;
#1022 = ORIENTED_EDGE ( 'NONE', *, *, #2621, .F. ) ;
#1023 = CARTESIAN_POINT ( 'NONE',  ( 97.40787959478210212, 107.6164587905680037, 187.2577524789900281 ) ) ;
#1024 = DIRECTION ( 'NONE',  ( -0.5991385583267021531, -0.3755435899149031087, -0.7071067811865673347 ) ) ;
#1025 = LINE ( 'NONE', #25, #1134 ) ;
#1026 = FACE_OUTER_BOUND ( 'NONE', #437, .T. ) ;
#1027 = ORIENTED_EDGE ( 'NONE', *, *, #1746, .T. ) ;
#1028 = CARTESIAN_POINT ( 'NONE',  ( 74.35697512774787299, 116.4683422310931746, 187.0342969373992048 ) ) ;
#1029 = VERTEX_POINT ( 'NONE', #1531 ) ;
#1030 = ADVANCED_FACE ( 'NONE', ( #1319 ), #1329, .F. ) ;
#1031 = CARTESIAN_POINT ( 'NONE',  ( 66.12506366517030187, 120.8777155847580076, 181.2577491323860102 ) ) ;
#1032 = CARTESIAN_POINT ( 'NONE',  ( 91.18513783153909458, 86.82436748864110143, 190.2577491323860102 ) ) ;
#1033 = CARTESIAN_POINT ( 'NONE',  ( 74.25187320637566302, 123.0670623116120197, 188.5083060313475016 ) ) ;
#1034 = ORIENTED_EDGE ( 'NONE', *, *, #1902, .T. ) ;
#1035 = ORIENTED_EDGE ( 'NONE', *, *, #498, .T. ) ;
#1036 = CARTESIAN_POINT ( 'NONE',  ( 122.7363233266000009, 113.7057005158140157, 189.3577491323860045 ) ) ;
#1037 = DIRECTION ( 'NONE',  ( -0.000000000000000000, -0.000000000000000000, 1.000000000000000000 ) ) ;
#1038 = DIRECTION ( 'NONE',  ( -1.000000000000000000, 1.632680918566413341E-14, 0.000000000000000000 ) ) ;
#1039 = VECTOR ( 'NONE', #744, 1000.000000000000000 ) ;
#1040 = CARTESIAN_POINT ( 'NONE',  ( -147.5577354700130002, -179.1613394778530051, 187.0175054147929927 ) ) ;
#1041 = ORIENTED_EDGE ( 'NONE', *, *, #1261, .F. ) ;
#1042 = VECTOR ( 'NONE', #1155, 1000.000000000000000 ) ;
#1043 = AXIS2_PLACEMENT_3D ( 'NONE', #2222, #775, #2365 ) ;
#1044 = CARTESIAN_POINT ( 'NONE',  ( 100.4603912046700032, 76.10327791588832724, 187.0320573611670056 ) ) ;
#1045 = DIRECTION ( 'NONE',  ( 0.000000000000000000, 0.000000000000000000, 1.000000000000000000 ) ) ;
#1046 = DIRECTION ( 'NONE',  ( 9.639407963370751917E-15, 0.7071056867975271665, -0.7071078755738742228 ) ) ;
#1047 = ORIENTED_EDGE ( 'NONE', *, *, #152, .F. ) ;
#1048 = EDGE_CURVE ( 'NONE', #55, #1474, #897, .T. ) ;
#1049 = VECTOR ( 'NONE', #1540, 1000.000000000000000 ) ;
#1050 = VECTOR ( 'NONE', #1458, 1000.000000000000000 ) ;
#1051 = AXIS2_PLACEMENT_3D ( 'NONE', #877, #26, #2079 ) ;
#1052 = VECTOR ( 'NONE', #2101, 1000.000000000000227 ) ;
#1053 = VERTEX_POINT ( 'NONE', #1508 ) ;
#1054 = DIRECTION ( 'NONE',  ( 0.3535533905932211618, -0.6123724356957651604, -0.7071067811865993091 ) ) ;
#1055 = CARTESIAN_POINT ( 'NONE',  ( 119.3470618285449945, 79.19706453780001709, 187.0322486875567449 ) ) ;
#1056 = CARTESIAN_POINT ( 'NONE',  ( 95.73287959478210496, 109.0589469720039943, 182.2577491323860102 ) ) ;
#1057 = FACE_OUTER_BOUND ( 'NONE', #1317, .T. ) ;
#1058 = EDGE_LOOP ( 'NONE', ( #276, #2301 ) ) ;
#1059 = DIRECTION ( 'NONE',  ( -1.054711873393899897E-15, 6.538968091954519823E-15, -1.000000000000000000 ) ) ;
#1060 = DIRECTION ( 'NONE',  ( 0.7071067811864816255, -1.029862350308591131E-14, -0.7071067811866134090 ) ) ;
#1061 = CARTESIAN_POINT ( 'NONE',  ( 119.3470618285449945, 79.19706453780001709, 183.6322486822064945 ) ) ;
#1062 = EDGE_LOOP ( 'NONE', ( #17, #1713, #1433, #2583 ) ) ;
#1063 = ADVANCED_FACE ( 'NONE', ( #2563 ), #286, .T. ) ;
#1064 = ADVANCED_FACE ( 'NONE', ( #1305 ), #71, .T. ) ;
#1065 = ORIENTED_EDGE ( 'NONE', *, *, #835, .T. ) ;
#1066 = DIRECTION ( 'NONE',  ( 0.000000000000000000, 0.000000000000000000, 1.000000000000000000 ) ) ;
#1067 = EDGE_CURVE ( 'NONE', #1485, #2277, #2525, .T. ) ;
#1068 = DIRECTION ( 'NONE',  ( 7.758053781729090430E-44, 6.661338147750930565E-15, -1.000000000000000000 ) ) ;
#1069 = CARTESIAN_POINT ( 'NONE',  ( 94.70787988886709741, 104.9164587905680008, 187.6577544640549888 ) ) ;
#1070 = LINE ( 'NONE', #448, #1820 ) ;
#1071 = ORIENTED_EDGE ( 'NONE', *, *, #1948, .F. ) ;
#1072 = CARTESIAN_POINT ( 'NONE',  ( 120.2111227875380166, 82.55149219017910411, 189.8577491323860045 ) ) ;
#1073 = CARTESIAN_POINT ( 'NONE',  ( 75.89012345451439501, 105.5514935092840005, 187.0336860320339838 ) ) ;
#1074 = DIRECTION ( 'NONE',  ( -0.9999999999997297717, 2.842550146129776834E-14, 7.352090047874198443E-07 ) ) ;
#1075 = ORIENTED_EDGE ( 'NONE', *, *, #1938, .F. ) ;
#1076 = ORIENTED_EDGE ( 'NONE', *, *, #2667, .F. ) ;
#1077 = CARTESIAN_POINT ( 'NONE',  ( 94.70787988886709741, 104.9164587905680008, 187.6577544640549888 ) ) ;
#1078 = EDGE_CURVE ( 'NONE', #1266, #1318, #2115, .T. ) ;
#1079 = CARTESIAN_POINT ( 'NONE',  ( 73.75663509879849755, 123.4211539628840058, 185.2820312149650022 ) ) ;
#1080 = CARTESIAN_POINT ( 'NONE',  ( 118.0470618285449973, 79.19706453780001709, 183.6322474577422383 ) ) ;
#1081 = ADVANCED_FACE ( 'NONE', ( #910 ), #1716, .F. ) ;
#1082 = DIRECTION ( 'NONE',  ( -0.02716420117077608318, 0.9996309834301932984, 5.604585735821755911E-05 ) ) ;
#1083 = ORIENTED_EDGE ( 'NONE', *, *, #242, .F. ) ;
#1084 = CARTESIAN_POINT ( 'NONE',  ( 98.23134241434540570, 102.2164587905679980, 187.2577474795689909 ) ) ;
#1085 = CARTESIAN_POINT ( 'NONE',  ( 77.06547873965719475, 98.92502410223519860, 187.0333154462329901 ) ) ;
#1086 = CARTESIAN_POINT ( 'NONE',  ( 120.2111227875380166, 82.55149219017910411, 187.0324376584439960 ) ) ;
#1087 = VECTOR ( 'NONE', #2398, 1000.000000000000227 ) ;
#1088 = EDGE_LOOP ( 'NONE', ( #801, #423, #766, #1449 ) ) ;
#1089 = VECTOR ( 'NONE', #745, 1000.000000000000000 ) ;
#1090 = DIRECTION ( 'NONE',  ( 0.000000000000000000, -1.000000000000000000, 3.822127138017035144E-14 ) ) ;
#1091 = VECTOR ( 'NONE', #1478, 1000.000000000000227 ) ;
#1092 = CONICAL_SURFACE ( 'NONE', #1519, 1.899999999999999023, 0.7853981633974447263 ) ;
#1093 = VECTOR ( 'NONE', #431, 1000.000000000000000 ) ;
#1094 = FACE_OUTER_BOUND ( 'NONE', #2502, .T. ) ;
#1095 = LINE ( 'NONE', #221, #1694 ) ;
#1096 = EDGE_CURVE ( 'NONE', #1104, #2468, #1706, .T. ) ;
#1097 = EDGE_CURVE ( 'NONE', #577, #2376, #444, .T. ) ;
#1098 = CARTESIAN_POINT ( 'NONE',  ( 75.89012333721879600, 101.5068134355520186, 183.8022342136889904 ) ) ;
#1099 = VERTEX_POINT ( 'NONE', #1284 ) ;
#1100 = DIRECTION ( 'NONE',  ( -0.4842009716430028532, -0.8749568098254747461, -5.573828228327369166E-15 ) ) ;
#1101 = CARTESIAN_POINT ( 'NONE',  ( 77.87878953318571007, 97.09792160088159108, 187.0332135835749909 ) ) ;
#1102 =( LENGTH_UNIT ( ) NAMED_UNIT ( * ) SI_UNIT ( .MILLI., .METRE. ) );
#1103 = ORIENTED_EDGE ( 'NONE', *, *, #1334, .T. ) ;
#1104 = VERTEX_POINT ( 'NONE', #2508 ) ;
#1105 = LINE ( 'NONE', #1977, #1039 ) ;
#1106 = CARTESIAN_POINT ( 'NONE',  ( 61.21326606405290249, 126.0527332019630080, 192.1162603967640337 ) ) ;
#1107 = SURFACE_SIDE_STYLE ('',( #90 ) ) ;
#1108 = EDGE_CURVE ( 'NONE', #1420, #235, #1486, .T. ) ;
#1109 = FACE_OUTER_BOUND ( 'NONE', #1936, .T. ) ;
#1110 = ORIENTED_EDGE ( 'NONE', *, *, #2067, .T. ) ;
#1111 = LINE ( 'NONE', #2315, #1091 ) ;
#1112 = CARTESIAN_POINT ( 'NONE',  ( 77.78602740563519546, 97.28844646480321501, 187.0332242292599858 ) ) ;
#1113 = DIRECTION ( 'NONE',  ( -7.352090047874198443E-07, 2.089868319577729616E-20, -0.9999999999997297717 ) ) ;
#1114 = ORIENTED_EDGE ( 'NONE', *, *, #2019, .T. ) ;
#1115 = ADVANCED_FACE ( 'NONE', ( #2127 ), #664, .F. ) ;
#1116 = EDGE_LOOP ( 'NONE', ( #1339, #2483, #902, #2058 ) ) ;
#1117 = DIRECTION ( 'NONE',  ( 0.8881354607812461666, -0.2083135099315330252, 0.4096594742989455584 ) ) ;
#1118 = FACE_BOUND ( 'NONE', #2185, .T. ) ;
#1119 = LINE ( 'NONE', #1736, #2640 ) ;
#1120 = CARTESIAN_POINT ( 'NONE',  ( 116.7673107555960001, 86.52158456238529993, 187.0326571057190108 ) ) ;
#1121 = VERTEX_POINT ( 'NONE', #456 ) ;
#1122 = CARTESIAN_POINT ( 'NONE',  ( 71.75606964040490254, 101.7312340772329975, 187.0334678516519773 ) ) ;
#1123 = CARTESIAN_POINT ( 'NONE',  ( 114.6470618285450058, 79.19706453780001709, 183.6322442552973087 ) ) ;
#1124 = EDGE_LOOP ( 'NONE', ( #1380, #988, #923, #65, #1714 ) ) ;
#1125 = DIRECTION ( 'NONE',  ( -0.000000000000000000, -0.000000000000000000, 1.000000000000000000 ) ) ;
#1126 = EDGE_CURVE ( 'NONE', #845, #2417, #1292, .T. ) ;
#1127 = CARTESIAN_POINT ( 'NONE',  ( 90.42550166832880620, 75.59499247168520242, 181.2577491323860102 ) ) ;
#1128 = CIRCLE ( 'NONE', #2550, 1.699999999999993072 ) ;
#1129 = AXIS2_PLACEMENT_3D ( 'NONE', #404, #1242, #2633 ) ;
#1130 = AXIS2_PLACEMENT_3D ( 'NONE', #2092, #1068, #218 ) ;
#1131 = CARTESIAN_POINT ( 'NONE',  ( 94.70787959478190032, 104.9164587905680008, 190.2577491323860102 ) ) ;
#1132 =( NAMED_UNIT ( * ) PLANE_ANGLE_UNIT ( ) SI_UNIT ( $, .RADIAN. ) );
#1133 = AXIS2_PLACEMENT_3D ( 'NONE', #2624, #2458, #568 ) ;
#1134 = VECTOR ( 'NONE', #1448, 1000.000000000000000 ) ;
#1135 = CARTESIAN_POINT ( 'NONE',  ( 90.20787959478191453, 102.3183825792149975, 181.8577491323860045 ) ) ;
#1136 = ORIENTED_EDGE ( 'NONE', *, *, #504, .T. ) ;
#1137 = PLANE ( 'NONE',  #689 ) ;
#1138 = LINE ( 'NONE', #1962, #1482 ) ;
#1139 = VERTEX_POINT ( 'NONE', #674 ) ;
#1140 = CARTESIAN_POINT ( 'NONE',  ( 78.04706182854499730, 119.1970645378000029, 183.6344534676046862 ) ) ;
#1141 = FACE_OUTER_BOUND ( 'NONE', #896, .T. ) ;
#1142 = LINE ( 'NONE', #100, #1476 ) ;
#1143 = EDGE_CURVE ( 'NONE', #678, #2628, #1105, .T. ) ;
#1144 = ORIENTED_EDGE ( 'NONE', *, *, #1948, .T. ) ;
#1145 = CARTESIAN_POINT ( 'NONE',  ( -147.5577322675680705, -179.1611487645700720, 183.6175054201432602 ) ) ;
#1146 = CARTESIAN_POINT ( 'NONE',  ( 90.60787953684250340, 107.2835947939630046, 187.4577474795690080 ) ) ;
#1147 = ADVANCED_FACE ( 'NONE', ( #2590 ), #979, .T. ) ;
#1148 = CARTESIAN_POINT ( 'NONE',  ( 90.60787959478210496, 107.2835948942460078, 181.8577491323860045 ) ) ;
#1149 = ORIENTED_EDGE ( 'NONE', *, *, #607, .F. ) ;
#1150 = CARTESIAN_POINT ( 'NONE',  ( 98.98289003414960519, 102.2164587905679980, 187.6577524789900053 ) ) ;
#1151 = DIRECTION ( 'NONE',  ( -1.000000000000000000, 1.321694076934707365E-14, 0.000000000000000000 ) ) ;
#1152 = ORIENTED_EDGE ( 'NONE', *, *, #120, .F. ) ;
#1153 = LINE ( 'NONE', #327, #2645 ) ;
#1154 = CARTESIAN_POINT ( 'NONE',  ( 78.04706182854499730, 119.1970645378000029, 181.2577491323860102 ) ) ;
#1155 = DIRECTION ( 'NONE',  ( 7.758053781729090430E-44, 6.661338147750930565E-15, -1.000000000000000000 ) ) ;
#1156 = ORIENTED_EDGE ( 'NONE', *, *, #1421, .T. ) ;
#1157 = LINE ( 'NONE', #565, #2346 ) ;
#1158 = CARTESIAN_POINT ( 'NONE',  ( 93.02478047567021235, 86.64356996624189833, 187.0326415613820359 ) ) ;
#1159 = EDGE_CURVE ( 'NONE', #1857, #2539, #1128, .T. ) ;
#1160 = CARTESIAN_POINT ( 'NONE',  ( 118.6634494768619987, 85.71257829844219600, 187.0326134864749861 ) ) ;
#1161 = ORIENTED_EDGE ( 'NONE', *, *, #1293, .T. ) ;
#1162 = CARTESIAN_POINT ( 'NONE',  ( 114.6470618285450200, 75.79706453780001141, 183.6320535420140629 ) ) ;
#1163 = ORIENTED_EDGE ( 'NONE', *, *, #2114, .T. ) ;
#1164 = CARTESIAN_POINT ( 'NONE',  ( 90.60787953684250340, 107.2835947939630046, 187.4577474795690080 ) ) ;
#1165 = LINE ( 'NONE', #756, #911 ) ;
#1166 = DIRECTION ( 'NONE',  ( -0.000000000000000000, -0.000000000000000000, 1.000000000000000000 ) ) ;
#1167 =( BOUNDED_CURVE ( )  B_SPLINE_CURVE ( 3, ( #997, #581, #377, #2041 ),
 .UNSPECIFIED., .F., .T. ) 
 B_SPLINE_CURVE_WITH_KNOTS ( ( 4, 4 ),
 ( 4.695598624047580216, 7.837191277637373332 ),
 .UNSPECIFIED. ) 
 CURVE ( )  GEOMETRIC_REPRESENTATION_ITEM ( )  RATIONAL_B_SPLINE_CURVE ( ( 1.000000000000000000, 0.3333333333333333703, 0.3333333333333333703, 1.000000000000000000 ) ) 
 REPRESENTATION_ITEM ( '' )  );
#1168 = VERTEX_POINT ( 'NONE', #1542 ) ;
#1169 = VECTOR ( 'NONE', #252, 1000.000000000000114 ) ;
#1170 = DIRECTION ( 'NONE',  ( 1.054711873393904038E-15, -6.538968091954519823E-15, 1.000000000000000000 ) ) ;
#1171 = CARTESIAN_POINT ( 'NONE',  ( 89.35798952362689818, 87.37462340506380087, 187.0326791633270034 ) ) ;
#1172 = AXIS2_PLACEMENT_3D ( 'NONE', #2629, #1556, #563 ) ;
#1173 = VECTOR ( 'NONE', #189, 1000.000000000000000 ) ;
#1174 = CIRCLE ( 'NONE', #2473, 1.699999999999993072 ) ;
#1175 = CARTESIAN_POINT ( 'NONE',  ( 118.4944131719949922, 85.83600195737689376, 187.0326202501189812 ) ) ;
#1176 = VERTEX_POINT ( 'NONE', #1582 ) ;
#1177 = EDGE_CURVE ( 'NONE', #1873, #2090, #302, .T. ) ;
#1178 = EDGE_CURVE ( 'NONE', #1896, #797, #685, .T. ) ;
#1179 = VECTOR ( 'NONE', #2191, 999.9999999999998863 ) ;
#1180 = LINE ( 'NONE', #965, #2690 ) ;
#1181 = ORIENTED_EDGE ( 'NONE', *, *, #1982, .F. ) ;
#1182 = ADVANCED_FACE ( 'NONE', ( #1381 ), #1343, .F. ) ;
#1183 = CARTESIAN_POINT ( 'NONE',  ( 113.3470618285450087, 85.19706453780003130, 183.6325795836858390 ) ) ;
#1184 = CARTESIAN_POINT ( 'NONE',  ( 79.34706182854500867, 119.1970645378000029, 183.6344546920689424 ) ) ;
#1185 = CARTESIAN_POINT ( 'NONE',  ( 120.2111226349569932, 77.29008542464299580, 190.2577491323860102 ) ) ;
#1186 = ORIENTED_EDGE ( 'NONE', *, *, #1704, .F. ) ;
#1187 = DIRECTION ( 'NONE',  ( -4.851236178702030094E-14, -1.000000000000000000, -6.538968091954470124E-15 ) ) ;
#1188 = FACE_BOUND ( 'NONE', #314, .T. ) ;
#1189 = CARTESIAN_POINT ( 'NONE',  ( 118.0470618285449973, 119.1970645377999745, 181.6577491323859874 ) ) ;
#1190 = ORIENTED_EDGE ( 'NONE', *, *, #2067, .F. ) ;
#1191 = EDGE_CURVE ( 'NONE', #1203, #747, #805, .T. ) ;
#1192 = DIRECTION ( 'NONE',  ( -0.000000000000000000, -0.000000000000000000, 1.000000000000000000 ) ) ;
#1193 = ORIENTED_EDGE ( 'NONE', *, *, #2052, .T. ) ;
#1194 = LINE ( 'NONE', #507, #2602 ) ;
#1195 = EDGE_CURVE ( 'NONE', #1507, #998, #999, .T. ) ;
#1196 = EDGE_LOOP ( 'NONE', ( #1248, #2613, #1035, #130, #1276 ) ) ;
#1197 = LINE ( 'NONE', #143, #784 ) ;
#1198 = PLANE ( 'NONE',  #1988 ) ;
#1199 = DIRECTION ( 'NONE',  ( -0.000000000000000000, -0.000000000000000000, 1.000000000000000000 ) ) ;
#1200 = PLANE ( 'NONE',  #2692 ) ;
#1201 = ORIENTED_EDGE ( 'NONE', *, *, #535, .T. ) ;
#1202 = CYLINDRICAL_SURFACE ( 'NONE', #2515, 3.000000000000002665 ) ;
#1203 = VERTEX_POINT ( 'NONE', #728 ) ;
#1204 = CARTESIAN_POINT ( 'NONE',  ( 101.0384713731360051, 127.0945319342849871, 182.8234305864299927 ) ) ;
#1205 = LINE ( 'NONE', #1842, #2199 ) ;
#1206 = CARTESIAN_POINT ( 'NONE',  ( 117.0336460004180026, 86.55149228713979426, 183.8326511695900081 ) ) ;
#1207 = ORIENTED_EDGE ( 'NONE', *, *, #13, .F. ) ;
#1208 = ORIENTED_EDGE ( 'NONE', *, *, #287, .T. ) ;
#1209 = DIRECTION ( 'NONE',  ( 0.8660254037844619113, 0.4999999999999599209, 1.308193794691120103E-15 ) ) ;
#1210 = FACE_BOUND ( 'NONE', #1849, .T. ) ;
#1211 = DIRECTION ( 'NONE',  ( -1.421274974850180060E-14, -1.000000000000000000, -6.538968091954500101E-15 ) ) ;
#1212 = CARTESIAN_POINT ( 'NONE',  ( 122.4787018337990077, 70.80957377910910111, 182.0658114387649960 ) ) ;
#1213 = ORIENTED_EDGE ( 'NONE', *, *, #2099, .T. ) ;
#1214 = VECTOR ( 'NONE', #2672, 1000.000000000000000 ) ;
#1215 = PRODUCT ( 'Micron_Foot_Mount_B', 'Micron_Foot_Mount_B', '', ( #942 ) ) ;
#1216 = VECTOR ( 'NONE', #741, 1000.000000000000114 ) ;
#1217 = CIRCLE ( 'NONE', #914, 2.699999999999993960 ) ;
#1218 = DIRECTION ( 'NONE',  ( 1.000000000000000000, 0.000000000000000000, 0.000000000000000000 ) ) ;
#1219 = VERTEX_POINT ( 'NONE', #1965 ) ;
#1220 = AXIS2_PLACEMENT_3D ( 'NONE', #2012, #1647, #598 ) ;
#1221 = AXIS2_PLACEMENT_3D ( 'NONE', #2649, #1597, #789 ) ;
#1222 = CARTESIAN_POINT ( 'NONE',  ( 97.46039403035671000, 76.10344619247290154, 184.0320545401999937 ) ) ;
#1223 = CARTESIAN_POINT ( 'NONE',  ( 113.3470618285449945, 119.1970645378000455, 189.8577491323860045 ) ) ;
#1224 = CARTESIAN_POINT ( 'NONE',  ( 74.62978549181147514, 122.7545329264166156, 188.9891714294174392 ) ) ;
#1225 = VERTEX_POINT ( 'NONE', #1400 ) ;
#1226 = ORIENTED_EDGE ( 'NONE', *, *, #2432, .T. ) ;
#1227 = LINE ( 'NONE', #803, #1913 ) ;
#1228 = EDGE_CURVE ( 'NONE', #275, #1455, #1744, .T. ) ;
#1229 = FACE_BOUND ( 'NONE', #1058, .T. ) ;
#1230 = DIRECTION ( 'NONE',  ( 2.894749732294368974E-08, 0.9999999999999996669, 6.287747309982086700E-15 ) ) ;
#1231 = DIRECTION ( 'NONE',  ( 0.000000000000000000, -1.000000000000000000, 2.671759798173150283E-15 ) ) ;
#1232 = ORIENTED_EDGE ( 'NONE', *, *, #1048, .T. ) ;
#1233 = EDGE_CURVE ( 'NONE', #1289, #68, #99, .T. ) ;
#1234 = CARTESIAN_POINT ( 'NONE',  ( 97.46039403035680948, 79.10344619247300102, 184.0322228166270122 ) ) ;
#1235 = ORIENTED_EDGE ( 'NONE', *, *, #1853, .F. ) ;
#1236 = FACE_OUTER_BOUND ( 'NONE', #1301, .T. ) ;
#1237 = CARTESIAN_POINT ( 'NONE',  ( 94.89012290348159695, 86.55149292818259710, 190.2577491323860102 ) ) ;
#1238 = CARTESIAN_POINT ( 'NONE',  ( 74.94632114366187636, 122.4294785595252222, 189.4225016995096382 ) ) ;
#1239 = ORIENTED_EDGE ( 'NONE', *, *, #304, .F. ) ;
#1240 = ORIENTED_EDGE ( 'NONE', *, *, #489, .F. ) ;
#1241 = LINE ( 'NONE', #836, #739 ) ;
#1242 = DIRECTION ( 'NONE',  ( -9.418955760298147950E-07, -5.609214263385961595E-05, 0.9999999984263923114 ) ) ;
#1243 = DIRECTION ( 'NONE',  ( -4.476023947212479948E-14, -1.000000000000000000, -6.538968091954470124E-15 ) ) ;
#1244 = LINE ( 'NONE', #133, #1173 ) ;
#1245 = ORIENTED_EDGE ( 'NONE', *, *, #835, .F. ) ;
#1246 = ADVANCED_FACE ( 'NONE', ( #1141 ), #2617, .T. ) ;
#1247 = FACE_OUTER_BOUND ( 'NONE', #1003, .T. ) ;
#1248 = ORIENTED_EDGE ( 'NONE', *, *, #723, .F. ) ;
#1249 = CARTESIAN_POINT ( 'NONE',  ( 94.46039403035678106, 82.10344619263149468, 184.0323882673659170 ) ) ;
#1250 = DIRECTION ( 'NONE',  ( -0.000000000000000000, -0.000000000000000000, 1.000000000000000000 ) ) ;
#1251 = DIRECTION ( 'NONE',  ( 1.000000000000000000, 0.000000000000000000, 0.000000000000000000 ) ) ;
#1252 = ORIENTED_EDGE ( 'NONE', *, *, #1396, .F. ) ;
#1253 = VERTEX_POINT ( 'NONE', #1154 ) ;
#1254 = PLANE ( 'NONE',  #693 ) ;
#1255 = CARTESIAN_POINT ( 'NONE',  ( 90.60787959478190601, 102.5493226868910028, 182.2577491323860102 ) ) ;
#1256 = DIRECTION ( 'NONE',  ( -1.000000000000000000, 1.632680918566413341E-14, 0.000000000000000000 ) ) ;
#1257 = AXIS2_PLACEMENT_3D ( 'NONE', #463, #1503, #237 ) ;
#1258 = EDGE_CURVE ( 'NONE', #909, #2245, #2575, .T. ) ;
#1259 = CARTESIAN_POINT ( 'NONE',  ( 75.42334851609000168, -33.22305984685200286, 187.0259014304100162 ) ) ;
#1260 = ORIENTED_EDGE ( 'NONE', *, *, #1195, .F. ) ;
#1261 = EDGE_CURVE ( 'NONE', #1604, #49, #1340, .T. ) ;
#1262 = AXIS2_PLACEMENT_3D ( 'NONE', #1816, #2247, #1573 ) ;
#1263 = LINE ( 'NONE', #462, #512 ) ;
#1264 = CARTESIAN_POINT ( 'NONE',  ( 114.6470618285450058, 79.19706453780001709, 181.2577491323860102 ) ) ;
#1265 = FILL_AREA_STYLE_COLOUR ( '', #554 ) ;
#1266 = VERTEX_POINT ( 'NONE', #1759 ) ;
#1267 = CONICAL_SURFACE ( 'NONE', #2555, 1.899999999999999023, 0.7853981633974447263 ) ;
#1268 = VECTOR ( 'NONE', #2220, 1000.000000000000000 ) ;
#1269 = EDGE_CURVE ( 'NONE', #49, #1800, #1786, .T. ) ;
#1270 = AXIS2_PLACEMENT_3D ( 'NONE', #666, #1295, #1861 ) ;
#1271 = VERTEX_POINT ( 'NONE', #533 ) ;
#1272 = CARTESIAN_POINT ( 'NONE',  ( 76.34706182854500867, 119.1970645378000029, 181.2577491323860102 ) ) ;
#1273 = DIRECTION ( 'NONE',  ( -1.000000000000000000, 1.632680918566413341E-14, 0.000000000000000000 ) ) ;
#1274 = DIRECTION ( 'NONE',  ( -0.8660254037844143937, 0.5000000000000421885, 4.182891322009702214E-15 ) ) ;
#1275 = LINE ( 'NONE', #2105, #1772 ) ;
#1276 = ORIENTED_EDGE ( 'NONE', *, *, #1177, .F. ) ;
#1277 = EDGE_CURVE ( 'NONE', #2376, #2417, #2177, .T. ) ;
#1278 = DIRECTION ( 'NONE',  ( -1.158171704824660519E-06, 3.292160921293731431E-20, 0.9999999999993293143 ) ) ;
#1279 = CARTESIAN_POINT ( 'NONE',  ( 80.80372367205541195, 92.80148515369130280, 187.0329754056110119 ) ) ;
#1280 = CARTESIAN_POINT ( 'NONE',  ( 122.5534806141250073, 126.4116892218100077, 189.5405918448609839 ) ) ;
#1281 = ORIENTED_EDGE ( 'NONE', *, *, #27, .F. ) ;
#1282 = ORIENTED_EDGE ( 'NONE', *, *, #2500, .F. ) ;
#1283 = EDGE_CURVE ( 'NONE', #920, #824, #1165, .T. ) ;
#1284 = CARTESIAN_POINT ( 'NONE',  ( 97.40787953683870626, 107.6164586902850147, 187.4577474795690080 ) ) ;
#1285 = PLANE ( 'NONE',  #219 ) ;
#1286 = CARTESIAN_POINT ( 'NONE',  ( 98.80787959478209359, 106.1000268424069901, 182.2577491323860102 ) ) ;
#1287 = CARTESIAN_POINT ( 'NONE',  ( 121.4487306795749930, 128.4821245813099893, 188.8577491323860045 ) ) ;
#1288 = CARTESIAN_POINT ( 'NONE',  ( 81.62769220706010742, 91.95243221433450742, 187.0329286357460035 ) ) ;
#1289 = VERTEX_POINT ( 'NONE', #2491 ) ;
#1290 =( BOUNDED_CURVE ( )  B_SPLINE_CURVE ( 3, ( #530, #313, #1162, #1123 ),
 .UNSPECIFIED., .F., .T. ) 
 B_SPLINE_CURVE_WITH_KNOTS ( ( 4, 4 ),
 ( 1.554005970457787100, 4.695598624047580216 ),
 .UNSPECIFIED. ) 
 CURVE ( )  GEOMETRIC_REPRESENTATION_ITEM ( )  RATIONAL_B_SPLINE_CURVE ( ( 1.000000000000000000, 0.3333333333333333703, 0.3333333333333333703, 1.000000000000000000 ) ) 
 REPRESENTATION_ITEM ( '' )  );
#1291 = ORIENTED_EDGE ( 'NONE', *, *, #421, .T. ) ;
#1292 = LINE ( 'NONE', #2111, #1169 ) ;
#1293 = EDGE_CURVE ( 'NONE', #2674, #2689, #2286, .T. ) ;
#1294 = CARTESIAN_POINT ( 'NONE',  ( 74.21558633393659932, 123.0932236665709922, 185.2820312149650022 ) ) ;
#1295 = DIRECTION ( 'NONE',  ( -9.418955760298141597E-07, -5.609214263385961595E-05, 0.9999999984263922004 ) ) ;
#1296 = CARTESIAN_POINT ( 'NONE',  ( 89.41122914772179797, 87.35858999495719956, 183.8022342136889904 ) ) ;
#1297 = VECTOR ( 'NONE', #1937, 1000.000000000000000 ) ;
#1298 = CARTESIAN_POINT ( 'NONE',  ( 91.18441677521551014, 102.2164587905679980, 187.2577498362890083 ) ) ;
#1299 = CARTESIAN_POINT ( 'NONE',  ( 75.89012341714239085, 104.2628022761350053, 187.0336137465829722 ) ) ;
#1300 = CARTESIAN_POINT ( 'NONE',  ( 120.2111227875380166, 82.55149219017910411, 190.8577491323860045 ) ) ;
#1301 = EDGE_LOOP ( 'NONE', ( #1692, #1832, #1379, #1505 ) ) ;
#1302 = CIRCLE ( 'NONE', #825, 1.699999999999993072 ) ;
#1303 = VERTEX_POINT ( 'NONE', #1264 ) ;
#1304 = VECTOR ( 'NONE', #1392, 1000.000000000000114 ) ;
#1305 = FACE_OUTER_BOUND ( 'NONE', #1823, .T. ) ;
#1306 = AXIS2_PLACEMENT_3D ( 'NONE', #296, #724, #109 ) ;
#1307 = MECHANICAL_DESIGN_GEOMETRIC_PRESENTATION_REPRESENTATION (  '', ( #2125 ), #561 ) ;
#1308 = CONICAL_SURFACE ( 'NONE', #1821, 2.899999999999999911, 0.7853981633974645993 ) ;
#1309 = EDGE_CURVE ( 'NONE', #747, #148, #1465, .T. ) ;
#1310 = CARTESIAN_POINT ( 'NONE',  ( 73.75663509879849755, 123.4211539628829968, 192.1162603967640337 ) ) ;
#1311 = ADVANCED_FACE ( 'NONE', ( #786 ), #814, .F. ) ;
#1312 = LINE ( 'NONE', #2517, #783 ) ;
#1313 = VERTEX_POINT ( 'NONE', #414 ) ;
#1314 = CARTESIAN_POINT ( 'NONE',  ( 116.3470618285449945, 79.19706453780001709, 181.2577491323860102 ) ) ;
#1315 = CARTESIAN_POINT ( 'NONE',  ( 118.2470618285450001, 119.1970645377999745, 181.4577491323860272 ) ) ;
#1316 = CARTESIAN_POINT ( 'NONE',  ( 98.98289003414960519, 102.2164587905679980, 187.6577524789900053 ) ) ;
#1317 = EDGE_LOOP ( 'NONE', ( #1579, #1442, #1610, #1656 ) ) ;
#1318 = VERTEX_POINT ( 'NONE', #1411 ) ;
#1319 = FACE_OUTER_BOUND ( 'NONE', #1994, .T. ) ;
#1320 = DIRECTION ( 'NONE',  ( -2.916135938765464782E-28, -6.538968091954470124E-15, 1.000000000000000000 ) ) ;
#1321 = CARTESIAN_POINT ( 'NONE',  ( 118.7978903680570113, 85.60258377811140917, 187.0326074519559825 ) ) ;
#1322 = ORIENTED_EDGE ( 'NONE', *, *, #2036, .F. ) ;
#1323 = EDGE_CURVE ( 'NONE', #920, #2494, #2309, .T. ) ;
#1324 = LINE ( 'NONE', #80, #2426 ) ;
#1325 = CARTESIAN_POINT ( 'NONE',  ( 78.17736554007720429, 96.51901407517920006, 187.0331812555710087 ) ) ;
#1326 = DIRECTION ( 'NONE',  ( -0.000000000000000000, -0.000000000000000000, 1.000000000000000000 ) ) ;
#1327 = ORIENTED_EDGE ( 'NONE', *, *, #826, .T. ) ;
#1328 = EDGE_LOOP ( 'NONE', ( #589, #466, #29, #2219 ) ) ;
#1329 = CYLINDRICAL_SURFACE ( 'NONE', #1483, 1.699999999999993072 ) ;
#1330 = DIRECTION ( 'NONE',  ( 1.387778778598240461E-14, 0.9999999984268357345, 5.609214203729893938E-05 ) ) ;
#1331 = CARTESIAN_POINT ( 'NONE',  ( 90.60787959478210496, 107.2835948942460078, 182.2577491323860102 ) ) ;
#1332 = CARTESIAN_POINT ( 'NONE',  ( 119.9418921081880143, 83.97314386200929448, 187.0325171483449935 ) ) ;
#1333 = ORIENTED_EDGE ( 'NONE', *, *, #1619, .F. ) ;
#1334 = EDGE_CURVE ( 'NONE', #557, #543, #1019, .T. ) ;
#1335 = FACE_OUTER_BOUND ( 'NONE', #2353, .T. ) ;
#1336 = PLANE ( 'NONE',  #2203 ) ;
#1337 = ORIENTED_EDGE ( 'NONE', *, *, #1191, .T. ) ;
#1338 = EDGE_CURVE ( 'NONE', #747, #1203, #2310, .T. ) ;
#1339 = ORIENTED_EDGE ( 'NONE', *, *, #410, .F. ) ;
#1340 = LINE ( 'NONE', #938, #1943 ) ;
#1341 = DIRECTION ( 'NONE',  ( 0.000000000000000000, 6.287741146802500311E-15, -1.000000000000000000 ) ) ;
#1342 = ADVANCED_FACE ( 'NONE', ( #2642 ), #2480, .F. ) ;
#1343 = CONICAL_SURFACE ( 'NONE', #553, 2.899999999999999911, 0.7853981633974645993 ) ;
#1344 = CLOSED_SHELL ( 'NONE', ( #135, #1782, #626, #2244, #686, #1182, #1081, #1311, #2436, #1672, #1875, #2183, #912, #1342, #1899, #486, #2212, #2418, #809, #2581, #687, #2163, #1733, #1064, #977, #2351, #2130, #2031, #2282, #608, #1869, #1751, #1030, #2143, #1535, #847, #982, #1246, #1428, #1737, #891, #1447, #1931, #641, #1602, #2225, #2616, #2299, #337, #930, #1824, #1459, #366, #1588, #1584, #1788, #795, #2630, #947, #673, #1115, #1935, #2530, #2670, #2264, #2512, #2653, #1063, #407, #2102, #759, #210, #1506, #1147, #1815, #707, #746, #2132, #1732, #101 ) ) ;
#1345 = ORIENTED_EDGE ( 'NONE', *, *, #1358, .F. ) ;
#1346 = DIRECTION ( 'NONE',  ( -1.000000000000000000, 4.851236178702030094E-14, 3.076557530361949628E-28 ) ) ;
#1347 = SURFACE_STYLE_USAGE ( .BOTH. , #1107 ) ;
#1348 = AXIS2_PLACEMENT_3D ( 'NONE', #2207, #1170, #1611 ) ;
#1349 = CARTESIAN_POINT ( 'NONE',  ( 91.38229030986440193, 86.87691051258001096, 187.0326531192799848 ) ) ;
#1350 = UNCERTAINTY_MEASURE_WITH_UNIT (LENGTH_MEASURE( 1.000000000000000082E-05 ), #929, 'distance_accuracy_value', 'NONE');
#1351 = CARTESIAN_POINT ( 'NONE',  ( 120.1997030089650025, 82.84480010595160593, 187.0324540999999954 ) ) ;
#1352 = DIRECTION ( 'NONE',  ( 1.000000000000000000, 0.000000000000000000, 0.000000000000000000 ) ) ;
#1353 = DIRECTION ( 'NONE',  ( 1.054711873393904038E-15, -6.538968091954519823E-15, 1.000000000000000000 ) ) ;
#1354 = ORIENTED_EDGE ( 'NONE', *, *, #773, .T. ) ;
#1355 = CARTESIAN_POINT ( 'NONE',  ( 123.0363233265999980, 126.8945319342849842, 182.6234312055080125 ) ) ;
#1356 = DIRECTION ( 'NONE',  ( -0.7962209213573481215, 0.1867548162787699695, 0.5754605833500140433 ) ) ;
#1357 = CARTESIAN_POINT ( 'NONE',  ( 126.2459042850490079, 123.6849509758360171, 185.8330022290460022 ) ) ;
#1358 = EDGE_CURVE ( 'NONE', #909, #597, #1205, .T. ) ;
#1359 = VERTEX_POINT ( 'NONE', #2241 ) ;
#1360 = DIRECTION ( 'NONE',  ( 0.9735781185652946368, -0.2283542139984744146, 0.000000000000000000 ) ) ;
#1361 =( NAMED_UNIT ( * ) SI_UNIT ( $, .STERADIAN. ) SOLID_ANGLE_UNIT ( ) );
#1362 = CARTESIAN_POINT ( 'NONE',  ( 94.10368724067700441, 86.56677532801759867, 187.0326382827080067 ) ) ;
#1363 = CARTESIAN_POINT ( 'NONE',  ( 114.6470618285450058, 79.19706453780001709, 181.2577491323860102 ) ) ;
#1364 = ORIENTED_EDGE ( 'NONE', *, *, #1654, .F. ) ;
#1365 = CARTESIAN_POINT ( 'NONE',  ( 91.64537959478209928, 109.0372963369090087, 181.2577491323860102 ) ) ;
#1366 = ORIENTED_EDGE ( 'NONE', *, *, #224, .T. ) ;
#1367 = CARTESIAN_POINT ( 'NONE',  ( 119.3470618285449945, 79.19706453780001709, 183.6322486822064945 ) ) ;
#1368 = DIRECTION ( 'NONE',  ( 0.6785983445458468877, 0.2810846377148399911, -0.6785983445458390051 ) ) ;
#1369 = DIRECTION ( 'NONE',  ( 0.9999999999999995559, -2.900002433554068629E-08, -1.823446462728530154E-22 ) ) ;
#1370 = ORIENTED_EDGE ( 'NONE', *, *, #1538, .F. ) ;
#1371 = CARTESIAN_POINT ( 'NONE',  ( 69.36308024120049254, 126.7288493483110017, 182.4577491323860272 ) ) ;
#1372 = EDGE_CURVE ( 'NONE', #1303, #758, #1384, .T. ) ;
#1373 = EDGE_CURVE ( 'NONE', #2592, #2628, #2086, .T. ) ;
#1374 = CARTESIAN_POINT ( 'NONE',  ( 90.65582326116980028, 87.02786612139590261, 187.0326609158310021 ) ) ;
#1375 =( BOUNDED_SURFACE ( )  B_SPLINE_SURFACE ( 1, 2, ( 
 ( #381, #162, #1422, #2059, #2240, #2015, #194, #1044, #1607 ),
 ( #1222, #989, #1870, #1249, #5, #841, #149, #2045, #798 ) ),
 .UNSPECIFIED., .F., .T., .T. ) 
 B_SPLINE_SURFACE_WITH_KNOTS ( ( 2, 2 ),
 ( 3, 2, 2, 2, 3 ),
 ( -1.285663856608920051E-13, 0.9999999984268329589 ),
 ( -3.141592653589790007, -1.570796326794899889, 0.000000000000000000, 1.570796326794899889, 3.141592653589790007 ),
 .UNSPECIFIED. ) 
 GEOMETRIC_REPRESENTATION_ITEM ( )  RATIONAL_B_SPLINE_SURFACE ( (
 ( 1.000000000000000000, 0.7071067811865480168, 1.000000000000000000, 0.7071067811865480168, 1.000000000000000000, 0.7071067811865480168, 1.000000000000000000, 0.7071067811865480168, 1.000000000000000000),
 ( 1.000000000000000000, 0.7071067811865480168, 1.000000000000000000, 0.7071067811865480168, 1.000000000000000000, 0.7071067811865480168, 1.000000000000000000, 0.7071067811865480168, 1.000000000000000000) ) ) 
 REPRESENTATION_ITEM ( '' )  SURFACE ( )  );
#1376 = CARTESIAN_POINT ( 'NONE',  ( 117.8991260222120019, 86.17747692417729866, 187.0326388700360098 ) ) ;
#1377 = ORIENTED_EDGE ( 'NONE', *, *, #1669, .F. ) ;
#1378 = CARTESIAN_POINT ( 'NONE',  ( 122.8363233265999952, 127.0945319342849871, 188.8577491323860045 ) ) ;
#1379 = ORIENTED_EDGE ( 'NONE', *, *, #1195, .T. ) ;
#1380 = ORIENTED_EDGE ( 'NONE', *, *, #86, .T. ) ;
#1381 = FACE_OUTER_BOUND ( 'NONE', #2666, .T. ) ;
#1382 = PLANE ( 'NONE',  #1387 ) ;
#1383 = ORIENTED_EDGE ( 'NONE', *, *, #2432, .F. ) ;
#1384 = CIRCLE ( 'NONE', #211, 1.699999999999993072 ) ;
#1385 = FACE_OUTER_BOUND ( 'NONE', #519, .T. ) ;
#1386 = PLANE ( 'NONE',  #119 ) ;
#1387 = AXIS2_PLACEMENT_3D ( 'NONE', #140, #729, #2424 ) ;
#1388 = EDGE_CURVE ( 'NONE', #443, #298, #163, .T. ) ;
#1389 = CIRCLE ( 'NONE', #215, 3.000000000000002665 ) ;
#1390 = AXIS2_PLACEMENT_3D ( 'NONE', #2283, #262, #1919 ) ;
#1391 = VECTOR ( 'NONE', #2486, 1000.000000000000000 ) ;
#1392 = DIRECTION ( 'NONE',  ( -2.899996448249188378E-08, -0.9999999984268354014, -5.609214206785056398E-05 ) ) ;
#1393 = ORIENTED_EDGE ( 'NONE', *, *, #740, .F. ) ;
#1394 = AXIS2_PLACEMENT_3D ( 'NONE', #1776, #1545, #1749 ) ;
#1395 = AXIS2_PLACEMENT_3D ( 'NONE', #1952, #1520, #1090 ) ;
#1396 = EDGE_CURVE ( 'NONE', #564, #2134, #1809, .T. ) ;
#1397 = FACE_OUTER_BOUND ( 'NONE', #271, .T. ) ;
#1398 = ORIENTED_EDGE ( 'NONE', *, *, #1888, .T. ) ;
#1399 = DIRECTION ( 'NONE',  ( -0.9998590452785331983, 0.01678956743636240284, 0.000000000000000000 ) ) ;
#1400 = CARTESIAN_POINT ( 'NONE',  ( 114.2470618285450286, 119.1970645378000313, 181.2577491323860102 ) ) ;
#1401 = DIRECTION ( 'NONE',  ( -0.5773508648981091618, 0.5773508648981390268, -0.5773490777707850352 ) ) ;
#1402 = ORIENTED_EDGE ( 'NONE', *, *, #656, .F. ) ;
#1403 = CARTESIAN_POINT ( 'NONE',  ( 108.9721014606899843, 71.22047675059158678, 181.2577491323860102 ) ) ;
#1404 = CARTESIAN_POINT ( 'NONE',  ( 92.00787988886548874, 102.2164587905679980, 187.6577524789900053 ) ) ;
#1405 = CARTESIAN_POINT ( 'NONE',  ( 97.46039120467008843, 79.10327791604680669, 187.0322228119060242 ) ) ;
#1406 = ORIENTED_EDGE ( 'NONE', *, *, #791, .F. ) ;
#1407 = LINE ( 'NONE', #2477, #1645 ) ;
#1408 = ORIENTED_EDGE ( 'NONE', *, *, #1524, .F. ) ;
#1409 = EDGE_CURVE ( 'NONE', #1884, #1420, #2229, .T. ) ;
#1410 = CARTESIAN_POINT ( 'NONE',  ( 66.63232978143599894, 121.7943513802510012, 189.8577491323860045 ) ) ;
#1411 = CARTESIAN_POINT ( 'NONE',  ( 95.36039120467009411, 79.10327791604693459, 181.2577491323860102 ) ) ;
#1412 = CARTESIAN_POINT ( 'NONE',  ( 114.6470618285450058, 119.1970645378000313, 181.6577491323859874 ) ) ;
#1413 = ORIENTED_EDGE ( 'NONE', *, *, #191, .T. ) ;
#1414 = PLANE ( 'NONE',  #2206 ) ;
#1415 = FACE_BOUND ( 'NONE', #2631, .T. ) ;
#1416 = DIRECTION ( 'NONE',  ( 3.664795591843740614E-15, 0.5890970285176839738, 0.8080623063796720240 ) ) ;
#1417 = DIRECTION ( 'NONE',  ( -0.9999999999993206545, -6.866927896928497855E-07, -9.419340856174316568E-07 ) ) ;
#1418 = VERTEX_POINT ( 'NONE', #2028 ) ;
#1419 = DIRECTION ( 'NONE',  ( -1.000000000000000000, 2.842549949700360120E-14, -3.053113317719390323E-15 ) ) ;
#1420 = VERTEX_POINT ( 'NONE', #1007 ) ;
#1421 = EDGE_CURVE ( 'NONE', #797, #1121, #2658, .T. ) ;
#1422 = CARTESIAN_POINT ( 'NONE',  ( 94.46039120467008843, 79.10327791620539983, 187.0322199862199852 ) ) ;
#1423 = PRODUCT_RELATED_PRODUCT_CATEGORY ( 'part', '', ( #1215 ) ) ;
#1424 = FACE_OUTER_BOUND ( 'NONE', #228, .T. ) ;
#1425 = LINE ( 'NONE', #2276, #1817 ) ;
#1426 = ORIENTED_EDGE ( 'NONE', *, *, #10, .F. ) ;
#1427 = ORIENTED_EDGE ( 'NONE', *, *, #2349, .T. ) ;
#1428 = ADVANCED_FACE ( 'NONE', ( #1424 ), #2046, .T. ) ;
#1429 = CARTESIAN_POINT ( 'NONE',  ( 66.97076700696840135, 109.3656589428090058, 182.2577491323860102 ) ) ;
#1430 = CARTESIAN_POINT ( 'NONE',  ( 75.25294657106425689, 121.9904338613801116, 187.0345939478051491 ) ) ;
#1431 = LINE ( 'NONE', #2497, #1050 ) ;
#1432 = DIRECTION ( 'NONE',  ( 7.758053781729090430E-44, 6.661338147750930565E-15, -1.000000000000000000 ) ) ;
#1433 = ORIENTED_EDGE ( 'NONE', *, *, #27, .T. ) ;
#1434 = AXIS2_PLACEMENT_3D ( 'NONE', #2218, #2606, #358 ) ;
#1435 = PRESENTATION_LAYER_ASSIGNMENT (  '', '', ( #1000 ) ) ;
#1436 = CIRCLE ( 'NONE', #780, 3.000000000000002665 ) ;
#1437 = FACE_OUTER_BOUND ( 'NONE', #1942, .T. ) ;
#1438 = ORIENTED_EDGE ( 'NONE', *, *, #2389, .T. ) ;
#1439 = DIRECTION ( 'NONE',  ( -9.073263863045059822E-30, -6.538968091954500101E-15, 1.000000000000000000 ) ) ;
#1440 = DIRECTION ( 'NONE',  ( -0.000000000000000000, -0.000000000000000000, 1.000000000000000000 ) ) ;
#1441 = CARTESIAN_POINT ( 'NONE',  ( 73.29683974732579088, 123.5869413431939989, 187.4198049015101901 ) ) ;
#1442 = ORIENTED_EDGE ( 'NONE', *, *, #1699, .F. ) ;
#1443 = B_SPLINE_CURVE_WITH_KNOTS ( 'NONE', 1,
 ( #1641, #2311 ),
 .UNSPECIFIED., .F., .F.,
 ( 2, 2 ),
 ( -1.285663856608920051E-13, 0.9999999984268329589 ),
 .UNSPECIFIED. ) ;
#1444 = VERTEX_POINT ( 'NONE', #248 ) ;
#1445 = CARTESIAN_POINT ( 'NONE',  ( 123.2363233266000009, 126.6945319342849814, 182.8234305864299927 ) ) ;
#1446 = CARTESIAN_POINT ( 'NONE',  ( 94.70787959478190032, 104.9164587905680008, 181.2577491323860102 ) ) ;
#1447 = ADVANCED_FACE ( 'NONE', ( #2316 ), #1712, .F. ) ;
#1448 = DIRECTION ( 'NONE',  ( -0.7071067811864825137, 1.038521910870946431E-14, -0.7071067811866125208 ) ) ;
#1449 = ORIENTED_EDGE ( 'NONE', *, *, #2634, .F. ) ;
#1450 = CARTESIAN_POINT ( 'NONE',  ( 73.34706182854500867, 119.1970645378000029, 187.0344490460457791 ) ) ;
#1451 = ORIENTED_EDGE ( 'NONE', *, *, #393, .T. ) ;
#1452 = CARTESIAN_POINT ( 'NONE',  ( 73.34706182854500867, 113.1970645378000029, 183.6341124878427138 ) ) ;
#1453 = CARTESIAN_POINT ( 'NONE',  ( 73.68171921494388243, 120.0758733953409916, 189.4577491323859988 ) ) ;
#1454 = ORIENTED_EDGE ( 'NONE', *, *, #1534, .F. ) ;
#1455 = VERTEX_POINT ( 'NONE', #2343 ) ;
#1456 = DIRECTION ( 'NONE',  ( 7.352090047874198443E-07, -2.089868319577729616E-20, 0.9999999999997297717 ) ) ;
#1457 = EDGE_CURVE ( 'NONE', #2539, #204, #1702, .T. ) ;
#1458 = DIRECTION ( 'NONE',  ( 0.000000000000000000, -6.344131569286620185E-15, 1.000000000000000000 ) ) ;
#1459 = ADVANCED_FACE ( 'NONE', ( #2327 ), #31, .T. ) ;
#1460 = CARTESIAN_POINT ( 'NONE',  ( 118.0470618285449973, 82.59706453780000857, 183.6324381710254841 ) ) ;
#1461 = EDGE_CURVE ( 'NONE', #824, #1530, #2205, .T. ) ;
#1462 = DIRECTION ( 'NONE',  ( 7.758053781729090430E-44, 6.661338147750930565E-15, -1.000000000000000000 ) ) ;
#1463 = ORIENTED_EDGE ( 'NONE', *, *, #630, .F. ) ;
#1464 = DIRECTION ( 'NONE',  ( 0.9999999999995559108, -2.894749732293669510E-08, 9.418939438209618903E-07 ) ) ;
#1465 = LINE ( 'NONE', #2464, #2598 ) ;
#1466 = CARTESIAN_POINT ( 'NONE',  ( 74.22209750478192802, 123.0885653003918634, 188.4718555497477155 ) ) ;
#1467 = ORIENTED_EDGE ( 'NONE', *, *, #489, .T. ) ;
#1468 = ORIENTED_EDGE ( 'NONE', *, *, #1277, .F. ) ;
#1469 = DIRECTION ( 'NONE',  ( 1.421274974850180060E-14, 1.000000000000000000, 6.538968091954500101E-15 ) ) ;
#1470 = CARTESIAN_POINT ( 'NONE',  ( 100.4603940303570937, 82.10344619231442209, 184.0323939187398707 ) ) ;
#1471 = EDGE_CURVE ( 'NONE', #2661, #811, #1981, .T. ) ;
#1472 = VECTOR ( 'NONE', #2153, 1000.000000000000000 ) ;
#1473 = LINE ( 'NONE', #2538, #2164 ) ;
#1474 = VERTEX_POINT ( 'NONE', #1587 ) ;
#1475 = EDGE_CURVE ( 'NONE', #2305, #1176, #957, .T. ) ;
#1476 = VECTOR ( 'NONE', #939, 1000.000000000000114 ) ;
#1477 = VECTOR ( 'NONE', #1464, 1000.000000000000114 ) ;
#1478 = DIRECTION ( 'NONE',  ( 0.5773508648981597879, -0.5773508648981816593, -0.5773490777706917765 ) ) ;
#1479 = CARTESIAN_POINT ( 'NONE',  ( 80.44901330248430327, 93.20306937335540454, 187.0329975261949755 ) ) ;
#1480 = CARTESIAN_POINT ( 'NONE',  ( 94.70787959478199980, 104.9164587905680008, 187.6577544640549888 ) ) ;
#1481 = ORIENTED_EDGE ( 'NONE', *, *, #1475, .T. ) ;
#1482 = VECTOR ( 'NONE', #935, 1000.000000000000000 ) ;
#1483 = AXIS2_PLACEMENT_3D ( 'NONE', #2151, #61, #1730 ) ;
#1484 = AXIS2_PLACEMENT_3D ( 'NONE', #1069, #244, #2487 ) ;
#1485 = VERTEX_POINT ( 'NONE', #289 ) ;
#1486 = LINE ( 'NONE', #2308, #1052 ) ;
#1487 = CARTESIAN_POINT ( 'NONE',  ( 119.3470618285450087, 85.19706453780003130, 187.0325852404095315 ) ) ;
#1488 = FACE_OUTER_BOUND ( 'NONE', #1914, .T. ) ;
#1489 = CARTESIAN_POINT ( 'NONE',  ( 77.22378532760730252, 97.47313085683450140, 183.8022342136889904 ) ) ;
#1490 = ORIENTED_EDGE ( 'NONE', *, *, #2485, .F. ) ;
#1491 = CARTESIAN_POINT ( 'NONE',  ( 123.2363233266000009, 113.7057005158140157, 188.8577491323860045 ) ) ;
#1492 = DIRECTION ( 'NONE',  ( 0.2283542139984720276, 0.9735781185652951919, 6.651299053224854702E-15 ) ) ;
#1493 = DIRECTION ( 'NONE',  ( -5.828670879283040164E-16, 8.560520957292979559E-30, -1.000000000000000000 ) ) ;
#1494 = ORIENTED_EDGE ( 'NONE', *, *, #1108, .T. ) ;
#1495 = EDGE_CURVE ( 'NONE', #1176, #1595, #1577, .T. ) ;
#1496 = ORIENTED_EDGE ( 'NONE', *, *, #590, .T. ) ;
#1497 = DIRECTION ( 'NONE',  ( 7.352090047874198443E-07, -2.089868319577728412E-20, 0.9999999999997297717 ) ) ;
#1498 = PLANE ( 'NONE',  #2124 ) ;
#1499 = CARTESIAN_POINT ( 'NONE',  ( 97.46039403035680948, 82.10344619247300102, 184.0323910930530076 ) ) ;
#1500 = FACE_OUTER_BOUND ( 'NONE', #185, .T. ) ;
#1501 = EDGE_LOOP ( 'NONE', ( #1774, #396, #544, #97 ) ) ;
#1502 = CARTESIAN_POINT ( 'NONE',  ( 98.80787959478190885, 102.5493226868910028, 182.2577491323860102 ) ) ;
#1503 = DIRECTION ( 'NONE',  ( 1.000000000000000000, -1.421274974850180060E-14, 0.000000000000000000 ) ) ;
#1504 = CARTESIAN_POINT ( 'NONE',  ( 118.5251352310120012, 85.81421301700170545, 183.8326511695900081 ) ) ;
#1505 = ORIENTED_EDGE ( 'NONE', *, *, #24, .F. ) ;
#1506 = ADVANCED_FACE ( 'NONE', ( #720 ), #1386, .F. ) ;
#1507 = VERTEX_POINT ( 'NONE', #1997 ) ;
#1508 = CARTESIAN_POINT ( 'NONE',  ( 99.16039120467009127, 79.10327791604682091, 181.6577491323859874 ) ) ;
#1509 = EDGE_CURVE ( 'NONE', #569, #68, #2209, .T. ) ;
#1510 = CARTESIAN_POINT ( 'NONE',  ( 68.85403828450888852, 124.5249164269689999, 192.1162603967640337 ) ) ;
#1511 = DIRECTION ( 'NONE',  ( -0.8660254037843435615, 0.5000000000001646461, -3.979953645795797802E-15 ) ) ;
#1512 = EDGE_LOOP ( 'NONE', ( #2063, #2648, #2607, #1979 ) ) ;
#1513 = AXIS2_PLACEMENT_3D ( 'NONE', #316, #2423, #562 ) ;
#1514 = CARTESIAN_POINT ( 'NONE',  ( 97.46039120467000316, 76.10327791604680669, 187.0320545354796309 ) ) ;
#1515 = FILL_AREA_STYLE ('',( #1265 ) ) ;
#1516 = ORIENTED_EDGE ( 'NONE', *, *, #1534, .T. ) ;
#1517 = VECTOR ( 'NONE', #325, 999.9999999999998863 ) ;
#1518 = ORIENTED_EDGE ( 'NONE', *, *, #1143, .F. ) ;
#1519 = AXIS2_PLACEMENT_3D ( 'NONE', #222, #476, #889 ) ;
#1520 = DIRECTION ( 'NONE',  ( 0.7071067811865475727, -2.702652017848977114E-14, -0.7071067811865475727 ) ) ;
#1521 = VECTOR ( 'NONE', #633, 999.9999999999998863 ) ;
#1522 = AXIS2_PLACEMENT_3D ( 'NONE', #2474, #1037, #419 ) ;
#1523 = FACE_OUTER_BOUND ( 'NONE', #2168, .T. ) ;
#1524 = EDGE_CURVE ( 'NONE', #950, #2620, #1119, .T. ) ;
#1525 = DIRECTION ( 'NONE',  ( -0.000000000000000000, -0.000000000000000000, 1.000000000000000000 ) ) ;
#1526 = EDGE_LOOP ( 'NONE', ( #1728, #1226 ) ) ;
#1527 = DIRECTION ( 'NONE',  ( -2.896982209677170982E-07, -5.014133996894620380E-07, 0.9999999999998323563 ) ) ;
#1528 = CARTESIAN_POINT ( 'NONE',  ( 78.99364352837091019, 95.14631665902420821, 187.0331048771249982 ) ) ;
#1529 = ORIENTED_EDGE ( 'NONE', *, *, #1982, .T. ) ;
#1530 = VERTEX_POINT ( 'NONE', #706 ) ;
#1531 = CARTESIAN_POINT ( 'NONE',  ( 121.6706370261429981, 125.5288456338279843, 181.2577491323860102 ) ) ;
#1532 = CARTESIAN_POINT ( 'NONE',  ( 72.67442439473680338, 123.7610080394729977, 185.2820312149650022 ) ) ;
#1533 = CARTESIAN_POINT ( 'NONE',  ( 92.55904454175340845, 86.69379192040439364, 187.0326439403710026 ) ) ;
#1534 = EDGE_CURVE ( 'NONE', #557, #2405, #2361, .T. ) ;
#1535 = ADVANCED_FACE ( 'NONE', ( #931 ), #361, .T. ) ;
#1536 = CARTESIAN_POINT ( 'NONE',  ( 118.3019487698010010, 85.96212880740038997, 187.0326271537639684 ) ) ;
#1537 = EDGE_LOOP ( 'NONE', ( #1856, #229, #1897, #2049 ) ) ;
#1538 = EDGE_CURVE ( 'NONE', #2042, #275, #2651, .T. ) ;
#1539 = DIRECTION ( 'NONE',  ( -0.5000000000001392220, -0.8660254037841647046, -5.790858524128529845E-07 ) ) ;
#1540 = DIRECTION ( 'NONE',  ( -0.8660254037844146158, 0.5000000000000417444, 4.182891322009698269E-15 ) ) ;
#1541 = VERTEX_POINT ( 'NONE', #1430 ) ;
#1542 = CARTESIAN_POINT ( 'NONE',  ( 75.89012376425068851, 116.2320674711237132, 190.2577491323860954 ) ) ;
#1543 = PLANE ( 'NONE',  #1434 ) ;
#1544 = CARTESIAN_POINT ( 'NONE',  ( 74.21558633393659932, 123.0932236665709922, 192.1162603967640337 ) ) ;
#1545 = DIRECTION ( 'NONE',  ( 3.053113317719310254E-15, -2.671759798173150283E-15, -1.000000000000000000 ) ) ;
#1546 = DIRECTION ( 'NONE',  ( -0.7071067811865320296, 0.7071067811865631159, 0.000000000000000000 ) ) ;
#1547 = EDGE_CURVE ( 'NONE', #1595, #55, #174, .T. ) ;
#1548 = CARTESIAN_POINT ( 'NONE',  ( 119.3431380132479944, 85.05709259205160322, 187.0325773853870146 ) ) ;
#1549 = VERTEX_POINT ( 'NONE', #375 ) ;
#1550 = DIRECTION ( 'NONE',  ( -2.842549949700360120E-14, -1.000000000000000000, 2.671759798173060353E-15 ) ) ;
#1551 = DIRECTION ( 'NONE',  ( -2.916135938765464782E-28, -6.538968091954470124E-15, 1.000000000000000000 ) ) ;
#1552 = EDGE_LOOP ( 'NONE', ( #2347, #1481, #894, #88, #2284, #1451, #492 ) ) ;
#1553 = EDGE_CURVE ( 'NONE', #1667, #2314, #187, .T. ) ;
#1554 = CARTESIAN_POINT ( 'NONE',  ( 119.3470618285449945, 79.19706453780001709, 187.0322486875567449 ) ) ;
#1555 = CARTESIAN_POINT ( 'NONE',  ( 94.70787959478199980, 104.9164587905680008, 189.6577491323860158 ) ) ;
#1556 = DIRECTION ( 'NONE',  ( -5.828670879283040164E-16, 8.560520957292979559E-30, -1.000000000000000000 ) ) ;
#1557 = VECTOR ( 'NONE', #2021, 1000.000000000000000 ) ;
#1558 = AXIS2_PLACEMENT_3D ( 'NONE', #566, #1612, #2221 ) ;
#1559 = VECTOR ( 'NONE', #2574, 1000.000000000000114 ) ;
#1560 = ORIENTED_EDGE ( 'NONE', *, *, #393, .F. ) ;
#1561 = CARTESIAN_POINT ( 'NONE',  ( 94.79900098332178970, 86.55149293082030226, 190.2577491323860102 ) ) ;
#1562 = CARTESIAN_POINT ( 'NONE',  ( 95.76039120467009980, 79.10327791604693459, 181.6577491323859874 ) ) ;
#1563 = VECTOR ( 'NONE', #122, 1000.000000000000114 ) ;
#1564 = AXIS2_PLACEMENT_3D ( 'NONE', #2391, #525, #1360 ) ;
#1565 = DIRECTION ( 'NONE',  ( -0.7071067811865631159, -0.7071067811865320296, -4.710277376051281176E-15 ) ) ;
#1566 = CARTESIAN_POINT ( 'NONE',  ( 120.2111227903730111, 82.64943092967230598, 187.0324431520380131 ) ) ;
#1567 = ORIENTED_EDGE ( 'NONE', *, *, #2498, .F. ) ;
#1568 = CARTESIAN_POINT ( 'NONE',  ( 120.2111226349569932, 77.29008542464299580, 189.8577491323860045 ) ) ;
#1569 = ORIENTED_EDGE ( 'NONE', *, *, #1683, .T. ) ;
#1570 = EDGE_CURVE ( 'NONE', #1444, #266, #713, .T. ) ;
#1571 = CARTESIAN_POINT ( 'NONE',  ( 79.71486503685210323, 90.91673869580969836, 181.2577491323860102 ) ) ;
#1572 = DIRECTION ( 'NONE',  ( -1.000000000000000000, 4.306899664494141578E-14, 0.000000000000000000 ) ) ;
#1573 = DIRECTION ( 'NONE',  ( -1.000000000000000000, 4.625929269271495893E-14, 0.000000000000000000 ) ) ;
#1574 = ORIENTED_EDGE ( 'NONE', *, *, #485, .T. ) ;
#1575 = LINE ( 'NONE', #306, #1649 ) ;
#1576 = CARTESIAN_POINT ( 'NONE',  ( 92.00787953684219644, 101.7410322097420021, 187.4577474795690080 ) ) ;
#1577 = LINE ( 'NONE', #2403, #822 ) ;
#1578 = CARTESIAN_POINT ( 'NONE',  ( 116.2111229035450037, 86.55149231099299811, 187.0326582594370279 ) ) ;
#1579 = ORIENTED_EDGE ( 'NONE', *, *, #1461, .T. ) ;
#1580 = ORIENTED_EDGE ( 'NONE', *, *, #1658, .T. ) ;
#1581 = EDGE_LOOP ( 'NONE', ( #284, #364, #1567, #2325, #962 ) ) ;
#1582 = CARTESIAN_POINT ( 'NONE',  ( 92.00787988886570190, 107.6164587905680037, 187.6577524789900053 ) ) ;
#1583 = LINE ( 'NONE', #317, #1042 ) ;
#1584 = ADVANCED_FACE ( 'NONE', ( #1229, #2008, #1415, #1210, #1188, #1639 ), #1198, .F. ) ;
#1585 = ORIENTED_EDGE ( 'NONE', *, *, #861, .T. ) ;
#1586 = DIRECTION ( 'NONE',  ( 0.5773502691896331696, 0.5773502691896120753, -0.5773502691896320593 ) ) ;
#1587 = CARTESIAN_POINT ( 'NONE',  ( 92.00787959478199696, 104.9164587905681287, 189.4577491323859988 ) ) ;
#1588 = ADVANCED_FACE ( 'NONE', ( #144 ), #1802, .T. ) ;
#1589 = CARTESIAN_POINT ( 'NONE',  ( 66.63232978143609841, 121.7943513802520101, 182.4577491323860272 ) ) ;
#1590 = ORIENTED_EDGE ( 'NONE', *, *, #2211, .T. ) ;
#1591 = DIRECTION ( 'NONE',  ( 0.000000000000000000, 6.287741146789820161E-15, -1.000000000000000000 ) ) ;
#1592 = ORIENTED_EDGE ( 'NONE', *, *, #2306, .F. ) ;
#1593 = CARTESIAN_POINT ( 'NONE',  ( 116.3470618285449945, 119.1970645378000029, 190.2577491323860102 ) ) ;
#1594 = DIRECTION ( 'NONE',  ( -0.7525928029632338312, 1.543966779794009947E-14, -0.6584861979783199759 ) ) ;
#1595 = VERTEX_POINT ( 'NONE', #2035 ) ;
#1596 = AXIS2_PLACEMENT_3D ( 'NONE', #2535, #1916, #2331 ) ;
#1597 = DIRECTION ( 'NONE',  ( 1.054711873393904038E-15, -6.538968091954519823E-15, 1.000000000000000000 ) ) ;
#1598 = DIRECTION ( 'NONE',  ( 1.787323579971820041E-28, 6.287747309982089856E-15, -1.000000000000000000 ) ) ;
#1599 = VECTOR ( 'NONE', #787, 999.9999999999998863 ) ;
#1600 = AXIS2_PLACEMENT_3D ( 'NONE', #2038, #1539, #2354 ) ;
#1601 = LINE ( 'NONE', #1150, #652 ) ;
#1602 = ADVANCED_FACE ( 'NONE', ( #2265, #350 ), #790, .T. ) ;
#1603 = CARTESIAN_POINT ( 'NONE',  ( 99.80787959478229254, 107.8609451634349909, 181.2577491323860102 ) ) ;
#1604 = VERTEX_POINT ( 'NONE', #774 ) ;
#1605 = CARTESIAN_POINT ( 'NONE',  ( 97.88287959478191169, 101.7843335802140103, 182.0577491323860215 ) ) ;
#1606 = ORIENTED_EDGE ( 'NONE', *, *, #2687, .T. ) ;
#1607 = CARTESIAN_POINT ( 'NONE',  ( 97.46039120467000316, 76.10327791604680669, 187.0320545354800004 ) ) ;
#1608 = CARTESIAN_POINT ( 'NONE',  ( 89.41122914772179797, 87.35858999495719956, 190.2577491323860102 ) ) ;
#1609 = CARTESIAN_POINT ( 'NONE',  ( 103.1486686325870039, 127.0945319342849871, 189.8577491323860045 ) ) ;
#1610 = ORIENTED_EDGE ( 'NONE', *, *, #1323, .F. ) ;
#1611 = DIRECTION ( 'NONE',  ( -1.000000000000000000, 1.321694076934707365E-14, 0.000000000000000000 ) ) ;
#1612 = DIRECTION ( 'NONE',  ( -7.352090047874198443E-07, 2.089868319577729616E-20, -0.9999999999997297717 ) ) ;
#1613 = CARTESIAN_POINT ( 'NONE',  ( 96.81807685423339649, 125.6945319342849814, 190.2577491323860102 ) ) ;
#1614 = PLANE ( 'NONE',  #558 ) ;
#1615 = EDGE_LOOP ( 'NONE', ( #2318, #2006, #709, #1065, #2395, #315, #123, #1252, #2680, #441, #737, #1674 ) ) ;
#1616 = EDGE_CURVE ( 'NONE', #1595, #2401, #39, .T. ) ;
#1617 = DIRECTION ( 'NONE',  ( -5.828670879283040164E-16, 8.560520957292979559E-30, -1.000000000000000000 ) ) ;
#1618 = ORIENTED_EDGE ( 'NONE', *, *, #373, .T. ) ;
#1619 = EDGE_CURVE ( 'NONE', #940, #48, #2584, .T. ) ;
#1620 = CARTESIAN_POINT ( 'NONE',  ( -147.5577322675680705, -179.1611487645700720, 183.6175054201432602 ) ) ;
#1621 = CARTESIAN_POINT ( 'NONE',  ( 79.34706182854500867, 113.1970645378000029, 183.6341181392161559 ) ) ;
#1622 = DIRECTION ( 'NONE',  ( -0.9996294609892446559, -0.02722022634645378941, -4.595777315304737555E-16 ) ) ;
#1623 = ORIENTED_EDGE ( 'NONE', *, *, #202, .F. ) ;
#1624 = ORIENTED_EDGE ( 'NONE', *, *, #1388, .T. ) ;
#1625 = CARTESIAN_POINT ( 'NONE',  ( 97.40787988886559390, 104.9164587905680008, 187.6577524789900053 ) ) ;
#1626 = CARTESIAN_POINT ( 'NONE',  ( 113.3470618285450087, 73.19706453779998867, 187.0319064833305447 ) ) ;
#1627 = LINE ( 'NONE', #2266, #169 ) ;
#1628 = CARTESIAN_POINT ( 'NONE',  ( 98.80787959478190885, 102.5493226868910028, 181.8577491323860045 ) ) ;
#1629 = ORIENTED_EDGE ( 'NONE', *, *, #2634, .T. ) ;
#1630 = DIRECTION ( 'NONE',  ( 1.387778778598240461E-14, 0.9999999984268357345, 5.609214203729893938E-05 ) ) ;
#1631 = ORIENTED_EDGE ( 'NONE', *, *, #895, .F. ) ;
#1632 = LINE ( 'NONE', #1031, #1907 ) ;
#1633 = DIRECTION ( 'NONE',  ( 7.758053781729090430E-44, 6.661338147750930565E-15, -1.000000000000000000 ) ) ;
#1634 = FACE_OUTER_BOUND ( 'NONE', #1758, .T. ) ;
#1635 = ORIENTED_EDGE ( 'NONE', *, *, #968, .F. ) ;
#1636 = EDGE_CURVE ( 'NONE', #597, #1474, #1947, .T. ) ;
#1637 = VERTEX_POINT ( 'NONE', #1185 ) ;
#1638 = DIRECTION ( 'NONE',  ( 0.4842009716429981903, 0.8749568098254774107, 0.000000000000000000 ) ) ;
#1639 = FACE_OUTER_BOUND ( 'NONE', #536, .T. ) ;
#1640 = VECTOR ( 'NONE', #2051, 1000.000000000000000 ) ;
#1641 = CARTESIAN_POINT ( 'NONE',  ( 97.46039120467008843, 82.10327791604680669, 187.0323910883323890 ) ) ;
#1642 = CARTESIAN_POINT ( 'NONE',  ( 75.89011953334680527, -29.66134703752529944, 187.0261016541610104 ) ) ;
#1643 = VERTEX_POINT ( 'NONE', #716 ) ;
#1644 = VECTOR ( 'NONE', #2202, 1000.000000000000000 ) ;
#1645 = VECTOR ( 'NONE', #2270, 1000.000000000000000 ) ;
#1646 = AXIS2_PLACEMENT_3D ( 'NONE', #1620, #2683, #1399 ) ;
#1647 = DIRECTION ( 'NONE',  ( -2.896982209677172570E-07, -5.014133996894620380E-07, 0.9999999999998323563 ) ) ;
#1648 = ORIENTED_EDGE ( 'NONE', *, *, #1067, .F. ) ;
#1649 = VECTOR ( 'NONE', #319, 1000.000000000000000 ) ;
#1650 = DIRECTION ( 'NONE',  ( -1.158171704824800279E-06, 3.292160921294110599E-20, 0.9999999999993293143 ) ) ;
#1651 = CARTESIAN_POINT ( 'NONE',  ( 79.34706182854500867, 119.1970645378000029, 183.6344546920689424 ) ) ;
#1652 = CARTESIAN_POINT ( 'NONE',  ( 97.60787959478199127, 104.9164587905678729, 189.6577491323860158 ) ) ;
#1653 = EDGE_LOOP ( 'NONE', ( #1844, #1076, #1144, #1494 ) ) ;
#1654 = EDGE_CURVE ( 'NONE', #1219, #1359, #2005, .T. ) ;
#1655 = EDGE_CURVE ( 'NONE', #981, #11, #113, .T. ) ;
#1656 = ORIENTED_EDGE ( 'NONE', *, *, #1283, .T. ) ;
#1657 = CARTESIAN_POINT ( 'NONE',  ( 90.60787959478190601, 102.5493226868910028, 181.8577491323860045 ) ) ;
#1658 = EDGE_CURVE ( 'NONE', #1444, #1455, #1966, .T. ) ;
#1659 = CARTESIAN_POINT ( 'NONE',  ( 113.3470618285449945, 79.19706453780001709, 187.0322430361833312 ) ) ;
#1660 = FACE_OUTER_BOUND ( 'NONE', #2656, .T. ) ;
#1661 = CARTESIAN_POINT ( 'NONE',  ( 91.18513783153909458, 86.82436748864110143, 183.8022342136889904 ) ) ;
#1662 = ORIENTED_EDGE ( 'NONE', *, *, #178, .F. ) ;
#1663 = DIRECTION ( 'NONE',  ( 1.421274974850180060E-14, 1.000000000000000000, 6.538968091954500101E-15 ) ) ;
#1664 = DIRECTION ( 'NONE',  ( -0.8660254037844582475, -0.4999999999999660827, -2.356076769944820370E-15 ) ) ;
#1665 = CARTESIAN_POINT ( 'NONE',  ( 75.11606265801343341, 122.2059670648365142, 189.6795807617601213 ) ) ;
#1666 = VERTEX_POINT ( 'NONE', #329 ) ;
#1667 = VERTEX_POINT ( 'NONE', #970 ) ;
#1668 = CYLINDRICAL_SURFACE ( 'NONE', #217, 1.699999999999993072 ) ;
#1669 = EDGE_CURVE ( 'NONE', #1924, #2674, #291, .T. ) ;
#1670 = LINE ( 'NONE', #819, #2161 ) ;
#1671 = LINE ( 'NONE', #2499, #2255 ) ;
#1672 = ADVANCED_FACE ( 'NONE', ( #523 ), #2294, .F. ) ;
#1673 = CARTESIAN_POINT ( 'NONE',  ( 75.89012333721879600, 101.5068134355520186, 190.8577491323860045 ) ) ;
#1674 = ORIENTED_EDGE ( 'NONE', *, *, #2019, .F. ) ;
#1675 = DIRECTION ( 'NONE',  ( 1.787323579971820041E-28, 6.287747309982089856E-15, -1.000000000000000000 ) ) ;
#1676 = CARTESIAN_POINT ( 'NONE',  ( 77.97750081648250386, 96.90390843772880203, 187.0332027477529948 ) ) ;
#1677 = SURFACE_STYLE_FILL_AREA ( #1515 ) ;
#1678 = ORIENTED_EDGE ( 'NONE', *, *, #1096, .F. ) ;
#1679 = ORIENTED_EDGE ( 'NONE', *, *, #1799, .T. ) ;
#1680 = DIRECTION ( 'NONE',  ( 0.000000000000000000, -0.7559289460184936971, 0.6546536707079317896 ) ) ;
#1681 = DIRECTION ( 'NONE',  ( 9.467593208413250126E-29, 6.661338147750930565E-15, -1.000000000000000000 ) ) ;
#1682 = CARTESIAN_POINT ( 'NONE',  ( 94.46039120467011685, 82.10327791620541404, 187.0323882626458385 ) ) ;
#1683 = EDGE_CURVE ( 'NONE', #275, #2661, #769, .T. ) ;
#1684 = VECTOR ( 'NONE', #602, 1000.000000000000000 ) ;
#1685 = LINE ( 'NONE', #1286, #168 ) ;
#1686 = ORIENTED_EDGE ( 'NONE', *, *, #2519, .F. ) ;
#1687 = AXIS2_PLACEMENT_3D ( 'NONE', #2167, #1369, #1341 ) ;
#1688 = AXIS2_PLACEMENT_3D ( 'NONE', #2342, #2096, #892 ) ;
#1689 = CARTESIAN_POINT ( 'NONE',  ( 92.00787953684229592, 102.2164586902850090, 187.4577474795690080 ) ) ;
#1690 = CARTESIAN_POINT ( 'NONE',  ( 80.98634384017400123, 92.60318544886320069, 187.0329644861369900 ) ) ;
#1691 = CARTESIAN_POINT ( 'NONE',  ( 120.2111228243550016, 83.82336419708440189, 190.8577491323860045 ) ) ;
#1692 = ORIENTED_EDGE ( 'NONE', *, *, #2547, .F. ) ;
#1693 = AXIS2_PLACEMENT_3D ( 'NONE', #2610, #2194, #1971 ) ;
#1694 = VECTOR ( 'NONE', #1708, 1000.000000000000114 ) ;
#1695 = VERTEX_POINT ( 'NONE', #2388 ) ;
#1696 = CARTESIAN_POINT ( 'NONE',  ( 73.34706182854500867, 119.1970645378000029, 171.7469644756049547 ) ) ;
#1697 = DIRECTION ( 'NONE',  ( 0.5773508648980750779, 0.5773508648982160762, 0.5773490777707421806 ) ) ;
#1698 = CARTESIAN_POINT ( 'NONE',  ( 100.4603912046700032, 79.10327791588831303, 187.0322256375930010 ) ) ;
#1699 = EDGE_CURVE ( 'NONE', #2494, #1530, #1194, .T. ) ;
#1700 = DIRECTION ( 'NONE',  ( 2.842549949700360120E-14, 1.000000000000000000, 0.000000000000000000 ) ) ;
#1701 = ORIENTED_EDGE ( 'NONE', *, *, #2614, .F. ) ;
#1702 = LINE ( 'NONE', #1315, #2077 ) ;
#1703 = ORIENTED_EDGE ( 'NONE', *, *, #485, .F. ) ;
#1704 = EDGE_CURVE ( 'NONE', #777, #2539, #1583, .T. ) ;
#1705 = ORIENTED_EDGE ( 'NONE', *, *, #694, .T. ) ;
#1706 = LINE ( 'NONE', #886, #336 ) ;
#1707 = DIRECTION ( 'NONE',  ( -1.000000000000000000, 4.306899664494141578E-14, 0.000000000000000000 ) ) ;
#1708 = DIRECTION ( 'NONE',  ( 0.3644066555433130294, 0.6584870817822809919, 0.6584850435063751561 ) ) ;
#1709 = CARTESIAN_POINT ( 'NONE',  ( 92.00787953684240961, 107.6164586902850147, 187.4577474795690080 ) ) ;
#1710 = ORIENTED_EDGE ( 'NONE', *, *, #1159, .T. ) ;
#1711 = LINE ( 'NONE', #1881, #1818 ) ;
#1712 = PLANE ( 'NONE',  #2688 ) ;
#1713 = ORIENTED_EDGE ( 'NONE', *, *, #1814, .T. ) ;
#1714 = ORIENTED_EDGE ( 'NONE', *, *, #880, .F. ) ;
#1715 = EDGE_CURVE ( 'NONE', #569, #2305, #303, .T. ) ;
#1716 = CYLINDRICAL_SURFACE ( 'NONE', #510, 2.699999999999993960 ) ;
#1717 = CYLINDRICAL_SURFACE ( 'NONE', #964, 1.699999999999993072 ) ;
#1718 = LINE ( 'NONE', #1576, #391 ) ;
#1719 = CARTESIAN_POINT ( 'NONE',  ( 118.2368090981419897, 86.00024394409949480, 187.0326292341609928 ) ) ;
#1720 = VERTEX_POINT ( 'NONE', #1978 ) ;
#1721 = VECTOR ( 'NONE', #369, 1000.000000000000114 ) ;
#1722 = DIRECTION ( 'NONE',  ( 1.000000000000000000, -2.842549949700360120E-14, 3.053113317719390323E-15 ) ) ;
#1723 = CARTESIAN_POINT ( 'NONE',  ( 79.47265256779070342, 94.44663360175100308, 187.0330661367260063 ) ) ;
#1724 = DIRECTION ( 'NONE',  ( -0.000000000000000000, -0.000000000000000000, 1.000000000000000000 ) ) ;
#1725 = ORIENTED_EDGE ( 'NONE', *, *, #2333, .T. ) ;
#1726 = CIRCLE ( 'NONE', #1771, 2.700000000000737810 ) ;
#1727 = VECTOR ( 'NONE', #2433, 1000.000000000000000 ) ;
#1728 = ORIENTED_EDGE ( 'NONE', *, *, #53, .T. ) ;
#1729 = VECTOR ( 'NONE', #1525, 1000.000000000000000 ) ;
#1730 = DIRECTION ( 'NONE',  ( -1.000000000000000000, 1.632680918566413341E-14, 0.000000000000000000 ) ) ;
#1731 = VECTOR ( 'NONE', #1898, 1000.000000000000000 ) ;
#1732 = ADVANCED_FACE ( 'NONE', ( #953 ), #926, .F. ) ;
#1733 = ADVANCED_FACE ( 'NONE', ( #1991 ), #1382, .T. ) ;
#1734 = VECTOR ( 'NONE', #1356, 1000.000000000000227 ) ;
#1735 = DIRECTION ( 'NONE',  ( 0.000000000000000000, -1.000000000000000000, -6.538968091954519823E-15 ) ) ;
#1736 = CARTESIAN_POINT ( 'NONE',  ( 67.26276567555579788, 98.64236561032730322, 187.7054644067270033 ) ) ;
#1737 = ADVANCED_FACE ( 'NONE', ( #980 ), #1543, .T. ) ;
#1738 = LINE ( 'NONE', #1135, #831 ) ;
#1739 = ORIENTED_EDGE ( 'NONE', *, *, #1191, .F. ) ;
#1740 = CARTESIAN_POINT ( 'NONE',  ( 97.40787988886570758, 107.6164587905680037, 187.6577524789900053 ) ) ;
#1741 = CARTESIAN_POINT ( 'NONE',  ( 96.74537959478229254, 109.6290803628290007, 181.2577491323860102 ) ) ;
#1742 = VERTEX_POINT ( 'NONE', #85 ) ;
#1743 = CARTESIAN_POINT ( 'NONE',  ( 78.04706182854498309, 115.7970645378000256, 183.6342627543214405 ) ) ;
#1744 = LINE ( 'NONE', #2188, #2561 ) ;
#1745 = DIRECTION ( 'NONE',  ( 1.787323579971820041E-28, 6.287747309982089856E-15, -1.000000000000000000 ) ) ;
#1746 = EDGE_CURVE ( 'NONE', #1666, #569, #2399, .T. ) ;
#1747 = ORIENTED_EDGE ( 'NONE', *, *, #992, .F. ) ;
#1748 = CARTESIAN_POINT ( 'NONE',  ( 122.8363233265999952, 127.0945319342849871, 182.8234305864299927 ) ) ;
#1749 = DIRECTION ( 'NONE',  ( 0.000000000000000000, -1.000000000000000000, 2.671759798173150283E-15 ) ) ;
#1750 = CARTESIAN_POINT ( 'NONE',  ( 87.98298248250620190, 87.85089627509970001, 187.0327045578289926 ) ) ;
#1751 = ADVANCED_FACE ( 'NONE', ( #2370 ), #129, .F. ) ;
#1752 = CARTESIAN_POINT ( 'NONE',  ( 119.7309645663069944, 84.43376506546950111, 187.0325427870470207 ) ) ;
#1753 = ORIENTED_EDGE ( 'NONE', *, *, #1078, .F. ) ;
#1754 = CARTESIAN_POINT ( 'NONE',  ( 76.34706182854500867, 119.1970645378000029, 190.2577491323854417 ) ) ;
#1755 = CARTESIAN_POINT ( 'NONE',  ( 73.85143917804245461, 123.3600212235461129, 187.0346610762839532 ) ) ;
#1756 = B_SPLINE_CURVE_WITH_KNOTS ( 'NONE', 3,
 ( #2492, #1665, #1238, #1224, #415, #991, #622, #1033, #2452, #1466, #2242, #383, #2230, #2073, #208, #588, #2287, #2441, #427, #2047, #1020, #1441, #151, #576 ),
 .UNSPECIFIED., .F., .F.,
 ( 4, 2, 2, 1, 1, 2, 2, 1, 1, 1, 1, 2, 2, 2, 4 ),
 ( 0.1242826819381623177, 0.3432120114537694500, 0.4526766762115698728, 0.4800428424010169670, 0.4937259254957455101, 0.4971466962694257585, 0.5005674670431060624, 0.5074090085904520153, 0.5621413409693010177, 0.6716060057269954697, 0.7263383381058391430, 0.7400214212005508108, 0.7537045042952624785, 0.7810706704846760440, 1.000000000000000000 ),
 .UNSPECIFIED. ) ;
#1757 = ORIENTED_EDGE ( 'NONE', *, *, #2016, .T. ) ;
#1758 = EDGE_LOOP ( 'NONE', ( #2588, #760, #34, #158 ) ) ;
#1759 = CARTESIAN_POINT ( 'NONE',  ( 99.56039120467009695, 79.10327791604687775, 181.2577491323860102 ) ) ;
#1760 = FACE_OUTER_BOUND ( 'NONE', #2420, .T. ) ;
#1761 = ORIENTED_EDGE ( 'NONE', *, *, #272, .F. ) ;
#1762 = PLANE ( 'NONE',  #2166 ) ;
#1763 = CARTESIAN_POINT ( 'NONE',  ( 93.46507196606050627, 86.60405436478539798, 187.0326397619579950 ) ) ;
#1764 = CARTESIAN_POINT ( 'NONE',  ( 118.1020198779700081, 86.07642957224250324, 187.0326333879460208 ) ) ;
#1765 = ORIENTED_EDGE ( 'NONE', *, *, #2621, .T. ) ;
#1766 = EDGE_CURVE ( 'NONE', #543, #678, #1142, .T. ) ;
#1767 = FACE_OUTER_BOUND ( 'NONE', #1328, .T. ) ;
#1768 = ORIENTED_EDGE ( 'NONE', *, *, #1233, .F. ) ;
#1769 = DIRECTION ( 'NONE',  ( -0.4269618632346720011, -0.5972493491296618773, 0.6789674383262959134 ) ) ;
#1770 = DIRECTION ( 'NONE',  ( 1.000000000000000000, 0.000000000000000000, 0.000000000000000000 ) ) ;
#1771 = AXIS2_PLACEMENT_3D ( 'NONE', #1480, #1113, #47 ) ;
#1772 = VECTOR ( 'NONE', #234, 1000.000000000000000 ) ;
#1773 = AXIS2_PLACEMENT_3D ( 'NONE', #948, #2557, #2022 ) ;
#1774 = ORIENTED_EDGE ( 'NONE', *, *, #261, .F. ) ;
#1775 = CARTESIAN_POINT ( 'NONE',  ( 91.18441677521759914, 107.6164587905680037, 187.2577474795689909 ) ) ;
#1776 = CARTESIAN_POINT ( 'NONE',  ( 94.70787959478199980, 104.9164587905680008, 187.2577474795689909 ) ) ;
#1777 = VECTOR ( 'NONE', #157, 1000.000000000000000 ) ;
#1778 = VECTOR ( 'NONE', #1790, 1000.000000000000114 ) ;
#1779 = CARTESIAN_POINT ( 'NONE',  ( 89.30460676189228764, 87.39096316013379351, 187.0326800298870182 ) ) ;
#1780 = CIRCLE ( 'NONE', #1825, 1.699999999999993072 ) ;
#1781 = CARTESIAN_POINT ( 'NONE',  ( 118.5943641441050005, 85.76511394265999400, 187.0326163655749951 ) ) ;
#1782 = ADVANCED_FACE ( 'NONE', ( #1760 ), #2591, .F. ) ;
#1783 = LINE ( 'NONE', #502, #959 ) ;
#1784 = ORIENTED_EDGE ( 'NONE', *, *, #333, .F. ) ;
#1785 = EDGE_LOOP ( 'NONE', ( #671, #782, #1892, #1282, #2619, #2214 ) ) ;
#1786 = LINE ( 'NONE', #522, #1734 ) ;
#1787 = CARTESIAN_POINT ( 'NONE',  ( 76.34706182854500867, 119.1970645378000029, 171.7469644756049547 ) ) ;
#1788 = ADVANCED_FACE ( 'NONE', ( #2260 ), #2685, .T. ) ;
#1789 = ORIENTED_EDGE ( 'NONE', *, *, #2485, .T. ) ;
#1790 = DIRECTION ( 'NONE',  ( -0.02722022634645378941, 0.9996294609892446559, 6.565254645110438051E-15 ) ) ;
#1791 = CARTESIAN_POINT ( 'NONE',  ( 94.89012290348159695, 86.55149292818259710, 187.0326406287720147 ) ) ;
#1792 = DIRECTION ( 'NONE',  ( -2.842549949700360120E-14, -1.000000000000000000, 0.000000000000000000 ) ) ;
#1793 = ORIENTED_EDGE ( 'NONE', *, *, #1126, .F. ) ;
#1794 = LINE ( 'NONE', #1568, #600 ) ;
#1795 = EDGE_LOOP ( 'NONE', ( #1149, #623, #2289, #2118 ) ) ;
#1796 = CARTESIAN_POINT ( 'NONE',  ( 97.46039403035671000, 76.10344619247300102, 184.0320545402006474 ) ) ;
#1797 = CARTESIAN_POINT ( 'NONE',  ( 122.2363233266000009, 126.2803183719120028, 189.8577491323860045 ) ) ;
#1798 = CARTESIAN_POINT ( 'NONE',  ( 97.46039120467008843, 79.10327791604680669, 184.0322228072309940 ) ) ;
#1799 = EDGE_CURVE ( 'NONE', #2493, #1359, #2018, .T. ) ;
#1800 = VERTEX_POINT ( 'NONE', #401 ) ;
#1801 = CARTESIAN_POINT ( 'NONE',  ( 114.6470618285450058, 79.19706453780001709, 183.6322442552973087 ) ) ;
#1802 = PLANE ( 'NONE',  #2336 ) ;
#1803 = FACE_OUTER_BOUND ( 'NONE', #2554, .T. ) ;
#1804 = DIRECTION ( 'NONE',  ( -0.000000000000000000, -0.000000000000000000, 1.000000000000000000 ) ) ;
#1805 = ORIENTED_EDGE ( 'NONE', *, *, #656, .T. ) ;
#1806 = FACE_OUTER_BOUND ( 'NONE', #1015, .T. ) ;
#1807 = ORIENTED_EDGE ( 'NONE', *, *, #630, .T. ) ;
#1808 = CARTESIAN_POINT ( 'NONE',  ( 79.34706182854500867, 119.1970645378000029, 190.2577491323854417 ) ) ;
#1809 = LINE ( 'NONE', #575, #2421 ) ;
#1810 = CARTESIAN_POINT ( 'NONE',  ( 76.34706182854500867, 119.1970645378000029, 171.7469644756049547 ) ) ;
#1811 = ORIENTED_EDGE ( 'NONE', *, *, #1143, .T. ) ;
#1812 = VECTOR ( 'NONE', #2604, 1000.000000000000000 ) ;
#1813 = CARTESIAN_POINT ( 'NONE',  ( 118.0470618285449973, 79.19706453780001709, 181.2577491323860102 ) ) ;
#1814 = EDGE_CURVE ( 'NONE', #1896, #379, #1425, .T. ) ;
#1815 = ADVANCED_FACE ( 'NONE', ( #183 ), #603, .T. ) ;
#1816 = CARTESIAN_POINT ( 'NONE',  ( 94.70787959478199980, 104.9164587905680008, 189.4577491323859988 ) ) ;
#1817 = VECTOR ( 'NONE', #800, 1000.000000000000000 ) ;
#1818 = VECTOR ( 'NONE', #30, 1000.000000000000000 ) ;
#1819 = CARTESIAN_POINT ( 'NONE',  ( 121.8363233265999952, 109.3110796531909870, 190.2577491323860102 ) ) ;
#1820 = VECTOR ( 'NONE', #2338, 1000.000000000000000 ) ;
#1821 = AXIS2_PLACEMENT_3D ( 'NONE', #495, #1917, #1707 ) ;
#1822 = CARTESIAN_POINT ( 'NONE',  ( 94.89012290348159695, 86.55149292818259710, 190.2577491323860102 ) ) ;
#1823 = EDGE_LOOP ( 'NONE', ( #1454, #1103, #572, #514 ) ) ;
#1824 = ADVANCED_FACE ( 'NONE', ( #1872 ), #7, .T. ) ;
#1825 = AXIS2_PLACEMENT_3D ( 'NONE', #2066, #201, #1038 ) ;
#1826 = CARTESIAN_POINT ( 'NONE',  ( 90.07572812936200535, 107.6164587905680037, 187.6577524789900053 ) ) ;
#1827 = ORIENTED_EDGE ( 'NONE', *, *, #861, .F. ) ;
#1828 = CARTESIAN_POINT ( 'NONE',  ( -26.33380111394669854, 86.55149643731179765, 187.0325239972370071 ) ) ;
#1829 = CARTESIAN_POINT ( 'NONE',  ( 82.04966631932920507, 90.97294693863049986, 190.2577491323860102 ) ) ;
#1830 = CARTESIAN_POINT ( 'NONE',  ( 118.5251352310120012, 85.81421301700170545, 190.8577491323860045 ) ) ;
#1831 = ORIENTED_EDGE ( 'NONE', *, *, #405, .F. ) ;
#1832 = ORIENTED_EDGE ( 'NONE', *, *, #521, .T. ) ;
#1833 = DIRECTION ( 'NONE',  ( -0.8660254037844582475, -0.4999999999999660827, -1.308193794691090323E-15 ) ) ;
#1834 = DIRECTION ( 'NONE',  ( 0.000000000000000000, -1.000000000000000000, -6.538968091954519823E-15 ) ) ;
#1835 = CARTESIAN_POINT ( 'NONE',  ( 121.8363233265990004, 76.78169513041279970, 190.2577491323860102 ) ) ;
#1836 = CARTESIAN_POINT ( 'NONE',  ( 92.00787974182169648, 106.2664586902860009, 187.4577495102929845 ) ) ;
#1837 = ORIENTED_EDGE ( 'NONE', *, *, #1471, .F. ) ;
#1838 = EDGE_CURVE ( 'NONE', #266, #1219, #1756, .T. ) ;
#1839 = DIRECTION ( 'NONE',  ( -0.7071067811865320296, 0.000000000000000000, 0.7071067811865631159 ) ) ;
#1840 = ORIENTED_EDGE ( 'NONE', *, *, #863, .T. ) ;
#1841 = CARTESIAN_POINT ( 'NONE',  ( 98.23134241434260616, 107.6164587905680037, 187.2577501222710055 ) ) ;
#1842 = CARTESIAN_POINT ( 'NONE',  ( 97.40787959478198843, 104.9164587905678729, 190.2577474795689909 ) ) ;
#1843 = LINE ( 'NONE', #1855, #338 ) ;
#1844 = ORIENTED_EDGE ( 'NONE', *, *, #405, .T. ) ;
#1845 = ORIENTED_EDGE ( 'NONE', *, *, #812, .F. ) ;
#1846 = DIRECTION ( 'NONE',  ( 1.000000000000000000, 0.000000000000000000, 0.000000000000000000 ) ) ;
#1847 = CARTESIAN_POINT ( 'NONE',  ( 75.73499692400871197, 122.1339636767959433, 190.2577491323854417 ) ) ;
#1848 = FACE_OUTER_BOUND ( 'NONE', #1537, .T. ) ;
#1849 = EDGE_LOOP ( 'NONE', ( #477, #2577 ) ) ;
#1850 = EDGE_CURVE ( 'NONE', #1168, #318, #1843, .T. ) ;
#1851 = DIRECTION ( 'NONE',  ( -0.3535533905932639054, 0.6123724356958374360, -0.7071067811865152652 ) ) ;
#1852 = ORIENTED_EDGE ( 'NONE', *, *, #2016, .F. ) ;
#1853 = EDGE_CURVE ( 'NONE', #597, #2390, #2061, .T. ) ;
#1854 = FACE_OUTER_BOUND ( 'NONE', #77, .T. ) ;
#1855 = CARTESIAN_POINT ( 'NONE',  ( 75.89012376425066009, 116.2320674711237132, 171.7469644756049547 ) ) ;
#1856 = ORIENTED_EDGE ( 'NONE', *, *, #1921, .T. ) ;
#1857 = VERTEX_POINT ( 'NONE', #1412 ) ;
#1858 = DIRECTION ( 'NONE',  ( 0.7071067811865540120, -1.467368040625658735E-14, 0.7071067811865410224 ) ) ;
#1859 = VECTOR ( 'NONE', #1368, 1000.000000000000114 ) ;
#1860 = LINE ( 'NONE', #2694, #1391 ) ;
#1861 = DIRECTION ( 'NONE',  ( 1.632680915997924832E-14, 0.9999999984268357345, 5.609214263975802135E-05 ) ) ;
#1862 = CIRCLE ( 'NONE', #688, 3.000000000000002665 ) ;
#1863 = VECTOR ( 'NONE', #1416, 1000.000000000000114 ) ;
#1864 = PRODUCT_DEFINITION_SHAPE ( 'NONE', 'NONE',  #908 ) ;
#1865 = CIRCLE ( 'NONE', #916, 3.000000004719495461 ) ;
#1866 = VECTOR ( 'NONE', #1550, 1000.000000000000000 ) ;
#1867 = ORIENTED_EDGE ( 'NONE', *, *, #1853, .T. ) ;
#1868 = AXIS2_PLACEMENT_3D ( 'NONE', #231, #23, #625 ) ;
#1869 = ADVANCED_FACE ( 'NONE', ( #1634 ), #1887, .F. ) ;
#1870 = CARTESIAN_POINT ( 'NONE',  ( 94.46039403035680948, 79.10344619263150889, 184.0322199909400069 ) ) ;
#1871 = DIRECTION ( 'NONE',  ( 1.000000000000000000, 0.000000000000000000, 0.000000000000000000 ) ) ;
#1872 = FACE_OUTER_BOUND ( 'NONE', #834, .T. ) ;
#1873 = VERTEX_POINT ( 'NONE', #1280 ) ;
#1874 = ORIENTED_EDGE ( 'NONE', *, *, #1838, .T. ) ;
#1875 = ADVANCED_FACE ( 'NONE', ( #2559 ), #660, .F. ) ;
#1876 = LINE ( 'NONE', #2676, #42 ) ;
#1877 = LINE ( 'NONE', #1889, #128 ) ;
#1878 = CARTESIAN_POINT ( 'NONE',  ( 94.70787959478178664, 99.02748604483380745, 181.2577491323860102 ) ) ;
#1879 = CARTESIAN_POINT ( 'NONE',  ( 85.53222307069390240, 88.52677433690779196, 183.8022342136889904 ) ) ;
#1880 = VERTEX_POINT ( 'NONE', #2533 ) ;
#1881 = CARTESIAN_POINT ( 'NONE',  ( 95.56039120467009695, 79.10327791604693459, 181.4577491323860272 ) ) ;
#1882 = CARTESIAN_POINT ( 'NONE',  ( 76.02551039926460419, 102.9750871640110006, 187.0335416434039928 ) ) ;
#1883 = CARTESIAN_POINT ( 'NONE',  ( 113.3470618285449945, 79.19706453780001709, 183.6322430308330524 ) ) ;
#1884 = VERTEX_POINT ( 'NONE', #1086 ) ;
#1885 = ORIENTED_EDGE ( 'NONE', *, *, #1699, .T. ) ;
#1886 = LINE ( 'NONE', #1657, #1093 ) ;
#1887 = B_SPLINE_SURFACE_WITH_KNOTS ( 'NONE', 3, 1, ( 
 ( #2465, #2481 ),
 ( #370, #1206 ),
 ( #164, #1008 ),
 ( #1830, #1504 ),
 ( #2109, #1910 ),
 ( #1691, #480 ),
 ( #1300, #227 ) ),
 .UNSPECIFIED., .F., .F., .F.,
 ( 4, 3, 4 ),
 ( 2, 2 ),
 ( -3.141592653589790007, -2.524700331128349795, -1.570796326847780033 ),
 ( -0.09999999999999789613, 0.6025097962795520345 ),
 .UNSPECIFIED. ) ;
#1888 = EDGE_CURVE ( 'NONE', #2030, #619, #1726, .T. ) ;
#1889 = CARTESIAN_POINT ( 'NONE',  ( 99.16039120467009127, 79.10327791604677827, 189.8577491323860045 ) ) ;
#1890 = LINE ( 'NONE', #1056, #2123 ) ;
#1891 = DIRECTION ( 'NONE',  ( -9.418955660663406193E-07, -5.609214204051082056E-05, 0.9999999984263923114 ) ) ;
#1892 = ORIENTED_EDGE ( 'NONE', *, *, #1715, .T. ) ;
#1893 = CARTESIAN_POINT ( 'NONE',  ( 92.00787988886548874, 102.2164587905679980, 187.6577524789900053 ) ) ;
#1894 = CARTESIAN_POINT ( 'NONE',  ( 78.74065280567720038, 95.54233300508289517, 187.0331268574769865 ) ) ;
#1895 = FACE_OUTER_BOUND ( 'NONE', #1653, .T. ) ;
#1896 = VERTEX_POINT ( 'NONE', #249 ) ;
#1897 = ORIENTED_EDGE ( 'NONE', *, *, #1619, .T. ) ;
#1898 = DIRECTION ( 'NONE',  ( -0.000000000000000000, -0.000000000000000000, 1.000000000000000000 ) ) ;
#1899 = ADVANCED_FACE ( 'NONE', ( #2087 ), #2160, .F. ) ;
#1900 = CARTESIAN_POINT ( 'NONE',  ( 75.89012652805529058, 119.8386518946289954, 192.1162603967640337 ) ) ;
#1901 = CYLINDRICAL_SURFACE ( 'NONE', #1051, 2.699999999999993960 ) ;
#1902 = EDGE_CURVE ( 'NONE', #2030, #2570, #883, .T. ) ;
#1903 = AXIS2_PLACEMENT_3D ( 'NONE', #703, #684, #84 ) ;
#1904 = CARTESIAN_POINT ( 'NONE',  ( 97.40787959478210212, 107.6164587905680037, 187.2577524789900281 ) ) ;
#1905 = MANIFOLD_SOLID_BREP ( 'Enlèv. mat.-Extru.2', #1344 ) ;
#1906 = ORIENTED_EDGE ( 'NONE', *, *, #410, .T. ) ;
#1907 = VECTOR ( 'NONE', #2258, 1000.000000000000000 ) ;
#1908 = CARTESIAN_POINT ( 'NONE',  ( 7.141738316826580224, 94.92389680932410556, 187.0330251535710033 ) ) ;
#1909 = CARTESIAN_POINT ( 'NONE',  ( 81.17654901455560434, 92.40558831647659588, 187.0329536028740165 ) ) ;
#1910 = CARTESIAN_POINT ( 'NONE',  ( 119.5625760135159936, 85.07843110407351617, 183.8326511695900081 ) ) ;
#1911 = VERTEX_POINT ( 'NONE', #2542 ) ;
#1912 = AXIS2_PLACEMENT_3D ( 'NONE', #949, #1551, #725 ) ;
#1913 = VECTOR ( 'NONE', #818, 1000.000000000000000 ) ;
#1914 = EDGE_LOOP ( 'NONE', ( #1345, #830, #1398, #2637, #1232, #2384 ) ) ;
#1915 =( BOUNDED_CURVE ( )  B_SPLINE_CURVE ( 3, ( #1450, #2213, #1028, #365 ),
 .UNSPECIFIED., .F., .T. ) 
 B_SPLINE_CURVE_WITH_KNOTS ( ( 4, 4 ),
 ( 1.587586683132006016, 3.005475166512812102 ),
 .UNSPECIFIED. ) 
 CURVE ( )  GEOMETRIC_REPRESENTATION_ITEM ( )  RATIONAL_B_SPLINE_CURVE ( ( 1.000000000000000000, 0.8393664214254347167, 0.8393664214254347167, 1.000000000000000000 ) ) 
 REPRESENTATION_ITEM ( '' )  );
#1916 = DIRECTION ( 'NONE',  ( 1.000000000000000000, -4.476023947212479948E-14, -2.839899258795640257E-28 ) ) ;
#1917 = DIRECTION ( 'NONE',  ( 0.000000000000000000, 0.000000000000000000, 1.000000000000000000 ) ) ;
#1918 = CARTESIAN_POINT ( 'NONE',  ( 97.46039120467008843, 82.10327791604679248, 187.0323910883329859 ) ) ;
#1919 = DIRECTION ( 'NONE',  ( 0.000000000000000000, -1.000000000000000000, -6.538968091954519823E-15 ) ) ;
#1920 = ORIENTED_EDGE ( 'NONE', *, *, #141, .T. ) ;
#1921 = EDGE_CURVE ( 'NONE', #294, #1720, #629, .T. ) ;
#1922 = CARTESIAN_POINT ( 'NONE',  ( 75.25331567531995347, 121.9905770624451549, 189.9052425839897182 ) ) ;
#1923 =( NAMED_UNIT ( * ) PLANE_ANGLE_UNIT ( ) SI_UNIT ( $, .RADIAN. ) );
#1924 = VERTEX_POINT ( 'NONE', #681 ) ;
#1925 = ORIENTED_EDGE ( 'NONE', *, *, #320, .F. ) ;
#1926 = CARTESIAN_POINT ( 'NONE',  ( 98.80787953684229308, 102.5493225866079996, 187.4577474795690080 ) ) ;
#1927 =( BOUNDED_CURVE ( )  B_SPLINE_CURVE ( 3, ( #1055, #1487, #2292, #1659 ),
 .UNSPECIFIED., .F., .T. ) 
 B_SPLINE_CURVE_WITH_KNOTS ( ( 4, 4 ),
 ( 4.729179336721799132, 7.870771990311592248 ),
 .UNSPECIFIED. ) 
 CURVE ( )  GEOMETRIC_REPRESENTATION_ITEM ( )  RATIONAL_B_SPLINE_CURVE ( ( 1.000000000000000000, 0.3333333333333333703, 0.3333333333333333703, 1.000000000000000000 ) ) 
 REPRESENTATION_ITEM ( '' )  );
#1928 = CARTESIAN_POINT ( 'NONE',  ( 68.85403828450888852, 124.5249164269699946, 185.2820312149650022 ) ) ;
#1929 = CARTESIAN_POINT ( 'NONE',  ( 82.04966631932920507, 90.97294693863059933, 183.8022342136889904 ) ) ;
#1930 = EDGE_LOOP ( 'NONE', ( #8, #617, #1975, #1753 ) ) ;
#1931 = ADVANCED_FACE ( 'NONE', ( #1895 ), #20, .F. ) ;
#1932 = CARTESIAN_POINT ( 'NONE',  ( 66.15546738985871400, 120.9326554702980019, 182.4577491323860272 ) ) ;
#1933 = CARTESIAN_POINT ( 'NONE',  ( 78.07455741030959473, 96.71314750195419663, 187.0331920935699941 ) ) ;
#1934 = ORIENTED_EDGE ( 'NONE', *, *, #59, .T. ) ;
#1935 = ADVANCED_FACE ( 'NONE', ( #2304 ), #440, .F. ) ;
#1936 = EDGE_LOOP ( 'NONE', ( #856, #102, #2345, #636, #788, #2518, #2231, #2180, #2449 ) ) ;
#1937 = DIRECTION ( 'NONE',  ( 0.8660254037842711750, 0.5000000000002901013, 1.308193741750090266E-15 ) ) ;
#1938 = EDGE_CURVE ( 'NONE', #49, #577, #868, .T. ) ;
#1939 = CARTESIAN_POINT ( 'NONE',  ( 77.04069402842999637, 93.30019618398368664, 192.0866393203949940 ) ) ;
#1940 = CARTESIAN_POINT ( 'NONE',  ( 93.89308196442388521, 86.57653682797700867, 187.0326386276389883 ) ) ;
#1941 = CARTESIAN_POINT ( 'NONE',  ( 119.8810959102229958, 84.13074244498079679, 187.0325259311229900 ) ) ;
#1942 = EDGE_LOOP ( 'NONE', ( #663, #2100, #649, #547, #2140, #2429, #1490, #2106, #2654, #2381, #371, #2010, #134, #802 ) ) ;
#1943 = VECTOR ( 'NONE', #1769, 1000.000000000000114 ) ;
#1944 = CARTESIAN_POINT ( 'NONE',  ( 73.34706182854500867, 120.4721548905868218, 187.0345205685950702 ) ) ;
#1945 = LINE ( 'NONE', #81, #1563 ) ;
#1946 = ORIENTED_EDGE ( 'NONE', *, *, #1097, .F. ) ;
#1947 = CIRCLE ( 'NONE', #1262, 2.699999999999993960 ) ;
#1948 = EDGE_CURVE ( 'NONE', #1637, #1420, #1794, .T. ) ;
#1949 = AXIS2_PLACEMENT_3D ( 'NONE', #1989, #951, #505 ) ;
#1950 = CARTESIAN_POINT ( 'NONE',  ( 119.3470618285450087, 85.19706453780003130, 183.6325852350592527 ) ) ;
#1951 = VECTOR ( 'NONE', #1082, 1000.000000000000227 ) ;
#1952 = CARTESIAN_POINT ( 'NONE',  ( 90.40787959478190317, 103.7328907387300063, 182.0577491323860215 ) ) ;
#1953 = VECTOR ( 'NONE', #1697, 1000.000000000000000 ) ;
#1954 = AXIS2_PLACEMENT_3D ( 'NONE', #459, #2293, #1256 ) ;
#1955 = EDGE_CURVE ( 'NONE', #204, #1225, #958, .T. ) ;
#1956 = CARTESIAN_POINT ( 'NONE',  ( 75.89012656473670404, 121.1058400106220034, 185.2820312149650022 ) ) ;
#1957 =( LENGTH_UNIT ( ) NAMED_UNIT ( * ) SI_UNIT ( .MILLI., .METRE. ) );
#1958 = CARTESIAN_POINT ( 'NONE',  ( 89.00052939540120178, 87.48556156831199360, 187.0326850498749991 ) ) ;
#1959 = LINE ( 'NONE', #2553, #515 ) ;
#1960 = ORIENTED_EDGE ( 'NONE', *, *, #1178, .T. ) ;
#1961 = DIRECTION ( 'NONE',  ( 0.000000000000000000, 0.000000000000000000, 1.000000000000000000 ) ) ;
#1962 = CARTESIAN_POINT ( 'NONE',  ( 96.05787959478209359, 107.6164587905680037, 187.2577474795689909 ) ) ;
#1963 = EDGE_LOOP ( 'NONE', ( #482, #1322, #416, #840, #1027, #2573 ) ) ;
#1964 = CARTESIAN_POINT ( 'NONE',  ( 90.07572812936200535, 107.6164587905680037, 187.6577524789900053 ) ) ;
#1965 = CARTESIAN_POINT ( 'NONE',  ( 72.92002607114480384, 123.7037039888620029, 187.0347014308829898 ) ) ;
#1966 = LINE ( 'NONE', #2189, #1644 ) ;
#1967 = EDGE_LOOP ( 'NONE', ( #2024, #1793, #1110, #142, #2074, #1831, #1789, #2075 ) ) ;
#1968 = CARTESIAN_POINT ( 'NONE',  ( 79.34706182854500867, 119.1970645378000029, 183.6344546920689424 ) ) ;
#1969 = EDGE_CURVE ( 'NONE', #2539, #1857, #1302, .T. ) ;
#1970 = CARTESIAN_POINT ( 'NONE',  ( 94.50899537242520410, 86.55425360903640808, 187.0326379697509935 ) ) ;
#1971 = DIRECTION ( 'NONE',  ( 0.000000000000000000, -0.7559289460185351084, 0.6546536707078840500 ) ) ;
#1972 = ORIENTED_EDGE ( 'NONE', *, *, #86, .F. ) ;
#1973 = FACE_OUTER_BOUND ( 'NONE', #1967, .T. ) ;
#1974 = CARTESIAN_POINT ( 'NONE',  ( 74.98815696692786048, 122.4073414793122367, 187.0346005443852562 ) ) ;
#1975 = ORIENTED_EDGE ( 'NONE', *, *, #285, .T. ) ;
#1976 = EDGE_LOOP ( 'NONE', ( #2069, #417, #146, #2357, #324, #2139 ) ) ;
#1977 = CARTESIAN_POINT ( 'NONE',  ( 94.70787959478178664, 100.1821865832130101, 182.2577491323860102 ) ) ;
#1978 = CARTESIAN_POINT ( 'NONE',  ( 113.3470618285449945, 79.19706453780001709, 183.6322430308330524 ) ) ;
#1979 = ORIENTED_EDGE ( 'NONE', *, *, #1955, .F. ) ;
#1980 = DIRECTION ( 'NONE',  ( -0.9998590452785331983, 0.01678956743636240284, 0.000000000000000000 ) ) ;
#1981 = LINE ( 'NONE', #2623, #2156 ) ;
#1982 = EDGE_CURVE ( 'NONE', #2239, #764, #1290, .T. ) ;
#1983 = CARTESIAN_POINT ( 'NONE',  ( 118.8632799175899919, 85.54542772837520204, 187.0326043134249971 ) ) ;
#1984 = EDGE_LOOP ( 'NONE', ( #1240, #857, #1516, #1852 ) ) ;
#1985 = EDGE_CURVE ( 'NONE', #1253, #2371, #2337, .T. ) ;
#1986 = CARTESIAN_POINT ( 'NONE',  ( 94.70787959478190032, 102.2164587905679980, 187.6577524789900053 ) ) ;
#1987 = EDGE_LOOP ( 'NONE', ( #2627, #1686, #624, #428, #869, #884 ) ) ;
#1988 = AXIS2_PLACEMENT_3D ( 'NONE', #1446, #2472, #1834 ) ;
#1989 = CARTESIAN_POINT ( 'NONE',  ( 116.3470618285449945, 119.1970645378000029, 186.8577491323860045 ) ) ;
#1990 = DIRECTION ( 'NONE',  ( -1.000000000000000000, 1.387778780781444413E-14, 0.000000000000000000 ) ) ;
#1991 = FACE_OUTER_BOUND ( 'NONE', #2200, .T. ) ;
#1992 = AXIS2_PLACEMENT_3D ( 'NONE', #408, #2253, #1231 ) ;
#1993 = VECTOR ( 'NONE', #1199, 1000.000000000000000 ) ;
#1994 = EDGE_LOOP ( 'NONE', ( #2478, #585, #1161, #330 ) ) ;
#1995 = CARTESIAN_POINT ( 'NONE',  ( 118.0470618285449973, 119.1970645378000171, 186.8577491323860045 ) ) ;
#1996 = VECTOR ( 'NONE', #1187, 1000.000000000000000 ) ;
#1997 = CARTESIAN_POINT ( 'NONE',  ( 97.46039403035680948, 82.10344619247300102, 184.0323910930533771 ) ) ;
#1998 = CARTESIAN_POINT ( 'NONE',  ( 118.7321256146399975, 85.65639004525598921, 187.0326104038749975 ) ) ;
#1999 = ORIENTED_EDGE ( 'NONE', *, *, #1309, .F. ) ;
#2000 = CARTESIAN_POINT ( 'NONE',  ( 72.92002607114480384, 123.7037039888620029, 187.0347014308829898 ) ) ;
#2001 = ORIENTED_EDGE ( 'NONE', *, *, #1126, .T. ) ;
#2002 = EDGE_CURVE ( 'NONE', #1168, #920, #1180, .T. ) ;
#2003 = CARTESIAN_POINT ( 'NONE',  ( 113.3470618285449945, 79.19706453780001709, 183.6322430308330524 ) ) ;
#2004 = CARTESIAN_POINT ( 'NONE',  ( 73.34706182854500867, 125.1970645378000171, 183.6347855935482869 ) ) ;
#2005 = LINE ( 'NONE', #2410, #913 ) ;
#2006 = ORIENTED_EDGE ( 'NONE', *, *, #2002, .T. ) ;
#2007 = LINE ( 'NONE', #1561, #1179 ) ;
#2008 = FACE_BOUND ( 'NONE', #2589, .T. ) ;
#2009 = LINE ( 'NONE', #1628, #1777 ) ;
#2010 = ORIENTED_EDGE ( 'NONE', *, *, #1461, .F. ) ;
#2011 =( BOUNDED_CURVE ( )  B_SPLINE_CURVE ( 3, ( #1140, #1743, #126, #937 ),
 .UNSPECIFIED., .F., .T. ) 
 B_SPLINE_CURVE_WITH_KNOTS ( ( 4, 4 ),
 ( 1.554005970457787100, 4.695598624047580216 ),
 .UNSPECIFIED. ) 
 CURVE ( )  GEOMETRIC_REPRESENTATION_ITEM ( )  RATIONAL_B_SPLINE_CURVE ( ( 1.000000000000000000, 0.3333333333333333703, 0.3333333333333333703, 1.000000000000000000 ) ) 
 REPRESENTATION_ITEM ( '' )  );
#2012 = CARTESIAN_POINT ( 'NONE',  ( 94.70787953684309457, 104.9164586902870013, 187.4577451050119805 ) ) ;
#2013 = ORIENTED_EDGE ( 'NONE', *, *, #9, .F. ) ;
#2014 = EDGE_CURVE ( 'NONE', #1219, #1541, #850, .T. ) ;
#2015 = CARTESIAN_POINT ( 'NONE',  ( 100.4603912046700032, 82.10327791588834145, 187.0323939140188543 ) ) ;
#2016 = EDGE_CURVE ( 'NONE', #1313, #2405, #2406, .T. ) ;
#2017 = DIRECTION ( 'NONE',  ( 0.000000000000000000, -1.000000000000000000, 7.673737662513471335E-15 ) ) ;
#2018 = LINE ( 'NONE', #1453, #1599 ) ;
#2019 = EDGE_CURVE ( 'NONE', #148, #1444, #1862, .T. ) ;
#2020 = PLANE ( 'NONE',  #654 ) ;
#2021 = DIRECTION ( 'NONE',  ( -2.842549949700360120E-14, -1.000000000000000000, 2.671759798173060353E-15 ) ) ;
#2022 = DIRECTION ( 'NONE',  ( -0.9999999999997297717, 4.625929269270221725E-14, 7.352090027312376239E-07 ) ) ;
#2023 = DIRECTION ( 'NONE',  ( 1.387778778598240461E-14, 0.9999999984268357345, 5.609214203729893938E-05 ) ) ;
#2024 = ORIENTED_EDGE ( 'NONE', *, *, #1277, .T. ) ;
#2025 = CARTESIAN_POINT ( 'NONE',  ( 116.3470618285449945, 119.1970645378000029, 189.8577491323860045 ) ) ;
#2026 = VERTEX_POINT ( 'NONE', #2197 ) ;
#2027 = DIRECTION ( 'NONE',  ( 1.000000000000000000, -1.468691771175450204E-14, -1.054711873393999885E-15 ) ) ;
#2028 = CARTESIAN_POINT ( 'NONE',  ( 94.70787959478150242, 100.1821865832130101, 187.2577427319139929 ) ) ;
#2029 = CARTESIAN_POINT ( 'NONE',  ( 98.92827411368459423, 126.3116896595679890, 182.0405907349170320 ) ) ;
#2030 = VERTEX_POINT ( 'NONE', #1986 ) ;
#2031 = ADVANCED_FACE ( 'NONE', ( #1767 ), #1336, .F. ) ;
#2032 = ORIENTED_EDGE ( 'NONE', *, *, #1078, .T. ) ;
#2033 = FACE_OUTER_BOUND ( 'NONE', #1581, .T. ) ;
#2034 = B_SPLINE_SURFACE_WITH_KNOTS ( 'NONE', 3, 1, ( 
 ( #245, #54 ),
 ( #1673, #1098 ),
 ( #2528, #1489 ),
 ( #2488, #667 ),
 ( #28, #1929 ),
 ( #64, #1879 ),
 ( #2324, #1296 ),
 ( #677, #1661 ),
 ( #2313, #16 ),
 ( #2117, #864 ) ),
 .UNSPECIFIED., .F., .F., .F.,
 ( 4, 3, 3, 4 ),
 ( 2, 2 ),
 ( -1.554006000711319890, -0.9153723059481290170, -0.2757262706895499682, 0.01679032608357569969 ),
 ( -0.09999999999999789613, 0.6055514918696610627 ),
 .UNSPECIFIED. ) ;
#2035 = CARTESIAN_POINT ( 'NONE',  ( 92.00787988886558821, 104.9177189696389974, 187.6577524789900053 ) ) ;
#2036 = EDGE_CURVE ( 'NONE', #2110, #557, #542, .T. ) ;
#2037 = VECTOR ( 'NONE', #2450, 1000.000000000000000 ) ;
#2038 = CARTESIAN_POINT ( 'NONE',  ( 90.60787959478190601, 102.5493226868910028, 187.2577474795689909 ) ) ;
#2039 = VECTOR ( 'NONE', #776, 1000.000000000000114 ) ;
#2040 = CIRCLE ( 'NONE', #875, 3.500000000000003109 ) ;
#2041 = CARTESIAN_POINT ( 'NONE',  ( 78.04706182854499730, 119.1970645378000029, 183.6344534676046862 ) ) ;
#2042 = VERTEX_POINT ( 'NONE', #1378 ) ;
#2043 = DIRECTION ( 'NONE',  ( 2.989436723892924996E-44, 5.921189464667490768E-15, -1.000000000000000000 ) ) ;
#2044 = EDGE_LOOP ( 'NONE', ( #1408, #118, #348, #354, #1845 ) ) ;
#2045 = CARTESIAN_POINT ( 'NONE',  ( 100.4603940303570937, 76.10344619231440788, 184.0320573658868000 ) ) ;
#2046 = PLANE ( 'NONE',  #36 ) ;
#2047 = CARTESIAN_POINT ( 'NONE',  ( 73.49937393747489978, 123.5003631505699815, 187.6398138530871904 ) ) ;
#2048 = EDGE_LOOP ( 'NONE', ( #552, #2669, #2686, #1761, #2187 ) ) ;
#2049 = ORIENTED_EDGE ( 'NONE', *, *, #355, .F. ) ;
#2050 = DIRECTION ( 'NONE',  ( 1.000000000000000000, 0.000000000000000000, 0.000000000000000000 ) ) ;
#2051 = DIRECTION ( 'NONE',  ( -1.000000000000000000, 1.468691771175450204E-14, 1.054711873393999885E-15 ) ) ;
#2052 = EDGE_CURVE ( 'NONE', #1253, #647, #110, .T. ) ;
#2053 = DIRECTION ( 'NONE',  ( 2.172121216502640853E-07, 0.000000000000000000, -0.9999999999999764633 ) ) ;
#2054 = EDGE_CURVE ( 'NONE', #2390, #668, #2119, .T. ) ;
#2055 = DIRECTION ( 'NONE',  ( -1.000000000000000000, 1.632680918566413341E-14, 0.000000000000000000 ) ) ;
#2056 = EDGE_LOOP ( 'NONE', ( #1765, #1906 ) ) ;
#2057 = FACE_OUTER_BOUND ( 'NONE', #2084, .T. ) ;
#2058 = ORIENTED_EDGE ( 'NONE', *, *, #2269, .F. ) ;
#2059 = CARTESIAN_POINT ( 'NONE',  ( 94.46039120467011685, 82.10327791620541404, 187.0323882626458385 ) ) ;
#2060 = CARTESIAN_POINT ( 'NONE',  ( 116.3470618285449945, 119.1970645378000029, 189.8577491323860045 ) ) ;
#2061 = LINE ( 'NONE', #1652, #2382 ) ;
#2062 = EDGE_LOOP ( 'NONE', ( #2447, #251, #742, #2195 ) ) ;
#2063 = ORIENTED_EDGE ( 'NONE', *, *, #1457, .F. ) ;
#2064 = FACE_OUTER_BOUND ( 'NONE', #2411, .T. ) ;
#2065 = CARTESIAN_POINT ( 'NONE',  ( 123.2363233265990061, 75.76106116021830417, 188.8577491323860045 ) ) ;
#2066 = CARTESIAN_POINT ( 'NONE',  ( 116.3470618285449945, 119.1970645378000029, 186.8577491323860045 ) ) ;
#2067 = EDGE_CURVE ( 'NONE', #845, #582, #1945, .T. ) ;
#2068 = DIRECTION ( 'NONE',  ( -1.000000000000000000, 1.387778780781444413E-14, 0.000000000000000000 ) ) ;
#2069 = ORIENTED_EDGE ( 'NONE', *, *, #333, .T. ) ;
#2070 = EDGE_CURVE ( 'NONE', #2468, #1313, #518, .T. ) ;
#2071 = CARTESIAN_POINT ( 'NONE',  ( 119.5625760135159936, 85.07843110407351617, 190.2577491323860102 ) ) ;
#2072 = CARTESIAN_POINT ( 'NONE',  ( 116.3470618285449945, 79.19706453780001709, 181.2577491323860102 ) ) ;
#2073 = CARTESIAN_POINT ( 'NONE',  ( 74.00450455709857067, 123.2375384752222658, 188.2096816817710305 ) ) ;
#2074 = ORIENTED_EDGE ( 'NONE', *, *, #1396, .T. ) ;
#2075 = ORIENTED_EDGE ( 'NONE', *, *, #368, .T. ) ;
#2076 = CARTESIAN_POINT ( 'NONE',  ( 74.64706182854500582, 119.1970645378000029, 183.6344502651597566 ) ) ;
#2077 = VECTOR ( 'NONE', #1060, 1000.000000000000000 ) ;
#2078 = DIRECTION ( 'NONE',  ( 0.6285112567553231555, -0.4581999566386530942, -0.6285112567553430285 ) ) ;
#2079 = DIRECTION ( 'NONE',  ( -1.000000000000000000, 4.625929269271495893E-14, 0.000000000000000000 ) ) ;
#2080 = AXIS2_PLACEMENT_3D ( 'NONE', #2174, #491, #922 ) ;
#2081 = AXIS2_PLACEMENT_3D ( 'NONE', #353, #810, #1839 ) ;
#2082 = AXIS2_PLACEMENT_3D ( 'NONE', #1131, #72, #1735 ) ;
#2083 = CARTESIAN_POINT ( 'NONE',  ( 98.80787953684229308, 102.5493225866079996, 187.4577474795690080 ) ) ;
#2084 = EDGE_LOOP ( 'NONE', ( #2175, #2534, #1239, #1427 ) ) ;
#2085 = CARTESIAN_POINT ( 'NONE',  ( 120.2111231118299912, 93.73397512057620418, 190.2577491323860102 ) ) ;
#2086 = LINE ( 'NONE', #6, #955 ) ;
#2087 = FACE_OUTER_BOUND ( 'NONE', #1512, .T. ) ;
#2088 = ORIENTED_EDGE ( 'NONE', *, *, #2054, .T. ) ;
#2089 = EDGE_CURVE ( 'NONE', #298, #280, #1783, .T. ) ;
#2090 = VERTEX_POINT ( 'NONE', #297 ) ;
#2091 = LINE ( 'NONE', #1023, #346 ) ;
#2092 = CARTESIAN_POINT ( 'NONE',  ( 116.3470618285449945, 119.1970645378000029, 189.8577491323860045 ) ) ;
#2093 = CARTESIAN_POINT ( 'NONE',  ( 97.46039120467000316, 76.10327791604680669, 187.0320545354800004 ) ) ;
#2094 = CARTESIAN_POINT ( 'NONE',  ( 116.2111229035450037, 86.55149231099299811, 187.0326582594370279 ) ) ;
#2095 = ORIENTED_EDGE ( 'NONE', *, *, #1766, .T. ) ;
#2096 = DIRECTION ( 'NONE',  ( 0.5000000000000811573, 0.8660254037841982333, 5.790858524128536198E-07 ) ) ;
#2097 = CARTESIAN_POINT ( 'NONE',  ( 81.32243625605860871, 92.25403144812891298, 187.0329452554190084 ) ) ;
#2098 = EDGE_LOOP ( 'NONE', ( #1010, #1934, #326, #82, #1920 ) ) ;
#2099 = EDGE_CURVE ( 'NONE', #2625, #1666, #1138, .T. ) ;
#2100 = ORIENTED_EDGE ( 'NONE', *, *, #2014, .F. ) ;
#2101 = DIRECTION ( 'NONE',  ( -6.221038994713779170E-15, -0.9999999984268357345, -5.609214204053568267E-05 ) ) ;
#2102 = ADVANCED_FACE ( 'NONE', ( #618 ), #378, .F. ) ;
#2103 = CARTESIAN_POINT ( 'NONE',  ( 61.21326606405290249, 126.0527332019630080, 185.2820312149650022 ) ) ;
#2104 = CARTESIAN_POINT ( 'NONE',  ( 114.6470618285450200, 82.59706453780000857, 183.6324349685805544 ) ) ;
#2105 = CARTESIAN_POINT ( 'NONE',  ( 123.2363233266000009, 118.1003213784380108, 182.8234305864299927 ) ) ;
#2106 = ORIENTED_EDGE ( 'NONE', *, *, #1108, .F. ) ;
#2107 = LINE ( 'NONE', #1502, #40 ) ;
#2108 = CARTESIAN_POINT ( 'NONE',  ( 83.38144254626469376, 90.24906795856058750, 187.0328347422460240 ) ) ;
#2109 = CARTESIAN_POINT ( 'NONE',  ( 119.5625760135159936, 85.07843110407351617, 190.8577491323860045 ) ) ;
#2110 = VERTEX_POINT ( 'NONE', #2655 ) ;
#2111 = CARTESIAN_POINT ( 'NONE',  ( 122.8549381699860135, 71.08385834832648698, 182.4420466103529748 ) ) ;
#2112 = DIRECTION ( 'NONE',  ( -1.000000000000000000, 1.632680918566413341E-14, 0.000000000000000000 ) ) ;
#2113 = CARTESIAN_POINT ( 'NONE',  ( 97.46039403035671000, 76.10344619247290154, 184.0320545401999937 ) ) ;
#2114 = EDGE_CURVE ( 'NONE', #998, #1507, #387, .T. ) ;
#2115 = CIRCLE ( 'NONE', #1903, 2.100000000000004530 ) ;
#2116 = AXIS2_PLACEMENT_3D ( 'NONE', #2522, #1724, #2328 ) ;
#2117 = CARTESIAN_POINT ( 'NONE',  ( 94.89012290348159695, 86.55149292818259710, 190.8577491323860045 ) ) ;
#2118 = ORIENTED_EDGE ( 'NONE', *, *, #2400, .F. ) ;
#2119 = CIRCLE ( 'NONE', #1912, 3.500000000000003109 ) ;
#2120 = VECTOR ( 'NONE', #1278, 1000.000000000000114 ) ;
#2121 = CARTESIAN_POINT ( 'NONE',  ( 76.50484934716079977, 100.7873247388989881, 187.0334193786140133 ) ) ;
#2122 = ORIENTED_EDGE ( 'NONE', *, *, #550, .T. ) ;
#2123 = VECTOR ( 'NONE', #1274, 999.9999999999998863 ) ;
#2124 = AXIS2_PLACEMENT_3D ( 'NONE', #2578, #2548, #470 ) ;
#2125 = STYLED_ITEM ( 'NONE', ( #749 ), #2271 ) ;
#2126 = ORIENTED_EDGE ( 'NONE', *, *, #2414, .T. ) ;
#2127 = FACE_OUTER_BOUND ( 'NONE', #402, .T. ) ;
#2128 = CARTESIAN_POINT ( 'NONE',  ( 75.24662496740029383, 122.3565249092840048, 192.1162603967640337 ) ) ;
#2129 = CARTESIAN_POINT ( 'NONE',  ( 0.000000000000000000, 0.000000000000000000, 0.000000000000000000 ) ) ;
#2130 = ADVANCED_FACE ( 'NONE', ( #2057 ), #2419, .T. ) ;
#2131 = UNCERTAINTY_MEASURE_WITH_UNIT (LENGTH_MEASURE( 1.000000000000000082E-05 ), #1957, 'distance_accuracy_value', 'NONE');
#2132 = ADVANCED_FACE ( 'NONE', ( #1397 ), #839, .F. ) ;
#2133 = CARTESIAN_POINT ( 'NONE',  ( 97.40787988886570758, 107.6164587905680037, 187.6577524789900053 ) ) ;
#2134 = VERTEX_POINT ( 'NONE', #147 ) ;
#2135 = EDGE_CURVE ( 'NONE', #2489, #318, #1915, .T. ) ;
#2136 = CARTESIAN_POINT ( 'NONE',  ( 94.70787959478199980, 104.9164587905680008, 189.4577491323859988 ) ) ;
#2137 = CARTESIAN_POINT ( 'NONE',  ( 77.69873990008289866, 97.47509688610898593, 187.0332346521119860 ) ) ;
#2138 = DIRECTION ( 'NONE',  ( 1.000000000000000000, -2.842549949700360120E-14, 3.053113317719390323E-15 ) ) ;
#2139 = ORIENTED_EDGE ( 'NONE', *, *, #1616, .T. ) ;
#2140 = ORIENTED_EDGE ( 'NONE', *, *, #2179, .F. ) ;
#2141 = CARTESIAN_POINT ( 'NONE',  ( 103.7702090965650115, 72.25954345748620256, 179.2143697997260006 ) ) ;
#2142 = FACE_OUTER_BOUND ( 'NONE', #1615, .T. ) ;
#2143 = ADVANCED_FACE ( 'NONE', ( #179 ), #1267, .F. ) ;
#2144 = CARTESIAN_POINT ( 'NONE',  ( 117.8320181220280034, 86.20711073012040515, 187.0326404690509889 ) ) ;
#2145 = ORIENTED_EDGE ( 'NONE', *, *, #859, .F. ) ;
#2146 = CARTESIAN_POINT ( 'NONE',  ( 75.25294657106425689, 121.9904338613801116, 187.0345939478051491 ) ) ;
#2147 = DIRECTION ( 'NONE',  ( 1.000000000000000000, 0.000000000000000000, 0.000000000000000000 ) ) ;
#2148 = ORIENTED_EDGE ( 'NONE', *, *, #2333, .F. ) ;
#2149 = EDGE_CURVE ( 'NONE', #2245, #2401, #1002, .T. ) ;
#2150 = LINE ( 'NONE', #2615, #167 ) ;
#2151 = CARTESIAN_POINT ( 'NONE',  ( 97.46039120467008843, 79.10327791604680669, 189.8577491323860045 ) ) ;
#2152 = DIRECTION ( 'NONE',  ( -1.000000000000000000, 4.361590453884539495E-14, 0.000000000000000000 ) ) ;
#2153 = DIRECTION ( 'NONE',  ( -0.6546536707079780859, 0.3779644730092741600, -0.6546536707079491091 ) ) ;
#2154 = CARTESIAN_POINT ( 'NONE',  ( 109.9520908614459955, 70.80957377910930006, 182.0658114387649960 ) ) ;
#2155 = ORIENTED_EDGE ( 'NONE', *, *, #1799, .F. ) ;
#2156 = VECTOR ( 'NONE', #2192, 1000.000000000000114 ) ;
#2157 = CARTESIAN_POINT ( 'NONE',  ( 73.34706182854500867, 119.1970645378000029, 187.0344490460457791 ) ) ;
#2158 = DIRECTION ( 'NONE',  ( 7.352090047874198443E-07, -2.089868319577729616E-20, 0.9999999999997297717 ) ) ;
#2159 = EDGE_LOOP ( 'NONE', ( #1840, #1606, #946, #2507, #1393, #137 ) ) ;
#2160 = CONICAL_SURFACE ( 'NONE', #734, 1.899999999999999023, 0.7853981633973557974 ) ;
#2161 = VECTOR ( 'NONE', #2078, 1000.000000000000114 ) ;
#2162 = CARTESIAN_POINT ( 'NONE',  ( 97.46039120467000316, 76.10327791604680669, 187.0320545354796309 ) ) ;
#2163 = ADVANCED_FACE ( 'NONE', ( #1806 ), #796, .T. ) ;
#2164 = VECTOR ( 'NONE', #1511, 1000.000000000000114 ) ;
#2165 = DIRECTION ( 'NONE',  ( 0.7071056867976210913, -5.426160336250407387E-15, -0.7071078755737802979 ) ) ;
#2166 = AXIS2_PLACEMENT_3D ( 'NONE', #1775, #131, #2593 ) ;
#2167 = CARTESIAN_POINT ( 'NONE',  ( 120.2111227875380166, 82.55149219017910411, 189.8577491323860045 ) ) ;
#2168 = EDGE_LOOP ( 'NONE', ( #1560, #500, #429 ) ) ;
#2169 = DIRECTION ( 'NONE',  ( 0.000000000000000000, -0.9999999999999992228, 3.866315738273196355E-08 ) ) ;
#2170 = CARTESIAN_POINT ( 'NONE',  ( 91.14218209586540809, 86.92342161132938827, 187.0326555065009870 ) ) ;
#2171 = CARTESIAN_POINT ( 'NONE',  ( 117.3114409742509849, 86.40557204059179242, 187.0326511108419822 ) ) ;
#2172 = ORIENTED_EDGE ( 'NONE', *, *, #863, .F. ) ;
#2173 = LINE ( 'NONE', #1613, #1727 ) ;
#2174 = CARTESIAN_POINT ( 'NONE',  ( 76.34706182854500867, 119.1970645378000029, 181.2577491323860102 ) ) ;
#2175 = ORIENTED_EDGE ( 'NONE', *, *, #1096, .T. ) ;
#2176 = CARTESIAN_POINT ( 'NONE',  ( 92.00787988886558821, 104.9164587905680008, 187.6577524789900053 ) ) ;
#2177 = LINE ( 'NONE', #328, #1812 ) ;
#2178 = CARTESIAN_POINT ( 'NONE',  ( 83.50357276910749249, 127.0945319342849871, 194.6530055005229940 ) ) ;
#2179 = EDGE_CURVE ( 'NONE', #712, #344, #2668, .T. ) ;
#2180 = ORIENTED_EDGE ( 'NONE', *, *, #92, .T. ) ;
#2181 = CARTESIAN_POINT ( 'NONE',  ( 98.80787959478209359, 107.2835948942450131, 181.8577491323860045 ) ) ;
#2182 = CARTESIAN_POINT ( 'NONE',  ( 89.91379644574878682, 87.21303278904589718, 187.0326706157009937 ) ) ;
#2183 = ADVANCED_FACE ( 'NONE', ( #823 ), #584, .F. ) ;
#2184 = CARTESIAN_POINT ( 'NONE',  ( 118.3674130840300052, 85.92132970287089222, 187.0326249226270079 ) ) ;
#2185 = EDGE_LOOP ( 'NONE', ( #2278, #529 ) ) ;
#2186 = CARTESIAN_POINT ( 'NONE',  ( 73.39745944281104073, 123.5761994746723076, 187.0346812535834715 ) ) ;
#2187 = ORIENTED_EDGE ( 'NONE', *, *, #287, .F. ) ;
#2188 = CARTESIAN_POINT ( 'NONE',  ( 79.62664378401629506, 122.4355255785030039, 193.5167554881680019 ) ) ;
#2189 = CARTESIAN_POINT ( 'NONE',  ( 72.91932305712059303, 117.0460081204039966, 190.2577491323860102 ) ) ;
#2190 = ORIENTED_EDGE ( 'NONE', *, *, #261, .T. ) ;
#2191 = DIRECTION ( 'NONE',  ( 0.9999999999999996669, -2.894749732294368974E-08, -1.054712062680659755E-15 ) ) ;
#2192 = DIRECTION ( 'NONE',  ( -0.7680832378817595840, -0.4527965376120517416, -0.4527951360290987104 ) ) ;
#2193 = EDGE_CURVE ( 'NONE', #2026, #223, #1407, .T. ) ;
#2194 = DIRECTION ( 'NONE',  ( -0.3535533905932670140, -0.6123724356957092052, -0.7071067811866249553 ) ) ;
#2195 = ORIENTED_EDGE ( 'NONE', *, *, #573, .F. ) ;
#2196 = B_SPLINE_CURVE_WITH_KNOTS ( 'NONE', 3,
 ( #1578, #2394, #1120, #945, #2171, #2404, #2144, #1376, #117, #487, #1764, #961, #1719, #1536, #2184, #93, #334, #1175, #2596, #1781, #1160, #1998, #1321, #1983, #499, #932, #2375, #736, #1548, #279, #1752, #528, #1941, #1332, #2582, #513, #1351, #310, #1566, #595 ),
 .UNSPECIFIED., .F., .F.,
 ( 4, 3, 3, 3, 3, 3, 3, 3, 3, 3, 3, 3, 3, 4 ),
 ( -0.7042948630215879469, -0.5939730613101730228, -0.4836614501280219747, -0.4545695280863479848, -0.4262013882913049945, -0.3988532460719200201, -0.3860501920428069944, -0.3571998628963359845, -0.3295725844308429742, -0.3061310432704170692, -0.1963246893756800393, -0.1456475202844179639, -0.02938162189418291881, 0.000000000000000000 ),
 .UNSPECIFIED. ) ;
#2197 = CARTESIAN_POINT ( 'NONE',  ( 91.18441677521821020, 102.2164587905679980, 187.2577474795689909 ) ) ;
#2198 = ORIENTED_EDGE ( 'NONE', *, *, #92, .F. ) ;
#2199 = VECTOR ( 'NONE', #621, 1000.000000000000000 ) ;
#2200 = EDGE_LOOP ( 'NONE', ( #879, #2095, #1811, #1574 ) ) ;
#2201 = CARTESIAN_POINT ( 'NONE',  ( 122.4534810518830028, 113.7057005158140157, 182.0405907349170320 ) ) ;
#2202 = DIRECTION ( 'NONE',  ( 0.4842009716430028532, 0.8749568098254747461, 5.210622147386360110E-15 ) ) ;
#2203 = AXIS2_PLACEMENT_3D ( 'NONE', #765, #2366, #1591 ) ;
#2204 = CIRCLE ( 'NONE', #1043, 1.699999999999993072 ) ;
#2205 = B_SPLINE_CURVE_WITH_KNOTS ( 'NONE', 3,
 ( #1073, #1299, #1882, #2532, #670, #19, #2121, #2303, #1085, #265, #904, #659, #2137, #1112, #1101, #1676, #1933, #1325, #867, #2504, #57, #2541, #1894, #67, #1528, #680, #479, #645, #1723, #2558, #699, #2355, #490, #226, #451, #1479, #439, #1279, #1690, #1909, #2097, #2521, #1288, #2108, #918, #132, #1750, #308, #509, #2393, #1958, #2609, #1779, #1171, #2374, #943, #2182, #116, #322, #1374, #973, #2170, #1349, #2580, #762, #538, #527, #1533, #91, #1158, #74, #1763, #2595, #1940, #1362, #497, #1970, #732, #1791 ),
 .UNSPECIFIED., .F., .F.,
 ( 4, 3, 3, 3, 3, 3, 3, 3, 3, 3, 3, 3, 3, 3, 3, 3, 3, 3, 3, 3, 3, 3, 3, 3, 3, 3, 4 ),
 ( -2.184904174274609812, -1.831644984407130083, -1.744729734490930051, -1.478385794539660125, -1.424245821354400032, -1.371017233716169903, -1.318680912701500008, -1.267624075846299991, -1.217264088364210073, -1.167909253753989907, -1.140502445717780144, -1.089814740355899980, -1.039913734357839958, -0.9911696364660849135, -0.9537829459930091680, -0.5305167050159200759, -0.4824339156453010258, -0.4337131955960731311, -0.4233060543735780445, -0.3738607644121589857, -0.3235352930440607011, -0.2725609085499050011, -0.2208563728148078553, -0.1656422796111058915, -0.1118545158225621172, -0.05592725791128128066, 0.000000000000000000 ),
 .UNSPECIFIED. ) ;
#2206 = AXIS2_PLACEMENT_3D ( 'NONE', #1036, #1858, #467 ) ;
#2207 = CARTESIAN_POINT ( 'NONE',  ( 116.3470618285449945, 119.1970645378000029, 181.2577491323860102 ) ) ;
#2208 = AXIS2_PLACEMENT_3D ( 'NONE', #390, #1066, #2050 ) ;
#2209 = LINE ( 'NONE', #1146, #2291 ) ;
#2210 = DIRECTION ( 'NONE',  ( 0.000000000000000000, 3.341560538299025512E-07, -0.9999999999999441558 ) ) ;
#2211 = EDGE_CURVE ( 'NONE', #1474, #668, #2238, .T. ) ;
#2212 = ADVANCED_FACE ( 'NONE', ( #1247 ), #1202, .F. ) ;
#2213 = CARTESIAN_POINT ( 'NONE',  ( 73.34706182854500867, 117.6458164906428436, 187.0343620332197645 ) ) ;
#2214 = ORIENTED_EDGE ( 'NONE', *, *, #2687, .F. ) ;
#2215 = EDGE_CURVE ( 'NONE', #909, #2030, #2385, .T. ) ;
#2216 = LINE ( 'NONE', #1841, #2383 ) ;
#2217 = DIRECTION ( 'NONE',  ( 0.3847588881615160439, -0.6526716624692340263, 0.6526716624692390223 ) ) ;
#2218 = CARTESIAN_POINT ( 'NONE',  ( 74.24809764072429630, 106.6237971407799989, 189.6577491323860158 ) ) ;
#2219 = ORIENTED_EDGE ( 'NONE', *, *, #1283, .F. ) ;
#2220 = DIRECTION ( 'NONE',  ( -1.000000000000000000, 1.497976526288300036E-14, 1.054711873393999885E-15 ) ) ;
#2221 = DIRECTION ( 'NONE',  ( -0.9999999999997297717, 4.625929269270221725E-14, 7.352090027312376239E-07 ) ) ;
#2222 = CARTESIAN_POINT ( 'NONE',  ( 116.3470618285449945, 119.1970645378000029, 186.8577491323860045 ) ) ;
#2223 = DIRECTION ( 'NONE',  ( 9.418955660663403017E-07, 5.609214203931411208E-05, -0.9999999984263922004 ) ) ;
#2224 = ORIENTED_EDGE ( 'NONE', *, *, #2193, .T. ) ;
#2225 = ADVANCED_FACE ( 'NONE', ( #1437, #2256, #203 ), #397, .T. ) ;
#2226 = CARTESIAN_POINT ( 'NONE',  ( 116.3470618285449945, 79.19706453780001709, 171.7469644756049547 ) ) ;
#2227 = ORIENTED_EDGE ( 'NONE', *, *, #1338, .F. ) ;
#2228 = DIRECTION ( 'NONE',  ( 2.783577417807019964E-16, 6.661338147750940820E-15, -1.000000000000000000 ) ) ;
#2229 = LINE ( 'NONE', #426, #1721 ) ;
#2230 = CARTESIAN_POINT ( 'NONE',  ( 74.15502868232675837, 123.1362327581499585, 188.3901185957359985 ) ) ;
#2231 = ORIENTED_EDGE ( 'NONE', *, *, #2099, .F. ) ;
#2232 = EDGE_CURVE ( 'NONE', #344, #1359, #422, .T. ) ;
#2233 = ORIENTED_EDGE ( 'NONE', *, *, #504, .F. ) ;
#2234 = CARTESIAN_POINT ( 'NONE',  ( 85.08034162289249025, 80.47382130086440100, 189.8577491323860045 ) ) ;
#2235 = CARTESIAN_POINT ( 'NONE',  ( 123.2363233265990061, 56.49323288607840254, 162.4281373699469952 ) ) ;
#2236 = DIRECTION ( 'NONE',  ( 0.5000000000002690070, -0.8660254037842350927, -2.893876314450041197E-07 ) ) ;
#2237 = ORIENTED_EDGE ( 'NONE', *, *, #662, .F. ) ;
#2238 = LINE ( 'NONE', #411, #216 ) ;
#2239 = VERTEX_POINT ( 'NONE', #878 ) ;
#2240 = CARTESIAN_POINT ( 'NONE',  ( 97.46039120467008843, 82.10327791604679248, 187.0323910883329859 ) ) ;
#2241 = CARTESIAN_POINT ( 'NONE',  ( 71.24140246069259774, 120.6707661385979975, 187.0345297258139965 ) ) ;
#2242 = CARTESIAN_POINT ( 'NONE',  ( 74.21715509677439115, 123.0921042262324221, 188.4658186637666688 ) ) ;
#2243 = ORIENTED_EDGE ( 'NONE', *, *, #772, .F. ) ;
#2244 = ADVANCED_FACE ( 'NONE', ( #1500 ), #1092, .F. ) ;
#2245 = VERTEX_POINT ( 'NONE', #2133 ) ;
#2246 = AXIS2_PLACEMENT_3D ( 'NONE', #1077, #1497, #268 ) ;
#2247 = DIRECTION ( 'NONE',  ( -1.054711873393899897E-15, 6.538968091954519823E-15, -1.000000000000000000 ) ) ;
#2248 = VECTOR ( 'NONE', #2138, 1000.000000000000000 ) ;
#2249 = CIRCLE ( 'NONE', #1949, 3.000000000000002665 ) ;
#2250 = FACE_OUTER_BOUND ( 'NONE', #2660, .T. ) ;
#2251 = AXIS2_PLACEMENT_3D ( 'NONE', #2226, #1192, #1218 ) ;
#2252 = AXIS2_PLACEMENT_3D ( 'NONE', #2662, #214, #1638 ) ;
#2253 = DIRECTION ( 'NONE',  ( 3.053113317719310254E-15, -2.671759798173150283E-15, -1.000000000000000000 ) ) ;
#2254 = EDGE_LOOP ( 'NONE', ( #844, #1071, #1623, #865 ) ) ;
#2255 = VECTOR ( 'NONE', #104, 1000.000000000000000 ) ;
#2256 = FACE_BOUND ( 'NONE', #794, .T. ) ;
#2257 = EDGE_LOOP ( 'NONE', ( #2506, #1438, #1181, #702 ) ) ;
#2258 = DIRECTION ( 'NONE',  ( 0.4842009716430028532, 0.8749568098254747461, 5.210622147386360110E-15 ) ) ;
#2259 = CARTESIAN_POINT ( 'NONE',  ( 75.89012345451439501, 105.5514935092840005, 190.2577491323860102 ) ) ;
#2260 = FACE_OUTER_BOUND ( 'NONE', #2044, .T. ) ;
#2261 = ORIENTED_EDGE ( 'NONE', *, *, #2332, .F. ) ;
#2262 = ORIENTED_EDGE ( 'NONE', *, *, #2089, .T. ) ;
#2263 = DIRECTION ( 'NONE',  ( -0.9999999999997297717, 4.625929269270221725E-14, 7.352090027312376239E-07 ) ) ;
#2264 = ADVANCED_FACE ( 'NONE', ( #1109 ), #43, .F. ) ;
#2265 = FACE_BOUND ( 'NONE', #632, .T. ) ;
#2266 = CARTESIAN_POINT ( 'NONE',  ( 89.60787959478190601, 104.3246747646489894, 181.2577491323860102 ) ) ;
#2267 = CARTESIAN_POINT ( 'NONE',  ( 73.34706182854500867, 119.1970645378000029, 187.0344490460457791 ) ) ;
#2268 = VERTEX_POINT ( 'NONE', #460 ) ;
#2269 = EDGE_CURVE ( 'NONE', #976, #1857, #1312, .T. ) ;
#2270 = DIRECTION ( 'NONE',  ( 1.000000000000000000, -2.842549949700360120E-14, 3.053113317719390323E-15 ) ) ;
#2271 = ADVANCED_BREP_SHAPE_REPRESENTATION ( 'Micron_Foot_Mount_B', ( #1905, #967 ), #613 ) ;
#2272 = ORIENTED_EDGE ( 'NONE', *, *, #300, .T. ) ;
#2273 = APPLICATION_CONTEXT ( 'automotive_design' ) ;
#2274 = CARTESIAN_POINT ( 'NONE',  ( 117.0336460004180026, 86.55149228713979426, 190.2577491323860102 ) ) ;
#2275 = CARTESIAN_POINT ( 'NONE',  ( 90.60787959478190601, 103.7328907387300063, 182.2577491323860102 ) ) ;
#2276 = CARTESIAN_POINT ( 'NONE',  ( 119.3470618285449945, 119.1970645377999602, 189.8577491323860045 ) ) ;
#2277 = VERTEX_POINT ( 'NONE', #2083 ) ;
#2278 = ORIENTED_EDGE ( 'NONE', *, *, #106, .F. ) ;
#2279 = DIRECTION ( 'NONE',  ( -0.5310988381199549524, 0.8473098749263069385, 0.000000000000000000 ) ) ;
#2280 = CARTESIAN_POINT ( 'NONE',  ( 101.8911043767839857, 69.56815423505679519, 184.5071282691920089 ) ) ;
#2281 = FACE_OUTER_BOUND ( 'NONE', #1785, .T. ) ;
#2282 = ADVANCED_FACE ( 'NONE', ( #1057 ), #2034, .F. ) ;
#2283 = CARTESIAN_POINT ( 'NONE',  ( 105.4774707116630168, 104.7007541320480044, 186.8577491323860045 ) ) ;
#2284 = ORIENTED_EDGE ( 'NONE', *, *, #944, .F. ) ;
#2285 = CARTESIAN_POINT ( 'NONE',  ( 118.4470618285449603, 119.1970645377999745, 181.2577491323860102 ) ) ;
#2286 = LINE ( 'NONE', #799, #2509 ) ;
#2287 = CARTESIAN_POINT ( 'NONE',  ( 73.56918193837623221, 123.4688573470430555, 187.7166370317530948 ) ) ;
#2288 = ORIENTED_EDGE ( 'NONE', *, *, #2014, .T. ) ;
#2289 = ORIENTED_EDGE ( 'NONE', *, *, #2496, .T. ) ;
#2290 = CARTESIAN_POINT ( 'NONE',  ( 97.78287959478190317, 101.9575386609709966, 187.2577474795689909 ) ) ;
#2291 = VECTOR ( 'NONE', #105, 1000.000000000000114 ) ;
#2292 = CARTESIAN_POINT ( 'NONE',  ( 113.3470618285450087, 85.19706453780003130, 187.0325795890360894 ) ) ;
#2293 = DIRECTION ( 'NONE',  ( -1.797238939864825097E-30, 6.538968091954510356E-15, -1.000000000000000000 ) ) ;
#2294 = CONICAL_SURFACE ( 'NONE', #1172, 1.899999999999999023, 0.7853981633973557974 ) ;
#2295 = VECTOR ( 'NONE', #1211, 1000.000000000000000 ) ;
#2296 = B_SPLINE_SURFACE_WITH_KNOTS ( 'NONE', 3, 1, ( 
 ( #1106, #2103 ),
 ( #2536, #89 ),
 ( #1510, #1928 ),
 ( #718, #1532 ),
 ( #675, #62 ),
 ( #1310, #1079 ),
 ( #1544, #1294 ),
 ( #2128, #665 ),
 ( #2360, #1956 ),
 ( #1900, #899 ),
 ( #2334, #51 ),
 ( #243, #887 ),
 ( #2372, #508 ) ),
 .UNSPECIFIED., .F., .F., .F.,
 ( 4, 3, 3, 3, 4 ),
 ( 2, 2 ),
 ( -4.312242305663790631, -1.390233636604410128, -0.9671814351685860123, -0.01679034727675679864, 21.65749227827290113 ),
 ( -0.2258511264377720262, 0.4575717917421219805 ),
 .UNSPECIFIED. ) ;
#2297 = AXIS2_PLACEMENT_3D ( 'NONE', #1016, #571, #192 ) ;
#2298 = VECTOR ( 'NONE', #1469, 1000.000000000000000 ) ;
#2299 = ADVANCED_FACE ( 'NONE', ( #2501, #642 ), #631, .T. ) ;
#2300 = LINE ( 'NONE', #436, #2603 ) ;
#2301 = ORIENTED_EDGE ( 'NONE', *, *, #968, .T. ) ;
#2302 = LINE ( 'NONE', #1287, #292 ) ;
#2303 = CARTESIAN_POINT ( 'NONE',  ( 76.74960735621809249, 99.84696347406580230, 187.0333668622779726 ) ) ;
#2304 = FACE_OUTER_BOUND ( 'NONE', #1552, .T. ) ;
#2305 = VERTEX_POINT ( 'NONE', #1709 ) ;
#2306 = EDGE_CURVE ( 'NONE', #2407, #993, #1473, .T. ) ;
#2307 = ORIENTED_EDGE ( 'NONE', *, *, #1570, .F. ) ;
#2308 = CARTESIAN_POINT ( 'NONE',  ( 120.2111226349559985, -50.93554778651600401, 187.0249500844259956 ) ) ;
#2309 = B_SPLINE_CURVE_WITH_KNOTS ( 'NONE', 3,
 ( #2259, #382, #587, #828, #1829, #990, #1608, #1032, #400, #1237 ),
 .UNSPECIFIED., .F., .F.,
 ( 4, 3, 3, 4 ),
 ( -2.184904197030540285, -1.296594607651539999, -0.4068769000082750331, 0.000000000000000000 ),
 .UNSPECIFIED. ) ;
#2310 =( BOUNDED_CURVE ( )  B_SPLINE_CURVE ( 3, ( #1651, #1621, #1452, #207 ),
 .UNSPECIFIED., .F., .T. ) 
 B_SPLINE_CURVE_WITH_KNOTS ( ( 4, 4 ),
 ( 1.554005970457787100, 4.695598624047580216 ),
 .UNSPECIFIED. ) 
 CURVE ( )  GEOMETRIC_REPRESENTATION_ITEM ( )  RATIONAL_B_SPLINE_CURVE ( ( 1.000000000000000000, 0.3333333333333333703, 0.3333333333333333703, 1.000000000000000000 ) ) 
 REPRESENTATION_ITEM ( '' )  );
#2311 = CARTESIAN_POINT ( 'NONE',  ( 97.46039403035680948, 82.10344619247300102, 184.0323910930533771 ) ) ;
#2312 = CARTESIAN_POINT ( 'NONE',  ( 97.46039403035671000, 76.10344619247290154, 184.0320545401999937 ) ) ;
#2313 = CARTESIAN_POINT ( 'NONE',  ( 93.03751779070690020, 86.55149298181019901, 190.8577491323860045 ) ) ;
#2314 = VERTEX_POINT ( 'NONE', #2094 ) ;
#2315 = CARTESIAN_POINT ( 'NONE',  ( 118.0068689802680098, 131.9239862806170152, 187.6528699837059833 ) ) ;
#2316 = FACE_OUTER_BOUND ( 'NONE', #1987, .T. ) ;
#2317 = SURFACE_STYLE_USAGE ( .BOTH. , #2344 ) ;
#2318 = ORIENTED_EDGE ( 'NONE', *, *, #442, .F. ) ;
#2319 = ORIENTED_EDGE ( 'NONE', *, *, #2211, .F. ) ;
#2320 = EDGE_CURVE ( 'NONE', #1053, #1266, #2300, .T. ) ;
#2321 = CARTESIAN_POINT ( 'NONE',  ( 98.23134235640610257, 107.6164586902850147, 187.4577474795690080 ) ) ;
#2322 = FACE_OUTER_BOUND ( 'NONE', #453, .T. ) ;
#2323 = CARTESIAN_POINT ( 'NONE',  ( 100.4603912046700032, 76.10327791588832724, 187.0320573611670056 ) ) ;
#2324 = CARTESIAN_POINT ( 'NONE',  ( 89.41122914772179797, 87.35858999495719956, 190.8577491323860045 ) ) ;
#2325 = ORIENTED_EDGE ( 'NONE', *, *, #141, .F. ) ;
#2326 = DIRECTION ( 'NONE',  ( 0.6546536707079532169, -0.3779644730092601712, -0.6546536707079821937 ) ) ;
#2327 = FACE_OUTER_BOUND ( 'NONE', #643, .T. ) ;
#2328 = DIRECTION ( 'NONE',  ( 1.000000000000000000, 0.000000000000000000, 0.000000000000000000 ) ) ;
#2329 = EDGE_LOOP ( 'NONE', ( #1678, #389, #1467, #409 ) ) ;
#2330 = ORIENTED_EDGE ( 'NONE', *, *, #355, .T. ) ;
#2331 = DIRECTION ( 'NONE',  ( -4.476023947212479948E-14, -1.000000000000000000, 0.000000000000000000 ) ) ;
#2332 = EDGE_CURVE ( 'NONE', #1139, #2570, #1070, .T. ) ;
#2333 = EDGE_CURVE ( 'NONE', #981, #845, #1275, .T. ) ;
#2334 = CARTESIAN_POINT ( 'NONE',  ( 75.89012569151120147, 90.93960842117699883, 192.1162603967640337 ) ) ;
#2335 = CARTESIAN_POINT ( 'NONE',  ( 94.46039403035663895, 76.10344619263146626, 184.0320517145140968 ) ) ;
#2336 = AXIS2_PLACEMENT_3D ( 'NONE', #155, #2663, #804 ) ;
#2337 = CIRCLE ( 'NONE', #2080, 1.699999999999993072 ) ;
#2338 = DIRECTION ( 'NONE',  ( 7.352090047874198443E-07, -2.089868319577729616E-20, 0.9999999999997297717 ) ) ;
#2339 = ORIENTED_EDGE ( 'NONE', *, *, #1902, .F. ) ;
#2340 = CIRCLE ( 'NONE', #1133, 3.000000000000002665 ) ;
#2341 = VECTOR ( 'NONE', #2652, 1000.000000000000000 ) ;
#2342 = CARTESIAN_POINT ( 'NONE',  ( 98.80787959478209359, 107.2835948942450131, 187.2577474795689909 ) ) ;
#2343 = CARTESIAN_POINT ( 'NONE',  ( 77.70541488123538443, 125.6945319342849814, 190.2577491323860102 ) ) ;
#2344 = SURFACE_SIDE_STYLE ('',( #1677 ) ) ;
#2345 = ORIENTED_EDGE ( 'NONE', *, *, #70, .T. ) ;
#2346 = VECTOR ( 'NONE', #331, 1000.000000000000000 ) ;
#2347 = ORIENTED_EDGE ( 'NONE', *, *, #2500, .T. ) ;
#2348 = DIRECTION ( 'NONE',  ( 0.6546536707080510276, 0.3779644730092242000, -0.6546536707079050332 ) ) ;
#2349 = EDGE_CURVE ( 'NONE', #2268, #1104, #1685, .T. ) ;
#2350 = DIRECTION ( 'NONE',  ( 9.418955660663403017E-07, 5.609214203931411208E-05, -0.9999999984263922004 ) ) ;
#2351 = ADVANCED_FACE ( 'NONE', ( #323 ), #919, .T. ) ;
#2352 = CARTESIAN_POINT ( 'NONE',  ( 98.20787959478202822, 104.9164587905678445, 190.2577491323860102 ) ) ;
#2353 = EDGE_LOOP ( 'NONE', ( #1186, #1022, #743, #1710 ) ) ;
#2354 = DIRECTION ( 'NONE',  ( -0.8660254037843099217, 0.5000000000002230438, 0.000000000000000000 ) ) ;
#2355 = CARTESIAN_POINT ( 'NONE',  ( 79.78676361360970759, 94.02094663058520041, 187.0330426237840129 ) ) ;
#2356 = CARTESIAN_POINT ( 'NONE',  ( 113.3470618285450087, 73.19706453779998867, 183.6319064779802659 ) ) ;
#2357 = ORIENTED_EDGE ( 'NONE', *, *, #1048, .F. ) ;
#2358 = EDGE_LOOP ( 'NONE', ( #1213, #22, #927 ) ) ;
#2359 = APPLICATION_CONTEXT ( 'automotive_design' ) ;
#2360 = CARTESIAN_POINT ( 'NONE',  ( 75.89012656473670404, 121.1058400106220034, 192.1162603967640337 ) ) ;
#2361 = LINE ( 'NONE', #1331, #1472 ) ;
#2362 = CARTESIAN_POINT ( 'NONE',  ( 98.80787953684250624, 107.2835947939620098, 187.4577474795690080 ) ) ;
#2363 = ORIENTED_EDGE ( 'NONE', *, *, #1373, .T. ) ;
#2364 = EDGE_CURVE ( 'NONE', #1549, #543, #1738, .T. ) ;
#2365 = DIRECTION ( 'NONE',  ( -1.000000000000000000, 1.632680918566413341E-14, 0.000000000000000000 ) ) ;
#2366 = DIRECTION ( 'NONE',  ( 0.9999999999999995559, -2.899996452811358456E-08, -1.823442702188650115E-22 ) ) ;
#2367 = ORIENTED_EDGE ( 'NONE', *, *, #457, .F. ) ;
#2368 = ORIENTED_EDGE ( 'NONE', *, *, #1309, .T. ) ;
#2369 = CARTESIAN_POINT ( 'NONE',  ( 79.34706182854500867, 125.1970645378000171, 183.6347912449217006 ) ) ;
#2370 = FACE_OUTER_BOUND ( 'NONE', #2254, .T. ) ;
#2371 = VERTEX_POINT ( 'NONE', #696 ) ;
#2372 = CARTESIAN_POINT ( 'NONE',  ( 75.89012401842290956, 33.14152147427199679, 192.1162603967640337 ) ) ;
#2373 = DIRECTION ( 'NONE',  ( 0.8660254037843099217, -0.5000000000002230438, 3.979953645795030241E-15 ) ) ;
#2374 = CARTESIAN_POINT ( 'NONE',  ( 89.41122914772179797, 87.35858999495719956, 187.0326783134920277 ) ) ;
#2375 = CARTESIAN_POINT ( 'NONE',  ( 119.0373997698700066, 85.37922251865150258, 187.0325951663710100 ) ) ;
#2376 = VERTEX_POINT ( 'NONE', #2154 ) ;
#2377 = AXIS2_PLACEMENT_3D ( 'NONE', #182, #1250, #2440 ) ;
#2378 = EDGE_CURVE ( 'NONE', #557, #68, #2569, .T. ) ;
#2379 = LINE ( 'NONE', #501, #1866 ) ;
#2380 = CARTESIAN_POINT ( 'NONE',  ( 76.34706182854500867, 119.1970645378000029, 190.2577491323854417 ) ) ;
#2381 = ORIENTED_EDGE ( 'NONE', *, *, #2413, .F. ) ;
#2382 = VECTOR ( 'NONE', #815, 1000.000000000000114 ) ;
#2383 = VECTOR ( 'NONE', #1650, 1000.000000000000114 ) ;
#2384 = ORIENTED_EDGE ( 'NONE', *, *, #1636, .F. ) ;
#2385 = CIRCLE ( 'NONE', #78, 2.700000000000737810 ) ;
#2386 = CARTESIAN_POINT ( 'NONE',  ( 97.40787988886570758, 107.6164587905680037, 187.6577524789900053 ) ) ;
#2387 = AXIS2_PLACEMENT_3D ( 'NONE', #2181, #1346, #103 ) ;
#2388 = CARTESIAN_POINT ( 'NONE',  ( 94.51649918445480125, 74.43001505422229513, 187.0319579057419901 ) ) ;
#2389 = EDGE_CURVE ( 'NONE', #1303, #764, #721, .T. ) ;
#2390 = VERTEX_POINT ( 'NONE', #2352 ) ;
#2391 = CARTESIAN_POINT ( 'NONE',  ( 90.40266624692890218, 75.49763465982870514, 181.3577491323860045 ) ) ;
#2392 = APPLICATION_PROTOCOL_DEFINITION ( 'draft international standard', 'automotive_design', 1998, #2359 ) ;
#2393 = CARTESIAN_POINT ( 'NONE',  ( 88.74694227408750180, 87.57031900847289307, 187.0326895591439893 ) ) ;
#2394 = CARTESIAN_POINT ( 'NONE',  ( 116.4893165484319866, 86.55149230292539642, 187.0326585214660042 ) ) ;
#2395 = ORIENTED_EDGE ( 'NONE', *, *, #121, .F. ) ;
#2396 = DIRECTION ( 'NONE',  ( -1.000000000000000000, 1.632680918566413341E-14, 0.000000000000000000 ) ) ;
#2397 = ORIENTED_EDGE ( 'NONE', *, *, #87, .T. ) ;
#2398 = DIRECTION ( 'NONE',  ( 4.476023947211920172E-14, 0.9999999999998742117, 5.014133996894961311E-07 ) ) ;
#2399 = LINE ( 'NONE', #534, #469 ) ;
#2400 = EDGE_CURVE ( 'NONE', #2407, #2277, #1959, .T. ) ;
#2401 = VERTEX_POINT ( 'NONE', #293 ) ;
#2402 = DIRECTION ( 'NONE',  ( 0.02722022634645378941, -0.9996294609892446559, -6.515883703537758561E-15 ) ) ;
#2403 = CARTESIAN_POINT ( 'NONE',  ( 92.00787988886548874, 102.2164587905679980, 187.6577524789900053 ) ) ;
#2404 = CARTESIAN_POINT ( 'NONE',  ( 117.5775563995699997, 86.31947707272060200, 187.0326465322430352 ) ) ;
#2405 = VERTEX_POINT ( 'NONE', #540 ) ;
#2406 = LINE ( 'NONE', #1365, #1517 ) ;
#2407 = VERTEX_POINT ( 'NONE', #2362 ) ;
#2408 = VERTEX_POINT ( 'NONE', #107 ) ;
#2409 = DIRECTION ( 'NONE',  ( 1.787323579971820041E-28, 6.287747309982089856E-15, -1.000000000000000000 ) ) ;
#2410 = CARTESIAN_POINT ( 'NONE',  ( -18.48451469236430000, -41.44605897248410287, 187.0253517333750040 ) ) ;
#2411 = EDGE_LOOP ( 'NONE', ( #2307, #1580, #969, #1569, #2482, #2190, #1679, #1364, #2560 ) ) ;
#2412 = FACE_OUTER_BOUND ( 'NONE', #1963, .T. ) ;
#2413 = EDGE_CURVE ( 'NONE', #2314, #1884, #2196, .T. ) ;
#2414 = EDGE_CURVE ( 'NONE', #1121, #379, #2340, .T. ) ;
#2415 = CARTESIAN_POINT ( 'NONE',  ( 92.00787959478209643, 107.6164587905680037, 187.2577524789900281 ) ) ;
#2416 = DIRECTION ( 'NONE',  ( -1.000000000000000000, 2.842549949700360120E-14, 0.000000000000000000 ) ) ;
#2417 = VERTEX_POINT ( 'NONE', #1212 ) ;
#2418 = ADVANCED_FACE ( 'NONE', ( #395 ), #1614, .F. ) ;
#2419 = PLANE ( 'NONE',  #2081 ) ;
#2420 = EDGE_LOOP ( 'NONE', ( #240, #821, #816, #2523, #672, #1999 ) ) ;
#2421 = VECTOR ( 'NONE', #634, 1000.000000000000000 ) ;
#2422 = LINE ( 'NONE', #560, #960 ) ;
#2423 = DIRECTION ( 'NONE',  ( 9.418955660663403017E-07, 5.609214204051081378E-05, -0.9999999984263922004 ) ) ;
#2424 = DIRECTION ( 'NONE',  ( -0.8944271909998878778, 0.000000000000000000, -0.4472135955000139385 ) ) ;
#2425 = VECTOR ( 'NONE', #1401, 1000.000000000000114 ) ;
#2426 = VECTOR ( 'NONE', #921, 1000.000000000000114 ) ;
#2427 = CIRCLE ( 'NONE', #1954, 1.699999999999993072 ) ;
#2428 = VECTOR ( 'NONE', #2402, 1000.000000000000114 ) ;
#2429 = ORIENTED_EDGE ( 'NONE', *, *, #230, .F. ) ;
#2430 = LINE ( 'NONE', #1403, #1268 ) ;
#2431 = CARTESIAN_POINT ( 'NONE',  ( 75.40995347162379403, 122.0518806468076747, 190.0130948331082550 ) ) ;
#2432 = EDGE_CURVE ( 'NONE', #966, #647, #1167, .T. ) ;
#2433 = DIRECTION ( 'NONE',  ( 1.000000000000000000, -1.468691771175450204E-14, -1.054711873393999885E-15 ) ) ;
#2434 = PLANE ( 'NONE',  #1992 ) ;
#2435 = ORIENTED_EDGE ( 'NONE', *, *, #70, .F. ) ;
#2436 = ADVANCED_FACE ( 'NONE', ( #2679 ), #807, .F. ) ;
#2437 = DIRECTION ( 'NONE',  ( -0.5310988375326772815, 0.8473098739893702991, 4.702718623792641610E-05 ) ) ;
#2438 = ORIENTED_EDGE ( 'NONE', *, *, #152, .T. ) ;
#2439 = DIRECTION ( 'NONE',  ( 0.2810846377148879527, 0.6785983445458250163, -0.6785983445458408925 ) ) ;
#2440 = DIRECTION ( 'NONE',  ( 1.000000000000000000, 0.000000000000000000, 0.000000000000000000 ) ) ;
#2441 = CARTESIAN_POINT ( 'NONE',  ( 73.54282319372548216, 123.4809282157753501, 187.6875585359315721 ) ) ;
#2442 = ORIENTED_EDGE ( 'NONE', *, *, #2400, .T. ) ;
#2443 = LINE ( 'NONE', #537, #1996 ) ;
#2444 = CARTESIAN_POINT ( 'NONE',  ( 113.3470618285449945, 79.19706453780001709, 187.0322430361833312 ) ) ;
#2445 = DIRECTION ( 'NONE',  ( -1.000000000000000000, 1.421085471520204158E-14, 0.000000000000000000 ) ) ;
#2446 = CARTESIAN_POINT ( 'NONE',  ( 66.97076700696840135, 109.3656589428090058, 189.8577491323860045 ) ) ;
#2447 = ORIENTED_EDGE ( 'NONE', *, *, #1969, .F. ) ;
#2448 = CARTESIAN_POINT ( 'NONE',  ( 110.6892612718850017, 39.61760218052619820, 187.0300204359849943 ) ) ;
#2449 = ORIENTED_EDGE ( 'NONE', *, *, #10, .T. ) ;
#2450 = DIRECTION ( 'NONE',  ( -0.000000000000000000, -0.000000000000000000, 1.000000000000000000 ) ) ;
#2451 = DIRECTION ( 'NONE',  ( 2.989436723892924996E-44, 5.921189464667490768E-15, -1.000000000000000000 ) ) ;
#2452 = CARTESIAN_POINT ( 'NONE',  ( 74.23062104265170547, 123.0824293617027223, 188.4822810667367321 ) ) ;
#2453 = ORIENTED_EDGE ( 'NONE', *, *, #694, .F. ) ;
#2454 = EDGE_LOOP ( 'NONE', ( #60, #2155, #1327, #2237 ) ) ;
#2455 = PLANE ( 'NONE',  #2252 ) ;
#2456 = CARTESIAN_POINT ( 'NONE',  ( 119.3470618285450087, 73.19706453779998867, 187.0319121347039584 ) ) ;
#2457 = DIRECTION ( 'NONE',  ( 7.758053781729090430E-44, 6.661338147750930565E-15, -1.000000000000000000 ) ) ;
#2458 = DIRECTION ( 'NONE',  ( 9.073263863045059822E-30, 6.538968091954500101E-15, -1.000000000000000000 ) ) ;
#2459 = ORIENTED_EDGE ( 'NONE', *, *, #424, .F. ) ;
#2460 = CARTESIAN_POINT ( 'NONE',  ( 97.46039120467008843, 79.10327791604690617, 181.4577491323860272 ) ) ;
#2461 = ORIENTED_EDGE ( 'NONE', *, *, #2054, .F. ) ;
#2462 = EDGE_CURVE ( 'NONE', #1418, #2026, #763, .T. ) ;
#2463 = LINE ( 'NONE', #2657, #2693 ) ;
#2464 = CARTESIAN_POINT ( 'NONE',  ( 79.34706182854500867, 119.1970645378000029, 171.7469644756049547 ) ) ;
#2465 = CARTESIAN_POINT ( 'NONE',  ( 116.2111229035459985, 86.55149231099299811, 190.8577491323860045 ) ) ;
#2466 = ORIENTED_EDGE ( 'NONE', *, *, #1258, .F. ) ;
#2467 = VECTOR ( 'NONE', #750, 1000.000000000000000 ) ;
#2468 = VERTEX_POINT ( 'NONE', #1603 ) ;
#2469 = EDGE_CURVE ( 'NONE', #318, #824, #551, .T. ) ;
#2470 = AXIS2_PLACEMENT_3D ( 'NONE', #2572, #1353, #1151 ) ;
#2471 = CARTESIAN_POINT ( 'NONE',  ( 94.70787959478199980, 104.9164587905680008, 187.6577544640549888 ) ) ;
#2472 = DIRECTION ( 'NONE',  ( 1.054711873393899897E-15, -6.538968091954519823E-15, 1.000000000000000000 ) ) ;
#2473 = AXIS2_PLACEMENT_3D ( 'NONE', #1314, #881, #866 ) ;
#2474 = CARTESIAN_POINT ( 'NONE',  ( 116.3470618285449945, 79.19706453780001709, 171.7469644756049547 ) ) ;
#2475 = FACE_OUTER_BOUND ( 'NONE', #2358, .T. ) ;
#2476 = ORIENTED_EDGE ( 'NONE', *, *, #812, .T. ) ;
#2477 = CARTESIAN_POINT ( 'NONE',  ( 93.35787959478190601, 102.2164587905679980, 187.2577474795689909 ) ) ;
#2478 = ORIENTED_EDGE ( 'NONE', *, *, #570, .F. ) ;
#2479 = LINE ( 'NONE', #413, #2037 ) ;
#2480 = CYLINDRICAL_SURFACE ( 'NONE', #2377, 1.699999999999993072 ) ;
#2481 = CARTESIAN_POINT ( 'NONE',  ( 116.2111229035459985, 86.55149231099299811, 183.8326511695900081 ) ) ;
#2482 = ORIENTED_EDGE ( 'NONE', *, *, #1471, .T. ) ;
#2483 = ORIENTED_EDGE ( 'NONE', *, *, #1704, .T. ) ;
#2484 = CARTESIAN_POINT ( 'NONE',  ( 75.89012345451439501, 105.5514935092840005, 190.2577491323860102 ) ) ;
#2485 = EDGE_CURVE ( 'NONE', #235, #1695, #616, .T. ) ;
#2486 = DIRECTION ( 'NONE',  ( 0.8660254037844582475, 0.4999999999999660827, 2.356076769944820370E-15 ) ) ;
#2487 = DIRECTION ( 'NONE',  ( -2.842549949700355071E-14, -1.000000000000000000, 0.000000000000000000 ) ) ;
#2488 = CARTESIAN_POINT ( 'NONE',  ( 79.63481488228720195, 94.22561282550950068, 190.8577491323860045 ) ) ;
#2489 = VERTEX_POINT ( 'NONE', #2267 ) ;
#2490 = DIRECTION ( 'NONE',  ( -9.467593208413250126E-29, -6.661338147750930565E-15, 1.000000000000000000 ) ) ;
#2491 = CARTESIAN_POINT ( 'NONE',  ( 90.60787953684229024, 102.5493225866079996, 187.4577474795690080 ) ) ;
#2492 = CARTESIAN_POINT ( 'NONE',  ( 75.25331567531995347, 121.9905770624451549, 189.9052425839897182 ) ) ;
#2493 = VERTEX_POINT ( 'NONE', #1589 ) ;
#2494 = VERTEX_POINT ( 'NONE', #1822 ) ;
#2495 = DIRECTION ( 'NONE',  ( -7.352090047874198443E-07, 2.089868319577729616E-20, -0.9999999999997297717 ) ) ;
#2496 = EDGE_CURVE ( 'NONE', #2268, #2277, #2009, .T. ) ;
#2497 = CARTESIAN_POINT ( 'NONE',  ( 98.80787959478209359, 107.2835948942450131, 181.8577491323860045 ) ) ;
#2498 = EDGE_CURVE ( 'NONE', #950, #1880, #176, .T. ) ;
#2499 = CARTESIAN_POINT ( 'NONE',  ( 120.2111226349569932, 91.10327210760539174, 190.2577491323860102 ) ) ;
#2500 = EDGE_CURVE ( 'NONE', #298, #2305, #1014, .T. ) ;
#2501 = FACE_BOUND ( 'NONE', #2056, .T. ) ;
#2502 = EDGE_LOOP ( 'NONE', ( #1235, #267, #1590, #212 ) ) ;
#2503 = LINE ( 'NONE', #18, #832 ) ;
#2504 = CARTESIAN_POINT ( 'NONE',  ( 78.39274607341180001, 96.12965247052559903, 187.0331595427899742 ) ) ;
#2505 = DIRECTION ( 'NONE',  ( 1.000000000000000000, -6.221039004500501156E-15, 1.396160367313400170E-28 ) ) ;
#2506 = ORIENTED_EDGE ( 'NONE', *, *, #1372, .F. ) ;
#2507 = ORIENTED_EDGE ( 'NONE', *, *, #2462, .F. ) ;
#2508 = CARTESIAN_POINT ( 'NONE',  ( 98.80787959478209359, 107.2835948942450131, 182.2577491323860102 ) ) ;
#2509 = VECTOR ( 'NONE', #1633, 1000.000000000000000 ) ;
#2510 = PLANE ( 'NONE',  #1 ) ;
#2511 = PLANE ( 'NONE',  #1484 ) ;
#2512 = ADVANCED_FACE ( 'NONE', ( #2475 ), #2434, .T. ) ;
#2513 = AXIS2_PLACEMENT_3D ( 'NONE', #445, #232, #1273 ) ;
#2514 = UNCERTAINTY_MEASURE_WITH_UNIT (LENGTH_MEASURE( 1.000000000000000082E-05 ), #1102, 'distance_accuracy_value', 'NONE');
#2515 = AXIS2_PLACEMENT_3D ( 'NONE', #2025, #2043, #2068 ) ;
#2516 = CIRCLE ( 'NONE', #295, 3.000000004719495461 ) ;
#2517 = CARTESIAN_POINT ( 'NONE',  ( 114.6470618285450058, 119.1970645378000313, 189.8577491323860045 ) ) ;
#2518 = ORIENTED_EDGE ( 'NONE', *, *, #1746, .F. ) ;
#2519 = EDGE_CURVE ( 'NONE', #1800, #712, #1244, .T. ) ;
#2520 = DIRECTION ( 'NONE',  ( -0.6654008590703051063, 0.3383579975616000657, -0.6653987993937200418 ) ) ;
#2521 = CARTESIAN_POINT ( 'NONE',  ( 81.47278516569640772, 92.10288870254039750, 187.0329369292670094 ) ) ;
#2522 = CARTESIAN_POINT ( 'NONE',  ( 116.3470618285449945, 79.19706453780001709, 181.2577491323860102 ) ) ;
#2523 = ORIENTED_EDGE ( 'NONE', *, *, #1850, .F. ) ;
#2524 = ORIENTED_EDGE ( 'NONE', *, *, #978, .F. ) ;
#2525 = LINE ( 'NONE', #1926, #1297 ) ;
#2526 = CARTESIAN_POINT ( 'NONE',  ( 94.70787959478178664, 100.1821865832130101, 182.2577491323860102 ) ) ;
#2527 = CARTESIAN_POINT ( 'NONE',  ( 99.80787959478190885, 101.9719724177009965, 181.2577491323860102 ) ) ;
#2528 = CARTESIAN_POINT ( 'NONE',  ( 77.22378532760730252, 97.47313085683440192, 190.8577491323860045 ) ) ;
#2529 = ORIENTED_EDGE ( 'NONE', *, *, #2601, .F. ) ;
#2530 = ADVANCED_FACE ( 'NONE', ( #1026 ), #1200, .F. ) ;
#2531 = LINE ( 'NONE', #1932, #339 ) ;
#2532 = CARTESIAN_POINT ( 'NONE',  ( 76.28807813455721032, 101.7134324543499986, 187.0334711218000052 ) ) ;
#2533 = CARTESIAN_POINT ( 'NONE',  ( 66.97076700696840135, 109.3656589428090058, 182.4577491323860272 ) ) ;
#2534 = ORIENTED_EDGE ( 'NONE', *, *, #791, .T. ) ;
#2535 = CARTESIAN_POINT ( 'NONE',  ( 90.60787959478190601, 102.5493226868910028, 181.8577491323860045 ) ) ;
#2536 = CARTESIAN_POINT ( 'NONE',  ( 65.03365217428090261, 125.2888248144660110, 192.1162603967640337 ) ) ;
#2537 = CARTESIAN_POINT ( 'NONE',  ( 120.2111227875380166, 82.55149219017910411, 190.2577491323860102 ) ) ;
#2538 = CARTESIAN_POINT ( 'NONE',  ( 97.40787953684240108, 108.0918851708280073, 187.4577474795690080 ) ) ;
#2539 = VERTEX_POINT ( 'NONE', #1189 ) ;
#2540 = LINE ( 'NONE', #438, #343 ) ;
#2541 = CARTESIAN_POINT ( 'NONE',  ( 78.62364517863400692, 95.73710245956148412, 187.0331376914739963 ) ) ;
#2542 = CARTESIAN_POINT ( 'NONE',  ( 66.63232978143599894, 121.7943513802510012, 181.2577491323860102 ) ) ;
#2543 = ORIENTED_EDGE ( 'NONE', *, *, #1067, .T. ) ;
#2544 = EDGE_CURVE ( 'NONE', #758, #2239, #145, .T. ) ;
#2545 = ORIENTED_EDGE ( 'NONE', *, *, #2215, .F. ) ;
#2546 = DIRECTION ( 'NONE',  ( -3.460435401429205255E-15, 2.637246471572430381E-15, 1.000000000000000000 ) ) ;
#2547 = EDGE_CURVE ( 'NONE', #1742, #197, #1865, .T. ) ;
#2548 = DIRECTION ( 'NONE',  ( 7.352090047874198443E-07, -2.089868319577728412E-20, 0.9999999999997297717 ) ) ;
#2549 =( BOUNDED_SURFACE ( )  B_SPLINE_SURFACE ( 1, 2, ( 
 ( #2093, #862, #446, #1682, #1918, #233, #1698, #2323, #838 ),
 ( #2113, #2335, #256, #52, #1499, #1470, #640, #471, #2312 ) ),
 .UNSPECIFIED., .F., .T., .T. ) 
 B_SPLINE_SURFACE_WITH_KNOTS ( ( 2, 2 ),
 ( 3, 2, 2, 2, 3 ),
 ( -1.285663856608920051E-13, 0.9999999984268329589 ),
 ( -3.141592653589790007, -1.570796326794899889, 0.000000000000000000, 1.570796326794899889, 3.141592653589790007 ),
 .UNSPECIFIED. ) 
 GEOMETRIC_REPRESENTATION_ITEM ( )  RATIONAL_B_SPLINE_SURFACE ( (
 ( 1.000000000000000000, 0.7071067811865480168, 1.000000000000000000, 0.7071067811865480168, 1.000000000000000000, 0.7071067811865480168, 1.000000000000000000, 0.7071067811865480168, 1.000000000000000000),
 ( 1.000000000000000000, 0.7071067811865480168, 1.000000000000000000, 0.7071067811865480168, 1.000000000000000000, 0.7071067811865480168, 1.000000000000000000, 0.7071067811865480168, 1.000000000000000000) ) ) 
 REPRESENTATION_ITEM ( '' )  SURFACE ( )  );
#2550 = AXIS2_PLACEMENT_3D ( 'NONE', #715, #139, #150 ) ;
#2551 = AXIS2_PLACEMENT_3D ( 'NONE', #2643, #1622, #2673 ) ;
#2552 = VECTOR ( 'NONE', #95, 1000.000000000000000 ) ;
#2553 = CARTESIAN_POINT ( 'NONE',  ( 98.80787959478209359, 106.1000253883079978, 187.4577468862309786 ) ) ;
#2554 = EDGE_LOOP ( 'NONE', ( #1468, #1946, #2122, #2145, #717 ) ) ;
#2555 = AXIS2_PLACEMENT_3D ( 'NONE', #2460, #1617, #987 ) ;
#2556 = VECTOR ( 'NONE', #1833, 1000.000000000000000 ) ;
#2557 = DIRECTION ( 'NONE',  ( -7.352090047874198443E-07, 2.089868319577729616E-20, -0.9999999999997297717 ) ) ;
#2558 = CARTESIAN_POINT ( 'NONE',  ( 79.55265630594280424, 94.33627569879899966, 187.0330600381329873 ) ) ;
#2559 = FACE_OUTER_BOUND ( 'NONE', #2257, .T. ) ;
#2560 = ORIENTED_EDGE ( 'NONE', *, *, #1838, .F. ) ;
#2561 = VECTOR ( 'NONE', #2217, 1000.000000000000000 ) ;
#2562 = EDGE_LOOP ( 'NONE', ( #305, #1260 ) ) ;
#2563 = FACE_OUTER_BOUND ( 'NONE', #755, .T. ) ;
#2564 = FACE_BOUND ( 'NONE', #726, .T. ) ;
#2565 = PLANE ( 'NONE',  #1394 ) ;
#2566 = EDGE_CURVE ( 'NONE', #2689, #1053, #2427, .T. ) ;
#2567 = DIRECTION ( 'NONE',  ( -0.02426994306443279806, 0.8912839222918339521, -0.4527956931417669861 ) ) ;
#2568 =( BOUNDED_CURVE ( )  B_SPLINE_CURVE ( 3, ( #2146, #282, #1944, #2157 ),
 .UNSPECIFIED., .F., .T. ) 
 B_SPLINE_CURVE_WITH_KNOTS ( ( 4, 4 ),
 ( 0.3900924964672862205, 1.587586683132006016 ),
 .UNSPECIFIED. ) 
 CURVE ( )  GEOMETRIC_REPRESENTATION_ITEM ( )  RATIONAL_B_SPLINE_CURVE ( ( 1.000000000000000000, 0.8840282741658455068, 0.8840282741658455068, 1.000000000000000000 ) ) 
 REPRESENTATION_ITEM ( '' )  );
#2569 = LINE ( 'NONE', #1148, #41 ) ;
#2570 = VERTEX_POINT ( 'NONE', #888 ) ;
#2571 = DIRECTION ( 'NONE',  ( -1.148325603679259833E-14, -0.8080623063796720240, 0.5890970285176840848 ) ) ;
#2572 = CARTESIAN_POINT ( 'NONE',  ( 116.3470618285449945, 119.1970645378000029, 181.2577491323860102 ) ) ;
#2573 = ORIENTED_EDGE ( 'NONE', *, *, #1509, .T. ) ;
#2574 = DIRECTION ( 'NONE',  ( 0.5310988381199561736, -0.8473098749263061613, -6.100688486651920898E-15 ) ) ;
#2575 = LINE ( 'NONE', #2386, #648 ) ;
#2576 = DIRECTION ( 'NONE',  ( -2.896982209677170982E-07, -5.014133996894620380E-07, 0.9999999999998323563 ) ) ;
#2577 = ORIENTED_EDGE ( 'NONE', *, *, #1955, .T. ) ;
#2578 = CARTESIAN_POINT ( 'NONE',  ( 94.70787988886709741, 104.9164587905680008, 187.6577544640549888 ) ) ;
#2579 =( NAMED_UNIT ( * ) PLANE_ANGLE_UNIT ( ) SI_UNIT ( $, .RADIAN. ) );
#2580 = CARTESIAN_POINT ( 'NONE',  ( 91.61729218017011078, 86.83583787713338609, 187.0326510328820007 ) ) ;
#2581 = ADVANCED_FACE ( 'NONE', ( #1488 ), #1901, .F. ) ;
#2582 = CARTESIAN_POINT ( 'NONE',  ( 120.0813735492749998, 83.61157392503800168, 187.0324969984889947 ) ) ;
#2583 = ORIENTED_EDGE ( 'NONE', *, *, #1421, .F. ) ;
#2584 =( BOUNDED_CURVE ( )  B_SPLINE_CURVE ( 3, ( #2444, #1626, #2456, #593 ),
 .UNSPECIFIED., .F., .T. ) 
 B_SPLINE_CURVE_WITH_KNOTS ( ( 4, 4 ),
 ( 1.587586683132006016, 4.729179336721799132 ),
 .UNSPECIFIED. ) 
 CURVE ( )  GEOMETRIC_REPRESENTATION_ITEM ( )  RATIONAL_B_SPLINE_CURVE ( ( 1.000000000000000000, 0.3333333333333333703, 0.3333333333333333703, 1.000000000000000000 ) ) 
 REPRESENTATION_ITEM ( '' )  );
#2585 = EDGE_CURVE ( 'NONE', #2408, #811, #1095, .T. ) ;
#2586 = LINE ( 'NONE', #710, #1863 ) ;
#2587 = CARTESIAN_POINT ( 'NONE',  ( 75.25294657106425689, 121.9904338613801116, 187.0345939478051491 ) ) ;
#2588 = ORIENTED_EDGE ( 'NONE', *, *, #2413, .T. ) ;
#2589 = EDGE_LOOP ( 'NONE', ( #1366, #599 ) ) ;
#2590 = FACE_OUTER_BOUND ( 'NONE', #541, .T. ) ;
#2591 = CYLINDRICAL_SURFACE ( 'NONE', #430, 3.000000000000002665 ) ;
#2592 = VERTEX_POINT ( 'NONE', #2527 ) ;
#2593 = DIRECTION ( 'NONE',  ( 5.787752628906587608E-07, 0.000000000000000000, 0.9999999999998325784 ) ) ;
#2594 = CARTESIAN_POINT ( 'NONE',  ( 95.76039120467009980, 79.10327791604687775, 184.0322212060085008 ) ) ;
#2595 = CARTESIAN_POINT ( 'NONE',  ( 93.67490376789059781, 86.59056389878570315, 187.0326392058589988 ) ) ;
#2596 = CARTESIAN_POINT ( 'NONE',  ( 118.5251352310120012, 85.81421301700170545, 187.0326190561220017 ) ) ;
#2597 = ORIENTED_EDGE ( 'NONE', *, *, #570, .T. ) ;
#2598 = VECTOR ( 'NONE', #1440, 1000.000000000000000 ) ;
#2599 = CARTESIAN_POINT ( 'NONE',  ( 91.63287959478209643, 107.8753789201649909, 182.2577491323860102 ) ) ;
#2600 = ORIENTED_EDGE ( 'NONE', *, *, #2320, .T. ) ;
#2601 = EDGE_CURVE ( 'NONE', #1104, #2110, #1890, .T. ) ;
#2602 = VECTOR ( 'NONE', #1745, 1000.000000000000000 ) ;
#2603 = VECTOR ( 'NONE', #657, 1000.000000000000000 ) ;
#2604 = DIRECTION ( 'NONE',  ( 1.000000000000000000, -1.453507098161310179E-14, -4.447263036806719508E-16 ) ) ;
#2605 = AXIS2_PLACEMENT_3D ( 'NONE', #2234, #12, #2279 ) ;
#2606 = DIRECTION ( 'NONE',  ( -0.7068447705393589020, -0.01924760663501508262, 0.7071067811865369146 ) ) ;
#2607 = ORIENTED_EDGE ( 'NONE', *, *, #573, .T. ) ;
#2608 = DIRECTION ( 'NONE',  ( 0.9999999999997297717, -2.842550146129778096E-14, -7.352090047874199502E-07 ) ) ;
#2609 = CARTESIAN_POINT ( 'NONE',  ( 89.25108586619991513, 87.40761350012849107, 187.0326809134590178 ) ) ;
#2610 = CARTESIAN_POINT ( 'NONE',  ( 95.83287959478209928, 109.2321520527610090, 182.0577491323860215 ) ) ;
#2611 = VERTEX_POINT ( 'NONE', #2537 ) ;
#2612 = CARTESIAN_POINT ( 'NONE',  ( 74.64883804611223184, 122.7764531582119076, 187.0346207216847745 ) ) ;
#2613 = ORIENTED_EDGE ( 'NONE', *, *, #454, .T. ) ;
#2614 = EDGE_CURVE ( 'NONE', #2674, #1924, #2650, .T. ) ;
#2615 = CARTESIAN_POINT ( 'NONE',  ( 113.3470618285449945, 79.19706453780001709, 171.7469644756049547 ) ) ;
#2616 = ADVANCED_FACE ( 'NONE', ( #676 ), #2549, .T. ) ;
#2617 = PLANE ( 'NONE',  #870 ) ;
#2618 = DIRECTION ( 'NONE',  ( 1.632680915997924832E-14, 0.9999999984268357345, 5.609214263975802135E-05 ) ) ;
#2619 = ORIENTED_EDGE ( 'NONE', *, *, #1388, .F. ) ;
#2620 = VERTEX_POINT ( 'NONE', #435 ) ;
#2621 = EDGE_CURVE ( 'NONE', #976, #777, #1780, .T. ) ;
#2622 = CARTESIAN_POINT ( 'NONE',  ( 75.89012345451439501, 105.5514935092840005, 187.0336860320339838 ) ) ;
#2623 = CARTESIAN_POINT ( 'NONE',  ( 78.47046005173569938, 132.0977857363789951, 187.8266689014890005 ) ) ;
#2624 = CARTESIAN_POINT ( 'NONE',  ( 116.3470618285449945, 119.1970645378000029, 186.8577491323860045 ) ) ;
#2625 = VERTEX_POINT ( 'NONE', #2 ) ;
#2626 = DIRECTION ( 'NONE',  ( -2.899996452811368713E-08, -0.9999999999999996669, -6.538968061367907871E-15 ) ) ;
#2627 = ORIENTED_EDGE ( 'NONE', *, *, #230, .T. ) ;
#2628 = VERTEX_POINT ( 'NONE', #1878 ) ;
#2629 = CARTESIAN_POINT ( 'NONE',  ( 116.3470618285449945, 119.1970645378000029, 181.4577491323860272 ) ) ;
#2630 = ADVANCED_FACE ( 'NONE', ( #1660 ), #2511, .F. ) ;
#2631 = EDGE_LOOP ( 'NONE', ( #311, #1406, #817, #1757, #1496, #1703 ) ) ;
#2632 = CARTESIAN_POINT ( 'NONE',  ( 97.40787959478190317, 102.2164587905679980, 187.2577524789900281 ) ) ;
#2633 = DIRECTION ( 'NONE',  ( -0.9998590452785331983, 0.01678956743636240284, 0.000000000000000000 ) ) ;
#2634 = EDGE_CURVE ( 'NONE', #764, #2239, #171, .T. ) ;
#2635 = LINE ( 'NONE', #792, #1993 ) ;
#2636 = CARTESIAN_POINT ( 'NONE',  ( 116.3470618285449945, 119.1970645378000029, 189.8577491323860045 ) ) ;
#2637 = ORIENTED_EDGE ( 'NONE', *, *, #944, .T. ) ;
#2638 = DIRECTION ( 'NONE',  ( 9.418955660663403017E-07, 5.609214204051081378E-05, -0.9999999984263922004 ) ) ;
#2639 = ORIENTED_EDGE ( 'NONE', *, *, #320, .T. ) ;
#2640 = VECTOR ( 'NONE', #2567, 1000.000000000000000 ) ;
#2641 = CARTESIAN_POINT ( 'NONE',  ( 116.3470618285449945, 119.1970645378000029, 190.2577491323860102 ) ) ;
#2642 = FACE_OUTER_BOUND ( 'NONE', #1088, .T. ) ;
#2643 = CARTESIAN_POINT ( 'NONE',  ( 66.98914912011930767, 108.6905983600289858, 189.8577491323860045 ) ) ;
#2644 = AXIS2_PLACEMENT_3D ( 'NONE', #1798, #757, #2618 ) ;
#2645 = VECTOR ( 'NONE', #727, 1000.000000000000000 ) ;
#2646 = VECTOR ( 'NONE', #711, 999.9999999999998863 ) ;
#2647 = VECTOR ( 'NONE', #241, 1000.000000000000000 ) ;
#2648 = ORIENTED_EDGE ( 'NONE', *, *, #1159, .F. ) ;
#2649 = CARTESIAN_POINT ( 'NONE',  ( 97.46039120467008843, 79.10327791604690617, 181.2577491323860102 ) ) ;
#2650 = CIRCLE ( 'NONE', #1270, 1.700000002674386224 ) ;
#2651 = LINE ( 'NONE', #579, #1640 ) ;
#2652 = DIRECTION ( 'NONE',  ( 0.9290668219129523120, -0.2179140223309770641, -0.2989118921891550928 ) ) ;
#2653 = ADVANCED_FACE ( 'NONE', ( #2281 ), #1285, .F. ) ;
#2654 = ORIENTED_EDGE ( 'NONE', *, *, #1409, .F. ) ;
#2655 = CARTESIAN_POINT ( 'NONE',  ( 94.70787959478209928, 109.6507309979230058, 182.2577491323860102 ) ) ;
#2656 = EDGE_LOOP ( 'NONE', ( #1784, #114, #2466 ) ) ;
#2657 = CARTESIAN_POINT ( 'NONE',  ( 97.40787974181840525, 103.5664586902869928, 187.4577452102889765 ) ) ;
#2658 = LINE ( 'NONE', #1223, #779 ) ;
#2659 = DIRECTION ( 'NONE',  ( 1.000000000000000000, -1.468691771175450204E-14, 0.000000000000000000 ) ) ;
#2660 = EDGE_LOOP ( 'NONE', ( #1413, #160, #1245, #1885 ) ) ;
#2661 = VERTEX_POINT ( 'NONE', #849 ) ;
#2662 = CARTESIAN_POINT ( 'NONE',  ( 72.42475269591369624, 117.3914685889290013, 189.6577491323860158 ) ) ;
#2663 = DIRECTION ( 'NONE',  ( -0.8749568098254747461, 0.4842009716430028532, 2.981875401844940839E-15 ) ) ;
#2664 = DIRECTION ( 'NONE',  ( 0.8660254037844143937, -0.5000000000000421885, 1.354669437884590679E-15 ) ) ;
#2665 = DIRECTION ( 'NONE',  ( 3.970691480342680877E-13, 0.9999999999998742117, 5.014133996895980927E-07 ) ) ;
#2666 = EDGE_LOOP ( 'NONE', ( #754, #1867, #2088, #2319 ) ) ;
#2667 = EDGE_CURVE ( 'NONE', #1637, #2134, #1671, .T. ) ;
#2668 = LINE ( 'NONE', #2448, #653 ) ;
#2669 = ORIENTED_EDGE ( 'NONE', *, *, #205, .F. ) ;
#2670 = ADVANCED_FACE ( 'NONE', ( #307 ), #2565, .T. ) ;
#2671 = DIRECTION ( 'NONE',  ( -0.5310988381199549524, 0.8473098749263068274, 6.100688486651918532E-15 ) ) ;
#2672 = DIRECTION ( 'NONE',  ( 0.9999999999999580336, -2.842549949700240213E-14, 2.896982209677390152E-07 ) ) ;
#2673 = DIRECTION ( 'NONE',  ( -0.02722022634645378941, 0.9996294609892446559, 0.000000000000000000 ) ) ;
#2674 = VERTEX_POINT ( 'NONE', #2594 ) ;
#2675 = EDGE_LOOP ( 'NONE', ( #683, #1281 ) ) ;
#2676 = CARTESIAN_POINT ( 'NONE',  ( 96.81807685423339649, 125.5288456338279843, 181.2577491323860102 ) ) ;
#2677 = CARTESIAN_POINT ( 'NONE',  ( 75.25331567531995347, 121.9905770624451549, 189.9052425839897182 ) ) ;
#2678 = CARTESIAN_POINT ( 'NONE',  ( 91.18441671727801179, 107.6164586902850147, 187.4577474795690080 ) ) ;
#2679 = FACE_OUTER_BOUND ( 'NONE', #1116, .T. ) ;
#2680 = ORIENTED_EDGE ( 'NONE', *, *, #454, .F. ) ;
#2681 = DIRECTION ( 'NONE',  ( -0.8944271909999127468, 0.000000000000000000, 0.4472135954999643115 ) ) ;
#2682 = ORIENTED_EDGE ( 'NONE', *, *, #1334, .F. ) ;
#2683 = DIRECTION ( 'NONE',  ( -9.418955660663406193E-07, -5.609214204051082056E-05, 0.9999999984263923114 ) ) ;
#2684 = DIRECTION ( 'NONE',  ( 2.989436723892924996E-44, 5.921189464667490768E-15, -1.000000000000000000 ) ) ;
#2685 = PLANE ( 'NONE',  #2551 ) ;
#2686 = ORIENTED_EDGE ( 'NONE', *, *, #583, .F. ) ;
#2687 = EDGE_CURVE ( 'NONE', #1289, #443, #1718, .T. ) ;
#2688 = AXIS2_PLACEMENT_3D ( 'NONE', #273, #1492, #882 ) ;
#2689 = VERTEX_POINT ( 'NONE', #1562 ) ;
#2690 = VECTOR ( 'NONE', #2626, 999.9999999999998863 ) ;
#2691 = CARTESIAN_POINT ( 'NONE',  ( 91.53287959478210212, 108.0485840009220055, 182.0577491323860215 ) ) ;
#2692 = AXIS2_PLACEMENT_3D ( 'NONE', #351, #1792, #2416 ) ;
#2693 = VECTOR ( 'NONE', #827, 1000.000000000000227 ) ;
#2694 = CARTESIAN_POINT ( 'NONE',  ( 97.78287959478190317, 101.9575386609709966, 182.2577491323860102 ) ) ;
ENDSEC;
END-ISO-10303-21;
