ISO-10303-21;
HEADER;
FILE_DESCRIPTION (( 'STEP AP214' ),
    '1' );
FILE_NAME ('Main_Body_Rear_Left - 1515-6mm Slots.STEP',
    '2026-09-06T09:34:08',
    ( '' ),
    ( '' ),
    '',
    '',
    '' );
FILE_SCHEMA (( 'AUTOMOTIVE_DESIGN' ));
ENDSEC;

DATA;
#1 = ORIENTED_EDGE ( 'NONE', *, *, #1115, .T. ) ;
#2 = CARTESIAN_POINT ( 'NONE',  ( -11.14005084186151961, 50.85900246190729490, 136.0001160608319992 ) ) ;
#3 = FACE_OUTER_BOUND ( 'NONE', #1552, .T. ) ;
#4 = CARTESIAN_POINT ( 'NONE',  ( -21.94005084321949894, 52.65920965118880304, 142.2994943551225902 ) ) ;
#5 = LINE ( 'NONE', #1358, #1305 ) ;
#6 = LINE ( 'NONE', #2219, #70 ) ;
#7 = EDGE_CURVE ( 'NONE', #1290, #1719, #2574, .T. ) ;
#8 = ORIENTED_EDGE ( 'NONE', *, *, #1249, .F. ) ;
#9 = DIRECTION ( 'NONE',  ( -1.167290563274113051E-14, 1.000000000000000000, 0.000000000000000000 ) ) ;
#10 = ORIENTED_EDGE ( 'NONE', *, *, #1505, .F. ) ;
#11 = EDGE_CURVE ( 'NONE', #505, #2522, #1435, .T. ) ;
#12 = DIRECTION ( 'NONE',  ( 1.000000000000000000, 7.932653116146790825E-16, 2.154609821699485056E-10 ) ) ;
#13 = CARTESIAN_POINT ( 'NONE',  ( -21.94005084386405002, 51.65921008091859790, 145.2896251541716310 ) ) ;
#14 = AXIS2_PLACEMENT_3D ( 'NONE', #131, #1649, #2509 ) ;
#15 = ORIENTED_EDGE ( 'NONE', *, *, #695, .F. ) ;
#16 = CYLINDRICAL_SURFACE ( 'NONE', #2647, 2.349999999999990763 ) ;
#17 = CARTESIAN_POINT ( 'NONE',  ( -11.14005084186151961, 50.85900246190729490, 136.0001160608319992 ) ) ;
#18 = DIRECTION ( 'NONE',  ( 1.616519418323750302E-10, 0.6610533175273546336, -0.7503389310079002783 ) ) ;
#19 = CARTESIAN_POINT ( 'NONE',  ( -22.34005084386399886, 49.45879653723749669, 145.2896251540854280 ) ) ;
#20 = DIRECTION ( 'NONE',  ( 1.000000000000000000, 1.059483006165728023E-14, 2.154687381178409920E-10 ) ) ;
#21 = CARTESIAN_POINT ( 'NONE',  ( -21.94005084386405002, 52.65921008091859790, 145.2896250104556088 ) ) ;
#22 = ORIENTED_EDGE ( 'NONE', *, *, #1592, .T. ) ;
#23 = CARTESIAN_POINT ( 'NONE',  ( -21.94005084321944921, 50.05879653723749811, 142.2994946594815815 ) ) ;
#24 = VERTEX_POINT ( 'NONE', #304 ) ;
#25 = LINE ( 'NONE', #919, #2728 ) ;
#26 = DIRECTION ( 'NONE',  ( 1.000000000000000000, 1.733954396156960148E-14, 2.154538402775920004E-10 ) ) ;
#27 = VECTOR ( 'NONE', #2108, 1000.000000000000000 ) ;
#28 = EDGE_CURVE ( 'NONE', #2198, #1671, #2809, .T. ) ;
#29 = EDGE_CURVE ( 'NONE', #1460, #2658, #1487, .T. ) ;
#30 = ORIENTED_EDGE ( 'NONE', *, *, #1730, .F. ) ;
#31 = CARTESIAN_POINT ( 'NONE',  ( -12.78045117478830051, 47.85879653723740290, 181.0501160604790130 ) ) ;
#32 = DIRECTION ( 'NONE',  ( -1.616692890671349276E-10, 0.6610533088815695457, 0.7503389386248912052 ) ) ;
#33 = CIRCLE ( 'NONE', #1140, 2.349999999999990763 ) ;
#34 = DIRECTION ( 'NONE',  ( -1.523642323419950758E-10, 0.7071068319978452976, 0.7071067303752460731 ) ) ;
#35 = CARTESIAN_POINT ( 'NONE',  ( -21.94005084910200054, 52.32026304155179730, 169.6010322211525079 ) ) ;
#36 = DIRECTION ( 'NONE',  ( 1.000000000000000000, 1.385129692307098091E-14, 2.154690723100859854E-10 ) ) ;
#37 = AXIS2_PLACEMENT_3D ( 'NONE', #963, #2027, #2749 ) ;
#38 = LINE ( 'NONE', #931, #214 ) ;
#39 = VECTOR ( 'NONE', #2379, 1000.000000000000000 ) ;
#40 = CIRCLE ( 'NONE', #1689, 2.349999999999990763 ) ;
#41 = EDGE_LOOP ( 'NONE', ( #766, #2043, #2708, #1680 ) ) ;
#42 = LINE ( 'NONE', #2181, #503 ) ;
#43 = AXIS2_PLACEMENT_3D ( 'NONE', #2171, #650, #1939 ) ;
#44 = ORIENTED_EDGE ( 'NONE', *, *, #2838, .F. ) ;
#45 = CARTESIAN_POINT ( 'NONE',  ( -21.14005084736730211, 47.05879653723749811, 161.5501160586775029 ) ) ;
#46 = CARTESIAN_POINT ( 'NONE',  ( -22.34005084894045012, 51.65920973258510429, 168.8506932825175113 ) ) ;
#47 = VERTEX_POINT ( 'NONE', #330 ) ;
#48 = DIRECTION ( 'NONE',  ( 1.000000000000000000, 1.733954396156960148E-14, 2.154538402775920004E-10 ) ) ;
#49 = EDGE_CURVE ( 'NONE', #2519, #2542, #202, .T. ) ;
#50 = DIRECTION ( 'NONE',  ( -0.7071067811865699992, -0.7071067811865250352, -1.523599633413180004E-10 ) ) ;
#51 = CARTESIAN_POINT ( 'NONE',  ( 14.75294269372509959, 52.35897709127220168, 180.4501160664109705 ) ) ;
#52 = ADVANCED_FACE ( 'NONE', ( #113 ), #1002, .F. ) ;
#53 = LINE ( 'NONE', #1841, #1846 ) ;
#54 = DIRECTION ( 'NONE',  ( -1.523642323419950758E-10, 0.7071068319978452976, 0.7071067303752460731 ) ) ;
#55 = ORIENTED_EDGE ( 'NONE', *, *, #2741, .F. ) ;
#56 = FACE_OUTER_BOUND ( 'NONE', #1746, .T. ) ;
#57 = ORIENTED_EDGE ( 'NONE', *, *, #2746, .F. ) ;
#58 = CARTESIAN_POINT ( 'NONE',  ( -20.34005084828469734, 51.65921004631109525, 165.8113888595919718 ) ) ;
#59 = DIRECTION ( 'NONE',  ( 1.000000000000000000, 2.857191607491211277E-14, 2.154812276323943183E-10 ) ) ;
#60 = EDGE_LOOP ( 'NONE', ( #22, #2590, #616, #1539 ) ) ;
#61 = CARTESIAN_POINT ( 'NONE',  ( -20.34005084386404860, 51.65921008091869737, 145.2896251545162158 ) ) ;
#62 = ORIENTED_EDGE ( 'NONE', *, *, #891, .F. ) ;
#63 = CARTESIAN_POINT ( 'NONE',  ( 27.43158335781114943, 52.73889983348890098, 181.0501160691430016 ) ) ;
#64 = EDGE_CURVE ( 'NONE', #2658, #647, #576, .T. ) ;
#65 = DIRECTION ( 'NONE',  ( -1.000000000000000000, 2.154608814017920059E-10, 0.000000000000000000 ) ) ;
#66 = ADVANCED_FACE ( 'NONE', ( #638 ), #771, .T. ) ;
#67 = CARTESIAN_POINT ( 'NONE',  ( 15.35717607361075210, 52.21167897827990600, 181.0501160665415057 ) ) ;
#68 = EDGE_LOOP ( 'NONE', ( #2506, #95, #747, #1608 ) ) ;
#69 = ORIENTED_EDGE ( 'NONE', *, *, #1800, .T. ) ;
#70 = VECTOR ( 'NONE', #1156, 1000.000000000000000 ) ;
#71 = LINE ( 'NONE', #2196, #1013 ) ;
#72 = CARTESIAN_POINT ( 'NONE',  ( 15.26329863713410084, 55.65921280955800654, 181.0501160665215252 ) ) ;
#73 = VERTEX_POINT ( 'NONE', #200 ) ;
#74 = DIRECTION ( 'NONE',  ( 0.000000000000000000, 0.000000000000000000, 1.000000000000000000 ) ) ;
#75 = VERTEX_POINT ( 'NONE', #2587 ) ;
#76 = DIRECTION ( 'NONE',  ( 0.7071067810721929359, 0.4674352774359859519, 0.5305697518423609926 ) ) ;
#77 = CIRCLE ( 'NONE', #1682, 0.6000000000000031974 ) ;
#78 = AXIS2_PLACEMENT_3D ( 'NONE', #154, #862, #2772 ) ;
#79 = DIRECTION ( 'NONE',  ( -1.523549804834561537E-10, -0.7071067811865416886, 0.7071067811865532349 ) ) ;
#80 = FACE_OUTER_BOUND ( 'NONE', #1802, .T. ) ;
#81 = ORIENTED_EDGE ( 'NONE', *, *, #1166, .F. ) ;
#82 = ADVANCED_FACE ( 'NONE', ( #2327 ), #630, .T. ) ;
#83 = CARTESIAN_POINT ( 'NONE',  ( 14.64627446819450185, 62.05879653723789602, 180.4501160701129834 ) ) ;
#84 = EDGE_LOOP ( 'NONE', ( #1225, #2672, #1456, #2035 ) ) ;
#85 = VECTOR ( 'NONE', #1393, 1000.000000000000000 ) ;
#86 = CONICAL_SURFACE ( 'NONE', #2550, 0.7999999999999967137, 0.7853981633974942422 ) ;
#87 = LINE ( 'NONE', #318, #1503 ) ;
#88 = EDGE_CURVE ( 'NONE', #399, #946, #2711, .T. ) ;
#89 = FACE_OUTER_BOUND ( 'NONE', #2432, .T. ) ;
#90 = AXIS2_PLACEMENT_3D ( 'NONE', #23, #916, #1562 ) ;
#91 = VECTOR ( 'NONE', #1929, 1000.000000000000000 ) ;
#92 = VERTEX_POINT ( 'NONE', #1299 ) ;
#93 = ORIENTED_EDGE ( 'NONE', *, *, #2756, .T. ) ;
#94 = FACE_OUTER_BOUND ( 'NONE', #1881, .T. ) ;
#95 = ORIENTED_EDGE ( 'NONE', *, *, #1832, .T. ) ;
#96 = DIRECTION ( 'NONE',  ( 2.154812276323944992E-10, 2.960594732334085383E-15, -1.000000000000000000 ) ) ;
#97 = CARTESIAN_POINT ( 'NONE',  ( -20.34005084597355051, 49.05879653723760470, 155.0810782620369821 ) ) ;
#98 = ORIENTED_EDGE ( 'NONE', *, *, #1711, .F. ) ;
#99 = DIRECTION ( 'NONE',  ( 1.000000000000000000, 1.196353510771660073E-14, 2.154667423955159963E-10 ) ) ;
#100 = EDGE_CURVE ( 'NONE', #351, #2721, #146, .T. ) ;
#101 = LINE ( 'NONE', #132, #831 ) ;
#102 = CARTESIAN_POINT ( 'NONE',  ( 32.52855685353279824, 54.55879653723790312, 181.0501160702420123 ) ) ;
#103 = EDGE_CURVE ( 'NONE', #259, #1667, #1088, .T. ) ;
#104 = VERTEX_POINT ( 'NONE', #2558 ) ;
#105 = CARTESIAN_POINT ( 'NONE',  ( 27.02815875517839928, 52.55879653723810208, 129.0501160690562017 ) ) ;
#106 = EDGE_LOOP ( 'NONE', ( #2345, #2627, #185, #1006 ) ) ;
#107 = ORIENTED_EDGE ( 'NONE', *, *, #2487, .F. ) ;
#108 = VECTOR ( 'NONE', #2061, 1000.000000000000114 ) ;
#109 = LINE ( 'NONE', #2461, #861 ) ;
#110 = CARTESIAN_POINT ( 'NONE',  ( -20.74005085156890260, 70.20879640321089710, 181.0501160587640186 ) ) ;
#111 = VERTEX_POINT ( 'NONE', #1946 ) ;
#112 = CARTESIAN_POINT ( 'NONE',  ( -20.34005085156859849, 48.15879653723760612, 181.0501160588505059 ) ) ;
#113 = FACE_OUTER_BOUND ( 'NONE', #2577, .T. ) ;
#114 = DIRECTION ( 'NONE',  ( 1.616805647697289061E-10, -0.6610534467611806075, -0.7503388171520670724 ) ) ;
#115 = LINE ( 'NONE', #758, #786 ) ;
#116 = EDGE_CURVE ( 'NONE', #521, #761, #2793, .T. ) ;
#117 = VECTOR ( 'NONE', #1268, 1000.000000000000000 ) ;
#118 = VERTEX_POINT ( 'NONE', #2365 ) ;
#119 = DIRECTION ( 'NONE',  ( 2.154674193203711578E-10, 0.000000000000000000, -1.000000000000000000 ) ) ;
#120 = ORIENTED_EDGE ( 'NONE', *, *, #567, .F. ) ;
#121 = ADVANCED_FACE ( 'NONE', ( #2602 ), #1521, .F. ) ;
#122 = EDGE_CURVE ( 'NONE', #1162, #1290, #612, .T. ) ;
#123 = ORIENTED_EDGE ( 'NONE', *, *, #1711, .T. ) ;
#124 = AXIS2_PLACEMENT_3D ( 'NONE', #2613, #443, #1982 ) ;
#125 = EDGE_CURVE ( 'NONE', #1805, #136, #1003, .T. ) ;
#126 = CARTESIAN_POINT ( 'NONE',  ( -20.34005084828464760, 50.22998018855100355, 165.8113888595919718 ) ) ;
#127 = DIRECTION ( 'NONE',  ( 1.523468851072352560E-10, 0.7071068355770930847, -0.7071067267959978420 ) ) ;
#128 = AXIS2_PLACEMENT_3D ( 'NONE', #2215, #1991, #18 ) ;
#129 = VERTEX_POINT ( 'NONE', #376 ) ;
#130 = LINE ( 'NONE', #520, #1372 ) ;
#131 = CARTESIAN_POINT ( 'NONE',  ( -20.74005084260574705, 58.60879626917359531, 139.4503115217410141 ) ) ;
#132 = CARTESIAN_POINT ( 'NONE',  ( -21.94005084894039825, 49.05879653723739864, 168.8506931116205010 ) ) ;
#133 = DIRECTION ( 'NONE',  ( 0.7071067810354141336, -0.08910739959860992931, 0.7014697937548762807 ) ) ;
#134 = CIRCLE ( 'NONE', #2642, 0.5999999999999953149 ) ;
#135 = VECTOR ( 'NONE', #455, 1000.000000000000000 ) ;
#136 = VERTEX_POINT ( 'NONE', #2819 ) ;
#137 = FACE_OUTER_BOUND ( 'NONE', #598, .T. ) ;
#138 = VERTEX_POINT ( 'NONE', #418 ) ;
#139 = VECTOR ( 'NONE', #719, 1000.000000000000000 ) ;
#140 = ORIENTED_EDGE ( 'NONE', *, *, #903, .F. ) ;
#141 = PLANE ( 'NONE',  #1780 ) ;
#142 = EDGE_CURVE ( 'NONE', #1695, #1256, #2433, .T. ) ;
#143 = CARTESIAN_POINT ( 'NONE',  ( -20.74005085164684914, 48.22134533596640438, 181.4126648574930130 ) ) ;
#144 = EDGE_LOOP ( 'NONE', ( #447, #2548, #1389, #1860 ) ) ;
#145 = CARTESIAN_POINT ( 'NONE',  ( 34.22855686452160029, 54.55879653723810208, 130.0501160706079986 ) ) ;
#146 = LINE ( 'NONE', #390, #2350 ) ;
#147 = CARTESIAN_POINT ( 'NONE',  ( -20.34005084284104825, 52.65920939891510244, 140.5441313987572016 ) ) ;
#148 = CARTESIAN_POINT ( 'NONE',  ( -22.34005084850059930, 49.45879653723739722, 166.8113888591614966 ) ) ;
#149 = ORIENTED_EDGE ( 'NONE', *, *, #1941, .F. ) ;
#150 = FACE_OUTER_BOUND ( 'NONE', #362, .T. ) ;
#151 = EDGE_LOOP ( 'NONE', ( #2629, #8, #1756, #715 ) ) ;
#152 = CARTESIAN_POINT ( 'NONE',  ( -11.14005084135511936, 50.85900246190729490, 133.6501160608320333 ) ) ;
#153 = ORIENTED_EDGE ( 'NONE', *, *, #620, .T. ) ;
#154 = CARTESIAN_POINT ( 'NONE',  ( -12.97184123610655959, 57.55879653723749811, 88.60261922812429702 ) ) ;
#155 = ORIENTED_EDGE ( 'NONE', *, *, #1031, .T. ) ;
#156 = CARTESIAN_POINT ( 'NONE',  ( -22.14005084850065330, 51.65921004631099578, 166.8113888592044987 ) ) ;
#157 = DIRECTION ( 'NONE',  ( 2.154659429599649987E-10, 3.516589263990345161E-15, -1.000000000000000000 ) ) ;
#158 = ORIENTED_EDGE ( 'NONE', *, *, #1854, .T. ) ;
#159 = DIRECTION ( 'NONE',  ( 1.196353510830370099E-14, -1.000000000000000000, -2.724739628939520326E-15 ) ) ;
#160 = VERTEX_POINT ( 'NONE', #2572 ) ;
#161 = DIRECTION ( 'NONE',  ( 0.7071067813388900447, 8.459496801629529547E-15, -0.7071067810342049897 ) ) ;
#162 = EDGE_LOOP ( 'NONE', ( #2116, #569, #822, #1421 ) ) ;
#163 = DIRECTION ( 'NONE',  ( 1.616519418323750302E-10, 0.6610533175273546336, -0.7503389310079002783 ) ) ;
#164 = VECTOR ( 'NONE', #711, 1000.000000000000000 ) ;
#165 = DIRECTION ( 'NONE',  ( 0.000000000000000000, -0.8164965808862697516, 0.5773502692482538334 ) ) ;
#166 = AXIS2_PLACEMENT_3D ( 'NONE', #423, #2844, #448 ) ;
#167 = ORIENTED_EDGE ( 'NONE', *, *, #2683, .T. ) ;
#168 = PLANE ( 'NONE',  #972 ) ;
#169 = CARTESIAN_POINT ( 'NONE',  ( 27.02815875517839928, 52.55879653723810208, 129.0501160690562017 ) ) ;
#170 = EDGE_CURVE ( 'NONE', #231, #2207, #1717, .T. ) ;
#171 = LINE ( 'NONE', #1522, #500 ) ;
#172 = CONICAL_SURFACE ( 'NONE', #1992, 0.7999999999999961586, 0.7853981633974758125 ) ;
#173 = ORIENTED_EDGE ( 'NONE', *, *, #2524, .F. ) ;
#174 = AXIS2_PLACEMENT_3D ( 'NONE', #756, #1241, #1406 ) ;
#175 = EDGE_CURVE ( 'NONE', #1633, #1805, #813, .T. ) ;
#176 = LINE ( 'NONE', #852, #2130 ) ;
#177 = ORIENTED_EDGE ( 'NONE', *, *, #2655, .F. ) ;
#178 = LINE ( 'NONE', #2115, #969 ) ;
#179 = ORIENTED_EDGE ( 'NONE', *, *, #331, .T. ) ;
#180 = VECTOR ( 'NONE', #1679, 1000.000000000000227 ) ;
#181 = AXIS2_PLACEMENT_3D ( 'NONE', #714, #247, #1563 ) ;
#182 = LINE ( 'NONE', #1914, #2788 ) ;
#183 = AXIS2_PLACEMENT_3D ( 'NONE', #1478, #429, #830 ) ;
#184 = DIRECTION ( 'NONE',  ( -1.523468851072349459E-10, -0.7071067811865510144, 0.7071067811865441310 ) ) ;
#185 = ORIENTED_EDGE ( 'NONE', *, *, #1129, .F. ) ;
#186 = DIRECTION ( 'NONE',  ( -0.7071067811865435759, -0.7071067811865515695, -1.523601301160534030E-10 ) ) ;
#187 = CARTESIAN_POINT ( 'NONE',  ( -20.34005084850064904, 51.65921004631109525, 166.8113888595919718 ) ) ;
#188 = AXIS2_PLACEMENT_3D ( 'NONE', #1628, #1506, #1297 ) ;
#189 = DIRECTION ( 'NONE',  ( -1.000000000000000000, -1.167290563274112104E-14, -2.154668017803219828E-10 ) ) ;
#190 = CARTESIAN_POINT ( 'NONE',  ( -41.50866362022285472, 62.05879653723729916, 124.4733881290719921 ) ) ;
#191 = ADVANCED_FACE ( 'NONE', ( #1732 ), #1239, .T. ) ;
#192 = ORIENTED_EDGE ( 'NONE', *, *, #1520, .T. ) ;
#193 = CARTESIAN_POINT ( 'NONE',  ( -20.74005084050729764, 47.79624760447929788, 129.7126649915230132 ) ) ;
#194 = ORIENTED_EDGE ( 'NONE', *, *, #122, .T. ) ;
#195 = CARTESIAN_POINT ( 'NONE',  ( -20.34005084850064904, 51.65921004631109525, 166.8113888595919718 ) ) ;
#196 = LINE ( 'NONE', #651, #597 ) ;
#197 = CARTESIAN_POINT ( 'NONE',  ( -22.34005084906890204, 50.13440654586759848, 169.4459099851144970 ) ) ;
#198 = EDGE_LOOP ( 'NONE', ( #2369, #2634, #2119, #1083 ) ) ;
#199 = DIRECTION ( 'NONE',  ( -1.000000000000000000, -1.196353510771660073E-14, -2.154668017803219828E-10 ) ) ;
#200 = CARTESIAN_POINT ( 'NONE',  ( -22.34005084903740013, 49.66216446918070204, 169.3008964018260372 ) ) ;
#201 = CARTESIAN_POINT ( 'NONE',  ( -20.74005084059369963, 48.19624760447729983, 130.1126649915240137 ) ) ;
#202 = CIRCLE ( 'NONE', #1803, 0.5999999999999953149 ) ;
#203 = ORIENTED_EDGE ( 'NONE', *, *, #1146, .T. ) ;
#204 = CARTESIAN_POINT ( 'NONE',  ( -22.34005084321944778, 50.05879653723749811, 142.2994946593954069 ) ) ;
#205 = EDGE_CURVE ( 'NONE', #1043, #2319, #2535, .T. ) ;
#206 = VERTEX_POINT ( 'NONE', #2539 ) ;
#207 = PLANE ( 'NONE',  #1693 ) ;
#208 = EDGE_CURVE ( 'NONE', #138, #1985, #1493, .T. ) ;
#209 = ADVANCED_FACE ( 'NONE', ( #2641 ), #1961, .T. ) ;
#210 = DIRECTION ( 'NONE',  ( -1.616805647697290353E-10, 0.6610533088815602198, 0.7503389386248993098 ) ) ;
#211 = CYLINDRICAL_SURFACE ( 'NONE', #2635, 1.700000000000000178 ) ;
#212 = EDGE_CURVE ( 'NONE', #2135, #351, #2416, .T. ) ;
#213 = DIRECTION ( 'NONE',  ( -1.000000000000000000, -1.196353510771660073E-14, -2.154668017803219828E-10 ) ) ;
#214 = VECTOR ( 'NONE', #2657, 1000.000000000000000 ) ;
#215 = CARTESIAN_POINT ( 'NONE',  ( -12.78045117478819925, 47.45879653723749669, 181.0501160604790130 ) ) ;
#216 = AXIS2_PLACEMENT_3D ( 'NONE', #1409, #775, #1635 ) ;
#217 = DIRECTION ( 'NONE',  ( 1.000000000000000000, 8.613048614650010081E-16, 2.154671845482660212E-10 ) ) ;
#218 = AXIS2_PLACEMENT_3D ( 'NONE', #387, #2815, #358 ) ;
#219 = ORIENTED_EDGE ( 'NONE', *, *, #2230, .F. ) ;
#220 = AXIS2_PLACEMENT_3D ( 'NONE', #293, #1760, #2630 ) ;
#221 = AXIS2_PLACEMENT_3D ( 'NONE', #1226, #2543, #1798 ) ;
#222 = ORIENTED_EDGE ( 'NONE', *, *, #100, .T. ) ;
#223 = CYLINDRICAL_SURFACE ( 'NONE', #1513, 0.9999999999999990008 ) ;
#224 = DIRECTION ( 'NONE',  ( -2.154671845482610064E-10, 2.931108568341530269E-29, 1.000000000000000000 ) ) ;
#225 = EDGE_CURVE ( 'NONE', #47, #1876, #461, .T. ) ;
#226 = DIRECTION ( 'NONE',  ( -1.000000000000000000, -8.134522725234561280E-15, -2.154706307921154913E-10 ) ) ;
#227 = PLANE ( 'NONE',  #1258 ) ;
#228 = VECTOR ( 'NONE', #1261, 1000.000000000000000 ) ;
#229 = ADVANCED_FACE ( 'NONE', ( #1588 ), #2191, .T. ) ;
#230 = PLANE ( 'NONE',  #1948 ) ;
#231 = VERTEX_POINT ( 'NONE', #1973 ) ;
#232 = DIRECTION ( 'NONE',  ( 1.196353510771660073E-14, -1.000000000000000000, 2.577778537989655094E-24 ) ) ;
#233 = ORIENTED_EDGE ( 'NONE', *, *, #2616, .F. ) ;
#234 = CARTESIAN_POINT ( 'NONE',  ( -20.34005085029710003, 50.85900246190709595, 175.1500716684425072 ) ) ;
#235 = LINE ( 'NONE', #1341, #454 ) ;
#236 = EDGE_LOOP ( 'NONE', ( #2075, #875 ) ) ;
#237 = CARTESIAN_POINT ( 'NONE',  ( -20.34005084523404605, 47.45879653723769565, 151.6503115218270068 ) ) ;
#238 = DIRECTION ( 'NONE',  ( 2.154674193203711578E-10, 0.000000000000000000, -1.000000000000000000 ) ) ;
#239 = CARTESIAN_POINT ( 'NONE',  ( -20.34005084407899844, 50.05879653723760470, 146.2896251545161874 ) ) ;
#240 = DIRECTION ( 'NONE',  ( -2.154668017803219828E-10, -2.960594732333674781E-15, 1.000000000000000000 ) ) ;
#241 = CARTESIAN_POINT ( 'NONE',  ( -22.14005084894040110, 50.05879653723740574, 168.8506931115774989 ) ) ;
#242 = DIRECTION ( 'NONE',  ( 1.536242005497260344E-07, 0.000000000000000000, 0.9999999999999882316 ) ) ;
#243 = APPLICATION_CONTEXT ( 'automotive_design' ) ;
#244 = ORIENTED_EDGE ( 'NONE', *, *, #2813, .F. ) ;
#245 = EDGE_CURVE ( 'NONE', #2475, #2342, #6, .T. ) ;
#246 = CYLINDRICAL_SURFACE ( 'NONE', #1692, 3.000000000000002665 ) ;
#247 = DIRECTION ( 'NONE',  ( 1.000000000000000000, 2.072567617730755094E-14, 2.154568561781955056E-10 ) ) ;
#248 = ORIENTED_EDGE ( 'NONE', *, *, #1431, .F. ) ;
#249 = DIRECTION ( 'NONE',  ( 1.000000000000000000, 4.195613967466710098E-15, 2.154579846794530031E-10 ) ) ;
#250 = CARTESIAN_POINT ( 'NONE',  ( -22.34005084312245160, 49.66216446918080152, 141.8492913691044066 ) ) ;
#251 = EDGE_LOOP ( 'NONE', ( #935, #2242, #2497, #983, #542, #2816, #659, #2664, #2715, #988, #2239, #1813 ) ) ;
#252 = DIRECTION ( 'NONE',  ( 1.616519418323750302E-10, 0.6610533175273546336, -0.7503389310079002783 ) ) ;
#253 = DIRECTION ( 'NONE',  ( -0.7068447706916959339, -0.01924760663502055741, 0.7071067810342561710 ) ) ;
#254 = DIRECTION ( 'NONE',  ( 0.000000000000000000, 2.960594732333710280E-15, -1.000000000000000000 ) ) ;
#255 = LINE ( 'NONE', #2203, #2303 ) ;
#256 = VERTEX_POINT ( 'NONE', #2387 ) ;
#257 = CARTESIAN_POINT ( 'NONE',  ( -21.94005084300594888, 50.18481321828780040, 141.3074665368476133 ) ) ;
#258 = ADVANCED_FACE ( 'NONE', ( #2668 ), #2839, .T. ) ;
#259 = VERTEX_POINT ( 'NONE', #1790 ) ;
#260 = FACE_OUTER_BOUND ( 'NONE', #467, .T. ) ;
#261 = PLANE ( 'NONE',  #1325 ) ;
#262 = AXIS2_PLACEMENT_3D ( 'NONE', #1417, #985, #502 ) ;
#263 = EDGE_CURVE ( 'NONE', #2299, #2331, #439, .T. ) ;
#264 = ORIENTED_EDGE ( 'NONE', *, *, #1316, .F. ) ;
#265 = DIRECTION ( 'NONE',  ( 2.154674193203711578E-10, 0.000000000000000000, -1.000000000000000000 ) ) ;
#266 = CARTESIAN_POINT ( 'NONE',  ( -12.97184124482175882, 57.93379653723680178, 129.0501160604374036 ) ) ;
#267 = CIRCLE ( 'NONE', #2174, 3.000000000000002665 ) ;
#268 = AXIS2_PLACEMENT_3D ( 'NONE', #1980, #2596, #1357 ) ;
#269 = CARTESIAN_POINT ( 'NONE',  ( -22.14005084850060001, 50.05879653723740574, 166.8113888592044987 ) ) ;
#270 = AXIS2_PLACEMENT_3D ( 'NONE', #2013, #2210, #59 ) ;
#271 = CARTESIAN_POINT ( 'NONE',  ( -20.74005084361809992, 47.45879653723759617, 144.1504092532300092 ) ) ;
#272 =( BOUNDED_CURVE ( )  B_SPLINE_CURVE ( 3, ( #921, #1161, #1595, #717 ),
 .UNSPECIFIED., .F., .T. ) 
 B_SPLINE_CURVE_WITH_KNOTS ( ( 4, 4 ),
 ( 2.400298838720175128E-15, 2.571447125170940318 ),
 .UNSPECIFIED. ) 
 CURVE ( )  GEOMETRIC_REPRESENTATION_ITEM ( )  RATIONAL_B_SPLINE_CURVE ( ( 1.000000000000000000, 0.5208181863815969370, 0.5208181863815969370, 1.000000000000000000 ) ) 
 REPRESENTATION_ITEM ( '' )  );
#273 = FACE_OUTER_BOUND ( 'NONE', #2114, .T. ) ;
#274 = VECTOR ( 'NONE', #2017, 1000.000000000000000 ) ;
#275 = FACE_OUTER_BOUND ( 'NONE', #712, .T. ) ;
#276 = VECTOR ( 'NONE', #1488, 1000.000000000000000 ) ;
#277 = ORIENTED_EDGE ( 'NONE', *, *, #2811, .T. ) ;
#278 = CARTESIAN_POINT ( 'NONE',  ( 34.22855685353280109, 54.55879653723790312, 181.0501160706079986 ) ) ;
#279 = DIRECTION ( 'NONE',  ( -1.167290563274113051E-14, 1.000000000000000000, 0.000000000000000000 ) ) ;
#280 = AXIS2_PLACEMENT_3D ( 'NONE', #611, #1945, #2818 ) ;
#281 = ORIENTED_EDGE ( 'NONE', *, *, #2567, .T. ) ;
#282 = CYLINDRICAL_SURFACE ( 'NONE', #2311, 1.000000000000001332 ) ;
#283 = CARTESIAN_POINT ( 'NONE',  ( -22.34005084906895178, 51.58359959677299855, 169.4459101399415033 ) ) ;
#284 = ADVANCED_FACE ( 'NONE', ( #1575 ), #1743, .T. ) ;
#285 = ORIENTED_EDGE ( 'NONE', *, *, #695, .T. ) ;
#286 = DIRECTION ( 'NONE',  ( -1.523723277182155340E-10, 0.7071068319978394134, 0.7071067303752518463 ) ) ;
#287 = VERTEX_POINT ( 'NONE', #21 ) ;
#288 = EDGE_CURVE ( 'NONE', #259, #2563, #1544, .T. ) ;
#289 = DIRECTION ( 'NONE',  ( -1.523538503196359871E-10, -0.7071067811865400232, 0.7071067811865550112 ) ) ;
#290 = CARTESIAN_POINT ( 'NONE',  ( -22.14005084398580436, 52.22489554651690469, 145.8553105384285971 ) ) ;
#291 = ORIENTED_EDGE ( 'NONE', *, *, #1229, .F. ) ;
#292 = ORIENTED_EDGE ( 'NONE', *, *, #511, .F. ) ;
#293 = CARTESIAN_POINT ( 'NONE',  ( -20.34005084850064904, 51.65921004631109525, 166.8113888595919718 ) ) ;
#294 = ORIENTED_EDGE ( 'NONE', *, *, #2204, .T. ) ;
#295 = PRODUCT_CONTEXT ( 'NONE', #989, 'mechanical' ) ;
#296 = ORIENTED_EDGE ( 'NONE', *, *, #2722, .T. ) ;
#297 = FACE_OUTER_BOUND ( 'NONE', #2224, .T. ) ;
#298 = EDGE_CURVE ( 'NONE', #2211, #2344, #2626, .T. ) ;
#299 = EDGE_CURVE ( 'NONE', #975, #2180, #914, .T. ) ;
#300 = EDGE_CURVE ( 'NONE', #313, #24, #2817, .T. ) ;
#301 = CARTESIAN_POINT ( 'NONE',  ( 14.64673811396535896, 56.25921015577539919, 180.4501160663884889 ) ) ;
#302 = ORIENTED_EDGE ( 'NONE', *, *, #1557, .F. ) ;
#303 = CARTESIAN_POINT ( 'NONE',  ( -21.94005084850059717, 52.65921004631089630, 166.8113890130875063 ) ) ;
#304 = CARTESIAN_POINT ( 'NONE',  ( -20.34005084407899844, 51.65921008091869737, 146.2896251545161874 ) ) ;
#305 = DIRECTION ( 'NONE',  ( 2.154668017820407608E-10, -1.437160482239679024E-07, -0.9999999999999896749 ) ) ;
#306 = CYLINDRICAL_SURFACE ( 'NONE', #498, 1.000000000000003109 ) ;
#307 = ORIENTED_EDGE ( 'NONE', *, *, #1111, .T. ) ;
#308 = FILL_AREA_STYLE_COLOUR ( '', #2840 ) ;
#309 = LINE ( 'NONE', #540, #2736 ) ;
#310 = VECTOR ( 'NONE', #427, 1000.000000000000000 ) ;
#311 = ADVANCED_FACE ( 'NONE', ( #2177 ), #230, .F. ) ;
#312 = CARTESIAN_POINT ( 'NONE',  ( -22.14005084386405287, 51.65921008091859790, 145.2896251541286006 ) ) ;
#313 = VERTEX_POINT ( 'NONE', #2162 ) ;
#314 = EDGE_CURVE ( 'NONE', #2205, #92, #255, .T. ) ;
#315 = CARTESIAN_POINT ( 'NONE',  ( -20.74005084066615012, 53.03379640320569877, 130.4501160587639959 ) ) ;
#316 = EDGE_LOOP ( 'NONE', ( #593, #2465, #2407, #614, #1820, #1847, #264, #1132, #1899, #610, #2718 ) ) ;
#317 = VECTOR ( 'NONE', #754, 1000.000000000000000 ) ;
#318 = CARTESIAN_POINT ( 'NONE',  ( -22.34005084906890204, 50.13440654586759848, 169.4459099851144970 ) ) ;
#319 = CARTESIAN_POINT ( 'NONE',  ( 13.11431151861770061, 48.15879653723800402, 181.0501160660579956 ) ) ;
#320 = CIRCLE ( 'NONE', #90, 1.000000000000003109 ) ;
#321 = VECTOR ( 'NONE', #2787, 1000.000000000000000 ) ;
#322 = ORIENTED_EDGE ( 'NONE', *, *, #1906, .T. ) ;
#323 = CYLINDRICAL_SURFACE ( 'NONE', #1098, 0.9999999999999964473 ) ;
#324 = ORIENTED_EDGE ( 'NONE', *, *, #528, .F. ) ;
#325 = ORIENTED_EDGE ( 'NONE', *, *, #1523, .F. ) ;
#326 = LINE ( 'NONE', #1201, #108 ) ;
#327 = CARTESIAN_POINT ( 'NONE',  ( -20.34005084340654790, 49.05879653723760470, 143.1698706066832187 ) ) ;
#328 = ORIENTED_EDGE ( 'NONE', *, *, #922, .F. ) ;
#329 = DIRECTION ( 'NONE',  ( -2.154668017803219828E-10, 0.000000000000000000, 1.000000000000000000 ) ) ;
#330 = CARTESIAN_POINT ( 'NONE',  ( -20.34005084910199912, 52.32026304138130257, 169.6010322216479835 ) ) ;
#331 = EDGE_CURVE ( 'NONE', #2220, #1181, #38, .T. ) ;
#332 = ADVANCED_FACE ( 'NONE', ( #275 ), #1099, .T. ) ;
#333 = LINE ( 'NONE', #1208, #2829 ) ;
#334 = CARTESIAN_POINT ( 'NONE',  ( -21.14005084066605278, 47.85879653723760185, 130.4501160586773949 ) ) ;
#335 = EDGE_LOOP ( 'NONE', ( #1988, #1486, #1867, #948 ) ) ;
#336 = CARTESIAN_POINT ( 'NONE',  ( -20.74005085156860062, 47.85879653723740290, 181.0501160587640186 ) ) ;
#337 = FILL_AREA_STYLE ('',( #308 ) ) ;
#338 = ORIENTED_EDGE ( 'NONE', *, *, #225, .F. ) ;
#339 = CARTESIAN_POINT ( 'NONE',  ( 31.53207551219500004, 55.87370656286260129, 180.7672733575519999 ) ) ;
#340 = ORIENTED_EDGE ( 'NONE', *, *, #1874, .F. ) ;
#341 = CARTESIAN_POINT ( 'NONE',  ( -12.78045117474511905, 47.25879653723749385, 180.8501160604790243 ) ) ;
#342 = DIRECTION ( 'NONE',  ( 1.000000000000000000, 5.920378534056230124E-15, 2.154668017803219828E-10 ) ) ;
#343 = EDGE_LOOP ( 'NONE', ( #1106, #2025, #1591, #1925 ) ) ;
#344 = DIRECTION ( 'NONE',  ( -1.000000000000000000, -1.262237608711290056E-14, -2.154675496078445036E-10 ) ) ;
#345 = CARTESIAN_POINT ( 'NONE',  ( -20.34005084894040039, 49.05879653723749811, 168.8506931119650289 ) ) ;
#346 = CARTESIAN_POINT ( 'NONE',  ( 37.22855685477594534, 54.31858158023418071, 175.2808603279611930 ) ) ;
#347 = CARTESIAN_POINT ( 'NONE',  ( 8.122342358680850083, 62.80016908954951305, 173.9091282006085351 ) ) ;
#348 = CARTESIAN_POINT ( 'NONE',  ( -20.34005084321950108, 50.05879653723760470, 142.2994946598261947 ) ) ;
#349 = EDGE_CURVE ( 'NONE', #559, #981, #2771, .T. ) ;
#350 = VECTOR ( 'NONE', #1801, 1000.000000000000000 ) ;
#351 = VERTEX_POINT ( 'NONE', #738 ) ;
#352 = CARTESIAN_POINT ( 'NONE',  ( -22.14005084386399957, 50.05879653723749811, 145.2896251541286006 ) ) ;
#353 = EDGE_LOOP ( 'NONE', ( #654, #1495, #2544 ) ) ;
#354 = DIRECTION ( 'NONE',  ( -1.000000000000000000, -1.386710574049910027E-14, -2.154648982096889881E-10 ) ) ;
#355 = ADVANCED_FACE ( 'NONE', ( #2505 ), #1498, .T. ) ;
#356 = ORIENTED_EDGE ( 'NONE', *, *, #175, .F. ) ;
#357 = VECTOR ( 'NONE', #2743, 1000.000000000000000 ) ;
#358 = DIRECTION ( 'NONE',  ( -1.000000000000000000, -1.181088324069315408E-14, -2.154659429599652055E-10 ) ) ;
#359 = ORIENTED_EDGE ( 'NONE', *, *, #2655, .T. ) ;
#360 = CARTESIAN_POINT ( 'NONE',  ( 36.17676296033559424, 46.77625838517850099, 171.0501160710275030 ) ) ;
#361 = DIRECTION ( 'NONE',  ( 0.7071067813388740575, 6.323205012393092943E-15, -0.7071067810342209770 ) ) ;
#362 = EDGE_LOOP ( 'NONE', ( #2555, #2057, #2482, #675 ) ) ;
#363 = DIRECTION ( 'NONE',  ( 0.7071067810722270197, -0.4674353749315710571, 0.5305696659480779731 ) ) ;
#364 = FACE_OUTER_BOUND ( 'NONE', #2428, .T. ) ;
#365 = CIRCLE ( 'NONE', #1962, 2.349999999999999645 ) ;
#366 = AXIS2_PLACEMENT_3D ( 'NONE', #2502, #561, #722 ) ;
#367 = ORIENTED_EDGE ( 'NONE', *, *, #2230, .T. ) ;
#368 = DIRECTION ( 'NONE',  ( -0.7071067812942780639, -0.7071067810788168595, 0.000000000000000000 ) ) ;
#369 = ORIENTED_EDGE ( 'NONE', *, *, #1414, .T. ) ;
#370 = ORIENTED_EDGE ( 'NONE', *, *, #1874, .T. ) ;
#371 =( GEOMETRIC_REPRESENTATION_CONTEXT ( 3 ) GLOBAL_UNCERTAINTY_ASSIGNED_CONTEXT ( ( #2765 ) ) GLOBAL_UNIT_ASSIGNED_CONTEXT ( ( #1852, #793, #980 ) ) REPRESENTATION_CONTEXT ( 'NONE', 'WORKASPACE' ) );
#372 = EDGE_CURVE ( 'NONE', #802, #1370, #2079, .T. ) ;
#373 = CARTESIAN_POINT ( 'NONE',  ( 14.75294269372509959, 52.35897709127220168, 180.4501160664109705 ) ) ;
#374 = ORIENTED_EDGE ( 'NONE', *, *, #1526, .T. ) ;
#375 = FACE_OUTER_BOUND ( 'NONE', #1302, .T. ) ;
#376 = CARTESIAN_POINT ( 'NONE',  ( -12.97184124525259996, 57.55879653723740574, 130.0501160604379720 ) ) ;
#377 = DIRECTION ( 'NONE',  ( -2.154659429599649987E-10, 4.484075769682365129E-29, 1.000000000000000000 ) ) ;
#378 = ORIENTED_EDGE ( 'NONE', *, *, #1164, .T. ) ;
#379 = DIRECTION ( 'NONE',  ( 0.000000000000000000, -0.7071067811868070319, 0.7071067811862880026 ) ) ;
#380 = ORIENTED_EDGE ( 'NONE', *, *, #1906, .F. ) ;
#381 = CARTESIAN_POINT ( 'NONE',  ( -12.97184124503709945, 57.55879653723740574, 130.0501160604379720 ) ) ;
#382 = PRODUCT ( 'Main_Body_Rear_Left - 1515-6mm Slots', 'Main_Body_Rear_Left - 1515-6mm Slots', '', ( #295 ) ) ;
#383 = EDGE_LOOP ( 'NONE', ( #1055, #370, #2764, #932, #416, #57, #628, #953, #367, #2144, #1477 ) ) ;
#384 = CARTESIAN_POINT ( 'NONE',  ( 41.05930112122915432, 62.05879653723830103, 130.0501160720797884 ) ) ;
#385 = VECTOR ( 'NONE', #1320, 1000.000000000000000 ) ;
#386 = EDGE_CURVE ( 'NONE', #1162, #1949, #2724, .T. ) ;
#387 = CARTESIAN_POINT ( 'NONE',  ( 5.037895253940079421, 54.95626731504329854, 180.4501160643179958 ) ) ;
#388 = ORIENTED_EDGE ( 'NONE', *, *, #2671, .F. ) ;
#389 = EDGE_CURVE ( 'NONE', #2519, #425, #2288, .T. ) ;
#390 = CARTESIAN_POINT ( 'NONE',  ( -22.34005084837200172, 50.05879653723740574, 166.2113888591615023 ) ) ;
#391 = DIRECTION ( 'NONE',  ( 1.000000000000000000, 1.037858550319356110E-14, 2.154687694978559841E-10 ) ) ;
#392 = EDGE_LOOP ( 'NONE', ( #1427, #2799, #661, #219, #1086 ) ) ;
#393 = CARTESIAN_POINT ( 'NONE',  ( 36.29361569627999984, 47.45879653723799407, 130.0501160710529973 ) ) ;
#394 = ORIENTED_EDGE ( 'NONE', *, *, #2054, .T. ) ;
#395 = CARTESIAN_POINT ( 'NONE',  ( 14.64627447159042006, 62.05879653723789602, 164.6893924084819787 ) ) ;
#396 = EDGE_LOOP ( 'NONE', ( #1418, #2264, #1979, #407 ) ) ;
#397 = DIRECTION ( 'NONE',  ( 2.154696345837579945E-10, 2.960594732333690164E-15, -1.000000000000000000 ) ) ;
#398 = CARTESIAN_POINT ( 'NONE',  ( 41.05930112122889852, 70.80879653724350931, 130.0501160720795895 ) ) ;
#399 = VERTEX_POINT ( 'NONE', #751 ) ;
#400 = EDGE_CURVE ( 'NONE', #1673, #1719, #1643, .T. ) ;
#401 = LINE ( 'NONE', #2097, #934 ) ;
#402 = CIRCLE ( 'NONE', #218, 2.350000000000000089 ) ;
#403 = DIRECTION ( 'NONE',  ( 1.000000000000000000, 1.059483006165728023E-14, 2.154687381178409920E-10 ) ) ;
#404 = EDGE_CURVE ( 'NONE', #1203, #1395, #2063, .T. ) ;
#405 = CARTESIAN_POINT ( 'NONE',  ( 35.92855686452164576, 54.55879653723810208, 130.0501160709741839 ) ) ;
#406 = VECTOR ( 'NONE', #709, 1000.000000000000000 ) ;
#407 = ORIENTED_EDGE ( 'NONE', *, *, #2004, .F. ) ;
#408 = FILL_AREA_STYLE_COLOUR ( '', #1766 ) ;
#409 = EDGE_LOOP ( 'NONE', ( #2607, #177, #1750, #700 ) ) ;
#410 = VECTOR ( 'NONE', #1209, 1000.000000000000000 ) ;
#411 = CIRCLE ( 'NONE', #1872, 5.350000000000000533 ) ;
#412 = CARTESIAN_POINT ( 'NONE',  ( -4.420851487019204384, 81.80879653724871048, 130.0501160622804093 ) ) ;
#413 = VECTOR ( 'NONE', #217, 1000.000000000000000 ) ;
#414 = AXIS2_PLACEMENT_3D ( 'NONE', #187, #1077, #1308 ) ;
#415 = CYLINDRICAL_SURFACE ( 'NONE', #1361, 0.9999999999999960032 ) ;
#416 = ORIENTED_EDGE ( 'NONE', *, *, #2157, .F. ) ;
#417 = DIRECTION ( 'NONE',  ( 2.154812276323944992E-10, 2.960594732334085383E-15, -1.000000000000000000 ) ) ;
#418 = CARTESIAN_POINT ( 'NONE',  ( -21.94005084407899986, 51.65921008091859790, 146.2896251541716026 ) ) ;
#419 = CARTESIAN_POINT ( 'NONE',  ( -22.14005084386399957, 50.05879653723749811, 145.2896251541286006 ) ) ;
#420 = EDGE_CURVE ( 'NONE', #1328, #1580, #2023, .T. ) ;
#421 = EDGE_CURVE ( 'NONE', #824, #975, #2034, .T. ) ;
#422 = ORIENTED_EDGE ( 'NONE', *, *, #1369, .F. ) ;
#423 = CARTESIAN_POINT ( 'NONE',  ( -21.94005084850059717, 50.05879653723740574, 166.8113888592474723 ) ) ;
#424 = EDGE_CURVE ( 'NONE', #2331, #2344, #634, .T. ) ;
#425 = VERTEX_POINT ( 'NONE', #517 ) ;
#426 = CARTESIAN_POINT ( 'NONE',  ( -20.34005084828569565, 51.65921004631109525, 165.8113888595919718 ) ) ;
#427 = DIRECTION ( 'NONE',  ( -1.000000000000000000, -5.920378534056230124E-15, -2.154668017803219828E-10 ) ) ;
#428 = CARTESIAN_POINT ( 'NONE',  ( -21.94005084321949894, 51.65920965118880304, 142.2994944988386123 ) ) ;
#429 = DIRECTION ( 'NONE',  ( 1.000000000000000000, 1.061104844064820130E-14, 2.154687197094545074E-10 ) ) ;
#430 = VECTOR ( 'NONE', #2401, 1000.000000000000000 ) ;
#431 = CARTESIAN_POINT ( 'NONE',  ( -22.14005084851699934, 52.45921003474789757, 166.8865519712225023 ) ) ;
#432 = CARTESIAN_POINT ( 'NONE',  ( 5.037895254888109520, 54.95626731504329854, 176.0501160643185017 ) ) ;
#433 = ORIENTED_EDGE ( 'NONE', *, *, #49, .F. ) ;
#434 = CARTESIAN_POINT ( 'NONE',  ( -22.34005084903745342, 52.05584171791409887, 169.3008966456914948 ) ) ;
#435 = EDGE_CURVE ( 'NONE', #2081, #851, #2275, .T. ) ;
#436 = ORIENTED_EDGE ( 'NONE', *, *, #1335, .F. ) ;
#437 = DIRECTION ( 'NONE',  ( 2.154671845482610064E-10, -2.931108568341530269E-29, -1.000000000000000000 ) ) ;
#438 = CARTESIAN_POINT ( 'NONE',  ( 14.64506135163964018, 67.34200341088840958, 180.7501160663875055 ) ) ;
#439 = CIRCLE ( 'NONE', #1538, 0.9999999999999993339 ) ;
#440 = CARTESIAN_POINT ( 'NONE',  ( -22.34005084399259999, 50.05879653723749811, 145.8896251540852234 ) ) ;
#441 = LINE ( 'NONE', #2835, #385 ) ;
#442 = CARTESIAN_POINT ( 'NONE',  ( -22.34005084386405215, 51.65921008091859790, 145.2896251540854280 ) ) ;
#443 = DIRECTION ( 'NONE',  ( -1.000000000000000000, -4.195613967466710098E-15, -2.154579846794530031E-10 ) ) ;
#444 = CIRCLE ( 'NONE', #2632, 3.000000000000002665 ) ;
#445 = ORIENTED_EDGE ( 'NONE', *, *, #389, .T. ) ;
#446 = DIRECTION ( 'NONE',  ( -1.616519418323753921E-10, -0.6610534467611879350, 0.7503388171520605221 ) ) ;
#447 = ORIENTED_EDGE ( 'NONE', *, *, #2654, .F. ) ;
#448 = DIRECTION ( 'NONE',  ( 1.523642323419954636E-10, -0.7071067811865475727, -0.7071067811865475727 ) ) ;
#449 = AXIS2_PLACEMENT_3D ( 'NONE', #806, #1007, #762 ) ;
#450 = CARTESIAN_POINT ( 'NONE',  ( -22.14005084837880233, 49.49311111228819726, 166.2457034342554891 ) ) ;
#451 = CONICAL_SURFACE ( 'NONE', #2731, 0.7999999999999967137, 0.7853981633974490562 ) ;
#452 = ORIENTED_EDGE ( 'NONE', *, *, #731, .T. ) ;
#453 = EDGE_CURVE ( 'NONE', #2450, #256, #798, .T. ) ;
#454 = VECTOR ( 'NONE', #2197, 1000.000000000000000 ) ;
#455 = DIRECTION ( 'NONE',  ( -1.000000000000000000, -1.796815220522565396E-14, -2.154599861455545036E-10 ) ) ;
#456 = VECTOR ( 'NONE', #1056, 1000.000000000000000 ) ;
#457 = EDGE_CURVE ( 'NONE', #2296, #1183, #2486, .T. ) ;
#458 = DIRECTION ( 'NONE',  ( 1.000000000000000000, 1.385903816814020205E-14, 2.154690800510390009E-10 ) ) ;
#459 = FACE_OUTER_BOUND ( 'NONE', #1561, .T. ) ;
#460 = VECTOR ( 'NONE', #1402, 1000.000000000000000 ) ;
#461 = LINE ( 'NONE', #2008, #164 ) ;
#462 = ORIENTED_EDGE ( 'NONE', *, *, #1349, .F. ) ;
#463 = DIRECTION ( 'NONE',  ( -1.000000000000000000, -1.036277670040104085E-14, -2.154652010219149828E-10 ) ) ;
#464 = ORIENTED_EDGE ( 'NONE', *, *, #1940, .F. ) ;
#465 = CARTESIAN_POINT ( 'NONE',  ( -22.34005084906895178, 51.58359959677299855, 169.4459101399415033 ) ) ;
#466 = DIRECTION ( 'NONE',  ( 2.154674193203711578E-10, 0.000000000000000000, -1.000000000000000000 ) ) ;
#467 = EDGE_LOOP ( 'NONE', ( #445, #1936, #795, #433 ) ) ;
#468 = FACE_OUTER_BOUND ( 'NONE', #2329, .T. ) ;
#469 = LINE ( 'NONE', #2385, #310 ) ;
#470 = DIRECTION ( 'NONE',  ( 1.000000000000000000, 1.196353510771660073E-14, 2.154635164518530048E-10 ) ) ;
#471 = EDGE_CURVE ( 'NONE', #2271, #512, #1167, .T. ) ;
#472 = CARTESIAN_POINT ( 'NONE',  ( -22.14005084850060001, 50.05879653723740574, 166.8113888592044987 ) ) ;
#473 = DIRECTION ( 'NONE',  ( 0.000000000000000000, -1.000000000000000000, -3.130144285626680604E-15 ) ) ;
#474 = ORIENTED_EDGE ( 'NONE', *, *, #1301, .F. ) ;
#475 = ADVANCED_FACE ( 'NONE', ( #80 ), #1388, .T. ) ;
#476 = VERTEX_POINT ( 'NONE', #301 ) ;
#477 = CYLINDRICAL_SURFACE ( 'NONE', #220, 0.9999999999999993339 ) ;
#478 = CARTESIAN_POINT ( 'NONE',  ( -22.34005084894040039, 50.05879653723740574, 168.8506931115344969 ) ) ;
#479 = ORIENTED_EDGE ( 'NONE', *, *, #971, .F. ) ;
#480 = CYLINDRICAL_SURFACE ( 'NONE', #2778, 5.350000000000000533 ) ;
#481 = DIRECTION ( 'NONE',  ( 2.154671845482670035E-10, 4.826954088476509937E-16, -1.000000000000000000 ) ) ;
#482 = AXIS2_PLACEMENT_3D ( 'NONE', #624, #2776, #2100 ) ;
#483 = DIRECTION ( 'NONE',  ( 0.000000000000000000, 3.118711518625690184E-15, -1.000000000000000000 ) ) ;
#484 = EDGE_CURVE ( 'NONE', #2570, #2153, #2774, .T. ) ;
#485 = ORIENTED_EDGE ( 'NONE', *, *, #2811, .F. ) ;
#486 = VECTOR ( 'NONE', #2403, 1000.000000000000000 ) ;
#487 = CARTESIAN_POINT ( 'NONE',  ( 37.22855685477589560, 54.55879653723810208, 175.2808603279615056 ) ) ;
#488 = VERTEX_POINT ( 'NONE', #2262 ) ;
#489 = EDGE_CURVE ( 'NONE', #1460, #1657, #2049, .T. ) ;
#490 = PLANE ( 'NONE',  #878 ) ;
#491 = VECTOR ( 'NONE', #2446, 1000.000000000000000 ) ;
#492 = ORIENTED_EDGE ( 'NONE', *, *, #820, .F. ) ;
#493 = DIRECTION ( 'NONE',  ( 1.523642323419954636E-10, -0.7071067811865475727, -0.7071067811865475727 ) ) ;
#494 = ORIENTED_EDGE ( 'NONE', *, *, #2529, .F. ) ;
#495 = DIRECTION ( 'NONE',  ( -0.7071067811865435759, -0.7071067811865515695, -1.523601215082093929E-10 ) ) ;
#496 = VECTOR ( 'NONE', #2101, 1000.000000000000000 ) ;
#497 = VECTOR ( 'NONE', #2639, 1000.000000000000000 ) ;
#498 = AXIS2_PLACEMENT_3D ( 'NONE', #348, #555, #582 ) ;
#499 = DIRECTION ( 'NONE',  ( 0.7071067811865435759, 0.7071067811865515695, 1.523601301160534030E-10 ) ) ;
#500 = VECTOR ( 'NONE', #2112, 1000.000000000000000 ) ;
#501 = VECTOR ( 'NONE', #579, 1000.000000000000000 ) ;
#502 = DIRECTION ( 'NONE',  ( -1.616519418323753921E-10, -0.6610534467611879350, 0.7503388171520605221 ) ) ;
#503 = VECTOR ( 'NONE', #1351, 1000.000000000000000 ) ;
#504 = CONICAL_SURFACE ( 'NONE', #1155, 0.8000000000000010436, 0.7853981633974236320 ) ;
#505 = VERTEX_POINT ( 'NONE', #767 ) ;
#506 = EDGE_CURVE ( 'NONE', #1395, #1047, #1626, .T. ) ;
#507 = EDGE_LOOP ( 'NONE', ( #1696, #1775, #791, #2325 ) ) ;
#508 = DIRECTION ( 'NONE',  ( -1.616692890671349276E-10, 0.6610533088815695457, 0.7503389386248912052 ) ) ;
#509 = DIRECTION ( 'NONE',  ( -1.000000000000000000, -3.025630725489669559E-14, -2.154635164518530048E-10 ) ) ;
#510 = EDGE_CURVE ( 'NONE', #2542, #1256, #577, .T. ) ;
#511 = EDGE_CURVE ( 'NONE', #118, #75, #2789, .T. ) ;
#512 = VERTEX_POINT ( 'NONE', #373 ) ;
#513 = CARTESIAN_POINT ( 'NONE',  ( -40.45105085143904944, 48.15879653723730058, 180.4501160545164851 ) ) ;
#514 = EDGE_LOOP ( 'NONE', ( #2383, #1053, #2463, #388 ) ) ;
#515 = CARTESIAN_POINT ( 'NONE',  ( 37.14282748206269957, 53.84673845616190135, 175.3665897006379737 ) ) ;
#516 = EDGE_CURVE ( 'NONE', #2375, #975, #1295, .T. ) ;
#517 = CARTESIAN_POINT ( 'NONE',  ( -21.94005084305774744, 52.32026296863049453, 141.5491555677551787 ) ) ;
#518 = ORIENTED_EDGE ( 'NONE', *, *, #225, .T. ) ;
#519 = CARTESIAN_POINT ( 'NONE',  ( -22.34005084321944778, 50.05879653723749811, 142.2994946593954069 ) ) ;
#520 = CARTESIAN_POINT ( 'NONE',  ( -11.14005084979068094, 50.85900246190709595, 172.8000716704254955 ) ) ;
#521 = VERTEX_POINT ( 'NONE', #2336 ) ;
#522 = DIRECTION ( 'NONE',  ( 1.000000000000000000, 1.147689703135922048E-14, 2.154666321822755046E-10 ) ) ;
#523 = PLANE ( 'NONE',  #2178 ) ;
#524 = ORIENTED_EDGE ( 'NONE', *, *, #1728, .T. ) ;
#525 = ADVANCED_FACE ( 'NONE', ( #810 ), #415, .T. ) ;
#526 = ORIENTED_EDGE ( 'NONE', *, *, #2504, .F. ) ;
#527 = DIRECTION ( 'NONE',  ( -2.154668017803219828E-10, 0.000000000000000000, 1.000000000000000000 ) ) ;
#528 = EDGE_CURVE ( 'NONE', #2348, #2220, #2589, .T. ) ;
#529 = PLANE ( 'NONE',  #809 ) ;
#530 = DIRECTION ( 'NONE',  ( -1.000000000000000000, -1.196353510771660073E-14, -2.154668017803219828E-10 ) ) ;
#531 = EDGE_LOOP ( 'NONE', ( #2014, #2422, #1355, #1172, #2308, #462, #1739 ) ) ;
#532 = DIRECTION ( 'NONE',  ( -1.523576982827591880E-10, -0.7071067811864770736, 0.7071067811866180719 ) ) ;
#533 = ORIENTED_EDGE ( 'NONE', *, *, #1823, .T. ) ;
#534 = DIRECTION ( 'NONE',  ( -2.154668017820407608E-10, 1.437160482239679024E-07, 0.9999999999999896749 ) ) ;
#535 = CARTESIAN_POINT ( 'NONE',  ( 38.95930111508820204, 49.55879653723790312, 158.5501160716264906 ) ) ;
#536 = VECTOR ( 'NONE', #2427, 1000.000000000000114 ) ;
#537 = ORIENTED_EDGE ( 'NONE', *, *, #212, .T. ) ;
#538 = CYLINDRICAL_SURFACE ( 'NONE', #216, 1.000000000000003109 ) ;
#539 = ORIENTED_EDGE ( 'NONE', *, *, #288, .F. ) ;
#540 = CARTESIAN_POINT ( 'NONE',  ( 17.04748660795010196, 47.05879653723760470, 184.7763417360430083 ) ) ;
#541 = ADVANCED_FACE ( 'NONE', ( #1085 ), #2725, .T. ) ;
#542 = ORIENTED_EDGE ( 'NONE', *, *, #49, .T. ) ;
#543 = AXIS2_PLACEMENT_3D ( 'NONE', #1511, #159, #2618 ) ;
#544 = VECTOR ( 'NONE', #2624, 1000.000000000000000 ) ;
#545 = DIRECTION ( 'NONE',  ( -0.7071067810341741255, -8.459496801629581612E-15, -0.7071067813389211310 ) ) ;
#546 = ADVANCED_FACE ( 'NONE', ( #609 ), #632, .T. ) ;
#547 = EDGE_CURVE ( 'NONE', #2319, #851, #827, .T. ) ;
#548 = DIRECTION ( 'NONE',  ( -0.6785983443996719267, 0.2810846377147750430, -0.6785983446920409445 ) ) ;
#549 = EDGE_LOOP ( 'NONE', ( #863, #1405, #763, #2769 ) ) ;
#550 = PLANE ( 'NONE',  #2595 ) ;
#551 = CARTESIAN_POINT ( 'NONE',  ( -20.34005084850059930, 50.05879653723749811, 166.8113888595919718 ) ) ;
#552 = VECTOR ( 'NONE', #2255, 1000.000000000000000 ) ;
#553 = AXIS2_PLACEMENT_3D ( 'NONE', #1785, #2653, #871 ) ;
#554 = LINE ( 'NONE', #772, #1147 ) ;
#555 = DIRECTION ( 'NONE',  ( -1.000000000000000000, -4.212913244181519996E-15, -2.154580043185284966E-10 ) ) ;
#556 = VECTOR ( 'NONE', #199, 1000.000000000000000 ) ;
#557 = ORIENTED_EDGE ( 'NONE', *, *, #2333, .F. ) ;
#558 = LINE ( 'NONE', #2284, #2680 ) ;
#559 = VERTEX_POINT ( 'NONE', #197 ) ;
#560 = VERTEX_POINT ( 'NONE', #2554 ) ;
#561 = DIRECTION ( 'NONE',  ( -1.000000000000000000, -1.608707212145614979E-14, -2.154709253173355031E-10 ) ) ;
#562 = DIRECTION ( 'NONE',  ( 1.000000000000000000, 1.385903816814020205E-14, 2.154690800510390009E-10 ) ) ;
#563 = ORIENTED_EDGE ( 'NONE', *, *, #175, .T. ) ;
#564 = EDGE_CURVE ( 'NONE', #104, #1070, #402, .T. ) ;
#565 = LINE ( 'NONE', #315, #2044 ) ;
#566 = ORIENTED_EDGE ( 'NONE', *, *, #1625, .T. ) ;
#567 = EDGE_CURVE ( 'NONE', #897, #1377, #1074, .T. ) ;
#568 = DIRECTION ( 'NONE',  ( 0.000000000000000000, -2.154666739890284955E-10, -1.000000000000000000 ) ) ;
#569 = ORIENTED_EDGE ( 'NONE', *, *, #564, .F. ) ;
#570 = FACE_OUTER_BOUND ( 'NONE', #2675, .T. ) ;
#571 = DIRECTION ( 'NONE',  ( 1.000000000000000000, 0.000000000000000000, 0.000000000000000000 ) ) ;
#572 = ORIENTED_EDGE ( 'NONE', *, *, #2312, .F. ) ;
#573 = DIRECTION ( 'NONE',  ( 1.000000000000000000, 1.732332862300160239E-14, 2.154538586875600027E-10 ) ) ;
#574 = VERTEX_POINT ( 'NONE', #1461 ) ;
#575 = CARTESIAN_POINT ( 'NONE',  ( -21.94005084386400029, 50.05879653723749811, 145.2896251541716310 ) ) ;
#576 = CIRCLE ( 'NONE', #2526, 0.9999999999999964473 ) ;
#577 = LINE ( 'NONE', #1033, #1094 ) ;
#578 = VERTEX_POINT ( 'NONE', #1235 ) ;
#579 = DIRECTION ( 'NONE',  ( -1.000000000000000000, -1.196353510771660073E-14, -2.154668017803219828E-10 ) ) ;
#580 = ORIENTED_EDGE ( 'NONE', *, *, #2586, .F. ) ;
#581 = CARTESIAN_POINT ( 'NONE',  ( -20.34005084834829802, 52.36631688197439871, 166.1042821328819912 ) ) ;
#582 = DIRECTION ( 'NONE',  ( 1.616692890671340228E-10, -0.6610534467611623999, -0.7503388171520829486 ) ) ;
#583 = ADVANCED_FACE ( 'NONE', ( #1251 ), #1701, .F. ) ;
#584 = ORIENTED_EDGE ( 'NONE', *, *, #2281, .T. ) ;
#585 = FACE_OUTER_BOUND ( 'NONE', #1484, .T. ) ;
#586 = VERTEX_POINT ( 'NONE', #828 ) ;
#587 = FACE_OUTER_BOUND ( 'NONE', #41, .T. ) ;
#588 = ORIENTED_EDGE ( 'NONE', *, *, #1349, .T. ) ;
#589 = AXIS2_PLACEMENT_3D ( 'NONE', #1186, #2474, #127 ) ;
#590 = VECTOR ( 'NONE', #678, 999.9999999999998863 ) ;
#591 = DIRECTION ( 'NONE',  ( 0.000000000000000000, 3.052474680870870515E-15, -1.000000000000000000 ) ) ;
#592 = CIRCLE ( 'NONE', #449, 5.749999999999998224 ) ;
#593 = ORIENTED_EDGE ( 'NONE', *, *, #746, .F. ) ;
#594 = DIRECTION ( 'NONE',  ( 1.000000000000000000, 5.920378534056230124E-15, 2.154674193203710028E-10 ) ) ;
#595 = DIRECTION ( 'NONE',  ( -1.000000000000000000, -1.167290563274112104E-14, -2.154668017803219828E-10 ) ) ;
#596 = CARTESIAN_POINT ( 'NONE',  ( -21.94005084386400029, 49.05879653723749811, 145.2896251541716310 ) ) ;
#597 = VECTOR ( 'NONE', #1740, 1000.000000000000000 ) ;
#598 = EDGE_LOOP ( 'NONE', ( #1028, #485, #15, #2391 ) ) ;
#599 = PRODUCT_DEFINITION_CONTEXT ( 'detailed design', #243, 'design' ) ;
#600 = CARTESIAN_POINT ( 'NONE',  ( 32.64122905332544633, 50.31179229111129558, 176.0501160702660002 ) ) ;
#601 = ORIENTED_EDGE ( 'NONE', *, *, #2529, .T. ) ;
#602 = CIRCLE ( 'NONE', #43, 1.000000000000003109 ) ;
#603 = EDGE_CURVE ( 'NONE', #2669, #1580, #1687, .T. ) ;
#604 = ORIENTED_EDGE ( 'NONE', *, *, #992, .F. ) ;
#605 = AXIS2_PLACEMENT_3D ( 'NONE', #689, #939, #493 ) ;
#606 = CARTESIAN_POINT ( 'NONE',  ( -21.94005084828565089, 50.05879653723740574, 165.8113888592474723 ) ) ;
#607 = ADVANCED_FACE ( 'NONE', ( #2360 ), #1010, .F. ) ;
#608 = PLANE ( 'NONE',  #787 ) ;
#609 = FACE_OUTER_BOUND ( 'NONE', #396, .T. ) ;
#610 = ORIENTED_EDGE ( 'NONE', *, *, #1505, .T. ) ;
#611 = CARTESIAN_POINT ( 'NONE',  ( -22.14005084832885473, 49.95889995296570163, 166.0113888592044873 ) ) ;
#612 = LINE ( 'NONE', #1254, #1398 ) ;
#613 = DIRECTION ( 'NONE',  ( 1.000000000000000000, 1.196353510871336119E-14, 2.154668017803219828E-10 ) ) ;
#614 = ORIENTED_EDGE ( 'NONE', *, *, #2429, .F. ) ;
#615 = FILL_AREA_STYLE ('',( #408 ) ) ;
#616 = ORIENTED_EDGE ( 'NONE', *, *, #1784, .F. ) ;
#617 = CARTESIAN_POINT ( 'NONE',  ( 15.26329864065900210, 55.65921280955800654, 164.6893924086149923 ) ) ;
#618 = VERTEX_POINT ( 'NONE', #1490 ) ;
#619 = ADVANCED_FACE ( 'NONE', ( #2304 ), #2347, .F. ) ;
#620 = EDGE_CURVE ( 'NONE', #824, #2269, #1502, .T. ) ;
#621 = CARTESIAN_POINT ( 'NONE',  ( -22.14005084894045083, 51.65920973258510429, 168.8506932825594902 ) ) ;
#622 = ORIENTED_EDGE ( 'NONE', *, *, #205, .F. ) ;
#623 = CYLINDRICAL_SURFACE ( 'NONE', #414, 0.9999999999999993339 ) ;
#624 = CARTESIAN_POINT ( 'NONE',  ( 27.67300471407899920, 52.49747847725159744, 180.9086947129580096 ) ) ;
#625 = CARTESIAN_POINT ( 'NONE',  ( 41.05930112122905484, 52.22448196218719829, 130.0501160720795895 ) ) ;
#626 = ORIENTED_EDGE ( 'NONE', *, *, #971, .T. ) ;
#627 = PLANE ( 'NONE',  #543 ) ;
#628 = ORIENTED_EDGE ( 'NONE', *, *, #421, .T. ) ;
#629 = DIRECTION ( 'NONE',  ( 1.000000000000000000, 1.083724076702820085E-14, 2.154618849188449943E-10 ) ) ;
#630 = CONICAL_SURFACE ( 'NONE', #956, 0.8000000000000033751, 0.7853981633974335130 ) ;
#631 = ADVANCED_FACE ( 'NONE', ( #1570 ), #964, .T. ) ;
#632 = PLANE ( 'NONE',  #2678 ) ;
#633 = EDGE_LOOP ( 'NONE', ( #1883, #1983 ) ) ;
#634 = CIRCLE ( 'NONE', #589, 0.9999999999999993339 ) ;
#635 = ADVANCED_FACE ( 'NONE', ( #2425 ), #1306, .F. ) ;
#636 = ADVANCED_FACE ( 'NONE', ( #1957 ), #2159, .T. ) ;
#637 = AXIS2_PLACEMENT_3D ( 'NONE', #1344, #1753, #34 ) ;
#638 = FACE_OUTER_BOUND ( 'NONE', #808, .T. ) ;
#639 = CARTESIAN_POINT ( 'NONE',  ( -12.97184124525252180, 51.55879653723729206, 130.0501160604379720 ) ) ;
#640 = VECTOR ( 'NONE', #1004, 1000.000000000000000 ) ;
#641 = EDGE_CURVE ( 'NONE', #1985, #1043, #1741, .T. ) ;
#642 = EDGE_LOOP ( 'NONE', ( #924, #2142, #494, #1652 ) ) ;
#643 = CIRCLE ( 'NONE', #2784, 0.5999999999999749978 ) ;
#644 = CARTESIAN_POINT ( 'NONE',  ( 9.445186036550261122, 61.32102862352650163, 175.3882752091409998 ) ) ;
#645 = AXIS2_PLACEMENT_3D ( 'NONE', #2341, #377, #2152 ) ;
#646 = AXIS2_PLACEMENT_3D ( 'NONE', #438, #253, #1723 ) ;
#647 = VERTEX_POINT ( 'NONE', #874 ) ;
#648 = AXIS2_PLACEMENT_3D ( 'NONE', #789, #1632, #1023 ) ;
#649 = AXIS2_PLACEMENT_3D ( 'NONE', #2758, #594, #812 ) ;
#650 = DIRECTION ( 'NONE',  ( 1.000000000000000000, 8.105656898497600228E-16, 2.154610018091639995E-10 ) ) ;
#651 = CARTESIAN_POINT ( 'NONE',  ( -20.34005085156884718, 66.60498018855649605, 181.0501160588505059 ) ) ;
#652 = CONICAL_SURFACE ( 'NONE', #2228, 0.8000000000000019318, 0.7853981633974617127 ) ;
#653 = FACE_OUTER_BOUND ( 'NONE', #1888, .T. ) ;
#654 = ORIENTED_EDGE ( 'NONE', *, *, #1166, .T. ) ;
#655 = DIRECTION ( 'NONE',  ( 0.9999999999999968914, 0.000000000000000000, 7.798172379959375941E-08 ) ) ;
#656 = DIRECTION ( 'NONE',  ( 1.000000000000000000, 7.341198413840970595E-15, 2.154682226002015041E-10 ) ) ;
#657 = ADVANCED_FACE ( 'NONE', ( #1095 ), #211, .F. ) ;
#658 = LINE ( 'NONE', #2806, #2451 ) ;
#659 = ORIENTED_EDGE ( 'NONE', *, *, #1787, .T. ) ;
#660 = EDGE_CURVE ( 'NONE', #1183, #2153, #469, .T. ) ;
#661 = ORIENTED_EDGE ( 'NONE', *, *, #2349, .F. ) ;
#662 = DIRECTION ( 'NONE',  ( 2.154671845482670035E-10, 2.960594732333670048E-15, -1.000000000000000000 ) ) ;
#663 = LINE ( 'NONE', #2172, #2452 ) ;
#664 = LINE ( 'NONE', #1122, #1724 ) ;
#665 = LINE ( 'NONE', #710, #2287 ) ;
#666 = AXIS2_PLACEMENT_3D ( 'NONE', #428, #1788, #1307 ) ;
#667 = CARTESIAN_POINT ( 'NONE',  ( -21.14005084066635121, 70.15879600110969250, 130.4501160586773949 ) ) ;
#668 = ORIENTED_EDGE ( 'NONE', *, *, #2018, .T. ) ;
#669 = CARTESIAN_POINT ( 'NONE',  ( -21.94005084305769770, 49.39774309056200252, 141.5491558422540095 ) ) ;
#670 = EDGE_CURVE ( 'NONE', #287, #256, #1501, .T. ) ;
#671 = EDGE_LOOP ( 'NONE', ( #307, #2337, #1189, #1938, #2011, #584 ) ) ;
#672 =( NAMED_UNIT ( * ) PLANE_ANGLE_UNIT ( ) SI_UNIT ( $, .RADIAN. ) );
#673 = LINE ( 'NONE', #2409, #2546 ) ;
#674 = EDGE_CURVE ( 'NONE', #2417, #1525, #664, .T. ) ;
#675 = ORIENTED_EDGE ( 'NONE', *, *, #1414, .F. ) ;
#676 = CARTESIAN_POINT ( 'NONE',  ( -20.34005084850064904, 51.65921004631109525, 166.8113888595919718 ) ) ;
#677 = DIRECTION ( 'NONE',  ( -0.7525928028213756393, -8.750855910703898529E-15, -0.6584861981404516174 ) ) ;
#678 = DIRECTION ( 'NONE',  ( 1.523667668140395241E-10, -0.7071067811866180719, -0.7071067811864770736 ) ) ;
#679 = LINE ( 'NONE', #1981, #430 ) ;
#680 = CARTESIAN_POINT ( 'NONE',  ( -20.34005084407894870, 49.05879653723760470, 146.2896251545161874 ) ) ;
#681 = ORIENTED_EDGE ( 'NONE', *, *, #1364, .T. ) ;
#682 = CARTESIAN_POINT ( 'NONE',  ( -12.97184124503701952, 51.55879653723729206, 130.0501160604379720 ) ) ;
#683 = VERTEX_POINT ( 'NONE', #890 ) ;
#684 = CARTESIAN_POINT ( 'NONE',  ( -21.94005084894044799, 51.65920973258510429, 168.8506932826025206 ) ) ;
#685 = AXIS2_PLACEMENT_3D ( 'NONE', #2719, #2058, #119 ) ;
#686 = DIRECTION ( 'NONE',  ( -1.196353510984272128E-14, 1.000000000000000000, 9.867515266194710827E-15 ) ) ;
#687 = AXIS2_PLACEMENT_3D ( 'NONE', #936, #1117, #1793 ) ;
#688 = ORIENTED_EDGE ( 'NONE', *, *, #471, .T. ) ;
#689 = CARTESIAN_POINT ( 'NONE',  ( -21.94005084850059717, 50.05879653723740574, 166.8113888592474723 ) ) ;
#690 = ADVANCED_FACE ( 'NONE', ( #2188 ), #779, .T. ) ;
#691 = AXIS2_PLACEMENT_3D ( 'NONE', #2650, #732, #2421 ) ;
#692 = FACE_OUTER_BOUND ( 'NONE', #1385, .T. ) ;
#693 = AXIS2_PLACEMENT_3D ( 'NONE', #617, #855, #2737 ) ;
#694 = CARTESIAN_POINT ( 'NONE',  ( -12.38045117478812074, 48.15879653723770559, 181.0501160605655002 ) ) ;
#695 = EDGE_CURVE ( 'NONE', #2609, #1985, #2173, .T. ) ;
#696 = DIRECTION ( 'NONE',  ( -1.000000000000000000, -5.920378534056230124E-15, -2.154668017803219828E-10 ) ) ;
#697 = CIRCLE ( 'NONE', #2836, 0.9999999999999982236 ) ;
#698 = DIRECTION ( 'NONE',  ( 1.000000000000000000, 7.348939813585569923E-15, 2.154682303413960046E-10 ) ) ;
#699 = AXIS2_PLACEMENT_3D ( 'NONE', #1554, #2411, #1809 ) ;
#700 = ORIENTED_EDGE ( 'NONE', *, *, #877, .F. ) ;
#701 = CARTESIAN_POINT ( 'NONE',  ( -22.34005084850059930, 50.05879653723740574, 166.8113888591614966 ) ) ;
#702 = ORIENTED_EDGE ( 'NONE', *, *, #2070, .T. ) ;
#703 = LINE ( 'NONE', #2082, #496 ) ;
#704 = CARTESIAN_POINT ( 'NONE',  ( -20.34005084386399886, 49.05879653723760470, 145.2896251545162158 ) ) ;
#705 = ORIENTED_EDGE ( 'NONE', *, *, #1151, .T. ) ;
#706 = DIRECTION ( 'NONE',  ( -2.154668017803219828E-10, 3.376176215529340257E-29, 1.000000000000000000 ) ) ;
#707 = LINE ( 'NONE', #1293, #1065 ) ;
#708 = EDGE_CURVE ( 'NONE', #2597, #1472, #1541, .T. ) ;
#709 = DIRECTION ( 'NONE',  ( -0.7071067813389060319, -1.055295341320806203E-14, 0.7071067810341890025 ) ) ;
#710 = CARTESIAN_POINT ( 'NONE',  ( -20.34005084300600075, 51.53319277098709961, 141.3074664018471935 ) ) ;
#711 = DIRECTION ( 'NONE',  ( -1.000000000000000000, -5.959833336323570394E-15, -2.154599871843514915E-10 ) ) ;
#712 = EDGE_LOOP ( 'NONE', ( #1994, #1324, #167, #1669 ) ) ;
#713 = DIRECTION ( 'NONE',  ( 1.000000000000000000, 1.196353510771660073E-14, 2.154664906588750101E-10 ) ) ;
#714 = CARTESIAN_POINT ( 'NONE',  ( -21.94005084894039825, 50.05879653723740574, 168.8506931116205010 ) ) ;
#715 = ORIENTED_EDGE ( 'NONE', *, *, #603, .F. ) ;
#716 = LINE ( 'NONE', #1366, #967 ) ;
#717 = CARTESIAN_POINT ( 'NONE',  ( 31.70308955023934416, 56.17806022784879616, 180.8063276301164990 ) ) ;
#718 = EDGE_LOOP ( 'NONE', ( #1090, #2692, #839, #338 ) ) ;
#719 = DIRECTION ( 'NONE',  ( 1.000000000000000000, 1.162761041063410173E-14, 2.154668017803219828E-10 ) ) ;
#720 = VERTEX_POINT ( 'NONE', #2399 ) ;
#721 = CARTESIAN_POINT ( 'NONE',  ( 27.91442607034674950, 52.25605712101430100, 180.7672733567730177 ) ) ;
#722 = DIRECTION ( 'NONE',  ( 1.523723277182159218E-10, -0.7071067811865416886, -0.7071067811865532349 ) ) ;
#723 = CARTESIAN_POINT ( 'NONE',  ( -2.641593903643574937, 73.56410535408650730, 163.6392332070770124 ) ) ;
#724 = ORIENTED_EDGE ( 'NONE', *, *, #1700, .T. ) ;
#725 = EDGE_CURVE ( 'NONE', #1707, #844, #2218, .T. ) ;
#726 = ADVANCED_FACE ( 'NONE', ( #653 ), #480, .F. ) ;
#727 = CARTESIAN_POINT ( 'NONE',  ( -20.34005084894040039, 49.05879653723749811, 168.8506931119650289 ) ) ;
#728 = VECTOR ( 'NONE', #591, 1000.000000000000000 ) ;
#729 = VERTEX_POINT ( 'NONE', #4 ) ;
#730 = CARTESIAN_POINT ( 'NONE',  ( 36.45930111239489690, 47.05879653723780365, 171.0501160710884960 ) ) ;
#731 = EDGE_CURVE ( 'NONE', #118, #1265, #1517, .T. ) ;
#732 = DIRECTION ( 'NONE',  ( -1.000000000000000000, -1.167290563274112104E-14, -2.154668017803219828E-10 ) ) ;
#733 = ORIENTED_EDGE ( 'NONE', *, *, #2070, .F. ) ;
#734 = CARTESIAN_POINT ( 'NONE',  ( -20.34005084715134615, 48.15879653723760612, 160.5501160588499943 ) ) ;
#735 = CONICAL_SURFACE ( 'NONE', #1062, 0.7999999999999972689, 0.7853981633974391752 ) ;
#736 = VECTOR ( 'NONE', #1494, 1000.000000000000000 ) ;
#737 = VECTOR ( 'NONE', #2638, 1000.000000000000000 ) ;
#738 = CARTESIAN_POINT ( 'NONE',  ( -22.34005084837200172, 50.05879653723740574, 166.2113888591615023 ) ) ;
#739 = AXIS2_PLACEMENT_3D ( 'NONE', #419, #391, #1242 ) ;
#740 = ORIENTED_EDGE ( 'NONE', *, *, #1082, .T. ) ;
#741 = CARTESIAN_POINT ( 'NONE',  ( -20.34005084894040039, 50.05879653723749811, 168.8506931119650289 ) ) ;
#742 = ADVANCED_FACE ( 'NONE', ( #2374 ), #2086, .T. ) ;
#743 = ORIENTED_EDGE ( 'NONE', *, *, #1854, .F. ) ;
#744 = CARTESIAN_POINT ( 'NONE',  ( -20.34005084952889675, 38.39438836289444623, 171.5857078845089916 ) ) ;
#745 = LINE ( 'NONE', #334, #410 ) ;
#746 = EDGE_CURVE ( 'NONE', #118, #2207, #1786, .T. ) ;
#747 = ORIENTED_EDGE ( 'NONE', *, *, #424, .F. ) ;
#748 = ORIENTED_EDGE ( 'NONE', *, *, #1642, .F. ) ;
#749 = FACE_BOUND ( 'NONE', #807, .T. ) ;
#750 = LINE ( 'NONE', #2032, #757 ) ;
#751 = CARTESIAN_POINT ( 'NONE',  ( 31.70308955023934416, 56.17806022784879616, 180.8063276301164990 ) ) ;
#752 = VERTEX_POINT ( 'NONE', #2330 ) ;
#753 = CARTESIAN_POINT ( 'NONE',  ( -4.645874870534810519, 62.05879653723759759, 180.4501160622315012 ) ) ;
#754 = DIRECTION ( 'NONE',  ( -1.000000000000000000, -1.196353510771660073E-14, -2.154668017803219828E-10 ) ) ;
#755 = CARTESIAN_POINT ( 'NONE',  ( 37.22855685477589560, 54.55879653723810208, 175.2808603279615056 ) ) ;
#756 = CARTESIAN_POINT ( 'NONE',  ( -20.34005085029710003, 50.85900246190709595, 175.1500716684425072 ) ) ;
#757 = VECTOR ( 'NONE', #1429, 1000.000000000000000 ) ;
#758 = CARTESIAN_POINT ( 'NONE',  ( -20.34005084386404860, 52.65921008091869737, 145.2896250108001936 ) ) ;
#759 = PRODUCT_RELATED_PRODUCT_CATEGORY ( 'part', '', ( #382 ) ) ;
#760 = AXIS2_PLACEMENT_3D ( 'NONE', #1799, #96, #984 ) ;
#761 = VERTEX_POINT ( 'NONE', #105 ) ;
#762 = DIRECTION ( 'NONE',  ( -1.206764157201257459E-14, 1.000000000000000000, 0.000000000000000000 ) ) ;
#763 = ORIENTED_EDGE ( 'NONE', *, *, #1890, .F. ) ;
#764 = ADVANCED_FACE ( 'NONE', ( #792 ), #1442, .T. ) ;
#765 = FACE_OUTER_BOUND ( 'NONE', #2090, .T. ) ;
#766 = ORIENTED_EDGE ( 'NONE', *, *, #2018, .F. ) ;
#767 = CARTESIAN_POINT ( 'NONE',  ( -20.34005085143919800, 62.05879653723749811, 180.4501160588499999 ) ) ;
#768 = ORIENTED_EDGE ( 'NONE', *, *, #1386, .F. ) ;
#769 = PLANE ( 'NONE',  #1018 ) ;
#770 = ORIENTED_EDGE ( 'NONE', *, *, #2019, .T. ) ;
#771 = CONICAL_SURFACE ( 'NONE', #2163, 0.8000000000000019318, 0.7853981633974617127 ) ;
#772 = CARTESIAN_POINT ( 'NONE',  ( -11.14005084135511936, 50.85900246190729490, 133.6501160608320333 ) ) ;
#773 = CARTESIAN_POINT ( 'NONE',  ( -20.34005084910194583, 49.39774309056180357, 169.6010319291925157 ) ) ;
#774 = ORIENTED_EDGE ( 'NONE', *, *, #1665, .F. ) ;
#775 = DIRECTION ( 'NONE',  ( -1.000000000000000000, -4.212913244181519996E-15, -2.154580043185284966E-10 ) ) ;
#776 = ORIENTED_EDGE ( 'NONE', *, *, #2449, .T. ) ;
#777 = EDGE_LOOP ( 'NONE', ( #2192, #572, #774, #2560 ) ) ;
#778 = ADVANCED_FACE ( 'NONE', ( #137 ), #172, .T. ) ;
#779 = CONICAL_SURFACE ( 'NONE', #268, 0.8000000000000033751, 0.7853981633974335130 ) ;
#780 = DIRECTION ( 'NONE',  ( 0.7071067811864969466, 0.7071067811865908714, -1.014702431848379708E-07 ) ) ;
#781 = ADVANCED_FACE ( 'NONE', ( #585 ), #1681, .T. ) ;
#782 = CARTESIAN_POINT ( 'NONE',  ( -22.14005084309020432, 52.18805230521070371, 141.6992233539892254 ) ) ;
#783 = ORIENTED_EDGE ( 'NONE', *, *, #1728, .F. ) ;
#784 = CARTESIAN_POINT ( 'NONE',  ( 41.25930112118584958, 70.80879653724350931, 130.2501160721228075 ) ) ;
#785 = DIRECTION ( 'NONE',  ( 1.616646631378665005E-10, 0.6610533175273493045, -0.7503389310079048302 ) ) ;
#786 = VECTOR ( 'NONE', #1224, 1000.000000000000000 ) ;
#787 = AXIS2_PLACEMENT_3D ( 'NONE', #412, #2802, #1475 ) ;
#788 = DIRECTION ( 'NONE',  ( -5.981767554496220624E-15, 1.000000000000000000, 2.960594731044800307E-15 ) ) ;
#789 = CARTESIAN_POINT ( 'NONE',  ( -20.34005084321950108, 50.05879653723760470, 142.2994946598261947 ) ) ;
#790 = AXIS2_PLACEMENT_3D ( 'NONE', #195, #629, #1499 ) ;
#791 = ORIENTED_EDGE ( 'NONE', *, *, #2022, .F. ) ;
#792 = FACE_OUTER_BOUND ( 'NONE', #1277, .T. ) ;
#793 =( NAMED_UNIT ( * ) PLANE_ANGLE_UNIT ( ) SI_UNIT ( $, .RADIAN. ) );
#794 = ORIENTED_EDGE ( 'NONE', *, *, #1369, .T. ) ;
#795 = ORIENTED_EDGE ( 'NONE', *, *, #510, .F. ) ;
#796 = CARTESIAN_POINT ( 'NONE',  ( 15.08903594841965123, 62.05879653723789602, 181.0501160664840370 ) ) ;
#797 = EDGE_CURVE ( 'NONE', #2220, #2348, #1232, .T. ) ;
#798 = LINE ( 'NONE', #290, #2394 ) ;
#799 = ORIENTED_EDGE ( 'NONE', *, *, #2706, .F. ) ;
#800 = EDGE_CURVE ( 'NONE', #574, #2609, #2824, .T. ) ;
#801 = FACE_OUTER_BOUND ( 'NONE', #1576, .T. ) ;
#802 = VERTEX_POINT ( 'NONE', #2766 ) ;
#803 = LINE ( 'NONE', #1664, #1594 ) ;
#804 = DIRECTION ( 'NONE',  ( -1.000000000000000000, -1.158076886217716148E-14, -2.154671845482610064E-10 ) ) ;
#805 = ORIENTED_EDGE ( 'NONE', *, *, #103, .F. ) ;
#806 = CARTESIAN_POINT ( 'NONE',  ( -22.34005084186179957, 50.85900246190709595, 136.0001160806683913 ) ) ;
#807 = EDGE_LOOP ( 'NONE', ( #2822, #2738, #1685, #2009, #2648, #1168, #2195, #93, #1482, #1394, #1034, #1285 ) ) ;
#808 = EDGE_LOOP ( 'NONE', ( #474, #2804, #979, #291 ) ) ;
#809 = AXIS2_PLACEMENT_3D ( 'NONE', #341, #289, #65 ) ;
#810 = FACE_OUTER_BOUND ( 'NONE', #1011, .T. ) ;
#811 = ORIENTED_EDGE ( 'NONE', *, *, #1452, .F. ) ;
#812 = DIRECTION ( 'NONE',  ( 2.154674193203711578E-10, 0.000000000000000000, -1.000000000000000000 ) ) ;
#813 = LINE ( 'NONE', #879, #2581 ) ;
#814 = ADVANCED_FACE ( 'NONE', ( #994 ), #323, .T. ) ;
#815 = EDGE_CURVE ( 'NONE', #512, #476, #821, .T. ) ;
#816 = CARTESIAN_POINT ( 'NONE',  ( -22.14005084323070349, 52.45920965859340157, 142.3510163772243970 ) ) ;
#817 = DIRECTION ( 'NONE',  ( -1.000000000000000000, -5.920378534056230124E-15, -2.154674193203710028E-10 ) ) ;
#818 = AXIS2_PLACEMENT_3D ( 'NONE', #1934, #189, #865 ) ;
#819 = ORIENTED_EDGE ( 'NONE', *, *, #815, .T. ) ;
#820 = EDGE_CURVE ( 'NONE', #720, #287, #558, .T. ) ;
#821 = LINE ( 'NONE', #51, #2313 ) ;
#822 = ORIENTED_EDGE ( 'NONE', *, *, #1578, .F. ) ;
#823 = CARTESIAN_POINT ( 'NONE',  ( -20.34005084894040039, 50.05879653723749811, 168.8506931119650289 ) ) ;
#824 = VERTEX_POINT ( 'NONE', #336 ) ;
#825 = AXIS2_PLACEMENT_3D ( 'NONE', #1430, #2488, #1202 ) ;
#826 = CARTESIAN_POINT ( 'NONE',  ( -22.34005084898064908, 49.45879653723739722, 169.0368776662915025 ) ) ;
#827 = CIRCLE ( 'NONE', #2216, 1.000000000000001332 ) ;
#828 = CARTESIAN_POINT ( 'NONE',  ( -22.34005084850059930, 49.45879653723739722, 166.8113888591614966 ) ) ;
#829 = ORIENTED_EDGE ( 'NONE', *, *, #2208, .F. ) ;
#830 = DIRECTION ( 'NONE',  ( 1.616675543436592092E-10, 0.6610533175273526352, -0.7503389310079020547 ) ) ;
#831 = VECTOR ( 'NONE', #2493, 999.9999999999998863 ) ;
#832 = DIRECTION ( 'NONE',  ( -1.523468851072349459E-10, -0.7071067811865510144, 0.7071067811865441310 ) ) ;
#833 = VECTOR ( 'NONE', #1999, 1000.000000000000000 ) ;
#834 = DIRECTION ( 'NONE',  ( -2.154671845482610064E-10, 2.931108568341530269E-29, 1.000000000000000000 ) ) ;
#835 = EDGE_CURVE ( 'NONE', #1671, #752, #942, .T. ) ;
#836 = VECTOR ( 'NONE', #2677, 1000.000000000000000 ) ;
#837 = ORIENTED_EDGE ( 'NONE', *, *, #1164, .F. ) ;
#838 = DIRECTION ( 'NONE',  ( -0.9999999999999965583, 0.000000000000000000, 8.302878640139762416E-08 ) ) ;
#839 = ORIENTED_EDGE ( 'NONE', *, *, #1048, .T. ) ;
#840 = AXIS2_PLACEMENT_3D ( 'NONE', #701, #933, #1995 ) ;
#841 = VECTOR ( 'NONE', #1764, 1000.000000000000000 ) ;
#842 = LINE ( 'NONE', #381, #2404 ) ;
#843 = ADVANCED_FACE ( 'NONE', ( #1455 ), #2297, .T. ) ;
#844 = VERTEX_POINT ( 'NONE', #1620 ) ;
#845 = CARTESIAN_POINT ( 'NONE',  ( 10.15962513235220044, 59.80879653723660283, 167.0501160589359984 ) ) ;
#846 = DIRECTION ( 'NONE',  ( 1.000000000000000000, 5.920378534056230124E-15, 2.154674193203710028E-10 ) ) ;
#847 = ORIENTED_EDGE ( 'NONE', *, *, #797, .T. ) ;
#848 = CARTESIAN_POINT ( 'NONE',  ( 27.02815875496245113, 67.43379653724400669, 130.0501160690560027 ) ) ;
#849 = CARTESIAN_POINT ( 'NONE',  ( 31.53207551219500004, 55.87370656286260129, 180.7672733575519999 ) ) ;
#850 = CYLINDRICAL_SURFACE ( 'NONE', #2739, 0.9999999999999964473 ) ;
#851 = VERTEX_POINT ( 'NONE', #1212 ) ;
#852 = CARTESIAN_POINT ( 'NONE',  ( -22.14005084837885207, 52.22489551477269742, 166.2457034777674778 ) ) ;
#853 = ADVANCED_FACE ( 'NONE', ( #570 ), #2751, .T. ) ;
#854 = ORIENTED_EDGE ( 'NONE', *, *, #2429, .T. ) ;
#855 = DIRECTION ( 'NONE',  ( -0.7071067811865391350, -0.7071067811865560104, -1.523601301160535064E-10 ) ) ;
#856 = ORIENTED_EDGE ( 'NONE', *, *, #1573, .F. ) ;
#857 = LINE ( 'NONE', #426, #321 ) ;
#858 = EDGE_CURVE ( 'NONE', #2542, #560, #592, .T. ) ;
#859 = ADVANCED_FACE ( 'NONE', ( #1865 ), #1245, .T. ) ;
#860 = FACE_OUTER_BOUND ( 'NONE', #1688, .T. ) ;
#861 = VECTOR ( 'NONE', #780, 1000.000000000000000 ) ;
#862 = DIRECTION ( 'NONE',  ( 1.196353510835450048E-14, -1.000000000000000000, -2.960594729755930173E-15 ) ) ;
#863 = ORIENTED_EDGE ( 'NONE', *, *, #1066, .F. ) ;
#864 = DIRECTION ( 'NONE',  ( 0.4842009715517069379, 0.8749568098759978874, 0.000000000000000000 ) ) ;
#865 = DIRECTION ( 'NONE',  ( -1.167290563274113051E-14, 1.000000000000000000, 0.000000000000000000 ) ) ;
#866 = LINE ( 'NONE', #190, #1415 ) ;
#867 = EDGE_LOOP ( 'NONE', ( #1412, #140, #2617, #98 ) ) ;
#868 = CARTESIAN_POINT ( 'NONE',  ( -21.94005084379615056, 49.05879653723749811, 144.9767555954088039 ) ) ;
#869 = VERTEX_POINT ( 'NONE', #2104 ) ;
#870 = CARTESIAN_POINT ( 'NONE',  ( -22.34005084399259999, 50.05879653723749811, 145.8896251540852234 ) ) ;
#871 = DIRECTION ( 'NONE',  ( -1.689729270556175101E-14, 1.000000000000000000, 0.000000000000000000 ) ) ;
#872 =( BOUNDED_CURVE ( )  B_SPLINE_CURVE ( 3, ( #2007, #1742, #1519, #1542 ),
 .UNSPECIFIED., .F., .T. ) 
 B_SPLINE_CURVE_WITH_KNOTS ( ( 4, 4 ),
 ( 3.926990816987264932, 6.828943713178309949 ),
 .UNSPECIFIED. ) 
 CURVE ( )  GEOMETRIC_REPRESENTATION_ITEM ( )  RATIONAL_B_SPLINE_CURVE ( ( 1.000000000000000000, 0.4130222529101134632, 0.4130222529101134632, 1.000000000000000000 ) ) 
 REPRESENTATION_ITEM ( '' )  );
#873 = ADVANCED_FACE ( 'NONE', ( #150 ), #538, .T. ) ;
#874 = CARTESIAN_POINT ( 'NONE',  ( -20.34005084828464760, 50.05879653723749811, 165.8113888595919718 ) ) ;
#875 = ORIENTED_EDGE ( 'NONE', *, *, #2107, .F. ) ;
#876 = PLANE ( 'NONE',  #280 ) ;
#877 = EDGE_CURVE ( 'NONE', #1211, #2331, #2356, .T. ) ;
#878 = AXIS2_PLACEMENT_3D ( 'NONE', #45, #1821, #905 ) ;
#879 = CARTESIAN_POINT ( 'NONE',  ( -20.34005084915394690, 51.53319283956499675, 169.8427213786549999 ) ) ;
#880 = DIRECTION ( 'NONE',  ( 0.7072377984912258109, 6.367995583475228252E-15, 0.7069757396016388418 ) ) ;
#881 = AXIS2_PLACEMENT_3D ( 'NONE', #1558, #458, #2413 ) ;
#882 = ORIENTED_EDGE ( 'NONE', *, *, #7, .F. ) ;
#883 = LINE ( 'NONE', #644, #1770 ) ;
#884 = VECTOR ( 'NONE', #2588, 1000.000000000000000 ) ;
#885 = VECTOR ( 'NONE', #99, 1000.000000000000000 ) ;
#886 = ORIENTED_EDGE ( 'NONE', *, *, #1266, .F. ) ;
#887 = CIRCLE ( 'NONE', #1329, 0.6000000000000078604 ) ;
#888 = DIRECTION ( 'NONE',  ( 1.000000000000000000, 2.074189254804185181E-14, 2.154568377680960074E-10 ) ) ;
#889 = PLANE ( 'NONE',  #553 ) ;
#890 = CARTESIAN_POINT ( 'NONE',  ( 2.687895254888104990, 54.95626731504320617, 176.0501160638125100 ) ) ;
#891 = EDGE_CURVE ( 'NONE', #1596, #1290, #1950, .T. ) ;
#892 = CARTESIAN_POINT ( 'NONE',  ( -22.34005084837200172, 49.95889995296570163, 166.2113888591615023 ) ) ;
#893 = EDGE_CURVE ( 'NONE', #2791, #752, #444, .T. ) ;
#894 = DIRECTION ( 'NONE',  ( 1.523642323419954636E-10, -0.7071067811865475727, -0.7071067811865475727 ) ) ;
#895 = ORIENTED_EDGE ( 'NONE', *, *, #815, .F. ) ;
#896 = SURFACE_STYLE_FILL_AREA ( #615 ) ;
#897 = VERTEX_POINT ( 'NONE', #393 ) ;
#898 = CARTESIAN_POINT ( 'NONE',  ( -22.34005084850059930, 51.65921004631099578, 166.8113888591614966 ) ) ;
#899 = LINE ( 'NONE', #1345, #2062 ) ;
#900 = DIRECTION ( 'NONE',  ( 1.523468851072352560E-10, 0.7071068355770930847, -0.7071067267959978420 ) ) ;
#901 = ORIENTED_EDGE ( 'NONE', *, *, #389, .F. ) ;
#902 = LINE ( 'NONE', #1158, #413 ) ;
#903 = EDGE_CURVE ( 'NONE', #2001, #1630, #1404, .T. ) ;
#904 = ORIENTED_EDGE ( 'NONE', *, *, #1335, .T. ) ;
#905 = DIRECTION ( 'NONE',  ( 1.000000000000000000, 5.920378534694140129E-15, 0.000000000000000000 ) ) ;
#906 = MANIFOLD_SOLID_BREP ( 'NONE', #996 ) ;
#907 = FACE_OUTER_BOUND ( 'NONE', #1000, .T. ) ;
#908 = VERTEX_POINT ( 'NONE', #434 ) ;
#909 = CARTESIAN_POINT ( 'NONE',  ( 14.64627446855392101, -4.866589793251409723, 178.7857944821950014 ) ) ;
#910 = DIRECTION ( 'NONE',  ( 1.000000000000000000, 5.920378534056230124E-15, 2.154674193203710028E-10 ) ) ;
#911 = AXIS2_PLACEMENT_3D ( 'NONE', #1507, #1905, #2760 ) ;
#912 = DIRECTION ( 'NONE',  ( 1.000000000000000000, 2.857191607491211277E-14, 2.154812276323943183E-10 ) ) ;
#913 = CARTESIAN_POINT ( 'NONE',  ( -21.14005084066605278, 47.85879653723760185, 130.4501160586773949 ) ) ;
#914 = LINE ( 'NONE', #215, #1222 ) ;
#915 = ORIENTED_EDGE ( 'NONE', *, *, #288, .T. ) ;
#916 = DIRECTION ( 'NONE',  ( 1.000000000000000000, 4.212913244181519996E-15, 2.154580043185284966E-10 ) ) ;
#917 = AXIS2_PLACEMENT_3D ( 'NONE', #269, #2201, #1529 ) ;
#918 = ORIENTED_EDGE ( 'NONE', *, *, #2470, .F. ) ;
#919 = CARTESIAN_POINT ( 'NONE',  ( 31.22855685353280109, 54.55879653723780365, 181.0501160699615184 ) ) ;
#920 = VECTOR ( 'NONE', #1318, 1000.000000000000000 ) ;
#921 = CARTESIAN_POINT ( 'NONE',  ( 37.22855685477589560, 54.55879653723810208, 175.2808603279615056 ) ) ;
#922 = EDGE_CURVE ( 'NONE', #1337, #1162, #77, .T. ) ;
#923 = VECTOR ( 'NONE', #1565, 999.9999999999998863 ) ;
#924 = ORIENTED_EDGE ( 'NONE', *, *, #2107, .T. ) ;
#925 = FACE_OUTER_BOUND ( 'NONE', #106, .T. ) ;
#926 = EDGE_CURVE ( 'NONE', #2563, #476, #883, .T. ) ;
#927 = FACE_OUTER_BOUND ( 'NONE', #1497, .T. ) ;
#928 = CARTESIAN_POINT ( 'NONE',  ( 41.45930111239479743, 70.80879653724340983, 171.0501160721659915 ) ) ;
#929 = VECTOR ( 'NONE', #613, 1000.000000000000000 ) ;
#930 = AXIS2_PLACEMENT_3D ( 'NONE', #845, #1686, #1722 ) ;
#931 = CARTESIAN_POINT ( 'NONE',  ( -11.14005085080339974, 50.85900246190709595, 177.5000716704255126 ) ) ;
#932 = ORIENTED_EDGE ( 'NONE', *, *, #708, .F. ) ;
#933 = DIRECTION ( 'NONE',  ( -1.000000000000000000, -1.608707212145614979E-14, -2.154709253173355031E-10 ) ) ;
#934 = VECTOR ( 'NONE', #1889, 999.9999999999998863 ) ;
#935 = ORIENTED_EDGE ( 'NONE', *, *, #2813, .T. ) ;
#936 = CARTESIAN_POINT ( 'NONE',  ( -20.34005084407899844, 52.65921022463480483, 146.2896251545161874 ) ) ;
#937 = DIRECTION ( 'NONE',  ( 2.154668017803219828E-10, 2.960594732333674781E-15, -1.000000000000000000 ) ) ;
#938 = EDGE_LOOP ( 'NONE', ( #1362, #2684, #918, #1597 ) ) ;
#939 = DIRECTION ( 'NONE',  ( 1.000000000000000000, 1.036277670040104085E-14, 2.154652010219149828E-10 ) ) ;
#940 = EDGE_CURVE ( 'NONE', #2609, #995, #2343, .T. ) ;
#941 = ADVANCED_FACE ( 'NONE', ( #2591 ), #2166, .F. ) ;
#942 = LINE ( 'NONE', #1653, #1459 ) ;
#943 = ADVANCED_FACE ( 'NONE', ( #1967 ), #627, .T. ) ;
#944 = VECTOR ( 'NONE', #1136, 1000.000000000000114 ) ;
#945 = DIRECTION ( 'NONE',  ( 1.196353510877966180E-14, -1.000000000000000000, -4.933757598908420393E-15 ) ) ;
#946 = VERTEX_POINT ( 'NONE', #2796 ) ;
#947 = DIRECTION ( 'NONE',  ( 1.000000000000000000, 1.167290563274112104E-14, 2.154668017803219828E-10 ) ) ;
#948 = ORIENTED_EDGE ( 'NONE', *, *, #2722, .F. ) ;
#949 = FACE_OUTER_BOUND ( 'NONE', #2484, .T. ) ;
#950 = LINE ( 'NONE', #1807, #1102 ) ;
#951 = VERTEX_POINT ( 'NONE', #2576 ) ;
#952 = PLANE ( 'NONE',  #699 ) ;
#953 = ORIENTED_EDGE ( 'NONE', *, *, #299, .T. ) ;
#954 = PLANE ( 'NONE',  #2687 ) ;
#955 = ADVANCED_FACE ( 'NONE', ( #2371 ), #2127, .T. ) ;
#956 = AXIS2_PLACEMENT_3D ( 'NONE', #156, #1691, #2353 ) ;
#957 = DIRECTION ( 'NONE',  ( -0.6992043097909264038, 0.1704498275944064112, -0.6943055447300066074 ) ) ;
#958 = ORIENTED_EDGE ( 'NONE', *, *, #2382, .T. ) ;
#959 = EDGE_CURVE ( 'NONE', #844, #2331, #176, .T. ) ;
#960 = DIRECTION ( 'NONE',  ( 1.000000000000000000, 1.196353510771660073E-14, 2.154668017803219828E-10 ) ) ;
#961 = ORIENTED_EDGE ( 'NONE', *, *, #2247, .F. ) ;
#962 = LINE ( 'NONE', #744, #923 ) ;
#963 = CARTESIAN_POINT ( 'NONE',  ( 27.02815876389344751, 57.55879653723790312, 88.60261923674289619 ) ) ;
#964 = CONICAL_SURFACE ( 'NONE', #917, 0.8000000000000010436, 0.7853981633974236320 ) ;
#965 = ORIENTED_EDGE ( 'NONE', *, *, #2654, .T. ) ;
#966 = CARTESIAN_POINT ( 'NONE',  ( -11.14005085080339974, 50.85900246190720253, 177.5000716704255126 ) ) ;
#967 = VECTOR ( 'NONE', #1160, 1000.000000000000000 ) ;
#968 = CIRCLE ( 'NONE', #2640, 0.6000000000000078604 ) ;
#969 = VECTOR ( 'NONE', #161, 1000.000000000000000 ) ;
#970 = DIRECTION ( 'NONE',  ( -2.154668017803219828E-10, 0.000000000000000000, 1.000000000000000000 ) ) ;
#971 = EDGE_CURVE ( 'NONE', #1377, #1203, #1496, .T. ) ;
#972 = AXIS2_PLACEMENT_3D ( 'NONE', #1933, #2805, #864 ) ;
#973 = VERTEX_POINT ( 'NONE', #58 ) ;
#974 = DIRECTION ( 'NONE',  ( -1.000000000000000000, -1.196353510771660073E-14, -2.154668017803219828E-10 ) ) ;
#975 = VERTEX_POINT ( 'NONE', #2453 ) ;
#976 = ADVANCED_FACE ( 'NONE', ( #1998 ), #490, .F. ) ;
#977 = LINE ( 'NONE', #147, #2445 ) ;
#978 = CARTESIAN_POINT ( 'NONE',  ( -20.34005084894044657, 51.65920973258519666, 168.8506932829480149 ) ) ;
#979 = ORIENTED_EDGE ( 'NONE', *, *, #372, .F. ) ;
#980 =( NAMED_UNIT ( * ) SI_UNIT ( $, .STERADIAN. ) SOLID_ANGLE_UNIT ( ) );
#981 = VERTEX_POINT ( 'NONE', #465 ) ;
#982 = LINE ( 'NONE', #1182, #836 ) ;
#983 = ORIENTED_EDGE ( 'NONE', *, *, #1492, .T. ) ;
#984 = DIRECTION ( 'NONE',  ( 1.000000000000000000, 2.857191607491211277E-14, 2.154812276323943183E-10 ) ) ;
#985 = DIRECTION ( 'NONE',  ( 1.000000000000000000, 2.072567617730755094E-14, 2.154568561781955056E-10 ) ) ;
#986 = ORIENTED_EDGE ( 'NONE', *, *, #2155, .T. ) ;
#987 = DIRECTION ( 'NONE',  ( -1.000000000000000000, 2.154663232434475103E-10, 0.000000000000000000 ) ) ;
#988 = ORIENTED_EDGE ( 'NONE', *, *, #1987, .T. ) ;
#989 = APPLICATION_CONTEXT ( 'automotive_design' ) ;
#990 = CARTESIAN_POINT ( 'NONE',  ( -20.74005086516014984, 62.05879653723729916, 244.1295055966230052 ) ) ;
#991 = LINE ( 'NONE', #1196, #1776 ) ;
#992 = EDGE_CURVE ( 'NONE', #1181, #2720, #33, .T. ) ;
#993 = ORIENTED_EDGE ( 'NONE', *, *, #2615, .F. ) ;
#994 = FACE_OUTER_BOUND ( 'NONE', #1808, .T. ) ;
#995 = VERTEX_POINT ( 'NONE', #2226 ) ;
#996 = CLOSED_SHELL ( 'NONE', ( #635, #1524, #1489, #1537, #1747, #66, #2092, #690, #2598, #814, #1648, #355, #2518, #2798, #1611, #1008, #2702, #2523, #284, #1399, #332, #2318, #2036, #657, #2604, #1319, #1797, #2015, #1960, #311, #2370, #121, #2435, #2547, #2120, #2667, #2074, #976, #2468, #955, #636, #726, #873, #859, #1012, #1280, #2415, #2801, #1032, #2277, #209, #2141, #778, #1469, #1195, #2123, #1036, #1145, #742, #1943, #525, #943, #1641, #781, #2194, #631, #2507, #82, #229, #541, #607, #2580, #764, #1437, #546, #191, #853, #619, #52, #2367, #843, #2485, #2244, #1332, #258, #2779, #2397, #2317, #475, #941, #583, #1397, #2352, #1441, #1661, #2842 ) ) ;
#997 = EDGE_CURVE ( 'NONE', #92, #2211, #2026, .T. ) ;
#998 = ORIENTED_EDGE ( 'NONE', *, *, #1592, .F. ) ;
#999 = DIRECTION ( 'NONE',  ( -2.154668017803219828E-10, -3.118711521203435186E-15, 1.000000000000000000 ) ) ;
#1000 = EDGE_LOOP ( 'NONE', ( #179, #2126, #1715, #2469 ) ) ;
#1001 = FACE_OUTER_BOUND ( 'NONE', #251, .T. ) ;
#1002 = PLANE ( 'NONE',  #14 ) ;
#1003 = CIRCLE ( 'NONE', #818, 5.350000000000000533 ) ;
#1004 = DIRECTION ( 'NONE',  ( -1.196353510835450048E-14, 1.000000000000000000, 2.960594729755930173E-15 ) ) ;
#1005 = FACE_OUTER_BOUND ( 'NONE', #642, .T. ) ;
#1006 = ORIENTED_EDGE ( 'NONE', *, *, #457, .T. ) ;
#1007 = DIRECTION ( 'NONE',  ( 1.000000000000000000, 1.206764157201256039E-14, 2.154668017803219828E-10 ) ) ;
#1008 = ADVANCED_FACE ( 'NONE', ( #949 ), #282, .T. ) ;
#1009 = ORIENTED_EDGE ( 'NONE', *, *, #1557, .T. ) ;
#1010 = CONICAL_SURFACE ( 'NONE', #1812, 5.549999999999998934, 0.7853981633974511656 ) ;
#1011 = EDGE_LOOP ( 'NONE', ( #1974, #1895, #2078, #1408 ) ) ;
#1012 = ADVANCED_FACE ( 'NONE', ( #1340 ), #477, .T. ) ;
#1013 = VECTOR ( 'NONE', #1130, 1000.000000000000000 ) ;
#1014 = LINE ( 'NONE', #1886, #276 ) ;
#1015 = DIRECTION ( 'NONE',  ( -1.523694365124231872E-10, 0.7071068319978583983, 0.7071067303752330835 ) ) ;
#1016 = ORIENTED_EDGE ( 'NONE', *, *, #2504, .T. ) ;
#1017 = AXIS2_PLACEMENT_3D ( 'NONE', #1282, #1064, #1935 ) ;
#1018 = AXIS2_PLACEMENT_3D ( 'NONE', #784, #361, #1390 ) ;
#1019 = DIRECTION ( 'NONE',  ( -1.196353510839104051E-14, 1.000000000000000000, 3.130144283048930473E-15 ) ) ;
#1020 = CARTESIAN_POINT ( 'NONE',  ( -22.34005084321950108, 51.65920965118880304, 142.2994944987524093 ) ) ;
#1021 = AXIS2_PLACEMENT_3D ( 'NONE', #442, #1789, #1543 ) ;
#1022 = CARTESIAN_POINT ( 'NONE',  ( -22.34005084309094968, 50.13440654586769796, 141.7042777858144120 ) ) ;
#1023 = DIRECTION ( 'NONE',  ( 1.616692890671340228E-10, -0.6610534467611623999, -0.7503388171520829486 ) ) ;
#1024 = AXIS2_PLACEMENT_3D ( 'NONE', #1363, #947, #9 ) ;
#1025 = ORIENTED_EDGE ( 'NONE', *, *, #926, .T. ) ;
#1026 = DIRECTION ( 'NONE',  ( -1.616692890671349276E-10, 0.6610533088815695457, 0.7503389386248912052 ) ) ;
#1027 = APPLICATION_PROTOCOL_DEFINITION ( 'draft international standard', 'automotive_design', 1998, #989 ) ;
#1028 = ORIENTED_EDGE ( 'NONE', *, *, #1607, .T. ) ;
#1029 = EDGE_CURVE ( 'NONE', #47, #1633, #2679, .T. ) ;
#1030 = VERTEX_POINT ( 'NONE', #2649 ) ;
#1031 = EDGE_CURVE ( 'NONE', #1791, #2355, #962, .T. ) ;
#1032 = ADVANCED_FACE ( 'NONE', ( #2012 ), #1353, .T. ) ;
#1033 = CARTESIAN_POINT ( 'NONE',  ( -22.34005084309094968, 51.58359952306770424, 141.7042776403503979 ) ) ;
#1034 = ORIENTED_EDGE ( 'NONE', *, *, #1436, .T. ) ;
#1035 = DIRECTION ( 'NONE',  ( 1.000000000000000000, 2.857191607491211277E-14, 2.154812276323943183E-10 ) ) ;
#1036 = ADVANCED_FACE ( 'NONE', ( #260 ), #451, .T. ) ;
#1037 = CARTESIAN_POINT ( 'NONE',  ( 31.58313836963461085, 55.97842098411602052, 180.7829875367818886 ) ) ;
#1038 = CARTESIAN_POINT ( 'NONE',  ( -22.34005084321944778, 49.45879653723749669, 142.2994946593954069 ) ) ;
#1039 = LINE ( 'NONE', #1694, #180 ) ;
#1040 = ORIENTED_EDGE ( 'NONE', *, *, #2322, .F. ) ;
#1041 = UNCERTAINTY_MEASURE_WITH_UNIT (LENGTH_MEASURE( 1.000000000000000082E-05 ), #2143, 'distance_accuracy_value', 'NONE');
#1042 = DIRECTION ( 'NONE',  ( 0.7071067811865199282, 0.7071067811865678898, -1.014702431848369649E-07 ) ) ;
#1043 = VERTEX_POINT ( 'NONE', #2661 ) ;
#1044 = PLANE ( 'NONE',  #693 ) ;
#1045 = ORIENTED_EDGE ( 'NONE', *, *, #2033, .F. ) ;
#1046 = CARTESIAN_POINT ( 'NONE',  ( 36.45930111508825178, 47.05879653723780365, 158.5501160710884960 ) ) ;
#1047 = VERTEX_POINT ( 'NONE', #730 ) ;
#1048 = EDGE_CURVE ( 'NONE', #2205, #1876, #1822, .T. ) ;
#1049 = CARTESIAN_POINT ( 'NONE',  ( -4.420851498008015135, 81.80879653724849732, 181.0501160622804946 ) ) ;
#1050 = CARTESIAN_POINT ( 'NONE',  ( 31.45930111024000553, 70.80879653724331035, 181.0501160700105174 ) ) ;
#1051 = EDGE_CURVE ( 'NONE', #313, #256, #716, .T. ) ;
#1052 = CARTESIAN_POINT ( 'NONE',  ( -22.34105084884380332, 52.55879653723749811, 129.0501160584189790 ) ) ;
#1053 = ORIENTED_EDGE ( 'NONE', *, *, #424, .T. ) ;
#1054 =( NAMED_UNIT ( * ) SI_UNIT ( $, .STERADIAN. ) SOLID_ANGLE_UNIT ( ) );
#1055 = ORIENTED_EDGE ( 'NONE', *, *, #1419, .T. ) ;
#1056 = DIRECTION ( 'NONE',  ( -2.154668017803219828E-10, -2.960594732333674781E-15, 1.000000000000000000 ) ) ;
#1057 = CARTESIAN_POINT ( 'NONE',  ( -20.34005084386404860, 51.65921008091869737, 145.2896251545162158 ) ) ;
#1058 = VECTOR ( 'NONE', #2095, 1000.000000000000000 ) ;
#1059 = DIRECTION ( 'NONE',  ( 0.7071067813376992195, -0.08910739053468712256, -0.7014697946015481245 ) ) ;
#1060 = ORIENTED_EDGE ( 'NONE', *, *, #2615, .T. ) ;
#1061 = CARTESIAN_POINT ( 'NONE',  ( 15.26329863713380064, 55.65921280955800654, 181.0501160665215252 ) ) ;
#1062 = AXIS2_PLACEMENT_3D ( 'NONE', #2525, #522, #114 ) ;
#1063 = DIRECTION ( 'NONE',  ( -1.616675543436581494E-10, -0.6610534467611853815, 0.7503388171520626315 ) ) ;
#1064 = DIRECTION ( 'NONE',  ( -1.000000000000000000, -5.920378534056230124E-15, -2.154674193203710028E-10 ) ) ;
#1065 = VECTOR ( 'NONE', #677, 1000.000000000000000 ) ;
#1066 = EDGE_CURVE ( 'NONE', #1527, #160, #71, .T. ) ;
#1067 = EDGE_CURVE ( 'NONE', #752, #2791, #267, .T. ) ;
#1068 = ORIENTED_EDGE ( 'NONE', *, *, #2247, .T. ) ;
#1069 = SURFACE_SIDE_STYLE ('',( #896 ) ) ;
#1070 = VERTEX_POINT ( 'NONE', #1977 ) ;
#1071 = CIRCLE ( 'NONE', #649, 2.349999999999990763 ) ;
#1072 = ORIENTED_EDGE ( 'NONE', *, *, #386, .F. ) ;
#1073 = LINE ( 'NONE', #1516, #91 ) ;
#1074 = LINE ( 'NONE', #1659, #2443 ) ;
#1075 = VERTEX_POINT ( 'NONE', #1549 ) ;
#1076 = LINE ( 'NONE', #1932, #1434 ) ;
#1077 = DIRECTION ( 'NONE',  ( -1.000000000000000000, -1.385881858921682215E-14, -2.154649064971320067E-10 ) ) ;
#1078 = CARTESIAN_POINT ( 'NONE',  ( -22.14005084894040110, 50.05879653723740574, 168.8506931115774989 ) ) ;
#1079 = CYLINDRICAL_SURFACE ( 'NONE', #1017, 2.349999999999990763 ) ;
#1080 = EDGE_LOOP ( 'NONE', ( #324, #2783 ) ) ;
#1081 = DIRECTION ( 'NONE',  ( -1.523498478203959914E-10, -0.7071067811868070319, 0.7071067811862880026 ) ) ;
#1082 = EDGE_CURVE ( 'NONE', #2319, #2105, #2434, .T. ) ;
#1083 = ORIENTED_EDGE ( 'NONE', *, *, #212, .F. ) ;
#1084 = DIRECTION ( 'NONE',  ( -1.000000000000000000, -1.037051766632816090E-14, -2.154652087631090180E-10 ) ) ;
#1085 = FACE_OUTER_BOUND ( 'NONE', #1462, .T. ) ;
#1086 = ORIENTED_EDGE ( 'NONE', *, *, #1234, .F. ) ;
#1087 = FACE_OUTER_BOUND ( 'NONE', #198, .T. ) ;
#1088 = LINE ( 'NONE', #2340, #2076 ) ;
#1089 = LINE ( 'NONE', #2354, #39 ) ;
#1090 = ORIENTED_EDGE ( 'NONE', *, *, #1436, .F. ) ;
#1091 = ORIENTED_EDGE ( 'NONE', *, *, #2430, .F. ) ;
#1092 = CARTESIAN_POINT ( 'NONE',  ( 41.45930111508829441, 52.05879653723789602, 158.5501160721659915 ) ) ;
#1093 = CARTESIAN_POINT ( 'NONE',  ( -20.34005084305774602, 52.32026296880179217, 141.5491555682505975 ) ) ;
#1094 = VECTOR ( 'NONE', #1059, 999.9999999999998863 ) ;
#1095 = FACE_OUTER_BOUND ( 'NONE', #84, .T. ) ;
#1096 = CARTESIAN_POINT ( 'NONE',  ( -22.34005084840915245, 49.63453246852549938, 166.3871247904495192 ) ) ;
#1097 = FACE_BOUND ( 'NONE', #2575, .T. ) ;
#1098 = AXIS2_PLACEMENT_3D ( 'NONE', #1198, #1896, #1851 ) ;
#1099 = CYLINDRICAL_SURFACE ( 'NONE', #825, 0.9999999999999982236 ) ;
#1100 = DIRECTION ( 'NONE',  ( 1.000000000000000000, 1.196353510771660073E-14, 2.154668017803219828E-10 ) ) ;
#1101 = EDGE_LOOP ( 'NONE', ( #1721, #1228, #2245, #1763 ) ) ;
#1102 = VECTOR ( 'NONE', #686, 1000.000000000000000 ) ;
#1103 = DIRECTION ( 'NONE',  ( 0.7068447706916929363, 0.01924760663502327745, -0.7071067810342589466 ) ) ;
#1104 = AXIS2_PLACEMENT_3D ( 'NONE', #2083, #817, #2559 ) ;
#1105 = AXIS2_PLACEMENT_3D ( 'NONE', #1904, #1729, #655 ) ;
#1106 = ORIENTED_EDGE ( 'NONE', *, *, #2400, .F. ) ;
#1107 = CIRCLE ( 'NONE', #1024, 5.350000000000000533 ) ;
#1108 = CONICAL_SURFACE ( 'NONE', #183, 0.7999999999999967137, 0.7853981633974490562 ) ;
#1109 = CARTESIAN_POINT ( 'NONE',  ( -20.34005084186184931, 50.85900246190720253, 136.0001160810992076 ) ) ;
#1110 = DIRECTION ( 'NONE',  ( 0.000000000000000000, -0.7071067811865550112, 0.7071067811865400232 ) ) ;
#1111 = EDGE_CURVE ( 'NONE', #1233, #2791, #25, .T. ) ;
#1112 = CARTESIAN_POINT ( 'NONE',  ( -21.94005084407899986, 51.75910680278530407, 146.2896251541716026 ) ) ;
#1113 = ORIENTED_EDGE ( 'NONE', *, *, #858, .F. ) ;
#1114 = CARTESIAN_POINT ( 'NONE',  ( -20.34005084300494914, 50.18481321828789987, 141.3074665371921981 ) ) ;
#1115 = EDGE_CURVE ( 'NONE', #2342, #1119, #703, .T. ) ;
#1116 = ORIENTED_EDGE ( 'NONE', *, *, #1523, .T. ) ;
#1117 = DIRECTION ( 'NONE',  ( -2.154668017803219570E-10, -4.933757601486166185E-15, 1.000000000000000000 ) ) ;
#1118 = CYLINDRICAL_SURFACE ( 'NONE', #1868, 2.349999999999990763 ) ;
#1119 = VERTEX_POINT ( 'NONE', #2761 ) ;
#1120 = LINE ( 'NONE', #909, #1243 ) ;
#1121 = PLANE ( 'NONE',  #646 ) ;
#1122 = CARTESIAN_POINT ( 'NONE',  ( 35.92855685353279682, 54.55879653723790312, 181.0501160709740134 ) ) ;
#1123 = CARTESIAN_POINT ( 'NONE',  ( -12.97184124482147993, 57.55879653723740574, 129.0501160604376025 ) ) ;
#1124 = CARTESIAN_POINT ( 'NONE',  ( -21.94005084850059717, 51.65921004631099578, 166.8113888592474723 ) ) ;
#1125 = EDGE_CURVE ( 'NONE', #1370, #869, #101, .T. ) ;
#1126 = ORIENTED_EDGE ( 'NONE', *, *, #620, .F. ) ;
#1127 = DIRECTION ( 'NONE',  ( 1.000000000000000000, 3.006854025026462896E-14, 2.154665335041270746E-10 ) ) ;
#1128 = ORIENTED_EDGE ( 'NONE', *, *, #2157, .T. ) ;
#1129 = EDGE_CURVE ( 'NONE', #2296, #2570, #554, .T. ) ;
#1130 = DIRECTION ( 'NONE',  ( 1.523343191413705152E-10, 0.7071067811865500152, -0.7071067811865450192 ) ) ;
#1131 = CARTESIAN_POINT ( 'NONE',  ( -20.34005084321950108, 51.65920965118890251, 142.2994944991831971 ) ) ;
#1132 = ORIENTED_EDGE ( 'NONE', *, *, #1762, .T. ) ;
#1133 = FACE_OUTER_BOUND ( 'NONE', #2380, .T. ) ;
#1134 = CARTESIAN_POINT ( 'NONE',  ( -22.34005084837205146, 51.65921004631099578, 166.2113888591615023 ) ) ;
#1135 = DIRECTION ( 'NONE',  ( 1.523549804834582217E-10, 0.7071068355770941949, -0.7071067267959967317 ) ) ;
#1136 = DIRECTION ( 'NONE',  ( 0.7071067811865198172, 0.7071067811865667796, 1.089334509444989552E-07 ) ) ;
#1137 = DIRECTION ( 'NONE',  ( 1.000000000000000000, 1.196353510771660073E-14, 2.154668017803219828E-10 ) ) ;
#1138 = ORIENTED_EDGE ( 'NONE', *, *, #1642, .T. ) ;
#1139 = DIRECTION ( 'NONE',  ( 1.000000000000000000, 1.181088324069315724E-14, 2.154659429599652572E-10 ) ) ;
#1140 = AXIS2_PLACEMENT_3D ( 'NONE', #234, #2466, #1170 ) ;
#1141 = EDGE_CURVE ( 'NONE', #559, #136, #87, .T. ) ;
#1142 = EDGE_LOOP ( 'NONE', ( #1619, #2644, #2186, #1792, #2753, #819, #768, #805 ) ) ;
#1143 = DIRECTION ( 'NONE',  ( 1.616675543436592092E-10, 0.6610533175273526352, -0.7503389310079020547 ) ) ;
#1144 = CARTESIAN_POINT ( 'NONE',  ( 41.45930111239484717, 52.05879653723780365, 171.0501160721659915 ) ) ;
#1145 = ADVANCED_FACE ( 'NONE', ( #1861 ), #2478, .T. ) ;
#1146 = EDGE_CURVE ( 'NONE', #1604, #1030, #977, .T. ) ;
#1147 = VECTOR ( 'NONE', #2267, 1000.000000000000000 ) ;
#1148 = ORIENTED_EDGE ( 'NONE', *, *, #670, .T. ) ;
#1149 = CARTESIAN_POINT ( 'NONE',  ( -22.34005084386405215, 51.65921008091859790, 145.2896251540854280 ) ) ;
#1150 = CIRCLE ( 'NONE', #1281, 0.9999999999999990008 ) ;
#1151 = EDGE_CURVE ( 'NONE', #1377, #111, #1848, .T. ) ;
#1152 = AXIS2_PLACEMENT_3D ( 'NONE', #823, #573, #1684 ) ;
#1153 = DIRECTION ( 'NONE',  ( 6.379268277238169755E-25, -1.000000000000000000, -2.960594732333710280E-15 ) ) ;
#1154 = LINE ( 'NONE', #2599, #2339 ) ;
#1155 = AXIS2_PLACEMENT_3D ( 'NONE', #472, #36, #2161 ) ;
#1156 = DIRECTION ( 'NONE',  ( 1.000000000000000000, 1.196353510771660073E-14, 2.154671845482660212E-10 ) ) ;
#1157 = EDGE_LOOP ( 'NONE', ( #173, #2358 ) ) ;
#1158 = CARTESIAN_POINT ( 'NONE',  ( -21.14005085148225049, 47.45879653723749669, 180.6501160586774972 ) ) ;
#1159 = VERTEX_POINT ( 'NONE', #1678 ) ;
#1160 = DIRECTION ( 'NONE',  ( -1.000000000000000000, -1.213943567710258163E-14, -2.154669776808660235E-10 ) ) ;
#1161 = CARTESIAN_POINT ( 'NONE',  ( 37.22855685477588850, 58.24392588567471307, 175.2808603279615056 ) ) ;
#1162 = VERTEX_POINT ( 'NONE', #1038 ) ;
#1163 = FACE_OUTER_BOUND ( 'NONE', #1869, .T. ) ;
#1164 = EDGE_CURVE ( 'NONE', #560, #1695, #2055, .T. ) ;
#1165 = ORIENTED_EDGE ( 'NONE', *, *, #1987, .F. ) ;
#1166 = EDGE_CURVE ( 'NONE', #2563, #1667, #2293, .T. ) ;
#1167 = LINE ( 'NONE', #67, #2167 ) ;
#1168 = ORIENTED_EDGE ( 'NONE', *, *, #64, .T. ) ;
#1169 = ORIENTED_EDGE ( 'NONE', *, *, #435, .F. ) ;
#1170 = DIRECTION ( 'NONE',  ( 2.154674193203711578E-10, 0.000000000000000000, -1.000000000000000000 ) ) ;
#1171 = LINE ( 'NONE', #704, #1413 ) ;
#1172 = ORIENTED_EDGE ( 'NONE', *, *, #1250, .F. ) ;
#1173 = LINE ( 'NONE', #1411, #1733 ) ;
#1174 = CARTESIAN_POINT ( 'NONE',  ( -20.34005084186139811, 50.85900246190720253, 136.0001160588497839 ) ) ;
#1175 = ORIENTED_EDGE ( 'NONE', *, *, #2022, .T. ) ;
#1176 = FACE_OUTER_BOUND ( 'NONE', #1878, .T. ) ;
#1177 = VECTOR ( 'NONE', #1613, 1000.000000000000000 ) ;
#1178 = EDGE_LOOP ( 'NONE', ( #1252, #1844, #203, #294 ) ) ;
#1179 = DIRECTION ( 'NONE',  ( 0.7071067810353788285, 0.08910724971332967259, 0.7014698127947568418 ) ) ;
#1180 = ORIENTED_EDGE ( 'NONE', *, *, #300, .T. ) ;
#1181 = VERTEX_POINT ( 'NONE', #2309 ) ;
#1182 = CARTESIAN_POINT ( 'NONE',  ( 41.25930112118589932, 62.05879653723830103, 130.2501160721228075 ) ) ;
#1183 = VERTEX_POINT ( 'NONE', #1834 ) ;
#1184 = AXIS2_PLACEMENT_3D ( 'NONE', #535, #1835, #568 ) ;
#1185 = VECTOR ( 'NONE', #2520, 1000.000000000000114 ) ;
#1186 = CARTESIAN_POINT ( 'NONE',  ( -21.94005084850059717, 51.65921004631099578, 166.8113888592474723 ) ) ;
#1187 = CIRCLE ( 'NONE', #840, 0.6000000000000008660 ) ;
#1188 = CONICAL_SURFACE ( 'NONE', #1922, 0.7999999999999972689, 0.7853981633974391752 ) ;
#1189 = ORIENTED_EDGE ( 'NONE', *, *, #835, .F. ) ;
#1190 = EDGE_CURVE ( 'NONE', #729, #287, #803, .T. ) ;
#1191 = DIRECTION ( 'NONE',  ( -1.000000000000000000, -1.181088324069315408E-14, -2.154659429599652055E-10 ) ) ;
#1192 = PLANE ( 'NONE',  #2091 ) ;
#1193 = DIRECTION ( 'NONE',  ( 5.920378534056230124E-15, -1.000000000000000000, 1.275676605278736100E-24 ) ) ;
#1194 = DIRECTION ( 'NONE',  ( -1.439315150257277082E-07, 0.000000000000000000, 0.9999999999999896749 ) ) ;
#1195 = ADVANCED_FACE ( 'NONE', ( #2068 ), #735, .T. ) ;
#1196 = CARTESIAN_POINT ( 'NONE',  ( -4.902754121076029925, 56.25921015577510076, 180.4501160621759936 ) ) ;
#1197 = EDGE_LOOP ( 'NONE', ( #1009, #2024, #2593, #2583 ) ) ;
#1198 = CARTESIAN_POINT ( 'NONE',  ( -20.34005084850059930, 50.05879653723749811, 166.8113888595919718 ) ) ;
#1199 = ORIENTED_EDGE ( 'NONE', *, *, #2837, .T. ) ;
#1200 = ORIENTED_EDGE ( 'NONE', *, *, #1625, .F. ) ;
#1201 = CARTESIAN_POINT ( 'NONE',  ( -22.34005084894045012, 52.25920973258499913, 168.8506933748205086 ) ) ;
#1202 = DIRECTION ( 'NONE',  ( 1.616519418323750302E-10, 0.6610533175273546336, -0.7503389310079002783 ) ) ;
#1203 = VERTEX_POINT ( 'NONE', #2700 ) ;
#1204 = DIRECTION ( 'NONE',  ( 1.616820103726241489E-10, -0.6610534467611748344, -0.7503388171520720684 ) ) ;
#1205 = CARTESIAN_POINT ( 'NONE',  ( -20.74005084057984760, 62.05879653723759759, 130.0501160587639902 ) ) ;
#1206 = EDGE_CURVE ( 'NONE', #2720, #1181, #1958, .T. ) ;
#1207 = ORIENTED_EDGE ( 'NONE', *, *, #708, .T. ) ;
#1208 = CARTESIAN_POINT ( 'NONE',  ( 41.45930112114290012, 70.80879653724350931, 130.4501160721659971 ) ) ;
#1209 = DIRECTION ( 'NONE',  ( 1.000000000000000000, 8.613048614650010081E-16, 2.154671845482660212E-10 ) ) ;
#1210 = EDGE_CURVE ( 'NONE', #2475, #111, #2730, .T. ) ;
#1211 = VERTEX_POINT ( 'NONE', #581 ) ;
#1212 = CARTESIAN_POINT ( 'NONE',  ( -20.34005084386299700, 49.05879653723760470, 145.2896251545162158 ) ) ;
#1213 = ORIENTED_EDGE ( 'NONE', *, *, #2762, .T. ) ;
#1214 = CARTESIAN_POINT ( 'NONE',  ( 34.22855685353280109, 54.55879653723790312, 181.0501160706079986 ) ) ;
#1215 = ORIENTED_EDGE ( 'NONE', *, *, #2140, .F. ) ;
#1216 = CARTESIAN_POINT ( 'NONE',  ( 36.17676296908364719, 46.77625838517860046, 130.4501160710274235 ) ) ;
#1217 = CARTESIAN_POINT ( 'NONE',  ( 38.77439387474310450, 53.17092153265000576, 127.7652088246090045 ) ) ;
#1218 = ORIENTED_EDGE ( 'NONE', *, *, #959, .T. ) ;
#1219 = AXIS2_PLACEMENT_3D ( 'NONE', #1892, #1464, #832 ) ;
#1220 = CARTESIAN_POINT ( 'NONE',  ( -11.14005084186151961, 50.85900246190729490, 136.0001160608319992 ) ) ;
#1221 = ORIENTED_EDGE ( 'NONE', *, *, #1814, .F. ) ;
#1222 = VECTOR ( 'NONE', #1771, 1000.000000000000000 ) ;
#1223 = DIRECTION ( 'NONE',  ( -0.5773494178602779359, 0.5773494179846659913, -0.5773519717201680557 ) ) ;
#1224 = DIRECTION ( 'NONE',  ( 1.000000000000000000, 1.196353510771660073E-14, 2.154668017803219828E-10 ) ) ;
#1225 = ORIENTED_EDGE ( 'NONE', *, *, #1382, .T. ) ;
#1226 = CARTESIAN_POINT ( 'NONE',  ( 36.45930111131735174, 70.80879653724340983, 176.0501160710884960 ) ) ;
#1227 =( NAMED_UNIT ( * ) SI_UNIT ( $, .STERADIAN. ) SOLID_ANGLE_UNIT ( ) );
#1228 = ORIENTED_EDGE ( 'NONE', *, *, #2430, .T. ) ;
#1229 = EDGE_CURVE ( 'NONE', #73, #802, #1450, .T. ) ;
#1230 = EDGE_CURVE ( 'NONE', #720, #1616, #2716, .T. ) ;
#1231 = CARTESIAN_POINT ( 'NONE',  ( 31.33148790169065734, 55.46236225900382522, 180.6182458704805640 ) ) ;
#1232 = CIRCLE ( 'NONE', #685, 2.349999999999990763 ) ;
#1233 = VERTEX_POINT ( 'NONE', #2254 ) ;
#1234 = EDGE_CURVE ( 'NONE', #1913, #2180, #1631, .T. ) ;
#1235 = CARTESIAN_POINT ( 'NONE',  ( 12.42856338436794061, 48.15879653723800402, 180.4501160659104926 ) ) ;
#1236 = VERTEX_POINT ( 'NONE', #2280 ) ;
#1237 = VECTOR ( 'NONE', #960, 1000.000000000000000 ) ;
#1238 = DIRECTION ( 'NONE',  ( -2.154668017803219828E-10, 0.000000000000000000, 1.000000000000000000 ) ) ;
#1239 = PLANE ( 'NONE',  #482 ) ;
#1240 = CIRCLE ( 'NONE', #1375, 0.9999999999999982236 ) ;
#1241 = DIRECTION ( 'NONE',  ( 1.000000000000000000, 5.920378534056230124E-15, 2.154674193203710028E-10 ) ) ;
#1242 = DIRECTION ( 'NONE',  ( -1.523520892776638068E-10, -0.7071067811865606734, 0.7071067811865345831 ) ) ;
#1243 = VECTOR ( 'NONE', #2423, 1000.000000000000114 ) ;
#1244 = ORIENTED_EDGE ( 'NONE', *, *, #1151, .F. ) ;
#1245 = CYLINDRICAL_SURFACE ( 'NONE', #1586, 0.9999999999999974465 ) ;
#1246 = ORIENTED_EDGE ( 'NONE', *, *, #2155, .F. ) ;
#1247 = ADVANCED_BREP_SHAPE_REPRESENTATION ( 'Main_Body_Rear_Left - 1515-6mm Slots', ( #906, #2503 ), #1556 ) ;
#1248 = ORIENTED_EDGE ( 'NONE', *, *, #1206, .T. ) ;
#1249 = EDGE_CURVE ( 'NONE', #1328, #75, #333, .T. ) ;
#1250 = EDGE_CURVE ( 'NONE', #1671, #399, #272, .T. ) ;
#1251 = FACE_OUTER_BOUND ( 'NONE', #777, .T. ) ;
#1252 = ORIENTED_EDGE ( 'NONE', *, *, #1190, .T. ) ;
#1253 = DIRECTION ( 'NONE',  ( 3.025630725553465056E-14, -1.000000000000000000, -2.960594725814450163E-15 ) ) ;
#1254 = CARTESIAN_POINT ( 'NONE',  ( -22.34005084321944778, 49.45879653723749669, 142.2994946593954069 ) ) ;
#1255 = LINE ( 'NONE', #2540, #884 ) ;
#1256 = VERTEX_POINT ( 'NONE', #2631 ) ;
#1257 = DIRECTION ( 'NONE',  ( -1.523549804834561537E-10, -0.7071067811865416886, 0.7071067811865532349 ) ) ;
#1258 = AXIS2_PLACEMENT_3D ( 'NONE', #913, #2202, #1110 ) ;
#1259 = ORIENTED_EDGE ( 'NONE', *, *, #2140, .T. ) ;
#1260 = ORIENTED_EDGE ( 'NONE', *, *, #2541, .T. ) ;
#1261 = DIRECTION ( 'NONE',  ( -2.154668017803219828E-10, -2.724739631517265329E-15, 1.000000000000000000 ) ) ;
#1262 = VECTOR ( 'NONE', #1193, 1000.000000000000000 ) ;
#1263 = EDGE_CURVE ( 'NONE', #1944, #1630, #1566, .T. ) ;
#1264 = CARTESIAN_POINT ( 'NONE',  ( -11.14005085029697817, 50.85900246190709595, 175.1500716704255183 ) ) ;
#1265 = VERTEX_POINT ( 'NONE', #1327 ) ;
#1266 = EDGE_CURVE ( 'NONE', #851, #1596, #1171, .T. ) ;
#1267 = CARTESIAN_POINT ( 'NONE',  ( 27.02815875517834954, 57.55879653723790312, 129.0501160690562017 ) ) ;
#1268 = DIRECTION ( 'NONE',  ( -5.981767554496220624E-15, 1.000000000000000000, 2.960594731044800307E-15 ) ) ;
#1269 = CARTESIAN_POINT ( 'NONE',  ( -21.94005084834824970, 49.35168975613719766, 166.1042820779744886 ) ) ;
#1270 = ORIENTED_EDGE ( 'NONE', *, *, #1286, .F. ) ;
#1271 = DIRECTION ( 'NONE',  ( 0.000000000000000000, -0.9996297353840630784, -0.02721014766567860649 ) ) ;
#1272 = ORIENTED_EDGE ( 'NONE', *, *, #453, .T. ) ;
#1273 = ORIENTED_EDGE ( 'NONE', *, *, #2742, .T. ) ;
#1274 = AXIS2_PLACEMENT_3D ( 'NONE', #1376, #2237, #2682 ) ;
#1275 = DIRECTION ( 'NONE',  ( 2.154674193203711578E-10, 0.000000000000000000, -1.000000000000000000 ) ) ;
#1276 = VECTOR ( 'NONE', #1081, 1000.000000000000000 ) ;
#1277 = EDGE_LOOP ( 'NONE', ( #192, #1449, #479, #120 ) ) ;
#1278 = LINE ( 'NONE', #1891, #2233 ) ;
#1279 = DIRECTION ( 'NONE',  ( 0.7071067813389060319, 8.459496801629729918E-15, -0.7071067810341890025 ) ) ;
#1280 = ADVANCED_FACE ( 'NONE', ( #1381 ), #2241, .F. ) ;
#1281 = AXIS2_PLACEMENT_3D ( 'NONE', #13, #2454, #1550 ) ;
#1282 = CARTESIAN_POINT ( 'NONE',  ( -11.14005085029697817, 50.85900246190709595, 175.1500716704255183 ) ) ;
#1283 = VECTOR ( 'NONE', #2494, 1000.000000000000114 ) ;
#1284 = CIRCLE ( 'NONE', #181, 0.9999999999999960032 ) ;
#1285 = ORIENTED_EDGE ( 'NONE', *, *, #1029, .T. ) ;
#1286 = EDGE_CURVE ( 'NONE', #256, #138, #1150, .T. ) ;
#1287 = CARTESIAN_POINT ( 'NONE',  ( -40.61825272897240069, -3.363947629080655144, 123.5826471839371976 ) ) ;
#1288 = AXIS2_PLACEMENT_3D ( 'NONE', #432, #1310, #1139 ) ;
#1289 = AXIS2_PLACEMENT_3D ( 'NONE', #676, #2016, #2663 ) ;
#1290 = VERTEX_POINT ( 'NONE', #1978 ) ;
#1291 = MECHANICAL_DESIGN_GEOMETRIC_PRESENTATION_REPRESENTATION (  '', ( #2693 ), #371 ) ;
#1292 = DIRECTION ( 'NONE',  ( -1.000000000000000000, -8.134522725234561280E-15, -2.154706307921154913E-10 ) ) ;
#1293 = CARTESIAN_POINT ( 'NONE',  ( 4.905168965831780525, 48.15879653723790454, 173.8674708835474974 ) ) ;
#1294 = VECTOR ( 'NONE', #186, 1000.000000000000000 ) ;
#1295 = LINE ( 'NONE', #1887, #2306 ) ;
#1296 = EDGE_LOOP ( 'NONE', ( #1311, #1383, #1260, #1200 ) ) ;
#1297 = DIRECTION ( 'NONE',  ( -5.419706623192051124E-06, 0.9999999999853134147, 0.000000000000000000 ) ) ;
#1298 = PLANE ( 'NONE',  #1736 ) ;
#1299 = CARTESIAN_POINT ( 'NONE',  ( -20.34005084894044657, 52.65920973258510429, 168.8506934367874806 ) ) ;
#1300 = DIRECTION ( 'NONE',  ( 1.616646631378665005E-10, 0.6610533175273493045, -0.7503389310079048302 ) ) ;
#1301 = EDGE_CURVE ( 'NONE', #869, #73, #968, .T. ) ;
#1302 = EDGE_LOOP ( 'NONE', ( #1314, #688, #464, #1246 ) ) ;
#1303 = EDGE_CURVE ( 'NONE', #951, #1525, #1368, .T. ) ;
#1304 = ORIENTED_EDGE ( 'NONE', *, *, #1364, .F. ) ;
#1305 = VECTOR ( 'NONE', #2625, 1000.000000000000114 ) ;
#1306 = PLANE ( 'NONE',  #2592 ) ;
#1307 = DIRECTION ( 'NONE',  ( 1.616519418323750302E-10, 0.6610533175273546336, -0.7503389310079002783 ) ) ;
#1308 = DIRECTION ( 'NONE',  ( 1.523468851072352560E-10, 0.7071068355770930847, -0.7071067267959978420 ) ) ;
#1309 = CARTESIAN_POINT ( 'NONE',  ( -20.34005084386304674, 51.65921008091869737, 145.2896251545162158 ) ) ;
#1310 = DIRECTION ( 'NONE',  ( 2.154659429599649987E-10, 3.516589263990345161E-15, -1.000000000000000000 ) ) ;
#1311 = ORIENTED_EDGE ( 'NONE', *, *, #2229, .T. ) ;
#1312 = DIRECTION ( 'NONE',  ( -1.196353510877966180E-14, 1.000000000000000000, 4.933757598908420393E-15 ) ) ;
#1313 = AXIS2_PLACEMENT_3D ( 'NONE', #431, #1321, #242 ) ;
#1314 = ORIENTED_EDGE ( 'NONE', *, *, #2637, .F. ) ;
#1315 = EDGE_CURVE ( 'NONE', #2721, #2299, #950, .T. ) ;
#1316 = EDGE_CURVE ( 'NONE', #505, #2342, #673, .T. ) ;
#1317 = CARTESIAN_POINT ( 'NONE',  ( 22.15148006156000093, 47.45879653723769565, 181.0501160680055079 ) ) ;
#1318 = DIRECTION ( 'NONE',  ( 1.000000000000000000, 1.162761041063410173E-14, 2.154668017803219828E-10 ) ) ;
#1319 = ADVANCED_FACE ( 'NONE', ( #2674 ), #261, .T. ) ;
#1320 = DIRECTION ( 'NONE',  ( 2.154668017803219828E-10, 2.724739631517265329E-15, -1.000000000000000000 ) ) ;
#1321 = DIRECTION ( 'NONE',  ( -0.7071067811865757724, 0.7071067811865109354, 1.086287139630790458E-07 ) ) ;
#1322 = ORIENTED_EDGE ( 'NONE', *, *, #1665, .T. ) ;
#1323 = DIRECTION ( 'NONE',  ( -2.154668017803219828E-10, -2.960594732333674781E-15, 1.000000000000000000 ) ) ;
#1324 = ORIENTED_EDGE ( 'NONE', *, *, #1870, .F. ) ;
#1325 = AXIS2_PLACEMENT_3D ( 'NONE', #1749, #509, #2227 ) ;
#1326 = DIRECTION ( 'NONE',  ( -2.154665335041269971E-10, -2.960594732333670048E-15, 1.000000000000000000 ) ) ;
#1327 = CARTESIAN_POINT ( 'NONE',  ( 41.45930111239489690, 52.05879653723780365, 171.0501160721655083 ) ) ;
#1328 = VERTEX_POINT ( 'NONE', #2845 ) ;
#1329 = AXIS2_PLACEMENT_3D ( 'NONE', #2551, #2359, #2812 ) ;
#1330 = DIRECTION ( 'NONE',  ( -1.000000000000000000, -1.037051766632816090E-14, -2.154652087631090180E-10 ) ) ;
#1331 = CARTESIAN_POINT ( 'NONE',  ( -20.34005084236774863, 50.85900246190720253, 138.3501160588497783 ) ) ;
#1332 = ADVANCED_FACE ( 'NONE', ( #907 ), #1118, .F. ) ;
#1333 = CARTESIAN_POINT ( 'NONE',  ( 36.45930111131745122, 62.05879653723810208, 176.0501160710884960 ) ) ;
#1334 = DIRECTION ( 'NONE',  ( -2.154668017803219828E-10, 0.000000000000000000, 1.000000000000000000 ) ) ;
#1335 = EDGE_CURVE ( 'NONE', #2744, #1707, #235, .T. ) ;
#1336 = DIRECTION ( 'NONE',  ( -2.154668017803219828E-10, 0.000000000000000000, 1.000000000000000000 ) ) ;
#1337 = VERTEX_POINT ( 'NONE', #250 ) ;
#1338 = FACE_OUTER_BOUND ( 'NONE', #1410, .T. ) ;
#1339 = EDGE_LOOP ( 'NONE', ( #10, #1199, #915, #1510 ) ) ;
#1340 = FACE_OUTER_BOUND ( 'NONE', #514, .T. ) ;
#1341 = CARTESIAN_POINT ( 'NONE',  ( -22.34005084851699863, 52.25921003474790183, 166.8865519404115219 ) ) ;
#1342 = ORIENTED_EDGE ( 'NONE', *, *, #516, .F. ) ;
#1343 = DIRECTION ( 'NONE',  ( 1.000000000000000000, 7.348939813585569923E-15, 2.154682303413960046E-10 ) ) ;
#1344 = CARTESIAN_POINT ( 'NONE',  ( -21.94005084386405002, 51.65921008091859790, 145.2896251541716310 ) ) ;
#1345 = CARTESIAN_POINT ( 'NONE',  ( -12.78045117470201930, 47.05879653723749811, 180.6501160604790073 ) ) ;
#1346 = DIRECTION ( 'NONE',  ( -1.000000000000000000, -5.920378534056230124E-15, -2.154668017803219828E-10 ) ) ;
#1347 = ORIENTED_EDGE ( 'NONE', *, *, #1452, .T. ) ;
#1348 = EDGE_CURVE ( 'NONE', #206, #2106, #2222, .T. ) ;
#1349 = EDGE_CURVE ( 'NONE', #1265, #2198, #1367, .T. ) ;
#1350 = AXIS2_PLACEMENT_3D ( 'NONE', #551, #2477, #2279 ) ;
#1351 = DIRECTION ( 'NONE',  ( -1.523538503196325233E-10, -0.7071067811865550112, 0.7071067811865400232 ) ) ;
#1352 = ORIENTED_EDGE ( 'NONE', *, *, #2019, .F. ) ;
#1353 = PLANE ( 'NONE',  #687 ) ;
#1354 = DIRECTION ( 'NONE',  ( -1.616646631378631142E-10, -0.6610534467611812737, 0.7503388171520661842 ) ) ;
#1355 = ORIENTED_EDGE ( 'NONE', *, *, #2349, .T. ) ;
#1356 = DIRECTION ( 'NONE',  ( 1.000000000000000000, 1.147689703135922048E-14, 2.154666321822755046E-10 ) ) ;
#1357 = DIRECTION ( 'NONE',  ( 1.523520892776624368E-10, 0.7071068355770827596, -0.7071067267960082781 ) ) ;
#1358 = CARTESIAN_POINT ( 'NONE',  ( 14.94495018987175960, 67.35016947879230997, 181.0501160664530289 ) ) ;
#1359 = VECTOR ( 'NONE', #1937, 1000.000000000000000 ) ;
#1360 = CARTESIAN_POINT ( 'NONE',  ( -20.34005084850064904, 52.65921004631099578, 166.8113890134320059 ) ) ;
#1361 = AXIS2_PLACEMENT_3D ( 'NONE', #1672, #1917, #1902 ) ;
#1362 = ORIENTED_EDGE ( 'NONE', *, *, #1051, .T. ) ;
#1363 = CARTESIAN_POINT ( 'NONE',  ( -20.34005084186184931, 50.85900246190720253, 136.0001160810992076 ) ) ;
#1364 = EDGE_CURVE ( 'NONE', #981, #908, #643, .T. ) ;
#1365 = ORIENTED_EDGE ( 'NONE', *, *, #2831, .T. ) ;
#1366 = CARTESIAN_POINT ( 'NONE',  ( -20.34005084401639607, 52.36631691291650270, 145.9967318848914033 ) ) ;
#1367 = LINE ( 'NONE', #1144, #833 ) ;
#1368 = CIRCLE ( 'NONE', #270, 1.700000000000000178 ) ;
#1369 = EDGE_CURVE ( 'NONE', #981, #1805, #2436, .T. ) ;
#1370 = VERTEX_POINT ( 'NONE', #2056 ) ;
#1371 = DIRECTION ( 'NONE',  ( -1.523468851072349459E-10, -0.7071067811865510144, 0.7071067811865441310 ) ) ;
#1372 = VECTOR ( 'NONE', #1420, 1000.000000000000000 ) ;
#1373 = FACE_BOUND ( 'NONE', #2492, .T. ) ;
#1374 = AXIS2_PLACEMENT_3D ( 'NONE', #1577, #1546, #2406 ) ;
#1375 = AXIS2_PLACEMENT_3D ( 'NONE', #2117, #888, #163 ) ;
#1376 = CARTESIAN_POINT ( 'NONE',  ( -11.14005084186151961, 50.85900246190729490, 136.0001160608319992 ) ) ;
#1377 = VERTEX_POINT ( 'NONE', #2717 ) ;
#1378 = CARTESIAN_POINT ( 'NONE',  ( 5.037895253940079421, 54.95626731504329854, 180.4501160643179958 ) ) ;
#1379 = VERTEX_POINT ( 'NONE', #773 ) ;
#1380 = CARTESIAN_POINT ( 'NONE',  ( 34.22855685654939606, 54.55879653723799549, 167.0501160641209708 ) ) ;
#1381 = FACE_OUTER_BOUND ( 'NONE', #2165, .T. ) ;
#1382 = EDGE_CURVE ( 'NONE', #1159, #951, #1423, .T. ) ;
#1383 = ORIENTED_EDGE ( 'NONE', *, *, #1927, .T. ) ;
#1384 = DIRECTION ( 'NONE',  ( -1.523642323419950758E-10, 0.7071068319978452976, 0.7071067303752460731 ) ) ;
#1385 = EDGE_LOOP ( 'NONE', ( #2071, #2565, #837, #1113 ) ) ;
#1386 = EDGE_CURVE ( 'NONE', #1667, #476, #991, .T. ) ;
#1387 = CARTESIAN_POINT ( 'NONE',  ( -21.94005084894044799, 52.65920973258499771, 168.8506934364429810 ) ) ;
#1388 = PLANE ( 'NONE',  #1951 ) ;
#1389 = ORIENTED_EDGE ( 'NONE', *, *, #7, .T. ) ;
#1390 = DIRECTION ( 'NONE',  ( 0.000000000000000000, -1.000000000000000000, -8.942362288118230691E-15 ) ) ;
#1391 = CARTESIAN_POINT ( 'NONE',  ( -21.94005084321944921, 50.05879653723749811, 142.2994946594815815 ) ) ;
#1392 = CARTESIAN_POINT ( 'NONE',  ( -22.34005084323069923, 52.25920965859340583, 142.3510164059244119 ) ) ;
#1393 = DIRECTION ( 'NONE',  ( -1.000000000000000000, -1.215491908089900174E-14, -2.154669931642949972E-10 ) ) ;
#1394 = ORIENTED_EDGE ( 'NONE', *, *, #997, .F. ) ;
#1395 = VERTEX_POINT ( 'NONE', #2527 ) ;
#1396 = LINE ( 'NONE', #63, #2137 ) ;
#1397 = ADVANCED_FACE ( 'NONE', ( #364 ), #1880, .F. ) ;
#1398 = VECTOR ( 'NONE', #2122, 1000.000000000000000 ) ;
#1399 = ADVANCED_FACE ( 'NONE', ( #1849 ), #306, .T. ) ;
#1400 = DIRECTION ( 'NONE',  ( 2.154674193203711578E-10, 0.000000000000000000, -1.000000000000000000 ) ) ;
#1401 = ORIENTED_EDGE ( 'NONE', *, *, #28, .T. ) ;
#1402 = DIRECTION ( 'NONE',  ( 1.000000000000000000, 1.196353510771660073E-14, 2.154671845482610064E-10 ) ) ;
#1403 = DIRECTION ( 'NONE',  ( -1.000000000000000000, -5.920378534056230124E-15, -2.154668017803219828E-10 ) ) ;
#1404 = CIRCLE ( 'NONE', #166, 0.9999999999999964473 ) ;
#1405 = ORIENTED_EDGE ( 'NONE', *, *, #2487, .T. ) ;
#1406 = DIRECTION ( 'NONE',  ( 2.154674193203711578E-10, 0.000000000000000000, -1.000000000000000000 ) ) ;
#1407 = CARTESIAN_POINT ( 'NONE',  ( -20.34005084915394690, 50.18481321828780040, 169.8427212345989687 ) ) ;
#1408 = ORIENTED_EDGE ( 'NONE', *, *, #2456, .F. ) ;
#1409 = CARTESIAN_POINT ( 'NONE',  ( -20.34005084321950108, 50.05879653723760470, 142.2994946598261947 ) ) ;
#1410 = EDGE_LOOP ( 'NONE', ( #322, #1401, #1796, #2096, #1931 ) ) ;
#1411 = CARTESIAN_POINT ( 'NONE',  ( -20.34005084321950108, 52.65920965118890251, 142.2994943554671750 ) ) ;
#1412 = ORIENTED_EDGE ( 'NONE', *, *, #1263, .T. ) ;
#1413 = VECTOR ( 'NONE', #1761, 1000.000000000000000 ) ;
#1414 = EDGE_CURVE ( 'NONE', #1673, #1660, #1731, .T. ) ;
#1415 = VECTOR ( 'NONE', #880, 1000.000000000000000 ) ;
#1416 = CIRCLE ( 'NONE', #1152, 0.9999999999999960032 ) ;
#1417 = CARTESIAN_POINT ( 'NONE',  ( -21.94005084894039825, 50.05879653723740574, 168.8506931116205010 ) ) ;
#1418 = ORIENTED_EDGE ( 'NONE', *, *, #1520, .F. ) ;
#1419 = EDGE_CURVE ( 'NONE', #2064, #2563, #1451, .T. ) ;
#1420 = DIRECTION ( 'NONE',  ( -1.000000000000000000, -5.920378534056230124E-15, -2.154668017803219828E-10 ) ) ;
#1421 = ORIENTED_EDGE ( 'NONE', *, *, #1697, .T. ) ;
#1422 = CARTESIAN_POINT ( 'NONE',  ( -20.74005084057994708, 70.20879640321109605, 130.0501160587639902 ) ) ;
#1423 = LINE ( 'NONE', #102, #2133 ) ;
#1424 = AXIS2_PLACEMENT_3D ( 'NONE', #519, #344, #1204 ) ;
#1425 = ORIENTED_EDGE ( 'NONE', *, *, #1800, .F. ) ;
#1426 = DIRECTION ( 'NONE',  ( 2.154668017803219828E-10, 9.867515268772460563E-15, -1.000000000000000000 ) ) ;
#1427 = ORIENTED_EDGE ( 'NONE', *, *, #2236, .F. ) ;
#1428 = ORIENTED_EDGE ( 'NONE', *, *, #506, .T. ) ;
#1429 = DIRECTION ( 'NONE',  ( 0.7071067813008755643, -0.4674353749315566797, -0.5305696656433637193 ) ) ;
#1430 = CARTESIAN_POINT ( 'NONE',  ( -20.34005084321950108, 51.65920965118890251, 142.2994944991831971 ) ) ;
#1431 = EDGE_CURVE ( 'NONE', #2658, #1630, #2310, .T. ) ;
#1432 = ORIENTED_EDGE ( 'NONE', *, *, #1735, .F. ) ;
#1433 = DIRECTION ( 'NONE',  ( 1.000000000000000000, 1.732332862300160239E-14, 2.154538586875600027E-10 ) ) ;
#1434 = VECTOR ( 'NONE', #1727, 1000.000000000000000 ) ;
#1435 = LINE ( 'NONE', #2053, #1262 ) ;
#1436 = EDGE_CURVE ( 'NONE', #92, #47, #2320, .T. ) ;
#1437 = ADVANCED_FACE ( 'NONE', ( #2467 ), #2479, .T. ) ;
#1438 = DIRECTION ( 'NONE',  ( 2.154668017811717817E-10, -1.437160482239679024E-07, -0.9999999999999896749 ) ) ;
#1439 = DIRECTION ( 'NONE',  ( -0.7071067811865464625, -0.7071067811865485719, -1.523602419215078512E-10 ) ) ;
#1440 = EDGE_LOOP ( 'NONE', ( #2257, #2755 ) ) ;
#1441 = ADVANCED_FACE ( 'NONE', ( #89 ), #2690, .F. ) ;
#1442 = PLANE ( 'NONE',  #2826 ) ;
#1443 = ORIENTED_EDGE ( 'NONE', *, *, #2837, .F. ) ;
#1444 = ORIENTED_EDGE ( 'NONE', *, *, #1315, .T. ) ;
#1445 = DIRECTION ( 'NONE',  ( -1.523468851072349459E-10, -0.7071067811865510144, 0.7071067811865441310 ) ) ;
#1446 = CARTESIAN_POINT ( 'NONE',  ( 41.45930111239484717, 62.05879653723889788, 125.3260404126240246 ) ) ;
#1447 = ORIENTED_EDGE ( 'NONE', *, *, #116, .T. ) ;
#1448 = CARTESIAN_POINT ( 'NONE',  ( -22.34005084351344905, 50.85900338093609463, 143.6638860365603705 ) ) ;
#1449 = ORIENTED_EDGE ( 'NONE', *, *, #404, .F. ) ;
#1450 = LINE ( 'NONE', #2039, #2176 ) ;
#1451 = LINE ( 'NONE', #72, #1283 ) ;
#1452 = EDGE_CURVE ( 'NONE', #1949, #1596, #2268, .T. ) ;
#1453 = VECTOR ( 'NONE', #548, 1000.000000000000000 ) ;
#1454 = VERTEX_POINT ( 'NONE', #1407 ) ;
#1455 = FACE_OUTER_BOUND ( 'NONE', #531, .T. ) ;
#1456 = ORIENTED_EDGE ( 'NONE', *, *, #674, .F. ) ;
#1457 = EDGE_CURVE ( 'NONE', #1236, #1119, #745, .T. ) ;
#1458 = AXIS2_PLACEMENT_3D ( 'NONE', #2782, #2154, #838 ) ;
#1459 = VECTOR ( 'NONE', #2512, 1000.000000000000000 ) ;
#1460 = VERTEX_POINT ( 'NONE', #1606 ) ;
#1461 = CARTESIAN_POINT ( 'NONE',  ( -22.34005084395544927, 49.63453246852559886, 145.7138892227974054 ) ) ;
#1462 = EDGE_LOOP ( 'NONE', ( #1589, #1795, #1352, #1432 ) ) ;
#1463 = AXIS2_PLACEMENT_3D ( 'NONE', #1214, #2768, #1656 ) ;
#1464 = DIRECTION ( 'NONE',  ( 1.000000000000000000, 1.084552745375810161E-14, 2.154618766314020015E-10 ) ) ;
#1465 = CIRCLE ( 'NONE', #790, 0.9999999999999993339 ) ;
#1466 = DIRECTION ( 'NONE',  ( 0.7071067811865709984, -0.7071067811865240360, 1.523583073172610038E-10 ) ) ;
#1467 = ORIENTED_EDGE ( 'NONE', *, *, #208, .T. ) ;
#1468 = CARTESIAN_POINT ( 'NONE',  ( -12.78045116384248026, 47.25879653723779938, 130.2501160604790016 ) ) ;
#1469 = ADVANCED_FACE ( 'NONE', ( #2701 ), #523, .T. ) ;
#1470 = ORIENTED_EDGE ( 'NONE', *, *, #349, .F. ) ;
#1471 = CARTESIAN_POINT ( 'NONE',  ( -21.94005084828569707, 51.65921004631099578, 165.8113888592474723 ) ) ;
#1472 = VERTEX_POINT ( 'NONE', #319 ) ;
#1473 = CARTESIAN_POINT ( 'NONE',  ( -20.34005084321950108, 51.65920965118890251, 142.2994944991831971 ) ) ;
#1474 = EDGE_CURVE ( 'NONE', #287, #1604, #115, .T. ) ;
#1475 = DIRECTION ( 'NONE',  ( -1.374037535059649958E-05, 0.9999999999056010669, 0.000000000000000000 ) ) ;
#1476 = DIRECTION ( 'NONE',  ( -1.000000000000000000, -1.187738596164300108E-14, -2.154671845482610064E-10 ) ) ;
#1477 = ORIENTED_EDGE ( 'NONE', *, *, #1744, .F. ) ;
#1478 = CARTESIAN_POINT ( 'NONE',  ( -22.14005084321950179, 51.65920965118880304, 142.2994944987956103 ) ) ;
#1479 = CARTESIAN_POINT ( 'NONE',  ( 31.70308955023934416, 56.17806022784879616, 180.8063276301164990 ) ) ;
#1480 = PRODUCT_DEFINITION_SHAPE ( 'NONE', 'NONE',  #2426 ) ;
#1481 = CARTESIAN_POINT ( 'NONE',  ( -22.34005084321950108, 51.65920965118880304, 142.2994944987524093 ) ) ;
#1482 = ORIENTED_EDGE ( 'NONE', *, *, #2671, .T. ) ;
#1483 = DIRECTION ( 'NONE',  ( -1.000000000000000000, -1.262237608711290056E-14, -2.154675496078445036E-10 ) ) ;
#1484 = EDGE_LOOP ( 'NONE', ( #1444, #359, #2437, #281 ) ) ;
#1485 = CARTESIAN_POINT ( 'NONE',  ( -20.34005084386399886, 50.05879653723760470, 145.2896251545162158 ) ) ;
#1486 = ORIENTED_EDGE ( 'NONE', *, *, #1941, .T. ) ;
#1487 = CIRCLE ( 'NONE', #1350, 0.9999999999999964473 ) ;
#1488 = DIRECTION ( 'NONE',  ( 1.000000000000000000, 1.196353510771660073E-14, 2.154668017803219828E-10 ) ) ;
#1489 = ADVANCED_FACE ( 'NONE', ( #1005 ), #2510, .F. ) ;
#1490 = CARTESIAN_POINT ( 'NONE',  ( -20.34005084075244696, 47.45879653723759617, 130.8501160588502046 ) ) ;
#1491 = ORIENTED_EDGE ( 'NONE', *, *, #2312, .T. ) ;
#1492 = EDGE_CURVE ( 'NONE', #1616, #2519, #134, .T. ) ;
#1493 = LINE ( 'NONE', #1112, #2814 ) ;
#1494 = DIRECTION ( 'NONE',  ( 0.7071067810788008723, -0.5000000000000098810, 0.5000000001523668969 ) ) ;
#1495 = ORIENTED_EDGE ( 'NONE', *, *, #1386, .T. ) ;
#1496 = LINE ( 'NONE', #193, #1276 ) ;
#1497 = EDGE_LOOP ( 'NONE', ( #285, #1976, #2500, #2780 ) ) ;
#1498 = CONICAL_SURFACE ( 'NONE', #1587, 0.7999999999999982681, 0.7853981633974843612 ) ;
#1499 = DIRECTION ( 'NONE',  ( 1.523468851072352560E-10, 0.7071068355770930847, -0.7071067267959978420 ) ) ;
#1500 = AXIS2_PLACEMENT_3D ( 'NONE', #1287, #1103, #1271 ) ;
#1501 = CIRCLE ( 'NONE', #637, 0.9999999999999990008 ) ;
#1502 = LINE ( 'NONE', #143, #590 ) ;
#1503 = VECTOR ( 'NONE', #1179, 1000.000000000000227 ) ;
#1504 = ORIENTED_EDGE ( 'NONE', *, *, #421, .F. ) ;
#1505 = EDGE_CURVE ( 'NONE', #1966, #2064, #866, .T. ) ;
#1506 = DIRECTION ( 'NONE',  ( -2.154635164518530307E-10, -1.167749047187507610E-15, 1.000000000000000000 ) ) ;
#1507 = CARTESIAN_POINT ( 'NONE',  ( -21.14005084075245122, 47.45879653723759617, 130.8501160586773722 ) ) ;
#1508 = CARTESIAN_POINT ( 'NONE',  ( -20.34005084386304674, 52.65921008091869737, 145.2896250108001936 ) ) ;
#1509 = CIRCLE ( 'NONE', #2272, 1.000000000000001332 ) ;
#1510 = ORIENTED_EDGE ( 'NONE', *, *, #1419, .F. ) ;
#1511 = CARTESIAN_POINT ( 'NONE',  ( -20.34005084921194850, 49.05879653723749811, 170.1120404652244815 ) ) ;
#1512 = AXIS2_PLACEMENT_3D ( 'NONE', #2390, #2670, #2659 ) ;
#1513 = AXIS2_PLACEMENT_3D ( 'NONE', #1057, #1084, #1528 ) ;
#1514 = ORIENTED_EDGE ( 'NONE', *, *, #547, .F. ) ;
#1515 = CIRCLE ( 'NONE', #605, 0.9999999999999964473 ) ;
#1516 = CARTESIAN_POINT ( 'NONE',  ( 18.10635423913270259, 57.17947602582589894, 181.0501160671344962 ) ) ;
#1517 = LINE ( 'NONE', #928, #497 ) ;
#1518 = EDGE_LOOP ( 'NONE', ( #1272, #1909, #492, #580 ) ) ;
#1519 = CARTESIAN_POINT ( 'NONE',  ( 36.00172229261659140, 49.17648833722454071, 172.8711073893388459 ) ) ;
#1520 = EDGE_CURVE ( 'NONE', #897, #1395, #1039, .T. ) ;
#1521 = PLANE ( 'NONE',  #911 ) ;
#1522 = CARTESIAN_POINT ( 'NONE',  ( -21.94005084851700005, 52.65921003474790041, 166.8865520020325164 ) ) ;
#1523 = EDGE_CURVE ( 'NONE', #2733, #618, #1089, .T. ) ;
#1524 = ADVANCED_FACE ( 'NONE', ( #2777 ), #2763, .F. ) ;
#1525 = VERTEX_POINT ( 'NONE', #405 ) ;
#1526 = EDGE_CURVE ( 'NONE', #1043, #24, #1255, .T. ) ;
#1527 = VERTEX_POINT ( 'NONE', #639 ) ;
#1528 = DIRECTION ( 'NONE',  ( -1.523642323419950758E-10, 0.7071068319978452976, 0.7071067303752460731 ) ) ;
#1529 = DIRECTION ( 'NONE',  ( 1.523694365124226443E-10, -0.7071067811865302533, -0.7071067811865648922 ) ) ;
#1530 = AXIS2_PLACEMENT_3D ( 'NONE', #1391, #2253, #2038 ) ;
#1531 = DIRECTION ( 'NONE',  ( 1.196353510838858085E-14, -1.000000000000000000, -3.118711518625690184E-15 ) ) ;
#1532 = EDGE_LOOP ( 'NONE', ( #1709, #2372, #1148, #2843 ) ) ;
#1533 = CARTESIAN_POINT ( 'NONE',  ( 14.64627446819432066, 75.19582412908481217, 180.4501160663884889 ) ) ;
#1534 = EDGE_LOOP ( 'NONE', ( #1218, #2489, #2528, #2030 ) ) ;
#1535 = DIRECTION ( 'NONE',  ( -2.154665335041269971E-10, -2.960594732333670048E-15, 1.000000000000000000 ) ) ;
#1536 = CARTESIAN_POINT ( 'NONE',  ( -11.14005085029697817, 50.85900246190709595, 175.1500716704255183 ) ) ;
#1537 = ADVANCED_FACE ( 'NONE', ( #1947 ), #1079, .F. ) ;
#1538 = AXIS2_PLACEMENT_3D ( 'NONE', #1124, #1993, #900 ) ;
#1539 = ORIENTED_EDGE ( 'NONE', *, *, #2190, .F. ) ;
#1540 = LINE ( 'NONE', #1765, #737 ) ;
#1541 = LINE ( 'NONE', #694, #920 ) ;
#1542 = CARTESIAN_POINT ( 'NONE',  ( 37.14282748206269957, 53.84673845616190135, 175.3665897006379737 ) ) ;
#1543 = DIRECTION ( 'NONE',  ( -1.523723277182155340E-10, 0.7071068319978394134, 0.7071067303752518463 ) ) ;
#1544 = LINE ( 'NONE', #723, #536 ) ;
#1545 = ORIENTED_EDGE ( 'NONE', *, *, #29, .F. ) ;
#1546 = DIRECTION ( 'NONE',  ( -1.000000000000000000, -1.260507505889310135E-14, -2.154675299703174921E-10 ) ) ;
#1547 =( BOUNDED_CURVE ( )  B_SPLINE_CURVE ( 3, ( #339, #1231, #2533, #1670 ),
 .UNSPECIFIED., .F., .T. ) 
 B_SPLINE_CURVE_WITH_KNOTS ( ( 4, 4 ),
 ( 3.473280649960070132, 3.926990816987264932 ),
 .UNSPECIFIED. ) 
 CURVE ( )  GEOMETRIC_REPRESENTATION_ITEM ( )  RATIONAL_B_SPLINE_CURVE ( ( 1.000000000000000000, 0.9829190327174509578, 0.9829190327174509578, 1.000000000000000000 ) ) 
 REPRESENTATION_ITEM ( '' )  );
#1548 = ORIENTED_EDGE ( 'NONE', *, *, #1526, .F. ) ;
#1549 = CARTESIAN_POINT ( 'NONE',  ( 22.88285091154460105, 47.05879653723769707, 180.6501160681625038 ) ) ;
#1550 = DIRECTION ( 'NONE',  ( -1.523642323419950758E-10, 0.7071068319978452976, 0.7071067303752460731 ) ) ;
#1551 = AXIS2_PLACEMENT_3D ( 'NONE', #2508, #2476, #2265 ) ;
#1552 = EDGE_LOOP ( 'NONE', ( #1025, #895, #1885, #340 ) ) ;
#1553 = VECTOR ( 'NONE', #706, 1000.000000000000000 ) ;
#1554 = CARTESIAN_POINT ( 'NONE',  ( 41.45930111239484717, 62.05879653723889788, 125.3260404126240246 ) ) ;
#1555 = DIRECTION ( 'NONE',  ( -1.187738596164300582E-14, 1.000000000000000000, 0.000000000000000000 ) ) ;
#1556 =( GEOMETRIC_REPRESENTATION_CONTEXT ( 3 ) GLOBAL_UNCERTAINTY_ASSIGNED_CONTEXT ( ( #2561 ) ) GLOBAL_UNIT_ASSIGNED_CONTEXT ( ( #1584, #2513, #1227 ) ) REPRESENTATION_CONTEXT ( 'NONE', 'WORKASPACE' ) );
#1557 = EDGE_CURVE ( 'NONE', #2344, #2205, #171, .T. ) ;
#1558 = CARTESIAN_POINT ( 'NONE',  ( -22.14005084386405287, 51.65921008091859790, 145.2896251541286006 ) ) ;
#1559 = CARTESIAN_POINT ( 'NONE',  ( -12.97184124482168066, 57.55879653723749811, 129.0501160604376025 ) ) ;
#1560 = DIRECTION ( 'NONE',  ( 2.154671845482660212E-10, 3.130144285626680604E-15, -1.000000000000000000 ) ) ;
#1561 = EDGE_LOOP ( 'NONE', ( #1924, #1928, #2747, #681, #1624, #904, #1710, #1627, #537, #2238, #123, #1702 ) ) ;
#1562 = DIRECTION ( 'NONE',  ( 1.616692890671340228E-10, -0.6610534467611623999, -0.7503388171520829486 ) ) ;
#1563 = DIRECTION ( 'NONE',  ( -1.616519418323753921E-10, -0.6610534467611879350, 0.7503388171520605221 ) ) ;
#1564 = EDGE_LOOP ( 'NONE', ( #1165, #1347, #733, #1952 ) ) ;
#1565 = DIRECTION ( 'NONE',  ( -1.523622229992365138E-10, 0.7071067811866180719, 0.7071067811864770736 ) ) ;
#1566 = LINE ( 'NONE', #450, #2448 ) ;
#1567 = ORIENTED_EDGE ( 'NONE', *, *, #1815, .T. ) ;
#1568 = AXIS2_PLACEMENT_3D ( 'NONE', #2362, #2149, #2757 ) ;
#1569 = DIRECTION ( 'NONE',  ( -1.000000000000000000, -5.920378534056230124E-15, -2.154674193203710028E-10 ) ) ;
#1570 = FACE_OUTER_BOUND ( 'NONE', #867, .T. ) ;
#1571 = VECTOR ( 'NONE', #481, 1000.000000000000000 ) ;
#1572 = CARTESIAN_POINT ( 'NONE',  ( -22.34005084850059930, 52.25921004631099720, 166.8113889514654886 ) ) ;
#1573 = EDGE_CURVE ( 'NONE', #2733, #1236, #1907, .T. ) ;
#1574 = CARTESIAN_POINT ( 'NONE',  ( -20.34005084135509733, 50.85900246190720253, 133.6501160588497896 ) ) ;
#1575 = FACE_OUTER_BOUND ( 'NONE', #718, .T. ) ;
#1576 = EDGE_LOOP ( 'NONE', ( #1126, #2795, #2534, #783 ) ) ;
#1577 = CARTESIAN_POINT ( 'NONE',  ( -22.34005084894045012, 51.65920973258510429, 168.8506932825175113 ) ) ;
#1578 = EDGE_CURVE ( 'NONE', #683, #104, #658, .T. ) ;
#1579 = CARTESIAN_POINT ( 'NONE',  ( -20.34005085029710003, 50.85900246190709595, 175.1500716906920161 ) ) ;
#1580 = VERTEX_POINT ( 'NONE', #625 ) ;
#1581 = CARTESIAN_POINT ( 'NONE',  ( -22.14005084321950179, 51.65920965118880304, 142.2994944987956103 ) ) ;
#1582 = DIRECTION ( 'NONE',  ( -1.616820103726317486E-10, 0.6610533088815676583, 0.7503389386248928705 ) ) ;
#1583 = EDGE_LOOP ( 'NONE', ( #770, #302, #2767, #436 ) ) ;
#1584 =( LENGTH_UNIT ( ) NAMED_UNIT ( * ) SI_UNIT ( .MILLI., .METRE. ) );
#1585 = AXIS2_PLACEMENT_3D ( 'NONE', #1309, #698, #54 ) ;
#1586 = AXIS2_PLACEMENT_3D ( 'NONE', #2481, #2087, #1026 ) ;
#1587 = AXIS2_PLACEMENT_3D ( 'NONE', #312, #562, #1015 ) ;
#1588 = FACE_OUTER_BOUND ( 'NONE', #1583, .T. ) ;
#1589 = ORIENTED_EDGE ( 'NONE', *, *, #2208, .T. ) ;
#1590 = CARTESIAN_POINT ( 'NONE',  ( 14.66330129104527913, 56.25921015577559814, 180.4501160663919848 ) ) ;
#1591 = ORIENTED_EDGE ( 'NONE', *, *, #1115, .F. ) ;
#1592 = EDGE_CURVE ( 'NONE', #1637, #683, #365, .T. ) ;
#1593 = DIRECTION ( 'NONE',  ( -1.000000000000000000, -1.386710574049910027E-14, -2.154648982096889881E-10 ) ) ;
#1594 = VECTOR ( 'NONE', #534, 1000.000000000000114 ) ;
#1595 = CARTESIAN_POINT ( 'NONE',  ( 33.69215493371083170, 59.28028478720791838, 178.8172622475023843 ) ) ;
#1596 = VERTEX_POINT ( 'NONE', #596 ) ;
#1597 = ORIENTED_EDGE ( 'NONE', *, *, #300, .F. ) ;
#1598 = VECTOR ( 'NONE', #2820, 1000.000000000000000 ) ;
#1599 = AXIS2_PLACEMENT_3D ( 'NONE', #112, #1647, #1817 ) ;
#1600 = CIRCLE ( 'NONE', #2691, 1.000000000000001332 ) ;
#1601 = CARTESIAN_POINT ( 'NONE',  ( -22.34005084379619888, 49.45879653723749669, 144.9767555953223734 ) ) ;
#1602 = ORIENTED_EDGE ( 'NONE', *, *, #1457, .F. ) ;
#1603 = CARTESIAN_POINT ( 'NONE',  ( -21.14005085148225049, 47.45879653723749669, 180.6501160586774972 ) ) ;
#1604 = VERTEX_POINT ( 'NONE', #1508 ) ;
#1605 = DIRECTION ( 'NONE',  ( -1.616692890671349276E-10, 0.6610533088815695457, 0.7503389386248912052 ) ) ;
#1606 = CARTESIAN_POINT ( 'NONE',  ( -20.34005084850059930, 49.05879653723749811, 166.8113888595919718 ) ) ;
#1607 = EDGE_CURVE ( 'NONE', #574, #2105, #1718, .T. ) ;
#1608 = ORIENTED_EDGE ( 'NONE', *, *, #959, .F. ) ;
#1609 = ORIENTED_EDGE ( 'NONE', *, *, #1758, .F. ) ;
#1610 = LINE ( 'NONE', #266, #274 ) ;
#1611 = ADVANCED_FACE ( 'NONE', ( #2605 ), #2646, .T. ) ;
#1612 = DIRECTION ( 'NONE',  ( -1.000000000000000000, -8.142810319828740880E-15, -2.154706225051099995E-10 ) ) ;
#1613 = DIRECTION ( 'NONE',  ( 1.196353510835450048E-14, -1.000000000000000000, -2.960594729755920312E-15 ) ) ;
#1614 = ORIENTED_EDGE ( 'NONE', *, *, #1984, .F. ) ;
#1615 = DIRECTION ( 'NONE',  ( -1.616519418323753921E-10, -0.6610534467611879350, 0.7503388171520605221 ) ) ;
#1616 = VERTEX_POINT ( 'NONE', #2573 ) ;
#1617 = CARTESIAN_POINT ( 'NONE',  ( 10.50969327030627909, 52.28098251600080459, 185.8723020442594986 ) ) ;
#1618 = DIRECTION ( 'NONE',  ( -1.616692890671349276E-10, 0.6610533088815695457, 0.7503389386248912052 ) ) ;
#1619 = ORIENTED_EDGE ( 'NONE', *, *, #1700, .F. ) ;
#1620 = CARTESIAN_POINT ( 'NONE',  ( -22.34005084840920219, 52.08347414765729866, 166.3871248230840081 ) ) ;
#1621 = EDGE_CURVE ( 'NONE', #586, #2001, #2102, .T. ) ;
#1622 = ORIENTED_EDGE ( 'NONE', *, *, #2633, .F. ) ;
#1623 = DIRECTION ( 'NONE',  ( -0.7071067811865250352, 0.7071067811865699992, 0.000000000000000000 ) ) ;
#1624 = ORIENTED_EDGE ( 'NONE', *, *, #1735, .T. ) ;
#1625 = EDGE_CURVE ( 'NONE', #160, #761, #1894, .T. ) ;
#1626 = LINE ( 'NONE', #1046, #27 ) ;
#1627 = ORIENTED_EDGE ( 'NONE', *, *, #2688, .T. ) ;
#1628 = CARTESIAN_POINT ( 'NONE',  ( 10.15962514053999932, 59.80879653723679468, 129.0501160654216051 ) ) ;
#1629 = CARTESIAN_POINT ( 'NONE',  ( -20.34005084066565061, 62.05879653723759759, 130.4501160588501989 ) ) ;
#1630 = VERTEX_POINT ( 'NONE', #1269 ) ;
#1631 = LINE ( 'NONE', #1617, #1997 ) ;
#1632 = DIRECTION ( 'NONE',  ( 1.000000000000000000, 8.105656898497600228E-16, 2.154610018091639995E-10 ) ) ;
#1633 = VERTEX_POINT ( 'NONE', #2139 ) ;
#1634 = AXIS2_PLACEMENT_3D ( 'NONE', #898, #226, #1135 ) ;
#1635 = DIRECTION ( 'NONE',  ( 1.616692890671340228E-10, -0.6610534467611623999, -0.7503388171520829486 ) ) ;
#1636 = PRESENTATION_STYLE_ASSIGNMENT (( #1654 ) ) ;
#1637 = VERTEX_POINT ( 'NONE', #2124 ) ;
#1638 = CARTESIAN_POINT ( 'NONE',  ( 31.45930111024005527, 62.05879653723810208, 181.0501160700105174 ) ) ;
#1639 = EDGE_LOOP ( 'NONE', ( #743, #524, #1698, #325 ) ) ;
#1640 = VECTOR ( 'NONE', #495, 1000.000000000000000 ) ;
#1641 = ADVANCED_FACE ( 'NONE', ( #2794 ), #850, .T. ) ;
#1642 = EDGE_CURVE ( 'NONE', #1119, #618, #42, .T. ) ;
#1643 = LINE ( 'NONE', #2462, #2214 ) ;
#1644 = VECTOR ( 'NONE', #232, 1000.000000000000000 ) ;
#1645 = VECTOR ( 'NONE', #1253, 1000.000000000000000 ) ;
#1646 = ORIENTED_EDGE ( 'NONE', *, *, #2400, .T. ) ;
#1647 = DIRECTION ( 'NONE',  ( 1.162761041063410173E-14, -1.000000000000000000, 2.505397789289064819E-24 ) ) ;
#1648 = ADVANCED_FACE ( 'NONE', ( #56 ), #2645, .T. ) ;
#1649 = DIRECTION ( 'NONE',  ( 1.000000000000000000, 1.196353510771660704E-14, 2.154671845482670293E-10 ) ) ;
#1650 = DIRECTION ( 'NONE',  ( -0.8628562095380145625, 0.3574067443366083507, 0.3574067441506887932 ) ) ;
#1651 = DIRECTION ( 'NONE',  ( 2.154667845329395035E-10, 3.516589263990355416E-15, -1.000000000000000000 ) ) ;
#1652 = ORIENTED_EDGE ( 'NONE', *, *, #660, .F. ) ;
#1653 = CARTESIAN_POINT ( 'NONE',  ( 37.22855685353280109, 54.55879653723810208, 181.0501160712545072 ) ) ;
#1654 = SURFACE_STYLE_USAGE ( .BOTH. , #1866 ) ;
#1655 = ORIENTED_EDGE ( 'NONE', *, *, #1492, .F. ) ;
#1656 = DIRECTION ( 'NONE',  ( 1.000000000000000000, 2.857191607491211277E-14, 2.154812276323943183E-10 ) ) ;
#1657 = VERTEX_POINT ( 'NONE', #727 ) ;
#1658 = DIRECTION ( 'NONE',  ( 1.000000000000000000, 1.386710574049910027E-14, 2.154648982096889881E-10 ) ) ;
#1659 = CARTESIAN_POINT ( 'NONE',  ( -12.78045116379940005, 47.45879653723780223, 130.0501160604790130 ) ) ;
#1660 = VERTEX_POINT ( 'NONE', #1114 ) ;
#1661 = ADVANCED_FACE ( 'NONE', ( #1745 ), #2628, .F. ) ;
#1662 = LINE ( 'NONE', #2080, #1185 ) ;
#1663 = ORIENTED_EDGE ( 'NONE', *, *, #1836, .T. ) ;
#1664 = CARTESIAN_POINT ( 'NONE',  ( -21.94005084323070065, 52.65920965859339731, 142.3510163485235864 ) ) ;
#1665 = EDGE_CURVE ( 'NONE', #1726, #488, #1757, .T. ) ;
#1666 = DIRECTION ( 'NONE',  ( 2.154666481218249996E-10, 2.907565698338905469E-15, -1.000000000000000000 ) ) ;
#1667 = VERTEX_POINT ( 'NONE', #1590 ) ;
#1668 = DIRECTION ( 'NONE',  ( -1.523520892776638068E-10, -0.7071067811865606734, 0.7071067811865345831 ) ) ;
#1669 = ORIENTED_EDGE ( 'NONE', *, *, #2170, .F. ) ;
#1670 = CARTESIAN_POINT ( 'NONE',  ( 31.22855685374780421, 54.55879653723780365, 180.0521116634310204 ) ) ;
#1671 = VERTEX_POINT ( 'NONE', #487 ) ;
#1672 = CARTESIAN_POINT ( 'NONE',  ( -20.34005084894040039, 50.05879653723749811, 168.8506931119650289 ) ) ;
#1673 = VERTEX_POINT ( 'NONE', #2010 ) ;
#1674 = LINE ( 'NONE', #360, #1294 ) ;
#1675 = AXIS2_PLACEMENT_3D ( 'NONE', #1755, #1346, #1336 ) ;
#1676 = LINE ( 'NONE', #848, #1645 ) ;
#1677 = DIRECTION ( 'NONE',  ( -1.000000000000000000, -1.196353510771660073E-14, -2.154668017803219828E-10 ) ) ;
#1678 = CARTESIAN_POINT ( 'NONE',  ( 32.52855685654934348, 54.55879653723799549, 167.0501160637550129 ) ) ;
#1679 = DIRECTION ( 'NONE',  ( 0.2810846375680834397, -0.6785983445462027142, 0.6785983446062717750 ) ) ;
#1680 = ORIENTED_EDGE ( 'NONE', *, *, #1382, .F. ) ;
#1681 = PLANE ( 'NONE',  #2491 ) ;
#1682 = AXIS2_PLACEMENT_3D ( 'NONE', #204, #1483, #1910 ) ;
#1683 = ORIENTED_EDGE ( 'NONE', *, *, #331, .F. ) ;
#1684 = DIRECTION ( 'NONE',  ( -1.616519418323753921E-10, -0.6610534467611879350, 0.7503388171520605221 ) ) ;
#1685 = ORIENTED_EDGE ( 'NONE', *, *, #2456, .T. ) ;
#1686 = DIRECTION ( 'NONE',  ( -2.154668017803220087E-10, -2.960594732333675570E-15, 1.000000000000000000 ) ) ;
#1687 = LINE ( 'NONE', #398, #1058 ) ;
#1688 = EDGE_LOOP ( 'NONE', ( #1857, #533, #2183, #705, #854 ) ) ;
#1689 = AXIS2_PLACEMENT_3D ( 'NONE', #17, #910, #238 ) ;
#1690 = CARTESIAN_POINT ( 'NONE',  ( -20.74005084066605065, 62.05879653723759759, 130.4501160587639959 ) ) ;
#1691 = DIRECTION ( 'NONE',  ( 1.000000000000000000, 1.037029808253936146E-14, 2.154687777850504866E-10 ) ) ;
#1692 = AXIS2_PLACEMENT_3D ( 'NONE', #278, #1773, #1127 ) ;
#1693 = AXIS2_PLACEMENT_3D ( 'NONE', #2800, #437, #1712 ) ;
#1694 = CARTESIAN_POINT ( 'NONE',  ( 34.45360709871864913, 51.90097025067500169, 125.6079423572220009 ) ) ;
#1695 = VERTEX_POINT ( 'NONE', #257 ) ;
#1696 = ORIENTED_EDGE ( 'NONE', *, *, #820, .T. ) ;
#1697 = EDGE_CURVE ( 'NONE', #683, #1637, #1964, .T. ) ;
#1698 = ORIENTED_EDGE ( 'NONE', *, *, #2742, .F. ) ;
#1699 = FACE_OUTER_BOUND ( 'NONE', #1440, .T. ) ;
#1700 = EDGE_CURVE ( 'NONE', #2410, #259, #2614, .T. ) ;
#1701 = PLANE ( 'NONE',  #78 ) ;
#1702 = ORIENTED_EDGE ( 'NONE', *, *, #2706, .T. ) ;
#1703 = FACE_OUTER_BOUND ( 'NONE', #2660, .T. ) ;
#1704 = CIRCLE ( 'NONE', #1568, 1.700000000000000178 ) ;
#1705 = DIRECTION ( 'NONE',  ( 1.523537730516434927E-10, 0.7071067811865500152, -0.7071067811865450192 ) ) ;
#1706 = CARTESIAN_POINT ( 'NONE',  ( -20.34005084850059930, 50.05879653723749811, 166.8113888595919718 ) ) ;
#1707 = VERTEX_POINT ( 'NONE', #2164 ) ;
#1708 = DIRECTION ( 'NONE',  ( 0.7071067812942856134, 0.5000000384599176950, -0.4999999613877146865 ) ) ;
#1709 = ORIENTED_EDGE ( 'NONE', *, *, #2831, .F. ) ;
#1710 = ORIENTED_EDGE ( 'NONE', *, *, #725, .T. ) ;
#1711 = EDGE_CURVE ( 'NONE', #1944, #586, #1187, .T. ) ;
#1712 = DIRECTION ( 'NONE',  ( 0.000000000000000000, -1.000000000000000000, 2.931108568341530269E-29 ) ) ;
#1713 = EDGE_CURVE ( 'NONE', #206, #1660, #1107, .T. ) ;
#1714 = DIRECTION ( 'NONE',  ( 2.154665335041269971E-10, 2.436575360457060379E-15, -1.000000000000000000 ) ) ;
#1715 = ORIENTED_EDGE ( 'NONE', *, *, #2382, .F. ) ;
#1716 = CARTESIAN_POINT ( 'NONE',  ( -12.97184124503752045, 68.93379653724291245, 130.0501160604374036 ) ) ;
#1717 = LINE ( 'NONE', #1050, #117 ) ;
#1718 = LINE ( 'NONE', #1923, #736 ) ;
#1719 = VERTEX_POINT ( 'NONE', #669 ) ;
#1720 = DIRECTION ( 'NONE',  ( 1.000000000000000000, 3.006854025026462896E-14, 2.154665335041270746E-10 ) ) ;
#1721 = ORIENTED_EDGE ( 'NONE', *, *, #1956, .T. ) ;
#1722 = DIRECTION ( 'NONE',  ( -1.374037535059649958E-05, 0.9999999999056010669, 0.000000000000000000 ) ) ;
#1723 = DIRECTION ( 'NONE',  ( -0.02722022634060594637, 0.9996294609894038619, 0.000000000000000000 ) ) ;
#1724 = VECTOR ( 'NONE', #1725, 1000.000000000000000 ) ;
#1725 = DIRECTION ( 'NONE',  ( 2.154666481218249996E-10, 2.907565698338905469E-15, -1.000000000000000000 ) ) ;
#1726 = VERTEX_POINT ( 'NONE', #1975 ) ;
#1727 = DIRECTION ( 'NONE',  ( -0.7071067811865435759, -0.7071067811865515695, -1.523601301160534030E-10 ) ) ;
#1728 = EDGE_CURVE ( 'NONE', #2269, #1791, #902, .T. ) ;
#1729 = DIRECTION ( 'NONE',  ( -1.199668244882757626E-14, 0.9999999999999882316, 1.538396673515190333E-07 ) ) ;
#1730 = EDGE_CURVE ( 'NONE', #1527, #521, #1804, .T. ) ;
#1731 = CIRCLE ( 'NONE', #648, 1.000000000000003109 ) ;
#1732 = FACE_OUTER_BOUND ( 'NONE', #392, .T. ) ;
#1733 = VECTOR ( 'NONE', #2031, 1000.000000000000000 ) ;
#1734 = CARTESIAN_POINT ( 'NONE',  ( 5.037895254888109520, 54.95626731504329854, 176.0501160643185017 ) ) ;
#1735 = EDGE_CURVE ( 'NONE', #908, #2744, #2600, .T. ) ;
#1736 = AXIS2_PLACEMENT_3D ( 'NONE', #1049, #2792, #2351 ) ;
#1737 = ORIENTED_EDGE ( 'NONE', *, *, #1713, .F. ) ;
#1738 = DIRECTION ( 'NONE',  ( -1.000000000000000000, -1.178872521483283982E-14, -2.154669765901879832E-10 ) ) ;
#1739 = ORIENTED_EDGE ( 'NONE', *, *, #731, .F. ) ;
#1740 = DIRECTION ( 'NONE',  ( -5.920378534694140129E-15, 1.000000000000000000, 2.960594731058025166E-15 ) ) ;
#1741 = LINE ( 'NONE', #239, #2128 ) ;
#1742 = CARTESIAN_POINT ( 'NONE',  ( 31.22855685448049456, 49.75116123201311069, 176.6526001376349484 ) ) ;
#1743 = CYLINDRICAL_SURFACE ( 'NONE', #124, 0.9999999999999974465 ) ;
#1744 = EDGE_CURVE ( 'NONE', #2064, #2207, #2431, .T. ) ;
#1745 = FACE_OUTER_BOUND ( 'NONE', #162, .T. ) ;
#1746 = EDGE_LOOP ( 'NONE', ( #1040, #1825, #2621, #2495 ) ) ;
#1747 = ADVANCED_FACE ( 'NONE', ( #1338 ), #246, .F. ) ;
#1748 = CARTESIAN_POINT ( 'NONE',  ( -22.34005084399259999, 51.75910680278530407, 145.8896251540852234 ) ) ;
#1749 = CARTESIAN_POINT ( 'NONE',  ( -12.97184124503718117, 56.05879653723739864, 130.0501160604374036 ) ) ;
#1750 = ORIENTED_EDGE ( 'NONE', *, *, #263, .T. ) ;
#1751 = DIRECTION ( 'NONE',  ( 1.616805647697289061E-10, -0.6610534467611806075, -0.7503388171520670724 ) ) ;
#1752 = DIRECTION ( 'NONE',  ( -1.000000000000000000, -1.187738596164300108E-14, -2.154671845482610064E-10 ) ) ;
#1753 = DIRECTION ( 'NONE',  ( 1.000000000000000000, 1.037051766632816090E-14, 2.154652087631090180E-10 ) ) ;
#1754 = DIRECTION ( 'NONE',  ( 1.000000000000000000, 1.196353510771660073E-14, 2.154668017803219828E-10 ) ) ;
#1755 = CARTESIAN_POINT ( 'NONE',  ( -11.14005085029697817, 50.85900246190709595, 175.1500716704255183 ) ) ;
#1756 = ORIENTED_EDGE ( 'NONE', *, *, #420, .T. ) ;
#1757 = LINE ( 'NONE', #2841, #2552 ) ;
#1758 = EDGE_CURVE ( 'NONE', #1719, #1695, #320, .T. ) ;
#1759 = ORIENTED_EDGE ( 'NONE', *, *, #641, .F. ) ;
#1760 = DIRECTION ( 'NONE',  ( -1.000000000000000000, -1.385881858921682215E-14, -2.154649064971320067E-10 ) ) ;
#1761 = DIRECTION ( 'NONE',  ( -1.000000000000000000, -1.196353510771660073E-14, -2.154668017803219828E-10 ) ) ;
#1762 = EDGE_CURVE ( 'NONE', #505, #2410, #2418, .T. ) ;
#1763 = ORIENTED_EDGE ( 'NONE', *, *, #2412, .T. ) ;
#1764 = DIRECTION ( 'NONE',  ( -2.154668017803219828E-10, -6.125506034825790659E-15, 1.000000000000000000 ) ) ;
#1765 = CARTESIAN_POINT ( 'NONE',  ( -20.34005084915394690, 50.18481321828780040, 169.8427212345989687 ) ) ;
#1766 = COLOUR_RGB ( '',0.7921568627450980005, 0.8196078431372548767, 0.9333333333333333481 ) ;
#1767 = DIRECTION ( 'NONE',  ( -1.000000000000000000, -1.167290563274112104E-14, -2.154668017803219828E-10 ) ) ;
#1768 = CARTESIAN_POINT ( 'NONE',  ( 22.83432277409550082, 47.17595382476299903, 180.7672733556779860 ) ) ;
#1769 = DIRECTION ( 'NONE',  ( -1.616675543436581494E-10, -0.6610534467611853815, 0.7503388171520626315 ) ) ;
#1770 = VECTOR ( 'NONE', #2381, 1000.000000000000114 ) ;
#1771 = DIRECTION ( 'NONE',  ( 1.000000000000000000, 5.920378534056230124E-15, 2.154668017803219828E-10 ) ) ;
#1772 = ORIENTED_EDGE ( 'NONE', *, *, #2470, .T. ) ;
#1773 = DIRECTION ( 'NONE',  ( 2.154665335041269971E-10, 2.436575360457060379E-15, -1.000000000000000000 ) ) ;
#1774 = VECTOR ( 'NONE', #1893, 1000.000000000000000 ) ;
#1775 = ORIENTED_EDGE ( 'NONE', *, *, #1190, .F. ) ;
#1776 = VECTOR ( 'NONE', #804, 1000.000000000000000 ) ;
#1777 = DIRECTION ( 'NONE',  ( 2.154673229307929963E-10, 2.436575360457085228E-15, -1.000000000000000000 ) ) ;
#1778 = DIRECTION ( 'NONE',  ( 1.616519418323750302E-10, 0.6610533175273546336, -0.7503389310079002783 ) ) ;
#1779 = AXIS2_PLACEMENT_3D ( 'NONE', #978, #1824, #1618 ) ;
#1780 = AXIS2_PLACEMENT_3D ( 'NONE', #2424, #2373, #2158 ) ;
#1781 = EDGE_LOOP ( 'NONE', ( #2797, #394, #2773, #2085 ) ) ;
#1782 = AXIS2_PLACEMENT_3D ( 'NONE', #145, #417, #1035 ) ;
#1783 = LINE ( 'NONE', #734, #1553 ) ;
#1784 = EDGE_CURVE ( 'NONE', #1070, #104, #1921, .T. ) ;
#1785 = CARTESIAN_POINT ( 'NONE',  ( -22.14005084403580170, 51.75910680278530407, 146.0896251541286119 ) ) ;
#1786 = LINE ( 'NONE', #1333, #406 ) ;
#1787 = EDGE_CURVE ( 'NONE', #560, #1337, #2557, .T. ) ;
#1788 = DIRECTION ( 'NONE',  ( 1.000000000000000000, 2.074189254804185181E-14, 2.154568377680960074E-10 ) ) ;
#1789 = DIRECTION ( 'NONE',  ( -1.000000000000000000, -1.609481349849844930E-14, -2.154709330581185071E-10 ) ) ;
#1790 = CARTESIAN_POINT ( 'NONE',  ( 14.64627446819454093, 56.27623697862649976, 180.4501160663884889 ) ) ;
#1791 = VERTEX_POINT ( 'NONE', #2065 ) ;
#1792 = ORIENTED_EDGE ( 'NONE', *, *, #2741, .T. ) ;
#1793 = DIRECTION ( 'NONE',  ( -2.289799430551219401E-05, 0.9999999997378409278, 0.000000000000000000 ) ) ;
#1794 = DIRECTION ( 'NONE',  ( -1.000000000000000000, -1.260507505889310135E-14, -2.154675299703174921E-10 ) ) ;
#1795 = ORIENTED_EDGE ( 'NONE', *, *, #1048, .F. ) ;
#1796 = ORIENTED_EDGE ( 'NONE', *, *, #835, .T. ) ;
#1797 = ADVANCED_FACE ( 'NONE', ( #2251 ), #2713, .F. ) ;
#1798 = DIRECTION ( 'NONE',  ( 3.021172822175595574E-15, -1.000000000000000000, 0.000000000000000000 ) ) ;
#1799 = CARTESIAN_POINT ( 'NONE',  ( 34.22855685654939606, 54.55879653723799549, 167.0501160641209708 ) ) ;
#1800 = EDGE_CURVE ( 'NONE', #1913, #1075, #401, .T. ) ;
#1801 = DIRECTION ( 'NONE',  ( 1.196353510984272128E-14, -1.000000000000000000, -9.867515266194710827E-15 ) ) ;
#1802 = EDGE_LOOP ( 'NONE', ( #1443, #2300, #724 ) ) ;
#1803 = AXIS2_PLACEMENT_3D ( 'NONE', #1020, #2067, #785 ) ;
#1804 = LINE ( 'NONE', #682, #2047 ) ;
#1805 = VERTEX_POINT ( 'NONE', #2136 ) ;
#1806 = DIRECTION ( 'NONE',  ( -1.523468851072349459E-10, -0.7071067811865510144, 0.7071067811865441310 ) ) ;
#1807 = CARTESIAN_POINT ( 'NONE',  ( -21.94005084828565089, 49.95889995296570163, 165.8113888592474723 ) ) ;
#1808 = EDGE_LOOP ( 'NONE', ( #1545, #1091, #2109, #248 ) ) ;
#1809 = DIRECTION ( 'NONE',  ( -6.043156574298301119E-15, 1.000000000000000000, 0.000000000000000000 ) ) ;
#1810 = CARTESIAN_POINT ( 'NONE',  ( -20.34005084273414710, 51.40116383986460136, 140.0501160588501932 ) ) ;
#1811 = DIRECTION ( 'NONE',  ( 0.7071067810787823316, 0.5000000359290381891, 0.4999999642233622366 ) ) ;
#1812 = AXIS2_PLACEMENT_3D ( 'NONE', #2118, #1476, #2517 ) ;
#1813 = ORIENTED_EDGE ( 'NONE', *, *, #940, .T. ) ;
#1814 = EDGE_CURVE ( 'NONE', #1265, #1047, #1674, .T. ) ;
#1815 = EDGE_CURVE ( 'NONE', #1159, #2417, #1704, .T. ) ;
#1816 = DIRECTION ( 'NONE',  ( 2.154659429599649987E-10, -4.484075769682365129E-29, -1.000000000000000000 ) ) ;
#1817 = DIRECTION ( 'NONE',  ( 0.000000000000000000, -2.505397789289064819E-24, -1.000000000000000000 ) ) ;
#1818 = AXIS2_PLACEMENT_3D ( 'NONE', #2420, #12, #508 ) ;
#1819 = AXIS2_PLACEMENT_3D ( 'NONE', #600, #2704, #368 ) ;
#1820 = ORIENTED_EDGE ( 'NONE', *, *, #1210, .F. ) ;
#1821 = DIRECTION ( 'NONE',  ( -5.920378534694140129E-15, 1.000000000000000000, 2.960594731058025166E-15 ) ) ;
#1822 = CIRCLE ( 'NONE', #2681, 0.9999999999999974465 ) ;
#1823 = EDGE_CURVE ( 'NONE', #1580, #897, #1076, .T. ) ;
#1824 = DIRECTION ( 'NONE',  ( 1.000000000000000000, 7.932653116146790825E-16, 2.154609821699485056E-10 ) ) ;
#1825 = ORIENTED_EDGE ( 'NONE', *, *, #2110, .F. ) ;
#1826 = AXIS2_PLACEMENT_3D ( 'NONE', #1220, #1403, #1238 ) ;
#1827 = CIRCLE ( 'NONE', #2182, 0.6000000000000024203 ) ;
#1828 = AXIS2_PLACEMENT_3D ( 'NONE', #2003, #1343, #1384 ) ;
#1829 = DIRECTION ( 'NONE',  ( 1.000000000000000000, 5.920378534056230124E-15, 2.154674193203710028E-10 ) ) ;
#1830 = ORIENTED_EDGE ( 'NONE', *, *, #2633, .T. ) ;
#1831 = LINE ( 'NONE', #2066, #1237 ) ;
#1832 = EDGE_CURVE ( 'NONE', #1707, #2344, #2189, .T. ) ;
#1833 = CARTESIAN_POINT ( 'NONE',  ( 37.14282748206269957, 53.84673845616190135, 175.3665897006379737 ) ) ;
#1834 = CARTESIAN_POINT ( 'NONE',  ( -11.14005084236783993, 50.85900246190729490, 138.3501160608319935 ) ) ;
#1835 = DIRECTION ( 'NONE',  ( 0.7071067811865514585, -0.7071067811865435759, 1.523579462973522964E-10 ) ) ;
#1836 = EDGE_CURVE ( 'NONE', #1075, #2375, #899, .T. ) ;
#1837 = ORIENTED_EDGE ( 'NONE', *, *, #116, .F. ) ;
#1838 = ORIENTED_EDGE ( 'NONE', *, *, #2004, .T. ) ;
#1839 = CARTESIAN_POINT ( 'NONE',  ( -20.74005085148224836, 47.45879653723749669, 180.6501160587639845 ) ) ;
#1840 = VERTEX_POINT ( 'NONE', #1559 ) ;
#1841 = CARTESIAN_POINT ( 'NONE',  ( -21.94005084407899986, 51.65921008091859790, 146.2896251541716026 ) ) ;
#1842 = AXIS2_PLACEMENT_3D ( 'NONE', #2723, #1612, #79 ) ;
#1843 = CARTESIAN_POINT ( 'NONE',  ( -22.34005085029805215, 50.85900246190699647, 175.1500716902615125 ) ) ;
#1844 = ORIENTED_EDGE ( 'NONE', *, *, #1474, .T. ) ;
#1845 = PLANE ( 'NONE',  #1599 ) ;
#1846 = VECTOR ( 'NONE', #545, 999.9999999999998863 ) ;
#1847 = ORIENTED_EDGE ( 'NONE', *, *, #245, .T. ) ;
#1848 = LINE ( 'NONE', #1422, #640 ) ;
#1849 = FACE_OUTER_BOUND ( 'NONE', #144, .T. ) ;
#1850 = EDGE_LOOP ( 'NONE', ( #1838, #993, #2314, #2807 ) ) ;
#1851 = DIRECTION ( 'NONE',  ( 1.523642323419954636E-10, -0.7071067811865475727, -0.7071067811865475727 ) ) ;
#1852 =( LENGTH_UNIT ( ) NAMED_UNIT ( * ) SI_UNIT ( .MILLI., .METRE. ) );
#1853 = ORIENTED_EDGE ( 'NONE', *, *, #1431, .T. ) ;
#1854 = EDGE_CURVE ( 'NONE', #2269, #2733, #1959, .T. ) ;
#1855 = ORIENTED_EDGE ( 'NONE', *, *, #453, .F. ) ;
#1856 = CARTESIAN_POINT ( 'NONE',  ( -12.78045116388556046, 47.05879653723769707, 130.4501160604790186 ) ) ;
#1857 = ORIENTED_EDGE ( 'NONE', *, *, #603, .T. ) ;
#1858 = CARTESIAN_POINT ( 'NONE',  ( -22.34005084395549900, 52.08347418011729957, 145.7138891923106030 ) ) ;
#1859 = VECTOR ( 'NONE', #342, 1000.000000000000000 ) ;
#1860 = ORIENTED_EDGE ( 'NONE', *, *, #400, .F. ) ;
#1861 = FACE_OUTER_BOUND ( 'NONE', #507, .T. ) ;
#1862 = DIRECTION ( 'NONE',  ( -0.7071067811865485719, 0.7071067811865464625, 0.000000000000000000 ) ) ;
#1863 = AXIS2_PLACEMENT_3D ( 'NONE', #1264, #846, #1275 ) ;
#1864 = ORIENTED_EDGE ( 'NONE', *, *, #641, .T. ) ;
#1865 = FACE_OUTER_BOUND ( 'NONE', #2514, .T. ) ;
#1866 = SURFACE_SIDE_STYLE ('',( #2531 ) ) ;
#1867 = ORIENTED_EDGE ( 'NONE', *, *, #2204, .F. ) ;
#1868 = AXIS2_PLACEMENT_3D ( 'NONE', #1536, #2185, #466 ) ;
#1869 = EDGE_LOOP ( 'NONE', ( #2662, #292, #452, #1060 ) ) ;
#1870 = EDGE_CURVE ( 'NONE', #1256, #206, #665, .T. ) ;
#1871 = VECTOR ( 'NONE', #305, 1000.000000000000114 ) ;
#1872 = AXIS2_PLACEMENT_3D ( 'NONE', #1579, #2223, #279 ) ;
#1873 = VECTOR ( 'NONE', #76, 1000.000000000000114 ) ;
#1874 = EDGE_CURVE ( 'NONE', #2563, #2271, #5, .T. ) ;
#1875 = DIRECTION ( 'NONE',  ( -1.000000000000000000, -5.946159130214380572E-15, -2.154599716657594836E-10 ) ) ;
#1876 = VERTEX_POINT ( 'NONE', #35 ) ;
#1877 = FACE_OUTER_BOUND ( 'NONE', #2441, .T. ) ;
#1878 = EDGE_LOOP ( 'NONE', ( #30, #2750, #566, #1837 ) ) ;
#1879 = DIRECTION ( 'NONE',  ( -0.7071067811865984210, 0.7071067811864895081, -1.017749503011538959E-07 ) ) ;
#1880 = PLANE ( 'NONE',  #37 ) ;
#1881 = EDGE_LOOP ( 'NONE', ( #155, #1128, #2511, #2231, #2046, #1, #1138, #1273 ) ) ;
#1882 = DIRECTION ( 'NONE',  ( -1.000000000000000000, -8.142810319828740880E-15, -2.154706225051099995E-10 ) ) ;
#1883 = ORIENTED_EDGE ( 'NONE', *, *, #564, .T. ) ;
#1884 = DIRECTION ( 'NONE',  ( -1.523468851072349459E-10, -0.7071067811865510144, 0.7071067811865441310 ) ) ;
#1885 = ORIENTED_EDGE ( 'NONE', *, *, #471, .F. ) ;
#1886 = CARTESIAN_POINT ( 'NONE',  ( -20.34005084321944778, 49.05879653723760470, 142.2994946598261947 ) ) ;
#1887 = CARTESIAN_POINT ( 'NONE',  ( -20.74005085166795226, 47.92134533596589563, 181.5126648574920125 ) ) ;
#1888 = EDGE_LOOP ( 'NONE', ( #2103, #2113, #2703, #776 ) ) ;
#1889 = DIRECTION ( 'NONE',  ( 0.2810846378610196150, -0.6785983445458572128, -0.6785983444852791147 ) ) ;
#1890 = EDGE_CURVE ( 'NONE', #1840, #129, #1154, .T. ) ;
#1891 = CARTESIAN_POINT ( 'NONE',  ( -20.34005084407899844, 51.65921008091869737, 146.2896251545161874 ) ) ;
#1892 = CARTESIAN_POINT ( 'NONE',  ( -20.34005084386299700, 50.05879653723760470, 145.2896251545162158 ) ) ;
#1893 = DIRECTION ( 'NONE',  ( 2.154668017803219828E-10, 2.960594732333674781E-15, -1.000000000000000000 ) ) ;
#1894 = LINE ( 'NONE', #1052, #929 ) ;
#1895 = ORIENTED_EDGE ( 'NONE', *, *, #372, .T. ) ;
#1896 = DIRECTION ( 'NONE',  ( -1.000000000000000000, -1.036277670040104085E-14, -2.154652010219149828E-10 ) ) ;
#1897 = EDGE_LOOP ( 'NONE', ( #1737, #2305, #296, #2129, #1365, #1180, #1548, #2131, #2361, #1169, #965, #369 ) ) ;
#1898 = CYLINDRICAL_SURFACE ( 'NONE', #1463, 1.700000000000000178 ) ;
#1899 = ORIENTED_EDGE ( 'NONE', *, *, #2295, .T. ) ;
#1900 = FACE_OUTER_BOUND ( 'NONE', #1532, .T. ) ;
#1901 = FACE_BOUND ( 'NONE', #2256, .T. ) ;
#1902 = DIRECTION ( 'NONE',  ( -1.616519418323753921E-10, -0.6610534467611879350, 0.7503388171520605221 ) ) ;
#1903 = ORIENTED_EDGE ( 'NONE', *, *, #2000, .F. ) ;
#1904 = CARTESIAN_POINT ( 'NONE',  ( -20.34005084828569565, 52.65921020015070297, 165.8113888595919718 ) ) ;
#1905 = DIRECTION ( 'NONE',  ( 8.613048615690130087E-16, -1.000000000000000000, -4.826954086620630841E-16 ) ) ;
#1906 = EDGE_CURVE ( 'NONE', #1233, #2198, #872, .T. ) ;
#1907 = LINE ( 'NONE', #201, #1598 ) ;
#1908 = AXIS2_PLACEMENT_3D ( 'NONE', #1174, #1829, #1400 ) ;
#1909 = ORIENTED_EDGE ( 'NONE', *, *, #670, .F. ) ;
#1910 = DIRECTION ( 'NONE',  ( 1.616820103726241489E-10, -0.6610534467611748344, -0.7503388171520720684 ) ) ;
#1911 = AXIS2_PLACEMENT_3D ( 'NONE', #1930, #1714, #2582 ) ;
#1912 = EDGE_LOOP ( 'NONE', ( #539, #2089, #81 ) ) ;
#1913 = VERTEX_POINT ( 'NONE', #1768 ) ;
#1914 = CARTESIAN_POINT ( 'NONE',  ( -20.74005084498644891, 47.05879653723760470, 150.5002137902529853 ) ) ;
#1915 = LINE ( 'NONE', #126, #2833 ) ;
#1916 = VECTOR ( 'NONE', #133, 999.9999999999998863 ) ;
#1917 = DIRECTION ( 'NONE',  ( -1.000000000000000000, -2.072567617730755094E-14, -2.154568561781955056E-10 ) ) ;
#1918 = ORIENTED_EDGE ( 'NONE', *, *, #1229, .T. ) ;
#1919 = LINE ( 'NONE', #2150, #556 ) ;
#1920 = CARTESIAN_POINT ( 'NONE',  ( 31.64020750555039641, 56.07998691912454348, 180.7960203475066407 ) ) ;
#1921 = CIRCLE ( 'NONE', #2099, 2.350000000000000089 ) ;
#1922 = AXIS2_PLACEMENT_3D ( 'NONE', #2458, #1356, #1751 ) ;
#1923 = CARTESIAN_POINT ( 'NONE',  ( -22.14005084398580436, 49.49311111228830384, 145.8553105790778091 ) ) ;
#1924 = ORIENTED_EDGE ( 'NONE', *, *, #1301, .T. ) ;
#1925 = ORIENTED_EDGE ( 'NONE', *, *, #245, .F. ) ;
#1926 = DIRECTION ( 'NONE',  ( -1.000000000000000000, -1.196353510771660073E-14, -2.154671845482655042E-10 ) ) ;
#1927 = EDGE_CURVE ( 'NONE', #1840, #1726, #2376, .T. ) ;
#1928 = ORIENTED_EDGE ( 'NONE', *, *, #2616, .T. ) ;
#1929 = DIRECTION ( 'NONE',  ( -0.4842009716429938604, -0.8749568098254797421, -1.043318251713619702E-10 ) ) ;
#1930 = CARTESIAN_POINT ( 'NONE',  ( 34.22855685353280109, 54.55879653723790312, 181.0501160706079986 ) ) ;
#1931 = ORIENTED_EDGE ( 'NONE', *, *, #1111, .F. ) ;
#1932 = CARTESIAN_POINT ( 'NONE',  ( 35.89392025669519626, 47.05910109765319760, 130.0501160709665953 ) ) ;
#1933 = CARTESIAN_POINT ( 'NONE',  ( 17.84386719624970041, 57.32473631731879493, 180.7501160670769877 ) ) ;
#1934 = CARTESIAN_POINT ( 'NONE',  ( -21.94005085029805002, 50.85900246190699647, 175.1500716903475166 ) ) ;
#1935 = DIRECTION ( 'NONE',  ( 2.154674193203711578E-10, 0.000000000000000000, -1.000000000000000000 ) ) ;
#1936 = ORIENTED_EDGE ( 'NONE', *, *, #2683, .F. ) ;
#1937 = DIRECTION ( 'NONE',  ( 2.154668017803219828E-10, 3.118711521203435186E-15, -1.000000000000000000 ) ) ;
#1938 = ORIENTED_EDGE ( 'NONE', *, *, #1250, .T. ) ;
#1939 = DIRECTION ( 'NONE',  ( 1.616692890671340228E-10, -0.6610534467611623999, -0.7503388171520829486 ) ) ;
#1940 = EDGE_CURVE ( 'NONE', #578, #512, #679, .T. ) ;
#1941 = EDGE_CURVE ( 'NONE', #425, #729, #2020, .T. ) ;
#1942 = DIRECTION ( 'NONE',  ( 1.000000000000000000, 1.084552745375810161E-14, 2.154618766314020015E-10 ) ) ;
#1943 = ADVANCED_FACE ( 'NONE', ( #459 ), #2386, .T. ) ;
#1944 = VERTEX_POINT ( 'NONE', #1096 ) ;
#1945 = DIRECTION ( 'NONE',  ( -0.7071067810341890025, -1.482109841618940154E-15, -0.7071067813389060319 ) ) ;
#1946 = CARTESIAN_POINT ( 'NONE',  ( -20.74005084057984760, 62.05879653723759759, 130.0501160587639902 ) ) ;
#1947 = FACE_OUTER_BOUND ( 'NONE', #2785, .T. ) ;
#1948 = AXIS2_PLACEMENT_3D ( 'NONE', #667, #1560, #473 ) ;
#1949 = VERTEX_POINT ( 'NONE', #19 ) ;
#1950 = LINE ( 'NONE', #868, #1359 ) ;
#1951 = AXIS2_PLACEMENT_3D ( 'NONE', #2249, #530, #970 ) ;
#1952 = ORIENTED_EDGE ( 'NONE', *, *, #1607, .F. ) ;
#1953 = CARTESIAN_POINT ( 'NONE',  ( -22.34005084850059930, 51.65921004631099578, 166.8113888591614966 ) ) ;
#1954 = CARTESIAN_POINT ( 'NONE',  ( -22.14005084186185357, 50.85900246190709595, 136.0001160807116207 ) ) ;
#1955 = AXIS2_PLACEMENT_3D ( 'NONE', #2734, #1882, #1257 ) ;
#1956 = EDGE_CURVE ( 'NONE', #1370, #2001, #441, .T. ) ;
#1957 = FACE_OUTER_BOUND ( 'NONE', #335, .T. ) ;
#1958 = CIRCLE ( 'NONE', #174, 2.349999999999990763 ) ;
#1959 = LINE ( 'NONE', #271, #1571 ) ;
#1960 = ADVANCED_FACE ( 'NONE', ( #2175 ), #227, .F. ) ;
#1961 = PLANE ( 'NONE',  #2389 ) ;
#1962 = AXIS2_PLACEMENT_3D ( 'NONE', #1734, #157, #2368 ) ;
#1963 = CIRCLE ( 'NONE', #2321, 0.9999999999999960032 ) ;
#1964 = CIRCLE ( 'NONE', #1288, 2.349999999999999645 ) ;
#1965 = CIRCLE ( 'NONE', #1782, 1.700000000000000178 ) ;
#1966 = VERTEX_POINT ( 'NONE', #1972 ) ;
#1967 = FACE_OUTER_BOUND ( 'NONE', #1101, .T. ) ;
#1968 = EDGE_LOOP ( 'NONE', ( #1663, #1830, #2810, #1428, #1068 ) ) ;
#1969 = CARTESIAN_POINT ( 'NONE',  ( 31.22855685654934987, 54.55879653723790312, 167.0501160634744906 ) ) ;
#1970 = DIRECTION ( 'NONE',  ( 1.000000000000000000, 1.145959620468724049E-14, 2.154666125444959963E-10 ) ) ;
#1971 = DIRECTION ( 'NONE',  ( -1.167290563274113051E-14, 1.000000000000000000, 0.000000000000000000 ) ) ;
#1972 = CARTESIAN_POINT ( 'NONE',  ( 14.64627446816058054, 62.05879653723789602, 180.6075186464349827 ) ) ;
#1973 = CARTESIAN_POINT ( 'NONE',  ( 31.45930111024010500, 56.76661758591789919, 181.0501160700105174 ) ) ;
#1974 = ORIENTED_EDGE ( 'NONE', *, *, #2620, .T. ) ;
#1975 = CARTESIAN_POINT ( 'NONE',  ( 27.02815875539380031, 57.55879653723780365, 129.0501160690562017 ) ) ;
#1976 = ORIENTED_EDGE ( 'NONE', *, *, #208, .F. ) ;
#1977 = CARTESIAN_POINT ( 'NONE',  ( 7.387895253940079954, 54.95626731504329854, 180.4501160648244991 ) ) ;
#1978 = CARTESIAN_POINT ( 'NONE',  ( -21.94005084321944921, 49.05879653723749811, 142.2994946594815815 ) ) ;
#1979 = ORIENTED_EDGE ( 'NONE', *, *, #420, .F. ) ;
#1980 = CARTESIAN_POINT ( 'NONE',  ( -22.14005084850065330, 51.65921004631099578, 166.8113888592044987 ) ) ;
#1981 = CARTESIAN_POINT ( 'NONE',  ( 12.42856338436794061, 48.15879653723800402, 180.4501160659104926 ) ) ;
#1982 = DIRECTION ( 'NONE',  ( -1.616692890671349276E-10, 0.6610533088815695457, 0.7503389386248912052 ) ) ;
#1983 = ORIENTED_EDGE ( 'NONE', *, *, #1784, .T. ) ;
#1984 = EDGE_CURVE ( 'NONE', #1337, #1719, #750, .T. ) ;
#1985 = VERTEX_POINT ( 'NONE', #2021 ) ;
#1986 = DIRECTION ( 'NONE',  ( -1.000000000000000000, -1.177215113793339978E-14, -2.154669931642915075E-10 ) ) ;
#1987 = EDGE_CURVE ( 'NONE', #1949, #574, #2707, .T. ) ;
#1988 = ORIENTED_EDGE ( 'NONE', *, *, #2170, .T. ) ;
#1989 = CYLINDRICAL_SURFACE ( 'NONE', #2323, 0.9999999999999990008 ) ;
#1990 = CARTESIAN_POINT ( 'NONE',  ( -22.14005084894045083, 51.65920973258510429, 168.8506932825594902 ) ) ;
#1991 = DIRECTION ( 'NONE',  ( -1.000000000000000000, -2.074189254804185181E-14, -2.154568377680960074E-10 ) ) ;
#1992 = AXIS2_PLACEMENT_3D ( 'NONE', #352, #2530, #1668 ) ;
#1993 = DIRECTION ( 'NONE',  ( 1.000000000000000000, 1.385881858921682215E-14, 2.154649064971320067E-10 ) ) ;
#1994 = ORIENTED_EDGE ( 'NONE', *, *, #1348, .F. ) ;
#1995 = DIRECTION ( 'NONE',  ( 1.523723277182159218E-10, -0.7071067811865416886, -0.7071067811865532349 ) ) ;
#1996 = EDGE_LOOP ( 'NONE', ( #1467, #1864, #374, #1772 ) ) ;
#1997 = VECTOR ( 'NONE', #1650, 1000.000000000000114 ) ;
#1998 = FACE_OUTER_BOUND ( 'NONE', #1968, .T. ) ;
#1999 = DIRECTION ( 'NONE',  ( -0.6785983446920650364, 0.2810846377148130681, 0.6785983443996320696 ) ) ;
#2000 = EDGE_CURVE ( 'NONE', #138, #995, #53, .T. ) ;
#2001 = VERTEX_POINT ( 'NONE', #2259 ) ;
#2002 = VECTOR ( 'NONE', #397, 1000.000000000000000 ) ;
#2003 = CARTESIAN_POINT ( 'NONE',  ( -20.34005084386304674, 51.65921008091869737, 145.2896251545162158 ) ) ;
#2004 = EDGE_CURVE ( 'NONE', #1395, #1328, #2709, .T. ) ;
#2005 = DIRECTION ( 'NONE',  ( 0.7071067811865435759, 0.7071067811865515695, 1.523601301160534030E-10 ) ) ;
#2006 = DIRECTION ( 'NONE',  ( 1.000000000000000000, 1.196353510771660073E-14, 2.154668017803219828E-10 ) ) ;
#2007 = CARTESIAN_POINT ( 'NONE',  ( 31.22855685374780421, 54.55879653723780365, 180.0521116634310204 ) ) ;
#2008 = CARTESIAN_POINT ( 'NONE',  ( -20.34005084910199912, 52.32026304146680218, 169.6010322215730071 ) ) ;
#2009 = ORIENTED_EDGE ( 'NONE', *, *, #489, .F. ) ;
#2010 = CARTESIAN_POINT ( 'NONE',  ( -20.34005084305769984, 49.39774309039100331, 141.5491558427493715 ) ) ;
#2011 = ORIENTED_EDGE ( 'NONE', *, *, #88, .T. ) ;
#2012 = FACE_OUTER_BOUND ( 'NONE', #1996, .T. ) ;
#2013 = CARTESIAN_POINT ( 'NONE',  ( 34.22855686452160029, 54.55879653723810208, 130.0501160706079986 ) ) ;
#2014 = ORIENTED_EDGE ( 'NONE', *, *, #746, .T. ) ;
#2015 = ADVANCED_FACE ( 'NONE', ( #2473 ), #529, .T. ) ;
#2016 = DIRECTION ( 'NONE',  ( 1.000000000000000000, 1.083724076702820085E-14, 2.154618849188449943E-10 ) ) ;
#2017 = DIRECTION ( 'NONE',  ( -3.025630725514834853E-14, 1.000000000000000000, 1.167749040668367991E-15 ) ) ;
#2018 = EDGE_CURVE ( 'NONE', #2417, #1159, #2759, .T. ) ;
#2019 = EDGE_CURVE ( 'NONE', #2744, #2205, #326, .T. ) ;
#2020 = CIRCLE ( 'NONE', #666, 0.9999999999999982236 ) ;
#2021 = CARTESIAN_POINT ( 'NONE',  ( -21.94005084407894657, 50.05879653723749811, 146.2896251541716026 ) ) ;
#2022 = EDGE_CURVE ( 'NONE', #1616, #729, #109, .T. ) ;
#2023 = LINE ( 'NONE', #1217, #1453 ) ;
#2024 = ORIENTED_EDGE ( 'NONE', *, *, #314, .T. ) ;
#2025 = ORIENTED_EDGE ( 'NONE', *, *, #1457, .T. ) ;
#2026 = LINE ( 'NONE', #2689, #2823 ) ;
#2027 = DIRECTION ( 'NONE',  ( -1.000000000000000000, -1.196353510871336119E-14, -2.154668017803219828E-10 ) ) ;
#2028 = ORIENTED_EDGE ( 'NONE', *, *, #2335, .T. ) ;
#2029 = CARTESIAN_POINT ( 'NONE',  ( 0.000000000000000000, 0.000000000000000000, 0.000000000000000000 ) ) ;
#2030 = ORIENTED_EDGE ( 'NONE', *, *, #2688, .F. ) ;
#2031 = DIRECTION ( 'NONE',  ( -1.000000000000000000, -1.196353510771660073E-14, -2.154668017803219828E-10 ) ) ;
#2032 = CARTESIAN_POINT ( 'NONE',  ( -22.14005084309020432, 49.52995377982860248, 141.6992236057170089 ) ) ;
#2033 = EDGE_CURVE ( 'NONE', #351, #1944, #2665, .T. ) ;
#2034 = LINE ( 'NONE', #110, #1177 ) ;
#2035 = ORIENTED_EDGE ( 'NONE', *, *, #1815, .F. ) ;
#2036 = ADVANCED_FACE ( 'NONE', ( #2444, #1901, #860 ), #608, .F. ) ;
#2037 = CARTESIAN_POINT ( 'NONE',  ( -20.74005085148224836, 47.05879653723749811, 180.6501160587639845 ) ) ;
#2038 = DIRECTION ( 'NONE',  ( 1.616692890671340228E-10, -0.6610534467611623999, -0.7503388171520829486 ) ) ;
#2039 = CARTESIAN_POINT ( 'NONE',  ( -22.14005084906970211, 49.52995377982849590, 169.4509641652989842 ) ) ;
#2040 = VECTOR ( 'NONE', #1986, 1000.000000000000000 ) ;
#2041 = CARTESIAN_POINT ( 'NONE',  ( -20.34005084834829802, 49.35168975605099462, 166.1042820784059870 ) ) ;
#2042 = AXIS2_PLACEMENT_3D ( 'NONE', #1131, #26, #1778 ) ;
#2043 = ORIENTED_EDGE ( 'NONE', *, *, #674, .T. ) ;
#2044 = VECTOR ( 'NONE', #1019, 1000.000000000000000 ) ;
#2045 = FACE_BOUND ( 'NONE', #2148, .T. ) ;
#2046 = ORIENTED_EDGE ( 'NONE', *, *, #1316, .T. ) ;
#2047 = VECTOR ( 'NONE', #713, 1000.000000000000000 ) ;
#2048 = AXIS2_PLACEMENT_3D ( 'NONE', #1953, #1292, #2145 ) ;
#2049 = LINE ( 'NONE', #97, #2260 ) ;
#2050 = EDGE_CURVE ( 'NONE', #973, #647, #1915, .T. ) ;
#2051 = ORIENTED_EDGE ( 'NONE', *, *, #1836, .F. ) ;
#2052 = CARTESIAN_POINT ( 'NONE',  ( -20.34005085156859849, 47.85879653723750238, 181.0501160588505059 ) ) ;
#2053 = CARTESIAN_POINT ( 'NONE',  ( -20.34005085143925129, 63.29849398447459663, 180.4501160588499999 ) ) ;
#2054 = EDGE_CURVE ( 'NONE', #1290, #2081, #1014, .T. ) ;
#2055 = LINE ( 'NONE', #1022, #2825 ) ;
#2056 = CARTESIAN_POINT ( 'NONE',  ( -21.94005084894039825, 49.05879653723739864, 168.8506931116205010 ) ) ;
#2057 = ORIENTED_EDGE ( 'NONE', *, *, #1758, .T. ) ;
#2058 = DIRECTION ( 'NONE',  ( 1.000000000000000000, 5.920378534056230124E-15, 2.154674193203710028E-10 ) ) ;
#2059 = CARTESIAN_POINT ( 'NONE',  ( -22.14005084906975185, 52.18805237969030486, 169.4509644334594896 ) ) ;
#2060 = EDGE_LOOP ( 'NONE', ( #1918, #557, #2827, #233 ) ) ;
#2061 = DIRECTION ( 'NONE',  ( 0.7071067811865119346, 0.7071067811865747732, 1.089334509444929598E-07 ) ) ;
#2062 = VECTOR ( 'NONE', #696, 1000.000000000000000 ) ;
#2063 = LINE ( 'NONE', #1856, #1859 ) ;
#2064 = VERTEX_POINT ( 'NONE', #796 ) ;
#2065 = CARTESIAN_POINT ( 'NONE',  ( -20.34005085148224623, 47.45879653723749669, 180.6501160588500170 ) ) ;
#2066 = CARTESIAN_POINT ( 'NONE',  ( -20.34005084850059930, 49.05879653723749811, 166.8113888595919718 ) ) ;
#2067 = DIRECTION ( 'NONE',  ( -1.000000000000000000, -1.233243135013220092E-14, -2.154663830588584948E-10 ) ) ;
#2068 = FACE_OUTER_BOUND ( 'NONE', #2712, .T. ) ;
#2069 = CARTESIAN_POINT ( 'NONE',  ( -34.96210474511200061, 54.95626731504270168, 176.0501160557000162 ) ) ;
#2070 = EDGE_CURVE ( 'NONE', #2105, #1596, #1509, .T. ) ;
#2071 = ORIENTED_EDGE ( 'NONE', *, *, #510, .T. ) ;
#2072 = DIRECTION ( 'NONE',  ( 0.000000000000000000, -1.000000000000000000, -9.867515268772460563E-15 ) ) ;
#2073 = EDGE_LOOP ( 'NONE', ( #2266, #2516, #422, #1470 ) ) ;
#2074 = ADVANCED_FACE ( 'NONE', ( #2302 ), #141, .T. ) ;
#2075 = ORIENTED_EDGE ( 'NONE', *, *, #457, .F. ) ;
#2076 = VECTOR ( 'NONE', #2138, 999.9999999999998863 ) ;
#2077 = DIRECTION ( 'NONE',  ( -1.206764157201257459E-14, 1.000000000000000000, 0.000000000000000000 ) ) ;
#2078 = ORIENTED_EDGE ( 'NONE', *, *, #2412, .F. ) ;
#2079 = CIRCLE ( 'NONE', #262, 0.9999999999999960032 ) ;
#2080 = CARTESIAN_POINT ( 'NONE',  ( 30.35824465900650182, 59.42480300285180306, 182.1511725207700181 ) ) ;
#2081 = VERTEX_POINT ( 'NONE', #2200 ) ;
#2082 = CARTESIAN_POINT ( 'NONE',  ( -20.34005084066609825, 49.42998018855109876, 130.4501160588501989 ) ) ;
#2083 = CARTESIAN_POINT ( 'NONE',  ( -11.14005084186151961, 50.85900246190729490, 136.0001160608319992 ) ) ;
#2084 = VECTOR ( 'NONE', #1312, 1000.000000000000000 ) ;
#2085 = ORIENTED_EDGE ( 'NONE', *, *, #1266, .T. ) ;
#2086 = CONICAL_SURFACE ( 'NONE', #881, 0.7999999999999982681, 0.7853981633974843612 ) ;
#2087 = DIRECTION ( 'NONE',  ( -1.000000000000000000, -4.195613967466710098E-15, -2.154579846794530031E-10 ) ) ;
#2088 = SHAPE_DEFINITION_REPRESENTATION ( #1480, #1247 ) ;
#2089 = ORIENTED_EDGE ( 'NONE', *, *, #103, .T. ) ;
#2090 = EDGE_LOOP ( 'NONE', ( #740, #702, #886, #1514 ) ) ;
#2091 = AXIS2_PLACEMENT_3D ( 'NONE', #1448, #974, #329 ) ;
#2092 = ADVANCED_FACE ( 'NONE', ( #468 ), #86, .T. ) ;
#2093 = VECTOR ( 'NONE', #1100, 1000.000000000000000 ) ;
#2094 = VECTOR ( 'NONE', #2652, 1000.000000000000000 ) ;
#2095 = DIRECTION ( 'NONE',  ( 5.981767554496220624E-15, -1.000000000000000000, -2.960594731044800307E-15 ) ) ;
#2096 = ORIENTED_EDGE ( 'NONE', *, *, #893, .F. ) ;
#2097 = CARTESIAN_POINT ( 'NONE',  ( 21.94981285178874941, 49.31134967413879622, 182.9026692048625193 ) ) ;
#2098 = LINE ( 'NONE', #1205, #885 ) ;
#2099 = AXIS2_PLACEMENT_3D ( 'NONE', #1378, #1816, #1191 ) ;
#2100 = DIRECTION ( 'NONE',  ( -0.7071067814466389656, -0.7071067809264560688, 0.000000000000000000 ) ) ;
#2101 = DIRECTION ( 'NONE',  ( 5.920378534730670699E-15, -1.000000000000000000, -3.130144284351035327E-15 ) ) ;
#2102 = LINE ( 'NONE', #148, #2549 ) ;
#2103 = ORIENTED_EDGE ( 'NONE', *, *, #142, .T. ) ;
#2104 = CARTESIAN_POINT ( 'NONE',  ( -22.34005084894040039, 49.45879653723739722, 168.8506931115344969 ) ) ;
#2105 = VERTEX_POINT ( 'NONE', #2146 ) ;
#2106 = VERTEX_POINT ( 'NONE', #1093 ) ;
#2107 = EDGE_CURVE ( 'NONE', #1183, #2296, #40, .T. ) ;
#2108 = DIRECTION ( 'NONE',  ( -2.154696345837579945E-10, -2.960594732333690164E-15, 1.000000000000000000 ) ) ;
#2109 = ORIENTED_EDGE ( 'NONE', *, *, #903, .T. ) ;
#2110 = EDGE_CURVE ( 'NONE', #136, #1454, #1540, .T. ) ;
#2111 = DIRECTION ( 'NONE',  ( -1.167290563274113051E-14, 1.000000000000000000, 0.000000000000000000 ) ) ;
#2112 = DIRECTION ( 'NONE',  ( -2.154668017784785592E-10, -1.538396673515190333E-07, 0.9999999999999882316 ) ) ;
#2113 = ORIENTED_EDGE ( 'NONE', *, *, #1870, .T. ) ;
#2114 = EDGE_LOOP ( 'NONE', ( #1045, #222, #44, #2697 ) ) ;
#2115 = CARTESIAN_POINT ( 'NONE',  ( -22.34005084837205146, 51.65921004631099578, 166.2113888591615023 ) ) ;
#2116 = ORIENTED_EDGE ( 'NONE', *, *, #2190, .T. ) ;
#2117 = CARTESIAN_POINT ( 'NONE',  ( -21.94005084321949894, 51.65920965118880304, 142.2994944988386123 ) ) ;
#2118 = CARTESIAN_POINT ( 'NONE',  ( -22.14005085029809905, 50.85900246190699647, 175.1500716903045145 ) ) ;
#2119 = ORIENTED_EDGE ( 'NONE', *, *, #100, .F. ) ;
#2120 = ADVANCED_FACE ( 'NONE', ( #3 ), #1121, .T. ) ;
#2121 = CARTESIAN_POINT ( 'NONE',  ( -22.34005084309094968, 51.58359952306770424, 141.7042776403503979 ) ) ;
#2122 = DIRECTION ( 'NONE',  ( 0.7071067811865485719, -0.7071067811865465735, 1.523583073172488804E-10 ) ) ;
#2123 = ADVANCED_FACE ( 'NONE', ( #692 ), #2179, .F. ) ;
#2124 = CARTESIAN_POINT ( 'NONE',  ( 7.387895254888120711, 54.95626731504329854, 176.0501160648250050 ) ) ;
#2125 = AXIS2_PLACEMENT_3D ( 'NONE', #1843, #2696, #2077 ) ;
#2126 = ORIENTED_EDGE ( 'NONE', *, *, #1206, .F. ) ;
#2127 = PLANE ( 'NONE',  #1458 ) ;
#2128 = VECTOR ( 'NONE', #2006, 1000.000000000000000 ) ;
#2129 = ORIENTED_EDGE ( 'NONE', *, *, #1146, .F. ) ;
#2130 = VECTOR ( 'NONE', #1708, 1000.000000000000000 ) ;
#2131 = ORIENTED_EDGE ( 'NONE', *, *, #205, .T. ) ;
#2132 = DIRECTION ( 'NONE',  ( -1.000000000000000000, -1.798091108890235166E-14, -2.154599716657554769E-10 ) ) ;
#2133 = VECTOR ( 'NONE', #1666, 1000.000000000000000 ) ;
#2134 = DIRECTION ( 'NONE',  ( -1.000000000000000000, -5.920378534056230124E-15, -2.154668017803219828E-10 ) ) ;
#2135 = VERTEX_POINT ( 'NONE', #1134 ) ;
#2136 = CARTESIAN_POINT ( 'NONE',  ( -21.94005084915394832, 51.53319283956490438, 169.8427213783105003 ) ) ;
#2137 = VECTOR ( 'NONE', #2005, 1000.000000000000000 ) ;
#2138 = DIRECTION ( 'NONE',  ( 0.7071067811865560104, -0.7071067811865391350, 1.523583073172505089E-10 ) ) ;
#2139 = CARTESIAN_POINT ( 'NONE',  ( -20.34005084915394690, 51.53319283956499675, 169.8427213786549999 ) ) ;
#2140 = EDGE_CURVE ( 'NONE', #1876, #1805, #2786, .T. ) ;
#2141 = ADVANCED_FACE ( 'NONE', ( #927 ), #889, .T. ) ;
#2142 = ORIENTED_EDGE ( 'NONE', *, *, #1129, .T. ) ;
#2143 =( LENGTH_UNIT ( ) NAMED_UNIT ( * ) SI_UNIT ( .MILLI., .METRE. ) );
#2144 = ORIENTED_EDGE ( 'NONE', *, *, #170, .T. ) ;
#2145 = DIRECTION ( 'NONE',  ( 1.523549804834582217E-10, 0.7071068355770941949, -0.7071067267959967317 ) ) ;
#2146 = CARTESIAN_POINT ( 'NONE',  ( -21.94005084401634775, 49.35168975596469920, 145.9967319352720097 ) ) ;
#2147 = DIRECTION ( 'NONE',  ( 1.000000000000000000, 1.145959620468724049E-14, 2.154666125444959963E-10 ) ) ;
#2148 = EDGE_LOOP ( 'NONE', ( #2447, #601 ) ) ;
#2149 = DIRECTION ( 'NONE',  ( 2.154812276323944992E-10, 2.960594732334085383E-15, -1.000000000000000000 ) ) ;
#2150 = CARTESIAN_POINT ( 'NONE',  ( -20.34005084828564947, 50.05879653723749811, 165.8113888595919718 ) ) ;
#2151 = CARTESIAN_POINT ( 'NONE',  ( -21.94005084186179744, 50.85900246190709595, 136.0001160807545943 ) ) ;
#2152 = DIRECTION ( 'NONE',  ( -1.000000000000000000, -1.181088324069315408E-14, -2.154659429599652055E-10 ) ) ;
#2153 = VERTEX_POINT ( 'NONE', #1331 ) ;
#2154 = DIRECTION ( 'NONE',  ( -1.193256907044081619E-14, 0.9999999999999896749, -1.437160482239676907E-07 ) ) ;
#2155 = EDGE_CURVE ( 'NONE', #1472, #578, #707, .T. ) ;
#2156 = EDGE_LOOP ( 'NONE', ( #244, #1903, #1270, #1855 ) ) ;
#2157 = EDGE_CURVE ( 'NONE', #2355, #2597, #196, .T. ) ;
#2158 = DIRECTION ( 'NONE',  ( 1.000000000000000000, 0.000000000000000000, 2.154787653683454847E-10 ) ) ;
#2159 = CYLINDRICAL_SURFACE ( 'NONE', #128, 0.9999999999999982236 ) ;
#2160 = CARTESIAN_POINT ( 'NONE',  ( -22.34005084874830160, 50.85900336869399752, 167.9617148677894818 ) ) ;
#2161 = DIRECTION ( 'NONE',  ( 1.523694365124226443E-10, -0.7071067811865302533, -0.7071067811865648922 ) ) ;
#2162 = CARTESIAN_POINT ( 'NONE',  ( -20.34005084401539776, 52.36631691283040624, 145.9967318849776063 ) ) ;
#2163 = AXIS2_PLACEMENT_3D ( 'NONE', #1078, #403, #1063 ) ;
#2164 = CARTESIAN_POINT ( 'NONE',  ( -22.34005084850059930, 52.25921004631099720, 166.8113889514654886 ) ) ;
#2165 = EDGE_LOOP ( 'NONE', ( #2395, #2250, #2028, #563 ) ) ;
#2166 = PLANE ( 'NONE',  #1500 ) ;
#2167 = VECTOR ( 'NONE', #957, 1000.000000000000000 ) ;
#2168 = EDGE_LOOP ( 'NONE', ( #856, #1116, #748, #1602 ) ) ;
#2169 =( GEOMETRIC_REPRESENTATION_CONTEXT ( 3 ) GLOBAL_UNCERTAINTY_ASSIGNED_CONTEXT ( ( #1041 ) ) GLOBAL_UNIT_ASSIGNED_CONTEXT ( ( #2143, #672, #1054 ) ) REPRESENTATION_CONTEXT ( 'NONE', 'WORKASPACE' ) );
#2170 = EDGE_CURVE ( 'NONE', #2106, #425, #2398, .T. ) ;
#2171 = CARTESIAN_POINT ( 'NONE',  ( -20.34005084321950108, 50.05879653723760470, 142.2994946598261947 ) ) ;
#2172 = CARTESIAN_POINT ( 'NONE',  ( 7.387895256320289761, 54.95626731504329854, 169.4033123216715069 ) ) ;
#2173 = LINE ( 'NONE', #440, #544 ) ;
#2174 = AXIS2_PLACEMENT_3D ( 'NONE', #1380, #1326, #2184 ) ;
#2175 = FACE_OUTER_BOUND ( 'NONE', #2168, .T. ) ;
#2176 = VECTOR ( 'NONE', #363, 1000.000000000000114 ) ;
#2177 = FACE_OUTER_BOUND ( 'NONE', #343, .T. ) ;
#2178 = AXIS2_PLACEMENT_3D ( 'NONE', #2732, #1439, #1862 ) ;
#2179 = CONICAL_SURFACE ( 'NONE', #2363, 5.549999999999998934, 0.7853981633974511656 ) ;
#2180 = VERTEX_POINT ( 'NONE', #1317 ) ;
#2181 = CARTESIAN_POINT ( 'NONE',  ( -20.34005084101374905, 46.24438836289439791, 132.0645242331931968 ) ) ;
#2182 = AXIS2_PLACEMENT_3D ( 'NONE', #1149, #2636, #286 ) ;
#2183 = ORIENTED_EDGE ( 'NONE', *, *, #567, .T. ) ;
#2184 = DIRECTION ( 'NONE',  ( 1.000000000000000000, 3.006854025026462896E-14, 2.154665335041270746E-10 ) ) ;
#2185 = DIRECTION ( 'NONE',  ( -1.000000000000000000, -5.920378534056230124E-15, -2.154674193203710028E-10 ) ) ;
#2186 = ORIENTED_EDGE ( 'NONE', *, *, #11, .T. ) ;
#2187 = DIRECTION ( 'NONE',  ( -1.523642323419950758E-10, 0.7071068319978452976, 0.7071067303752460731 ) ) ;
#2188 = FACE_OUTER_BOUND ( 'NONE', #68, .T. ) ;
#2189 = LINE ( 'NONE', #1572, #944 ) ;
#2190 = EDGE_CURVE ( 'NONE', #1637, #1070, #663, .T. ) ;
#2191 = PLANE ( 'NONE',  #1313 ) ;
#2192 = ORIENTED_EDGE ( 'NONE', *, *, #1890, .T. ) ;
#2193 = DIRECTION ( 'NONE',  ( -1.000000000000000000, -2.072567617730755094E-14, -2.154568561781955056E-10 ) ) ;
#2194 = ADVANCED_FACE ( 'NONE', ( #297 ), #2460, .T. ) ;
#2195 = ORIENTED_EDGE ( 'NONE', *, *, #2050, .F. ) ;
#2196 = CARTESIAN_POINT ( 'NONE',  ( -12.97184124482160072, 52.55879653723780365, 129.0501160604374036 ) ) ;
#2197 = DIRECTION ( 'NONE',  ( 2.154668017784785592E-10, 1.538396673515190333E-07, -0.9999999999999882316 ) ) ;
#2198 = VERTEX_POINT ( 'NONE', #515 ) ;
#2199 = CARTESIAN_POINT ( 'NONE',  ( -21.94005084386400029, 50.05879653723749811, 145.2896251541716310 ) ) ;
#2200 = CARTESIAN_POINT ( 'NONE',  ( -20.34005084321944778, 49.05879653723760470, 142.2994946598261947 ) ) ;
#2201 = DIRECTION ( 'NONE',  ( 1.000000000000000000, 1.385129692307098091E-14, 2.154690723100859854E-10 ) ) ;
#2202 = DIRECTION ( 'NONE',  ( 1.523589163517615012E-10, -0.7071067811865400232, -0.7071067811865550112 ) ) ;
#2203 = CARTESIAN_POINT ( 'NONE',  ( -20.34005084894044657, 52.65920973258510429, 168.8506934367874806 ) ) ;
#2204 = EDGE_CURVE ( 'NONE', #1030, #729, #1173, .T. ) ;
#2205 = VERTEX_POINT ( 'NONE', #1387 ) ;
#2206 = CARTESIAN_POINT ( 'NONE',  ( -20.34005084894040039, 50.05879653723749811, 168.8506931119650289 ) ) ;
#2207 = VERTEX_POINT ( 'NONE', #1638 ) ;
#2208 = EDGE_CURVE ( 'NONE', #908, #1876, #2246, .T. ) ;
#2209 = CARTESIAN_POINT ( 'NONE',  ( -20.34005084386399886, 50.05879653723760470, 145.2896251545162158 ) ) ;
#2210 = DIRECTION ( 'NONE',  ( 2.154812276323944992E-10, 2.960594732334085383E-15, -1.000000000000000000 ) ) ;
#2211 = VERTEX_POINT ( 'NONE', #2666 ) ;
#2212 = CARTESIAN_POINT ( 'NONE',  ( -20.74005084075244909, 47.45879653723759617, 130.8501160587639731 ) ) ;
#2213 = MECHANICAL_DESIGN_GEOMETRIC_PRESENTATION_REPRESENTATION (  '', ( #2821 ), #2169 ) ;
#2214 = VECTOR ( 'NONE', #1875, 1000.000000000000000 ) ;
#2215 = CARTESIAN_POINT ( 'NONE',  ( -20.34005084321950108, 51.65920965118890251, 142.2994944991831971 ) ) ;
#2216 = AXIS2_PLACEMENT_3D ( 'NONE', #2536, #1942, #184 ) ;
#2217 = VECTOR ( 'NONE', #1223, 1000.000000000000114 ) ;
#2218 = CIRCLE ( 'NONE', #1634, 0.5999999999999927613 ) ;
#2219 = CARTESIAN_POINT ( 'NONE',  ( -21.14005084066624818, 62.05879653723759759, 130.4501160586773949 ) ) ;
#2220 = VERTEX_POINT ( 'NONE', #966 ) ;
#2221 = CARTESIAN_POINT ( 'NONE',  ( -20.74005085156874983, 62.05879653723749811, 181.0501160587645018 ) ) ;
#2222 = CIRCLE ( 'NONE', #2042, 0.9999999999999982236 ) ;
#2223 = DIRECTION ( 'NONE',  ( 1.000000000000000000, 1.167290563274112104E-14, 2.154668017803219828E-10 ) ) ;
#2224 = EDGE_LOOP ( 'NONE', ( #2235, #2694, #2735, #799 ) ) ;
#2225 = AXIS2_PLACEMENT_3D ( 'NONE', #2623, #2830, #32 ) ;
#2226 = CARTESIAN_POINT ( 'NONE',  ( -22.34005084399259999, 51.65921008091859790, 145.8896251540852234 ) ) ;
#2227 = DIRECTION ( 'NONE',  ( -2.154635164518530048E-10, 0.000000000000000000, 1.000000000000000000 ) ) ;
#2228 = AXIS2_PLACEMENT_3D ( 'NONE', #241, #20, #1769 ) ;
#2229 = EDGE_CURVE ( 'NONE', #160, #1840, #1610, .T. ) ;
#2230 = EDGE_CURVE ( 'NONE', #2180, #231, #1396, .T. ) ;
#2231 = ORIENTED_EDGE ( 'NONE', *, *, #11, .F. ) ;
#2232 = AXIS2_PLACEMENT_3D ( 'NONE', #2206, #2193, #446 ) ;
#2233 = VECTOR ( 'NONE', #2775, 1000.000000000000000 ) ;
#2234 = LINE ( 'NONE', #31, #2094 ) ;
#2235 = ORIENTED_EDGE ( 'NONE', *, *, #1621, .T. ) ;
#2236 = EDGE_CURVE ( 'NONE', #946, #1913, #2695, .T. ) ;
#2237 = DIRECTION ( 'NONE',  ( 1.000000000000000000, 5.920378534056230124E-15, 2.154674193203710028E-10 ) ) ;
#2238 = ORIENTED_EDGE ( 'NONE', *, *, #2033, .T. ) ;
#2239 = ORIENTED_EDGE ( 'NONE', *, *, #800, .T. ) ;
#2240 = DIRECTION ( 'NONE',  ( 2.154668017794085428E-10, 1.538396673515190333E-07, -0.9999999999999882316 ) ) ;
#2241 = CYLINDRICAL_SURFACE ( 'NONE', #691, 5.350000000000000533 ) ;
#2242 = ORIENTED_EDGE ( 'NONE', *, *, #2586, .T. ) ;
#2243 = CARTESIAN_POINT ( 'NONE',  ( -22.34005084894045012, 52.25920973258499913, 168.8506933748205086 ) ) ;
#2244 = ADVANCED_FACE ( 'NONE', ( #2045, #1373, #2258, #749, #94 ), #954, .T. ) ;
#2245 = ORIENTED_EDGE ( 'NONE', *, *, #489, .T. ) ;
#2246 = LINE ( 'NONE', #2059, #1873 ) ;
#2247 = EDGE_CURVE ( 'NONE', #1047, #1075, #309, .T. ) ;
#2248 = AXIS2_PLACEMENT_3D ( 'NONE', #2160, #213, #1334 ) ;
#2249 = CARTESIAN_POINT ( 'NONE',  ( 14.64627447159047868, 56.27623697862659924, 164.6893924084819787 ) ) ;
#2250 = ORIENTED_EDGE ( 'NONE', *, *, #2110, .T. ) ;
#2251 = FACE_OUTER_BOUND ( 'NONE', #1296, .T. ) ;
#2252 = LINE ( 'NONE', #345, #501 ) ;
#2253 = DIRECTION ( 'NONE',  ( 1.000000000000000000, 4.212913244181519996E-15, 2.154580043185284966E-10 ) ) ;
#2254 = CARTESIAN_POINT ( 'NONE',  ( 31.22855685374780421, 54.55879653723780365, 180.0521116634310204 ) ) ;
#2255 = DIRECTION ( 'NONE',  ( 0.7071067811865485719, -0.7071067811865465735, 1.523583073172488804E-10 ) ) ;
#2256 = EDGE_LOOP ( 'NONE', ( #2285, #526, #1491, #107 ) ) ;
#2257 = ORIENTED_EDGE ( 'NONE', *, *, #1067, .T. ) ;
#2258 = FACE_BOUND ( 'NONE', #1897, .T. ) ;
#2259 = CARTESIAN_POINT ( 'NONE',  ( -21.94005084850059717, 49.05879653723739864, 166.8113888592474723 ) ) ;
#2260 = VECTOR ( 'NONE', #2710, 1000.000000000000000 ) ;
#2261 = EDGE_CURVE ( 'NONE', #2669, #75, #982, .T. ) ;
#2262 = CARTESIAN_POINT ( 'NONE',  ( 27.02815875496289877, 57.55879653723780365, 130.0501160690564006 ) ) ;
#2263 = PRESENTATION_LAYER_ASSIGNMENT (  '', '', ( #2821 ) ) ;
#2264 = ORIENTED_EDGE ( 'NONE', *, *, #1823, .F. ) ;
#2265 = DIRECTION ( 'NONE',  ( 1.000000000000000000, 2.154787653154324987E-10, 0.000000000000000000 ) ) ;
#2266 = ORIENTED_EDGE ( 'NONE', *, *, #1141, .T. ) ;
#2267 = DIRECTION ( 'NONE',  ( -1.000000000000000000, -5.920378534056230124E-15, -2.154668017803219828E-10 ) ) ;
#2268 = LINE ( 'NONE', #2294, #552 ) ;
#2269 = VERTEX_POINT ( 'NONE', #1839 ) ;
#2270 = DIRECTION ( 'NONE',  ( -0.02722022634646585615, 0.9996294609892443228, -5.858700493916433090E-12 ) ) ;
#2271 = VERTEX_POINT ( 'NONE', #2705 ) ;
#2272 = AXIS2_PLACEMENT_3D ( 'NONE', #575, #1658, #1445 ) ;
#2273 = DIRECTION ( 'NONE',  ( -0.8164965810521258582, -6.543268996529048803E-15, 0.5773502690136980142 ) ) ;
#2274 = EDGE_LOOP ( 'NONE', ( #2276, #2578, #1342, #2051, #1425 ) ) ;
#2275 = LINE ( 'NONE', #327, #357 ) ;
#2276 = ORIENTED_EDGE ( 'NONE', *, *, #1234, .T. ) ;
#2277 = ADVANCED_FACE ( 'NONE', ( #765 ), #2483, .T. ) ;
#2278 = PLANE ( 'NONE',  #1826 ) ;
#2279 = DIRECTION ( 'NONE',  ( 1.523642323419954636E-10, -0.7071067811865475727, -0.7071067811865475727 ) ) ;
#2280 = CARTESIAN_POINT ( 'NONE',  ( -20.74005084066610038, 47.85879653723760185, 130.4501160587639959 ) ) ;
#2281 = EDGE_CURVE ( 'NONE', #946, #1233, #1547, .T. ) ;
#2282 = DIRECTION ( 'NONE',  ( 0.000000000000000000, -1.000000000000000000, -3.516589263990355416E-15 ) ) ;
#2283 = ORIENTED_EDGE ( 'NONE', *, *, #1984, .T. ) ;
#2284 = CARTESIAN_POINT ( 'NONE',  ( -22.34005084386405215, 52.25921008091859932, 145.2896250678564058 ) ) ;
#2285 = ORIENTED_EDGE ( 'NONE', *, *, #1730, .T. ) ;
#2286 = ORIENTED_EDGE ( 'NONE', *, *, #2838, .T. ) ;
#2287 = VECTOR ( 'NONE', #1754, 1000.000000000000000 ) ;
#2288 = LINE ( 'NONE', #782, #491 ) ;
#2289 = ORIENTED_EDGE ( 'NONE', *, *, #1082, .F. ) ;
#2290 = PLANE ( 'NONE',  #1105 ) ;
#2291 = EDGE_CURVE ( 'NONE', #2135, #2299, #178, .T. ) ;
#2292 = CARTESIAN_POINT ( 'NONE',  ( -20.34005084850059930, 50.05879653723749811, 166.8113888595919718 ) ) ;
#2293 = LINE ( 'NONE', #347, #2217 ) ;
#2294 = CARTESIAN_POINT ( 'NONE',  ( -22.34005084386399886, 49.45879653723749669, 145.2896251540854280 ) ) ;
#2295 = EDGE_CURVE ( 'NONE', #2410, #1966, #2499, .T. ) ;
#2296 = VERTEX_POINT ( 'NONE', #152 ) ;
#2297 = PLANE ( 'NONE',  #221 ) ;
#2298 = APPLICATION_PROTOCOL_DEFINITION ( 'draft international standard', 'automotive_design', 1998, #243 ) ;
#2299 = VERTEX_POINT ( 'NONE', #1471 ) ;
#2300 = ORIENTED_EDGE ( 'NONE', *, *, #2295, .F. ) ;
#2301 = VECTOR ( 'NONE', #1705, 1000.000000000000000 ) ;
#2302 = FACE_OUTER_BOUND ( 'NONE', #353, .T. ) ;
#2303 = VECTOR ( 'NONE', #1137, 1000.000000000000000 ) ;
#2304 = FACE_OUTER_BOUND ( 'NONE', #671, .T. ) ;
#2305 = ORIENTED_EDGE ( 'NONE', *, *, #1348, .T. ) ;
#2306 = VECTOR ( 'NONE', #2324, 1000.000000000000000 ) ;
#2307 = CARTESIAN_POINT ( 'NONE',  ( 35.92855685654939180, 54.55879653723799549, 167.0501160644869856 ) ) ;
#2308 = ORIENTED_EDGE ( 'NONE', *, *, #28, .F. ) ;
#2309 = CARTESIAN_POINT ( 'NONE',  ( -20.34005085080339725, 50.85900246190709595, 177.5000716684425015 ) ) ;
#2310 = LINE ( 'NONE', #2041, #85 ) ;
#2311 = AXIS2_PLACEMENT_3D ( 'NONE', #2209, #1593, #1806 ) ;
#2312 = EDGE_CURVE ( 'NONE', #488, #129, #842, .T. ) ;
#2313 = VECTOR ( 'NONE', #2270, 1000.000000000000114 ) ;
#2314 = ORIENTED_EDGE ( 'NONE', *, *, #1814, .T. ) ;
#2315 = DIRECTION ( 'NONE',  ( 1.523622229993079874E-10, -0.7071067811862880026, -0.7071067811868070319 ) ) ;
#2316 = ORIENTED_EDGE ( 'NONE', *, *, #1210, .T. ) ;
#2317 = ADVANCED_FACE ( 'NONE', ( #2564 ), #1044, .T. ) ;
#2318 = ADVANCED_FACE ( 'NONE', ( #587 ), #1898, .F. ) ;
#2319 = VERTEX_POINT ( 'NONE', #2515 ) ;
#2320 = CIRCLE ( 'NONE', #1779, 0.9999999999999974465 ) ;
#2321 = AXIS2_PLACEMENT_3D ( 'NONE', #741, #1433, #1615 ) ;
#2322 = EDGE_CURVE ( 'NONE', #1454, #1379, #1416, .T. ) ;
#2323 = AXIS2_PLACEMENT_3D ( 'NONE', #61, #1330, #2187 ) ;
#2324 = DIRECTION ( 'NONE',  ( -1.523667668140529916E-10, 0.7071067811865550112, 0.7071067811865400232 ) ) ;
#2325 = ORIENTED_EDGE ( 'NONE', *, *, #1230, .F. ) ;
#2326 = DIRECTION ( 'NONE',  ( 1.196353510896496049E-14, -1.000000000000000000, -1.167749044609801853E-15 ) ) ;
#2327 = FACE_OUTER_BOUND ( 'NONE', #1534, .T. ) ;
#2328 = DIRECTION ( 'NONE',  ( -1.000000000000000000, -1.233243135013220092E-14, -2.154663830588584948E-10 ) ) ;
#2329 = EDGE_LOOP ( 'NONE', ( #1304, #794, #1215, #829 ) ) ;
#2330 = CARTESIAN_POINT ( 'NONE',  ( 37.22855685654934632, 54.55879653723810208, 167.0501160647675079 ) ) ;
#2331 = VERTEX_POINT ( 'NONE', #2545 ) ;
#2332 = ORIENTED_EDGE ( 'NONE', *, *, #516, .T. ) ;
#2333 = EDGE_CURVE ( 'NONE', #136, #802, #1284, .T. ) ;
#2334 = FACE_OUTER_BOUND ( 'NONE', #1142, .T. ) ;
#2335 = EDGE_CURVE ( 'NONE', #1454, #1633, #411, .T. ) ;
#2336 = CARTESIAN_POINT ( 'NONE',  ( 27.02815875496294851, 51.55879653723779654, 130.0501160690564006 ) ) ;
#2337 = ORIENTED_EDGE ( 'NONE', *, *, #1067, .F. ) ;
#2338 = CARTESIAN_POINT ( 'NONE',  ( -22.34005084312249778, 52.05584164170520012, 141.8492911401478125 ) ) ;
#2339 = VECTOR ( 'NONE', #240, 1000.000000000000000 ) ;
#2340 = CARTESIAN_POINT ( 'NONE',  ( -4.459593776399469967, 75.38210522322009410, 180.4501160622714906 ) ) ;
#2341 = CARTESIAN_POINT ( 'NONE',  ( 5.037895256320289228, 54.95626731504329854, 169.4033123211649752 ) ) ;
#2342 = VERTEX_POINT ( 'NONE', #1629 ) ;
#2343 = LINE ( 'NONE', #1748, #2084 ) ;
#2344 = VERTEX_POINT ( 'NONE', #303 ) ;
#2345 = ORIENTED_EDGE ( 'NONE', *, *, #660, .T. ) ;
#2346 = LINE ( 'NONE', #1092, #2002 ) ;
#2347 = CYLINDRICAL_SURFACE ( 'NONE', #1911, 3.000000000000002665 ) ;
#2348 = VERTEX_POINT ( 'NONE', #2698 ) ;
#2349 = EDGE_CURVE ( 'NONE', #231, #399, #1662, .T. ) ;
#2350 = VECTOR ( 'NONE', #1279, 1000.000000000000000 ) ;
#2351 = DIRECTION ( 'NONE',  ( -1.374037535059649958E-05, 0.9999999999056010669, 0.000000000000000000 ) ) ;
#2352 = ADVANCED_FACE ( 'NONE', ( #1176 ), #2490, .F. ) ;
#2353 = DIRECTION ( 'NONE',  ( 1.523520892776624368E-10, 0.7071068355770827596, -0.7071067267960082781 ) ) ;
#2354 = CARTESIAN_POINT ( 'NONE',  ( -21.14005084075245122, 47.45879653723759617, 130.8501160586773722 ) ) ;
#2355 = VERTEX_POINT ( 'NONE', #2052 ) ;
#2356 = LINE ( 'NONE', #2562, #2438 ) ;
#2357 = AXIS2_PLACEMENT_3D ( 'NONE', #621, #2147, #2569 ) ;
#2358 = ORIENTED_EDGE ( 'NONE', *, *, #1303, .F. ) ;
#2359 = DIRECTION ( 'NONE',  ( -1.000000000000000000, -1.231621333819554221E-14, -2.154664014675069889E-10 ) ) ;
#2360 = FACE_OUTER_BOUND ( 'NONE', #2073, .T. ) ;
#2361 = ORIENTED_EDGE ( 'NONE', *, *, #547, .T. ) ;
#2362 = CARTESIAN_POINT ( 'NONE',  ( 34.22855685654939606, 54.55879653723799549, 167.0501160641209708 ) ) ;
#2363 = AXIS2_PLACEMENT_3D ( 'NONE', #1954, #1752, #1555 ) ;
#2364 = DIRECTION ( 'NONE',  ( -3.025630725553465056E-14, 1.000000000000000000, 2.960594725814450163E-15 ) ) ;
#2365 = CARTESIAN_POINT ( 'NONE',  ( 41.45930111239484717, 62.05879653723819445, 171.0501160721655083 ) ) ;
#2366 = CIRCLE ( 'NONE', #1289, 0.9999999999999993339 ) ;
#2367 = ADVANCED_FACE ( 'NONE', ( #2727 ), #769, .T. ) ;
#2368 = DIRECTION ( 'NONE',  ( 1.000000000000000000, 1.181088324069315724E-14, 2.154659429599652572E-10 ) ) ;
#2369 = ORIENTED_EDGE ( 'NONE', *, *, #2291, .T. ) ;
#2370 = ADVANCED_FACE ( 'NONE', ( #801 ), #550, .F. ) ;
#2371 = FACE_OUTER_BOUND ( 'NONE', #1178, .T. ) ;
#2372 = ORIENTED_EDGE ( 'NONE', *, *, #1474, .F. ) ;
#2373 = DIRECTION ( 'NONE',  ( -1.523661592362382841E-10, 0.7071083449447119751, 0.7071052174249248257 ) ) ;
#2374 = FACE_OUTER_BOUND ( 'NONE', #1518, .T. ) ;
#2375 = VERTEX_POINT ( 'NONE', #2037 ) ;
#2376 = LINE ( 'NONE', #1123, #2472 ) ;
#2377 = LINE ( 'NONE', #1716, #2553 ) ;
#2378 = DIRECTION ( 'NONE',  ( 1.523642323419954636E-10, -0.7071067811865475727, -0.7071067811865475727 ) ) ;
#2379 = DIRECTION ( 'NONE',  ( 1.000000000000000000, 8.613048614650010081E-16, 2.154671845482660212E-10 ) ) ;
#2380 = EDGE_LOOP ( 'NONE', ( #2405, #378, #1609, #1614 ) ) ;
#2381 = DIRECTION ( 'NONE',  ( -0.5878289996868889533, 0.5720376614922699776, -0.5720401917361809252 ) ) ;
#2382 = EDGE_CURVE ( 'NONE', #2348, #2720, #130, .T. ) ;
#2383 = ORIENTED_EDGE ( 'NONE', *, *, #877, .T. ) ;
#2384 = LINE ( 'NONE', #826, #228 ) ;
#2385 = CARTESIAN_POINT ( 'NONE',  ( -11.14005084236783993, 50.85900246190729490, 138.3501160608319935 ) ) ;
#2386 = PLANE ( 'NONE',  #2248 ) ;
#2387 = CARTESIAN_POINT ( 'NONE',  ( -21.94005084401634775, 52.36631691300279812, 145.9967318844608144 ) ) ;
#2388 = ORIENTED_EDGE ( 'NONE', *, *, #2281, .F. ) ;
#2389 = AXIS2_PLACEMENT_3D ( 'NONE', #680, #1531, #483 ) ;
#2390 = CARTESIAN_POINT ( 'NONE',  ( 5.037895256320289228, 54.95626731504329854, 169.4033123211649752 ) ) ;
#2391 = ORIENTED_EDGE ( 'NONE', *, *, #800, .F. ) ;
#2392 = PRESENTATION_STYLE_ASSIGNMENT (( #2608 ) ) ;
#2393 = DIRECTION ( 'NONE',  ( 0.7071067812943045983, -0.4999999999999746869, -0.4999999998476337137 ) ) ;
#2394 = VECTOR ( 'NONE', #1811, 1000.000000000000000 ) ;
#2395 = ORIENTED_EDGE ( 'NONE', *, *, #125, .T. ) ;
#2396 = FACE_OUTER_BOUND ( 'NONE', #938, .T. ) ;
#2397 = ADVANCED_FACE ( 'NONE', ( #2745 ), #2278, .T. ) ;
#2398 = LINE ( 'NONE', #2611, #135 ) ;
#2399 = CARTESIAN_POINT ( 'NONE',  ( -22.34005084386405215, 52.25921008091859932, 145.2896250678564058 ) ) ;
#2400 = EDGE_CURVE ( 'NONE', #1236, #2475, #565, .T. ) ;
#2401 = DIRECTION ( 'NONE',  ( 0.4842009716429938604, 0.8749568098254797421, 1.043318251713619702E-10 ) ) ;
#2402 = CARTESIAN_POINT ( 'NONE',  ( -20.34005085156859849, 48.15879653723760612, 181.0501160588505059 ) ) ;
#2403 = DIRECTION ( 'NONE',  ( -1.000000000000000000, -1.196353510771660073E-14, -2.154668017803219828E-10 ) ) ;
#2404 = VECTOR ( 'NONE', #1926, 1000.000000000000000 ) ;
#2405 = ORIENTED_EDGE ( 'NONE', *, *, #1787, .F. ) ;
#2406 = DIRECTION ( 'NONE',  ( -1.616820103726317486E-10, 0.6610533088815676583, 0.7503389386248928705 ) ) ;
#2407 = ORIENTED_EDGE ( 'NONE', *, *, #2261, .F. ) ;
#2408 = CARTESIAN_POINT ( 'NONE',  ( -20.34005084401634988, 49.35168975605110120, 145.9967319357029965 ) ) ;
#2409 = CARTESIAN_POINT ( 'NONE',  ( -20.34005084273425012, 62.05879653723759759, 140.0501160588501932 ) ) ;
#2410 = VERTEX_POINT ( 'NONE', #83 ) ;
#2411 = DIRECTION ( 'NONE',  ( -1.000000000000000000, -6.043156574298301119E-15, -1.844658243558390064E-29 ) ) ;
#2412 = EDGE_CURVE ( 'NONE', #1657, #1370, #2252, .T. ) ;
#2413 = DIRECTION ( 'NONE',  ( -1.523694365124231872E-10, 0.7071068319978583983, 0.7071067303752330835 ) ) ;
#2414 = FACE_OUTER_BOUND ( 'NONE', #2060, .T. ) ;
#2415 = ADVANCED_FACE ( 'NONE', ( #1001 ), #1192, .T. ) ;
#2416 = LINE ( 'NONE', #892, #350 ) ;
#2417 = VERTEX_POINT ( 'NONE', #2307 ) ;
#2418 = LINE ( 'NONE', #753, #460 ) ;
#2419 = ORIENTED_EDGE ( 'NONE', *, *, #1029, .F. ) ;
#2420 = CARTESIAN_POINT ( 'NONE',  ( -20.34005084894044657, 51.65920973258519666, 168.8506932829480149 ) ) ;
#2421 = DIRECTION ( 'NONE',  ( -1.167290563274113051E-14, 1.000000000000000000, 0.000000000000000000 ) ) ;
#2422 = ORIENTED_EDGE ( 'NONE', *, *, #170, .F. ) ;
#2423 = DIRECTION ( 'NONE',  ( 5.874842597663609299E-12, -0.9996297353842228395, -0.02721014765981025207 ) ) ;
#2424 = CARTESIAN_POINT ( 'NONE',  ( -5.159633371638929766, 56.15921059806729687, 180.5501160621260226 ) ) ;
#2425 = FACE_OUTER_BOUND ( 'NONE', #316, .T. ) ;
#2426 = PRODUCT_DEFINITION ( 'UNKNOWN', '', #2606, #599 ) ;
#2427 = DIRECTION ( 'NONE',  ( 0.5826592015752419806, -0.5826592016973098920, 0.5665831885055848671 ) ) ;
#2428 = EDGE_LOOP ( 'NONE', ( #2686, #1322, #1016, #1447 ) ) ;
#2429 = EDGE_CURVE ( 'NONE', #111, #2669, #2098, .T. ) ;
#2430 = EDGE_CURVE ( 'NONE', #2001, #1460, #1831, .T. ) ;
#2431 = LINE ( 'NONE', #2221, #2093 ) ;
#2432 = EDGE_LOOP ( 'NONE', ( #2726, #998 ) ) ;
#2433 = CIRCLE ( 'NONE', #2584, 5.350000000000000533 ) ;
#2434 = LINE ( 'NONE', #2408, #2040 ) ;
#2435 = ADVANCED_FACE ( 'NONE', ( #1877 ), #1845, .F. ) ;
#2436 = LINE ( 'NONE', #283, #1916 ) ;
#2437 = ORIENTED_EDGE ( 'NONE', *, *, #2050, .T. ) ;
#2438 = VECTOR ( 'NONE', #1738, 1000.000000000000000 ) ;
#2439 = LINE ( 'NONE', #513, #139 ) ;
#2440 = VECTOR ( 'NONE', #999, 1000.000000000000000 ) ;
#2441 = EDGE_LOOP ( 'NONE', ( #1207, #986, #55, #1213 ) ) ;
#2442 = CARTESIAN_POINT ( 'NONE',  ( -22.14005084898064979, 49.25879653723740148, 169.0368776663344761 ) ) ;
#2443 = VECTOR ( 'NONE', #2134, 1000.000000000000000 ) ;
#2444 = FACE_BOUND ( 'NONE', #1157, .T. ) ;
#2445 = VECTOR ( 'NONE', #1438, 1000.000000000000114 ) ;
#2446 = DIRECTION ( 'NONE',  ( 0.7071067813008576897, 0.4674352835494597347, -0.5305697461516036828 ) ) ;
#2447 = ORIENTED_EDGE ( 'NONE', *, *, #484, .T. ) ;
#2448 = VECTOR ( 'NONE', #2393, 1000.000000000000114 ) ;
#2449 = EDGE_CURVE ( 'NONE', #1660, #1695, #2714, .T. ) ;
#2450 = VERTEX_POINT ( 'NONE', #1858 ) ;
#2451 = VECTOR ( 'NONE', #834, 1000.000000000000000 ) ;
#2452 = VECTOR ( 'NONE', #224, 1000.000000000000000 ) ;
#2453 = CARTESIAN_POINT ( 'NONE',  ( -20.74005085156860062, 47.45879653723749669, 181.0501160587640186 ) ) ;
#2454 = DIRECTION ( 'NONE',  ( 1.000000000000000000, 1.037051766632816090E-14, 2.154652087631090180E-10 ) ) ;
#2455 = CIRCLE ( 'NONE', #1021, 0.6000000000000024203 ) ;
#2456 = EDGE_CURVE ( 'NONE', #1379, #1657, #1963, .T. ) ;
#2457 = ORIENTED_EDGE ( 'NONE', *, *, #1573, .T. ) ;
#2458 = CARTESIAN_POINT ( 'NONE',  ( -22.14005084321950179, 50.05879653723749811, 142.2994946594383805 ) ) ;
#2459 = EDGE_LOOP ( 'NONE', ( #194, #62, #811, #1072 ) ) ;
#2460 = PLANE ( 'NONE',  #2643 ) ;
#2461 = CARTESIAN_POINT ( 'NONE',  ( -22.34005084321950108, 52.25920965118880446, 142.2994944125222219 ) ) ;
#2462 = CARTESIAN_POINT ( 'NONE',  ( -20.34005084305769984, 49.39774309047639633, 141.5491558426741960 ) ) ;
#2463 = ORIENTED_EDGE ( 'NONE', *, *, #298, .F. ) ;
#2464 = FACE_OUTER_BOUND ( 'NONE', #1197, .T. ) ;
#2465 = ORIENTED_EDGE ( 'NONE', *, *, #511, .T. ) ;
#2466 = DIRECTION ( 'NONE',  ( 1.000000000000000000, 5.920378534056230124E-15, 2.154674193203710028E-10 ) ) ;
#2467 = FACE_OUTER_BOUND ( 'NONE', #1850, .T. ) ;
#2468 = ADVANCED_FACE ( 'NONE', ( #2464 ), #2290, .T. ) ;
#2469 = ORIENTED_EDGE ( 'NONE', *, *, #528, .T. ) ;
#2470 = EDGE_CURVE ( 'NONE', #24, #138, #1278, .T. ) ;
#2471 = DIRECTION ( 'NONE',  ( -1.000000000000000000, -5.920378534056230124E-15, -2.154668017803219828E-10 ) ) ;
#2472 = VECTOR ( 'NONE', #470, 1000.000000000000000 ) ;
#2473 = FACE_OUTER_BOUND ( 'NONE', #2274, .T. ) ;
#2474 = DIRECTION ( 'NONE',  ( 1.000000000000000000, 1.385881858921682215E-14, 2.154649064971320067E-10 ) ) ;
#2475 = VERTEX_POINT ( 'NONE', #1690 ) ;
#2476 = DIRECTION ( 'NONE',  ( -1.523664961562464104E-10, 0.7071067811865450192, 0.7071067811865500152 ) ) ;
#2477 = DIRECTION ( 'NONE',  ( 1.000000000000000000, 7.341198413840970595E-15, 2.154682226002015041E-10 ) ) ;
#2478 = PLANE ( 'NONE',  #2781 ) ;
#2479 = PLANE ( 'NONE',  #1184 ) ;
#2480 = EDGE_LOOP ( 'NONE', ( #1853, #2286, #2752, #2729 ) ) ;
#2481 = CARTESIAN_POINT ( 'NONE',  ( -20.34005084894044657, 51.65920973258519666, 168.8506932829480149 ) ) ;
#2482 = ORIENTED_EDGE ( 'NONE', *, *, #2449, .F. ) ;
#2483 = CYLINDRICAL_SURFACE ( 'NONE', #2498, 1.000000000000001332 ) ;
#2484 = EDGE_LOOP ( 'NONE', ( #622, #1759, #277, #2289 ) ) ;
#2485 = ADVANCED_FACE ( 'NONE', ( #2556 ), #1298, .T. ) ;
#2486 = CIRCLE ( 'NONE', #1274, 2.349999999999990763 ) ;
#2487 = EDGE_CURVE ( 'NONE', #1527, #129, #2377, .T. ) ;
#2488 = DIRECTION ( 'NONE',  ( -1.000000000000000000, -2.074189254804185181E-14, -2.154568377680960074E-10 ) ) ;
#2489 = ORIENTED_EDGE ( 'NONE', *, *, #263, .F. ) ;
#2490 = PLANE ( 'NONE',  #1551 ) ;
#2491 = AXIS2_PLACEMENT_3D ( 'NONE', #2496, #1426, #2072 ) ;
#2492 = EDGE_LOOP ( 'NONE', ( #1248, #2651 ) ) ;
#2493 = DIRECTION ( 'NONE',  ( -0.7071067811865560104, 0.7071067811865391350, -1.523583073172505089E-10 ) ) ;
#2494 = DIRECTION ( 'NONE',  ( 0.02722022634642433728, -0.9996294609892454330, 5.816664648688246882E-12 ) ) ;
#2495 = ORIENTED_EDGE ( 'NONE', *, *, #2620, .F. ) ;
#2496 = CARTESIAN_POINT ( 'NONE',  ( -20.34005084828564947, 49.05879653723749811, 165.8113888595919718 ) ) ;
#2497 = ORIENTED_EDGE ( 'NONE', *, *, #1230, .T. ) ;
#2498 = AXIS2_PLACEMENT_3D ( 'NONE', #1485, #354, #1884 ) ;
#2499 = LINE ( 'NONE', #395, #456 ) ;
#2500 = ORIENTED_EDGE ( 'NONE', *, *, #2000, .T. ) ;
#2501 = CIRCLE ( 'NONE', #2048, 0.5999999999999927613 ) ;
#2502 = CARTESIAN_POINT ( 'NONE',  ( -22.34005084850059930, 50.05879653723740574, 166.8113888591614966 ) ) ;
#2503 = AXIS2_PLACEMENT_3D ( 'NONE', #2029, #74, #571 ) ;
#2504 = EDGE_CURVE ( 'NONE', #488, #521, #1676, .T. ) ;
#2505 = FACE_OUTER_BOUND ( 'NONE', #2156, .T. ) ;
#2506 = ORIENTED_EDGE ( 'NONE', *, *, #725, .F. ) ;
#2507 = ADVANCED_FACE ( 'NONE', ( #1087 ), #876, .T. ) ;
#2508 = CARTESIAN_POINT ( 'NONE',  ( -22.34105084884380332, 52.55879653723749811, 129.0501160584189790 ) ) ;
#2509 = DIRECTION ( 'NONE',  ( 0.000000000000000000, -0.9999999984585594692, 5.552369895377532729E-05 ) ) ;
#2510 = CYLINDRICAL_SURFACE ( 'NONE', #1104, 2.349999999999990763 ) ;
#2511 = ORIENTED_EDGE ( 'NONE', *, *, #2762, .F. ) ;
#2512 = DIRECTION ( 'NONE',  ( 2.154673229307929963E-10, 2.436575360457085228E-15, -1.000000000000000000 ) ) ;
#2513 =( NAMED_UNIT ( * ) PLANE_ANGLE_UNIT ( ) SI_UNIT ( $, .RADIAN. ) );
#2514 = EDGE_LOOP ( 'NONE', ( #518, #1259, #356, #2419 ) ) ;
#2515 = CARTESIAN_POINT ( 'NONE',  ( -20.34005084401534802, 49.35168975613730424, 145.9967319357888016 ) ) ;
#2516 = ORIENTED_EDGE ( 'NONE', *, *, #125, .F. ) ;
#2517 = DIRECTION ( 'NONE',  ( -1.187738596164300582E-14, 1.000000000000000000, 0.000000000000000000 ) ) ;
#2518 = ADVANCED_FACE ( 'NONE', ( #1703 ), #1108, .T. ) ;
#2519 = VERTEX_POINT ( 'NONE', #2338 ) ;
#2520 = DIRECTION ( 'NONE',  ( 0.3574067444136179716, -0.8628562094610051636, -0.3574067442595965094 ) ) ;
#2521 = VECTOR ( 'NONE', #499, 1000.000000000000000 ) ;
#2522 = VERTEX_POINT ( 'NONE', #2585 ) ;
#2523 = ADVANCED_FACE ( 'NONE', ( #2571 ), #623, .T. ) ;
#2524 = EDGE_CURVE ( 'NONE', #1525, #951, #1965, .T. ) ;
#2525 = CARTESIAN_POINT ( 'NONE',  ( -22.14005084321950179, 50.05879653723749811, 142.2994946594383805 ) ) ;
#2526 = AXIS2_PLACEMENT_3D ( 'NONE', #2292, #656, #2378 ) ;
#2527 = CARTESIAN_POINT ( 'NONE',  ( 36.45930112114294985, 47.05879653723790312, 130.4501160710881891 ) ) ;
#2528 = ORIENTED_EDGE ( 'NONE', *, *, #2291, .F. ) ;
#2529 = EDGE_CURVE ( 'NONE', #2153, #2570, #1071, .T. ) ;
#2530 = DIRECTION ( 'NONE',  ( 1.000000000000000000, 1.037858550319356110E-14, 2.154687694978559841E-10 ) ) ;
#2531 = SURFACE_STYLE_FILL_AREA ( #337 ) ;
#2532 = ORIENTED_EDGE ( 'NONE', *, *, #122, .F. ) ;
#2533 = CARTESIAN_POINT ( 'NONE',  ( 31.22855685367814260, 55.01644217068979970, 180.3757159942257147 ) ) ;
#2534 = ORIENTED_EDGE ( 'NONE', *, *, #1031, .F. ) ;
#2535 = CIRCLE ( 'NONE', #1219, 1.000000000000001332 ) ;
#2536 = CARTESIAN_POINT ( 'NONE',  ( -20.34005084386299700, 50.05879653723760470, 145.2896251545162158 ) ) ;
#2537 = ORIENTED_EDGE ( 'NONE', *, *, #2236, .T. ) ;
#2538 = LINE ( 'NONE', #1267, #2740 ) ;
#2539 = CARTESIAN_POINT ( 'NONE',  ( -20.34005084300499888, 51.53319277098709961, 141.3074664018471935 ) ) ;
#2540 = CARTESIAN_POINT ( 'NONE',  ( -20.34005084407899844, 52.03018703224969954, 146.2896251545161874 ) ) ;
#2541 = EDGE_CURVE ( 'NONE', #1726, #761, #2538, .T. ) ;
#2542 = VERTEX_POINT ( 'NONE', #2121 ) ;
#2543 = DIRECTION ( 'NONE',  ( 0.7071067810341890025, 2.136291789236561639E-15, 0.7071067813389060319 ) ) ;
#2544 = ORIENTED_EDGE ( 'NONE', *, *, #926, .F. ) ;
#2545 = CARTESIAN_POINT ( 'NONE',  ( -21.94005084834829944, 52.36631688180180078, 166.1042821323650003 ) ) ;
#2546 = VECTOR ( 'NONE', #937, 1000.000000000000000 ) ;
#2547 = ADVANCED_FACE ( 'NONE', ( #375 ), #168, .T. ) ;
#2548 = ORIENTED_EDGE ( 'NONE', *, *, #2054, .F. ) ;
#2549 = VECTOR ( 'NONE', #1466, 1000.000000000000000 ) ;
#2550 = AXIS2_PLACEMENT_3D ( 'NONE', #1990, #1970, #210 ) ;
#2551 = CARTESIAN_POINT ( 'NONE',  ( -22.34005084894040039, 50.05879653723740574, 168.8506931115344969 ) ) ;
#2552 = VECTOR ( 'NONE', #1323, 1000.000000000000000 ) ;
#2553 = VECTOR ( 'NONE', #2364, 1000.000000000000000 ) ;
#2554 = CARTESIAN_POINT ( 'NONE',  ( -22.34005084309094968, 50.13440654586769796, 141.7042777858144120 ) ) ;
#2555 = ORIENTED_EDGE ( 'NONE', *, *, #400, .T. ) ;
#2556 = FACE_OUTER_BOUND ( 'NONE', #383, .T. ) ;
#2557 = CIRCLE ( 'NONE', #1424, 0.6000000000000031974 ) ;
#2558 = CARTESIAN_POINT ( 'NONE',  ( 2.687895253940074891, 54.95626731504320617, 180.4501160638120041 ) ) ;
#2559 = DIRECTION ( 'NONE',  ( 2.154674193203711578E-10, 0.000000000000000000, -1.000000000000000000 ) ) ;
#2560 = ORIENTED_EDGE ( 'NONE', *, *, #1927, .F. ) ;
#2561 = UNCERTAINTY_MEASURE_WITH_UNIT (LENGTH_MEASURE( 1.000000000000000082E-05 ), #1584, 'distance_accuracy_value', 'NONE');
#2562 = CARTESIAN_POINT ( 'NONE',  ( -20.34005084834829802, 52.36631688188819567, 166.1042821327959871 ) ) ;
#2563 = VERTEX_POINT ( 'NONE', #1061 ) ;
#2564 = FACE_OUTER_BOUND ( 'NONE', #1912, .T. ) ;
#2565 = ORIENTED_EDGE ( 'NONE', *, *, #142, .F. ) ;
#2566 = PLANE ( 'NONE',  #930 ) ;
#2567 = EDGE_CURVE ( 'NONE', #647, #2721, #1919, .T. ) ;
#2568 = DIRECTION ( 'NONE',  ( 5.920378536182350681E-15, -1.000000000000000000, -9.867515267496810948E-15 ) ) ;
#2569 = DIRECTION ( 'NONE',  ( -1.616805647697290353E-10, 0.6610533088815602198, 0.7503389386248993098 ) ) ;
#2570 = VERTEX_POINT ( 'NONE', #1574 ) ;
#2571 = FACE_OUTER_BOUND ( 'NONE', #409, .T. ) ;
#2572 = CARTESIAN_POINT ( 'NONE',  ( -12.97184124482160072, 52.55879653723769707, 129.0501160604374036 ) ) ;
#2573 = CARTESIAN_POINT ( 'NONE',  ( -22.34005084321950108, 52.25920965118880446, 142.2994944125222219 ) ) ;
#2574 = CIRCLE ( 'NONE', #1530, 1.000000000000003109 ) ;
#2575 = EDGE_LOOP ( 'NONE', ( #668, #1567 ) ) ;
#2576 = CARTESIAN_POINT ( 'NONE',  ( 32.52855686452159745, 54.55879653723799549, 130.0501160702415859 ) ) ;
#2577 = EDGE_LOOP ( 'NONE', ( #1244, #626, #1622, #2332, #1504, #153, #158, #2457, #1646, #2316 ) ) ;
#2578 = ORIENTED_EDGE ( 'NONE', *, *, #299, .F. ) ;
#2579 = FACE_BOUND ( 'NONE', #633, .T. ) ;
#2580 = ADVANCED_FACE ( 'NONE', ( #2414 ), #652, .T. ) ;
#2581 = VECTOR ( 'NONE', #1677, 1000.000000000000000 ) ;
#2582 = DIRECTION ( 'NONE',  ( 1.000000000000000000, 3.006854025026462896E-14, 2.154665335041270746E-10 ) ) ;
#2583 = ORIENTED_EDGE ( 'NONE', *, *, #298, .T. ) ;
#2584 = AXIS2_PLACEMENT_3D ( 'NONE', #2151, #595, #2111 ) ;
#2585 = CARTESIAN_POINT ( 'NONE',  ( -20.34005085143904878, 48.15879653723760612, 180.4501160588499999 ) ) ;
#2586 = EDGE_CURVE ( 'NONE', #2450, #720, #2455, .T. ) ;
#2587 = CARTESIAN_POINT ( 'NONE',  ( 41.45930111239484717, 62.05879653723879841, 130.4501160634177950 ) ) ;
#2588 = DIRECTION ( 'NONE',  ( -5.920378535119290402E-15, 1.000000000000000000, 4.933757600210520514E-15 ) ) ;
#2589 = CIRCLE ( 'NONE', #1863, 2.349999999999990763 ) ;
#2590 = ORIENTED_EDGE ( 'NONE', *, *, #1578, .T. ) ;
#2591 = FACE_OUTER_BOUND ( 'NONE', #1339, .T. ) ;
#2592 = AXIS2_PLACEMENT_3D ( 'NONE', #2612, #1153, #254 ) ;
#2593 = ORIENTED_EDGE ( 'NONE', *, *, #997, .T. ) ;
#2594 = LINE ( 'NONE', #2610, #2601 ) ;
#2595 = AXIS2_PLACEMENT_3D ( 'NONE', #1603, #532, #987 ) ;
#2596 = DIRECTION ( 'NONE',  ( 1.000000000000000000, 1.037029808253936146E-14, 2.154687777850504866E-10 ) ) ;
#2597 = VERTEX_POINT ( 'NONE', #2402 ) ;
#2598 = ADVANCED_FACE ( 'NONE', ( #273 ), #504, .T. ) ;
#2599 = CARTESIAN_POINT ( 'NONE',  ( -12.97184123610655959, 57.55879653723749811, 88.60261922812429702 ) ) ;
#2600 = CIRCLE ( 'NONE', #1374, 0.5999999999999749978 ) ;
#2601 = VECTOR ( 'NONE', #2132, 1000.000000000000000 ) ;
#2602 = FACE_OUTER_BOUND ( 'NONE', #1639, .T. ) ;
#2603 = PRESENTATION_LAYER_ASSIGNMENT (  '', '', ( #2693 ) ) ;
#2604 = ADVANCED_FACE ( 'NONE', ( #1097, #1699 ), #2566, .T. ) ;
#2605 = FACE_OUTER_BOUND ( 'NONE', #1564, .T. ) ;
#2606 = PRODUCT_DEFINITION_FORMATION_WITH_SPECIFIED_SOURCE ( 'ANY', '', #382, .NOT_KNOWN. ) ;
#2607 = ORIENTED_EDGE ( 'NONE', *, *, #2756, .F. ) ;
#2608 = SURFACE_STYLE_USAGE ( .BOTH. , #1069 ) ;
#2609 = VERTEX_POINT ( 'NONE', #870 ) ;
#2610 = CARTESIAN_POINT ( 'NONE',  ( -20.34005084910194583, 49.39774309047630396, 169.6010319291174824 ) ) ;
#2611 = CARTESIAN_POINT ( 'NONE',  ( -20.34005084305774602, 52.32026296871629256, 141.5491555681751947 ) ) ;
#2612 = CARTESIAN_POINT ( 'NONE',  ( 103.6586530584570056, 62.05879653723799549, 244.1295056234270078 ) ) ;
#2613 = CARTESIAN_POINT ( 'NONE',  ( -20.34005084894044657, 51.65920973258519666, 168.8506932829480149 ) ) ;
#2614 = LINE ( 'NONE', #1533, #1644 ) ;
#2615 = EDGE_CURVE ( 'NONE', #1265, #1328, #2346, .T. ) ;
#2616 = EDGE_CURVE ( 'NONE', #73, #559, #887, .T. ) ;
#2617 = ORIENTED_EDGE ( 'NONE', *, *, #1621, .F. ) ;
#2618 = DIRECTION ( 'NONE',  ( 0.000000000000000000, 2.724739628939520326E-15, -1.000000000000000000 ) ) ;
#2619 = DIRECTION ( 'NONE',  ( -1.000000000000000000, -1.231621333819554221E-14, -2.154664014675069889E-10 ) ) ;
#2620 = EDGE_CURVE ( 'NONE', #1379, #802, #2594, .T. ) ;
#2621 = ORIENTED_EDGE ( 'NONE', *, *, #2333, .T. ) ;
#2622 = DIRECTION ( 'NONE',  ( 1.000000000000000000, 1.386710574049910027E-14, 2.154648982096889881E-10 ) ) ;
#2623 = CARTESIAN_POINT ( 'NONE',  ( -21.94005084894044799, 51.65920973258510429, 168.8506932826025206 ) ) ;
#2624 = DIRECTION ( 'NONE',  ( 0.7071067810341890025, -7.241427785209040465E-15, 0.7071067813389060319 ) ) ;
#2625 = DIRECTION ( 'NONE',  ( 0.02722022634646585615, -0.9996294609892443228, 5.862095616892961276E-12 ) ) ;
#2626 = LINE ( 'NONE', #1360, #486 ) ;
#2627 = ORIENTED_EDGE ( 'NONE', *, *, #484, .F. ) ;
#2628 = CYLINDRICAL_SURFACE ( 'NONE', #1512, 2.350000000000000089 ) ;
#2629 = ORIENTED_EDGE ( 'NONE', *, *, #2261, .T. ) ;
#2630 = DIRECTION ( 'NONE',  ( 1.523468851072352560E-10, 0.7071068355770930847, -0.7071067267959978420 ) ) ;
#2631 = CARTESIAN_POINT ( 'NONE',  ( -21.94005084300594888, 51.53319277098700013, 141.3074664015026087 ) ) ;
#2632 = AXIS2_PLACEMENT_3D ( 'NONE', #2808, #1535, #1720 ) ;
#2633 = EDGE_CURVE ( 'NONE', #2375, #1203, #182, .T. ) ;
#2634 = ORIENTED_EDGE ( 'NONE', *, *, #1315, .F. ) ;
#2635 = AXIS2_PLACEMENT_3D ( 'NONE', #2834, #2656, #912 ) ;
#2636 = DIRECTION ( 'NONE',  ( -1.000000000000000000, -1.609481349849844930E-14, -2.154709330581185071E-10 ) ) ;
#2637 = EDGE_CURVE ( 'NONE', #2271, #1472, #1073, .T. ) ;
#2638 = DIRECTION ( 'NONE',  ( 1.000000000000000000, 1.196353510771660073E-14, 2.154668017803219828E-10 ) ) ;
#2639 = DIRECTION ( 'NONE',  ( 5.981767554496220624E-15, -1.000000000000000000, -2.960594731044800307E-15 ) ) ;
#2640 = AXIS2_PLACEMENT_3D ( 'NONE', #478, #2619, #1354 ) ;
#2641 = FACE_OUTER_BOUND ( 'NONE', #1781, .T. ) ;
#2642 = AXIS2_PLACEMENT_3D ( 'NONE', #1481, #2328, #1300 ) ;
#2643 = AXIS2_PLACEMENT_3D ( 'NONE', #2442, #50, #1623 ) ;
#2644 = ORIENTED_EDGE ( 'NONE', *, *, #1762, .F. ) ;
#2645 = CYLINDRICAL_SURFACE ( 'NONE', #2232, 0.9999999999999960032 ) ;
#2646 = CONICAL_SURFACE ( 'NONE', #739, 0.7999999999999961586, 0.7853981633974758125 ) ;
#2647 = AXIS2_PLACEMENT_3D ( 'NONE', #2, #1569, #265 ) ;
#2648 = ORIENTED_EDGE ( 'NONE', *, *, #29, .T. ) ;
#2649 = CARTESIAN_POINT ( 'NONE',  ( -20.34005084321950108, 52.65920965118890251, 142.2994943554671750 ) ) ;
#2650 = CARTESIAN_POINT ( 'NONE',  ( -20.34005085029809834, 50.85900246190709595, 175.1500716906920161 ) ) ;
#2651 = ORIENTED_EDGE ( 'NONE', *, *, #992, .T. ) ;
#2652 = DIRECTION ( 'NONE',  ( 1.000000000000000000, 4.785369173301000140E-16, 2.154668017803219828E-10 ) ) ;
#2653 = DIRECTION ( 'NONE',  ( -0.7071067813389210199, -1.194819025837139642E-14, 0.7071067810341740145 ) ) ;
#2654 = EDGE_CURVE ( 'NONE', #2081, #1673, #602, .T. ) ;
#2655 = EDGE_CURVE ( 'NONE', #2299, #973, #857, .T. ) ;
#2656 = DIRECTION ( 'NONE',  ( 2.154812276323944992E-10, 2.907565698339320410E-15, -1.000000000000000000 ) ) ;
#2657 = DIRECTION ( 'NONE',  ( -1.000000000000000000, -5.920378534056230124E-15, -2.154668017803219828E-10 ) ) ;
#2658 = VERTEX_POINT ( 'NONE', #2770 ) ;
#2659 = DIRECTION ( 'NONE',  ( -1.000000000000000000, -1.181088324069315408E-14, -2.154659429599652055E-10 ) ) ;
#2660 = EDGE_LOOP ( 'NONE', ( #1655, #1175, #149, #901 ) ) ;
#2661 = CARTESIAN_POINT ( 'NONE',  ( -20.34005084407899844, 50.05879653723760470, 146.2896251545161874 ) ) ;
#2662 = ORIENTED_EDGE ( 'NONE', *, *, #1249, .T. ) ;
#2663 = DIRECTION ( 'NONE',  ( 1.523468851072352560E-10, 0.7071068355770930847, -0.7071067267959978420 ) ) ;
#2664 = ORIENTED_EDGE ( 'NONE', *, *, #922, .T. ) ;
#2665 = CIRCLE ( 'NONE', #366, 0.6000000000000008660 ) ;
#2666 = CARTESIAN_POINT ( 'NONE',  ( -20.34005084850064904, 52.65921004631099578, 166.8113890134320059 ) ) ;
#2667 = ADVANCED_FACE ( 'NONE', ( #2579, #2334 ), #207, .F. ) ;
#2668 = FACE_OUTER_BOUND ( 'NONE', #1080, .T. ) ;
#2669 = VERTEX_POINT ( 'NONE', #384 ) ;
#2670 = DIRECTION ( 'NONE',  ( -2.154659429599649987E-10, 4.484075769682365129E-29, 1.000000000000000000 ) ) ;
#2671 = EDGE_CURVE ( 'NONE', #1211, #2211, #1465, .T. ) ;
#2672 = ORIENTED_EDGE ( 'NONE', *, *, #1303, .T. ) ;
#2673 = DIRECTION ( 'NONE',  ( 1.000000000000000000, 1.061104844064820130E-14, 2.154687197094545074E-10 ) ) ;
#2674 = FACE_OUTER_BOUND ( 'NONE', #549, .T. ) ;
#2675 = EDGE_LOOP ( 'NONE', ( #961, #1221, #588, #380, #2388, #2537, #69 ) ) ;
#2676 = LINE ( 'NONE', #237, #841 ) ;
#2677 = DIRECTION ( 'NONE',  ( 0.7071067810342209770, 6.366040190051900309E-15, 0.7071067813388740575 ) ) ;
#2678 = AXIS2_PLACEMENT_3D ( 'NONE', #2754, #2803, #165 ) ;
#2679 = CIRCLE ( 'NONE', #1818, 0.9999999999999974465 ) ;
#2680 = VECTOR ( 'NONE', #1042, 1000.000000000000000 ) ;
#2681 = AXIS2_PLACEMENT_3D ( 'NONE', #684, #249, #1605 ) ;
#2682 = DIRECTION ( 'NONE',  ( 2.154674193203711578E-10, 0.000000000000000000, -1.000000000000000000 ) ) ;
#2683 = EDGE_CURVE ( 'NONE', #1256, #425, #1240, .T. ) ;
#2684 = ORIENTED_EDGE ( 'NONE', *, *, #1286, .T. ) ;
#2685 = CARTESIAN_POINT ( 'NONE',  ( -20.34005084300594746, 50.18481321828789987, 141.3074665371921981 ) ) ;
#2686 = ORIENTED_EDGE ( 'NONE', *, *, #2541, .F. ) ;
#2687 = AXIS2_PLACEMENT_3D ( 'NONE', #1810, #2471, #527 ) ;
#2688 = EDGE_CURVE ( 'NONE', #844, #2135, #2501, .T. ) ;
#2689 = CARTESIAN_POINT ( 'NONE',  ( -20.34005084550994980, 52.65921218170349505, 152.9307525559899830 ) ) ;
#2690 = PLANE ( 'NONE',  #2832 ) ;
#2691 = AXIS2_PLACEMENT_3D ( 'NONE', #2199, #2622, #1371 ) ;
#2692 = ORIENTED_EDGE ( 'NONE', *, *, #314, .F. ) ;
#2693 = STYLED_ITEM ( 'NONE', ( #1636 ), #1247 ) ;
#2694 = ORIENTED_EDGE ( 'NONE', *, *, #1956, .F. ) ;
#2695 = LINE ( 'NONE', #721, #1640 ) ;
#2696 = DIRECTION ( 'NONE',  ( 1.000000000000000000, 1.206764157201256039E-14, 2.154668017803219828E-10 ) ) ;
#2697 = ORIENTED_EDGE ( 'NONE', *, *, #1263, .F. ) ;
#2698 = CARTESIAN_POINT ( 'NONE',  ( -11.14005084979068094, 50.85900246190709595, 172.8000716704254955 ) ) ;
#2699 = CARTESIAN_POINT ( 'NONE',  ( 37.19984314918499990, 54.08008892064059125, 175.3095740335394908 ) ) ;
#2700 = CARTESIAN_POINT ( 'NONE',  ( -20.74005084066610038, 47.05879653723760470, 130.4501160587639959 ) ) ;
#2701 = FACE_OUTER_BOUND ( 'NONE', #2459, .T. ) ;
#2702 = ADVANCED_FACE ( 'NONE', ( #1900 ), #223, .T. ) ;
#2703 = ORIENTED_EDGE ( 'NONE', *, *, #1713, .T. ) ;
#2704 = DIRECTION ( 'NONE',  ( 0.4999999998476433727, -0.4999999999999975020, 0.7071067812942817277 ) ) ;
#2705 = CARTESIAN_POINT ( 'NONE',  ( 15.35717607361075210, 52.21167897827990600, 181.0501160665415057 ) ) ;
#2706 = EDGE_CURVE ( 'NONE', #586, #869, #2384, .T. ) ;
#2707 = CIRCLE ( 'NONE', #1842, 0.6000000000000008660 ) ;
#2708 = ORIENTED_EDGE ( 'NONE', *, *, #2524, .T. ) ;
#2709 = LINE ( 'NONE', #1216, #2521 ) ;
#2710 = DIRECTION ( 'NONE',  ( -2.154668017803219828E-10, -2.724739631517265329E-15, 1.000000000000000000 ) ) ;
#2711 =( BOUNDED_CURVE ( )  B_SPLINE_CURVE ( 3, ( #1479, #1920, #1037, #849 ),
 .UNSPECIFIED., .F., .T. ) 
 B_SPLINE_CURVE_WITH_KNOTS ( ( 4, 4 ),
 ( 3.356845288568425012, 3.473280649960044819 ),
 .UNSPECIFIED. ) 
 CURVE ( )  GEOMETRIC_REPRESENTATION_ITEM ( )  RATIONAL_B_SPLINE_CURVE ( ( 1.000000000000000000, 0.9988705529416209705, 0.9988705529416209705, 1.000000000000000000 ) ) 
 REPRESENTATION_ITEM ( '' )  );
#2712 = EDGE_LOOP ( 'NONE', ( #2283, #882, #2532, #328 ) ) ;
#2713 = PLANE ( 'NONE',  #188 ) ;
#2714 = LINE ( 'NONE', #2685, #317 ) ;
#2715 = ORIENTED_EDGE ( 'NONE', *, *, #386, .T. ) ;
#2716 = LINE ( 'NONE', #1392, #1871 ) ;
#2717 = CARTESIAN_POINT ( 'NONE',  ( -20.74005084057969839, 47.45879653723780223, 130.0501160587639902 ) ) ;
#2718 = ORIENTED_EDGE ( 'NONE', *, *, #1744, .T. ) ;
#2719 = CARTESIAN_POINT ( 'NONE',  ( -11.14005085029697817, 50.85900246190709595, 175.1500716704255183 ) ) ;
#2720 = VERTEX_POINT ( 'NONE', #2828 ) ;
#2721 = VERTEX_POINT ( 'NONE', #606 ) ;
#2722 = EDGE_CURVE ( 'NONE', #2106, #1030, #697, .T. ) ;
#2723 = CARTESIAN_POINT ( 'NONE',  ( -22.34005084386399886, 50.05879653723749811, 145.2896251540854280 ) ) ;
#2724 = LINE ( 'NONE', #1601, #2440 ) ;
#2725 = CONICAL_SURFACE ( 'NONE', #2357, 0.7999999999999967137, 0.7853981633974942422 ) ;
#2726 = ORIENTED_EDGE ( 'NONE', *, *, #1697, .F. ) ;
#2727 = FACE_OUTER_BOUND ( 'NONE', #151, .T. ) ;
#2728 = VECTOR ( 'NONE', #1777, 1000.000000000000000 ) ;
#2729 = ORIENTED_EDGE ( 'NONE', *, *, #64, .F. ) ;
#2730 = LINE ( 'NONE', #990, #1774 ) ;
#2731 = AXIS2_PLACEMENT_3D ( 'NONE', #1581, #2673, #1143 ) ;
#2732 = CARTESIAN_POINT ( 'NONE',  ( -22.14005084379619959, 49.25879653723750096, 144.9767555953656029 ) ) ;
#2733 = VERTEX_POINT ( 'NONE', #2212 ) ;
#2734 = CARTESIAN_POINT ( 'NONE',  ( -22.34005084386399886, 50.05879653723749811, 145.2896251540854280 ) ) ;
#2735 = ORIENTED_EDGE ( 'NONE', *, *, #1125, .T. ) ;
#2736 = VECTOR ( 'NONE', #2273, 999.9999999999998863 ) ;
#2737 = DIRECTION ( 'NONE',  ( -0.7071067811865560104, 0.7071067811865391350, 0.000000000000000000 ) ) ;
#2738 = ORIENTED_EDGE ( 'NONE', *, *, #2322, .T. ) ;
#2739 = AXIS2_PLACEMENT_3D ( 'NONE', #1706, #463, #894 ) ;
#2740 = VECTOR ( 'NONE', #2326, 1000.000000000000000 ) ;
#2741 = EDGE_CURVE ( 'NONE', #2522, #578, #2439, .T. ) ;
#2742 = EDGE_CURVE ( 'NONE', #618, #1791, #2676, .T. ) ;
#2743 = DIRECTION ( 'NONE',  ( -2.154668017803219828E-10, -3.118711521203435186E-15, 1.000000000000000000 ) ) ;
#2744 = VERTEX_POINT ( 'NONE', #2243 ) ;
#2745 = FACE_OUTER_BOUND ( 'NONE', #236, .T. ) ;
#2746 = EDGE_CURVE ( 'NONE', #824, #2355, #2234, .T. ) ;
#2747 = ORIENTED_EDGE ( 'NONE', *, *, #349, .T. ) ;
#2748 = DIRECTION ( 'NONE',  ( 0.7071067813376760158, 0.08910724971333250366, -0.7014698124900300424 ) ) ;
#2749 = DIRECTION ( 'NONE',  ( -2.154668017803219828E-10, 0.000000000000000000, 1.000000000000000000 ) ) ;
#2750 = ORIENTED_EDGE ( 'NONE', *, *, #1066, .T. ) ;
#2751 = PLANE ( 'NONE',  #1819 ) ;
#2752 = ORIENTED_EDGE ( 'NONE', *, *, #2567, .F. ) ;
#2753 = ORIENTED_EDGE ( 'NONE', *, *, #1940, .T. ) ;
#2754 = CARTESIAN_POINT ( 'NONE',  ( 36.03534161288945370, 46.91767974141589548, 130.2501160709965973 ) ) ;
#2755 = ORIENTED_EDGE ( 'NONE', *, *, #893, .T. ) ;
#2756 = EDGE_CURVE ( 'NONE', #973, #1211, #2366, .T. ) ;
#2757 = DIRECTION ( 'NONE',  ( 1.000000000000000000, 2.857191607491211277E-14, 2.154812276323943183E-10 ) ) ;
#2758 = CARTESIAN_POINT ( 'NONE',  ( -20.34005084186139811, 50.85900246190720253, 136.0001160588497839 ) ) ;
#2759 = CIRCLE ( 'NONE', #760, 1.700000000000000178 ) ;
#2760 = DIRECTION ( 'NONE',  ( 0.000000000000000000, 4.826954086620630841E-16, -1.000000000000000000 ) ) ;
#2761 = CARTESIAN_POINT ( 'NONE',  ( -20.34005084066609825, 47.85879653723760185, 130.4501160588501989 ) ) ;
#2762 = EDGE_CURVE ( 'NONE', #2522, #2597, #1783, .T. ) ;
#2763 = CYLINDRICAL_SURFACE ( 'NONE', #645, 2.350000000000000089 ) ;
#2764 = ORIENTED_EDGE ( 'NONE', *, *, #2637, .T. ) ;
#2765 = UNCERTAINTY_MEASURE_WITH_UNIT (LENGTH_MEASURE( 1.000000000000000082E-05 ), #1852, 'distance_accuracy_value', 'NONE');
#2766 = CARTESIAN_POINT ( 'NONE',  ( -21.94005084910195080, 49.39774309039059830, 169.6010319286969832 ) ) ;
#2767 = ORIENTED_EDGE ( 'NONE', *, *, #1832, .F. ) ;
#2768 = DIRECTION ( 'NONE',  ( 2.154812276323944992E-10, 2.907565698339320410E-15, -1.000000000000000000 ) ) ;
#2769 = ORIENTED_EDGE ( 'NONE', *, *, #2229, .F. ) ;
#2770 = CARTESIAN_POINT ( 'NONE',  ( -20.34005084834829802, 49.35168975596479868, 166.1042820784914795 ) ) ;
#2771 = CIRCLE ( 'NONE', #2125, 5.749999999999998224 ) ;
#2772 = DIRECTION ( 'NONE',  ( 0.000000000000000000, 2.960594729755930173E-15, -1.000000000000000000 ) ) ;
#2773 = ORIENTED_EDGE ( 'NONE', *, *, #435, .T. ) ;
#2774 = CIRCLE ( 'NONE', #1908, 2.349999999999990763 ) ;
#2775 = DIRECTION ( 'NONE',  ( -1.000000000000000000, -1.196353510771660073E-14, -2.154668017803219828E-10 ) ) ;
#2776 = DIRECTION ( 'NONE',  ( 0.2705980498740406248, -0.2705980500731060001, 0.9238795325695873251 ) ) ;
#2777 = FACE_OUTER_BOUND ( 'NONE', #60, .T. ) ;
#2778 = AXIS2_PLACEMENT_3D ( 'NONE', #1109, #1767, #1971 ) ;
#2779 = ADVANCED_FACE ( 'NONE', ( #925 ), #16, .F. ) ;
#2780 = ORIENTED_EDGE ( 'NONE', *, *, #940, .F. ) ;
#2781 = AXIS2_PLACEMENT_3D ( 'NONE', #816, #1879, #1194 ) ;
#2782 = CARTESIAN_POINT ( 'NONE',  ( -20.34005084294794941, 52.65920946991310103, 141.0381469194651913 ) ) ;
#2783 = ORIENTED_EDGE ( 'NONE', *, *, #797, .F. ) ;
#2784 = AXIS2_PLACEMENT_3D ( 'NONE', #46, #1794, #1582 ) ;
#2785 = EDGE_LOOP ( 'NONE', ( #847, #958, #604, #1683 ) ) ;
#2786 = CIRCLE ( 'NONE', #2225, 0.9999999999999974465 ) ;
#2787 = DIRECTION ( 'NONE',  ( 1.000000000000000000, 1.196353510771660073E-14, 2.154668017803219828E-10 ) ) ;
#2788 = VECTOR ( 'NONE', #662, 1000.000000000000000 ) ;
#2789 = LINE ( 'NONE', #1446, #728 ) ;
#2790 = CIRCLE ( 'NONE', #1828, 0.9999999999999990008 ) ;
#2791 = VERTEX_POINT ( 'NONE', #1969 ) ;
#2792 = DIRECTION ( 'NONE',  ( -2.154668017803220087E-10, -2.960594732333675570E-15, 1.000000000000000000 ) ) ;
#2793 = LINE ( 'NONE', #169, #2301 ) ;
#2794 = FACE_OUTER_BOUND ( 'NONE', #2480, .T. ) ;
#2795 = ORIENTED_EDGE ( 'NONE', *, *, #2746, .T. ) ;
#2796 = CARTESIAN_POINT ( 'NONE',  ( 31.53207551219500004, 55.87370656286260129, 180.7672733575519999 ) ) ;
#2797 = ORIENTED_EDGE ( 'NONE', *, *, #891, .T. ) ;
#2798 = ADVANCED_FACE ( 'NONE', ( #1133 ), #1188, .T. ) ;
#2799 = ORIENTED_EDGE ( 'NONE', *, *, #88, .F. ) ;
#2800 = CARTESIAN_POINT ( 'NONE',  ( -4.645874870534970391, 75.19582412908449953, 180.4501160622315012 ) ) ;
#2801 = ADVANCED_FACE ( 'NONE', ( #2396 ), #1989, .T. ) ;
#2802 = DIRECTION ( 'NONE',  ( -2.154668017803220087E-10, -2.960594732333675570E-15, 1.000000000000000000 ) ) ;
#2803 = DIRECTION ( 'NONE',  ( 0.5000000001523500215, -0.4999999999999901190, -0.7071067810788269625 ) ) ;
#2804 = ORIENTED_EDGE ( 'NONE', *, *, #1125, .F. ) ;
#2805 = DIRECTION ( 'NONE',  ( -0.6186878936252800942, 0.3423817905058602618, 0.7071067810532687403 ) ) ;
#2806 = CARTESIAN_POINT ( 'NONE',  ( 2.687895256320279813, 54.95626731504320617, 169.4033123206585003 ) ) ;
#2807 = ORIENTED_EDGE ( 'NONE', *, *, #506, .F. ) ;
#2808 = CARTESIAN_POINT ( 'NONE',  ( 34.22855685654939606, 54.55879653723799549, 167.0501160641209708 ) ) ;
#2809 =( BOUNDED_CURVE ( )  B_SPLINE_CURVE ( 3, ( #1833, #2699, #346, #755 ),
 .UNSPECIFIED., .F., .T. ) 
 B_SPLINE_CURVE_WITH_KNOTS ( ( 4, 4 ),
 ( 6.043545549780859893, 6.283185307179590673 ),
 .UNSPECIFIED. ) 
 CURVE ( )  GEOMETRIC_REPRESENTATION_ITEM ( )  RATIONAL_B_SPLINE_CURVE ( ( 1.000000000000000000, 0.9952201216446959764, 0.9952201216446959764, 1.000000000000000000 ) ) 
 REPRESENTATION_ITEM ( '' )  );
#2810 = ORIENTED_EDGE ( 'NONE', *, *, #404, .T. ) ;
#2811 = EDGE_CURVE ( 'NONE', #1985, #2105, #1600, .T. ) ;
#2812 = DIRECTION ( 'NONE',  ( -1.616646631378631142E-10, -0.6610534467611812737, 0.7503388171520661842 ) ) ;
#2813 = EDGE_CURVE ( 'NONE', #995, #2450, #1827, .T. ) ;
#2814 = VECTOR ( 'NONE', #945, 1000.000000000000000 ) ;
#2815 = DIRECTION ( 'NONE',  ( 2.154659429599649987E-10, -4.484075769682365129E-29, -1.000000000000000000 ) ) ;
#2816 = ORIENTED_EDGE ( 'NONE', *, *, #858, .T. ) ;
#2817 = CIRCLE ( 'NONE', #1585, 0.9999999999999990008 ) ;
#2818 = DIRECTION ( 'NONE',  ( -0.7071067813389060319, 0.000000000000000000, 0.7071067810341890025 ) ) ;
#2819 = CARTESIAN_POINT ( 'NONE',  ( -21.94005084915389858, 50.18481321828769381, 169.8427212342544692 ) ) ;
#2820 = DIRECTION ( 'NONE',  ( 1.523498478204494996E-10, 0.7071067811865550112, -0.7071067811865400232 ) ) ;
#2821 = STYLED_ITEM ( 'NONE', ( #2392 ), #906 ) ;
#2822 = ORIENTED_EDGE ( 'NONE', *, *, #2335, .F. ) ;
#2823 = VECTOR ( 'NONE', #2240, 1000.000000000000000 ) ;
#2824 = CIRCLE ( 'NONE', #1955, 0.6000000000000008660 ) ;
#2825 = VECTOR ( 'NONE', #2748, 1000.000000000000000 ) ;
#2826 = AXIS2_PLACEMENT_3D ( 'NONE', #1468, #2315, #379 ) ;
#2827 = ORIENTED_EDGE ( 'NONE', *, *, #1141, .F. ) ;
#2828 = CARTESIAN_POINT ( 'NONE',  ( -20.34005084979055056, 50.85900246190709595, 172.8000716684424845 ) ) ;
#2829 = VECTOR ( 'NONE', #788, 1000.000000000000000 ) ;
#2830 = DIRECTION ( 'NONE',  ( 1.000000000000000000, 4.195613967466710098E-15, 2.154579846794530031E-10 ) ) ;
#2831 = EDGE_CURVE ( 'NONE', #1604, #313, #2790, .T. ) ;
#2832 = AXIS2_PLACEMENT_3D ( 'NONE', #2069, #1651, #2282 ) ;
#2833 = VECTOR ( 'NONE', #2568, 1000.000000000000000 ) ;
#2834 = CARTESIAN_POINT ( 'NONE',  ( 34.22855685353280109, 54.55879653723790312, 181.0501160706079986 ) ) ;
#2835 = CARTESIAN_POINT ( 'NONE',  ( -21.94005084898065050, 49.05879653723739864, 169.0368776663774781 ) ) ;
#2836 = AXIS2_PLACEMENT_3D ( 'NONE', #1473, #48, #252 ) ;
#2837 = EDGE_CURVE ( 'NONE', #1966, #259, #1120, .T. ) ;
#2838 = EDGE_CURVE ( 'NONE', #1630, #2721, #1515, .T. ) ;
#2839 = PLANE ( 'NONE',  #1675 ) ;
#2840 = COLOUR_RGB ( '',0.7921568627450980005, 0.8196078431372548767, 0.9333333333333333481 ) ;
#2841 = CARTESIAN_POINT ( 'NONE',  ( 27.02815876389344751, 57.55879653723790312, 88.60261923674289619 ) ) ;
#2842 = ADVANCED_FACE ( 'NONE', ( #1163 ), #952, .F. ) ;
#2843 = ORIENTED_EDGE ( 'NONE', *, *, #1051, .F. ) ;
#2844 = DIRECTION ( 'NONE',  ( 1.000000000000000000, 1.036277670040104085E-14, 2.154652010219149828E-10 ) ) ;
#2845 = CARTESIAN_POINT ( 'NONE',  ( 41.45930111239489690, 52.05879652848999939, 130.4501160710881891 ) ) ;
ENDSEC;
END-ISO-10303-21;
