ISO-10303-21;
HEADER;
FILE_DESCRIPTION (( 'STEP AP214' ),
    '1' );
FILE_NAME ('Main Body Side A - 1515-6mm Slots.STEP',
    '2026-09-06T08:59:23',
    ( '' ),
    ( '' ),
    '',
    '',
    '' );
FILE_SCHEMA (( 'AUTOMOTIVE_DESIGN' ));
ENDSEC;

DATA;
#1 = VECTOR ( 'NONE', #6667, 1000.000000000000000 ) ;
#2 = ORIENTED_EDGE ( 'NONE', *, *, #2509, .F. ) ;
#3 = LINE ( 'NONE', #7337, #4103 ) ;
#4 = PLANE ( 'NONE',  #3046 ) ;
#5 = ORIENTED_EDGE ( 'NONE', *, *, #138, .T. ) ;
#6 = LINE ( 'NONE', #3639, #7857 ) ;
#7 = DIRECTION ( 'NONE',  ( -1.000000000000000000, -2.091402295317620145E-31, -3.095897309354125107E-45 ) ) ;
#8 = EDGE_LOOP ( 'NONE', ( #1926, #7793, #4903, #3600 ) ) ;
#9 = VECTOR ( 'NONE', #8760, 1000.000000000000000 ) ;
#10 = DIRECTION ( 'NONE',  ( 1.309403304758604751E-15, 4.322446894693699141E-15, -1.000000000000000000 ) ) ;
#11 = CARTESIAN_POINT ( 'NONE',  ( 119.4594733917883644, 99.36797539389071687, 129.0501160567390286 ) ) ;
#12 = EDGE_LOOP ( 'NONE', ( #3881, #7396, #218, #4741 ) ) ;
#13 = EDGE_CURVE ( 'NONE', #5938, #9431, #8656, .T. ) ;
#14 = LINE ( 'NONE', #6002, #4095 ) ;
#15 = VERTEX_POINT ( 'NONE', #8977 ) ;
#16 = ORIENTED_EDGE ( 'NONE', *, *, #2270, .F. ) ;
#17 = DIRECTION ( 'NONE',  ( -0.4999999999999998335, -0.8660254037844387076, 0.000000000000000000 ) ) ;
#18 = DIRECTION ( 'NONE',  ( -1.000000000000000000, -2.003086131649548268E-15, 0.000000000000000000 ) ) ;
#19 = ORIENTED_EDGE ( 'NONE', *, *, #4186, .T. ) ;
#20 = CARTESIAN_POINT ( 'NONE',  ( 18.20000000000001350, -16.97409791417501168, 0.000000000000000000 ) ) ;
#21 = DIRECTION ( 'NONE',  ( -1.131489783230272414E-15, -0.5000000000000016653, 0.8660254037844378194 ) ) ;
#23 = EDGE_CURVE ( 'NONE', #5207, #1259, #5383, .T. ) ;
#22 = VECTOR ( 'NONE', #7724, 1000.000000000000000 ) ;
#24 = EDGE_LOOP ( 'NONE', ( #6642, #3170, #1768, #2967 ) ) ;
#25 = ORIENTED_EDGE ( 'NONE', *, *, #6041, .T. ) ;
#26 = VECTOR ( 'NONE', #9532, 1000.000000000000000 ) ;
#27 = CARTESIAN_POINT ( 'NONE',  ( 124.9594733917878244, 91.18558278779909188, 145.6611333522177176 ) ) ;
#28 = ADVANCED_FACE ( 'NONE', ( #3027 ), #6872, .T. ) ;
#29 = ORIENTED_EDGE ( 'NONE', *, *, #1802, .T. ) ;
#30 = DIRECTION ( 'NONE',  ( -1.000000000000000000, 2.050921225943004990E-30, -1.332169591021890008E-15 ) ) ;
#31 = CARTESIAN_POINT ( 'NONE',  ( 18.19999999999999929, -10.73871500692704828, 0.5999999999999999778 ) ) ;
#32 = ORIENTED_EDGE ( 'NONE', *, *, #8509, .T. ) ;
#33 = LINE ( 'NONE', #4442, #507 ) ;
#34 = DIRECTION ( 'NONE',  ( 1.001543065824772359E-15, 1.000000000000000000, 0.000000000000000000 ) ) ;
#35 = VECTOR ( 'NONE', #2219, 999.9999999999998863 ) ;
#36 = DIRECTION ( 'NONE',  ( 0.000000000000000000, 1.000000000000000000, 0.000000000000000000 ) ) ;
#37 = EDGE_CURVE ( 'NONE', #6431, #1179, #5960, .T. ) ;
#38 = EDGE_CURVE ( 'NONE', #8392, #6356, #8511, .T. ) ;
#39 = DIRECTION ( 'NONE',  ( 1.176089682974549998E-31, 4.304434159326619126E-62, -1.000000000000000000 ) ) ;
#40 = CARTESIAN_POINT ( 'NONE',  ( 124.3594733917878017, 105.9855827877990748, 150.9727558287623594 ) ) ;
#41 = ORIENTED_EDGE ( 'NONE', *, *, #855, .F. ) ;
#42 = UNCERTAINTY_MEASURE_WITH_UNIT (LENGTH_MEASURE( 1.000000000000000082E-05 ), #4542, 'distance_accuracy_value', 'NONE');
#43 = DIRECTION ( 'NONE',  ( 6.503944880413201834E-16, 0.8660254037844405950, -0.4999999999999967248 ) ) ;
#44 = ORIENTED_EDGE ( 'NONE', *, *, #1639, .T. ) ;
#45 = CARTESIAN_POINT ( 'NONE',  ( 12.00000000000000355, 0.4618802153516994857, 0.000000000000000000 ) ) ;
#46 = AXIS2_PLACEMENT_3D ( 'NONE', #5951, #3788, #1412 ) ;
#47 = CARTESIAN_POINT ( 'NONE',  ( 124.3594733917878017, 90.38558278779906630, 151.6655761517898497 ) ) ;
#48 = ORIENTED_EDGE ( 'NONE', *, *, #2981, .F. ) ;
#49 = AXIS2_PLACEMENT_3D ( 'NONE', #3983, #402, #352 ) ;
#50 = ORIENTED_EDGE ( 'NONE', *, *, #3934, .F. ) ;
#51 = PLANE ( 'NONE',  #9460 ) ;
#52 = VECTOR ( 'NONE', #422, 1000.000000000000000 ) ;
#53 = DIRECTION ( 'NONE',  ( -0.8660254037844387076, -0.4999999999999999445, 0.000000000000000000 ) ) ;
#54 = EDGE_LOOP ( 'NONE', ( #1726, #5225, #176, #5373 ) ) ;
#55 = DIRECTION ( 'NONE',  ( -1.309403304758604751E-15, -3.668761925651101858E-15, 1.000000000000000000 ) ) ;
#56 = CYLINDRICAL_SURFACE ( 'NONE', #4378, 1.200000000000020828 ) ;
#57 = ORIENTED_EDGE ( 'NONE', *, *, #5361, .F. ) ;
#58 = LINE ( 'NONE', #8116, #9246 ) ;
#59 = FACE_OUTER_BOUND ( 'NONE', #8946, .T. ) ;
#60 = ORIENTED_EDGE ( 'NONE', *, *, #883, .T. ) ;
#61 = CARTESIAN_POINT ( 'NONE',  ( 124.5594733917879893, 112.1587965372630009, 144.8001160567399950 ) ) ;
#62 = VECTOR ( 'NONE', #3371, 1000.000000000000000 ) ;
#63 = VECTOR ( 'NONE', #3287, 1000.000000000000000 ) ;
#64 = EDGE_LOOP ( 'NONE', ( #4907, #8471, #6234, #7102 ) ) ;
#65 = DIRECTION ( 'NONE',  ( 1.000000000000000000, 8.665997627273779712E-31, 2.565650692572349989E-45 ) ) ;
#66 = EDGE_CURVE ( 'NONE', #1757, #812, #4131, .T. ) ;
#67 = VECTOR ( 'NONE', #6958, 1000.000000000000114 ) ;
#68 = CARTESIAN_POINT ( 'NONE',  ( 12.20000000000000462, -6.581793068761736087, 0.000000000000000000 ) ) ;
#69 = CARTESIAN_POINT ( 'NONE',  ( 104.6479001739019878, 47.05879653723739864, 163.8877138373159994 ) ) ;
#70 = ORIENTED_EDGE ( 'NONE', *, *, #4613, .T. ) ;
#71 = CARTESIAN_POINT ( 'NONE',  ( 103.8479001739019907, 52.85920973258589584, 168.8506934941869986 ) ) ;
#72 = DIRECTION ( 'NONE',  ( 0.000000000000000000, 0.000000000000000000, -1.000000000000000000 ) ) ;
#73 = ORIENTED_EDGE ( 'NONE', *, *, #8343, .F. ) ;
#74 = VECTOR ( 'NONE', #8103, 1000.000000000000000 ) ;
#75 = AXIS2_PLACEMENT_3D ( 'NONE', #1706, #1032, #2533 ) ;
#76 = VERTEX_POINT ( 'NONE', #7729 ) ;
#77 = ADVANCED_FACE ( 'NONE', ( #4031 ), #2628, .T. ) ;
#78 = CARTESIAN_POINT ( 'NONE',  ( 124.3594733917878159, 85.18558278779909188, 145.4301932445418686 ) ) ;
#79 = ORIENTED_EDGE ( 'NONE', *, *, #338, .T. ) ;
#80 = CARTESIAN_POINT ( 'NONE',  ( 114.9252871431545913, 102.7604810201803929, 180.5151565333233634 ) ) ;
#81 = PLANE ( 'NONE',  #8964 ) ;
#82 = VERTEX_POINT ( 'NONE', #6200 ) ;
#83 = CARTESIAN_POINT ( 'NONE',  ( 121.5594733917879893, 50.85900246190720253, 175.1500716728239979 ) ) ;
#84 = LINE ( 'NONE', #2171, #3640 ) ;
#85 = ADVANCED_FACE ( 'NONE', ( #5660 ), #5567, .F. ) ;
#86 = CIRCLE ( 'NONE', #4115, 1.599999999999996536 ) ;
#87 = CARTESIAN_POINT ( 'NONE',  ( 18.40000000000001634, -16.62768775266123811, 0.5999999999999999778 ) ) ;
#88 = DIRECTION ( 'NONE',  ( 0.8660254037844382635, 0.5000000000000006661, 0.000000000000000000 ) ) ;
#89 = CARTESIAN_POINT ( 'NONE',  ( 124.9594733917879950, 49.15900246190719969, 175.1500716728239979 ) ) ;
#90 =( LENGTH_UNIT ( ) NAMED_UNIT ( * ) SI_UNIT ( .MILLI., .METRE. ) );
#91 = DIRECTION ( 'NONE',  ( 1.000000000000000000, -2.818307069383400157E-16, -1.101446463910524043E-30 ) ) ;
#92 = EDGE_LOOP ( 'NONE', ( #309, #8349, #7382, #4644, #7697 ) ) ;
#93 = AXIS2_PLACEMENT_3D ( 'NONE', #4175, #7730, #7105 ) ;
#94 = LINE ( 'NONE', #8045, #7116 ) ;
#95 = AXIS2_PLACEMENT_3D ( 'NONE', #3481, #7224, #3619 ) ;
#96 = CARTESIAN_POINT ( 'NONE',  ( -0.4000000000000074052, -2.614739876170435969E-16, 0.5999999999999999778 ) ) ;
#97 = ORIENTED_EDGE ( 'NONE', *, *, #6451, .T. ) ;
#98 = EDGE_CURVE ( 'NONE', #1431, #3997, #4173, .T. ) ;
#99 = ADVANCED_FACE ( 'NONE', ( #6245 ), #4898, .F. ) ;
#100 = VERTEX_POINT ( 'NONE', #9119 ) ;
#101 = CARTESIAN_POINT ( 'NONE',  ( 109.9594733917879239, 107.9516897560760071, 181.0501160567390002 ) ) ;
#102 = FACE_BOUND ( 'NONE', #1413, .T. ) ;
#103 = ORIENTED_EDGE ( 'NONE', *, *, #988, .T. ) ;
#104 = DIRECTION ( 'NONE',  ( -0.7071067811865324737, 0.7071067811865625607, 0.000000000000000000 ) ) ;
#105 = DIRECTION ( 'NONE',  ( -1.000000000000000000, 5.105890005208150104E-44, -5.105890005209050201E-44 ) ) ;
#106 = EDGE_LOOP ( 'NONE', ( #5444, #721, #4406, #8789 ) ) ;
#107 = DIRECTION ( 'NONE',  ( -1.000000000000000000, 5.292037523355240942E-16, -3.285328468285960224E-15 ) ) ;
#108 = DIRECTION ( 'NONE',  ( 0.000000000000000000, -1.000000000000000000, 0.000000000000000000 ) ) ;
#109 = ORIENTED_EDGE ( 'NONE', *, *, #8275, .T. ) ;
#110 = VECTOR ( 'NONE', #8523, 1000.000000000000227 ) ;
#111 = DIRECTION ( 'NONE',  ( 0.000000000000000000, -1.000000000000000000, 0.000000000000000000 ) ) ;
#112 = ADVANCED_FACE ( 'NONE', ( #8484 ), #4796, .T. ) ;
#113 = VERTEX_POINT ( 'NONE', #8535 ) ;
#114 = VERTEX_POINT ( 'NONE', #7780 ) ;
#115 = LINE ( 'NONE', #3173, #5158 ) ;
#116 = DIRECTION ( 'NONE',  ( -1.000000000000000000, 1.850371707708592551E-14, 0.000000000000000000 ) ) ;
#117 = PLANE ( 'NONE',  #1440 ) ;
#118 = ORIENTED_EDGE ( 'NONE', *, *, #8578, .T. ) ;
#119 = DIRECTION ( 'NONE',  ( 0.000000000000000000, 1.000000000000000000, 0.000000000000000000 ) ) ;
#120 = DIRECTION ( 'NONE',  ( 0.000000000000000000, -1.000000000000000000, 0.000000000000000000 ) ) ;
#121 = EDGE_CURVE ( 'NONE', #3868, #7387, #5182, .T. ) ;
#122 = AXIS2_PLACEMENT_3D ( 'NONE', #8609, #2804, #4971 ) ;
#123 = APPLICATION_CONTEXT ( 'automotive_design' ) ;
#124 = ORIENTED_EDGE ( 'NONE', *, *, #1373, .F. ) ;
#125 = ORIENTED_EDGE ( 'NONE', *, *, #2221, .F. ) ;
#126 = DIRECTION ( 'NONE',  ( -5.923677312709590618E-16, -1.000000000000000000, -3.643637931777490340E-15 ) ) ;
#127 = DIRECTION ( 'NONE',  ( -0.8660254037844384856, 0.5000000000000002220, 0.000000000000000000 ) ) ;
#128 = CARTESIAN_POINT ( 'NONE',  ( -5.600000000000001421, 2.771281292110205019, 0.5999999999999999778 ) ) ;
#129 = VECTOR ( 'NONE', #2465, 1000.000000000000114 ) ;
#130 = LINE ( 'NONE', #2808, #9 ) ;
#131 = ORIENTED_EDGE ( 'NONE', *, *, #1488, .F. ) ;
#132 = DIRECTION ( 'NONE',  ( -1.000000000000000000, 0.000000000000000000, 0.000000000000000000 ) ) ;
#133 = DIRECTION ( 'NONE',  ( -1.000000000000000000, -3.659954016805839962E-31, 8.552847072295020234E-47 ) ) ;
#134 = CARTESIAN_POINT ( 'NONE',  ( 117.4594733917879950, 74.36797539389039002, 167.0501160567390002 ) ) ;
#135 = CARTESIAN_POINT ( 'NONE',  ( -6.199999999999999289, -10.73871500692703940, 0.5999999999999999778 ) ) ;
#136 = CARTESIAN_POINT ( 'NONE',  ( 121.5594733917879893, 53.33084388076910187, 137.7001160632310075 ) ) ;
#137 =( NAMED_UNIT ( * ) SI_UNIT ( $, .STERADIAN. ) SOLID_ANGLE_UNIT ( ) );
#138 = EDGE_CURVE ( 'NONE', #4706, #8004, #9165, .T. ) ;
#139 = EDGE_LOOP ( 'NONE', ( #7683, #4778, #7158, #8421 ) ) ;
#140 = DIRECTION ( 'NONE',  ( 0.000000000000000000, -1.000000000000000000, -2.960594732333740256E-15 ) ) ;
#141 = FACE_BOUND ( 'NONE', #5302, .T. ) ;
#142 = ORIENTED_EDGE ( 'NONE', *, *, #9230, .T. ) ;
#143 = EDGE_CURVE ( 'NONE', #3707, #5177, #3267, .T. ) ;
#144 = VERTEX_POINT ( 'NONE', #1804 ) ;
#145 = LINE ( 'NONE', #4506, #1630 ) ;
#146 = DIRECTION ( 'NONE',  ( 0.000000000000000000, 0.000000000000000000, -1.000000000000000000 ) ) ;
#147 = VERTEX_POINT ( 'NONE', #6385 ) ;
#148 = EDGE_CURVE ( 'NONE', #3258, #763, #4752, .T. ) ;
#149 = DIRECTION ( 'NONE',  ( 2.320179133002970108E-30, 2.960594732333740256E-15, -1.000000000000000000 ) ) ;
#150 = CARTESIAN_POINT ( 'NONE',  ( 109.9594733917879381, 112.0123499278559933, 177.1965626661460362 ) ) ;
#151 = ORIENTED_EDGE ( 'NONE', *, *, #1102, .F. ) ;
#152 = CARTESIAN_POINT ( 'NONE',  ( 124.3594733917878017, 101.9855827877990606, 152.3583964748174537 ) ) ;
#153 = LINE ( 'NONE', #1415, #4396 ) ;
#154 = VERTEX_POINT ( 'NONE', #9210 ) ;
#155 = DIRECTION ( 'NONE',  ( 0.000000000000000000, 0.000000000000000000, 1.000000000000000000 ) ) ;
#156 = EDGE_LOOP ( 'NONE', ( #6663, #8996, #8193, #4076, #7782, #1575, #3238, #3039, #5624, #3902, #7426, #4712, #5422, #839, #9007, #846, #6404, #6886 ) ) ;
#157 = VERTEX_POINT ( 'NONE', #8581 ) ;
#158 = VECTOR ( 'NONE', #9323, 1000.000000000000000 ) ;
#159 = FACE_OUTER_BOUND ( 'NONE', #252, .T. ) ;
#160 = AXIS2_PLACEMENT_3D ( 'NONE', #5996, #978, #6044 ) ;
#161 = ORIENTED_EDGE ( 'NONE', *, *, #121, .T. ) ;
#162 = EDGE_CURVE ( 'NONE', #1808, #2331, #7684, .T. ) ;
#163 = CARTESIAN_POINT ( 'NONE',  ( 104.1412005329670052, 112.1587965372630009, 176.8430092755530154 ) ) ;
#164 = DIRECTION ( 'NONE',  ( 0.000000000000000000, 0.000000000000000000, -1.000000000000000000 ) ) ;
#165 = ORIENTED_EDGE ( 'NONE', *, *, #4043, .F. ) ;
#166 = CARTESIAN_POINT ( 'NONE',  ( 124.0592155665779899, 48.37595720608260308, 181.0501160567390002 ) ) ;
#167 = LINE ( 'NONE', #6685, #2391 ) ;
#168 = VECTOR ( 'NONE', #2541, 1000.000000000000000 ) ;
#169 = VECTOR ( 'NONE', #9428, 999.9999999999998863 ) ;
#170 = EDGE_LOOP ( 'NONE', ( #5392, #985, #7570, #4410 ) ) ;
#171 = ORIENTED_EDGE ( 'NONE', *, *, #1663, .T. ) ;
#172 = CARTESIAN_POINT ( 'NONE',  ( 124.9594733917878102, 90.58558278779905493, 152.7048066363311705 ) ) ;
#173 = EDGE_CURVE ( 'NONE', #3042, #5887, #1931, .T. ) ;
#174 = DIRECTION ( 'NONE',  ( 0.000000000000000000, 0.000000000000000000, -1.000000000000000000 ) ) ;
#175 = CARTESIAN_POINT ( 'NONE',  ( 124.3594733917878301, 96.58558278779912598, 134.6914782376148878 ) ) ;
#176 = ORIENTED_EDGE ( 'NONE', *, *, #544, .T. ) ;
#177 = CARTESIAN_POINT ( 'NONE',  ( 124.9594733917878244, 85.18558278779910609, 142.6589119524316516 ) ) ;
#178 = DIRECTION ( 'NONE',  ( -1.309403304758604751E-15, -3.668761925651101858E-15, 1.000000000000000000 ) ) ;
#179 = CARTESIAN_POINT ( 'NONE',  ( 124.9594733917878244, 96.78558278779910040, 141.5042114140524632 ) ) ;
#180 = LINE ( 'NONE', #7473, #3836 ) ;
#181 = ADVANCED_FACE ( 'NONE', ( #1077 ), #451, .T. ) ;
#182 = DIRECTION ( 'NONE',  ( -0.7071067811865631159, 0.000000000000000000, 0.7071067811865320296 ) ) ;
#183 = ORIENTED_EDGE ( 'NONE', *, *, #2463, .F. ) ;
#184 = LINE ( 'NONE', #1786, #2816 ) ;
#185 = CARTESIAN_POINT ( 'NONE',  ( 103.4479001739019992, 50.26042322691870368, 170.4379381348119864 ) ) ;
#186 = EDGE_LOOP ( 'NONE', ( #1741, #1105, #8712, #3665 ) ) ;
#187 = EDGE_CURVE ( 'NONE', #7786, #1159, #4941, .T. ) ;
#188 = ORIENTED_EDGE ( 'NONE', *, *, #5520, .T. ) ;
#189 = VECTOR ( 'NONE', #5551, 999.9999999999998863 ) ;
#190 = CARTESIAN_POINT ( 'NONE',  ( 121.5594733917879893, 50.85900246190720253, 175.1500716728239979 ) ) ;
#191 = FACE_OUTER_BOUND ( 'NONE', #8869, .T. ) ;
#192 = ORIENTED_EDGE ( 'NONE', *, *, #4642, .F. ) ;
#193 = AXIS2_PLACEMENT_3D ( 'NONE', #7944, #1340, #4291 ) ;
#194 = DIRECTION ( 'NONE',  ( -6.503944880413212681E-16, -0.8660254037844400399, 0.4999999999999976130 ) ) ;
#195 = DIRECTION ( 'NONE',  ( 0.000000000000000000, 0.000000000000000000, 1.000000000000000000 ) ) ;
#196 = VERTEX_POINT ( 'NONE', #4218 ) ;
#197 = CARTESIAN_POINT ( 'NONE',  ( 124.3594733917878017, 90.98558278779906061, 152.7048066363311705 ) ) ;
#198 = LINE ( 'NONE', #4609, #4708 ) ;
#199 = VERTEX_POINT ( 'NONE', #3635 ) ;
#200 = VECTOR ( 'NONE', #4535, 1000.000000000000114 ) ;
#201 = CARTESIAN_POINT ( 'NONE',  ( 105.2908226684699997, 108.3052431466700085, 180.9036694473319926 ) ) ;
#202 = EDGE_CURVE ( 'NONE', #3779, #6074, #4411, .T. ) ;
#203 = VERTEX_POINT ( 'NONE', #1359 ) ;
#204 = AXIS2_PLACEMENT_3D ( 'NONE', #8202, #2922, #3017 ) ;
#205 = ORIENTED_EDGE ( 'NONE', *, *, #5531, .T. ) ;
#206 = PLANE ( 'NONE',  #1911 ) ;
#207 = VERTEX_POINT ( 'NONE', #2772 ) ;
#208 = LINE ( 'NONE', #1037, #1075 ) ;
#209 = DIRECTION ( 'NONE',  ( -1.000000000000000000, -3.659954016805839962E-31, 0.000000000000000000 ) ) ;
#210 = VERTEX_POINT ( 'NONE', #5798 ) ;
#211 = DIRECTION ( 'NONE',  ( 0.000000000000000000, 0.1260168930201986948, -0.9920280957077455275 ) ) ;
#212 = VECTOR ( 'NONE', #3926, 1000.000000000000227 ) ;
#213 = DIRECTION ( 'NONE',  ( 1.000000000000000000, 4.956813833441529999E-32, 2.490973455733690320E-30 ) ) ;
#214 = VECTOR ( 'NONE', #8522, 1000.000000000000000 ) ;
#215 = EDGE_CURVE ( 'NONE', #7083, #3629, #8688, .T. ) ;
#216 = ORIENTED_EDGE ( 'NONE', *, *, #8049, .T. ) ;
#217 = ADVANCED_FACE ( 'NONE', ( #5895 ), #2139, .T. ) ;
#218 = ORIENTED_EDGE ( 'NONE', *, *, #6781, .F. ) ;
#219 = AXIS2_PLACEMENT_3D ( 'NONE', #7120, #9410, #5817 ) ;
#220 = AXIS2_PLACEMENT_3D ( 'NONE', #4326, #7073, #3599 ) ;
#221 = CARTESIAN_POINT ( 'NONE',  ( 117.4594733917879950, 74.36797539389050371, 130.0501160567390002 ) ) ;
#222 = DIRECTION ( 'NONE',  ( 1.000000000000000000, 0.000000000000000000, 1.021178001041630021E-43 ) ) ;
#223 = VERTEX_POINT ( 'NONE', #4264 ) ;
#224 = CARTESIAN_POINT ( 'NONE',  ( 12.00000000000000355, 0.4618802153516997633, 0.5999999999999999778 ) ) ;
#225 = EDGE_LOOP ( 'NONE', ( #4803, #6285, #5415, #5824 ) ) ;
#226 = CARTESIAN_POINT ( 'NONE',  ( 12.20000000000000462, -0.3464101615137767931, 0.000000000000000000 ) ) ;
#227 = VECTOR ( 'NONE', #7970, 1000.000000000000000 ) ;
#228 = CARTESIAN_POINT ( 'NONE',  ( 124.3594733917878159, 107.9855827877991032, 141.9660916294041897 ) ) ;
#229 = EDGE_CURVE ( 'NONE', #5436, #7606, #3, .T. ) ;
#230 = CARTESIAN_POINT ( 'NONE',  ( 124.9594733917877960, 93.98558278779901798, 160.6722403511480195 ) ) ;
#231 = AXIS2_PLACEMENT_3D ( 'NONE', #7285, #548, #2239 ) ;
#232 = VECTOR ( 'NONE', #8292, 1000.000000000000114 ) ;
#233 = DIRECTION ( 'NONE',  ( 0.000000000000000000, -1.000000000000000000, 0.000000000000000000 ) ) ;
#234 =( NAMED_UNIT ( * ) PLANE_ANGLE_UNIT ( ) SI_UNIT ( $, .RADIAN. ) );
#235 = UNCERTAINTY_MEASURE_WITH_UNIT (LENGTH_MEASURE( 1.000000000000000082E-05 ), #7565, 'distance_accuracy_value', 'NONE');
#236 = EDGE_LOOP ( 'NONE', ( #2313, #5429, #6170, #6300 ) ) ;
#237 = DIRECTION ( 'NONE',  ( 0.8660254037844385966, -0.4999999999999999445, 0.000000000000000000 ) ) ;
#238 = DIRECTION ( 'NONE',  ( 4.973484979955806453E-18, -1.000000000000000000, -3.668761925651101858E-15 ) ) ;
#239 = VERTEX_POINT ( 'NONE', #5700 ) ;
#240 = ADVANCED_FACE ( 'NONE', ( #5131 ), #5077, .T. ) ;
#241 = VECTOR ( 'NONE', #5595, 1000.000000000000000 ) ;
#242 = ORIENTED_EDGE ( 'NONE', *, *, #760, .T. ) ;
#243 = LINE ( 'NONE', #3830, #2728 ) ;
#244 = CARTESIAN_POINT ( 'NONE',  ( -3.200000000000003286, -5.542562584220415367, 0.5999999999999999778 ) ) ;
#245 = AXIS2_PLACEMENT_3D ( 'NONE', #4032, #2675, #3316 ) ;
#246 = VERTEX_POINT ( 'NONE', #2039 ) ;
#247 = FACE_OUTER_BOUND ( 'NONE', #5061, .T. ) ;
#248 = LINE ( 'NONE', #3211, #675 ) ;
#249 = ORIENTED_EDGE ( 'NONE', *, *, #1844, .T. ) ;
#250 = DIRECTION ( 'NONE',  ( -0.4999999999999998890, 0.8660254037844387076, 0.000000000000000000 ) ) ;
#251 = DIRECTION ( 'NONE',  ( 0.8660254037844384856, -0.5000000000000002220, 0.000000000000000000 ) ) ;
#252 = EDGE_LOOP ( 'NONE', ( #6415, #6452 ) ) ;
#253 = LINE ( 'NONE', #984, #3939 ) ;
#254 = EDGE_CURVE ( 'NONE', #3948, #2253, #8623, .T. ) ;
#255 = ADVANCED_FACE ( 'NONE', ( #6518 ), #2087, .F. ) ;
#256 = VECTOR ( 'NONE', #8675, 1000.000000000000000 ) ;
#257 = AXIS2_PLACEMENT_3D ( 'NONE', #774, #3719, #6701 ) ;
#258 = ORIENTED_EDGE ( 'NONE', *, *, #5511, .T. ) ;
#259 = ORIENTED_EDGE ( 'NONE', *, *, #6366, .F. ) ;
#260 = PLANE ( 'NONE',  #3004 ) ;
#261 = ORIENTED_EDGE ( 'NONE', *, *, #8241, .F. ) ;
#262 = DIRECTION ( 'NONE',  ( 6.503944880413204792E-16, 0.8660254037844403729, -0.4999999999999969469 ) ) ;
#263 = CARTESIAN_POINT ( 'NONE',  ( 124.3594733917878159, 84.38558278779910893, 141.7351515217282554 ) ) ;
#264 = ORIENTED_EDGE ( 'NONE', *, *, #5478, .T. ) ;
#265 = CARTESIAN_POINT ( 'NONE',  ( 124.9594733917878102, 102.3855827877990663, 153.0512167978450009 ) ) ;
#266 = EDGE_CURVE ( 'NONE', #6881, #5943, #6054, .T. ) ;
#267 = DIRECTION ( 'NONE',  ( 1.000000000000000000, -2.818307069383390296E-16, -1.101446463910520015E-30 ) ) ;
#268 = EDGE_CURVE ( 'NONE', #1751, #6881, #7916, .T. ) ;
#269 = ORIENTED_EDGE ( 'NONE', *, *, #6407, .F. ) ;
#270 = ORIENTED_EDGE ( 'NONE', *, *, #3864, .F. ) ;
#271 = CARTESIAN_POINT ( 'NONE',  ( 124.9594733917878102, 105.5855827877990691, 150.2799355057347839 ) ) ;
#272 = CARTESIAN_POINT ( 'NONE',  ( 11.20000000000000284, -6.928203230275511437, 0.000000000000000000 ) ) ;
#273 = ORIENTED_EDGE ( 'NONE', *, *, #4323, .T. ) ;
#274 = CARTESIAN_POINT ( 'NONE',  ( 124.9594733917878102, 84.98558278779904640, 155.4760879284413591 ) ) ;
#275 = EDGE_CURVE ( 'NONE', #1990, #3868, #4408, .T. ) ;
#276 = DIRECTION ( 'NONE',  ( -6.503944880413200848E-16, -0.8660254037844405950, 0.4999999999999966138 ) ) ;
#277 = EDGE_LOOP ( 'NONE', ( #1509, #5376, #1485, #7479 ) ) ;
#278 = PLANE ( 'NONE',  #511 ) ;
#279 = DIRECTION ( 'NONE',  ( 0.8660254037844383745, 0.5000000000000003331, 0.000000000000000000 ) ) ;
#280 = LINE ( 'NONE', #9231, #9478 ) ;
#281 = VECTOR ( 'NONE', #1384, 1000.000000000000000 ) ;
#282 = DIRECTION ( 'NONE',  ( -1.332169591021890008E-15, -2.960594732333740256E-15, 1.000000000000000000 ) ) ;
#283 = LINE ( 'NONE', #8512, #2229 ) ;
#284 = EDGE_CURVE ( 'NONE', #5815, #8500, #3494, .T. ) ;
#285 = ADVANCED_FACE ( 'NONE', ( #5031 ), #7237, .T. ) ;
#286 = ORIENTED_EDGE ( 'NONE', *, *, #8407, .T. ) ;
#287 = DIRECTION ( 'NONE',  ( -1.504038028001425744E-18, 1.000000000000000000, 3.668761925651101070E-15 ) ) ;
#288 = DIRECTION ( 'NONE',  ( 0.000000000000000000, 0.7071067811865550112, -0.7071067811865400232 ) ) ;
#289 = CIRCLE ( 'NONE', #8901, 3.000000000000002665 ) ;
#290 = ORIENTED_EDGE ( 'NONE', *, *, #3415, .T. ) ;
#291 = CARTESIAN_POINT ( 'NONE',  ( 0.3999999999999971911, -6.928203230275511437, 0.000000000000000000 ) ) ;
#292 = CARTESIAN_POINT ( 'NONE',  ( 104.6479001739019878, 47.75879991855730111, 180.8501160567390116 ) ) ;
#293 = CIRCLE ( 'NONE', #2312, 2.350000000000004974 ) ;
#294 = EDGE_LOOP ( 'NONE', ( #2534, #4451, #3123, #3488 ) ) ;
#295 = LINE ( 'NONE', #6094, #9239 ) ;
#296 = ADVANCED_FACE ( 'NONE', ( #6623 ), #1457, .T. ) ;
#297 = LINE ( 'NONE', #1027, #4219 ) ;
#298 = EDGE_LOOP ( 'NONE', ( #5623, #7757, #1885, #9162 ) ) ;
#299 = LINE ( 'NONE', #7678, #6953 ) ;
#300 = CARTESIAN_POINT ( 'NONE',  ( 124.9594733917879950, 111.7587965372629952, 144.8001160567399950 ) ) ;
#301 = EDGE_LOOP ( 'NONE', ( #8008, #3023, #5245, #604 ) ) ;
#302 = LINE ( 'NONE', #348, #4709 ) ;
#303 = VERTEX_POINT ( 'NONE', #9350 ) ;
#304 = DIRECTION ( 'NONE',  ( -6.590088167172844687E-16, 0.8660254037844368202, 0.5000000000000032196 ) ) ;
#305 = VERTEX_POINT ( 'NONE', #4984 ) ;
#306 = LINE ( 'NONE', #163, #5092 ) ;
#307 = ADVANCED_FACE ( 'NONE', ( #7193 ), #9391, .F. ) ;
#308 = FACE_OUTER_BOUND ( 'NONE', #6606, .T. ) ;
#309 = ORIENTED_EDGE ( 'NONE', *, *, #6668, .T. ) ;
#310 = LINE ( 'NONE', #6110, #1244 ) ;
#311 = LINE ( 'NONE', #6206, #4861 ) ;
#312 = ORIENTED_EDGE ( 'NONE', *, *, #7562, .F. ) ;
#313 = AXIS2_PLACEMENT_3D ( 'NONE', #5769, #4147, #5004 ) ;
#314 = VECTOR ( 'NONE', #2336, 1000.000000000000000 ) ;
#315 = ORIENTED_EDGE ( 'NONE', *, *, #6694, .F. ) ;
#316 = EDGE_CURVE ( 'NONE', #778, #6015, #145, .T. ) ;
#317 = CARTESIAN_POINT ( 'NONE',  ( 121.7594733917879921, 49.15900246190749812, 134.3001160632310018 ) ) ;
#318 = EDGE_CURVE ( 'NONE', #592, #9349, #9314, .T. ) ;
#319 = CARTESIAN_POINT ( 'NONE',  ( 117.4594733917879950, 74.36797539389039002, 181.0501160567390002 ) ) ;
#320 = EDGE_LOOP ( 'NONE', ( #5822, #2585, #8837, #4953 ) ) ;
#321 = DIRECTION ( 'NONE',  ( 0.000000000000000000, -1.000000000000000000, 0.000000000000000000 ) ) ;
#322 = CARTESIAN_POINT ( 'NONE',  ( 124.3594733917878017, 85.18558278779906345, 156.0534381976309817 ) ) ;
#323 = AXIS2_PLACEMENT_3D ( 'NONE', #4904, #4318, #4950 ) ;
#324 = ORIENTED_EDGE ( 'NONE', *, *, #3581, .F. ) ;
#325 = VECTOR ( 'NONE', #3577, 1000.000000000000114 ) ;
#326 = CARTESIAN_POINT ( 'NONE',  ( 97.10416572089670240, 111.6587965372630009, 130.5501160567390002 ) ) ;
#327 = LINE ( 'NONE', #6172, #1172 ) ;
#328 = ADVANCED_FACE ( 'NONE', ( #6039 ), #51, .F. ) ;
#329 = VECTOR ( 'NONE', #4958, 1000.000000000000000 ) ;
#330 = CARTESIAN_POINT ( 'NONE',  ( 124.3594733917878159, 96.58558278779911177, 141.6196814678903593 ) ) ;
#331 = FACE_OUTER_BOUND ( 'NONE', #4845, .T. ) ;
#332 = CARTESIAN_POINT ( 'NONE',  ( 103.6479001739019878, 50.05879653723820155, 168.8506931385969949 ) ) ;
#333 = VERTEX_POINT ( 'NONE', #5270 ) ;
#334 = CARTESIAN_POINT ( 'NONE',  ( 103.4479001739019992, 68.71945043848040768, 165.2113888862240003 ) ) ;
#335 = LINE ( 'NONE', #185, #2864 ) ;
#336 = ADVANCED_FACE ( 'NONE', ( #4646 ), #8154, .F. ) ;
#337 = EDGE_LOOP ( 'NONE', ( #2890, #7205, #1204, #3390 ) ) ;
#338 = EDGE_CURVE ( 'NONE', #6571, #9311, #3105, .T. ) ;
#339 = DIRECTION ( 'NONE',  ( 6.590088167172850604E-16, -0.8660254037844365982, -0.5000000000000035527 ) ) ;
#340 = DIRECTION ( 'NONE',  ( 0.8660254037844384856, 0.5000000000000002220, 0.000000000000000000 ) ) ;
#341 = ORIENTED_EDGE ( 'NONE', *, *, #2158, .T. ) ;
#342 = DIRECTION ( 'NONE',  ( 6.503944880413206764E-16, 0.8660254037844403729, -0.4999999999999970579 ) ) ;
#343 = DIRECTION ( 'NONE',  ( 0.5000000000000031086, -0.5000000000000052180, 0.7071067811865417996 ) ) ;
#344 = ORIENTED_EDGE ( 'NONE', *, *, #7690, .F. ) ;
#345 = DIRECTION ( 'NONE',  ( -0.8660254037844387076, -0.4999999999999998890, 0.000000000000000000 ) ) ;
#346 = CARTESIAN_POINT ( 'NONE',  ( 124.3594733917878017, 84.58558278779901229, 162.4042911587168874 ) ) ;
#347 = VERTEX_POINT ( 'NONE', #3155 ) ;
#348 = CARTESIAN_POINT ( 'NONE',  ( 124.9594733917878244, 72.38558278779906630, 145.4301932445418117 ) ) ;
#349 = AXIS2_PLACEMENT_3D ( 'NONE', #6899, #287, #3252 ) ;
#350 = ORIENTED_EDGE ( 'NONE', *, *, #2879, .F. ) ;
#351 = EDGE_CURVE ( 'NONE', #424, #4473, #8297, .T. ) ;
#352 = DIRECTION ( 'NONE',  ( -1.332169591021890008E-15, 0.000000000000000000, 1.000000000000000000 ) ) ;
#353 = CARTESIAN_POINT ( 'NONE',  ( 124.3594733917878159, 96.38558278779909472, 142.6589119524316800 ) ) ;
#354 = VERTEX_POINT ( 'NONE', #8198 ) ;
#355 = LINE ( 'NONE', #5481, #622 ) ;
#356 = VECTOR ( 'NONE', #7988, 1000.000000000000000 ) ;
#357 = PLANE ( 'NONE',  #523 ) ;
#358 = VERTEX_POINT ( 'NONE', #8107 ) ;
#359 = CARTESIAN_POINT ( 'NONE',  ( 124.5594733917879893, 112.0123499278559933, 177.1965626661460078 ) ) ;
#360 = LINE ( 'NONE', #4714, #6399 ) ;
#361 = VECTOR ( 'NONE', #2202, 1000.000000000000000 ) ;
#362 = ORIENTED_EDGE ( 'NONE', *, *, #5763, .T. ) ;
#363 = EDGE_LOOP ( 'NONE', ( #192, #6161 ) ) ;
#364 = CIRCLE ( 'NONE', #8829, 3.000000000000002665 ) ;
#365 = DIRECTION ( 'NONE',  ( 1.136463268210227383E-15, -0.4999999999999966138, -0.8660254037844405950 ) ) ;
#366 = VECTOR ( 'NONE', #2066, 1000.000000000000000 ) ;
#367 = CARTESIAN_POINT ( 'NONE',  ( 6.200000000000001954, -3.810511776651529292, 0.000000000000000000 ) ) ;
#368 = ORIENTED_EDGE ( 'NONE', *, *, #3636, .T. ) ;
#369 = FACE_BOUND ( 'NONE', #7457, .T. ) ;
#370 = LINE ( 'NONE', #1284, #3168 ) ;
#371 = VERTEX_POINT ( 'NONE', #1595 ) ;
#372 = CARTESIAN_POINT ( 'NONE',  ( 124.5594733917879893, 47.05879653723749811, 144.8376160567389945 ) ) ;
#373 = LINE ( 'NONE', #1194, #6556 ) ;
#374 = VECTOR ( 'NONE', #6830, 1000.000000000000000 ) ;
#375 = AXIS2_PLACEMENT_3D ( 'NONE', #2601, #5672, #7795 ) ;
#376 = EDGE_CURVE ( 'NONE', #4737, #15, #3733, .T. ) ;
#377 = PLANE ( 'NONE',  #9487 ) ;
#378 = LINE ( 'NONE', #3197, #129 ) ;
#379 = LINE ( 'NONE', #5407, #5308 ) ;
#380 = AXIS2_PLACEMENT_3D ( 'NONE', #6815, #3214, #6287 ) ;
#381 = VECTOR ( 'NONE', #943, 1000.000000000000000 ) ;
#382 = ORIENTED_EDGE ( 'NONE', *, *, #6880, .F. ) ;
#383 = DIRECTION ( 'NONE',  ( -0.000000000000000000, -0.000000000000000000, -1.000000000000000000 ) ) ;
#384 = EDGE_CURVE ( 'NONE', #7274, #6049, #2429, .T. ) ;
#385 = LINE ( 'NONE', #2800, #6248 ) ;
#386 = VERTEX_POINT ( 'NONE', #9014 ) ;
#387 = AXIS2_PLACEMENT_3D ( 'NONE', #640, #2185, #7870 ) ;
#388 = VECTOR ( 'NONE', #1261, 1000.000000000000000 ) ;
#389 = CARTESIAN_POINT ( 'NONE',  ( 105.8479001739020049, 52.85920973258589584, 168.8506934941869986 ) ) ;
#390 = DIRECTION ( 'NONE',  ( -6.590088167172847646E-16, 0.8660254037844365982, 0.5000000000000034417 ) ) ;
#391 = EDGE_LOOP ( 'NONE', ( #2363, #6805, #8974, #3825 ) ) ;
#392 = CARTESIAN_POINT ( 'NONE',  ( 103.4479001739019992, 47.65879653723820297, 149.1503116178919868 ) ) ;
#393 = DIRECTION ( 'NONE',  ( 5.007715329123860808E-16, -1.000000000000000000, 0.000000000000000000 ) ) ;
#394 = EDGE_LOOP ( 'NONE', ( #3326, #4010, #1570, #3513, #3873 ) ) ;
#395 = CARTESIAN_POINT ( 'NONE',  ( 23.60000000000000497, -13.62546635287518626, 0.5999999999999999778 ) ) ;
#396 = EDGE_CURVE ( 'NONE', #196, #1058, #243, .T. ) ;
#397 = LINE ( 'NONE', #8433, #7160 ) ;
#398 = EDGE_CURVE ( 'NONE', #7475, #2498, #5946, .T. ) ;
#399 = ORIENTED_EDGE ( 'NONE', *, *, #8285, .T. ) ;
#400 = DIRECTION ( 'NONE',  ( 0.000000000000000000, -0.8070317052209986519, 0.5905081089774187886 ) ) ;
#401 = ORIENTED_EDGE ( 'NONE', *, *, #6845, .F. ) ;
#402 = DIRECTION ( 'NONE',  ( 1.000000000000000000, -1.684925824262390165E-30, 1.332169591021890008E-15 ) ) ;
#403 = AXIS2_PLACEMENT_3D ( 'NONE', #2817, #4311, #3585 ) ;
#404 = SURFACE_STYLE_USAGE ( .BOTH. , #9351 ) ;
#405 = AXIS2_PLACEMENT_3D ( 'NONE', #530, #1249, #3480 ) ;
#406 = VERTEX_POINT ( 'NONE', #6141 ) ;
#407 = FACE_OUTER_BOUND ( 'NONE', #7071, .T. ) ;
#408 = CARTESIAN_POINT ( 'NONE',  ( 124.3594733917878159, 108.9855827877991032, 142.3125017909179917 ) ) ;
#409 = ORIENTED_EDGE ( 'NONE', *, *, #3154, .F. ) ;
#410 = CARTESIAN_POINT ( 'NONE',  ( 104.6479001739019878, 64.97521789348009236, 181.0501160567390002 ) ) ;
#411 = ADVANCED_FACE ( 'NONE', ( #9061 ), #8961, .F. ) ;
#412 = DIRECTION ( 'NONE',  ( 6.590088167172854548E-16, -0.8660254037844363761, -0.5000000000000038858 ) ) ;
#413 = EDGE_CURVE ( 'NONE', #6277, #5369, #2378, .T. ) ;
#414 = AXIS2_PLACEMENT_3D ( 'NONE', #6665, #2818, #687 ) ;
#415 = VERTEX_POINT ( 'NONE', #8248 ) ;
#416 = VERTEX_POINT ( 'NONE', #6664 ) ;
#417 = AXIS2_PLACEMENT_3D ( 'NONE', #6313, #3907, #8372 ) ;
#418 = FACE_OUTER_BOUND ( 'NONE', #1278, .T. ) ;
#419 = CYLINDRICAL_SURFACE ( 'NONE', #6395, 3.000000000000002665 ) ;
#420 = ORIENTED_EDGE ( 'NONE', *, *, #4668, .T. ) ;
#421 = FACE_BOUND ( 'NONE', #8160, .T. ) ;
#422 = DIRECTION ( 'NONE',  ( -1.000000000000000000, -1.504038027996622089E-18, -1.309403304758604554E-15 ) ) ;
#423 = EDGE_CURVE ( 'NONE', #8034, #5681, #1647, .T. ) ;
#424 = VERTEX_POINT ( 'NONE', #101 ) ;
#425 = DIRECTION ( 'NONE',  ( 0.000000000000000000, 1.000000000000000000, 0.000000000000000000 ) ) ;
#426 = LINE ( 'NONE', #6409, #4417 ) ;
#427 = FACE_OUTER_BOUND ( 'NONE', #1025, .T. ) ;
#428 = DIRECTION ( 'NONE',  ( -0.8660254037844391517, 0.4999999999999991118, 0.000000000000000000 ) ) ;
#429 = LINE ( 'NONE', #4777, #2063 ) ;
#430 = VECTOR ( 'NONE', #2370, 1000.000000000000000 ) ;
#431 = ADVANCED_FACE ( 'NONE', ( #7527 ), #1506, .F. ) ;
#432 = ORIENTED_EDGE ( 'NONE', *, *, #3154, .T. ) ;
#433 = CARTESIAN_POINT ( 'NONE',  ( 115.9594733917879950, 79.36797539389080214, 129.0501160567390002 ) ) ;
#434 = DIRECTION ( 'NONE',  ( -2.971395491076310577E-31, -2.960594732333740256E-15, 1.000000000000000000 ) ) ;
#435 = VECTOR ( 'NONE', #282, 1000.000000000000000 ) ;
#436 = ORIENTED_EDGE ( 'NONE', *, *, #3406, .T. ) ;
#437 = CARTESIAN_POINT ( 'NONE',  ( 117.4594733917879950, 104.3679753938900063, 180.8501160567390116 ) ) ;
#438 = EDGE_CURVE ( 'NONE', #2664, #5681, #4456, .T. ) ;
#439 = CARTESIAN_POINT ( 'NONE',  ( 124.9594733917878244, 96.58558278779911177, 141.6196814678903877 ) ) ;
#440 = CARTESIAN_POINT ( 'NONE',  ( 17.60000000000001563, 0.000000000000000000, 0.000000000000000000 ) ) ;
#441 = ORIENTED_EDGE ( 'NONE', *, *, #1959, .T. ) ;
#442 = DIRECTION ( 'NONE',  ( 0.000000000000000000, 0.9999999999999895639, -1.437160286610327014E-07 ) ) ;
#443 = EDGE_CURVE ( 'NONE', #2285, #1310, #5992, .T. ) ;
#444 = CARTESIAN_POINT ( 'NONE',  ( -5.600000000000001421, -3.233161507461909334, 0.5999999999999999778 ) ) ;
#445 = ORIENTED_EDGE ( 'NONE', *, *, #5844, .T. ) ;
#446 = LINE ( 'NONE', #2812, #8029 ) ;
#447 = DIRECTION ( 'NONE',  ( -0.000000000000000000, -0.000000000000000000, -1.000000000000000000 ) ) ;
#448 = ORIENTED_EDGE ( 'NONE', *, *, #8888, .T. ) ;
#449 = VERTEX_POINT ( 'NONE', #1882 ) ;
#450 = VECTOR ( 'NONE', #9362, 1000.000000000000000 ) ;
#451 = PLANE ( 'NONE',  #2090 ) ;
#452 = VERTEX_POINT ( 'NONE', #9154 ) ;
#453 = CARTESIAN_POINT ( 'NONE',  ( 11.80000000000000249, 0.3464101615137740175, 0.000000000000000000 ) ) ;
#454 = DIRECTION ( 'NONE',  ( 0.8660254037844387076, -0.4999999999999998890, 0.000000000000000000 ) ) ;
#455 = EDGE_LOOP ( 'NONE', ( #3501, #4783, #9159, #8548 ) ) ;
#456 = LINE ( 'NONE', #3411, #2796 ) ;
#457 = CARTESIAN_POINT ( 'NONE',  ( -6.400000000000002132, -3.695041722813610097, 0.5999999999999999778 ) ) ;
#458 = CIRCLE ( 'NONE', #4005, 3.000000000000002665 ) ;
#459 = ORIENTED_EDGE ( 'NONE', *, *, #1783, .F. ) ;
#460 = ORIENTED_EDGE ( 'NONE', *, *, #3279, .F. ) ;
#461 = ADVANCED_FACE ( 'NONE', ( #9241 ), #1835, .F. ) ;
#462 = EDGE_CURVE ( 'NONE', #8679, #6532, #2661, .T. ) ;
#463 = VECTOR ( 'NONE', #3940, 1000.000000000000000 ) ;
#464 = CARTESIAN_POINT ( 'NONE',  ( 18.20000000000000284, -31.52332469775358348, 0.5999999999999999778 ) ) ;
#465 = LINE ( 'NONE', #3419, #2368 ) ;
#466 = ORIENTED_EDGE ( 'NONE', *, *, #960, .F. ) ;
#467 = LINE ( 'NONE', #6449, #4485 ) ;
#468 = DIRECTION ( 'NONE',  ( 0.000000000000000000, 0.000000000000000000, 1.000000000000000000 ) ) ;
#469 = ORIENTED_EDGE ( 'NONE', *, *, #3864, .T. ) ;
#470 = FACE_OUTER_BOUND ( 'NONE', #2241, .T. ) ;
#471 = VECTOR ( 'NONE', #1191, 1000.000000000000000 ) ;
#472 = VECTOR ( 'NONE', #5750, 999.9999999999998863 ) ;
#473 = ADVANCED_FACE ( 'NONE', ( #4117 ), #6997, .T. ) ;
#474 = CARTESIAN_POINT ( 'NONE',  ( 124.3594733917878017, 84.98558278779900377, 163.0971114817444345 ) ) ;
#475 = LINE ( 'NONE', #2895, #7529 ) ;
#476 = DIRECTION ( 'NONE',  ( 6.590088167172822008E-16, -0.8660254037844377084, -0.5000000000000015543 ) ) ;
#477 = AXIS2_PLACEMENT_3D ( 'NONE', #4510, #6578, #6626 ) ;
#478 = ORIENTED_EDGE ( 'NONE', *, *, #6187, .F. ) ;
#479 = DIRECTION ( 'NONE',  ( 0.8660254037844388186, -0.4999999999999997780, 0.000000000000000000 ) ) ;
#480 = LINE ( 'NONE', #6319, #3492 ) ;
#481 = AXIS2_PLACEMENT_3D ( 'NONE', #4839, #8526, #9157 ) ;
#482 = VERTEX_POINT ( 'NONE', #7087 ) ;
#483 = EDGE_CURVE ( 'NONE', #4549, #7448, #1162, .T. ) ;
#484 = CARTESIAN_POINT ( 'NONE',  ( 124.9594733917878244, 107.9855827877991032, 141.9660916294041897 ) ) ;
#485 = DIRECTION ( 'NONE',  ( -0.000000000000000000, 0.000000000000000000, -1.000000000000000000 ) ) ;
#486 = CARTESIAN_POINT ( 'NONE',  ( 0.1999999999999999278, -0.3464101615137755164, 0.000000000000000000 ) ) ;
#487 = ORIENTED_EDGE ( 'NONE', *, *, #8151, .T. ) ;
#488 = CARTESIAN_POINT ( 'NONE',  ( 121.5594733917879893, 49.15900246190719969, 175.1500716728239979 ) ) ;
#489 = MECHANICAL_DESIGN_GEOMETRIC_PRESENTATION_REPRESENTATION (  '', ( #9403 ), #6040 ) ;
#490 = CARTESIAN_POINT ( 'NONE',  ( 124.5594733917879893, 108.3052431466700085, 180.9036694473319926 ) ) ;
#491 = VERTEX_POINT ( 'NONE', #1933 ) ;
#492 = LINE ( 'NONE', #1987, #2809 ) ;
#493 = LINE ( 'NONE', #635, #3620 ) ;
#494 = EDGE_LOOP ( 'NONE', ( #3269, #1790, #3445, #4786 ) ) ;
#495 = EDGE_CURVE ( 'NONE', #207, #8405, #3349, .T. ) ;
#496 = VERTEX_POINT ( 'NONE', #7716 ) ;
#498 = ADVANCED_FACE ( 'NONE', ( #4161 ), #1948, .F. ) ;
#497 = AXIS2_PLACEMENT_3D ( 'NONE', #4352, #5791, #7278 ) ;
#499 = DIRECTION ( 'NONE',  ( 0.8660254037844382635, 0.5000000000000006661, 0.000000000000000000 ) ) ;
#500 = CARTESIAN_POINT ( 'NONE',  ( 124.3594733917878017, 79.18558278779903503, 153.0512167978449156 ) ) ;
#501 = ORIENTED_EDGE ( 'NONE', *, *, #7839, .F. ) ;
#502 = FACE_OUTER_BOUND ( 'NONE', #2866, .T. ) ;
#503 = DIRECTION ( 'NONE',  ( -0.7071067811865560104, 0.7071067811865391350, 0.000000000000000000 ) ) ;
#504 = ORIENTED_EDGE ( 'NONE', *, *, #1692, .F. ) ;
#505 = LINE ( 'NONE', #1998, #2023 ) ;
#506 = DIRECTION ( 'NONE',  ( 0.000000000000000000, -0.1260166810503134671, 0.9920281226341637337 ) ) ;
#507 = VECTOR ( 'NONE', #2068, 1000.000000000000000 ) ;
#508 = ADVANCED_FACE ( 'NONE', ( #4784 ), #6278, .T. ) ;
#509 = VERTEX_POINT ( 'NONE', #5508 ) ;
#510 = ORIENTED_EDGE ( 'NONE', *, *, #1276, .F. ) ;
#511 = AXIS2_PLACEMENT_3D ( 'NONE', #9092, #1681, #3858 ) ;
#512 = CARTESIAN_POINT ( 'NONE',  ( 18.40000000000001634, -24.01777119828843965, 0.5999999999999999778 ) ) ;
#513 = CARTESIAN_POINT ( 'NONE',  ( 124.9594733917879950, 53.85900246190730201, 175.1500716728239979 ) ) ;
#514 = ORIENTED_EDGE ( 'NONE', *, *, #7591, .T. ) ;
#515 = DIRECTION ( 'NONE',  ( -1.000000000000000000, -1.270429940335170066E-14, -3.761228189155370093E-29 ) ) ;
#516 = VECTOR ( 'NONE', #4948, 1000.000000000000000 ) ;
#517 = DIRECTION ( 'NONE',  ( -1.332169591021890008E-15, -3.908184725064409972E-15, 1.000000000000000000 ) ) ;
#518 = ORIENTED_EDGE ( 'NONE', *, *, #4468, .T. ) ;
#519 = DIRECTION ( 'NONE',  ( 0.000000000000000000, 0.000000000000000000, -1.000000000000000000 ) ) ;
#520 = EDGE_CURVE ( 'NONE', #7874, #2049, #7046, .T. ) ;
#521 = AXIS2_PLACEMENT_3D ( 'NONE', #6502, #2121, #722 ) ;
#522 = PRODUCT_DEFINITION_SHAPE ( 'NONE', 'NONE',  #9534 ) ;
#523 = AXIS2_PLACEMENT_3D ( 'NONE', #4037, #948, #1716 ) ;
#524 = LINE ( 'NONE', #474, #2594 ) ;
#525 = DIRECTION ( 'NONE',  ( 0.7071067811865631159, -2.093456611578309631E-15, 0.7071067811865320296 ) ) ;
#526 = CARTESIAN_POINT ( 'NONE',  ( 105.8479001739020049, 50.05879653723830813, 146.4896251811479999 ) ) ;
#527 = VERTEX_POINT ( 'NONE', #1109 ) ;
#528 = FACE_OUTER_BOUND ( 'NONE', #3749, .T. ) ;
#529 = VECTOR ( 'NONE', #5560, 1000.000000000000000 ) ;
#530 = CARTESIAN_POINT ( 'NONE',  ( 124.3594733917878017, 84.98558278779900377, 163.0971114817444345 ) ) ;
#531 = EDGE_CURVE ( 'NONE', #4124, #8809, #6904, .T. ) ;
#532 = AXIS2_PLACEMENT_3D ( 'NONE', #4163, #1712, #2348 ) ;
#533 = LINE ( 'NONE', #2903, #7953 ) ;
#534 = VECTOR ( 'NONE', #6014, 1000.000000000000000 ) ;
#535 = DIRECTION ( 'NONE',  ( 0.5000000000000003331, -0.8660254037844385966, 0.000000000000000000 ) ) ;
#536 = LINE ( 'NONE', #1395, #2898 ) ;
#537 = EDGE_LOOP ( 'NONE', ( #8353, #1093, #6709, #6251 ) ) ;
#538 = DIRECTION ( 'NONE',  ( -1.000000000000000000, -3.659954016805835145E-31, -4.893978350998890613E-53 ) ) ;
#539 = CARTESIAN_POINT ( 'NONE',  ( 103.8479001739019907, 52.85921248938360151, 150.9307499084449944 ) ) ;
#540 = EDGE_LOOP ( 'NONE', ( #5542, #2762, #3424, #7987 ) ) ;
#541 = LINE ( 'NONE', #395, #22 ) ;
#542 = CARTESIAN_POINT ( 'NONE',  ( 103.8479001739019907, 48.85879653723819871, 166.8113888862239946 ) ) ;
#543 = ORIENTED_EDGE ( 'NONE', *, *, #8874, .T. ) ;
#544 = EDGE_CURVE ( 'NONE', #1307, #9118, #3436, .T. ) ;
#545 = VECTOR ( 'NONE', #3546, 999.9999999999998863 ) ;
#546 = VECTOR ( 'NONE', #1607, 1000.000000000000000 ) ;
#547 = ORIENTED_EDGE ( 'NONE', *, *, #4250, .T. ) ;
#548 = DIRECTION ( 'NONE',  ( 1.000000000000000000, 6.660847955109440178E-16, 6.660847955109440178E-16 ) ) ;
#549 = DIRECTION ( 'NONE',  ( -1.000000000000000000, 1.632680918566406399E-14, 0.000000000000000000 ) ) ;
#550 = VERTEX_POINT ( 'NONE', #6369 ) ;
#551 = VECTOR ( 'NONE', #2586, 1000.000000000000000 ) ;
#552 = PRODUCT_DEFINITION_FORMATION_WITH_SPECIFIED_SOURCE ( 'ANY', '', #623, .NOT_KNOWN. ) ;
#553 = LINE ( 'NONE', #5703, #6784 ) ;
#554 = CARTESIAN_POINT ( 'NONE',  ( 115.7594733917880063, 104.3679753938900063, 181.0501160567390002 ) ) ;
#555 = EDGE_LOOP ( 'NONE', ( #5898, #7628, #8525, #4137 ) ) ;
#556 = DIRECTION ( 'NONE',  ( 0.8660254037844381525, -0.5000000000000008882, 0.000000000000000000 ) ) ;
#557 = DIRECTION ( 'NONE',  ( 1.530347125916460109E-30, -1.000000000000000000, -2.413561285175750205E-15 ) ) ;
#558 = EDGE_CURVE ( 'NONE', #9311, #1757, #3255, .T. ) ;
#559 = ORIENTED_EDGE ( 'NONE', *, *, #6394, .F. ) ;
#560 = VECTOR ( 'NONE', #6892, 999.9999999999998863 ) ;
#561 = EDGE_LOOP ( 'NONE', ( #242, #5532, #7262, #9129 ) ) ;
#562 = EDGE_CURVE ( 'NONE', #3072, #6513, #1742, .T. ) ;
#563 = FACE_OUTER_BOUND ( 'NONE', #5181, .T. ) ;
#564 = CARTESIAN_POINT ( 'NONE',  ( 124.3594733917878159, 96.98558278779910324, 142.3125017909179348 ) ) ;
#565 = ORIENTED_EDGE ( 'NONE', *, *, #268, .F. ) ;
#566 = AXIS2_PLACEMENT_3D ( 'NONE', #4798, #1124, #4081 ) ;
#567 = FACE_OUTER_BOUND ( 'NONE', #3982, .T. ) ;
#568 = DIRECTION ( 'NONE',  ( 0.8660254037844387076, 0.4999999999999997780, 0.000000000000000000 ) ) ;
#569 = ADVANCED_FACE ( 'NONE', ( #3970 ), #6188, .F. ) ;
#570 = ORIENTED_EDGE ( 'NONE', *, *, #413, .T. ) ;
#571 = CYLINDRICAL_SURFACE ( 'NONE', #577, 1.700000000000000178 ) ;
#572 = ADVANCED_FACE ( 'NONE', ( #7672 ), #1064, .T. ) ;
#573 = DIRECTION ( 'NONE',  ( -1.000000000000000000, -3.659954016805839962E-31, 0.000000000000000000 ) ) ;
#574 = DIRECTION ( 'NONE',  ( 2.587978304114380042E-31, -0.7071067811865550112, 0.7071067811865400232 ) ) ;
#575 = ORIENTED_EDGE ( 'NONE', *, *, #7960, .T. ) ;
#576 = CARTESIAN_POINT ( 'NONE',  ( 12.00000000000000355, 6.466323014923809787, 0.000000000000000000 ) ) ;
#577 = AXIS2_PLACEMENT_3D ( 'NONE', #9464, #3518, #7079 ) ;
#578 = FACE_OUTER_BOUND ( 'NONE', #2830, .T. ) ;
#579 = CYLINDRICAL_SURFACE ( 'NONE', #7502, 3.000000000000002665 ) ;
#580 = VECTOR ( 'NONE', #3575, 1000.000000000000000 ) ;
#581 = ADVANCED_FACE ( 'NONE', ( #3299 ), #3669, .F. ) ;
#582 = ADVANCED_FACE ( 'NONE', ( #4395, #6557, #1251, #1441 ), #9288, .F. ) ;
#583 = FACE_OUTER_BOUND ( 'NONE', #2532, .T. ) ;
#584 = CARTESIAN_POINT ( 'NONE',  ( 124.9594733917878244, 102.9855827877990890, 145.0837830830281519 ) ) ;
#585 = ORIENTED_EDGE ( 'NONE', *, *, #7352, .T. ) ;
#586 = DIRECTION ( 'NONE',  ( -0.000000000000000000, -1.000000000000000000, 0.000000000000000000 ) ) ;
#587 = DIRECTION ( 'NONE',  ( -0.000000000000000000, -0.000000000000000000, -1.000000000000000000 ) ) ;
#588 = ORIENTED_EDGE ( 'NONE', *, *, #9229, .F. ) ;
#589 = DIRECTION ( 'NONE',  ( 6.503944880413204792E-16, 0.8660254037844403729, -0.4999999999999969469 ) ) ;
#590 = CARTESIAN_POINT ( 'NONE',  ( 124.9594733917879665, 79.18558278779902082, 159.0556595974170193 ) ) ;
#591 = VERTEX_POINT ( 'NONE', #9473 ) ;
#592 = VERTEX_POINT ( 'NONE', #627 ) ;
#593 = DIRECTION ( 'NONE',  ( 4.973484979954496050E-18, -1.000000000000000000, -2.667218859826329302E-15 ) ) ;
#594 = EDGE_CURVE ( 'NONE', #1471, #1830, #2803, .T. ) ;
#595 = CARTESIAN_POINT ( 'NONE',  ( 11.80000000000000249, -6.581793068761736087, 0.000000000000000000 ) ) ;
#596 = VECTOR ( 'NONE', #5451, 1000.000000000000000 ) ;
#597 = ORIENTED_EDGE ( 'NONE', *, *, #6111, .T. ) ;
#598 = DIRECTION ( 'NONE',  ( -6.590088167172839757E-16, 0.8660254037844370423, 0.5000000000000028866 ) ) ;
#599 = LINE ( 'NONE', #1319, #2058 ) ;
#600 = ORIENTED_EDGE ( 'NONE', *, *, #3367, .T. ) ;
#601 = DIRECTION ( 'NONE',  ( -1.136463268210226594E-15, 0.4999999999999976130, 0.8660254037844400399 ) ) ;
#602 = LINE ( 'NONE', #2000, #545 ) ;
#603 = LINE ( 'NONE', #5712, #8664 ) ;
#604 = ORIENTED_EDGE ( 'NONE', *, *, #2186, .F. ) ;
#605 = VERTEX_POINT ( 'NONE', #7324 ) ;
#606 = EDGE_CURVE ( 'NONE', #9073, #1554, #7798, .T. ) ;
#607 = FACE_OUTER_BOUND ( 'NONE', #3063, .T. ) ;
#608 = FACE_OUTER_BOUND ( 'NONE', #8293, .T. ) ;
#609 = EDGE_LOOP ( 'NONE', ( #4486, #3465, #9017, #6348 ) ) ;
#610 = DIRECTION ( 'NONE',  ( -6.590088167172845674E-16, 0.8660254037844367092, 0.5000000000000033307 ) ) ;
#611 = CARTESIAN_POINT ( 'NONE',  ( 124.9594733917877960, 84.58558278779901229, 162.4042911587168874 ) ) ;
#612 = ORIENTED_EDGE ( 'NONE', *, *, #3279, .T. ) ;
#613 = AXIS2_PLACEMENT_3D ( 'NONE', #3598, #2883, #4471 ) ;
#614 = EDGE_CURVE ( 'NONE', #5380, #8716, #1298, .T. ) ;
#615 = LINE ( 'NONE', #3561, #1635 ) ;
#616 = ORIENTED_EDGE ( 'NONE', *, *, #1959, .F. ) ;
#617 = CARTESIAN_POINT ( 'NONE',  ( 124.3594733917878017, 72.38558278779899524, 162.5197612125547550 ) ) ;
#618 = LINE ( 'NONE', #5211, #9271 ) ;
#619 = APPLICATION_CONTEXT ( 'automotive_design' ) ;
#620 = VECTOR ( 'NONE', #5736, 1000.000000000000000 ) ;
#621 = ORIENTED_EDGE ( 'NONE', *, *, #8049, .F. ) ;
#622 = VECTOR ( 'NONE', #9170, 1000.000000000000000 ) ;
#623 = PRODUCT ( 'Main Body Side A - 1515-6mm Slots', 'Main Body Side A - 1515-6mm Slots', '', ( #7966 ) ) ;
#624 = DIRECTION ( 'NONE',  ( -7.866569460315582078E-16, -0.8070317052209990960, 0.5905081089774181224 ) ) ;
#625 = FACE_OUTER_BOUND ( 'NONE', #236, .T. ) ;
#626 = EDGE_CURVE ( 'NONE', #2777, #3077, #533, .T. ) ;
#627 = CARTESIAN_POINT ( 'NONE',  ( 103.4479001739019992, 49.15900246190749812, 136.0001160632310189 ) ) ;
#628 = PLANE ( 'NONE',  #4753 ) ;
#629 = DIRECTION ( 'NONE',  ( -0.000000000000000000, 0.000000000000000000, 1.000000000000000000 ) ) ;
#630 = ORIENTED_EDGE ( 'NONE', *, *, #5911, .T. ) ;
#631 = CARTESIAN_POINT ( 'NONE',  ( 121.9594733917879950, 48.38716104304560162, 176.8500716728239865 ) ) ;
#632 = CARTESIAN_POINT ( 'NONE',  ( 3.200000000000001954, 5.542562584220409150, 0.5999999999999999778 ) ) ;
#633 = ORIENTED_EDGE ( 'NONE', *, *, #3012, .F. ) ;
#634 = CARTESIAN_POINT ( 'NONE',  ( 121.9594733917879950, 49.15900246190719969, 173.4500716728240093 ) ) ;
#635 = CARTESIAN_POINT ( 'NONE',  ( 121.7594733917879921, 53.33084388076910187, 134.3001160632319966 ) ) ;
#636 = ORIENTED_EDGE ( 'NONE', *, *, #4946, .T. ) ;
#637 = AXIS2_PLACEMENT_3D ( 'NONE', #6252, #4804, #211 ) ;
#638 = ADVANCED_FACE ( 'NONE', ( #4203 ), #8567, .T. ) ;
#639 = ORIENTED_EDGE ( 'NONE', *, *, #2404, .F. ) ;
#640 = CARTESIAN_POINT ( 'NONE',  ( 117.4594733917879950, 74.36797539389039002, 180.4501160567390059 ) ) ;
#641 = AXIS2_PLACEMENT_3D ( 'NONE', #8390, #6864, #8968 ) ;
#642 = CARTESIAN_POINT ( 'NONE',  ( 124.3594733917878017, 90.98558278779906061, 152.7048066363311705 ) ) ;
#643 = ORIENTED_EDGE ( 'NONE', *, *, #1521, .F. ) ;
#644 = FACE_OUTER_BOUND ( 'NONE', #3035, .T. ) ;
#645 = CARTESIAN_POINT ( 'NONE',  ( 29.60000000000002629, -18.01332839871634306, -0.000000000000000000 ) ) ;
#646 = ORIENTED_EDGE ( 'NONE', *, *, #495, .T. ) ;
#647 = CARTESIAN_POINT ( 'NONE',  ( 5.600000000000005862, -16.62768775266123100, 0.000000000000000000 ) ) ;
#648 = FACE_OUTER_BOUND ( 'NONE', #7643, .T. ) ;
#649 = EDGE_CURVE ( 'NONE', #9355, #1217, #6420, .T. ) ;
#650 = VERTEX_POINT ( 'NONE', #1980 ) ;
#651 = ORIENTED_EDGE ( 'NONE', *, *, #7259, .F. ) ;
#652 = DIRECTION ( 'NONE',  ( 0.8660254037844387076, -0.4999999999999998335, 0.000000000000000000 ) ) ;
#653 = PLANE ( 'NONE',  #1456 ) ;
#654 = ORIENTED_EDGE ( 'NONE', *, *, #6411, .T. ) ;
#655 = DIRECTION ( 'NONE',  ( 1.000000000000000000, -2.818307069383400157E-16, -1.101446463910524043E-30 ) ) ;
#656 = CARTESIAN_POINT ( 'NONE',  ( 124.9594733917877818, 73.18558278779897819, 169.4479644428302549 ) ) ;
#657 = EDGE_CURVE ( 'NONE', #3372, #6316, #5505, .T. ) ;
#658 = ORIENTED_EDGE ( 'NONE', *, *, #4355, .F. ) ;
#659 = ORIENTED_EDGE ( 'NONE', *, *, #4439, .F. ) ;
#660 = CARTESIAN_POINT ( 'NONE',  ( 124.3594733917878017, 84.38558278779900945, 163.4435216432582081 ) ) ;
#661 = ORIENTED_EDGE ( 'NONE', *, *, #9411, .T. ) ;
#662 = VECTOR ( 'NONE', #6010, 1000.000000000000000 ) ;
#663 = CARTESIAN_POINT ( 'NONE',  ( 109.9594733917879239, 103.2954405435960012, 181.0501160567390002 ) ) ;
#664 = LINE ( 'NONE', #7986, #5001 ) ;
#665 = ORIENTED_EDGE ( 'NONE', *, *, #1551, .T. ) ;
#666 = DIRECTION ( 'NONE',  ( -1.000000000000000000, -1.504038027996622089E-18, -1.309403304758604554E-15 ) ) ;
#667 = CARTESIAN_POINT ( 'NONE',  ( 11.60000000000000497, -6.928203230275511437, 0.000000000000000000 ) ) ;
#668 = VECTOR ( 'NONE', #8268, 1000.000000000000000 ) ;
#669 = CLOSED_SHELL ( 'NONE', ( #1988, #6537, #3486, #2026, #4532, #6924, #7914, #4149, #1732, #3604, #1174, #1263, #4933, #5773, #5425, #3569, #1581, #8065, #8930, #5115, #6963, #3888, #1428, #8318, #5746, #8589, #2929, #6599, #8558, #6347, #2040, #2701, #9336, #898, #4064, #2529, #336, #6009, #5069, #2687, #5709, #8142, #4106, #2517, #908, #1907, #240, #8155, #1708, #2413, #2891, #4656, #4476, #1745, #569, #3517, #1202, #3991, #784, #3193, #6522, #7525, #6279, #6714, #808, #2124, #2845, #6135, #7622, #473, #2889, #5029, #1255, #2011, #6396, #4517, #1381, #8960, #841, #6588 ) ) ;
#670 = CARTESIAN_POINT ( 'NONE',  ( 124.0592155665779899, 48.29311449360739061, 180.9915374129758163 ) ) ;
#671 = CARTESIAN_POINT ( 'NONE',  ( 124.9594733917878244, 99.98558278779910324, 140.5804509833490670 ) ) ;
#672 = CARTESIAN_POINT ( 'NONE',  ( 103.4479001739019992, 51.65921008091940081, 145.2896251811480113 ) ) ;
#673 = VERTEX_POINT ( 'NONE', #2025 ) ;
#674 = ADVANCED_FACE ( 'NONE', ( #8608 ), #579, .F. ) ;
#675 = VECTOR ( 'NONE', #6146, 1000.000000000000000 ) ;
#676 = CARTESIAN_POINT ( 'NONE',  ( 124.9594733917878244, 102.5855827877991118, 145.0837830830281803 ) ) ;
#677 = VECTOR ( 'NONE', #1735, 999.9999999999998863 ) ;
#678 = LINE ( 'NONE', #2908, #4693 ) ;
#679 = ORIENTED_EDGE ( 'NONE', *, *, #4925, .F. ) ;
#680 = DIRECTION ( 'NONE',  ( -0.7071067811865400232, -0.7071067811865550112, 0.000000000000000000 ) ) ;
#681 = FACE_BOUND ( 'NONE', #893, .T. ) ;
#682 = ORIENTED_EDGE ( 'NONE', *, *, #3947, .T. ) ;
#683 = VERTEX_POINT ( 'NONE', #670 ) ;
#684 = VECTOR ( 'NONE', #7598, 1000.000000000000000 ) ;
#685 = VECTOR ( 'NONE', #5537, 1000.000000000000000 ) ;
#686 = DIRECTION ( 'NONE',  ( -6.503944880413200848E-16, -0.8660254037844405950, 0.4999999999999966138 ) ) ;
#687 = DIRECTION ( 'NONE',  ( 0.000000000000000000, -0.1260168930201850113, 0.9920280957077471928 ) ) ;
#688 = ORIENTED_EDGE ( 'NONE', *, *, #1479, .T. ) ;
#689 = EDGE_CURVE ( 'NONE', #3789, #347, #2172, .T. ) ;
#690 = CARTESIAN_POINT ( 'NONE',  ( 124.3594733917878159, 85.18558278779907766, 145.4301932445418686 ) ) ;
#691 = EDGE_CURVE ( 'NONE', #3772, #1313, #2759, .T. ) ;
#692 =( NAMED_UNIT ( * ) SI_UNIT ( $, .STERADIAN. ) SOLID_ANGLE_UNIT ( ) );
#693 = CARTESIAN_POINT ( 'NONE',  ( 121.9594733917879950, 53.33084388076910187, 137.7001160632310075 ) ) ;
#694 = ORIENTED_EDGE ( 'NONE', *, *, #2695, .T. ) ;
#695 = CARTESIAN_POINT ( 'NONE',  ( 12.40000000000000391, -6.235382907247959849, 0.000000000000000000 ) ) ;
#696 = VECTOR ( 'NONE', #7246, 1000.000000000000000 ) ;
#697 = DIRECTION ( 'NONE',  ( 1.000000000000000000, -5.923677312709590618E-16, -1.743152798421040332E-30 ) ) ;
#698 = STYLED_ITEM ( 'NONE', ( #2324 ), #9100 ) ;
#699 = EDGE_LOOP ( 'NONE', ( #3484, #5650, #8129 ) ) ;
#700 = DIRECTION ( 'NONE',  ( 0.8660254037844382635, 0.5000000000000006661, 0.000000000000000000 ) ) ;
#701 = EDGE_LOOP ( 'NONE', ( #487, #7258, #7200, #7980 ) ) ;
#702 = ORIENTED_EDGE ( 'NONE', *, *, #626, .T. ) ;
#703 = VECTOR ( 'NONE', #6618, 1000.000000000000000 ) ;
#704 = ADVANCED_FACE ( 'NONE', ( #6461 ), #9379, .T. ) ;
#705 = CARTESIAN_POINT ( 'NONE',  ( 124.3594733917878017, 78.58558278779901229, 166.5612130968821418 ) ) ;
#706 = EDGE_CURVE ( 'NONE', #6990, #3099, #8709, .T. ) ;
#707 = LINE ( 'NONE', #69, #7602 ) ;
#708 = ORIENTED_EDGE ( 'NONE', *, *, #3746, .T. ) ;
#709 = DIRECTION ( 'NONE',  ( 1.309403304758604751E-15, 3.668761925651101858E-15, -1.000000000000000000 ) ) ;
#710 = DIRECTION ( 'NONE',  ( -0.000000000000000000, -1.000000000000000000, 0.000000000000000000 ) ) ;
#711 = VECTOR ( 'NONE', #3919, 1000.000000000000000 ) ;
#712 = VECTOR ( 'NONE', #8948, 1000.000000000000000 ) ;
#713 = ORIENTED_EDGE ( 'NONE', *, *, #4334, .F. ) ;
#714 = ORIENTED_EDGE ( 'NONE', *, *, #741, .F. ) ;
#715 = DIRECTION ( 'NONE',  ( -1.000000000000000000, 1.684925824262390165E-30, -1.332169591021890008E-15 ) ) ;
#716 = VECTOR ( 'NONE', #3756, 999.9999999999998863 ) ;
#717 = ORIENTED_EDGE ( 'NONE', *, *, #443, .F. ) ;
#718 = CARTESIAN_POINT ( 'NONE',  ( 114.8841883292915185, 102.8271817830668908, 180.5818572962098472 ) ) ;
#719 = EDGE_CURVE ( 'NONE', #386, #9461, #2125, .T. ) ;
#720 = CARTESIAN_POINT ( 'NONE',  ( 124.3594733917878159, 97.18558278779909188, 142.6589119524317084 ) ) ;
#721 = ORIENTED_EDGE ( 'NONE', *, *, #3511, .T. ) ;
#722 = DIRECTION ( 'NONE',  ( -1.000000000000000000, 0.000000000000000000, 0.000000000000000000 ) ) ;
#723 = DIRECTION ( 'NONE',  ( 0.000000000000000000, 0.1260166810503360879, -0.9920281226341609582 ) ) ;
#724 = VECTOR ( 'NONE', #4539, 1000.000000000000000 ) ;
#725 = CARTESIAN_POINT ( 'NONE',  ( 30.40000000000002700, -17.08956796801294331, 0.5999999999999999778 ) ) ;
#726 = LINE ( 'NONE', #8141, #2126 ) ;
#727 = ADVANCED_FACE ( 'NONE', ( #8038 ), #2951, .T. ) ;
#728 = FACE_OUTER_BOUND ( 'NONE', #3536, .T. ) ;
#729 = VECTOR ( 'NONE', #146, 1000.000000000000000 ) ;
#730 = VERTEX_POINT ( 'NONE', #2369 ) ;
#731 = VECTOR ( 'NONE', #5588, 999.9999999999998863 ) ;
#732 = LINE ( 'NONE', #1095, #2997 ) ;
#733 = EDGE_LOOP ( 'NONE', ( #409, #4260, #5119, #3090 ) ) ;
#734 = LINE ( 'NONE', #3676, #26 ) ;
#735 = LINE ( 'NONE', #8765, #3633 ) ;
#736 = ORIENTED_EDGE ( 'NONE', *, *, #2052, .T. ) ;
#737 = EDGE_CURVE ( 'NONE', #8313, #1773, #965, .T. ) ;
#738 = VECTOR ( 'NONE', #8845, 999.9999999999998863 ) ;
#739 = ORIENTED_EDGE ( 'NONE', *, *, #5918, .F. ) ;
#740 = DIRECTION ( 'NONE',  ( -3.659953685208580307E-31, 1.000000000000000000, 0.000000000000000000 ) ) ;
#741 = EDGE_CURVE ( 'NONE', #2648, #1785, #2273, .T. ) ;
#742 = LINE ( 'NONE', #4458, #9027 ) ;
#743 = VERTEX_POINT ( 'NONE', #87 ) ;
#744 = CARTESIAN_POINT ( 'NONE',  ( 124.7594733917880063, 111.8709285716189754, 130.3379840223830399 ) ) ;
#745 = DIRECTION ( 'NONE',  ( -0.000000000000000000, -0.000000000000000000, -1.000000000000000000 ) ) ;
#746 = VERTEX_POINT ( 'NONE', #8853 ) ;
#747 = PLANE ( 'NONE',  #2652 ) ;
#748 = DIRECTION ( 'NONE',  ( -1.332169591021890008E-15, 0.000000000000000000, 1.000000000000000000 ) ) ;
#749 = ORIENTED_EDGE ( 'NONE', *, *, #558, .F. ) ;
#750 = CARTESIAN_POINT ( 'NONE',  ( 123.7026360928242923, 47.81255213897021150, 181.0501160567390002 ) ) ;
#751 = EDGE_CURVE ( 'NONE', #8177, #9361, #5259, .T. ) ;
#752 = ORIENTED_EDGE ( 'NONE', *, *, #9002, .T. ) ;
#753 = VERTEX_POINT ( 'NONE', #5309 ) ;
#754 = CARTESIAN_POINT ( 'NONE',  ( 124.3594733917878017, 90.98558278779906061, 152.0119863133036233 ) ) ;
#755 = CARTESIAN_POINT ( 'NONE',  ( 103.8479001739019907, 52.85920913026399859, 138.6748076856509897 ) ) ;
#756 = ORIENTED_EDGE ( 'NONE', *, *, #5094, .F. ) ;
#757 = DIRECTION ( 'NONE',  ( -1.000000000000000000, 1.925929944387570063E-30, -1.332169591021890008E-15 ) ) ;
#758 = FACE_OUTER_BOUND ( 'NONE', #9264, .T. ) ;
#759 = VECTOR ( 'NONE', #4812, 1000.000000000000000 ) ;
#760 = EDGE_CURVE ( 'NONE', #6088, #303, #5216, .T. ) ;
#761 = ORIENTED_EDGE ( 'NONE', *, *, #7481, .F. ) ;
#762 = EDGE_CURVE ( 'NONE', #1558, #852, #6737, .T. ) ;
#763 = VERTEX_POINT ( 'NONE', #5881 ) ;
#764 = CARTESIAN_POINT ( 'NONE',  ( 96.10721879399559953, 75.32712023107690413, 180.4501160567390059 ) ) ;
#765 = AXIS2_PLACEMENT_3D ( 'NONE', #464, #7162, #5671 ) ;
#766 = EDGE_LOOP ( 'NONE', ( #8922, #945, #6650, #3892 ) ) ;
#767 = DIRECTION ( 'NONE',  ( 6.503944880413198876E-16, 0.8660254037844407060, -0.4999999999999965028 ) ) ;
#768 = CARTESIAN_POINT ( 'NONE',  ( 124.9594733917877960, 73.58558278779899808, 162.7507013202306041 ) ) ;
#769 = EDGE_LOOP ( 'NONE', ( #6760, #5418, #3159, #8959 ) ) ;
#770 = PLANE ( 'NONE',  #521 ) ;
#771 = DIRECTION ( 'NONE',  ( -1.000000000000000000, -1.504038027996622089E-18, -1.309403304758604554E-15 ) ) ;
#772 = AXIS2_PLACEMENT_3D ( 'NONE', #5287, #5862, #804 ) ;
#773 = EDGE_CURVE ( 'NONE', #5160, #5963, #7517, .T. ) ;
#774 = CARTESIAN_POINT ( 'NONE',  ( 18.40000000000000213, -10.39230484541327293, 0.000000000000000000 ) ) ;
#775 = CARTESIAN_POINT ( 'NONE',  ( 124.3594733917878017, 102.3855827877990663, 152.3583964748174537 ) ) ;
#776 = DIRECTION ( 'NONE',  ( -1.000000000000000000, 0.000000000000000000, 0.000000000000000000 ) ) ;
#777 = VECTOR ( 'NONE', #7196, 1000.000000000000114 ) ;
#778 = VERTEX_POINT ( 'NONE', #179 ) ;
#779 = DIRECTION ( 'NONE',  ( 5.007715329123860808E-16, -1.000000000000000000, 0.000000000000000000 ) ) ;
#780 = ORIENTED_EDGE ( 'NONE', *, *, #741, .T. ) ;
#781 = CARTESIAN_POINT ( 'NONE',  ( 124.9594733917879950, 50.85900246190729490, 175.1500716728239979 ) ) ;
#782 = CARTESIAN_POINT ( 'NONE',  ( -3.200000000000003286, -5.542562584220415367, 0.5999999999999999778 ) ) ;
#783 = ORIENTED_EDGE ( 'NONE', *, *, #7971, .F. ) ;
#784 = ADVANCED_FACE ( 'NONE', ( #5169 ), #3766, .F. ) ;
#785 = ORIENTED_EDGE ( 'NONE', *, *, #9062, .T. ) ;
#786 = DIRECTION ( 'NONE',  ( -1.000000000000000000, 0.000000000000000000, 0.000000000000000000 ) ) ;
#787 = CARTESIAN_POINT ( 'NONE',  ( 24.40000000000000924, -20.78460969082654586, 0.5999999999999999778 ) ) ;
#788 = ORIENTED_EDGE ( 'NONE', *, *, #9281, .F. ) ;
#789 = CARTESIAN_POINT ( 'NONE',  ( 119.9936596404216118, 102.7604810201808050, 180.5151565333237329 ) ) ;
#790 = DIRECTION ( 'NONE',  ( 0.000000000000000000, 0.000000000000000000, 1.000000000000000000 ) ) ;
#791 = PLANE ( 'NONE',  #46 ) ;
#792 = ORIENTED_EDGE ( 'NONE', *, *, #8669, .T. ) ;
#793 = VECTOR ( 'NONE', #2858, 1000.000000000000000 ) ;
#794 = CARTESIAN_POINT ( 'NONE',  ( 114.4594733917879950, 104.3679753938900916, 180.6501160567389945 ) ) ;
#795 = EDGE_CURVE ( 'NONE', #6577, #9265, #4121, .T. ) ;
#796 = FACE_OUTER_BOUND ( 'NONE', #1717, .T. ) ;
#797 = ORIENTED_EDGE ( 'NONE', *, *, #6473, .T. ) ;
#798 = EDGE_CURVE ( 'NONE', #1325, #8925, #4637, .T. ) ;
#799 = EDGE_CURVE ( 'NONE', #9287, #4366, #3049, .T. ) ;
#800 = VERTEX_POINT ( 'NONE', #5979 ) ;
#801 = AXIS2_PLACEMENT_3D ( 'NONE', #3502, #601, #2095 ) ;
#802 = AXIS2_PLACEMENT_3D ( 'NONE', #6887, #4048, #5442 ) ;
#803 = ORIENTED_EDGE ( 'NONE', *, *, #7648, .T. ) ;
#804 = DIRECTION ( 'NONE',  ( -0.8660254037844384856, 0.5000000000000002220, 0.000000000000000000 ) ) ;
#805 = LINE ( 'NONE', #6777, #3933 ) ;
#806 = ORIENTED_EDGE ( 'NONE', *, *, #7971, .T. ) ;
#807 = CARTESIAN_POINT ( 'NONE',  ( 124.3594733917878017, 85.18558278779903503, 162.0578809972030854 ) ) ;
#808 = ADVANCED_FACE ( 'NONE', ( #1585 ), #5359, .F. ) ;
#809 = DIRECTION ( 'NONE',  ( -6.590088167172844687E-16, 0.8660254037844367092, 0.5000000000000033307 ) ) ;
#810 = CIRCLE ( 'NONE', #4349, 1.200000000000020828 ) ;
#811 = ORIENTED_EDGE ( 'NONE', *, *, #4719, .T. ) ;
#812 = VERTEX_POINT ( 'NONE', #9526 ) ;
#813 = LINE ( 'NONE', #2212, #9016 ) ;
#814 = VERTEX_POINT ( 'NONE', #4492 ) ;
#815 = PLANE ( 'NONE',  #3389 ) ;
#816 = LINE ( 'NONE', #31, #3323 ) ;
#817 = EDGE_CURVE ( 'NONE', #9251, #5056, #4589, .T. ) ;
#818 = EDGE_CURVE ( 'NONE', #8243, #5800, #6275, .T. ) ;
#819 = ORIENTED_EDGE ( 'NONE', *, *, #3393, .T. ) ;
#820 = LINE ( 'NONE', #3615, #1427 ) ;
#821 = CARTESIAN_POINT ( 'NONE',  ( 3.200000000000001954, 5.542562584220409150, 0.000000000000000000 ) ) ;
#822 = AXIS2_PLACEMENT_3D ( 'NONE', #3432, #7175, #1927 ) ;
#823 = DIRECTION ( 'NONE',  ( -1.000000000000000000, 1.684925824262390165E-30, -1.332169591021890008E-15 ) ) ;
#824 = PLANE ( 'NONE',  #6902 ) ;
#825 = LINE ( 'NONE', #4448, #2439 ) ;
#826 = SURFACE_STYLE_FILL_AREA ( #7422 ) ;
#827 = VERTEX_POINT ( 'NONE', #2320 ) ;
#828 = EDGE_CURVE ( 'NONE', #5045, #4706, #6080, .T. ) ;
#829 = LINE ( 'NONE', #5070, #6077 ) ;
#830 = VERTEX_POINT ( 'NONE', #3094 ) ;
#831 = CARTESIAN_POINT ( 'NONE',  ( 96.10721879399559953, 62.05879653723739864, 180.4501160567389775 ) ) ;
#832 = VECTOR ( 'NONE', #1952, 1000.000000000000227 ) ;
#833 = CARTESIAN_POINT ( 'NONE',  ( 103.8479001739019907, 51.50798939494750073, 141.1090608090119929 ) ) ;
#834 = ORIENTED_EDGE ( 'NONE', *, *, #5933, .F. ) ;
#835 = VERTEX_POINT ( 'NONE', #4591 ) ;
#836 = DIRECTION ( 'NONE',  ( 1.000000000000000000, -5.923677312709590618E-16, -1.753760784805190104E-30 ) ) ;
#837 = VECTOR ( 'NONE', #4070, 1000.000000000000000 ) ;
#838 = FACE_BOUND ( 'NONE', #3373, .T. ) ;
#839 = ORIENTED_EDGE ( 'NONE', *, *, #2236, .T. ) ;
#840 = PLANE ( 'NONE',  #477 ) ;
#841 = ADVANCED_FACE ( 'NONE', ( #7563 ), #8286, .T. ) ;
#842 = CARTESIAN_POINT ( 'NONE',  ( 124.9594733917878244, 108.3855827877990947, 142.6589119524317368 ) ) ;
#843 = VERTEX_POINT ( 'NONE', #2653 ) ;
#844 = CARTESIAN_POINT ( 'NONE',  ( 121.7594733917879921, 53.33084388076889581, 173.4500716728240093 ) ) ;
#845 = PLANE ( 'NONE',  #1924 ) ;
#846 = ORIENTED_EDGE ( 'NONE', *, *, #6597, .T. ) ;
#847 = LINE ( 'NONE', #5472, #8236 ) ;
#848 = AXIS2_PLACEMENT_3D ( 'NONE', #7700, #4049, #6979 ) ;
#849 = VECTOR ( 'NONE', #2846, 999.9999999999998863 ) ;
#850 = ORIENTED_EDGE ( 'NONE', *, *, #3089, .F. ) ;
#851 = ORIENTED_EDGE ( 'NONE', *, *, #3869, .F. ) ;
#852 = VERTEX_POINT ( 'NONE', #4775 ) ;
#853 =( GEOMETRIC_REPRESENTATION_CONTEXT ( 3 ) GLOBAL_UNCERTAINTY_ASSIGNED_CONTEXT ( ( #5735 ) ) GLOBAL_UNIT_ASSIGNED_CONTEXT ( ( #90, #2226, #5886 ) ) REPRESENTATION_CONTEXT ( 'NONE', 'WORKASPACE' ) );
#854 = DIRECTION ( 'NONE',  ( -1.942890293082709955E-16, -2.960594732333735129E-15, 1.000000000000000000 ) ) ;
#855 = EDGE_CURVE ( 'NONE', #2670, #550, #6221, .T. ) ;
#856 = CARTESIAN_POINT ( 'NONE',  ( -0.4000000000000001887, -0.2309401076758502425, 0.000000000000000000 ) ) ;
#857 = VERTEX_POINT ( 'NONE', #2609 ) ;
#858 = CARTESIAN_POINT ( 'NONE',  ( 124.9594733917879950, 111.6587965372630009, 130.5501160567390002 ) ) ;
#859 = DIRECTION ( 'NONE',  ( 6.590088167172848632E-16, -0.8660254037844367092, -0.5000000000000034417 ) ) ;
#860 = ORIENTED_EDGE ( 'NONE', *, *, #1976, .T. ) ;
#861 = AXIS2_PLACEMENT_3D ( 'NONE', #928, #3151, #1739 ) ;
#862 = ORIENTED_EDGE ( 'NONE', *, *, #4917, .F. ) ;
#863 = EDGE_CURVE ( 'NONE', #942, #7118, #6894, .T. ) ;
#864 = CARTESIAN_POINT ( 'NONE',  ( 109.9594733917879950, 111.6587965372630009, 130.5501160567390002 ) ) ;
#865 = CARTESIAN_POINT ( 'NONE',  ( 121.7594733917879921, 50.85900246190750096, 136.0001160632310189 ) ) ;
#866 = EDGE_CURVE ( 'NONE', #1749, #4463, #3196, .T. ) ;
#867 = DIRECTION ( 'NONE',  ( 1.504038028001425744E-18, -1.000000000000000000, -3.668761925651101070E-15 ) ) ;
#868 = CARTESIAN_POINT ( 'NONE',  ( 12.40000000000000391, -1.418955567684714834E-15, 0.5999999999999999778 ) ) ;
#869 = ORIENTED_EDGE ( 'NONE', *, *, #3571, .F. ) ;
#870 = DIRECTION ( 'NONE',  ( 1.000000000000000000, -2.050921225943000085E-30, 1.332169591021890008E-15 ) ) ;
#871 = LINE ( 'NONE', #3816, #1943 ) ;
#872 = EDGE_CURVE ( 'NONE', #5050, #347, #280, .T. ) ;
#873 = VECTOR ( 'NONE', #279, 1000.000000000000114 ) ;
#874 = DIRECTION ( 'NONE',  ( -0.8660254037844385966, 0.5000000000000001110, 0.000000000000000000 ) ) ;
#875 = PLANE ( 'NONE',  #3222 ) ;
#876 = LINE ( 'NONE', #8190, #5047 ) ;
#877 = ORIENTED_EDGE ( 'NONE', *, *, #7447, .T. ) ;
#878 = VECTOR ( 'NONE', #3586, 1000.000000000000227 ) ;
#879 = CARTESIAN_POINT ( 'NONE',  ( 23.80000000000000782, -13.50999629903726174, 0.000000000000000000 ) ) ;
#880 = VECTOR ( 'NONE', #6806, 1000.000000000000000 ) ;
#881 = DIRECTION ( 'NONE',  ( -4.973484979953184106E-18, 1.000000000000000000, 1.665675794001558719E-15 ) ) ;
#882 = ORIENTED_EDGE ( 'NONE', *, *, #7572, .F. ) ;
#883 = EDGE_CURVE ( 'NONE', #491, #4210, #3961, .T. ) ;
#884 = ORIENTED_EDGE ( 'NONE', *, *, #9439, .F. ) ;
#885 = EDGE_CURVE ( 'NONE', #827, #491, #6130, .T. ) ;
#886 = DIRECTION ( 'NONE',  ( -1.000000000000000000, 0.000000000000000000, 0.000000000000000000 ) ) ;
#887 = DIRECTION ( 'NONE',  ( 0.000000000000000000, -1.734723475976797628E-14, -1.000000000000000000 ) ) ;
#888 = ORIENTED_EDGE ( 'NONE', *, *, #3784, .T. ) ;
#889 = FACE_OUTER_BOUND ( 'NONE', #4466, .T. ) ;
#890 = CARTESIAN_POINT ( 'NONE',  ( 18.00000000000000355, -9.930424630061571278, 0.000000000000000000 ) ) ;
#891 = ORIENTED_EDGE ( 'NONE', *, *, #5017, .F. ) ;
#892 = DIRECTION ( 'NONE',  ( 0.000000000000000000, 3.908184725064409972E-15, -1.000000000000000000 ) ) ;
#893 = EDGE_LOOP ( 'NONE', ( #249, #6677, #6785, #4482 ) ) ;
#894 = AXIS2_PLACEMENT_3D ( 'NONE', #1542, #4494, #1587 ) ;
#895 = CARTESIAN_POINT ( 'NONE',  ( 103.4479001739019992, 69.51965721032100021, 146.8896251811480056 ) ) ;
#896 = VECTOR ( 'NONE', #2893, 1000.000000000000000 ) ;
#897 = ORIENTED_EDGE ( 'NONE', *, *, #8976, .F. ) ;
#898 = ADVANCED_FACE ( 'NONE', ( #8507 ), #4006, .F. ) ;
#899 = EDGE_LOOP ( 'NONE', ( #8051, #4275, #6543, #5067 ) ) ;
#900 = PLANE ( 'NONE',  #532 ) ;
#901 = VECTOR ( 'NONE', #2274, 1000.000000000000000 ) ;
#902 = DIRECTION ( 'NONE',  ( 1.000000000000000000, -1.833025172904760085E-30, 1.332169591021890008E-15 ) ) ;
#903 = DIRECTION ( 'NONE',  ( -0.4999999999999987232, 0.8660254037844394848, 0.000000000000000000 ) ) ;
#904 = EDGE_LOOP ( 'NONE', ( #2310, #1548, #4449, #8890 ) ) ;
#905 = CARTESIAN_POINT ( 'NONE',  ( 103.8479001739019907, 50.21001655449870071, 141.1090609392970237 ) ) ;
#906 = CARTESIAN_POINT ( 'NONE',  ( 124.9594733917878102, 101.9855827877990606, 152.3583964748174537 ) ) ;
#907 = VERTEX_POINT ( 'NONE', #1921 ) ;
#908 = ADVANCED_FACE ( 'NONE', ( #9188 ), #6846, .T. ) ;
#909 = ORIENTED_EDGE ( 'NONE', *, *, #6893, .T. ) ;
#910 = CARTESIAN_POINT ( 'NONE',  ( 124.9594733917878244, 105.5855827877991118, 140.5804509833490954 ) ) ;
#911 = DIRECTION ( 'NONE',  ( -6.503944880413203806E-16, -0.8660254037844403729, 0.4999999999999970024 ) ) ;
#912 = CARTESIAN_POINT ( 'NONE',  ( 124.9594733917879950, 70.15879653723750664, 134.0501160567390002 ) ) ;
#913 = LINE ( 'NONE', #1629, #620 ) ;
#914 = SHAPE_REPRESENTATION ( 'Main_Body_Side_A_ Base^Main Body Side A_Mini BT Frame - Skirts_6mm Slots', ( #7161 ), #853 ) ;
#915 = ORIENTED_EDGE ( 'NONE', *, *, #6694, .T. ) ;
#916 = CYLINDRICAL_SURFACE ( 'NONE', #2678, 0.5000000000000079936 ) ;
#917 = ADVANCED_FACE ( 'NONE', ( #5450 ), #7047, .T. ) ;
#918 = LINE ( 'NONE', #9000, #3190 ) ;
#919 = EDGE_CURVE ( 'NONE', #6581, #6670, #4681, .T. ) ;
#920 = AXIS2_PLACEMENT_3D ( 'NONE', #4582, #8133, #911 ) ;
#921 = CARTESIAN_POINT ( 'NONE',  ( 17.60000000000000142, 0.000000000000000000, 0.5999999999999999778 ) ) ;
#922 = CARTESIAN_POINT ( 'NONE',  ( 124.9594733917878102, 105.9855827877990748, 150.9727558287623594 ) ) ;
#923 = FACE_OUTER_BOUND ( 'NONE', #7738, .T. ) ;
#924 = UNCERTAINTY_MEASURE_WITH_UNIT (LENGTH_MEASURE( 1.000000000000000082E-05 ), #5188, 'distance_accuracy_value', 'NONE');
#925 = ORIENTED_EDGE ( 'NONE', *, *, #5251, .F. ) ;
#926 = DIRECTION ( 'NONE',  ( -0.5000000000000001110, 0.8660254037844385966, 0.000000000000000000 ) ) ;
#927 = ADVANCED_FACE ( 'NONE', ( #8418 ), #377, .T. ) ;
#928 = CARTESIAN_POINT ( 'NONE',  ( 114.4594733917879950, 99.36797539389074529, 108.1695030389180943 ) ) ;
#929 = ORIENTED_EDGE ( 'NONE', *, *, #3268, .T. ) ;
#930 = VERTEX_POINT ( 'NONE', #1781 ) ;
#931 = AXIS2_PLACEMENT_3D ( 'NONE', #6731, #17, #652 ) ;
#932 = DIRECTION ( 'NONE',  ( 0.000000000000000000, -1.000000000000000000, 0.000000000000000000 ) ) ;
#933 = FACE_BOUND ( 'NONE', #6820, .T. ) ;
#934 = EDGE_LOOP ( 'NONE', ( #7458, #6017, #4522, #5492 ) ) ;
#935 = DIRECTION ( 'NONE',  ( -1.000000000000000000, 0.000000000000000000, 0.000000000000000000 ) ) ;
#936 = DIRECTION ( 'NONE',  ( -6.590088167172827924E-16, 0.8660254037844375974, 0.5000000000000018874 ) ) ;
#937 = ORIENTED_EDGE ( 'NONE', *, *, #1685, .F. ) ;
#938 = CARTESIAN_POINT ( 'NONE',  ( 117.4594733917879950, 74.36797539389039002, 167.0501160567390002 ) ) ;
#939 = EDGE_CURVE ( 'NONE', #4659, #1405, #4731, .T. ) ;
#940 = FACE_BOUND ( 'NONE', #8246, .T. ) ;
#941 = EDGE_CURVE ( 'NONE', #2208, #8982, #5404, .T. ) ;
#942 = VERTEX_POINT ( 'NONE', #3339 ) ;
#943 = DIRECTION ( 'NONE',  ( 3.188040402543799964E-45, -8.710602340643920684E-15, 1.000000000000000000 ) ) ;
#944 = VERTEX_POINT ( 'NONE', #9142 ) ;
#945 = ORIENTED_EDGE ( 'NONE', *, *, #2565, .F. ) ;
#946 = FACE_OUTER_BOUND ( 'NONE', #8627, .T. ) ;
#947 = DIRECTION ( 'NONE',  ( -1.332169591021890008E-15, 0.000000000000000000, 1.000000000000000000 ) ) ;
#948 = DIRECTION ( 'NONE',  ( -0.5000000000000008882, -0.8660254037844381525, 0.000000000000000000 ) ) ;
#949 = ORIENTED_EDGE ( 'NONE', *, *, #8791, .T. ) ;
#950 = CARTESIAN_POINT ( 'NONE',  ( 103.9741737144430118, 102.9954405435959899, 180.7501160567389888 ) ) ;
#951 = CARTESIAN_POINT ( 'NONE',  ( -0.2000000000000201617, -0.3464101615138111545, 0.5999999999999999778 ) ) ;
#952 = ADVANCED_FACE ( 'NONE', ( #427 ), #5547, .T. ) ;
#953 = CIRCLE ( 'NONE', #7250, 1.600000000000013856 ) ;
#954 = ORIENTED_EDGE ( 'NONE', *, *, #5669, .F. ) ;
#955 = ORIENTED_EDGE ( 'NONE', *, *, #5957, .F. ) ;
#956 = CYLINDRICAL_SURFACE ( 'NONE', #6311, 0.5000000000000079936 ) ;
#957 = VECTOR ( 'NONE', #9446, 1000.000000000000000 ) ;
#958 = DIRECTION ( 'NONE',  ( 1.942890293082679879E-16, 2.797961700439090137E-15, -1.000000000000000000 ) ) ;
#959 = CARTESIAN_POINT ( 'NONE',  ( 120.4594733917883644, 99.36797539389070266, 130.0501160567390286 ) ) ;
#960 = EDGE_CURVE ( 'NONE', #1277, #196, #8461, .T. ) ;
#961 = ORIENTED_EDGE ( 'NONE', *, *, #706, .T. ) ;
#962 = FACE_OUTER_BOUND ( 'NONE', #170, .T. ) ;
#963 = LINE ( 'NONE', #2365, #7170 ) ;
#964 = AXIS2_PLACEMENT_3D ( 'NONE', #5695, #6378, #8574 ) ;
#965 = LINE ( 'NONE', #6029, #724 ) ;
#966 = PLANE ( 'NONE',  #3670 ) ;
#967 = VECTOR ( 'NONE', #5841, 1000.000000000000000 ) ;
#968 = ORIENTED_EDGE ( 'NONE', *, *, #9360, .F. ) ;
#969 = ADVANCED_FACE ( 'NONE', ( #4152 ), #1289, .F. ) ;
#970 = DIRECTION ( 'NONE',  ( 6.536849690425969867E-16, -1.000000000000000000, 0.000000000000000000 ) ) ;
#971 = DIRECTION ( 'NONE',  ( 1.000000000000000000, 0.000000000000000000, 0.000000000000000000 ) ) ;
#972 = ORIENTED_EDGE ( 'NONE', *, *, #8630, .F. ) ;
#973 = VERTEX_POINT ( 'NONE', #7261 ) ;
#974 = DIRECTION ( 'NONE',  ( 1.309403304758604751E-15, 2.667218859826329302E-15, -1.000000000000000000 ) ) ;
#975 = EDGE_CURVE ( 'NONE', #1017, #303, #524, .T. ) ;
#976 = DIRECTION ( 'NONE',  ( -6.573840876841789860E-31, 3.229739708000450155E-15, -1.000000000000000000 ) ) ;
#977 = ORIENTED_EDGE ( 'NONE', *, *, #9139, .F. ) ;
#978 = DIRECTION ( 'NONE',  ( -1.000000000000000000, 2.050921225943004990E-30, -1.332169591021890008E-15 ) ) ;
#979 = ADVANCED_FACE ( 'NONE', ( #8559 ), #571, .F. ) ;
#980 = CARTESIAN_POINT ( 'NONE',  ( 124.5594733917879893, 108.3052431466700085, 180.9036694473319926 ) ) ;
#981 = EDGE_LOOP ( 'NONE', ( #6746, #6719, #151, #5342 ) ) ;
#982 = PLANE ( 'NONE',  #8078 ) ;
#983 = VERTEX_POINT ( 'NONE', #3428 ) ;
#984 = CARTESIAN_POINT ( 'NONE',  ( 124.9594733917878244, 109.1855827877990919, 145.4301932445419538 ) ) ;
#985 = ORIENTED_EDGE ( 'NONE', *, *, #5281, .T. ) ;
#986 = VECTOR ( 'NONE', #2293, 1000.000000000000000 ) ;
#987 = ORIENTED_EDGE ( 'NONE', *, *, #3474, .T. ) ;
#988 = EDGE_CURVE ( 'NONE', #5045, #4612, #2842, .T. ) ;
#989 = EDGE_CURVE ( 'NONE', #7651, #4327, #6547, .T. ) ;
#990 = FACE_OUTER_BOUND ( 'NONE', #6965, .T. ) ;
#991 = DIRECTION ( 'NONE',  ( 6.590088167172848632E-16, -0.8660254037844365982, -0.5000000000000035527 ) ) ;
#992 = LINE ( 'NONE', #2539, #3914 ) ;
#993 = ORIENTED_EDGE ( 'NONE', *, *, #5394, .F. ) ;
#994 = PLANE ( 'NONE',  #7714 ) ;
#995 = CIRCLE ( 'NONE', #6684, 1.699999999999993072 ) ;
#996 = CARTESIAN_POINT ( 'NONE',  ( 124.3594733917878017, 93.58558278779902651, 161.3650606741755666 ) ) ;
#997 = CIRCLE ( 'NONE', #9429, 1.699999999999993072 ) ;
#998 = ORIENTED_EDGE ( 'NONE', *, *, #1101, .T. ) ;
#999 = VERTEX_POINT ( 'NONE', #9277 ) ;
#1000 = ADVANCED_FACE ( 'NONE', ( #6410 ), #5055, .F. ) ;
#1001 = AXIS2_PLACEMENT_3D ( 'NONE', #3849, #8788, #4622 ) ;
#1002 = EDGE_CURVE ( 'NONE', #2267, #6670, #7982, .T. ) ;
#1003 = DIRECTION ( 'NONE',  ( 1.000000000000000000, -5.056174855043629324E-16, 2.094336198689014960E-16 ) ) ;
#1004 = LINE ( 'NONE', #7555, #8046 ) ;
#1005 = ORIENTED_EDGE ( 'NONE', *, *, #7591, .F. ) ;
#1006 = LINE ( 'NONE', #274, #2024 ) ;
#1007 = CARTESIAN_POINT ( 'NONE',  ( 18.40000000000001634, -16.62768775266123811, 0.000000000000000000 ) ) ;
#1008 = ORIENTED_EDGE ( 'NONE', *, *, #1771, .F. ) ;
#1009 = LINE ( 'NONE', #6126, #3298 ) ;
#1010 = VECTOR ( 'NONE', #2047, 1000.000000000000000 ) ;
#1011 = DIRECTION ( 'NONE',  ( 0.8660254037844384856, 0.5000000000000002220, 0.000000000000000000 ) ) ;
#1012 = EDGE_CURVE ( 'NONE', #1721, #1517, #6129, .T. ) ;
#1013 = DIRECTION ( 'NONE',  ( 1.000000000000000000, 0.000000000000000000, 0.000000000000000000 ) ) ;
#1014 = VECTOR ( 'NONE', #7760, 1000.000000000000000 ) ;
#1015 = LINE ( 'NONE', #2563, #3992 ) ;
#1016 = DIRECTION ( 'NONE',  ( -1.000000000000000000, 0.000000000000000000, 0.000000000000000000 ) ) ;
#1017 = VERTEX_POINT ( 'NONE', #660 ) ;
#1018 = CARTESIAN_POINT ( 'NONE',  ( -0.4000000000000028533, -6.928203230275511437, 0.000000000000000000 ) ) ;
#1019 = DIRECTION ( 'NONE',  ( 0.7071067811865621167, -0.08910724971329352095, -0.7014698126423631885 ) ) ;
#1020 = VECTOR ( 'NONE', #6586, 1000.000000000000000 ) ;
#1021 = EDGE_LOOP ( 'NONE', ( #3645, #679, #7360, #714, #2986, #1416, #5034, #2860, #8555, #5084, #682 ) ) ;
#1022 = EDGE_CURVE ( 'NONE', #3930, #3410, #2750, .T. ) ;
#1023 = DIRECTION ( 'NONE',  ( -1.000000000000000000, -1.504038027996622089E-18, -1.309403304758604554E-15 ) ) ;
#1024 = CARTESIAN_POINT ( 'NONE',  ( 105.8479001739020049, 50.05879653723830813, 166.8113888862239946 ) ) ;
#1025 = EDGE_LOOP ( 'NONE', ( #1193, #756, #8001, #5970 ) ) ;
#1026 = LINE ( 'NONE', #6191, #2792 ) ;
#1027 = CARTESIAN_POINT ( 'NONE',  ( 124.9594733917878102, 84.58558278779905493, 156.1689082514689062 ) ) ;
#1028 = ORIENTED_EDGE ( 'NONE', *, *, #1134, .F. ) ;
#1029 = CARTESIAN_POINT ( 'NONE',  ( 124.5594733917879893, 112.1587965372629867, 176.9088832157512456 ) ) ;
#1030 = DIRECTION ( 'NONE',  ( 2.003086131649544323E-15, -1.000000000000000000, 0.000000000000000000 ) ) ;
#1031 = EDGE_LOOP ( 'NONE', ( #5296, #8840, #3272, #1688 ) ) ;
#1032 = DIRECTION ( 'NONE',  ( 1.000000000000000000, 3.659954016805839962E-31, 0.000000000000000000 ) ) ;
#1033 = ORIENTED_EDGE ( 'NONE', *, *, #6620, .F. ) ;
#1034 = EDGE_CURVE ( 'NONE', #9253, #1554, #5774, .T. ) ;
#1035 = CARTESIAN_POINT ( 'NONE',  ( 124.9594733917878102, 90.58558278779905493, 152.7048066363311705 ) ) ;
#1036 = ORIENTED_EDGE ( 'NONE', *, *, #8876, .F. ) ;
#1037 = CARTESIAN_POINT ( 'NONE',  ( 5.600000000000001421, -3.233161507461903561, 0.000000000000000000 ) ) ;
#1038 = CARTESIAN_POINT ( 'NONE',  ( 121.9594733917879950, 48.38716104304580057, 137.7001160632310075 ) ) ;
#1039 = ORIENTED_EDGE ( 'NONE', *, *, #7383, .T. ) ;
#1040 = DIRECTION ( 'NONE',  ( 0.000000000000000000, -1.000000000000000000, -2.960594732333740256E-15 ) ) ;
#1041 = FACE_OUTER_BOUND ( 'NONE', #2155, .T. ) ;
#1042 = EDGE_CURVE ( 'NONE', #8668, #8274, #5638, .T. ) ;
#1043 = ORIENTED_EDGE ( 'NONE', *, *, #7383, .F. ) ;
#1044 = AXIS2_PLACEMENT_3D ( 'NONE', #8143, #1641, #6655 ) ;
#1045 = EDGE_LOOP ( 'NONE', ( #448, #8595, #5582, #6281 ) ) ;
#1046 = CARTESIAN_POINT ( 'NONE',  ( 24.00000000000000711, -20.32272947547484421, 0.000000000000000000 ) ) ;
#1047 = DIRECTION ( 'NONE',  ( -6.590088167172827924E-16, 0.8660254037844375974, 0.5000000000000018874 ) ) ;
#1048 = ORIENTED_EDGE ( 'NONE', *, *, #5796, .T. ) ;
#1049 = CARTESIAN_POINT ( 'NONE',  ( 0.3999999999999975242, -6.235382907247958073, 0.5999999999999999778 ) ) ;
#1050 = LINE ( 'NONE', #6932, #9140 ) ;
#1051 = ORIENTED_EDGE ( 'NONE', *, *, #9043, .T. ) ;
#1052 = DIRECTION ( 'NONE',  ( 6.127785687991471907E-31, -0.7071067811865080488, 0.7071067811865869857 ) ) ;
#1053 = EDGE_CURVE ( 'NONE', #4134, #6301, #7893, .T. ) ;
#1054 = DIRECTION ( 'NONE',  ( -1.000000000000000000, 0.000000000000000000, 0.000000000000000000 ) ) ;
#1055 = CARTESIAN_POINT ( 'NONE',  ( 17.60000000000001563, 0.000000000000000000, 0.5999999999999999778 ) ) ;
#1056 = LINE ( 'NONE', #7615, #3679 ) ;
#1057 = CARTESIAN_POINT ( 'NONE',  ( -5.800000000000002487, 3.810511776651531068, 0.000000000000000000 ) ) ;
#1058 = VERTEX_POINT ( 'NONE', #1382 ) ;
#1059 = CARTESIAN_POINT ( 'NONE',  ( 121.5594733917879893, 53.33084388076889581, 173.4500716728240093 ) ) ;
#1060 = FACE_BOUND ( 'NONE', #2358, .T. ) ;
#1061 = EDGE_CURVE ( 'NONE', #812, #8827, #9370, .T. ) ;
#1062 = VECTOR ( 'NONE', #8894, 1000.000000000000000 ) ;
#1063 = ORIENTED_EDGE ( 'NONE', *, *, #3917, .T. ) ;
#1064 = PLANE ( 'NONE',  #8404 ) ;
#1065 = DIRECTION ( 'NONE',  ( 0.8660254037844387076, -0.5000000000000001110, 0.000000000000000000 ) ) ;
#1066 = ORIENTED_EDGE ( 'NONE', *, *, #2807, .T. ) ;
#1067 = DIRECTION ( 'NONE',  ( 1.000000000000000000, 0.000000000000000000, 0.000000000000000000 ) ) ;
#1068 = LINE ( 'NONE', #4743, #2061 ) ;
#1069 = ORIENTED_EDGE ( 'NONE', *, *, #5107, .F. ) ;
#1070 = LINE ( 'NONE', #4024, #4502 ) ;
#1071 = CARTESIAN_POINT ( 'NONE',  ( 24.40000000000002700, -27.01999259807449150, 0.5999999999999999778 ) ) ;
#1072 = ORIENTED_EDGE ( 'NONE', *, *, #351, .T. ) ;
#1073 = EDGE_CURVE ( 'NONE', #3212, #5938, #4243, .T. ) ;
#1074 = FACE_OUTER_BOUND ( 'NONE', #8016, .T. ) ;
#1075 = VECTOR ( 'NONE', #2444, 1000.000000000000000 ) ;
#1076 = ORIENTED_EDGE ( 'NONE', *, *, #5345, .F. ) ;
#1077 = FACE_OUTER_BOUND ( 'NONE', #6102, .T. ) ;
#1078 = DIRECTION ( 'NONE',  ( -0.5000000000000001110, 0.8660254037844385966, 0.000000000000000000 ) ) ;
#1079 = ORIENTED_EDGE ( 'NONE', *, *, #4738, .T. ) ;
#1080 = CARTESIAN_POINT ( 'NONE',  ( 120.4199540685230119, 54.95626731504267326, 176.0501160567390002 ) ) ;
#1081 = AXIS2_PLACEMENT_3D ( 'NONE', #1914, #1727, #5493 ) ;
#1082 = DIRECTION ( 'NONE',  ( 1.000000000000000000, 3.601833005215949948E-31, 4.575392637151549920E-32 ) ) ;
#1083 = VERTEX_POINT ( 'NONE', #5010 ) ;
#1084 = VECTOR ( 'NONE', #1126, 1000.000000000000114 ) ;
#1085 = DIRECTION ( 'NONE',  ( 6.590088167172843701E-16, -0.8660254037844368202, -0.5000000000000031086 ) ) ;
#1086 = CARTESIAN_POINT ( 'NONE',  ( 124.9594733917878102, 85.18558278779909188, 148.6633547520037553 ) ) ;
#1087 = ADVANCED_FACE ( 'NONE', ( #7168 ), #1337, .F. ) ;
#1088 = VERTEX_POINT ( 'NONE', #7214 ) ;
#1089 = ORIENTED_EDGE ( 'NONE', *, *, #2236, .F. ) ;
#1090 = EDGE_CURVE ( 'NONE', #4473, #944, #615, .T. ) ;
#1091 = LINE ( 'NONE', #8408, #8139 ) ;
#1092 = FACE_OUTER_BOUND ( 'NONE', #7770, .T. ) ;
#1093 = ORIENTED_EDGE ( 'NONE', *, *, #5762, .T. ) ;
#1094 = DIRECTION ( 'NONE',  ( 1.000000000000000000, 0.000000000000000000, -0.000000000000000000 ) ) ;
#1095 = CARTESIAN_POINT ( 'NONE',  ( -0.4000000000000027978, -6.235382907247960738, 0.5999999999999999778 ) ) ;
#1096 = ORIENTED_EDGE ( 'NONE', *, *, #2286, .T. ) ;
#1097 = FACE_OUTER_BOUND ( 'NONE', #7410, .T. ) ;
#1098 = CARTESIAN_POINT ( 'NONE',  ( 0.4000000000000015210, -13.62546635287517027, 0.000000000000000000 ) ) ;
#1099 = AXIS2_PLACEMENT_3D ( 'NONE', #2107, #2057, #4238 ) ;
#1100 = DIRECTION ( 'NONE',  ( 6.590088167172844687E-16, -0.8660254037844368202, -0.5000000000000032196 ) ) ;
#1101 = EDGE_CURVE ( 'NONE', #9064, #1307, #3609, .T. ) ;
#1102 = EDGE_CURVE ( 'NONE', #9405, #1564, #5871, .T. ) ;
#1103 = PLANE ( 'NONE',  #2913 ) ;
#1104 = DIRECTION ( 'NONE',  ( -1.000000000000000000, -1.504038027996622089E-18, -1.309403304758604554E-15 ) ) ;
#1105 = ORIENTED_EDGE ( 'NONE', *, *, #2404, .T. ) ;
#1106 = LINE ( 'NONE', #6991, #3905 ) ;
#1107 = LINE ( 'NONE', #4158, #1014 ) ;
#1108 = ORIENTED_EDGE ( 'NONE', *, *, #2422, .T. ) ;
#1109 = CARTESIAN_POINT ( 'NONE',  ( 103.4479001739019992, 53.25921004631170064, 166.8113891323680207 ) ) ;
#1110 = EDGE_CURVE ( 'NONE', #2395, #5441, #8992, .T. ) ;
#1111 = CIRCLE ( 'NONE', #1883, 3.000000000000002665 ) ;
#1112 = CARTESIAN_POINT ( 'NONE',  ( 5.600000000000005862, -16.62768775266123100, 0.5999999999999999778 ) ) ;
#1113 = EDGE_LOOP ( 'NONE', ( #1482, #3624, #6726, #862 ) ) ;
#1114 = DIRECTION ( 'NONE',  ( -1.000000000000000000, -1.504038027996622089E-18, -1.309403304758604554E-15 ) ) ;
#1115 = CARTESIAN_POINT ( 'NONE',  ( 121.7594733917879921, 47.85900246190719542, 175.1500716728239979 ) ) ;
#1116 = ORIENTED_EDGE ( 'NONE', *, *, #7566, .F. ) ;
#1117 = DIRECTION ( 'NONE',  ( -1.000000000000000000, 1.850371707708592551E-14, 0.000000000000000000 ) ) ;
#1118 = DIRECTION ( 'NONE',  ( 6.503944880413200848E-16, 0.8660254037844405950, -0.4999999999999966138 ) ) ;
#1119 = ORIENTED_EDGE ( 'NONE', *, *, #9401, .F. ) ;
#1120 = CARTESIAN_POINT ( 'NONE',  ( 124.0592155665779899, 48.23936227319509840, 181.0295459725341232 ) ) ;
#1121 = ORIENTED_EDGE ( 'NONE', *, *, #1720, .F. ) ;
#1122 = CARTESIAN_POINT ( 'NONE',  ( 124.9594733917878244, 73.18558278779906345, 145.4301932445418117 ) ) ;
#1123 = EDGE_CURVE ( 'NONE', #4257, #7054, #4385, .T. ) ;
#1124 = DIRECTION ( 'NONE',  ( 1.942890293082709955E-16, 2.960594732333735129E-15, -1.000000000000000000 ) ) ;
#1125 = ORIENTED_EDGE ( 'NONE', *, *, #3549, .F. ) ;
#1126 = DIRECTION ( 'NONE',  ( 0.8660254037844383745, 0.5000000000000003331, 0.000000000000000000 ) ) ;
#1127 = DIRECTION ( 'NONE',  ( -6.503944880413212681E-16, -0.8660254037844400399, 0.4999999999999976130 ) ) ;
#1128 = EDGE_LOOP ( 'NONE', ( #4086, #3447, #2515, #9010 ) ) ;
#1129 = LINE ( 'NONE', #3370, #8469 ) ;
#1130 = PLANE ( 'NONE',  #1294 ) ;
#1131 = AXIS2_PLACEMENT_3D ( 'NONE', #3941, #6876, #1127 ) ;
#1132 = VERTEX_POINT ( 'NONE', #7313 ) ;
#1133 = EDGE_LOOP ( 'NONE', ( #4607, #5327, #4357, #8831 ) ) ;
#1134 = EDGE_CURVE ( 'NONE', #4844, #4854, #7363, .T. ) ;
#1135 = VECTOR ( 'NONE', #5122, 1000.000000000000000 ) ;
#1136 = LINE ( 'NONE', #3329, #1528 ) ;
#1137 = VECTOR ( 'NONE', #7756, 1000.000000000000000 ) ;
#1138 = DIRECTION ( 'NONE',  ( -1.136463268210227186E-15, 0.4999999999999966693, 0.8660254037844405950 ) ) ;
#1139 = ORIENTED_EDGE ( 'NONE', *, *, #8254, .T. ) ;
#1140 = CARTESIAN_POINT ( 'NONE',  ( 121.7594733917879921, 50.85900246190720253, 175.1500716728239979 ) ) ;
#1141 = PLANE ( 'NONE',  #6529 ) ;
#1142 = ORIENTED_EDGE ( 'NONE', *, *, #3311, .T. ) ;
#1143 = LINE ( 'NONE', #4994, #3909 ) ;
#1144 = PLANE ( 'NONE',  #9167 ) ;
#1145 = EDGE_CURVE ( 'NONE', #2579, #3606, #3647, .T. ) ;
#1146 = VECTOR ( 'NONE', #517, 1000.000000000000000 ) ;
#1147 = VECTOR ( 'NONE', #5716, 1000.000000000000000 ) ;
#1148 = EDGE_CURVE ( 'NONE', #3689, #9253, #6068, .T. ) ;
#1149 = CARTESIAN_POINT ( 'NONE',  ( 124.9594733917878244, 105.9855827877991175, 139.8876306603215198 ) ) ;
#1150 = CARTESIAN_POINT ( 'NONE',  ( 124.9594733917878244, 96.38558278779909472, 141.9660916294041613 ) ) ;
#1151 = LINE ( 'NONE', #7806, #677 ) ;
#1152 = VECTOR ( 'NONE', #7111, 1000.000000000000000 ) ;
#1153 = COLOUR_RGB ( '',0.7921568627450980005, 0.8196078431372548767, 0.9333333333333333481 ) ;
#1154 = ORIENTED_EDGE ( 'NONE', *, *, #7847, .F. ) ;
#1155 = LINE ( 'NONE', #5643, #1893 ) ;
#1156 = LINE ( 'NONE', #8564, #9307 ) ;
#1157 = ADVANCED_FACE ( 'NONE', ( #3809 ), #6742, .F. ) ;
#1158 =( BOUNDED_CURVE ( )  B_SPLINE_CURVE ( 3, ( #7676, #3304, #2578, #980 ),
 .UNSPECIFIED., .F., .T. ) 
 B_SPLINE_CURVE_WITH_KNOTS ( ( 4, 4 ),
 ( 5.890486225481401661, 6.283185307179586232 ),
 .UNSPECIFIED. ) 
 CURVE ( )  GEOMETRIC_REPRESENTATION_ITEM ( )  RATIONAL_B_SPLINE_CURVE ( ( 1.000000000000000000, 0.9871901869355219628, 0.9871901869355219628, 1.000000000000000000 ) ) 
 REPRESENTATION_ITEM ( '' )  );
#1159 = VERTEX_POINT ( 'NONE', #7508 ) ;
#1160 = AXIS2_PLACEMENT_3D ( 'NONE', #5476, #1219, #2673 ) ;
#1161 = VECTOR ( 'NONE', #1547, 1000.000000000000000 ) ;
#1162 = LINE ( 'NONE', #5598, #7177 ) ;
#1163 = LINE ( 'NONE', #3937, #3314 ) ;
#1164 = CARTESIAN_POINT ( 'NONE',  ( 124.9594733917879950, 111.7295072153816307, 130.4794053786203847 ) ) ;
#1165 = VERTEX_POINT ( 'NONE', #2311 ) ;
#1166 = DIRECTION ( 'NONE',  ( -1.000000000000000000, 2.576828496090354835E-30, -1.332169591021890008E-15 ) ) ;
#1167 = DIRECTION ( 'NONE',  ( 2.003086131649548268E-15, -1.000000000000000000, 0.000000000000000000 ) ) ;
#1168 = ORIENTED_EDGE ( 'NONE', *, *, #7853, .T. ) ;
#1169 = DIRECTION ( 'NONE',  ( 1.000000000000000000, 3.659966155151935501E-31, 1.867359120916579847E-43 ) ) ;
#1170 = LINE ( 'NONE', #4938, #8540 ) ;
#1171 = VERTEX_POINT ( 'NONE', #4481 ) ;
#1172 = VECTOR ( 'NONE', #1633, 1000.000000000000000 ) ;
#1173 = EDGE_CURVE ( 'NONE', #8494, #4966, #8081, .T. ) ;
#1174 = ADVANCED_FACE ( 'NONE', ( #1532 ), #8793, .T. ) ;
#1175 = ORIENTED_EDGE ( 'NONE', *, *, #9320, .T. ) ;
#1176 = CARTESIAN_POINT ( 'NONE',  ( 124.5594733917879893, 111.6587965372630009, 130.5501160567390002 ) ) ;
#1177 = VECTOR ( 'NONE', #7815, 1000.000000000000000 ) ;
#1178 = DIRECTION ( 'NONE',  ( 3.667247693403454899E-31, -2.960594732333740256E-15, 1.000000000000000000 ) ) ;
#1179 = VERTEX_POINT ( 'NONE', #7409 ) ;
#1180 = CARTESIAN_POINT ( 'NONE',  ( 124.9594733917878244, 97.18558278779909188, 141.9660916294041613 ) ) ;
#1181 = DIRECTION ( 'NONE',  ( -1.000000000000000000, -2.091402295317564969E-31, -3.217406325310375070E-38 ) ) ;
#1182 = ORIENTED_EDGE ( 'NONE', *, *, #1792, .T. ) ;
#1183 = FACE_OUTER_BOUND ( 'NONE', #4041, .T. ) ;
#1184 = LINE ( 'NONE', #7068, #2073 ) ;
#1185 = EDGE_CURVE ( 'NONE', #4366, #1545, #813, .T. ) ;
#1186 = ORIENTED_EDGE ( 'NONE', *, *, #5872, .F. ) ;
#1187 = ORIENTED_EDGE ( 'NONE', *, *, #939, .F. ) ;
#1188 = CARTESIAN_POINT ( 'NONE',  ( 103.6479001739019878, 51.65920973258590010, 168.8506933095800093 ) ) ;
#1189 = FACE_OUTER_BOUND ( 'NONE', #2787, .T. ) ;
#1190 = EDGE_LOOP ( 'NONE', ( #4403, #5771, #5839, #4269 ) ) ;
#1191 = DIRECTION ( 'NONE',  ( 0.000000000000000000, 0.000000000000000000, 1.000000000000000000 ) ) ;
#1192 = FACE_OUTER_BOUND ( 'NONE', #7348, .T. ) ;
#1193 = ORIENTED_EDGE ( 'NONE', *, *, #3660, .F. ) ;
#1194 = CARTESIAN_POINT ( 'NONE',  ( 105.2908226684699997, 108.1430314722585706, 181.0120558229946539 ) ) ;
#1195 = ADVANCED_FACE ( 'NONE', ( #2263, #5971, #4436, #4580 ), #5252, .T. ) ;
#1196 = CARTESIAN_POINT ( 'NONE',  ( 103.8479001739019907, 48.85879653723830529, 140.1698706189440031 ) ) ;
#1197 = DIRECTION ( 'NONE',  ( 6.573840876841780226E-31, -2.960594732333740256E-15, 1.000000000000000000 ) ) ;
#1198 = DIRECTION ( 'NONE',  ( -0.8660254037844388186, 0.4999999999999997224, 0.000000000000000000 ) ) ;
#1199 = ORIENTED_EDGE ( 'NONE', *, *, #4579, .F. ) ;
#1200 = CARTESIAN_POINT ( 'NONE',  ( 5.800000000000002487, 3.117691453623978148, 0.000000000000000000 ) ) ;
#1201 = DIRECTION ( 'NONE',  ( -0.8660254037844385966, -0.5000000000000001110, 0.000000000000000000 ) ) ;
#1202 = ADVANCED_FACE ( 'NONE', ( #8180 ), #3708, .T. ) ;
#1203 = VECTOR ( 'NONE', #9054, 1000.000000000000000 ) ;
#1204 = ORIENTED_EDGE ( 'NONE', *, *, #2979, .F. ) ;
#1205 = DIRECTION ( 'NONE',  ( -1.309403304758604751E-15, -5.671848057300650126E-15, 1.000000000000000000 ) ) ;
#1206 = CARTESIAN_POINT ( 'NONE',  ( 121.9594733917879950, 48.38716104304580057, 137.7001160632310075 ) ) ;
#1207 = CARTESIAN_POINT ( 'NONE',  ( 124.9594733917879950, 111.7587965372629952, 130.5501160567390002 ) ) ;
#1208 = ORIENTED_EDGE ( 'NONE', *, *, #3048, .T. ) ;
#1209 = EDGE_CURVE ( 'NONE', #358, #1132, #7461, .T. ) ;
#1210 = DIRECTION ( 'NONE',  ( 1.309403304758604751E-15, 3.668761925651101858E-15, -1.000000000000000000 ) ) ;
#1211 = CARTESIAN_POINT ( 'NONE',  ( 0.3999999999999926392, 2.614739876170339826E-16, 0.000000000000000000 ) ) ;
#1212 = ORIENTED_EDGE ( 'NONE', *, *, #6226, .T. ) ;
#1213 = DIRECTION ( 'NONE',  ( -1.000000000000000000, 0.000000000000000000, 0.000000000000000000 ) ) ;
#1214 = PLANE ( 'NONE',  #2407 ) ;
#1215 = ORIENTED_EDGE ( 'NONE', *, *, #6007, .F. ) ;
#1216 =( BOUNDED_CURVE ( )  B_SPLINE_CURVE ( 3, ( #5333, #750, #8261, #8780 ),
 .UNSPECIFIED., .F., .T. ) 
 B_SPLINE_CURVE_WITH_KNOTS ( ( 4, 4 ),
 ( 1.570796326794896558, 2.356194490191963364 ),
 .UNSPECIFIED. ) 
 CURVE ( )  GEOMETRIC_REPRESENTATION_ITEM ( )  RATIONAL_B_SPLINE_CURVE ( ( 1.000000000000000000, 0.9492530216742398608, 0.9492530216742398608, 1.000000000000000000 ) ) 
 REPRESENTATION_ITEM ( '' )  );
#1217 = VERTEX_POINT ( 'NONE', #3135 ) ;
#1218 = AXIS2_PLACEMENT_3D ( 'NONE', #5715, #8640, #2832 ) ;
#1219 = DIRECTION ( 'NONE',  ( 1.000000000000000000, 0.000000000000000000, 0.000000000000000000 ) ) ;
#1220 = DIRECTION ( 'NONE',  ( 1.160089566501486105E-30, 2.786442101020000296E-15, -1.000000000000000000 ) ) ;
#1221 = VERTEX_POINT ( 'NONE', #27 ) ;
#1222 = ADVANCED_FACE ( 'NONE', ( #1430 ), #5208, .F. ) ;
#1223 = DIRECTION ( 'NONE',  ( 1.000000000000000000, 0.000000000000000000, 0.000000000000000000 ) ) ;
#1224 = EDGE_CURVE ( 'NONE', #207, #3083, #4626, .T. ) ;
#1225 = FACE_OUTER_BOUND ( 'NONE', #12, .T. ) ;
#1226 = EDGE_LOOP ( 'NONE', ( #7976, #7619, #6398, #1281 ) ) ;
#1227 = DIRECTION ( 'NONE',  ( 0.000000000000000000, -1.000000000000000000, -3.908184725064409972E-15 ) ) ;
#1228 = DIRECTION ( 'NONE',  ( 0.000000000000000000, 0.000000000000000000, 1.000000000000000000 ) ) ;
#1229 = CIRCLE ( 'NONE', #3093, 3.000000000000002665 ) ;
#1230 = EDGE_LOOP ( 'NONE', ( #3317, #7095, #4534, #9181 ) ) ;
#1231 = ORIENTED_EDGE ( 'NONE', *, *, #398, .F. ) ;
#1232 = CARTESIAN_POINT ( 'NONE',  ( 124.9594733917877960, 96.78558278779902935, 163.2125815355823875 ) ) ;
#1233 = ADVANCED_FACE ( 'NONE', ( #2588 ), #5350, .F. ) ;
#1234 = CARTESIAN_POINT ( 'NONE',  ( 30.40000000000002700, -24.47965141364013775, 0.5999999999999999778 ) ) ;
#1235 = ORIENTED_EDGE ( 'NONE', *, *, #2509, .T. ) ;
#1236 = LINE ( 'NONE', #7797, #329 ) ;
#1237 = DIRECTION ( 'NONE',  ( 6.590088167172854548E-16, -0.8660254037844363761, -0.5000000000000038858 ) ) ;
#1238 = VERTEX_POINT ( 'NONE', #7553 ) ;
#1239 = DIRECTION ( 'NONE',  ( -1.000000000000000000, -1.504038027996622089E-18, -1.309403304758604554E-15 ) ) ;
#1240 = CIRCLE ( 'NONE', #7399, 1.700000000000000178 ) ;
#1241 = DIRECTION ( 'NONE',  ( -1.575403109150369890E-92, 4.304434159326619126E-62, -1.000000000000000000 ) ) ;
#1242 = FACE_OUTER_BOUND ( 'NONE', #7403, .T. ) ;
#1243 = EDGE_CURVE ( 'NONE', #3559, #8513, #9211, .T. ) ;
#1244 = VECTOR ( 'NONE', #8354, 1000.000000000000114 ) ;
#1245 = DIRECTION ( 'NONE',  ( 0.8660254037844388186, -0.4999999999999997780, 0.000000000000000000 ) ) ;
#1246 = AXIS2_PLACEMENT_3D ( 'NONE', #8042, #2412, #8714 ) ;
#1247 = ORIENTED_EDGE ( 'NONE', *, *, #3143, .T. ) ;
#1248 = CYLINDRICAL_SURFACE ( 'NONE', #6507, 1.200000000000012168 ) ;
#1249 = DIRECTION ( 'NONE',  ( -1.136463268210226594E-15, 0.4999999999999976130, 0.8660254037844400399 ) ) ;
#1250 = VECTOR ( 'NONE', #4608, 1000.000000000000000 ) ;
#1251 = FACE_BOUND ( 'NONE', #1967, .T. ) ;
#1252 = CARTESIAN_POINT ( 'NONE',  ( 12.20000000000000462, -7.274613391789286787, 0.000000000000000000 ) ) ;
#1253 = ADVANCED_FACE ( 'NONE', ( #3496 ), #9255, .T. ) ;
#1254 = DIRECTION ( 'NONE',  ( 0.000000000000000000, -1.000000000000000000, 0.000000000000000000 ) ) ;
#1255 = ADVANCED_FACE ( 'NONE', ( #8537 ), #7872, .F. ) ;
#1256 = EDGE_LOOP ( 'NONE', ( #2819, #4305, #736, #783 ) ) ;
#1257 = DIRECTION ( 'NONE',  ( -0.8660254037844388186, 0.4999999999999997224, 0.000000000000000000 ) ) ;
#1258 = CARTESIAN_POINT ( 'NONE',  ( 18.40000000000000213, 3.695041722813605656, 0.5999999999999999778 ) ) ;
#1259 = VERTEX_POINT ( 'NONE', #6246 ) ;
#1260 = DIRECTION ( 'NONE',  ( 1.942890293082709955E-16, 2.960594732333735129E-15, -1.000000000000000000 ) ) ;
#1261 = DIRECTION ( 'NONE',  ( 6.503944880413198876E-16, 0.8660254037844405950, -0.4999999999999965028 ) ) ;
#1262 = ORIENTED_EDGE ( 'NONE', *, *, #8459, .T. ) ;
#1263 = ADVANCED_FACE ( 'NONE', ( #4942 ), #1675, .F. ) ;
#1264 = VERTEX_POINT ( 'NONE', #500 ) ;
#1265 = VECTOR ( 'NONE', #3100, 1000.000000000000000 ) ;
#1266 = CARTESIAN_POINT ( 'NONE',  ( 124.3594733917878159, 90.38558278779908051, 145.4301932445418686 ) ) ;
#1267 = ADVANCED_FACE ( 'NONE', ( #6964 ), #5523, .F. ) ;
#1268 = CYLINDRICAL_SURFACE ( 'NONE', #414, 1.200000000000012834 ) ;
#1269 = ORIENTED_EDGE ( 'NONE', *, *, #9094, .F. ) ;
#1270 = CARTESIAN_POINT ( 'NONE',  ( 0.4000000000000015210, -13.62546635287517027, 0.5999999999999999778 ) ) ;
#1271 = LINE ( 'NONE', #554, #2222 ) ;
#1272 = VERTEX_POINT ( 'NONE', #1847 ) ;
#1273 = DIRECTION ( 'NONE',  ( -3.155443620884050024E-30, 1.000000000000000000, 3.908184725064409972E-15 ) ) ;
#1274 = DIRECTION ( 'NONE',  ( -1.000000000000000000, 0.000000000000000000, 0.000000000000000000 ) ) ;
#1275 = VECTOR ( 'NONE', #4157, 1000.000000000000000 ) ;
#1276 = EDGE_CURVE ( 'NONE', #8358, #5810, #8403, .T. ) ;
#1277 = VERTEX_POINT ( 'NONE', #8276 ) ;
#1278 = EDGE_LOOP ( 'NONE', ( #2476, #4645, #949, #6053 ) ) ;
#1279 = DIRECTION ( 'NONE',  ( -1.000000000000000000, -3.321200662279449783E-33, 2.614510078372310017E-32 ) ) ;
#1280 = CARTESIAN_POINT ( 'NONE',  ( 121.9594733917879950, 49.15900246190739864, 134.3001160632310018 ) ) ;
#1281 = ORIENTED_EDGE ( 'NONE', *, *, #9452, .F. ) ;
#1282 = CARTESIAN_POINT ( 'NONE',  ( 121.7594733917879921, 48.38716104304580057, 134.3001160632310018 ) ) ;
#1283 = CONICAL_SURFACE ( 'NONE', #2837, 1.400000000000022116, 0.7853981633974469467 ) ;
#1284 = CARTESIAN_POINT ( 'NONE',  ( 124.5594733917879893, 47.05879653723749811, 130.4501160567390059 ) ) ;
#1285 = CARTESIAN_POINT ( 'NONE',  ( 124.3594733917878017, 85.18558278779906345, 155.8224980899551326 ) ) ;
#1286 = ADVANCED_FACE ( 'NONE', ( #7149 ), #9305, .T. ) ;
#1287 = EDGE_CURVE ( 'NONE', #6099, #2112, #5661, .T. ) ;
#1288 = AXIS2_PLACEMENT_3D ( 'NONE', #3053, #3005, #43 ) ;
#1289 = PLANE ( 'NONE',  #7662 ) ;
#1290 = DIRECTION ( 'NONE',  ( 1.160089566501492060E-30, 2.786442101020000296E-15, -1.000000000000000000 ) ) ;
#1291 = DIRECTION ( 'NONE',  ( 6.590088167172844687E-16, -0.8660254037844368202, -0.5000000000000032196 ) ) ;
#1292 = ORIENTED_EDGE ( 'NONE', *, *, #5351, .T. ) ;
#1293 = LINE ( 'NONE', #2755, #4205 ) ;
#1294 = AXIS2_PLACEMENT_3D ( 'NONE', #951, #4857, #4805 ) ;
#1295 = DIRECTION ( 'NONE',  ( 1.000000000000000000, 1.504038027996622089E-18, 1.309403304758604554E-15 ) ) ;
#1296 = VECTOR ( 'NONE', #7048, 1000.000000000000000 ) ;
#1297 = EDGE_CURVE ( 'NONE', #8893, #7773, #8866, .T. ) ;
#1298 = LINE ( 'NONE', #5784, #4881 ) ;
#1299 = MANIFOLD_SOLID_BREP ( 'Empreinte1', #6073 ) ;
#1300 = VECTOR ( 'NONE', #9205, 999.9999999999998863 ) ;
#1301 = VECTOR ( 'NONE', #771, 1000.000000000000000 ) ;
#1302 = CARTESIAN_POINT ( 'NONE',  ( 120.0732142195430043, 102.8954405435970045, 180.6501160567389945 ) ) ;
#1303 = DIRECTION ( 'NONE',  ( 1.000000000000000000, 0.000000000000000000, 0.000000000000000000 ) ) ;
#1304 = EDGE_LOOP ( 'NONE', ( #9368, #9215, #2940, #803 ) ) ;
#1305 = CARTESIAN_POINT ( 'NONE',  ( 11.60000000000000497, -7.621023553303062137, 0.000000000000000000 ) ) ;
#1306 = CARTESIAN_POINT ( 'NONE',  ( 23.60000000000000497, -20.78460969082654586, 0.000000000000000000 ) ) ;
#1307 = VERTEX_POINT ( 'NONE', #7287 ) ;
#1308 = PLANE ( 'NONE',  #1724 ) ;
#1309 = CARTESIAN_POINT ( 'NONE',  ( 120.4199540685230119, 54.95626731504267326, 180.4501160567390059 ) ) ;
#1310 = VERTEX_POINT ( 'NONE', #3539 ) ;
#1311 = VECTOR ( 'NONE', #1989, 999.9999999999998863 ) ;
#1312 = ADVANCED_FACE ( 'NONE', ( #9392 ), #1268, .F. ) ;
#1313 = VERTEX_POINT ( 'NONE', #2041 ) ;
#1314 = CARTESIAN_POINT ( 'NONE',  ( 121.9594733917879950, 66.08389949957880560, 137.7001160632320023 ) ) ;
#1315 = DIRECTION ( 'NONE',  ( -0.8660254037844388186, -0.4999999999999996114, 0.000000000000000000 ) ) ;
#1316 = ORIENTED_EDGE ( 'NONE', *, *, #2544, .T. ) ;
#1317 = DIRECTION ( 'NONE',  ( 0.8660254037844394848, 0.4999999999999983347, 0.000000000000000000 ) ) ;
#1318 = PRODUCT_CONTEXT ( 'NONE', #4576, 'mechanical' ) ;
#1319 = CARTESIAN_POINT ( 'NONE',  ( 103.8479001739019907, 51.65921004631179869, 165.6113888862240060 ) ) ;
#1320 = VERTEX_POINT ( 'NONE', #2966 ) ;
#1321 = LINE ( 'NONE', #8491, #3416 ) ;
#1322 = EDGE_CURVE ( 'NONE', #8073, #305, #742, .T. ) ;
#1323 = DIRECTION ( 'NONE',  ( 1.160089566501492060E-30, 2.786442101020000296E-15, -1.000000000000000000 ) ) ;
#1324 = LINE ( 'NONE', #5428, #1296 ) ;
#1325 = VERTEX_POINT ( 'NONE', #5748 ) ;
#1326 = CIRCLE ( 'NONE', #6721, 1.600000000000026512 ) ;
#1327 = ORIENTED_EDGE ( 'NONE', *, *, #7185, .F. ) ;
#1328 = CARTESIAN_POINT ( 'NONE',  ( 124.9594733917878244, 90.78558278779910040, 138.0401097989146706 ) ) ;
#1329 = CARTESIAN_POINT ( 'NONE',  ( 121.5594733917879893, 50.85900246190750096, 136.0001160632310189 ) ) ;
#1330 = ORIENTED_EDGE ( 'NONE', *, *, #6366, .T. ) ;
#1331 = VECTOR ( 'NONE', #6386, 1000.000000000000000 ) ;
#1332 = CARTESIAN_POINT ( 'NONE',  ( 121.5594733917879893, 50.85900246190750096, 136.0001160632310189 ) ) ;
#1333 = EDGE_CURVE ( 'NONE', #6237, #199, #2773, .T. ) ;
#1334 = CARTESIAN_POINT ( 'NONE',  ( 124.9594733917879807, 91.58558278779905493, 152.3583964748173969 ) ) ;
#1335 = VERTEX_POINT ( 'NONE', #2869 ) ;
#1336 = VECTOR ( 'NONE', #5018, 1000.000000000000000 ) ;
#1337 = PLANE ( 'NONE',  #5346 ) ;
#1338 = ORIENTED_EDGE ( 'NONE', *, *, #351, .F. ) ;
#1339 = CARTESIAN_POINT ( 'NONE',  ( 124.3594733917878017, 78.78558278779901514, 165.7529227200166702 ) ) ;
#1340 = DIRECTION ( 'NONE',  ( -0.5000000000000003331, -0.8660254037844385966, 0.000000000000000000 ) ) ;
#1341 = ADVANCED_FACE ( 'NONE', ( #9440 ), #3965, .F. ) ;
#1342 = EDGE_CURVE ( 'NONE', #2731, #4571, #4986, .T. ) ;
#1343 = ORIENTED_EDGE ( 'NONE', *, *, #8749, .T. ) ;
#1344 = DIRECTION ( 'NONE',  ( 2.003086131649548268E-15, -1.000000000000000000, 0.000000000000000000 ) ) ;
#1345 = VECTOR ( 'NONE', #7037, 1000.000000000000000 ) ;
#1346 = LINE ( 'NONE', #9523, #4575 ) ;
#1347 = DIRECTION ( 'NONE',  ( -4.973484979958430340E-18, 1.000000000000000000, 5.671848057300650126E-15 ) ) ;
#1348 = CARTESIAN_POINT ( 'NONE',  ( 23.60000000000000497, -20.78460969082654586, 0.000000000000000000 ) ) ;
#1349 = DIRECTION ( 'NONE',  ( 0.000000000000000000, -2.891205793294796084E-14, 1.000000000000000000 ) ) ;
#1350 = EDGE_LOOP ( 'NONE', ( #6766, #4757, #6980, #3395 ) ) ;
#1351 = DIRECTION ( 'NONE',  ( 6.503944880413206764E-16, 0.8660254037844403729, -0.4999999999999970579 ) ) ;
#1352 = EDGE_CURVE ( 'NONE', #812, #942, #4265, .T. ) ;
#1353 = LINE ( 'NONE', #632, #3765 ) ;
#1354 = EDGE_LOOP ( 'NONE', ( #1476, #8891, #2203, #5273 ) ) ;
#1355 = LINE ( 'NONE', #45, #2197 ) ;
#1356 = LINE ( 'NONE', #8618, #1311 ) ;
#1357 = EDGE_LOOP ( 'NONE', ( #4726, #2707, #7212, #3550, #3632, #8622, #4927, #7434 ) ) ;
#1358 = VERTEX_POINT ( 'NONE', #8110 ) ;
#1359 = CARTESIAN_POINT ( 'NONE',  ( 124.5594733917879893, 112.0123499278559933, 177.1965626661460078 ) ) ;
#1360 = DIRECTION ( 'NONE',  ( 0.000000000000000000, 0.000000000000000000, 1.000000000000000000 ) ) ;
#1361 = VECTOR ( 'NONE', #1734, 1000.000000000000000 ) ;
#1362 = VERTEX_POINT ( 'NONE', #5033 ) ;
#1363 = DIRECTION ( 'NONE',  ( 0.000000000000000000, 1.000000000000000000, 0.000000000000000000 ) ) ;
#1364 = EDGE_CURVE ( 'NONE', #8914, #7475, #6883, .T. ) ;
#1365 = LINE ( 'NONE', #4853, #6374 ) ;
#1366 = ORIENTED_EDGE ( 'NONE', *, *, #7991, .T. ) ;
#1367 = PLANE ( 'NONE',  #323 ) ;
#1368 = LINE ( 'NONE', #2096, #8532 ) ;
#1369 = CIRCLE ( 'NONE', #9209, 3.000000000000002665 ) ;
#1370 = ORIENTED_EDGE ( 'NONE', *, *, #9085, .T. ) ;
#1371 = ORIENTED_EDGE ( 'NONE', *, *, #8696, .F. ) ;
#1372 = CARTESIAN_POINT ( 'NONE',  ( 97.10416572089670240, 111.6587965372630009, 130.0501160567390002 ) ) ;
#1373 = EDGE_CURVE ( 'NONE', #7964, #2596, #2918, .T. ) ;
#1374 = CARTESIAN_POINT ( 'NONE',  ( 103.4479001739019992, 48.45879653723820013, 166.8113888862239946 ) ) ;
#1375 = EDGE_CURVE ( 'NONE', #8794, #9152, #1956, .T. ) ;
#1376 = ORIENTED_EDGE ( 'NONE', *, *, #3413, .T. ) ;
#1377 = PLANE ( 'NONE',  #6023 ) ;
#1378 = CARTESIAN_POINT ( 'NONE',  ( 124.9594733917878244, 105.9855827877991175, 139.8876306603215198 ) ) ;
#1379 = ORIENTED_EDGE ( 'NONE', *, *, #5686, .T. ) ;
#1380 = ORIENTED_EDGE ( 'NONE', *, *, #4782, .F. ) ;
#1381 = ADVANCED_FACE ( 'NONE', ( #7194 ), #7917, .T. ) ;
#1382 = CARTESIAN_POINT ( 'NONE',  ( 24.40000000000002345, -27.01999259807449860, 0.000000000000000000 ) ) ;
#1383 = EDGE_LOOP ( 'NONE', ( #1208, #2570, #3969, #4213 ) ) ;
#1384 = DIRECTION ( 'NONE',  ( -1.309403304758604751E-15, -3.668761925651101858E-15, 1.000000000000000000 ) ) ;
#1385 = PLANE ( 'NONE',  #9286 ) ;
#1386 = VERTEX_POINT ( 'NONE', #8625 ) ;
#1387 = VECTOR ( 'NONE', #1223, 1000.000000000000000 ) ;
#1388 = LINE ( 'NONE', #5878, #5447 ) ;
#1389 = DIRECTION ( 'NONE',  ( 1.000000000000000000, 0.000000000000000000, 0.000000000000000000 ) ) ;
#1390 = EDGE_CURVE ( 'NONE', #605, #8209, #7238, .T. ) ;
#1391 = EDGE_CURVE ( 'NONE', #1277, #8322, #6520, .T. ) ;
#1392 = VECTOR ( 'NONE', #3588, 1000.000000000000000 ) ;
#1393 = CARTESIAN_POINT ( 'NONE',  ( 124.9594733917878102, 108.5855827877990691, 155.4760879284414443 ) ) ;
#1394 = DIRECTION ( 'NONE',  ( -0.8660254037844388186, -0.4999999999999996114, 0.000000000000000000 ) ) ;
#1395 = CARTESIAN_POINT ( 'NONE',  ( 124.9594733917878244, 99.58558278779911177, 139.8876306603214914 ) ) ;
#1396 = ORIENTED_EDGE ( 'NONE', *, *, #254, .T. ) ;
#1397 = CARTESIAN_POINT ( 'NONE',  ( 103.4479001739019992, 50.05879653723830813, 146.8896251811480056 ) ) ;
#1398 = PLANE ( 'NONE',  #1288 ) ;
#1399 = VERTEX_POINT ( 'NONE', #5078 ) ;
#1400 = CARTESIAN_POINT ( 'NONE',  ( -2.103418544659756980E-16, 6.466323014923810675, 0.000000000000000000 ) ) ;
#1401 = PLANE ( 'NONE',  #5183 ) ;
#1402 = ORIENTED_EDGE ( 'NONE', *, *, #5933, .T. ) ;
#1403 = VECTOR ( 'NONE', #7644, 1000.000000000000000 ) ;
#1404 = ADVANCED_FACE ( 'NONE', ( #1408 ), #5132, .T. ) ;
#1405 = VERTEX_POINT ( 'NONE', #3683 ) ;
#1406 = ADVANCED_FACE ( 'NONE', ( #6624 ), #4, .F. ) ;
#1407 = CARTESIAN_POINT ( 'NONE',  ( 118.0699540685230176, 54.95626731504270168, 181.0501160567390002 ) ) ;
#1408 = FACE_OUTER_BOUND ( 'NONE', #5698, .T. ) ;
#1409 = VERTEX_POINT ( 'NONE', #5414 ) ;
#1410 = DIRECTION ( 'NONE',  ( -0.7071067811865631159, 0.7071067811865320296, 3.043694583230801126E-62 ) ) ;
#1411 = APPLICATION_PROTOCOL_DEFINITION ( 'draft international standard', 'automotive_design', 1998, #2914 ) ;
#1412 = DIRECTION ( 'NONE',  ( -1.000000000000000000, 1.841523682625270206E-14, 0.000000000000000000 ) ) ;
#1413 = EDGE_LOOP ( 'NONE', ( #6198, #8743, #8434, #5209 ) ) ;
#1414 = DIRECTION ( 'NONE',  ( -0.8660254037844388186, -0.4999999999999995559, 0.000000000000000000 ) ) ;
#1415 = CARTESIAN_POINT ( 'NONE',  ( 104.1412005329670052, 112.0123499278559933, 177.1965626661460078 ) ) ;
#1416 = ORIENTED_EDGE ( 'NONE', *, *, #3256, .F. ) ;
#1417 = ORIENTED_EDGE ( 'NONE', *, *, #1002, .F. ) ;
#1418 = EDGE_CURVE ( 'NONE', #1362, #3916, #3971, .T. ) ;
#1419 = ORIENTED_EDGE ( 'NONE', *, *, #9335, .T. ) ;
#1420 = CARTESIAN_POINT ( 'NONE',  ( 117.4594733917879950, 104.3679753938900063, 180.4501160567390059 ) ) ;
#1421 = VECTOR ( 'NONE', #8860, 1000.000000000000000 ) ;
#1422 = CARTESIAN_POINT ( 'NONE',  ( 17.80000000000001847, -17.66691823720256238, 0.000000000000000000 ) ) ;
#1423 = ORIENTED_EDGE ( 'NONE', *, *, #4000, .F. ) ;
#1424 = CARTESIAN_POINT ( 'NONE',  ( 124.9594733917877960, 96.38558278779903787, 162.0578809972031422 ) ) ;
#1425 = DIRECTION ( 'NONE',  ( 0.8660254037844384856, 0.5000000000000002220, 0.000000000000000000 ) ) ;
#1426 = EDGE_LOOP ( 'NONE', ( #7601, #8766, #688, #1269 ) ) ;
#1428 = ADVANCED_FACE ( 'NONE', ( #6092, #102, #3062, #8337, #9015, #4603, #933, #2431, #3014, #5323, #2380, #3922, #8918, #838, #2334, #5229 ), #2475, .F. ) ;
#1427 = VECTOR ( 'NONE', #6458, 999.9999999999998863 ) ;
#1429 = ORIENTED_EDGE ( 'NONE', *, *, #6173, .F. ) ;
#1430 = FACE_OUTER_BOUND ( 'NONE', #8401, .T. ) ;
#1431 = VERTEX_POINT ( 'NONE', #5372 ) ;
#1432 = AXIS2_PLACEMENT_3D ( 'NONE', #319, #3282, #6212 ) ;
#1433 = CARTESIAN_POINT ( 'NONE',  ( 121.7594733917879921, 48.38716104304560162, 173.4500716728240093 ) ) ;
#1434 = CARTESIAN_POINT ( 'NONE',  ( 124.3594733917878017, 84.38558278779905208, 155.8224980899551326 ) ) ;
#1435 = VECTOR ( 'NONE', #1868, 999.9999999999998863 ) ;
#1436 = ORIENTED_EDGE ( 'NONE', *, *, #8949, .T. ) ;
#1437 = DIRECTION ( 'NONE',  ( 1.000000000000000000, -1.841523682625230132E-14, -1.719951524002329990E-13 ) ) ;
#1438 = EDGE_CURVE ( 'NONE', #3251, #4659, #6718, .T. ) ;
#1439 = DIRECTION ( 'NONE',  ( -0.5000000000000003331, -0.8660254037844385966, 0.000000000000000000 ) ) ;
#1440 = AXIS2_PLACEMENT_3D ( 'NONE', #3030, #903, #5962 ) ;
#1441 = FACE_BOUND ( 'NONE', #1710, .T. ) ;
#1442 = DIRECTION ( 'NONE',  ( -0.7071067811865475727, 1.237175165510810512E-14, 0.7071067811865475727 ) ) ;
#1443 = PLANE ( 'NONE',  #3828 ) ;
#1444 = ORIENTED_EDGE ( 'NONE', *, *, #2946, .F. ) ;
#1445 = CIRCLE ( 'NONE', #6843, 1.199999999999951106 ) ;
#1446 = DIRECTION ( 'NONE',  ( -1.000000000000000000, 0.000000000000000000, 0.000000000000000000 ) ) ;
#1447 = VECTOR ( 'NONE', #5826, 1000.000000000000000 ) ;
#1448 = DIRECTION ( 'NONE',  ( 1.000000000000000000, 3.659954016805949876E-31, -3.816925823431500424E-31 ) ) ;
#1449 = ORIENTED_EDGE ( 'NONE', *, *, #2330, .T. ) ;
#1450 = DIRECTION ( 'NONE',  ( 0.000000000000000000, 3.908184725064409972E-15, -1.000000000000000000 ) ) ;
#1451 = EDGE_CURVE ( 'NONE', #1830, #3972, #5947, .T. ) ;
#1452 = FACE_BOUND ( 'NONE', #4564, .T. ) ;
#1453 = ORIENTED_EDGE ( 'NONE', *, *, #229, .F. ) ;
#1454 = ORIENTED_EDGE ( 'NONE', *, *, #1101, .F. ) ;
#1455 = AXIS2_PLACEMENT_3D ( 'NONE', #6736, #2308, #4525 ) ;
#1456 = AXIS2_PLACEMENT_3D ( 'NONE', #2055, #1963, #6539 ) ;
#1457 = PLANE ( 'NONE',  #1788 ) ;
#1458 = DIRECTION ( 'NONE',  ( 0.7071067811865900943, 0.4999999999999668598, 0.4999999999999731326 ) ) ;
#1459 = ORIENTED_EDGE ( 'NONE', *, *, #5332, .F. ) ;
#1460 = DIRECTION ( 'NONE',  ( -1.000000000000000000, 8.675024576659518025E-17, -2.094336198689004853E-16 ) ) ;
#1461 = DIRECTION ( 'NONE',  ( 0.8660254037844387076, -0.4999999999999998335, 0.000000000000000000 ) ) ;
#1462 = VERTEX_POINT ( 'NONE', #4694 ) ;
#1463 = DIRECTION ( 'NONE',  ( 1.309403304758604751E-15, 4.322446894693699141E-15, -1.000000000000000000 ) ) ;
#1464 = VECTOR ( 'NONE', #1323, 1000.000000000000000 ) ;
#1465 = FACE_OUTER_BOUND ( 'NONE', #540, .T. ) ;
#1466 = AXIS2_PLACEMENT_3D ( 'NONE', #8631, #2823, #6437 ) ;
#1467 = EDGE_CURVE ( 'NONE', #5096, #7077, #4553, .T. ) ;
#1468 = VERTEX_POINT ( 'NONE', #7627 ) ;
#1469 = LINE ( 'NONE', #4423, #8842 ) ;
#1470 = VERTEX_POINT ( 'NONE', #7482 ) ;
#1471 = VERTEX_POINT ( 'NONE', #8298 ) ;
#1472 = AXIS2_PLACEMENT_3D ( 'NONE', #2867, #6432, #686 ) ;
#1473 = VECTOR ( 'NONE', #5842, 1000.000000000000000 ) ;
#1474 = DIRECTION ( 'NONE',  ( -1.000000000000000000, 0.000000000000000000, 0.000000000000000000 ) ) ;
#1475 = LINE ( 'NONE', #2934, #8071 ) ;
#1476 = ORIENTED_EDGE ( 'NONE', *, *, #4531, .F. ) ;
#1477 = FACE_OUTER_BOUND ( 'NONE', #7300, .T. ) ;
#1478 = LINE ( 'NONE', #2938, #7302 ) ;
#1479 = EDGE_CURVE ( 'NONE', #2620, #5815, #5657, .T. ) ;
#1480 = VECTOR ( 'NONE', #1201, 1000.000000000000114 ) ;
#1481 = ORIENTED_EDGE ( 'NONE', *, *, #8006, .F. ) ;
#1482 = ORIENTED_EDGE ( 'NONE', *, *, #4240, .F. ) ;
#1483 = CARTESIAN_POINT ( 'NONE',  ( 2.800000000000001599, 4.849742261192856674, 0.5999999999999999778 ) ) ;
#1484 = AXIS2_PLACEMENT_3D ( 'NONE', #864, #715, #2359 ) ;
#1485 = ORIENTED_EDGE ( 'NONE', *, *, #8497, .T. ) ;
#1486 = PLANE ( 'NONE',  #4614 ) ;
#1487 = DIRECTION ( 'NONE',  ( -1.000000000000000000, -1.504038027996622089E-18, -1.309403304758604554E-15 ) ) ;
#1488 = EDGE_CURVE ( 'NONE', #8448, #6259, #7528, .T. ) ;
#1489 = ORIENTED_EDGE ( 'NONE', *, *, #6445, .T. ) ;
#1490 = DIRECTION ( 'NONE',  ( -1.000000000000000000, 0.000000000000000000, 0.000000000000000000 ) ) ;
#1491 = DIRECTION ( 'NONE',  ( 1.000000000000000000, -1.001543065824772359E-15, 0.000000000000000000 ) ) ;
#1492 = DIRECTION ( 'NONE',  ( 0.000000000000000000, -1.000000000000000000, -2.413561285175750205E-15 ) ) ;
#1493 = EDGE_CURVE ( 'NONE', #2135, #4869, #1697, .T. ) ;
#1494 = LINE ( 'NONE', #6797, #7827 ) ;
#1495 = DIRECTION ( 'NONE',  ( 0.000000000000000000, 0.7071067811865474617, -0.7071067811865474617 ) ) ;
#1496 = ORIENTED_EDGE ( 'NONE', *, *, #2414, .F. ) ;
#1497 = VECTOR ( 'NONE', #8648, 1000.000000000000000 ) ;
#1498 = UNCERTAINTY_MEASURE_WITH_UNIT (LENGTH_MEASURE( 1.000000000000000082E-05 ), #5420, 'distance_accuracy_value', 'NONE');
#1499 = LINE ( 'NONE', #8857, #3156 ) ;
#1500 = ORIENTED_EDGE ( 'NONE', *, *, #562, .F. ) ;
#1501 = CARTESIAN_POINT ( 'NONE',  ( 6.400000000000002132, 2.771281292110203243, 0.5999999999999999778 ) ) ;
#1502 = FACE_BOUND ( 'NONE', #186, .T. ) ;
#1503 = ORIENTED_EDGE ( 'NONE', *, *, #5448, .T. ) ;
#1504 = VECTOR ( 'NONE', #8904, 1000.000000000000000 ) ;
#1505 = ORIENTED_EDGE ( 'NONE', *, *, #8230, .T. ) ;
#1506 = PLANE ( 'NONE',  #3960 ) ;
#1507 = EDGE_CURVE ( 'NONE', #1964, #100, #3508, .T. ) ;
#1508 = DIRECTION ( 'NONE',  ( 1.000000000000000000, 3.659954016805839962E-31, 1.552685279030869865E-47 ) ) ;
#1509 = ORIENTED_EDGE ( 'NONE', *, *, #187, .F. ) ;
#1510 = FACE_OUTER_BOUND ( 'NONE', #4347, .T. ) ;
#1511 = DIRECTION ( 'NONE',  ( 1.000000000000000000, 0.000000000000000000, 0.000000000000000000 ) ) ;
#1512 = CARTESIAN_POINT ( 'NONE',  ( 123.6420582790520086, 47.95879991855730395, 181.0501160567390002 ) ) ;
#1513 = ORIENTED_EDGE ( 'NONE', *, *, #7418, .F. ) ;
#1514 = VECTOR ( 'NONE', #8039, 1000.000000000000000 ) ;
#1515 = CARTESIAN_POINT ( 'NONE',  ( 124.3594733917878017, 85.18558278779900661, 162.9816414279065100 ) ) ;
#1516 = LINE ( 'NONE', #6048, #8681 ) ;
#1517 = VERTEX_POINT ( 'NONE', #3872 ) ;
#1518 = CARTESIAN_POINT ( 'NONE',  ( 118.0699540685230176, 94.95626731504272300, 169.4033123135855874 ) ) ;
#1519 = ORIENTED_EDGE ( 'NONE', *, *, #7670, .T. ) ;
#1520 = EDGE_LOOP ( 'NONE', ( #6136, #2482, #2231, #8247 ) ) ;
#1521 = EDGE_CURVE ( 'NONE', #3077, #6015, #1553, .T. ) ;
#1522 = EDGE_CURVE ( 'NONE', #1721, #1335, #6042, .T. ) ;
#1523 = LINE ( 'NONE', #705, #5088 ) ;
#1524 = CARTESIAN_POINT ( 'NONE',  ( 103.4479001739019992, 46.22196620033419379, 178.9647575824119770 ) ) ;
#1525 = VERTEX_POINT ( 'NONE', #8962 ) ;
#1526 = FACE_OUTER_BOUND ( 'NONE', #7291, .T. ) ;
#1527 = CARTESIAN_POINT ( 'NONE',  ( 121.5594733917879893, 50.85900246190750096, 136.0001160632310189 ) ) ;
#1528 = VECTOR ( 'NONE', #7554, 1000.000000000000000 ) ;
#1529 = ORIENTED_EDGE ( 'NONE', *, *, #5228, .F. ) ;
#1530 = ORIENTED_EDGE ( 'NONE', *, *, #9318, .T. ) ;
#1531 = ADVANCED_FACE ( 'NONE', ( #191 ), #1650, .F. ) ;
#1532 = FACE_OUTER_BOUND ( 'NONE', #24, .T. ) ;
#1533 = ORIENTED_EDGE ( 'NONE', *, *, #6822, .T. ) ;
#1534 = CARTESIAN_POINT ( 'NONE',  ( 114.9689659787189981, 102.6954405435960069, 180.4501160567390059 ) ) ;
#1535 = DIRECTION ( 'NONE',  ( -0.8660254037844387076, -0.5000000000000001110, 0.000000000000000000 ) ) ;
#1536 = ORIENTED_EDGE ( 'NONE', *, *, #9270, .F. ) ;
#1537 = LINE ( 'NONE', #2995, #7594 ) ;
#1538 = DIRECTION ( 'NONE',  ( -1.332169591021890008E-15, 0.000000000000000000, 1.000000000000000000 ) ) ;
#1539 = VECTOR ( 'NONE', #7303, 1000.000000000000000 ) ;
#1540 = DIRECTION ( 'NONE',  ( 0.5000000000000001110, 0.8660254037844385966, -0.000000000000000000 ) ) ;
#1541 = CARTESIAN_POINT ( 'NONE',  ( 124.3594733917878159, 97.18558278779907766, 148.6633547520038121 ) ) ;
#1542 = CARTESIAN_POINT ( 'NONE',  ( 124.3594733917878017, 78.98558278779900377, 165.8683927738546231 ) ) ;
#1543 = ORIENTED_EDGE ( 'NONE', *, *, #9263, .T. ) ;
#1544 = DIRECTION ( 'NONE',  ( -6.503944880413202820E-16, -0.8660254037844404840, 0.4999999999999967804 ) ) ;
#1545 = VERTEX_POINT ( 'NONE', #1112 ) ;
#1546 = CARTESIAN_POINT ( 'NONE',  ( 124.9594733917878102, 103.1855827877990635, 152.5893365824933028 ) ) ;
#1547 = DIRECTION ( 'NONE',  ( 1.309403304758604751E-15, 1.665675794001558719E-15, -1.000000000000000000 ) ) ;
#1548 = ORIENTED_EDGE ( 'NONE', *, *, #9452, .T. ) ;
#1549 = VECTOR ( 'NONE', #342, 1000.000000000000000 ) ;
#1550 = ORIENTED_EDGE ( 'NONE', *, *, #5883, .T. ) ;
#1551 = EDGE_CURVE ( 'NONE', #3184, #2777, #4836, .T. ) ;
#1552 = DIRECTION ( 'NONE',  ( -6.590088167172846660E-16, 0.8660254037844367092, 0.5000000000000034417 ) ) ;
#1553 = LINE ( 'NONE', #6809, #8878 ) ;
#1554 = VERTEX_POINT ( 'NONE', #6189 ) ;
#1555 = CARTESIAN_POINT ( 'NONE',  ( 120.0347584542846562, 102.8271817830673029, 180.5818572962102451 ) ) ;
#1556 = VECTOR ( 'NONE', #119, 1000.000000000000000 ) ;
#1557 = CARTESIAN_POINT ( 'NONE',  ( 124.3594733917878017, 78.58558278779904072, 159.6330098666066419 ) ) ;
#1558 = VERTEX_POINT ( 'NONE', #5557 ) ;
#1559 = LINE ( 'NONE', #9497, #957 ) ;
#1560 = CARTESIAN_POINT ( 'NONE',  ( 124.9594733917878102, 90.98558278779906061, 152.7048066363311705 ) ) ;
#1561 = ORIENTED_EDGE ( 'NONE', *, *, #4000, .T. ) ;
#1562 = DIRECTION ( 'NONE',  ( 2.003086131649543140E-15, 1.000000000000000000, 0.000000000000000000 ) ) ;
#1563 = EDGE_CURVE ( 'NONE', #8935, #1272, #6280, .T. ) ;
#1564 = VERTEX_POINT ( 'NONE', #5648 ) ;
#1565 = EDGE_CURVE ( 'NONE', #9113, #3233, #7860, .T. ) ;
#1566 = VECTOR ( 'NONE', #5051, 1000.000000000000114 ) ;
#1567 = ORIENTED_EDGE ( 'NONE', *, *, #2414, .T. ) ;
#1568 = DIRECTION ( 'NONE',  ( -0.8660254037844385966, 0.5000000000000001110, 0.000000000000000000 ) ) ;
#1569 = DIRECTION ( 'NONE',  ( -0.000000000000000000, 0.000000000000000000, 1.000000000000000000 ) ) ;
#1570 = ORIENTED_EDGE ( 'NONE', *, *, #5360, .T. ) ;
#1571 = FACE_OUTER_BOUND ( 'NONE', #8583, .T. ) ;
#1572 = DIRECTION ( 'NONE',  ( -1.000000000000000000, -1.504038027996622089E-18, -1.309403304758604554E-15 ) ) ;
#1573 = EDGE_CURVE ( 'NONE', #154, #6903, #2573, .T. ) ;
#1574 = ORIENTED_EDGE ( 'NONE', *, *, #7524, .F. ) ;
#1575 = ORIENTED_EDGE ( 'NONE', *, *, #5052, .T. ) ;
#1576 = CARTESIAN_POINT ( 'NONE',  ( 124.9594733917877960, 79.18558278779903503, 159.0556595974170193 ) ) ;
#1577 = CARTESIAN_POINT ( 'NONE',  ( 124.9594733917878102, 105.9855827877990748, 150.9727558287623594 ) ) ;
#1578 = DIRECTION ( 'NONE',  ( -0.7071067811865709984, -0.7071067811865240360, -3.321995456495584955E-14 ) ) ;
#1579 = ORIENTED_EDGE ( 'NONE', *, *, #773, .F. ) ;
#1580 = CARTESIAN_POINT ( 'NONE',  ( 124.9594733917878102, 108.9855827877990606, 156.1689082514689915 ) ) ;
#1581 = ADVANCED_FACE ( 'NONE', ( #2522 ), #9291, .F. ) ;
#1582 = CARTESIAN_POINT ( 'NONE',  ( 124.3594733917878159, 108.3855827877990947, 145.4301932445419538 ) ) ;
#1583 = ADVANCED_FACE ( 'NONE', ( #7768 ), #1982, .F. ) ;
#1584 = VECTOR ( 'NONE', #2327, 1000.000000000000000 ) ;
#1585 = FACE_OUTER_BOUND ( 'NONE', #1520, .T. ) ;
#1586 = LINE ( 'NONE', #775, #5524 ) ;
#1587 = DIRECTION ( 'NONE',  ( 6.590088167172822994E-16, -0.8660254037844377084, -0.5000000000000015543 ) ) ;
#1588 = ORIENTED_EDGE ( 'NONE', *, *, #6570, .F. ) ;
#1589 = FACE_OUTER_BOUND ( 'NONE', #769, .T. ) ;
#1590 = CIRCLE ( 'NONE', #2524, 3.000000000000002665 ) ;
#1591 = DIRECTION ( 'NONE',  ( -1.309403304758604751E-15, -1.665675794001558719E-15, 1.000000000000000000 ) ) ;
#1592 = EDGE_LOOP ( 'NONE', ( #6942, #6715, #3709, #7718 ) ) ;
#1593 = ADVANCED_FACE ( 'NONE', ( #3300 ), #3394, .F. ) ;
#1594 = ORIENTED_EDGE ( 'NONE', *, *, #6835, .F. ) ;
#1595 = CARTESIAN_POINT ( 'NONE',  ( 24.40000000000002345, -6.697263122599669494, 0.5999999999999999778 ) ) ;
#1596 = VECTOR ( 'NONE', #8454, 1000.000000000000000 ) ;
#1597 = CARTESIAN_POINT ( 'NONE',  ( 18.20000000000000284, -31.52332469775358348, -0.000000000000000000 ) ) ;
#1598 = VECTOR ( 'NONE', #6989, 1000.000000000000000 ) ;
#1599 = ORIENTED_EDGE ( 'NONE', *, *, #3581, .T. ) ;
#1600 = LINE ( 'NONE', #7531, #6334 ) ;
#1601 = FACE_OUTER_BOUND ( 'NONE', #3964, .T. ) ;
#1602 = VERTEX_POINT ( 'NONE', #1164 ) ;
#1603 = CARTESIAN_POINT ( 'NONE',  ( 124.5594733917879893, 107.9516897560760071, 181.0501160567390002 ) ) ;
#1604 = DIRECTION ( 'NONE',  ( 1.000000000000000000, -1.684925824262390165E-30, 1.332169591021890008E-15 ) ) ;
#1605 = ORIENTED_EDGE ( 'NONE', *, *, #3767, .T. ) ;
#1606 = EDGE_CURVE ( 'NONE', #6457, #5160, #7090, .T. ) ;
#1607 = DIRECTION ( 'NONE',  ( -3.659954016805839962E-31, 1.000000000000000000, 0.000000000000000000 ) ) ;
#1608 = AXIS2_PLACEMENT_3D ( 'NONE', #4001, #3333, #3379 ) ;
#1609 = AXIS2_PLACEMENT_3D ( 'NONE', #6403, #9321, #8594 ) ;
#1610 = ORIENTED_EDGE ( 'NONE', *, *, #7325, .T. ) ;
#1611 = ORIENTED_EDGE ( 'NONE', *, *, #8356, .T. ) ;
#1612 = LINE ( 'NONE', #1934, #214 ) ;
#1613 = EDGE_CURVE ( 'NONE', #1238, #1822, #8473, .T. ) ;
#1614 = VECTOR ( 'NONE', #4701, 999.9999999999998863 ) ;
#1615 = VECTOR ( 'NONE', #6868, 1000.000000000000227 ) ;
#1616 = DIRECTION ( 'NONE',  ( 1.000000000000000000, -4.087556092131263946E-16, 0.000000000000000000 ) ) ;
#1617 = DIRECTION ( 'NONE',  ( 0.000000000000000000, 2.960594732333740256E-15, -1.000000000000000000 ) ) ;
#1618 = ORIENTED_EDGE ( 'NONE', *, *, #8218, .F. ) ;
#1619 = PLANE ( 'NONE',  #9082 ) ;
#1620 = DIRECTION ( 'NONE',  ( 0.000000000000000000, -1.000000000000000000, 0.000000000000000000 ) ) ;
#1621 = VECTOR ( 'NONE', #4080, 1000.000000000000000 ) ;
#1622 = EDGE_LOOP ( 'NONE', ( #7726, #1182, #2680, #2008 ) ) ;
#1623 = VECTOR ( 'NONE', #288, 1000.000000000000000 ) ;
#1624 = ORIENTED_EDGE ( 'NONE', *, *, #4773, .F. ) ;
#1625 = DIRECTION ( 'NONE',  ( 0.000000000000000000, 3.643637931777490340E-15, -1.000000000000000000 ) ) ;
#1626 = EDGE_CURVE ( 'NONE', #7874, #763, #4018, .T. ) ;
#1627 = DIRECTION ( 'NONE',  ( -1.000000000000000000, 0.000000000000000000, 0.000000000000000000 ) ) ;
#1628 = FACE_OUTER_BOUND ( 'NONE', #8413, .T. ) ;
#1629 = CARTESIAN_POINT ( 'NONE',  ( 18.40000000000000213, -10.39230484541327293, 0.000000000000000000 ) ) ;
#1630 = VECTOR ( 'NONE', #5370, 1000.000000000000000 ) ;
#1631 = EDGE_LOOP ( 'NONE', ( #2, #3924, #4281, #1755, #9404 ) ) ;
#1632 = FACE_OUTER_BOUND ( 'NONE', #5079, .T. ) ;
#1633 = DIRECTION ( 'NONE',  ( 1.000000000000000000, 0.000000000000000000, 0.000000000000000000 ) ) ;
#1634 = ADVANCED_BREP_SHAPE_REPRESENTATION ( '', ( #1299, #7161 ), #853 ) ;
#1635 = VECTOR ( 'NONE', #4335, 1000.000000000000000 ) ;
#1636 = VECTOR ( 'NONE', #3092, 1000.000000000000000 ) ;
#1637 = CARTESIAN_POINT ( 'NONE',  ( 97.51665896446219506, 47.45879653723749669, 130.0501160567390002 ) ) ;
#1638 = EDGE_CURVE ( 'NONE', #8152, #7153, #4740, .T. ) ;
#1639 = EDGE_CURVE ( 'NONE', #4430, #144, #4164, .T. ) ;
#1640 = CARTESIAN_POINT ( 'NONE',  ( 6.400000000000002132, 2.771281292110203243, 0.000000000000000000 ) ) ;
#1641 = DIRECTION ( 'NONE',  ( -0.7071067811865709984, -0.7071067811865240360, -3.321995456495584955E-14 ) ) ;
#1642 = ORIENTED_EDGE ( 'NONE', *, *, #8730, .F. ) ;
#1643 = CARTESIAN_POINT ( 'NONE',  ( 117.4594733917879950, 104.3679753938900063, 167.0501160567430077 ) ) ;
#1644 = DIRECTION ( 'NONE',  ( -1.332169591021890008E-15, -3.908184725064409972E-15, 1.000000000000000000 ) ) ;
#1645 = ORIENTED_EDGE ( 'NONE', *, *, #872, .F. ) ;
#1646 = EDGE_LOOP ( 'NONE', ( #4459, #4601, #3018, #9081 ) ) ;
#1647 = LINE ( 'NONE', #6717, #880 ) ;
#1648 = VECTOR ( 'NONE', #4647, 1000.000000000000000 ) ;
#1649 = EDGE_CURVE ( 'NONE', #9088, #5389, #8569, .T. ) ;
#1650 = CYLINDRICAL_SURFACE ( 'NONE', #6273, 3.000000000000002665 ) ;
#1651 = ORIENTED_EDGE ( 'NONE', *, *, #828, .F. ) ;
#1652 = CARTESIAN_POINT ( 'NONE',  ( 117.4594733917879950, 104.3679753938900063, 167.0501160567430077 ) ) ;
#1653 = LINE ( 'NONE', #3974, #4383 ) ;
#1654 = VERTEX_POINT ( 'NONE', #4785 ) ;
#1655 = CARTESIAN_POINT ( 'NONE',  ( 12.80000000000000426, -6.928203230275511437, 0.000000000000000000 ) ) ;
#1656 = LINE ( 'NONE', #7006, #6544 ) ;
#1657 = EDGE_LOOP ( 'NONE', ( #3420, #1175, #8504, #7984 ) ) ;
#1658 = VECTOR ( 'NONE', #6372, 1000.000000000000227 ) ;
#1659 = CARTESIAN_POINT ( 'NONE',  ( 124.3594733917878159, 109.1855827877990919, 145.4301932445419538 ) ) ;
#1660 = VECTOR ( 'NONE', #9096, 1000.000000000000000 ) ;
#1661 = ORIENTED_EDGE ( 'NONE', *, *, #8897, .F. ) ;
#1662 = ORIENTED_EDGE ( 'NONE', *, *, #6729, .T. ) ;
#1663 = EDGE_CURVE ( 'NONE', #999, #3356, #2741, .T. ) ;
#1664 = CARTESIAN_POINT ( 'NONE',  ( 124.9594733917877960, 78.98558278779903219, 158.9401895435790948 ) ) ;
#1665 = VECTOR ( 'NONE', #7859, 1000.000000000000000 ) ;
#1666 = LINE ( 'NONE', #6155, #8768 ) ;
#1667 = LINE ( 'NONE', #1038, #5298 ) ;
#1668 = VERTEX_POINT ( 'NONE', #1207 ) ;
#1669 = LINE ( 'NONE', #7736, #3876 ) ;
#1670 = DIRECTION ( 'NONE',  ( -1.131489783230271034E-15, -0.5000000000000034417, 0.8660254037844367092 ) ) ;
#1671 = VECTOR ( 'NONE', #7894, 1000.000000000000000 ) ;
#1672 = EDGE_LOOP ( 'NONE', ( #3293, #8406, #445, #5202 ) ) ;
#1673 = VERTEX_POINT ( 'NONE', #3438 ) ;
#1674 = EDGE_CURVE ( 'NONE', #6431, #6448, #1836, .T. ) ;
#1675 = PLANE ( 'NONE',  #245 ) ;
#1676 = CARTESIAN_POINT ( 'NONE',  ( 121.7594733917879921, 49.15900246190739864, 137.7001160632310075 ) ) ;
#1677 = FACE_OUTER_BOUND ( 'NONE', #5561, .T. ) ;
#1678 = AXIS2_PLACEMENT_3D ( 'NONE', #5679, #5253, #5105 ) ;
#1679 = DIRECTION ( 'NONE',  ( -6.503944880413201834E-16, -0.8660254037844404840, 0.4999999999999967248 ) ) ;
#1680 = ORIENTED_EDGE ( 'NONE', *, *, #6433, .F. ) ;
#1681 = DIRECTION ( 'NONE',  ( -4.973484979958430340E-18, 1.000000000000000000, 5.671848057300646182E-15 ) ) ;
#1682 = CARTESIAN_POINT ( 'NONE',  ( 121.9594733917879950, 66.08389949957870613, 176.8500716728239865 ) ) ;
#1683 = EDGE_CURVE ( 'NONE', #9110, #1749, #7717, .T. ) ;
#1684 = AXIS2_PLACEMENT_3D ( 'NONE', #3898, #1003, #3949 ) ;
#1685 = EDGE_CURVE ( 'NONE', #6552, #1468, #2619, .T. ) ;
#1686 = DIRECTION ( 'NONE',  ( -6.573840876841780226E-31, 2.960594732333740256E-15, -1.000000000000000000 ) ) ;
#1687 = CARTESIAN_POINT ( 'NONE',  ( 105.8479001739020049, 52.85921008091939655, 145.2896250086890007 ) ) ;
#1688 = ORIENTED_EDGE ( 'NONE', *, *, #2981, .T. ) ;
#1689 = PLANE ( 'NONE',  #5888 ) ;
#1690 = LINE ( 'NONE', #7713, #5329 ) ;
#1691 = ORIENTED_EDGE ( 'NONE', *, *, #9127, .F. ) ;
#1692 = EDGE_CURVE ( 'NONE', #683, #3126, #7904, .T. ) ;
#1693 = EDGE_CURVE ( 'NONE', #6656, #6180, #5066, .T. ) ;
#1694 = ORIENTED_EDGE ( 'NONE', *, *, #9524, .T. ) ;
#1695 = VECTOR ( 'NONE', #991, 999.9999999999998863 ) ;
#1696 = DIRECTION ( 'NONE',  ( 0.000000000000000000, 0.000000000000000000, 1.000000000000000000 ) ) ;
#1697 = LINE ( 'NONE', #8868, #1648 ) ;
#1698 = VERTEX_POINT ( 'NONE', #2856 ) ;
#1699 = LINE ( 'NONE', #4649, #5109 ) ;
#1700 = CARTESIAN_POINT ( 'NONE',  ( 120.4594733917880092, 74.36797539389041845, 180.4501160567390059 ) ) ;
#1701 = EDGE_LOOP ( 'NONE', ( #5890, #8317, #6096, #258 ) ) ;
#1702 = CARTESIAN_POINT ( 'NONE',  ( 5.800000000000006040, 10.04589468389949225, 0.000000000000000000 ) ) ;
#1703 = DIRECTION ( 'NONE',  ( 1.136463268210227383E-15, -0.4999999999999966138, -0.8660254037844405950 ) ) ;
#1704 = ORIENTED_EDGE ( 'NONE', *, *, #5533, .F. ) ;
#1705 = VECTOR ( 'NONE', #1363, 1000.000000000000000 ) ;
#1706 = CARTESIAN_POINT ( 'NONE',  ( 103.4479001739019992, 87.38010433972259250, 135.0501160567390002 ) ) ;
#1707 = ADVANCED_FACE ( 'NONE', ( #6422 ), #8711, .F. ) ;
#1708 = ADVANCED_FACE ( 'NONE', ( #728 ), #1443, .T. ) ;
#1709 = ORIENTED_EDGE ( 'NONE', *, *, #2565, .T. ) ;
#1710 = EDGE_LOOP ( 'NONE', ( #1121, #6190, #2198, #8163 ) ) ;
#1711 = AXIS2_PLACEMENT_3D ( 'NONE', #7404, #6683, #3032 ) ;
#1712 = DIRECTION ( 'NONE',  ( 1.000000000000000000, -1.833025172904760085E-30, 1.332169591021890008E-15 ) ) ;
#1713 = VECTOR ( 'NONE', #5187, 1000.000000000000114 ) ;
#1714 = ORIENTED_EDGE ( 'NONE', *, *, #8698, .T. ) ;
#1715 = CARTESIAN_POINT ( 'NONE',  ( 124.9594733917879807, 90.78558278779910040, 144.9683130291901989 ) ) ;
#1716 = DIRECTION ( 'NONE',  ( 0.8660254037844381525, -0.5000000000000008882, 0.000000000000000000 ) ) ;
#1717 = EDGE_LOOP ( 'NONE', ( #851, #57, #5071, #4980, #2765 ) ) ;
#1718 = LINE ( 'NONE', #7689, #168 ) ;
#1719 = LINE ( 'NONE', #996, #7766 ) ;
#1720 = EDGE_CURVE ( 'NONE', #9221, #5154, #7994, .T. ) ;
#1721 = VERTEX_POINT ( 'NONE', #3623 ) ;
#1722 = EDGE_LOOP ( 'NONE', ( #7744, #1125 ) ) ;
#1723 = FACE_OUTER_BOUND ( 'NONE', #3266, .T. ) ;
#1724 = AXIS2_PLACEMENT_3D ( 'NONE', #7188, #5986, #9432 ) ;
#1725 = CARTESIAN_POINT ( 'NONE',  ( 117.8100015415119941, 47.75879991855730111, 181.0501160567390002 ) ) ;
#1726 = ORIENTED_EDGE ( 'NONE', *, *, #1685, .T. ) ;
#1727 = DIRECTION ( 'NONE',  ( 2.320179133002975012E-30, 2.960594732333740256E-15, -1.000000000000000000 ) ) ;
#1728 = LINE ( 'NONE', #322, #4704 ) ;
#1729 = ORIENTED_EDGE ( 'NONE', *, *, #7616, .F. ) ;
#1730 = PLANE ( 'NONE',  #2520 ) ;
#1731 = CARTESIAN_POINT ( 'NONE',  ( 121.9594733917879950, 52.55900246190749669, 134.3001160632319966 ) ) ;
#1732 = ADVANCED_FACE ( 'NONE', ( #7273 ), #4398, .T. ) ;
#1733 = CARTESIAN_POINT ( 'NONE',  ( -5.799999999999999822, -10.04589468389949047, 0.5999999999999999778 ) ) ;
#1734 = DIRECTION ( 'NONE',  ( -1.309403304758604751E-15, -3.668761925651101858E-15, 1.000000000000000000 ) ) ;
#1735 = DIRECTION ( 'NONE',  ( 0.7071067811865631159, -1.570092458683840435E-14, -0.7071067811865320296 ) ) ;
#1736 = EDGE_CURVE ( 'NONE', #778, #9128, #536, .T. ) ;
#1737 = ORIENTED_EDGE ( 'NONE', *, *, #7172, .T. ) ;
#1738 = LINE ( 'NONE', #1059, #1265 ) ;
#1739 = DIRECTION ( 'NONE',  ( 6.938893903907229918E-18, 0.000000000000000000, -1.000000000000000000 ) ) ;
#1740 = ADVANCED_FACE ( 'NONE', ( #9340 ), #2953, .F. ) ;
#1741 = ORIENTED_EDGE ( 'NONE', *, *, #6433, .T. ) ;
#1742 = LINE ( 'NONE', #4691, #7030 ) ;
#1743 = DIRECTION ( 'NONE',  ( 0.8660254037844387076, 0.4999999999999999445, 0.000000000000000000 ) ) ;
#1744 = ORIENTED_EDGE ( 'NONE', *, *, #7938, .F. ) ;
#1745 = ADVANCED_FACE ( 'NONE', ( #8095 ), #9475, .F. ) ;
#1746 = VECTOR ( 'NONE', #8966, 1000.000000000000114 ) ;
#1747 = LINE ( 'NONE', #3973, #4028 ) ;
#1748 = CARTESIAN_POINT ( 'NONE',  ( 109.9594733917879381, 75.32712023107690413, 180.4501160567390059 ) ) ;
#1749 = VERTEX_POINT ( 'NONE', #8610 ) ;
#1750 = DIRECTION ( 'NONE',  ( 1.000000000000000000, 7.559378004503320234E-45, 5.259940673822760473E-38 ) ) ;
#1751 = VERTEX_POINT ( 'NONE', #3672 ) ;
#1752 = FACE_BOUND ( 'NONE', #2547, .T. ) ;
#1753 = ORIENTED_EDGE ( 'NONE', *, *, #4833, .T. ) ;
#1754 = AXIS2_PLACEMENT_3D ( 'NONE', #8043, #1448, #4402 ) ;
#1755 = ORIENTED_EDGE ( 'NONE', *, *, #3324, .F. ) ;
#1756 = DIRECTION ( 'NONE',  ( 0.000000000000000000, -1.000000000000000000, 0.000000000000000000 ) ) ;
#1757 = VERTEX_POINT ( 'NONE', #5689 ) ;
#1758 = ADVANCED_FACE ( 'NONE', ( #5885 ), #2028, .T. ) ;
#1759 = FACE_OUTER_BOUND ( 'NONE', #1701, .T. ) ;
#1760 = EDGE_CURVE ( 'NONE', #2129, #239, #5118, .T. ) ;
#1761 = LINE ( 'NONE', #408, #3150 ) ;
#1762 = ORIENTED_EDGE ( 'NONE', *, *, #6337, .T. ) ;
#1763 = DIRECTION ( 'NONE',  ( 6.503944880413204792E-16, 0.8660254037844403729, -0.4999999999999969469 ) ) ;
#1764 = CIRCLE ( 'NONE', #1908, 1.700000000000000178 ) ;
#1765 = PLANE ( 'NONE',  #6689 ) ;
#1766 = VECTOR ( 'NONE', #2488, 1000.000000000000000 ) ;
#1767 = EDGE_LOOP ( 'NONE', ( #4386, #3331, #4747, #4042 ) ) ;
#1768 = ORIENTED_EDGE ( 'NONE', *, *, #8730, .T. ) ;
#1769 = AXIS2_PLACEMENT_3D ( 'NONE', #1527, #2354, #8128 ) ;
#1770 = CARTESIAN_POINT ( 'NONE',  ( 124.9594733917877960, 103.1855827877990350, 159.5175398127688027 ) ) ;
#1771 = EDGE_CURVE ( 'NONE', #6909, #5369, #4973, .T. ) ;
#1772 = CYLINDRICAL_SURFACE ( 'NONE', #1432, 1.699999999999993072 ) ;
#1773 = VERTEX_POINT ( 'NONE', #9381 ) ;
#1774 = DIRECTION ( 'NONE',  ( -0.7071067811865474617, 1.367132601889079486E-14, -0.7071067811865474617 ) ) ;
#1775 = CARTESIAN_POINT ( 'NONE',  ( 120.5093756343809872, 46.40911304011199690, 166.2668946578919815 ) ) ;
#1776 = ORIENTED_EDGE ( 'NONE', *, *, #6597, .F. ) ;
#1777 = DIRECTION ( 'NONE',  ( 6.503944880413203806E-16, 0.8660254037844403729, -0.4999999999999970024 ) ) ;
#1778 = VECTOR ( 'NONE', #2926, 1000.000000000000000 ) ;
#1779 = LINE ( 'NONE', #1682, #5189 ) ;
#1780 = MECHANICAL_DESIGN_GEOMETRIC_PRESENTATION_REPRESENTATION (  '', ( #698 ), #3621 ) ;
#1781 = CARTESIAN_POINT ( 'NONE',  ( 121.5594733917879893, 52.55900246190719827, 173.4500716728240093 ) ) ;
#1782 = DIRECTION ( 'NONE',  ( -0.000000000000000000, -0.000000000000000000, 1.000000000000000000 ) ) ;
#1783 = EDGE_CURVE ( 'NONE', #8358, #8449, #5173, .T. ) ;
#1784 = CARTESIAN_POINT ( 'NONE',  ( 105.8479001739020049, 50.05879653723820155, 165.6113888862240060 ) ) ;
#1785 = VERTEX_POINT ( 'NONE', #8660 ) ;
#1786 = CARTESIAN_POINT ( 'NONE',  ( 124.9594733917879950, 111.6587965372630009, 130.4501160567390059 ) ) ;
#1787 = LINE ( 'NONE', #2568, #6097 ) ;
#1788 = AXIS2_PLACEMENT_3D ( 'NONE', #3682, #7962, #8817 ) ;
#1789 = VECTOR ( 'NONE', #5544, 1000.000000000000114 ) ;
#1790 = ORIENTED_EDGE ( 'NONE', *, *, #6995, .F. ) ;
#1791 = CARTESIAN_POINT ( 'NONE',  ( 124.9594733917878244, 99.98558278779910324, 140.5804509833490670 ) ) ;
#1792 = EDGE_CURVE ( 'NONE', #3042, #8392, #2076, .T. ) ;
#1793 = DIRECTION ( 'NONE',  ( 0.8660254037844388186, 0.4999999999999998335, 0.000000000000000000 ) ) ;
#1794 = VERTEX_POINT ( 'NONE', #5786 ) ;
#1795 = CARTESIAN_POINT ( 'NONE',  ( 124.3594733917878017, 73.18558278779899240, 163.4435216432581512 ) ) ;
#1796 = CARTESIAN_POINT ( 'NONE',  ( 124.0978588208480033, 46.88002467877219459, 180.8501160567390116 ) ) ;
#1797 = ORIENTED_EDGE ( 'NONE', *, *, #1875, .F. ) ;
#1798 = PLANE ( 'NONE',  #3730 ) ;
#1799 = DIRECTION ( 'NONE',  ( 1.332169591021890008E-15, 3.643637931777490340E-15, -1.000000000000000000 ) ) ;
#1800 = EDGE_LOOP ( 'NONE', ( #6209, #4562, #9024, #2964 ) ) ;
#1801 = CARTESIAN_POINT ( 'NONE',  ( 124.0592155665779899, 48.09311449360799884, 181.0501160567390002 ) ) ;
#1802 = EDGE_CURVE ( 'NONE', #4717, #9397, #876, .T. ) ;
#1803 = ORIENTED_EDGE ( 'NONE', *, *, #8579, .F. ) ;
#1804 = CARTESIAN_POINT ( 'NONE',  ( 124.3594733917877875, 78.78558278779895829, 173.6048863809955947 ) ) ;
#1805 = ORIENTED_EDGE ( 'NONE', *, *, #5696, .T. ) ;
#1806 = DIRECTION ( 'NONE',  ( 0.000000000000000000, 0.000000000000000000, 1.000000000000000000 ) ) ;
#1807 = DIRECTION ( 'NONE',  ( -1.000000000000000000, 0.000000000000000000, 0.000000000000000000 ) ) ;
#1808 = VERTEX_POINT ( 'NONE', #5982 ) ;
#1809 = AXIS2_PLACEMENT_3D ( 'NONE', #5462, #4930, #340 ) ;
#1810 = DIRECTION ( 'NONE',  ( -6.503944880413200848E-16, -0.8660254037844405950, 0.4999999999999966138 ) ) ;
#1811 = VECTOR ( 'NONE', #8601, 1000.000000000000000 ) ;
#1812 = DIRECTION ( 'NONE',  ( 0.000000000000000000, -0.1260168930201850113, 0.9920280957077471928 ) ) ;
#1813 = EDGE_CURVE ( 'NONE', #550, #6067, #3821, .T. ) ;
#1814 = EDGE_LOOP ( 'NONE', ( #5213, #4754, #6968, #4997, #1513, #6290, #4851, #8570 ) ) ;
#1815 = ADVANCED_FACE ( 'NONE', ( #3096 ), #4593, .T. ) ;
#1816 = ORIENTED_EDGE ( 'NONE', *, *, #9218, .T. ) ;
#1817 = LINE ( 'NONE', #7026, #8590 ) ;
#1818 = LINE ( 'NONE', #6166, #9437 ) ;
#1819 = ORIENTED_EDGE ( 'NONE', *, *, #3729, .F. ) ;
#1820 = CARTESIAN_POINT ( 'NONE',  ( 103.4479001739019992, 81.35411028269528799, 130.6501160567390230 ) ) ;
#1821 = DIRECTION ( 'NONE',  ( -3.271450680478140246E-15, 9.189378452870941848E-16, -1.000000000000000000 ) ) ;
#1822 = VERTEX_POINT ( 'NONE', #5937 ) ;
#1823 = LINE ( 'NONE', #4770, #9141 ) ;
#1824 = LINE ( 'NONE', #4105, #6263 ) ;
#1825 = EDGE_CURVE ( 'NONE', #3689, #1964, #6753, .T. ) ;
#1826 = CARTESIAN_POINT ( 'NONE',  ( 124.7594733917880063, 111.6587965372630009, 130.5501160567390002 ) ) ;
#1827 = AXIS2_PLACEMENT_3D ( 'NONE', #9278, #2703, #2065 ) ;
#1828 = FACE_OUTER_BOUND ( 'NONE', #7674, .T. ) ;
#1829 = DIRECTION ( 'NONE',  ( 0.000000000000000000, 0.000000000000000000, -1.000000000000000000 ) ) ;
#1830 = VERTEX_POINT ( 'NONE', #8952 ) ;
#1831 = CARTESIAN_POINT ( 'NONE',  ( 17.20000000000000639, 3.464101615137754386, 0.5999999999999999778 ) ) ;
#1832 = CARTESIAN_POINT ( 'NONE',  ( 121.5594733917879893, 52.55900246190740432, 137.7001160632310075 ) ) ;
#1833 = ADVANCED_FACE ( 'NONE', ( #3051 ), #2323, .T. ) ;
#1834 = ORIENTED_EDGE ( 'NONE', *, *, #1123, .F. ) ;
#1835 = PLANE ( 'NONE',  #6419 ) ;
#1836 = LINE ( 'NONE', #4119, #1658 ) ;
#1837 = ORIENTED_EDGE ( 'NONE', *, *, #9417, .T. ) ;
#1838 = CARTESIAN_POINT ( 'NONE',  ( 12.80000000000000604, -6.928203230275513214, 0.000000000000000000 ) ) ;
#1839 = CARTESIAN_POINT ( 'NONE',  ( 103.8479001739019907, 50.21001655449870071, 141.1090609392970237 ) ) ;
#1840 = ORIENTED_EDGE ( 'NONE', *, *, #438, .T. ) ;
#1841 = PRESENTATION_STYLE_ASSIGNMENT (( #6767 ) ) ;
#1842 = CARTESIAN_POINT ( 'NONE',  ( 124.9594733917878102, 108.5855827877990549, 155.4760879284414443 ) ) ;
#1843 = EDGE_LOOP ( 'NONE', ( #9477, #7192, #2806, #8068 ) ) ;
#1844 = EDGE_CURVE ( 'NONE', #800, #5393, #4541, .T. ) ;
#1845 = ORIENTED_EDGE ( 'NONE', *, *, #4738, .F. ) ;
#1846 = DIRECTION ( 'NONE',  ( -1.000000000000000000, 1.771632486103969483E-14, 0.000000000000000000 ) ) ;
#1847 = CARTESIAN_POINT ( 'NONE',  ( -0.4000000000000027423, -7.159143337951362263, 0.000000000000000000 ) ) ;
#1848 = EDGE_LOOP ( 'NONE', ( #7972, #1496, #3793, #4495 ) ) ;
#1849 = LINE ( 'NONE', #453, #1084 ) ;
#1850 = LINE ( 'NONE', #2401, #2374 ) ;
#1851 = ORIENTED_EDGE ( 'NONE', *, *, #9207, .F. ) ;
#1852 = LINE ( 'NONE', #5390, #4338 ) ;
#1853 = EDGE_CURVE ( 'NONE', #4473, #5713, #4797, .T. ) ;
#1854 = CARTESIAN_POINT ( 'NONE',  ( 104.2479001739019964, 47.65879653723740716, 130.9329587692139967 ) ) ;
#1855 = ADVANCED_FACE ( 'NONE', ( #923 ), #6798, .T. ) ;
#1856 = ORIENTED_EDGE ( 'NONE', *, *, #6199, .F. ) ;
#1857 = VECTOR ( 'NONE', #8023, 1000.000000000000000 ) ;
#1858 = CIRCLE ( 'NONE', #160, 3.000000000000002665 ) ;
#1859 = VERTEX_POINT ( 'NONE', #3001 ) ;
#1860 = CARTESIAN_POINT ( 'NONE',  ( 121.5594733917879893, 49.15900246190739864, 136.0001160632310189 ) ) ;
#1861 = LINE ( 'NONE', #6258, #6083 ) ;
#1862 = ORIENTED_EDGE ( 'NONE', *, *, #6031, .F. ) ;
#1863 = FACE_BOUND ( 'NONE', #6771, .T. ) ;
#1864 = ADVANCED_FACE ( 'NONE', ( #3863 ), #9486, .T. ) ;
#1865 = FACE_OUTER_BOUND ( 'NONE', #8146, .T. ) ;
#1866 = ORIENTED_EDGE ( 'NONE', *, *, #5983, .F. ) ;
#1867 = VECTOR ( 'NONE', #4348, 999.9999999999998863 ) ;
#1868 = DIRECTION ( 'NONE',  ( 6.590088167172849618E-16, -0.8660254037844365982, -0.5000000000000035527 ) ) ;
#1869 = CARTESIAN_POINT ( 'NONE',  ( 0.1999999999999971245, -6.581793068761736087, 0.000000000000000000 ) ) ;
#1870 = VECTOR ( 'NONE', #9068, 1000.000000000000000 ) ;
#1871 = CIRCLE ( 'NONE', #3275, 0.09999999999998786249 ) ;
#1872 = DIRECTION ( 'NONE',  ( 0.000000000000000000, 0.000000000000000000, -1.000000000000000000 ) ) ;
#1873 = DIRECTION ( 'NONE',  ( -1.000000000000000000, 2.576828496090354835E-30, -1.332169591021890008E-15 ) ) ;
#1874 = CARTESIAN_POINT ( 'NONE',  ( 0.3999999999999971911, -6.928203230275511437, 0.000000000000000000 ) ) ;
#1875 = EDGE_CURVE ( 'NONE', #9104, #7465, #825, .T. ) ;
#1876 = EDGE_CURVE ( 'NONE', #5355, #3308, #3721, .T. ) ;
#1877 = ORIENTED_EDGE ( 'NONE', *, *, #5039, .F. ) ;
#1878 = LINE ( 'NONE', #4827, #5288 ) ;
#1879 = DIRECTION ( 'NONE',  ( -0.000000000000000000, 0.9999999999999882316, 1.538396423176930260E-07 ) ) ;
#1880 = VECTOR ( 'NONE', #7005, 1000.000000000000000 ) ;
#1881 = ORIENTED_EDGE ( 'NONE', *, *, #9220, .F. ) ;
#1882 = CARTESIAN_POINT ( 'NONE',  ( 105.8479001739020049, 48.85879653723830529, 142.2994946864579902 ) ) ;
#1883 = AXIS2_PLACEMENT_3D ( 'NONE', #781, #6660, #8101 ) ;
#1884 = CARTESIAN_POINT ( 'NONE',  ( 124.9594733917877960, 78.58558278779901229, 166.5612130968821418 ) ) ;
#1885 = ORIENTED_EDGE ( 'NONE', *, *, #8796, .T. ) ;
#1886 = PLANE ( 'NONE',  #5419 ) ;
#1887 = ADVANCED_FACE ( 'NONE', ( #5218 ), #2027, .F. ) ;
#1888 = CARTESIAN_POINT ( 'NONE',  ( 6.399999999999998579, -10.39230484541326582, 0.000000000000000000 ) ) ;
#1889 = ORIENTED_EDGE ( 'NONE', *, *, #5332, .T. ) ;
#1890 = LINE ( 'NONE', #4842, #2031 ) ;
#1891 = CARTESIAN_POINT ( 'NONE',  ( 0.000000000000000000, 0.4618802153517008735, 0.000000000000000000 ) ) ;
#1892 = ORIENTED_EDGE ( 'NONE', *, *, #9115, .F. ) ;
#1893 = VECTOR ( 'NONE', #9236, 1000.000000000000000 ) ;
#1894 = ORIENTED_EDGE ( 'NONE', *, *, #5659, .T. ) ;
#1895 = DIRECTION ( 'NONE',  ( 6.590088167172843701E-16, -0.8660254037844368202, -0.5000000000000031086 ) ) ;
#1896 = AXIS2_PLACEMENT_3D ( 'NONE', #8228, #5300, #8797 ) ;
#1897 = EDGE_LOOP ( 'NONE', ( #9482, #6477, #8012, #1930 ) ) ;
#1898 = CARTESIAN_POINT ( 'NONE',  ( 113.0910641405250061, 103.2954405435960012, 181.0501160567390002 ) ) ;
#1899 = EDGE_CURVE ( 'NONE', #3629, #5056, #4345, .T. ) ;
#1900 = DIRECTION ( 'NONE',  ( -1.000000000000000000, 1.684925824262390165E-30, -1.332169591021890008E-15 ) ) ;
#1901 = ORIENTED_EDGE ( 'NONE', *, *, #3660, .T. ) ;
#1902 = DIRECTION ( 'NONE',  ( -1.000000000000000000, 2.050921225943004990E-30, -1.332169591021890008E-15 ) ) ;
#1903 = CARTESIAN_POINT ( 'NONE',  ( 5.200000000000001066, 3.464101615137753942, 0.000000000000000000 ) ) ;
#1904 = ORIENTED_EDGE ( 'NONE', *, *, #6609, .T. ) ;
#1905 = VECTOR ( 'NONE', #6291, 1000.000000000000000 ) ;
#1906 = EDGE_LOOP ( 'NONE', ( #1533, #3680, #2394, #2402, #109 ) ) ;
#1907 = ADVANCED_FACE ( 'NONE', ( #2760 ), #1981, .T. ) ;
#1908 = AXIS2_PLACEMENT_3D ( 'NONE', #3724, #91, #8762 ) ;
#1909 = DIRECTION ( 'NONE',  ( 1.504038028001425744E-18, -1.000000000000000000, -3.668761925651101070E-15 ) ) ;
#1910 = ADVANCED_FACE ( 'NONE', ( #3437 ), #6371, .F. ) ;
#1911 = AXIS2_PLACEMENT_3D ( 'NONE', #7542, #6055, #5599 ) ;
#1912 = CARTESIAN_POINT ( 'NONE',  ( 18.40000000000000213, 0.000000000000000000, 0.5999999999999999778 ) ) ;
#1913 = ORIENTED_EDGE ( 'NONE', *, *, #9309, .T. ) ;
#1914 = CARTESIAN_POINT ( 'NONE',  ( 117.4594733917879950, 74.36797539389039002, 167.0501160567390002 ) ) ;
#1915 = DIRECTION ( 'NONE',  ( -1.000000000000000000, 0.000000000000000000, 0.000000000000000000 ) ) ;
#1916 = ORIENTED_EDGE ( 'NONE', *, *, #7871, .T. ) ;
#1917 = DIRECTION ( 'NONE',  ( -0.7079026704736599562, 2.091097650799909719E-15, -0.7063099950703378704 ) ) ;
#1918 = VECTOR ( 'NONE', #5434, 1000.000000000000000 ) ;
#1919 = VECTOR ( 'NONE', #5814, 1000.000000000000000 ) ;
#1920 = EDGE_CURVE ( 'NONE', #8893, #5810, #6174, .T. ) ;
#1921 = CARTESIAN_POINT ( 'NONE',  ( 115.7594733917880063, 74.36797539389039002, 167.0501160567390002 ) ) ;
#1922 = CARTESIAN_POINT ( 'NONE',  ( 117.4594733917879950, 74.36797539389039002, 180.4501160567390059 ) ) ;
#1923 = LINE ( 'NONE', #1874, #1598 ) ;
#1924 = AXIS2_PLACEMENT_3D ( 'NONE', #6630, #2341, #8061 ) ;
#1925 = AXIS2_PLACEMENT_3D ( 'NONE', #8726, #3542, #5752 ) ;
#1926 = ORIENTED_EDGE ( 'NONE', *, *, #148, .T. ) ;
#1927 = DIRECTION ( 'NONE',  ( 0.000000000000000000, 0.7071067811866168507, 0.7071067811864780728 ) ) ;
#1928 = DIRECTION ( 'NONE',  ( -1.332169591021890008E-15, -4.875679445727159869E-46, 1.000000000000000000 ) ) ;
#1929 = EDGE_CURVE ( 'NONE', #7083, #9251, #5647, .T. ) ;
#1930 = ORIENTED_EDGE ( 'NONE', *, *, #7309, .F. ) ;
#1931 = CIRCLE ( 'NONE', #7937, 2.350000000000004974 ) ;
#1932 = VECTOR ( 'NONE', #8957, 1000.000000000000000 ) ;
#1933 = CARTESIAN_POINT ( 'NONE',  ( 124.9594733917877960, 78.38558278779902366, 159.0556595974170193 ) ) ;
#1934 = CARTESIAN_POINT ( 'NONE',  ( 18.80000000000001492, -17.32050807568878525, 0.000000000000000000 ) ) ;
#1935 = CARTESIAN_POINT ( 'NONE',  ( 124.9594733917877818, 78.78558278779895829, 173.6048863809955947 ) ) ;
#1936 = ORIENTED_EDGE ( 'NONE', *, *, #268, .T. ) ;
#1937 = DIRECTION ( 'NONE',  ( 0.000000000000000000, 0.000000000000000000, 1.000000000000000000 ) ) ;
#1938 = DIRECTION ( 'NONE',  ( 4.906538933387449131E-18, -0.7071067811865400232, -0.7071067811865550112 ) ) ;
#1939 = ORIENTED_EDGE ( 'NONE', *, *, #4583, .F. ) ;
#1940 = DIRECTION ( 'NONE',  ( 0.000000000000000000, 0.000000000000000000, 1.000000000000000000 ) ) ;
#1941 = LINE ( 'NONE', #1891, #8999 ) ;
#1942 = VERTEX_POINT ( 'NONE', #8568 ) ;
#1943 = VECTOR ( 'NONE', #3646, 1000.000000000000000 ) ;
#1944 = EDGE_LOOP ( 'NONE', ( #7897, #5845, #3540, #2151 ) ) ;
#1945 = EDGE_CURVE ( 'NONE', #2213, #1132, #6506, .T. ) ;
#1946 = DIRECTION ( 'NONE',  ( 1.504038028001425744E-18, -1.000000000000000000, -3.668761925651101070E-15 ) ) ;
#1947 = AXIS2_PLACEMENT_3D ( 'NONE', #4850, #4220, #7781 ) ;
#1948 = CONICAL_SURFACE ( 'NONE', #7333, 3.199999999999994404, 0.7853981633974490562 ) ;
#1949 = DIRECTION ( 'NONE',  ( -0.8660254037844385966, -0.5000000000000001110, 0.000000000000000000 ) ) ;
#1950 = ORIENTED_EDGE ( 'NONE', *, *, #8447, .T. ) ;
#1951 = LINE ( 'NONE', #1270, #7551 ) ;
#1952 = DIRECTION ( 'NONE',  ( -6.503944880413212681E-16, -0.8660254037844400399, 0.4999999999999976130 ) ) ;
#1953 = ORIENTED_EDGE ( 'NONE', *, *, #6869, .T. ) ;
#1954 = DIRECTION ( 'NONE',  ( -1.504038028001425744E-18, 1.000000000000000000, 3.668761925651101070E-15 ) ) ;
#1955 = LINE ( 'NONE', #7202, #2705 ) ;
#1956 = CIRCLE ( 'NONE', #3810, 4.749999999999086064 ) ;
#1957 = VECTOR ( 'NONE', #6611, 1000.000000000000000 ) ;
#1958 = ORIENTED_EDGE ( 'NONE', *, *, #318, .F. ) ;
#1959 = EDGE_CURVE ( 'NONE', #8335, #4101, #6462, .T. ) ;
#1960 = ORIENTED_EDGE ( 'NONE', *, *, #7762, .T. ) ;
#1961 = VECTOR ( 'NONE', #5103, 1000.000000000000000 ) ;
#1962 = CARTESIAN_POINT ( 'NONE',  ( 29.20000000000002061, -17.32050807568879236, 0.5999999999999999778 ) ) ;
#1963 = DIRECTION ( 'NONE',  ( 1.000000000000000000, 0.000000000000000000, -0.000000000000000000 ) ) ;
#1964 = VERTEX_POINT ( 'NONE', #5785 ) ;
#1965 = CARTESIAN_POINT ( 'NONE',  ( 30.40000000000002700, -24.47965141364013775, 0.000000000000000000 ) ) ;
#1966 = CARTESIAN_POINT ( 'NONE',  ( 124.9594733917879950, 50.85900246190729490, 175.1500716728239979 ) ) ;
#1967 = EDGE_LOOP ( 'NONE', ( #4433, #9347 ) ) ;
#1968 = LINE ( 'NONE', #9186, #8702 ) ;
#1969 = EDGE_CURVE ( 'NONE', #7814, #3372, #5732, .T. ) ;
#1970 = EDGE_CURVE ( 'NONE', #8661, #1221, #9424, .T. ) ;
#1971 = DIRECTION ( 'NONE',  ( 3.373339673922279865E-30, -1.000000000000000000, -3.908184725064409972E-15 ) ) ;
#1972 = PLANE ( 'NONE',  #4306 ) ;
#1973 = LINE ( 'NONE', #2797, #6062 ) ;
#1974 = ORIENTED_EDGE ( 'NONE', *, *, #8242, .T. ) ;
#1975 = DIRECTION ( 'NONE',  ( 0.5000000000000001110, -0.8660254037844385966, 0.000000000000000000 ) ) ;
#1976 = EDGE_CURVE ( 'NONE', #4082, #591, #7179, .T. ) ;
#1977 = CARTESIAN_POINT ( 'NONE',  ( 124.3594733917877875, 84.58558278779896966, 176.9535179422954343 ) ) ;
#1978 = EDGE_CURVE ( 'NONE', #2579, #7387, #2127, .T. ) ;
#1979 = VERTEX_POINT ( 'NONE', #7271 ) ;
#1980 = CARTESIAN_POINT ( 'NONE',  ( 105.8479001739020049, 51.50798939494750073, 141.1090608090119929 ) ) ;
#1981 = PLANE ( 'NONE',  #8889 ) ;
#1982 = PLANE ( 'NONE',  #9036 ) ;
#1983 = VERTEX_POINT ( 'NONE', #6558 ) ;
#1984 = DIRECTION ( 'NONE',  ( 0.8660254037844381525, -0.5000000000000008882, 0.000000000000000000 ) ) ;
#1985 = DIRECTION ( 'NONE',  ( 1.000000000000000000, 3.659954016805839962E-31, 1.083564058273952002E-44 ) ) ;
#1986 = VERTEX_POINT ( 'NONE', #9339 ) ;
#1987 = CARTESIAN_POINT ( 'NONE',  ( 12.40000000000000391, -6.235382907247959849, 0.000000000000000000 ) ) ;
#1988 = ADVANCED_FACE ( 'NONE', ( #9474 ), #628, .T. ) ;
#1989 = DIRECTION ( 'NONE',  ( 6.590088167172848632E-16, -0.8660254037844365982, -0.5000000000000035527 ) ) ;
#1990 = VERTEX_POINT ( 'NONE', #5834 ) ;
#1991 = ORIENTED_EDGE ( 'NONE', *, *, #5293, .F. ) ;
#1992 = CARTESIAN_POINT ( 'NONE',  ( 124.9594733917878244, 109.1855827877990919, 145.4301932445419538 ) ) ;
#1993 = FILL_AREA_STYLE ('',( #7015 ) ) ;
#1994 = ORIENTED_EDGE ( 'NONE', *, *, #3406, .F. ) ;
#1995 = DIRECTION ( 'NONE',  ( 0.8660254037844388186, 0.4999999999999998335, 0.000000000000000000 ) ) ;
#1996 = LINE ( 'NONE', #8542, #832 ) ;
#1997 = ORIENTED_EDGE ( 'NONE', *, *, #3268, .F. ) ;
#1998 = CARTESIAN_POINT ( 'NONE',  ( 121.5594733917879893, 53.33084388076889581, 176.8500716728239865 ) ) ;
#1999 = ADVANCED_FACE ( 'NONE', ( #5688 ), #2174, .F. ) ;
#2000 = CARTESIAN_POINT ( 'NONE',  ( 11.80000000000000249, -7.274613391789286787, 0.000000000000000000 ) ) ;
#2001 = EDGE_CURVE ( 'NONE', #9240, #7905, #5117, .T. ) ;
#2002 = VECTOR ( 'NONE', #8933, 999.9999999999998863 ) ;
#2003 = EDGE_LOOP ( 'NONE', ( #7128, #7187 ) ) ;
#2004 = ORIENTED_EDGE ( 'NONE', *, *, #2471, .F. ) ;
#2005 = VECTOR ( 'NONE', #3452, 1000.000000000000000 ) ;
#2006 = CARTESIAN_POINT ( 'NONE',  ( 103.8479001739019907, 52.85920965118960169, 142.2994943533559820 ) ) ;
#2007 = FACE_OUTER_BOUND ( 'NONE', #5255, .T. ) ;
#2008 = ORIENTED_EDGE ( 'NONE', *, *, #7883, .F. ) ;
#2009 = DIRECTION ( 'NONE',  ( -2.003086131649543140E-15, -1.000000000000000000, 0.000000000000000000 ) ) ;
#2010 = FACE_OUTER_BOUND ( 'NONE', #7715, .T. ) ;
#2011 = ADVANCED_FACE ( 'NONE', ( #583 ), #5019, .T. ) ;
#2012 = PLANE ( 'NONE',  #7639 ) ;
#2013 = AXIS2_PLACEMENT_3D ( 'NONE', #8677, #1460, #3787 ) ;
#2014 = CARTESIAN_POINT ( 'NONE',  ( 103.4479001739019992, 50.05879653723830813, 146.4896251811479999 ) ) ;
#2015 = FACE_OUTER_BOUND ( 'NONE', #2234, .T. ) ;
#2016 = VECTOR ( 'NONE', #1763, 1000.000000000000000 ) ;
#2017 = CARTESIAN_POINT ( 'NONE',  ( 124.9594733917878102, 97.18558278779904924, 155.8224980899551895 ) ) ;
#2018 = VECTOR ( 'NONE', #1210, 1000.000000000000000 ) ;
#2019 = EDGE_CURVE ( 'NONE', #5804, #1358, #1586, .T. ) ;
#2020 = VERTEX_POINT ( 'NONE', #8094 ) ;
#2021 = CARTESIAN_POINT ( 'NONE',  ( -2.800000000000000711, -4.849742261192861115, -0.000000000000000000 ) ) ;
#2022 = CARTESIAN_POINT ( 'NONE',  ( 103.8479001739019907, 48.85879653723830529, 142.2994946864579902 ) ) ;
#2023 = VECTOR ( 'NONE', #1273, 1000.000000000000000 ) ;
#2024 = VECTOR ( 'NONE', #8364, 1000.000000000000000 ) ;
#2025 = CARTESIAN_POINT ( 'NONE',  ( 124.9594733917878244, 90.38558278779908051, 145.6611333522177176 ) ) ;
#2026 = ADVANCED_FACE ( 'NONE', ( #6654 ), #8903, .F. ) ;
#2027 = PLANE ( 'NONE',  #9041 ) ;
#2028 = PLANE ( 'NONE',  #3217 ) ;
#2029 = EDGE_LOOP ( 'NONE', ( #5569, #4932, #2199, #4026 ) ) ;
#2030 = DIRECTION ( 'NONE',  ( 1.948589479417949902E-44, -5.324081861330470071E-14, 1.000000000000000000 ) ) ;
#2032 = EDGE_CURVE ( 'NONE', #6569, #8067, #1494, .T. ) ;
#2031 = VECTOR ( 'NONE', #589, 1000.000000000000000 ) ;
#2033 = DIRECTION ( 'NONE',  ( -1.000000000000000000, -3.659954016805839962E-31, -2.333630729198015248E-59 ) ) ;
#2034 = ORIENTED_EDGE ( 'NONE', *, *, #1563, .F. ) ;
#2035 = LINE ( 'NONE', #9204, #5580 ) ;
#2036 = CARTESIAN_POINT ( 'NONE',  ( 124.9594733917877818, 84.98558278779897535, 176.2606976192679156 ) ) ;
#2037 = ORIENTED_EDGE ( 'NONE', *, *, #5338, .F. ) ;
#2038 = ORIENTED_EDGE ( 'NONE', *, *, #2617, .T. ) ;
#2039 = CARTESIAN_POINT ( 'NONE',  ( 103.8479001739019907, 51.65921008091940081, 146.4896251811479999 ) ) ;
#2040 = ADVANCED_FACE ( 'NONE', ( #7373 ), #5884, .F. ) ;
#2041 = CARTESIAN_POINT ( 'NONE',  ( -0.4000000000000001887, -0.2309401076758502425, 0.5999999999999999778 ) ) ;
#2042 = ORIENTED_EDGE ( 'NONE', *, *, #6134, .F. ) ;
#2043 = CARTESIAN_POINT ( 'NONE',  ( 5.800000000000002487, -3.117691453623978148, 0.000000000000000000 ) ) ;
#2044 = CARTESIAN_POINT ( 'NONE',  ( 117.4594733917879950, 104.3679753938900063, 180.6501160567389945 ) ) ;
#2045 = ORIENTED_EDGE ( 'NONE', *, *, #3742, .T. ) ;
#2046 = CARTESIAN_POINT ( 'NONE',  ( 124.9594733917877818, 84.98558278779897535, 176.2606976192679156 ) ) ;
#2047 = DIRECTION ( 'NONE',  ( 0.000000000000000000, 0.000000000000000000, 1.000000000000000000 ) ) ;
#2048 = CARTESIAN_POINT ( 'NONE',  ( 17.60000000000000142, 0.000000000000000000, -0.000000000000000000 ) ) ;
#2049 = VERTEX_POINT ( 'NONE', #4540 ) ;
#2050 = EDGE_LOOP ( 'NONE', ( #1953, #4413, #588, #1366 ) ) ;
#2051 = EDGE_CURVE ( 'NONE', #7694, #7143, #180, .T. ) ;
#2052 = EDGE_CURVE ( 'NONE', #9431, #449, #3050, .T. ) ;
#2053 = VECTOR ( 'NONE', #4051, 1000.000000000000000 ) ;
#2054 = PLANE ( 'NONE',  #3537 ) ;
#2055 = CARTESIAN_POINT ( 'NONE',  ( 17.60000000000001563, 0.000000000000000000, 0.5999999999999999778 ) ) ;
#2056 = EDGE_LOOP ( 'NONE', ( #4050, #1008, #4002, #6363, #4886 ) ) ;
#2057 = DIRECTION ( 'NONE',  ( 7.888609052210119806E-31, -2.960594732333740256E-15, 1.000000000000000000 ) ) ;
#2058 = VECTOR ( 'NONE', #6296, 1000.000000000000114 ) ;
#2059 = CARTESIAN_POINT ( 'NONE',  ( 12.20000000000000462, -7.274613391789286787, 0.000000000000000000 ) ) ;
#2060 = ORIENTED_EDGE ( 'NONE', *, *, #8750, .F. ) ;
#2061 = VECTOR ( 'NONE', #6765, 1000.000000000000000 ) ;
#2062 = ADVANCED_FACE ( 'NONE', ( #3000 ), #875, .F. ) ;
#2063 = VECTOR ( 'NONE', #2564, 1000.000000000000000 ) ;
#2064 = CARTESIAN_POINT ( 'NONE',  ( 103.8479001739019907, 48.85879653723840477, 151.9504045976680118 ) ) ;
#2065 = DIRECTION ( 'NONE',  ( 0.000000000000000000, 0.1260166810503352552, -0.9920281226341609582 ) ) ;
#2066 = DIRECTION ( 'NONE',  ( 1.000000000000000000, 1.504038027996622089E-18, 1.309403304758604554E-15 ) ) ;
#2067 = EDGE_LOOP ( 'NONE', ( #5266, #3692, #5199, #50 ) ) ;
#2068 = DIRECTION ( 'NONE',  ( -1.000000000000000000, -1.270429940335170066E-14, -3.761228189155370093E-29 ) ) ;
#2069 = AXIS2_PLACEMENT_3D ( 'NONE', #4675, #7608, #6215 ) ;
#2070 = CARTESIAN_POINT ( 'NONE',  ( 124.3594733917878017, 96.38558278779905208, 156.0534381976310101 ) ) ;
#2071 = EDGE_CURVE ( 'NONE', #2626, #4830, #6081, .T. ) ;
#2072 = DIRECTION ( 'NONE',  ( -1.000000000000000000, -3.659954016805839962E-31, -5.834076822994820350E-60 ) ) ;
#2073 = VECTOR ( 'NONE', #4951, 1000.000000000000000 ) ;
#2074 = AXIS2_PLACEMENT_3D ( 'NONE', #8305, #3309, #3931 ) ;
#2075 = DIRECTION ( 'NONE',  ( -6.573840876841789860E-31, 3.229739708000450155E-15, -1.000000000000000000 ) ) ;
#2076 = LINE ( 'NONE', #5020, #8273 ) ;
#2077 = EDGE_LOOP ( 'NONE', ( #8377, #7310, #5335, #6590 ) ) ;
#2078 = LINE ( 'NONE', #2130, #6016 ) ;
#2079 = DIRECTION ( 'NONE',  ( -6.503944880413212681E-16, -0.8660254037844400399, 0.4999999999999976130 ) ) ;
#2080 = ORIENTED_EDGE ( 'NONE', *, *, #7395, .T. ) ;
#2081 = CARTESIAN_POINT ( 'NONE',  ( 124.5594733917879893, 47.45879653723749669, 130.0501160567390002 ) ) ;
#2082 = DIRECTION ( 'NONE',  ( -6.503944880413200848E-16, -0.8660254037844405950, 0.4999999999999966138 ) ) ;
#2083 = ORIENTED_EDGE ( 'NONE', *, *, #2270, .T. ) ;
#2084 = PRODUCT_DEFINITION ( 'UNKNOWN', '', #552, #4496 ) ;
#2085 = VECTOR ( 'NONE', #2328, 999.9999999999997726 ) ;
#2086 = ORIENTED_EDGE ( 'NONE', *, *, #1134, .T. ) ;
#2087 = CYLINDRICAL_SURFACE ( 'NONE', #3181, 2.350000000000004974 ) ;
#2088 = CARTESIAN_POINT ( 'NONE',  ( 117.4594733917879950, 104.3679753938900063, 180.8501160567390116 ) ) ;
#2089 = EDGE_LOOP ( 'NONE', ( #1108, #8604, #2696, #3037 ) ) ;
#2090 = AXIS2_PLACEMENT_3D ( 'NONE', #1992, #1946, #3405 ) ;
#2091 = FACE_OUTER_BOUND ( 'NONE', #7913, .T. ) ;
#2092 = DIRECTION ( 'NONE',  ( 0.000000000000000000, 0.000000000000000000, 1.000000000000000000 ) ) ;
#2093 = DIRECTION ( 'NONE',  ( -0.4999999999999998890, -0.8660254037844387076, 0.000000000000000000 ) ) ;
#2094 = ORIENTED_EDGE ( 'NONE', *, *, #762, .T. ) ;
#2095 = DIRECTION ( 'NONE',  ( -6.503944880413212681E-16, -0.8660254037844400399, 0.4999999999999976130 ) ) ;
#2096 = CARTESIAN_POINT ( 'NONE',  ( 103.8479001739019907, 52.85921004631169495, 166.8113890708320071 ) ) ;
#2097 = CARTESIAN_POINT ( 'NONE',  ( 124.3594733917878159, 97.58558278779911177, 141.9660916294041613 ) ) ;
#2098 = EDGE_CURVE ( 'NONE', #8482, #2744, #8951, .T. ) ;
#2099 = VECTOR ( 'NONE', #8892, 1000.000000000000114 ) ;
#2100 = ORIENTED_EDGE ( 'NONE', *, *, #5576, .F. ) ;
#2101 = CIRCLE ( 'NONE', #5028, 2.350000000000004974 ) ;
#2102 = ORIENTED_EDGE ( 'NONE', *, *, #2915, .F. ) ;
#2103 = LINE ( 'NONE', #6490, #4627 ) ;
#2104 = DIRECTION ( 'NONE',  ( 0.000000000000000000, 0.000000000000000000, -1.000000000000000000 ) ) ;
#2105 = ORIENTED_EDGE ( 'NONE', *, *, #7883, .T. ) ;
#2106 = AXIS2_PLACEMENT_3D ( 'NONE', #3785, #5272, #6142 ) ;
#2107 = CARTESIAN_POINT ( 'NONE',  ( 118.0699540685230176, 94.95626731504272300, 176.0501160567391139 ) ) ;
#2108 = AXIS2_PLACEMENT_3D ( 'NONE', #9197, #4883, #8472 ) ;
#2109 = DIRECTION ( 'NONE',  ( 0.000000000000000000, 0.000000000000000000, -1.000000000000000000 ) ) ;
#2110 = EDGE_CURVE ( 'NONE', #6074, #8724, #5217, .T. ) ;
#2111 = EDGE_CURVE ( 'NONE', #305, #4101, #726, .T. ) ;
#2112 = VERTEX_POINT ( 'NONE', #1541 ) ;
#2113 = VECTOR ( 'NONE', #3257, 1000.000000000000114 ) ;
#2114 = VECTOR ( 'NONE', #8755, 1000.000000000000000 ) ;
#2115 = DIRECTION ( 'NONE',  ( 0.000000000000000000, 3.908184725064409972E-15, -1.000000000000000000 ) ) ;
#2116 = VERTEX_POINT ( 'NONE', #6752 ) ;
#2117 = CARTESIAN_POINT ( 'NONE',  ( 103.8479001739019907, 50.05879653723830813, 166.8113888862239946 ) ) ;
#2118 = CARTESIAN_POINT ( 'NONE',  ( 109.9594733917879381, 108.1430314722585706, 181.0120558229946539 ) ) ;
#2119 = ORIENTED_EDGE ( 'NONE', *, *, #8557, .T. ) ;
#2120 = VECTOR ( 'NONE', #6032, 1000.000000000000000 ) ;
#2121 = DIRECTION ( 'NONE',  ( 0.000000000000000000, 0.7071067811865150432, -0.7071067811865799912 ) ) ;
#2122 = EDGE_CURVE ( 'NONE', #852, #2300, #6030, .T. ) ;
#2123 = CARTESIAN_POINT ( 'NONE',  ( 5.800000000000006040, 10.04589468389949225, 0.5999999999999999778 ) ) ;
#2124 = ADVANCED_FACE ( 'NONE', ( #6612 ), #824, .T. ) ;
#2125 = LINE ( 'NONE', #1393, #3360 ) ;
#2126 = VECTOR ( 'NONE', #3862, 1000.000000000000000 ) ;
#2127 = LINE ( 'NONE', #8756, #9496 ) ;
#2128 = CARTESIAN_POINT ( 'NONE',  ( 124.3594733917878159, 102.7855827877990862, 144.9683130291902273 ) ) ;
#2129 = VERTEX_POINT ( 'NONE', #4397 ) ;
#2130 = CARTESIAN_POINT ( 'NONE',  ( 124.9594733917878244, 96.98558278779910324, 142.3125017909179348 ) ) ;
#2131 = DIRECTION ( 'NONE',  ( 3.373339673922279865E-30, -1.000000000000000000, -3.908184725064409972E-15 ) ) ;
#2132 = ORIENTED_EDGE ( 'NONE', *, *, #7062, .F. ) ;
#2133 = LINE ( 'NONE', #6710, #6351 ) ;
#2134 = DIRECTION ( 'NONE',  ( -0.8660254037844387076, 0.4999999999999998335, 0.000000000000000000 ) ) ;
#2135 = VERTEX_POINT ( 'NONE', #1640 ) ;
#2136 = ADVANCED_FACE ( 'NONE', ( #9005 ), #3145, .T. ) ;
#2137 = AXIS2_PLACEMENT_3D ( 'NONE', #4963, #4919, #7080 ) ;
#2138 = ORIENTED_EDGE ( 'NONE', *, *, #7352, .F. ) ;
#2139 = PLANE ( 'NONE',  #7017 ) ;
#2140 = DIRECTION ( 'NONE',  ( 2.003086131649548268E-15, -1.000000000000000000, 0.000000000000000000 ) ) ;
#2141 = CIRCLE ( 'NONE', #1827, 1.199999999999997291 ) ;
#2142 = ORIENTED_EDGE ( 'NONE', *, *, #6451, .F. ) ;
#2143 = LINE ( 'NONE', #744, #7705 ) ;
#2144 = APPLICATION_PROTOCOL_DEFINITION ( 'draft international standard', 'automotive_design', 1998, #123 ) ;
#2145 = CARTESIAN_POINT ( 'NONE',  ( 121.7594733917879921, 52.55900246190719827, 176.8500716728239865 ) ) ;
#2146 = ORIENTED_EDGE ( 'NONE', *, *, #8909, .F. ) ;
#2147 = FACE_OUTER_BOUND ( 'NONE', #2493, .T. ) ;
#2148 = LINE ( 'NONE', #4905, #1464 ) ;
#2149 = ORIENTED_EDGE ( 'NONE', *, *, #2715, .F. ) ;
#2150 = EDGE_CURVE ( 'NONE', #7552, #1159, #5981, .T. ) ;
#2151 = ORIENTED_EDGE ( 'NONE', *, *, #8218, .T. ) ;
#2152 = ORIENTED_EDGE ( 'NONE', *, *, #2969, .F. ) ;
#2153 = FACE_OUTER_BOUND ( 'NONE', #5926, .T. ) ;
#2154 = DIRECTION ( 'NONE',  ( 6.503944880413190987E-16, 0.8660254037844409281, -0.4999999999999958922 ) ) ;
#2155 = EDGE_LOOP ( 'NONE', ( #6540, #9300, #8719, #7195, #8744, #654, #8041, #4354, #1550, #2774, #3283, #4598, #5487 ) ) ;
#2156 = CARTESIAN_POINT ( 'NONE',  ( 0.3999999999999926392, 2.614739876170339826E-16, 0.5999999999999999778 ) ) ;
#2157 = LINE ( 'NONE', #4959, #8990 ) ;
#2158 = EDGE_CURVE ( 'NONE', #1822, #1431, #2321, .T. ) ;
#2159 = ORIENTED_EDGE ( 'NONE', *, *, #3899, .F. ) ;
#2160 = VECTOR ( 'NONE', #2201, 1000.000000000000000 ) ;
#2161 = ORIENTED_EDGE ( 'NONE', *, *, #1352, .T. ) ;
#2162 = DIRECTION ( 'NONE',  ( -6.503944880413212681E-16, -0.8660254037844400399, 0.4999999999999976130 ) ) ;
#2163 = ADVANCED_FACE ( 'NONE', ( #6895 ), #966, .F. ) ;
#2164 = EDGE_LOOP ( 'NONE', ( #1247, #7638, #3066, #1599 ) ) ;
#2165 = DIRECTION ( 'NONE',  ( 6.590088167172850604E-16, -0.8660254037844365982, -0.5000000000000035527 ) ) ;
#2166 = LINE ( 'NONE', #9416, #366 ) ;
#2167 = AXIS2_PLACEMENT_3D ( 'NONE', #5097, #3750, #5246 ) ;
#2168 = EDGE_LOOP ( 'NONE', ( #1645, #9040, #5702, #2408 ) ) ;
#2169 = VECTOR ( 'NONE', #1806, 1000.000000000000000 ) ;
#2170 = CARTESIAN_POINT ( 'NONE',  ( 124.5594733917879893, 47.62448196218660712, 181.0501160567390002 ) ) ;
#2171 = CARTESIAN_POINT ( 'NONE',  ( 121.5594733917879893, 53.33084388076910187, 137.7001160632310075 ) ) ;
#2172 = LINE ( 'NONE', #7133, #1336 ) ;
#2173 = EDGE_CURVE ( 'NONE', #415, #2395, #1056, .T. ) ;
#2174 = CYLINDRICAL_SURFACE ( 'NONE', #122, 1.700000000000000178 ) ;
#2175 = CARTESIAN_POINT ( 'NONE',  ( 109.9594733917879950, 62.05879653723739864, 130.0501160567390002 ) ) ;
#2176 = ORIENTED_EDGE ( 'NONE', *, *, #4202, .F. ) ;
#2177 = CARTESIAN_POINT ( 'NONE',  ( 12.20000000000000462, -6.581793068761736087, 0.000000000000000000 ) ) ;
#2178 = CARTESIAN_POINT ( 'NONE',  ( -0.4000000000000027423, -7.159143337951362263, 0.5999999999999999778 ) ) ;
#2179 = VERTEX_POINT ( 'NONE', #6131 ) ;
#2180 = FACE_OUTER_BOUND ( 'NONE', #92, .T. ) ;
#2181 = PLANE ( 'NONE',  #4409 ) ;
#2182 = ORIENTED_EDGE ( 'NONE', *, *, #229, .T. ) ;
#2183 = VECTOR ( 'NONE', #8614, 1000.000000000000000 ) ;
#2184 = EDGE_LOOP ( 'NONE', ( #3054, #9344, #4987, #7301 ) ) ;
#2185 = DIRECTION ( 'NONE',  ( 6.573840876841780226E-31, -2.960594732333740256E-15, 1.000000000000000000 ) ) ;
#2186 = EDGE_CURVE ( 'NONE', #5100, #6471, #1015, .T. ) ;
#2187 = AXIS2_PLACEMENT_3D ( 'NONE', #5562, #1213, #1940 ) ;
#2188 = CARTESIAN_POINT ( 'NONE',  ( 121.9594733917879950, 50.85900246190729490, 175.1500716728239979 ) ) ;
#2189 = ORIENTED_EDGE ( 'NONE', *, *, #8019, .T. ) ;
#2190 = CYLINDRICAL_SURFACE ( 'NONE', #2013, 0.4999999999999926170 ) ;
#2191 = FACE_OUTER_BOUND ( 'NONE', #1256, .T. ) ;
#2192 = EDGE_LOOP ( 'NONE', ( #8591, #8196, #2424, #6204 ) ) ;
#2193 = PLANE ( 'NONE',  #6804 ) ;
#2194 = CARTESIAN_POINT ( 'NONE',  ( 124.0592155665780183, 48.34686671402094049, 180.9535288534184474 ) ) ;
#2195 = ORIENTED_EDGE ( 'NONE', *, *, #1613, .F. ) ;
#2196 = LINE ( 'NONE', #4467, #5009 ) ;
#2197 = VECTOR ( 'NONE', #7379, 1000.000000000000000 ) ;
#2198 = ORIENTED_EDGE ( 'NONE', *, *, #5844, .F. ) ;
#2199 = ORIENTED_EDGE ( 'NONE', *, *, #8733, .F. ) ;
#2200 = ADVANCED_FACE ( 'NONE', ( #1828 ), #1103, .T. ) ;
#2201 = DIRECTION ( 'NONE',  ( 6.503944880413206764E-16, 0.8660254037844403729, -0.4999999999999970579 ) ) ;
#2202 = DIRECTION ( 'NONE',  ( -2.587978304114470251E-31, 0.7071067811865799912, 0.7071067811865150432 ) ) ;
#2203 = ORIENTED_EDGE ( 'NONE', *, *, #284, .T. ) ;
#2204 = PLANE ( 'NONE',  #4947 ) ;
#2205 = LINE ( 'NONE', #5247, #6392 ) ;
#2206 = SHAPE_REPRESENTATION ( 'Main Body Side A - 1515-6mm Slots', ( #5480, #1925, #1466 ), #8079 ) ;
#2207 = EDGE_CURVE ( 'NONE', #8313, #7786, #4682, .T. ) ;
#2208 = VERTEX_POINT ( 'NONE', #9143 ) ;
#2209 = VECTOR ( 'NONE', #3149, 1000.000000000000114 ) ;
#2210 = ORIENTED_EDGE ( 'NONE', *, *, #2510, .F. ) ;
#2211 = EDGE_CURVE ( 'NONE', #6158, #8898, #6314, .T. ) ;
#2212 = CARTESIAN_POINT ( 'NONE',  ( 5.599999999999998757, -16.62768775266122745, 0.5999999999999999778 ) ) ;
#2213 = VERTEX_POINT ( 'NONE', #7665 ) ;
#2214 = AXIS2_PLACEMENT_3D ( 'NONE', #8499, #1138, #3900 ) ;
#2215 = LINE ( 'NONE', #6693, #1062 ) ;
#2216 = CARTESIAN_POINT ( 'NONE',  ( 124.9594733917879523, 79.18558278779900661, 166.4457430430442457 ) ) ;
#2217 = VECTOR ( 'NONE', #9470, 1000.000000000000114 ) ;
#2218 = VERTEX_POINT ( 'NONE', #5548 ) ;
#2219 = DIRECTION ( 'NONE',  ( 0.8660254037844388186, 0.4999999999999998335, 0.000000000000000000 ) ) ;
#2220 = CARTESIAN_POINT ( 'NONE',  ( 124.9594733917879950, 47.45879653723729064, 180.6501160567389945 ) ) ;
#2221 = EDGE_CURVE ( 'NONE', #9021, #2670, #6987, .T. ) ;
#2222 = VECTOR ( 'NONE', #8058, 1000.000000000000000 ) ;
#2223 = CARTESIAN_POINT ( 'NONE',  ( 124.7594733917880063, 76.28379653724290677, 130.2501160567389888 ) ) ;
#2224 = DIRECTION ( 'NONE',  ( 5.007715329123860808E-16, -1.000000000000000000, 0.000000000000000000 ) ) ;
#2225 = DIRECTION ( 'NONE',  ( -1.504038028001425744E-18, 1.000000000000000000, 3.668761925651101070E-15 ) ) ;
#2226 =( NAMED_UNIT ( * ) PLANE_ANGLE_UNIT ( ) SI_UNIT ( $, .RADIAN. ) );
#2227 = ORIENTED_EDGE ( 'NONE', *, *, #3474, .F. ) ;
#2228 = VECTOR ( 'NONE', #9343, 1000.000000000000000 ) ;
#2229 = VECTOR ( 'NONE', #5452, 1000.000000000000000 ) ;
#2230 = DIRECTION ( 'NONE',  ( 0.000000000000000000, 0.000000000000000000, 1.000000000000000000 ) ) ;
#2231 = ORIENTED_EDGE ( 'NONE', *, *, #7269, .T. ) ;
#2232 = DIRECTION ( 'NONE',  ( 1.000000000000000000, 3.659954016805840400E-31, 1.032011893756289160E-43 ) ) ;
#2233 = FACE_BOUND ( 'NONE', #4623, .T. ) ;
#2234 = EDGE_LOOP ( 'NONE', ( #7336, #9078, #2829, #3851 ) ) ;
#2235 = EDGE_CURVE ( 'NONE', #3725, #6277, #8287, .T. ) ;
#2236 = EDGE_CURVE ( 'NONE', #9355, #4435, #378, .T. ) ;
#2237 = ORIENTED_EDGE ( 'NONE', *, *, #2902, .F. ) ;
#2238 = VECTOR ( 'NONE', #4191, 1000.000000000000000 ) ;
#2239 = DIRECTION ( 'NONE',  ( 0.000000000000000000, 0.7071067811865336949, -0.7071067811865614505 ) ) ;
#2240 = CARTESIAN_POINT ( 'NONE',  ( 124.9594733917878102, 108.5855827877990691, 155.4760879284414443 ) ) ;
#2241 = EDGE_LOOP ( 'NONE', ( #1199, #2045, #7807, #7164 ) ) ;
#2242 = DIRECTION ( 'NONE',  ( 0.8660254037844387076, -0.5000000000000001110, 0.000000000000000000 ) ) ;
#2243 = CARTESIAN_POINT ( 'NONE',  ( 117.8100015415119941, 47.90022127479462455, 180.9915374129762995 ) ) ;
#2244 = ORIENTED_EDGE ( 'NONE', *, *, #1813, .F. ) ;
#2245 = LINE ( 'NONE', #3643, #4650 ) ;
#2246 = VECTOR ( 'NONE', #4181, 1000.000000000000114 ) ;
#2247 = CARTESIAN_POINT ( 'NONE',  ( 124.0592155665780183, 48.37595720608260308, 180.9038682771519291 ) ) ;
#2248 = PRODUCT_DEFINITION_FORMATION_WITH_SPECIFIED_SOURCE ( 'ANY', '', #3551, .NOT_KNOWN. ) ;
#2249 = ORIENTED_EDGE ( 'NONE', *, *, #6985, .F. ) ;
#2250 = DIRECTION ( 'NONE',  ( -1.332169591021890008E-15, 0.000000000000000000, 1.000000000000000000 ) ) ;
#2251 = EDGE_CURVE ( 'NONE', #730, #8967, #8374, .T. ) ;
#2252 = ORIENTED_EDGE ( 'NONE', *, *, #275, .T. ) ;
#2253 = VERTEX_POINT ( 'NONE', #3962 ) ;
#2254 = PLANE ( 'NONE',  #931 ) ;
#2255 = LINE ( 'NONE', #755, #2393 ) ;
#2256 = EDGE_LOOP ( 'NONE', ( #118, #5670, #514, #1262 ) ) ;
#2257 = DIRECTION ( 'NONE',  ( 0.7071067811865020536, -0.7071067811865929809, 0.000000000000000000 ) ) ;
#2258 = CARTESIAN_POINT ( 'NONE',  ( 124.3594733917878017, 91.18558278779906345, 151.6655761517898497 ) ) ;
#2259 = EDGE_CURVE ( 'NONE', #8341, #2537, #3341, .T. ) ;
#2260 = AXIS2_PLACEMENT_3D ( 'NONE', #667, #1491, #34 ) ;
#2261 = ORIENTED_EDGE ( 'NONE', *, *, #9085, .F. ) ;
#2262 = VERTEX_POINT ( 'NONE', #1687 ) ;
#2263 = FACE_BOUND ( 'NONE', #4067, .T. ) ;
#2264 = VERTEX_POINT ( 'NONE', #7755 ) ;
#2265 = CARTESIAN_POINT ( 'NONE',  ( -5.800000000000003375, -10.04589468389948870, 0.5999999999999999778 ) ) ;
#2266 = CARTESIAN_POINT ( 'NONE',  ( -0.1999999999999999278, 0.3464101615137755164, 0.000000000000000000 ) ) ;
#2267 = VERTEX_POINT ( 'NONE', #9189 ) ;
#2268 = FACE_OUTER_BOUND ( 'NONE', #7041, .T. ) ;
#2269 = DIRECTION ( 'NONE',  ( 1.000000000000000000, 0.000000000000000000, 0.000000000000000000 ) ) ;
#2270 = EDGE_CURVE ( 'NONE', #3083, #1320, #2611, .T. ) ;
#2271 = EDGE_CURVE ( 'NONE', #210, #3696, #2610, .T. ) ;
#2272 = AXIS2_PLACEMENT_3D ( 'NONE', #8093, #1540, #874 ) ;
#2273 = LINE ( 'NONE', #3144, #1957 ) ;
#2274 = DIRECTION ( 'NONE',  ( -6.503944880413199862E-16, -0.8660254037844405950, 0.4999999999999965583 ) ) ;
#2275 = DIRECTION ( 'NONE',  ( 6.590088167172848632E-16, -0.8660254037844365982, -0.5000000000000035527 ) ) ;
#2276 = FILL_AREA_STYLE_COLOUR ( '', #1153 ) ;
#2277 = VECTOR ( 'NONE', #8156, 1000.000000000000000 ) ;
#2278 = ORIENTED_EDGE ( 'NONE', *, *, #5896, .F. ) ;
#2279 = EDGE_CURVE ( 'NONE', #2793, #4376, #4109, .T. ) ;
#2280 = VECTOR ( 'NONE', #1241, 1000.000000000000000 ) ;
#2281 = LINE ( 'NONE', #7997, #9427 ) ;
#2282 = EDGE_LOOP ( 'NONE', ( #636, #5904, #7956, #8104 ) ) ;
#2283 = CARTESIAN_POINT ( 'NONE',  ( -6.400000000000002132, 0.000000000000000000, 0.5999999999999999778 ) ) ;
#2284 = CARTESIAN_POINT ( 'NONE',  ( 119.1594733917879978, 104.3679753938900916, 130.0501160567390002 ) ) ;
#2285 = VERTEX_POINT ( 'NONE', #9232 ) ;
#2286 = EDGE_CURVE ( 'NONE', #1785, #3579, #2512, .T. ) ;
#2287 = VECTOR ( 'NONE', #7226, 1000.000000000000000 ) ;
#2288 = VERTEX_POINT ( 'NONE', #6940 ) ;
#2289 = CARTESIAN_POINT ( 'NONE',  ( 121.9594733917879950, 48.38716104304560162, 173.4500716728240093 ) ) ;
#2290 = CARTESIAN_POINT ( 'NONE',  ( 103.4479001739019992, 50.85900246190720253, 175.1500716728239979 ) ) ;
#2291 = ORIENTED_EDGE ( 'NONE', *, *, #1969, .T. ) ;
#2292 = ADVANCED_FACE ( 'NONE', ( #331 ), #3291, .T. ) ;
#2293 = DIRECTION ( 'NONE',  ( -1.000000000000000000, -1.504038027996622089E-18, -1.309403304758604554E-15 ) ) ;
#2294 = ORIENTED_EDGE ( 'NONE', *, *, #3917, .F. ) ;
#2295 = VECTOR ( 'NONE', #6421, 1000.000000000000114 ) ;
#2296 = FACE_OUTER_BOUND ( 'NONE', #7584, .T. ) ;
#2297 = CARTESIAN_POINT ( 'NONE',  ( 18.40000000000000213, -10.62324495308912198, 0.5999999999999999778 ) ) ;
#2298 = ORIENTED_EDGE ( 'NONE', *, *, #2333, .F. ) ;
#2299 = CARTESIAN_POINT ( 'NONE',  ( 124.9594733917879950, 70.15879653723750664, 134.0501160567390002 ) ) ;
#2300 = VERTEX_POINT ( 'NONE', #663 ) ;
#2301 = ORIENTED_EDGE ( 'NONE', *, *, #8356, .F. ) ;
#2302 = ORIENTED_EDGE ( 'NONE', *, *, #3247, .T. ) ;
#2303 = EDGE_CURVE ( 'NONE', #449, #2459, #2141, .T. ) ;
#2304 = DIRECTION ( 'NONE',  ( -6.503944880413202820E-16, -0.8660254037844404840, 0.4999999999999967804 ) ) ;
#2305 = CARTESIAN_POINT ( 'NONE',  ( 124.9594733917878244, 99.58558278779911177, 139.8876306603214914 ) ) ;
#2306 = ORIENTED_EDGE ( 'NONE', *, *, #1243, .F. ) ;
#2307 = CARTESIAN_POINT ( 'NONE',  ( 124.9594733917878102, 85.18558278779909188, 148.6633547520037553 ) ) ;
#2308 = DIRECTION ( 'NONE',  ( 1.000000000000000000, 2.788634394465034897E-33, -2.195264144088084855E-32 ) ) ;
#2309 = ORIENTED_EDGE ( 'NONE', *, *, #2259, .F. ) ;
#2310 = ORIENTED_EDGE ( 'NONE', *, *, #1390, .T. ) ;
#2311 = CARTESIAN_POINT ( 'NONE',  ( 121.7594733917879921, 53.85900246190720253, 175.1500716728239979 ) ) ;
#2312 = AXIS2_PLACEMENT_3D ( 'NONE', #4044, #6975, #6257 ) ;
#2313 = ORIENTED_EDGE ( 'NONE', *, *, #8396, .F. ) ;
#2314 = CARTESIAN_POINT ( 'NONE',  ( 104.6479001739019878, 49.20995747563719647, 129.3817978308139800 ) ) ;
#2315 = ADVANCED_FACE ( 'NONE', ( #7169 ), #3611, .F. ) ;
#2316 = PLANE ( 'NONE',  #8502 ) ;
#2317 = EDGE_LOOP ( 'NONE', ( #954, #4425, #7345, #6501, #1651, #103 ) ) ;
#2318 = FACE_OUTER_BOUND ( 'NONE', #2616, .T. ) ;
#2319 = DIRECTION ( 'NONE',  ( 1.000000000000000000, -1.684925824262390165E-30, 1.332169591021890008E-15 ) ) ;
#2320 = CARTESIAN_POINT ( 'NONE',  ( 124.9594733917877960, 72.38558278779899524, 162.5197612125547550 ) ) ;
#2321 = LINE ( 'NONE', #2952, #8282 ) ;
#2322 = ADVANCED_FACE ( 'NONE', ( #2015 ), #6455, .T. ) ;
#2323 = PLANE ( 'NONE',  #2748 ) ;
#2324 = PRESENTATION_STYLE_ASSIGNMENT (( #8905 ) ) ;
#2325 = DIRECTION ( 'NONE',  ( 1.332169591021890008E-15, 3.908184725064409972E-15, -1.000000000000000000 ) ) ;
#2326 = VERTEX_POINT ( 'NONE', #5011 ) ;
#2327 = DIRECTION ( 'NONE',  ( 3.659954016805839962E-31, -1.000000000000000000, 0.000000000000000000 ) ) ;
#2328 = DIRECTION ( 'NONE',  ( -0.7071067811865652253, -0.08910739053469812765, -0.7014697947538951484 ) ) ;
#2329 = ORIENTED_EDGE ( 'NONE', *, *, #6114, .F. ) ;
#2330 = EDGE_CURVE ( 'NONE', #8173, #2116, #9371, .T. ) ;
#2331 = VERTEX_POINT ( 'NONE', #617 ) ;
#2332 = CARTESIAN_POINT ( 'NONE',  ( 118.0699540685230176, 54.95626731504270168, 176.0501160567390002 ) ) ;
#2333 = EDGE_CURVE ( 'NONE', #6390, #5811, #6549, .T. ) ;
#2334 = FACE_OUTER_BOUND ( 'NONE', #3205, .T. ) ;
#2335 = ORIENTED_EDGE ( 'NONE', *, *, #4092, .F. ) ;
#2336 = DIRECTION ( 'NONE',  ( -1.000000000000000000, 0.000000000000000000, 0.000000000000000000 ) ) ;
#2337 = LINE ( 'NONE', #7389, #3457 ) ;
#2338 = ORIENTED_EDGE ( 'NONE', *, *, #3098, .F. ) ;
#2339 = VECTOR ( 'NONE', #3354, 1000.000000000000000 ) ;
#2340 = CARTESIAN_POINT ( 'NONE',  ( 3.199999999999995293, 5.542562584220403821, 0.000000000000000000 ) ) ;
#2341 = DIRECTION ( 'NONE',  ( -1.000000000000000000, 0.000000000000000000, 0.000000000000000000 ) ) ;
#2342 = ORIENTED_EDGE ( 'NONE', *, *, #3403, .T. ) ;
#2343 = CARTESIAN_POINT ( 'NONE',  ( 114.4594733917879950, 104.3679753938900632, 167.0501160567430077 ) ) ;
#2344 = EDGE_CURVE ( 'NONE', #6301, #7814, #6605, .T. ) ;
#2345 = ORIENTED_EDGE ( 'NONE', *, *, #1173, .F. ) ;
#2346 = VECTOR ( 'NONE', #107, 1000.000000000000000 ) ;
#2347 = EDGE_LOOP ( 'NONE', ( #4156, #4800, #344, #5586, #5645, #4321, #8363, #9462, #3614, #5749, #8168, #2159, #8676, #8616, #2552, #7407, #3796, #3942 ) ) ;
#2348 = DIRECTION ( 'NONE',  ( -1.332169591021890008E-15, 0.000000000000000000, 1.000000000000000000 ) ) ;
#2349 = ORIENTED_EDGE ( 'NONE', *, *, #3808, .T. ) ;
#2350 = CYLINDRICAL_SURFACE ( 'NONE', #8153, 1.699999999999993072 ) ;
#2351 = CARTESIAN_POINT ( 'NONE',  ( 124.9594733917878244, 102.9855827877991032, 145.7766034060557558 ) ) ;
#2352 = VERTEX_POINT ( 'NONE', #7985 ) ;
#2353 = CARTESIAN_POINT ( 'NONE',  ( 6.399999999999998579, -10.62324495308911665, 0.000000000000000000 ) ) ;
#2354 = DIRECTION ( 'NONE',  ( 1.000000000000000000, -2.818307069383400157E-16, -1.101446463910524043E-30 ) ) ;
#2355 = AXIS2_PLACEMENT_3D ( 'NONE', #4258, #1260, #1117 ) ;
#2356 = ORIENTED_EDGE ( 'NONE', *, *, #5006, .F. ) ;
#2357 = EDGE_CURVE ( 'NONE', #1159, #9418, #2751, .T. ) ;
#2358 = EDGE_LOOP ( 'NONE', ( #5859, #5128, #8652, #1343 ) ) ;
#2359 = DIRECTION ( 'NONE',  ( 0.000000000000000000, 0.000000000000000000, -1.000000000000000000 ) ) ;
#2360 = FACE_OUTER_BOUND ( 'NONE', #5653, .T. ) ;
#2361 = LINE ( 'NONE', #7510, #3169 ) ;
#2362 = DIRECTION ( 'NONE',  ( -1.136463268210227778E-15, 0.4999999999999958922, 0.8660254037844410391 ) ) ;
#2363 = ORIENTED_EDGE ( 'NONE', *, *, #1493, .F. ) ;
#2364 = PLANE ( 'NONE',  #8506 ) ;
#2365 = CARTESIAN_POINT ( 'NONE',  ( 11.80000000000000249, -6.581793068761736087, 0.5999999999999999778 ) ) ;
#2366 = AXIS2_PLACEMENT_3D ( 'NONE', #6364, #6651, #8137 ) ;
#2367 = EDGE_CURVE ( 'NONE', #6024, #8794, #4915, .T. ) ;
#2368 = VECTOR ( 'NONE', #9267, 999.9999999999998863 ) ;
#2369 = CARTESIAN_POINT ( 'NONE',  ( 124.9594733917879950, 47.45879653723739722, 169.9389230289949921 ) ) ;
#2370 = DIRECTION ( 'NONE',  ( -1.000000000000000000, -1.270429940335170066E-14, -3.761228189155370093E-29 ) ) ;
#2371 = VECTOR ( 'NONE', #5111, 1000.000000000000000 ) ;
#2372 = ORIENTED_EDGE ( 'NONE', *, *, #4687, .F. ) ;
#2373 = DIRECTION ( 'NONE',  ( -1.021178001041630021E-43, -2.960594732333740256E-15, 1.000000000000000000 ) ) ;
#2374 = VECTOR ( 'NONE', #4802, 1000.000000000000000 ) ;
#2375 = FACE_OUTER_BOUND ( 'NONE', #8863, .T. ) ;
#2376 = ORIENTED_EDGE ( 'NONE', *, *, #5155, .T. ) ;
#2377 = EDGE_LOOP ( 'NONE', ( #8751, #9259, #7677, #2989, #5488, #2566, #1797, #7109, #1231 ) ) ;
#2378 = LINE ( 'NONE', #5322, #8252 ) ;
#2379 = VECTOR ( 'NONE', #4699, 1000.000000000000000 ) ;
#2380 = FACE_BOUND ( 'NONE', #1897, .T. ) ;
#2381 = AXIS2_PLACEMENT_3D ( 'NONE', #3335, #2557, #6265 ) ;
#2382 = ORIENTED_EDGE ( 'NONE', *, *, #4872, .F. ) ;
#2383 = CARTESIAN_POINT ( 'NONE',  ( 8.800000000000014921, -15.24204710660611717, 0.5999999999999999778 ) ) ;
#2384 = CARTESIAN_POINT ( 'NONE',  ( 5.599999999999997868, -10.62324495308911665, 0.000000000000000000 ) ) ;
#2385 = EDGE_LOOP ( 'NONE', ( #3261, #3758, #4860, #1753 ) ) ;
#2386 = CARTESIAN_POINT ( 'NONE',  ( 104.6479001739019878, 62.05879653723739864, 130.0501160567390002 ) ) ;
#2387 = PRODUCT_DEFINITION ( 'UNKNOWN', '', #6400, #3625 ) ;
#2388 = CARTESIAN_POINT ( 'NONE',  ( 11.60000000000000497, -7.621023553303062137, 0.000000000000000000 ) ) ;
#2389 = ORIENTED_EDGE ( 'NONE', *, *, #2158, .F. ) ;
#2390 = LINE ( 'NONE', #6727, #381 ) ;
#2391 = VECTOR ( 'NONE', #7454, 1000.000000000000000 ) ;
#2392 = ADVANCED_FACE ( 'NONE', ( #3563 ), #6499, .F. ) ;
#2393 = VECTOR ( 'NONE', #5201, 1000.000000000000114 ) ;
#2394 = ORIENTED_EDGE ( 'NONE', *, *, #4590, .F. ) ;
#2395 = VERTEX_POINT ( 'NONE', #8701 ) ;
#2396 = DIRECTION ( 'NONE',  ( 0.5000000000000000000, -0.8660254037844387076, 0.000000000000000000 ) ) ;
#2397 = ORIENTED_EDGE ( 'NONE', *, *, #1053, .T. ) ;
#2398 = VECTOR ( 'NONE', #447, 1000.000000000000000 ) ;
#2399 = PRESENTATION_LAYER_ASSIGNMENT (  '', '', ( #698 ) ) ;
#2400 = CARTESIAN_POINT ( 'NONE',  ( 0.3999999999999976907, -7.621023553303062137, 0.5999999999999999778 ) ) ;
#2401 = CARTESIAN_POINT ( 'NONE',  ( 117.8100015415119941, 47.95879991855730395, 180.8501160567390116 ) ) ;
#2402 = ORIENTED_EDGE ( 'NONE', *, *, #5394, .T. ) ;
#2403 = CARTESIAN_POINT ( 'NONE',  ( 124.2392801770860018, 46.73860332253489958, 180.6501160567389945 ) ) ;
#2404 = EDGE_CURVE ( 'NONE', #8661, #7694, #4244, .T. ) ;
#2405 = CARTESIAN_POINT ( 'NONE',  ( 124.3594733917878017, 84.98558278779904640, 155.4760879284413591 ) ) ;
#2406 = ORIENTED_EDGE ( 'NONE', *, *, #7670, .F. ) ;
#2407 = AXIS2_PLACEMENT_3D ( 'NONE', #4170, #3444, #6379 ) ;
#2408 = ORIENTED_EDGE ( 'NONE', *, *, #689, .T. ) ;
#2409 = DIRECTION ( 'NONE',  ( -1.021176253173550131E-43, -2.960594732333740256E-15, 1.000000000000000000 ) ) ;
#2410 = CARTESIAN_POINT ( 'NONE',  ( 105.8479001739020049, 48.85879653723819871, 166.8113888862239946 ) ) ;
#2411 = DIRECTION ( 'NONE',  ( 0.4999999999999998335, -0.8660254037844388186, 0.000000000000000000 ) ) ;
#2412 = DIRECTION ( 'NONE',  ( -6.573840876841789860E-31, 3.229739708000450155E-15, -1.000000000000000000 ) ) ;
#2413 = ADVANCED_FACE ( 'NONE', ( #1242 ), #4337, .T. ) ;
#2414 = EDGE_CURVE ( 'NONE', #7749, #9418, #475, .T. ) ;
#2415 = VECTOR ( 'NONE', #1917, 1000.000000000000114 ) ;
#2416 = ORIENTED_EDGE ( 'NONE', *, *, #2987, .F. ) ;
#2417 = DIRECTION ( 'NONE',  ( 0.8660254037844383745, 0.5000000000000003331, 0.000000000000000000 ) ) ;
#2418 = DIRECTION ( 'NONE',  ( 1.131489783230271231E-15, 0.5000000000000032196, -0.8660254037844368202 ) ) ;
#2419 = VECTOR ( 'NONE', #4970, 1000.000000000000000 ) ;
#2420 = CARTESIAN_POINT ( 'NONE',  ( 109.9594733917879381, 111.6587965372630009, 176.8430092755530154 ) ) ;
#2421 = DIRECTION ( 'NONE',  ( -1.131489783230271034E-15, -0.5000000000000034417, 0.8660254037844367092 ) ) ;
#2422 = EDGE_CURVE ( 'NONE', #3629, #7083, #289, .T. ) ;
#2423 = EDGE_CURVE ( 'NONE', #7964, #4844, #3429, .T. ) ;
#2424 = ORIENTED_EDGE ( 'NONE', *, *, #8814, .F. ) ;
#2425 = FACE_OUTER_BOUND ( 'NONE', #1592, .T. ) ;
#2426 = CYLINDRICAL_SURFACE ( 'NONE', #3183, 1.199999999999971978 ) ;
#2427 = ORIENTED_EDGE ( 'NONE', *, *, #8090, .F. ) ;
#2428 = ORIENTED_EDGE ( 'NONE', *, *, #6335, .T. ) ;
#2429 = LINE ( 'NONE', #7480, #6103 ) ;
#2430 = VECTOR ( 'NONE', #9155, 1000.000000000000000 ) ;
#2431 = FACE_BOUND ( 'NONE', #8643, .T. ) ;
#2432 = EDGE_LOOP ( 'NONE', ( #165, #2244, #882 ) ) ;
#2433 = CARTESIAN_POINT ( 'NONE',  ( 124.9594733917878102, 90.98558278779906061, 152.7048066363311705 ) ) ;
#2434 = ADVANCED_FACE ( 'NONE', ( #7126 ), #1972, .T. ) ;
#2435 = CARTESIAN_POINT ( 'NONE',  ( 124.9594733917878244, 90.38558278779908051, 145.4301932445418686 ) ) ;
#2436 = ORIENTED_EDGE ( 'NONE', *, *, #6770, .F. ) ;
#2437 = CARTESIAN_POINT ( 'NONE',  ( 124.9594733917879665, 83.98558278779900377, 162.7507013202306325 ) ) ;
#2438 = ORIENTED_EDGE ( 'NONE', *, *, #4394, .T. ) ;
#2439 = VECTOR ( 'NONE', #776, 1000.000000000000000 ) ;
#2440 = FACE_OUTER_BOUND ( 'NONE', #2029, .T. ) ;
#2441 = ORIENTED_EDGE ( 'NONE', *, *, #4241, .F. ) ;
#2442 = ORIENTED_EDGE ( 'NONE', *, *, #1736, .T. ) ;
#2443 = DIRECTION ( 'NONE',  ( 1.000000000000000000, -2.818307069383400157E-16, -1.101446463910526145E-30 ) ) ;
#2444 = DIRECTION ( 'NONE',  ( 0.000000000000000000, 0.000000000000000000, 1.000000000000000000 ) ) ;
#2445 = ADVANCED_FACE ( 'NONE', ( #6412 ), #9329, .T. ) ;
#2446 = CARTESIAN_POINT ( 'NONE',  ( 103.8479001739019907, 51.65920973258590010, 168.8506933095800093 ) ) ;
#2447 = ORIENTED_EDGE ( 'NONE', *, *, #5283, .F. ) ;
#2448 = CARTESIAN_POINT ( 'NONE',  ( 12.20000000000000462, -6.581793068761736087, 0.5999999999999999778 ) ) ;
#2449 = CARTESIAN_POINT ( 'NONE',  ( 121.7594733917879921, 53.33084388076889581, 176.8500716728239865 ) ) ;
#2450 = AXIS2_PLACEMENT_3D ( 'NONE', #2117, #2795, #9415 ) ;
#2451 = EDGE_LOOP ( 'NONE', ( #543, #5985 ) ) ;
#2452 = ORIENTED_EDGE ( 'NONE', *, *, #9190, .F. ) ;
#2453 = EDGE_CURVE ( 'NONE', #406, #9064, #2215, .T. ) ;
#2454 = FACE_OUTER_BOUND ( 'NONE', #6373, .T. ) ;
#2455 = DIRECTION ( 'NONE',  ( -1.000000000000000000, 1.850371707708592551E-14, 0.000000000000000000 ) ) ;
#2456 = ORIENTED_EDGE ( 'NONE', *, *, #38, .F. ) ;
#2457 = AXIS2_PLACEMENT_3D ( 'NONE', #4874, #8649, #7263 ) ;
#2458 = DIRECTION ( 'NONE',  ( -1.000000000000000000, 2.050921225943004990E-30, -1.332169591021890008E-15 ) ) ;
#2459 = VERTEX_POINT ( 'NONE', #5927 ) ;
#2460 = PLANE ( 'NONE',  #7283 ) ;
#2461 = CARTESIAN_POINT ( 'NONE',  ( 124.9594733917878244, 95.98558278779910324, 141.9660916294041613 ) ) ;
#2462 = VECTOR ( 'NONE', #9406, 1000.000000000000000 ) ;
#2463 = EDGE_CURVE ( 'NONE', #1721, #9152, #7411, .T. ) ;
#2464 = DIRECTION ( 'NONE',  ( -0.4999999999999991118, -0.8660254037844391517, 0.000000000000000000 ) ) ;
#2465 = DIRECTION ( 'NONE',  ( -0.8660254037844391517, 0.4999999999999991118, 0.000000000000000000 ) ) ;
#2466 = DIRECTION ( 'NONE',  ( 0.000000000000000000, 0.000000000000000000, 1.000000000000000000 ) ) ;
#2467 = ORIENTED_EDGE ( 'NONE', *, *, #8909, .T. ) ;
#2468 = CARTESIAN_POINT ( 'NONE',  ( 124.5594733917879893, 47.05879653723749811, 140.9121520940340133 ) ) ;
#2469 = CARTESIAN_POINT ( 'NONE',  ( 104.6479001739019878, 68.71303332635440597, 130.6501160567390230 ) ) ;
#2470 = VERTEX_POINT ( 'NONE', #8227 ) ;
#2471 = EDGE_CURVE ( 'NONE', #3414, #354, #6645, .T. ) ;
#2472 = ORIENTED_EDGE ( 'NONE', *, *, #5720, .T. ) ;
#2473 = ADVANCED_FACE ( 'NONE', ( #8181 ), #9518, .F. ) ;
#2474 = CARTESIAN_POINT ( 'NONE',  ( 124.3594733917877875, 84.98558278779897535, 176.2606976192679156 ) ) ;
#2475 = PLANE ( 'NONE',  #2106 ) ;
#2476 = ORIENTED_EDGE ( 'NONE', *, *, #3343, .F. ) ;
#2477 = LINE ( 'NONE', #3925, #7100 ) ;
#2478 = DIRECTION ( 'NONE',  ( -0.8660254037844384856, 0.5000000000000002220, 0.000000000000000000 ) ) ;
#2479 = ORIENTED_EDGE ( 'NONE', *, *, #7566, .T. ) ;
#2480 = CARTESIAN_POINT ( 'NONE',  ( 5.800000000000002487, -3.117691453623978148, 0.000000000000000000 ) ) ;
#2481 = CARTESIAN_POINT ( 'NONE',  ( 120.4594733917880092, 104.3679753938899779, 180.6501160567389945 ) ) ;
#2482 = ORIENTED_EDGE ( 'NONE', *, *, #1333, .T. ) ;
#2483 = DIRECTION ( 'NONE',  ( 1.309403304758604751E-15, 3.668761925651101858E-15, -1.000000000000000000 ) ) ;
#2484 = ORIENTED_EDGE ( 'NONE', *, *, #4468, .F. ) ;
#2485 = ADVANCED_FACE ( 'NONE', ( #3760 ), #3086, .F. ) ;
#2486 = DIRECTION ( 'NONE',  ( 0.000000000000000000, -0.7071067811865550112, 0.7071067811865400232 ) ) ;
#2487 = VECTOR ( 'NONE', #6829, 1000.000000000000000 ) ;
#2488 = DIRECTION ( 'NONE',  ( 1.575403109150369890E-92, -4.304434159326619126E-62, 1.000000000000000000 ) ) ;
#2489 = VECTOR ( 'NONE', #6425, 1000.000000000000000 ) ;
#2490 = VERTEX_POINT ( 'NONE', #3854 ) ;
#2491 = PLANE ( 'NONE',  #6012 ) ;
#2492 = DIRECTION ( 'NONE',  ( 0.000000000000000000, -1.000000000000000000, -1.734723475976862946E-14 ) ) ;
#2493 = EDGE_LOOP ( 'NONE', ( #5427, #6213, #5090, #7655 ) ) ;
#2494 = DIRECTION ( 'NONE',  ( 1.000000000000000000, 0.000000000000000000, 0.000000000000000000 ) ) ;
#2495 = CARTESIAN_POINT ( 'NONE',  ( 123.6663223477645630, 47.90022127479398506, 180.9915374129757879 ) ) ;
#2496 = AXIS2_PLACEMENT_3D ( 'NONE', #938, #2580, #6238 ) ;
#2497 = VECTOR ( 'NONE', #9089, 1000.000000000000000 ) ;
#2498 = VERTEX_POINT ( 'NONE', #1433 ) ;
#2499 = ADVANCED_FACE ( 'NONE', ( #8847 ), #5210, .F. ) ;
#2500 = EDGE_LOOP ( 'NONE', ( #1624, #3723, #2919, #633 ) ) ;
#2501 = PLANE ( 'NONE',  #3998 ) ;
#2502 = DIRECTION ( 'NONE',  ( -1.309403304758604751E-15, -5.671848057300646182E-15, 1.000000000000000000 ) ) ;
#2503 = ORIENTED_EDGE ( 'NONE', *, *, #3613, .T. ) ;
#2504 = FACE_BOUND ( 'NONE', #5198, .T. ) ;
#2505 = CYLINDRICAL_SURFACE ( 'NONE', #2542, 3.000000000000002665 ) ;
#2506 = ORIENTED_EDGE ( 'NONE', *, *, #3627, .F. ) ;
#2507 = CARTESIAN_POINT ( 'NONE',  ( 124.3594733917878301, 102.7855827877991146, 138.0401097989146990 ) ) ;
#2508 = CARTESIAN_POINT ( 'NONE',  ( 124.9594733917877818, 84.58558278779896966, 176.9535179422954343 ) ) ;
#2509 = EDGE_CURVE ( 'NONE', #5943, #2352, #1369, .T. ) ;
#2510 = EDGE_CURVE ( 'NONE', #2470, #7393, #3811, .T. ) ;
#2511 = DIRECTION ( 'NONE',  ( -0.8660254037844387076, 0.4999999999999998335, 0.000000000000000000 ) ) ;
#2512 = LINE ( 'NONE', #5500, #596 ) ;
#2513 = FACE_OUTER_BOUND ( 'NONE', #2077, .T. ) ;
#2514 = VECTOR ( 'NONE', #1344, 1000.000000000000000 ) ;
#2515 = ORIENTED_EDGE ( 'NONE', *, *, #6570, .T. ) ;
#2516 = LINE ( 'NONE', #5455, #7424 ) ;
#2517 = ADVANCED_FACE ( 'NONE', ( #6743 ), #815, .T. ) ;
#2518 = CARTESIAN_POINT ( 'NONE',  ( 124.3594733917878159, 109.1855827877991061, 141.7351515217283691 ) ) ;
#2519 = VERTEX_POINT ( 'NONE', #4387 ) ;
#2520 = AXIS2_PLACEMENT_3D ( 'NONE', #226, #4678, #2417 ) ;
#2521 = CARTESIAN_POINT ( 'NONE',  ( 0.1999999999999971245, -6.581793068761736087, 0.000000000000000000 ) ) ;
#2522 = FACE_OUTER_BOUND ( 'NONE', #2500, .T. ) ;
#2523 = ORIENTED_EDGE ( 'NONE', *, *, #284, .F. ) ;
#2524 = AXIS2_PLACEMENT_3D ( 'NONE', #2044, #6438, #4990 ) ;
#2525 = CARTESIAN_POINT ( 'NONE',  ( 103.4479001739019992, 51.65921004631179869, 165.6113888862240060 ) ) ;
#2526 = DIRECTION ( 'NONE',  ( 0.000000000000000000, 0.1260166810503352552, -0.9920281226341609582 ) ) ;
#2527 = EDGE_LOOP ( 'NONE', ( #7800, #1212, #547, #2249 ) ) ;
#2528 = FACE_OUTER_BOUND ( 'NONE', #3532, .T. ) ;
#2529 = ADVANCED_FACE ( 'NONE', ( #2360 ), #1486, .F. ) ;
#2530 = DIRECTION ( 'NONE',  ( -0.000000000000000000, -1.000000000000000000, 0.000000000000000000 ) ) ;
#2531 = ADVANCED_FACE ( 'NONE', ( #7365 ), #7463, .T. ) ;
#2532 = EDGE_LOOP ( 'NONE', ( #5610, #5426, #5503, #4716 ) ) ;
#2533 = DIRECTION ( 'NONE',  ( -3.659954016805839962E-31, 1.000000000000000000, 0.000000000000000000 ) ) ;
#2534 = ORIENTED_EDGE ( 'NONE', *, *, #4229, .T. ) ;
#2535 = CIRCLE ( 'NONE', #9130, 1.199999999999997291 ) ;
#2536 = CARTESIAN_POINT ( 'NONE',  ( 8.800000000000014921, -15.24204710660611717, 0.5999999999999999778 ) ) ;
#2537 = VERTEX_POINT ( 'NONE', #6787 ) ;
#2538 = LINE ( 'NONE', #6249, #4011 ) ;
#2539 = CARTESIAN_POINT ( 'NONE',  ( 104.6479001739019878, 47.86664009504200124, 180.6094314771199834 ) ) ;
#2540 = VERTEX_POINT ( 'NONE', #7315 ) ;
#2541 = DIRECTION ( 'NONE',  ( 0.000000000000000000, 0.000000000000000000, 1.000000000000000000 ) ) ;
#2542 = AXIS2_PLACEMENT_3D ( 'NONE', #5443, #9135, #2554 ) ;
#2543 = LINE ( 'NONE', #1086, #1918 ) ;
#2544 = EDGE_CURVE ( 'NONE', #5901, #1558, #7748, .T. ) ;
#2545 = AXIS2_PLACEMENT_3D ( 'NONE', #9075, #2443, #3886 ) ;
#2546 = ORIENTED_EDGE ( 'NONE', *, *, #4676, .T. ) ;
#2547 = EDGE_LOOP ( 'NONE', ( #2623, #3584, #5149, #1877, #8082, #6272, #1851, #9208 ) ) ;
#2548 = VECTOR ( 'NONE', #2767, 1000.000000000000000 ) ;
#2549 = PRESENTATION_LAYER_ASSIGNMENT (  '', '', ( #7011 ) ) ;
#2550 = CARTESIAN_POINT ( 'NONE',  ( 5.200000000000001066, 3.464101615137753942, 0.5999999999999999778 ) ) ;
#2551 = CARTESIAN_POINT ( 'NONE',  ( 23.60000000000001918, -7.621023553303069242, -0.000000000000000000 ) ) ;
#2552 = ORIENTED_EDGE ( 'NONE', *, *, #1674, .F. ) ;
#2553 = DIRECTION ( 'NONE',  ( 5.007715329123860808E-16, -1.000000000000000000, 0.000000000000000000 ) ) ;
#2554 = DIRECTION ( 'NONE',  ( 0.000000000000000000, -1.000000000000000000, 0.000000000000000000 ) ) ;
#2555 = ADVANCED_FACE ( 'NONE', ( #3663 ), #6603, .T. ) ;
#2556 = ORIENTED_EDGE ( 'NONE', *, *, #6891, .T. ) ;
#2557 = DIRECTION ( 'NONE',  ( -1.000000000000000000, -3.659954016806429821E-31, 0.000000000000000000 ) ) ;
#2558 = AXIS2_PLACEMENT_3D ( 'NONE', #7569, #971, #8516 ) ;
#2559 = DIRECTION ( 'NONE',  ( -1.000000000000000000, -1.504038027996622089E-18, -1.309403304758604554E-15 ) ) ;
#2560 = AXIS2_PLACEMENT_3D ( 'NONE', #2299, #6632, #2250 ) ;
#2561 = CARTESIAN_POINT ( 'NONE',  ( 124.9594733917878244, 84.38558278779909472, 145.4301932445418686 ) ) ;
#2562 = AXIS2_PLACEMENT_3D ( 'NONE', #1176, #3448, #7059 ) ;
#2563 = CARTESIAN_POINT ( 'NONE',  ( 124.3594733917878017, 103.1855827877990777, 152.3583964748174537 ) ) ;
#2564 = DIRECTION ( 'NONE',  ( -0.000000000000000000, -0.000000000000000000, -1.000000000000000000 ) ) ;
#2565 = EDGE_CURVE ( 'NONE', #7086, #5263, #5536, .T. ) ;
#2566 = ORIENTED_EDGE ( 'NONE', *, *, #4964, .T. ) ;
#2567 = LINE ( 'NONE', #1200, #6826 ) ;
#2568 = CARTESIAN_POINT ( 'NONE',  ( 103.4479001739019992, 52.85921004631169495, 166.8113890708320071 ) ) ;
#2569 = VECTOR ( 'NONE', #9274, 1000.000000000000114 ) ;
#2570 = ORIENTED_EDGE ( 'NONE', *, *, #6949, .F. ) ;
#2571 = DIRECTION ( 'NONE',  ( -1.301042606982607530E-14, 1.000000000000000000, 0.000000000000000000 ) ) ;
#2572 = EDGE_CURVE ( 'NONE', #9293, #6641, #8742, .T. ) ;
#2573 = LINE ( 'NONE', #9106, #2113 ) ;
#2574 = VECTOR ( 'NONE', #5897, 1000.000000000000000 ) ;
#2575 = VERTEX_POINT ( 'NONE', #1860 ) ;
#2576 = DIRECTION ( 'NONE',  ( 0.5000000000000004441, -0.8660254037844384856, 0.000000000000000000 ) ) ;
#2577 = ADVANCED_FACE ( 'NONE', ( #7695 ), #4720, .F. ) ;
#2578 = CARTESIAN_POINT ( 'NONE',  ( 124.5594733917880319, 108.2586632368515183, 180.9502493571500281 ) ) ;
#2579 = VERTEX_POINT ( 'NONE', #6119 ) ;
#2580 = DIRECTION ( 'NONE',  ( -6.573840876841780226E-31, 2.960594732333740256E-15, -1.000000000000000000 ) ) ;
#2581 = CARTESIAN_POINT ( 'NONE',  ( 103.8479001739019907, 48.85879653723830529, 142.2994946864579902 ) ) ;
#2582 = EDGE_LOOP ( 'NONE', ( #5775, #4877, #6800, #4943 ) ) ;
#2583 =( BOUNDED_CURVE ( )  B_SPLINE_CURVE ( 3, ( #359, #7923, #7154, #7969 ),
 .UNSPECIFIED., .F., .F. ) 
 B_SPLINE_CURVE_WITH_KNOTS ( ( 4, 4 ),
 ( 2.363560736019211877E-14, 0.3926990816998189859 ),
 .UNSPECIFIED. ) 
 CURVE ( )  GEOMETRIC_REPRESENTATION_ITEM ( )  RATIONAL_B_SPLINE_CURVE ( ( 1.000000000000000000, 0.9871901869354173797, 0.9871901869354173797, 1.000000000000000000 ) ) 
 REPRESENTATION_ITEM ( '' )  );
#2584 = CARTESIAN_POINT ( 'NONE',  ( 18.00000000000000355, -9.930424630061571278, 0.5999999999999999778 ) ) ;
#2585 = ORIENTED_EDGE ( 'NONE', *, *, #6359, .F. ) ;
#2586 = DIRECTION ( 'NONE',  ( 0.000000000000000000, -0.7071067811865550112, 0.7071067811865400232 ) ) ;
#2587 = EDGE_CURVE ( 'NONE', #82, #9520, #1817, .T. ) ;
#2588 = FACE_OUTER_BOUND ( 'NONE', #7848, .T. ) ;
#2589 = ORIENTED_EDGE ( 'NONE', *, *, #5918, .T. ) ;
#2590 = LINE ( 'NONE', #4755, #6622 ) ;
#2591 = FACE_OUTER_BOUND ( 'NONE', #494, .T. ) ;
#2592 = VERTEX_POINT ( 'NONE', #3236 ) ;
#2593 = CARTESIAN_POINT ( 'NONE',  ( 124.0592155665779899, 48.37595720608260308, 181.0501160567390002 ) ) ;
#2594 = VECTOR ( 'NONE', #2162, 1000.000000000000227 ) ;
#2595 = DIRECTION ( 'NONE',  ( 2.003086131649543140E-15, 1.000000000000000000, 0.000000000000000000 ) ) ;
#2596 = VERTEX_POINT ( 'NONE', #2550 ) ;
#2597 = ORIENTED_EDGE ( 'NONE', *, *, #6729, .F. ) ;
#2598 = EDGE_CURVE ( 'NONE', #4327, #4030, #1136, .T. ) ;
#2599 = EDGE_CURVE ( 'NONE', #2744, #2262, #1091, .T. ) ;
#2600 = DIRECTION ( 'NONE',  ( 0.000000000000000000, 0.3826834323651122638, 0.9238795325112774126 ) ) ;
#2601 = CARTESIAN_POINT ( 'NONE',  ( 12.40000000000000391, -1.418955567684714834E-15, 0.000000000000000000 ) ) ;
#2602 = ORIENTED_EDGE ( 'NONE', *, *, #1322, .T. ) ;
#2603 = FACE_OUTER_BOUND ( 'NONE', #156, .T. ) ;
#2604 = DIRECTION ( 'NONE',  ( -1.131489783230271428E-15, -0.5000000000000029976, 0.8660254037844369313 ) ) ;
#2605 = ORIENTED_EDGE ( 'NONE', *, *, #7416, .F. ) ;
#2606 = DIRECTION ( 'NONE',  ( 0.000000000000000000, -1.000000000000000000, 0.000000000000000000 ) ) ;
#2607 = DIRECTION ( 'NONE',  ( -1.000000000000000000, -3.659954016805839962E-31, -9.408131779524168906E-47 ) ) ;
#2608 = ADVANCED_FACE ( 'NONE', ( #9086 ), #2501, .T. ) ;
#2609 = CARTESIAN_POINT ( 'NONE',  ( 124.9594733917878102, 97.18558278779904924, 156.0534381976310101 ) ) ;
#2610 = CIRCLE ( 'NONE', #4761, 3.000000000000002665 ) ;
#2611 = LINE ( 'NONE', #1150, #1361 ) ;
#2612 = DIRECTION ( 'NONE',  ( -1.000000000000000000, 0.000000000000000000, 0.000000000000000000 ) ) ;
#2613 = ORIENTED_EDGE ( 'NONE', *, *, #8278, .F. ) ;
#2614 = FACE_OUTER_BOUND ( 'NONE', #6256, .T. ) ;
#2615 = DIRECTION ( 'NONE',  ( 7.888609052210119806E-31, -2.960594732333740256E-15, 1.000000000000000000 ) ) ;
#2616 = EDGE_LOOP ( 'NONE', ( #4059, #3806, #5727 ) ) ;
#2617 = EDGE_CURVE ( 'NONE', #4841, #2537, #293, .T. ) ;
#2618 = DIRECTION ( 'NONE',  ( 0.8660254037844387076, -0.5000000000000001110, 0.000000000000000000 ) ) ;
#2619 = LINE ( 'NONE', #2128, #4285 ) ;
#2620 = VERTEX_POINT ( 'NONE', #2410 ) ;
#2621 = CARTESIAN_POINT ( 'NONE',  ( -2.800000000000000711, -4.849742261192861115, 0.5999999999999999778 ) ) ;
#2622 = LINE ( 'NONE', #1258, #8984 ) ;
#2623 = ORIENTED_EDGE ( 'NONE', *, *, #2367, .F. ) ;
#2624 = CARTESIAN_POINT ( 'NONE',  ( 121.5594733917879893, 49.15900246190719969, 176.8500716728239865 ) ) ;
#2625 = DIRECTION ( 'NONE',  ( 3.155443620884050024E-30, -1.000000000000000000, -3.908184725064409972E-15 ) ) ;
#2626 = VERTEX_POINT ( 'NONE', #7742 ) ;
#2627 = ORIENTED_EDGE ( 'NONE', *, *, #4583, .T. ) ;
#2628 = PLANE ( 'NONE',  #49 ) ;
#2629 = DIRECTION ( 'NONE',  ( 1.000000000000000000, -1.684925824262390165E-30, 1.332169591021890008E-15 ) ) ;
#2630 = ORIENTED_EDGE ( 'NONE', *, *, #7325, .F. ) ;
#2631 = FACE_OUTER_BOUND ( 'NONE', #7113, .T. ) ;
#2632 = AXIS2_PLACEMENT_3D ( 'NONE', #2156, #8217, #4377 ) ;
#2633 = CYLINDRICAL_SURFACE ( 'NONE', #8210, 1.700000000000000178 ) ;
#2634 = ORIENTED_EDGE ( 'NONE', *, *, #8242, .F. ) ;
#2635 = AXIS2_PLACEMENT_3D ( 'NONE', #3889, #6966, #947 ) ;
#2636 = PLANE ( 'NONE',  #7721 ) ;
#2637 = CARTESIAN_POINT ( 'NONE',  ( 109.9594733917879950, 70.15879653723750664, 134.0501160567389718 ) ) ;
#2638 = ADVANCED_FACE ( 'NONE', ( #2454 ), #8277, .T. ) ;
#2639 = ORIENTED_EDGE ( 'NONE', *, *, #8802, .T. ) ;
#2640 = CIRCLE ( 'NONE', #5565, 3.000000000000002665 ) ;
#2641 = ORIENTED_EDGE ( 'NONE', *, *, #4272, .T. ) ;
#2642 = CARTESIAN_POINT ( 'NONE',  ( 109.9594733917879950, 112.1587965372630009, 130.0501160567388865 ) ) ;
#2643 = DIRECTION ( 'NONE',  ( -8.665997627273779712E-31, 1.000000000000000000, 2.960594732333740256E-15 ) ) ;
#2644 = ORIENTED_EDGE ( 'NONE', *, *, #2235, .F. ) ;
#2645 = CARTESIAN_POINT ( 'NONE',  ( 0.000000000000000000, 0.000000000000000000, 0.5999999999999999778 ) ) ;
#2646 = CARTESIAN_POINT ( 'NONE',  ( 121.5594733917879893, 52.55900246190719827, 176.8500716728239865 ) ) ;
#2647 = AXIS2_PLACEMENT_3D ( 'NONE', #4180, #1902, #9260 ) ;
#2648 = VERTEX_POINT ( 'NONE', #8450 ) ;
#2649 = ADVANCED_FACE ( 'NONE', ( #4628 ), #4096, .F. ) ;
#2650 = CARTESIAN_POINT ( 'NONE',  ( 124.9594733917879950, 111.1259538247819876, 177.5172733442709898 ) ) ;
#2651 = EDGE_CURVE ( 'NONE', #9176, #4266, #8361, .T. ) ;
#2652 = AXIS2_PLACEMENT_3D ( 'NONE', #2924, #5853, #8204 ) ;
#2653 = CARTESIAN_POINT ( 'NONE',  ( 6.800000000000000711, 3.464101615137753942, 0.000000000000000000 ) ) ;
#2654 = CARTESIAN_POINT ( 'NONE',  ( 124.9594733917878102, 108.5855827877990549, 155.4760879284414443 ) ) ;
#2655 = FACE_OUTER_BOUND ( 'NONE', #8055, .T. ) ;
#2656 = VERTEX_POINT ( 'NONE', #3186 ) ;
#2657 = DIRECTION ( 'NONE',  ( 1.000000000000000000, 0.000000000000000000, 0.000000000000000000 ) ) ;
#2658 = DIRECTION ( 'NONE',  ( 0.8660254037844381525, -0.5000000000000008882, 0.000000000000000000 ) ) ;
#2659 = EDGE_CURVE ( 'NONE', #7086, #3116, #5395, .T. ) ;
#2660 = ORIENTED_EDGE ( 'NONE', *, *, #9503, .T. ) ;
#2661 = LINE ( 'NONE', #4065, #7493 ) ;
#2662 = DIRECTION ( 'NONE',  ( 0.8660254037844385966, 0.4999999999999999445, 0.000000000000000000 ) ) ;
#2663 = CARTESIAN_POINT ( 'NONE',  ( 124.9594733917878102, 96.98558278779907482, 148.5478846981658876 ) ) ;
#2664 = VERTEX_POINT ( 'NONE', #317 ) ;
#2665 = CARTESIAN_POINT ( 'NONE',  ( 119.1594733917879978, 104.3679753938900916, 167.0501160567430077 ) ) ;
#2666 = CARTESIAN_POINT ( 'NONE',  ( 5.800000000000006040, 10.04589468389949225, 0.5999999999999999778 ) ) ;
#2667 = ORIENTED_EDGE ( 'NONE', *, *, #23, .F. ) ;
#2668 = PLANE ( 'NONE',  #2187 ) ;
#2669 = CARTESIAN_POINT ( 'NONE',  ( 18.00000000000000711, -3.925981830489457813, 0.5999999999999999778 ) ) ;
#2670 = VERTEX_POINT ( 'NONE', #1676 ) ;
#2671 = ADVANCED_FACE ( 'NONE', ( #7603 ), #8320, .T. ) ;
#2672 = ORIENTED_EDGE ( 'NONE', *, *, #4113, .T. ) ;
#2673 = DIRECTION ( 'NONE',  ( 0.000000000000000000, -1.734723475976797628E-14, -1.000000000000000000 ) ) ;
#2674 = VECTOR ( 'NONE', #7413, 1000.000000000000000 ) ;
#2675 = DIRECTION ( 'NONE',  ( -0.4999999999999998890, 0.8660254037844387076, 0.000000000000000000 ) ) ;
#2676 = ORIENTED_EDGE ( 'NONE', *, *, #5591, .T. ) ;
#2677 = CARTESIAN_POINT ( 'NONE',  ( 124.3594733917878017, 79.18558278779900661, 166.2148029353683967 ) ) ;
#2678 = AXIS2_PLACEMENT_3D ( 'NONE', #326, #4273, #7750 ) ;
#2679 = CARTESIAN_POINT ( 'NONE',  ( 6.200000000000001954, 3.810511776651529292, 0.000000000000000000 ) ) ;
#2680 = ORIENTED_EDGE ( 'NONE', *, *, #38, .T. ) ;
#2681 = CARTESIAN_POINT ( 'NONE',  ( 103.8479001739019907, 52.85921008091939655, 145.2896250086890007 ) ) ;
#2682 = CARTESIAN_POINT ( 'NONE',  ( 0.7999999999999977129, -6.928203230275511437, 0.000000000000000000 ) ) ;
#2683 = ADVANCED_FACE ( 'NONE', ( #1723 ), #956, .T. ) ;
#2684 = VECTOR ( 'NONE', #7876, 1000.000000000000000 ) ;
#2685 = ORIENTED_EDGE ( 'NONE', *, *, #8843, .F. ) ;
#2686 = ORIENTED_EDGE ( 'NONE', *, *, #3080, .T. ) ;
#2687 = ADVANCED_FACE ( 'NONE', ( #607 ), #6304, .F. ) ;
#2688 = VECTOR ( 'NONE', #8665, 1000.000000000000114 ) ;
#2689 = LINE ( 'NONE', #1372, #3245 ) ;
#2690 = AXIS2_PLACEMENT_3D ( 'NONE', #7895, #7852, #1291 ) ;
#2691 = FACE_OUTER_BOUND ( 'NONE', #6912, .T. ) ;
#2692 = ORIENTED_EDGE ( 'NONE', *, *, #1565, .T. ) ;
#2693 = PLANE ( 'NONE',  #6480 ) ;
#2694 = LINE ( 'NONE', #4329, #9289 ) ;
#2695 = EDGE_CURVE ( 'NONE', #6577, #2352, #2103, .T. ) ;
#2696 = ORIENTED_EDGE ( 'NONE', *, *, #817, .T. ) ;
#2697 = DIRECTION ( 'NONE',  ( -4.973484979958430340E-18, 1.000000000000000000, 5.671848057300646182E-15 ) ) ;
#2698 = VECTOR ( 'NONE', #5966, 1000.000000000000227 ) ;
#2699 = AXIS2_PLACEMENT_3D ( 'NONE', #6593, #18, #2980 ) ;
#2700 = CARTESIAN_POINT ( 'NONE',  ( 104.6479001739019878, 72.25337348214459610, 130.0501160567390002 ) ) ;
#2701 = ADVANCED_FACE ( 'NONE', ( #7072 ), #5000, .F. ) ;
#2702 = EDGE_CURVE ( 'NONE', #452, #3352, #7931, .T. ) ;
#2703 = DIRECTION ( 'NONE',  ( 1.000000000000000000, 4.956920284214429664E-32, 2.490969333342240280E-30 ) ) ;
#2704 = DIRECTION ( 'NONE',  ( 1.000000000000000000, -2.050921225943000085E-30, 1.332169591021890008E-15 ) ) ;
#2705 = VECTOR ( 'NONE', #4993, 1000.000000000000114 ) ;
#2706 = AXIS2_PLACEMENT_3D ( 'NONE', #9071, #8347, #400 ) ;
#2707 = ORIENTED_EDGE ( 'NONE', *, *, #5625, .F. ) ;
#2708 = PLANE ( 'NONE',  #6973 ) ;
#2709 = CARTESIAN_POINT ( 'NONE',  ( 124.3594733917878159, 90.78558278779910040, 144.9683130291901989 ) ) ;
#2710 = EDGE_LOOP ( 'NONE', ( #501, #717, #3010, #2523, #2721, #7092, #2506, #3060 ) ) ;
#2711 = AXIS2_PLACEMENT_3D ( 'NONE', #4848, #5613, #3315 ) ;
#2712 = CIRCLE ( 'NONE', #2558, 1.199999999999999734 ) ;
#2713 = CARTESIAN_POINT ( 'NONE',  ( 124.3594733917878017, 103.1855827877990777, 152.3583964748174537 ) ) ;
#2714 = EDGE_CURVE ( 'NONE', #2352, #6644, #458, .T. ) ;
#2715 = EDGE_CURVE ( 'NONE', #2670, #2664, #9222, .T. ) ;
#2716 = CARTESIAN_POINT ( 'NONE',  ( 103.4479001739019992, 51.65921008091940081, 146.4896251811479999 ) ) ;
#2717 = DIRECTION ( 'NONE',  ( -1.000000000000000000, 0.000000000000000000, 0.000000000000000000 ) ) ;
#2718 = EDGE_LOOP ( 'NONE', ( #8790, #1816, #5869, #5475, #2428 ) ) ;
#2719 = CARTESIAN_POINT ( 'NONE',  ( -6.199999999999999289, -10.73871500692703940, 0.5999999999999999778 ) ) ;
#2720 = LINE ( 'NONE', #3487, #2228 ) ;
#2721 = ORIENTED_EDGE ( 'NONE', *, *, #1479, .F. ) ;
#2722 = CARTESIAN_POINT ( 'NONE',  ( 124.9594733917878102, 103.1855827877990777, 151.6655761517898782 ) ) ;
#2723 = DIRECTION ( 'NONE',  ( -6.590088167172843701E-16, 0.8660254037844368202, 0.5000000000000032196 ) ) ;
#2724 = ORIENTED_EDGE ( 'NONE', *, *, #9463, .T. ) ;
#2725 = VECTOR ( 'NONE', #4536, 1000.000000000000000 ) ;
#2726 = ORIENTED_EDGE ( 'NONE', *, *, #2303, .T. ) ;
#2727 = CARTESIAN_POINT ( 'NONE',  ( 118.0699540685230176, 54.95626731504270168, 180.4501160567390059 ) ) ;
#2728 = VECTOR ( 'NONE', #8865, 1000.000000000000000 ) ;
#2729 = EDGE_CURVE ( 'NONE', #5800, #2579, #4864, .T. ) ;
#2730 = DIRECTION ( 'NONE',  ( -1.332169591021890008E-15, 0.000000000000000000, 1.000000000000000000 ) ) ;
#2731 = VERTEX_POINT ( 'NONE', #9319 ) ;
#2732 = CARTESIAN_POINT ( 'NONE',  ( 29.20000000000002416, -17.32050807568879236, 0.5999999999999999778 ) ) ;
#2733 = CARTESIAN_POINT ( 'NONE',  ( 124.9594733917877818, 79.18558278779896398, 172.4501858426163494 ) ) ;
#2734 = EDGE_LOOP ( 'NONE', ( #713, #2909, #60, #5054 ) ) ;
#2735 = DIRECTION ( 'NONE',  ( 1.000000000000000000, 1.504038027996621897E-18, 1.309403304758604554E-15 ) ) ;
#2736 = LINE ( 'NONE', #2779, #696 ) ;
#2737 = VECTOR ( 'NONE', #36, 1000.000000000000000 ) ;
#2738 = ORIENTED_EDGE ( 'NONE', *, *, #7733, .F. ) ;
#2739 = ORIENTED_EDGE ( 'NONE', *, *, #8050, .F. ) ;
#2740 = EDGE_CURVE ( 'NONE', #3184, #6561, #7794, .T. ) ;
#2741 = CIRCLE ( 'NONE', #7808, 0.1999999999999953759 ) ;
#2742 = DIRECTION ( 'NONE',  ( 6.590088167172842715E-16, -0.8660254037844369313, -0.5000000000000029976 ) ) ;
#2743 = LINE ( 'NONE', #5629, #5766 ) ;
#2744 = VERTEX_POINT ( 'NONE', #5765 ) ;
#2745 = LINE ( 'NONE', #3514, #4027 ) ;
#2746 = CARTESIAN_POINT ( 'NONE',  ( 121.5594733917879893, 49.15900246190739864, 137.7001160632310075 ) ) ;
#2747 = LINE ( 'NONE', #8458, #5950 ) ;
#2748 = AXIS2_PLACEMENT_3D ( 'NONE', #8855, #7374, #182 ) ;
#2749 = EDGE_CURVE ( 'NONE', #424, #5929, #7221, .T. ) ;
#2750 = LINE ( 'NONE', #6360, #1961 ) ;
#2751 = LINE ( 'NONE', #5724, #7831 ) ;
#2752 = DIRECTION ( 'NONE',  ( -1.000000000000000000, 1.850371707708592551E-14, 0.000000000000000000 ) ) ;
#2753 = AXIS2_PLACEMENT_3D ( 'NONE', #2716, #7950, #4929 ) ;
#2754 = EDGE_LOOP ( 'NONE', ( #510, #4023, #2589, #4763, #5673, #9306, #3597, #1997 ) ) ;
#2755 = CARTESIAN_POINT ( 'NONE',  ( 124.9594733917878102, 84.38558278779908051, 148.6633547520037553 ) ) ;
#2756 = CARTESIAN_POINT ( 'NONE',  ( 124.9594733917878102, 108.3855827877990805, 148.6633547520038405 ) ) ;
#2757 = ADVANCED_FACE ( 'NONE', ( #7974 ), #3374, .F. ) ;
#2758 = AXIS2_PLACEMENT_3D ( 'NONE', #5776, #1290, #3519 ) ;
#2759 = LINE ( 'NONE', #5687, #8109 ) ;
#2760 = FACE_OUTER_BOUND ( 'NONE', #6309, .T. ) ;
#2761 = CARTESIAN_POINT ( 'NONE',  ( 124.3594733917878159, 97.18558278779909188, 141.9660916294041613 ) ) ;
#2762 = ORIENTED_EDGE ( 'NONE', *, *, #3235, .F. ) ;
#2763 = LINE ( 'NONE', #7138, #8782 ) ;
#2764 = LINE ( 'NONE', #2666, #4230 ) ;
#2765 = ORIENTED_EDGE ( 'NONE', *, *, #4186, .F. ) ;
#2766 = DIRECTION ( 'NONE',  ( 0.000000000000000000, 0.9999999999999881206, 1.538396724824263788E-07 ) ) ;
#2767 = DIRECTION ( 'NONE',  ( -0.000000000000000000, -0.000000000000000000, -1.000000000000000000 ) ) ;
#2768 = ORIENTED_EDGE ( 'NONE', *, *, #6559, .F. ) ;
#2769 = EDGE_CURVE ( 'NONE', #1990, #6656, #2689, .T. ) ;
#2770 = ADVANCED_FACE ( 'NONE', ( #4279 ), #4325, .T. ) ;
#2771 = ORIENTED_EDGE ( 'NONE', *, *, #5094, .T. ) ;
#2772 = CARTESIAN_POINT ( 'NONE',  ( 124.3594733917878159, 96.38558278779909472, 142.6589119524316800 ) ) ;
#2773 = LINE ( 'NONE', #8723, #256 ) ;
#2774 = ORIENTED_EDGE ( 'NONE', *, *, #2915, .T. ) ;
#2775 = CARTESIAN_POINT ( 'NONE',  ( 123.6663223477645630, 47.90022127479398506, 180.9915374129757879 ) ) ;
#2776 = DIRECTION ( 'NONE',  ( 0.000000000000000000, 1.000000000000000000, -5.985874958533950397E-15 ) ) ;
#2777 = VERTEX_POINT ( 'NONE', #1328 ) ;
#2778 = LINE ( 'NONE', #5038, #6339 ) ;
#2779 = CARTESIAN_POINT ( 'NONE',  ( 121.7594733917879921, 53.33084388076910187, 137.7001160632310075 ) ) ;
#2780 = LINE ( 'NONE', #6441, #5146 ) ;
#2781 = ADVANCED_FACE ( 'NONE', ( #418 ), #2054, .T. ) ;
#2782 = ORIENTED_EDGE ( 'NONE', *, *, #143, .T. ) ;
#2783 = EDGE_LOOP ( 'NONE', ( #7306, #5734, #2880, #4322 ) ) ;
#2784 =( REPRESENTATION_RELATIONSHIP ('NONE','NONE', #2206, #4132 ) REPRESENTATION_RELATIONSHIP_WITH_TRANSFORMATION ( #3687 )SHAPE_REPRESENTATION_RELATIONSHIP( ) );
#2785 = LINE ( 'NONE', #2006, #8446 ) ;
#2786 = CARTESIAN_POINT ( 'NONE',  ( 18.40000000000000213, -10.62324495308912198, 0.000000000000000000 ) ) ;
#2787 = EDGE_LOOP ( 'NONE', ( #9042, #1605, #5471, #1680 ) ) ;
#2788 = DIRECTION ( 'NONE',  ( 0.000000000000000000, -1.000000000000000000, 0.000000000000000000 ) ) ;
#2789 = CARTESIAN_POINT ( 'NONE',  ( 121.9594733917879950, 53.33084388076910187, 134.3001160632319966 ) ) ;
#2790 = ADVANCED_FACE ( 'NONE', ( #8593 ), #4774, .F. ) ;
#2791 = VECTOR ( 'NONE', #6354, 1000.000000000000000 ) ;
#2792 = VECTOR ( 'NONE', #3259, 1000.000000000000000 ) ;
#2793 = VERTEX_POINT ( 'NONE', #1962 ) ;
#2794 = DIRECTION ( 'NONE',  ( -1.136463268210226792E-15, 0.4999999999999968914, 0.8660254037844404840 ) ) ;
#2795 = DIRECTION ( 'NONE',  ( 1.000000000000000000, 3.659954016805839962E-31, -5.417820291369500509E-45 ) ) ;
#2796 = VECTOR ( 'NONE', #8680, 1000.000000000000000 ) ;
#2797 = CARTESIAN_POINT ( 'NONE',  ( -3.200000000000001066, -5.542562584220412703, 0.5999999999999999778 ) ) ;
#2798 = ORIENTED_EDGE ( 'NONE', *, *, #2051, .F. ) ;
#2799 = CARTESIAN_POINT ( 'NONE',  ( -0.1999999999999999278, 0.3464101615137755164, 0.5999999999999999778 ) ) ;
#2800 = CARTESIAN_POINT ( 'NONE',  ( 124.9594733917878244, 85.58558278779909756, 141.9660916294041044 ) ) ;
#2801 = EDGE_CURVE ( 'NONE', #6581, #5030, #4909, .T. ) ;
#2802 = VECTOR ( 'NONE', #5718, 1000.000000000000000 ) ;
#2803 = LINE ( 'NONE', #7902, #2419 ) ;
#2804 = DIRECTION ( 'NONE',  ( -1.000000000000000000, 2.818307069383450447E-16, -1.570000712152659950E-15 ) ) ;
#2805 = DIRECTION ( 'NONE',  ( -1.684925824262390165E-30, -1.000000000000000000, 0.000000000000000000 ) ) ;
#2806 = ORIENTED_EDGE ( 'NONE', *, *, #2979, .T. ) ;
#2807 = EDGE_CURVE ( 'NONE', #8482, #6903, #2785, .T. ) ;
#2808 = CARTESIAN_POINT ( 'NONE',  ( 18.20000000000000284, -31.52332469775358348, 0.5999999999999999778 ) ) ;
#2809 = VECTOR ( 'NONE', #3443, 1000.000000000000000 ) ;
#2810 = DIRECTION ( 'NONE',  ( -0.8660254037844384856, 0.5000000000000002220, 0.000000000000000000 ) ) ;
#2811 = ORIENTED_EDGE ( 'NONE', *, *, #8166, .F. ) ;
#2812 = CARTESIAN_POINT ( 'NONE',  ( 0.1999999999999802491, 0.3464101615137420431, 0.000000000000000000 ) ) ;
#2813 = LINE ( 'NONE', #8667, #5479 ) ;
#2814 = ORIENTED_EDGE ( 'NONE', *, *, #6716, .F. ) ;
#2815 = ORIENTED_EDGE ( 'NONE', *, *, #9052, .F. ) ;
#2816 = VECTOR ( 'NONE', #8244, 1000.000000000000000 ) ;
#2817 = CARTESIAN_POINT ( 'NONE',  ( 118.0699540685230176, 54.95626731504270168, 176.0501160567390002 ) ) ;
#2818 = DIRECTION ( 'NONE',  ( 1.000000000000000000, 0.000000000000000000, 0.000000000000000000 ) ) ;
#2819 = ORIENTED_EDGE ( 'NONE', *, *, #1042, .F. ) ;
#2820 = ADVANCED_FACE ( 'NONE', ( #563 ), #2350, .F. ) ;
#2821 = FACE_BOUND ( 'NONE', #8576, .T. ) ;
#2822 = EDGE_CURVE ( 'NONE', #4814, #3460, #1523, .T. ) ;
#2823 = DIRECTION ( 'NONE',  ( -0.9999999999999998890, -1.656281789766252072E-15, -2.582431124725677695E-16 ) ) ;
#2824 = CARTESIAN_POINT ( 'NONE',  ( 12.40000000000000391, -7.621023553303063025, 0.000000000000000000 ) ) ;
#2825 = ORIENTED_EDGE ( 'NONE', *, *, #6473, .F. ) ;
#2826 = DIRECTION ( 'NONE',  ( 1.000000000000000000, -1.684925824262390165E-30, 1.332169591021890008E-15 ) ) ;
#2827 = CARTESIAN_POINT ( 'NONE',  ( 124.9594733917877960, 73.18558278779899240, 163.4435216432581512 ) ) ;
#2828 = CARTESIAN_POINT ( 'NONE',  ( 17.60000000000001563, -16.62768775266123455, 0.5999999999999999778 ) ) ;
#2829 = ORIENTED_EDGE ( 'NONE', *, *, #376, .T. ) ;
#2830 = EDGE_LOOP ( 'NONE', ( #8440, #9435, #9408, #9148 ) ) ;
#2831 = VECTOR ( 'NONE', #7219, 1000.000000000000000 ) ;
#2832 = DIRECTION ( 'NONE',  ( 0.000000000000000000, 0.000000000000000000, -1.000000000000000000 ) ) ;
#2833 = EDGE_CURVE ( 'NONE', #4143, #4142, #8915, .T. ) ;
#2834 = DIRECTION ( 'NONE',  ( -1.000000000000000000, 0.000000000000000000, 0.000000000000000000 ) ) ;
#2835 = ORIENTED_EDGE ( 'NONE', *, *, #7882, .F. ) ;
#2836 = PLANE ( 'NONE',  #6635 ) ;
#2837 = AXIS2_PLACEMENT_3D ( 'NONE', #4316, #1181, #7242 ) ;
#2838 = DIRECTION ( 'NONE',  ( 1.000000000000000000, 1.504038027996622089E-18, 1.309403304758604554E-15 ) ) ;
#2839 = ORIENTED_EDGE ( 'NONE', *, *, #7983, .T. ) ;
#2840 = VECTOR ( 'NONE', #3834, 1000.000000000000000 ) ;
#2841 = AXIS2_PLACEMENT_3D ( 'NONE', #9031, #5385, #1198 ) ;
#2842 = LINE ( 'NONE', #2700, #896 ) ;
#2843 = ORIENTED_EDGE ( 'NONE', *, *, #4174, .F. ) ;
#2844 = CARTESIAN_POINT ( 'NONE',  ( 124.9594733917879950, 47.45879653723749669, 144.8376160567389945 ) ) ;
#2845 = ADVANCED_FACE ( 'NONE', ( #2153 ), #4374, .T. ) ;
#2846 = DIRECTION ( 'NONE',  ( -6.590088167172845674E-16, 0.8660254037844367092, 0.5000000000000033307 ) ) ;
#2847 = ORIENTED_EDGE ( 'NONE', *, *, #3133, .T. ) ;
#2848 = CARTESIAN_POINT ( 'NONE',  ( -6.400000000000002132, -3.695041722813610097, 0.5999999999999999778 ) ) ;
#2849 = VECTOR ( 'NONE', #7308, 999.9999999999998863 ) ;
#2850 = FACE_OUTER_BOUND ( 'NONE', #7341, .T. ) ;
#2851 = CARTESIAN_POINT ( 'NONE',  ( 121.5594733917879893, 50.85900246190720253, 175.1500716728239979 ) ) ;
#2852 = AXIS2_PLACEMENT_3D ( 'NONE', #3307, #6866, #5517 ) ;
#2853 = CIRCLE ( 'NONE', #4551, 3.000000000000002665 ) ;
#2854 = DIRECTION ( 'NONE',  ( 0.7071067811865474617, 0.000000000000000000, 0.7071067811865474617 ) ) ;
#2855 = EDGE_CURVE ( 'NONE', #9118, #6552, #6636, .T. ) ;
#2856 = CARTESIAN_POINT ( 'NONE',  ( 124.9594733917879665, 90.38558278779905208, 153.0512167978449440 ) ) ;
#2857 = ORIENTED_EDGE ( 'NONE', *, *, #8897, .T. ) ;
#2858 = DIRECTION ( 'NONE',  ( 2.003086131649544323E-15, -1.000000000000000000, 0.000000000000000000 ) ) ;
#2859 = DIRECTION ( 'NONE',  ( -0.8660254037844385966, 0.5000000000000002220, 0.000000000000000000 ) ) ;
#2860 = ORIENTED_EDGE ( 'NONE', *, *, #6185, .F. ) ;
#2861 = CARTESIAN_POINT ( 'NONE',  ( 124.3594733917878017, 78.38558278779899524, 166.4457430430442457 ) ) ;
#2862 = LINE ( 'NONE', #833, #2085 ) ;
#2863 = ORIENTED_EDGE ( 'NONE', *, *, #5490, .F. ) ;
#2864 = VECTOR ( 'NONE', #1019, 1000.000000000000000 ) ;
#2865 = PRODUCT_DEFINITION_SHAPE ( 'NONE', 'NONE',  #2387 ) ;
#2866 = EDGE_LOOP ( 'NONE', ( #32, #3165, #5994, #6224 ) ) ;
#2867 = CARTESIAN_POINT ( 'NONE',  ( 124.3594733917878017, 102.5855827877990691, 152.0119863133036517 ) ) ;
#2868 = EDGE_CURVE ( 'NONE', #5901, #509, #1229, .T. ) ;
#2869 = CARTESIAN_POINT ( 'NONE',  ( 105.8479001739020049, 51.50798946096159625, 170.0411270244289597 ) ) ;
#2870 = ORIENTED_EDGE ( 'NONE', *, *, #7481, .T. ) ;
#2871 = DIRECTION ( 'NONE',  ( -0.7071067811865590080, -0.7071067811865289210, 1.016225884013139770E-07 ) ) ;
#2872 = APPLICATION_PROTOCOL_DEFINITION ( 'draft international standard', 'automotive_design', 1998, #619 ) ;
#2873 = PLANE ( 'NONE',  #3302 ) ;
#2874 = ORIENTED_EDGE ( 'NONE', *, *, #4414, .T. ) ;
#2875 = CARTESIAN_POINT ( 'NONE',  ( 124.3594733917878159, 90.78558278779910040, 144.9683130291901989 ) ) ;
#2876 = DIRECTION ( 'NONE',  ( -0.7071067811865517916, 0.7071067811865348052, 1.087810926371809607E-07 ) ) ;
#2877 = ORIENTED_EDGE ( 'NONE', *, *, #2801, .F. ) ;
#2878 = AXIS2_PLACEMENT_3D ( 'NONE', #764, #2409, #6786 ) ;
#2879 = EDGE_CURVE ( 'NONE', #9073, #930, #3699, .T. ) ;
#2880 = ORIENTED_EDGE ( 'NONE', *, *, #4139, .T. ) ;
#2881 = CIRCLE ( 'NONE', #5495, 2.350000000000004974 ) ;
#2882 = ORIENTED_EDGE ( 'NONE', *, *, #8549, .F. ) ;
#2883 = DIRECTION ( 'NONE',  ( -1.000000000000000000, -4.582848632959780151E-59, -3.095897309353990068E-45 ) ) ;
#2884 = LINE ( 'NONE', #1912, #1147 ) ;
#2885 = ORIENTED_EDGE ( 'NONE', *, *, #2945, .T. ) ;
#2886 = STYLED_ITEM ( 'NONE', ( #3363 ), #1299 ) ;
#2887 = CARTESIAN_POINT ( 'NONE',  ( 124.9594733917878244, 97.18558278779909188, 142.6589119524317084 ) ) ;
#2888 = CARTESIAN_POINT ( 'NONE',  ( 5.600000000000001421, 2.771281292110203243, 0.5999999999999999778 ) ) ;
#2889 = ADVANCED_FACE ( 'NONE', ( #6678 ), #4520, .F. ) ;
#2890 = ORIENTED_EDGE ( 'NONE', *, *, #6283, .F. ) ;
#2891 = ADVANCED_FACE ( 'NONE', ( #3799 ), #2254, .T. ) ;
#2892 = EDGE_LOOP ( 'NONE', ( #7723, #3104, #1048, #216 ) ) ;
#2893 = DIRECTION ( 'NONE',  ( 0.000000000000000000, 1.000000000000000000, 2.413561285175750205E-15 ) ) ;
#2894 = ORIENTED_EDGE ( 'NONE', *, *, #6163, .T. ) ;
#2895 = CARTESIAN_POINT ( 'NONE',  ( 124.3594733917878017, 90.98558278779906061, 152.0119863133036233 ) ) ;
#2896 = CARTESIAN_POINT ( 'NONE',  ( 5.600000000000001421, -3.233161507461903561, 0.000000000000000000 ) ) ;
#2897 = ORIENTED_EDGE ( 'NONE', *, *, #4894, .T. ) ;
#2898 = VECTOR ( 'NONE', #4346, 1000.000000000000000 ) ;
#2899 = CARTESIAN_POINT ( 'NONE',  ( 118.9594733917879807, 99.36797539389068845, 129.0501160567390002 ) ) ;
#2900 = VECTOR ( 'NONE', #6937, 1000.000000000000000 ) ;
#2901 = CARTESIAN_POINT ( 'NONE',  ( 121.7594733917879921, 48.38716104304580057, 137.7001160632310075 ) ) ;
#2902 = EDGE_CURVE ( 'NONE', #5195, #3116, #3075, .T. ) ;
#2903 = CARTESIAN_POINT ( 'NONE',  ( 124.9594733917878244, 90.78558278779910040, 138.0401097989146706 ) ) ;
#2904 = CARTESIAN_POINT ( 'NONE',  ( 12.20000000000000462, -7.274613391789286787, 0.000000000000000000 ) ) ;
#2905 = CARTESIAN_POINT ( 'NONE',  ( 6.400000000000002132, 3.464101615137753942, 0.000000000000000000 ) ) ;
#2906 = ORIENTED_EDGE ( 'NONE', *, *, #3171, .T. ) ;
#2907 = DIRECTION ( 'NONE',  ( 0.000000000000000000, 0.7071067811865475727, -0.7071067811865475727 ) ) ;
#2908 = CARTESIAN_POINT ( 'NONE',  ( 124.9594733917878102, 79.18558278779903503, 153.0512167978449156 ) ) ;
#2909 = ORIENTED_EDGE ( 'NONE', *, *, #5240, .F. ) ;
#2910 = LINE ( 'NONE', #5223, #6818 ) ;
#2911 = FACE_BOUND ( 'NONE', #981, .T. ) ;
#2912 = ORIENTED_EDGE ( 'NONE', *, *, #5957, .T. ) ;
#2913 = AXIS2_PLACEMENT_3D ( 'NONE', #8329, #6269, #3384 ) ;
#2914 = APPLICATION_CONTEXT ( 'automotive_design' ) ;
#2915 = EDGE_CURVE ( 'NONE', #223, #7061, #3652, .T. ) ;
#2916 = EDGE_LOOP ( 'NONE', ( #5706, #2119, #6487, #6064 ) ) ;
#2917 = DIRECTION ( 'NONE',  ( 1.360023205165754048E-15, -3.875207033572580503E-15, 1.000000000000000000 ) ) ;
#2918 = LINE ( 'NONE', #7963, #3351 ) ;
#2919 = ORIENTED_EDGE ( 'NONE', *, *, #7089, .F. ) ;
#2920 = CARTESIAN_POINT ( 'NONE',  ( 104.6479001739019878, 47.75879991855730111, 181.0501160567390002 ) ) ;
#2921 = APPLICATION_PROTOCOL_DEFINITION ( 'draft international standard', 'automotive_design', 1998, #6533 ) ;
#2922 = DIRECTION ( 'NONE',  ( 0.000000000000000000, -1.000000000000000000, -4.304434159326619126E-62 ) ) ;
#2923 = ORIENTED_EDGE ( 'NONE', *, *, #8026, .T. ) ;
#2924 = CARTESIAN_POINT ( 'NONE',  ( 17.80000000000000782, -30.83050437472603633, 0.5999999999999999778 ) ) ;
#2925 = EDGE_CURVE ( 'NONE', #7905, #6489, #6008, .T. ) ;
#2926 = DIRECTION ( 'NONE',  ( 0.000000000000000000, 0.000000000000000000, -1.000000000000000000 ) ) ;
#2927 = VERTEX_POINT ( 'NONE', #5912 ) ;
#2928 = DIRECTION ( 'NONE',  ( -1.000000000000000000, 5.292037523355160084E-16, -1.332169591021888036E-15 ) ) ;
#2929 = ADVANCED_FACE ( 'NONE', ( #8123 ), #2933, .F. ) ;
#2930 = ADVANCED_FACE ( 'NONE', ( #9455 ), #8600, .F. ) ;
#2931 = ORIENTED_EDGE ( 'NONE', *, *, #37, .F. ) ;
#2932 = ORIENTED_EDGE ( 'NONE', *, *, #4921, .T. ) ;
#2933 = PLANE ( 'NONE',  #772 ) ;
#2934 = CARTESIAN_POINT ( 'NONE',  ( 23.60000000000003340, -4.727283270692928610E-14, 0.5999999999999999778 ) ) ;
#2935 = ORIENTED_EDGE ( 'NONE', *, *, #7779, .T. ) ;
#2936 = DIRECTION ( 'NONE',  ( 0.8660254037844381525, -0.5000000000000008882, 0.000000000000000000 ) ) ;
#2937 = EDGE_CURVE ( 'NONE', #8967, #5496, #5813, .T. ) ;
#2938 = CARTESIAN_POINT ( 'NONE',  ( 5.999999999999998224, -9.930424630061564173, 0.000000000000000000 ) ) ;
#2939 = ORIENTED_EDGE ( 'NONE', *, *, #7648, .F. ) ;
#2940 = ORIENTED_EDGE ( 'NONE', *, *, #4698, .F. ) ;
#2941 = CARTESIAN_POINT ( 'NONE',  ( 109.6787005329670137, 112.1587965372630009, 155.5501160567399950 ) ) ;
#2942 = ORIENTED_EDGE ( 'NONE', *, *, #7185, .T. ) ;
#2943 = DIRECTION ( 'NONE',  ( -0.7071067811865141550, -0.08910739959863142601, 0.7014697936025591218 ) ) ;
#2944 = FACE_OUTER_BOUND ( 'NONE', #294, .T. ) ;
#2945 = EDGE_CURVE ( 'NONE', #2288, #9110, #8020, .T. ) ;
#2946 = EDGE_CURVE ( 'NONE', #835, #3559, #7546, .T. ) ;
#2947 = AXIS2_PLACEMENT_3D ( 'NONE', #4282, #8693, #9409 ) ;
#2948 = EDGE_LOOP ( 'NONE', ( #8958, #8295, #171, #5382 ) ) ;
#2949 = LINE ( 'NONE', #7415, #5295 ) ;
#2950 = CARTESIAN_POINT ( 'NONE',  ( 18.40000000000001634, -16.62768775266123811, 0.000000000000000000 ) ) ;
#2951 = PLANE ( 'NONE',  #7183 ) ;
#2952 = CARTESIAN_POINT ( 'NONE',  ( 124.9594733917878102, 102.3855827877990663, 152.3583964748174537 ) ) ;
#2953 = PLANE ( 'NONE',  #8882 ) ;
#2954 = EDGE_LOOP ( 'NONE', ( #3885, #2342, #1714, #6951 ) ) ;
#2955 = UNCERTAINTY_MEASURE_WITH_UNIT (LENGTH_MEASURE( 1.000000000000000082E-05 ), #7830, 'distance_accuracy_value', 'NONE');
#2956 = EDGE_CURVE ( 'NONE', #2253, #9405, #7354, .T. ) ;
#2957 = FACE_OUTER_BOUND ( 'NONE', #4182, .T. ) ;
#2958 = EDGE_LOOP ( 'NONE', ( #7236, #8197, #8436, #6162 ) ) ;
#2959 = DIRECTION ( 'NONE',  ( 1.000000000000000000, -1.684925824262390165E-30, 1.332169591021890008E-15 ) ) ;
#2960 = FACE_BOUND ( 'NONE', #3177, .T. ) ;
#2961 = EDGE_LOOP ( 'NONE', ( #7637, #1063, #4034, #8027 ) ) ;
#2962 = AXIS2_PLACEMENT_3D ( 'NONE', #5137, #8060, #1463 ) ;
#2963 = VECTOR ( 'NONE', #1937, 1000.000000000000000 ) ;
#2964 = ORIENTED_EDGE ( 'NONE', *, *, #7825, .T. ) ;
#2965 = DIRECTION ( 'NONE',  ( -1.332169591021890008E-15, -3.908184725064409972E-15, 1.000000000000000000 ) ) ;
#2966 = CARTESIAN_POINT ( 'NONE',  ( 124.9594733917878102, 96.38558278779908051, 148.6633547520038121 ) ) ;
#2967 = ORIENTED_EDGE ( 'NONE', *, *, #6807, .T. ) ;
#2968 = LINE ( 'NONE', #8821, #1713 ) ;
#2969 = EDGE_CURVE ( 'NONE', #1386, #1409, #2538, .T. ) ;
#2970 = CARTESIAN_POINT ( 'NONE',  ( 6.000000000000000888, -9.930424630061565949, 0.000000000000000000 ) ) ;
#2971 = ORIENTED_EDGE ( 'NONE', *, *, #3968, .F. ) ;
#2972 = CARTESIAN_POINT ( 'NONE',  ( 5.600000000000001421, 3.464101615137753942, 0.000000000000000000 ) ) ;
#2973 = FACE_BOUND ( 'NONE', #9505, .T. ) ;
#2974 = ORIENTED_EDGE ( 'NONE', *, *, #4613, .F. ) ;
#2975 = CARTESIAN_POINT ( 'NONE',  ( 30.40000000000002700, -17.08956796801294331, 0.5999999999999999778 ) ) ;
#2976 = ORIENTED_EDGE ( 'NONE', *, *, #8097, .F. ) ;
#2977 = EDGE_LOOP ( 'NONE', ( #5807, #5852, #183, #5739 ) ) ;
#2978 = CARTESIAN_POINT ( 'NONE',  ( 124.3594733917878159, 108.5855827877990976, 141.6196814678904161 ) ) ;
#2979 = EDGE_CURVE ( 'NONE', #5963, #1362, #208, .T. ) ;
#2980 = DIRECTION ( 'NONE',  ( 2.003086131649548268E-15, -1.000000000000000000, 0.000000000000000000 ) ) ;
#2981 = EDGE_CURVE ( 'NONE', #827, #2331, #9076, .T. ) ;
#2982 = ORIENTED_EDGE ( 'NONE', *, *, #798, .T. ) ;
#2983 = CARTESIAN_POINT ( 'NONE',  ( 124.9594733917877960, 93.58558278779902651, 161.3650606741755666 ) ) ;
#2984 = CARTESIAN_POINT ( 'NONE',  ( 124.3594733917878017, 78.58558278779901229, 166.5612130968821418 ) ) ;
#2985 = ORIENTED_EDGE ( 'NONE', *, *, #5861, .F. ) ;
#2986 = ORIENTED_EDGE ( 'NONE', *, *, #8612, .F. ) ;
#2987 = EDGE_CURVE ( 'NONE', #7749, #1773, #6776, .T. ) ;
#2988 = CARTESIAN_POINT ( 'NONE',  ( 124.0592155665769951, 102.6954405435970017, 181.0501160567390002 ) ) ;
#2989 = ORIENTED_EDGE ( 'NONE', *, *, #5967, .T. ) ;
#2990 = VECTOR ( 'NONE', #7921, 1000.000000000000114 ) ;
#2991 = CARTESIAN_POINT ( 'NONE',  ( 124.3594733917878159, 90.58558278779908335, 145.7766034060556706 ) ) ;
#2992 = EDGE_CURVE ( 'NONE', #4336, #2262, #6057, .T. ) ;
#2993 = DIRECTION ( 'NONE',  ( 1.000000000000000000, 1.504038027996622089E-18, 1.309403304758604554E-15 ) ) ;
#2994 = ORIENTED_EDGE ( 'NONE', *, *, #1606, .F. ) ;
#2995 = CARTESIAN_POINT ( 'NONE',  ( 124.9594733917877960, 78.38558278779902366, 159.0556595974170193 ) ) ;
#2996 = FACE_OUTER_BOUND ( 'NONE', #2192, .T. ) ;
#2997 = VECTOR ( 'NONE', #8503, 1000.000000000000000 ) ;
#2998 = EDGE_CURVE ( 'NONE', #8474, #386, #6919, .T. ) ;
#2999 = CARTESIAN_POINT ( 'NONE',  ( -5.800000000000003375, -10.04589468389948870, -0.000000000000000000 ) ) ;
#3000 = FACE_OUTER_BOUND ( 'NONE', #2377, .T. ) ;
#3001 = CARTESIAN_POINT ( 'NONE',  ( -4.336808689942017736E-16, 6.466323014923809787, 0.5999999999999999778 ) ) ;
#3002 = ORIENTED_EDGE ( 'NONE', *, *, #4834, .F. ) ;
#3003 = VECTOR ( 'NONE', #6253, 1000.000000000000000 ) ;
#3004 = AXIS2_PLACEMENT_3D ( 'NONE', #8309, #2396, #2662 ) ;
#3005 = DIRECTION ( 'NONE',  ( 1.136463268210227186E-15, -0.4999999999999967248, -0.8660254037844405950 ) ) ;
#3006 = EDGE_LOOP ( 'NONE', ( #6696, #1379, #1991, #8477 ) ) ;
#3007 = LINE ( 'NONE', #6514, #8954 ) ;
#3008 = CARTESIAN_POINT ( 'NONE',  ( 116.6197788491890037, 47.05879653723739864, 148.8276866041310029 ) ) ;
#3009 = ORIENTED_EDGE ( 'NONE', *, *, #7051, .F. ) ;
#3010 = ORIENTED_EDGE ( 'NONE', *, *, #4685, .F. ) ;
#3011 = CIRCLE ( 'NONE', #5461, 1.200000000000012834 ) ;
#3012 = EDGE_CURVE ( 'NONE', #4480, #9441, #2590, .T. ) ;
#3013 = DIRECTION ( 'NONE',  ( -1.000000000000000000, 0.000000000000000000, 0.000000000000000000 ) ) ;
#3014 = FACE_BOUND ( 'NONE', #7667, .T. ) ;
#3015 = VERTEX_POINT ( 'NONE', #1715 ) ;
#3016 = CARTESIAN_POINT ( 'NONE',  ( 103.4479001739019992, 50.05879653723820155, 165.2113888862240003 ) ) ;
#3017 = DIRECTION ( 'NONE',  ( 0.000000000000000000, 4.304434159326619126E-62, -1.000000000000000000 ) ) ;
#3018 = ORIENTED_EDGE ( 'NONE', *, *, #4380, .F. ) ;
#3019 = LINE ( 'NONE', #6724, #2346 ) ;
#3020 = AXIS2_PLACEMENT_3D ( 'NONE', #5621, #8545, #4228 ) ;
#3021 = DIRECTION ( 'NONE',  ( 1.000000000000000000, -2.050921225943000085E-30, 1.332169591021890008E-15 ) ) ;
#3022 = VECTOR ( 'NONE', #7491, 1000.000000000000000 ) ;
#3023 = ORIENTED_EDGE ( 'NONE', *, *, #9062, .F. ) ;
#3024 = LINE ( 'NONE', #8828, #8533 ) ;
#3025 = ORIENTED_EDGE ( 'NONE', *, *, #6472, .T. ) ;
#3026 = ADVANCED_FACE ( 'NONE', ( #7592 ), #3175, .T. ) ;
#3027 = FACE_OUTER_BOUND ( 'NONE', #7024, .T. ) ;
#3028 = VECTOR ( 'NONE', #499, 1000.000000000000000 ) ;
#3029 = DIRECTION ( 'NONE',  ( -1.000000000000000000, -3.601833200743590001E-31, -4.575385065186509764E-32 ) ) ;
#3030 = CARTESIAN_POINT ( 'NONE',  ( 17.80000000000000426, -10.04589468389949580, 0.000000000000000000 ) ) ;
#3031 = ORIENTED_EDGE ( 'NONE', *, *, #7762, .F. ) ;
#3032 = DIRECTION ( 'NONE',  ( -1.332169591021890008E-15, 0.000000000000000000, 1.000000000000000000 ) ) ;
#3033 = PLANE ( 'NONE',  #8834 ) ;
#3034 = VECTOR ( 'NONE', #9195, 999.9999999999998863 ) ;
#3035 = EDGE_LOOP ( 'NONE', ( #3242, #9056, #968, #7840 ) ) ;
#3036 = ADVANCED_FACE ( 'NONE', ( #6875 ), #2491, .T. ) ;
#3037 = ORIENTED_EDGE ( 'NONE', *, *, #1899, .F. ) ;
#3038 = CARTESIAN_POINT ( 'NONE',  ( 17.80000000000000426, -10.04589468389949580, 0.000000000000000000 ) ) ;
#3039 = ORIENTED_EDGE ( 'NONE', *, *, #9261, .T. ) ;
#3040 = CARTESIAN_POINT ( 'NONE',  ( 103.8479001739019907, 51.50798946096159625, 170.0411270244289597 ) ) ;
#3041 = LINE ( 'NONE', #3950, #6367 ) ;
#3042 = VERTEX_POINT ( 'NONE', #1080 ) ;
#3043 = FACE_OUTER_BOUND ( 'NONE', #4225, .T. ) ;
#3044 = EDGE_CURVE ( 'NONE', #4673, #5800, #306, .T. ) ;
#3045 = CARTESIAN_POINT ( 'NONE',  ( 104.6479001739019878, 47.65879653723660425, 180.4015879193139824 ) ) ;
#3046 = AXIS2_PLACEMENT_3D ( 'NONE', #2240, #6762, #5993 ) ;
#3047 = VECTOR ( 'NONE', #5934, 1000.000000000000000 ) ;
#3048 = EDGE_CURVE ( 'NONE', #1272, #1673, #1666, .T. ) ;
#3049 = LINE ( 'NONE', #2999, #6424 ) ;
#3050 = LINE ( 'NONE', #8804, #6293 ) ;
#3051 = FACE_OUTER_BOUND ( 'NONE', #2958, .T. ) ;
#3052 = AXIS2_PLACEMENT_3D ( 'NONE', #3471, #9413, #9328 ) ;
#3053 = CARTESIAN_POINT ( 'NONE',  ( 124.9594733917878102, 108.9855827877990464, 156.1689082514689915 ) ) ;
#3054 = ORIENTED_EDGE ( 'NONE', *, *, #3981, .F. ) ;
#3055 = DIRECTION ( 'NONE',  ( 1.001543065824772556E-15, 1.000000000000000000, 0.000000000000000000 ) ) ;
#3056 = ADVANCED_FACE ( 'NONE', ( #8351 ), #7543, .T. ) ;
#3057 = CARTESIAN_POINT ( 'NONE',  ( 124.9594733917879950, 49.15900246190749812, 136.0001160632310189 ) ) ;
#3058 = ORIENTED_EDGE ( 'NONE', *, *, #1945, .T. ) ;
#3059 = VECTOR ( 'NONE', #390, 999.9999999999998863 ) ;
#3060 = ORIENTED_EDGE ( 'NONE', *, *, #5818, .F. ) ;
#3061 = DIRECTION ( 'NONE',  ( -1.000000000000000000, 0.000000000000000000, 0.000000000000000000 ) ) ;
#3062 = FACE_BOUND ( 'NONE', #7121, .T. ) ;
#3063 = EDGE_LOOP ( 'NONE', ( #6397, #7016, #2605, #29 ) ) ;
#3064 = CARTESIAN_POINT ( 'NONE',  ( 29.60000000000002629, 0.000000000000000000, -0.000000000000000000 ) ) ;
#3065 = PLANE ( 'NONE',  #7445 ) ;
#3066 = ORIENTED_EDGE ( 'NONE', *, *, #4380, .T. ) ;
#3067 = LINE ( 'NONE', #5999, #5875 ) ;
#3068 = ADVANCED_FACE ( 'NONE', ( #1759 ), #4035, .F. ) ;
#3069 = FACE_BOUND ( 'NONE', #2003, .T. ) ;
#3070 = ORIENTED_EDGE ( 'NONE', *, *, #6995, .T. ) ;
#3071 = CARTESIAN_POINT ( 'NONE',  ( 23.20000000000002416, -6.928203230275517654, 0.5999999999999999778 ) ) ;
#3072 = VERTEX_POINT ( 'NONE', #2400 ) ;
#3073 = ORIENTED_EDGE ( 'NONE', *, *, #7572, .T. ) ;
#3074 = DIRECTION ( 'NONE',  ( -1.000000000000000000, -3.659954016805840400E-31, -0.000000000000000000 ) ) ;
#3075 = LINE ( 'NONE', #8883, #3860 ) ;
#3076 = CARTESIAN_POINT ( 'NONE',  ( 124.3594733917878159, 102.7855827877990862, 144.9683130291902273 ) ) ;
#3077 = VERTEX_POINT ( 'NONE', #9121 ) ;
#3078 = PLANE ( 'NONE',  #5406 ) ;
#3079 = LINE ( 'NONE', #5204, #534 ) ;
#3080 = EDGE_CURVE ( 'NONE', #5681, #2575, #355, .T. ) ;
#3081 = VECTOR ( 'NONE', #8560, 999.9999999999998863 ) ;
#3082 = ORIENTED_EDGE ( 'NONE', *, *, #3968, .T. ) ;
#3083 = VERTEX_POINT ( 'NONE', #3318 ) ;
#3084 = DIRECTION ( 'NONE',  ( -1.000000000000000000, -1.504038027996622089E-18, -1.309403304758604554E-15 ) ) ;
#3085 = AXIS2_PLACEMENT_3D ( 'NONE', #1188, #1279, #8550 ) ;
#3086 = PLANE ( 'NONE',  #5539 ) ;
#3087 = CARTESIAN_POINT ( 'NONE',  ( 121.7594733917879921, 52.55900246190740432, 137.7001160632310075 ) ) ;
#3088 = CARTESIAN_POINT ( 'NONE',  ( 124.0592155665779899, 48.09311449360799884, 181.0501160567390002 ) ) ;
#3089 = EDGE_CURVE ( 'NONE', #6353, #8132, #6825, .T. ) ;
#3090 = ORIENTED_EDGE ( 'NONE', *, *, #4284, .T. ) ;
#3091 = DIRECTION ( 'NONE',  ( 1.000000000000000000, 3.659954016805839962E-31, 1.707953806932789842E-46 ) ) ;
#3092 = DIRECTION ( 'NONE',  ( -1.000000000000000000, -1.504038027996622089E-18, -1.309403304758604554E-15 ) ) ;
#3093 = AXIS2_PLACEMENT_3D ( 'NONE', #1420, #854, #116 ) ;
#3094 = CARTESIAN_POINT ( 'NONE',  ( 119.1594733917879978, 74.36797539389047529, 167.0501160567390002 ) ) ;
#3095 = CARTESIAN_POINT ( 'NONE',  ( 5.800000000000002487, 3.117691453623978148, 0.000000000000000000 ) ) ;
#3096 = FACE_OUTER_BOUND ( 'NONE', #3380, .T. ) ;
#3097 = AXIS2_PLACEMENT_3D ( 'NONE', #7019, #3366, #6295 ) ;
#3098 = EDGE_CURVE ( 'NONE', #147, #4577, #6107, .T. ) ;
#3099 = VERTEX_POINT ( 'NONE', #8441 ) ;
#3100 = DIRECTION ( 'NONE',  ( 3.155443620884050024E-30, -1.000000000000000000, -3.908184725064409972E-15 ) ) ;
#3101 = CARTESIAN_POINT ( 'NONE',  ( 124.9594733917877960, 79.18558278779900661, 166.2148029353683967 ) ) ;
#3102 = ORIENTED_EDGE ( 'NONE', *, *, #8468, .F. ) ;
#3103 = AXIS2_PLACEMENT_3D ( 'NONE', #5374, #7484, #4697 ) ;
#3104 = ORIENTED_EDGE ( 'NONE', *, *, #6575, .T. ) ;
#3105 = LINE ( 'NONE', #6091, #5336 ) ;
#3106 = EDGE_CURVE ( 'NONE', #5263, #5768, #7498, .T. ) ;
#3107 = DIRECTION ( 'NONE',  ( -6.590088167172847646E-16, 0.8660254037844365982, 0.5000000000000034417 ) ) ;
#3108 = ORIENTED_EDGE ( 'NONE', *, *, #6768, .T. ) ;
#3109 = CARTESIAN_POINT ( 'NONE',  ( 124.9594733917878386, 96.98558278779911745, 135.3842985606424065 ) ) ;
#3110 = LINE ( 'NONE', #2435, #4077 ) ;
#3111 = ORIENTED_EDGE ( 'NONE', *, *, #855, .T. ) ;
#3112 = CARTESIAN_POINT ( 'NONE',  ( 124.5975336255319945, 112.1207363035189957, 177.0343509917350104 ) ) ;
#3113 = DIRECTION ( 'NONE',  ( 1.000000000000000000, 0.000000000000000000, -0.000000000000000000 ) ) ;
#3114 = ORIENTED_EDGE ( 'NONE', *, *, #8343, .T. ) ;
#3115 = DIRECTION ( 'NONE',  ( -1.332169591021890008E-15, -3.643637931777490340E-15, 1.000000000000000000 ) ) ;
#3116 = VERTEX_POINT ( 'NONE', #6436 ) ;
#3117 = AXIS2_PLACEMENT_3D ( 'NONE', #3879, #5469, #6957 ) ;
#3118 = CIRCLE ( 'NONE', #1081, 1.699999999999993072 ) ;
#3119 = ORIENTED_EDGE ( 'NONE', *, *, #544, .F. ) ;
#3120 = EDGE_CURVE ( 'NONE', #6301, #2620, #6388, .T. ) ;
#3121 = EDGE_CURVE ( 'NONE', #650, #2744, #3706, .T. ) ;
#3122 = CARTESIAN_POINT ( 'NONE',  ( 104.6479001739019878, 45.15455610564449529, 178.7458756251459988 ) ) ;
#3123 = ORIENTED_EDGE ( 'NONE', *, *, #3446, .F. ) ;
#3124 = DIRECTION ( 'NONE',  ( -6.938893903907229918E-18, -2.413561285175750205E-15, 1.000000000000000000 ) ) ;
#3125 = LINE ( 'NONE', #4429, #5314 ) ;
#3126 = VERTEX_POINT ( 'NONE', #2775 ) ;
#3127 = DIRECTION ( 'NONE',  ( -1.000000000000000000, 0.000000000000000000, 0.000000000000000000 ) ) ;
#3128 = CARTESIAN_POINT ( 'NONE',  ( 124.3594733917878017, 102.9855827877990748, 152.7048066363311989 ) ) ;
#3129 = PRESENTATION_LAYER_ASSIGNMENT (  '', '', ( #9403 ) ) ;
#3130 = ORIENTED_EDGE ( 'NONE', *, *, #5592, .F. ) ;
#3131 = ORIENTED_EDGE ( 'NONE', *, *, #1390, .F. ) ;
#3132 = EDGE_CURVE ( 'NONE', #3997, #1238, #9353, .T. ) ;
#3133 = EDGE_CURVE ( 'NONE', #4372, #9193, #1849, .T. ) ;
#3134 = CONICAL_SURFACE ( 'NONE', #497, 1.399999999999956835, 0.7853981633974702614 ) ;
#3135 = CARTESIAN_POINT ( 'NONE',  ( 30.40000000000002700, -17.08956796801294331, 0.000000000000000000 ) ) ;
#3136 = DIRECTION ( 'NONE',  ( 1.000000000000000000, 1.504038027996621897E-18, 1.309403304758604554E-15 ) ) ;
#3137 = DIRECTION ( 'NONE',  ( -1.332169591021890008E-15, 0.000000000000000000, 1.000000000000000000 ) ) ;
#3138 = CARTESIAN_POINT ( 'NONE',  ( 17.60000000000000142, -10.39230484541327293, 0.5999999999999999778 ) ) ;
#3139 = ORIENTED_EDGE ( 'NONE', *, *, #5989, .T. ) ;
#3140 = CARTESIAN_POINT ( 'NONE',  ( 124.9594733917877818, 84.38558278779898103, 169.4479644428303118 ) ) ;
#3141 = LINE ( 'NONE', #1731, #6873 ) ;
#3142 = VECTOR ( 'NONE', #6976, 999.9999999999998863 ) ;
#3143 = EDGE_CURVE ( 'NONE', #4577, #9461, #4988, .T. ) ;
#3144 = CARTESIAN_POINT ( 'NONE',  ( 100.1775594839490111, 47.70732467466130089, 180.4501160567390059 ) ) ;
#3145 = PLANE ( 'NONE',  #8577 ) ;
#3146 = VECTOR ( 'NONE', #5015, 1000.000000000000000 ) ;
#3147 = DIRECTION ( 'NONE',  ( -1.000000000000000000, 1.110141325851499900E-16, -1.110141325851499900E-16 ) ) ;
#3148 = ORIENTED_EDGE ( 'NONE', *, *, #649, .T. ) ;
#3149 = DIRECTION ( 'NONE',  ( 0.8660254037844383745, 0.5000000000000003331, 0.000000000000000000 ) ) ;
#3150 = VECTOR ( 'NONE', #6058, 1000.000000000000114 ) ;
#3151 = DIRECTION ( 'NONE',  ( 1.000000000000000000, -1.925929944387253096E-32, 6.938893903907229918E-18 ) ) ;
#3152 = ORIENTED_EDGE ( 'NONE', *, *, #5696, .F. ) ;
#3153 = ORIENTED_EDGE ( 'NONE', *, *, #1792, .F. ) ;
#3154 = EDGE_CURVE ( 'NONE', #1277, #9199, #553, .T. ) ;
#3155 = CARTESIAN_POINT ( 'NONE',  ( 11.60000000000000497, -6.235382907247959849, 0.5999999999999999778 ) ) ;
#3156 = VECTOR ( 'NONE', #3628, 1000.000000000000000 ) ;
#3157 = DIRECTION ( 'NONE',  ( 0.000000000000000000, -1.000000000000000000, 0.000000000000000000 ) ) ;
#3158 = CIRCLE ( 'NONE', #6844, 3.000000000000002665 ) ;
#3159 = ORIENTED_EDGE ( 'NONE', *, *, #4718, .T. ) ;
#3160 = DIRECTION ( 'NONE',  ( -0.8660254037844382635, -0.5000000000000006661, 0.000000000000000000 ) ) ;
#3161 = DIRECTION ( 'NONE',  ( 0.000000000000000000, 1.000000000000000000, 0.000000000000000000 ) ) ;
#3162 = ORIENTED_EDGE ( 'NONE', *, *, #7197, .T. ) ;
#3163 = DIRECTION ( 'NONE',  ( 1.136463268210226792E-15, -0.4999999999999968914, -0.8660254037844404840 ) ) ;
#3164 = FACE_OUTER_BOUND ( 'NONE', #363, .T. ) ;
#3165 = ORIENTED_EDGE ( 'NONE', *, *, #5453, .T. ) ;
#3166 = CARTESIAN_POINT ( 'NONE',  ( 124.5975336255319945, 112.1207363035189957, 177.0343509917350104 ) ) ;
#3167 = EDGE_CURVE ( 'NONE', #5963, #6589, #9395, .T. ) ;
#3168 = VECTOR ( 'NONE', #7935, 1000.000000000000114 ) ;
#3169 = VECTOR ( 'NONE', #4584, 999.9999999999998863 ) ;
#3170 = ORIENTED_EDGE ( 'NONE', *, *, #1373, .T. ) ;
#3171 = EDGE_CURVE ( 'NONE', #6150, #7964, #7151, .T. ) ;
#3172 = CARTESIAN_POINT ( 'NONE',  ( 105.8479001739020049, 50.05879653723830813, 145.2896251811480113 ) ) ;
#3173 = CARTESIAN_POINT ( 'NONE',  ( 134.9213598216350078, 58.95525874866369520, 181.0501160567390002 ) ) ;
#3174 = VECTOR ( 'NONE', #4746, 1000.000000000000227 ) ;
#3175 = PLANE ( 'NONE',  #4779 ) ;
#3176 = CARTESIAN_POINT ( 'NONE',  ( 124.3594733917878159, 103.1855827877991061, 145.4301932445419254 ) ) ;
#3177 = EDGE_LOOP ( 'NONE', ( #7841, #4686, #4176, #9196 ) ) ;
#3178 = CARTESIAN_POINT ( 'NONE',  ( 23.20000000000002771, -6.928203230275521207, 0.000000000000000000 ) ) ;
#3179 = FACE_OUTER_BOUND ( 'NONE', #609, .T. ) ;
#3180 = ADVANCED_FACE ( 'NONE', ( #2631 ), #8541, .T. ) ;
#3181 = AXIS2_PLACEMENT_3D ( 'NONE', #1407, #2917, #3538 ) ;
#3182 = ORIENTED_EDGE ( 'NONE', *, *, #8630, .T. ) ;
#3183 = AXIS2_PLACEMENT_3D ( 'NONE', #5317, #4643, #4597 ) ;
#3184 = VERTEX_POINT ( 'NONE', #9026 ) ;
#3185 = ORIENTED_EDGE ( 'NONE', *, *, #7089, .T. ) ;
#3186 = CARTESIAN_POINT ( 'NONE',  ( 124.3594733917878301, 102.7855827877991146, 138.9638702296181236 ) ) ;
#3187 = CARTESIAN_POINT ( 'NONE',  ( 117.4594733917879950, 104.3679753938900063, 181.0501160567390002 ) ) ;
#3188 = ORIENTED_EDGE ( 'NONE', *, *, #3850, .F. ) ;
#3189 = LINE ( 'NONE', #7556, #8460 ) ;
#3190 = VECTOR ( 'NONE', #9050, 1000.000000000000000 ) ;
#3191 = VERTEX_POINT ( 'NONE', #4084 ) ;
#3192 = DIRECTION ( 'NONE',  ( 6.503944880413190987E-16, 0.8660254037844409281, -0.4999999999999958922 ) ) ;
#3193 = ADVANCED_FACE ( 'NONE', ( #7919 ), #4852, .F. ) ;
#3194 = LINE ( 'NONE', #2461, #1636 ) ;
#3195 = EDGE_CURVE ( 'NONE', #9361, #8893, #8488, .T. ) ;
#3196 = LINE ( 'NONE', #330, #6587 ) ;
#3197 = CARTESIAN_POINT ( 'NONE',  ( 0.1999999999999802491, 0.3464101615137420431, 0.5999999999999999778 ) ) ;
#3198 = DIRECTION ( 'NONE',  ( 0.000000000000000000, 0.1260168930201986948, -0.9920280957077455275 ) ) ;
#3199 = ORIENTED_EDGE ( 'NONE', *, *, #9074, .T. ) ;
#3200 = FACE_OUTER_BOUND ( 'NONE', #1304, .T. ) ;
#3201 = AXIS2_PLACEMENT_3D ( 'NONE', #2420, #823, #8902 ) ;
#3202 = LINE ( 'NONE', #6228, #9004 ) ;
#3203 = ORIENTED_EDGE ( 'NONE', *, *, #3499, .F. ) ;
#3204 = ADVANCED_FACE ( 'NONE', ( #2821, #407 ), #4135, .T. ) ;
#3205 = EDGE_LOOP ( 'NONE', ( #6634, #259, #2447, #4128, #3955, #5662, #6616, #5014, #8562, #4940, #3657, #3576, #7204, #3497, #7968, #2034, #8115, #5075 ) ) ;
#3206 = DIRECTION ( 'NONE',  ( 0.000000000000000000, 0.000000000000000000, 1.000000000000000000 ) ) ;
#3207 = VECTOR ( 'NONE', #1743, 1000.000000000000000 ) ;
#3208 = DIRECTION ( 'NONE',  ( 1.000000000000000000, 3.659954016805839962E-31, -2.394797180242540013E-46 ) ) ;
#3209 = EDGE_LOOP ( 'NONE', ( #4192, #7540, #8031, #4949, #4314, #3658, #8759, #2660, #6005, #6707, #2639, #5975, #2942, #5408, #1950, #1901, #2349, #6972 ) ) ;
#3210 = PLANE ( 'NONE',  #6028 ) ;
#3211 = CARTESIAN_POINT ( 'NONE',  ( 23.80000000000000782, -20.43819952931276873, 0.5999999999999999778 ) ) ;
#3212 = VERTEX_POINT ( 'NONE', #4901 ) ;
#3213 = FILL_AREA_STYLE_COLOUR ( '', #4960 ) ;
#3214 = DIRECTION ( 'NONE',  ( 0.7071067811865500152, -0.7071067811865450192, 2.760197283455870510E-16 ) ) ;
#3215 = ORIENTED_EDGE ( 'NONE', *, *, #6834, .F. ) ;
#3216 = EDGE_CURVE ( 'NONE', #303, #3099, #7063, .T. ) ;
#3217 = AXIS2_PLACEMENT_3D ( 'NONE', #584, #4253, #6560 ) ;
#3218 = LINE ( 'NONE', #6151, #8382 ) ;
#3219 = ORIENTED_EDGE ( 'NONE', *, *, #3827, .T. ) ;
#3220 = CARTESIAN_POINT ( 'NONE',  ( 104.2479001739019964, 47.80021789347470218, 130.7915374129759982 ) ) ;
#3221 = CARTESIAN_POINT ( 'NONE',  ( 121.5594733917879893, 49.15900246190749812, 134.3001160632310018 ) ) ;
#3222 = AXIS2_PLACEMENT_3D ( 'NONE', #4446, #5936, #7420 ) ;
#3223 = ADVANCED_FACE ( 'NONE', ( #502 ), #8003, .T. ) ;
#3224 = ORIENTED_EDGE ( 'NONE', *, *, #7207, .F. ) ;
#3225 = DIRECTION ( 'NONE',  ( -1.000000000000000000, 5.923677312709590618E-16, 1.743152798421050141E-30 ) ) ;
#3226 = CARTESIAN_POINT ( 'NONE',  ( 0.3999999999999975242, -6.235382907247958073, 0.000000000000000000 ) ) ;
#3227 = EDGE_LOOP ( 'NONE', ( #1454, #2870, #1402, #3119 ) ) ;
#3228 = CARTESIAN_POINT ( 'NONE',  ( 124.9594733917878102, 78.38558278779903787, 152.1274563671415194 ) ) ;
#3229 = CARTESIAN_POINT ( 'NONE',  ( 124.3594733917878159, 96.38558278779908051, 148.6633547520038121 ) ) ;
#3230 = EDGE_CURVE ( 'NONE', #5339, #9287, #1951, .T. ) ;
#3231 = EDGE_CURVE ( 'NONE', #5263, #2793, #7107, .T. ) ;
#3232 = AXIS2_PLACEMENT_3D ( 'NONE', #9466, #573, #7942 ) ;
#3233 = VERTEX_POINT ( 'NONE', #4222 ) ;
#3234 = ORIENTED_EDGE ( 'NONE', *, *, #6240, .T. ) ;
#3235 = EDGE_CURVE ( 'NONE', #2264, #6870, #3498, .T. ) ;
#3236 = CARTESIAN_POINT ( 'NONE',  ( 103.4479001739019992, 50.26042322691880315, 140.7122496902430271 ) ) ;
#3237 = LINE ( 'NONE', #7027, #8524 ) ;
#3238 = ORIENTED_EDGE ( 'NONE', *, *, #7810, .T. ) ;
#3239 = AXIS2_PLACEMENT_3D ( 'NONE', #221, #5489, #9131 ) ;
#3240 = LINE ( 'NONE', #4099, #7873 ) ;
#3241 = FACE_OUTER_BOUND ( 'NONE', #8732, .T. ) ;
#3242 = ORIENTED_EDGE ( 'NONE', *, *, #8814, .T. ) ;
#3243 = CARTESIAN_POINT ( 'NONE',  ( 29.60000000000002629, -24.01777119828843965, 0.5999999999999999778 ) ) ;
#3244 = LINE ( 'NONE', #9093, #4875 ) ;
#3245 = VECTOR ( 'NONE', #8690, 1000.000000000000000 ) ;
#3246 = CARTESIAN_POINT ( 'NONE',  ( 121.9594733917879950, 49.15900246190739864, 137.7001160632310075 ) ) ;
#3247 = EDGE_CURVE ( 'NONE', #1602, #3868, #2143, .T. ) ;
#3248 = EDGE_CURVE ( 'NONE', #1165, #4469, #2640, .T. ) ;
#3249 = CARTESIAN_POINT ( 'NONE',  ( 124.9594733917879950, 50.85900246190729490, 175.1500716728239979 ) ) ;
#3250 = LINE ( 'NONE', #5502, #4538 ) ;
#3251 = VERTEX_POINT ( 'NONE', #5231 ) ;
#3252 = DIRECTION ( 'NONE',  ( 1.000000000000000000, 1.504038027996621897E-18, 1.309403304758604554E-15 ) ) ;
#3253 = DIRECTION ( 'NONE',  ( 1.000000000000000000, -1.841523682625270206E-14, 6.938893903862779455E-18 ) ) ;
#3254 = ORIENTED_EDGE ( 'NONE', *, *, #9439, .T. ) ;
#3255 = LINE ( 'NONE', #5413, #6567 ) ;
#3256 = EDGE_CURVE ( 'NONE', #5877, #354, #3686, .T. ) ;
#3257 = DIRECTION ( 'NONE',  ( 5.259941079810887034E-38, -1.437160427605975047E-07, -0.9999999999999896749 ) ) ;
#3258 = VERTEX_POINT ( 'NONE', #8009 ) ;
#3259 = DIRECTION ( 'NONE',  ( 6.503944880413204792E-16, 0.8660254037844403729, -0.4999999999999969469 ) ) ;
#3260 = CARTESIAN_POINT ( 'NONE',  ( 124.3594733917878017, 84.58558278779905493, 156.1689082514689062 ) ) ;
#3261 = ORIENTED_EDGE ( 'NONE', *, *, #9169, .T. ) ;
#3262 = FACE_OUTER_BOUND ( 'NONE', #4498, .T. ) ;
#3263 = CARTESIAN_POINT ( 'NONE',  ( 117.4594733917879523, 107.5679753938899950, 180.8501160567390116 ) ) ;
#3264 = ORIENTED_EDGE ( 'NONE', *, *, #8105, .F. ) ;
#3265 = LINE ( 'NONE', #9114, #1615 ) ;
#3266 = EDGE_LOOP ( 'NONE', ( #3738, #9394, #8099, #2985 ) ) ;
#3267 = LINE ( 'NONE', #2536, #3028 ) ;
#3268 = EDGE_CURVE ( 'NONE', #5810, #509, #5832, .T. ) ;
#3269 = ORIENTED_EDGE ( 'NONE', *, *, #384, .T. ) ;
#3270 = CARTESIAN_POINT ( 'NONE',  ( 124.9594733917878244, 73.18558278779906345, 145.4301932445418117 ) ) ;
#3271 = CARTESIAN_POINT ( 'NONE',  ( 109.9594733917879950, 111.6587965372630009, 130.0501160567390002 ) ) ;
#3272 = ORIENTED_EDGE ( 'NONE', *, *, #9489, .T. ) ;
#3273 = CARTESIAN_POINT ( 'NONE',  ( 124.3594733917878017, 103.1855827877990350, 159.5175398127688027 ) ) ;
#3274 = DIRECTION ( 'NONE',  ( 0.000000000000000000, -1.000000000000000000, 0.000000000000000000 ) ) ;
#3275 = AXIS2_PLACEMENT_3D ( 'NONE', #7329, #8280, #2907 ) ;
#3276 = PRODUCT_RELATED_PRODUCT_CATEGORY ( 'part', '', ( #623 ) ) ;
#3277 = ORIENTED_EDGE ( 'NONE', *, *, #4356, .F. ) ;
#3278 = VERTEX_POINT ( 'NONE', #4360 ) ;
#3279 = EDGE_CURVE ( 'NONE', #673, #3948, #8056, .T. ) ;
#3280 = DIRECTION ( 'NONE',  ( 0.000000000000000000, 0.7071067811865336949, -0.7071067811865614505 ) ) ;
#3281 = VECTOR ( 'NONE', #6286, 1000.000000000000000 ) ;
#3282 = DIRECTION ( 'NONE',  ( 1.160089566501492060E-30, 2.786442101020000296E-15, -1.000000000000000000 ) ) ;
#3283 = ORIENTED_EDGE ( 'NONE', *, *, #6834, .T. ) ;
#3284 = CARTESIAN_POINT ( 'NONE',  ( 123.7249009915269937, 47.75879991855730111, 181.0501160567390002 ) ) ;
#3285 = PLANE ( 'NONE',  #4537 ) ;
#3286 = ORIENTED_EDGE ( 'NONE', *, *, #5763, .F. ) ;
#3287 = DIRECTION ( 'NONE',  ( 0.000000000000000000, 1.000000000000000000, 0.000000000000000000 ) ) ;
#3288 = CARTESIAN_POINT ( 'NONE',  ( 24.40000000000000924, -13.62546635287518626, 0.5999999999999999778 ) ) ;
#3289 = ADVANCED_FACE ( 'NONE', ( #1510 ), #840, .F. ) ;
#3290 = CARTESIAN_POINT ( 'NONE',  ( 104.2479001739019964, 47.65879653723660425, 180.4015879193139824 ) ) ;
#3291 = PLANE ( 'NONE',  #5990 ) ;
#3292 = CARTESIAN_POINT ( 'NONE',  ( 124.9594733917878102, 84.38558278779905208, 156.0534381976309817 ) ) ;
#3293 = ORIENTED_EDGE ( 'NONE', *, *, #7936, .F. ) ;
#3294 = LINE ( 'NONE', #8291, #4969 ) ;
#3295 = DIRECTION ( 'NONE',  ( -6.503944880413199862E-16, -0.8660254037844405950, 0.4999999999999965583 ) ) ;
#3296 = ADVANCED_FACE ( 'NONE', ( #7435 ), #2190, .T. ) ;
#3297 = ORIENTED_EDGE ( 'NONE', *, *, #4261, .T. ) ;
#3298 = VECTOR ( 'NONE', #6697, 999.9999999999998863 ) ;
#3299 = FACE_OUTER_BOUND ( 'NONE', #7312, .T. ) ;
#3300 = FACE_OUTER_BOUND ( 'NONE', #2754, .T. ) ;
#3301 = EDGE_LOOP ( 'NONE', ( #5821, #9514, #3025, #987, #8106, #4734, #5386, #1235 ) ) ;
#3302 = AXIS2_PLACEMENT_3D ( 'NONE', #1557, #5135, #7437 ) ;
#3303 = LINE ( 'NONE', #5513, #2018 ) ;
#3304 = CARTESIAN_POINT ( 'NONE',  ( 124.5723247599938048, 108.2038910573339479, 180.9868469574560095 ) ) ;
#3305 = ORIENTED_EDGE ( 'NONE', *, *, #6821, .F. ) ;
#3306 = LINE ( 'NONE', #1702, #1250 ) ;
#3307 = CARTESIAN_POINT ( 'NONE',  ( 117.4594733917879950, 74.36797539389039002, 167.0501160567390002 ) ) ;
#3308 = VERTEX_POINT ( 'NONE', #4315 ) ;
#3309 = DIRECTION ( 'NONE',  ( -0.7071067811865709984, 0.7071067811865240360, 6.159325983288523444E-15 ) ) ;
#3310 = ADVANCED_FACE ( 'NONE', ( #2091 ), #6720, .T. ) ;
#3311 = EDGE_CURVE ( 'NONE', #4854, #6150, #9442, .T. ) ;
#3312 = ORIENTED_EDGE ( 'NONE', *, *, #1978, .T. ) ;
#3313 = AXIS2_PLACEMENT_3D ( 'NONE', #5652, #2033, #4840 ) ;
#3314 = VECTOR ( 'NONE', #7767, 1000.000000000000000 ) ;
#3315 = DIRECTION ( 'NONE',  ( -1.332169591021890008E-15, 0.000000000000000000, 1.000000000000000000 ) ) ;
#3316 = DIRECTION ( 'NONE',  ( -0.8660254037844387076, -0.4999999999999998890, 0.000000000000000000 ) ) ;
#3317 = ORIENTED_EDGE ( 'NONE', *, *, #5283, .T. ) ;
#3318 = CARTESIAN_POINT ( 'NONE',  ( 124.9594733917878244, 96.38558278779909472, 142.6589119524316800 ) ) ;
#3319 = CARTESIAN_POINT ( 'NONE',  ( 6.400000000000001243, -16.62768775266123100, -0.000000000000000000 ) ) ;
#3320 = ORIENTED_EDGE ( 'NONE', *, *, #3958, .T. ) ;
#3321 = LINE ( 'NONE', #4758, #2487 ) ;
#3322 = DIRECTION ( 'NONE',  ( -3.155443620884050024E-30, 1.000000000000000000, 3.908184725064409972E-15 ) ) ;
#3323 = VECTOR ( 'NONE', #3855, 1000.000000000000114 ) ;
#3324 = EDGE_CURVE ( 'NONE', #6644, #3779, #5035, .T. ) ;
#3325 = ORIENTED_EDGE ( 'NONE', *, *, #1209, .F. ) ;
#3326 = ORIENTED_EDGE ( 'NONE', *, *, #1853, .F. ) ;
#3327 = AXIS2_PLACEMENT_3D ( 'NONE', #8162, #4561, #108 ) ;
#3328 = MECHANICAL_DESIGN_GEOMETRIC_PRESENTATION_REPRESENTATION (  '', ( #7011 ), #5935 ) ;
#3329 = CARTESIAN_POINT ( 'NONE',  ( 121.9594733917879950, 48.38716104304580057, 134.3001160632310018 ) ) ;
#3330 = FACE_OUTER_BOUND ( 'NONE', #6496, .T. ) ;
#3331 = ORIENTED_EDGE ( 'NONE', *, *, #5911, .F. ) ;
#3332 = FACE_BOUND ( 'NONE', #3654, .T. ) ;
#3333 = DIRECTION ( 'NONE',  ( 1.131489783230270639E-15, 0.5000000000000038858, -0.8660254037844363761 ) ) ;
#3334 = EDGE_LOOP ( 'NONE', ( #1611, #877, #5432, #7581 ) ) ;
#3335 = CARTESIAN_POINT ( 'NONE',  ( 105.8479001739020049, 50.85900329177499657, 167.8310410979019878 ) ) ;
#3336 = VECTOR ( 'NONE', #9484, 1000.000000000000114 ) ;
#3337 = CARTESIAN_POINT ( 'NONE',  ( 17.20000000000000995, 3.464101615137751278, 0.000000000000000000 ) ) ;
#3338 = ADVANCED_FACE ( 'NONE', ( #644 ), #6523, .T. ) ;
#3339 = CARTESIAN_POINT ( 'NONE',  ( 124.9594733917877960, 96.38558278779903787, 162.0578809972031422 ) ) ;
#3340 = VECTOR ( 'NONE', #8005, 1000.000000000000227 ) ;
#3341 = LINE ( 'NONE', #4732, #7367 ) ;
#3342 = LINE ( 'NONE', #7617, #7460 ) ;
#3343 = EDGE_CURVE ( 'NONE', #4512, #8955, #4415, .T. ) ;
#3344 = EDGE_LOOP ( 'NONE', ( #3153, #9492, #2105, #1561 ) ) ;
#3345 = LINE ( 'NONE', #4878, #189 ) ;
#3346 = CARTESIAN_POINT ( 'NONE',  ( 103.4479001739019992, 47.65879653723740716, 130.9329587692139967 ) ) ;
#3347 = VECTOR ( 'NONE', #2559, 1000.000000000000000 ) ;
#3348 = ORIENTED_EDGE ( 'NONE', *, *, #121, .F. ) ;
#3349 = LINE ( 'NONE', #3391, #1177 ) ;
#3350 = DIRECTION ( 'NONE',  ( -1.000000000000000000, 1.850371707708592551E-14, 0.000000000000000000 ) ) ;
#3351 = VECTOR ( 'NONE', #1360, 1000.000000000000000 ) ;
#3352 = VERTEX_POINT ( 'NONE', #7342 ) ;
#3353 = EDGE_CURVE ( 'NONE', #5294, #8925, #6, .T. ) ;
#3354 = DIRECTION ( 'NONE',  ( -6.503944880413206764E-16, -0.8660254037844403729, 0.4999999999999970579 ) ) ;
#3355 = FACE_OUTER_BOUND ( 'NONE', #8059, .T. ) ;
#3356 = VERTEX_POINT ( 'NONE', #2920 ) ;
#3357 = CARTESIAN_POINT ( 'NONE',  ( 105.8479001739020049, 51.65921004631169211, 166.8113888862239946 ) ) ;
#3358 = FACE_OUTER_BOUND ( 'NONE', #6140, .T. ) ;
#3359 = EDGE_LOOP ( 'NONE', ( #9517, #7961, #7398, #961 ) ) ;
#3360 = VECTOR ( 'NONE', #5116, 1000.000000000000000 ) ;
#3361 = ORIENTED_EDGE ( 'NONE', *, *, #4194, .F. ) ;
#3362 = CARTESIAN_POINT ( 'NONE',  ( 124.5594733917879893, 47.45879653723749669, 130.0501160567390002 ) ) ;
#3363 = PRESENTATION_STYLE_ASSIGNMENT (( #404 ) ) ;
#3364 = ORIENTED_EDGE ( 'NONE', *, *, #4478, .T. ) ;
#3365 = EDGE_CURVE ( 'NONE', #416, #5089, #2968, .T. ) ;
#3366 = DIRECTION ( 'NONE',  ( 1.577721810442020108E-30, -2.960594732333740256E-15, 1.000000000000000000 ) ) ;
#3367 = EDGE_CURVE ( 'NONE', #4210, #983, #8113, .T. ) ;
#3368 = DIRECTION ( 'NONE',  ( 0.000000000000000000, 0.000000000000000000, 1.000000000000000000 ) ) ;
#3369 = ORIENTED_EDGE ( 'NONE', *, *, #7173, .F. ) ;
#3370 = CARTESIAN_POINT ( 'NONE',  ( 124.9594733917878102, 105.5855827877990691, 150.2799355057347839 ) ) ;
#3371 = DIRECTION ( 'NONE',  ( -1.000000000000000000, -1.504038027996622089E-18, -1.309403304758604554E-15 ) ) ;
#3372 = VERTEX_POINT ( 'NONE', #3016 ) ;
#3373 = EDGE_LOOP ( 'NONE', ( #1142, #2906, #3698, #2086 ) ) ;
#3374 = PLANE ( 'NONE',  #3695 ) ;
#3375 = EDGE_CURVE ( 'NONE', #5535, #2656, #1026, .T. ) ;
#3376 = LINE ( 'NONE', #6120, #685 ) ;
#3377 = ORIENTED_EDGE ( 'NONE', *, *, #6790, .F. ) ;
#3378 = FACE_BOUND ( 'NONE', #2184, .T. ) ;
#3379 = DIRECTION ( 'NONE',  ( -6.590088167172854548E-16, 0.8660254037844363761, 0.5000000000000038858 ) ) ;
#3380 = EDGE_LOOP ( 'NONE', ( #597, #7247, #5206, #8044 ) ) ;
#3381 = AXIS2_PLACEMENT_3D ( 'NONE', #5057, #8602, #4290 ) ;
#3382 = DIRECTION ( 'NONE',  ( -5.630460168446151088E-38, 1.538396423176930260E-07, -0.9999999999999882316 ) ) ;
#3383 = DIRECTION ( 'NONE',  ( -1.504038028001425744E-18, 1.000000000000000000, 3.668761925651101070E-15 ) ) ;
#3384 = DIRECTION ( 'NONE',  ( -0.7071067811865470176, 0.7071067811865480168, 0.000000000000000000 ) ) ;
#3385 = PLANE ( 'NONE',  #4235 ) ;
#3386 = ORIENTED_EDGE ( 'NONE', *, *, #7663, .F. ) ;
#3387 = CARTESIAN_POINT ( 'NONE',  ( 124.3594733917878017, 96.38558278779906630, 155.8224980899551610 ) ) ;
#3388 = CARTESIAN_POINT ( 'NONE',  ( -0.1999999999999986511, 0.3464101615137730183, 0.5999999999999999778 ) ) ;
#3389 = AXIS2_PLACEMENT_3D ( 'NONE', #2265, #6019, #127 ) ;
#3390 = ORIENTED_EDGE ( 'NONE', *, *, #3167, .T. ) ;
#3391 = CARTESIAN_POINT ( 'NONE',  ( 124.3594733917878159, 96.38558278779909472, 141.9660916294041613 ) ) ;
#3392 = LINE ( 'NONE', #8350, #1766 ) ;
#3393 = EDGE_CURVE ( 'NONE', #7651, #6644, #4605, .T. ) ;
#3394 = CYLINDRICAL_SURFACE ( 'NONE', #4895, 3.000000000000002665 ) ;
#3395 = ORIENTED_EDGE ( 'NONE', *, *, #1467, .F. ) ;
#3396 = DIRECTION ( 'NONE',  ( -1.131489783230271034E-15, -0.5000000000000034417, 0.8660254037844367092 ) ) ;
#3397 = CARTESIAN_POINT ( 'NONE',  ( 124.3594733917878159, 102.5855827877991118, 145.0837830830281803 ) ) ;
#3398 = VERTEX_POINT ( 'NONE', #8339 ) ;
#3399 = DIRECTION ( 'NONE',  ( -1.332169591021890008E-15, -3.908184725064409972E-15, 1.000000000000000000 ) ) ;
#3400 = LINE ( 'NONE', #3490, #2548 ) ;
#3401 = ORIENTED_EDGE ( 'NONE', *, *, #4127, .F. ) ;
#3402 = AXIS2_PLACEMENT_3D ( 'NONE', #5147, #8070, #1474 ) ;
#3403 = EDGE_CURVE ( 'NONE', #814, #5021, #2477, .T. ) ;
#3404 = ORIENTED_EDGE ( 'NONE', *, *, #2221, .T. ) ;
#3405 = DIRECTION ( 'NONE',  ( -1.000000000000000000, -1.504038027996621897E-18, -1.309403304758604554E-15 ) ) ;
#3406 = EDGE_CURVE ( 'NONE', #4134, #9123, #8920, .T. ) ;
#3407 = ORIENTED_EDGE ( 'NONE', *, *, #8037, .T. ) ;
#3408 = DIRECTION ( 'NONE',  ( -1.309403304758604751E-15, -5.671848057300650126E-15, 1.000000000000000000 ) ) ;
#3409 = LINE ( 'NONE', #2824, #4068 ) ;
#3410 = VERTEX_POINT ( 'NONE', #8253 ) ;
#3411 = CARTESIAN_POINT ( 'NONE',  ( 124.9594733917878244, 79.18558278779904924, 145.4301932445418970 ) ) ;
#3412 = CARTESIAN_POINT ( 'NONE',  ( 11.59999999999999964, -13.62546635287517027, 0.000000000000000000 ) ) ;
#3413 = EDGE_CURVE ( 'NONE', #5030, #2267, #1747, .T. ) ;
#3414 = VERTEX_POINT ( 'NONE', #6764 ) ;
#3415 = EDGE_CURVE ( 'NONE', #3559, #835, #4330, .T. ) ;
#3416 = VECTOR ( 'NONE', #556, 1000.000000000000114 ) ;
#3417 = EDGE_LOOP ( 'NONE', ( #2037, #5191, #5795, #7254 ) ) ;
#3418 = CARTESIAN_POINT ( 'NONE',  ( 121.7594733917879921, 50.85900246190750096, 136.0001160632310189 ) ) ;
#3419 = CARTESIAN_POINT ( 'NONE',  ( -0.1999999999999986511, 0.3464101615137730183, -0.000000000000000000 ) ) ;
#3420 = ORIENTED_EDGE ( 'NONE', *, *, #1102, .T. ) ;
#3421 = DIRECTION ( 'NONE',  ( -6.503944880413203806E-16, -0.8660254037844403729, 0.4999999999999970024 ) ) ;
#3422 = CARTESIAN_POINT ( 'NONE',  ( 120.3152600007309871, 99.12715425053120555, 129.0501160567390002 ) ) ;
#3423 = AXIS2_PLACEMENT_3D ( 'NONE', #9216, #2826, #4226 ) ;
#3424 = ORIENTED_EDGE ( 'NONE', *, *, #5179, .F. ) ;
#3425 = DIRECTION ( 'NONE',  ( 0.000000000000000000, -1.000000000000000000, 0.000000000000000000 ) ) ;
#3426 = EDGE_CURVE ( 'NONE', #1794, #730, #8201, .T. ) ;
#3427 = EDGE_CURVE ( 'NONE', #9091, #7086, #8965, .T. ) ;
#3428 = CARTESIAN_POINT ( 'NONE',  ( 124.9594733917878102, 84.38558278779908051, 148.6633547520037553 ) ) ;
#3429 = LINE ( 'NONE', #6361, #3081 ) ;
#3430 = LINE ( 'NONE', #6414, #5759 ) ;
#3431 = ORIENTED_EDGE ( 'NONE', *, *, #2715, .T. ) ;
#3432 = CARTESIAN_POINT ( 'NONE',  ( 117.8100015415119941, 47.75879991855730111, 180.8501160567390116 ) ) ;
#3433 = DIRECTION ( 'NONE',  ( 6.590088167172844687E-16, -0.8660254037844368202, -0.5000000000000032196 ) ) ;
#3434 = EDGE_CURVE ( 'NONE', #3278, #8500, #5416, .T. ) ;
#3435 = ORIENTED_EDGE ( 'NONE', *, *, #885, .T. ) ;
#3436 = LINE ( 'NONE', #484, #3648 ) ;
#3437 = FACE_OUTER_BOUND ( 'NONE', #4150, .T. ) ;
#3438 = CARTESIAN_POINT ( 'NONE',  ( -0.3999999999999981903, -14.08734656822687370, 0.000000000000000000 ) ) ;
#3439 = ORIENTED_EDGE ( 'NONE', *, *, #3195, .F. ) ;
#3440 = LINE ( 'NONE', #6375, #1867 ) ;
#3441 = LINE ( 'NONE', #6376, #8219 ) ;
#3442 = VERTEX_POINT ( 'NONE', #6907 ) ;
#3443 = DIRECTION ( 'NONE',  ( 0.000000000000000000, 0.000000000000000000, -1.000000000000000000 ) ) ;
#3444 = DIRECTION ( 'NONE',  ( 0.7071067811865475727, 0.7071067811865475727, 3.518427241250479001E-15 ) ) ;
#3445 = ORIENTED_EDGE ( 'NONE', *, *, #9261, .F. ) ;
#3446 = EDGE_CURVE ( 'NONE', #1698, #746, #5274, .T. ) ;
#3447 = ORIENTED_EDGE ( 'NONE', *, *, #4272, .F. ) ;
#3448 = DIRECTION ( 'NONE',  ( 1.000000000000000000, 6.660847955109440178E-16, 6.660847955109440178E-16 ) ) ;
#3449 = VECTOR ( 'NONE', #2993, 1000.000000000000000 ) ;
#3450 = CARTESIAN_POINT ( 'NONE',  ( 124.3594733917878159, 108.9855827877991032, 142.3125017909179917 ) ) ;
#3451 = EDGE_LOOP ( 'NONE', ( #6101, #6036, #5948, #7545 ) ) ;
#3452 = DIRECTION ( 'NONE',  ( 1.000000000000000000, 1.504038027996622089E-18, 1.309403304758604554E-15 ) ) ;
#3453 = CARTESIAN_POINT ( 'NONE',  ( 109.9594733917879381, 111.6587965372630009, 176.8430092755530154 ) ) ;
#3454 = ORIENTED_EDGE ( 'NONE', *, *, #2937, .F. ) ;
#3455 = CARTESIAN_POINT ( 'NONE',  ( 24.00000000000000000, -14.31828667590273696, 0.5999999999999999778 ) ) ;
#3456 = LINE ( 'NONE', #457, #6698 ) ;
#3457 = VECTOR ( 'NONE', #745, 1000.000000000000000 ) ;
#3458 = EDGE_CURVE ( 'NONE', #1017, #6990, #1600, .T. ) ;
#3459 = ORIENTED_EDGE ( 'NONE', *, *, #9151, .F. ) ;
#3460 = VERTEX_POINT ( 'NONE', #1795 ) ;
#3461 = VECTOR ( 'NONE', #2079, 1000.000000000000227 ) ;
#3462 = DIRECTION ( 'NONE',  ( -0.000000000000000000, -0.000000000000000000, -1.000000000000000000 ) ) ;
#3463 = VECTOR ( 'NONE', #5549, 1000.000000000000000 ) ;
#3464 = CARTESIAN_POINT ( 'NONE',  ( 124.9594733917879950, 47.45879653723749669, 130.4501160567390059 ) ) ;
#3465 = ORIENTED_EDGE ( 'NONE', *, *, #5896, .T. ) ;
#3466 = CARTESIAN_POINT ( 'NONE',  ( 114.2041834770770095, 102.6954405435960069, 180.4501160567390059 ) ) ;
#3467 = EDGE_CURVE ( 'NONE', #7550, #1654, #4742, .T. ) ;
#3468 = CARTESIAN_POINT ( 'NONE',  ( 124.3594733917878017, 84.38558278779900945, 162.0578809972030854 ) ) ;
#3469 = EDGE_LOOP ( 'NONE', ( #3102, #2971, #7478, #8939 ) ) ;
#3470 = CARTESIAN_POINT ( 'NONE',  ( 120.4594733917879950, 99.36797539389068845, 130.0501160567390286 ) ) ;
#3471 = CARTESIAN_POINT ( 'NONE',  ( 103.8479001739019907, 50.85900246190769991, 175.1500717173229873 ) ) ;
#3472 = DIRECTION ( 'NONE',  ( 0.000000000000000000, -1.000000000000000000, -2.960594732333735129E-15 ) ) ;
#3473 = FACE_OUTER_BOUND ( 'NONE', #9030, .T. ) ;
#3474 = EDGE_CURVE ( 'NONE', #9451, #9021, #1858, .T. ) ;
#3475 = CONICAL_SURFACE ( 'NONE', #7467, 1.400000000000013012, 0.7853981633974610466 ) ;
#3476 = VECTOR ( 'NONE', #5196, 1000.000000000000000 ) ;
#3477 = ADVANCED_FACE ( 'NONE', ( #3875 ), #6811, .T. ) ;
#3478 = EDGE_LOOP ( 'NONE', ( #9035, #5554, #3814, #4441 ) ) ;
#3479 = PLANE ( 'NONE',  #9117 ) ;
#3480 = DIRECTION ( 'NONE',  ( -6.503944880413212681E-16, -0.8660254037844400399, 0.4999999999999976130 ) ) ;
#3481 = CARTESIAN_POINT ( 'NONE',  ( 84.52963090882649055, 82.40879653724840637, 130.0501160567390002 ) ) ;
#3482 = CARTESIAN_POINT ( 'NONE',  ( 114.4594733917879950, 74.36797539389039002, 181.0501160567390002 ) ) ;
#3483 = DIRECTION ( 'NONE',  ( 1.000000000000000000, 1.504038027996622089E-18, 1.309403304758604554E-15 ) ) ;
#3484 = ORIENTED_EDGE ( 'NONE', *, *, #7549, .F. ) ;
#3485 = LINE ( 'NONE', #2719, #2489 ) ;
#3486 = ADVANCED_FACE ( 'NONE', ( #889 ), #3833, .T. ) ;
#3487 = CARTESIAN_POINT ( 'NONE',  ( 12.00000000000000355, 6.466323014923809787, 0.5999999999999999778 ) ) ;
#3488 = ORIENTED_EDGE ( 'NONE', *, *, #7062, .T. ) ;
#3489 = LINE ( 'NONE', #8529, #3281 ) ;
#3490 = CARTESIAN_POINT ( 'NONE',  ( 6.000000000000000888, -17.78238829104048335, 0.5999999999999999778 ) ) ;
#3491 = ORIENTED_EDGE ( 'NONE', *, *, #8275, .F. ) ;
#3492 = VECTOR ( 'NONE', #2658, 1000.000000000000114 ) ;
#3493 = ORIENTED_EDGE ( 'NONE', *, *, #7650, .T. ) ;
#3494 = LINE ( 'NONE', #6476, #5634 ) ;
#3495 = AXIS2_PLACEMENT_3D ( 'NONE', #2521, #5460, #8383 ) ;
#3496 = FACE_OUTER_BOUND ( 'NONE', #8, .T. ) ;
#3497 = ORIENTED_EDGE ( 'NONE', *, *, #8285, .F. ) ;
#3498 = LINE ( 'NONE', #3064, #1705 ) ;
#3499 = EDGE_CURVE ( 'NONE', #1773, #4625, #295, .T. ) ;
#3500 = DIRECTION ( 'NONE',  ( 1.000000000000000000, -1.684925824262390165E-30, 1.332169591021890008E-15 ) ) ;
#3501 = ORIENTED_EDGE ( 'NONE', *, *, #7009, .T. ) ;
#3502 = CARTESIAN_POINT ( 'NONE',  ( 124.3594733917878017, 90.58558278779905493, 152.0119863133036233 ) ) ;
#3503 = CARTESIAN_POINT ( 'NONE',  ( 103.4479001739019992, 48.45879653723829961, 142.2994946864579902 ) ) ;
#3504 = DIRECTION ( 'NONE',  ( -1.000000000000000000, -8.665997627273770954E-31, 0.000000000000000000 ) ) ;
#3505 = AXIS2_PLACEMENT_3D ( 'NONE', #7270, #2072, #7858 ) ;
#3506 = ORIENTED_EDGE ( 'NONE', *, *, #8674, .F. ) ;
#3507 = ORIENTED_EDGE ( 'NONE', *, *, #5220, .T. ) ;
#3508 = CIRCLE ( 'NONE', #7191, 1.700000000000000178 ) ;
#3509 = VECTOR ( 'NONE', #4195, 1000.000000000000000 ) ;
#3510 = CARTESIAN_POINT ( 'NONE',  ( 124.9594733917878244, 84.38558278779910893, 141.7351515217282554 ) ) ;
#3511 = EDGE_CURVE ( 'NONE', #4463, #2288, #1699, .T. ) ;
#3512 = DIRECTION ( 'NONE',  ( -6.503944880413201834E-16, -0.8660254037844405950, 0.4999999999999966693 ) ) ;
#3513 = ORIENTED_EDGE ( 'NONE', *, *, #2937, .T. ) ;
#3514 = CARTESIAN_POINT ( 'NONE',  ( 124.9594733917877960, 84.98558278779900377, 163.0971114817444345 ) ) ;
#3515 = DIRECTION ( 'NONE',  ( 0.000000000000000000, 0.9999999999999882316, 1.538396667000172627E-07 ) ) ;
#3516 = ORIENTED_EDGE ( 'NONE', *, *, #6845, .T. ) ;
#3517 = ADVANCED_FACE ( 'NONE', ( #247 ), #3210, .T. ) ;
#3518 = DIRECTION ( 'NONE',  ( -1.000000000000000000, 2.818307069383460308E-16, -1.570000712152659950E-15 ) ) ;
#3519 = DIRECTION ( 'NONE',  ( -1.000000000000000000, 0.000000000000000000, 0.000000000000000000 ) ) ;
#3520 = CARTESIAN_POINT ( 'NONE',  ( 109.9594733917879381, 107.9516897560760071, 180.5501160567390002 ) ) ;
#3521 = ORIENTED_EDGE ( 'NONE', *, *, #9503, .F. ) ;
#3522 = LINE ( 'NONE', #3387, #8496 ) ;
#3523 = CARTESIAN_POINT ( 'NONE',  ( 118.0699540685230176, 94.95626731504272300, 176.0501160567391139 ) ) ;
#3524 = EDGE_CURVE ( 'NONE', #6903, #8881, #953, .T. ) ;
#3525 = EDGE_CURVE ( 'NONE', #1405, #1471, #3485, .T. ) ;
#3526 = CARTESIAN_POINT ( 'NONE',  ( 124.9594733917879950, 50.85900246190750096, 136.0001160632320136 ) ) ;
#3527 = CARTESIAN_POINT ( 'NONE',  ( 120.4594733917880092, 74.36797539389039002, 181.0501160567390002 ) ) ;
#3528 = CARTESIAN_POINT ( 'NONE',  ( 121.7594733917879921, 53.33084388076889581, 176.8500716728239865 ) ) ;
#3529 = ORIENTED_EDGE ( 'NONE', *, *, #8345, .T. ) ;
#3530 = FACE_OUTER_BOUND ( 'NONE', #9322, .T. ) ;
#3531 = CARTESIAN_POINT ( 'NONE',  ( 2.602085213965210642E-15, 0.4618802153516987086, 0.5999999999999999778 ) ) ;
#3532 = EDGE_LOOP ( 'NONE', ( #5027, #6730, #5219, #5276 ) ) ;
#3533 = DIRECTION ( 'NONE',  ( -0.8660254037844391517, 0.4999999999999991118, 0.000000000000000000 ) ) ;
#3534 = CARTESIAN_POINT ( 'NONE',  ( 124.9594733917877960, 85.18558278779903503, 162.0578809972030854 ) ) ;
#3535 = ORIENTED_EDGE ( 'NONE', *, *, #8425, .F. ) ;
#3536 = EDGE_LOOP ( 'NONE', ( #4333, #1459, #7918, #8692 ) ) ;
#3537 = AXIS2_PLACEMENT_3D ( 'NONE', #8498, #1909, #7115 ) ;
#3538 = DIRECTION ( 'NONE',  ( -1.000000000000000000, 1.771632486103969483E-14, 0.000000000000000000 ) ) ;
#3539 = CARTESIAN_POINT ( 'NONE',  ( 105.8479001739020049, 52.85920973258589584, 168.8506934941869986 ) ) ;
#3540 = ORIENTED_EDGE ( 'NONE', *, *, #3230, .F. ) ;
#3541 = CARTESIAN_POINT ( 'NONE',  ( 105.8479001739020049, 51.65920965118959884, 142.2994945258149926 ) ) ;
#3542 = DIRECTION ( 'NONE',  ( 3.468784850076483070E-16, -1.000000000000000000, -2.267105357061842121E-15 ) ) ;
#3543 = DIRECTION ( 'NONE',  ( -0.000000000000000000, -0.000000000000000000, -1.000000000000000000 ) ) ;
#3544 = ORIENTED_EDGE ( 'NONE', *, *, #3403, .F. ) ;
#3545 = DIRECTION ( 'NONE',  ( 1.309403304758604751E-15, 1.665675794001558719E-15, -1.000000000000000000 ) ) ;
#3546 = DIRECTION ( 'NONE',  ( -0.8660254037844385966, 0.5000000000000002220, 0.000000000000000000 ) ) ;
#3547 = DIRECTION ( 'NONE',  ( 1.000000000000000000, 1.504038027996622089E-18, 1.309403304758604554E-15 ) ) ;
#3548 = ORIENTED_EDGE ( 'NONE', *, *, #4036, .F. ) ;
#3549 = EDGE_CURVE ( 'NONE', #7651, #4327, #4033, .T. ) ;
#3550 = ORIENTED_EDGE ( 'NONE', *, *, #5453, .F. ) ;
#3551 = PRODUCT ( 'Main_Body_Side_A_ Base^Main Body Side A_Mini BT Frame - Skirts_6mm Slots', 'Main_Body_Side_A_ Base^Main Body Side A_Mini BT Frame - Skirts_6mm Slots', '', ( #1318 ) ) ;
#3552 = DIRECTION ( 'NONE',  ( -0.5000000000000001110, -0.8660254037844385966, 0.000000000000000000 ) ) ;
#3553 = CARTESIAN_POINT ( 'NONE',  ( 103.8479001739019907, 48.85879653723819871, 166.8113888862239946 ) ) ;
#3554 = ORIENTED_EDGE ( 'NONE', *, *, #13, .T. ) ;
#3555 = LINE ( 'NONE', #6493, #5704 ) ;
#3556 = CARTESIAN_POINT ( 'NONE',  ( 100.2445521503069870, 99.36797539389100109, 130.0501160567390002 ) ) ;
#3557 =( BOUNDED_CURVE ( )  B_SPLINE_CURVE ( 3, ( #3112, #4653, #1029, #6194 ),
 .UNSPECIFIED., .F., .T. ) 
 B_SPLINE_CURVE_WITH_KNOTS ( ( 4, 4 ),
 ( 5.890486225482169047, 6.283185307179586232 ),
 .UNSPECIFIED. ) 
 CURVE ( )  GEOMETRIC_REPRESENTATION_ITEM ( )  RATIONAL_B_SPLINE_CURVE ( ( 1.000000000000000000, 0.9871901869355719228, 0.9871901869355719228, 1.000000000000000000 ) ) 
 REPRESENTATION_ITEM ( '' )  );
#3558 = VECTOR ( 'NONE', #5801, 1000.000000000000000 ) ;
#3559 = VERTEX_POINT ( 'NONE', #2665 ) ;
#3560 = EDGE_CURVE ( 'NONE', #9123, #2620, #4122, .T. ) ;
#3561 = CARTESIAN_POINT ( 'NONE',  ( 124.5594733917879893, 76.28379653724280729, 181.0501160567390002 ) ) ;
#3562 = ORIENTED_EDGE ( 'NONE', *, *, #2807, .F. ) ;
#3563 = FACE_OUTER_BOUND ( 'NONE', #9373, .T. ) ;
#3564 = VECTOR ( 'NONE', #7201, 999.9999999999998863 ) ;
#3565 = DIRECTION ( 'NONE',  ( 0.000000000000000000, 0.000000000000000000, -1.000000000000000000 ) ) ;
#3566 = AXIS2_PLACEMENT_3D ( 'NONE', #6282, #3396, #9200 ) ;
#3567 = ORIENTED_EDGE ( 'NONE', *, *, #3427, .T. ) ;
#3568 = LINE ( 'NONE', #2799, #35 ) ;
#3569 = ADVANCED_FACE ( 'NONE', ( #7771 ), #1886, .F. ) ;
#3570 = CARTESIAN_POINT ( 'NONE',  ( 124.3594733917878159, 90.38558278779908051, 145.4301932445418686 ) ) ;
#3571 = EDGE_CURVE ( 'NONE', #8858, #2208, #7002, .T. ) ;
#3572 = VECTOR ( 'NONE', #6168, 1000.000000000000000 ) ;
#3573 = DIRECTION ( 'NONE',  ( 1.309403304758604751E-15, 3.260006316437975661E-15, -1.000000000000000000 ) ) ;
#3574 = CARTESIAN_POINT ( 'NONE',  ( 120.4594733917886060, 112.1597965372631478, 130.0501160567390286 ) ) ;
#3575 = DIRECTION ( 'NONE',  ( -0.7071067811865929809, -0.7071067811865020536, -2.093456611578229956E-15 ) ) ;
#3576 = ORIENTED_EDGE ( 'NONE', *, *, #9501, .F. ) ;
#3577 = DIRECTION ( 'NONE',  ( -7.865715952344961897E-16, 0.8070785808556720786, 0.5904440399597530309 ) ) ;
#3578 = CARTESIAN_POINT ( 'NONE',  ( 5.600000000000001421, 2.771281292110203243, 0.000000000000000000 ) ) ;
#3579 = VERTEX_POINT ( 'NONE', #4975 ) ;
#3580 = LINE ( 'NONE', #7427, #967 ) ;
#3581 = EDGE_CURVE ( 'NONE', #8716, #4577, #5603, .T. ) ;
#3582 = DIRECTION ( 'NONE',  ( -1.000000000000000000, -1.504038027996622089E-18, -1.309403304758604554E-15 ) ) ;
#3583 = ORIENTED_EDGE ( 'NONE', *, *, #9052, .T. ) ;
#3584 = ORIENTED_EDGE ( 'NONE', *, *, #9375, .F. ) ;
#3585 = DIRECTION ( 'NONE',  ( -1.000000000000000000, 0.000000000000000000, 7.888609052210119806E-31 ) ) ;
#3586 = DIRECTION ( 'NONE',  ( -6.503944880413212681E-16, -0.8660254037844400399, 0.4999999999999976130 ) ) ;
#3587 = ORIENTED_EDGE ( 'NONE', *, *, #4972, .F. ) ;
#3588 = DIRECTION ( 'NONE',  ( 3.155443620884050024E-30, -1.000000000000000000, -3.908184725064409972E-15 ) ) ;
#3589 = SHAPE_DEFINITION_REPRESENTATION ( #5780, #2206 ) ;
#3590 = CARTESIAN_POINT ( 'NONE',  ( 6.200000000000001954, 3.810511776651529292, 0.5999999999999999778 ) ) ;
#3591 = ORIENTED_EDGE ( 'NONE', *, *, #3694, .F. ) ;
#3592 = CARTESIAN_POINT ( 'NONE',  ( 12.00000000000000355, 6.466323014923809787, 0.5999999999999999778 ) ) ;
#3593 = LINE ( 'NONE', #5667, #6856 ) ;
#3594 = ADVANCED_FACE ( 'NONE', ( #9342 ), #9294, .F. ) ;
#3595 = ORIENTED_EDGE ( 'NONE', *, *, #5831, .F. ) ;
#3596 = VECTOR ( 'NONE', #7886, 1000.000000000000000 ) ;
#3597 = ORIENTED_EDGE ( 'NONE', *, *, #2868, .T. ) ;
#3598 = CARTESIAN_POINT ( 'NONE',  ( 103.6479001739019878, 50.05879653723830813, 166.8113888862239946 ) ) ;
#3599 = DIRECTION ( 'NONE',  ( 0.000000000000000000, -1.000000000000000000, 0.000000000000000000 ) ) ;
#3600 = ORIENTED_EDGE ( 'NONE', *, *, #4356, .T. ) ;
#3601 = DIRECTION ( 'NONE',  ( -1.136463268210226594E-15, 0.4999999999999970024, 0.8660254037844403729 ) ) ;
#3602 = AXIS2_PLACEMENT_3D ( 'NONE', #2446, #1082, #4756 ) ;
#3603 = LINE ( 'NONE', #5675, #2849 ) ;
#3604 = ADVANCED_FACE ( 'NONE', ( #4255 ), #7819, .T. ) ;
#3605 = ORIENTED_EDGE ( 'NONE', *, *, #8376, .F. ) ;
#3606 = VERTEX_POINT ( 'NONE', #7052 ) ;
#3607 = VECTOR ( 'NONE', #2478, 1000.000000000000000 ) ;
#3608 = VECTOR ( 'NONE', #9358, 1000.000000000000000 ) ;
#3609 = LINE ( 'NONE', #910, #738 ) ;
#3610 = ORIENTED_EDGE ( 'NONE', *, *, #989, .F. ) ;
#3611 = PLANE ( 'NONE',  #2137 ) ;
#3612 = DIRECTION ( 'NONE',  ( -1.136463268210227778E-15, 0.4999999999999958922, 0.8660254037844410391 ) ) ;
#3613 = EDGE_CURVE ( 'NONE', #2020, #4430, #2763, .T. ) ;
#3614 = ORIENTED_EDGE ( 'NONE', *, *, #883, .F. ) ;
#3615 = CARTESIAN_POINT ( 'NONE',  ( 0.2000000000000014821, -0.3464101615137779033, 0.000000000000000000 ) ) ;
#3616 = VECTOR ( 'NONE', #8741, 1000.000000000000227 ) ;
#3617 = DIRECTION ( 'NONE',  ( -0.000000000000000000, -0.000000000000000000, 1.000000000000000000 ) ) ;
#3618 = AXIS2_PLACEMENT_3D ( 'NONE', #9279, #2704, #4920 ) ;
#3619 = DIRECTION ( 'NONE',  ( 0.000000000000000000, -1.000000000000000000, -2.413561285175750205E-15 ) ) ;
#3620 = VECTOR ( 'NONE', #2625, 1000.000000000000000 ) ;
#3621 =( GEOMETRIC_REPRESENTATION_CONTEXT ( 3 ) GLOBAL_UNCERTAINTY_ASSIGNED_CONTEXT ( ( #42 ) ) GLOBAL_UNIT_ASSIGNED_CONTEXT ( ( #4542, #6479, #8822 ) ) REPRESENTATION_CONTEXT ( 'NONE', 'WORKASPACE' ) );
#3622 = DIRECTION ( 'NONE',  ( 6.503944880413198876E-16, 0.8660254037844405950, -0.4999999999999965028 ) ) ;
#3623 = CARTESIAN_POINT ( 'NONE',  ( 103.8479001739019907, 51.50798946096159625, 170.0411270244289597 ) ) ;
#3624 = ORIENTED_EDGE ( 'NONE', *, *, #7259, .T. ) ;
#3625 = PRODUCT_DEFINITION_CONTEXT ( 'detailed design', #619, 'design' ) ;
#3626 = LINE ( 'NONE', #175, #5249 ) ;
#3627 = EDGE_CURVE ( 'NONE', #6109, #9123, #8621, .T. ) ;
#3628 = DIRECTION ( 'NONE',  ( 0.000000000000000000, 0.000000000000000000, -1.000000000000000000 ) ) ;
#3629 = VERTEX_POINT ( 'NONE', #5559 ) ;
#3630 = FACE_OUTER_BOUND ( 'NONE', #2256, .T. ) ;
#3631 = FACE_BOUND ( 'NONE', #904, .T. ) ;
#3632 = ORIENTED_EDGE ( 'NONE', *, *, #3524, .F. ) ;
#3633 = VECTOR ( 'NONE', #7281, 1000.000000000000000 ) ;
#3634 = ORIENTED_EDGE ( 'NONE', *, *, #1771, .T. ) ;
#3635 = CARTESIAN_POINT ( 'NONE',  ( 11.20000000000000284, -6.928203230275511437, 0.5999999999999999778 ) ) ;
#3636 = EDGE_CURVE ( 'NONE', #8335, #8073, #7907, .T. ) ;
#3637 = CARTESIAN_POINT ( 'NONE',  ( 124.9594733917878102, 96.38558278779906630, 155.8224980899551610 ) ) ;
#3638 = ORIENTED_EDGE ( 'NONE', *, *, #413, .F. ) ;
#3639 = CARTESIAN_POINT ( 'NONE',  ( 17.60000000000000142, 2.771281292110203243, 0.5999999999999999778 ) ) ;
#3640 = VECTOR ( 'NONE', #5112, 1000.000000000000000 ) ;
#3641 = DIRECTION ( 'NONE',  ( 0.000000000000000000, 0.000000000000000000, -1.000000000000000000 ) ) ;
#3642 = EDGE_LOOP ( 'NONE', ( #998, #6382, #4578, #8144 ) ) ;
#3643 = CARTESIAN_POINT ( 'NONE',  ( 103.4479001739019992, 50.21001655449860124, 170.0411268857580183 ) ) ;
#3644 = FACE_OUTER_BOUND ( 'NONE', #3006, .T. ) ;
#3645 = ORIENTED_EDGE ( 'NONE', *, *, #7081, .F. ) ;
#3646 = DIRECTION ( 'NONE',  ( 0.8660254037844387076, -0.4999999999999999445, 0.000000000000000000 ) ) ;
#3647 = CIRCLE ( 'NONE', #1484, 0.5000000000000004441 ) ;
#3648 = VECTOR ( 'NONE', #1023, 1000.000000000000000 ) ;
#3649 = VERTEX_POINT ( 'NONE', #7719 ) ;
#3650 = ORIENTED_EDGE ( 'NONE', *, *, #3413, .F. ) ;
#3651 = EDGE_CURVE ( 'NONE', #6099, #3997, #7184, .T. ) ;
#3652 = LINE ( 'NONE', #5200, #4635 ) ;
#3653 = DIRECTION ( 'NONE',  ( -0.7071067811865631159, 0.000000000000000000, -0.7071067811865320296 ) ) ;
#3654 = EDGE_LOOP ( 'NONE', ( #3994, #9465, #3224, #977 ) ) ;
#3655 = CARTESIAN_POINT ( 'NONE',  ( 103.8479001739019907, 51.50798939494750073, 141.1090608090119929 ) ) ;
#3656 = CARTESIAN_POINT ( 'NONE',  ( 124.3594733917878017, 96.38558278779903787, 162.0578809972031422 ) ) ;
#3657 = ORIENTED_EDGE ( 'NONE', *, *, #1565, .F. ) ;
#3658 = ORIENTED_EDGE ( 'NONE', *, *, #4692, .T. ) ;
#3659 = VECTOR ( 'NONE', #1971, 1000.000000000000000 ) ;
#3660 = EDGE_CURVE ( 'NONE', #8048, #6561, #3303, .T. ) ;
#3661 = DIRECTION ( 'NONE',  ( -1.332169591021890008E-15, -3.908184725064409972E-15, 1.000000000000000000 ) ) ;
#3662 = VERTEX_POINT ( 'NONE', #1838 ) ;
#3663 = FACE_OUTER_BOUND ( 'NONE', #320, .T. ) ;
#3664 = LINE ( 'NONE', #3812, #4371 ) ;
#3665 = ORIENTED_EDGE ( 'NONE', *, *, #495, .F. ) ;
#3666 = DIRECTION ( 'NONE',  ( 0.6785983445458538821, -0.2810846377147869779, -0.6785983445458538821 ) ) ;
#3667 = FACE_OUTER_BOUND ( 'NONE', #8573, .T. ) ;
#3668 = EDGE_CURVE ( 'NONE', #8281, #7288, #4787, .T. ) ;
#3669 = CYLINDRICAL_SURFACE ( 'NONE', #4581, 1.199999999999999734 ) ;
#3670 = AXIS2_PLACEMENT_3D ( 'NONE', #2654, #8462, #4638 ) ;
#3671 = DIRECTION ( 'NONE',  ( -1.000000000000000000, 0.000000000000000000, 0.000000000000000000 ) ) ;
#3672 = CARTESIAN_POINT ( 'NONE',  ( 121.9594733917879950, 48.38716104304580057, 137.7001160632310075 ) ) ;
#3673 = ORIENTED_EDGE ( 'NONE', *, *, #6679, .F. ) ;
#3674 = CARTESIAN_POINT ( 'NONE',  ( 124.9594733917878244, 108.9855827877991032, 142.3125017909179917 ) ) ;
#3675 = ORIENTED_EDGE ( 'NONE', *, *, #2235, .T. ) ;
#3676 = CARTESIAN_POINT ( 'NONE',  ( 124.3594733917878159, 105.5855827877990691, 150.2799355057347839 ) ) ;
#3677 = FACE_BOUND ( 'NONE', #9414, .T. ) ;
#3678 = EDGE_LOOP ( 'NONE', ( #3852, #8970, #1661, #7512 ) ) ;
#3679 = VECTOR ( 'NONE', #7707, 1000.000000000000114 ) ;
#3680 = ORIENTED_EDGE ( 'NONE', *, *, #9377, .T. ) ;
#3681 = EDGE_CURVE ( 'NONE', #8668, #9431, #7093, .T. ) ;
#3682 = CARTESIAN_POINT ( 'NONE',  ( 124.3594733917878159, 96.58558278779908335, 149.2407050211934347 ) ) ;
#3683 = CARTESIAN_POINT ( 'NONE',  ( 17.60000000000001563, -24.47965141364013775, 0.5999999999999999778 ) ) ;
#3684 = AXIS2_PLACEMENT_3D ( 'NONE', #5825, #5161, #5874 ) ;
#3685 = EDGE_LOOP ( 'NONE', ( #9434, #7331, #5156, #6832 ) ) ;
#3686 = LINE ( 'NONE', #5899, #3558 ) ;
#3687 = ITEM_DEFINED_TRANSFORMATION ( 'NONE', 'NONE', #1466,  #7161 ) ;
#3688 = FACE_OUTER_BOUND ( 'NONE', #2892, .T. ) ;
#3689 = VERTEX_POINT ( 'NONE', #488 ) ;
#3690 = FACE_OUTER_BOUND ( 'NONE', #1843, .T. ) ;
#3691 = LINE ( 'NONE', #1560, #8381 ) ;
#3692 = ORIENTED_EDGE ( 'NONE', *, *, #9190, .T. ) ;
#3693 = CARTESIAN_POINT ( 'NONE',  ( 6.000000000000001776, 3.925981830489454261, 0.000000000000000000 ) ) ;
#3694 = EDGE_CURVE ( 'NONE', #6158, #6509, #3440, .T. ) ;
#3695 = AXIS2_PLACEMENT_3D ( 'NONE', #4954, #5579, #2742 ) ;
#3696 = VERTEX_POINT ( 'NONE', #5120 ) ;
#3697 = ADVANCED_FACE ( 'NONE', ( #7228 ), #9480, .T. ) ;
#3698 = ORIENTED_EDGE ( 'NONE', *, *, #2423, .T. ) ;
#3699 = LINE ( 'NONE', #8171, #1539 ) ;
#3700 = CARTESIAN_POINT ( 'NONE',  ( 124.3594733917878159, 103.1855827877990919, 145.6611333522177745 ) ) ;
#3701 = EDGE_LOOP ( 'NONE', ( #1096, #2815, #6933, #2912, #6241, #8746 ) ) ;
#3702 = DIRECTION ( 'NONE',  ( -1.504038028001425744E-18, 1.000000000000000000, 3.668761925651101070E-15 ) ) ;
#3703 = FACE_OUTER_BOUND ( 'NONE', #1350, .T. ) ;
#3704 = EDGE_CURVE ( 'NONE', #3789, #2519, #3813, .T. ) ;
#3705 = EDGE_LOOP ( 'NONE', ( #5145, #9445, #5945, #270 ) ) ;
#3706 = CIRCLE ( 'NONE', #6936, 1.200000000000012168 ) ;
#3707 = VERTEX_POINT ( 'NONE', #6562 ) ;
#3708 = PLANE ( 'NONE',  #8250 ) ;
#3709 = ORIENTED_EDGE ( 'NONE', *, *, #4092, .T. ) ;
#3710 = CARTESIAN_POINT ( 'NONE',  ( 104.6479001739019878, 47.95879991855730395, 181.0501160567390002 ) ) ;
#3711 = FACE_OUTER_BOUND ( 'NONE', #5760, .T. ) ;
#3712 = CIRCLE ( 'NONE', #313, 2.350000000000004974 ) ;
#3713 = ORIENTED_EDGE ( 'NONE', *, *, #2992, .T. ) ;
#3714 = CARTESIAN_POINT ( 'NONE',  ( 0.4000000000000015210, -13.62546635287517027, 0.5999999999999999778 ) ) ;
#3715 = ADVANCED_FACE ( 'NONE', ( #9383 ), #6466, .F. ) ;
#3716 = CARTESIAN_POINT ( 'NONE',  ( 124.3594733917878017, 85.18558278779899240, 169.9098446581819815 ) ) ;
#3717 = EDGE_CURVE ( 'NONE', #1471, #6387, #130, .T. ) ;
#3718 = VECTOR ( 'NONE', #1114, 1000.000000000000000 ) ;
#3719 = DIRECTION ( 'NONE',  ( -1.000000000000000000, -2.003086131649544323E-15, 0.000000000000000000 ) ) ;
#3720 = DIRECTION ( 'NONE',  ( -0.8660254037844385966, 0.4999999999999998890, 0.000000000000000000 ) ) ;
#3721 = LINE ( 'NONE', #40, #9338 ) ;
#3722 =( NAMED_UNIT ( * ) SI_UNIT ( $, .STERADIAN. ) SOLID_ANGLE_UNIT ( ) );
#3723 = ORIENTED_EDGE ( 'NONE', *, *, #9116, .T. ) ;
#3724 = CARTESIAN_POINT ( 'NONE',  ( 121.5594733917879893, 50.85900246190750096, 136.0001160632310189 ) ) ;
#3725 = VERTEX_POINT ( 'NONE', #631 ) ;
#3726 = PLANE ( 'NONE',  #5130 ) ;
#3727 = LINE ( 'NONE', #4500, #5635 ) ;
#3728 = ORIENTED_EDGE ( 'NONE', *, *, #4045, .T. ) ;
#3729 = EDGE_CURVE ( 'NONE', #5441, #2490, #7275, .T. ) ;
#3730 = AXIS2_PLACEMENT_3D ( 'NONE', #2480, #250, #345 ) ;
#3731 = AXIS2_PLACEMENT_3D ( 'NONE', #2645, #7656, #1094 ) ;
#3732 = ORIENTED_EDGE ( 'NONE', *, *, #5737, .F. ) ;
#3733 = LINE ( 'NONE', #7432, #711 ) ;
#3734 = DIRECTION ( 'NONE',  ( 0.000000000000000000, -0.7071067811865520136, 0.7071067811865431318 ) ) ;
#3735 = ORIENTED_EDGE ( 'NONE', *, *, #7124, .T. ) ;
#3736 = CARTESIAN_POINT ( 'NONE',  ( 124.9594733917878244, 99.58558278779911177, 139.8876306603214914 ) ) ;
#3737 = LINE ( 'NONE', #6722, #7131 ) ;
#3738 = ORIENTED_EDGE ( 'NONE', *, *, #9043, .F. ) ;
#3739 = CARTESIAN_POINT ( 'NONE',  ( 124.9594733917878244, 102.3855827877990947, 145.4301932445419254 ) ) ;
#3740 = PLANE ( 'NONE',  #8841 ) ;
#3741 = EDGE_LOOP ( 'NONE', ( #2298, #6264, #7832, #3401, #3491, #6996, #3454, #5668, #7711, #7296, #7861 ) ) ;
#3742 = EDGE_CURVE ( 'NONE', #5811, #2731, #6072, .T. ) ;
#3743 = DIRECTION ( 'NONE',  ( -1.309403304758604751E-15, -3.668761925651101858E-15, 1.000000000000000000 ) ) ;
#3744 = EDGE_LOOP ( 'NONE', ( #6712, #8398, #3762 ) ) ;
#3745 = DIRECTION ( 'NONE',  ( 0.000000000000000000, -1.000000000000000000, -2.312964634635796856E-14 ) ) ;
#3746 = EDGE_CURVE ( 'NONE', #6353, #8913, #913, .T. ) ;
#3747 = DIRECTION ( 'NONE',  ( 0.5000000000000001110, 0.8660254037844385966, -0.000000000000000000 ) ) ;
#3748 = DIRECTION ( 'NONE',  ( -1.000000000000000000, 0.000000000000000000, -0.000000000000000000 ) ) ;
#3749 = EDGE_LOOP ( 'NONE', ( #7928, #4882, #6598, #5399 ) ) ;
#3750 = DIRECTION ( 'NONE',  ( -1.000000000000000000, -4.397257781088669590E-31, 5.804200388364170593E-31 ) ) ;
#3751 = LINE ( 'NONE', #3128, #2698 ) ;
#3752 = ADVANCED_FACE ( 'NONE', ( #5788 ), #6511, .F. ) ;
#3753 = ORIENTED_EDGE ( 'NONE', *, *, #5338, .T. ) ;
#3754 = VECTOR ( 'NONE', #3192, 1000.000000000000000 ) ;
#3755 = ORIENTED_EDGE ( 'NONE', *, *, #8861, .F. ) ;
#3756 = DIRECTION ( 'NONE',  ( 6.590088167172848632E-16, -0.8660254037844365982, -0.5000000000000035527 ) ) ;
#3757 = EDGE_CURVE ( 'NONE', #1602, #7277, #1871, .T. ) ;
#3758 = ORIENTED_EDGE ( 'NONE', *, *, #594, .F. ) ;
#3759 = AXIS2_PLACEMENT_3D ( 'NONE', #5095, #3748, #1569 ) ;
#3760 = FACE_OUTER_BOUND ( 'NONE', #3887, .T. ) ;
#3761 = CARTESIAN_POINT ( 'NONE',  ( 121.5594733917879893, 52.55900246190740432, 136.0001160632310189 ) ) ;
#3762 = ORIENTED_EDGE ( 'NONE', *, *, #4964, .F. ) ;
#3763 = CARTESIAN_POINT ( 'NONE',  ( 121.7594733917879921, 48.50900246190740717, 136.0001160632310189 ) ) ;
#3764 = CARTESIAN_POINT ( 'NONE',  ( 103.6479001739019878, 68.71945043848040768, 165.4113888862240174 ) ) ;
#3765 = VECTOR ( 'NONE', #2859, 999.9999999999998863 ) ;
#3766 = PLANE ( 'NONE',  #257 ) ;
#3767 = EDGE_CURVE ( 'NONE', #3083, #1221, #2078, .T. ) ;
#3768 = EDGE_CURVE ( 'NONE', #8067, #8335, #6745, .T. ) ;
#3769 = DIRECTION ( 'NONE',  ( -1.000000000000000000, -5.007715329123860808E-16, 0.000000000000000000 ) ) ;
#3770 = CARTESIAN_POINT ( 'NONE',  ( 124.7594733917880063, 111.6587965372630009, 130.5501160567390002 ) ) ;
#3771 = DIRECTION ( 'NONE',  ( 0.000000000000000000, 0.000000000000000000, 1.000000000000000000 ) ) ;
#3772 = VERTEX_POINT ( 'NONE', #5068 ) ;
#3773 = CIRCLE ( 'NONE', #219, 3.000000000000002665 ) ;
#3774 = CIRCLE ( 'NONE', #6384, 0.5000000000000004441 ) ;
#3775 = CARTESIAN_POINT ( 'NONE',  ( 6.000000000000000888, -17.78238829104048335, 0.000000000000000000 ) ) ;
#3776 = ORIENTED_EDGE ( 'NONE', *, *, #6020, .F. ) ;
#3777 = LINE ( 'NONE', #5316, #8792 ) ;
#3778 = DIRECTION ( 'NONE',  ( 1.309403304758604751E-15, 3.668761925651101858E-15, -1.000000000000000000 ) ) ;
#3779 = VERTEX_POINT ( 'NONE', #7996 ) ;
#3780 = VERTEX_POINT ( 'NONE', #1397 ) ;
#3781 = VECTOR ( 'NONE', #9299, 1000.000000000000000 ) ;
#3782 = VECTOR ( 'NONE', #7635, 1000.000000000000000 ) ;
#3783 = DIRECTION ( 'NONE',  ( -1.000000000000000000, 0.000000000000000000, 0.000000000000000000 ) ) ;
#3784 = EDGE_CURVE ( 'NONE', #973, #113, #7511, .T. ) ;
#3785 = CARTESIAN_POINT ( 'NONE',  ( 0.000000000000000000, 0.000000000000000000, 0.000000000000000000 ) ) ;
#3786 = VERTEX_POINT ( 'NONE', #3088 ) ;
#3787 = DIRECTION ( 'NONE',  ( 0.000000000000000000, 0.9238795325112872936, 0.3826834323650886160 ) ) ;
#3788 = DIRECTION ( 'NONE',  ( -1.841523682625270206E-14, -1.000000000000000000, -9.189378452870340341E-16 ) ) ;
#3789 = VERTEX_POINT ( 'NONE', #4630 ) ;
#3790 = DIRECTION ( 'NONE',  ( 6.536849690425969867E-16, -1.000000000000000000, 0.000000000000000000 ) ) ;
#3791 = VECTOR ( 'NONE', #3433, 999.9999999999998863 ) ;
#3792 = FACE_OUTER_BOUND ( 'NONE', #9244, .T. ) ;
#3793 = ORIENTED_EDGE ( 'NONE', *, *, #7516, .T. ) ;
#3794 = DIRECTION ( 'NONE',  ( -0.7071067811865474617, -0.7071067811865474617, 0.000000000000000000 ) ) ;
#3795 = ORIENTED_EDGE ( 'NONE', *, *, #8230, .F. ) ;
#3796 = ORIENTED_EDGE ( 'NONE', *, *, #7040, .F. ) ;
#3797 = ADVANCED_FACE ( 'NONE', ( #3856 ), #5837, .F. ) ;
#3798 = ORIENTED_EDGE ( 'NONE', *, *, #6716, .T. ) ;
#3799 = FACE_OUTER_BOUND ( 'NONE', #1190, .T. ) ;
#3800 = LINE ( 'NONE', #1524, #361 ) ;
#3801 = EDGE_LOOP ( 'NONE', ( #4247, #4620, #7004, #972, #4232, #3152, #5609, #7776, #4437, #8528, #5694, #3673, #7998, #2210 ) ) ;
#3802 = FACE_OUTER_BOUND ( 'NONE', #6320, .T. ) ;
#3803 = CARTESIAN_POINT ( 'NONE',  ( 103.8479001739019907, 50.05879653723820155, 165.6113888862240060 ) ) ;
#3804 = AXIS2_PLACEMENT_3D ( 'NONE', #2508, #2418, #3957 ) ;
#3805 = EDGE_LOOP ( 'NONE', ( #3610, #819, #6816, #3199, #8424, #6056, #4120, #7590, #8798 ) ) ;
#3806 = ORIENTED_EDGE ( 'NONE', *, *, #7507, .F. ) ;
#3807 = ADVANCED_FACE ( 'NONE', ( #3530 ), #8945, .T. ) ;
#3808 = EDGE_CURVE ( 'NONE', #6561, #3077, #3626, .T. ) ;
#3809 = FACE_OUTER_BOUND ( 'NONE', #5577, .T. ) ;
#3810 = AXIS2_PLACEMENT_3D ( 'NONE', #8819, #1508, #6576 ) ;
#3811 = LINE ( 'NONE', #2314, #5072 ) ;
#3812 = CARTESIAN_POINT ( 'NONE',  ( 124.9594733917877818, 84.38558278779898103, 169.4479644428303118 ) ) ;
#3813 = LINE ( 'NONE', #2177, #169 ) ;
#3814 = ORIENTED_EDGE ( 'NONE', *, *, #1969, .F. ) ;
#3815 = DIRECTION ( 'NONE',  ( 0.6785983445458251273, -0.6785983445458251273, -0.2810846377149260333 ) ) ;
#3816 = CARTESIAN_POINT ( 'NONE',  ( -6.199999999999999289, -10.73871500692703940, -0.000000000000000000 ) ) ;
#3817 = VECTOR ( 'NONE', #7817, 1000.000000000000000 ) ;
#3818 = EDGE_CURVE ( 'NONE', #3993, #8925, #3999, .T. ) ;
#3819 = DIRECTION ( 'NONE',  ( 1.000000000000000000, 8.460565099872480977E-31, 6.938893903907229918E-18 ) ) ;
#3820 = CARTESIAN_POINT ( 'NONE',  ( 103.4479001739019992, 52.85920965118960169, 142.2994943533559820 ) ) ;
#3821 = LINE ( 'NONE', #136, #1504 ) ;
#3822 = ORIENTED_EDGE ( 'NONE', *, *, #2344, .T. ) ;
#3823 = CARTESIAN_POINT ( 'NONE',  ( 12.20000000000000462, -0.3464101615137767931, 0.000000000000000000 ) ) ;
#3824 = DIRECTION ( 'NONE',  ( -0.8660254037844385966, 0.5000000000000002220, 0.000000000000000000 ) ) ;
#3825 = ORIENTED_EDGE ( 'NONE', *, *, #6145, .F. ) ;
#3826 = EDGE_CURVE ( 'NONE', #830, #907, #3118, .T. ) ;
#3827 = EDGE_CURVE ( 'NONE', #2112, #1238, #8411, .T. ) ;
#3828 = AXIS2_PLACEMENT_3D ( 'NONE', #5835, #6613, #4206 ) ;
#3829 = VERTEX_POINT ( 'NONE', #224 ) ;
#3830 = CARTESIAN_POINT ( 'NONE',  ( 24.40000000000000924, -20.78460969082654586, 0.000000000000000000 ) ) ;
#3831 = CARTESIAN_POINT ( 'NONE',  ( 23.60000000000001918, -7.621023553303070130, 0.5999999999999999778 ) ) ;
#3832 = ORIENTED_EDGE ( 'NONE', *, *, #7371, .T. ) ;
#3833 = PLANE ( 'NONE',  #6946 ) ;
#3834 = DIRECTION ( 'NONE',  ( 0.000000000000000000, 0.000000000000000000, 1.000000000000000000 ) ) ;
#3835 = ORIENTED_EDGE ( 'NONE', *, *, #8278, .T. ) ;
#3836 = VECTOR ( 'NONE', #5172, 1000.000000000000000 ) ;
#3837 = FACE_OUTER_BOUND ( 'NONE', #337, .T. ) ;
#3838 = DIRECTION ( 'NONE',  ( 0.8660254037844384856, -0.5000000000000002220, 0.000000000000000000 ) ) ;
#3839 = ORIENTED_EDGE ( 'NONE', *, *, #7803, .F. ) ;
#3840 = LINE ( 'NONE', #61, #9302 ) ;
#3841 = EDGE_CURVE ( 'NONE', #8914, #4469, #3240, .T. ) ;
#3842 = ORIENTED_EDGE ( 'NONE', *, *, #4894, .F. ) ;
#3843 = ORIENTED_EDGE ( 'NONE', *, *, #2599, .T. ) ;
#3844 = DIRECTION ( 'NONE',  ( 0.000000000000000000, -3.908184725064409972E-15, 1.000000000000000000 ) ) ;
#3845 = DIRECTION ( 'NONE',  ( -1.504038028001425744E-18, 1.000000000000000000, 3.668761925651101070E-15 ) ) ;
#3846 = DIRECTION ( 'NONE',  ( -1.136463268210226792E-15, 0.4999999999999968914, 0.8660254037844404840 ) ) ;
#3847 = VERTEX_POINT ( 'NONE', #4815 ) ;
#3848 = CARTESIAN_POINT ( 'NONE',  ( 12.00000000000000355, 7.390083445627212200, 0.5999999999999999778 ) ) ;
#3849 = CARTESIAN_POINT ( 'NONE',  ( 121.9594733917879950, 79.60879653725019978, 155.7501160567389888 ) ) ;
#3850 = EDGE_CURVE ( 'NONE', #1859, #8152, #3189, .T. ) ;
#3851 = ORIENTED_EDGE ( 'NONE', *, *, #7295, .F. ) ;
#3852 = ORIENTED_EDGE ( 'NONE', *, *, #4811, .F. ) ;
#3853 = DIRECTION ( 'NONE',  ( 0.000000000000000000, 0.000000000000000000, 1.000000000000000000 ) ) ;
#3854 = CARTESIAN_POINT ( 'NONE',  ( 17.60000000000000497, -16.62768775266122745, 0.5999999999999999778 ) ) ;
#3855 = DIRECTION ( 'NONE',  ( -0.8660254037844393737, -0.4999999999999986677, 0.000000000000000000 ) ) ;
#3856 = FACE_OUTER_BOUND ( 'NONE', #8885, .T. ) ;
#3857 = ORIENTED_EDGE ( 'NONE', *, *, #8520, .F. ) ;
#3858 = DIRECTION ( 'NONE',  ( -1.309403304758604751E-15, -5.671848057300646182E-15, 1.000000000000000000 ) ) ;
#3859 = LINE ( 'NONE', #5401, #5474 ) ;
#3860 = VECTOR ( 'NONE', #5243, 1000.000000000000114 ) ;
#3861 = CARTESIAN_POINT ( 'NONE',  ( 114.8457325640329998, 102.8954405435960098, 180.6501160567389945 ) ) ;
#3862 = DIRECTION ( 'NONE',  ( 0.000000000000000000, 0.000000000000000000, -1.000000000000000000 ) ) ;
#3863 = FACE_OUTER_BOUND ( 'NONE', #8783, .T. ) ;
#3864 = EDGE_CURVE ( 'NONE', #9221, #8167, #6260, .T. ) ;
#3865 = VERTEX_POINT ( 'NONE', #7745 ) ;
#3866 = CARTESIAN_POINT ( 'NONE',  ( 18.40000000000001634, -24.01777119828843965, 0.000000000000000000 ) ) ;
#3867 = LINE ( 'NONE', #5367, #232 ) ;
#3868 = VERTEX_POINT ( 'NONE', #8453 ) ;
#3869 = EDGE_CURVE ( 'NONE', #2498, #7159, #5555, .T. ) ;
#3870 = ORIENTED_EDGE ( 'NONE', *, *, #266, .F. ) ;
#3871 = CARTESIAN_POINT ( 'NONE',  ( 124.3594733917878017, 78.98558278779903219, 158.9401895435790948 ) ) ;
#3872 = CARTESIAN_POINT ( 'NONE',  ( 103.8479001739019907, 50.21001655449860124, 170.0411268857580183 ) ) ;
#3873 = ORIENTED_EDGE ( 'NONE', *, *, #5924, .F. ) ;
#3874 = EDGE_CURVE ( 'NONE', #814, #1462, #3952, .T. ) ;
#3875 = FACE_OUTER_BOUND ( 'NONE', #54, .T. ) ;
#3876 = VECTOR ( 'NONE', #9124, 1000.000000000000114 ) ;
#3877 = CARTESIAN_POINT ( 'NONE',  ( 30.40000000000002700, 0.000000000000000000, -0.000000000000000000 ) ) ;
#3878 = ORIENTED_EDGE ( 'NONE', *, *, #4278, .T. ) ;
#3879 = CARTESIAN_POINT ( 'NONE',  ( 124.3594733917878017, 97.18558278779904924, 155.8224980899551895 ) ) ;
#3880 = PLANE ( 'NONE',  #2852 ) ;
#3881 = ORIENTED_EDGE ( 'NONE', *, *, #8076, .T. ) ;
#3882 = LINE ( 'NONE', #5906, #3476 ) ;
#3883 = EDGE_LOOP ( 'NONE', ( #3234, #8928, #3219, #8299 ) ) ;
#3884 = CIRCLE ( 'NONE', #2496, 3.000000000000002665 ) ;
#3885 = ORIENTED_EDGE ( 'NONE', *, *, #3874, .F. ) ;
#3886 = DIRECTION ( 'NONE',  ( 0.000000000000000000, -1.000000000000000000, 0.000000000000000000 ) ) ;
#3887 = EDGE_LOOP ( 'NONE', ( #6867, #7693, #1076, #460 ) ) ;
#3888 = ADVANCED_FACE ( 'NONE', ( #369, #4723, #7698, #3901, #4767, #4674, #1863, #2504, #7029, #3332, #3378, #8323, #9182, #9225, #2603, #421 ), #6307, .T. ) ;
#3889 = CARTESIAN_POINT ( 'NONE',  ( 121.9594733917879950, 79.60879653725019978, 155.7501160567389888 ) ) ;
#3890 = ADVANCED_FACE ( 'NONE', ( #5583 ), #8501, .F. ) ;
#3891 = PLANE ( 'NONE',  #5602 ) ;
#3892 = ORIENTED_EDGE ( 'NONE', *, *, #7104, .T. ) ;
#3893 = DIRECTION ( 'NONE',  ( -1.000000000000000000, 2.818307069383450447E-16, -1.570000712152659950E-15 ) ) ;
#3894 = LINE ( 'NONE', #5710, #9146 ) ;
#3895 = CIRCLE ( 'NONE', #4507, 3.400000000000000355 ) ;
#3896 = ORIENTED_EDGE ( 'NONE', *, *, #3467, .T. ) ;
#3897 = ORIENTED_EDGE ( 'NONE', *, *, #3167, .F. ) ;
#3898 = CARTESIAN_POINT ( 'NONE',  ( 105.2908226684699997, 107.9516897560760071, 180.5501160567390002 ) ) ;
#3899 = EDGE_CURVE ( 'NONE', #4430, #3649, #9047, .T. ) ;
#3900 = DIRECTION ( 'NONE',  ( -6.503944880413201834E-16, -0.8660254037844405950, 0.4999999999999966693 ) ) ;
#3901 = FACE_BOUND ( 'NONE', #4381, .T. ) ;
#3902 = ORIENTED_EDGE ( 'NONE', *, *, #939, .T. ) ;
#3903 = PLANE ( 'NONE',  #7896 ) ;
#3904 = LINE ( 'NONE', #6842, #560 ) ;
#3905 = VECTOR ( 'NONE', #383, 1000.000000000000000 ) ;
#3906 = AXIS2_PLACEMENT_3D ( 'NONE', #9407, #2104, #5049 ) ;
#3907 = DIRECTION ( 'NONE',  ( -0.5000000000000008882, -0.8660254037844381525, 0.000000000000000000 ) ) ;
#3908 = CARTESIAN_POINT ( 'NONE',  ( 121.7594733917879921, 53.33084388076910187, 137.7001160632310075 ) ) ;
#3910 = EDGE_CURVE ( 'NONE', #2213, #7077, #1006, .T. ) ;
#3909 = VECTOR ( 'NONE', #6981, 1000.000000000000000 ) ;
#3911 = SURFACE_STYLE_FILL_AREA ( #5174 ) ;
#3912 = VERTEX_POINT ( 'NONE', #3284 ) ;
#3913 = CARTESIAN_POINT ( 'NONE',  ( 114.4594733917879950, 74.36797539389039002, 167.0501160567390002 ) ) ;
#3914 = VECTOR ( 'NONE', #7734, 1000.000000000000000 ) ;
#3915 = FACE_OUTER_BOUND ( 'NONE', #3209, .T. ) ;
#3916 = VERTEX_POINT ( 'NONE', #1049 ) ;
#3917 = EDGE_CURVE ( 'NONE', #305, #3707, #6214, .T. ) ;
#3918 = ORIENTED_EDGE ( 'NONE', *, *, #1022, .T. ) ;
#3919 = DIRECTION ( 'NONE',  ( 1.309403304758604751E-15, 3.260006316437975661E-15, -1.000000000000000000 ) ) ;
#3920 = AXIS2_PLACEMENT_3D ( 'NONE', #3260, #6095, #6236 ) ;
#3921 = EDGE_CURVE ( 'NONE', #4900, #6564, #1236, .T. ) ;
#3922 = FACE_BOUND ( 'NONE', #8864, .T. ) ;
#3923 = AXIS2_PLACEMENT_3D ( 'NONE', #4110, #7039, #1016 ) ;
#3924 = ORIENTED_EDGE ( 'NONE', *, *, #8026, .F. ) ;
#3925 = CARTESIAN_POINT ( 'NONE',  ( 104.2479001739019964, 62.05879653723739864, 130.6501160567389945 ) ) ;
#3926 = DIRECTION ( 'NONE',  ( 6.590088167172822008E-16, -0.8660254037844377084, -0.5000000000000015543 ) ) ;
#3927 = ORIENTED_EDGE ( 'NONE', *, *, #8509, .F. ) ;
#3928 = DIRECTION ( 'NONE',  ( 0.000000000000000000, 0.000000000000000000, -1.000000000000000000 ) ) ;
#3929 = DIRECTION ( 'NONE',  ( 0.000000000000000000, 0.9999999999999896749, -1.437160344434440674E-07 ) ) ;
#3930 = VERTEX_POINT ( 'NONE', #7255 ) ;
#3931 = DIRECTION ( 'NONE',  ( 8.710602340643340082E-15, 0.000000000000000000, 1.000000000000000000 ) ) ;
#3932 = CIRCLE ( 'NONE', #5165, 1.700000000000000178 ) ;
#3933 = VECTOR ( 'NONE', #8934, 1000.000000000000000 ) ;
#3934 = EDGE_CURVE ( 'NONE', #113, #2490, #8644, .T. ) ;
#3935 = ORIENTED_EDGE ( 'NONE', *, *, #7882, .T. ) ;
#3936 = VERTEX_POINT ( 'NONE', #7977 ) ;
#3937 = CARTESIAN_POINT ( 'NONE',  ( 121.1590591315069929, 47.05879653723739864, 155.8567627702149991 ) ) ;
#3938 = AXIS2_PLACEMENT_3D ( 'NONE', #3977, #1750, #3929 ) ;
#3939 = VECTOR ( 'NONE', #7008, 1000.000000000000000 ) ;
#3940 = DIRECTION ( 'NONE',  ( -1.000000000000000000, -1.504038027996622089E-18, -1.309403304758604554E-15 ) ) ;
#3941 = CARTESIAN_POINT ( 'NONE',  ( 124.3594733917878017, 84.58558278779901229, 162.4042911587168874 ) ) ;
#3942 = ORIENTED_EDGE ( 'NONE', *, *, #6321, .F. ) ;
#3943 = CARTESIAN_POINT ( 'NONE',  ( 103.4479001739019992, 51.50798939494750073, 141.1090608090119929 ) ) ;
#3944 = CARTESIAN_POINT ( 'NONE',  ( 121.5594733917879893, 50.85900246190720253, 175.1500716728239979 ) ) ;
#3945 = ORIENTED_EDGE ( 'NONE', *, *, #737, .T. ) ;
#3946 = AXIS2_PLACEMENT_3D ( 'NONE', #6459, #1879, #4828 ) ;
#3947 = EDGE_CURVE ( 'NONE', #5901, #6125, #7888, .T. ) ;
#3948 = VERTEX_POINT ( 'NONE', #6541 ) ;
#3949 = DIRECTION ( 'NONE',  ( 0.000000000000000000, 0.3826834323651122638, 0.9238795325112774126 ) ) ;
#3950 = CARTESIAN_POINT ( 'NONE',  ( 5.800000000000002487, 3.117691453623978148, 0.5999999999999999778 ) ) ;
#3951 = ORIENTED_EDGE ( 'NONE', *, *, #8557, .F. ) ;
#3952 = LINE ( 'NONE', #1820, #2497 ) ;
#3953 = CARTESIAN_POINT ( 'NONE',  ( 124.9594733917877960, 90.38558278779903787, 159.0556595974170477 ) ) ;
#3954 = VECTOR ( 'NONE', #9138, 1000.000000000000000 ) ;
#3955 = ORIENTED_EDGE ( 'NONE', *, *, #4478, .F. ) ;
#3956 = LINE ( 'NONE', #6841, #3754 ) ;
#3957 = DIRECTION ( 'NONE',  ( -6.590088167172843701E-16, 0.8660254037844368202, 0.5000000000000032196 ) ) ;
#3958 = EDGE_CURVE ( 'NONE', #9450, #8243, #8553, .T. ) ;
#3959 = VECTOR ( 'NONE', #3084, 1000.000000000000000 ) ;
#3960 = AXIS2_PLACEMENT_3D ( 'NONE', #190, #3013, #1696 ) ;
#3961 = LINE ( 'NONE', #6175, #1660 ) ;
#3962 = CARTESIAN_POINT ( 'NONE',  ( 124.3594733917878017, 90.38558278779906630, 151.6655761517898497 ) ) ;
#3963 = CARTESIAN_POINT ( 'NONE',  ( 123.6420582790520086, 47.95879991855730395, 180.4501160567390059 ) ) ;
#3964 = EDGE_LOOP ( 'NONE', ( #3548, #3506, #2152, #4370 ) ) ;
#3965 = CONICAL_SURFACE ( 'NONE', #7492, 3.199999999999994404, 0.7853981633974490562 ) ;
#3966 = PLANE ( 'NONE',  #349 ) ;
#3967 = LINE ( 'NONE', #6086, #1623 ) ;
#3968 = EDGE_CURVE ( 'NONE', #8341, #3191, #9393, .T. ) ;
#3969 = ORIENTED_EDGE ( 'NONE', *, *, #5052, .F. ) ;
#3970 = FACE_OUTER_BOUND ( 'NONE', #2050, .T. ) ;
#3971 = LINE ( 'NONE', #6859, #4274 ) ;
#3972 = VERTEX_POINT ( 'NONE', #1965 ) ;
#3973 = CARTESIAN_POINT ( 'NONE',  ( -5.799999999999999822, -10.04589468389949047, -0.000000000000000000 ) ) ;
#3974 = CARTESIAN_POINT ( 'NONE',  ( 11.99999999999999645, -14.31828667590272453, 0.5999999999999999778 ) ) ;
#3975 = ORIENTED_EDGE ( 'NONE', *, *, #2998, .T. ) ;
#3976 = DIRECTION ( 'NONE',  ( 1.340782826723100149E-14, -1.000000000000000000, -2.960594732333740256E-15 ) ) ;
#3977 = CARTESIAN_POINT ( 'NONE',  ( 103.8479001739019907, 51.65920965118959884, 142.2994945258149926 ) ) ;
#3978 = ORIENTED_EDGE ( 'NONE', *, *, #7091, .T. ) ;
#3979 = VECTOR ( 'NONE', #2275, 999.9999999999998863 ) ;
#3980 = CARTESIAN_POINT ( 'NONE',  ( 124.9594733917879950, 70.15879653723750664, 134.0501160567390002 ) ) ;
#3981 = EDGE_CURVE ( 'NONE', #4869, #3442, #4190, .T. ) ;
#3982 = EDGE_LOOP ( 'NONE', ( #131, #25, #850, #8872 ) ) ;
#3983 = CARTESIAN_POINT ( 'NONE',  ( 124.9594733917879950, 70.15879653723750664, 134.0501160567390002 ) ) ;
#3984 = ORIENTED_EDGE ( 'NONE', *, *, #7406, .F. ) ;
#3985 = CARTESIAN_POINT ( 'NONE',  ( 124.9594733917879950, 70.15879653723750664, 134.0501160567390002 ) ) ;
#3986 = CARTESIAN_POINT ( 'NONE',  ( 103.4479001739019992, 51.65921004631179869, 165.2113888862240003 ) ) ;
#3987 = EDGE_LOOP ( 'NONE', ( #4165, #8586, #7887, #286 ) ) ;
#3988 = DIRECTION ( 'NONE',  ( 1.000000000000000000, 1.504038027996622089E-18, 1.309403304758604554E-15 ) ) ;
#3989 = EDGE_CURVE ( 'NONE', #5368, #8686, #3555, .T. ) ;
#3990 = CARTESIAN_POINT ( 'NONE',  ( 123.6505786869091992, 47.93822983435241269, 180.9535288534185327 ) ) ;
#3991 = ADVANCED_FACE ( 'NONE', ( #567 ), #1377, .F. ) ;
#3992 = VECTOR ( 'NONE', #4776, 1000.000000000000000 ) ;
#3993 = VERTEX_POINT ( 'NONE', #6405 ) ;
#3994 = ORIENTED_EDGE ( 'NONE', *, *, #6893, .F. ) ;
#3995 = DIRECTION ( 'NONE',  ( 0.000000000000000000, 0.000000000000000000, 1.000000000000000000 ) ) ;
#3996 = CARTESIAN_POINT ( 'NONE',  ( 124.3594733917878159, 108.3855827877990947, 142.6589119524317368 ) ) ;
#3997 = VERTEX_POINT ( 'NONE', #2887 ) ;
#3998 = AXIS2_PLACEMENT_3D ( 'NONE', #7653, #5439, #3136 ) ;
#3999 = LINE ( 'NONE', #6839, #6783 ) ;
#4000 = EDGE_CURVE ( 'NONE', #6356, #8392, #3712, .T. ) ;
#4001 = CARTESIAN_POINT ( 'NONE',  ( 124.9594733917877960, 93.98558278779901798, 160.6722403511480195 ) ) ;
#4002 = ORIENTED_EDGE ( 'NONE', *, *, #8708, .F. ) ;
#4003 = LINE ( 'NONE', #2828, #2053 ) ;
#4004 = CARTESIAN_POINT ( 'NONE',  ( 124.9594733917879950, 102.7855827877991146, 138.0401097989147274 ) ) ;
#4005 = AXIS2_PLACEMENT_3D ( 'NONE', #3418, #6350, #5048 ) ;
#4006 = PLANE ( 'NONE',  #5509 ) ;
#4007 = CARTESIAN_POINT ( 'NONE',  ( 124.9594733917878102, 96.58558278779908335, 149.2407050211934347 ) ) ;
#4008 = DIRECTION ( 'NONE',  ( -1.000000000000000000, -2.091402295317620145E-31, 0.000000000000000000 ) ) ;
#4009 = EDGE_CURVE ( 'NONE', #9088, #6088, #2745, .T. ) ;
#4010 = ORIENTED_EDGE ( 'NONE', *, *, #1090, .T. ) ;
#4011 = VECTOR ( 'NONE', #3124, 1000.000000000000000 ) ;
#4012 = CARTESIAN_POINT ( 'NONE',  ( 124.3594733917878017, 79.18558278779902082, 159.0556595974170193 ) ) ;
#4013 = DIRECTION ( 'NONE',  ( -1.309403304758604751E-15, -5.671848057300650126E-15, 1.000000000000000000 ) ) ;
#4014 = ORIENTED_EDGE ( 'NONE', *, *, #6768, .F. ) ;
#4015 = VECTOR ( 'NONE', #586, 1000.000000000000000 ) ;
#4016 = VECTOR ( 'NONE', #4945, 1000.000000000000000 ) ;
#4017 = CARTESIAN_POINT ( 'NONE',  ( 124.3594733917878159, 90.98558278779908903, 145.0837830830280950 ) ) ;
#4018 = LINE ( 'NONE', #1884, #110 ) ;
#4019 = ORIENTED_EDGE ( 'NONE', *, *, #318, .T. ) ;
#4020 = CARTESIAN_POINT ( 'NONE',  ( 103.4479001739019992, 48.85879653723819871, 168.8506931385969949 ) ) ;
#4021 = EDGE_CURVE ( 'NONE', #8779, #5050, #7210, .T. ) ;
#4022 = CARTESIAN_POINT ( 'NONE',  ( 24.00000000000000711, -20.32272947547484421, 0.000000000000000000 ) ) ;
#4023 = ORIENTED_EDGE ( 'NONE', *, *, #1783, .T. ) ;
#4024 = CARTESIAN_POINT ( 'NONE',  ( 123.9782626355890045, 46.47758578103800176, 141.0663910201170097 ) ) ;
#4025 = CARTESIAN_POINT ( 'NONE',  ( 117.4594733917879523, 107.3679753938900063, 180.6501160567389945 ) ) ;
#4026 = ORIENTED_EDGE ( 'NONE', *, *, #4009, .F. ) ;
#4027 = VECTOR ( 'NONE', #9365, 1000.000000000000227 ) ;
#4028 = VECTOR ( 'NONE', #6952, 1000.000000000000000 ) ;
#4029 = FACE_BOUND ( 'NONE', #7335, .T. ) ;
#4030 = VERTEX_POINT ( 'NONE', #1282 ) ;
#4031 = FACE_OUTER_BOUND ( 'NONE', #701, .T. ) ;
#4032 = CARTESIAN_POINT ( 'NONE',  ( 6.200000000000001954, -3.810511776651529292, 0.000000000000000000 ) ) ;
#4033 = CIRCLE ( 'NONE', #6795, 3.000000000000002665 ) ;
#4034 = ORIENTED_EDGE ( 'NONE', *, *, #4569, .F. ) ;
#4035 = PLANE ( 'NONE',  #6323 ) ;
#4036 = EDGE_CURVE ( 'NONE', #5154, #4359, #467, .T. ) ;
#4037 = CARTESIAN_POINT ( 'NONE',  ( 12.20000000000000462, -6.581793068761736087, 0.000000000000000000 ) ) ;
#4038 = ORIENTED_EDGE ( 'NONE', *, *, #5584, .T. ) ;
#4039 = LINE ( 'NONE', #3943, #8620 ) ;
#4040 = CARTESIAN_POINT ( 'NONE',  ( -2.226202981413853333E-16, 7.390083445627212200, 0.000000000000000000 ) ) ;
#4041 = EDGE_LOOP ( 'NONE', ( #1892, #4889, #1916, #1737, #6380, #4399, #2261, #3634, #3638 ) ) ;
#4042 = ORIENTED_EDGE ( 'NONE', *, *, #8565, .F. ) ;
#4043 = EDGE_CURVE ( 'NONE', #6067, #2575, #1240, .T. ) ;
#4044 = CARTESIAN_POINT ( 'NONE',  ( 118.0699540685230176, 94.95626731504272300, 180.4501160567387785 ) ) ;
#4045 = EDGE_CURVE ( 'NONE', #5369, #1165, #6177, .T. ) ;
#4046 = DIRECTION ( 'NONE',  ( 0.8660254037844387076, -0.4999999999999999445, 0.000000000000000000 ) ) ;
#4047 = EDGE_LOOP ( 'NONE', ( #869, #7431, #811, #4817 ) ) ;
#4048 = DIRECTION ( 'NONE',  ( 0.000000000000000000, -2.440668952956890160E-15, 1.000000000000000000 ) ) ;
#4049 = DIRECTION ( 'NONE',  ( 8.983296258334274185E-15, -0.7071067811865580088, 0.7071067811865370256 ) ) ;
#4050 = ORIENTED_EDGE ( 'NONE', *, *, #4045, .F. ) ;
#4051 = DIRECTION ( 'NONE',  ( 0.000000000000000000, 0.000000000000000000, 1.000000000000000000 ) ) ;
#4052 = CARTESIAN_POINT ( 'NONE',  ( 120.4594733917880092, 74.36797539389041845, 167.0501160567390002 ) ) ;
#4053 = AXIS2_PLACEMENT_3D ( 'NONE', #1643, #7521, #6943 ) ;
#4054 = ADVANCED_FACE ( 'NONE', ( #5674 ), #2836, .F. ) ;
#4055 = DIRECTION ( 'NONE',  ( -1.000000000000000000, 0.000000000000000000, 0.000000000000000000 ) ) ;
#4056 = DIRECTION ( 'NONE',  ( 1.309403304758604751E-15, 3.260006316437975661E-15, -1.000000000000000000 ) ) ;
#4057 = CARTESIAN_POINT ( 'NONE',  ( 114.4594733917879950, 99.36797539389068845, 130.0501160567390571 ) ) ;
#4058 = VECTOR ( 'NONE', #9194, 1000.000000000000000 ) ;
#4059 = ORIENTED_EDGE ( 'NONE', *, *, #606, .F. ) ;
#4060 = DIRECTION ( 'NONE',  ( -1.309403304758604751E-15, -4.169533458563488136E-15, 1.000000000000000000 ) ) ;
#4061 = CARTESIAN_POINT ( 'NONE',  ( 103.4479001739019992, 50.26042322691870368, 170.4379381348119864 ) ) ;
#4062 = EDGE_CURVE ( 'NONE', #4706, #1990, #5816, .T. ) ;
#4063 = ORIENTED_EDGE ( 'NONE', *, *, #5269, .T. ) ;
#4064 = ADVANCED_FACE ( 'NONE', ( #9269 ), #2693, .F. ) ;
#4065 = CARTESIAN_POINT ( 'NONE',  ( -6.200000000000001954, 3.117691453623979925, 0.000000000000000000 ) ) ;
#4066 = DIRECTION ( 'NONE',  ( -6.590088167172843701E-16, 0.8660254037844368202, 0.5000000000000032196 ) ) ;
#4067 = EDGE_LOOP ( 'NONE', ( #1862, #4690 ) ) ;
#4068 = VECTOR ( 'NONE', #3368, 1000.000000000000000 ) ;
#4069 = CARTESIAN_POINT ( 'NONE',  ( 103.4479001739019992, 48.85879653723830529, 145.2896251811480113 ) ) ;
#4070 = DIRECTION ( 'NONE',  ( -1.000000000000000000, -1.504038027996622089E-18, -1.309403304758604554E-15 ) ) ;
#4071 = VERTEX_POINT ( 'NONE', #807 ) ;
#4072 = LINE ( 'NONE', #7141, #8483 ) ;
#4073 = LINE ( 'NONE', #346, #3174 ) ;
#4074 = EDGE_LOOP ( 'NONE', ( #7881, #3254, #3305, #2345 ) ) ;
#4075 = CARTESIAN_POINT ( 'NONE',  ( 124.0592155665779899, 48.29311449360739061, 180.9915374129758163 ) ) ;
#4076 = ORIENTED_EDGE ( 'NONE', *, *, #4822, .T. ) ;
#4077 = VECTOR ( 'NONE', #5514, 1000.000000000000000 ) ;
#4078 = ADVANCED_FACE ( 'NONE', ( #1477 ), #8074, .F. ) ;
#4079 = CONICAL_SURFACE ( 'NONE', #6079, 1.399999999999998579, 0.7853981633974574939 ) ;
#4080 = DIRECTION ( 'NONE',  ( 1.309403304758604751E-15, 3.668761925651101858E-15, -1.000000000000000000 ) ) ;
#4081 = DIRECTION ( 'NONE',  ( -1.000000000000000000, 1.850371707708592551E-14, 0.000000000000000000 ) ) ;
#4082 = VERTEX_POINT ( 'NONE', #71 ) ;
#4083 = APPLICATION_CONTEXT ( 'automotive_design' ) ;
#4084 = CARTESIAN_POINT ( 'NONE',  ( 115.7199540685230090, 94.95626731504272300, 176.0501160567391139 ) ) ;
#4085 = CARTESIAN_POINT ( 'NONE',  ( 121.5594733917879893, 52.55900246190749669, 134.3001160632319966 ) ) ;
#4086 = ORIENTED_EDGE ( 'NONE', *, *, #2251, .T. ) ;
#4087 = LINE ( 'NONE', #410, #7868 ) ;
#4088 = VECTOR ( 'NONE', #2838, 1000.000000000000000 ) ;
#4089 = DIRECTION ( 'NONE',  ( 1.288288723114026797E-32, 1.000000000000000000, 9.189378452870941848E-16 ) ) ;
#4090 = AXIS2_PLACEMENT_3D ( 'NONE', #2305, #3846, #8072 ) ;
#4091 = EDGE_LOOP ( 'NONE', ( #2692, #4696, #1187, #362 ) ) ;
#4092 = EDGE_CURVE ( 'NONE', #7778, #942, #4523, .T. ) ;
#4093 = ORIENTED_EDGE ( 'NONE', *, *, #3434, .T. ) ;
#4094 = AXIS2_PLACEMENT_3D ( 'NONE', #5903, #8826, #892 ) ;
#4095 = VECTOR ( 'NONE', #8926, 1000.000000000000000 ) ;
#4096 = PLANE ( 'NONE',  #8147 ) ;
#4097 = CARTESIAN_POINT ( 'NONE',  ( 124.9594733917878102, 84.38558278779905208, 155.8224980899551326 ) ) ;
#4098 = VERTEX_POINT ( 'NONE', #6595 ) ;
#4099 = CARTESIAN_POINT ( 'NONE',  ( 121.9594733917879950, 53.33084388076889581, 173.4500716728240093 ) ) ;
#4100 = DIRECTION ( 'NONE',  ( -1.000000000000000000, 0.000000000000000000, 3.271450680478140246E-15 ) ) ;
#4101 = VERTEX_POINT ( 'NONE', #2353 ) ;
#4102 = LINE ( 'NONE', #9185, #1435 ) ;
#4103 = VECTOR ( 'NONE', #5745, 999.9999999999998863 ) ;
#4104 = VECTOR ( 'NONE', #6944, 1000.000000000000000 ) ;
#4105 = CARTESIAN_POINT ( 'NONE',  ( 9.200000000000015277, -15.93486742963367142, 0.5999999999999999778 ) ) ;
#4106 = ADVANCED_FACE ( 'NONE', ( #1571 ), #5203, .T. ) ;
#4107 = DIRECTION ( 'NONE',  ( -1.000000000000000000, 1.110141325851499900E-16, -1.110141325851499900E-16 ) ) ;
#4108 = AXIS2_PLACEMENT_3D ( 'NONE', #8916, #6761, #932 ) ;
#4109 = LINE ( 'NONE', #7038, #8896 ) ;
#4110 = CARTESIAN_POINT ( 'NONE',  ( 117.4594733917879950, 104.3679753938910011, 130.0501160567390002 ) ) ;
#4111 = ORIENTED_EDGE ( 'NONE', *, *, #9025, .T. ) ;
#4112 = DIRECTION ( 'NONE',  ( -6.503944880413200848E-16, -0.8660254037844405950, 0.4999999999999966138 ) ) ;
#4113 = EDGE_CURVE ( 'NONE', #1942, #6093, #4431, .T. ) ;
#4114 = LINE ( 'NONE', #1977, #3791 ) ;
#4115 = AXIS2_PLACEMENT_3D ( 'NONE', #5357, #133, #6027 ) ;
#4116 = EDGE_LOOP ( 'NONE', ( #5512, #1079, #8704, #2161 ) ) ;
#4117 = FACE_OUTER_BOUND ( 'NONE', #1800, .T. ) ;
#4118 = LINE ( 'NONE', #6154, #8371 ) ;
#4119 = CARTESIAN_POINT ( 'NONE',  ( 124.9594733917878102, 105.9855827877990748, 150.9727558287623594 ) ) ;
#4120 = ORIENTED_EDGE ( 'NONE', *, *, #438, .F. ) ;
#4121 = CIRCLE ( 'NONE', #8713, 3.000000000000002665 ) ;
#4122 = LINE ( 'NONE', #8571, #2183 ) ;
#4123 = CARTESIAN_POINT ( 'NONE',  ( 124.3594733917878017, 78.38558278779899524, 166.4457430430442457 ) ) ;
#4124 = VERTEX_POINT ( 'NONE', #8174 ) ;
#4125 = EDGE_CURVE ( 'NONE', #3725, #5761, #6779, .T. ) ;
#4126 = LINE ( 'NONE', #8479, #2398 ) ;
#4127 = EDGE_CURVE ( 'NONE', #1668, #1602, #7241, .T. ) ;
#4128 = ORIENTED_EDGE ( 'NONE', *, *, #5546, .F. ) ;
#4129 = VECTOR ( 'NONE', #1872, 1000.000000000000000 ) ;
#4130 = ORIENTED_EDGE ( 'NONE', *, *, #1418, .T. ) ;
#4131 = LINE ( 'NONE', #1035, #4223 ) ;
#4132 = SHAPE_REPRESENTATION ( 'Copie de Small Pattern^Main Body Side A_Mini BT Frame - Skirts', ( #7161 ), #9147 ) ;
#4133 =( NAMED_UNIT ( * ) PLANE_ANGLE_UNIT ( ) SI_UNIT ( $, .RADIAN. ) );
#4134 = VERTEX_POINT ( 'NONE', #5291 ) ;
#4135 = PLANE ( 'NONE',  #3097 ) ;
#4136 = FACE_OUTER_BOUND ( 'NONE', #4047, .T. ) ;
#4137 = ORIENTED_EDGE ( 'NONE', *, *, #2702, .T. ) ;
#4138 = PLANE ( 'NONE',  #8943 ) ;
#4139 = EDGE_CURVE ( 'NONE', #2459, #650, #6322, .T. ) ;
#4140 = CARTESIAN_POINT ( 'NONE',  ( 124.3594733917878159, 84.38558278779908051, 148.6633547520037553 ) ) ;
#4141 = EDGE_CURVE ( 'NONE', #983, #3184, #7307, .T. ) ;
#4142 = VERTEX_POINT ( 'NONE', #3655 ) ;
#4143 = VERTEX_POINT ( 'NONE', #905 ) ;
#4144 = CARTESIAN_POINT ( 'NONE',  ( 3.200000000000001954, 5.542562584220409150, 0.5999999999999999778 ) ) ;
#4145 = CARTESIAN_POINT ( 'NONE',  ( 124.9594733917878244, 103.1855827877991061, 145.4301932445419254 ) ) ;
#4146 = ORIENTED_EDGE ( 'NONE', *, *, #7132, .T. ) ;
#4147 = DIRECTION ( 'NONE',  ( 1.360023205165770022E-15, -2.960594732333765105E-15, 1.000000000000000000 ) ) ;
#4148 = PLANE ( 'NONE',  #2069 ) ;
#4149 = ADVANCED_FACE ( 'NONE', ( #1526 ), #3078, .F. ) ;
#4150 = EDGE_LOOP ( 'NONE', ( #3839, #5268, #6255, #8179 ) ) ;
#4151 = FACE_OUTER_BOUND ( 'NONE', #1226, .T. ) ;
#4152 = FACE_OUTER_BOUND ( 'NONE', #6087, .T. ) ;
#4153 = DIRECTION ( 'NONE',  ( -1.000000000000000000, 0.000000000000000000, 0.000000000000000000 ) ) ;
#4154 = CARTESIAN_POINT ( 'NONE',  ( 124.9594733917878102, 79.58558278779904072, 152.3583964748173685 ) ) ;
#4155 = ADVANCED_FACE ( 'NONE', ( #5865 ), #1619, .T. ) ;
#4156 = ORIENTED_EDGE ( 'NONE', *, *, #2071, .F. ) ;
#4157 = DIRECTION ( 'NONE',  ( -1.000000000000000000, -1.504038027996622089E-18, -1.309403304758604554E-15 ) ) ;
#4158 = CARTESIAN_POINT ( 'NONE',  ( 124.3594733917878159, 103.1855827877990919, 145.6611333522177745 ) ) ;
#4159 = VECTOR ( 'NONE', #7206, 1000.000000000000000 ) ;
#4160 = VERTEX_POINT ( 'NONE', #4572 ) ;
#4161 = FACE_OUTER_BOUND ( 'NONE', #7284, .T. ) ;
#4162 = ADVANCED_FACE ( 'NONE', ( #3802 ), #2204, .T. ) ;
#4163 = CARTESIAN_POINT ( 'NONE',  ( 121.9594733917879950, 79.60879653725019978, 155.7501160567389888 ) ) ;
#4164 = LINE ( 'NONE', #1935, #3817 ) ;
#4165 = ORIENTED_EDGE ( 'NONE', *, *, #5546, .T. ) ;
#4166 = CARTESIAN_POINT ( 'NONE',  ( 124.3594733917878017, 83.98558278779900377, 162.7507013202306325 ) ) ;
#4167 = LINE ( 'NONE', #1306, #9284 ) ;
#4168 = ORIENTED_EDGE ( 'NONE', *, *, #3627, .T. ) ;
#4169 = DIRECTION ( 'NONE',  ( 3.667247693403454899E-31, -2.960594732333740256E-15, 1.000000000000000000 ) ) ;
#4170 = CARTESIAN_POINT ( 'NONE',  ( 124.7594733917880063, 111.9587965372629981, 144.8001160567399950 ) ) ;
#4171 = ORIENTED_EDGE ( 'NONE', *, *, #9145, .F. ) ;
#4172 = ORIENTED_EDGE ( 'NONE', *, *, #2925, .T. ) ;
#4173 = LINE ( 'NONE', #9254, #8238 ) ;
#4174 = EDGE_CURVE ( 'NONE', #5437, #9199, #6735, .T. ) ;
#4175 = CARTESIAN_POINT ( 'NONE',  ( 124.9594733917879950, 70.15879653723750664, 134.0501160567390002 ) ) ;
#4176 = ORIENTED_EDGE ( 'NONE', *, *, #531, .F. ) ;
#4177 = DIRECTION ( 'NONE',  ( 1.131489783230271625E-15, 0.5000000000000028866, -0.8660254037844370423 ) ) ;
#4178 = FACE_OUTER_BOUND ( 'NONE', #4677, .T. ) ;
#4179 = ORIENTED_EDGE ( 'NONE', *, *, #7155, .F. ) ;
#4180 = CARTESIAN_POINT ( 'NONE',  ( 121.7594733917879921, 50.85900246190750096, 136.0001160632310189 ) ) ;
#4181 = DIRECTION ( 'NONE',  ( -0.8660254037844388186, -0.4999999999999996114, 0.000000000000000000 ) ) ;
#4182 = EDGE_LOOP ( 'NONE', ( #9273, #1536, #2503, #44 ) ) ;
#4183 = VECTOR ( 'NONE', #8444, 999.9999999999998863 ) ;
#4184 = ORIENTED_EDGE ( 'NONE', *, *, #4323, .F. ) ;
#4185 = ADVANCED_FACE ( 'NONE', ( #8838 ), #4474, .T. ) ;
#4186 = EDGE_CURVE ( 'NONE', #7159, #5761, #9389, .T. ) ;
#4187 = DIRECTION ( 'NONE',  ( 1.332169591021890008E-15, 3.908184725064409972E-15, -1.000000000000000000 ) ) ;
#4188 = FACE_OUTER_BOUND ( 'NONE', #4519, .T. ) ;
#4189 = VERTEX_POINT ( 'NONE', #2307 ) ;
#4190 = LINE ( 'NONE', #7165, #158 ) ;
#4191 = DIRECTION ( 'NONE',  ( -1.000000000000000000, 1.841523682625250011E-14, -6.938893903862779455E-18 ) ) ;
#4192 = ORIENTED_EDGE ( 'NONE', *, *, #8090, .T. ) ;
#4193 = CARTESIAN_POINT ( 'NONE',  ( 0.3999999999999971911, -6.928203230275511437, 0.5999999999999999778 ) ) ;
#4194 = EDGE_CURVE ( 'NONE', #2129, #6863, #9174, .T. ) ;
#4195 = DIRECTION ( 'NONE',  ( -3.188040402543799964E-45, 8.710602340643920684E-15, -1.000000000000000000 ) ) ;
#4196 = CARTESIAN_POINT ( 'NONE',  ( 124.7594733917880063, 76.28379653724280729, 180.8501160567390116 ) ) ;
#4197 = DIRECTION ( 'NONE',  ( 1.942890293082709955E-16, 2.960594732333735129E-15, -1.000000000000000000 ) ) ;
#4198 = ORIENTED_EDGE ( 'NONE', *, *, #8801, .F. ) ;
#4199 = LINE ( 'NONE', #5594, #8647 ) ;
#4200 = DIRECTION ( 'NONE',  ( -1.000000000000000000, 1.771632486103969483E-14, 0.000000000000000000 ) ) ;
#4201 = VECTOR ( 'NONE', #8332, 1000.000000000000000 ) ;
#4202 = EDGE_CURVE ( 'NONE', #7239, #3772, #310, .T. ) ;
#4203 = FACE_OUTER_BOUND ( 'NONE', #298, .T. ) ;
#4204 = CARTESIAN_POINT ( 'NONE',  ( 103.8479001739019907, 50.05879653723820155, 165.6113888862240060 ) ) ;
#4205 = VECTOR ( 'NONE', #8563, 1000.000000000000000 ) ;
#4206 = DIRECTION ( 'NONE',  ( 0.8660254037844388186, -0.4999999999999997224, 0.000000000000000000 ) ) ;
#4207 = ORIENTED_EDGE ( 'NONE', *, *, #8396, .T. ) ;
#4208 = CARTESIAN_POINT ( 'NONE',  ( 124.3594733917878017, 108.5855827877990691, 155.4760879284414443 ) ) ;
#4209 = DIRECTION ( 'NONE',  ( 1.000000000000000000, 1.504038027996622089E-18, 1.309403304758604554E-15 ) ) ;
#4210 = VERTEX_POINT ( 'NONE', #3228 ) ;
#4211 = LINE ( 'NONE', #6469, #5271 ) ;
#4212 = CARTESIAN_POINT ( 'NONE',  ( 124.3594733917878017, 84.38558278779905208, 156.0534381976309817 ) ) ;
#4213 = ORIENTED_EDGE ( 'NONE', *, *, #7406, .T. ) ;
#4214 = EDGE_CURVE ( 'NONE', #6387, #9355, #3321, .T. ) ;
#4215 = EDGE_LOOP ( 'NONE', ( #7995, #6368, #6465, #5126 ) ) ;
#4216 = ADVANCED_FACE ( 'NONE', ( #9037 ), #6922, .T. ) ;
#4217 = ADVANCED_FACE ( 'NONE', ( #8270 ), #7022, .F. ) ;
#4218 = CARTESIAN_POINT ( 'NONE',  ( 24.40000000000000924, -21.01554979850239491, 0.000000000000000000 ) ) ;
#4219 = VECTOR ( 'NONE', #936, 1000.000000000000000 ) ;
#4220 = DIRECTION ( 'NONE',  ( -1.136463268210226594E-15, 0.4999999999999976130, 0.8660254037844400399 ) ) ;
#4221 = ORIENTED_EDGE ( 'NONE', *, *, #8802, .F. ) ;
#4222 = CARTESIAN_POINT ( 'NONE',  ( 17.60000000000001563, -24.47965141364013775, 0.000000000000000000 ) ) ;
#4223 = VECTOR ( 'NONE', #6338, 1000.000000000000114 ) ;
#4224 = DIRECTION ( 'NONE',  ( 0.000000000000000000, -1.000000000000000000, 0.000000000000000000 ) ) ;
#4225 = EDGE_LOOP ( 'NONE', ( #1429, #6531, #630, #884 ) ) ;
#4226 = DIRECTION ( 'NONE',  ( -1.332169591021890008E-15, 0.000000000000000000, 1.000000000000000000 ) ) ;
#4227 = PRODUCT_DEFINITION_SHAPE ( 'NONE', 'NONE',  #9535 ) ;
#4228 = DIRECTION ( 'NONE',  ( 0.000000000000000000, -1.000000000000000000, -2.312964634635796856E-14 ) ) ;
#4229 = EDGE_CURVE ( 'NONE', #7495, #8495, #1129, .T. ) ;
#4230 = VECTOR ( 'NONE', #2810, 1000.000000000000000 ) ;
#4231 = EDGE_LOOP ( 'NONE', ( #7074, #2335, #4939, #2597 ) ) ;
#4232 = ORIENTED_EDGE ( 'NONE', *, *, #6524, .F. ) ;
#4233 = VECTOR ( 'NONE', #3322, 1000.000000000000000 ) ;
#4234 = DIRECTION ( 'NONE',  ( -0.7071067811865359154, 0.7071067811865517916, -1.016225700903019688E-07 ) ) ;
#4235 = AXIS2_PLACEMENT_3D ( 'NONE', #1057, #8330, #6178 ) ;
#4236 = CARTESIAN_POINT ( 'NONE',  ( 18.40000000000000213, 3.695041722813605656, 0.5999999999999999778 ) ) ;
#4237 = ORIENTED_EDGE ( 'NONE', *, *, #3458, .F. ) ;
#4238 = DIRECTION ( 'NONE',  ( 0.000000000000000000, 1.000000000000000000, 0.000000000000000000 ) ) ;
#4239 = LINE ( 'NONE', #7256, #5764 ) ;
#4240 = EDGE_CURVE ( 'NONE', #6513, #3847, #1669, .T. ) ;
#4241 = EDGE_CURVE ( 'NONE', #347, #3442, #4621, .T. ) ;
#4242 = CIRCLE ( 'NONE', #3938, 1.200000000000012168 ) ;
#4243 = LINE ( 'NONE', #2014, #8416 ) ;
#4244 = LINE ( 'NONE', #5639, #281 ) ;
#4245 = LINE ( 'NONE', #7127, #7299 ) ;
#4246 = VECTOR ( 'NONE', #6149, 1000.000000000000000 ) ;
#4247 = ORIENTED_EDGE ( 'NONE', *, *, #8698, .F. ) ;
#4248 = CARTESIAN_POINT ( 'NONE',  ( 23.60000000000003340, -4.727283270692928610E-14, 0.5999999999999999778 ) ) ;
#4249 = FACE_OUTER_BOUND ( 'NONE', #561, .T. ) ;
#4250 = EDGE_CURVE ( 'NONE', #8480, #5843, #1852, .T. ) ;
#4251 = DIRECTION ( 'NONE',  ( -1.000000000000000000, -1.504038027996622089E-18, -1.309403304758604554E-15 ) ) ;
#4252 = DIRECTION ( 'NONE',  ( -0.7071067811865517916, 0.7071067811865348052, 1.087810926371809607E-07 ) ) ;
#4253 = DIRECTION ( 'NONE',  ( -1.131489783230271034E-15, -0.5000000000000034417, 0.8660254037844367092 ) ) ;
#4254 = ORIENTED_EDGE ( 'NONE', *, *, #4698, .T. ) ;
#4255 = FACE_OUTER_BOUND ( 'NONE', #4215, .T. ) ;
#4256 = CARTESIAN_POINT ( 'NONE',  ( 121.9594733917879950, 49.15900246190719969, 176.8500716728239865 ) ) ;
#4257 = VERTEX_POINT ( 'NONE', #3178 ) ;
#4258 = CARTESIAN_POINT ( 'NONE',  ( 117.4594733917879950, 104.3679753938900063, 180.6501160567389945 ) ) ;
#4259 = LINE ( 'NONE', #7866, #9454 ) ;
#4260 = ORIENTED_EDGE ( 'NONE', *, *, #960, .T. ) ;
#4261 = EDGE_CURVE ( 'NONE', #3356, #3410, #4087, .T. ) ;
#4262 = AXIS2_PLACEMENT_3D ( 'NONE', #3764, #7989, #4489 ) ;
#4263 = ORIENTED_EDGE ( 'NONE', *, *, #2110, .T. ) ;
#4264 = CARTESIAN_POINT ( 'NONE',  ( 109.9594733917879381, 108.3052431466697954, 180.9036694473317652 ) ) ;
#4265 = LINE ( 'NONE', #3637, #2574 ) ;
#4266 = VERTEX_POINT ( 'NONE', #3273 ) ;
#4267 = DIRECTION ( 'NONE',  ( 1.000000000000000000, 3.659934064834425045E-31, 2.867418154708639919E-43 ) ) ;
#4268 = FACE_OUTER_BOUND ( 'NONE', #6492, .T. ) ;
#4269 = ORIENTED_EDGE ( 'NONE', *, *, #7051, .T. ) ;
#4270 = FACE_OUTER_BOUND ( 'NONE', #6614, .T. ) ;
#4271 = DIRECTION ( 'NONE',  ( 1.000000000000000000, 0.000000000000000000, 0.000000000000000000 ) ) ;
#4272 = EDGE_CURVE ( 'NONE', #1259, #8967, #8983, .T. ) ;
#4273 = DIRECTION ( 'NONE',  ( -1.000000000000000000, 2.927144186835264590E-16, 2.927144186835264590E-16 ) ) ;
#4274 = VECTOR ( 'NONE', #53, 999.9999999999998863 ) ;
#4275 = ORIENTED_EDGE ( 'NONE', *, *, #8976, .T. ) ;
#4276 = EDGE_LOOP ( 'NONE', ( #7376, #1762, #8880, #8989, #8260, #7623, #6121, #4604 ) ) ;
#4277 = VECTOR ( 'NONE', #4066, 1000.000000000000114 ) ;
#4278 = EDGE_CURVE ( 'NONE', #7143, #1320, #6205, .T. ) ;
#4279 = FACE_OUTER_BOUND ( 'NONE', #699, .T. ) ;
#4280 = CARTESIAN_POINT ( 'NONE',  ( 0.3999999999999975797, -6.235382907247958073, 0.000000000000000000 ) ) ;
#4281 = ORIENTED_EDGE ( 'NONE', *, *, #202, .F. ) ;
#4282 = CARTESIAN_POINT ( 'NONE',  ( 121.7594733917879921, 50.85900246190720253, 175.1500716728239979 ) ) ;
#4283 = CARTESIAN_POINT ( 'NONE',  ( 124.3594733917878159, 102.3855827877990947, 145.6611333522177745 ) ) ;
#4284 = EDGE_CURVE ( 'NONE', #6870, #9199, #1718, .T. ) ;
#4285 = VECTOR ( 'NONE', #3483, 1000.000000000000000 ) ;
#4286 = ORIENTED_EDGE ( 'NONE', *, *, #6321, .T. ) ;
#4287 = CARTESIAN_POINT ( 'NONE',  ( 121.9594733917879950, 52.55900246190719827, 176.8500716728239865 ) ) ;
#4288 = ADVANCED_FACE ( 'NONE', ( #4666 ), #994, .T. ) ;
#4289 = ORIENTED_EDGE ( 'NONE', *, *, #7810, .F. ) ;
#4290 = DIRECTION ( 'NONE',  ( -1.332169591021890008E-15, 0.000000000000000000, 1.000000000000000000 ) ) ;
#4291 = DIRECTION ( 'NONE',  ( 0.8660254037844384856, -0.5000000000000002220, 0.000000000000000000 ) ) ;
#4292 = AXIS2_PLACEMENT_3D ( 'NONE', #1348, #4300, #5310 ) ;
#4293 = VERTEX_POINT ( 'NONE', #4713 ) ;
#4294 = LINE ( 'NONE', #7946, #2831 ) ;
#4295 = DIRECTION ( 'NONE',  ( -1.309403304758604751E-15, -3.668761925651101858E-15, 1.000000000000000000 ) ) ;
#4296 = VECTOR ( 'NONE', #7564, 1000.000000000000000 ) ;
#4297 = DIRECTION ( 'NONE',  ( -1.309403304758604751E-15, -5.671848057300650126E-15, 1.000000000000000000 ) ) ;
#4298 = EDGE_CURVE ( 'NONE', #1358, #6099, #7597, .T. ) ;
#4299 = EDGE_CURVE ( 'NONE', #4142, #650, #4039, .T. ) ;
#4300 = DIRECTION ( 'NONE',  ( -1.000000000000000000, -2.003086131649548268E-15, 0.000000000000000000 ) ) ;
#4301 = CARTESIAN_POINT ( 'NONE',  ( 120.4594733917879950, 99.36797539389068845, 130.0501160567390571 ) ) ;
#4302 = ORIENTED_EDGE ( 'NONE', *, *, #37, .T. ) ;
#4303 = DIRECTION ( 'NONE',  ( 1.000000000000000000, 0.000000000000000000, 0.000000000000000000 ) ) ;
#4304 = CARTESIAN_POINT ( 'NONE',  ( 11.60000000000000497, -1.418955567684714834E-15, 0.000000000000000000 ) ) ;
#4305 = ORIENTED_EDGE ( 'NONE', *, *, #3681, .T. ) ;
#4306 = AXIS2_PLACEMENT_3D ( 'NONE', #4196, #525, #3472 ) ;
#4307 = CARTESIAN_POINT ( 'NONE',  ( 115.7199540685230090, 94.95626731504272300, 180.4501160567387785 ) ) ;
#4308 = CARTESIAN_POINT ( 'NONE',  ( 124.3594733917878017, 90.38558278779905208, 153.0512167978449440 ) ) ;
#4309 = ORIENTED_EDGE ( 'NONE', *, *, #5591, .F. ) ;
#4310 = EDGE_LOOP ( 'NONE', ( #73, #9485, #5787, #6926 ) ) ;
#4311 = DIRECTION ( 'NONE',  ( -7.888609052210119806E-31, 2.960594732333740256E-15, -1.000000000000000000 ) ) ;
#4312 = EDGE_CURVE ( 'NONE', #8474, #5380, #6878, .T. ) ;
#4313 = DIRECTION ( 'NONE',  ( -0.8660254037844388186, -0.4999999999999995559, 0.000000000000000000 ) ) ;
#4314 = ORIENTED_EDGE ( 'NONE', *, *, #6559, .T. ) ;
#4315 = CARTESIAN_POINT ( 'NONE',  ( 124.3594733917878017, 103.1855827877990635, 152.5893365824933028 ) ) ;
#4316 = CARTESIAN_POINT ( 'NONE',  ( 103.6479001739019878, 51.65921004631169211, 166.8113888862239946 ) ) ;
#4317 = EDGE_LOOP ( 'NONE', ( #8824, #9388, #5236, #5658 ) ) ;
#4318 = DIRECTION ( 'NONE',  ( 1.131489783230271625E-15, 0.5000000000000028866, -0.8660254037844370423 ) ) ;
#4319 = FACE_OUTER_BOUND ( 'NONE', #2783, .T. ) ;
#4320 = AXIS2_PLACEMENT_3D ( 'NONE', #7252, #1616, #6536 ) ;
#4321 = ORIENTED_EDGE ( 'NONE', *, *, #1551, .F. ) ;
#4322 = ORIENTED_EDGE ( 'NONE', *, *, #4299, .F. ) ;
#4323 = EDGE_CURVE ( 'NONE', #203, #9450, #2583, .T. ) ;
#4324 = PRODUCT ( 'Copie de Small Pattern^Main Body Side A_Mini BT Frame - Skirts', 'Copie de Small Pattern^Main Body Side A_Mini BT Frame - Skirts', '', ( #4461 ) ) ;
#4325 = PLANE ( 'NONE',  #8910 ) ;
#4326 = CARTESIAN_POINT ( 'NONE',  ( 121.5594733917879893, 50.85900246190720253, 175.1500716728239979 ) ) ;
#4327 = VERTEX_POINT ( 'NONE', #6969 ) ;
#4328 = CARTESIAN_POINT ( 'NONE',  ( 124.9594733917878386, 96.98558278779911745, 135.3842985606424065 ) ) ;
#4329 = CARTESIAN_POINT ( 'NONE',  ( 121.7594733917879921, 53.33084388076889581, 173.4500716728240093 ) ) ;
#4330 = CIRCLE ( 'NONE', #7244, 1.699999999999993072 ) ;
#4331 = ADVANCED_FACE ( 'NONE', ( #9356 ), #1367, .F. ) ;
#4332 = ORIENTED_EDGE ( 'NONE', *, *, #9103, .T. ) ;
#4333 = ORIENTED_EDGE ( 'NONE', *, *, #7319, .F. ) ;
#4334 = EDGE_CURVE ( 'NONE', #2179, #496, #5573, .T. ) ;
#4335 = DIRECTION ( 'NONE',  ( 2.259088449492210275E-30, -1.000000000000000000, -2.960594732333740256E-15 ) ) ;
#4336 = VERTEX_POINT ( 'NONE', #2681 ) ;
#4337 = PLANE ( 'NONE',  #2457 ) ;
#4338 = VECTOR ( 'NONE', #3988, 1000.000000000000000 ) ;
#4339 = DIRECTION ( 'NONE',  ( -6.503944880413190001E-16, -0.8660254037844410391, 0.4999999999999958922 ) ) ;
#4340 = ORIENTED_EDGE ( 'NONE', *, *, #3467, .F. ) ;
#4341 = LINE ( 'NONE', #4390, #7741 ) ;
#4342 = CARTESIAN_POINT ( 'NONE',  ( 124.9594733917878244, 90.78558278779910040, 138.9638702296180668 ) ) ;
#4343 = EDGE_CURVE ( 'NONE', #4030, #9451, #6794, .T. ) ;
#4344 = DIRECTION ( 'NONE',  ( -6.503944880413201834E-16, -0.8660254037844405950, 0.4999999999999967248 ) ) ;
#4345 = LINE ( 'NONE', #3482, #4599 ) ;
#4346 = DIRECTION ( 'NONE',  ( 6.503944880413204792E-16, 0.8660254037844403729, -0.4999999999999969469 ) ) ;
#4347 = EDGE_LOOP ( 'NONE', ( #3935, #2372, #6860, #3878 ) ) ;
#4348 = DIRECTION ( 'NONE',  ( -0.8660254037844387076, -0.4999999999999999445, 0.000000000000000000 ) ) ;
#4349 = AXIS2_PLACEMENT_3D ( 'NONE', #3357, #1169, #2766 ) ;
#4350 = CARTESIAN_POINT ( 'NONE',  ( 121.9594733917879950, 64.38389949957870328, 173.4500716728240093 ) ) ;
#4351 = ORIENTED_EDGE ( 'NONE', *, *, #7960, .F. ) ;
#4352 = CARTESIAN_POINT ( 'NONE',  ( 103.6479001739019878, 51.65921008091940081, 145.2896251811480113 ) ) ;
#4353 = LINE ( 'NONE', #3008, #7783 ) ;
#4354 = ORIENTED_EDGE ( 'NONE', *, *, #2749, .T. ) ;
#4355 = EDGE_CURVE ( 'NONE', #8494, #1525, #456, .T. ) ;
#4356 = EDGE_CURVE ( 'NONE', #2049, #3258, #8634, .T. ) ;
#4357 = ORIENTED_EDGE ( 'NONE', *, *, #6620, .T. ) ;
#4358 = CARTESIAN_POINT ( 'NONE',  ( 121.9594733917879950, 53.33084388076910187, 137.7001160632310075 ) ) ;
#4359 = VERTEX_POINT ( 'NONE', #7878 ) ;
#4360 = CARTESIAN_POINT ( 'NONE',  ( 103.8479001739019907, 51.65921004631179869, 165.6113888862240060 ) ) ;
#4361 = ITEM_DEFINED_TRANSFORMATION ( 'NONE', 'NONE', #1925,  #7161 ) ;
#4362 = DIRECTION ( 'NONE',  ( 0.8660254037844394848, 0.4999999999999983347, 0.000000000000000000 ) ) ;
#4363 = EDGE_LOOP ( 'NONE', ( #7182, #2100, #3857, #7701, #788, #1588, #2667, #7150 ) ) ;
#4364 = FACE_OUTER_BOUND ( 'NONE', #1646, .T. ) ;
#4365 = PLANE ( 'NONE',  #5772 ) ;
#4366 = VERTEX_POINT ( 'NONE', #647 ) ;
#4367 = CIRCLE ( 'NONE', #7891, 1.699999999999993072 ) ;
#4368 = CARTESIAN_POINT ( 'NONE',  ( 18.40000000000000213, 3.695041722813605656, 0.000000000000000000 ) ) ;
#4369 = ADVANCED_FACE ( 'NONE', ( #6484 ), #9398, .T. ) ;
#4370 = ORIENTED_EDGE ( 'NONE', *, *, #5194, .F. ) ;
#4371 = VECTOR ( 'NONE', #8994, 1000.000000000000000 ) ;
#4372 = VERTEX_POINT ( 'NONE', #7836 ) ;
#4373 = VECTOR ( 'NONE', #1437, 1000.000000000000000 ) ;
#4374 = PLANE ( 'NONE',  #8758 ) ;
#4375 = CARTESIAN_POINT ( 'NONE',  ( 0.3999999999999999667, -0.2309401076758503812, 0.000000000000000000 ) ) ;
#4376 = VERTEX_POINT ( 'NONE', #3455 ) ;
#4377 = DIRECTION ( 'NONE',  ( -6.536849690425969867E-16, 1.000000000000000000, 0.000000000000000000 ) ) ;
#4378 = AXIS2_PLACEMENT_3D ( 'NONE', #5803, #5232, #4511 ) ;
#4379 = DIRECTION ( 'NONE',  ( 3.155443620884050024E-30, -1.000000000000000000, -3.908184725064409972E-15 ) ) ;
#4380 = EDGE_CURVE ( 'NONE', #386, #8716, #6391, .T. ) ;
#4381 = EDGE_LOOP ( 'NONE', ( #6666, #6882, #6851, #3591 ) ) ;
#4382 = ORIENTED_EDGE ( 'NONE', *, *, #2271, .F. ) ;
#4383 = VECTOR ( 'NONE', #5417, 1000.000000000000000 ) ;
#4384 = VECTOR ( 'NONE', #7082, 1000.000000000000000 ) ;
#4385 = LINE ( 'NONE', #3038, #2099 ) ;
#4386 = ORIENTED_EDGE ( 'NONE', *, *, #6821, .T. ) ;
#4387 = CARTESIAN_POINT ( 'NONE',  ( 6.400000000000002132, -3.233161507461904005, 0.000000000000000000 ) ) ;
#4388 = CARTESIAN_POINT ( 'NONE',  ( 124.3594733917878017, 78.98558278779900377, 165.8683927738546231 ) ) ;
#4389 = ORIENTED_EDGE ( 'NONE', *, *, #919, .T. ) ;
#4390 = CARTESIAN_POINT ( 'NONE',  ( 11.80000000000000249, -6.581793068761736087, 0.000000000000000000 ) ) ;
#4391 = VECTOR ( 'NONE', #8402, 1000.000000000000000 ) ;
#4392 = LINE ( 'NONE', #4342, #8547 ) ;
#4393 = CIRCLE ( 'NONE', #220, 1.700000000000000178 ) ;
#4394 = EDGE_CURVE ( 'NONE', #3662, #7054, #1321, .T. ) ;
#4395 = FACE_OUTER_BOUND ( 'NONE', #2317, .T. ) ;
#4396 = VECTOR ( 'NONE', #697, 1000.000000000000000 ) ;
#4397 = CARTESIAN_POINT ( 'NONE',  ( 124.0592155665779899, 48.37595720608260308, 180.8501160567390116 ) ) ;
#4398 = PLANE ( 'NONE',  #9192 ) ;
#4399 = ORIENTED_EDGE ( 'NONE', *, *, #4428, .T. ) ;
#4400 = ADVANCED_FACE ( 'NONE', ( #4270 ), #4855, .T. ) ;
#4401 = CARTESIAN_POINT ( 'NONE',  ( 124.9594733917879950, 53.51935846417429588, 145.2397991069580030 ) ) ;
#4402 = DIRECTION ( 'NONE',  ( 0.000000000000000000, -2.891205793294796084E-14, 1.000000000000000000 ) ) ;
#4403 = ORIENTED_EDGE ( 'NONE', *, *, #7197, .F. ) ;
#4404 = CARTESIAN_POINT ( 'NONE',  ( 5.599999999999997868, -10.39230484541326582, 0.000000000000000000 ) ) ;
#4405 = CARTESIAN_POINT ( 'NONE',  ( 2.799999999999996270, 4.849742261192854009, 0.5999999999999999778 ) ) ;
#4406 = ORIENTED_EDGE ( 'NONE', *, *, #8816, .T. ) ;
#4407 = ADVANCED_FACE ( 'NONE', ( #5755 ), #6345, .T. ) ;
#4408 = CIRCLE ( 'NONE', #231, 0.5000000000000079936 ) ;
#4409 = AXIS2_PLACEMENT_3D ( 'NONE', #782, #5792, #2134 ) ;
#4410 = ORIENTED_EDGE ( 'NONE', *, *, #3353, .T. ) ;
#4411 = LINE ( 'NONE', #8770, #8695 ) ;
#4412 = DIRECTION ( 'NONE',  ( -1.000000000000000000, 2.576828496090354835E-30, -1.332169591021890008E-15 ) ) ;
#4413 = ORIENTED_EDGE ( 'NONE', *, *, #7733, .T. ) ;
#4414 = EDGE_CURVE ( 'NONE', #8004, #4160, #2778, .T. ) ;
#4415 = LINE ( 'NONE', #690, #6483 ) ;
#4416 = ADVANCED_FACE ( 'NONE', ( #9312 ), #2636, .F. ) ;
#4417 = VECTOR ( 'NONE', #3382, 1000.000000000000000 ) ;
#4418 = LINE ( 'NONE', #2243, #6519 ) ;
#4419 = ORIENTED_EDGE ( 'NONE', *, *, #5531, .F. ) ;
#4420 = CARTESIAN_POINT ( 'NONE',  ( 124.3594733917878017, 102.9855827877990748, 152.7048066363311989 ) ) ;
#4421 = PLANE ( 'NONE',  #7311 ) ;
#4422 = VERTEX_POINT ( 'NONE', #5666 ) ;
#4423 = CARTESIAN_POINT ( 'NONE',  ( 103.8479001739019907, 48.85879653723830529, 145.2896251811480113 ) ) ;
#4424 = ORIENTED_EDGE ( 'NONE', *, *, #2902, .T. ) ;
#4425 = ORIENTED_EDGE ( 'NONE', *, *, #1693, .F. ) ;
#4426 = ADVANCED_FACE ( 'NONE', ( #1183 ), #4138, .F. ) ;
#4427 = DIRECTION ( 'NONE',  ( 0.000000000000000000, -0.1260166810503134671, 0.9920281226341637337 ) ) ;
#4428 = EDGE_CURVE ( 'NONE', #1554, #7922, #505, .T. ) ;
#4429 = CARTESIAN_POINT ( 'NONE',  ( 124.3594733917878159, 96.98558278779910324, 142.3125017909179348 ) ) ;
#4430 = VERTEX_POINT ( 'NONE', #6440 ) ;
#4431 = LINE ( 'NONE', #3848, #8463 ) ;
#4432 = FACE_OUTER_BOUND ( 'NONE', #5087, .T. ) ;
#4433 = ORIENTED_EDGE ( 'NONE', *, *, #7144, .T. ) ;
#4434 = VECTOR ( 'NONE', #1065, 999.9999999999998863 ) ;
#4435 = VERTEX_POINT ( 'NONE', #5234 ) ;
#4436 = FACE_BOUND ( 'NONE', #6898, .T. ) ;
#4437 = ORIENTED_EDGE ( 'NONE', *, *, #8940, .F. ) ;
#4438 = CARTESIAN_POINT ( 'NONE',  ( 3.199999999999995293, 5.542562584220403821, 0.5999999999999999778 ) ) ;
#4439 = EDGE_CURVE ( 'NONE', #2540, #5030, #1559, .T. ) ;
#4440 = PLANE ( 'NONE',  #7280 ) ;
#4441 = ORIENTED_EDGE ( 'NONE', *, *, #4531, .T. ) ;
#4442 = CARTESIAN_POINT ( 'NONE',  ( 114.2041834770770095, 102.6954405435960069, 180.4501160567390059 ) ) ;
#4443 = CARTESIAN_POINT ( 'NONE',  ( 103.6479001739019878, 50.05879653723830813, 142.2994946864579902 ) ) ;
#4444 = CARTESIAN_POINT ( 'NONE',  ( 124.0592155665769951, 102.9954405435969989, 180.7501160567389888 ) ) ;
#4445 = VECTOR ( 'NONE', #7225, 1000.000000000000000 ) ;
#4446 = CARTESIAN_POINT ( 'NONE',  ( 121.9594733917879950, 49.15900246190719969, 173.4500716728240093 ) ) ;
#4447 = EDGE_CURVE ( 'NONE', #210, #7159, #3019, .T. ) ;
#4448 = CARTESIAN_POINT ( 'NONE',  ( 121.9594733917879950, 49.15900246190719969, 173.4500716728240093 ) ) ;
#4449 = ORIENTED_EDGE ( 'NONE', *, *, #5205, .F. ) ;
#4450 = DIRECTION ( 'NONE',  ( -1.000000000000000000, -1.504038027996622089E-18, -1.309403304758604554E-15 ) ) ;
#4451 = ORIENTED_EDGE ( 'NONE', *, *, #5711, .F. ) ;
#4452 = CARTESIAN_POINT ( 'NONE',  ( 121.1590591315069929, 47.05879653723749811, 144.3022190898700217 ) ) ;
#4453 = CARTESIAN_POINT ( 'NONE',  ( -5.600000000000001421, -3.233161507461909334, 0.000000000000000000 ) ) ;
#4454 = ORIENTED_EDGE ( 'NONE', *, *, #7384, .F. ) ;
#4455 = ORIENTED_EDGE ( 'NONE', *, *, #8497, .F. ) ;
#4456 = LINE ( 'NONE', #7385, #9324 ) ;
#4457 = ADVANCED_FACE ( 'NONE', ( #4364 ), #6671, .F. ) ;
#4458 = CARTESIAN_POINT ( 'NONE',  ( 12.20000000000000462, -7.274613391789286787, 0.5999999999999999778 ) ) ;
#4459 = ORIENTED_EDGE ( 'NONE', *, *, #4312, .T. ) ;
#4460 = CARTESIAN_POINT ( 'NONE',  ( -5.800000000000002487, 3.810511776651531068, 0.000000000000000000 ) ) ;
#4461 = PRODUCT_CONTEXT ( 'NONE', #4083, 'mechanical' ) ;
#4462 = DIRECTION ( 'NONE',  ( 0.000000000000000000, -1.000000000000000000, -1.982541115402126286E-14 ) ) ;
#4463 = VERTEX_POINT ( 'NONE', #2875 ) ;
#4464 = CARTESIAN_POINT ( 'NONE',  ( 6.400000000000002132, -16.62768775266123100, 0.5999999999999999778 ) ) ;
#4465 = DIRECTION ( 'NONE',  ( -1.000000000000000000, -1.504038027996622089E-18, -1.309403304758604554E-15 ) ) ;
#4466 = EDGE_LOOP ( 'NONE', ( #2782, #4207, #7140, #8781 ) ) ;
#4467 = CARTESIAN_POINT ( 'NONE',  ( 124.9594733917878244, 85.18558278779910609, 142.6589119524316516 ) ) ;
#4468 = EDGE_CURVE ( 'NONE', #3072, #5339, #58, .T. ) ;
#4469 = VERTEX_POINT ( 'NONE', #844 ) ;
#4470 = EDGE_LOOP ( 'NONE', ( #3544, #3583, #4952, #4198, #6444, #2811 ) ) ;
#4471 = DIRECTION ( 'NONE',  ( 0.000000000000000000, -1.486905836551535866E-14, -1.000000000000000000 ) ) ;
#4472 = FACE_OUTER_BOUND ( 'NONE', #9426, .T. ) ;
#4473 = VERTEX_POINT ( 'NONE', #1603 ) ;
#4474 = PLANE ( 'NONE',  #1711 ) ;
#4475 = DIRECTION ( 'NONE',  ( -1.000000000000000000, 0.000000000000000000, 0.000000000000000000 ) ) ;
#4476 = ADVANCED_FACE ( 'NONE', ( #3690 ), #8923, .T. ) ;
#4477 = ORIENTED_EDGE ( 'NONE', *, *, #2740, .F. ) ;
#4478 = EDGE_CURVE ( 'NONE', #1088, #6043, #5805, .T. ) ;
#4479 = VECTOR ( 'NONE', #5526, 1000.000000000000000 ) ;
#4480 = VERTEX_POINT ( 'NONE', #695 ) ;
#4481 = CARTESIAN_POINT ( 'NONE',  ( 124.9594733917879665, 90.38558278779905208, 151.6655761517898497 ) ) ;
#4482 = ORIENTED_EDGE ( 'NONE', *, *, #7371, .F. ) ;
#4483 = CARTESIAN_POINT ( 'NONE',  ( 114.8457325640329998, 102.8954405435960098, 180.6501160567389945 ) ) ;
#4484 = DIRECTION ( 'NONE',  ( 0.8660254037844387076, 0.4999999999999997780, 0.000000000000000000 ) ) ;
#4485 = VECTOR ( 'NONE', #8596, 1000.000000000000114 ) ;
#4486 = ORIENTED_EDGE ( 'NONE', *, *, #2279, .T. ) ;
#4487 = AXIS2_PLACEMENT_3D ( 'NONE', #8725, #1410, #7289 ) ;
#4488 = CARTESIAN_POINT ( 'NONE',  ( 23.60000000000000497, -20.78460969082654586, 0.5999999999999999778 ) ) ;
#4489 = DIRECTION ( 'NONE',  ( -3.659954016805835145E-31, 1.000000000000000000, 0.000000000000000000 ) ) ;
#4490 = EDGE_CURVE ( 'NONE', #7239, #8552, #8729, .T. ) ;
#4491 = VECTOR ( 'NONE', #6235, 1000.000000000000000 ) ;
#4492 = CARTESIAN_POINT ( 'NONE',  ( 103.4479001739019992, 62.05879653723739864, 130.6501160567389945 ) ) ;
#4493 = CARTESIAN_POINT ( 'NONE',  ( 113.0910641405250061, 103.2954405435960012, 181.0501160567390002 ) ) ;
#4494 = DIRECTION ( 'NONE',  ( -1.131489783230272414E-15, -0.5000000000000016653, 0.8660254037844378194 ) ) ;
#4495 = ORIENTED_EDGE ( 'NONE', *, *, #2150, .T. ) ;
#4496 = PRODUCT_DEFINITION_CONTEXT ( 'detailed design', #6533, 'design' ) ;
#4497 = DIRECTION ( 'NONE',  ( 1.332169591021890008E-15, 3.908184725064409972E-15, -1.000000000000000000 ) ) ;
#4498 = EDGE_LOOP ( 'NONE', ( #2338, #9059, #3139, #8223 ) ) ;
#4499 = PLANE ( 'NONE',  #6051 ) ;
#4500 = CARTESIAN_POINT ( 'NONE',  ( 124.9594733917878244, 85.18558278779909188, 145.4301932445418686 ) ) ;
#4501 = VERTEX_POINT ( 'NONE', #5902 ) ;
#4502 = VECTOR ( 'NONE', #9111, 1000.000000000000000 ) ;
#4503 = VECTOR ( 'NONE', #2553, 1000.000000000000000 ) ;
#4504 = ADVANCED_FACE ( 'NONE', ( #2147 ), #2193, .F. ) ;
#4505 = ORIENTED_EDGE ( 'NONE', *, *, #9375, .T. ) ;
#4506 = CARTESIAN_POINT ( 'NONE',  ( 124.9594733917878244, 96.78558278779910040, 141.5042114140524632 ) ) ;
#4507 = AXIS2_PLACEMENT_3D ( 'NONE', #5654, #4169, #7096 ) ;
#4508 = CARTESIAN_POINT ( 'NONE',  ( 103.4479001739019992, 51.50798946096159625, 170.0411270244289597 ) ) ;
#4509 = EDGE_LOOP ( 'NONE', ( #7821, #4382, #5564, #19, #7145, #3675, #570, #3728 ) ) ;
#4510 = CARTESIAN_POINT ( 'NONE',  ( 124.3594733917878017, 90.58558278779905493, 152.0119863133036233 ) ) ;
#4511 = DIRECTION ( 'NONE',  ( 0.000000000000000000, 0.9999999999999881206, 1.538396724824263788E-07 ) ) ;
#4512 = VERTEX_POINT ( 'NONE', #1515 ) ;
#4513 = CARTESIAN_POINT ( 'NONE',  ( -5.600000000000001421, -3.233161507461909334, 0.5999999999999999778 ) ) ;
#4514 = CARTESIAN_POINT ( 'NONE',  ( 121.7594733917879921, 48.50900246190720111, 175.1500716728239979 ) ) ;
#4515 = VERTEX_POINT ( 'NONE', #794 ) ;
#4516 = LINE ( 'NONE', #3071, #3022 ) ;
#4517 = ADVANCED_FACE ( 'NONE', ( #2296 ), #8161, .F. ) ;
#4518 = ORIENTED_EDGE ( 'NONE', *, *, #4343, .F. ) ;
#4519 = EDGE_LOOP ( 'NONE', ( #3431, #1840, #2686, #3073, #41 ) ) ;
#4520 = PLANE ( 'NONE',  #4320 ) ;
#4521 = LINE ( 'NONE', #6680, #662 ) ;
#4522 = ORIENTED_EDGE ( 'NONE', *, *, #7901, .T. ) ;
#4523 = LINE ( 'NONE', #1424, #1857 ) ;
#4524 = EDGE_CURVE ( 'NONE', #1517, #6109, #2245, .T. ) ;
#4525 = DIRECTION ( 'NONE',  ( 0.000000000000000000, 0.1260168930201991389, -0.9920280957077454165 ) ) ;
#4526 = ORIENTED_EDGE ( 'NONE', *, *, #2572, .T. ) ;
#4527 = ORIENTED_EDGE ( 'NONE', *, *, #4944, .T. ) ;
#4528 = DIRECTION ( 'NONE',  ( 2.003086131649544323E-15, -1.000000000000000000, 0.000000000000000000 ) ) ;
#4529 = DIRECTION ( 'NONE',  ( -1.131489783230271034E-15, -0.5000000000000035527, 0.8660254037844365982 ) ) ;
#4530 = CARTESIAN_POINT ( 'NONE',  ( 18.40000000000000213, -3.233161507461906226, 0.000000000000000000 ) ) ;
#4531 = EDGE_CURVE ( 'NONE', #7814, #3278, #3067, .T. ) ;
#4532 = ADVANCED_FACE ( 'NONE', ( #8825 ), #747, .T. ) ;
#4533 = AXIS2_PLACEMENT_3D ( 'NONE', #3172, #8308, #3745 ) ;
#4534 = ORIENTED_EDGE ( 'NONE', *, *, #7012, .F. ) ;
#4535 = DIRECTION ( 'NONE',  ( -6.503944880413202820E-16, -0.8660254037844404840, 0.4999999999999967804 ) ) ;
#4536 = DIRECTION ( 'NONE',  ( -0.000000000000000000, -0.000000000000000000, -1.000000000000000000 ) ) ;
#4537 = AXIS2_PLACEMENT_3D ( 'NONE', #7747, #2604, #4816 ) ;
#4538 = VECTOR ( 'NONE', #7708, 1000.000000000000000 ) ;
#4539 = DIRECTION ( 'NONE',  ( -1.000000000000000000, -1.504038027996622089E-18, -1.309403304758604554E-15 ) ) ;
#4540 = CARTESIAN_POINT ( 'NONE',  ( 124.9594733917879381, 78.38558278779896682, 172.4501858426163494 ) ) ;
#4541 = LINE ( 'NONE', #7421, #3979 ) ;
#4542 =( LENGTH_UNIT ( ) NAMED_UNIT ( * ) SI_UNIT ( .MILLI., .METRE. ) );
#4543 = AXIS2_PLACEMENT_3D ( 'NONE', #8175, #1670, #859 ) ;
#4544 = VECTOR ( 'NONE', #7117, 1000.000000000000000 ) ;
#4545 = VERTEX_POINT ( 'NONE', #4559 ) ;
#4546 = LINE ( 'NONE', #334, #1584 ) ;
#4547 = FACE_OUTER_BOUND ( 'NONE', #1133, .T. ) ;
#4548 = EDGE_LOOP ( 'NONE', ( #5046, #2825, #8738, #1376 ) ) ;
#4549 = VERTEX_POINT ( 'NONE', #3592 ) ;
#4550 = VECTOR ( 'NONE', #3838, 1000.000000000000000 ) ;
#4551 = AXIS2_PLACEMENT_3D ( 'NONE', #7537, #2928, #111 ) ;
#4552 = DIRECTION ( 'NONE',  ( -1.000000000000000000, 0.000000000000000000, 7.888609052210119806E-31 ) ) ;
#4553 = LINE ( 'NONE', #7433, #2277 ) ;
#4554 = ORIENTED_EDGE ( 'NONE', *, *, #338, .F. ) ;
#4555 = DIRECTION ( 'NONE',  ( -1.309403304758604751E-15, -3.668761925651101858E-15, 1.000000000000000000 ) ) ;
#4556 = ADVANCED_FACE ( 'NONE', ( #7346 ), #8777, .T. ) ;
#4557 = DIRECTION ( 'NONE',  ( 0.5000000000000000000, -0.8660254037844387076, 0.000000000000000000 ) ) ;
#4558 = ORIENTED_EDGE ( 'NONE', *, *, #9095, .T. ) ;
#4559 = CARTESIAN_POINT ( 'NONE',  ( 124.9594733917878244, 95.98558278779910324, 141.9660916294041613 ) ) ;
#4560 = AXIS2_PLACEMENT_3D ( 'NONE', #96, #7477, #8812 ) ;
#4561 = DIRECTION ( 'NONE',  ( -1.000000000000000000, 5.292037523355240942E-16, -3.285328468285960224E-15 ) ) ;
#4562 = ORIENTED_EDGE ( 'NONE', *, *, #6283, .T. ) ;
#4563 = DIRECTION ( 'NONE',  ( -1.000000000000000000, 0.000000000000000000, 0.000000000000000000 ) ) ;
#4564 = EDGE_LOOP ( 'NONE', ( #9256, #7520, #4237, #6306 ) ) ;
#4565 = ORIENTED_EDGE ( 'NONE', *, *, #5628, .T. ) ;
#4566 = DIRECTION ( 'NONE',  ( -6.503944880413201834E-16, -0.8660254037844404840, 0.4999999999999967248 ) ) ;
#4567 = ORIENTED_EDGE ( 'NONE', *, *, #8685, .T. ) ;
#4568 = CARTESIAN_POINT ( 'NONE',  ( 124.3594733917878017, 90.98558278779906061, 152.7048066363311705 ) ) ;
#4569 = EDGE_CURVE ( 'NONE', #6569, #3707, #5192, .T. ) ;
#4570 = DIRECTION ( 'NONE',  ( 3.155443620884050024E-30, -1.000000000000000000, -3.908184725064409972E-15 ) ) ;
#4571 = VERTEX_POINT ( 'NONE', #5328 ) ;
#4572 = CARTESIAN_POINT ( 'NONE',  ( 104.6479001739019878, 47.05879653723749811, 130.4501160567390059 ) ) ;
#4573 = DIRECTION ( 'NONE',  ( -6.590088167172826938E-16, 0.8660254037844374864, 0.5000000000000018874 ) ) ;
#4574 = VECTOR ( 'NONE', #6601, 1000.000000000000000 ) ;
#4575 = VECTOR ( 'NONE', #5932, 1000.000000000000000 ) ;
#4576 = APPLICATION_CONTEXT ( 'automotive_design' ) ;
#4577 = VERTEX_POINT ( 'NONE', #9022 ) ;
#4578 = ORIENTED_EDGE ( 'NONE', *, *, #5402, .T. ) ;
#4579 = EDGE_CURVE ( 'NONE', #5811, #4983, #1070, .T. ) ;
#4580 = FACE_BOUND ( 'NONE', #9317, .T. ) ;
#4581 = AXIS2_PLACEMENT_3D ( 'NONE', #5064, #4928, #5731 ) ;
#4582 = CARTESIAN_POINT ( 'NONE',  ( 124.9594733917878386, 96.58558278779912598, 134.6914782376148878 ) ) ;
#4583 = EDGE_CURVE ( 'NONE', #9361, #3786, #299, .T. ) ;
#4584 = DIRECTION ( 'NONE',  ( -0.7071067811865320296, -1.570092458683770700E-14, 0.7071067811865631159 ) ) ;
#4585 = CARTESIAN_POINT ( 'NONE',  ( 11.60000000000000497, -6.928203230275511437, 0.000000000000000000 ) ) ;
#4586 = ORIENTED_EDGE ( 'NONE', *, *, #4636, .T. ) ;
#4587 = CARTESIAN_POINT ( 'NONE',  ( 17.60000000000000142, -10.62324495308912198, 0.5999999999999999778 ) ) ;
#4588 = LINE ( 'NONE', #5446, #9012 ) ;
#4589 = CIRCLE ( 'NONE', #5043, 3.000000000000002665 ) ;
#4590 = EDGE_CURVE ( 'NONE', #9450, #4673, #3557, .T. ) ;
#4591 = CARTESIAN_POINT ( 'NONE',  ( 115.7594733917880063, 104.3679753938900063, 167.0501160567430077 ) ) ;
#4592 = CARTESIAN_POINT ( 'NONE',  ( 124.3594733917878017, 90.98558278779906061, 152.0119863133036233 ) ) ;
#4593 = PLANE ( 'NONE',  #894 ) ;
#4594 = FILL_AREA_STYLE_COLOUR ( '', #8683 ) ;
#4595 = EDGE_LOOP ( 'NONE', ( #8096, #315, #6782, #6546 ) ) ;
#4596 = DIRECTION ( 'NONE',  ( -4.973484979956462810E-18, 1.000000000000000000, 4.169533458563488136E-15 ) ) ;
#4597 = DIRECTION ( 'NONE',  ( 0.000000000000000000, -1.000000000000000000, -2.312964634635796856E-14 ) ) ;
#4598 = ORIENTED_EDGE ( 'NONE', *, *, #818, .T. ) ;
#4599 = VECTOR ( 'NONE', #2075, 1000.000000000000000 ) ;
#4600 = ADVANCED_FACE ( 'NONE', ( #3262 ), #6047, .F. ) ;
#4601 = ORIENTED_EDGE ( 'NONE', *, *, #614, .T. ) ;
#4602 = CARTESIAN_POINT ( 'NONE',  ( 105.2908226684699997, 107.9516897560760071, 181.0501160567390002 ) ) ;
#4603 = FACE_BOUND ( 'NONE', #4548, .T. ) ;
#4604 = ORIENTED_EDGE ( 'NONE', *, *, #4447, .F. ) ;
#4605 = LINE ( 'NONE', #8387, #314 ) ;
#4606 = LINE ( 'NONE', #6862, #3607 ) ;
#4607 = ORIENTED_EDGE ( 'NONE', *, *, #6871, .F. ) ;
#4608 = DIRECTION ( 'NONE',  ( -0.8660254037844384856, 0.5000000000000002220, 0.000000000000000000 ) ) ;
#4609 = CARTESIAN_POINT ( 'NONE',  ( 24.20000000000000639, -14.20281662206481066, 0.000000000000000000 ) ) ;
#4610 = ORIENTED_EDGE ( 'NONE', *, *, #1945, .F. ) ;
#4611 = CARTESIAN_POINT ( 'NONE',  ( 124.3594733917878159, 85.18558278779909188, 148.6633547520037553 ) ) ;
#4612 = VERTEX_POINT ( 'NONE', #2386 ) ;
#4613 = EDGE_CURVE ( 'NONE', #9193, #5142, #3306, .T. ) ;
#4614 = AXIS2_PLACEMENT_3D ( 'NONE', #4438, #7509, #5299 ) ;
#4615 = ORIENTED_EDGE ( 'NONE', *, *, #1929, .F. ) ;
#4616 = DIRECTION ( 'NONE',  ( -6.590088167172844687E-16, 0.8660254037844367092, 0.5000000000000033307 ) ) ;
#4617 = ORIENTED_EDGE ( 'NONE', *, *, #8417, .T. ) ;
#4618 = DIRECTION ( 'NONE',  ( 6.536849690425969867E-16, -1.000000000000000000, 0.000000000000000000 ) ) ;
#4619 = CARTESIAN_POINT ( 'NONE',  ( 124.5594733917879893, 47.05879653723749811, 144.8376160567389945 ) ) ;
#4620 = ORIENTED_EDGE ( 'NONE', *, *, #8166, .T. ) ;
#4621 = LINE ( 'NONE', #2448, #4183 ) ;
#4622 = DIRECTION ( 'NONE',  ( -1.332169591021890008E-15, 0.000000000000000000, 1.000000000000000000 ) ) ;
#4623 = EDGE_LOOP ( 'NONE', ( #6004, #1866, #2634, #6430 ) ) ;
#4624 = EDGE_CURVE ( 'NONE', #4293, #482, #7582, .T. ) ;
#4625 = VERTEX_POINT ( 'NONE', #152 ) ;
#4626 = LINE ( 'NONE', #353, #1331 ) ;
#4627 = VECTOR ( 'NONE', #7842, 1000.000000000000000 ) ;
#4628 = FACE_OUTER_BOUND ( 'NONE', #5744, .T. ) ;
#4629 = DIRECTION ( 'NONE',  ( 1.000000000000000000, 0.000000000000000000, 0.000000000000000000 ) ) ;
#4630 = CARTESIAN_POINT ( 'NONE',  ( 11.60000000000000497, -6.235382907247959849, 0.000000000000000000 ) ) ;
#4631 = ORIENTED_EDGE ( 'NONE', *, *, #5144, .F. ) ;
#4632 = DIRECTION ( 'NONE',  ( 1.136463268210226594E-15, -0.4999999999999970024, -0.8660254037844403729 ) ) ;
#4633 = ADVANCED_FACE ( 'NONE', ( #2528 ), #6910, .T. ) ;
#4634 = DIRECTION ( 'NONE',  ( -1.000000000000000000, 0.000000000000000000, 0.000000000000000000 ) ) ;
#4635 = VECTOR ( 'NONE', #8214, 999.9999999999998863 ) ;
#4636 = EDGE_CURVE ( 'NONE', #8394, #3662, #8258, .T. ) ;
#4637 = LINE ( 'NONE', #921, #2737 ) ;
#4638 = DIRECTION ( 'NONE',  ( 6.503944880413201834E-16, 0.8660254037844405950, -0.4999999999999967248 ) ) ;
#4639 = VECTOR ( 'NONE', #8584, 1000.000000000000000 ) ;
#4640 = ORIENTED_EDGE ( 'NONE', *, *, #7104, .F. ) ;
#4641 = LINE ( 'NONE', #7568, #5438 ) ;
#4642 = EDGE_CURVE ( 'NONE', #5056, #9251, #3884, .T. ) ;
#4643 = DIRECTION ( 'NONE',  ( 1.000000000000000000, 0.000000000000000000, 0.000000000000000000 ) ) ;
#4644 = ORIENTED_EDGE ( 'NONE', *, *, #1148, .T. ) ;
#4645 = ORIENTED_EDGE ( 'NONE', *, *, #9103, .F. ) ;
#4646 = FACE_OUTER_BOUND ( 'NONE', #3987, .T. ) ;
#4647 = DIRECTION ( 'NONE',  ( 0.000000000000000000, 0.000000000000000000, 1.000000000000000000 ) ) ;
#4648 = ORIENTED_EDGE ( 'NONE', *, *, #7837, .T. ) ;
#4649 = CARTESIAN_POINT ( 'NONE',  ( 124.3594733917878159, 90.98558278779908903, 145.0837830830280950 ) ) ;
#4650 = VECTOR ( 'NONE', #5277, 1000.000000000000000 ) ;
#4651 = LINE ( 'NONE', #1748, #2379 ) ;
#4652 = ORIENTED_EDGE ( 'NONE', *, *, #6472, .F. ) ;
#4653 = CARTESIAN_POINT ( 'NONE',  ( 124.5723247599936769, 112.1459451690572990, 176.9734914066598890 ) ) ;
#4654 = ADVANCED_FACE ( 'NONE', ( #5378 ), #6814, .T. ) ;
#4655 = CARTESIAN_POINT ( 'NONE',  ( 124.9594733917878102, 96.78558278779907198, 149.3561750750313593 ) ) ;
#4656 = ADVANCED_FACE ( 'NONE', ( #3837 ), #1798, .T. ) ;
#4657 = EDGE_LOOP ( 'NONE', ( #4526, #4063 ) ) ;
#4658 = PLANE ( 'NONE',  #9449 ) ;
#4659 = VERTEX_POINT ( 'NONE', #8342 ) ;
#4660 = CARTESIAN_POINT ( 'NONE',  ( 99.01619377653250353, 47.05879653723739864, 180.6501160567389945 ) ) ;
#4661 = CARTESIAN_POINT ( 'NONE',  ( 196.4508015372530281, 62.05879653723739864, 130.0501160567390002 ) ) ;
#4662 = MANIFOLD_SOLID_BREP ( 'Extru.-Mince6', #669 ) ;
#4663 = DIRECTION ( 'NONE',  ( -1.309403304758604751E-15, -4.322446894693699141E-15, 1.000000000000000000 ) ) ;
#4664 = LINE ( 'NONE', #4619, #6220 ) ;
#4665 = EDGE_LOOP ( 'NONE', ( #6930, #5163, #8120, #8272 ) ) ;
#4666 = FACE_OUTER_BOUND ( 'NONE', #6915, .T. ) ;
#4667 = CARTESIAN_POINT ( 'NONE',  ( 17.80000000000000782, -30.83050437472603633, 0.5999999999999999778 ) ) ;
#4668 = EDGE_CURVE ( 'NONE', #1217, #1083, #446, .T. ) ;
#4669 = ORIENTED_EDGE ( 'NONE', *, *, #8481, .F. ) ;
#4670 = EDGE_LOOP ( 'NONE', ( #2356, #5827, #1489, #8304 ) ) ;
#4671 = CARTESIAN_POINT ( 'NONE',  ( 97.10416572089670240, 111.6587965372630009, 130.5501160567390002 ) ) ;
#4672 = CARTESIAN_POINT ( 'NONE',  ( 124.9594733917878244, 102.7855827877991146, 138.0401097989146990 ) ) ;
#4673 = VERTEX_POINT ( 'NONE', #9160 ) ;
#4674 = FACE_BOUND ( 'NONE', #1045, .T. ) ;
#4675 = CARTESIAN_POINT ( 'NONE',  ( 12.40000000000000391, -1.418955567684714834E-15, 0.000000000000000000 ) ) ;
#4676 = EDGE_CURVE ( 'NONE', #157, #7451, #4211, .T. ) ;
#4677 = EDGE_LOOP ( 'NONE', ( #2976, #2080, #8566, #6740, #4309 ) ) ;
#4678 = DIRECTION ( 'NONE',  ( 0.5000000000000004441, -0.8660254037844384856, 0.000000000000000000 ) ) ;
#4679 = DIRECTION ( 'NONE',  ( -3.373339673922279865E-30, 1.000000000000000000, 3.908184725064409972E-15 ) ) ;
#4680 = VECTOR ( 'NONE', #8159, 1000.000000000000000 ) ;
#4681 = LINE ( 'NONE', #1733, #5812 ) ;
#4682 = LINE ( 'NONE', #4007, #9203 ) ;
#4683 = VECTOR ( 'NONE', #624, 1000.000000000000114 ) ;
#4684 = CARTESIAN_POINT ( 'NONE',  ( 120.0732142195430043, 102.8954405435970045, 180.6501160567389945 ) ) ;
#4685 = EDGE_CURVE ( 'NONE', #8500, #2285, #810, .T. ) ;
#4686 = ORIENTED_EDGE ( 'NONE', *, *, #5511, .F. ) ;
#4687 = EDGE_CURVE ( 'NONE', #7694, #8405, #1890, .T. ) ;
#4688 = CARTESIAN_POINT ( 'NONE',  ( 104.6479001739019878, 62.05879653723739864, 130.6501160567389945 ) ) ;
#4689 = CARTESIAN_POINT ( 'NONE',  ( -5.600000000000001421, 2.771281292110205019, -0.000000000000000000 ) ) ;
#4690 = ORIENTED_EDGE ( 'NONE', *, *, #2617, .F. ) ;
#4691 = CARTESIAN_POINT ( 'NONE',  ( 0.3999999999999976352, -7.621023553303062137, 0.5999999999999999778 ) ) ;
#4692 = EDGE_CURVE ( 'NONE', #4266, #3352, #7822, .T. ) ;
#4693 = VECTOR ( 'NONE', #4450, 1000.000000000000000 ) ;
#4694 = CARTESIAN_POINT ( 'NONE',  ( 103.4479001739019992, 47.94163924971199719, 130.6501160567390230 ) ) ;
#4695 = VECTOR ( 'NONE', #3074, 1000.000000000000000 ) ;
#4696 = ORIENTED_EDGE ( 'NONE', *, *, #4833, .F. ) ;
#4697 = DIRECTION ( 'NONE',  ( -6.503944880413201834E-16, -0.8660254037844404840, 0.4999999999999967248 ) ) ;
#4698 = EDGE_CURVE ( 'NONE', #6115, #1313, #4072, .T. ) ;
#4699 = DIRECTION ( 'NONE',  ( -2.259088449492210625E-30, 1.000000000000000000, 2.960594732333740256E-15 ) ) ;
#4700 = ORIENTED_EDGE ( 'NONE', *, *, #5924, .T. ) ;
#4701 = DIRECTION ( 'NONE',  ( -8.461612009535178980E-15, 0.7071067811865482389, 0.7071067811865469066 ) ) ;
#4702 = ORIENTED_EDGE ( 'NONE', *, *, #1297, .T. ) ;
#4703 = FACE_BOUND ( 'NONE', #5909, .T. ) ;
#4704 = VECTOR ( 'NONE', #7799, 1000.000000000000000 ) ;
#4705 = ORIENTED_EDGE ( 'NONE', *, *, #762, .F. ) ;
#4706 = VERTEX_POINT ( 'NONE', #2081 ) ;
#4707 = EDGE_CURVE ( 'NONE', #3865, #76, #541, .T. ) ;
#4708 = VECTOR ( 'NONE', #7535, 1000.000000000000114 ) ;
#4709 = VECTOR ( 'NONE', #2483, 1000.000000000000000 ) ;
#4710 = DIRECTION ( 'NONE',  ( 1.000000000000000000, 1.504038027996621897E-18, 1.309403304758604554E-15 ) ) ;
#4711 = DIRECTION ( 'NONE',  ( 1.332169591021890008E-15, 2.960594732333740256E-15, -1.000000000000000000 ) ) ;
#4712 = ORIENTED_EDGE ( 'NONE', *, *, #3717, .T. ) ;
#4713 = CARTESIAN_POINT ( 'NONE',  ( 23.60000000000000853, -21.01554979850239491, 0.5999999999999999778 ) ) ;
#4714 = CARTESIAN_POINT ( 'NONE',  ( 114.4594733917879950, 99.36797539389073108, 129.0501160567390286 ) ) ;
#4715 = AXIS2_PLACEMENT_3D ( 'NONE', #6917, #7103, #304 ) ;
#4716 = ORIENTED_EDGE ( 'NONE', *, *, #4624, .T. ) ;
#4717 = VERTEX_POINT ( 'NONE', #5607 ) ;
#4718 = EDGE_CURVE ( 'NONE', #76, #8913, #9298, .T. ) ;
#4719 = EDGE_CURVE ( 'NONE', #7393, #8982, #3489, .T. ) ;
#4720 = PLANE ( 'NONE',  #7069 ) ;
#4721 = PLANE ( 'NONE',  #2214 ) ;
#4722 = EDGE_LOOP ( 'NONE', ( #4130, #142, #2182, #3529 ) ) ;
#4723 = FACE_BOUND ( 'NONE', #2067, .T. ) ;
#4724 = CARTESIAN_POINT ( 'NONE',  ( 121.5594733917879893, 50.85900246190720253, 175.1500716728239979 ) ) ;
#4725 = AXIS2_PLACEMENT_3D ( 'NONE', #2123, #1439, #8800 ) ;
#4726 = ORIENTED_EDGE ( 'NONE', *, *, #6575, .F. ) ;
#4727 = DIRECTION ( 'NONE',  ( 3.155443620884050024E-30, -1.000000000000000000, -3.908184725064409972E-15 ) ) ;
#4728 = CARTESIAN_POINT ( 'NONE',  ( 105.8479001739020049, 48.85879653723819871, 168.8506931385969949 ) ) ;
#4729 = AXIS2_PLACEMENT_3D ( 'NONE', #3450, #8582, #8439 ) ;
#4730 = EDGE_CURVE ( 'NONE', #1558, #4515, #5880, .T. ) ;
#4731 = LINE ( 'NONE', #1055, #2900 ) ;
#4732 = CARTESIAN_POINT ( 'NONE',  ( 120.4199540685230119, 94.95626731504272300, 169.4033123135855874 ) ) ;
#4733 = DIRECTION ( 'NONE',  ( -1.000000000000000000, -4.397260261495970714E-31, 5.804209993942139864E-31 ) ) ;
#4734 = ORIENTED_EDGE ( 'NONE', *, *, #7562, .T. ) ;
#4735 = LINE ( 'NONE', #7668, #4820 ) ;
#4736 = CARTESIAN_POINT ( 'NONE',  ( 124.3594733917878159, 91.18558278779909188, 145.6611333522177176 ) ) ;
#4737 = VERTEX_POINT ( 'NONE', #2722 ) ;
#4738 = EDGE_CURVE ( 'NONE', #7118, #1757, #2035, .T. ) ;
#4739 = CARTESIAN_POINT ( 'NONE',  ( 124.9594733917877960, 78.38558278779899524, 166.2148029353683967 ) ) ;
#4740 = LINE ( 'NONE', #7673, #4434 ) ;
#4741 = ORIENTED_EDGE ( 'NONE', *, *, #6394, .T. ) ;
#4742 = LINE ( 'NONE', #3109, #1549 ) ;
#4743 = CARTESIAN_POINT ( 'NONE',  ( 124.9594733917878102, 108.9855827877990606, 156.1689082514689915 ) ) ;
#4744 = ORIENTED_EDGE ( 'NONE', *, *, #462, .F. ) ;
#4745 = FILL_AREA_STYLE ('',( #3213 ) ) ;
#4746 = DIRECTION ( 'NONE',  ( -6.503944880413212681E-16, -0.8660254037844400399, 0.4999999999999976130 ) ) ;
#4747 = ORIENTED_EDGE ( 'NONE', *, *, #6226, .F. ) ;
#4748 = CARTESIAN_POINT ( 'NONE',  ( 121.7594733917879921, 47.85900246190749385, 136.0001160632320136 ) ) ;
#4749 = EDGE_CURVE ( 'NONE', #7465, #3689, #4978, .T. ) ;
#4750 = ORIENTED_EDGE ( 'NONE', *, *, #2032, .T. ) ;
#4751 = ADVANCED_FACE ( 'NONE', ( #6331 ), #6428, .F. ) ;
#4752 = LINE ( 'NONE', #1122, #6713 ) ;
#4753 = AXIS2_PLACEMENT_3D ( 'NONE', #2904, #535, #9380 ) ;
#4754 = ORIENTED_EDGE ( 'NONE', *, *, #2052, .F. ) ;
#4755 = CARTESIAN_POINT ( 'NONE',  ( 11.80000000000000249, -6.581793068761736087, 0.000000000000000000 ) ) ;
#4756 = DIRECTION ( 'NONE',  ( 0.000000000000000000, -0.1260168930201850113, 0.9920280957077471928 ) ) ;
#4757 = ORIENTED_EDGE ( 'NONE', *, *, #5797, .F. ) ;
#4758 = CARTESIAN_POINT ( 'NONE',  ( 30.40000000000002700, 0.000000000000000000, 0.5999999999999999778 ) ) ;
#4759 = CARTESIAN_POINT ( 'NONE',  ( 124.9594733917877960, 78.38558278779899524, 166.4457430430442457 ) ) ;
#4760 = ADVANCED_FACE ( 'NONE', ( #9249 ), #2668, .F. ) ;
#4761 = AXIS2_PLACEMENT_3D ( 'NONE', #3249, #5589, #9097 ) ;
#4762 = ORIENTED_EDGE ( 'NONE', *, *, #760, .F. ) ;
#4763 = ORIENTED_EDGE ( 'NONE', *, *, #9309, .F. ) ;
#4764 = DIRECTION ( 'NONE',  ( 6.503944880413200848E-16, 0.8660254037844405950, -0.4999999999999966138 ) ) ;
#4765 = CARTESIAN_POINT ( 'NONE',  ( 121.9594733917879950, 53.33084388076889581, 176.8500716728239865 ) ) ;
#4766 = ORIENTED_EDGE ( 'NONE', *, *, #3921, .T. ) ;
#4767 = FACE_BOUND ( 'NONE', #5110, .T. ) ;
#4768 = CARTESIAN_POINT ( 'NONE',  ( 121.5594733917879893, 49.15900246190719969, 173.4500716728240093 ) ) ;
#4769 = ORIENTED_EDGE ( 'NONE', *, *, #9501, .T. ) ;
#4770 = CARTESIAN_POINT ( 'NONE',  ( -5.600000000000001421, 0.000000000000000000, -0.000000000000000000 ) ) ;
#4771 = EDGE_CURVE ( 'NONE', #7773, #852, #3895, .T. ) ;
#4772 = LINE ( 'NONE', #2650, #7323 ) ;
#4773 = EDGE_CURVE ( 'NONE', #7136, #4480, #492, .T. ) ;
#4774 = CONICAL_SURFACE ( 'NONE', #3085, 1.400000000000019673, 0.7853981633974751464 ) ;
#4775 = CARTESIAN_POINT ( 'NONE',  ( 114.2330715267210053, 103.2954405435960012, 181.0501160567390002 ) ) ;
#4776 = DIRECTION ( 'NONE',  ( 1.309403304758604751E-15, 3.260006316437975661E-15, -1.000000000000000000 ) ) ;
#4777 = CARTESIAN_POINT ( 'NONE',  ( 17.60000000000001563, -17.55144818336463786, 0.5999999999999999778 ) ) ;
#4778 = ORIENTED_EDGE ( 'NONE', *, *, #8761, .F. ) ;
#4779 = AXIS2_PLACEMENT_3D ( 'NONE', #5387, #902, #8267 ) ;
#4780 = CARTESIAN_POINT ( 'NONE',  ( 11.59999999999999964, -13.62546635287517027, 0.5999999999999999778 ) ) ;
#4781 = LINE ( 'NONE', #6138, #7471 ) ;
#4782 = EDGE_CURVE ( 'NONE', #100, #1964, #5121, .T. ) ;
#4783 = ORIENTED_EDGE ( 'NONE', *, *, #649, .F. ) ;
#4784 = FACE_OUTER_BOUND ( 'NONE', #2734, .T. ) ;
#4785 = CARTESIAN_POINT ( 'NONE',  ( 124.9594733917878244, 90.78558278779910040, 138.9638702296180668 ) ) ;
#4786 = ORIENTED_EDGE ( 'NONE', *, *, #8376, .T. ) ;
#4787 = LINE ( 'NONE', #4166, #3718 ) ;
#4788 = PLANE ( 'NONE',  #7137 ) ;
#4789 = ORIENTED_EDGE ( 'NONE', *, *, #3511, .F. ) ;
#4790 = DIRECTION ( 'NONE',  ( 6.503944880413203806E-16, 0.8660254037844404840, -0.4999999999999968914 ) ) ;
#4791 = CARTESIAN_POINT ( 'NONE',  ( 120.4199540685230119, 94.95626731504272300, 176.0501160567391139 ) ) ;
#4792 = ORIENTED_EDGE ( 'NONE', *, *, #5360, .F. ) ;
#4793 = ADVANCED_FACE ( 'NONE', ( #8617 ), #1308, .T. ) ;
#4794 = DIRECTION ( 'NONE',  ( -1.000000000000000000, -1.504038027996622089E-18, -1.309403304758604554E-15 ) ) ;
#4795 = EDGE_LOOP ( 'NONE', ( #7438, #5284, #6854, #8856 ) ) ;
#4796 = PLANE ( 'NONE',  #2711 ) ;
#4797 =( BOUNDED_CURVE ( )  B_SPLINE_CURVE ( 3, ( #5311, #5261, #6705, #7519 ),
 .UNSPECIFIED., .F., .F. ) 
 B_SPLINE_CURVE_WITH_KNOTS ( ( 4, 4 ),
 ( 1.804112415015821002E-15, 0.3926990816992974032 ),
 .UNSPECIFIED. ) 
 CURVE ( )  GEOMETRIC_REPRESENTATION_ITEM ( )  RATIONAL_B_SPLINE_CURVE ( ( 1.000000000000000000, 0.9871901869354497983, 0.9871901869354497983, 1.000000000000000000 ) ) 
 REPRESENTATION_ITEM ( '' )  );
#4798 = CARTESIAN_POINT ( 'NONE',  ( 117.4594733917879950, 104.3679753938900063, 180.6501160567389945 ) ) ;
#4799 = VECTOR ( 'NONE', #8475, 1000.000000000000000 ) ;
#4800 = ORIENTED_EDGE ( 'NONE', *, *, #9463, .F. ) ;
#4801 = CARTESIAN_POINT ( 'NONE',  ( -0.1999999999999999278, 0.3464101615137755164, 0.000000000000000000 ) ) ;
#4802 = DIRECTION ( 'NONE',  ( -1.000000000000000000, 0.000000000000000000, -1.021178001041630021E-43 ) ) ;
#4803 = ORIENTED_EDGE ( 'NONE', *, *, #4636, .F. ) ;
#4804 = DIRECTION ( 'NONE',  ( 1.000000000000000000, 0.000000000000000000, 0.000000000000000000 ) ) ;
#4805 = DIRECTION ( 'NONE',  ( 0.8660254037844391517, -0.4999999999999991118, 0.000000000000000000 ) ) ;
#4806 = EDGE_CURVE ( 'NONE', #6682, #8034, #2133, .T. ) ;
#4807 = AXIS2_PLACEMENT_3D ( 'NONE', #7439, #6629, #1414 ) ;
#4808 = AXIS2_PLACEMENT_3D ( 'NONE', #676, #2362, #7954 ) ;
#4809 = ORIENTED_EDGE ( 'NONE', *, *, #7979, .F. ) ;
#4810 = VERTEX_POINT ( 'NONE', #4452 ) ;
#4811 = EDGE_CURVE ( 'NONE', #3829, #4372, #1355, .T. ) ;
#4812 = DIRECTION ( 'NONE',  ( 0.8660254037844395958, 0.4999999999999983347, 0.000000000000000000 ) ) ;
#4813 = LINE ( 'NONE', #367, #3142 ) ;
#4814 = VERTEX_POINT ( 'NONE', #2861 ) ;
#4815 = CARTESIAN_POINT ( 'NONE',  ( 5.599999999999997868, -10.62324495308911665, 0.000000000000000000 ) ) ;
#4816 = DIRECTION ( 'NONE',  ( 6.590088167172842715E-16, -0.8660254037844369313, -0.5000000000000029976 ) ) ;
#4817 = ORIENTED_EDGE ( 'NONE', *, *, #941, .F. ) ;
#4818 = FACE_OUTER_BOUND ( 'NONE', #2710, .T. ) ;
#4819 = DIRECTION ( 'NONE',  ( -1.309403304758604751E-15, -5.671848057300646182E-15, 1.000000000000000000 ) ) ;
#4820 = VECTOR ( 'NONE', #6801, 1000.000000000000000 ) ;
#4821 = DIRECTION ( 'NONE',  ( 0.8660254037844391517, -0.4999999999999991118, 0.000000000000000000 ) ) ;
#4822 = EDGE_CURVE ( 'NONE', #8700, #5320, #8148, .T. ) ;
#4823 = EDGE_CURVE ( 'NONE', #3696, #210, #1111, .T. ) ;
#4824 = CARTESIAN_POINT ( 'NONE',  ( 6.000000000000000000, -3.925981830489455149, 0.000000000000000000 ) ) ;
#4825 = CARTESIAN_POINT ( 'NONE',  ( 124.3594733917878159, 99.98558278779910324, 140.5804509833490670 ) ) ;
#4826 = ORIENTED_EDGE ( 'NONE', *, *, #5604, .F. ) ;
#4827 = CARTESIAN_POINT ( 'NONE',  ( 124.3594733917878159, 105.5855827877990691, 150.2799355057347839 ) ) ;
#4828 = DIRECTION ( 'NONE',  ( 1.000000000000000000, 0.000000000000000000, 0.000000000000000000 ) ) ;
#4829 = AXIS2_PLACEMENT_3D ( 'NONE', #9132, #2643, #7743 ) ;
#4830 = VERTEX_POINT ( 'NONE', #1546 ) ;
#4831 = AXIS2_PLACEMENT_3D ( 'NONE', #3763, #870, #7514 ) ;
#4832 = DIRECTION ( 'NONE',  ( 4.087556092131263946E-16, 1.000000000000000000, 0.000000000000000000 ) ) ;
#4833 = EDGE_CURVE ( 'NONE', #1405, #3233, #8717, .T. ) ;
#4834 = EDGE_CURVE ( 'NONE', #5177, #8073, #94, .T. ) ;
#4835 = LINE ( 'NONE', #4661, #4695 ) ;
#4836 = LINE ( 'NONE', #4885, #6128 ) ;
#4837 = EDGE_LOOP ( 'NONE', ( #4866, #7739, #324, #7941 ) ) ;
#4838 = VECTOR ( 'NONE', #6669, 999.9999999999998863 ) ;
#4839 = CARTESIAN_POINT ( 'NONE',  ( 105.8479001739020049, 50.05879653723820155, 168.8506931385969949 ) ) ;
#4840 = DIRECTION ( 'NONE',  ( 0.000000000000000000, -3.035766082959483728E-14, 1.000000000000000000 ) ) ;
#4841 = VERTEX_POINT ( 'NONE', #4307 ) ;
#4842 = CARTESIAN_POINT ( 'NONE',  ( 124.3594733917878017, 90.58558278779905493, 152.0119863133036233 ) ) ;
#4843 = DIRECTION ( 'NONE',  ( 0.000000000000000000, 0.000000000000000000, 1.000000000000000000 ) ) ;
#4844 = VERTEX_POINT ( 'NONE', #1400 ) ;
#4845 = EDGE_LOOP ( 'NONE', ( #5037, #6625, #600, #2771 ) ) ;
#4846 = CIRCLE ( 'NONE', #3313, 1.599999999999962563 ) ;
#4847 = VECTOR ( 'NONE', #4616, 1000.000000000000114 ) ;
#4848 = CARTESIAN_POINT ( 'NONE',  ( 124.9594733917879950, 70.15879653723750664, 134.0501160567390002 ) ) ;
#4849 = EDGE_CURVE ( 'NONE', #4071, #8495, #5073, .T. ) ;
#4850 = CARTESIAN_POINT ( 'NONE',  ( 124.3594733917878017, 90.98558278779906061, 152.7048066363311705 ) ) ;
#4851 = ORIENTED_EDGE ( 'NONE', *, *, #3121, .F. ) ;
#4852 = PLANE ( 'NONE',  #8314 ) ;
#4853 = CARTESIAN_POINT ( 'NONE',  ( 124.9594733917877960, 91.18558278779903503, 159.0556595974170477 ) ) ;
#4854 = VERTEX_POINT ( 'NONE', #7957 ) ;
#4855 = PLANE ( 'NONE',  #3423 ) ;
#4856 = AXIS2_PLACEMENT_3D ( 'NONE', #3944, #267, #3274 ) ;
#4857 = DIRECTION ( 'NONE',  ( -0.4999999999999991118, -0.8660254037844391517, 0.000000000000000000 ) ) ;
#4858 = AXIS2_PLACEMENT_3D ( 'NONE', #5974, #867, #6647 ) ;
#4859 = ORIENTED_EDGE ( 'NONE', *, *, #1802, .F. ) ;
#4860 = ORIENTED_EDGE ( 'NONE', *, *, #3525, .F. ) ;
#4861 = VECTOR ( 'NONE', #8445, 1000.000000000000114 ) ;
#4862 = VECTOR ( 'NONE', #6100, 1000.000000000000000 ) ;
#4863 = ADVANCED_FACE ( 'NONE', ( #5178 ), #3134, .F. ) ;
#4864 = LINE ( 'NONE', #2642, #450 ) ;
#4865 = DIRECTION ( 'NONE',  ( -1.000000000000000000, -1.504038027996622089E-18, -1.309403304758604554E-15 ) ) ;
#4866 = ORIENTED_EDGE ( 'NONE', *, *, #7720, .T. ) ;
#4867 = CARTESIAN_POINT ( 'NONE',  ( 104.1412005329670052, 112.1207363035186404, 177.0343509917355505 ) ) ;
#4868 = LINE ( 'NONE', #6261, #8360 ) ;
#4869 = VERTEX_POINT ( 'NONE', #1501 ) ;
#4870 = VECTOR ( 'NONE', #3295, 1000.000000000000000 ) ;
#4871 = CARTESIAN_POINT ( 'NONE',  ( 29.60000000000002629, -18.01332839871634306, 0.5999999999999999778 ) ) ;
#4872 = EDGE_CURVE ( 'NONE', #4134, #6024, #2910, .T. ) ;
#4873 = CARTESIAN_POINT ( 'NONE',  ( -2.800000000000002931, -4.849742261192862891, 0.5999999999999999778 ) ) ;
#4874 = CARTESIAN_POINT ( 'NONE',  ( 5.599999999999997868, -10.39230484541326582, 0.000000000000000000 ) ) ;
#4875 = VECTOR ( 'NONE', #7660, 1000.000000000000000 ) ;
#4876 = CARTESIAN_POINT ( 'NONE',  ( 121.7594733917879921, 48.38716104304560162, 176.8500716728239865 ) ) ;
#4877 = ORIENTED_EDGE ( 'NONE', *, *, #3458, .T. ) ;
#4878 = CARTESIAN_POINT ( 'NONE',  ( 124.3594733917878159, 102.9855827877990890, 145.0837830830281519 ) ) ;
#4879 = PLANE ( 'NONE',  #3946 ) ;
#4880 = ADVANCED_FACE ( 'NONE', ( #3630 ), #3726, .T. ) ;
#4881 = VECTOR ( 'NONE', #7178, 1000.000000000000000 ) ;
#4882 = ORIENTED_EDGE ( 'NONE', *, *, #6407, .T. ) ;
#4883 = DIRECTION ( 'NONE',  ( -4.973484979953184106E-18, 1.000000000000000000, 1.665675794001558719E-15 ) ) ;
#4884 = FACE_OUTER_BOUND ( 'NONE', #6139, .T. ) ;
#4885 = CARTESIAN_POINT ( 'NONE',  ( 124.9594733917878386, 96.58558278779912598, 134.6914782376148878 ) ) ;
#4886 = ORIENTED_EDGE ( 'NONE', *, *, #3248, .F. ) ;
#4887 = CARTESIAN_POINT ( 'NONE',  ( 124.3594733917878159, 97.18558278779909188, 142.6589119524317084 ) ) ;
#4888 = DIRECTION ( 'NONE',  ( 0.000000000000000000, -0.7071067811865550112, 0.7071067811865400232 ) ) ;
#4889 = ORIENTED_EDGE ( 'NONE', *, *, #4125, .T. ) ;
#4890 = DIRECTION ( 'NONE',  ( 1.000000000000000000, 0.000000000000000000, 0.000000000000000000 ) ) ;
#4891 = CARTESIAN_POINT ( 'NONE',  ( 120.4594733917880092, 104.3679753938899779, 167.0501160567430077 ) ) ;
#4892 = EDGE_LOOP ( 'NONE', ( #4179, #3713, #8979, #1856 ) ) ;
#4893 = ADVANCED_FACE ( 'NONE', ( #2180 ), #4499, .F. ) ;
#4894 = EDGE_CURVE ( 'NONE', #907, #9293, #3580, .T. ) ;
#4895 = AXIS2_PLACEMENT_3D ( 'NONE', #6326, #9243, #3350 ) ;
#4896 = VECTOR ( 'NONE', #6453, 1000.000000000000000 ) ;
#4897 = ORIENTED_EDGE ( 'NONE', *, *, #5989, .F. ) ;
#4898 = PLANE ( 'NONE',  #4715 ) ;
#4899 = DIRECTION ( 'NONE',  ( -1.309403304758604751E-15, -3.668761925651101858E-15, 1.000000000000000000 ) ) ;
#4900 = VERTEX_POINT ( 'NONE', #9483 ) ;
#4901 = CARTESIAN_POINT ( 'NONE',  ( 103.8479001739019907, 50.05879653723830813, 146.4896251811479999 ) ) ;
#4902 = LINE ( 'NONE', #8585, #6676 ) ;
#4903 = ORIENTED_EDGE ( 'NONE', *, *, #520, .T. ) ;
#4904 = CARTESIAN_POINT ( 'NONE',  ( 124.3594733917878017, 90.98558278779906061, 152.0119863133036233 ) ) ;
#4905 = CARTESIAN_POINT ( 'NONE',  ( 119.1594733917879978, 74.36797539389039002, 181.0501160567390002 ) ) ;
#4906 = EDGE_CURVE ( 'NONE', #8955, #144, #3007, .T. ) ;
#4907 = ORIENTED_EDGE ( 'NONE', *, *, #8187, .T. ) ;
#4908 = ORIENTED_EDGE ( 'NONE', *, *, #3910, .F. ) ;
#4909 = LINE ( 'NONE', #512, #6460 ) ;
#4910 = DIRECTION ( 'NONE',  ( 1.136463268210227383E-15, -0.4999999999999965028, -0.8660254037844407060 ) ) ;
#4911 = ORIENTED_EDGE ( 'NONE', *, *, #9295, .F. ) ;
#4912 = DIRECTION ( 'NONE',  ( -1.000000000000000000, 2.003086131649543140E-15, 0.000000000000000000 ) ) ;
#4913 = LINE ( 'NONE', #2059, #6082 ) ;
#4914 = ORIENTED_EDGE ( 'NONE', *, *, #7293, .T. ) ;
#4915 = CIRCLE ( 'NONE', #3232, 1.599999999999997202 ) ;
#4916 = DIRECTION ( 'NONE',  ( -0.5916160583837029030, -0.8062198456144149539, 0.000000000000000000 ) ) ;
#4917 = EDGE_CURVE ( 'NONE', #3847, #4366, #5941, .T. ) ;
#4918 = DIRECTION ( 'NONE',  ( 3.659954016805840400E-31, -1.000000000000000000, 0.000000000000000000 ) ) ;
#4919 = DIRECTION ( 'NONE',  ( 0.000000000000000000, -1.000000000000000000, -8.710602340643920684E-15 ) ) ;
#4920 = DIRECTION ( 'NONE',  ( -1.332169591021890008E-15, 0.000000000000000000, 1.000000000000000000 ) ) ;
#4921 = EDGE_CURVE ( 'NONE', #1470, #5100, #734, .T. ) ;
#4922 = ORIENTED_EDGE ( 'NONE', *, *, #3393, .F. ) ;
#4923 = CARTESIAN_POINT ( 'NONE',  ( 124.3594733917878017, 84.78558278779904356, 155.3606178746034345 ) ) ;
#4924 = DIRECTION ( 'NONE',  ( -0.7071067811865320296, -0.7071067811865631159, 0.000000000000000000 ) ) ;
#4925 = EDGE_CURVE ( 'NONE', #3579, #1986, #8810, .T. ) ;
#4926 = EDGE_CURVE ( 'NONE', #1654, #4545, #3777, .T. ) ;
#4927 = ORIENTED_EDGE ( 'NONE', *, *, #7124, .F. ) ;
#4928 = DIRECTION ( 'NONE',  ( 1.000000000000000000, 0.000000000000000000, 0.000000000000000000 ) ) ;
#4929 = DIRECTION ( 'NONE',  ( 1.000000000000000000, 0.000000000000000000, 0.000000000000000000 ) ) ;
#4930 = DIRECTION ( 'NONE',  ( 0.5000000000000003331, -0.8660254037844385966, 0.000000000000000000 ) ) ;
#4931 = AXIS2_PLACEMENT_3D ( 'NONE', #8835, #3029, #4427 ) ;
#4932 = ORIENTED_EDGE ( 'NONE', *, *, #8296, .T. ) ;
#4933 = ADVANCED_FACE ( 'NONE', ( #3200 ), #1689, .T. ) ;
#4934 = CARTESIAN_POINT ( 'NONE',  ( 103.4479001739019992, 51.65920965118959884, 142.2994945258149926 ) ) ;
#4935 = LINE ( 'NONE', #3397, #5157 ) ;
#4936 = ORIENTED_EDGE ( 'NONE', *, *, #8607, .F. ) ;
#4937 = CARTESIAN_POINT ( 'NONE',  ( 23.80000000000000782, -13.50999629903726174, 0.000000000000000000 ) ) ;
#4938 = CARTESIAN_POINT ( 'NONE',  ( 115.7199540685230090, 94.95626731504272300, 169.4033123135855874 ) ) ;
#4939 = ORIENTED_EDGE ( 'NONE', *, *, #7578, .T. ) ;
#4940 = ORIENTED_EDGE ( 'NONE', *, *, #9169, .F. ) ;
#4941 = LINE ( 'NONE', #6962, #3340 ) ;
#4942 = FACE_OUTER_BOUND ( 'NONE', #4317, .T. ) ;
#4943 = ORIENTED_EDGE ( 'NONE', *, *, #1649, .F. ) ;
#4944 = EDGE_CURVE ( 'NONE', #4098, #6532, #5409, .T. ) ;
#4945 = DIRECTION ( 'NONE',  ( -1.000000000000000000, -1.270429940335170066E-14, -3.761228189155370093E-29 ) ) ;
#4946 = EDGE_CURVE ( 'NONE', #114, #4480, #3294, .T. ) ;
#4947 = AXIS2_PLACEMENT_3D ( 'NONE', #8936, #3702, #6639 ) ;
#4948 = DIRECTION ( 'NONE',  ( 1.000000000000000000, 1.504038027996622089E-18, 1.309403304758604554E-15 ) ) ;
#4949 = ORIENTED_EDGE ( 'NONE', *, *, #1876, .T. ) ;
#4950 = DIRECTION ( 'NONE',  ( -6.590088167172839757E-16, 0.8660254037844370423, 0.5000000000000028866 ) ) ;
#4951 = DIRECTION ( 'NONE',  ( -1.000000000000000000, 2.818307069383460308E-16, -1.570000712152659950E-15 ) ) ;
#4952 = ORIENTED_EDGE ( 'NONE', *, *, #4925, .T. ) ;
#4953 = ORIENTED_EDGE ( 'NONE', *, *, #9220, .T. ) ;
#4954 = CARTESIAN_POINT ( 'NONE',  ( 124.3594733917878159, 102.5855827877990833, 145.7766034060556990 ) ) ;
#4955 = EDGE_CURVE ( 'NONE', #6863, #5877, #4735, .T. ) ;
#4956 = LINE ( 'NONE', #513, #4544 ) ;
#4957 = ORIENTED_EDGE ( 'NONE', *, *, #1920, .T. ) ;
#4958 = DIRECTION ( 'NONE',  ( -6.938893903907229918E-18, -2.413561285175750205E-15, 1.000000000000000000 ) ) ;
#4959 = CARTESIAN_POINT ( 'NONE',  ( 124.3594733917878017, 84.98558278779904640, 155.4760879284413591 ) ) ;
#4960 = COLOUR_RGB ( '',0.7921568627450980005, 0.8196078431372548767, 0.9333333333333333481 ) ;
#4961 = CARTESIAN_POINT ( 'NONE',  ( 123.6420582790520086, 47.95879991855730395, 181.0501160567390002 ) ) ;
#4962 = CARTESIAN_POINT ( 'NONE',  ( 124.9594733917878244, 99.98558278779910324, 140.5804509833490670 ) ) ;
#4963 = CARTESIAN_POINT ( 'NONE',  ( 103.4479001739019992, 48.85879653723819871, 168.8506931385969949 ) ) ;
#4964 = EDGE_CURVE ( 'NONE', #7728, #7465, #1738, .T. ) ;
#4965 = DIRECTION ( 'NONE',  ( -1.309403304758604751E-15, -4.169533458563488136E-15, 1.000000000000000000 ) ) ;
#4966 = VERTEX_POINT ( 'NONE', #4012 ) ;
#4967 = DIRECTION ( 'NONE',  ( 0.8660254037844385966, 0.5000000000000001110, 0.000000000000000000 ) ) ;
#4968 = LINE ( 'NONE', #6276, #1480 ) ;
#4969 = VECTOR ( 'NONE', #5264, 1000.000000000000000 ) ;
#4970 = DIRECTION ( 'NONE',  ( -0.000000000000000000, -0.000000000000000000, -1.000000000000000000 ) ) ;
#4971 = DIRECTION ( 'NONE',  ( 0.000000000000000000, -1.000000000000000000, 0.000000000000000000 ) ) ;
#4972 = EDGE_CURVE ( 'NONE', #4143, #2459, #2516, .T. ) ;
#4973 = LINE ( 'NONE', #3528, #6133 ) ;
#4974 = ORIENTED_EDGE ( 'NONE', *, *, #1012, .F. ) ;
#4975 = CARTESIAN_POINT ( 'NONE',  ( 103.4479001739019992, 62.05879653723739864, 180.4501160567390059 ) ) ;
#4976 = CARTESIAN_POINT ( 'NONE',  ( 124.9594733917879665, 91.18558278779906345, 151.6655761517898213 ) ) ;
#4977 = EDGE_LOOP ( 'NONE', ( #8670, #5836, #264, #1819 ) ) ;
#4978 = LINE ( 'NONE', #2624, #8637 ) ;
#4979 = CARTESIAN_POINT ( 'NONE',  ( 124.9594733917879665, 102.3855827877990663, 153.0512167978449725 ) ) ;
#4980 = ORIENTED_EDGE ( 'NONE', *, *, #7871, .F. ) ;
#4981 = CIRCLE ( 'NONE', #5743, 4.750000000000691003 ) ;
#4982 = ADVANCED_FACE ( 'NONE', ( #2425 ), #9008, .T. ) ;
#4983 = VERTEX_POINT ( 'NONE', #2468 ) ;
#4984 = CARTESIAN_POINT ( 'NONE',  ( 6.399999999999998579, -10.62324495308911665, 0.5999999999999999778 ) ) ;
#4985 = AXIS2_PLACEMENT_3D ( 'NONE', #5527, #7687, #6920 ) ;
#4986 = LINE ( 'NONE', #5701, #6117 ) ;
#4987 = ORIENTED_EDGE ( 'NONE', *, *, #872, .T. ) ;
#4988 = LINE ( 'NONE', #8629, #2005 ) ;
#4989 = DIRECTION ( 'NONE',  ( 1.000000000000000000, 0.000000000000000000, 0.000000000000000000 ) ) ;
#4990 = DIRECTION ( 'NONE',  ( -1.000000000000000000, 1.850371707708592551E-14, 0.000000000000000000 ) ) ;
#4991 = ORIENTED_EDGE ( 'NONE', *, *, #8708, .T. ) ;
#4992 = DIRECTION ( 'NONE',  ( 1.000000000000000000, 1.504038027996621897E-18, 1.309403304758604554E-15 ) ) ;
#4993 = DIRECTION ( 'NONE',  ( -0.8660254037844385966, -0.5000000000000001110, 0.000000000000000000 ) ) ;
#4994 = CARTESIAN_POINT ( 'NONE',  ( 121.5594733917879893, 52.55900246190740432, 137.7001160632310075 ) ) ;
#4995 = VECTOR ( 'NONE', #8301, 1000.000000000000000 ) ;
#4996 = ADVANCED_FACE ( 'NONE', ( #9057 ), #6137, .T. ) ;
#4997 = ORIENTED_EDGE ( 'NONE', *, *, #7064, .F. ) ;
#4998 = ORIENTED_EDGE ( 'NONE', *, *, #3947, .F. ) ;
#4999 = AXIS2_PLACEMENT_3D ( 'NONE', #6355, #7889, #3515 ) ;
#5000 = PLANE ( 'NONE',  #765 ) ;
#5001 = VECTOR ( 'NONE', #5641, 1000.000000000000000 ) ;
#5002 = DIRECTION ( 'NONE',  ( -1.136463268210227186E-15, 0.4999999999999966693, 0.8660254037844405950 ) ) ;
#5003 = EDGE_LOOP ( 'NONE', ( #3521, #2931, #6427, #4332 ) ) ;
#5004 = DIRECTION ( 'NONE',  ( -1.000000000000000000, 1.771632486103969483E-14, 0.000000000000000000 ) ) ;
#5005 = FACE_OUTER_BOUND ( 'NONE', #4509, .T. ) ;
#5006 = EDGE_CURVE ( 'NONE', #7277, #1990, #184, .T. ) ;
#5007 = ORIENTED_EDGE ( 'NONE', *, *, #2855, .F. ) ;
#5008 = AXIS2_PLACEMENT_3D ( 'NONE', #2637, #5575, #5530 ) ;
#5009 = VECTOR ( 'NONE', #7394, 1000.000000000000000 ) ;
#5010 = CARTESIAN_POINT ( 'NONE',  ( 24.40000000000000924, -13.62546635287518626, 0.000000000000000000 ) ) ;
#5011 = CARTESIAN_POINT ( 'NONE',  ( 103.4479001739019992, 51.65921008091940081, 146.8896251811480056 ) ) ;
#5012 = PLANE ( 'NONE',  #3618 ) ;
#5013 = VECTOR ( 'NONE', #8000, 1000.000000000000000 ) ;
#5014 = ORIENTED_EDGE ( 'NONE', *, *, #7009, .F. ) ;
#5015 = DIRECTION ( 'NONE',  ( -0.8660254037844384856, 0.5000000000000002220, 0.000000000000000000 ) ) ;
#5016 = LINE ( 'NONE', #3388, #3034 ) ;
#5017 = EDGE_CURVE ( 'NONE', #9326, #8449, #8191, .T. ) ;
#5018 = DIRECTION ( 'NONE',  ( 0.000000000000000000, 0.000000000000000000, 1.000000000000000000 ) ) ;
#5019 = PLANE ( 'NONE',  #4292 ) ;
#5020 = CARTESIAN_POINT ( 'NONE',  ( 120.4199540685230119, 54.95626731504265905, 181.0501160567390002 ) ) ;
#5021 = VERTEX_POINT ( 'NONE', #4688 ) ;
#5022 = CARTESIAN_POINT ( 'NONE',  ( 103.4479001739019992, 50.05879653723830813, 142.2994946864579902 ) ) ;
#5023 = LINE ( 'NONE', #3578, #5916 ) ;
#5024 = ORIENTED_EDGE ( 'NONE', *, *, #8816, .F. ) ;
#5025 = CARTESIAN_POINT ( 'NONE',  ( 124.9594733917877960, 85.18558278779902082, 162.0578809972030854 ) ) ;
#5026 = CARTESIAN_POINT ( 'NONE',  ( 105.8479001739020049, 51.65921004631179869, 165.6113888862240060 ) ) ;
#5027 = ORIENTED_EDGE ( 'NONE', *, *, #4579, .T. ) ;
#5028 = AXIS2_PLACEMENT_3D ( 'NONE', #3523, #2615, #8654 ) ;
#5029 = ADVANCED_FACE ( 'NONE', ( #1589 ), #5366, .T. ) ;
#5030 = VERTEX_POINT ( 'NONE', #3866 ) ;
#5031 = FACE_OUTER_BOUND ( 'NONE', #277, .T. ) ;
#5032 = AXIS2_PLACEMENT_3D ( 'NONE', #3871, #5227, #1552 ) ;
#5033 = CARTESIAN_POINT ( 'NONE',  ( 5.600000000000001421, -3.233161507461903561, 0.5999999999999999778 ) ) ;
#5034 = ORIENTED_EDGE ( 'NONE', *, *, #4955, .F. ) ;
#5035 = LINE ( 'NONE', #7240, #1392 ) ;
#5036 = CARTESIAN_POINT ( 'NONE',  ( 124.3594733917878017, 78.98558278779903219, 158.9401895435790948 ) ) ;
#5037 = ORIENTED_EDGE ( 'NONE', *, *, #8447, .F. ) ;
#5038 = CARTESIAN_POINT ( 'NONE',  ( 97.51665896446219506, 47.05879653723749811, 130.4501160567390059 ) ) ;
#5039 = EDGE_CURVE ( 'NONE', #6628, #3372, #4546, .T. ) ;
#5040 = LINE ( 'NONE', #7879, #227 ) ;
#5041 = CARTESIAN_POINT ( 'NONE',  ( 124.9594733917879950, 107.9931111123139971, 180.6501160567389945 ) ) ;
#5042 = VECTOR ( 'NONE', #9198, 1000.000000000000114 ) ;
#5043 = AXIS2_PLACEMENT_3D ( 'NONE', #134, #1686, #7419 ) ;
#5044 = EDGE_CURVE ( 'NONE', #114, #5294, #7476, .T. ) ;
#5045 = VERTEX_POINT ( 'NONE', #6181 ) ;
#5046 = ORIENTED_EDGE ( 'NONE', *, *, #7123, .F. ) ;
#5047 = VECTOR ( 'NONE', #8240, 1000.000000000000000 ) ;
#5048 = DIRECTION ( 'NONE',  ( 0.000000000000000000, -1.000000000000000000, 0.000000000000000000 ) ) ;
#5049 = DIRECTION ( 'NONE',  ( 0.000000000000000000, -1.000000000000000000, 0.000000000000000000 ) ) ;
#5050 = VERTEX_POINT ( 'NONE', #6085 ) ;
#5051 = DIRECTION ( 'NONE',  ( 0.8660254037844387076, -0.4999999999999998335, 0.000000000000000000 ) ) ;
#5052 = EDGE_CURVE ( 'NONE', #9382, #333, #4641, .T. ) ;
#5053 = DIRECTION ( 'NONE',  ( -1.000000000000000000, -1.504038027996622089E-18, -1.309403304758604554E-15 ) ) ;
#5054 = ORIENTED_EDGE ( 'NONE', *, *, #8917, .T. ) ;
#5055 = PLANE ( 'NONE',  #9038 ) ;
#5056 = VERTEX_POINT ( 'NONE', #3913 ) ;
#5057 = CARTESIAN_POINT ( 'NONE',  ( 124.9594733917879950, 70.15879653723750664, 134.0501160567390002 ) ) ;
#5058 = CARTESIAN_POINT ( 'NONE',  ( 124.3594733917878159, 105.5855827877991118, 140.5804509833490954 ) ) ;
#5059 =( REPRESENTATION_RELATIONSHIP ('NONE','NONE', #2206, #914 ) REPRESENTATION_RELATIONSHIP_WITH_TRANSFORMATION ( #4361 )SHAPE_REPRESENTATION_RELATIONSHIP( ) );
#5060 = ADVANCED_FACE ( 'NONE', ( #7620 ), #3966, .T. ) ;
#5061 = EDGE_LOOP ( 'NONE', ( #5793, #7981, #6594, #797 ) ) ;
#5062 = CARTESIAN_POINT ( 'NONE',  ( 12.39999999999999503, -13.62546635287516850, 0.5999999999999999778 ) ) ;
#5063 = CARTESIAN_POINT ( 'NONE',  ( -6.400000000000002132, -3.695041722813610097, 0.000000000000000000 ) ) ;
#5064 = CARTESIAN_POINT ( 'NONE',  ( 103.4479001739019992, 50.05879653723820155, 168.8506931385969949 ) ) ;
#5065 = DIRECTION ( 'NONE',  ( 1.000000000000000000, -5.923677312709590618E-16, 6.938893903905799338E-18 ) ) ;
#5066 = LINE ( 'NONE', #2175, #7353 ) ;
#5067 = ORIENTED_EDGE ( 'NONE', *, *, #9053, .F. ) ;
#5068 = CARTESIAN_POINT ( 'NONE',  ( -0.4000000000000026867, -6.235382907247960738, 0.5999999999999999778 ) ) ;
#5069 = ADVANCED_FACE ( 'NONE', ( #2614 ), #2708, .F. ) ;
#5070 = CARTESIAN_POINT ( 'NONE',  ( 121.5594733917879893, 52.55900246190740432, 137.7001160632310075 ) ) ;
#5071 = ORIENTED_EDGE ( 'NONE', *, *, #6668, .F. ) ;
#5072 = VECTOR ( 'NONE', #8083, 1000.000000000000000 ) ;
#5073 = LINE ( 'NONE', #5025, #7885 ) ;
#5074 = CARTESIAN_POINT ( 'NONE',  ( 104.6479001739019878, 61.35937889506489995, 180.4501160567390059 ) ) ;
#5075 = ORIENTED_EDGE ( 'NONE', *, *, #2925, .F. ) ;
#5076 = ORIENTED_EDGE ( 'NONE', *, *, #7740, .T. ) ;
#5077 = PLANE ( 'NONE',  #9453 ) ;
#5078 = CARTESIAN_POINT ( 'NONE',  ( 18.40000000000001634, -18.01332839871633951, 0.5999999999999999778 ) ) ;
#5079 = EDGE_LOOP ( 'NONE', ( #4518, #3535, #2149, #125, #2227 ) ) ;
#5080 = CARTESIAN_POINT ( 'NONE',  ( 103.6479001739019878, 53.05920913026399433, 138.6748076569070065 ) ) ;
#5081 = EDGE_CURVE ( 'NONE', #7054, #9520, #1155, .T. ) ;
#5082 = SHAPE_DEFINITION_REPRESENTATION ( #6370, #914 ) ;
#5083 = LINE ( 'NONE', #1839, #1746 ) ;
#5084 = ORIENTED_EDGE ( 'NONE', *, *, #2868, .F. ) ;
#5085 = DIRECTION ( 'NONE',  ( -1.136463268210227383E-15, 0.4999999999999966138, 0.8660254037844405950 ) ) ;
#5086 = CARTESIAN_POINT ( 'NONE',  ( -5.200000000000002842, 3.464101615137754830, 0.5999999999999999778 ) ) ;
#5087 = EDGE_LOOP ( 'NONE', ( #6244, #7050, #6673, #3369 ) ) ;
#5088 = VECTOR ( 'NONE', #7449, 1000.000000000000227 ) ;
#5089 = VERTEX_POINT ( 'NONE', #7084 ) ;
#5090 = ORIENTED_EDGE ( 'NONE', *, *, #7720, .F. ) ;
#5091 = AXIS2_PLACEMENT_3D ( 'NONE', #858, #757, #8127 ) ;
#5092 = VECTOR ( 'NONE', #3225, 1000.000000000000000 ) ;
#5093 = DIRECTION ( 'NONE',  ( -2.259088449492210275E-30, 1.000000000000000000, 2.960594732333740256E-15 ) ) ;
#5094 = EDGE_CURVE ( 'NONE', #983, #8048, #1293, .T. ) ;
#5095 = CARTESIAN_POINT ( 'NONE',  ( 11.60000000000000497, -1.418955567684714834E-15, 0.000000000000000000 ) ) ;
#5096 = VERTEX_POINT ( 'NONE', #4923 ) ;
#5097 = CARTESIAN_POINT ( 'NONE',  ( 105.8479001739020049, 50.85900246190789886, 136.0001161077300367 ) ) ;
#5098 = DIRECTION ( 'NONE',  ( -6.590088167172827924E-16, 0.8660254037844375974, 0.5000000000000018874 ) ) ;
#5099 = VECTOR ( 'NONE', #9065, 1000.000000000000114 ) ;
#5100 = VERTEX_POINT ( 'NONE', #7855 ) ;
#5101 = EDGE_LOOP ( 'NONE', ( #3896, #6733, #8546, #7058 ) ) ;
#5102 = ADVANCED_FACE ( 'NONE', ( #7898 ), #1248, .F. ) ;
#5103 = DIRECTION ( 'NONE',  ( -1.000000000000000000, -8.665997627273779712E-31, -2.565650692572349989E-45 ) ) ;
#5104 = ORIENTED_EDGE ( 'NONE', *, *, #3044, .T. ) ;
#5105 = DIRECTION ( 'NONE',  ( -1.332169591021890008E-15, 0.000000000000000000, 1.000000000000000000 ) ) ;
#5107 = EDGE_CURVE ( 'NONE', #358, #800, #6416, .T. ) ;
#5106 = VECTOR ( 'NONE', #7391, 1000.000000000000000 ) ;
#5108 = LINE ( 'NONE', #4388, #6994 ) ;
#5109 = VECTOR ( 'NONE', #5466, 999.9999999999998863 ) ;
#5110 = EDGE_LOOP ( 'NONE', ( #5186, #2146, #5521, #6297 ) ) ;
#5111 = DIRECTION ( 'NONE',  ( 0.000000000000000000, 0.000000000000000000, -1.000000000000000000 ) ) ;
#5112 = DIRECTION ( 'NONE',  ( -3.155443620884050024E-30, 1.000000000000000000, 3.908184725064409972E-15 ) ) ;
#5113 = VECTOR ( 'NONE', #8873, 1000.000000000000114 ) ;
#5114 = EDGE_CURVE ( 'NONE', #415, #416, #4199, .T. ) ;
#5115 = ADVANCED_FACE ( 'NONE', ( #528 ), #3479, .T. ) ;
#5116 = DIRECTION ( 'NONE',  ( -6.503944880413206764E-16, -0.8660254037844403729, 0.4999999999999970579 ) ) ;
#5117 = LINE ( 'NONE', #7903, #1514 ) ;
#5118 = LINE ( 'NONE', #8805, #580 ) ;
#5119 = ORIENTED_EDGE ( 'NONE', *, *, #7709, .T. ) ;
#5120 = CARTESIAN_POINT ( 'NONE',  ( 124.9594733917879950, 53.85900246190730201, 175.1500716728239979 ) ) ;
#5121 = CIRCLE ( 'NONE', #964, 1.700000000000000178 ) ;
#5122 = DIRECTION ( 'NONE',  ( -0.000000000000000000, -0.000000000000000000, -1.000000000000000000 ) ) ;
#5123 = ORIENTED_EDGE ( 'NONE', *, *, #6173, .T. ) ;
#5124 = DIRECTION ( 'NONE',  ( -6.503944880413201834E-16, -0.8660254037844405950, 0.4999999999999967248 ) ) ;
#5125 = FACE_BOUND ( 'NONE', #6659, .T. ) ;
#5126 = ORIENTED_EDGE ( 'NONE', *, *, #4490, .F. ) ;
#5127 = EDGE_CURVE ( 'NONE', #8552, #4098, #8605, .T. ) ;
#5128 = ORIENTED_EDGE ( 'NONE', *, *, #4298, .T. ) ;
#5129 = ADVANCED_FACE ( 'NONE', ( #8422 ), #8514, .T. ) ;
#5130 = AXIS2_PLACEMENT_3D ( 'NONE', #7231, #2959, #8911 ) ;
#5131 = FACE_OUTER_BOUND ( 'NONE', #7021, .T. ) ;
#5132 = PLANE ( 'NONE',  #7181 ) ;
#5133 = EDGE_LOOP ( 'NONE', ( #7414, #5566, #8592, #1069 ) ) ;
#5134 = CARTESIAN_POINT ( 'NONE',  ( 119.9499808048569918, 102.6954405435970017, 180.4501160567390059 ) ) ;
#5135 = DIRECTION ( 'NONE',  ( 1.131489783230271034E-15, 0.5000000000000034417, -0.8660254037844367092 ) ) ;
#5136 = ORIENTED_EDGE ( 'NONE', *, *, #7166, .T. ) ;
#5137 = CARTESIAN_POINT ( 'NONE',  ( 124.9594733917878244, 103.1855827877991061, 145.4301932445419254 ) ) ;
#5138 = FACE_OUTER_BOUND ( 'NONE', #4276, .T. ) ;
#5139 = EDGE_LOOP ( 'NONE', ( #1704, #4586, #1519, #8932 ) ) ;
#5140 = CIRCLE ( 'NONE', #2366, 1.700000000000000178 ) ;
#5141 = LINE ( 'NONE', #1659, #6545 ) ;
#5142 = VERTEX_POINT ( 'NONE', #576 ) ;
#5143 = VECTOR ( 'NONE', #2502, 1000.000000000000000 ) ;
#5144 = EDGE_CURVE ( 'NONE', #8827, #7778, #3522, .T. ) ;
#5145 = ORIENTED_EDGE ( 'NONE', *, *, #1720, .T. ) ;
#5146 = VECTOR ( 'NONE', #5497, 1000.000000000000000 ) ;
#5147 = CARTESIAN_POINT ( 'NONE',  ( 117.4594733917879950, 104.3679753938900063, 167.0501160567430077 ) ) ;
#5148 = CARTESIAN_POINT ( 'NONE',  ( 121.5594733917879893, 53.33084388076889581, 173.4500716728240093 ) ) ;
#5149 = ORIENTED_EDGE ( 'NONE', *, *, #657, .F. ) ;
#5150 = DIRECTION ( 'NONE',  ( -6.590088167172854548E-16, 0.8660254037844363761, 0.5000000000000038858 ) ) ;
#5151 = AXIS2_PLACEMENT_3D ( 'NONE', #5571, #2776, #9396 ) ;
#5152 = CARTESIAN_POINT ( 'NONE',  ( 124.3594733917878017, 91.58558278779905493, 152.3583964748173969 ) ) ;
#5153 = AXIS2_PLACEMENT_3D ( 'NONE', #2727, #7829, #8395 ) ;
#5154 = VERTEX_POINT ( 'NONE', #9149 ) ;
#5155 = EDGE_CURVE ( 'NONE', #6552, #5535, #3345, .T. ) ;
#5156 = ORIENTED_EDGE ( 'NONE', *, *, #1976, .F. ) ;
#5157 = VECTOR ( 'NONE', #9384, 1000.000000000000000 ) ;
#5158 = VECTOR ( 'NONE', #6775, 1000.000000000000000 ) ;
#5159 = DIRECTION ( 'NONE',  ( 0.8660254037844385966, -0.5000000000000001110, 0.000000000000000000 ) ) ;
#5160 = VERTEX_POINT ( 'NONE', #7758 ) ;
#5161 = DIRECTION ( 'NONE',  ( 1.360023205165754048E-15, -3.875207033572580503E-15, 1.000000000000000000 ) ) ;
#5162 = CARTESIAN_POINT ( 'NONE',  ( 121.7594733917879921, 53.20900246190749527, 136.0001160632320136 ) ) ;
#5163 = ORIENTED_EDGE ( 'NONE', *, *, #691, .T. ) ;
#5164 = LINE ( 'NONE', #4488, #2514 ) ;
#5165 = AXIS2_PLACEMENT_3D ( 'NONE', #8220, #5917, #1620 ) ;
#5166 = LINE ( 'NONE', #8900, #1301 ) ;
#5167 = VECTOR ( 'NONE', #1535, 999.9999999999998863 ) ;
#5168 = EDGE_CURVE ( 'NONE', #2135, #8779, #2567, .T. ) ;
#5169 = FACE_OUTER_BOUND ( 'NONE', #3334, .T. ) ;
#5170 = VECTOR ( 'NONE', #2595, 1000.000000000000000 ) ;
#5171 = CARTESIAN_POINT ( 'NONE',  ( 124.3594733917878159, 79.18558278779904924, 145.4301932445418970 ) ) ;
#5172 = DIRECTION ( 'NONE',  ( 1.000000000000000000, 1.504038027996622089E-18, 1.309403304758604554E-15 ) ) ;
#5173 = LINE ( 'NONE', #6508, #9187 ) ;
#5174 = FILL_AREA_STYLE ('',( #4594 ) ) ;
#5175 = VERTEX_POINT ( 'NONE', #1831 ) ;
#5176 = LINE ( 'NONE', #5889, #8064 ) ;
#5177 = VERTEX_POINT ( 'NONE', #4780 ) ;
#5178 = FACE_OUTER_BOUND ( 'NONE', #5893, .T. ) ;
#5179 = EDGE_CURVE ( 'NONE', #5437, #2264, #1106, .T. ) ;
#5180 = FACE_BOUND ( 'NONE', #9529, .T. ) ;
#5181 = EDGE_LOOP ( 'NONE', ( #6813, #6548, #6828, #401 ) ) ;
#5182 = CIRCLE ( 'NONE', #2562, 0.5000000000000079936 ) ;
#5183 = AXIS2_PLACEMENT_3D ( 'NONE', #7334, #881, #1591 ) ;
#5184 = ORIENTED_EDGE ( 'NONE', *, *, #5107, .T. ) ;
#5185 = DIRECTION ( 'NONE',  ( -7.888609052210119806E-31, 2.960594732333740256E-15, -1.000000000000000000 ) ) ;
#5186 = ORIENTED_EDGE ( 'NONE', *, *, #9116, .F. ) ;
#5187 = DIRECTION ( 'NONE',  ( 0.8660254037844387076, -0.4999999999999998335, 0.000000000000000000 ) ) ;
#5188 =( LENGTH_UNIT ( ) NAMED_UNIT ( * ) SI_UNIT ( .MILLI., .METRE. ) );
#5189 = VECTOR ( 'NONE', #4679, 1000.000000000000000 ) ;
#5190 = LINE ( 'NONE', #1512, #9126 ) ;
#5191 = ORIENTED_EDGE ( 'NONE', *, *, #3934, .T. ) ;
#5192 = LINE ( 'NONE', #4464, #5106 ) ;
#5193 = CARTESIAN_POINT ( 'NONE',  ( 6.000000000000000888, -17.78238829104048335, 0.5999999999999999778 ) ) ;
#5194 = EDGE_CURVE ( 'NONE', #4359, #1386, #6274, .T. ) ;
#5195 = VERTEX_POINT ( 'NONE', #8466 ) ;
#5196 = DIRECTION ( 'NONE',  ( -0.000000000000000000, -0.000000000000000000, -1.000000000000000000 ) ) ;
#5197 = VECTOR ( 'NONE', #9515, 999.9999999999998863 ) ;
#5198 = EDGE_LOOP ( 'NONE', ( #2685, #5940, #4640, #2237 ) ) ;
#5199 = ORIENTED_EDGE ( 'NONE', *, *, #3729, .T. ) ;
#5200 = CARTESIAN_POINT ( 'NONE',  ( 109.9594733917879381, 110.1587965372629867, 179.0501160567390002 ) ) ;
#5201 = DIRECTION ( 'NONE',  ( -5.259941079810887034E-38, 1.437160427605975047E-07, 0.9999999999999896749 ) ) ;
#5202 = ORIENTED_EDGE ( 'NONE', *, *, #3921, .F. ) ;
#5203 = PLANE ( 'NONE',  #2632 ) ;
#5204 = CARTESIAN_POINT ( 'NONE',  ( 24.20000000000000639, -21.13101985234031943, 0.000000000000000000 ) ) ;
#5205 = EDGE_CURVE ( 'NONE', #9219, #4071, #1878, .T. ) ;
#5206 = ORIENTED_EDGE ( 'NONE', *, *, #2330, .F. ) ;
#5207 = VERTEX_POINT ( 'NONE', #7042 ) ;
#5208 = PLANE ( 'NONE',  #6113 ) ;
#5209 = ORIENTED_EDGE ( 'NONE', *, *, #8650, .F. ) ;
#5210 = CYLINDRICAL_SURFACE ( 'NONE', #3684, 2.350000000000004974 ) ;
#5211 = CARTESIAN_POINT ( 'NONE',  ( 124.9594733917878102, 108.3855827877990805, 148.6633547520038405 ) ) ;
#5212 = EDGE_CURVE ( 'NONE', #1554, #3689, #5140, .T. ) ;
#5213 = ORIENTED_EDGE ( 'NONE', *, *, #2303, .F. ) ;
#5214 = LINE ( 'NONE', #2170, #8971 ) ;
#5215 = LINE ( 'NONE', #3570, #5640 ) ;
#5216 = LINE ( 'NONE', #8188, #9178 ) ;
#5217 = LINE ( 'NONE', #8288, #7513 ) ;
#5218 = FACE_OUTER_BOUND ( 'NONE', #3705, .T. ) ;
#5219 = ORIENTED_EDGE ( 'NONE', *, *, #7549, .T. ) ;
#5220 = EDGE_CURVE ( 'NONE', #6237, #6955, #4341, .T. ) ;
#5221 = LINE ( 'NONE', #8145, #8662 ) ;
#5222 = EDGE_LOOP ( 'NONE', ( #2278, #7368, #2472, #261 ) ) ;
#5223 = CARTESIAN_POINT ( 'NONE',  ( 103.8479001739019907, 48.85879653723819871, 168.8506931385969949 ) ) ;
#5224 = CARTESIAN_POINT ( 'NONE',  ( 6.400000000000002132, -3.233161507461903117, 0.000000000000000000 ) ) ;
#5225 = ORIENTED_EDGE ( 'NONE', *, *, #5458, .F. ) ;
#5226 = ORIENTED_EDGE ( 'NONE', *, *, #1276, .T. ) ;
#5227 = DIRECTION ( 'NONE',  ( 1.131489783230271034E-15, 0.5000000000000034417, -0.8660254037844367092 ) ) ;
#5228 = EDGE_CURVE ( 'NONE', #7153, #2596, #3568, .T. ) ;
#5229 = FACE_BOUND ( 'NONE', #1113, .T. ) ;
#5230 = ORIENTED_EDGE ( 'NONE', *, *, #5304, .T. ) ;
#5231 = CARTESIAN_POINT ( 'NONE',  ( 11.99999999999999645, -14.31828667590272453, 0.5999999999999999778 ) ) ;
#5232 = DIRECTION ( 'NONE',  ( 1.000000000000000000, 0.000000000000000000, 0.000000000000000000 ) ) ;
#5233 = ORIENTED_EDGE ( 'NONE', *, *, #5783, .F. ) ;
#5234 = CARTESIAN_POINT ( 'NONE',  ( 24.40000000000000924, -13.62546635287518626, 0.5999999999999999778 ) ) ;
#5235 = CARTESIAN_POINT ( 'NONE',  ( -5.600000000000001421, 0.000000000000000000, 0.5999999999999999778 ) ) ;
#5236 = ORIENTED_EDGE ( 'NONE', *, *, #7991, .F. ) ;
#5237 = CARTESIAN_POINT ( 'NONE',  ( 105.8479001739020049, 48.85879653723830529, 145.2896251811480113 ) ) ;
#5238 = EDGE_LOOP ( 'NONE', ( #1936, #312 ) ) ;
#5239 = CARTESIAN_POINT ( 'NONE',  ( 124.9594733917877960, 90.78558278779904356, 159.7484799204445949 ) ) ;
#5240 = EDGE_CURVE ( 'NONE', #491, #2179, #1537, .T. ) ;
#5241 = EDGE_CURVE ( 'NONE', #5142, #843, #820, .T. ) ;
#5242 = ORIENTED_EDGE ( 'NONE', *, *, #7339, .T. ) ;
#5243 = DIRECTION ( 'NONE',  ( 0.8660254037844381525, -0.5000000000000008882, 0.000000000000000000 ) ) ;
#5244 = LINE ( 'NONE', #1422, #7769 ) ;
#5245 = ORIENTED_EDGE ( 'NONE', *, *, #6688, .T. ) ;
#5246 = DIRECTION ( 'NONE',  ( 0.000000000000000000, -0.1260166810503134671, 0.9920281226341637337 ) ) ;
#5247 = CARTESIAN_POINT ( 'NONE',  ( -6.200000000000003730, -10.73871500692703940, 0.5999999999999999778 ) ) ;
#5248 = ORIENTED_EDGE ( 'NONE', *, *, #7267, .F. ) ;
#5249 = VECTOR ( 'NONE', #1351, 1000.000000000000000 ) ;
#5250 = ORIENTED_EDGE ( 'NONE', *, *, #5604, .T. ) ;
#5251 = EDGE_CURVE ( 'NONE', #8177, #509, #33, .T. ) ;
#5252 = PLANE ( 'NONE',  #2878 ) ;
#5253 = DIRECTION ( 'NONE',  ( 1.000000000000000000, -1.684925824262390165E-30, 1.332169591021890008E-15 ) ) ;
#5254 = CARTESIAN_POINT ( 'NONE',  ( 12.00000000000000355, 7.390083445627212200, 0.000000000000000000 ) ) ;
#5255 = EDGE_LOOP ( 'NONE', ( #2739, #9048, #466, #5468 ) ) ;
#5256 = CARTESIAN_POINT ( 'NONE',  ( 103.4479001739019992, 50.85900246190789886, 136.0001161077300367 ) ) ;
#5257 = LINE ( 'NONE', #8186, #873 ) ;
#5258 = EDGE_CURVE ( 'NONE', #4293, #6670, #5164, .T. ) ;
#5259 = LINE ( 'NONE', #4444, #3047 ) ;
#5260 = CARTESIAN_POINT ( 'NONE',  ( 124.9594733917878102, 90.98558278779906061, 152.0119863133036233 ) ) ;
#5261 = CARTESIAN_POINT ( 'NONE',  ( 124.5594733917880319, 108.0175636962745926, 181.0501160567390002 ) ) ;
#5262 = DIRECTION ( 'NONE',  ( 0.000000000000000000, 0.000000000000000000, -1.000000000000000000 ) ) ;
#5263 = VERTEX_POINT ( 'NONE', #8850 ) ;
#5264 = DIRECTION ( 'NONE',  ( -0.000000000000000000, -1.000000000000000000, 0.000000000000000000 ) ) ;
#5265 = DIRECTION ( 'NONE',  ( 0.7081834409401588371, 2.090264197522379789E-15, -0.7060284795800778612 ) ) ;
#5266 = ORIENTED_EDGE ( 'NONE', *, *, #3784, .F. ) ;
#5267 = VECTOR ( 'NONE', #6022, 1000.000000000000000 ) ;
#5268 = ORIENTED_EDGE ( 'NONE', *, *, #6199, .T. ) ;
#5269 = EDGE_CURVE ( 'NONE', #6641, #9293, #4367, .T. ) ;
#5270 = CARTESIAN_POINT ( 'NONE',  ( -0.3999999999999981903, -14.08734656822687370, 0.5999999999999999778 ) ) ;
#5271 = VECTOR ( 'NONE', #8478, 1000.000000000000000 ) ;
#5272 = DIRECTION ( 'NONE',  ( 0.000000000000000000, 0.000000000000000000, 1.000000000000000000 ) ) ;
#5273 = ORIENTED_EDGE ( 'NONE', *, *, #3434, .F. ) ;
#5274 = LINE ( 'NONE', #2433, #5707 ) ;
#5275 = PLANE ( 'NONE',  #8818 ) ;
#5276 = ORIENTED_EDGE ( 'NONE', *, *, #2333, .T. ) ;
#5277 = DIRECTION ( 'NONE',  ( 1.000000000000000000, 0.000000000000000000, 0.000000000000000000 ) ) ;
#5278 = FACE_BOUND ( 'NONE', #2347, .T. ) ;
#5279 = ORIENTED_EDGE ( 'NONE', *, *, #751, .T. ) ;
#5280 = PLANE ( 'NONE',  #9001 ) ;
#5281 = EDGE_CURVE ( 'NONE', #3993, #114, #8653, .T. ) ;
#5282 = ORIENTED_EDGE ( 'NONE', *, *, #5402, .F. ) ;
#5283 = EDGE_CURVE ( 'NONE', #9177, #6093, #6553, .T. ) ;
#5284 = ORIENTED_EDGE ( 'NONE', *, *, #737, .F. ) ;
#5285 = DIRECTION ( 'NONE',  ( 2.320179133002975012E-30, 2.960594732333740256E-15, -1.000000000000000000 ) ) ;
#5286 = EDGE_LOOP ( 'NONE', ( #420, #3459, #1089, #3148 ) ) ;
#5287 = CARTESIAN_POINT ( 'NONE',  ( -6.200000000000003730, -10.73871500692703940, 0.5999999999999999778 ) ) ;
#5288 = VECTOR ( 'NONE', #4112, 1000.000000000000227 ) ;
#5289 = PLANE ( 'NONE',  #4090 ) ;
#5290 = EDGE_LOOP ( 'NONE', ( #5919, #2138, #5779 ) ) ;
#5291 = CARTESIAN_POINT ( 'NONE',  ( 103.8479001739019907, 48.85879653723819871, 168.8506931385969949 ) ) ;
#5292 = CARTESIAN_POINT ( 'NONE',  ( 117.4594733917879950, 104.3679753938900063, 181.0501160567390002 ) ) ;
#5293 = EDGE_CURVE ( 'NONE', #2731, #4810, #4294, .T. ) ;
#5294 = VERTEX_POINT ( 'NONE', #9374 ) ;
#5295 = VECTOR ( 'NONE', #9419, 1000.000000000000114 ) ;
#5296 = ORIENTED_EDGE ( 'NONE', *, *, #162, .F. ) ;
#5297 = CARTESIAN_POINT ( 'NONE',  ( -2.800000000000000711, 4.849742261192857562, -0.000000000000000000 ) ) ;
#5298 = VECTOR ( 'NONE', #1807, 1000.000000000000000 ) ;
#5299 = DIRECTION ( 'NONE',  ( 0.8660254037844388186, -0.4999999999999997224, 0.000000000000000000 ) ) ;
#5300 = DIRECTION ( 'NONE',  ( 0.000000000000000000, 0.000000000000000000, 1.000000000000000000 ) ) ;
#5301 = DIRECTION ( 'NONE',  ( -1.000000000000000000, 8.675024576659518025E-17, -2.094336198689004853E-16 ) ) ;
#5302 = EDGE_LOOP ( 'NONE', ( #5007, #834, #6824, #9508 ) ) ;
#5303 = FACE_OUTER_BOUND ( 'NONE', #8080, .T. ) ;
#5304 = EDGE_CURVE ( 'NONE', #4571, #730, #5828, .T. ) ;
#5305 = LINE ( 'NONE', #8235, #712 ) ;
#5306 = ADVANCED_FACE ( 'NONE', ( #2268 ), #770, .F. ) ;
#5307 = VECTOR ( 'NONE', #2131, 1000.000000000000000 ) ;
#5308 = VECTOR ( 'NONE', #1104, 1000.000000000000000 ) ;
#5309 = CARTESIAN_POINT ( 'NONE',  ( 124.9594733917878244, 109.1855827877991061, 141.7351515217283691 ) ) ;
#5310 = DIRECTION ( 'NONE',  ( 2.003086131649548268E-15, -1.000000000000000000, 0.000000000000000000 ) ) ;
#5311 = CARTESIAN_POINT ( 'NONE',  ( 124.5594733917879893, 107.9516897560760071, 181.0501160567390002 ) ) ;
#5312 = DIRECTION ( 'NONE',  ( 1.000000000000000000, 0.000000000000000000, 0.000000000000000000 ) ) ;
#5313 = VECTOR ( 'NONE', #809, 1000.000000000000114 ) ;
#5314 = VECTOR ( 'NONE', #8021, 1000.000000000000000 ) ;
#5315 = ORIENTED_EDGE ( 'NONE', *, *, #1224, .F. ) ;
#5316 = CARTESIAN_POINT ( 'NONE',  ( 124.9594733917878244, 102.5855827877990833, 145.7766034060556990 ) ) ;
#5317 = CARTESIAN_POINT ( 'NONE',  ( 103.4479001739019992, 50.05879653723830813, 145.2896251811480113 ) ) ;
#5318 = ORIENTED_EDGE ( 'NONE', *, *, #3499, .T. ) ;
#5319 = EDGE_CURVE ( 'NONE', #6259, #6353, #2949, .T. ) ;
#5320 = VERTEX_POINT ( 'NONE', #2848 ) ;
#5321 = VECTOR ( 'NONE', #7232, 1000.000000000000000 ) ;
#5322 = CARTESIAN_POINT ( 'NONE',  ( 121.9594733917879950, 53.33084388076889581, 176.8500716728239865 ) ) ;
#5323 = FACE_BOUND ( 'NONE', #7070, .T. ) ;
#5324 = VERTEX_POINT ( 'NONE', #8035 ) ;
#5325 = DIRECTION ( 'NONE',  ( -0.5000000000000006661, 0.8660254037844382635, 0.000000000000000000 ) ) ;
#5326 = CARTESIAN_POINT ( 'NONE',  ( 103.4479001739019992, 48.45879653723829961, 145.2896251811480113 ) ) ;
#5327 = ORIENTED_EDGE ( 'NONE', *, *, #7892, .T. ) ;
#5328 = CARTESIAN_POINT ( 'NONE',  ( 124.9594733917879950, 50.85921079751859253, 167.4508272310380050 ) ) ;
#5329 = VECTOR ( 'NONE', #3824, 999.9999999999998863 ) ;
#5330 = LINE ( 'NONE', #8259, #8234 ) ;
#5331 = ORIENTED_EDGE ( 'NONE', *, *, #657, .T. ) ;
#5332 = EDGE_CURVE ( 'NONE', #4257, #5324, #5781, .T. ) ;
#5333 = CARTESIAN_POINT ( 'NONE',  ( 123.7249009915269937, 47.75879991855730111, 181.0501160567390002 ) ) ;
#5334 = ORIENTED_EDGE ( 'NONE', *, *, #98, .F. ) ;
#5335 = ORIENTED_EDGE ( 'NONE', *, *, #7293, .F. ) ;
#5336 = VECTOR ( 'NONE', #974, 1000.000000000000000 ) ;
#5337 = DIRECTION ( 'NONE',  ( 0.000000000000000000, -1.000000000000000000, -3.908184725064409972E-15 ) ) ;
#5338 = EDGE_CURVE ( 'NONE', #113, #416, #8705, .T. ) ;
#5339 = VERTEX_POINT ( 'NONE', #3714 ) ;
#5340 = CARTESIAN_POINT ( 'NONE',  ( 124.9594733917878244, 102.3855827877990947, 145.4301932445419254 ) ) ;
#5341 = CARTESIAN_POINT ( 'NONE',  ( 103.4479001739019992, 50.05879653723830813, 145.2896251811480113 ) ) ;
#5342 = ORIENTED_EDGE ( 'NONE', *, *, #2956, .F. ) ;
#5343 = DIRECTION ( 'NONE',  ( 0.000000000000000000, 0.000000000000000000, -1.000000000000000000 ) ) ;
#5344 = FACE_OUTER_BOUND ( 'NONE', #5133, .T. ) ;
#5345 = EDGE_CURVE ( 'NONE', #3948, #1564, #1388, .T. ) ;
#5346 = AXIS2_PLACEMENT_3D ( 'NONE', #4287, #5723, #2115 ) ;
#5347 = AXIS2_PLACEMENT_3D ( 'NONE', #291, #6230, #4832 ) ;
#5348 = ORIENTED_EDGE ( 'NONE', *, *, #7173, .T. ) ;
#5349 = EDGE_LOOP ( 'NONE', ( #1481, #7408, #2897, #9385 ) ) ;
#5350 = PLANE ( 'NONE',  #1947 ) ;
#5351 = EDGE_CURVE ( 'NONE', #4900, #8167, #8799, .T. ) ;
#5352 = DIRECTION ( 'NONE',  ( -1.000000000000000000, -1.504038027996622089E-18, -1.309403304758604554E-15 ) ) ;
#5353 = PLANE ( 'NONE',  #4858 ) ;
#5354 = DIRECTION ( 'NONE',  ( 0.000000000000000000, 0.000000000000000000, 1.000000000000000000 ) ) ;
#5355 = VERTEX_POINT ( 'NONE', #8752 ) ;
#5356 = PLANE ( 'NONE',  #4831 ) ;
#5357 = CARTESIAN_POINT ( 'NONE',  ( 103.4479001739019992, 50.05879653723830813, 142.2994946864579902 ) ) ;
#5358 = VECTOR ( 'NONE', #8249, 1000.000000000000000 ) ;
#5359 = PLANE ( 'NONE',  #2272 ) ;
#5360 = EDGE_CURVE ( 'NONE', #944, #8967, #5214, .T. ) ;
#5361 = EDGE_CURVE ( 'NONE', #9104, #2498, #7466, .T. ) ;
#5362 = DIRECTION ( 'NONE',  ( 6.590088167172848632E-16, -0.8660254037844367092, -0.5000000000000034417 ) ) ;
#5363 = AXIS2_PLACEMENT_3D ( 'NONE', #3770, #3147, #1495 ) ;
#5364 = VECTOR ( 'NONE', #8131, 1000.000000000000000 ) ;
#5365 = ORIENTED_EDGE ( 'NONE', *, *, #3132, .F. ) ;
#5366 = PLANE ( 'NONE',  #6210 ) ;
#5367 = CARTESIAN_POINT ( 'NONE',  ( 124.3594733917878159, 96.98558278779907482, 148.5478846981658876 ) ) ;
#5368 = VERTEX_POINT ( 'NONE', #2507 ) ;
#5369 = VERTEX_POINT ( 'NONE', #6792 ) ;
#5370 = DIRECTION ( 'NONE',  ( -1.000000000000000000, -1.504038027996622089E-18, -1.309403304758604554E-15 ) ) ;
#5371 = ADVANCED_FACE ( 'NONE', ( #1632 ), #5356, .T. ) ;
#5372 = CARTESIAN_POINT ( 'NONE',  ( 124.9594733917878244, 102.3855827877990947, 145.6611333522177745 ) ) ;
#5373 = ORIENTED_EDGE ( 'NONE', *, *, #2855, .T. ) ;
#5374 = CARTESIAN_POINT ( 'NONE',  ( 124.3594733917878159, 108.5855827877990976, 141.6196814678904161 ) ) ;
#5375 = LINE ( 'NONE', #7630, #4995 ) ;
#5376 = ORIENTED_EDGE ( 'NONE', *, *, #7166, .F. ) ;
#5377 = VECTOR ( 'NONE', #7851, 1000.000000000000000 ) ;
#5378 = FACE_OUTER_BOUND ( 'NONE', #4795, .T. ) ;
#5379 = LINE ( 'NONE', #3263, #1614 ) ;
#5380 = VERTEX_POINT ( 'NONE', #7659 ) ;
#5381 = LINE ( 'NONE', #7585, #3782 ) ;
#5382 = ORIENTED_EDGE ( 'NONE', *, *, #6187, .T. ) ;
#5383 = LINE ( 'NONE', #4660, #5751 ) ;
#5384 = ADVANCED_FACE ( 'NONE', ( #3043 ), #278, .T. ) ;
#5385 = DIRECTION ( 'NONE',  ( 0.4999999999999997224, 0.8660254037844388186, -0.000000000000000000 ) ) ;
#5386 = ORIENTED_EDGE ( 'NONE', *, *, #266, .T. ) ;
#5387 = CARTESIAN_POINT ( 'NONE',  ( 121.9594733917879950, 79.60879653725019978, 155.7501160567389888 ) ) ;
#5388 = DIRECTION ( 'NONE',  ( 1.332169591021890008E-15, 3.908184725064409972E-15, -1.000000000000000000 ) ) ;
#5389 = VERTEX_POINT ( 'NONE', #3140 ) ;
#5390 = CARTESIAN_POINT ( 'NONE',  ( 124.3594733917878017, 84.38558278779905208, 156.0534381976309817 ) ) ;
#5391 = CARTESIAN_POINT ( 'NONE',  ( 121.5594733917879893, 52.55900246190719827, 176.8500716728239865 ) ) ;
#5392 = ORIENTED_EDGE ( 'NONE', *, *, #3818, .F. ) ;
#5393 = VERTEX_POINT ( 'NONE', #8233 ) ;
#5394 = EDGE_CURVE ( 'NONE', #9450, #2927, #8185, .T. ) ;
#5395 = LINE ( 'NONE', #1046, #6003 ) ;
#5396 = CARTESIAN_POINT ( 'NONE',  ( 6.000000000000000888, -3.925981830489455149, 0.5999999999999999778 ) ) ;
#5397 = VERTEX_POINT ( 'NONE', #177 ) ;
#5398 = CARTESIAN_POINT ( 'NONE',  ( 124.9594733917877818, 84.58558278779896966, 176.9535179422954343 ) ) ;
#5399 = ORIENTED_EDGE ( 'NONE', *, *, #9318, .F. ) ;
#5400 = CARTESIAN_POINT ( 'NONE',  ( 124.9594733917878244, 84.38558278779908051, 145.4301932445418686 ) ) ;
#5401 = CARTESIAN_POINT ( 'NONE',  ( 97.10416572089670240, 112.0123499278562775, 130.1965626661457236 ) ) ;
#5402 = EDGE_CURVE ( 'NONE', #1468, #406, #1009, .T. ) ;
#5403 = ADVANCED_FACE ( 'NONE', ( #9049 ), #2460, .F. ) ;
#5404 = LINE ( 'NONE', #3290, #7811 ) ;
#5405 = CARTESIAN_POINT ( 'NONE',  ( 124.9594733917879950, 47.45879653723749669, 144.8376160567389945 ) ) ;
#5406 = AXIS2_PLACEMENT_3D ( 'NONE', #20, #9509, #2936 ) ;
#5407 = CARTESIAN_POINT ( 'NONE',  ( 124.9594733917878102, 103.1855827877990777, 151.6655761517898782 ) ) ;
#5408 = ORIENTED_EDGE ( 'NONE', *, *, #4334, .T. ) ;
#5409 = LINE ( 'NONE', #1018, #4201 ) ;
#5410 = FACE_BOUND ( 'NONE', #4837, .T. ) ;
#5411 = ADVANCED_FACE ( 'NONE', ( #5977 ), #2364, .T. ) ;
#5412 = ORIENTED_EDGE ( 'NONE', *, *, #6550, .F. ) ;
#5413 = CARTESIAN_POINT ( 'NONE',  ( 124.3594733917878017, 91.18558278779906345, 153.0512167978449440 ) ) ;
#5414 = CARTESIAN_POINT ( 'NONE',  ( 114.4594733917879950, 79.36797539389087319, 130.0501160567390002 ) ) ;
#5415 = ORIENTED_EDGE ( 'NONE', *, *, #5081, .F. ) ;
#5416 = LINE ( 'NONE', #2525, #9234 ) ;
#5417 = DIRECTION ( 'NONE',  ( -0.000000000000000000, -0.000000000000000000, -1.000000000000000000 ) ) ;
#5418 = ORIENTED_EDGE ( 'NONE', *, *, #4707, .T. ) ;
#5419 = AXIS2_PLACEMENT_3D ( 'NONE', #9245, #2576, #5651 ) ;
#5420 =( LENGTH_UNIT ( ) NAMED_UNIT ( * ) SI_UNIT ( .MILLI., .METRE. ) );
#5421 = PLANE ( 'NONE',  #380 ) ;
#5422 = ORIENTED_EDGE ( 'NONE', *, *, #4214, .T. ) ;
#5423 = PLANE ( 'NONE',  #2706 ) ;
#5424 = ADVANCED_FACE ( 'NONE', ( #7560 ), #6026, .T. ) ;
#5425 = ADVANCED_FACE ( 'NONE', ( #962 ), #1730, .T. ) ;
#5426 = ORIENTED_EDGE ( 'NONE', *, *, #1002, .T. ) ;
#5427 = ORIENTED_EDGE ( 'NONE', *, *, #7470, .T. ) ;
#5428 = CARTESIAN_POINT ( 'NONE',  ( 24.40000000000003766, -4.887530161224892976E-14, -0.000000000000000000 ) ) ;
#5429 = ORIENTED_EDGE ( 'NONE', *, *, #4834, .T. ) ;
#5430 = CARTESIAN_POINT ( 'NONE',  ( 103.4479001739019992, 52.85921008091939655, 145.2896250086890007 ) ) ;
#5431 = CARTESIAN_POINT ( 'NONE',  ( 121.7594733917879921, 53.33084388076910187, 134.3001160632319966 ) ) ;
#5432 = ORIENTED_EDGE ( 'NONE', *, *, #3746, .F. ) ;
#5433 = DIRECTION ( 'NONE',  ( 0.000000000000000000, -1.000000000000000000, 0.000000000000000000 ) ) ;
#5434 = DIRECTION ( 'NONE',  ( 1.000000000000000000, 1.504038027996622089E-18, 1.309403304758604554E-15 ) ) ;
#5435 = ADVANCED_FACE ( 'NONE', ( #2318 ), #3903, .F. ) ;
#5436 = VERTEX_POINT ( 'NONE', #6171 ) ;
#5437 = VERTEX_POINT ( 'NONE', #3243 ) ;
#5438 = VECTOR ( 'NONE', #970, 1000.000000000000000 ) ;
#5439 = DIRECTION ( 'NONE',  ( -1.504038028001425744E-18, 1.000000000000000000, 3.668761925651101070E-15 ) ) ;
#5440 = FACE_OUTER_BOUND ( 'NONE', #5349, .T. ) ;
#5441 = VERTEX_POINT ( 'NONE', #4587 ) ;
#5442 = DIRECTION ( 'NONE',  ( 0.000000000000000000, -1.000000000000000000, -2.440668952956890160E-15 ) ) ;
#5443 = CARTESIAN_POINT ( 'NONE',  ( 124.9594733917879950, 50.85900246190750096, 136.0001160632320136 ) ) ;
#5444 = ORIENTED_EDGE ( 'NONE', *, *, #8906, .T. ) ;
#5445 = CARTESIAN_POINT ( 'NONE',  ( 124.9594733917878244, 108.5855827877990976, 141.6196814678904161 ) ) ;
#5446 = CARTESIAN_POINT ( 'NONE',  ( 121.9594733917879950, 52.55900246190719827, 176.8500716728239865 ) ) ;
#5448 = EDGE_CURVE ( 'NONE', #6692, #7451, #3956, .T. ) ;
#5447 = VECTOR ( 'NONE', #7321, 999.9999999999998863 ) ;
#5449 = AXIS2_PLACEMENT_3D ( 'NONE', #7108, #3500, #8632 ) ;
#5450 = FACE_OUTER_BOUND ( 'NONE', #5754, .T. ) ;
#5451 = DIRECTION ( 'NONE',  ( -3.659954016805839962E-31, 1.000000000000000000, 2.960594732333740256E-15 ) ) ;
#5452 = DIRECTION ( 'NONE',  ( 1.000000000000000000, 0.000000000000000000, 0.000000000000000000 ) ) ;
#5453 = EDGE_CURVE ( 'NONE', #8881, #2592, #4981, .T. ) ;
#5454 = ORIENTED_EDGE ( 'NONE', *, *, #4490, .T. ) ;
#5455 = CARTESIAN_POINT ( 'NONE',  ( 103.4479001739019992, 50.21001655449870071, 141.1090609392970237 ) ) ;
#5456 = VECTOR ( 'NONE', #195, 1000.000000000000000 ) ;
#5457 = CARTESIAN_POINT ( 'NONE',  ( 121.7594733917879921, 52.55900246190719827, 176.8500716728239865 ) ) ;
#5458 = EDGE_CURVE ( 'NONE', #1307, #1468, #6890, .T. ) ;
#5459 = ORIENTED_EDGE ( 'NONE', *, *, #3446, .T. ) ;
#5460 = DIRECTION ( 'NONE',  ( -0.4999999999999998335, -0.8660254037844387076, 0.000000000000000000 ) ) ;
#5461 = AXIS2_PLACEMENT_3D ( 'NONE', #7737, #213, #1812 ) ;
#5462 = CARTESIAN_POINT ( 'NONE',  ( 11.80000000000000249, -6.581793068761736087, 0.000000000000000000 ) ) ;
#5463 = VECTOR ( 'NONE', #1756, 1000.000000000000000 ) ;
#5464 = EDGE_LOOP ( 'NONE', ( #1033, #2556, #7731, #2004 ) ) ;
#5465 = ADVANCED_FACE ( 'NONE', ( #5303 ), #916, .T. ) ;
#5466 = DIRECTION ( 'NONE',  ( 6.590088167172849618E-16, -0.8660254037844365982, -0.5000000000000035527 ) ) ;
#5467 = LINE ( 'NONE', #9158, #2840 ) ;
#5468 = ORIENTED_EDGE ( 'NONE', *, *, #1391, .T. ) ;
#5469 = DIRECTION ( 'NONE',  ( -4.973484979956462810E-18, 1.000000000000000000, 4.169533458563488136E-15 ) ) ;
#5470 = DIRECTION ( 'NONE',  ( -0.000000000000000000, 0.000000000000000000, -1.000000000000000000 ) ) ;
#5471 = ORIENTED_EDGE ( 'NONE', *, *, #1970, .F. ) ;
#5472 = CARTESIAN_POINT ( 'NONE',  ( 124.3594733917878017, 84.38558278779900945, 162.0578809972030854 ) ) ;
#5473 = VECTOR ( 'NONE', #1030, 1000.000000000000000 ) ;
#5474 = VECTOR ( 'NONE', #6749, 1000.000000000000000 ) ;
#5475 = ORIENTED_EDGE ( 'NONE', *, *, #1825, .F. ) ;
#5476 = CARTESIAN_POINT ( 'NONE',  ( 103.4479001739019992, 50.05879653723830813, 166.8113888862239946 ) ) ;
#5477 = ORIENTED_EDGE ( 'NONE', *, *, #795, .T. ) ;
#5478 = EDGE_CURVE ( 'NONE', #5089, #2490, #4003, .T. ) ;
#5479 = VECTOR ( 'NONE', #2082, 1000.000000000000227 ) ;
#5480 = AXIS2_PLACEMENT_3D ( 'NONE', #8010, #2092, #4989 ) ;
#5481 = CARTESIAN_POINT ( 'NONE',  ( 121.5594733917879893, 49.15900246190739864, 137.7001160632310075 ) ) ;
#5482 = EDGE_CURVE ( 'NONE', #3015, #7550, #4102, .T. ) ;
#5483 = FACE_OUTER_BOUND ( 'NONE', #5959, .T. ) ;
#5484 = ORIENTED_EDGE ( 'NONE', *, *, #9522, .T. ) ;
#5485 = DIRECTION ( 'NONE',  ( -1.000000000000000000, -1.270429940335162177E-14, 0.000000000000000000 ) ) ;
#5486 = LINE ( 'NONE', #7023, #4391 ) ;
#5487 = ORIENTED_EDGE ( 'NONE', *, *, #2729, .T. ) ;
#5488 = ORIENTED_EDGE ( 'NONE', *, *, #6550, .T. ) ;
#5489 = DIRECTION ( 'NONE',  ( -6.938893903907880112E-18, -2.413561285175750205E-15, 1.000000000000000000 ) ) ;
#5490 = EDGE_CURVE ( 'NONE', #6143, #6682, #1143, .T. ) ;
#5491 = PLANE ( 'NONE',  #8991 ) ;
#5492 = ORIENTED_EDGE ( 'NONE', *, *, #8459, .F. ) ;
#5493 = DIRECTION ( 'NONE',  ( -1.000000000000000000, 0.000000000000000000, 0.000000000000000000 ) ) ;
#5494 = FACE_OUTER_BOUND ( 'NONE', #7640, .T. ) ;
#5495 = AXIS2_PLACEMENT_3D ( 'NONE', #7043, #434, #4200 ) ;
#5496 = VERTEX_POINT ( 'NONE', #5041 ) ;
#5497 = DIRECTION ( 'NONE',  ( 1.309403304758604751E-15, 3.668761925651101858E-15, -1.000000000000000000 ) ) ;
#5498 = LINE ( 'NONE', #8505, #2415 ) ;
#5499 = DIRECTION ( 'NONE',  ( 1.000000000000000000, 1.504038027996621897E-18, 1.309403304758604554E-15 ) ) ;
#5500 = CARTESIAN_POINT ( 'NONE',  ( 103.4479001739019992, 81.35361228539969147, 180.4501160567390059 ) ) ;
#5501 = EDGE_CURVE ( 'NONE', #9441, #5294, #7203, .T. ) ;
#5502 = CARTESIAN_POINT ( 'NONE',  ( 124.9594733917878244, 108.3855827877990947, 145.4301932445419538 ) ) ;
#5503 = ORIENTED_EDGE ( 'NONE', *, *, #5258, .F. ) ;
#5504 = DIRECTION ( 'NONE',  ( 0.8660254037844387076, -0.4999999999999999445, 0.000000000000000000 ) ) ;
#5505 = CIRCLE ( 'NONE', #3505, 1.599999999999990319 ) ;
#5506 = DIRECTION ( 'NONE',  ( 1.000000000000000000, 4.973484979951002413E-18, 1.309403304758604554E-15 ) ) ;
#5507 = ORIENTED_EDGE ( 'NONE', *, *, #4524, .F. ) ;
#5508 = CARTESIAN_POINT ( 'NONE',  ( 119.9499808048569918, 102.6954405435970017, 180.4501160567390059 ) ) ;
#5509 = AXIS2_PLACEMENT_3D ( 'NONE', #6268, #2464, #4821 ) ;
#5510 = DIRECTION ( 'NONE',  ( 6.503944880413206764E-16, 0.8660254037844403729, -0.4999999999999970579 ) ) ;
#5511 = EDGE_CURVE ( 'NONE', #8809, #3460, #2780, .T. ) ;
#5512 = ORIENTED_EDGE ( 'NONE', *, *, #863, .T. ) ;
#5513 = CARTESIAN_POINT ( 'NONE',  ( 124.3594733917878159, 84.38558278779909472, 145.4301932445418686 ) ) ;
#5514 = DIRECTION ( 'NONE',  ( -1.309403304758604751E-15, -3.668761925651101858E-15, 1.000000000000000000 ) ) ;
#5515 = ORIENTED_EDGE ( 'NONE', *, *, #3132, .T. ) ;
#5516 = SURFACE_STYLE_FILL_AREA ( #4745 ) ;
#5517 = DIRECTION ( 'NONE',  ( 0.000000000000000000, -1.000000000000000000, -2.960594732333740256E-15 ) ) ;
#5518 = ORIENTED_EDGE ( 'NONE', *, *, #2659, .F. ) ;
#5519 = CARTESIAN_POINT ( 'NONE',  ( 124.9594733917877960, 97.18558278779902082, 162.0578809972031422 ) ) ;
#5520 = EDGE_CURVE ( 'NONE', #1462, #2470, #6934, .T. ) ;
#5521 = ORIENTED_EDGE ( 'NONE', *, *, #3818, .T. ) ;
#5522 = CARTESIAN_POINT ( 'NONE',  ( 124.3594733917878159, 72.38558278779906630, 145.4301932445418117 ) ) ;
#5523 = PLANE ( 'NONE',  #4729 ) ;
#5524 = VECTOR ( 'NONE', #8189, 1000.000000000000000 ) ;
#5525 = VERTEX_POINT ( 'NONE', #7034 ) ;
#5526 = DIRECTION ( 'NONE',  ( -1.309403304758604751E-15, -4.169533458563488136E-15, 1.000000000000000000 ) ) ;
#5527 = CARTESIAN_POINT ( 'NONE',  ( 9.200000000000015277, -15.93486742963367142, 0.5999999999999999778 ) ) ;
#5528 = ORIENTED_EDGE ( 'NONE', *, *, #2587, .F. ) ;
#5529 = CARTESIAN_POINT ( 'NONE',  ( 124.9594733917879950, 50.85900246190720253, 175.1500716728239979 ) ) ;
#5530 = DIRECTION ( 'NONE',  ( -1.332169591021890008E-15, 0.000000000000000000, 1.000000000000000000 ) ) ;
#5531 = EDGE_CURVE ( 'NONE', #5535, #406, #603, .T. ) ;
#5532 = ORIENTED_EDGE ( 'NONE', *, *, #975, .F. ) ;
#5533 = EDGE_CURVE ( 'NONE', #8394, #8380, #5757, .T. ) ;
#5534 =( BOUNDED_CURVE ( )  B_SPLINE_CURVE ( 3, ( #2495, #3990, #7691, #6299 ),
 .UNSPECIFIED., .F., .T. ) 
 B_SPLINE_CURVE_WITH_KNOTS ( ( 4, 4 ),
 ( 2.356194490191963364, 3.141592653589793116 ),
 .UNSPECIFIED. ) 
 CURVE ( )  GEOMETRIC_REPRESENTATION_ITEM ( )  RATIONAL_B_SPLINE_CURVE ( ( 1.000000000000000000, 0.9492530216741423832, 0.9492530216741423832, 1.000000000000000000 ) ) 
 REPRESENTATION_ITEM ( '' )  );
#5535 = VERTEX_POINT ( 'NONE', #2097 ) ;
#5536 = LINE ( 'NONE', #6837, #759 ) ;
#5537 = DIRECTION ( 'NONE',  ( 1.340782826723100149E-14, -1.000000000000000000, -2.960594732333740256E-15 ) ) ;
#5538 = VERTEX_POINT ( 'NONE', #6486 ) ;
#5539 = AXIS2_PLACEMENT_3D ( 'NONE', #2991, #4529, #2165 ) ;
#5540 = CARTESIAN_POINT ( 'NONE',  ( 124.3594733917878159, 97.18558278779907766, 148.6633547520038121 ) ) ;
#5541 = LINE ( 'NONE', #1775, #1596 ) ;
#5542 = ORIENTED_EDGE ( 'NONE', *, *, #4284, .F. ) ;
#5543 = DIRECTION ( 'NONE',  ( 1.332169591021890008E-15, 2.960594732333740256E-15, -1.000000000000000000 ) ) ;
#5544 = DIRECTION ( 'NONE',  ( 0.8660254037844381525, -0.5000000000000008882, 0.000000000000000000 ) ) ;
#5545 = ADVANCED_FACE ( 'NONE', ( #4818 ), #8636, .T. ) ;
#5546 = EDGE_CURVE ( 'NONE', #6043, #9177, #9402, .T. ) ;
#5547 = PLANE ( 'NONE',  #6741 ) ;
#5548 = CARTESIAN_POINT ( 'NONE',  ( 124.9594733917877960, 73.58558278779899808, 162.7507013202306041 ) ) ;
#5549 = DIRECTION ( 'NONE',  ( -0.000000000000000000, 1.000000000000000000, 2.775557561562915806E-15 ) ) ;
#5550 = EDGE_LOOP ( 'NONE', ( #8118, #6038, #9303, #1292 ) ) ;
#5551 = DIRECTION ( 'NONE',  ( 6.590088167172843701E-16, -0.8660254037844368202, -0.5000000000000031086 ) ) ;
#5552 = CARTESIAN_POINT ( 'NONE',  ( 103.4479001739019992, 51.45758264286670425, 140.7122495700770060 ) ) ;
#5553 = ADVANCED_FACE ( 'NONE', ( #1097 ), #6217, .T. ) ;
#5554 = ORIENTED_EDGE ( 'NONE', *, *, #5039, .T. ) ;
#5555 = CIRCLE ( 'NONE', #6648, 3.000000000000002665 ) ;
#5556 = DIRECTION ( 'NONE',  ( -1.136463268210227383E-15, 0.4999999999999965028, 0.8660254037844407060 ) ) ;
#5557 = CARTESIAN_POINT ( 'NONE',  ( 114.8457325640329998, 102.8954405435960098, 180.6501160567389945 ) ) ;
#5558 = ORIENTED_EDGE ( 'NONE', *, *, #2019, .F. ) ;
#5559 = CARTESIAN_POINT ( 'NONE',  ( 114.4594733917879950, 74.36797539389039002, 180.4501160567390059 ) ) ;
#5560 = DIRECTION ( 'NONE',  ( 5.630460168446151088E-38, -1.538396423176930260E-07, 0.9999999999999882316 ) ) ;
#5561 = EDGE_LOOP ( 'NONE', ( #124, #6774, #8251, #5714 ) ) ;
#5562 = CARTESIAN_POINT ( 'NONE',  ( 121.5594733917879893, 50.85900246190750096, 136.0001160632310189 ) ) ;
#5563 = CARTESIAN_POINT ( 'NONE',  ( 12.80000000000000604, -6.928203230275513214, 0.5999999999999999778 ) ) ;
#5564 = ORIENTED_EDGE ( 'NONE', *, *, #4447, .T. ) ;
#5565 = AXIS2_PLACEMENT_3D ( 'NONE', #5949, #5849, #7388 ) ;
#5566 = ORIENTED_EDGE ( 'NONE', *, *, #9095, .F. ) ;
#5567 = CYLINDRICAL_SURFACE ( 'NONE', #1160, 1.200000000000006617 ) ;
#5568 = VECTOR ( 'NONE', #1085, 999.9999999999998863 ) ;
#5569 = ORIENTED_EDGE ( 'NONE', *, *, #1649, .T. ) ;
#5570 = CARTESIAN_POINT ( 'NONE',  ( 23.80000000000000782, -20.43819952931276873, 0.000000000000000000 ) ) ;
#5571 = CARTESIAN_POINT ( 'NONE',  ( 104.2479001739019964, 47.65879653723740716, 130.6158014816880097 ) ) ;
#5572 = ORIENTED_EDGE ( 'NONE', *, *, #4343, .T. ) ;
#5573 = LINE ( 'NONE', #7245, #6945 ) ;
#5574 = EDGE_CURVE ( 'NONE', #8679, #8552, #1823, .T. ) ;
#5575 = DIRECTION ( 'NONE',  ( 1.000000000000000000, -1.684925824262390165E-30, 1.332169591021890008E-15 ) ) ;
#5576 = EDGE_CURVE ( 'NONE', #4983, #8004, #7702, .T. ) ;
#5577 = EDGE_LOOP ( 'NONE', ( #7328, #8735, #5848, #6468 ) ) ;
#5578 = ORIENTED_EDGE ( 'NONE', *, *, #3651, .F. ) ;
#5579 = DIRECTION ( 'NONE',  ( -1.131489783230271428E-15, -0.5000000000000029976, 0.8660254037844369313 ) ) ;
#5580 = VECTOR ( 'NONE', #7055, 1000.000000000000000 ) ;
#5581 = DIRECTION ( 'NONE',  ( -1.000000000000000000, -1.504038027996622089E-18, -1.309403304758604554E-15 ) ) ;
#5582 = ORIENTED_EDGE ( 'NONE', *, *, #919, .F. ) ;
#5583 = FACE_OUTER_BOUND ( 'NONE', #2954, .T. ) ;
#5584 = EDGE_CURVE ( 'NONE', #1083, #1088, #1324, .T. ) ;
#5585 = DIRECTION ( 'NONE',  ( 1.000000000000000000, 1.504038027996622089E-18, 1.309403304758604554E-15 ) ) ;
#5586 = ORIENTED_EDGE ( 'NONE', *, *, #1736, .F. ) ;
#5587 = DIRECTION ( 'NONE',  ( 9.419861515020850891E-16, 0.7071067811865510144, -0.7071067811865441310 ) ) ;
#5588 = DIRECTION ( 'NONE',  ( 6.590088167172854548E-16, -0.8660254037844363761, -0.5000000000000038858 ) ) ;
#5589 = DIRECTION ( 'NONE',  ( -1.000000000000000000, 5.292037523355160084E-16, -1.332169591021888036E-15 ) ) ;
#5590 = CARTESIAN_POINT ( 'NONE',  ( 124.3594733917878017, 102.3855827877990663, 151.6655761517898782 ) ) ;
#5591 = EDGE_CURVE ( 'NONE', #9349, #592, #8517, .T. ) ;
#5592 = EDGE_CURVE ( 'NONE', #4545, #3015, #7816, .T. ) ;
#5593 = ORIENTED_EDGE ( 'NONE', *, *, #2111, .T. ) ;
#5594 = CARTESIAN_POINT ( 'NONE',  ( 12.40000000000000391, -1.418955567684714834E-15, 0.000000000000000000 ) ) ;
#5595 = DIRECTION ( 'NONE',  ( 0.000000000000000000, 0.000000000000000000, 1.000000000000000000 ) ) ;
#5596 = VECTOR ( 'NONE', #222, 1000.000000000000000 ) ;
#5597 = EDGE_LOOP ( 'NONE', ( #4974, #5870, #8126, #5507 ) ) ;
#5598 = CARTESIAN_POINT ( 'NONE',  ( 0.2000000000000014821, -0.3464101615137779033, 0.5999999999999999778 ) ) ;
#5599 = DIRECTION ( 'NONE',  ( 1.000000000000000000, -1.841523682625250011E-14, 0.000000000000000000 ) ) ;
#5600 = DIRECTION ( 'NONE',  ( 4.973484979955271814E-18, -1.000000000000000000, -3.260006316437975661E-15 ) ) ;
#5601 = ORIENTED_EDGE ( 'NONE', *, *, #2173, .T. ) ;
#5602 = AXIS2_PLACEMENT_3D ( 'NONE', #7020, #9034, #6827 ) ;
#5603 = LINE ( 'NONE', #4208, #2339 ) ;
#5604 = EDGE_CURVE ( 'NONE', #3912, #3786, #115, .T. ) ;
#5605 = DIRECTION ( 'NONE',  ( -1.000000000000000000, 0.000000000000000000, 0.000000000000000000 ) ) ;
#5606 = ORIENTED_EDGE ( 'NONE', *, *, #6037, .T. ) ;
#5607 = CARTESIAN_POINT ( 'NONE',  ( 6.000000000000001776, 3.925981830489454261, 0.5999999999999999778 ) ) ;
#5608 = LINE ( 'NONE', #542, #7777 ) ;
#5609 = ORIENTED_EDGE ( 'NONE', *, *, #4261, .F. ) ;
#5610 = ORIENTED_EDGE ( 'NONE', *, *, #7123, .T. ) ;
#5611 = VECTOR ( 'NONE', #393, 1000.000000000000000 ) ;
#5612 = CIRCLE ( 'NONE', #7915, 0.5000000000000004441 ) ;
#5613 = DIRECTION ( 'NONE',  ( 1.000000000000000000, -1.684925824262390165E-30, 1.332169591021890008E-15 ) ) ;
#5614 = CARTESIAN_POINT ( 'NONE',  ( 124.3594733917878159, 97.18558278779909188, 141.9660916294041613 ) ) ;
#5615 = ORIENTED_EDGE ( 'NONE', *, *, #7470, .F. ) ;
#5616 = CARTESIAN_POINT ( 'NONE',  ( 103.4479001739019992, 48.85879653723819871, 166.8113888862239946 ) ) ;
#5617 = FACE_OUTER_BOUND ( 'NONE', #4116, .T. ) ;
#5618 = ORIENTED_EDGE ( 'NONE', *, *, #8565, .T. ) ;
#5619 = DIRECTION ( 'NONE',  ( -1.000000000000000000, -1.504038027996622089E-18, -1.309403304758604554E-15 ) ) ;
#5620 = VECTOR ( 'NONE', #2325, 1000.000000000000000 ) ;
#5621 = CARTESIAN_POINT ( 'NONE',  ( 103.8479001739019907, 50.05879653723830813, 145.2896251811480113 ) ) ;
#5622 = VECTOR ( 'NONE', #7605, 1000.000000000000000 ) ;
#5623 = ORIENTED_EDGE ( 'NONE', *, *, #5831, .T. ) ;
#5624 = ORIENTED_EDGE ( 'NONE', *, *, #1438, .T. ) ;
#5625 = EDGE_CURVE ( 'NONE', #8121, #7007, #3392, .T. ) ;
#5626 = AXIS2_PLACEMENT_3D ( 'NONE', #9023, #8303, #5470 ) ;
#5627 = DIRECTION ( 'NONE',  ( 0.000000000000000000, -0.7071067811865554553, 0.7071067811865395791 ) ) ;
#5628 = EDGE_CURVE ( 'NONE', #6489, #8935, #7497, .T. ) ;
#5629 = CARTESIAN_POINT ( 'NONE',  ( 124.9594733917878102, 109.1855827877990777, 149.1252349673555386 ) ) ;
#5630 = ORIENTED_EDGE ( 'NONE', *, *, #7207, .T. ) ;
#5631 = CARTESIAN_POINT ( 'NONE',  ( 24.40000000000003766, -4.887530161224892976E-14, 0.5999999999999999778 ) ) ;
#5632 = DIRECTION ( 'NONE',  ( -6.590088167172845674E-16, 0.8660254037844367092, 0.5000000000000033307 ) ) ;
#5633 = ORIENTED_EDGE ( 'NONE', *, *, #4773, .T. ) ;
#5634 = VECTOR ( 'NONE', #740, 1000.000000000000000 ) ;
#5635 = VECTOR ( 'NONE', #3778, 1000.000000000000000 ) ;
#5636 = CARTESIAN_POINT ( 'NONE',  ( 124.9594733917877960, 103.1855827877990350, 159.5175398127688027 ) ) ;
#5637 = ADVANCED_FACE ( 'NONE', ( #990 ), #206, .T. ) ;
#5638 = LINE ( 'NONE', #1196, #2280 ) ;
#5639 = CARTESIAN_POINT ( 'NONE',  ( 124.3594733917878159, 91.18558278779909188, 145.4301932445418970 ) ) ;
#5640 = VECTOR ( 'NONE', #4295, 1000.000000000000000 ) ;
#5641 = DIRECTION ( 'NONE',  ( 0.6785983445458170227, -0.2810846377148900621, -0.6785983445458481089 ) ) ;
#5642 = ORIENTED_EDGE ( 'NONE', *, *, #3216, .F. ) ;
#5643 = CARTESIAN_POINT ( 'NONE',  ( 18.00000000000000355, -9.930424630061571278, 0.000000000000000000 ) ) ;
#5644 = LINE ( 'NONE', #7899, #6702 ) ;
#5645 = ORIENTED_EDGE ( 'NONE', *, *, #8493, .F. ) ;
#5646 = DIRECTION ( 'NONE',  ( -1.000000000000000000, 5.292037523355240942E-16, -3.285328468285960224E-15 ) ) ;
#5647 = LINE ( 'NONE', #3527, #1665 ) ;
#5648 = CARTESIAN_POINT ( 'NONE',  ( 124.3594733917878159, 85.18558278779910609, 142.6589119524316516 ) ) ;
#5649 = VECTOR ( 'NONE', #4899, 1000.000000000000000 ) ;
#5650 = ORIENTED_EDGE ( 'NONE', *, *, #138, .F. ) ;
#5651 = DIRECTION ( 'NONE',  ( 0.8660254037844383745, 0.5000000000000003331, 0.000000000000000000 ) ) ;
#5652 = CARTESIAN_POINT ( 'NONE',  ( 103.4479001739019992, 51.65921008091940081, 145.2896251811480113 ) ) ;
#5653 = EDGE_LOOP ( 'NONE', ( #3364, #6193, #1776, #661 ) ) ;
#5654 = CARTESIAN_POINT ( 'NONE',  ( 117.4594733917879950, 104.3679753938900063, 181.0501160567390002 ) ) ;
#5655 = CARTESIAN_POINT ( 'NONE',  ( 11.59999999999999787, -13.62546635287517205, 0.5999999999999999778 ) ) ;
#5656 = EDGE_LOOP ( 'NONE', ( #4911, #6638, #1072, #6341 ) ) ;
#5657 = CIRCLE ( 'NONE', #9476, 1.200000000000006617 ) ;
#5658 = ORIENTED_EDGE ( 'NONE', *, *, #6163, .F. ) ;
#5659 = EDGE_CURVE ( 'NONE', #907, #830, #997, .T. ) ;
#5660 = FACE_OUTER_BOUND ( 'NONE', #1426, .T. ) ;
#5661 = LINE ( 'NONE', #5614, #5649 ) ;
#5662 = ORIENTED_EDGE ( 'NONE', *, *, #5584, .F. ) ;
#5663 = DIRECTION ( 'NONE',  ( 0.000000000000000000, 0.000000000000000000, 1.000000000000000000 ) ) ;
#5664 = LINE ( 'NONE', #8678, #2684 ) ;
#5665 = EDGE_LOOP ( 'NONE', ( #8290, #4527, #4744, #7013 ) ) ;
#5666 = CARTESIAN_POINT ( 'NONE',  ( 124.9594733917877818, 79.18558278779897819, 172.4501858426163210 ) ) ;
#5667 = CARTESIAN_POINT ( 'NONE',  ( 18.40000000000001634, 0.000000000000000000, 0.5999999999999999778 ) ) ;
#5668 = ORIENTED_EDGE ( 'NONE', *, *, #2251, .F. ) ;
#5669 = EDGE_CURVE ( 'NONE', #6180, #4612, #4835, .T. ) ;
#5670 = ORIENTED_EDGE ( 'NONE', *, *, #8832, .F. ) ;
#5671 = DIRECTION ( 'NONE',  ( -0.8660254037844385966, -0.4999999999999998890, 0.000000000000000000 ) ) ;
#5672 = DIRECTION ( 'NONE',  ( -1.000000000000000000, 0.000000000000000000, -0.000000000000000000 ) ) ;
#5673 = ORIENTED_EDGE ( 'NONE', *, *, #4730, .F. ) ;
#5674 = FACE_OUTER_BOUND ( 'NONE', #8820, .T. ) ;
#5675 = CARTESIAN_POINT ( 'NONE',  ( 124.3594733917878017, 93.98558278779901798, 160.6722403511480195 ) ) ;
#5676 = LINE ( 'NONE', #4193, #1020 ) ;
#5677 = CARTESIAN_POINT ( 'NONE',  ( 121.5594733917879893, 53.33084388076889581, 176.8500716728239865 ) ) ;
#5678 = VECTOR ( 'NONE', #8032, 1000.000000000000000 ) ;
#5679 = CARTESIAN_POINT ( 'NONE',  ( 124.9594733917879950, 70.15879653723750664, 134.0501160567390002 ) ) ;
#5680 = DIRECTION ( 'NONE',  ( -1.000000000000000000, 0.000000000000000000, 0.000000000000000000 ) ) ;
#5681 = VERTEX_POINT ( 'NONE', #3221 ) ;
#5682 = DIRECTION ( 'NONE',  ( -2.003086131649543140E-15, -1.000000000000000000, 0.000000000000000000 ) ) ;
#5683 = ADVANCED_FACE ( 'NONE', ( #159 ), #900, .T. ) ;
#5684 = CARTESIAN_POINT ( 'NONE',  ( 124.3594733917878017, 73.18558278779897819, 169.4479644428302549 ) ) ;
#5685 = AXIS2_PLACEMENT_3D ( 'NONE', #4144, #3552, #7884 ) ;
#5686 = EDGE_CURVE ( 'NONE', #5790, #4810, #1163, .T. ) ;
#5687 = CARTESIAN_POINT ( 'NONE',  ( -0.4000000000000028533, -6.928203230275511437, 0.5999999999999999778 ) ) ;
#5688 = FACE_OUTER_BOUND ( 'NONE', #2718, .T. ) ;
#5689 = CARTESIAN_POINT ( 'NONE',  ( 124.9594733917879665, 91.18558278779906345, 153.0512167978449440 ) ) ;
#5690 = VECTOR ( 'NONE', #2304, 1000.000000000000114 ) ;
#5691 = ORIENTED_EDGE ( 'NONE', *, *, #6880, .T. ) ;
#5692 = DIRECTION ( 'NONE',  ( 0.000000000000000000, -1.000000000000000000, 0.000000000000000000 ) ) ;
#5693 = CARTESIAN_POINT ( 'NONE',  ( 124.9594733917877960, 91.18558278779903503, 159.0556595974170477 ) ) ;
#5694 = ORIENTED_EDGE ( 'NONE', *, *, #8612, .T. ) ;
#5695 = CARTESIAN_POINT ( 'NONE',  ( 103.4479001739019992, 50.85900246190720253, 175.1500716728239979 ) ) ;
#5696 = EDGE_CURVE ( 'NONE', #3410, #5207, #6325, .T. ) ;
#5697 = CARTESIAN_POINT ( 'NONE',  ( 23.60000000000001918, -7.621023553303069242, 0.5999999999999999778 ) ) ;
#5698 = EDGE_LOOP ( 'NONE', ( #7609, #4700, #7523, #993, #4184, #8431 ) ) ;
#5699 = EDGE_LOOP ( 'NONE', ( #612, #1396, #2882, #1005 ) ) ;
#5700 = CARTESIAN_POINT ( 'NONE',  ( 123.6420582790520086, 47.95879991855730395, 180.8501160567390116 ) ) ;
#5701 = CARTESIAN_POINT ( 'NONE',  ( 124.9594733917879950, 50.85921079751859253, 145.0692627702150048 ) ) ;
#5702 = ORIENTED_EDGE ( 'NONE', *, *, #7309, .T. ) ;
#5703 = CARTESIAN_POINT ( 'NONE',  ( 24.20000000000000639, -21.13101985234031943, 0.5999999999999999778 ) ) ;
#5704 = VECTOR ( 'NONE', #610, 999.9999999999998863 ) ;
#5705 = DIRECTION ( 'NONE',  ( -1.000000000000000000, -1.504038027996622089E-18, -1.309403304758604554E-15 ) ) ;
#5706 = ORIENTED_EDGE ( 'NONE', *, *, #3981, .T. ) ;
#5707 = VECTOR ( 'NONE', #194, 1000.000000000000227 ) ;
#5708 = DIRECTION ( 'NONE',  ( -1.000000000000000000, -8.460565099872480977E-31, -6.938893903907229918E-18 ) ) ;
#5709 = ADVANCED_FACE ( 'NONE', ( #6874 ), #260, .F. ) ;
#5710 = CARTESIAN_POINT ( 'NONE',  ( 103.4479001739019992, 48.85879653723830529, 142.2994946864579902 ) ) ;
#5711 = EDGE_CURVE ( 'NONE', #746, #8495, #4118, .T. ) ;
#5712 = CARTESIAN_POINT ( 'NONE',  ( 124.9594733917878244, 97.58558278779911177, 141.9660916294041613 ) ) ;
#5713 = VERTEX_POINT ( 'NONE', #8212 ) ;
#5714 = ORIENTED_EDGE ( 'NONE', *, *, #5228, .T. ) ;
#5715 = CARTESIAN_POINT ( 'NONE',  ( 109.9594733917879381, 107.9516897560760071, 180.5501160567390002 ) ) ;
#5716 = DIRECTION ( 'NONE',  ( 0.000000000000000000, 1.000000000000000000, 0.000000000000000000 ) ) ;
#5717 = ORIENTED_EDGE ( 'NONE', *, *, #3560, .T. ) ;
#5718 = DIRECTION ( 'NONE',  ( -1.000000000000000000, 8.675024576659518025E-17, -2.094336198689004853E-16 ) ) ;
#5719 = LINE ( 'NONE', #656, #6998 ) ;
#5720 = EDGE_CURVE ( 'NONE', #5195, #9091, #1612, .T. ) ;
#5721 = ORIENTED_EDGE ( 'NONE', *, *, #7709, .F. ) ;
#5722 = VECTOR ( 'NONE', #7774, 1000.000000000000114 ) ;
#5723 = DIRECTION ( 'NONE',  ( 0.000000000000000000, 1.000000000000000000, 3.908184725064409972E-15 ) ) ;
#5724 = CARTESIAN_POINT ( 'NONE',  ( 124.3594733917878017, 96.78558278779905777, 155.3606178746034914 ) ) ;
#5725 = FACE_OUTER_BOUND ( 'NONE', #1230, .T. ) ;
#5726 = ADVANCED_FACE ( 'NONE', ( #4884 ), #6823, .F. ) ;
#5727 = ORIENTED_EDGE ( 'NONE', *, *, #4428, .F. ) ;
#5728 = CARTESIAN_POINT ( 'NONE',  ( 12.40000000000000391, -0.2309401076758522409, 0.000000000000000000 ) ) ;
#5729 = DIRECTION ( 'NONE',  ( 6.590088167172849618E-16, -0.8660254037844365982, -0.5000000000000035527 ) ) ;
#5730 = AXIS2_PLACEMENT_3D ( 'NONE', #9101, #2373, #140 ) ;
#5731 = DIRECTION ( 'NONE',  ( 0.000000000000000000, -1.000000000000000000, 0.000000000000000000 ) ) ;
#5732 = LINE ( 'NONE', #4204, #2295 ) ;
#5733 = DIRECTION ( 'NONE',  ( 1.942890293082679879E-16, 2.797961700439090137E-15, -1.000000000000000000 ) ) ;
#5734 = ORIENTED_EDGE ( 'NONE', *, *, #4972, .T. ) ;
#5735 = UNCERTAINTY_MEASURE_WITH_UNIT (LENGTH_MEASURE( 1.000000000000000082E-05 ), #90, 'distance_accuracy_value', 'NONE');
#5736 = DIRECTION ( 'NONE',  ( 2.003086131649544323E-15, -1.000000000000000000, 0.000000000000000000 ) ) ;
#5737 = EDGE_CURVE ( 'NONE', #8494, #7429, #8266, .T. ) ;
#5738 = CARTESIAN_POINT ( 'NONE',  ( -0.2000000000000027867, -7.274613391789286787, 0.5999999999999999778 ) ) ;
#5739 = ORIENTED_EDGE ( 'NONE', *, *, #1012, .T. ) ;
#5740 = DIRECTION ( 'NONE',  ( 0.8660254037844387076, -0.5000000000000001110, 0.000000000000000000 ) ) ;
#5741 = LINE ( 'NONE', #5655, #5321 ) ;
#5742 = ORIENTED_EDGE ( 'NONE', *, *, #4127, .T. ) ;
#5743 = AXIS2_PLACEMENT_3D ( 'NONE', #5256, #3091, #7610 ) ;
#5744 = EDGE_LOOP ( 'NONE', ( #8938, #2798, #639, #7826 ) ) ;
#5745 = DIRECTION ( 'NONE',  ( 0.8660254037844388186, 0.4999999999999998335, 0.000000000000000000 ) ) ;
#5746 = ADVANCED_FACE ( 'NONE', ( #946 ), #6105, .F. ) ;
#5747 = VECTOR ( 'NONE', #4570, 1000.000000000000000 ) ;
#5748 = CARTESIAN_POINT ( 'NONE',  ( 17.60000000000000142, -3.233161507461904893, 0.5999999999999999778 ) ) ;
#5749 = ORIENTED_EDGE ( 'NONE', *, *, #885, .F. ) ;
#5750 = DIRECTION ( 'NONE',  ( -0.8660254037844387076, -0.4999999999999999445, 0.000000000000000000 ) ) ;
#5751 = VECTOR ( 'NONE', #65, 1000.000000000000000 ) ;
#5752 = DIRECTION ( 'NONE',  ( -1.000000000000000000, -3.468784850076477154E-16, -2.532696274926138358E-16 ) ) ;
#5753 = CARTESIAN_POINT ( 'NONE',  ( 18.40000000000000213, -3.233161507461906226, 0.5999999999999999778 ) ) ;
#5754 = EDGE_LOOP ( 'NONE', ( #5742, #2302, #161, #6033 ) ) ;
#5755 = FACE_OUTER_BOUND ( 'NONE', #6687, .T. ) ;
#5756 = CARTESIAN_POINT ( 'NONE',  ( 17.60000000000000142, 0.000000000000000000, 0.5999999999999999778 ) ) ;
#5757 = LINE ( 'NONE', #9137, #3608 ) ;
#5758 = VECTOR ( 'NONE', #5262, 1000.000000000000000 ) ;
#5759 = VECTOR ( 'NONE', #574, 1000.000000000000000 ) ;
#5760 = EDGE_LOOP ( 'NONE', ( #5484, #6186, #7483, #5250 ) ) ;
#5761 = VERTEX_POINT ( 'NONE', #4876 ) ;
#5762 = EDGE_CURVE ( 'NONE', #4082, #1310, #283, .T. ) ;
#5763 = EDGE_CURVE ( 'NONE', #4659, #9113, #429, .T. ) ;
#5764 = VECTOR ( 'NONE', #5770, 1000.000000000000000 ) ;
#5765 = CARTESIAN_POINT ( 'NONE',  ( 105.8479001739020049, 52.85920965118960169, 142.2994943533559820 ) ) ;
#5766 = VECTOR ( 'NONE', #4865, 1000.000000000000000 ) ;
#5767 = DIRECTION ( 'NONE',  ( 0.000000000000000000, 3.908184725064409972E-15, -1.000000000000000000 ) ) ;
#5768 = VERTEX_POINT ( 'NONE', #9055 ) ;
#5769 = CARTESIAN_POINT ( 'NONE',  ( 118.0699540685230176, 54.95626731504270168, 180.4501160567390059 ) ) ;
#5770 = DIRECTION ( 'NONE',  ( -1.309403304758604751E-15, -3.668761925651101858E-15, 1.000000000000000000 ) ) ;
#5771 = ORIENTED_EDGE ( 'NONE', *, *, #562, .T. ) ;
#5772 = AXIS2_PLACEMENT_3D ( 'NONE', #5235, #3113, #7392 ) ;
#5773 = ADVANCED_FACE ( 'NONE', ( #2513 ), #3385, .F. ) ;
#5774 = LINE ( 'NONE', #5677, #1497 ) ;
#5775 = ORIENTED_EDGE ( 'NONE', *, *, #6913, .T. ) ;
#5776 = CARTESIAN_POINT ( 'NONE',  ( 117.4594733917879950, 74.36797539389039002, 181.0501160567390002 ) ) ;
#5777 = PLANE ( 'NONE',  #2690 ) ;
#5778 = AXIS2_PLACEMENT_3D ( 'NONE', #6661, #6568, #5942 ) ;
#5779 = ORIENTED_EDGE ( 'NONE', *, *, #9025, .F. ) ;
#5780 = PRODUCT_DEFINITION_SHAPE ( 'NONE', 'NONE',  #2084 ) ;
#5781 = LINE ( 'NONE', #5930, #2217 ) ;
#5782 = DIRECTION ( 'NONE',  ( -1.000000000000000000, -1.504038027996622089E-18, -1.309403304758604554E-15 ) ) ;
#5783 = EDGE_CURVE ( 'NONE', #6889, #8813, #3250, .T. ) ;
#5784 = CARTESIAN_POINT ( 'NONE',  ( 124.3594733917878159, 102.3855827877990947, 145.4301932445419254 ) ) ;
#5785 = CARTESIAN_POINT ( 'NONE',  ( 103.4479001739019992, 49.15900246190719969, 175.1500716728239979 ) ) ;
#5786 = CARTESIAN_POINT ( 'NONE',  ( 124.5594733917879893, 47.05879653723739864, 169.8325044613419834 ) ) ;
#5787 = ORIENTED_EDGE ( 'NONE', *, *, #3121, .T. ) ;
#5788 = FACE_OUTER_BOUND ( 'NONE', #5290, .T. ) ;
#5789 = DIRECTION ( 'NONE',  ( -0.8660254037844385966, 0.5000000000000002220, 0.000000000000000000 ) ) ;
#5790 = VERTEX_POINT ( 'NONE', #6896 ) ;
#5791 = DIRECTION ( 'NONE',  ( -1.000000000000000000, -1.833139453184099895E-58, 6.191794618708319912E-45 ) ) ;
#5792 = DIRECTION ( 'NONE',  ( 0.4999999999999998335, 0.8660254037844387076, -0.000000000000000000 ) ) ;
#5793 = ORIENTED_EDGE ( 'NONE', *, *, #4624, .F. ) ;
#5794 = VECTOR ( 'NONE', #5782, 1000.000000000000000 ) ;
#5795 = ORIENTED_EDGE ( 'NONE', *, *, #5478, .F. ) ;
#5796 = EDGE_CURVE ( 'NONE', #3780, #3212, #1151, .T. ) ;
#5797 = EDGE_CURVE ( 'NONE', #2213, #4501, #6132, .T. ) ;
#5798 = CARTESIAN_POINT ( 'NONE',  ( 124.9594733917879950, 47.85900246190729490, 175.1500716728239979 ) ) ;
#5799 = COLOUR_RGB ( '',0.7921568627450980005, 0.8196078431372548767, 0.9333333333333333481 ) ;
#5800 = VERTEX_POINT ( 'NONE', #9098 ) ;
#5801 = DIRECTION ( 'NONE',  ( -1.000000000000000000, 0.000000000000000000, 0.000000000000000000 ) ) ;
#5802 = APPLICATION_PROTOCOL_DEFINITION ( 'draft international standard', 'automotive_design', 1998, #4576 ) ;
#5803 = CARTESIAN_POINT ( 'NONE',  ( 103.4479001739019992, 51.65921004631169211, 166.8113888862239946 ) ) ;
#5804 = VERTEX_POINT ( 'NONE', #5590 ) ;
#5805 = LINE ( 'NONE', #2340, #5113 ) ;
#5806 = CARTESIAN_POINT ( 'NONE',  ( 103.4479001739019992, 50.85900246190789886, 136.0001161077300367 ) ) ;
#5807 = ORIENTED_EDGE ( 'NONE', *, *, #8685, .F. ) ;
#5808 = EDGE_CURVE ( 'NONE', #944, #3930, #3342, .T. ) ;
#5809 = VECTOR ( 'NONE', #4055, 1000.000000000000000 ) ;
#5810 = VERTEX_POINT ( 'NONE', #4684 ) ;
#5811 = VERTEX_POINT ( 'NONE', #8375 ) ;
#5812 = VECTOR ( 'NONE', #6986, 1000.000000000000000 ) ;
#5813 = LINE ( 'NONE', #7401, #6317 ) ;
#5814 = DIRECTION ( 'NONE',  ( 0.000000000000000000, 0.000000000000000000, -1.000000000000000000 ) ) ;
#5815 = VERTEX_POINT ( 'NONE', #1784 ) ;
#5816 = LINE ( 'NONE', #8739, #2791 ) ;
#5817 = DIRECTION ( 'NONE',  ( 0.000000000000000000, -1.000000000000000000, 0.000000000000000000 ) ) ;
#5818 = EDGE_CURVE ( 'NONE', #1335, #6109, #8066, .T. ) ;
#5819 = ADVANCED_FACE ( 'NONE', ( #9144 ), #7666, .F. ) ;
#5820 = VECTOR ( 'NONE', #7326, 1000.000000000000114 ) ;
#5821 = ORIENTED_EDGE ( 'NONE', *, *, #2695, .F. ) ;
#5822 = ORIENTED_EDGE ( 'NONE', *, *, #1876, .F. ) ;
#5823 = CARTESIAN_POINT ( 'NONE',  ( 196.4508015372530281, 62.05879653723739864, 130.0501160567390002 ) ) ;
#5824 = ORIENTED_EDGE ( 'NONE', *, *, #4394, .F. ) ;
#5825 = CARTESIAN_POINT ( 'NONE',  ( 118.0699540685230176, 54.95626731504270168, 181.0501160567390002 ) ) ;
#5826 = DIRECTION ( 'NONE',  ( -1.309403304758604751E-15, -5.671848057300646182E-15, 1.000000000000000000 ) ) ;
#5827 = ORIENTED_EDGE ( 'NONE', *, *, #8112, .T. ) ;
#5828 = LINE ( 'NONE', #7369, #4683 ) ;
#5829 = ADVANCED_FACE ( 'NONE', ( #2655 ), #4079, .F. ) ;
#5830 = PLANE ( 'NONE',  #8397 ) ;
#5831 = EDGE_CURVE ( 'NONE', #4737, #5100, #379, .T. ) ;
#5832 =( BOUNDED_CURVE ( )  B_SPLINE_CURVE ( 3, ( #8158, #1555, #789, #5134 ),
 .UNSPECIFIED., .F., .T. ) 
 B_SPLINE_CURVE_WITH_KNOTS ( ( 4, 4 ),
 ( 2.083855632084300247, 2.162181658042864996 ),
 .UNSPECIFIED. ) 
 CURVE ( )  GEOMETRIC_REPRESENTATION_ITEM ( )  RATIONAL_B_SPLINE_CURVE ( ( 1.000000000000000000, 0.9994888181448777775, 0.9994888181448777775, 1.000000000000000000 ) ) 
 REPRESENTATION_ITEM ( '' )  );
#5833 = DIRECTION ( 'NONE',  ( 4.973484979955271814E-18, -1.000000000000000000, -3.260006316437975661E-15 ) ) ;
#5834 = CARTESIAN_POINT ( 'NONE',  ( 124.5594733917879893, 111.6587965372630009, 130.0501160567390002 ) ) ;
#5835 = CARTESIAN_POINT ( 'NONE',  ( 2.799999999999996270, 4.849742261192854009, 0.5999999999999999778 ) ) ;
#5836 = ORIENTED_EDGE ( 'NONE', *, *, #8650, .T. ) ;
#5837 = CYLINDRICAL_SURFACE ( 'NONE', #7234, 1.199999999999997291 ) ;
#5838 = CARTESIAN_POINT ( 'NONE',  ( 124.5594733917879893, 112.1587965372630009, 130.5501160567390002 ) ) ;
#5839 = ORIENTED_EDGE ( 'NONE', *, *, #4240, .T. ) ;
#5840 = VECTOR ( 'NONE', #4187, 1000.000000000000000 ) ;
#5841 = DIRECTION ( 'NONE',  ( 1.160089566501492060E-30, 2.786442101020000296E-15, -1.000000000000000000 ) ) ;
#5842 = DIRECTION ( 'NONE',  ( 1.000000000000000000, 1.504038027996622089E-18, 1.309403304758604554E-15 ) ) ;
#5843 = VERTEX_POINT ( 'NONE', #3292 ) ;
#5844 = EDGE_CURVE ( 'NONE', #1409, #6564, #6223, .T. ) ;
#5845 = ORIENTED_EDGE ( 'NONE', *, *, #799, .F. ) ;
#5846 = DIRECTION ( 'NONE',  ( -3.373339673922279865E-30, 1.000000000000000000, 3.908184725064409972E-15 ) ) ;
#5847 =( NAMED_UNIT ( * ) SI_UNIT ( $, .STERADIAN. ) SOLID_ANGLE_UNIT ( ) );
#5848 = ORIENTED_EDGE ( 'NONE', *, *, #3044, .F. ) ;
#5849 = DIRECTION ( 'NONE',  ( -1.000000000000000000, 2.050921225943004990E-30, -1.332169591021890008E-15 ) ) ;
#5850 = SHAPE_DEFINITION_REPRESENTATION ( #2865, #4132 ) ;
#5851 = CARTESIAN_POINT ( 'NONE',  ( 124.0592155665779899, 48.37595720608260308, 180.4501160567390059 ) ) ;
#5852 = ORIENTED_EDGE ( 'NONE', *, *, #1375, .T. ) ;
#5853 = DIRECTION ( 'NONE',  ( -0.4999999999999999445, 0.8660254037844387076, 0.000000000000000000 ) ) ;
#5854 = DIRECTION ( 'NONE',  ( -1.000000000000000000, -2.091402295317580296E-31, 3.005680385041600084E-38 ) ) ;
#5855 = ORIENTED_EDGE ( 'NONE', *, *, #6411, .F. ) ;
#5856 = EDGE_CURVE ( 'NONE', #6589, #6457, #1923, .T. ) ;
#5857 = LINE ( 'NONE', #895, #546 ) ;
#5858 = ORIENTED_EDGE ( 'NONE', *, *, #396, .T. ) ;
#5859 = ORIENTED_EDGE ( 'NONE', *, *, #2019, .T. ) ;
#5860 = VECTOR ( 'NONE', #3408, 1000.000000000000000 ) ;
#5861 = EDGE_CURVE ( 'NONE', #3606, #6656, #5612, .T. ) ;
#5862 = DIRECTION ( 'NONE',  ( 0.5000000000000003331, 0.8660254037844385966, -0.000000000000000000 ) ) ;
#5863 = DIRECTION ( 'NONE',  ( 2.003086131649543140E-15, 1.000000000000000000, 0.000000000000000000 ) ) ;
#5864 = ORIENTED_EDGE ( 'NONE', *, *, #7044, .F. ) ;
#5865 = FACE_OUTER_BOUND ( 'NONE', #8213, .T. ) ;
#5866 = CYLINDRICAL_SURFACE ( 'NONE', #9436, 1.699999999999993072 ) ;
#5867 = EDGE_CURVE ( 'NONE', #4501, #5393, #6270, .T. ) ;
#5868 = AXIS2_PLACEMENT_3D ( 'NONE', #6013, #5965, #8886 ) ;
#5869 = ORIENTED_EDGE ( 'NONE', *, *, #1507, .F. ) ;
#5870 = ORIENTED_EDGE ( 'NONE', *, *, #1522, .T. ) ;
#5871 = LINE ( 'NONE', #78, #5364 ) ;
#5872 = EDGE_CURVE ( 'NONE', #8513, #1979, #6530, .T. ) ;
#5873 = ORIENTED_EDGE ( 'NONE', *, *, #4771, .T. ) ;
#5874 = DIRECTION ( 'NONE',  ( -1.000000000000000000, 1.771632486103969483E-14, 0.000000000000000000 ) ) ;
#5875 = VECTOR ( 'NONE', #6582, 1000.000000000000000 ) ;
#5876 = DIRECTION ( 'NONE',  ( -1.332169591021890008E-15, 0.000000000000000000, 1.000000000000000000 ) ) ;
#5877 = VERTEX_POINT ( 'NONE', #3963 ) ;
#5878 = CARTESIAN_POINT ( 'NONE',  ( 124.3594733917878159, 90.58558278779908335, 145.7766034060556706 ) ) ;
#5879 = PLANE ( 'NONE',  #4262 ) ;
#5880 = CIRCLE ( 'NONE', #2355, 3.000000000000002665 ) ;
#5881 = CARTESIAN_POINT ( 'NONE',  ( 124.9594733917877960, 73.18558278779899240, 163.4435216432581512 ) ) ;
#5882 = EDGE_CURVE ( 'NONE', #4124, #2049, #2166, .T. ) ;
#5883 = EDGE_CURVE ( 'NONE', #5929, #223, #3774, .T. ) ;
#5884 = PLANE ( 'NONE',  #6751 ) ;
#5885 = FACE_OUTER_BOUND ( 'NONE', #7649, .T. ) ;
#5886 =( NAMED_UNIT ( * ) SI_UNIT ( $, .STERADIAN. ) SOLID_ANGLE_UNIT ( ) );
#5887 = VERTEX_POINT ( 'NONE', #8703 ) ;
#5888 = AXIS2_PLACEMENT_3D ( 'NONE', #6225, #6034, #237 ) ;
#5889 = CARTESIAN_POINT ( 'NONE',  ( 5.599999999999997868, -10.39230484541326582, 0.5999999999999999778 ) ) ;
#5890 = ORIENTED_EDGE ( 'NONE', *, *, #7992, .T. ) ;
#5891 = DIRECTION ( 'NONE',  ( 1.000000000000000000, 1.504038027996622089E-18, 1.309403304758604554E-15 ) ) ;
#5892 = FACE_BOUND ( 'NONE', #1767, .T. ) ;
#5893 = EDGE_LOOP ( 'NONE', ( #5606, #3735, #2436, #7558 ) ) ;
#5894 = ORIENTED_EDGE ( 'NONE', *, *, #215, .T. ) ;
#5895 = FACE_OUTER_BOUND ( 'NONE', #6349, .T. ) ;
#5896 = EDGE_CURVE ( 'NONE', #4376, #5768, #4245, .T. ) ;
#5897 = DIRECTION ( 'NONE',  ( -1.309403304758604751E-15, -4.169533458563488136E-15, 1.000000000000000000 ) ) ;
#5898 = ORIENTED_EDGE ( 'NONE', *, *, #4692, .F. ) ;
#5899 = CARTESIAN_POINT ( 'NONE',  ( 104.8479001739019907, 47.95879991855730395, 180.4501160567390059 ) ) ;
#5900 = FACE_OUTER_BOUND ( 'NONE', #6517, .T. ) ;
#5901 = VERTEX_POINT ( 'NONE', #6500 ) ;
#5902 = CARTESIAN_POINT ( 'NONE',  ( 124.3594733917878017, 79.58558278779904072, 152.3583964748173685 ) ) ;
#5903 = CARTESIAN_POINT ( 'NONE',  ( 121.9594733917879950, 52.55900246190740432, 137.7001160632310075 ) ) ;
#5904 = ORIENTED_EDGE ( 'NONE', *, *, #3012, .T. ) ;
#5905 = AXIS2_PLACEMENT_3D ( 'NONE', #6075, #8997, #8899 ) ;
#5906 = CARTESIAN_POINT ( 'NONE',  ( 24.40000000000002345, -6.697263122599669494, 0.5999999999999999778 ) ) ;
#5907 = ORIENTED_EDGE ( 'NONE', *, *, #7101, .T. ) ;
#5908 = VECTOR ( 'NONE', #3543, 1000.000000000000000 ) ;
#5909 = EDGE_LOOP ( 'NONE', ( #4019, #2676 ) ) ;
#5911 = EDGE_CURVE ( 'NONE', #8480, #7588, #6456, .T. ) ;
#5910 = VECTOR ( 'NONE', #4727, 1000.000000000000000 ) ;
#5912 = CARTESIAN_POINT ( 'NONE',  ( 124.9594733917879950, 111.7587965372629952, 176.8844306317899964 ) ) ;
#5913 = CARTESIAN_POINT ( 'NONE',  ( 124.9594733917879950, 47.45879653723749669, 130.4501160567390059 ) ) ;
#5914 = ORIENTED_EDGE ( 'NONE', *, *, #2801, .T. ) ;
#5915 = CARTESIAN_POINT ( 'NONE',  ( 29.60000000000002629, 0.000000000000000000, 0.5999999999999999778 ) ) ;
#5916 = VECTOR ( 'NONE', #5939, 1000.000000000000000 ) ;
#5917 = DIRECTION ( 'NONE',  ( 1.000000000000000000, -2.818307069383400157E-16, -1.101446463910524043E-30 ) ) ;
#5918 = EDGE_CURVE ( 'NONE', #8449, #9326, #3158, .T. ) ;
#5919 = ORIENTED_EDGE ( 'NONE', *, *, #7395, .F. ) ;
#5920 = ORIENTED_EDGE ( 'NONE', *, *, #4718, .F. ) ;
#5921 = VECTOR ( 'NONE', #3161, 1000.000000000000000 ) ;
#5922 = ADVANCED_FACE ( 'NONE', ( #9372 ), #5777, .F. ) ;
#5923 = VECTOR ( 'NONE', #8414, 1000.000000000000000 ) ;
#5924 = EDGE_CURVE ( 'NONE', #5713, #5496, #664, .T. ) ;
#5925 = DIRECTION ( 'NONE',  ( 1.000000000000000000, 1.340782826723100149E-14, 0.000000000000000000 ) ) ;
#5926 = EDGE_LOOP ( 'NONE', ( #3951, #2441, #7505, #7378 ) ) ;
#5927 = CARTESIAN_POINT ( 'NONE',  ( 105.8479001739020049, 50.21001655449870071, 141.1090609392970237 ) ) ;
#5928 = CYLINDRICAL_SURFACE ( 'NONE', #7000, 0.1999999999999999556 ) ;
#5929 = VERTEX_POINT ( 'NONE', #2118 ) ;
#5930 = CARTESIAN_POINT ( 'NONE',  ( 2.799999999999996270, 4.849742261192854009, 0.000000000000000000 ) ) ;
#5931 = CIRCLE ( 'NONE', #1769, 1.700000000000000178 ) ;
#5932 = DIRECTION ( 'NONE',  ( -0.000000000000000000, -1.000000000000000000, 0.000000000000000000 ) ) ;
#5933 = EDGE_CURVE ( 'NONE', #2656, #9118, #9468, .T. ) ;
#5934 = DIRECTION ( 'NONE',  ( -9.480766288743570495E-15, 0.7071067811865370256, 0.7071067811865580088 ) ) ;
#5935 =( GEOMETRIC_REPRESENTATION_CONTEXT ( 3 ) GLOBAL_UNCERTAINTY_ASSIGNED_CONTEXT ( ( #8613 ) ) GLOBAL_UNIT_ASSIGNED_CONTEXT ( ( #6754, #234, #137 ) ) REPRESENTATION_CONTEXT ( 'NONE', 'WORKASPACE' ) );
#5936 = DIRECTION ( 'NONE',  ( 0.000000000000000000, 3.908184725064409972E-15, -1.000000000000000000 ) ) ;
#5937 = CARTESIAN_POINT ( 'NONE',  ( 124.9594733917879665, 102.3855827877990805, 151.6655761517898782 ) ) ;
#5938 = VERTEX_POINT ( 'NONE', #526 ) ;
#5939 = DIRECTION ( 'NONE',  ( 0.000000000000000000, 0.000000000000000000, 1.000000000000000000 ) ) ;
#5940 = ORIENTED_EDGE ( 'NONE', *, *, #2279, .F. ) ;
#5941 = LINE ( 'NONE', #4404, #7575 ) ;
#5942 = DIRECTION ( 'NONE',  ( 0.000000000000000000, 0.7071067811866168507, 0.7071067811864780728 ) ) ;
#5943 = VERTEX_POINT ( 'NONE', #7264 ) ;
#5944 = ADVANCED_FACE ( 'NONE', ( #3473 ), #1385, .F. ) ;
#5945 = ORIENTED_EDGE ( 'NONE', *, *, #8384, .F. ) ;
#5946 = LINE ( 'NONE', #2289, #8102 ) ;
#5947 = LINE ( 'NONE', #1597, #3207 ) ;
#5948 = ORIENTED_EDGE ( 'NONE', *, *, #7690, .T. ) ;
#5949 = CARTESIAN_POINT ( 'NONE',  ( 121.7594733917879921, 50.85900246190720253, 175.1500716728239979 ) ) ;
#5950 = VECTOR ( 'NONE', #6266, 1000.000000000000000 ) ;
#5951 = CARTESIAN_POINT ( 'NONE',  ( 118.9594733917879807, 79.36797539389070266, 130.0501160567390002 ) ) ;
#5952 = ORIENTED_EDGE ( 'NONE', *, *, #6041, .F. ) ;
#5953 = DIRECTION ( 'NONE',  ( 4.973484979956663106E-18, -1.000000000000000000, -4.322446894693699141E-15 ) ) ;
#5954 = DIRECTION ( 'NONE',  ( -1.332169591021890008E-15, 0.000000000000000000, 1.000000000000000000 ) ) ;
#5955 = ORIENTED_EDGE ( 'NONE', *, *, #2651, .T. ) ;
#5956 = DIRECTION ( 'NONE',  ( -0.000000000000000000, -0.000000000000000000, 1.000000000000000000 ) ) ;
#5957 = EDGE_CURVE ( 'NONE', #1462, #8858, #3430, .T. ) ;
#5958 = AXIS2_PLACEMENT_3D ( 'NONE', #7060, #2629, #2730 ) ;
#5959 = EDGE_LOOP ( 'NONE', ( #6247, #1974, #1449, #1729 ) ) ;
#5960 = LINE ( 'NONE', #5239, #1905 ) ;
#5961 = DIRECTION ( 'NONE',  ( 1.160089566501486105E-30, 2.786442101020000296E-15, -1.000000000000000000 ) ) ;
#5962 = DIRECTION ( 'NONE',  ( -0.8660254037844393737, -0.4999999999999986677, 0.000000000000000000 ) ) ;
#5963 = VERTEX_POINT ( 'NONE', #2896 ) ;
#5964 = AXIS2_PLACEMENT_3D ( 'NONE', #595, #9491, #4313 ) ;
#5965 = DIRECTION ( 'NONE',  ( -1.000000000000000000, 2.050921225943004990E-30, -1.332169591021890008E-15 ) ) ;
#5966 = DIRECTION ( 'NONE',  ( -6.503944880413200848E-16, -0.8660254037844405950, 0.4999999999999966138 ) ) ;
#5967 = EDGE_CURVE ( 'NONE', #5538, #930, #8561, .T. ) ;
#5968 = EDGE_LOOP ( 'NONE', ( #8807, #2176, #9457, #4254 ) ) ;
#5969 = VECTOR ( 'NONE', #1254, 1000.000000000000000 ) ;
#5970 = ORIENTED_EDGE ( 'NONE', *, *, #2740, .T. ) ;
#5971 = FACE_OUTER_BOUND ( 'NONE', #1021, .T. ) ;
#5972 = EDGE_LOOP ( 'NONE', ( #8348, #2644 ) ) ;
#5973 = DIRECTION ( 'NONE',  ( 0.000000000000000000, -1.000000000000000000, 0.000000000000000000 ) ) ;
#5974 = CARTESIAN_POINT ( 'NONE',  ( 124.9594733917878244, 108.3855827877990947, 145.4301932445419538 ) ) ;
#5975 = ORIENTED_EDGE ( 'NONE', *, *, #162, .T. ) ;
#5976 = VECTOR ( 'NONE', #8040, 1000.000000000000000 ) ;
#5977 = FACE_OUTER_BOUND ( 'NONE', #555, .T. ) ;
#5978 = DIRECTION ( 'NONE',  ( -1.000000000000000000, -3.321189489272545171E-33, 2.614505751535614884E-32 ) ) ;
#5979 = CARTESIAN_POINT ( 'NONE',  ( 124.3594733917878017, 89.98558278779906061, 152.3583964748173969 ) ) ;
#5980 = VECTOR ( 'NONE', #4252, 1000.000000000000114 ) ;
#5981 = LINE ( 'NONE', #5260, #5820 ) ;
#5982 = CARTESIAN_POINT ( 'NONE',  ( 124.3594733917878017, 72.38558278779896682, 169.9098446581819530 ) ) ;
#5983 = EDGE_CURVE ( 'NONE', #8173, #6692, #5108, .T. ) ;
#5984 = CARTESIAN_POINT ( 'NONE',  ( 124.3594733917878017, 90.58558278779905493, 152.0119863133036233 ) ) ;
#5985 = ORIENTED_EDGE ( 'NONE', *, *, #173, .T. ) ;
#5986 = DIRECTION ( 'NONE',  ( -1.000000000000000000, -3.659934064834430300E-31, -2.867418160100890026E-43 ) ) ;
#5987 = LINE ( 'NONE', #5074, #5013 ) ;
#5988 = ORIENTED_EDGE ( 'NONE', *, *, #7223, .T. ) ;
#5989 = EDGE_CURVE ( 'NONE', #857, #9461, #8603, .T. ) ;
#5990 = AXIS2_PLACEMENT_3D ( 'NONE', #6222, #8419, #7216 ) ;
#5991 = ORIENTED_EDGE ( 'NONE', *, *, #4590, .T. ) ;
#5992 = LINE ( 'NONE', #389, #6267 ) ;
#5993 = DIRECTION ( 'NONE',  ( 6.503944880413203806E-16, 0.8660254037844403729, -0.4999999999999970024 ) ) ;
#5994 = ORIENTED_EDGE ( 'NONE', *, *, #6974, .F. ) ;
#5995 = ADVANCED_FACE ( 'NONE', ( #6362 ), #5012, .T. ) ;
#5996 = CARTESIAN_POINT ( 'NONE',  ( 121.7594733917879921, 50.85900246190750096, 136.0001160632310189 ) ) ;
#5997 = CARTESIAN_POINT ( 'NONE',  ( 24.20000000000000639, -21.13101985234031943, 0.000000000000000000 ) ) ;
#5998 = EDGE_LOOP ( 'NONE', ( #3945, #5318, #5136, #6046 ) ) ;
#5999 = CARTESIAN_POINT ( 'NONE',  ( 103.8479001739019907, 68.71945043848040768, 165.6113888862240060 ) ) ;
#6000 = LINE ( 'NONE', #8969, #1778 ) ;
#6001 = ORIENTED_EDGE ( 'NONE', *, *, #6679, .T. ) ;
#6002 = CARTESIAN_POINT ( 'NONE',  ( 114.4594733917879950, 104.3679753938900632, 181.0501160567390002 ) ) ;
#6003 = VECTOR ( 'NONE', #3995, 1000.000000000000000 ) ;
#6004 = ORIENTED_EDGE ( 'NONE', *, *, #5448, .F. ) ;
#6005 = ORIENTED_EDGE ( 'NONE', *, *, #3343, .T. ) ;
#6006 = CARTESIAN_POINT ( 'NONE',  ( 117.4594733917879950, 74.36797539389039002, 167.0501160567390002 ) ) ;
#6007 = EDGE_CURVE ( 'NONE', #5320, #9382, #1973, .T. ) ;
#6008 = LINE ( 'NONE', #9506, #2002 ) ;
#6009 = ADVANCED_FACE ( 'NONE', ( #5725 ), #8651, .F. ) ;
#6010 = DIRECTION ( 'NONE',  ( -9.419861515021008663E-16, 0.7071067811865370256, 0.7071067811865580088 ) ) ;
#6011 = ORIENTED_EDGE ( 'NONE', *, *, #5006, .T. ) ;
#6012 = AXIS2_PLACEMENT_3D ( 'NONE', #3985, #6202, #7641 ) ;
#6013 = CARTESIAN_POINT ( 'NONE',  ( 121.7594733917879921, 50.85900246190720253, 175.1500716728239979 ) ) ;
#6014 = DIRECTION ( 'NONE',  ( 0.8660254037844395958, 0.4999999999999983347, 0.000000000000000000 ) ) ;
#6015 = VERTEX_POINT ( 'NONE', #7217 ) ;
#6016 = VECTOR ( 'NONE', #1679, 1000.000000000000000 ) ;
#6017 = ORIENTED_EDGE ( 'NONE', *, *, #2956, .T. ) ;
#6018 = DIRECTION ( 'NONE',  ( -0.5000000000000001110, -0.8660254037844385966, 0.000000000000000000 ) ) ;
#6019 = DIRECTION ( 'NONE',  ( 0.5000000000000003331, 0.8660254037844385966, -0.000000000000000000 ) ) ;
#6020 = EDGE_CURVE ( 'NONE', #8813, #1470, #618, .T. ) ;
#6021 = FACE_OUTER_BOUND ( 'NONE', #1631, .T. ) ;
#6022 = DIRECTION ( 'NONE',  ( 1.001543065824772556E-15, 1.000000000000000000, 0.000000000000000000 ) ) ;
#6023 = AXIS2_PLACEMENT_3D ( 'NONE', #7934, #9458, #7119 ) ;
#6024 = VERTEX_POINT ( 'NONE', #8895 ) ;
#6025 = VECTOR ( 'NONE', #7675, 1000.000000000000000 ) ;
#6026 = PLANE ( 'NONE',  #5905 ) ;
#6027 = DIRECTION ( 'NONE',  ( 0.000000000000000000, 0.1260166810503366985, -0.9920281226341608471 ) ) ;
#6028 = AXIS2_PLACEMENT_3D ( 'NONE', #6144, #7629, #1984 ) ;
#6029 = CARTESIAN_POINT ( 'NONE',  ( 124.3594733917878159, 96.78558278779907198, 149.3561750750313593 ) ) ;
#6030 = LINE ( 'NONE', #4493, #430 ) ;
#6031 = EDGE_CURVE ( 'NONE', #2537, #4841, #7304, .T. ) ;
#6032 = DIRECTION ( 'NONE',  ( -1.000000000000000000, 2.818307069383450447E-16, -1.570000712152659950E-15 ) ) ;
#6033 = ORIENTED_EDGE ( 'NONE', *, *, #6822, .F. ) ;
#6034 = DIRECTION ( 'NONE',  ( -0.5000000000000000000, -0.8660254037844387076, 0.000000000000000000 ) ) ;
#6035 = CARTESIAN_POINT ( 'NONE',  ( 124.3594733917878017, 78.38558278779899524, 166.2148029353683967 ) ) ;
#6036 = ORIENTED_EDGE ( 'NONE', *, *, #6208, .F. ) ;
#6037 = EDGE_CURVE ( 'NONE', #246, #2326, #2361, .T. ) ;
#6038 = ORIENTED_EDGE ( 'NONE', *, *, #5194, .T. ) ;
#6039 = FACE_OUTER_BOUND ( 'NONE', #7541, .T. ) ;
#6041 = EDGE_CURVE ( 'NONE', #8448, #8132, #816, .T. ) ;
#6040 =( GEOMETRIC_REPRESENTATION_CONTEXT ( 3 ) GLOBAL_UNCERTAINTY_ASSIGNED_CONTEXT ( ( #1498 ) ) GLOBAL_UNIT_ASSIGNED_CONTEXT ( ( #5420, #6148, #7632 ) ) REPRESENTATION_CONTEXT ( 'NONE', 'WORKASPACE' ) );
#6042 = LINE ( 'NONE', #4508, #5358 ) ;
#6043 = VERTEX_POINT ( 'NONE', #4530 ) ;
#6044 = DIRECTION ( 'NONE',  ( 0.000000000000000000, -1.000000000000000000, 0.000000000000000000 ) ) ;
#6045 = PLANE ( 'NONE',  #8357 ) ;
#6046 = ORIENTED_EDGE ( 'NONE', *, *, #2207, .F. ) ;
#6047 = PLANE ( 'NONE',  #3117 ) ;
#6048 = CARTESIAN_POINT ( 'NONE',  ( 124.9594733917877960, 90.38558278779903787, 159.0556595974170477 ) ) ;
#6049 = VERTEX_POINT ( 'NONE', #6788 ) ;
#6050 = CARTESIAN_POINT ( 'NONE',  ( -0.4000000000000027423, -7.159143337951362263, 0.5999999999999999778 ) ) ;
#6051 = AXIS2_PLACEMENT_3D ( 'NONE', #634, #6566, #1450 ) ;
#6052 = ADVANCED_FACE ( 'NONE', ( #1628 ), #5353, .F. ) ;
#6053 = ORIENTED_EDGE ( 'NONE', *, *, #9270, .T. ) ;
#6054 = LINE ( 'NONE', #4358, #7317 ) ;
#6055 = DIRECTION ( 'NONE',  ( 1.841523682625250011E-14, 1.000000000000000000, 9.189378452870340341E-16 ) ) ;
#6056 = ORIENTED_EDGE ( 'NONE', *, *, #423, .T. ) ;
#6057 = LINE ( 'NONE', #5430, #8306 ) ;
#6058 = DIRECTION ( 'NONE',  ( -6.503944880413202820E-16, -0.8660254037844404840, 0.4999999999999967804 ) ) ;
#6059 = ORIENTED_EDGE ( 'NONE', *, *, #7779, .F. ) ;
#6060 = DIRECTION ( 'NONE',  ( 0.000000000000000000, 0.000000000000000000, -1.000000000000000000 ) ) ;
#6061 = DIRECTION ( 'NONE',  ( 0.8660254037844384856, -0.5000000000000002220, 0.000000000000000000 ) ) ;
#6062 = VECTOR ( 'NONE', #1245, 1000.000000000000114 ) ;
#6063 = EDGE_CURVE ( 'NONE', #9240, #8700, #7316, .T. ) ;
#6064 = ORIENTED_EDGE ( 'NONE', *, *, #1493, .T. ) ;
#6065 = ADVANCED_FACE ( 'NONE', ( #2944 ), #2316, .T. ) ;
#6066 = VECTOR ( 'NONE', #3815, 1000.000000000000114 ) ;
#6067 = VERTEX_POINT ( 'NONE', #6744 ) ;
#6068 = LINE ( 'NONE', #8226, #8100 ) ;
#6069 = CIRCLE ( 'NONE', #8975, 0.5000000000000004441 ) ;
#6070 = CARTESIAN_POINT ( 'NONE',  ( 124.3594733917878159, 91.18558278779909188, 145.4301932445418970 ) ) ;
#6071 = DIRECTION ( 'NONE',  ( -0.4999999999999450440, 0.4999999999999797384, 0.7071067811866006414 ) ) ;
#6072 = LINE ( 'NONE', #4401, #325 ) ;
#6073 = CLOSED_SHELL ( 'NONE', ( #8987, #917, #5129, #6124, #2638, #3697, #5465, #1593, #2499, #3715, #979, #1999, #2392, #7538, #8134, #498, #2820, #8176, #582, #4751, #3890, #6292, #4760, #2473, #6312, #3752, #8178, #3026, #7213, #5726, #5371, #6123, #4893, #7462, #5819, #431, #5435, #1087, #7791, #5995, #2062, #4426, #8208, #5683, #7539, #7764, #3204, #4288, #1341, #9511, #8231, #7692, #674, #3056, #6271, #4217, #6757, #1531, #255, #8294, #307, #28, #6748, #5306, #6262, #1222, #5553, #6983, #5424, #7472, #5637, #6901, #1157, #2683, #7927, #8457, #3296, #2434, #1404, #2671, #4996, #1195, #4078, #9252, #1855, #8521, #4793, #5102, #6649, #1707, #1910, #5545, #1312, #4216, #6938, #8774, #581, #2315, #85, #6302, #7710, #2790, #2200, #6739, #8929, #2930, #9472, #5829, #9512, #8740, #6939, #3797, #8091, #1833, #4863, #3310, #8124, #3223, #8973, #3338, #6927, #9171, #6219, #4633, #727, #1864, #7248, #2770, #1000, #7948, #8659, #1887, #328, #9423, #7813, #7699, #7496, #4982, #8388, #7752, #5944, #6681, #3594, #6381, #969, #296, #1267, #3477, #2485, #572, #2136, #4416, #4054, #8536, #5922, #8628, #181, #2555, #4556, #5411, #4155, #8327, #2781, #7279, #9032, #5060, #3807, #508, #2292, #952, #2531, #1758, #6401, #927, #6052, #4457, #1406, #2577, #5403, #2163, #3068, #461, #4600, #4504, #99, #1740, #4162, #285, #8852, #9238, #7036, #5384, #1815, #2649, #4369, #2608, #6165, #4654, #6303, #3289, #7442, #2757, #1583, #638, #411, #6857, #6156, #704, #3180, #4331, #217, #1233, #4407, #6065, #6700, #77, #1253, #9533, #1286, #9399, #2322, #4400, #8998, #3036, #112, #4880, #4185, #2445 ) ) ;
#6074 = VERTEX_POINT ( 'NONE', #3087 ) ;
#6075 = CARTESIAN_POINT ( 'NONE',  ( 124.7594733917880063, 47.25879653723749385, 144.8376160567389945 ) ) ;
#6076 = CARTESIAN_POINT ( 'NONE',  ( 18.80000000000001492, -17.32050807568878525, 0.000000000000000000 ) ) ;
#6077 = VECTOR ( 'NONE', #4497, 1000.000000000000000 ) ;
#6078 = EDGE_CURVE ( 'NONE', #5389, #6990, #3664, .T. ) ;
#6079 = AXIS2_PLACEMENT_3D ( 'NONE', #332, #4008, #6941 ) ;
#6080 = LINE ( 'NONE', #1637, #8867 ) ;
#6081 = LINE ( 'NONE', #922, #901 ) ;
#6082 = VECTOR ( 'NONE', #1425, 1000.000000000000000 ) ;
#6083 = VECTOR ( 'NONE', #4629, 1000.000000000000000 ) ;
#6084 = ORIENTED_EDGE ( 'NONE', *, *, #2598, .T. ) ;
#6085 = CARTESIAN_POINT ( 'NONE',  ( 11.60000000000000497, -0.2309401076758523241, 0.5999999999999999778 ) ) ;
#6086 = CARTESIAN_POINT ( 'NONE',  ( 104.6479001739019878, 36.85445832506759700, 140.6544542689089781 ) ) ;
#6087 = EDGE_LOOP ( 'NONE', ( #6475, #761, #7381, #4419 ) ) ;
#6088 = VERTEX_POINT ( 'NONE', #2216 ) ;
#6089 = AXIS2_PLACEMENT_3D ( 'NONE', #5756, #1274, #1228 ) ;
#6090 = AXIS2_PLACEMENT_3D ( 'NONE', #7343, #790, #1511 ) ;
#6091 = CARTESIAN_POINT ( 'NONE',  ( 124.3594733917878017, 91.18558278779906345, 152.3583964748173969 ) ) ;
#6092 = FACE_BOUND ( 'NONE', #9067, .T. ) ;
#6093 = VERTEX_POINT ( 'NONE', #5254 ) ;
#6094 = CARTESIAN_POINT ( 'NONE',  ( 124.3594733917878159, 96.58558278779908335, 149.2407050211934347 ) ) ;
#6095 = DIRECTION ( 'NONE',  ( 1.131489783230272414E-15, 0.5000000000000019984, -0.8660254037844375974 ) ) ;
#6096 = ORIENTED_EDGE ( 'NONE', *, *, #7663, .T. ) ;
#6097 = VECTOR ( 'NONE', #8423, 1000.000000000000000 ) ;
#6098 = LINE ( 'NONE', #1842, #67 ) ;
#6099 = VERTEX_POINT ( 'NONE', #720 ) ;
#6100 = DIRECTION ( 'NONE',  ( -1.000000000000000000, 5.923677312709590618E-16, 1.748456791613110313E-30 ) ) ;
#6101 = ORIENTED_EDGE ( 'NONE', *, *, #3989, .F. ) ;
#6102 = EDGE_LOOP ( 'NONE', ( #1119, #4669, #2724, #7243 ) ) ;
#6103 = VECTOR ( 'NONE', #6858, 1000.000000000000000 ) ;
#6104 = VECTOR ( 'NONE', #6554, 1000.000000000000000 ) ;
#6105 = PLANE ( 'NONE',  #2841 ) ;
#6106 = ORIENTED_EDGE ( 'NONE', *, *, #4946, .F. ) ;
#6107 = LINE ( 'NONE', #9033, #4479 ) ;
#6108 = FACE_OUTER_BOUND ( 'NONE', #225, .T. ) ;
#6109 = VERTEX_POINT ( 'NONE', #6604 ) ;
#6110 = CARTESIAN_POINT ( 'NONE',  ( -2.800000000000000711, -4.849742261192861115, 0.5999999999999999778 ) ) ;
#6111 = EDGE_CURVE ( 'NONE', #6692, #2218, #7366, .T. ) ;
#6112 = LINE ( 'NONE', #3229, #62 ) ;
#6113 = AXIS2_PLACEMENT_3D ( 'NONE', #2988, #5925, #6691 ) ;
#6114 = EDGE_CURVE ( 'NONE', #7448, #843, #9519, .T. ) ;
#6115 = VERTEX_POINT ( 'NONE', #128 ) ;
#6116 = ORIENTED_EDGE ( 'NONE', *, *, #1813, .T. ) ;
#6117 = VECTOR ( 'NONE', #8007, 1000.000000000000000 ) ;
#6118 = VECTOR ( 'NONE', #4344, 1000.000000000000114 ) ;
#6119 = CARTESIAN_POINT ( 'NONE',  ( 109.9594733917879950, 112.1587965372630009, 130.5501160567390002 ) ) ;
#6120 = CARTESIAN_POINT ( 'NONE',  ( 124.0592155665769951, 102.6954405435970017, 180.4501160567390059 ) ) ;
#6121 = ORIENTED_EDGE ( 'NONE', *, *, #3869, .T. ) ;
#6122 = DIRECTION ( 'NONE',  ( -0.8660254037844387076, -0.5000000000000001110, 0.000000000000000000 ) ) ;
#6123 = ADVANCED_FACE ( 'NONE', ( #6021 ), #81, .T. ) ;
#6124 = ADVANCED_FACE ( 'NONE', ( #3711 ), #5928, .T. ) ;
#6125 = VERTEX_POINT ( 'NONE', #7464 ) ;
#6126 = CARTESIAN_POINT ( 'NONE',  ( 124.9594733917878244, 102.9855827877990890, 145.0837830830281519 ) ) ;
#6127 = LINE ( 'NONE', #1582, #7032 ) ;
#6128 = VECTOR ( 'NONE', #5510, 1000.000000000000000 ) ;
#6129 = CIRCLE ( 'NONE', #3052, 5.149999999999072209 ) ;
#6130 = LINE ( 'NONE', #9051, #1345 ) ;
#6131 = CARTESIAN_POINT ( 'NONE',  ( 124.3594733917878017, 78.38558278779902366, 159.0556595974170193 ) ) ;
#6132 = LINE ( 'NONE', #4154, #4384 ) ;
#6133 = VECTOR ( 'NONE', #6463, 1000.000000000000000 ) ;
#6134 = EDGE_CURVE ( 'NONE', #1221, #7143, #8848, .T. ) ;
#6135 = ADVANCED_FACE ( 'NONE', ( #1677 ), #4440, .F. ) ;
#6136 = ORIENTED_EDGE ( 'NONE', *, *, #8037, .F. ) ;
#6137 = PLANE ( 'NONE',  #5730 ) ;
#6138 = CARTESIAN_POINT ( 'NONE',  ( 17.60000000000000142, -10.39230484541327293, 0.000000000000000000 ) ) ;
#6139 = EDGE_LOOP ( 'NONE', ( #565, #1904, #3404, #3111, #6116, #4111, #6207, #2923, #3870 ) ) ;
#6140 = EDGE_LOOP ( 'NONE', ( #4565, #3264, #6621, #3835 ) ) ;
#6141 = CARTESIAN_POINT ( 'NONE',  ( 124.9594733917879950, 97.58558278779911177, 141.9660916294041613 ) ) ;
#6142 = DIRECTION ( 'NONE',  ( 1.000000000000000000, 0.000000000000000000, -0.000000000000000000 ) ) ;
#6143 = VERTEX_POINT ( 'NONE', #3761 ) ;
#6144 = CARTESIAN_POINT ( 'NONE',  ( 17.80000000000001847, -17.66691823720256238, 0.000000000000000000 ) ) ;
#6145 = EDGE_CURVE ( 'NONE', #4869, #5050, #3041, .T. ) ;
#6146 = DIRECTION ( 'NONE',  ( 0.8660254037844395958, 0.4999999999999983347, 0.000000000000000000 ) ) ;
#6147 = ORIENTED_EDGE ( 'NONE', *, *, #795, .F. ) ;
#6148 =( NAMED_UNIT ( * ) PLANE_ANGLE_UNIT ( ) SI_UNIT ( $, .RADIAN. ) );
#6149 = DIRECTION ( 'NONE',  ( 1.000000000000000000, 1.504038027996622089E-18, 1.309403304758604554E-15 ) ) ;
#6150 = VERTEX_POINT ( 'NONE', #6838 ) ;
#6151 = CARTESIAN_POINT ( 'NONE',  ( -3.200000000000003286, -5.542562584220415367, -0.000000000000000000 ) ) ;
#6152 = ORIENTED_EDGE ( 'NONE', *, *, #7802, .F. ) ;
#6153 = DIRECTION ( 'NONE',  ( 0.000000000000000000, -0.7071067811865400232, -0.7071067811865550112 ) ) ;
#6154 = CARTESIAN_POINT ( 'NONE',  ( 124.9594733917878102, 85.18558278779906345, 155.8224980899551326 ) ) ;
#6155 = CARTESIAN_POINT ( 'NONE',  ( -0.4000000000000074052, -2.614739876170435969E-16, -0.000000000000000000 ) ) ;
#6156 = ADVANCED_FACE ( 'NONE', ( #7696 ), #5491, .F. ) ;
#6157 = PLANE ( 'NONE',  #4985 ) ;
#6158 = VERTEX_POINT ( 'NONE', #5396 ) ;
#6159 = CARTESIAN_POINT ( 'NONE',  ( 124.3594733917878159, 102.5855827877990833, 145.7766034060556990 ) ) ;
#6160 = LINE ( 'NONE', #1854, #374 ) ;
#6161 = ORIENTED_EDGE ( 'NONE', *, *, #817, .F. ) ;
#6162 = ORIENTED_EDGE ( 'NONE', *, *, #7803, .T. ) ;
#6163 = EDGE_CURVE ( 'NONE', #8898, #3398, #4813, .T. ) ;
#6164 = DIRECTION ( 'NONE',  ( 1.643335852056712935E-32, 1.437160427605975047E-07, 0.9999999999999896749 ) ) ;
#6165 = ADVANCED_FACE ( 'NONE', ( #3330 ), #4721, .T. ) ;
#6166 = CARTESIAN_POINT ( 'NONE',  ( -0.3999999999999993006, -0.2309401076758502425, 0.000000000000000000 ) ) ;
#6167 = ORIENTED_EDGE ( 'NONE', *, *, #606, .T. ) ;
#6168 = DIRECTION ( 'NONE',  ( 1.000000000000000000, 1.504038027996622089E-18, 1.309403304758604554E-15 ) ) ;
#6169 = FACE_OUTER_BOUND ( 'NONE', #4231, .T. ) ;
#6170 = ORIENTED_EDGE ( 'NONE', *, *, #3636, .F. ) ;
#6171 = CARTESIAN_POINT ( 'NONE',  ( 0.3999999999999999667, -0.2309401076758503812, 0.5999999999999999778 ) ) ;
#6172 = CARTESIAN_POINT ( 'NONE',  ( 103.4479001739019992, 50.05879653723820155, 165.6113888862240060 ) ) ;
#6173 = EDGE_CURVE ( 'NONE', #5843, #7429, #6305, .T. ) ;
#6174 = B_SPLINE_CURVE_WITH_KNOTS ( 'NONE', 2,
 ( #9290, #7993, #1302 ),
 .UNSPECIFIED., .F., .F.,
 ( 3, 3 ),
 ( 0.000000000000000000, 0.08341636946674720055 ),
 .UNSPECIFIED. ) ;
#6175 = CARTESIAN_POINT ( 'NONE',  ( 124.9594733917878244, 78.38558278779905208, 145.4301932445418970 ) ) ;
#6176 = DIRECTION ( 'NONE',  ( -6.590088167172843701E-16, 0.8660254037844368202, 0.5000000000000032196 ) ) ;
#6177 = CIRCLE ( 'NONE', #2947, 3.000000000000002665 ) ;
#6178 = DIRECTION ( 'NONE',  ( 0.8660254037844385966, -0.4999999999999999445, 0.000000000000000000 ) ) ;
#6179 = VECTOR ( 'NONE', #7965, 1000.000000000000000 ) ;
#6180 = VERTEX_POINT ( 'NONE', #8451 ) ;
#6181 = CARTESIAN_POINT ( 'NONE',  ( 104.6479001739019878, 47.45879653723749669, 130.0501160567390002 ) ) ;
#6182 = PLANE ( 'NONE',  #6865 ) ;
#6183 = VECTOR ( 'NONE', #7547, 1000.000000000000114 ) ;
#6184 = AXIS2_PLACEMENT_3D ( 'NONE', #2621, #7862, #1257 ) ;
#6185 = EDGE_CURVE ( 'NONE', #8177, #6863, #3376, .T. ) ;
#6186 = ORIENTED_EDGE ( 'NONE', *, *, #1692, .T. ) ;
#6187 = EDGE_CURVE ( 'NONE', #3356, #3912, #8409, .T. ) ;
#6188 = PLANE ( 'NONE',  #3495 ) ;
#6189 = CARTESIAN_POINT ( 'NONE',  ( 121.5594733917879893, 50.85900246190720253, 176.8500716728239865 ) ) ;
#6190 = ORIENTED_EDGE ( 'NONE', *, *, #7604, .T. ) ;
#6191 = CARTESIAN_POINT ( 'NONE',  ( 124.3594733917878159, 99.98558278779910324, 140.5804509833490670 ) ) ;
#6192 = CARTESIAN_POINT ( 'NONE',  ( 103.8479001739019907, 50.05879653723830813, 142.2994946864579902 ) ) ;
#6193 = ORIENTED_EDGE ( 'NONE', *, *, #8407, .F. ) ;
#6194 = CARTESIAN_POINT ( 'NONE',  ( 124.5594733917879893, 112.1587965372630009, 176.8430092755530154 ) ) ;
#6195 = CARTESIAN_POINT ( 'NONE',  ( 124.3594733917878017, 97.18558278779904924, 156.0534381976310101 ) ) ;
#6196 = ORIENTED_EDGE ( 'NONE', *, *, #4872, .T. ) ;
#6197 = DIRECTION ( 'NONE',  ( 1.000000000000000000, -1.684925824262390165E-30, 1.332169591021890008E-15 ) ) ;
#6198 = ORIENTED_EDGE ( 'NONE', *, *, #2173, .F. ) ;
#6199 = EDGE_CURVE ( 'NONE', #246, #1983, #1861, .T. ) ;
#6200 = CARTESIAN_POINT ( 'NONE',  ( 23.20000000000002416, -6.928203230275516766, 0.5999999999999999778 ) ) ;
#6201 = EDGE_LOOP ( 'NONE', ( #8150, #2479, #7573, #5578 ) ) ;
#6202 = DIRECTION ( 'NONE',  ( 1.000000000000000000, -1.684925824262390165E-30, 1.332169591021890008E-15 ) ) ;
#6203 = LINE ( 'NONE', #9122, #6984 ) ;
#6204 = ORIENTED_EDGE ( 'NONE', *, *, #7044, .T. ) ;
#6205 = LINE ( 'NONE', #8315, #2016 ) ;
#6206 = CARTESIAN_POINT ( 'NONE',  ( 124.3594733917878017, 90.58558278779905493, 152.7048066363311705 ) ) ;
#6207 = ORIENTED_EDGE ( 'NONE', *, *, #2110, .F. ) ;
#6208 = EDGE_CURVE ( 'NONE', #9128, #5368, #6885, .T. ) ;
#6209 = ORIENTED_EDGE ( 'NONE', *, *, #9230, .F. ) ;
#6210 = AXIS2_PLACEMENT_3D ( 'NONE', #879, #926, #6756 ) ;
#6211 = DIRECTION ( 'NONE',  ( -1.504038028001425744E-18, 1.000000000000000000, 3.668761925651101070E-15 ) ) ;
#6212 = DIRECTION ( 'NONE',  ( -1.000000000000000000, 0.000000000000000000, 0.000000000000000000 ) ) ;
#6213 = ORIENTED_EDGE ( 'NONE', *, *, #8333, .F. ) ;
#6214 = LINE ( 'NONE', #9134, #4503 ) ;
#6215 = DIRECTION ( 'NONE',  ( -0.000000000000000000, 0.000000000000000000, 1.000000000000000000 ) ) ;
#6216 = ORIENTED_EDGE ( 'NONE', *, *, #1090, .F. ) ;
#6217 = PLANE ( 'NONE',  #7761 ) ;
#6218 = CARTESIAN_POINT ( 'NONE',  ( 124.3594733917878301, 90.78558278779910040, 138.9638702296180668 ) ) ;
#6219 = ADVANCED_FACE ( 'NONE', ( #8362 ), #9045, .F. ) ;
#6220 = VECTOR ( 'NONE', #4711, 1000.000000000000000 ) ;
#6221 = LINE ( 'NONE', #3246, #5809 ) ;
#6222 = CARTESIAN_POINT ( 'NONE',  ( 124.9594733917878244, 99.58558278779911177, 139.8876306603214914 ) ) ;
#6223 = LINE ( 'NONE', #4057, #3463 ) ;
#6224 = ORIENTED_EDGE ( 'NONE', *, *, #2833, .T. ) ;
#6225 = CARTESIAN_POINT ( 'NONE',  ( -6.200000000000001954, 3.117691453623979925, 0.000000000000000000 ) ) ;
#6226 = EDGE_CURVE ( 'NONE', #1264, #8480, #1004, .T. ) ;
#6227 = VECTOR ( 'NONE', #6512, 1000.000000000000000 ) ;
#6228 = CARTESIAN_POINT ( 'NONE',  ( 101.7445521503069870, 79.36797539389110057, 130.0501160567390002 ) ) ;
#6229 = VERTEX_POINT ( 'NONE', #3996 ) ;
#6230 = DIRECTION ( 'NONE',  ( 1.000000000000000000, -4.087556092131263946E-16, 0.000000000000000000 ) ) ;
#6231 = VECTOR ( 'NONE', #2109, 1000.000000000000000 ) ;
#6232 = CARTESIAN_POINT ( 'NONE',  ( 124.3594733917878017, 102.3855827877990663, 152.3583964748174537 ) ) ;
#6233 = AXIS2_PLACEMENT_3D ( 'NONE', #9233, #2612, #2466 ) ;
#6234 = ORIENTED_EDGE ( 'NONE', *, *, #4849, .T. ) ;
#6235 = DIRECTION ( 'NONE',  ( 1.000000000000000000, 1.504038027996622089E-18, 1.309403304758604554E-15 ) ) ;
#6236 = DIRECTION ( 'NONE',  ( -6.590088167172826938E-16, 0.8660254037844374864, 0.5000000000000018874 ) ) ;
#6237 = VERTEX_POINT ( 'NONE', #272 ) ;
#6238 = DIRECTION ( 'NONE',  ( -1.000000000000000000, 0.000000000000000000, 0.000000000000000000 ) ) ;
#6239 = FACE_OUTER_BOUND ( 'NONE', #5003, .T. ) ;
#6240 = EDGE_CURVE ( 'NONE', #1822, #5804, #3237, .T. ) ;
#6241 = ORIENTED_EDGE ( 'NONE', *, *, #3571, .T. ) ;
#6242 = PLANE ( 'NONE',  #75 ) ;
#6243 = AXIS2_PLACEMENT_3D ( 'NONE', #5806, #7788, #506 ) ;
#6244 = ORIENTED_EDGE ( 'NONE', *, *, #1626, .T. ) ;
#6245 = FACE_OUTER_BOUND ( 'NONE', #3883, .T. ) ;
#6246 = CARTESIAN_POINT ( 'NONE',  ( 124.5594733917879893, 47.05879653723739864, 180.6501160567389945 ) ) ;
#6247 = ORIENTED_EDGE ( 'NONE', *, *, #3668, .T. ) ;
#6248 = VECTOR ( 'NONE', #1295, 1000.000000000000000 ) ;
#6249 = CARTESIAN_POINT ( 'NONE',  ( 114.4594733917879950, 79.36797539389093004, 108.1695030389180374 ) ) ;
#6250 = CARTESIAN_POINT ( 'NONE',  ( 114.4594733917879950, 99.36797539389068845, 130.0501160567390286 ) ) ;
#6251 = ORIENTED_EDGE ( 'NONE', *, *, #1522, .F. ) ;
#6252 = CARTESIAN_POINT ( 'NONE',  ( 103.4479001739019992, 50.85900246190769991, 175.1500717173229873 ) ) ;
#6253 = DIRECTION ( 'NONE',  ( 0.8660254037844387076, 0.4999999999999999445, 0.000000000000000000 ) ) ;
#6254 = EDGE_CURVE ( 'NONE', #6532, #1313, #1818, .T. ) ;
#6255 = ORIENTED_EDGE ( 'NONE', *, *, #7064, .T. ) ;
#6256 = EDGE_LOOP ( 'NONE', ( #1330, #4859, #1036, #2672 ) ) ;
#6257 = DIRECTION ( 'NONE',  ( 1.000000000000000000, 0.000000000000000000, 0.000000000000000000 ) ) ;
#6258 = CARTESIAN_POINT ( 'NONE',  ( 103.4479001739019992, 51.65921008091940081, 146.4896251811479999 ) ) ;
#6259 = VERTEX_POINT ( 'NONE', #2551 ) ;
#6260 = LINE ( 'NONE', #959, #8626 ) ;
#6261 = CARTESIAN_POINT ( 'NONE',  ( 124.9594733917878102, 102.9855827877990748, 152.7048066363311989 ) ) ;
#6262 = ADVANCED_FACE ( 'NONE', ( #9223 ), #419, .F. ) ;
#6263 = VECTOR ( 'NONE', #700, 1000.000000000000000 ) ;
#6264 = ORIENTED_EDGE ( 'NONE', *, *, #8112, .F. ) ;
#6265 = DIRECTION ( 'NONE',  ( -3.659954016806429821E-31, 1.000000000000000000, 0.000000000000000000 ) ) ;
#6266 = DIRECTION ( 'NONE',  ( -1.000000000000000000, 2.818307069383450447E-16, -1.570000712152659950E-15 ) ) ;
#6267 = VECTOR ( 'NONE', #6324, 1000.000000000000000 ) ;
#6268 = CARTESIAN_POINT ( 'NONE',  ( 0.1999999999999802491, 0.3464101615137420431, 0.5999999999999999778 ) ) ;
#6269 = DIRECTION ( 'NONE',  ( -0.7071067811865439090, -0.7071067811865429098, -1.087810542981549461E-07 ) ) ;
#6270 = LINE ( 'NONE', #4825, #1137 ) ;
#6271 = ADVANCED_FACE ( 'NONE', ( #5440 ), #1772, .F. ) ;
#6272 = ORIENTED_EDGE ( 'NONE', *, *, #9263, .F. ) ;
#6273 = AXIS2_PLACEMENT_3D ( 'NONE', #7576, #976, #2717 ) ;
#6274 = LINE ( 'NONE', #433, #4058 ) ;
#6275 = CIRCLE ( 'NONE', #3201, 0.5000000000000004441 ) ;
#6276 = CARTESIAN_POINT ( 'NONE',  ( 24.20000000000000639, -14.20281662206481066, 0.5999999999999999778 ) ) ;
#6277 = VERTEX_POINT ( 'NONE', #4765 ) ;
#6278 = PLANE ( 'NONE',  #2108 ) ;
#6279 = ADVANCED_FACE ( 'NONE', ( #1092 ), #9180, .F. ) ;
#6280 = LINE ( 'NONE', #7049, #5042 ) ;
#6281 = ORIENTED_EDGE ( 'NONE', *, *, #7983, .F. ) ;
#6282 = CARTESIAN_POINT ( 'NONE',  ( 124.9594733917878244, 102.5855827877990833, 145.7766034060556990 ) ) ;
#6283 = EDGE_CURVE ( 'NONE', #3916, #6589, #8691, .T. ) ;
#6284 = DIRECTION ( 'NONE',  ( -1.000000000000000000, 0.000000000000000000, 0.000000000000000000 ) ) ;
#6285 = ORIENTED_EDGE ( 'NONE', *, *, #7267, .T. ) ;
#6286 = DIRECTION ( 'NONE',  ( 0.000000000000000000, -5.324081861330470071E-14, 1.000000000000000000 ) ) ;
#6287 = DIRECTION ( 'NONE',  ( 0.000000000000000000, -3.903508433088680139E-16, -1.000000000000000000 ) ) ;
#6288 = ORIENTED_EDGE ( 'NONE', *, *, #5808, .T. ) ;
#6289 = VECTOR ( 'NONE', #8854, 1000.000000000000000 ) ;
#6290 = ORIENTED_EDGE ( 'NONE', *, *, #2599, .F. ) ;
#6291 = DIRECTION ( 'NONE',  ( -1.000000000000000000, -1.504038027996622089E-18, -1.309403304758604554E-15 ) ) ;
#6292 = ADVANCED_FACE ( 'NONE', ( #4188 ), #8642, .F. ) ;
#6293 = VECTOR ( 'NONE', #39, 1000.000000000000000 ) ;
#6294 = ORIENTED_EDGE ( 'NONE', *, *, #6510, .F. ) ;
#6295 = DIRECTION ( 'NONE',  ( 0.000000000000000000, -1.000000000000000000, -2.960594732333740256E-15 ) ) ;
#6296 = DIRECTION ( 'NONE',  ( -0.7071067811865474617, 0.000000000000000000, -0.7071067811865474617 ) ) ;
#6297 = ORIENTED_EDGE ( 'NONE', *, *, #798, .F. ) ;
#6298 = CARTESIAN_POINT ( 'NONE',  ( 124.3594733917878159, 90.38558278779908051, 145.4301932445418686 ) ) ;
#6299 = CARTESIAN_POINT ( 'NONE',  ( 123.6420582790520086, 47.95879991855730395, 180.8501160567390116 ) ) ;
#6300 = ORIENTED_EDGE ( 'NONE', *, *, #3768, .F. ) ;
#6301 = VERTEX_POINT ( 'NONE', #3553 ) ;
#6302 = ADVANCED_FACE ( 'NONE', ( #7208 ), #6491, .F. ) ;
#6303 = ADVANCED_FACE ( 'NONE', ( #1189 ), #7975, .F. ) ;
#6304 = PLANE ( 'NONE',  #5685 ) ;
#6305 = LINE ( 'NONE', #4097, #5143 ) ;
#6306 = ORIENTED_EDGE ( 'NONE', *, *, #975, .T. ) ;
#6307 = PLANE ( 'NONE',  #3731 ) ;
#6308 = PLANE ( 'NONE',  #6992 ) ;
#6309 = EDGE_LOOP ( 'NONE', ( #6333, #2839, #5914, #659 ) ) ;
#6310 = CARTESIAN_POINT ( 'NONE',  ( 124.9594733917879950, 47.85900246190749385, 136.0001160632320136 ) ) ;
#6311 = AXIS2_PLACEMENT_3D ( 'NONE', #4671, #6928, #3280 ) ;
#6312 = ADVANCED_FACE ( 'NONE', ( #608 ), #9363, .F. ) ;
#6313 = CARTESIAN_POINT ( 'NONE',  ( 11.80000000000000249, -7.274613391789286787, 0.000000000000000000 ) ) ;
#6314 = LINE ( 'NONE', #4824, #1203 ) ;
#6315 = DIRECTION ( 'NONE',  ( -0.7071067811865474617, -0.7071067811865474617, -2.093456611578358146E-15 ) ) ;
#6316 = VERTEX_POINT ( 'NONE', #1374 ) ;
#6317 = VECTOR ( 'NONE', #5093, 1000.000000000000000 ) ;
#6318 = DIRECTION ( 'NONE',  ( -0.000000000000000000, -1.000000000000000000, 0.000000000000000000 ) ) ;
#6319 = CARTESIAN_POINT ( 'NONE',  ( 17.80000000000001847, -17.66691823720256238, 0.5999999999999999778 ) ) ;
#6320 = EDGE_LOOP ( 'NONE', ( #16, #5315, #646, #2835 ) ) ;
#6321 = EDGE_CURVE ( 'NONE', #4830, #9176, #6352, .T. ) ;
#6322 = CIRCLE ( 'NONE', #2167, 5.150000000000687805 ) ;
#6323 = AXIS2_PLACEMENT_3D ( 'NONE', #3270, #3845, #4710 ) ;
#6324 = DIRECTION ( 'NONE',  ( -1.724428428856490375E-31, -1.538396423176930260E-07, 0.9999999999999882316 ) ) ;
#6325 = LINE ( 'NONE', #3122, #7147 ) ;
#6326 = CARTESIAN_POINT ( 'NONE',  ( 117.4594733917879950, 104.3679753938900063, 181.0501160567390002 ) ) ;
#6327 = VERTEX_POINT ( 'NONE', #4236 ) ;
#6328 = CARTESIAN_POINT ( 'NONE',  ( 121.9594733917879950, 50.85900246190750096, 136.0001160632320136 ) ) ;
#6329 = LINE ( 'NONE', #539, #529 ) ;
#6330 = ORIENTED_EDGE ( 'NONE', *, *, #9411, .F. ) ;
#6331 = FACE_OUTER_BOUND ( 'NONE', #3801, .T. ) ;
#6332 = FACE_OUTER_BOUND ( 'NONE', #8988, .T. ) ;
#6333 = ORIENTED_EDGE ( 'NONE', *, *, #6495, .F. ) ;
#6334 = VECTOR ( 'NONE', #4555, 1000.000000000000000 ) ;
#6335 = EDGE_CURVE ( 'NONE', #3689, #7728, #4393, .T. ) ;
#6336 = ORIENTED_EDGE ( 'NONE', *, *, #5720, .F. ) ;
#6337 = EDGE_CURVE ( 'NONE', #3696, #1165, #4956, .T. ) ;
#6338 = DIRECTION ( 'NONE',  ( -6.590088167172839757E-16, 0.8660254037844369313, 0.5000000000000028866 ) ) ;
#6339 = VECTOR ( 'NONE', #5708, 1000.000000000000000 ) ;
#6340 = CARTESIAN_POINT ( 'NONE',  ( 24.20000000000000639, -14.20281662206481066, 0.000000000000000000 ) ) ;
#6341 = ORIENTED_EDGE ( 'NONE', *, *, #1853, .T. ) ;
#6342 = DIRECTION ( 'NONE',  ( 1.000000000000000000, 2.788625013087724886E-33, -2.195260511074354883E-32 ) ) ;
#6343 = PLANE ( 'NONE',  #7753 ) ;
#6344 = ORIENTED_EDGE ( 'NONE', *, *, #1563, .T. ) ;
#6345 = PLANE ( 'NONE',  #801 ) ;
#6346 = DIRECTION ( 'NONE',  ( -0.000000000000000000, -0.000000000000000000, -1.000000000000000000 ) ) ;
#6347 = ADVANCED_FACE ( 'NONE', ( #7253 ), #653, .F. ) ;
#6348 = ORIENTED_EDGE ( 'NONE', *, *, #3231, .T. ) ;
#6349 = EDGE_LOOP ( 'NONE', ( #1662, #79, #7106, #1845 ) ) ;
#6350 = DIRECTION ( 'NONE',  ( -1.000000000000000000, 2.050921225943004990E-30, -1.332169591021890008E-15 ) ) ;
#6351 = VECTOR ( 'NONE', #7999, 1000.000000000000000 ) ;
#6352 = LINE ( 'NONE', #4145, #3596 ) ;
#6353 = VERTEX_POINT ( 'NONE', #2786 ) ;
#6354 = DIRECTION ( 'NONE',  ( -1.530347125916460109E-30, 1.000000000000000000, 2.413561285175750205E-15 ) ) ;
#6355 = CARTESIAN_POINT ( 'NONE',  ( 103.4479001739019992, 51.65921004631169211, 166.8113888862239946 ) ) ;
#6356 = VERTEX_POINT ( 'NONE', #9456 ) ;
#6357 = EDGE_CURVE ( 'NONE', #6791, #6327, #2884, .T. ) ;
#6358 = DIRECTION ( 'NONE',  ( 1.000000000000000000, -5.056174855043629324E-16, 2.094336198689014960E-16 ) ) ;
#6359 = EDGE_CURVE ( 'NONE', #2626, #5355, #2743, .T. ) ;
#6360 = CARTESIAN_POINT ( 'NONE',  ( 99.01619377653250353, 47.45879653723739722, 181.0501160567390002 ) ) ;
#6361 = CARTESIAN_POINT ( 'NONE',  ( 2.800000000000001599, 4.849742261192856674, 0.000000000000000000 ) ) ;
#6362 = FACE_OUTER_BOUND ( 'NONE', #2056, .T. ) ;
#6363 = ORIENTED_EDGE ( 'NONE', *, *, #7682, .F. ) ;
#6364 = CARTESIAN_POINT ( 'NONE',  ( 121.5594733917879893, 50.85900246190720253, 175.1500716728239979 ) ) ;
#6365 = CARTESIAN_POINT ( 'NONE',  ( 6.000000000000000888, -3.925981830489455149, 0.000000000000000000 ) ) ;
#6366 = EDGE_CURVE ( 'NONE', #6093, #9397, #465, .T. ) ;
#6367 = VECTOR ( 'NONE', #4046, 999.9999999999998863 ) ;
#6368 = ORIENTED_EDGE ( 'NONE', *, *, #7430, .T. ) ;
#6369 = CARTESIAN_POINT ( 'NONE',  ( 121.5594733917879893, 49.15900246190739864, 137.7001160632310075 ) ) ;
#6370 = PRODUCT_DEFINITION_SHAPE ( 'NONE', 'NONE',  #8486 ) ;
#6371 = PLANE ( 'NONE',  #2753 ) ;
#6372 = DIRECTION ( 'NONE',  ( -6.503944880413200848E-16, -0.8660254037844405950, 0.4999999999999966138 ) ) ;
#6373 = EDGE_LOOP ( 'NONE', ( #8269, #9359, #3978, #1694 ) ) ;
#6374 = VECTOR ( 'NONE', #5705, 1000.000000000000000 ) ;
#6375 = CARTESIAN_POINT ( 'NONE',  ( 6.200000000000001954, -3.810511776651529292, 0.5999999999999999778 ) ) ;
#6376 = CARTESIAN_POINT ( 'NONE',  ( 12.20000000000000462, -6.581793068761736087, 0.5999999999999999778 ) ) ;
#6377 = ORIENTED_EDGE ( 'NONE', *, *, #1173, .T. ) ;
#6378 = DIRECTION ( 'NONE',  ( 1.000000000000000000, -2.818307069383390296E-16, -1.101446463910522117E-30 ) ) ;
#6379 = DIRECTION ( 'NONE',  ( 0.000000000000000000, 4.975807522799380545E-15, -1.000000000000000000 ) ) ;
#6380 = ORIENTED_EDGE ( 'NONE', *, *, #1034, .T. ) ;
#6381 = ADVANCED_FACE ( 'NONE', ( #2691 ), #8551, .F. ) ;
#6382 = ORIENTED_EDGE ( 'NONE', *, *, #5458, .T. ) ;
#6383 = VECTOR ( 'NONE', #4209, 1000.000000000000000 ) ;
#6384 = AXIS2_PLACEMENT_3D ( 'NONE', #3520, #8033, #6551 ) ;
#6385 = CARTESIAN_POINT ( 'NONE',  ( 124.3594733917878017, 97.18558278779904924, 156.0534381976310101 ) ) ;
#6386 = DIRECTION ( 'NONE',  ( 1.000000000000000000, 1.504038027996622089E-18, 1.309403304758604554E-15 ) ) ;
#6387 = VERTEX_POINT ( 'NONE', #1234 ) ;
#6388 = LINE ( 'NONE', #5616, #1387 ) ;
#6389 = DIRECTION ( 'NONE',  ( -1.000000000000000000, 2.818307069383460308E-16, -1.570000712152659950E-15 ) ) ;
#6390 = VERTEX_POINT ( 'NONE', #3464 ) ;
#6391 = LINE ( 'NONE', #7110, #7557 ) ;
#6392 = VECTOR ( 'NONE', #6061, 1000.000000000000000 ) ;
#6393 = LINE ( 'NONE', #9313, #7624 ) ;
#6394 = EDGE_CURVE ( 'NONE', #3278, #7033, #6850, .T. ) ;
#6395 = AXIS2_PLACEMENT_3D ( 'NONE', #3187, #958, #2455 ) ;
#6396 = ADVANCED_FACE ( 'NONE', ( #2007 ), #6637, .F. ) ;
#6397 = ORIENTED_EDGE ( 'NONE', *, *, #9011, .T. ) ;
#6398 = ORIENTED_EDGE ( 'NONE', *, *, #4849, .F. ) ;
#6399 = VECTOR ( 'NONE', #4089, 1000.000000000000000 ) ;
#6400 = PRODUCT_DEFINITION_FORMATION_WITH_SPECIFIED_SOURCE ( 'ANY', '', #4324, .NOT_KNOWN. ) ;
#6401 = ADVANCED_FACE ( 'NONE', ( #8836 ), #5289, .T. ) ;
#6402 = CARTESIAN_POINT ( 'NONE',  ( 121.7594733917879921, 49.15900246190739864, 137.7001160632310075 ) ) ;
#6403 = CARTESIAN_POINT ( 'NONE',  ( 103.8479001739019907, 51.65921004631169211, 166.8113888862239946 ) ) ;
#6404 = ORIENTED_EDGE ( 'NONE', *, *, #6357, .T. ) ;
#6405 = CARTESIAN_POINT ( 'NONE',  ( 12.40000000000000391, -0.2309401076758522964, 0.5999999999999999778 ) ) ;
#6406 = LINE ( 'NONE', #4283, #4088 ) ;
#6407 = EDGE_CURVE ( 'NONE', #3865, #8448, #1475, .T. ) ;
#6408 = ORIENTED_EDGE ( 'NONE', *, *, #3080, .F. ) ;
#6409 = CARTESIAN_POINT ( 'NONE',  ( 103.4479001739019992, 53.25921248938359298, 150.9307499699809796 ) ) ;
#6410 = FACE_OUTER_BOUND ( 'NONE', #4470, .T. ) ;
#6411 = EDGE_CURVE ( 'NONE', #6125, #2300, #4521, .T. ) ;
#6412 = FACE_OUTER_BOUND ( 'NONE', #7909, .T. ) ;
#6413 = VECTOR ( 'NONE', #5729, 999.9999999999998863 ) ;
#6414 = CARTESIAN_POINT ( 'NONE',  ( 103.4479001739019992, 56.63054484409619960, 121.9612104623549982 ) ) ;
#6415 = ORIENTED_EDGE ( 'NONE', *, *, #7362, .T. ) ;
#6416 = LINE ( 'NONE', #7809, #1275 ) ;
#6417 = CARTESIAN_POINT ( 'NONE',  ( 11.60000000000000497, -0.2309401076758523241, 0.000000000000000000 ) ) ;
#6418 = AXIS2_PLACEMENT_3D ( 'NONE', #2941, #126, #1625 ) ;
#6419 = AXIS2_PLACEMENT_3D ( 'NONE', #1791, #5556, #7765 ) ;
#6420 = LINE ( 'NONE', #725, #2114 ) ;
#6421 = DIRECTION ( 'NONE',  ( -0.7071067811865474617, -1.570092458683808881E-14, -0.7071067811865474617 ) ) ;
#6422 = FACE_OUTER_BOUND ( 'NONE', #4892, .T. ) ;
#6423 = ORIENTED_EDGE ( 'NONE', *, *, #7222, .T. ) ;
#6424 = VECTOR ( 'NONE', #9003, 1000.000000000000000 ) ;
#6425 = DIRECTION ( 'NONE',  ( 0.8660254037844387076, -0.4999999999999999445, 0.000000000000000000 ) ) ;
#6426 = CARTESIAN_POINT ( 'NONE',  ( 103.8479001739019907, 51.65921008091940081, 145.2896251811480113 ) ) ;
#6427 = ORIENTED_EDGE ( 'NONE', *, *, #1674, .T. ) ;
#6428 = PLANE ( 'NONE',  #6808 ) ;
#6429 = PLANE ( 'NONE',  #9447 ) ;
#6430 = ORIENTED_EDGE ( 'NONE', *, *, #7339, .F. ) ;
#6431 = VERTEX_POINT ( 'NONE', #7355 ) ;
#6432 = DIRECTION ( 'NONE',  ( -1.136463268210227383E-15, 0.4999999999999966138, 0.8660254037844405950 ) ) ;
#6433 = EDGE_CURVE ( 'NONE', #207, #8661, #3125, .T. ) ;
#6434 = SURFACE_STYLE_FILL_AREA ( #1993 ) ;
#6435 = ORIENTED_EDGE ( 'NONE', *, *, #5212, .F. ) ;
#6436 = CARTESIAN_POINT ( 'NONE',  ( 24.00000000000000711, -20.32272947547484421, 0.5999999999999999778 ) ) ;
#6437 = DIRECTION ( 'NONE',  ( -2.582431124725701360E-16, 1.401656568589260132E-15, 1.000000000000000000 ) ) ;
#6438 = DIRECTION ( 'NONE',  ( 1.942890293082709955E-16, 2.960594732333735129E-15, -1.000000000000000000 ) ) ;
#6439 = ORIENTED_EDGE ( 'NONE', *, *, #6949, .T. ) ;
#6440 = CARTESIAN_POINT ( 'NONE',  ( 124.9594733917877818, 78.78558278779895829, 173.6048863809955947 ) ) ;
#6441 = CARTESIAN_POINT ( 'NONE',  ( 124.3594733917878159, 73.18558278779906345, 145.4301932445418117 ) ) ;
#6442 = ORIENTED_EDGE ( 'NONE', *, *, #423, .F. ) ;
#6443 = VECTOR ( 'NONE', #1394, 1000.000000000000114 ) ;
#6444 = ORIENTED_EDGE ( 'NONE', *, *, #5669, .T. ) ;
#6445 = EDGE_CURVE ( 'NONE', #6390, #4706, #9507, .T. ) ;
#6446 = DIRECTION ( 'NONE',  ( 0.5773502691896128525, -0.5773502691896258421, -0.5773502691896387207 ) ) ;
#6447 = DIRECTION ( 'NONE',  ( 0.000000000000000000, -1.000000000000000000, -3.908184725064409972E-15 ) ) ;
#6448 = VERTEX_POINT ( 'NONE', #7499 ) ;
#6449 = CARTESIAN_POINT ( 'NONE',  ( 120.4594733917879950, 79.36797539389068845, 130.0501160567390002 ) ) ;
#6450 = PLANE ( 'NONE',  #7618 ) ;
#6451 = EDGE_CURVE ( 'NONE', #8482, #4336, #2255, .T. ) ;
#6452 = ORIENTED_EDGE ( 'NONE', *, *, #1364, .F. ) ;
#6453 = DIRECTION ( 'NONE',  ( 0.000000000000000000, 0.000000000000000000, 1.000000000000000000 ) ) ;
#6454 = AXIS2_PLACEMENT_3D ( 'NONE', #1577, #8747, #767 ) ;
#6455 = PLANE ( 'NONE',  #3381 ) ;
#6456 = LINE ( 'NONE', #1434, #1447 ) ;
#6457 = VERTEX_POINT ( 'NONE', #4375 ) ;
#6458 = DIRECTION ( 'NONE',  ( -0.8660254037844385966, -0.5000000000000002220, 0.000000000000000000 ) ) ;
#6459 = CARTESIAN_POINT ( 'NONE',  ( 103.4479001739019992, 52.85921004631169495, 166.8113890708320071 ) ) ;
#6460 = VECTOR ( 'NONE', #3462, 1000.000000000000000 ) ;
#6461 = FACE_OUTER_BOUND ( 'NONE', #7685, .T. ) ;
#6462 = LINE ( 'NONE', #1252, #6443 ) ;
#6463 = DIRECTION ( 'NONE',  ( -3.155443620884050024E-30, 1.000000000000000000, 3.908184725064409972E-15 ) ) ;
#6464 = VECTOR ( 'NONE', #262, 1000.000000000000000 ) ;
#6465 = ORIENTED_EDGE ( 'NONE', *, *, #5127, .F. ) ;
#6466 = CYLINDRICAL_SURFACE ( 'NONE', #1246, 3.000000000000002665 ) ;
#6467 = DIRECTION ( 'NONE',  ( 0.000000000000000000, -2.891205793294796084E-14, 1.000000000000000000 ) ) ;
#6468 = ORIENTED_EDGE ( 'NONE', *, *, #9377, .F. ) ;
#6469 = CARTESIAN_POINT ( 'NONE',  ( 124.9594733917877960, 78.78558278779902935, 159.7484799204445665 ) ) ;
#6470 = LINE ( 'NONE', #7911, #8689 ) ;
#6471 = VERTEX_POINT ( 'NONE', #3700 ) ;
#6472 = EDGE_CURVE ( 'NONE', #9265, #9451, #805, .T. ) ;
#6473 = EDGE_CURVE ( 'NONE', #2540, #482, #5244, .T. ) ;
#6474 = VECTOR ( 'NONE', #5663, 1000.000000000000000 ) ;
#6475 = ORIENTED_EDGE ( 'NONE', *, *, #3375, .T. ) ;
#6476 = CARTESIAN_POINT ( 'NONE',  ( 105.8479001739020049, 51.65921004631179869, 165.6113888862240060 ) ) ;
#6477 = ORIENTED_EDGE ( 'NONE', *, *, #7593, .T. ) ;
#6478 = DIRECTION ( 'NONE',  ( 0.4999999999999983902, -0.8660254037844395958, 0.000000000000000000 ) ) ;
#6479 =( NAMED_UNIT ( * ) PLANE_ANGLE_UNIT ( ) SI_UNIT ( $, .RADIAN. ) );
#6480 = AXIS2_PLACEMENT_3D ( 'NONE', #5631, #4912, #2009 ) ;
#6481 = PLANE ( 'NONE',  #5449 ) ;
#6482 = ORIENTED_EDGE ( 'NONE', *, *, #3235, .T. ) ;
#6483 = VECTOR ( 'NONE', #55, 1000.000000000000000 ) ;
#6484 = FACE_OUTER_BOUND ( 'NONE', #5699, .T. ) ;
#6485 = PLANE ( 'NONE',  #6089 ) ;
#6486 = CARTESIAN_POINT ( 'NONE',  ( 121.7594733917879921, 52.55900246190719827, 173.4500716728240093 ) ) ;
#6487 = ORIENTED_EDGE ( 'NONE', *, *, #7593, .F. ) ;
#6488 = VECTOR ( 'NONE', #2030, 1000.000000000000000 ) ;
#6489 = VERTEX_POINT ( 'NONE', #6732 ) ;
#6490 = CARTESIAN_POINT ( 'NONE',  ( 124.9594733917879950, 53.85900246190750096, 136.0001160632320136 ) ) ;
#6491 = PLANE ( 'NONE',  #3906 ) ;
#6492 = EDGE_LOOP ( 'NONE', ( #2329, #909, #7490, #1691 ) ) ;
#6493 = CARTESIAN_POINT ( 'NONE',  ( 124.3594733917878301, 105.9855827877991175, 139.8876306603215198 ) ) ;
#6494 = LINE ( 'NONE', #9366, #6231 ) ;
#6495 = EDGE_CURVE ( 'NONE', #1399, #2540, #8785, .T. ) ;
#6496 = EDGE_LOOP ( 'NONE', ( #8833, #8257, #7530, #3130 ) ) ;
#6497 = DIRECTION ( 'NONE',  ( -6.503944880413203806E-16, -0.8660254037844404840, 0.4999999999999968914 ) ) ;
#6498 = EDGE_LOOP ( 'NONE', ( #7320, #6167, #6738, #7912, #1380 ) ) ;
#6499 = CYLINDRICAL_SURFACE ( 'NONE', #2758, 1.699999999999993072 ) ;
#6500 = CARTESIAN_POINT ( 'NONE',  ( 114.9689659787189981, 102.6954405435960069, 180.4501160567390059 ) ) ;
#6501 = ORIENTED_EDGE ( 'NONE', *, *, #4062, .F. ) ;
#6502 = CARTESIAN_POINT ( 'NONE',  ( 104.2479001739019964, 47.60021789347469934, 180.3430092755519922 ) ) ;
#6503 = FACE_OUTER_BOUND ( 'NONE', #3642, .T. ) ;
#6504 =( BOUNDED_CURVE ( )  B_SPLINE_CURVE ( 3, ( #1801, #6914, #1120, #4075 ),
 .UNSPECIFIED., .F., .T. ) 
 B_SPLINE_CURVE_WITH_KNOTS ( ( 4, 4 ),
 ( 4.712388980384691450, 5.497787143782379538 ),
 .UNSPECIFIED. ) 
 CURVE ( )  GEOMETRIC_REPRESENTATION_ITEM ( )  RATIONAL_B_SPLINE_CURVE ( ( 1.000000000000000000, 0.9492530216741604798, 0.9492530216741604798, 1.000000000000000000 ) ) 
 REPRESENTATION_ITEM ( '' )  );
#6505 = CARTESIAN_POINT ( 'NONE',  ( 124.3594733917878017, 78.38558278779899524, 166.2148029353683967 ) ) ;
#6506 = LINE ( 'NONE', #671, #9348 ) ;
#6507 = AXIS2_PLACEMENT_3D ( 'NONE', #7129, #2657, #7712 ) ;
#6508 = CARTESIAN_POINT ( 'NONE',  ( 120.4594733917880092, 104.3679753938899495, 181.0501160567390002 ) ) ;
#6509 = VERTEX_POINT ( 'NONE', #7305 ) ;
#6510 = EDGE_CURVE ( 'NONE', #2218, #157, #8737, .T. ) ;
#6511 = PLANE ( 'NONE',  #7704 ) ;
#6512 = DIRECTION ( 'NONE',  ( -0.000000000000000000, -1.000000000000000000, 0.000000000000000000 ) ) ;
#6513 = VERTEX_POINT ( 'NONE', #7450 ) ;
#6514 = CARTESIAN_POINT ( 'NONE',  ( 124.3594733917878017, 108.9855827877990464, 156.1689082514689915 ) ) ;
#6515 = LINE ( 'NONE', #4405, #3336 ) ;
#6516 = ORIENTED_EDGE ( 'NONE', *, *, #316, .T. ) ;
#6517 = EDGE_LOOP ( 'NONE', ( #9070, #4914, #1028, #7423 ) ) ;
#6518 = FACE_OUTER_BOUND ( 'NONE', #3344, .T. ) ;
#6519 = VECTOR ( 'NONE', #105, 1000.000000000000000 ) ;
#6520 = LINE ( 'NONE', #787, #7338 ) ;
#6521 = ORIENTED_EDGE ( 'NONE', *, *, #7578, .F. ) ;
#6522 = ADVANCED_FACE ( 'NONE', ( #8125 ), #8215, .T. ) ;
#6523 = PLANE ( 'NONE',  #4487 ) ;
#6524 = EDGE_CURVE ( 'NONE', #5207, #4160, #707, .T. ) ;
#6525 = FACE_OUTER_BOUND ( 'NONE', #733, .T. ) ;
#6526 = ORIENTED_EDGE ( 'NONE', *, *, #8187, .F. ) ;
#6527 = DIRECTION ( 'NONE',  ( -1.000000000000000000, 0.000000000000000000, -0.000000000000000000 ) ) ;
#6528 = CYLINDRICAL_SURFACE ( 'NONE', #6243, 5.150000000000687805 ) ;
#6529 = AXIS2_PLACEMENT_3D ( 'NONE', #3422, #1821, #4100 ) ;
#6530 = CIRCLE ( 'NONE', #3923, 1.699999999999993072 ) ;
#6531 = ORIENTED_EDGE ( 'NONE', *, *, #4250, .F. ) ;
#6532 = VERTEX_POINT ( 'NONE', #856 ) ;
#6533 = APPLICATION_CONTEXT ( 'automotive_design' ) ;
#6534 = EDGE_CURVE ( 'NONE', #2208, #1785, #3800, .T. ) ;
#6535 = CIRCLE ( 'NONE', #4999, 1.600000000000002309 ) ;
#6536 = DIRECTION ( 'NONE',  ( 4.087556092131263946E-16, 1.000000000000000000, 0.000000000000000000 ) ) ;
#6537 = ADVANCED_FACE ( 'NONE', ( #4472 ), #117, .T. ) ;
#6538 = VECTOR ( 'NONE', #3653, 999.9999999999998863 ) ;
#6539 = DIRECTION ( 'NONE',  ( -0.000000000000000000, 0.000000000000000000, -1.000000000000000000 ) ) ;
#6540 = ORIENTED_EDGE ( 'NONE', *, *, #1145, .T. ) ;
#6541 = CARTESIAN_POINT ( 'NONE',  ( 124.3594733917878159, 90.38558278779908051, 145.6611333522177176 ) ) ;
#6542 = LINE ( 'NONE', #2746, #1146 ) ;
#6543 = ORIENTED_EDGE ( 'NONE', *, *, #1683, .T. ) ;
#6544 = VECTOR ( 'NONE', #9161, 1000.000000000000000 ) ;
#6545 = VECTOR ( 'NONE', #3743, 1000.000000000000000 ) ;
#6546 = ORIENTED_EDGE ( 'NONE', *, *, #8796, .F. ) ;
#6547 = LINE ( 'NONE', #7940, #3659 ) ;
#6548 = ORIENTED_EDGE ( 'NONE', *, *, #1243, .T. ) ;
#6549 = LINE ( 'NONE', #2844, #5377 ) ;
#6550 = EDGE_CURVE ( 'NONE', #930, #7728, #8884, .T. ) ;
#6551 = DIRECTION ( 'NONE',  ( 0.000000000000000000, 0.000000000000000000, -1.000000000000000000 ) ) ;
#6552 = VERTEX_POINT ( 'NONE', #3076 ) ;
#6553 = LINE ( 'NONE', #6607, #3146 ) ;
#6554 = DIRECTION ( 'NONE',  ( 0.000000000000000000, -1.000000000000000000, 0.000000000000000000 ) ) ;
#6555 = AXIS2_PLACEMENT_3D ( 'NONE', #7574, #786, #3206 ) ;
#6556 = VECTOR ( 'NONE', #6358, 1000.000000000000000 ) ;
#6557 = FACE_BOUND ( 'NONE', #4657, .T. ) ;
#6558 = CARTESIAN_POINT ( 'NONE',  ( 105.8479001739020049, 51.65921008091940081, 146.4896251811479999 ) ) ;
#6559 = EDGE_CURVE ( 'NONE', #3308, #4266, #9077, .T. ) ;
#6560 = DIRECTION ( 'NONE',  ( 6.590088167172846660E-16, -0.8660254037844367092, -0.5000000000000034417 ) ) ;
#6561 = VERTEX_POINT ( 'NONE', #263 ) ;
#6562 = CARTESIAN_POINT ( 'NONE',  ( 6.400000000000001243, -16.62768775266123100, 0.5999999999999999778 ) ) ;
#6563 = LINE ( 'NONE', #3674, #7759 ) ;
#6564 = VERTEX_POINT ( 'NONE', #6250 ) ;
#6565 = AXIS2_PLACEMENT_3D ( 'NONE', #1483, #6018, #5159 ) ;
#6566 = DIRECTION ( 'NONE',  ( 0.000000000000000000, -1.000000000000000000, -3.908184725064409972E-15 ) ) ;
#6567 = VECTOR ( 'NONE', #8336, 1000.000000000000000 ) ;
#6568 = DIRECTION ( 'NONE',  ( -1.000000000000000000, 5.105890005208150104E-44, -5.105890005209050201E-44 ) ) ;
#6569 = VERTEX_POINT ( 'NONE', #3319 ) ;
#6570 = EDGE_CURVE ( 'NONE', #1259, #1794, #4664, .T. ) ;
#6571 = VERTEX_POINT ( 'NONE', #6967 ) ;
#6572 = CARTESIAN_POINT ( 'NONE',  ( 124.3594733917878017, 91.18558278779906345, 152.3583964748173969 ) ) ;
#6573 =( GEOMETRIC_REPRESENTATION_CONTEXT ( 3 ) GLOBAL_UNCERTAINTY_ASSIGNED_CONTEXT ( ( #2955 ) ) GLOBAL_UNIT_ASSIGNED_CONTEXT ( ( #7830, #4133, #5847 ) ) REPRESENTATION_CONTEXT ( 'NONE', 'WORKASPACE' ) );
#6574 = AXIS2_PLACEMENT_3D ( 'NONE', #2713, #5833, #3573 ) ;
#6575 = EDGE_CURVE ( 'NONE', #7007, #3780, #9276, .T. ) ;
#6576 = DIRECTION ( 'NONE',  ( 0.000000000000000000, 0.1260168930201988613, -0.9920280957077453055 ) ) ;
#6577 = VERTEX_POINT ( 'NONE', #8442 ) ;
#6578 = DIRECTION ( 'NONE',  ( 1.136463268210226792E-15, -0.4999999999999968914, -0.8660254037844404840 ) ) ;
#6579 = CONTEXT_DEPENDENT_SHAPE_REPRESENTATION ( #2784, #4227 ) ;
#6580 = FACE_OUTER_BOUND ( 'NONE', #7028, .T. ) ;
#6581 = VERTEX_POINT ( 'NONE', #7544 ) ;
#6582 = DIRECTION ( 'NONE',  ( -3.659954016805839962E-31, 1.000000000000000000, 0.000000000000000000 ) ) ;
#6583 = DIRECTION ( 'NONE',  ( 6.503944880413204792E-16, 0.8660254037844403729, -0.4999999999999969469 ) ) ;
#6584 = ORIENTED_EDGE ( 'NONE', *, *, #8508, .F. ) ;
#6585 = VECTOR ( 'NONE', #1793, 999.9999999999998863 ) ;
#6586 = DIRECTION ( 'NONE',  ( 4.087556092131263946E-16, 1.000000000000000000, 0.000000000000000000 ) ) ;
#6587 = VECTOR ( 'NONE', #7664, 1000.000000000000000 ) ;
#6588 = ADVANCED_FACE ( 'NONE', ( #6108 ), #357, .F. ) ;
#6589 = VERTEX_POINT ( 'NONE', #3226 ) ;
#6590 = ORIENTED_EDGE ( 'NONE', *, *, #1638, .T. ) ;
#6591 = AXIS2_PLACEMENT_3D ( 'NONE', #672, #1303, #1349 ) ;
#6592 = CARTESIAN_POINT ( 'NONE',  ( 117.4594733917879950, 104.3679753938900063, 181.0501160567390002 ) ) ;
#6593 = CARTESIAN_POINT ( 'NONE',  ( 24.40000000000000924, -20.78460969082654586, 0.000000000000000000 ) ) ;
#6594 = ORIENTED_EDGE ( 'NONE', *, *, #6495, .T. ) ;
#6595 = CARTESIAN_POINT ( 'NONE',  ( -0.4000000000000026867, -6.235382907247960738, 0.000000000000000000 ) ) ;
#6596 = LINE ( 'NONE', #7405, #5313 ) ;
#6597 = EDGE_CURVE ( 'NONE', #371, #6791, #8981, .T. ) ;
#6598 = ORIENTED_EDGE ( 'NONE', *, *, #1488, .T. ) ;
#6599 = ADVANCED_FACE ( 'NONE', ( #2591 ), #6157, .F. ) ;
#6600 = ORIENTED_EDGE ( 'NONE', *, *, #6891, .F. ) ;
#6601 = DIRECTION ( 'NONE',  ( 0.000000000000000000, 0.000000000000000000, 1.000000000000000000 ) ) ;
#6602 = ORIENTED_EDGE ( 'NONE', *, *, #3427, .F. ) ;
#6603 = PLANE ( 'NONE',  #6454 ) ;
#6604 = CARTESIAN_POINT ( 'NONE',  ( 105.8479001739020049, 50.21001655449860124, 170.0411268857580183 ) ) ;
#6605 = CIRCLE ( 'NONE', #2450, 1.200000000000006617 ) ;
#6606 = EDGE_LOOP ( 'NONE', ( #2142, #8815, #3843, #7500 ) ) ;
#6607 = CARTESIAN_POINT ( 'NONE',  ( 6.200000000000004619, 10.73871500692704117, 0.000000000000000000 ) ) ;
#6608 = PLANE ( 'NONE',  #3804 ) ;
#6609 = EDGE_CURVE ( 'NONE', #1751, #9021, #1667, .T. ) ;
#6610 = AXIS2_PLACEMENT_3D ( 'NONE', #8942, #1627, #8795 ) ;
#6611 = DIRECTION ( 'NONE',  ( -1.000000000000000000, -1.021176253173640141E-43, -1.021176253173550131E-43 ) ) ;
#6612 = FACE_OUTER_BOUND ( 'NONE', #391, .T. ) ;
#6613 = DIRECTION ( 'NONE',  ( -0.4999999999999997224, -0.8660254037844388186, 0.000000000000000000 ) ) ;
#6614 = EDGE_LOOP ( 'NONE', ( #2195, #5365, #5334, #2389 ) ) ;
#6615 = LINE ( 'NONE', #4304, #6227 ) ;
#6616 = ORIENTED_EDGE ( 'NONE', *, *, #4668, .F. ) ;
#6617 = DIRECTION ( 'NONE',  ( 0.000000000000000000, -1.000000000000000000, 0.000000000000000000 ) ) ;
#6618 = DIRECTION ( 'NONE',  ( -1.000000000000000000, -1.504038027996622089E-18, -1.309403304758604554E-15 ) ) ;
#6619 = ORIENTED_EDGE ( 'NONE', *, *, #8720, .F. ) ;
#6620 = EDGE_CURVE ( 'NONE', #239, #3414, #1850, .T. ) ;
#6621 = ORIENTED_EDGE ( 'NONE', *, *, #4822, .F. ) ;
#6622 = VECTOR ( 'NONE', #8980, 1000.000000000000000 ) ;
#6623 = FACE_OUTER_BOUND ( 'NONE', #5998, .T. ) ;
#6624 = FACE_OUTER_BOUND ( 'NONE', #2164, .T. ) ;
#6625 = ORIENTED_EDGE ( 'NONE', *, *, #8917, .F. ) ;
#6626 = DIRECTION ( 'NONE',  ( 6.503944880413203806E-16, 0.8660254037844404840, -0.4999999999999968914 ) ) ;
#6627 = PLANE ( 'NONE',  #204 ) ;
#6628 = VERTEX_POINT ( 'NONE', #3986 ) ;
#6629 = DIRECTION ( 'NONE',  ( -0.4999999999999996114, 0.8660254037844389297, 0.000000000000000000 ) ) ;
#6630 = CARTESIAN_POINT ( 'NONE',  ( 29.60000000000002629, 0.000000000000000000, 0.5999999999999999778 ) ) ;
#6631 = ORIENTED_EDGE ( 'NONE', *, *, #3106, .T. ) ;
#6632 = DIRECTION ( 'NONE',  ( 1.000000000000000000, -1.684925824262390165E-30, 1.332169591021890008E-15 ) ) ;
#6633 = ORIENTED_EDGE ( 'NONE', *, *, #1073, .T. ) ;
#6634 = ORIENTED_EDGE ( 'NONE', *, *, #9011, .F. ) ;
#6635 = AXIS2_PLACEMENT_3D ( 'NONE', #4328, #3601, #3421 ) ;
#6636 = LINE ( 'NONE', #2978, #5690 ) ;
#6637 = PLANE ( 'NONE',  #2699 ) ;
#6638 = ORIENTED_EDGE ( 'NONE', *, *, #2749, .F. ) ;
#6639 = DIRECTION ( 'NONE',  ( 1.000000000000000000, 1.504038027996621897E-18, 1.309403304758604554E-15 ) ) ;
#6640 = CARTESIAN_POINT ( 'NONE',  ( 121.5594733917879893, 50.85900246190720253, 173.4500716728240093 ) ) ;
#6641 = VERTEX_POINT ( 'NONE', #7595 ) ;
#6642 = ORIENTED_EDGE ( 'NONE', *, *, #2423, .F. ) ;
#6643 = DIRECTION ( 'NONE',  ( -1.000000000000000000, -2.003086131649544323E-15, 0.000000000000000000 ) ) ;
#6644 = VERTEX_POINT ( 'NONE', #5431 ) ;
#6645 = LINE ( 'NONE', #3710, #5678 ) ;
#6646 = AXIS2_PLACEMENT_3D ( 'NONE', #2972, #6527, #8013 ) ;
#6647 = DIRECTION ( 'NONE',  ( -1.000000000000000000, -1.504038027996621897E-18, -1.309403304758604554E-15 ) ) ;
#6648 = AXIS2_PLACEMENT_3D ( 'NONE', #1140, #2458, #321 ) ;
#6649 = ADVANCED_FACE ( 'NONE', ( #308 ), #3891, .F. ) ;
#6650 = ORIENTED_EDGE ( 'NONE', *, *, #2659, .T. ) ;
#6651 = DIRECTION ( 'NONE',  ( 1.000000000000000000, -2.818307069383390296E-16, -1.101446463910520015E-30 ) ) ;
#6652 = CARTESIAN_POINT ( 'NONE',  ( 121.9594733917879950, 53.33084388076889581, 173.4500716728240093 ) ) ;
#6653 = DIRECTION ( 'NONE',  ( 0.000000000000000000, -1.000000000000000000, 0.000000000000000000 ) ) ;
#6654 = FACE_OUTER_BOUND ( 'NONE', #2961, .T. ) ;
#6655 = DIRECTION ( 'NONE',  ( -0.4999999999999450440, 0.4999999999999797384, 0.7071067811866006414 ) ) ;
#6656 = VERTEX_POINT ( 'NONE', #3271 ) ;
#6657 = EDGE_CURVE ( 'NONE', #4082, #1721, #6836, .T. ) ;
#6658 = DIRECTION ( 'NONE',  ( -1.000000000000000000, 1.850371707708592551E-14, 0.000000000000000000 ) ) ;
#6659 = EDGE_LOOP ( 'NONE', ( #1567, #4455, #3203, #2416 ) ) ;
#6660 = DIRECTION ( 'NONE',  ( -1.000000000000000000, 5.292037523355160084E-16, -1.332169591021888036E-15 ) ) ;
#6661 = CARTESIAN_POINT ( 'NONE',  ( 117.8100015415119941, 47.75879991855730111, 180.8501160567390116 ) ) ;
#6662 = ORIENTED_EDGE ( 'NONE', *, *, #3230, .T. ) ;
#6663 = ORIENTED_EDGE ( 'NONE', *, *, #8876, .T. ) ;
#6664 = CARTESIAN_POINT ( 'NONE',  ( 12.40000000000000391, -13.62546635287517560, 0.000000000000000000 ) ) ;
#6665 = CARTESIAN_POINT ( 'NONE',  ( 103.4479001739019992, 51.65920973258590010, 168.8506933095800093 ) ) ;
#6666 = ORIENTED_EDGE ( 'NONE', *, *, #7269, .F. ) ;
#6667 = DIRECTION ( 'NONE',  ( 6.503944880413198876E-16, 0.8660254037844405950, -0.4999999999999965028 ) ) ;
#6668 = EDGE_CURVE ( 'NONE', #3936, #9104, #6203, .T. ) ;
#6669 = DIRECTION ( 'NONE',  ( 0.8660254037844387076, -0.4999999999999999445, 0.000000000000000000 ) ) ;
#6670 = VERTEX_POINT ( 'NONE', #8312 ) ;
#6671 = PLANE ( 'NONE',  #7412 ) ;
#6672 = CARTESIAN_POINT ( 'NONE',  ( 124.0592155665779899, 48.37595720608260308, 180.8501160567390116 ) ) ;
#6673 = ORIENTED_EDGE ( 'NONE', *, *, #2822, .F. ) ;
#6674 = FACE_OUTER_BOUND ( 'NONE', #7174, .T. ) ;
#6675 = ORIENTED_EDGE ( 'NONE', *, *, #5533, .T. ) ;
#6676 = VECTOR ( 'NONE', #503, 999.9999999999998863 ) ;
#6677 = ORIENTED_EDGE ( 'NONE', *, *, #5867, .F. ) ;
#6678 = FACE_OUTER_BOUND ( 'NONE', #4665, .T. ) ;
#6679 = EDGE_CURVE ( 'NONE', #8982, #2648, #992, .T. ) ;
#6680 = CARTESIAN_POINT ( 'NONE',  ( 109.9594733917879381, 102.9954405435960325, 180.7501160567389604 ) ) ;
#6681 = ADVANCED_FACE ( 'NONE', ( #5483 ), #8400, .T. ) ;
#6682 = VERTEX_POINT ( 'NONE', #4085 ) ;
#6683 = DIRECTION ( 'NONE',  ( 1.000000000000000000, -1.684925824262390165E-30, 1.332169591021890008E-15 ) ) ;
#6684 = AXIS2_PLACEMENT_3D ( 'NONE', #7003, #7908, #9247 ) ;
#6685 = CARTESIAN_POINT ( 'NONE',  ( 103.8479001739019907, 69.51965721032100021, 146.4896251811479999 ) ) ;
#6686 = VERTEX_POINT ( 'NONE', #8352 ) ;
#6687 = EDGE_LOOP ( 'NONE', ( #5184, #3832, #8331, #3377 ) ) ;
#6688 = EDGE_CURVE ( 'NONE', #6229, #6471, #1761, .T. ) ;
#6689 = AXIS2_PLACEMENT_3D ( 'NONE', #6923, #6970, #9217 ) ;
#6690 = AXIS2_PLACEMENT_3D ( 'NONE', #9191, #4733, #3198 ) ;
#6691 = DIRECTION ( 'NONE',  ( -1.340782826723100149E-14, 1.000000000000000000, 0.000000000000000000 ) ) ;
#6692 = VERTEX_POINT ( 'NONE', #7785 ) ;
#6693 = CARTESIAN_POINT ( 'NONE',  ( 124.9594733917878244, 99.98558278779910324, 140.5804509833490670 ) ) ;
#6694 = EDGE_CURVE ( 'NONE', #6889, #6229, #5664, .T. ) ;
#6695 = CARTESIAN_POINT ( 'NONE',  ( -3.200000000000000622, 5.542562584220408262, 0.5999999999999999778 ) ) ;
#6696 = ORIENTED_EDGE ( 'NONE', *, *, #7455, .F. ) ;
#6697 = DIRECTION ( 'NONE',  ( 6.590088167172843701E-16, -0.8660254037844368202, -0.5000000000000031086 ) ) ;
#6698 = VECTOR ( 'NONE', #6346, 1000.000000000000000 ) ;
#6699 = DIRECTION ( 'NONE',  ( -1.000000000000000000, -1.504038027996622089E-18, -1.309403304758604554E-15 ) ) ;
#6700 = ADVANCED_FACE ( 'NONE', ( #5617 ), #6481, .T. ) ;
#6701 = DIRECTION ( 'NONE',  ( 2.003086131649544323E-15, -1.000000000000000000, 0.000000000000000000 ) ) ;
#6702 = VECTOR ( 'NONE', #9237, 1000.000000000000000 ) ;
#6703 = AXIS2_PLACEMENT_3D ( 'NONE', #1518, #5956, #8879 ) ;
#6704 = DIRECTION ( 'NONE',  ( 0.8660254037844387076, -0.4999999999999998890, 0.000000000000000000 ) ) ;
#6705 = CARTESIAN_POINT ( 'NONE',  ( 124.5723247599938617, 108.0821718871835060, 181.0372646885331847 ) ) ;
#6706 = SURFACE_STYLE_USAGE ( .BOTH. , #6799 ) ;
#6707 = ORIENTED_EDGE ( 'NONE', *, *, #4906, .T. ) ;
#6708 = LINE ( 'NONE', #4350, #5307 ) ;
#6709 = ORIENTED_EDGE ( 'NONE', *, *, #7839, .T. ) ;
#6710 = CARTESIAN_POINT ( 'NONE',  ( 121.5594733917879893, 53.33084388076910187, 134.3001160632319966 ) ) ;
#6711 = FACE_OUTER_BOUND ( 'NONE', #1383, .T. ) ;
#6712 = ORIENTED_EDGE ( 'NONE', *, *, #6335, .F. ) ;
#6713 = VECTOR ( 'NONE', #9304, 1000.000000000000000 ) ;
#6714 = ADVANCED_FACE ( 'NONE', ( #4268 ), #6343, .F. ) ;
#6715 = ORIENTED_EDGE ( 'NONE', *, *, #5144, .T. ) ;
#6716 = EDGE_CURVE ( 'NONE', #4515, #8324, #1590, .T. ) ;
#6717 = CARTESIAN_POINT ( 'NONE',  ( 121.5594733917879893, 53.33084388076910187, 134.3001160632319966 ) ) ;
#6718 = LINE ( 'NONE', #244, #7661 ) ;
#6719 = ORIENTED_EDGE ( 'NONE', *, *, #5345, .T. ) ;
#6720 = PLANE ( 'NONE',  #8169 ) ;
#6721 = AXIS2_PLACEMENT_3D ( 'NONE', #7890, #2607, #8598 ) ;
#6722 = CARTESIAN_POINT ( 'NONE',  ( 0.1999999999999971245, -6.581793068761736087, 0.5999999999999999778 ) ) ;
#6723 = ORIENTED_EDGE ( 'NONE', *, *, #2946, .T. ) ;
#6724 = CARTESIAN_POINT ( 'NONE',  ( 124.9594733917879950, 47.85900246190729490, 175.1500716728239979 ) ) ;
#6725 = CARTESIAN_POINT ( 'NONE',  ( 124.9594733917879950, 70.15879653723750664, 134.0501160567390002 ) ) ;
#6726 = ORIENTED_EDGE ( 'NONE', *, *, #799, .T. ) ;
#6727 = CARTESIAN_POINT ( 'NONE',  ( 103.4479001739019992, 48.45879653723839908, 151.9504045976680118 ) ) ;
#6728 = ORIENTED_EDGE ( 'NONE', *, *, #3524, .T. ) ;
#6729 = EDGE_CURVE ( 'NONE', #7118, #6571, #1365, .T. ) ;
#6730 = ORIENTED_EDGE ( 'NONE', *, *, #5576, .T. ) ;
#6731 = CARTESIAN_POINT ( 'NONE',  ( -0.2000000000000027867, -7.274613391789286787, 0.000000000000000000 ) ) ;
#6732 = CARTESIAN_POINT ( 'NONE',  ( -6.400000000000002132, 3.695041722813606100, 0.000000000000000000 ) ) ;
#6733 = ORIENTED_EDGE ( 'NONE', *, *, #4926, .T. ) ;
#6734 = AXIS2_PLACEMENT_3D ( 'NONE', #8485, #1178, #549 ) ;
#6735 = LINE ( 'NONE', #5915, #1556 ) ;
#6736 = CARTESIAN_POINT ( 'NONE',  ( 103.6479001739019878, 50.85900246190769991, 175.1500717173229873 ) ) ;
#6737 = B_SPLINE_CURVE_WITH_KNOTS ( 'NONE', 2,
 ( #3861, #7372, #8950 ),
 .UNSPECIFIED., .F., .F.,
 ( 3, 3 ),
 ( 0.000000000000000000, 0.08341636946675159980 ),
 .UNSPECIFIED. ) ;
#6738 = ORIENTED_EDGE ( 'NONE', *, *, #5212, .T. ) ;
#6739 = ADVANCED_FACE ( 'NONE', ( #1225 ), #1283, .F. ) ;
#6740 = ORIENTED_EDGE ( 'NONE', *, *, #8607, .T. ) ;
#6741 = AXIS2_PLACEMENT_3D ( 'NONE', #2561, #3383, #5499 ) ;
#6742 = PLANE ( 'NONE',  #6418 ) ;
#6743 = FACE_OUTER_BOUND ( 'NONE', #1944, .T. ) ;
#6744 = CARTESIAN_POINT ( 'NONE',  ( 121.5594733917879893, 50.85900246190740148, 137.7001160632310075 ) ) ;
#6745 = LINE ( 'NONE', #4585, #5267 ) ;
#6746 = ORIENTED_EDGE ( 'NONE', *, *, #254, .F. ) ;
#6747 = DIRECTION ( 'NONE',  ( 0.000000000000000000, 0.000000000000000000, 1.000000000000000000 ) ) ;
#6748 = ADVANCED_FACE ( 'NONE', ( #4136 ), #7834, .F. ) ;
#6749 = DIRECTION ( 'NONE',  ( -1.000000000000000000, 2.927144186835264590E-16, 2.927144186835264590E-16 ) ) ;
#6750 = CARTESIAN_POINT ( 'NONE',  ( 124.9594733917879950, 50.85900246190750096, 136.0001160632320136 ) ) ;
#6751 = AXIS2_PLACEMENT_3D ( 'NONE', #135, #7518, #3720 ) ;
#6752 = CARTESIAN_POINT ( 'NONE',  ( 124.9594733917877960, 78.78558278779901514, 165.7529227200166702 ) ) ;
#6753 = LINE ( 'NONE', #89, #2120 ) ;
#6754 =( LENGTH_UNIT ( ) NAMED_UNIT ( * ) SI_UNIT ( .MILLI., .METRE. ) );
#6755 = EDGE_LOOP ( 'NONE', ( #9046, #6840, #7494, #5230 ) ) ;
#6756 = DIRECTION ( 'NONE',  ( -0.8660254037844385966, -0.5000000000000001110, 0.000000000000000000 ) ) ;
#6757 = ADVANCED_FACE ( 'NONE', ( #4178 ), #2633, .F. ) ;
#6758 = LINE ( 'NONE', #3101, #1932 ) ;
#6759 = ORIENTED_EDGE ( 'NONE', *, *, #1322, .F. ) ;
#6760 = ORIENTED_EDGE ( 'NONE', *, *, #8019, .F. ) ;
#6761 = DIRECTION ( 'NONE',  ( 1.000000000000000000, -2.818307069383400157E-16, -1.101446463910526145E-30 ) ) ;
#6762 = DIRECTION ( 'NONE',  ( 1.136463268210226594E-15, -0.4999999999999970024, -0.8660254037844403729 ) ) ;
#6763 = ORIENTED_EDGE ( 'NONE', *, *, #520, .F. ) ;
#6764 = CARTESIAN_POINT ( 'NONE',  ( 104.6479001739019878, 47.95879991855730395, 180.8501160567390116 ) ) ;
#6765 = DIRECTION ( 'NONE',  ( -6.503944880413206764E-16, -0.8660254037844403729, 0.4999999999999970579 ) ) ;
#6766 = ORIENTED_EDGE ( 'NONE', *, *, #7626, .F. ) ;
#6767 = SURFACE_STYLE_USAGE ( .BOTH. , #8432 ) ;
#6768 = EDGE_CURVE ( 'NONE', #415, #973, #3409, .T. ) ;
#6769 = CARTESIAN_POINT ( 'NONE',  ( 124.3594733917878017, 78.78558278779901514, 165.7529227200166702 ) ) ;
#6770 = EDGE_CURVE ( 'NONE', #4336, #154, #9258, .T. ) ;
#6771 = EDGE_LOOP ( 'NONE', ( #7864, #432, #2843, #8534 ) ) ;
#6772 = CARTESIAN_POINT ( 'NONE',  ( 124.3594733917878017, 91.18558278779906345, 153.0512167978449440 ) ) ;
#6773 = ORIENTED_EDGE ( 'NONE', *, *, #1606, .T. ) ;
#6774 = ORIENTED_EDGE ( 'NONE', *, *, #3171, .F. ) ;
#6775 = DIRECTION ( 'NONE',  ( 0.7071067811865929809, 0.7071067811865020536, 2.093456611578229956E-15 ) ) ;
#6776 = LINE ( 'NONE', #4568, #6464 ) ;
#6777 = CARTESIAN_POINT ( 'NONE',  ( 124.9594733917879950, 47.85900246190749385, 136.0001160632320136 ) ) ;
#6778 = ORIENTED_EDGE ( 'NONE', *, *, #2572, .F. ) ;
#6779 = LINE ( 'NONE', #7452, #9378 ) ;
#6780 = DIRECTION ( 'NONE',  ( 1.160089566501486105E-30, 2.786442101020000296E-15, -1.000000000000000000 ) ) ;
#6781 = EDGE_CURVE ( 'NONE', #3278, #6628, #599, .T. ) ;
#6782 = ORIENTED_EDGE ( 'NONE', *, *, #7295, .T. ) ;
#6783 = VECTOR ( 'NONE', #6978, 1000.000000000000114 ) ;
#6784 = VECTOR ( 'NONE', #9308, 1000.000000000000000 ) ;
#6785 = ORIENTED_EDGE ( 'NONE', *, *, #7626, .T. ) ;
#6786 = DIRECTION ( 'NONE',  ( 0.000000000000000000, -1.000000000000000000, -2.960594732333740256E-15 ) ) ;
#6787 = CARTESIAN_POINT ( 'NONE',  ( 120.4199540685230119, 94.95626731504272300, 180.4501160567387785 ) ) ;
#6788 = CARTESIAN_POINT ( 'NONE',  ( 11.99999999999999645, -14.31828667590272453, 0.000000000000000000 ) ) ;
#6789 = DIRECTION ( 'NONE',  ( 0.000000000000000000, 0.1260166810503352552, -0.9920281226341609582 ) ) ;
#6790 = EDGE_CURVE ( 'NONE', #358, #7077, #1996, .T. ) ;
#6791 = VERTEX_POINT ( 'NONE', #5753 ) ;
#6792 = CARTESIAN_POINT ( 'NONE',  ( 121.7594733917879921, 53.33084388076889581, 176.8500716728239865 ) ) ;
#6793 = CARTESIAN_POINT ( 'NONE',  ( 121.7594733917879921, 49.15900246190719969, 173.4500716728240093 ) ) ;
#6794 = CIRCLE ( 'NONE', #2647, 3.000000000000002665 ) ;
#6795 = AXIS2_PLACEMENT_3D ( 'NONE', #6328, #1166, #5692 ) ;
#6796 = DIRECTION ( 'NONE',  ( -0.000000000000000000, -1.000000000000000000, 0.000000000000000000 ) ) ;
#6797 = CARTESIAN_POINT ( 'NONE',  ( 8.800000000000014921, -15.24204710660611717, -0.000000000000000000 ) ) ;
#6798 = CYLINDRICAL_SURFACE ( 'NONE', #1044, 0.1999999999999999556 ) ;
#6799 = SURFACE_SIDE_STYLE ('',( #3911 ) ) ;
#6800 = ORIENTED_EDGE ( 'NONE', *, *, #6078, .F. ) ;
#6801 = DIRECTION ( 'NONE',  ( -0.7071067811865929809, -0.7071067811865020536, -2.093456611578229956E-15 ) ) ;
#6802 = CARTESIAN_POINT ( 'NONE',  ( 124.9594733917878102, 105.5855827877990691, 150.2799355057347839 ) ) ;
#6803 = ORIENTED_EDGE ( 'NONE', *, *, #3899, .T. ) ;
#6804 = AXIS2_PLACEMENT_3D ( 'NONE', #4420, #5085, #7292 ) ;
#6805 = ORIENTED_EDGE ( 'NONE', *, *, #5168, .T. ) ;
#6806 = DIRECTION ( 'NONE',  ( 3.155443620884050024E-30, -1.000000000000000000, -3.908184725064409972E-15 ) ) ;
#6807 = EDGE_CURVE ( 'NONE', #1859, #4844, #9354, .T. ) ;
#6808 = AXIS2_PLACEMENT_3D ( 'NONE', #7910, #4890, #9345 ) ;
#6809 = CARTESIAN_POINT ( 'NONE',  ( 124.3594733917878159, 102.9855827877990890, 145.0837830830281519 ) ) ;
#6810 = EDGE_LOOP ( 'NONE', ( #2738, #4809, #9202, #3507 ) ) ;
#6811 = PLANE ( 'NONE',  #3103 ) ;
#6812 = FACE_OUTER_BOUND ( 'NONE', #2527, .T. ) ;
#6813 = ORIENTED_EDGE ( 'NONE', *, *, #3415, .F. ) ;
#6814 = PLANE ( 'NONE',  #7257 ) ;
#6815 = CARTESIAN_POINT ( 'NONE',  ( 122.8594731736500023, 48.75921057938079883, 156.0884094836909810 ) ) ;
#6816 = ORIENTED_EDGE ( 'NONE', *, *, #3324, .T. ) ;
#6817 = LINE ( 'NONE', #201, #4862 ) ;
#6818 = VECTOR ( 'NONE', #680, 1000.000000000000000 ) ;
#6819 = ORIENTED_EDGE ( 'NONE', *, *, #5882, .T. ) ;
#6820 = EDGE_LOOP ( 'NONE', ( #5721, #5858, #8211, #6482 ) ) ;
#6821 = EDGE_CURVE ( 'NONE', #4966, #7588, #8489, .T. ) ;
#6822 = EDGE_CURVE ( 'NONE', #1668, #7387, #4902, .T. ) ;
#6823 = PLANE ( 'NONE',  #8986 ) ;
#6824 = ORIENTED_EDGE ( 'NONE', *, *, #3375, .F. ) ;
#6825 = LINE ( 'NONE', #8399, #2169 ) ;
#6826 = VECTOR ( 'NONE', #5504, 999.9999999999998863 ) ;
#6827 = DIRECTION ( 'NONE',  ( -1.000000000000000000, 0.000000000000000000, 0.000000000000000000 ) ) ;
#6828 = ORIENTED_EDGE ( 'NONE', *, *, #7144, .F. ) ;
#6829 = DIRECTION ( 'NONE',  ( 0.000000000000000000, 1.000000000000000000, 0.000000000000000000 ) ) ;
#6830 = DIRECTION ( 'NONE',  ( -1.000000000000000000, 0.000000000000000000, 0.000000000000000000 ) ) ;
#6831 = VECTOR ( 'NONE', #174, 1000.000000000000000 ) ;
#6832 = ORIENTED_EDGE ( 'NONE', *, *, #6657, .T. ) ;
#6833 = EDGE_LOOP ( 'NONE', ( #2427, #8184, #2442, #8786 ) ) ;
#6834 = EDGE_CURVE ( 'NONE', #7061, #8243, #6069, .T. ) ;
#6835 = EDGE_CURVE ( 'NONE', #3099, #4422, #9310, .T. ) ;
#6836 = CIRCLE ( 'NONE', #3602, 1.200000000000012834 ) ;
#6837 = CARTESIAN_POINT ( 'NONE',  ( 23.80000000000000782, -20.43819952931276873, 0.000000000000000000 ) ) ;
#6838 = CARTESIAN_POINT ( 'NONE',  ( 2.602085213965210642E-15, 0.4618802153516987086, 0.000000000000000000 ) ) ;
#6839 = CARTESIAN_POINT ( 'NONE',  ( 12.20000000000000462, -0.3464101615137767931, 0.5999999999999999778 ) ) ;
#6840 = ORIENTED_EDGE ( 'NONE', *, *, #9281, .T. ) ;
#6841 = CARTESIAN_POINT ( 'NONE',  ( 124.3594733917878159, 102.9855827877991032, 145.7766034060557558 ) ) ;
#6842 = CARTESIAN_POINT ( 'NONE',  ( 6.200000000000001954, 3.810511776651529292, 0.000000000000000000 ) ) ;
#6843 = AXIS2_PLACEMENT_3D ( 'NONE', #6426, #1985, #6467 ) ;
#6844 = AXIS2_PLACEMENT_3D ( 'NONE', #7171, #4197, #2752 ) ;
#6845 = EDGE_CURVE ( 'NONE', #835, #1979, #1271, .T. ) ;
#6846 = PLANE ( 'NONE',  #7506 ) ;
#6847 = CARTESIAN_POINT ( 'NONE',  ( 121.9594733917879950, 50.85900246190729490, 175.1500716728239979 ) ) ;
#6848 = PRESENTATION_STYLE_ASSIGNMENT (( #6706 ) ) ;
#6849 = VECTOR ( 'NONE', #1572, 1000.000000000000000 ) ;
#6850 = CIRCLE ( 'NONE', #1609, 1.200000000000020828 ) ;
#6851 = ORIENTED_EDGE ( 'NONE', *, *, #6869, .F. ) ;
#6852 = DIRECTION ( 'NONE',  ( -6.590088167172847646E-16, 0.8660254037844365982, 0.5000000000000034417 ) ) ;
#6853 = DIRECTION ( 'NONE',  ( 2.003086131649544323E-15, -1.000000000000000000, 0.000000000000000000 ) ) ;
#6854 = ORIENTED_EDGE ( 'NONE', *, *, #8151, .F. ) ;
#6855 = ORIENTED_EDGE ( 'NONE', *, *, #6111, .F. ) ;
#6856 = VECTOR ( 'NONE', #8635, 1000.000000000000000 ) ;
#6857 = ADVANCED_FACE ( 'NONE', ( #6580 ), #2873, .T. ) ;
#6858 = DIRECTION ( 'NONE',  ( 0.8660254037844382635, 0.5000000000000006661, 0.000000000000000000 ) ) ;
#6859 = CARTESIAN_POINT ( 'NONE',  ( 5.800000000000002487, -3.117691453623978148, 0.5999999999999999778 ) ) ;
#6860 = ORIENTED_EDGE ( 'NONE', *, *, #2051, .T. ) ;
#6861 = CARTESIAN_POINT ( 'NONE',  ( 121.6865956534820015, 44.18591879893109819, 169.0681856264610019 ) ) ;
#6862 = CARTESIAN_POINT ( 'NONE',  ( 6.200000000000004619, 10.73871500692704117, 0.5999999999999999778 ) ) ;
#6863 = VERTEX_POINT ( 'NONE', #5851 ) ;
#6864 = DIRECTION ( 'NONE',  ( 0.7071067811865475727, -0.7071067811865475727, -1.151470460076271085E-15 ) ) ;
#6865 = AXIS2_PLACEMENT_3D ( 'NONE', #8334, #5506, #238 ) ;
#6866 = DIRECTION ( 'NONE',  ( 0.000000000000000000, -2.960594732333740256E-15, 1.000000000000000000 ) ) ;
#6867 = ORIENTED_EDGE ( 'NONE', *, *, #8832, .T. ) ;
#6868 = DIRECTION ( 'NONE',  ( -6.503944880413200848E-16, -0.8660254037844405950, 0.4999999999999966138 ) ) ;
#6869 = EDGE_CURVE ( 'NONE', #6509, #5525, #3737, .T. ) ;
#6870 = VERTEX_POINT ( 'NONE', #645 ) ;
#6871 = EDGE_CURVE ( 'NONE', #3126, #999, #4418, .T. ) ;
#6872 = PLANE ( 'NONE',  #6988 ) ;
#6873 = VECTOR ( 'NONE', #1054, 1000.000000000000000 ) ;
#6874 = FACE_OUTER_BOUND ( 'NONE', #7314, .T. ) ;
#6875 = FACE_OUTER_BOUND ( 'NONE', #8028, .T. ) ;
#6876 = DIRECTION ( 'NONE',  ( -1.136463268210226594E-15, 0.4999999999999976130, 0.8660254037844400399 ) ) ;
#6877 = EDGE_LOOP ( 'NONE', ( #269, #2189, #2301, #5952 ) ) ;
#6878 = LINE ( 'NONE', #265, #1403 ) ;
#6879 = CARTESIAN_POINT ( 'NONE',  ( 115.7199540685230090, 54.95626731504274431, 181.0501160567390002 ) ) ;
#6880 = EDGE_CURVE ( 'NONE', #3930, #1259, #8011, .T. ) ;
#6881 = VERTEX_POINT ( 'NONE', #693 ) ;
#6882 = ORIENTED_EDGE ( 'NONE', *, *, #7979, .T. ) ;
#6883 = CIRCLE ( 'NONE', #7652, 3.000000000000002665 ) ;
#6884 = DIRECTION ( 'NONE',  ( -0.8660254037844393737, -0.4999999999999986677, 0.000000000000000000 ) ) ;
#6885 = LINE ( 'NONE', #4672, #5622 ) ;
#6886 = ORIENTED_EDGE ( 'NONE', *, *, #7012, .T. ) ;
#6887 = CARTESIAN_POINT ( 'NONE',  ( 104.2479001739019964, 75.32811622566789822, 130.6501160567390230 ) ) ;
#6888 = FACE_OUTER_BOUND ( 'NONE', #6971, .T. ) ;
#6889 = VERTEX_POINT ( 'NONE', #842 ) ;
#6890 = LINE ( 'NONE', #5445, #200 ) ;
#6891 = EDGE_CURVE ( 'NONE', #239, #5877, #5190, .T. ) ;
#6892 = DIRECTION ( 'NONE',  ( 0.8660254037844387076, -0.4999999999999999445, 0.000000000000000000 ) ) ;
#6893 = EDGE_CURVE ( 'NONE', #7448, #3829, #9494, .T. ) ;
#6894 = LINE ( 'NONE', #230, #731 ) ;
#6895 = FACE_OUTER_BOUND ( 'NONE', #3359, .T. ) ;
#6896 = CARTESIAN_POINT ( 'NONE',  ( 121.1590591315069929, 47.05879653723739864, 166.4397406258709964 ) ) ;
#6897 = AXIS2_PLACEMENT_3D ( 'NONE', #2905, #7327, #629 ) ;
#6898 = EDGE_LOOP ( 'NONE', ( #1423, #2456 ) ) ;
#6899 = CARTESIAN_POINT ( 'NONE',  ( 124.9594733917878244, 72.38558278779906630, 145.4301932445418117 ) ) ;
#6900 = FACE_BOUND ( 'NONE', #301, .T. ) ;
#6901 = ADVANCED_FACE ( 'NONE', ( #1601 ), #791, .T. ) ;
#6902 = AXIS2_PLACEMENT_3D ( 'NONE', #3095, #9527, #6704 ) ;
#6903 = VERTEX_POINT ( 'NONE', #7344 ) ;
#6904 = LINE ( 'NONE', #2474, #7647 ) ;
#6905 = CARTESIAN_POINT ( 'NONE',  ( 124.9594733917878244, 84.38558278779908051, 145.4301932445418686 ) ) ;
#6906 = EDGE_LOOP ( 'NONE', ( #2768, #1881, #4286, #5955 ) ) ;
#6907 = CARTESIAN_POINT ( 'NONE',  ( 6.400000000000002132, -3.233161507461904005, 0.5999999999999999778 ) ) ;
#6908 = CARTESIAN_POINT ( 'NONE',  ( 103.8479001739019907, 52.85921004631169495, 166.8113890708320071 ) ) ;
#6909 = VERTEX_POINT ( 'NONE', #2145 ) ;
#6910 = PLANE ( 'NONE',  #641 ) ;
#6911 = LINE ( 'NONE', #9112, #1300 ) ;
#6912 = EDGE_LOOP ( 'NONE', ( #1371, #9297, #2932, #3595 ) ) ;
#6913 = EDGE_CURVE ( 'NONE', #9088, #1017, #8114, .T. ) ;
#6914 = CARTESIAN_POINT ( 'NONE',  ( 124.0592155665779899, 48.16913161272366750, 181.0501160567390002 ) ) ;
#6915 = EDGE_LOOP ( 'NONE', ( #5279, #7504, #4957, #929, #925 ) ) ;
#6916 = VECTOR ( 'NONE', #2943, 999.9999999999998863 ) ;
#6917 = CARTESIAN_POINT ( 'NONE',  ( 124.3594733917878159, 96.98558278779907482, 148.5478846981658876 ) ) ;
#6918 = ORIENTED_EDGE ( 'NONE', *, *, #7823, .F. ) ;
#6919 = LINE ( 'NONE', #5340, #9525 ) ;
#6920 = DIRECTION ( 'NONE',  ( -0.8660254037844382635, -0.5000000000000006661, 0.000000000000000000 ) ) ;
#6921 = ORIENTED_EDGE ( 'NONE', *, *, #7825, .F. ) ;
#6922 = CYLINDRICAL_SURFACE ( 'NONE', #637, 5.149999999999072209 ) ;
#6923 = CARTESIAN_POINT ( 'NONE',  ( 98.60370053296711035, 110.1587965372630009, 179.0501160567390002 ) ) ;
#6924 = ADVANCED_FACE ( 'NONE', ( #6525 ), #3065, .T. ) ;
#6925 = ORIENTED_EDGE ( 'NONE', *, *, #9229, .T. ) ;
#6926 = ORIENTED_EDGE ( 'NONE', *, *, #2098, .F. ) ;
#6927 = ADVANCED_FACE ( 'NONE', ( #3688 ), #8655, .F. ) ;
#6928 = DIRECTION ( 'NONE',  ( -1.000000000000000000, 2.927144186835264590E-16, 2.927144186835264590E-16 ) ) ;
#6929 = DIRECTION ( 'NONE',  ( -1.309403304758604751E-15, -5.671848057300650126E-15, 1.000000000000000000 ) ) ;
#6930 = ORIENTED_EDGE ( 'NONE', *, *, #7430, .F. ) ;
#6931 = DIRECTION ( 'NONE',  ( -1.000000000000000000, 0.000000000000000000, 0.000000000000000000 ) ) ;
#6932 = CARTESIAN_POINT ( 'NONE',  ( 124.3594733917878017, 91.58558278779905493, 152.3583964748173969 ) ) ;
#6933 = ORIENTED_EDGE ( 'NONE', *, *, #3874, .T. ) ;
#6934 = LINE ( 'NONE', #8456, #5923 ) ;
#6935 = LINE ( 'NONE', #3288, #2725 ) ;
#6936 = AXIS2_PLACEMENT_3D ( 'NONE', #3541, #4267, #9257 ) ;
#6937 = DIRECTION ( 'NONE',  ( 0.000000000000000000, -1.000000000000000000, 0.000000000000000000 ) ) ;
#6938 = ADVANCED_FACE ( 'NONE', ( #8775 ), #56, .F. ) ;
#6939 = ADVANCED_FACE ( 'NONE', ( #2191 ), #6627, .F. ) ;
#6940 = CARTESIAN_POINT ( 'NONE',  ( 124.3594733917878159, 85.58558278779909756, 141.9660916294041044 ) ) ;
#6941 = DIRECTION ( 'NONE',  ( 0.000000000000000000, -1.000000000000000000, 0.000000000000000000 ) ) ;
#6942 = ORIENTED_EDGE ( 'NONE', *, *, #1061, .T. ) ;
#6943 = DIRECTION ( 'NONE',  ( -1.000000000000000000, 1.850371707708592551E-14, 0.000000000000000000 ) ) ;
#6944 = DIRECTION ( 'NONE',  ( 0.000000000000000000, -1.000000000000000000, -2.440668952956890160E-15 ) ) ;
#6945 = VECTOR ( 'NONE', #3545, 1000.000000000000000 ) ;
#6946 = AXIS2_PLACEMENT_3D ( 'NONE', #2383, #5325, #3160 ) ;
#6947 = EDGE_LOOP ( 'NONE', ( #6288, #5691, #2641, #4792 ) ) ;
#6948 = DIRECTION ( 'NONE',  ( -1.131489783230271034E-15, -0.5000000000000035527, 0.8660254037844365982 ) ) ;
#6949 = EDGE_CURVE ( 'NONE', #333, #1673, #2337, .T. ) ;
#6950 = DIRECTION ( 'NONE',  ( 1.000000000000000000, 0.000000000000000000, 0.000000000000000000 ) ) ;
#6951 = ORIENTED_EDGE ( 'NONE', *, *, #5520, .F. ) ;
#6952 = DIRECTION ( 'NONE',  ( 0.8660254037844387076, -0.4999999999999999445, 0.000000000000000000 ) ) ;
#6953 = VECTOR ( 'NONE', #3976, 1000.000000000000000 ) ;
#6954 = DIRECTION ( 'NONE',  ( 1.000000000000000000, 3.601833200743570295E-31, 4.575385065187329742E-32 ) ) ;
#6955 = VERTEX_POINT ( 'NONE', #2970 ) ;
#6956 = VECTOR ( 'NONE', #515, 1000.000000000000000 ) ;
#6957 = DIRECTION ( 'NONE',  ( -1.309403304758604751E-15, -4.169533458563488136E-15, 1.000000000000000000 ) ) ;
#6958 = DIRECTION ( 'NONE',  ( -6.503944880413201834E-16, -0.8660254037844405950, 0.4999999999999967248 ) ) ;
#6959 = ORIENTED_EDGE ( 'NONE', *, *, #2702, .F. ) ;
#6960 = CARTESIAN_POINT ( 'NONE',  ( 17.60000000000000142, -3.233161507461904893, -0.000000000000000000 ) ) ;
#6961 = EDGE_LOOP ( 'NONE', ( #8206, #5515, #9083, #7790 ) ) ;
#6962 = CARTESIAN_POINT ( 'NONE',  ( 124.9594733917878102, 102.5855827877990691, 152.0119863133036802 ) ) ;
#6963 = ADVANCED_FACE ( 'NONE', ( #5900 ), #5275, .T. ) ;
#6964 = FACE_OUTER_BOUND ( 'NONE', #4595, .T. ) ;
#6965 = EDGE_LOOP ( 'NONE', ( #469, #8769, #4766, #8697 ) ) ;
#6966 = DIRECTION ( 'NONE',  ( 1.000000000000000000, -1.833025172904760085E-30, 1.332169591021890008E-15 ) ) ;
#6967 = CARTESIAN_POINT ( 'NONE',  ( 124.3594733917878017, 91.18558278779903503, 159.0556595974170477 ) ) ;
#6968 = ORIENTED_EDGE ( 'NONE', *, *, #13, .F. ) ;
#6969 = CARTESIAN_POINT ( 'NONE',  ( 121.9594733917879950, 48.38716104304580057, 134.3001160632310018 ) ) ;
#6970 = DIRECTION ( 'NONE',  ( 4.188672397377849962E-16, 0.7071067811865441310, 0.7071067811865510144 ) ) ;
#6971 = EDGE_LOOP ( 'NONE', ( #205, #5282, #937, #2376 ) ) ;
#6972 = ORIENTED_EDGE ( 'NONE', *, *, #1521, .T. ) ;
#6974 = EDGE_CURVE ( 'NONE', #4143, #2592, #5083, .T. ) ;
#6973 = AXIS2_PLACEMENT_3D ( 'NONE', #9283, #1975, #4967 ) ;
#6975 = DIRECTION ( 'NONE',  ( 0.000000000000000000, 0.000000000000000000, 1.000000000000000000 ) ) ;
#6976 = DIRECTION ( 'NONE',  ( -0.8660254037844387076, -0.4999999999999999445, 0.000000000000000000 ) ) ;
#6977 = ORIENTED_EDGE ( 'NONE', *, *, #8733, .T. ) ;
#6978 = DIRECTION ( 'NONE',  ( 0.8660254037844383745, 0.5000000000000003331, 0.000000000000000000 ) ) ;
#6979 = DIRECTION ( 'NONE',  ( -1.000000000000000000, -1.270429940335162177E-14, 0.000000000000000000 ) ) ;
#6980 = ORIENTED_EDGE ( 'NONE', *, *, #3910, .T. ) ;
#6981 = DIRECTION ( 'NONE',  ( 1.332169591021890008E-15, 3.908184725064409972E-15, -1.000000000000000000 ) ) ;
#6982 = LINE ( 'NONE', #9228, #3347 ) ;
#6983 = ADVANCED_FACE ( 'NONE', ( #9020 ), #6045, .T. ) ;
#6984 = VECTOR ( 'NONE', #5388, 1000.000000000000000 ) ;
#6985 = EDGE_CURVE ( 'NONE', #1525, #5843, #297, .T. ) ;
#6986 = DIRECTION ( 'NONE',  ( 0.8660254037844387076, -0.4999999999999999445, 0.000000000000000000 ) ) ;
#6987 = LINE ( 'NONE', #3908, #4296 ) ;
#6988 = AXIS2_PLACEMENT_3D ( 'NONE', #3220, #6153, #2486 ) ;
#6989 = DIRECTION ( 'NONE',  ( 4.087556092131263946E-16, 1.000000000000000000, 0.000000000000000000 ) ) ;
#6990 = VERTEX_POINT ( 'NONE', #8256 ) ;
#6991 = CARTESIAN_POINT ( 'NONE',  ( 29.60000000000002629, -24.01777119828843965, 0.5999999999999999778 ) ) ;
#6992 = AXIS2_PLACEMENT_3D ( 'NONE', #4724, #1915, #468 ) ;
#6993 = CARTESIAN_POINT ( 'NONE',  ( 109.9594733917879950, 62.05879653723739864, 130.0501160567388865 ) ) ;
#6994 = VECTOR ( 'NONE', #476, 1000.000000000000227 ) ;
#6995 = EDGE_CURVE ( 'NONE', #3251, #6049, #1653, .T. ) ;
#6996 = ORIENTED_EDGE ( 'NONE', *, *, #9280, .F. ) ;
#6997 = PLANE ( 'NONE',  #5347 ) ;
#6998 = VECTOR ( 'NONE', #5053, 1000.000000000000000 ) ;
#6999 = CARTESIAN_POINT ( 'NONE',  ( 124.3594733917878159, 102.5855827877990833, 145.7766034060556990 ) ) ;
#7000 = AXIS2_PLACEMENT_3D ( 'NONE', #8279, #1578, #6071 ) ;
#7001 = EDGE_LOOP ( 'NONE', ( #8877, #4477, #665, #702 ) ) ;
#7002 = LINE ( 'NONE', #392, #6488 ) ;
#7003 = CARTESIAN_POINT ( 'NONE',  ( 117.4594733917879950, 104.3679753938910011, 130.0501160567390002 ) ) ;
#7004 = ORIENTED_EDGE ( 'NONE', *, *, #988, .F. ) ;
#7005 = DIRECTION ( 'NONE',  ( -6.503944880413206764E-16, -0.8660254037844403729, 0.4999999999999970579 ) ) ;
#7006 = CARTESIAN_POINT ( 'NONE',  ( -6.400000000000002132, 3.695041722813606100, 0.5999999999999999778 ) ) ;
#7007 = VERTEX_POINT ( 'NONE', #5326 ) ;
#7008 = DIRECTION ( 'NONE',  ( -1.309403304758604751E-15, -3.668761925651101858E-15, 1.000000000000000000 ) ) ;
#7009 = EDGE_CURVE ( 'NONE', #3972, #1217, #7532, .T. ) ;
#7010 = VECTOR ( 'NONE', #1799, 1000.000000000000000 ) ;
#7011 = STYLED_ITEM ( 'NONE', ( #6848 ), #1634 ) ;
#7012 = EDGE_CURVE ( 'NONE', #6327, #1942, #4606, .T. ) ;
#7013 = ORIENTED_EDGE ( 'NONE', *, *, #5574, .T. ) ;
#7014 = DIRECTION ( 'NONE',  ( -2.971395491076310577E-31, -2.960594732333740256E-15, 1.000000000000000000 ) ) ;
#7015 = FILL_AREA_STYLE_COLOUR ( '', #5799 ) ;
#7016 = ORIENTED_EDGE ( 'NONE', *, *, #2001, .F. ) ;
#7017 = AXIS2_PLACEMENT_3D ( 'NONE', #6572, #593, #9490 ) ;
#7018 = VECTOR ( 'NONE', #8912, 1000.000000000000000 ) ;
#7019 = CARTESIAN_POINT ( 'NONE',  ( 114.6036866391579991, 81.40879653725031062, 167.0501160567430077 ) ) ;
#7020 = CARTESIAN_POINT ( 'NONE',  ( 103.4479001739019992, 52.85920965118960169, 142.2994943533559820 ) ) ;
#7021 = EDGE_LOOP ( 'NONE', ( #1417, #3650, #2877, #4389 ) ) ;
#7022 = CYLINDRICAL_SURFACE ( 'NONE', #7249, 1.700000000000000178 ) ;
#7023 = CARTESIAN_POINT ( 'NONE',  ( 0.3999999999999999667, -0.2309401076758503812, 0.000000000000000000 ) ) ;
#7024 = EDGE_LOOP ( 'NONE', ( #188, #7634, #4648, #955 ) ) ;
#7025 = ORIENTED_EDGE ( 'NONE', *, *, #8105, .T. ) ;
#7026 = CARTESIAN_POINT ( 'NONE',  ( 17.80000000000000426, -10.04589468389949580, 0.5999999999999999778 ) ) ;
#7027 = CARTESIAN_POINT ( 'NONE',  ( 124.3594733917878017, 102.3855827877990663, 151.6655761517898782 ) ) ;
#7028 = EDGE_LOOP ( 'NONE', ( #2546, #5242, #9364, #6152 ) ) ;
#7029 = FACE_BOUND ( 'NONE', #6877, .T. ) ;
#7030 = VECTOR ( 'NONE', #7625, 1000.000000000000000 ) ;
#7031 = CARTESIAN_POINT ( 'NONE',  ( 124.9594733917878244, 102.7855827877991146, 138.9638702296181236 ) ) ;
#7032 = VECTOR ( 'NONE', #178, 1000.000000000000000 ) ;
#7033 = VERTEX_POINT ( 'NONE', #6908 ) ;
#7034 = CARTESIAN_POINT ( 'NONE',  ( 6.000000000000000888, -9.930424630061565949, 0.5999999999999999778 ) ) ;
#7035 = LINE ( 'NONE', #1869, #2569 ) ;
#7036 = ADVANCED_FACE ( 'NONE', ( #6812 ), #8340, .T. ) ;
#7037 = DIRECTION ( 'NONE',  ( 6.503944880413190987E-16, 0.8660254037844409281, -0.4999999999999958922 ) ) ;
#7038 = CARTESIAN_POINT ( 'NONE',  ( -0.2000000000000201617, -0.3464101615138111545, 0.5999999999999999778 ) ) ;
#7039 = DIRECTION ( 'NONE',  ( -6.938893903907880112E-18, -2.413561285175750205E-15, 1.000000000000000000 ) ) ;
#7040 = EDGE_CURVE ( 'NONE', #9176, #452, #1068, .T. ) ;
#7041 = EDGE_LOOP ( 'NONE', ( #780, #8359, #8919, #6001 ) ) ;
#7042 = CARTESIAN_POINT ( 'NONE',  ( 104.6479001739019878, 47.05879653723739864, 180.6501160567389945 ) ) ;
#7043 = CARTESIAN_POINT ( 'NONE',  ( 118.0699540685230176, 54.95626731504270168, 176.0501160567390002 ) ) ;
#7044 = EDGE_CURVE ( 'NONE', #8274, #4143, #2535, .T. ) ;
#7045 = EDGE_LOOP ( 'NONE', ( #9029, #5991, #5104, #7567 ) ) ;
#7046 = LINE ( 'NONE', #4739, #8707 ) ;
#7047 = CONICAL_SURFACE ( 'NONE', #9333, 0.3000000000000028755, 0.7853981633975594123 ) ;
#7048 = DIRECTION ( 'NONE',  ( 2.003086131649543140E-15, 1.000000000000000000, 0.000000000000000000 ) ) ;
#7049 = CARTESIAN_POINT ( 'NONE',  ( -3.200000000000001066, -5.542562584220412703, -0.000000000000000000 ) ) ;
#7050 = ORIENTED_EDGE ( 'NONE', *, *, #7992, .F. ) ;
#7051 = EDGE_CURVE ( 'NONE', #3847, #6686, #9109, .T. ) ;
#7052 = CARTESIAN_POINT ( 'NONE',  ( 109.9594733917879950, 112.0123499278562775, 130.1965626661457236 ) ) ;
#7053 = DIRECTION ( 'NONE',  ( 0.000000000000000000, 3.908184725064409972E-15, -1.000000000000000000 ) ) ;
#7054 = VERTEX_POINT ( 'NONE', #890 ) ;
#7055 = DIRECTION ( 'NONE',  ( 1.309403304758604751E-15, 2.667218859826329302E-15, -1.000000000000000000 ) ) ;
#7056 = CARTESIAN_POINT ( 'NONE',  ( 124.3594733917878159, 96.38558278779908051, 148.6633547520038121 ) ) ;
#7057 = ORIENTED_EDGE ( 'NONE', *, *, #5319, .T. ) ;
#7058 = ORIENTED_EDGE ( 'NONE', *, *, #5482, .T. ) ;
#7059 = DIRECTION ( 'NONE',  ( 0.000000000000000000, 0.7071067811865336949, -0.7071067811865614505 ) ) ;
#7060 = CARTESIAN_POINT ( 'NONE',  ( 124.9594733917879950, 70.15879653723750664, 134.0501160567390002 ) ) ;
#7061 = VERTEX_POINT ( 'NONE', #150 ) ;
#7062 = EDGE_CURVE ( 'NONE', #1698, #7495, #3110, .T. ) ;
#7063 = LINE ( 'NONE', #2677, #5860 ) ;
#7064 = EDGE_CURVE ( 'NONE', #1983, #5938, #5375, .T. ) ;
#7065 = CARTESIAN_POINT ( 'NONE',  ( 124.9594733917879950, 50.85900246190750096, 136.0001160632310189 ) ) ;
#7066 = ORIENTED_EDGE ( 'NONE', *, *, #4194, .T. ) ;
#7067 = DIRECTION ( 'NONE',  ( 0.000000000000000000, -3.908184725064409972E-15, 1.000000000000000000 ) ) ;
#7068 = CARTESIAN_POINT ( 'NONE',  ( 124.9594733917879950, 52.55900246190749669, 136.0001160632310189 ) ) ;
#7069 = AXIS2_PLACEMENT_3D ( 'NONE', #271, #365, #4764 ) ;
#7070 = EDGE_LOOP ( 'NONE', ( #8580, #9133, #2847, #70 ) ) ;
#7071 = EDGE_LOOP ( 'NONE', ( #891, #739 ) ) ;
#7072 = FACE_OUTER_BOUND ( 'NONE', #139, .T. ) ;
#7073 = DIRECTION ( 'NONE',  ( 1.000000000000000000, -2.818307069383390296E-16, -1.101446463910520015E-30 ) ) ;
#7074 = ORIENTED_EDGE ( 'NONE', *, *, #863, .F. ) ;
#7075 = CARTESIAN_POINT ( 'NONE',  ( 11.60000000000000497, -0.2309401076758523241, 0.000000000000000000 ) ) ;
#7076 = LINE ( 'NONE', #1007, #5758 ) ;
#7077 = VERTEX_POINT ( 'NONE', #8430 ) ;
#7078 = DIRECTION ( 'NONE',  ( 0.6268886603724111994, -0.4600201797467816101, 0.6288020687960739208 ) ) ;
#7079 = DIRECTION ( 'NONE',  ( 0.000000000000000000, -1.000000000000000000, 0.000000000000000000 ) ) ;
#7080 = DIRECTION ( 'NONE',  ( 0.000000000000000000, 8.710602340643920684E-15, -1.000000000000000000 ) ) ;
#7081 = EDGE_CURVE ( 'NONE', #1986, #6125, #4651, .T. ) ;
#7082 = DIRECTION ( 'NONE',  ( -1.000000000000000000, -1.504038027996622089E-18, -1.309403304758604554E-15 ) ) ;
#7083 = VERTEX_POINT ( 'NONE', #1700 ) ;
#7084 = CARTESIAN_POINT ( 'NONE',  ( 17.60000000000000497, -16.62768775266122745, 0.000000000000000000 ) ) ;
#7085 = CARTESIAN_POINT ( 'NONE',  ( 17.20000000000000284, 3.464101615137755719, 0.5999999999999999778 ) ) ;
#7086 = VERTEX_POINT ( 'NONE', #4022 ) ;
#7087 = CARTESIAN_POINT ( 'NONE',  ( 23.60000000000000853, -21.01554979850239491, 0.000000000000000000 ) ) ;
#7088 = CARTESIAN_POINT ( 'NONE',  ( 18.40000000000001634, 0.000000000000000000, 0.5999999999999999778 ) ) ;
#7089 = EDGE_CURVE ( 'NONE', #9441, #1325, #5467, .T. ) ;
#7090 = LINE ( 'NONE', #486, #6585 ) ;
#7091 = EDGE_CURVE ( 'NONE', #5713, #7265, #1158, .T. ) ;
#7092 = ORIENTED_EDGE ( 'NONE', *, *, #3560, .F. ) ;
#7093 = LINE ( 'NONE', #4069, #4799 ) ;
#7094 = DIRECTION ( 'NONE',  ( 6.536849690425969867E-16, -1.000000000000000000, 0.000000000000000000 ) ) ;
#7095 = ORIENTED_EDGE ( 'NONE', *, *, #4113, .F. ) ;
#7096 = DIRECTION ( 'NONE',  ( -1.000000000000000000, 1.632680918566406399E-14, 0.000000000000000000 ) ) ;
#7097 = DIRECTION ( 'NONE',  ( -0.7071067811865240360, -0.7071067811865709984, 0.000000000000000000 ) ) ;
#7098 = EDGE_LOOP ( 'NONE', ( #459, #1043, #2814, #1913, #9164 ) ) ;
#7099 = VECTOR ( 'NONE', #5343, 1000.000000000000000 ) ;
#7100 = VECTOR ( 'NONE', #9019, 1000.000000000000000 ) ;
#7101 = EDGE_CURVE ( 'NONE', #2116, #2218, #7486, .T. ) ;
#7102 = ORIENTED_EDGE ( 'NONE', *, *, #4229, .F. ) ;
#7103 = DIRECTION ( 'NONE',  ( 1.131489783230271231E-15, 0.5000000000000032196, -0.8660254037844368202 ) ) ;
#7104 = EDGE_CURVE ( 'NONE', #3116, #2793, #248, .T. ) ;
#7105 = DIRECTION ( 'NONE',  ( -1.332169591021890008E-15, 0.000000000000000000, 1.000000000000000000 ) ) ;
#7106 = ORIENTED_EDGE ( 'NONE', *, *, #558, .T. ) ;
#7107 = LINE ( 'NONE', #2732, #6474 ) ;
#7108 = CARTESIAN_POINT ( 'NONE',  ( 124.9594733917879950, 70.15879653723750664, 134.0501160567390002 ) ) ;
#7109 = ORIENTED_EDGE ( 'NONE', *, *, #5361, .T. ) ;
#7110 = CARTESIAN_POINT ( 'NONE',  ( 124.9594733917877960, 102.3855827877990379, 159.0556595974171046 ) ) ;
#7111 = DIRECTION ( 'NONE',  ( 0.000000000000000000, 0.000000000000000000, 1.000000000000000000 ) ) ;
#7112 = EDGE_CURVE ( 'NONE', #6327, #9177, #2622, .T. ) ;
#7113 = EDGE_LOOP ( 'NONE', ( #9013, #749, #575, #9495 ) ) ;
#7114 = ORIENTED_EDGE ( 'NONE', *, *, #7507, .T. ) ;
#7115 = DIRECTION ( 'NONE',  ( -1.000000000000000000, -1.504038027996621897E-18, -1.309403304758604554E-15 ) ) ;
#7116 = VECTOR ( 'NONE', #3055, 1000.000000000000000 ) ;
#7117 = DIRECTION ( 'NONE',  ( -1.000000000000000000, 5.292037523355240942E-16, -3.285328468285960224E-15 ) ) ;
#7118 = VERTEX_POINT ( 'NONE', #5693 ) ;
#7119 = DIRECTION ( 'NONE',  ( -0.8660254037844393737, -0.4999999999999986677, 0.000000000000000000 ) ) ;
#7120 = CARTESIAN_POINT ( 'NONE',  ( 121.9594733917879950, 50.85900246190750096, 136.0001160632320136 ) ) ;
#7121 = EDGE_LOOP ( 'NONE', ( #4750, #7867, #441, #4146 ) ) ;
#7122 = FACE_OUTER_BOUND ( 'NONE', #5464, .T. ) ;
#7123 = EDGE_CURVE ( 'NONE', #482, #2267, #4167, .T. ) ;
#7124 = EDGE_CURVE ( 'NONE', #2326, #154, #4846, .T. ) ;
#7125 = CARTESIAN_POINT ( 'NONE',  ( 124.3594733917878017, 96.38558278779905208, 156.0534381976310101 ) ) ;
#7126 = FACE_OUTER_BOUND ( 'NONE', #394, .T. ) ;
#7127 = CARTESIAN_POINT ( 'NONE',  ( 24.00000000000000711, -14.31828667590273696, 0.5999999999999999778 ) ) ;
#7128 = ORIENTED_EDGE ( 'NONE', *, *, #2271, .T. ) ;
#7129 = CARTESIAN_POINT ( 'NONE',  ( 103.4479001739019992, 51.65920965118959884, 142.2994945258149926 ) ) ;
#7130 = DIRECTION ( 'NONE',  ( -1.309403304758604751E-15, -3.668761925651101858E-15, 1.000000000000000000 ) ) ;
#7131 = VECTOR ( 'NONE', #1461, 1000.000000000000114 ) ;
#7132 = EDGE_CURVE ( 'NONE', #4101, #6569, #8572, .T. ) ;
#7133 = CARTESIAN_POINT ( 'NONE',  ( 11.60000000000000497, -6.235382907247959849, 0.000000000000000000 ) ) ;
#7134 = CARTESIAN_POINT ( 'NONE',  ( 124.3594733917878159, 91.18558278779909188, 145.6611333522177176 ) ) ;
#7135 = DIRECTION ( 'NONE',  ( 0.8660254037844385966, 0.5000000000000001110, 0.000000000000000000 ) ) ;
#7136 = VERTEX_POINT ( 'NONE', #8615 ) ;
#7137 = AXIS2_PLACEMENT_3D ( 'NONE', #7722, #7053, #5605 ) ;
#7138 = CARTESIAN_POINT ( 'NONE',  ( 124.9594733917878102, 108.9855827877990464, 156.1689082514689915 ) ) ;
#7139 = FACE_OUTER_BOUND ( 'NONE', #3805, .T. ) ;
#7140 = ORIENTED_EDGE ( 'NONE', *, *, #2032, .F. ) ;
#7141 = CARTESIAN_POINT ( 'NONE',  ( -6.200000000000001954, 3.117691453623979925, 0.5999999999999999778 ) ) ;
#7142 = DIRECTION ( 'NONE',  ( -6.590088167172847646E-16, 0.8660254037844365982, 0.5000000000000034417 ) ) ;
#7143 = VERTEX_POINT ( 'NONE', #4976 ) ;
#7144 = EDGE_CURVE ( 'NONE', #1979, #8513, #995, .T. ) ;
#7145 = ORIENTED_EDGE ( 'NONE', *, *, #4125, .F. ) ;
#7146 = CIRCLE ( 'NONE', #4856, 1.700000000000000178 ) ;
#7147 = VECTOR ( 'NONE', #7589, 1000.000000000000000 ) ;
#7148 = DIRECTION ( 'NONE',  ( -0.8660254037844385966, 0.4999999999999998890, 0.000000000000000000 ) ) ;
#7149 = FACE_OUTER_BOUND ( 'NONE', #7282, .T. ) ;
#7150 = ORIENTED_EDGE ( 'NONE', *, *, #6524, .T. ) ;
#7151 = LINE ( 'NONE', #4801, #7235 ) ;
#7152 = DIRECTION ( 'NONE',  ( 0.000000000000000000, 0.000000000000000000, -1.000000000000000000 ) ) ;
#7153 = VERTEX_POINT ( 'NONE', #3531 ) ;
#7154 = CARTESIAN_POINT ( 'NONE',  ( 124.5723247599939469, 112.0955274379803086, 177.0952105768105298 ) ) ;
#7155 = EDGE_CURVE ( 'NONE', #4336, #246, #1445, .T. ) ;
#7156 = CONICAL_SURFACE ( 'NONE', #1455, 4.949999999999064926, 0.7853981633974511656 ) ;
#7157 = LINE ( 'NONE', #7838, #1152 ) ;
#7158 = ORIENTED_EDGE ( 'NONE', *, *, #3717, .F. ) ;
#7159 = VERTEX_POINT ( 'NONE', #1115 ) ;
#7160 = VECTOR ( 'NONE', #251, 1000.000000000000000 ) ;
#7161 = AXIS2_PLACEMENT_3D ( 'NONE', #8289, #3771, #5312 ) ;
#7162 = DIRECTION ( 'NONE',  ( -0.4999999999999999445, 0.8660254037844387076, 0.000000000000000000 ) ) ;
#7163 = CARTESIAN_POINT ( 'NONE',  ( 124.9594733917878102, 105.5855827877990691, 150.2799355057347839 ) ) ;
#7164 = ORIENTED_EDGE ( 'NONE', *, *, #8520, .T. ) ;
#7165 = CARTESIAN_POINT ( 'NONE',  ( 6.400000000000002132, 3.464101615137753942, 0.5999999999999999778 ) ) ;
#7166 = EDGE_CURVE ( 'NONE', #4625, #7786, #7772, .T. ) ;
#7167 = LINE ( 'NONE', #611, #3616 ) ;
#7168 = FACE_OUTER_BOUND ( 'NONE', #7688, .T. ) ;
#7169 = FACE_OUTER_BOUND ( 'NONE', #7869, .T. ) ;
#7170 = VECTOR ( 'NONE', #1011, 1000.000000000000000 ) ;
#7171 = CARTESIAN_POINT ( 'NONE',  ( 117.4594733917879950, 104.3679753938900063, 167.0501160567430077 ) ) ;
#7172 = EDGE_CURVE ( 'NONE', #3936, #9253, #9296, .T. ) ;
#7173 = EDGE_CURVE ( 'NONE', #7874, #4814, #7186, .T. ) ;
#7174 = EDGE_LOOP ( 'NONE', ( #7350, #8302, #5123, #3732 ) ) ;
#7175 = DIRECTION ( 'NONE',  ( -1.000000000000000000, 5.105890005208150104E-44, -5.105890005209050201E-44 ) ) ;
#7176 = PLANE ( 'NONE',  #405 ) ;
#7177 = VECTOR ( 'NONE', #8519, 999.9999999999998863 ) ;
#7178 = DIRECTION ( 'NONE',  ( -1.309403304758604751E-15, -4.322446894693699141E-15, 1.000000000000000000 ) ) ;
#7179 = LINE ( 'NONE', #8710, #5980 ) ;
#7180 = DIRECTION ( 'NONE',  ( 1.000000000000000000, 1.504038027996621897E-18, 1.309403304758604554E-15 ) ) ;
#7181 = AXIS2_PLACEMENT_3D ( 'NONE', #8054, #1458, #3734 ) ;
#7182 = ORIENTED_EDGE ( 'NONE', *, *, #4414, .F. ) ;
#7183 = AXIS2_PLACEMENT_3D ( 'NONE', #2223, #7469, #1492 ) ;
#7184 = LINE ( 'NONE', #4887, #4491 ) ;
#7185 = EDGE_CURVE ( 'NONE', #2331, #2179, #4935, .T. ) ;
#7186 = LINE ( 'NONE', #4123, #837 ) ;
#7187 = ORIENTED_EDGE ( 'NONE', *, *, #4823, .T. ) ;
#7188 = CARTESIAN_POINT ( 'NONE',  ( 105.8479001739020049, 50.85900330907879408, 143.7945598534819851 ) ) ;
#7189 = LINE ( 'NONE', #8530, #3781 ) ;
#7190 = ORIENTED_EDGE ( 'NONE', *, *, #5241, .F. ) ;
#7191 = AXIS2_PLACEMENT_3D ( 'NONE', #2290, #9063, #3157 ) ;
#7192 = ORIENTED_EDGE ( 'NONE', *, *, #773, .T. ) ;
#7193 = FACE_OUTER_BOUND ( 'NONE', #2451, .T. ) ;
#7194 = FACE_OUTER_BOUND ( 'NONE', #6810, .T. ) ;
#7195 = ORIENTED_EDGE ( 'NONE', *, *, #8801, .T. ) ;
#7196 = DIRECTION ( 'NONE',  ( -0.8660254037844391517, 0.4999999999999991118, 0.000000000000000000 ) ) ;
#7197 = EDGE_CURVE ( 'NONE', #3072, #6686, #9201, .T. ) ;
#7198 = CONTEXT_DEPENDENT_SHAPE_REPRESENTATION ( #5059, #522 ) ;
#7199 = CARTESIAN_POINT ( 'NONE',  ( -2.103418544659756980E-16, 6.466323014923810675, 0.5999999999999999778 ) ) ;
#7200 = ORIENTED_EDGE ( 'NONE', *, *, #187, .T. ) ;
#7201 = DIRECTION ( 'NONE',  ( 6.590088167172844687E-16, -0.8660254037844368202, -0.5000000000000032196 ) ) ;
#7202 = CARTESIAN_POINT ( 'NONE',  ( 23.80000000000000782, -13.50999629903726174, 0.5999999999999999778 ) ) ;
#7203 = LINE ( 'NONE', #2048, #9275 ) ;
#7204 = ORIENTED_EDGE ( 'NONE', *, *, #384, .F. ) ;
#7205 = ORIENTED_EDGE ( 'NONE', *, *, #1418, .F. ) ;
#7206 = DIRECTION ( 'NONE',  ( -1.000000000000000000, -1.504038027996622089E-18, -1.309403304758604554E-15 ) ) ;
#7207 = EDGE_CURVE ( 'NONE', #5175, #4549, #2764, .T. ) ;
#7208 = FACE_OUTER_BOUND ( 'NONE', #1354, .T. ) ;
#7209 = ORIENTED_EDGE ( 'NONE', *, *, #5856, .F. ) ;
#7210 = LINE ( 'NONE', #7075, #471 ) ;
#7211 = LINE ( 'NONE', #3556, #2238 ) ;
#7212 = ORIENTED_EDGE ( 'NONE', *, *, #9084, .F. ) ;
#7213 = ADVANCED_FACE ( 'NONE', ( #7139 ), #4788, .F. ) ;
#7214 = CARTESIAN_POINT ( 'NONE',  ( 24.40000000000002345, -6.697263122599669494, 0.000000000000000000 ) ) ;
#7215 = ORIENTED_EDGE ( 'NONE', *, *, #2122, .F. ) ;
#7216 = DIRECTION ( 'NONE',  ( -6.503944880413198876E-16, -0.8660254037844407060, 0.4999999999999965028 ) ) ;
#7217 = CARTESIAN_POINT ( 'NONE',  ( 124.3594733917878159, 96.78558278779910040, 141.5042114140524632 ) ) ;
#7218 = EDGE_LOOP ( 'NONE', ( #3002, #8772, #2294, #6759 ) ) ;
#7219 = DIRECTION ( 'NONE',  ( -0.6949768738371381316, -0.6949768738371421284, 0.1844296333649010355 ) ) ;
#7220 = PLANE ( 'NONE',  #4725 ) ;
#7221 = CIRCLE ( 'NONE', #1218, 0.5000000000000004441 ) ;
#7222 = EDGE_CURVE ( 'NONE', #4549, #5142, #2720, .T. ) ;
#7223 = EDGE_CURVE ( 'NONE', #7033, #4082, #6329, .T. ) ;
#7224 = DIRECTION ( 'NONE',  ( -6.938893903907229918E-18, -2.413561285175750205E-15, 1.000000000000000000 ) ) ;
#7225 = DIRECTION ( 'NONE',  ( 1.000000000000000000, 1.504038027996622089E-18, 1.309403304758604554E-15 ) ) ;
#7226 = DIRECTION ( 'NONE',  ( 0.000000000000000000, -1.000000000000000000, -2.775557561562915806E-15 ) ) ;
#7227 = ORIENTED_EDGE ( 'NONE', *, *, #6063, .F. ) ;
#7228 = FACE_OUTER_BOUND ( 'NONE', #8776, .T. ) ;
#7229 = CARTESIAN_POINT ( 'NONE',  ( 117.4594733917879950, 104.3679753938900063, 180.6501160567389945 ) ) ;
#7230 = ORIENTED_EDGE ( 'NONE', *, *, #3681, .F. ) ;
#7231 = CARTESIAN_POINT ( 'NONE',  ( 124.9594733917879950, 70.15879653723750664, 134.0501160567390002 ) ) ;
#7232 = DIRECTION ( 'NONE',  ( 0.000000000000000000, 0.000000000000000000, -1.000000000000000000 ) ) ;
#7233 = ORIENTED_EDGE ( 'NONE', *, *, #8097, .T. ) ;
#7234 = AXIS2_PLACEMENT_3D ( 'NONE', #5022, #4303, #6789 ) ;
#7235 = VECTOR ( 'NONE', #1995, 999.9999999999998863 ) ;
#7236 = ORIENTED_EDGE ( 'NONE', *, *, #5796, .F. ) ;
#7237 = PLANE ( 'NONE',  #1472 ) ;
#7238 = LINE ( 'NONE', #642, #878 ) ;
#7239 = VERTEX_POINT ( 'NONE', #444 ) ;
#7240 = CARTESIAN_POINT ( 'NONE',  ( 121.7594733917879921, 53.33084388076910187, 134.3001160632319966 ) ) ;
#7241 = CIRCLE ( 'NONE', #5091, 0.09999999999998786249 ) ;
#7242 = DIRECTION ( 'NONE',  ( 0.000000000000000000, 0.9999999999999881206, 1.538396592654858678E-07 ) ) ;
#7243 = ORIENTED_EDGE ( 'NONE', *, *, #6359, .T. ) ;
#7244 = AXIS2_PLACEMENT_3D ( 'NONE', #1652, #149, #935 ) ;
#7245 = CARTESIAN_POINT ( 'NONE',  ( 124.3594733917878159, 78.38558278779905208, 145.4301932445418970 ) ) ;
#7246 = DIRECTION ( 'NONE',  ( -3.155443620884050024E-30, 1.000000000000000000, 3.908184725064409972E-15 ) ) ;
#7247 = ORIENTED_EDGE ( 'NONE', *, *, #7101, .F. ) ;
#7248 = ADVANCED_FACE ( 'NONE', ( #3355 ), #8476, .T. ) ;
#7249 = AXIS2_PLACEMENT_3D ( 'NONE', #5529, #3893, #5433 ) ;
#7250 = AXIS2_PLACEMENT_3D ( 'NONE', #4934, #538, #442 ) ;
#7251 = ORIENTED_EDGE ( 'NONE', *, *, #5490, .T. ) ;
#7252 = CARTESIAN_POINT ( 'NONE',  ( -0.4000000000000028533, -6.928203230275511437, 0.000000000000000000 ) ) ;
#7253 = FACE_OUTER_BOUND ( 'NONE', #4091, .T. ) ;
#7254 = ORIENTED_EDGE ( 'NONE', *, *, #3365, .F. ) ;
#7255 = CARTESIAN_POINT ( 'NONE',  ( 124.3937879668389996, 47.45879653723739722, 181.0501160567390002 ) ) ;
#7256 = CARTESIAN_POINT ( 'NONE',  ( 124.9594733917878244, 90.38558278779908051, 145.4301932445418686 ) ) ;
#7257 = AXIS2_PLACEMENT_3D ( 'NONE', #197, #3163, #4790 ) ;
#7258 = ORIENTED_EDGE ( 'NONE', *, *, #2207, .T. ) ;
#7259 = EDGE_CURVE ( 'NONE', #6513, #9287, #7820, .T. ) ;
#7260 = EDGE_LOOP ( 'NONE', ( #2935, #7233, #1958, #4936, #1960 ) ) ;
#7261 = CARTESIAN_POINT ( 'NONE',  ( 12.40000000000000391, -7.621023553303063025, 0.5999999999999999778 ) ) ;
#7262 = ORIENTED_EDGE ( 'NONE', *, *, #6913, .F. ) ;
#7263 = DIRECTION ( 'NONE',  ( 5.007715329123860808E-16, -1.000000000000000000, 0.000000000000000000 ) ) ;
#7264 = CARTESIAN_POINT ( 'NONE',  ( 121.7594733917879921, 53.33084388076910187, 137.7001160632310075 ) ) ;
#7265 = VERTEX_POINT ( 'NONE', #490 ) ;
#7266 = DIRECTION ( 'NONE',  ( -0.8660254037844388186, -0.4999999999999996114, 0.000000000000000000 ) ) ;
#7267 = EDGE_CURVE ( 'NONE', #8394, #9520, #3441, .T. ) ;
#7268 = LINE ( 'NONE', #7322, #6104 ) ;
#7269 = EDGE_CURVE ( 'NONE', #199, #6158, #2281, .T. ) ;
#7270 = CARTESIAN_POINT ( 'NONE',  ( 103.4479001739019992, 50.05879653723830813, 166.8113888862239946 ) ) ;
#7271 = CARTESIAN_POINT ( 'NONE',  ( 115.7594733917880063, 104.3679753938910011, 130.0501160567390002 ) ) ;
#7272 = VECTOR ( 'NONE', #479, 1000.000000000000114 ) ;
#7273 = FACE_OUTER_BOUND ( 'NONE', #7945, .T. ) ;
#7274 = VERTEX_POINT ( 'NONE', #3775 ) ;
#7275 = LINE ( 'NONE', #3138, #793 ) ;
#7276 = DIRECTION ( 'NONE',  ( 1.942890293082709955E-16, 2.960594732333735129E-15, -1.000000000000000000 ) ) ;
#7277 = VERTEX_POINT ( 'NONE', #9530 ) ;
#7278 = DIRECTION ( 'NONE',  ( 0.000000000000000000, -2.973811673103189745E-14, 1.000000000000000000 ) ) ;
#7279 = ADVANCED_FACE ( 'NONE', ( #2957 ), #1398, .T. ) ;
#7280 = AXIS2_PLACEMENT_3D ( 'NONE', #2266, #2411, #4484 ) ;
#7281 = DIRECTION ( 'NONE',  ( 0.8660254037844387076, 0.4999999999999999445, 0.000000000000000000 ) ) ;
#7282 = EDGE_LOOP ( 'NONE', ( #9268, #5907, #9227, #7763 ) ) ;
#7283 = AXIS2_PLACEMENT_3D ( 'NONE', #5400, #8368, #8325 ) ;
#7284 = EDGE_LOOP ( 'NONE', ( #9224, #3798, #1139, #5873, #4705 ) ) ;
#7285 = CARTESIAN_POINT ( 'NONE',  ( 124.5594733917879893, 111.6587965372630009, 130.5501160567390002 ) ) ;
#7286 = AXIS2_PLACEMENT_3D ( 'NONE', #5341, #209, #2492 ) ;
#7287 = CARTESIAN_POINT ( 'NONE',  ( 124.9594733917878244, 107.9855827877991032, 141.9660916294041897 ) ) ;
#7288 = VERTEX_POINT ( 'NONE', #8715 ) ;
#7289 = DIRECTION ( 'NONE',  ( 4.304434159326429130E-62, 0.000000000000000000, 1.000000000000000000 ) ) ;
#7290 = CARTESIAN_POINT ( 'NONE',  ( 124.3937879668389996, 47.45879653723739722, 181.0501160567390002 ) ) ;
#7291 = EDGE_LOOP ( 'NONE', ( #6336, #4424, #5518, #6602 ) ) ;
#7292 = DIRECTION ( 'NONE',  ( -6.503944880413200848E-16, -0.8660254037844405950, 0.4999999999999966138 ) ) ;
#7293 = EDGE_CURVE ( 'NONE', #8152, #4854, #1499, .T. ) ;
#7294 = FACE_OUTER_BOUND ( 'NONE', #8232, .T. ) ;
#7295 = EDGE_CURVE ( 'NONE', #6889, #15, #6563, .T. ) ;
#7296 = ORIENTED_EDGE ( 'NONE', *, *, #1342, .F. ) ;
#7297 = CARTESIAN_POINT ( 'NONE',  ( 121.5594733917879893, 49.15900246190719969, 176.8500716728239865 ) ) ;
#7298 = VECTOR ( 'NONE', #6284, 1000.000000000000000 ) ;
#7299 = VECTOR ( 'NONE', #3565, 1000.000000000000000 ) ;
#7300 = EDGE_LOOP ( 'NONE', ( #7828, #7066, #7796, #6600 ) ) ;
#7301 = ORIENTED_EDGE ( 'NONE', *, *, #4241, .T. ) ;
#7302 = VECTOR ( 'NONE', #72, 1000.000000000000000 ) ;
#7303 = DIRECTION ( 'NONE',  ( 1.332169591021890008E-15, 3.908184725064409972E-15, -1.000000000000000000 ) ) ;
#7304 = CIRCLE ( 'NONE', #1896, 2.350000000000004974 ) ;
#7305 = CARTESIAN_POINT ( 'NONE',  ( 0.7999999999999977129, -6.928203230275511437, 0.5999999999999999778 ) ) ;
#7306 = ORIENTED_EDGE ( 'NONE', *, *, #2833, .F. ) ;
#7307 = LINE ( 'NONE', #7357, #8767 ) ;
#7308 = DIRECTION ( 'NONE',  ( 6.590088167172854548E-16, -0.8660254037844363761, -0.5000000000000038858 ) ) ;
#7309 = EDGE_CURVE ( 'NONE', #8779, #3789, #6615, .T. ) ;
#7310 = ORIENTED_EDGE ( 'NONE', *, *, #3311, .F. ) ;
#7311 = AXIS2_PLACEMENT_3D ( 'NONE', #6725, #1604, #748 ) ;
#7312 = EDGE_LOOP ( 'NONE', ( #2060, #9099, #4168, #1994 ) ) ;
#7313 = CARTESIAN_POINT ( 'NONE',  ( 124.9594733917878102, 84.78558278779907198, 149.3561750750313308 ) ) ;
#7314 = EDGE_LOOP ( 'NONE', ( #4172, #2613, #7227, #7880 ) ) ;
#7315 = CARTESIAN_POINT ( 'NONE',  ( 18.40000000000001634, -18.01332839871633951, 0.000000000000000000 ) ) ;
#7316 = LINE ( 'NONE', #6695, #5167 ) ;
#7317 = VECTOR ( 'NONE', #9438, 1000.000000000000000 ) ;
#7318 = VECTOR ( 'NONE', #4013, 1000.000000000000000 ) ;
#7319 = EDGE_CURVE ( 'NONE', #5324, #8380, #5221, .T. ) ;
#7320 = ORIENTED_EDGE ( 'NONE', *, *, #9218, .F. ) ;
#7321 = DIRECTION ( 'NONE',  ( 6.590088167172849618E-16, -0.8660254037844365982, -0.5000000000000035527 ) ) ;
#7322 = CARTESIAN_POINT ( 'NONE',  ( -5.600000000000001421, 0.000000000000000000, 0.5999999999999999778 ) ) ;
#7323 = VECTOR ( 'NONE', #5587, 999.9999999999998863 ) ;
#7324 = CARTESIAN_POINT ( 'NONE',  ( 124.3594733917878017, 90.38558278779905208, 153.0512167978449440 ) ) ;
#7325 = EDGE_CURVE ( 'NONE', #6686, #1545, #5176, .T. ) ;
#7326 = DIRECTION ( 'NONE',  ( -6.590088167172839757E-16, 0.8660254037844369313, 0.5000000000000028866 ) ) ;
#7327 = DIRECTION ( 'NONE',  ( -1.000000000000000000, 0.000000000000000000, -0.000000000000000000 ) ) ;
#7328 = ORIENTED_EDGE ( 'NONE', *, *, #1978, .F. ) ;
#7329 = CARTESIAN_POINT ( 'NONE',  ( 124.9594733917879950, 111.6587965372630009, 130.5501160567390002 ) ) ;
#7330 = CARTESIAN_POINT ( 'NONE',  ( 124.9594733917877960, 84.38558278779900945, 162.0578809972030854 ) ) ;
#7331 = ORIENTED_EDGE ( 'NONE', *, *, #9207, .T. ) ;
#7332 = DIRECTION ( 'NONE',  ( 5.007715329123860808E-16, -1.000000000000000000, 0.000000000000000000 ) ) ;
#7333 = AXIS2_PLACEMENT_3D ( 'NONE', #437, #9105, #2571 ) ;
#7334 = CARTESIAN_POINT ( 'NONE',  ( 124.9594733917878244, 79.18558278779904924, 145.4301932445418970 ) ) ;
#7335 = EDGE_LOOP ( 'NONE', ( #9212, #8619 ) ) ;
#7336 = ORIENTED_EDGE ( 'NONE', *, *, #5783, .T. ) ;
#7337 = CARTESIAN_POINT ( 'NONE',  ( 0.1999999999999999278, -0.3464101615137755164, 0.5999999999999999778 ) ) ;
#7338 = VECTOR ( 'NONE', #2140, 1000.000000000000000 ) ;
#7339 = EDGE_CURVE ( 'NONE', #7451, #7288, #9481, .T. ) ;
#7340 = DIRECTION ( 'NONE',  ( -1.089827255047941903E-30, 9.107298248819780187E-17, 1.000000000000000000 ) ) ;
#7341 = EDGE_LOOP ( 'NONE', ( #2974, #2857, #5630, #6423 ) ) ;
#7342 = CARTESIAN_POINT ( 'NONE',  ( 124.3594733917878017, 96.78558278779902935, 163.2125815355823875 ) ) ;
#7343 = CARTESIAN_POINT ( 'NONE',  ( 0.000000000000000000, 0.000000000000000000, 0.000000000000000000 ) ) ;
#7344 = CARTESIAN_POINT ( 'NONE',  ( 103.4479001739019992, 53.25920965118960737, 142.2994942958689819 ) ) ;
#7345 = ORIENTED_EDGE ( 'NONE', *, *, #2769, .F. ) ;
#7346 = FACE_OUTER_BOUND ( 'NONE', #6906, .T. ) ;
#7347 = CARTESIAN_POINT ( 'NONE',  ( 124.0592155665769951, 102.6954405435970017, 180.4501160567390059 ) ) ;
#7348 = EDGE_LOOP ( 'NONE', ( #7596, #2467, #5633, #6106 ) ) ;
#7349 = CYLINDRICAL_SURFACE ( 'NONE', #6703, 2.350000000000004974 ) ;
#7350 = ORIENTED_EDGE ( 'NONE', *, *, #4355, .T. ) ;
#7351 = ORIENTED_EDGE ( 'NONE', *, *, #7222, .F. ) ;
#7352 = EDGE_CURVE ( 'NONE', #8724, #6143, #829, .T. ) ;
#7353 = VECTOR ( 'NONE', #2805, 1000.000000000000000 ) ;
#7354 = LINE ( 'NONE', #754, #1695 ) ;
#7355 = CARTESIAN_POINT ( 'NONE',  ( 124.9594733917877960, 90.78558278779904356, 159.7484799204445949 ) ) ;
#7356 = ORIENTED_EDGE ( 'NONE', *, *, #4642, .T. ) ;
#7357 = CARTESIAN_POINT ( 'NONE',  ( 124.9594733917878244, 84.38558278779909472, 145.4301932445418686 ) ) ;
#7358 = LINE ( 'NONE', #8937, #6849 ) ;
#7359 = AXIS2_PLACEMENT_3D ( 'NONE', #8239, #3769, #2224 ) ;
#7360 = ORIENTED_EDGE ( 'NONE', *, *, #2286, .F. ) ;
#7361 = ORIENTED_EDGE ( 'NONE', *, *, #2714, .T. ) ;
#7362 = EDGE_CURVE ( 'NONE', #8914, #7475, #6708, .T. ) ;
#7363 = LINE ( 'NONE', #5297, #5197 ) ;
#7364 = EDGE_LOOP ( 'NONE', ( #5642, #4762, #6977, #1594 ) ) ;
#7365 = FACE_OUTER_BOUND ( 'NONE', #7001, .T. ) ;
#7366 = LINE ( 'NONE', #768, #3449 ) ;
#7367 = VECTOR ( 'NONE', #1782, 1000.000000000000000 ) ;
#7368 = ORIENTED_EDGE ( 'NONE', *, *, #8843, .T. ) ;
#7369 = CARTESIAN_POINT ( 'NONE',  ( 124.9594733917879950, 63.18854676347179833, 158.4294061157320073 ) ) ;
#7370 = FACE_OUTER_BOUND ( 'NONE', #9390, .T. ) ;
#7371 = EDGE_CURVE ( 'NONE', #800, #5096, #9430, .T. ) ;
#7372 = CARTESIAN_POINT ( 'NONE',  ( 114.5394020453759936, 103.0744595138680069, 180.8291350270100111 ) ) ;
#7373 = FACE_OUTER_BOUND ( 'NONE', #2385, .T. ) ;
#7374 = DIRECTION ( 'NONE',  ( -0.7071067811865320296, -2.587978304114290272E-31, -0.7071067811865631159 ) ) ;
#7375 = DIRECTION ( 'NONE',  ( -1.332169591021890008E-15, 0.000000000000000000, 1.000000000000000000 ) ) ;
#7376 = ORIENTED_EDGE ( 'NONE', *, *, #4823, .F. ) ;
#7377 = CARTESIAN_POINT ( 'NONE',  ( 104.6479001739019878, 47.65879653723740716, 130.9329587692139967 ) ) ;
#7378 = ORIENTED_EDGE ( 'NONE', *, *, #3704, .T. ) ;
#7379 = DIRECTION ( 'NONE',  ( 0.000000000000000000, 0.000000000000000000, -1.000000000000000000 ) ) ;
#7380 = LINE ( 'NONE', #5224, #7018 ) ;
#7381 = ORIENTED_EDGE ( 'NONE', *, *, #2453, .F. ) ;
#7382 = ORIENTED_EDGE ( 'NONE', *, *, #4749, .T. ) ;
#7383 = EDGE_CURVE ( 'NONE', #8324, #8358, #364, .T. ) ;
#7384 = EDGE_CURVE ( 'NONE', #1525, #1264, #678, .T. ) ;
#7385 = CARTESIAN_POINT ( 'NONE',  ( 121.9594733917879950, 49.15900246190749812, 134.3001160632310018 ) ) ;
#7386 = DIRECTION ( 'NONE',  ( -1.301042606982607530E-14, 1.000000000000000000, 0.000000000000000000 ) ) ;
#7387 = VERTEX_POINT ( 'NONE', #5838 ) ;
#7388 = DIRECTION ( 'NONE',  ( 0.000000000000000000, -1.000000000000000000, 0.000000000000000000 ) ) ;
#7389 = CARTESIAN_POINT ( 'NONE',  ( -0.3999999999999981903, -14.08734656822687370, 0.5999999999999999778 ) ) ;
#7390 = ORIENTED_EDGE ( 'NONE', *, *, #828, .T. ) ;
#7391 = DIRECTION ( 'NONE',  ( 0.000000000000000000, 0.000000000000000000, 1.000000000000000000 ) ) ;
#7392 = DIRECTION ( 'NONE',  ( -0.000000000000000000, 0.000000000000000000, -1.000000000000000000 ) ) ;
#7393 = VERTEX_POINT ( 'NONE', #7377 ) ;
#7394 = DIRECTION ( 'NONE',  ( 1.000000000000000000, 1.504038027996622089E-18, 1.309403304758604554E-15 ) ) ;
#7395 = EDGE_CURVE ( 'NONE', #6143, #6067, #1764, .T. ) ;
#7396 = ORIENTED_EDGE ( 'NONE', *, *, #7636, .T. ) ;
#7397 = EDGE_CURVE ( 'NONE', #5160, #7606, #5023, .T. ) ;
#7398 = ORIENTED_EDGE ( 'NONE', *, *, #6078, .T. ) ;
#7399 = AXIS2_PLACEMENT_3D ( 'NONE', #1332, #655, #2788 ) ;
#7400 = VECTOR ( 'NONE', #2242, 999.9999999999998863 ) ;
#7401 = CARTESIAN_POINT ( 'NONE',  ( 124.9594733917879950, 76.28379653724280729, 180.6501160567389945 ) ) ;
#7402 = DIRECTION ( 'NONE',  ( 0.8660254037844381525, -0.5000000000000008882, 0.000000000000000000 ) ) ;
#7403 = EDGE_LOOP ( 'NONE', ( #8022, #8666, #2630, #3009 ) ) ;
#7404 = CARTESIAN_POINT ( 'NONE',  ( 124.9594733917879950, 70.15879653723750664, 134.0501160567390002 ) ) ;
#7405 = CARTESIAN_POINT ( 'NONE',  ( 124.9594733917877960, 78.58558278779904072, 159.6330098666066419 ) ) ;
#7406 = EDGE_CURVE ( 'NONE', #9382, #1272, #7955, .T. ) ;
#7407 = ORIENTED_EDGE ( 'NONE', *, *, #7650, .F. ) ;
#7408 = ORIENTED_EDGE ( 'NONE', *, *, #5659, .F. ) ;
#7409 = CARTESIAN_POINT ( 'NONE',  ( 124.3594733917878017, 90.78558278779904356, 159.7484799204445949 ) ) ;
#7410 = EDGE_LOOP ( 'NONE', ( #1805, #7735, #382, #3918 ) ) ;
#7411 = LINE ( 'NONE', #3040, #6916 ) ;
#7412 = AXIS2_PLACEMENT_3D ( 'NONE', #3739, #5953, #10 ) ;
#7413 = DIRECTION ( 'NONE',  ( -1.309403304758604751E-15, -3.668761925651101858E-15, 1.000000000000000000 ) ) ;
#7414 = ORIENTED_EDGE ( 'NONE', *, *, #1209, .T. ) ;
#7415 = CARTESIAN_POINT ( 'NONE',  ( 18.19999999999999929, -10.73871500692704828, 0.000000000000000000 ) ) ;
#7416 = EDGE_CURVE ( 'NONE', #4717, #9240, #1353, .T. ) ;
#7417 = FACE_OUTER_BOUND ( 'NONE', #3478, .T. ) ;
#7418 = EDGE_CURVE ( 'NONE', #2262, #1983, #8515, .T. ) ;
#7419 = DIRECTION ( 'NONE',  ( -1.000000000000000000, 0.000000000000000000, 0.000000000000000000 ) ) ;
#7420 = DIRECTION ( 'NONE',  ( -1.000000000000000000, 0.000000000000000000, 0.000000000000000000 ) ) ;
#7421 = CARTESIAN_POINT ( 'NONE',  ( 124.3594733917878017, 90.58558278779905493, 152.7048066363311705 ) ) ;
#7422 = FILL_AREA_STYLE ('',( #2276 ) ) ;
#7423 = ORIENTED_EDGE ( 'NONE', *, *, #6807, .F. ) ;
#7424 = VECTOR ( 'NONE', #8194, 1000.000000000000000 ) ;
#7425 = DIRECTION ( 'NONE',  ( -6.590088167172844687E-16, 0.8660254037844367092, 0.5000000000000033307 ) ) ;
#7426 = ORIENTED_EDGE ( 'NONE', *, *, #3525, .T. ) ;
#7427 = CARTESIAN_POINT ( 'NONE',  ( 115.7594733917880063, 74.36797539389039002, 181.0501160567390002 ) ) ;
#7428 = FACE_OUTER_BOUND ( 'NONE', #8455, .T. ) ;
#7429 = VERTEX_POINT ( 'NONE', #7330 ) ;
#7430 = EDGE_CURVE ( 'NONE', #3772, #4098, #732, .T. ) ;
#7431 = ORIENTED_EDGE ( 'NONE', *, *, #7837, .F. ) ;
#7432 = CARTESIAN_POINT ( 'NONE',  ( 124.9594733917878102, 103.1855827877990777, 152.3583964748174537 ) ) ;
#7433 = CARTESIAN_POINT ( 'NONE',  ( 124.3594733917878017, 84.78558278779904356, 155.3606178746034345 ) ) ;
#7434 = ORIENTED_EDGE ( 'NONE', *, *, #9369, .F. ) ;
#7435 = FACE_OUTER_BOUND ( 'NONE', #7045, .T. ) ;
#7436 =( BOUNDED_CURVE ( )  B_SPLINE_CURVE ( 3, ( #9498, #2194, #2247, #6672 ),
 .UNSPECIFIED., .F., .T. ) 
 B_SPLINE_CURVE_WITH_KNOTS ( ( 4, 4 ),
 ( 5.497787143782379538, 6.283185307179586232 ),
 .UNSPECIFIED. ) 
 CURVE ( )  GEOMETRIC_REPRESENTATION_ITEM ( )  RATIONAL_B_SPLINE_CURVE ( ( 1.000000000000000000, 0.9492530216742220972, 0.9492530216742220972, 1.000000000000000000 ) ) 
 REPRESENTATION_ITEM ( '' )  );
#7437 = DIRECTION ( 'NONE',  ( -6.590088167172846660E-16, 0.8660254037844367092, 0.5000000000000034417 ) ) ;
#7438 = ORIENTED_EDGE ( 'NONE', *, *, #2987, .T. ) ;
#7439 = CARTESIAN_POINT ( 'NONE',  ( 12.20000000000000462, -7.274613391789286787, 0.000000000000000000 ) ) ;
#7440 = LINE ( 'NONE', #8014, #4550 ) ;
#7441 = ORIENTED_EDGE ( 'NONE', *, *, #8417, .F. ) ;
#7442 = ADVANCED_FACE ( 'NONE', ( #6888 ), #3285, .T. ) ;
#7443 = CARTESIAN_POINT ( 'NONE',  ( 103.4479001739019992, 52.55900246190749669, 136.0001160632309904 ) ) ;
#7444 = ORIENTED_EDGE ( 'NONE', *, *, #3549, .T. ) ;
#7445 = AXIS2_PLACEMENT_3D ( 'NONE', #5997, #9444, #4362 ) ;
#7446 = ORIENTED_EDGE ( 'NONE', *, *, #1639, .F. ) ;
#7447 = EDGE_CURVE ( 'NONE', #743, #8913, #7076, .T. ) ;
#7448 = VERTEX_POINT ( 'NONE', #9183 ) ;
#7449 = DIRECTION ( 'NONE',  ( 6.590088167172822008E-16, -0.8660254037844377084, -0.5000000000000015543 ) ) ;
#7450 = CARTESIAN_POINT ( 'NONE',  ( 0.3999999999999976352, -7.621023553303062137, 0.000000000000000000 ) ) ;
#7451 = VERTEX_POINT ( 'NONE', #9226 ) ;
#7452 = CARTESIAN_POINT ( 'NONE',  ( 121.9594733917879950, 48.38716104304560162, 176.8500716728239865 ) ) ;
#7453 = VECTOR ( 'NONE', #7425, 1000.000000000000114 ) ;
#7454 = DIRECTION ( 'NONE',  ( 3.659954016805839962E-31, -1.000000000000000000, 0.000000000000000000 ) ) ;
#7455 = EDGE_CURVE ( 'NONE', #5790, #4571, #5541, .T. ) ;
#7456 = VECTOR ( 'NONE', #5543, 1000.000000000000000 ) ;
#7457 = EDGE_LOOP ( 'NONE', ( #5248, #6675, #9469, #7487 ) ) ;
#7458 = ORIENTED_EDGE ( 'NONE', *, *, #8549, .T. ) ;
#7459 = VECTOR ( 'NONE', #1237, 999.9999999999998863 ) ;
#7460 = VECTOR ( 'NONE', #6315, 1000.000000000000114 ) ;
#7461 = LINE ( 'NONE', #172, #716 ) ;
#7462 = ADVANCED_FACE ( 'NONE', ( #1865 ), #6308, .F. ) ;
#7463 = PLANE ( 'NONE',  #920 ) ;
#7464 = CARTESIAN_POINT ( 'NONE',  ( 109.9594733917879381, 102.6954405435970017, 180.4501160567390912 ) ) ;
#7465 = VERTEX_POINT ( 'NONE', #4768 ) ;
#7466 = LINE ( 'NONE', #8283, #5910 ) ;
#7467 = AXIS2_PLACEMENT_3D ( 'NONE', #8205, #5854, #8875 ) ;
#7468 = CARTESIAN_POINT ( 'NONE',  ( 103.4479001739019992, 51.45758270375360155, 170.4379382627120094 ) ) ;
#7469 = DIRECTION ( 'NONE',  ( 0.7071067811865320296, 1.706645551557129234E-15, -0.7071067811865631159 ) ) ;
#7470 = EDGE_CURVE ( 'NONE', #8474, #857, #4868, .T. ) ;
#7471 = VECTOR ( 'NONE', #6853, 1000.000000000000000 ) ;
#7472 = ADVANCED_FACE ( 'NONE', ( #8192 ), #1141, .T. ) ;
#7473 = CARTESIAN_POINT ( 'NONE',  ( 124.3594733917878017, 91.18558278779906345, 151.6655761517898497 ) ) ;
#7474 = DIRECTION ( 'NONE',  ( -6.503944880413199862E-16, -0.8660254037844405950, 0.4999999999999965583 ) ) ;
#7475 = VERTEX_POINT ( 'NONE', #8365 ) ;
#7476 = LINE ( 'NONE', #3823, #2209 ) ;
#7477 = DIRECTION ( 'NONE',  ( 1.000000000000000000, 6.536849690425969867E-16, -0.000000000000000000 ) ) ;
#7478 = ORIENTED_EDGE ( 'NONE', *, *, #2259, .T. ) ;
#7479 = ORIENTED_EDGE ( 'NONE', *, *, #2357, .F. ) ;
#7480 = CARTESIAN_POINT ( 'NONE',  ( 9.200000000000015277, -15.93486742963367142, -0.000000000000000000 ) ) ;
#7481 = EDGE_CURVE ( 'NONE', #9064, #2656, #9090, .T. ) ;
#7482 = CARTESIAN_POINT ( 'NONE',  ( 124.3594733917878159, 108.3855827877990805, 148.6633547520038405 ) ) ;
#7483 = ORIENTED_EDGE ( 'NONE', *, *, #9386, .F. ) ;
#7484 = DIRECTION ( 'NONE',  ( -1.136463268210226989E-15, 0.4999999999999967248, 0.8660254037844404840 ) ) ;
#7485 = AXIS2_PLACEMENT_3D ( 'NONE', #8753, #1389, #7947 ) ;
#7486 = LINE ( 'NONE', #7580, #212 ) ;
#7487 = ORIENTED_EDGE ( 'NONE', *, *, #2587, .T. ) ;
#7488 = DIRECTION ( 'NONE',  ( -0.000000000000000000, -0.000000000000000000, -1.000000000000000000 ) ) ;
#7489 = PLANE ( 'NONE',  #4094 ) ;
#7490 = ORIENTED_EDGE ( 'NONE', *, *, #4811, .T. ) ;
#7491 = DIRECTION ( 'NONE',  ( 0.000000000000000000, 0.000000000000000000, -1.000000000000000000 ) ) ;
#7492 = AXIS2_PLACEMENT_3D ( 'NONE', #2088, #7340, #7386 ) ;
#7493 = VECTOR ( 'NONE', #2618, 999.9999999999998863 ) ;
#7494 = ORIENTED_EDGE ( 'NONE', *, *, #7455, .T. ) ;
#7495 = VERTEX_POINT ( 'NONE', #3953 ) ;
#7496 = ADVANCED_FACE ( 'NONE', ( #6169 ), #7657, .F. ) ;
#7497 = LINE ( 'NONE', #8931, #5463 ) ;
#7498 = LINE ( 'NONE', #7784, #777 ) ;
#7499 = CARTESIAN_POINT ( 'NONE',  ( 124.9594733917877960, 85.18558278779900661, 162.9816414279065100 ) ) ;
#7500 = ORIENTED_EDGE ( 'NONE', *, *, #2992, .F. ) ;
#7501 = DIRECTION ( 'NONE',  ( -0.000000000000000000, -0.000000000000000000, -1.000000000000000000 ) ) ;
#7502 = AXIS2_PLACEMENT_3D ( 'NONE', #3526, #5646, #9337 ) ;
#7503 = FACE_OUTER_BOUND ( 'NONE', #2977, .T. ) ;
#7504 = ORIENTED_EDGE ( 'NONE', *, *, #3195, .T. ) ;
#7505 = ORIENTED_EDGE ( 'NONE', *, *, #689, .F. ) ;
#7506 = AXIS2_PLACEMENT_3D ( 'NONE', #4873, #8328, #2511 ) ;
#7507 = EDGE_CURVE ( 'NONE', #7922, #9073, #8907, .T. ) ;
#7508 = CARTESIAN_POINT ( 'NONE',  ( 124.9594733917878102, 96.78558278779905777, 155.3606178746034914 ) ) ;
#7509 = DIRECTION ( 'NONE',  ( -0.4999999999999997224, -0.8660254037844388186, 0.000000000000000000 ) ) ;
#7510 = CARTESIAN_POINT ( 'NONE',  ( 103.8479001739019907, 51.65921008091940081, 146.4896251811479999 ) ) ;
#7511 = LINE ( 'NONE', #868, #4015 ) ;
#7512 = ORIENTED_EDGE ( 'NONE', *, *, #3133, .F. ) ;
#7513 = VECTOR ( 'NONE', #3671, 1000.000000000000000 ) ;
#7514 = DIRECTION ( 'NONE',  ( -1.332169591021890008E-15, 0.000000000000000000, 1.000000000000000000 ) ) ;
#7515 = CARTESIAN_POINT ( 'NONE',  ( 124.9594733917877960, 84.38558278779900945, 163.4435216432582081 ) ) ;
#7516 = EDGE_CURVE ( 'NONE', #7749, #7552, #1050, .T. ) ;
#7517 = LINE ( 'NONE', #8803, #8263 ) ;
#7518 = DIRECTION ( 'NONE',  ( 0.4999999999999999445, 0.8660254037844387076, -0.000000000000000000 ) ) ;
#7519 = CARTESIAN_POINT ( 'NONE',  ( 124.5975336255319945, 108.1430314722590111, 181.0120558229949950 ) ) ;
#7520 = ORIENTED_EDGE ( 'NONE', *, *, #706, .F. ) ;
#7521 = DIRECTION ( 'NONE',  ( 1.942890293082709955E-16, 2.960594732333735129E-15, -1.000000000000000000 ) ) ;
#7522 = FACE_OUTER_BOUND ( 'NONE', #1672, .T. ) ;
#7523 = ORIENTED_EDGE ( 'NONE', *, *, #9280, .T. ) ;
#7524 = EDGE_CURVE ( 'NONE', #8209, #746, #1728, .T. ) ;
#7525 = ADVANCED_FACE ( 'NONE', ( #1192 ), #4148, .F. ) ;
#7526 = ORIENTED_EDGE ( 'NONE', *, *, #3247, .F. ) ;
#7527 = FACE_OUTER_BOUND ( 'NONE', #7536, .T. ) ;
#7528 = LINE ( 'NONE', #3831, #729 ) ;
#7529 = VECTOR ( 'NONE', #8510, 1000.000000000000114 ) ;
#7530 = ORIENTED_EDGE ( 'NONE', *, *, #8906, .F. ) ;
#7531 = CARTESIAN_POINT ( 'NONE',  ( 124.3594733917878159, 84.38558278779908051, 145.4301932445418686 ) ) ;
#7532 = LINE ( 'NONE', #3877, #5921 ) ;
#7533 = ORIENTED_EDGE ( 'NONE', *, *, #8366, .F. ) ;
#7534 = CARTESIAN_POINT ( 'NONE',  ( 23.60000000000000497, -21.01554979850239491, 0.000000000000000000 ) ) ;
#7535 = DIRECTION ( 'NONE',  ( -0.8660254037844385966, -0.5000000000000001110, 0.000000000000000000 ) ) ;
#7536 = EDGE_LOOP ( 'NONE', ( #1154, #5412, #350 ) ) ;
#7537 = CARTESIAN_POINT ( 'NONE',  ( 124.9594733917879950, 50.85900246190750096, 136.0001160632320136 ) ) ;
#7538 = ADVANCED_FACE ( 'NONE', ( #3241 ), #2505, .F. ) ;
#7539 = ADVANCED_FACE ( 'NONE', ( #5494 ), #8412, .T. ) ;
#7540 = ORIENTED_EDGE ( 'NONE', *, *, #3989, .T. ) ;
#7541 = EDGE_LOOP ( 'NONE', ( #3082, #9352 ) ) ;
#7542 = CARTESIAN_POINT ( 'NONE',  ( 115.9594733917879950, 99.36797539389078793, 130.0501160567390002 ) ) ;
#7543 = PLANE ( 'NONE',  #2635 ) ;
#7544 = CARTESIAN_POINT ( 'NONE',  ( 18.40000000000001634, -24.01777119828843965, 0.5999999999999999778 ) ) ;
#7545 = ORIENTED_EDGE ( 'NONE', *, *, #8481, .T. ) ;
#7546 = CIRCLE ( 'NONE', #3402, 1.699999999999993072 ) ;
#7547 = DIRECTION ( 'NONE',  ( 0.7071067811865474617, 0.7071067811865474617, 2.093456611578358146E-15 ) ) ;
#7548 = PLANE ( 'NONE',  #8069 ) ;
#7549 = EDGE_CURVE ( 'NONE', #8004, #6390, #370, .T. ) ;
#7550 = VERTEX_POINT ( 'NONE', #9325 ) ;
#7551 = VECTOR ( 'NONE', #7833, 1000.000000000000000 ) ;
#7552 = VERTEX_POINT ( 'NONE', #1334 ) ;
#7553 = CARTESIAN_POINT ( 'NONE',  ( 124.9594733917878102, 97.18558278779907766, 148.6633547520038121 ) ) ;
#7554 = DIRECTION ( 'NONE',  ( -1.000000000000000000, 0.000000000000000000, 0.000000000000000000 ) ) ;
#7555 = CARTESIAN_POINT ( 'NONE',  ( 124.3594733917878017, 84.58558278779905493, 156.1689082514689062 ) ) ;
#7556 = CARTESIAN_POINT ( 'NONE',  ( -2.800000000000000711, 4.849742261192857562, 0.5999999999999999778 ) ) ;
#7557 = VECTOR ( 'NONE', #5619, 1000.000000000000000 ) ;
#7558 = ORIENTED_EDGE ( 'NONE', *, *, #7155, .T. ) ;
#7559 = VECTOR ( 'NONE', #9108, 1000.000000000000114 ) ;
#7560 = FACE_OUTER_BOUND ( 'NONE', #1128, .T. ) ;
#7561 = CARTESIAN_POINT ( 'NONE',  ( 121.5594733917879893, 52.55900246190719827, 175.1500716728239979 ) ) ;
#7562 = EDGE_CURVE ( 'NONE', #1751, #6881, #3773, .T. ) ;
#7563 = FACE_OUTER_BOUND ( 'NONE', #8307, .T. ) ;
#7564 = DIRECTION ( 'NONE',  ( -3.155443620884050024E-30, 1.000000000000000000, 3.908184725064409972E-15 ) ) ;
#7565 =( LENGTH_UNIT ( ) NAMED_UNIT ( * ) SI_UNIT ( .MILLI., .METRE. ) );
#7566 = EDGE_CURVE ( 'NONE', #1358, #1431, #6406, .T. ) ;
#7567 = ORIENTED_EDGE ( 'NONE', *, *, #818, .F. ) ;
#7568 = CARTESIAN_POINT ( 'NONE',  ( -0.4000000000000074052, -2.614739876170435969E-16, 0.5999999999999999778 ) ) ;
#7569 = CARTESIAN_POINT ( 'NONE',  ( 103.8479001739019907, 50.05879653723820155, 168.8506931385969949 ) ) ;
#7570 = ORIENTED_EDGE ( 'NONE', *, *, #5044, .T. ) ;
#7572 = EDGE_CURVE ( 'NONE', #2575, #550, #6542, .T. ) ;
#7571 = VECTOR ( 'NONE', #6617, 1000.000000000000000 ) ;
#7573 = ORIENTED_EDGE ( 'NONE', *, *, #98, .T. ) ;
#7574 = CARTESIAN_POINT ( 'NONE',  ( 18.40000000000000213, 0.000000000000000000, 0.5999999999999999778 ) ) ;
#7575 = VECTOR ( 'NONE', #7332, 1000.000000000000000 ) ;
#7576 = CARTESIAN_POINT ( 'NONE',  ( 117.4594733917879950, 74.36797539389039002, 181.0501160567390002 ) ) ;
#7577 = ORIENTED_EDGE ( 'NONE', *, *, #5797, .T. ) ;
#7578 = EDGE_CURVE ( 'NONE', #7778, #6571, #3603, .T. ) ;
#7579 = CARTESIAN_POINT ( 'NONE',  ( 18.20000000000001350, -16.97409791417501168, 0.000000000000000000 ) ) ;
#7580 = CARTESIAN_POINT ( 'NONE',  ( 124.9594733917877960, 78.98558278779900377, 165.8683927738546231 ) ) ;
#7581 = ORIENTED_EDGE ( 'NONE', *, *, #3089, .T. ) ;
#7582 = LINE ( 'NONE', #7534, #8025 ) ;
#7583 = LINE ( 'NONE', #6195, #4246 ) ;
#7584 = EDGE_LOOP ( 'NONE', ( #2602, #5593, #616, #368 ) ) ;
#7585 = CARTESIAN_POINT ( 'NONE',  ( 124.3594733917878017, 85.18558278779906345, 155.8224980899551326 ) ) ;
#7586 = VECTOR ( 'NONE', #2232, 1000.000000000000000 ) ;
#7587 = ORIENTED_EDGE ( 'NONE', *, *, #1920, .F. ) ;
#7588 = VERTEX_POINT ( 'NONE', #3468 ) ;
#7589 = DIRECTION ( 'NONE',  ( 0.000000000000000000, -0.7071067811865869857, -0.7071067811865080488 ) ) ;
#7590 = ORIENTED_EDGE ( 'NONE', *, *, #8425, .T. ) ;
#7591 = EDGE_CURVE ( 'NONE', #673, #1171, #4239, .T. ) ;
#7592 = FACE_OUTER_BOUND ( 'NONE', #5238, .T. ) ;
#7593 = EDGE_CURVE ( 'NONE', #2135, #2519, #9459, .T. ) ;
#7594 = VECTOR ( 'NONE', #666, 1000.000000000000000 ) ;
#7595 = CARTESIAN_POINT ( 'NONE',  ( 119.1594733917879978, 74.36797539389047529, 130.0501160567390002 ) ) ;
#7596 = ORIENTED_EDGE ( 'NONE', *, *, #5281, .F. ) ;
#7597 = LINE ( 'NONE', #6159, #5568 ) ;
#7598 = DIRECTION ( 'NONE',  ( 1.360023205165754048E-15, -3.875207033572580503E-15, 1.000000000000000000 ) ) ;
#7599 = AXIS2_PLACEMENT_3D ( 'NONE', #564, #5002, #3512 ) ;
#7600 = ORIENTED_EDGE ( 'NONE', *, *, #719, .T. ) ;
#7601 = ORIENTED_EDGE ( 'NONE', *, *, #2344, .F. ) ;
#7602 = VECTOR ( 'NONE', #1617, 1000.000000000000000 ) ;
#7603 = FACE_OUTER_BOUND ( 'NONE', #5656, .T. ) ;
#7604 = EDGE_CURVE ( 'NONE', #9221, #6564, #7211, .T. ) ;
#7605 = DIRECTION ( 'NONE',  ( -1.000000000000000000, -1.504038027996622089E-18, -1.309403304758604554E-15 ) ) ;
#7606 = VERTEX_POINT ( 'NONE', #2888 ) ;
#7607 = DIRECTION ( 'NONE',  ( 6.590088167172844687E-16, -0.8660254037844368202, -0.5000000000000032196 ) ) ;
#7608 = DIRECTION ( 'NONE',  ( -1.000000000000000000, 0.000000000000000000, -0.000000000000000000 ) ) ;
#7609 = ORIENTED_EDGE ( 'NONE', *, *, #7091, .F. ) ;
#7610 = DIRECTION ( 'NONE',  ( 0.000000000000000000, -0.1260166810503154933, 0.9920281226341635117 ) ) ;
#7611 = CARTESIAN_POINT ( 'NONE',  ( 124.9594733917877960, 85.18558278779900661, 162.9816414279065100 ) ) ;
#7612 = AXIS2_PLACEMENT_3D ( 'NONE', #8527, #1938, #4888 ) ;
#7613 = VECTOR ( 'NONE', #5680, 1000.000000000000000 ) ;
#7614 = DIRECTION ( 'NONE',  ( -1.131489783230271231E-15, -0.5000000000000032196, 0.8660254037844368202 ) ) ;
#7615 = CARTESIAN_POINT ( 'NONE',  ( 11.80000000000000249, -7.274613391789286787, 0.000000000000000000 ) ) ;
#7616 = EDGE_CURVE ( 'NONE', #8281, #2116, #7167, .T. ) ;
#7617 = CARTESIAN_POINT ( 'NONE',  ( 123.9564374646109854, 47.02144603500950382, 181.0501160567390002 ) ) ;
#7618 = AXIS2_PLACEMENT_3D ( 'NONE', #8694, #8645, #568 ) ;
#7619 = ORIENTED_EDGE ( 'NONE', *, *, #5711, .T. ) ;
#7620 = FACE_OUTER_BOUND ( 'NONE', #1031, .T. ) ;
#7621 = LINE ( 'NONE', #5457, #8086 ) ;
#7622 = ADVANCED_FACE ( 'NONE', ( #2010 ), #6450, .T. ) ;
#7623 = ORIENTED_EDGE ( 'NONE', *, *, #398, .T. ) ;
#7624 = VECTOR ( 'NONE', #557, 1000.000000000000000 ) ;
#7625 = DIRECTION ( 'NONE',  ( 0.000000000000000000, 0.000000000000000000, -1.000000000000000000 ) ) ;
#7626 = EDGE_CURVE ( 'NONE', #4501, #5096, #2157, .T. ) ;
#7627 = CARTESIAN_POINT ( 'NONE',  ( 124.9594733917878244, 102.7855827877990862, 144.9683130291902273 ) ) ;
#7628 = ORIENTED_EDGE ( 'NONE', *, *, #2651, .F. ) ;
#7629 = DIRECTION ( 'NONE',  ( -0.5000000000000008882, -0.8660254037844381525, 0.000000000000000000 ) ) ;
#7630 = CARTESIAN_POINT ( 'NONE',  ( 105.8479001739020049, 50.05879653723830813, 146.4896251811479999 ) ) ;
#7631 = ORIENTED_EDGE ( 'NONE', *, *, #8076, .F. ) ;
#7632 =( NAMED_UNIT ( * ) SI_UNIT ( $, .STERADIAN. ) SOLID_ANGLE_UNIT ( ) );
#7633 = CARTESIAN_POINT ( 'NONE',  ( 18.40000000000000213, -10.39230484541327293, 0.5999999999999999778 ) ) ;
#7634 = ORIENTED_EDGE ( 'NONE', *, *, #2510, .T. ) ;
#7635 = DIRECTION ( 'NONE',  ( -1.309403304758604751E-15, -5.671848057300646182E-15, 1.000000000000000000 ) ) ;
#7636 = EDGE_CURVE ( 'NONE', #527, #6628, #6535, .T. ) ;
#7637 = ORIENTED_EDGE ( 'NONE', *, *, #2111, .F. ) ;
#7638 = ORIENTED_EDGE ( 'NONE', *, *, #719, .F. ) ;
#7639 = AXIS2_PLACEMENT_3D ( 'NONE', #1285, #2697, #4819 ) ;
#7640 = EDGE_LOOP ( 'NONE', ( #5855, #4998, #1316, #2094, #8844 ) ) ;
#7641 = DIRECTION ( 'NONE',  ( -1.332169591021890008E-15, 0.000000000000000000, 1.000000000000000000 ) ) ;
#7642 = CARTESIAN_POINT ( 'NONE',  ( 3.199999999999995293, 5.542562584220403821, 0.5999999999999999778 ) ) ;
#7643 = EDGE_LOOP ( 'NONE', ( #8265, #3185, #2982, #7877 ) ) ;
#7644 = DIRECTION ( 'NONE',  ( -1.000000000000000000, -1.504038027996622089E-18, -1.309403304758604554E-15 ) ) ;
#7645 = CARTESIAN_POINT ( 'NONE',  ( 24.40000000000003766, -4.887530161224892976E-14, 0.5999999999999999778 ) ) ;
#7646 = AXIS2_PLACEMENT_3D ( 'NONE', #6340, #1078, #1949 ) ;
#7647 = VECTOR ( 'NONE', #8426, 999.9999999999998863 ) ;
#7648 = EDGE_CURVE ( 'NONE', #6115, #8679, #6494, .T. ) ;
#7649 = EDGE_LOOP ( 'NONE', ( #643, #9531, #8018, #6516 ) ) ;
#7650 = EDGE_CURVE ( 'NONE', #452, #6431, #9272, .T. ) ;
#7651 = VERTEX_POINT ( 'NONE', #2789 ) ;
#7652 = AXIS2_PLACEMENT_3D ( 'NONE', #2188, #4412, #8771 ) ;
#7653 = CARTESIAN_POINT ( 'NONE',  ( 124.3594733917878159, 90.38558278779908051, 145.4301932445418686 ) ) ;
#7654 = DIRECTION ( 'NONE',  ( -4.973484979958430340E-18, 1.000000000000000000, 5.671848057300650126E-15 ) ) ;
#7655 = ORIENTED_EDGE ( 'NONE', *, *, #4312, .F. ) ;
#7656 = DIRECTION ( 'NONE',  ( 0.000000000000000000, 0.000000000000000000, 1.000000000000000000 ) ) ;
#7657 = PLANE ( 'NONE',  #1608 ) ;
#7658 = ORIENTED_EDGE ( 'NONE', *, *, #5967, .F. ) ;
#7659 = CARTESIAN_POINT ( 'NONE',  ( 124.3594733917878017, 102.3855827877990663, 153.0512167978450009 ) ) ;
#7660 = DIRECTION ( 'NONE',  ( 1.684925824262390165E-30, 1.000000000000000000, -0.000000000000000000 ) ) ;
#7661 = VECTOR ( 'NONE', #8199, 1000.000000000000114 ) ;
#7662 = AXIS2_PLACEMENT_3D ( 'NONE', #4962, #2794, #6497 ) ;
#7663 = EDGE_CURVE ( 'NONE', #3258, #8809, #5719, .T. ) ;
#7664 = DIRECTION ( 'NONE',  ( -6.503944880413201834E-16, -0.8660254037844404840, 0.4999999999999967248 ) ) ;
#7665 = CARTESIAN_POINT ( 'NONE',  ( 124.9594733917878102, 79.58558278779904072, 152.3583964748173685 ) ) ;
#7666 = PLANE ( 'NONE',  #6233 ) ;
#7667 = EDGE_LOOP ( 'NONE', ( #5920, #1530, #7057, #708 ) ) ;
#7668 = CARTESIAN_POINT ( 'NONE',  ( 124.0592155665779899, 48.37595720608260308, 180.4501160567390059 ) ) ;
#7669 = LINE ( 'NONE', #6035, #7318 ) ;
#7670 = EDGE_CURVE ( 'NONE', #3662, #5324, #4913, .T. ) ;
#7671 = ORIENTED_EDGE ( 'NONE', *, *, #1438, .F. ) ;
#7672 = FACE_OUTER_BOUND ( 'NONE', #106, .T. ) ;
#7673 = CARTESIAN_POINT ( 'NONE',  ( -5.800000000000002487, 3.810511776651531068, 0.5999999999999999778 ) ) ;
#7674 = EDGE_LOOP ( 'NONE', ( #860, #1543, #7631, #5988 ) ) ;
#7675 = DIRECTION ( 'NONE',  ( 1.000000000000000000, 0.000000000000000000, 0.000000000000000000 ) ) ;
#7676 = CARTESIAN_POINT ( 'NONE',  ( 124.5975336255319945, 108.1430314722590111, 181.0120558229949950 ) ) ;
#7677 = ORIENTED_EDGE ( 'NONE', *, *, #7682, .T. ) ;
#7678 = CARTESIAN_POINT ( 'NONE',  ( 124.0592155665769951, 92.55211854042271113, 181.0501160567390002 ) ) ;
#7679 = CARTESIAN_POINT ( 'NONE',  ( 109.9594733917879381, 112.1207363035186404, 177.0343509917355505 ) ) ;
#7680 = ORIENTED_EDGE ( 'NONE', *, *, #1760, .T. ) ;
#7681 = FACE_OUTER_BOUND ( 'NONE', #6755, .T. ) ;
#7682 = EDGE_CURVE ( 'NONE', #4469, #5538, #2694, .T. ) ;
#7683 = ORIENTED_EDGE ( 'NONE', *, *, #1451, .T. ) ;
#7684 = LINE ( 'NONE', #5522, #1621 ) ;
#7685 = EDGE_LOOP ( 'NONE', ( #6819, #6763, #5348, #792 ) ) ;
#7686 = DIRECTION ( 'NONE',  ( 1.000000000000000000, 0.000000000000000000, 0.000000000000000000 ) ) ;
#7687 = DIRECTION ( 'NONE',  ( -0.5000000000000006661, 0.8660254037844382635, 0.000000000000000000 ) ) ;
#7688 = EDGE_LOOP ( 'NONE', ( #9315, #7658, #4991, #1370, #7114 ) ) ;
#7689 = CARTESIAN_POINT ( 'NONE',  ( 29.60000000000002629, -18.01332839871634306, 0.5999999999999999778 ) ) ;
#7690 = EDGE_CURVE ( 'NONE', #9128, #753, #7978, .T. ) ;
#7691 = CARTESIAN_POINT ( 'NONE',  ( 123.6420582790523639, 47.95879991855729685, 180.9038682771519291 ) ) ;
#7692 = ADVANCED_FACE ( 'NONE', ( #5005 ), #8554, .F. ) ;
#7693 = ORIENTED_EDGE ( 'NONE', *, *, #9320, .F. ) ;
#7694 = VERTEX_POINT ( 'NONE', #2258 ) ;
#7695 = FACE_OUTER_BOUND ( 'NONE', #64, .T. ) ;
#7696 = FACE_OUTER_BOUND ( 'NONE', #7364, .T. ) ;
#7697 = ORIENTED_EDGE ( 'NONE', *, *, #7172, .F. ) ;
#7698 = FACE_BOUND ( 'NONE', #7218, .T. ) ;
#7699 = ADVANCED_FACE ( 'NONE', ( #3703 ), #7548, .F. ) ;
#7700 = CARTESIAN_POINT ( 'NONE',  ( 103.9741737144430118, 102.9954405435959899, 180.7501160567389888 ) ) ;
#7701 = ORIENTED_EDGE ( 'NONE', *, *, #5686, .F. ) ;
#7702 = LINE ( 'NONE', #372, #7456 ) ;
#7703 = CARTESIAN_POINT ( 'NONE',  ( 124.3594733917878017, 90.38558278779903787, 159.0556595974170477 ) ) ;
#7704 = AXIS2_PLACEMENT_3D ( 'NONE', #8663, #1446, #5354 ) ;
#7705 = VECTOR ( 'NONE', #8870, 1000.000000000000114 ) ;
#7706 = CARTESIAN_POINT ( 'NONE',  ( 24.40000000000000924, -21.01554979850239491, 0.000000000000000000 ) ) ;
#7707 = DIRECTION ( 'NONE',  ( 0.8660254037844381525, -0.5000000000000008882, 0.000000000000000000 ) ) ;
#7708 = DIRECTION ( 'NONE',  ( -1.309403304758604751E-15, -3.668761925651101858E-15, 1.000000000000000000 ) ) ;
#7709 = EDGE_CURVE ( 'NONE', #196, #6870, #3079, .T. ) ;
#7710 = ADVANCED_FACE ( 'NONE', ( #7503 ), #7156, .T. ) ;
#7711 = ORIENTED_EDGE ( 'NONE', *, *, #5304, .F. ) ;
#7712 = DIRECTION ( 'NONE',  ( 0.000000000000000000, 0.9999999999999896749, -1.437160344434440674E-07 ) ) ;
#7713 = CARTESIAN_POINT ( 'NONE',  ( 2.800000000000001599, 4.849742261192856674, 0.5999999999999999778 ) ) ;
#7714 = AXIS2_PLACEMENT_3D ( 'NONE', #950, #9080, #5485 ) ;
#7715 = EDGE_LOOP ( 'NONE', ( #6773, #8728, #1453, #6921 ) ) ;
#7716 = CARTESIAN_POINT ( 'NONE',  ( 124.3594733917878017, 78.38558278779903787, 152.1274563671415194 ) ) ;
#7717 = LINE ( 'NONE', #6999, #3059 ) ;
#7718 = ORIENTED_EDGE ( 'NONE', *, *, #1352, .F. ) ;
#7719 = CARTESIAN_POINT ( 'NONE',  ( 124.9594733917877818, 72.38558278779896682, 169.9098446581819530 ) ) ;
#7720 = EDGE_CURVE ( 'NONE', #5380, #147, #3751, .T. ) ;
#7721 = AXIS2_PLACEMENT_3D ( 'NONE', #7787, #8544, #2735 ) ;
#7722 = CARTESIAN_POINT ( 'NONE',  ( 121.9594733917879950, 49.15900246190749812, 134.3001160632310018 ) ) ;
#7723 = ORIENTED_EDGE ( 'NONE', *, *, #9360, .T. ) ;
#7724 = DIRECTION ( 'NONE',  ( 0.000000000000000000, 0.000000000000000000, -1.000000000000000000 ) ) ;
#7725 = PLANE ( 'NONE',  #5626 ) ;
#7726 = ORIENTED_EDGE ( 'NONE', *, *, #173, .F. ) ;
#7727 = PLANE ( 'NONE',  #2074 ) ;
#7728 = VERTEX_POINT ( 'NONE', #6640 ) ;
#7729 = CARTESIAN_POINT ( 'NONE',  ( 23.60000000000000853, -13.62546635287518981, -0.000000000000000000 ) ) ;
#7730 = DIRECTION ( 'NONE',  ( 1.000000000000000000, -1.684925824262390165E-30, 1.332169591021890008E-15 ) ) ;
#7731 = ORIENTED_EDGE ( 'NONE', *, *, #3256, .T. ) ;
#7732 = CARTESIAN_POINT ( 'NONE',  ( 124.3594733917878017, 90.58558278779905493, 152.7048066363311705 ) ) ;
#7733 = EDGE_CURVE ( 'NONE', #5525, #6955, #1478, .T. ) ;
#7734 = DIRECTION ( 'NONE',  ( 0.000000000000000000, 0.7071067811865799912, 0.7071067811865150432 ) ) ;
#7735 = ORIENTED_EDGE ( 'NONE', *, *, #23, .T. ) ;
#7736 = CARTESIAN_POINT ( 'NONE',  ( -0.2000000000000027867, -7.274613391789286787, 0.000000000000000000 ) ) ;
#7737 = CARTESIAN_POINT ( 'NONE',  ( 105.8479001739020049, 51.65920973258590010, 168.8506933095800093 ) ) ;
#7738 = EDGE_LOOP ( 'NONE', ( #504, #9282, #7680, #9184 ) ) ;
#7739 = ORIENTED_EDGE ( 'NONE', *, *, #3098, .T. ) ;
#7740 = EDGE_CURVE ( 'NONE', #3649, #1808, #7358, .T. ) ;
#7741 = VECTOR ( 'NONE', #7266, 1000.000000000000114 ) ;
#7742 = CARTESIAN_POINT ( 'NONE',  ( 124.9594733917878102, 109.1855827877990777, 149.1252349673555386 ) ) ;
#7743 = DIRECTION ( 'NONE',  ( 0.000000000000000000, 2.960594732333740256E-15, -1.000000000000000000 ) ) ;
#7744 = ORIENTED_EDGE ( 'NONE', *, *, #989, .T. ) ;
#7745 = CARTESIAN_POINT ( 'NONE',  ( 23.60000000000000853, -13.62546635287518626, 0.5999999999999999778 ) ) ;
#7746 = VECTOR ( 'NONE', #2154, 1000.000000000000000 ) ;
#7747 = CARTESIAN_POINT ( 'NONE',  ( 124.3594733917878159, 102.9855827877990890, 145.0837830830281519 ) ) ;
#7748 =( BOUNDED_CURVE ( )  B_SPLINE_CURVE ( 3, ( #1534, #80, #718, #4483 ),
 .UNSPECIFIED., .F., .T. ) 
 B_SPLINE_CURVE_WITH_KNOTS ( ( 4, 4 ),
 ( 4.121003649136559588, 4.199329675095116343 ),
 .UNSPECIFIED. ) 
 CURVE ( )  GEOMETRIC_REPRESENTATION_ITEM ( )  RATIONAL_B_SPLINE_CURVE ( ( 1.000000000000000000, 0.9994888181448779996, 0.9994888181448779996, 1.000000000000000000 ) ) 
 REPRESENTATION_ITEM ( '' )  );
#7749 = VERTEX_POINT ( 'NONE', #5152 ) ;
#7750 = DIRECTION ( 'NONE',  ( 0.000000000000000000, 0.7071067811865336949, -0.7071067811865614505 ) ) ;
#7751 = CARTESIAN_POINT ( 'NONE',  ( -2.226202981413853333E-16, 7.390083445627212200, 0.5999999999999999778 ) ) ;
#7752 = ADVANCED_FACE ( 'NONE', ( #4432 ), #3033, .F. ) ;
#7753 = AXIS2_PLACEMENT_3D ( 'NONE', #2679, #2093, #454 ) ;
#7754 = DIRECTION ( 'NONE',  ( -0.000000000000000000, -1.000000000000000000, 0.000000000000000000 ) ) ;
#7755 = CARTESIAN_POINT ( 'NONE',  ( 29.60000000000002629, -24.01777119828843965, 0.000000000000000000 ) ) ;
#7756 = DIRECTION ( 'NONE',  ( 6.503944880413198876E-16, 0.8660254037844405950, -0.4999999999999965028 ) ) ;
#7757 = ORIENTED_EDGE ( 'NONE', *, *, #2186, .T. ) ;
#7758 = CARTESIAN_POINT ( 'NONE',  ( 5.600000000000002309, 2.771281292110203243, 0.000000000000000000 ) ) ;
#7759 = VECTOR ( 'NONE', #1544, 1000.000000000000114 ) ;
#7760 = DIRECTION ( 'NONE',  ( 1.000000000000000000, 1.504038027996622089E-18, 1.309403304758604554E-15 ) ) ;
#7761 = AXIS2_PLACEMENT_3D ( 'NONE', #8684, #1052, #3504 ) ;
#7762 = EDGE_CURVE ( 'NONE', #2575, #8034, #5931, .T. ) ;
#7763 = ORIENTED_EDGE ( 'NONE', *, *, #7802, .T. ) ;
#7764 = ADVANCED_FACE ( 'NONE', ( #758 ), #5866, .F. ) ;
#7765 = DIRECTION ( 'NONE',  ( -6.503944880413198876E-16, -0.8660254037844407060, 0.4999999999999965028 ) ) ;
#7766 = VECTOR ( 'NONE', #412, 999.9999999999998863 ) ;
#7767 = DIRECTION ( 'NONE',  ( 3.350945575642590077E-15, 2.960594732333740256E-15, -1.000000000000000000 ) ) ;
#7768 = FACE_OUTER_BOUND ( 'NONE', #9173, .T. ) ;
#7769 = VECTOR ( 'NONE', #7402, 1000.000000000000114 ) ;
#7770 = EDGE_LOOP ( 'NONE', ( #8410, #3108, #888, #3753 ) ) ;
#7771 = FACE_OUTER_BOUND ( 'NONE', #3678, .T. ) ;
#7772 = LINE ( 'NONE', #7863, #6383 ) ;
#7773 = VERTEX_POINT ( 'NONE', #9510 ) ;
#7774 = DIRECTION ( 'NONE',  ( -0.8660254037844385966, -0.5000000000000001110, 0.000000000000000000 ) ) ;
#7775 = LINE ( 'NONE', #8575, #388 ) ;
#7776 = ORIENTED_EDGE ( 'NONE', *, *, #1663, .F. ) ;
#7777 = VECTOR ( 'NONE', #7097, 1000.000000000000000 ) ;
#7778 = VERTEX_POINT ( 'NONE', #3656 ) ;
#7779 = EDGE_CURVE ( 'NONE', #8034, #6143, #3932, .T. ) ;
#7780 = CARTESIAN_POINT ( 'NONE',  ( 12.40000000000000391, -0.2309401076758522964, 0.000000000000000000 ) ) ;
#7781 = DIRECTION ( 'NONE',  ( -6.503944880413212681E-16, -0.8660254037844400399, 0.4999999999999976130 ) ) ;
#7782 = ORIENTED_EDGE ( 'NONE', *, *, #6007, .T. ) ;
#7783 = VECTOR ( 'NONE', #5265, 1000.000000000000114 ) ;
#7784 = CARTESIAN_POINT ( 'NONE',  ( -0.2000000000000201617, -0.3464101615138111545, -0.000000000000000000 ) ) ;
#7785 = CARTESIAN_POINT ( 'NONE',  ( 124.3594733917878017, 73.58558278779899808, 162.7507013202306041 ) ) ;
#7786 = VERTEX_POINT ( 'NONE', #906 ) ;
#7787 = CARTESIAN_POINT ( 'NONE',  ( 124.9594733917878244, 85.18558278779909188, 145.4301932445418686 ) ) ;
#7788 = DIRECTION ( 'NONE',  ( 1.000000000000000000, 0.000000000000000000, 0.000000000000000000 ) ) ;
#7789 = VECTOR ( 'NONE', #836, 1000.000000000000000 ) ;
#7790 = ORIENTED_EDGE ( 'NONE', *, *, #1287, .F. ) ;
#7791 = ADVANCED_FACE ( 'NONE', ( #8839 ), #8985, .T. ) ;
#7792 = CONICAL_SURFACE ( 'NONE', #8092, 1.399999999999996803, 0.7853981633974511656 ) ;
#7793 = ORIENTED_EDGE ( 'NONE', *, *, #1626, .F. ) ;
#7794 = LINE ( 'NONE', #3510, #2462 ) ;
#7795 = DIRECTION ( 'NONE',  ( -0.000000000000000000, 0.000000000000000000, 1.000000000000000000 ) ) ;
#7796 = ORIENTED_EDGE ( 'NONE', *, *, #4955, .T. ) ;
#7797 = CARTESIAN_POINT ( 'NONE',  ( 114.4594733917879950, 99.36797539389074529, 108.1695030389180943 ) ) ;
#7798 = CIRCLE ( 'NONE', #9018, 1.700000000000000178 ) ;
#7799 = DIRECTION ( 'NONE',  ( 1.000000000000000000, 1.504038027996622089E-18, 1.309403304758604554E-15 ) ) ;
#7800 = ORIENTED_EDGE ( 'NONE', *, *, #7384, .T. ) ;
#7801 = CARTESIAN_POINT ( 'NONE',  ( 115.7594733917880063, 74.36797539389050371, 130.0501160567390002 ) ) ;
#7802 = EDGE_CURVE ( 'NONE', #157, #8281, #6596, .T. ) ;
#7803 = EDGE_CURVE ( 'NONE', #246, #3212, #167, .T. ) ;
#7804 = DIRECTION ( 'NONE',  ( 0.000000000000000000, 0.7071067811865474617, -0.7071067811865474617 ) ) ;
#7805 = DIRECTION ( 'NONE',  ( -1.000000000000000000, -1.504038027996622089E-18, -1.309403304758604554E-15 ) ) ;
#7806 = CARTESIAN_POINT ( 'NONE',  ( 103.4479001739019992, 50.05879653723830813, 146.8896251811480056 ) ) ;
#7807 = ORIENTED_EDGE ( 'NONE', *, *, #5293, .T. ) ;
#7808 = AXIS2_PLACEMENT_3D ( 'NONE', #292, #6950, #8427 ) ;
#7809 = CARTESIAN_POINT ( 'NONE',  ( 124.3594733917878017, 89.98558278779906061, 152.3583964748173969 ) ) ;
#7810 = EDGE_CURVE ( 'NONE', #333, #8136, #2205, .T. ) ;
#7811 = VECTOR ( 'NONE', #1013, 1000.000000000000000 ) ;
#7812 = CARTESIAN_POINT ( 'NONE',  ( 124.9594733917878244, 90.58558278779908335, 145.7766034060556706 ) ) ;
#7813 = ADVANCED_FACE ( 'NONE', ( #5344 ), #8271, .F. ) ;
#7814 = VERTEX_POINT ( 'NONE', #3803 ) ;
#7815 = DIRECTION ( 'NONE',  ( -1.309403304758604751E-15, -3.668761925651101858E-15, 1.000000000000000000 ) ) ;
#7816 = LINE ( 'NONE', #439, #8830 ) ;
#7817 = DIRECTION ( 'NONE',  ( -1.000000000000000000, -1.504038027996622089E-18, -1.309403304758604554E-15 ) ) ;
#7818 = ORIENTED_EDGE ( 'NONE', *, *, #1110, .T. ) ;
#7819 = PLANE ( 'NONE',  #6184 ) ;
#7820 = LINE ( 'NONE', #1211, #7906 ) ;
#7821 = ORIENTED_EDGE ( 'NONE', *, *, #6337, .F. ) ;
#7822 = LINE ( 'NONE', #7865, #1880 ) ;
#7823 = EDGE_CURVE ( 'NONE', #3352, #1179, #1719, .T. ) ;
#7824 = FACE_OUTER_BOUND ( 'NONE', #1906, .T. ) ;
#7825 = EDGE_CURVE ( 'NONE', #6457, #5436, #5486, .T. ) ;
#7826 = ORIENTED_EDGE ( 'NONE', *, *, #1970, .T. ) ;
#7827 = VECTOR ( 'NONE', #88, 1000.000000000000000 ) ;
#7828 = ORIENTED_EDGE ( 'NONE', *, *, #1760, .F. ) ;
#7829 = DIRECTION ( 'NONE',  ( 1.360023205165770022E-15, -2.960594732333765105E-15, 1.000000000000000000 ) ) ;
#7830 =( LENGTH_UNIT ( ) NAMED_UNIT ( * ) SI_UNIT ( .MILLI., .METRE. ) );
#7831 = VECTOR ( 'NONE', #7805, 1000.000000000000000 ) ;
#7832 = ORIENTED_EDGE ( 'NONE', *, *, #3757, .F. ) ;
#7833 = DIRECTION ( 'NONE',  ( -0.000000000000000000, -0.000000000000000000, -1.000000000000000000 ) ) ;
#7834 = PLANE ( 'NONE',  #5151 ) ;
#7835 = ORIENTED_EDGE ( 'NONE', *, *, #5808, .F. ) ;
#7836 = CARTESIAN_POINT ( 'NONE',  ( 12.00000000000000355, 0.4618802153516995967, 0.000000000000000000 ) ) ;
#7837 = EDGE_CURVE ( 'NONE', #7393, #8858, #6160, .T. ) ;
#7838 = CARTESIAN_POINT ( 'NONE',  ( 24.40000000000001990, -27.01999259807449860, 0.5999999999999999778 ) ) ;
#7839 = EDGE_CURVE ( 'NONE', #1310, #1335, #3011, .T. ) ;
#7840 = ORIENTED_EDGE ( 'NONE', *, *, #1042, .T. ) ;
#7841 = ORIENTED_EDGE ( 'NONE', *, *, #2822, .T. ) ;
#7842 = DIRECTION ( 'NONE',  ( -1.000000000000000000, 5.292037523355240942E-16, -3.285328468285960224E-15 ) ) ;
#7843 = DIRECTION ( 'NONE',  ( 6.503944880413198876E-16, 0.8660254037844407060, -0.4999999999999965028 ) ) ;
#7844 = ORIENTED_EDGE ( 'NONE', *, *, #751, .F. ) ;
#7845 = CARTESIAN_POINT ( 'NONE',  ( -2.800000000000002931, -4.849742261192862891, 0.5999999999999999778 ) ) ;
#7846 = DIRECTION ( 'NONE',  ( -1.000000000000000000, 5.292037523355240942E-16, -3.285328468285960224E-15 ) ) ;
#7847 = EDGE_CURVE ( 'NONE', #7728, #9073, #7146, .T. ) ;
#7848 = EDGE_LOOP ( 'NONE', ( #3131, #8338, #5459, #1574 ) ) ;
#7849 = LINE ( 'NONE', #8556, #1789 ) ;
#7850 = DIRECTION ( 'NONE',  ( 1.000000000000000000, 3.659954016805840400E-31, 0.000000000000000000 ) ) ;
#7851 = DIRECTION ( 'NONE',  ( -1.332169591021890008E-15, -2.960594732333740256E-15, 1.000000000000000000 ) ) ;
#7852 = DIRECTION ( 'NONE',  ( -1.131489783230271231E-15, -0.5000000000000032196, 0.8660254037844368202 ) ) ;
#7853 = EDGE_CURVE ( 'NONE', #8322, #5437, #9175, .T. ) ;
#7854 = ORIENTED_EDGE ( 'NONE', *, *, #4278, .F. ) ;
#7855 = CARTESIAN_POINT ( 'NONE',  ( 124.3594733917878017, 103.1855827877990777, 151.6655761517898782 ) ) ;
#7856 = CARTESIAN_POINT ( 'NONE',  ( 120.6858752568550130, 103.2954405435969960, 181.0501160567390002 ) ) ;
#7857 = VECTOR ( 'NONE', #9493, 1000.000000000000000 ) ;
#7858 = DIRECTION ( 'NONE',  ( 0.000000000000000000, -1.301042606982613209E-14, -1.000000000000000000 ) ) ;
#7859 = DIRECTION ( 'NONE',  ( -6.573840876841789860E-31, 3.229739708000450155E-15, -1.000000000000000000 ) ) ;
#7860 = LINE ( 'NONE', #440, #5969 ) ;
#7861 = ORIENTED_EDGE ( 'NONE', *, *, #3742, .F. ) ;
#7862 = DIRECTION ( 'NONE',  ( 0.4999999999999997224, 0.8660254037844388186, -0.000000000000000000 ) ) ;
#7863 = CARTESIAN_POINT ( 'NONE',  ( 124.3594733917878017, 101.9855827877990606, 152.3583964748174537 ) ) ;
#7864 = ORIENTED_EDGE ( 'NONE', *, *, #1391, .F. ) ;
#7865 = CARTESIAN_POINT ( 'NONE',  ( 124.3594733917878017, 108.9855827877990606, 156.1689082514689915 ) ) ;
#7866 = CARTESIAN_POINT ( 'NONE',  ( 124.9594733917878244, 102.9855827877990890, 145.0837830830281519 ) ) ;
#7867 = ORIENTED_EDGE ( 'NONE', *, *, #3768, .T. ) ;
#7868 = VECTOR ( 'NONE', #1040, 1000.000000000000000 ) ;
#7869 = EDGE_LOOP ( 'NONE', ( #9248, #436, #5717, #8428 ) ) ;
#7870 = DIRECTION ( 'NONE',  ( -1.000000000000000000, 0.000000000000000000, 0.000000000000000000 ) ) ;
#7871 = EDGE_CURVE ( 'NONE', #5761, #3936, #8492, .T. ) ;
#7872 = PLANE ( 'NONE',  #7646 ) ;
#7873 = VECTOR ( 'NONE', #6931, 1000.000000000000000 ) ;
#7874 = VERTEX_POINT ( 'NONE', #4759 ) ;
#7875 = DIRECTION ( 'NONE',  ( 0.000000000000000000, -0.1260166810503151325, 0.9920281226341635117 ) ) ;
#7876 = DIRECTION ( 'NONE',  ( -1.000000000000000000, -1.504038027996622089E-18, -1.309403304758604554E-15 ) ) ;
#7877 = ORIENTED_EDGE ( 'NONE', *, *, #3353, .F. ) ;
#7878 = CARTESIAN_POINT ( 'NONE',  ( 119.4594733917879807, 79.36797539389070266, 129.0501160567390002 ) ) ;
#7879 = CARTESIAN_POINT ( 'NONE',  ( 124.3594733917878301, 99.58558278779911177, 139.8876306603214914 ) ) ;
#7880 = ORIENTED_EDGE ( 'NONE', *, *, #2001, .T. ) ;
#7881 = ORIENTED_EDGE ( 'NONE', *, *, #5737, .T. ) ;
#7882 = EDGE_CURVE ( 'NONE', #1320, #8405, #6112, .T. ) ;
#7883 = EDGE_CURVE ( 'NONE', #5887, #6356, #9125, .T. ) ;
#7884 = DIRECTION ( 'NONE',  ( 0.8660254037844385966, -0.5000000000000001110, 0.000000000000000000 ) ) ;
#7885 = VECTOR ( 'NONE', #5891, 1000.000000000000000 ) ;
#7886 = DIRECTION ( 'NONE',  ( -1.309403304758604751E-15, -4.322446894693699141E-15, 1.000000000000000000 ) ) ;
#7887 = ORIENTED_EDGE ( 'NONE', *, *, #6357, .F. ) ;
#7888 = LINE ( 'NONE', #3466, #6956 ) ;
#7889 = DIRECTION ( 'NONE',  ( -1.000000000000000000, -3.659954016805835145E-31, 8.972293643497859948E-53 ) ) ;
#7890 = CARTESIAN_POINT ( 'NONE',  ( 103.4479001739019992, 51.65920973258590010, 168.8506933095800093 ) ) ;
#7891 = AXIS2_PLACEMENT_3D ( 'NONE', #9521, #8088, #1490 ) ;
#7892 = EDGE_CURVE ( 'NONE', #3126, #239, #5534, .T. ) ;
#7893 = LINE ( 'NONE', #2064, #3509 ) ;
#7894 = DIRECTION ( 'NONE',  ( 1.000000000000000000, 1.504038027996622089E-18, 1.309403304758604554E-15 ) ) ;
#7895 = CARTESIAN_POINT ( 'NONE',  ( 124.9594733917878244, 105.5855827877991118, 140.5804509833490954 ) ) ;
#7896 = AXIS2_PLACEMENT_3D ( 'NONE', #83, #132, #6747 ) ;
#7897 = ORIENTED_EDGE ( 'NONE', *, *, #1185, .F. ) ;
#7898 = FACE_OUTER_BOUND ( 'NONE', #4310, .T. ) ;
#7899 = CARTESIAN_POINT ( 'NONE',  ( 30.40000000000002700, -24.47965141364013775, 0.5999999999999999778 ) ) ;
#7900 = VECTOR ( 'NONE', #7967, 1000.000000000000114 ) ;
#7901 = EDGE_CURVE ( 'NONE', #9405, #4189, #2543, .T. ) ;
#7902 = CARTESIAN_POINT ( 'NONE',  ( 24.00000000000002132, -28.17469313645374385, 0.5999999999999999778 ) ) ;
#7903 = CARTESIAN_POINT ( 'NONE',  ( -2.226202981413853333E-16, 7.390083445627212200, 0.5999999999999999778 ) ) ;
#7904 = LINE ( 'NONE', #7951, #5976 ) ;
#7905 = VERTEX_POINT ( 'NONE', #4040 ) ;
#7906 = VECTOR ( 'NONE', #7094, 1000.000000000000000 ) ;
#7907 = LINE ( 'NONE', #1305, #2963 ) ;
#7908 = DIRECTION ( 'NONE',  ( -6.938893903907880112E-18, -2.413561285175750205E-15, 1.000000000000000000 ) ) ;
#7909 = EDGE_LOOP ( 'NONE', ( #3058, #3325, #9168, #4908 ) ) ;
#7910 = CARTESIAN_POINT ( 'NONE',  ( 104.6479001739019878, 47.54163924971199862, 172.1503116178929815 ) ) ;
#7911 = CARTESIAN_POINT ( 'NONE',  ( 124.9594733917878244, 109.1855827877991061, 141.7351515217283691 ) ) ;
#7912 = ORIENTED_EDGE ( 'NONE', *, *, #1825, .T. ) ;
#7913 = EDGE_LOOP ( 'NONE', ( #8203, #8087, #3562, #97 ) ) ;
#7914 = ADVANCED_FACE ( 'NONE', ( #3179 ), #1130, .T. ) ;
#7915 = AXIS2_PLACEMENT_3D ( 'NONE', #8464, #8420, #1829 ) ;
#7916 = LINE ( 'NONE', #1314, #8539 ) ;
#7917 = PLANE ( 'NONE',  #5964 ) ;
#7918 = ORIENTED_EDGE ( 'NONE', *, *, #9335, .F. ) ;
#7919 = FACE_OUTER_BOUND ( 'NONE', #766, .T. ) ;
#7920 = SHAPE_REPRESENTATION_RELATIONSHIP ( 'NONE' , 'NONE' ,  #4132, #9100 ) ;
#7921 = DIRECTION ( 'NONE',  ( -0.7071067811865359154, 0.7071067811865517916, -1.016226014921509624E-07 ) ) ;
#7922 = VERTEX_POINT ( 'NONE', #5391 ) ;
#7923 = CARTESIAN_POINT ( 'NONE',  ( 124.5594733917880603, 112.0589298376742562, 177.1499827563283418 ) ) ;
#7924 = CIRCLE ( 'NONE', #3020, 1.199999999999971978 ) ;
#7925 = CARTESIAN_POINT ( 'NONE',  ( 121.5594733917879893, 50.85900246190750096, 134.3001160632319966 ) ) ;
#7926 = CARTESIAN_POINT ( 'NONE',  ( 18.40000000000000213, 0.000000000000000000, -0.000000000000000000 ) ) ;
#7927 = ADVANCED_FACE ( 'NONE', ( #8355 ), #1765, .T. ) ;
#7928 = ORIENTED_EDGE ( 'NONE', *, *, #4707, .F. ) ;
#7929 = EDGE_LOOP ( 'NONE', ( #1803, #8130, #1168, #8611 ) ) ;
#7930 = VECTOR ( 'NONE', #1928, 1000.000000000000000 ) ;
#7931 = LINE ( 'NONE', #1232, #4159 ) ;
#7932 = DIRECTION ( 'NONE',  ( 0.000000000000000000, 0.000000000000000000, 1.000000000000000000 ) ) ;
#7933 = EDGE_LOOP ( 'NONE', ( #4171, #7215, #8443, #8646, #3439, #2627, #4826, #478, #3297, #9107, #7835, #6216, #1338 ) ) ;
#7934 = CARTESIAN_POINT ( 'NONE',  ( 18.19999999999999929, -10.73871500692704828, 0.000000000000000000 ) ) ;
#7935 = DIRECTION ( 'NONE',  ( 0.7071067811865474617, 0.7071067811865474617, -3.140184917367617761E-14 ) ) ;
#7936 = EDGE_CURVE ( 'NONE', #1386, #4900, #360, .T. ) ;
#7937 = AXIS2_PLACEMENT_3D ( 'NONE', #8438, #7014, #1846 ) ;
#7938 = EDGE_CURVE ( 'NONE', #4435, #371, #8316, .T. ) ;
#7939 = ORIENTED_EDGE ( 'NONE', *, *, #1638, .F. ) ;
#7940 = CARTESIAN_POINT ( 'NONE',  ( 121.9594733917879950, 64.38389949957890224, 134.3001160632319966 ) ) ;
#7941 = ORIENTED_EDGE ( 'NONE', *, *, #614, .F. ) ;
#7942 = DIRECTION ( 'NONE',  ( 0.000000000000000000, -1.000000000000000000, 0.000000000000000000 ) ) ;
#7943 = VECTOR ( 'NONE', #8036, 999.9999999999998863 ) ;
#7944 = CARTESIAN_POINT ( 'NONE',  ( 6.200000000000004619, 10.73871500692704117, 0.5999999999999999778 ) ) ;
#7945 = EDGE_LOOP ( 'NONE', ( #8543, #8687, #7190, #7351 ) ) ;
#7946 = CARTESIAN_POINT ( 'NONE',  ( 122.3834795488590004, 48.28321695458949847, 143.9772882653229829 ) ) ;
#7947 = DIRECTION ( 'NONE',  ( 0.000000000000000000, 0.7071067811866168507, 0.7071067811864780728 ) ) ;
#7948 = ADVANCED_FACE ( 'NONE', ( #1041 ), #9039, .F. ) ;
#7949 = DIRECTION ( 'NONE',  ( 4.087556092131263946E-16, 1.000000000000000000, 0.000000000000000000 ) ) ;
#7950 = DIRECTION ( 'NONE',  ( 0.000000000000000000, 0.000000000000000000, 1.000000000000000000 ) ) ;
#7951 = CARTESIAN_POINT ( 'NONE',  ( 134.8213598216350135, 59.05525874866368952, 180.9915374129763279 ) ) ;
#7952 = ORIENTED_EDGE ( 'NONE', *, *, #215, .F. ) ;
#7953 = VECTOR ( 'NONE', #4251, 1000.000000000000000 ) ;
#7954 = DIRECTION ( 'NONE',  ( -6.503944880413190001E-16, -0.8660254037844410391, 0.4999999999999958922 ) ) ;
#7955 = LINE ( 'NONE', #2178, #1135 ) ;
#7956 = ORIENTED_EDGE ( 'NONE', *, *, #5501, .T. ) ;
#7957 = CARTESIAN_POINT ( 'NONE',  ( -5.200000000000002842, 3.464101615137754830, 0.000000000000000000 ) ) ;
#7958 = LINE ( 'NONE', #4308, #1473 ) ;
#7959 = ORIENTED_EDGE ( 'NONE', *, *, #9074, .F. ) ;
#7960 = EDGE_CURVE ( 'NONE', #9311, #8827, #311, .T. ) ;
#7961 = ORIENTED_EDGE ( 'NONE', *, *, #8296, .F. ) ;
#7962 = DIRECTION ( 'NONE',  ( 1.131489783230271231E-15, 0.5000000000000032196, -0.8660254037844368202 ) ) ;
#7963 = CARTESIAN_POINT ( 'NONE',  ( 5.200000000000001954, 3.464101615137754830, 0.5999999999999999778 ) ) ;
#7964 = VERTEX_POINT ( 'NONE', #1903 ) ;
#7965 = DIRECTION ( 'NONE',  ( -1.000000000000000000, -1.504038027996622089E-18, -1.309403304758604554E-15 ) ) ;
#7966 = PRODUCT_CONTEXT ( 'NONE', #2914, 'mechanical' ) ;
#7967 = DIRECTION ( 'NONE',  ( -6.590088167172844687E-16, 0.8660254037844367092, 0.5000000000000033307 ) ) ;
#7968 = ORIENTED_EDGE ( 'NONE', *, *, #3048, .F. ) ;
#7969 = CARTESIAN_POINT ( 'NONE',  ( 124.5975336255319945, 112.1207363035189957, 177.0343509917350104 ) ) ;
#7970 = DIRECTION ( 'NONE',  ( 6.503944880413204792E-16, 0.8660254037844403729, -0.4999999999999969469 ) ) ;
#7971 = EDGE_CURVE ( 'NONE', #8274, #449, #3894, .T. ) ;
#7972 = ORIENTED_EDGE ( 'NONE', *, *, #2357, .T. ) ;
#7973 = ORIENTED_EDGE ( 'NONE', *, *, #3767, .F. ) ;
#7974 = FACE_OUTER_BOUND ( 'NONE', #6201, .T. ) ;
#7975 = PLANE ( 'NONE',  #7599 ) ;
#7976 = ORIENTED_EDGE ( 'NONE', *, *, #7524, .T. ) ;
#7977 = CARTESIAN_POINT ( 'NONE',  ( 121.7594733917879921, 49.15900246190719969, 176.8500716728239865 ) ) ;
#7978 = LINE ( 'NONE', #1378, #8370 ) ;
#7979 = EDGE_CURVE ( 'NONE', #199, #5525, #9448, .T. ) ;
#7980 = ORIENTED_EDGE ( 'NONE', *, *, #2150, .F. ) ;
#7981 = ORIENTED_EDGE ( 'NONE', *, *, #8888, .F. ) ;
#7982 = LINE ( 'NONE', #8745, #4896 ) ;
#7983 = EDGE_CURVE ( 'NONE', #1399, #6581, #3593, .T. ) ;
#7984 = ORIENTED_EDGE ( 'NONE', *, *, #7901, .F. ) ;
#7985 = CARTESIAN_POINT ( 'NONE',  ( 121.7594733917879921, 53.85900246190750096, 136.0001160632320136 ) ) ;
#7986 = CARTESIAN_POINT ( 'NONE',  ( 128.2219945542599930, 106.6417305992879960, 177.3875948942660159 ) ) ;
#7987 = ORIENTED_EDGE ( 'NONE', *, *, #4174, .T. ) ;
#7988 = DIRECTION ( 'NONE',  ( 0.000000000000000000, 0.000000000000000000, -1.000000000000000000 ) ) ;
#7989 = DIRECTION ( 'NONE',  ( -0.7071067811865475727, -2.587978304114349389E-31, 0.7071067811865475727 ) ) ;
#7990 = DIRECTION ( 'NONE',  ( 1.000000000000000000, -2.818307069383390296E-16, -1.101446463910520015E-30 ) ) ;
#7991 = EDGE_CURVE ( 'NONE', #3398, #6509, #9262, .T. ) ;
#7992 = EDGE_CURVE ( 'NONE', #3460, #763, #9357, .T. ) ;
#7993 = CARTESIAN_POINT ( 'NONE',  ( 120.3795447381999963, 103.0744595138680069, 180.8291350270100111 ) ) ;
#7994 = LINE ( 'NONE', #4301, #2287 ) ;
#7995 = ORIENTED_EDGE ( 'NONE', *, *, #4202, .T. ) ;
#7996 = CARTESIAN_POINT ( 'NONE',  ( 121.7594733917879921, 52.55900246190749669, 134.3001160632319966 ) ) ;
#7997 = CARTESIAN_POINT ( 'NONE',  ( 11.80000000000000249, -7.274613391789286787, 0.5999999999999999778 ) ) ;
#7998 = ORIENTED_EDGE ( 'NONE', *, *, #4719, .F. ) ;
#7999 = DIRECTION ( 'NONE',  ( 3.155443620884050024E-30, -1.000000000000000000, -3.908184725064409972E-15 ) ) ;
#8000 = DIRECTION ( 'NONE',  ( 0.000000000000000000, -1.000000000000000000, -2.960594732333740256E-15 ) ) ;
#8001 = ORIENTED_EDGE ( 'NONE', *, *, #4141, .T. ) ;
#8002 = AXIS2_PLACEMENT_3D ( 'NONE', #166, #2257, #6060 ) ;
#8003 = CONICAL_SURFACE ( 'NONE', #8164, 4.950000000000689404, 0.7853981633974291832 ) ;
#8004 = VERTEX_POINT ( 'NONE', #9400 ) ;
#8005 = DIRECTION ( 'NONE',  ( -6.503944880413200848E-16, -0.8660254037844405950, 0.4999999999999966138 ) ) ;
#8006 = EDGE_CURVE ( 'NONE', #830, #6641, #2148, .T. ) ;
#8007 = DIRECTION ( 'NONE',  ( -1.332169591021890008E-15, -9.418187477130301290E-16, 1.000000000000000000 ) ) ;
#8008 = ORIENTED_EDGE ( 'NONE', *, *, #4921, .F. ) ;
#8009 = CARTESIAN_POINT ( 'NONE',  ( 124.9594733917877818, 73.18558278779897819, 169.4479644428302549 ) ) ;
#8010 = CARTESIAN_POINT ( 'NONE',  ( 0.000000000000000000, 0.000000000000000000, 0.000000000000000000 ) ) ;
#8011 = LINE ( 'NONE', #7290, #4680 ) ;
#8012 = ORIENTED_EDGE ( 'NONE', *, *, #3704, .F. ) ;
#8013 = DIRECTION ( 'NONE',  ( -0.000000000000000000, 0.000000000000000000, 1.000000000000000000 ) ) ;
#8014 = CARTESIAN_POINT ( 'NONE',  ( -5.800000000000003375, -10.04589468389948870, 0.5999999999999999778 ) ) ;
#8015 = EDGE_LOOP ( 'NONE', ( #3031, #6408, #6442 ) ) ;
#8016 = EDGE_LOOP ( 'NONE', ( #4617, #4505, #2382, #2397 ) ) ;
#8017 = AXIS2_PLACEMENT_3D ( 'NONE', #6298, #1954, #4992 ) ;
#8018 = ORIENTED_EDGE ( 'NONE', *, *, #8493, .T. ) ;
#8019 = EDGE_CURVE ( 'NONE', #3865, #743, #1955, .T. ) ;
#8020 = LINE ( 'NONE', #8784, #2160 ) ;
#8021 = DIRECTION ( 'NONE',  ( -6.503944880413201834E-16, -0.8660254037844404840, 0.4999999999999967248 ) ) ;
#8022 = ORIENTED_EDGE ( 'NONE', *, *, #4917, .T. ) ;
#8023 = DIRECTION ( 'NONE',  ( 1.000000000000000000, 1.504038027996622089E-18, 1.309403304758604554E-15 ) ) ;
#8024 = CARTESIAN_POINT ( 'NONE',  ( 124.9594733917877960, 93.58558278779902651, 161.3650606741755666 ) ) ;
#8025 = VECTOR ( 'NONE', #3928, 1000.000000000000000 ) ;
#8026 = EDGE_CURVE ( 'NONE', #6074, #5943, #2736, .T. ) ;
#8027 = ORIENTED_EDGE ( 'NONE', *, *, #7132, .F. ) ;
#8028 = EDGE_LOOP ( 'NONE', ( #7973, #2083, #7854, #2042 ) ) ;
#8029 = VECTOR ( 'NONE', #3533, 1000.000000000000114 ) ;
#8030 = CARTESIAN_POINT ( 'NONE',  ( 17.60000000000000142, -10.39230484541327293, 0.000000000000000000 ) ) ;
#8031 = ORIENTED_EDGE ( 'NONE', *, *, #9401, .T. ) ;
#8032 = DIRECTION ( 'NONE',  ( 0.000000000000000000, 0.000000000000000000, -1.000000000000000000 ) ) ;
#8033 = DIRECTION ( 'NONE',  ( -1.000000000000000000, 1.684925824262390165E-30, -1.332169591021890008E-15 ) ) ;
#8034 = VERTEX_POINT ( 'NONE', #7925 ) ;
#8035 = CARTESIAN_POINT ( 'NONE',  ( 18.00000000000000711, -3.925981830489457813, 0.000000000000000000 ) ) ;
#8036 = DIRECTION ( 'NONE',  ( -0.8660254037844385966, 0.5000000000000002220, 0.000000000000000000 ) ) ;
#8037 = EDGE_CURVE ( 'NONE', #6237, #8898, #602, .T. ) ;
#8038 = FACE_OUTER_BOUND ( 'NONE', #4670, .T. ) ;
#8039 = DIRECTION ( 'NONE',  ( -0.000000000000000000, -0.000000000000000000, -1.000000000000000000 ) ) ;
#8040 = DIRECTION ( 'NONE',  ( -0.7071067811865709984, -0.7071067811865240360, -3.321995456495584955E-14 ) ) ;
#8041 = ORIENTED_EDGE ( 'NONE', *, *, #9145, .T. ) ;
#8042 = CARTESIAN_POINT ( 'NONE',  ( 117.4594733917879950, 74.36797539389039002, 181.0501160567390002 ) ) ;
#8043 = CARTESIAN_POINT ( 'NONE',  ( 105.8479001739020049, 51.65921008091940081, 145.2896251811480113 ) ) ;
#8044 = ORIENTED_EDGE ( 'NONE', *, *, #5983, .T. ) ;
#8045 = CARTESIAN_POINT ( 'NONE',  ( 11.60000000000000497, -6.928203230275511437, 0.5999999999999999778 ) ) ;
#8046 = VECTOR ( 'NONE', #1047, 1000.000000000000000 ) ;
#8047 = LINE ( 'NONE', #47, #703 ) ;
#8048 = VERTEX_POINT ( 'NONE', #4140 ) ;
#8049 = EDGE_CURVE ( 'NONE', #3212, #8668, #7924, .T. ) ;
#8050 = EDGE_CURVE ( 'NONE', #1058, #8322, #7157, .T. ) ;
#8051 = ORIENTED_EDGE ( 'NONE', *, *, #4926, .F. ) ;
#8052 = DIRECTION ( 'NONE',  ( -1.309403304758604751E-15, -3.668761925651101858E-15, 1.000000000000000000 ) ) ;
#8053 = VECTOR ( 'NONE', #9172, 1000.000000000000114 ) ;
#8054 = CARTESIAN_POINT ( 'NONE',  ( 124.7594733917880063, 111.2673751810189913, 177.6586947005080219 ) ) ;
#8055 = EDGE_LOOP ( 'NONE', ( #6196, #8908, #4567, #8490 ) ) ;
#8056 = LINE ( 'NONE', #8773, #6179 ) ;
#8057 =( NAMED_UNIT ( * ) PLANE_ANGLE_UNIT ( ) SI_UNIT ( $, .RADIAN. ) );
#8058 = DIRECTION ( 'NONE',  ( 1.160089566501486105E-30, 2.786442101020000296E-15, -1.000000000000000000 ) ) ;
#8059 = EDGE_LOOP ( 'NONE', ( #3182, #7390, #5, #2874 ) ) ;
#8060 = DIRECTION ( 'NONE',  ( 4.973484979956663106E-18, -1.000000000000000000, -4.322446894693699141E-15 ) ) ;
#8061 = DIRECTION ( 'NONE',  ( 0.000000000000000000, 0.000000000000000000, 1.000000000000000000 ) ) ;
#8062 = EDGE_LOOP ( 'NONE', ( #1529, #7939, #3188, #1642 ) ) ;
#8063 = CARTESIAN_POINT ( 'NONE',  ( 124.3594733917878017, 96.78558278779905777, 155.3606178746034914 ) ) ;
#8064 = VECTOR ( 'NONE', #779, 1000.000000000000000 ) ;
#8065 = ADVANCED_FACE ( 'NONE', ( #648 ), #6485, .T. ) ;
#8066 = CIRCLE ( 'NONE', #6690, 5.149999999999072209 ) ;
#8067 = VERTEX_POINT ( 'NONE', #3412 ) ;
#8068 = ORIENTED_EDGE ( 'NONE', *, *, #8345, .F. ) ;
#8069 = AXIS2_PLACEMENT_3D ( 'NONE', #2405, #8075, #4573 ) ;
#8070 = DIRECTION ( 'NONE',  ( 2.320179133002970108E-30, 2.960594732333740256E-15, -1.000000000000000000 ) ) ;
#8071 = VECTOR ( 'NONE', #5863, 1000.000000000000000 ) ;
#8072 = DIRECTION ( 'NONE',  ( -6.503944880413203806E-16, -0.8660254037844404840, 0.4999999999999968914 ) ) ;
#8073 = VERTEX_POINT ( 'NONE', #8682 ) ;
#8074 = PLANE ( 'NONE',  #8002 ) ;
#8075 = DIRECTION ( 'NONE',  ( 1.131489783230272414E-15, 0.5000000000000019984, -0.8660254037844375974 ) ) ;
#8076 = EDGE_CURVE ( 'NONE', #7033, #527, #1368, .T. ) ;
#8077 = ORIENTED_EDGE ( 'NONE', *, *, #1148, .F. ) ;
#8078 = AXIS2_PLACEMENT_3D ( 'NONE', #8344, #1703, #1118 ) ;
#8079 =( GEOMETRIC_REPRESENTATION_CONTEXT ( 3 ) GLOBAL_UNCERTAINTY_ASSIGNED_CONTEXT ( ( #924 ) ) GLOBAL_UNIT_ASSIGNED_CONTEXT ( ( #5188, #8057, #692 ) ) REPRESENTATION_CONTEXT ( 'NONE', 'WORKASPACE' ) );
#8080 = EDGE_LOOP ( 'NONE', ( #3348, #1051, #9060, #3312 ) ) ;
#8081 = LINE ( 'NONE', #1576, #3959 ) ;
#8082 = ORIENTED_EDGE ( 'NONE', *, *, #7636, .F. ) ;
#8083 = DIRECTION ( 'NONE',  ( 0.000000000000000000, -0.7071067811865550112, 0.7071067811865400232 ) ) ;
#8084 = CARTESIAN_POINT ( 'NONE',  ( 124.9594733917878244, 91.18558278779909188, 145.4301932445418970 ) ) ;
#8085 = VECTOR ( 'NONE', #8052, 1000.000000000000000 ) ;
#8086 = VECTOR ( 'NONE', #1644, 1000.000000000000000 ) ;
#8087 = ORIENTED_EDGE ( 'NONE', *, *, #1573, .T. ) ;
#8088 = DIRECTION ( 'NONE',  ( -6.938893903907880112E-18, -2.413561285175750205E-15, 1.000000000000000000 ) ) ;
#8089 = PLANE ( 'NONE',  #2260 ) ;
#8090 = EDGE_CURVE ( 'NONE', #6015, #5368, #5040, .T. ) ;
#8091 = ADVANCED_FACE ( 'NONE', ( #4319 ), #6528, .T. ) ;
#8092 = AXIS2_PLACEMENT_3D ( 'NONE', #4443, #5978, #723 ) ;
#8093 = CARTESIAN_POINT ( 'NONE',  ( 11.80000000000000249, -7.274613391789286787, 0.000000000000000000 ) ) ;
#8094 = CARTESIAN_POINT ( 'NONE',  ( 124.9594733917877818, 85.18558278779899240, 169.9098446581819815 ) ) ;
#8095 = FACE_OUTER_BOUND ( 'NONE', #2916, .T. ) ;
#8096 = ORIENTED_EDGE ( 'NONE', *, *, #6688, .F. ) ;
#8097 = EDGE_CURVE ( 'NONE', #6143, #9349, #1184, .T. ) ;
#8098 = DIRECTION ( 'NONE',  ( 0.8660254037844381525, -0.5000000000000008882, 0.000000000000000000 ) ) ;
#8099 = ORIENTED_EDGE ( 'NONE', *, *, #2769, .T. ) ;
#8100 = VECTOR ( 'NONE', #3661, 1000.000000000000000 ) ;
#8101 = DIRECTION ( 'NONE',  ( 0.000000000000000000, -1.000000000000000000, 0.000000000000000000 ) ) ;
#8102 = VECTOR ( 'NONE', #886, 1000.000000000000000 ) ;
#8103 = DIRECTION ( 'NONE',  ( -1.000000000000000000, 2.818307069383460308E-16, -1.570000712152659950E-15 ) ) ;
#8104 = ORIENTED_EDGE ( 'NONE', *, *, #5044, .F. ) ;
#8105 = EDGE_CURVE ( 'NONE', #5320, #8935, #3456, .T. ) ;
#8106 = ORIENTED_EDGE ( 'NONE', *, *, #6609, .F. ) ;
#8107 = CARTESIAN_POINT ( 'NONE',  ( 124.9594733917878102, 89.98558278779906061, 152.3583964748173969 ) ) ;
#8108 = MECHANICAL_DESIGN_GEOMETRIC_PRESENTATION_REPRESENTATION (  '', ( #2886 ), #6573 ) ;
#8109 = VECTOR ( 'NONE', #7949, 1000.000000000000000 ) ;
#8110 = CARTESIAN_POINT ( 'NONE',  ( 124.3594733917878159, 102.3855827877990947, 145.6611333522177745 ) ) ;
#8111 = ORIENTED_EDGE ( 'NONE', *, *, #3757, .T. ) ;
#8112 = EDGE_CURVE ( 'NONE', #7277, #6390, #6393, .T. ) ;
#8113 = LINE ( 'NONE', #3736, #1 ) ;
#8114 = LINE ( 'NONE', #8871, #986 ) ;
#8115 = ORIENTED_EDGE ( 'NONE', *, *, #5628, .F. ) ;
#8116 = CARTESIAN_POINT ( 'NONE',  ( 0.3999999999999926392, 2.614739876170339826E-16, 0.5999999999999999778 ) ) ;
#8117 = FACE_OUTER_BOUND ( 'NONE', #3741, .T. ) ;
#8118 = ORIENTED_EDGE ( 'NONE', *, *, #8384, .T. ) ;
#8119 = FACE_OUTER_BOUND ( 'NONE', #3469, .T. ) ;
#8120 = ORIENTED_EDGE ( 'NONE', *, *, #6254, .F. ) ;
#8121 = VERTEX_POINT ( 'NONE', #3503 ) ;
#8122 = EDGE_CURVE ( 'NONE', #683, #2129, #7436, .T. ) ;
#8123 = FACE_OUTER_BOUND ( 'NONE', #9120, .T. ) ;
#8124 = ADVANCED_FACE ( 'NONE', ( #7294 ), #3475, .F. ) ;
#8125 = FACE_OUTER_BOUND ( 'NONE', #2168, .T. ) ;
#8126 = ORIENTED_EDGE ( 'NONE', *, *, #5818, .T. ) ;
#8127 = DIRECTION ( 'NONE',  ( 0.000000000000000000, 0.7071067811865475727, -0.7071067811865475727 ) ) ;
#8128 = DIRECTION ( 'NONE',  ( 0.000000000000000000, -1.000000000000000000, 0.000000000000000000 ) ) ;
#8129 = ORIENTED_EDGE ( 'NONE', *, *, #6445, .F. ) ;
#8130 = ORIENTED_EDGE ( 'NONE', *, *, #8050, .T. ) ;
#8131 = DIRECTION ( 'NONE',  ( 1.309403304758604751E-15, 3.668761925651101858E-15, -1.000000000000000000 ) ) ;
#8132 = VERTEX_POINT ( 'NONE', #2297 ) ;
#8133 = DIRECTION ( 'NONE',  ( -1.136463268210226594E-15, 0.4999999999999970024, 0.8660254037844403729 ) ) ;
#8134 = ADVANCED_FACE ( 'NONE', ( #5138 ), #8778, .F. ) ;
#8135 = DIRECTION ( 'NONE',  ( 1.000000000000000000, -1.684925824262390165E-30, 1.332169591021890008E-15 ) ) ;
#8136 = VERTEX_POINT ( 'NONE', #5193 ) ;
#8137 = DIRECTION ( 'NONE',  ( 0.000000000000000000, -1.000000000000000000, 0.000000000000000000 ) ) ;
#8138 = CARTESIAN_POINT ( 'NONE',  ( 124.9594733917879950, 70.15879653723750664, 134.0501160567390002 ) ) ;
#8139 = VECTOR ( 'NONE', #6164, 1000.000000000000114 ) ;
#8140 = DIRECTION ( 'NONE',  ( -1.000000000000000000, 5.292037523355160084E-16, -1.332169591021888036E-15 ) ) ;
#8141 = CARTESIAN_POINT ( 'NONE',  ( 6.399999999999998579, -10.62324495308911665, 0.000000000000000000 ) ) ;
#8142 = ADVANCED_FACE ( 'NONE', ( #3792 ), #4365, .T. ) ;
#8143 = CARTESIAN_POINT ( 'NONE',  ( 134.9213598216350078, 58.95525874866369520, 180.8501160567390116 ) ) ;
#8144 = ORIENTED_EDGE ( 'NONE', *, *, #2453, .T. ) ;
#8145 = CARTESIAN_POINT ( 'NONE',  ( 18.00000000000000711, -3.925981830489456037, 0.5999999999999999778 ) ) ;
#8146 = EDGE_LOOP ( 'NONE', ( #6435, #8222, #8077 ) ) ;
#8147 = AXIS2_PLACEMENT_3D ( 'NONE', #6070, #6211, #8993 ) ;
#8148 = LINE ( 'NONE', #2283, #7571 ) ;
#8149 = LINE ( 'NONE', #5171, #1161 ) ;
#8150 = ORIENTED_EDGE ( 'NONE', *, *, #4298, .F. ) ;
#8151 = EDGE_CURVE ( 'NONE', #7552, #8313, #3691, .T. ) ;
#8152 = VERTEX_POINT ( 'NONE', #5086 ) ;
#8153 = AXIS2_PLACEMENT_3D ( 'NONE', #6592, #5961, #8736 ) ;
#8154 = PLANE ( 'NONE',  #6555 ) ;
#8155 = ADVANCED_FACE ( 'NONE', ( #1465 ), #845, .T. ) ;
#8156 = DIRECTION ( 'NONE',  ( 1.000000000000000000, 1.504038027996622089E-18, 1.309403304758604554E-15 ) ) ;
#8157 = ORIENTED_EDGE ( 'NONE', *, *, #9524, .F. ) ;
#8158 = CARTESIAN_POINT ( 'NONE',  ( 120.0732142195430043, 102.8954405435970045, 180.6501160567389945 ) ) ;
#8159 = DIRECTION ( 'NONE',  ( 0.2810846377147960817, -0.6785983445458900754, -0.6785983445458140251 ) ) ;
#8160 = EDGE_LOOP ( 'NONE', ( #2484, #3162, #1610, #1618 ) ) ;
#8161 = PLANE ( 'NONE',  #4807 ) ;
#8162 = CARTESIAN_POINT ( 'NONE',  ( 124.9594733917879950, 50.85900246190729490, 175.1500716728239979 ) ) ;
#8163 = ORIENTED_EDGE ( 'NONE', *, *, #8674, .T. ) ;
#8164 = AXIS2_PLACEMENT_3D ( 'NONE', #9213, #6342, #7875 ) ;
#8165 = FACE_OUTER_BOUND ( 'NONE', #455, .T. ) ;
#8166 = EDGE_CURVE ( 'NONE', #5021, #4612, #6000, .T. ) ;
#8167 = VERTEX_POINT ( 'NONE', #11 ) ;
#8168 = ORIENTED_EDGE ( 'NONE', *, *, #9489, .F. ) ;
#8169 = AXIS2_PLACEMENT_3D ( 'NONE', #5080, #2871, #104 ) ;
#8170 = EDGE_LOOP ( 'NONE', ( #4558, #4610, #7577, #8310 ) ) ;
#8171 = CARTESIAN_POINT ( 'NONE',  ( 121.5594733917879893, 52.55900246190719827, 176.8500716728239865 ) ) ;
#8172 = CARTESIAN_POINT ( 'NONE',  ( 18.40000000000001634, -18.01332839871633951, 0.5999999999999999778 ) ) ;
#8173 = VERTEX_POINT ( 'NONE', #6769 ) ;
#8174 = CARTESIAN_POINT ( 'NONE',  ( 124.3594733917877875, 78.38558278779898103, 172.4501858426163494 ) ) ;
#8175 = CARTESIAN_POINT ( 'NONE',  ( 124.3594733917878017, 90.58558278779905493, 152.7048066363311705 ) ) ;
#8176 = ADVANCED_FACE ( 'NONE', ( #8117, #3069, #2973, #5278 ), #4421, .T. ) ;
#8177 = VERTEX_POINT ( 'NONE', #7347 ) ;
#8178 = ADVANCED_FACE ( 'NONE', ( #59 ), #7489, .F. ) ;
#8179 = ORIENTED_EDGE ( 'NONE', *, *, #1073, .F. ) ;
#8180 = FACE_OUTER_BOUND ( 'NONE', #4977, .T. ) ;
#8181 = FACE_OUTER_BOUND ( 'NONE', #8015, .T. ) ;
#8182 = CARTESIAN_POINT ( 'NONE',  ( 6.800000000000003375, 3.464101615137754386, 0.5999999999999999778 ) ) ;
#8183 = VECTOR ( 'NONE', #7607, 999.9999999999998863 ) ;
#8184 = ORIENTED_EDGE ( 'NONE', *, *, #316, .F. ) ;
#8185 = LINE ( 'NONE', #8947, #6066 ) ;
#8186 = CARTESIAN_POINT ( 'NONE',  ( 11.80000000000000249, 0.3464101615137740175, 0.5999999999999999778 ) ) ;
#8187 = EDGE_CURVE ( 'NONE', #7495, #9219, #1516, .T. ) ;
#8188 = CARTESIAN_POINT ( 'NONE',  ( 124.3594733917878017, 79.18558278779900661, 166.4457430430442457 ) ) ;
#8189 = DIRECTION ( 'NONE',  ( 1.309403304758604751E-15, 3.260006316437975661E-15, -1.000000000000000000 ) ) ;
#8190 = CARTESIAN_POINT ( 'NONE',  ( 6.000000000000001776, 3.925981830489454261, 0.5999999999999999778 ) ) ;
#8191 = CIRCLE ( 'NONE', #4053, 3.000000000000002665 ) ;
#8192 = FACE_OUTER_BOUND ( 'NONE', #5550, .T. ) ;
#8193 = ORIENTED_EDGE ( 'NONE', *, *, #6063, .T. ) ;
#8194 = DIRECTION ( 'NONE',  ( 1.000000000000000000, 0.000000000000000000, 0.000000000000000000 ) ) ;
#8195 = CYLINDRICAL_SURFACE ( 'NONE', #5778, 0.1999999999999953759 ) ;
#8196 = ORIENTED_EDGE ( 'NONE', *, *, #9084, .T. ) ;
#8197 = ORIENTED_EDGE ( 'NONE', *, *, #9369, .T. ) ;
#8198 = CARTESIAN_POINT ( 'NONE',  ( 104.6479001739019878, 47.95879991855730395, 180.4501160567390059 ) ) ;
#8199 = DIRECTION ( 'NONE',  ( 0.8660254037844387076, -0.4999999999999998335, 0.000000000000000000 ) ) ;
#8200 = ORIENTED_EDGE ( 'NONE', *, *, #1683, .F. ) ;
#8201 = LINE ( 'NONE', #6861, #5099 ) ;
#8202 = CARTESIAN_POINT ( 'NONE',  ( 103.4479001739019992, 48.85879653723830529, 145.2896251811480113 ) ) ;
#8203 = ORIENTED_EDGE ( 'NONE', *, *, #6770, .T. ) ;
#8204 = DIRECTION ( 'NONE',  ( -0.8660254037844385966, -0.4999999999999998890, 0.000000000000000000 ) ) ;
#8205 = CARTESIAN_POINT ( 'NONE',  ( 103.6479001739019878, 51.65920965118959884, 142.2994945258149926 ) ) ;
#8206 = ORIENTED_EDGE ( 'NONE', *, *, #3651, .T. ) ;
#8207 = CARTESIAN_POINT ( 'NONE',  ( 124.0592155665769951, 103.2954405435969960, 181.0501160567390002 ) ) ;
#8208 = ADVANCED_FACE ( 'NONE', ( #796 ), #3740, .T. ) ;
#8209 = VERTEX_POINT ( 'NONE', #8924 ) ;
#8210 = AXIS2_PLACEMENT_3D ( 'NONE', #7065, #6389, #4224 ) ;
#8211 = ORIENTED_EDGE ( 'NONE', *, *, #8579, .T. ) ;
#8212 = CARTESIAN_POINT ( 'NONE',  ( 124.5975336255319945, 108.1430314722590111, 181.0120558229949950 ) ) ;
#8213 = EDGE_LOOP ( 'NONE', ( #6918, #6959, #3493, #4302 ) ) ;
#8214 = DIRECTION ( 'NONE',  ( 9.419861515020848919E-16, 0.7071067811865510144, -0.7071067811865441310 ) ) ;
#8215 = PLANE ( 'NONE',  #3759 ) ;
#8216 = ORIENTED_EDGE ( 'NONE', *, *, #1899, .T. ) ;
#8217 = DIRECTION ( 'NONE',  ( 1.000000000000000000, 6.536849690425969867E-16, -0.000000000000000000 ) ) ;
#8218 = EDGE_CURVE ( 'NONE', #5339, #1545, #7440, .T. ) ;
#8219 = VECTOR ( 'NONE', #8098, 1000.000000000000114 ) ;
#8220 = CARTESIAN_POINT ( 'NONE',  ( 121.5594733917879893, 50.85900246190750096, 136.0001160632310189 ) ) ;
#8221 = VECTOR ( 'NONE', #4965, 1000.000000000000000 ) ;
#8222 = ORIENTED_EDGE ( 'NONE', *, *, #1034, .F. ) ;
#8223 = ORIENTED_EDGE ( 'NONE', *, *, #3143, .F. ) ;
#8224 = VECTOR ( 'NONE', #710, 1000.000000000000000 ) ;
#8225 = AXIS2_PLACEMENT_3D ( 'NONE', #7163, #4910, #7843 ) ;
#8226 = CARTESIAN_POINT ( 'NONE',  ( 121.5594733917879893, 49.15900246190719969, 176.8500716728239865 ) ) ;
#8227 = CARTESIAN_POINT ( 'NONE',  ( 104.6479001739019878, 47.94163924971199719, 130.6501160567390230 ) ) ;
#8228 = CARTESIAN_POINT ( 'NONE',  ( 118.0699540685230176, 94.95626731504272300, 180.4501160567387785 ) ) ;
#8229 = DIRECTION ( 'NONE',  ( 0.000000000000000000, 0.9238795325112872936, 0.3826834323650886160 ) ) ;
#8230 = EDGE_CURVE ( 'NONE', #7061, #203, #153, .T. ) ;
#8231 = ADVANCED_FACE ( 'NONE', ( #3644 ), #5421, .T. ) ;
#8232 = EDGE_LOOP ( 'NONE', ( #1066, #6728, #3927, #3114 ) ) ;
#8233 = CARTESIAN_POINT ( 'NONE',  ( 124.3594733917878159, 84.78558278779907198, 149.3561750750313308 ) ) ;
#8234 = VECTOR ( 'NONE', #2530, 1000.000000000000000 ) ;
#8235 = CARTESIAN_POINT ( 'NONE',  ( 103.4479001739019992, 62.05879653723739864, 130.0501160567390002 ) ) ;
#8236 = VECTOR ( 'NONE', #4794, 1000.000000000000000 ) ;
#8237 = DIRECTION ( 'NONE',  ( -1.000000000000000000, -1.504038027996622089E-18, -1.309403304758604554E-15 ) ) ;
#8238 = VECTOR ( 'NONE', #1895, 999.9999999999998863 ) ;
#8239 = CARTESIAN_POINT ( 'NONE',  ( 6.399999999999998579, -10.39230484541326582, 0.000000000000000000 ) ) ;
#8240 = DIRECTION ( 'NONE',  ( -0.000000000000000000, -0.000000000000000000, -1.000000000000000000 ) ) ;
#8241 = EDGE_CURVE ( 'NONE', #5768, #9091, #198, .T. ) ;
#8242 = EDGE_CURVE ( 'NONE', #7288, #8173, #4073, .T. ) ;
#8243 = VERTEX_POINT ( 'NONE', #7679 ) ;
#8244 = DIRECTION ( 'NONE',  ( -0.7071067811864529817, 0.000000000000000000, -0.7071067811866420527 ) ) ;
#8245 = CARTESIAN_POINT ( 'NONE',  ( -6.400000000000002132, 3.695041722813606100, 0.5999999999999999778 ) ) ;
#8246 = EDGE_LOOP ( 'NONE', ( #1894, #8846 ) ) ;
#8247 = ORIENTED_EDGE ( 'NONE', *, *, #2211, .T. ) ;
#8248 = CARTESIAN_POINT ( 'NONE',  ( 12.40000000000000391, -7.621023553303061249, 0.000000000000000000 ) ) ;
#8249 = DIRECTION ( 'NONE',  ( 1.000000000000000000, 0.000000000000000000, 0.000000000000000000 ) ) ;
#8250 = AXIS2_PLACEMENT_3D ( 'NONE', #8030, #6643, #4528 ) ;
#8251 = ORIENTED_EDGE ( 'NONE', *, *, #8437, .T. ) ;
#8252 = VECTOR ( 'NONE', #3783, 1000.000000000000000 ) ;
#8253 = CARTESIAN_POINT ( 'NONE',  ( 104.6479001739019878, 47.45879653723739722, 181.0501160567390002 ) ) ;
#8254 = EDGE_CURVE ( 'NONE', #8324, #7773, #5379, .T. ) ;
#8255 = AXIS2_PLACEMENT_3D ( 'NONE', #9420, #3617, #2269 ) ;
#8256 = CARTESIAN_POINT ( 'NONE',  ( 124.3594733917878017, 84.38558278779898103, 169.4479644428303118 ) ) ;
#8257 = ORIENTED_EDGE ( 'NONE', *, *, #866, .T. ) ;
#8258 = LINE ( 'NONE', #1655, #1870 ) ;
#8259 = CARTESIAN_POINT ( 'NONE',  ( 5.600000000000001421, 3.464101615137753942, 0.5999999999999999778 ) ) ;
#8260 = ORIENTED_EDGE ( 'NONE', *, *, #1364, .T. ) ;
#8261 = CARTESIAN_POINT ( 'NONE',  ( 123.6820660086194579, 47.86221271523674403, 181.0295459725341800 ) ) ;
#8262 = PRESENTATION_LAYER_ASSIGNMENT (  '', '', ( #2886 ) ) ;
#8263 = VECTOR ( 'NONE', #6796, 1000.000000000000000 ) ;
#8264 = ORIENTED_EDGE ( 'NONE', *, *, #4806, .F. ) ;
#8265 = ORIENTED_EDGE ( 'NONE', *, *, #5501, .F. ) ;
#8266 = LINE ( 'NONE', #1664, #4847 ) ;
#8267 = DIRECTION ( 'NONE',  ( -1.332169591021890008E-15, 0.000000000000000000, 1.000000000000000000 ) ) ;
#8268 = DIRECTION ( 'NONE',  ( -1.309403304758604751E-15, -4.322446894693699141E-15, 1.000000000000000000 ) ) ;
#8269 = ORIENTED_EDGE ( 'NONE', *, *, #5883, .F. ) ;
#8270 = FACE_OUTER_BOUND ( 'NONE', #6498, .T. ) ;
#8271 = PLANE ( 'NONE',  #4543 ) ;
#8272 = ORIENTED_EDGE ( 'NONE', *, *, #4944, .F. ) ;
#8273 = VECTOR ( 'NONE', #9425, 1000.000000000000000 ) ;
#8274 = VERTEX_POINT ( 'NONE', #2581 ) ;
#8275 = EDGE_CURVE ( 'NONE', #2927, #1668, #8391, .T. ) ;
#8276 = CARTESIAN_POINT ( 'NONE',  ( 24.40000000000000924, -21.01554979850239491, 0.5999999999999999778 ) ) ;
#8277 = CYLINDRICAL_SURFACE ( 'NONE', #8754, 0.4999999999999979461 ) ;
#8278 = EDGE_CURVE ( 'NONE', #8700, #6489, #1656, .T. ) ;
#8279 = CARTESIAN_POINT ( 'NONE',  ( 134.9213598216350078, 58.95525874866369520, 180.8501160567390116 ) ) ;
#8280 = DIRECTION ( 'NONE',  ( -1.000000000000000000, 1.925929944387570063E-30, -1.332169591021890008E-15 ) ) ;
#8281 = VERTEX_POINT ( 'NONE', #2437 ) ;
#8282 = VECTOR ( 'NONE', #4056, 1000.000000000000000 ) ;
#8283 = CARTESIAN_POINT ( 'NONE',  ( 121.7594733917879921, 53.33084388076889581, 173.4500716728240093 ) ) ;
#8284 = CARTESIAN_POINT ( 'NONE',  ( 17.60000000000001563, -17.55144818336463786, 0.000000000000000000 ) ) ;
#8285 = EDGE_CURVE ( 'NONE', #1673, #7274, #397, .T. ) ;
#8286 = PLANE ( 'NONE',  #417 ) ;
#8287 = CIRCLE ( 'NONE', #9504, 3.000000000000002665 ) ;
#8288 = CARTESIAN_POINT ( 'NONE',  ( 121.9594733917879950, 52.55900246190740432, 137.7001160632310075 ) ) ;
#8289 = CARTESIAN_POINT ( 'NONE',  ( 0.000000000000000000, 0.000000000000000000, 0.000000000000000000 ) ) ;
#8290 = ORIENTED_EDGE ( 'NONE', *, *, #5127, .T. ) ;
#8291 = CARTESIAN_POINT ( 'NONE',  ( 12.40000000000000391, -1.418955567684714834E-15, 0.000000000000000000 ) ) ;
#8292 = DIRECTION ( 'NONE',  ( -6.590088167172843701E-16, 0.8660254037844368202, 0.5000000000000032196 ) ) ;
#8293 = EDGE_LOOP ( 'NONE', ( #6059, #8264, #2863 ) ) ;
#8294 = ADVANCED_FACE ( 'NONE', ( #940, #3164 ), #3880, .T. ) ;
#8295 = ORIENTED_EDGE ( 'NONE', *, *, #6871, .T. ) ;
#8296 = EDGE_CURVE ( 'NONE', #5389, #4422, #6098, .T. ) ;
#8297 = LINE ( 'NONE', #4602, #7789 ) ;
#8298 = CARTESIAN_POINT ( 'NONE',  ( 24.00000000000002132, -28.17469313645374385, 0.5999999999999999778 ) ) ;
#8299 = ORIENTED_EDGE ( 'NONE', *, *, #1613, .T. ) ;
#8300 = DIRECTION ( 'NONE',  ( -6.590088167172843701E-16, 0.8660254037844368202, 0.5000000000000032196 ) ) ;
#8301 = DIRECTION ( 'NONE',  ( 7.979993637714479014E-32, -1.000000000000000000, 0.000000000000000000 ) ) ;
#8302 = ORIENTED_EDGE ( 'NONE', *, *, #6985, .T. ) ;
#8303 = DIRECTION ( 'NONE',  ( 1.000000000000000000, 0.000000000000000000, -0.000000000000000000 ) ) ;
#8304 = ORIENTED_EDGE ( 'NONE', *, *, #4062, .T. ) ;
#8305 = CARTESIAN_POINT ( 'NONE',  ( 103.6479001739019878, 48.65879653723839482, 151.9504045976680118 ) ) ;
#8306 = VECTOR ( 'NONE', #7686, 1000.000000000000000 ) ;
#8307 = EDGE_LOOP ( 'NONE', ( #5601, #7818, #2452, #4014 ) ) ;
#8308 = DIRECTION ( 'NONE',  ( 1.000000000000000000, 3.659954016805980092E-31, 2.065695349179009777E-58 ) ) ;
#8309 = CARTESIAN_POINT ( 'NONE',  ( -3.200000000000000622, 5.542562584220408262, 0.5999999999999999778 ) ) ;
#8310 = ORIENTED_EDGE ( 'NONE', *, *, #5867, .T. ) ;
#8311 = CARTESIAN_POINT ( 'NONE',  ( 124.9594733917877960, 72.38558278779899524, 162.5197612125547550 ) ) ;
#8312 = CARTESIAN_POINT ( 'NONE',  ( 23.60000000000000497, -27.01999259807448439, 0.5999999999999999778 ) ) ;
#8313 = VERTEX_POINT ( 'NONE', #4655 ) ;
#8314 = AXIS2_PLACEMENT_3D ( 'NONE', #5570, #6478, #1317 ) ;
#8315 = CARTESIAN_POINT ( 'NONE',  ( 124.9594733917878102, 90.58558278779905493, 152.0119863133036233 ) ) ;
#8316 = LINE ( 'NONE', #7645, #5170 ) ;
#8317 = ORIENTED_EDGE ( 'NONE', *, *, #148, .F. ) ;
#8318 = ADVANCED_FACE ( 'NONE', ( #3358 ), #7725, .F. ) ;
#8319 = EDGE_LOOP ( 'NONE', ( #9235, #3407, #2894, #6925 ) ) ;
#8320 = CYLINDRICAL_SURFACE ( 'NONE', #1684, 0.4999999999999979461 ) ;
#8321 = CARTESIAN_POINT ( 'NONE',  ( 124.3594733917878017, 79.18558278779900661, 166.2148029353683967 ) ) ;
#8322 = VERTEX_POINT ( 'NONE', #1071 ) ;
#8323 = FACE_BOUND ( 'NONE', #4722, .T. ) ;
#8324 = VERTEX_POINT ( 'NONE', #4025 ) ;
#8325 = DIRECTION ( 'NONE',  ( -1.000000000000000000, -1.504038027996621897E-18, -1.309403304758604554E-15 ) ) ;
#8326 = CARTESIAN_POINT ( 'NONE',  ( 124.9594733917878244, 102.7855827877991146, 138.9638702296181236 ) ) ;
#8327 = ADVANCED_FACE ( 'NONE', ( #6239 ), #982, .T. ) ;
#8328 = DIRECTION ( 'NONE',  ( 0.4999999999999998335, 0.8660254037844387076, -0.000000000000000000 ) ) ;
#8329 = CARTESIAN_POINT ( 'NONE',  ( 103.6479001739019878, 53.05921248938359724, 150.9307499392130012 ) ) ;
#8330 = DIRECTION ( 'NONE',  ( -0.5000000000000000000, -0.8660254037844387076, 0.000000000000000000 ) ) ;
#8331 = ORIENTED_EDGE ( 'NONE', *, *, #1467, .T. ) ;
#8332 = DIRECTION ( 'NONE',  ( 4.087556092131263946E-16, 1.000000000000000000, 0.000000000000000000 ) ) ;
#8333 = EDGE_CURVE ( 'NONE', #147, #857, #7583, .T. ) ;
#8334 = CARTESIAN_POINT ( 'NONE',  ( 124.3594733917878159, 102.7855827877990862, 145.4301932445419254 ) ) ;
#8335 = VERTEX_POINT ( 'NONE', #2388 ) ;
#8336 = DIRECTION ( 'NONE',  ( 1.000000000000000000, 1.504038027996622089E-18, 1.309403304758604554E-15 ) ) ;
#8337 = FACE_BOUND ( 'NONE', #8319, .T. ) ;
#8338 = ORIENTED_EDGE ( 'NONE', *, *, #8508, .T. ) ;
#8339 = CARTESIAN_POINT ( 'NONE',  ( 0.7999999999999977129, -6.928203230275511437, 0.000000000000000000 ) ) ;
#8340 = PLANE ( 'NONE',  #3920 ) ;
#8341 = VERTEX_POINT ( 'NONE', #4791 ) ;
#8342 = CARTESIAN_POINT ( 'NONE',  ( 17.60000000000001563, -17.55144818336463786, 0.5999999999999999778 ) ) ;
#8343 = EDGE_CURVE ( 'NONE', #4142, #8482, #4242, .T. ) ;
#8344 = CARTESIAN_POINT ( 'NONE',  ( 124.9594733917878102, 105.9855827877990748, 150.9727558287623594 ) ) ;
#8345 = EDGE_CURVE ( 'NONE', #7606, #1362, #5330, .T. ) ;
#8346 = ORIENTED_EDGE ( 'NONE', *, *, #1123, .T. ) ;
#8347 = DIRECTION ( 'NONE',  ( 0.6271691342573120220, -0.4599367840577699429, -0.6285833530292782578 ) ) ;
#8348 = ORIENTED_EDGE ( 'NONE', *, *, #9115, .T. ) ;
#8349 = ORIENTED_EDGE ( 'NONE', *, *, #1875, .T. ) ;
#8350 = CARTESIAN_POINT ( 'NONE',  ( 103.4479001739019992, 48.45879653723829961, 140.1698706189440031 ) ) ;
#8351 = FACE_OUTER_BOUND ( 'NONE', #1722, .T. ) ;
#8352 = CARTESIAN_POINT ( 'NONE',  ( 5.599999999999997868, -10.62324495308911665, 0.5999999999999999778 ) ) ;
#8353 = ORIENTED_EDGE ( 'NONE', *, *, #6657, .F. ) ;
#8354 = DIRECTION ( 'NONE',  ( 0.8660254037844388186, -0.4999999999999997780, 0.000000000000000000 ) ) ;
#8355 = FACE_OUTER_BOUND ( 'NONE', #8487, .T. ) ;
#8356 = EDGE_CURVE ( 'NONE', #8132, #743, #9069, .T. ) ;
#8357 = AXIS2_PLACEMENT_3D ( 'NONE', #1796, #343, #9066 ) ;
#8358 = VERTEX_POINT ( 'NONE', #2481 ) ;
#8359 = ORIENTED_EDGE ( 'NONE', *, *, #6534, .F. ) ;
#8360 = VECTOR ( 'NONE', #276, 1000.000000000000227 ) ;
#8361 = LINE ( 'NONE', #1770, #9516 ) ;
#8362 = FACE_OUTER_BOUND ( 'NONE', #4363, .T. ) ;
#8363 = ORIENTED_EDGE ( 'NONE', *, *, #4141, .F. ) ;
#8364 = DIRECTION ( 'NONE',  ( -6.590088167172827924E-16, 0.8660254037844375974, 0.5000000000000018874 ) ) ;
#8365 = CARTESIAN_POINT ( 'NONE',  ( 121.9594733917879950, 48.38716104304560162, 173.4500716728240093 ) ) ;
#8366 = EDGE_CURVE ( 'NONE', #203, #7265, #6911, .T. ) ;
#8367 = ORIENTED_EDGE ( 'NONE', *, *, #8122, .F. ) ;
#8368 = DIRECTION ( 'NONE',  ( 1.504038028001425744E-18, -1.000000000000000000, -3.668761925651101070E-15 ) ) ;
#8369 = LINE ( 'NONE', #7611, #3954 ) ;
#8370 = VECTOR ( 'NONE', #5632, 999.9999999999998863 ) ;
#8371 = VECTOR ( 'NONE', #9242, 1000.000000000000000 ) ;
#8372 = DIRECTION ( 'NONE',  ( 0.8660254037844381525, -0.5000000000000008882, 0.000000000000000000 ) ) ;
#8373 = PRODUCT_RELATED_PRODUCT_CATEGORY ( 'part', '', ( #4324 ) ) ;
#8374 = LINE ( 'NONE', #5405, #435 ) ;
#8375 = CARTESIAN_POINT ( 'NONE',  ( 124.9594733917879950, 47.45879653723749669, 140.8060020103070258 ) ) ;
#8376 = EDGE_CURVE ( 'NONE', #8136, #7274, #3400, .T. ) ;
#8377 = ORIENTED_EDGE ( 'NONE', *, *, #8437, .F. ) ;
#8378 = DIRECTION ( 'NONE',  ( -1.309403304758604751E-15, -4.169533458563488136E-15, 1.000000000000000000 ) ) ;
#8379 = CARTESIAN_POINT ( 'NONE',  ( 124.3594733917878017, 102.3855827877990379, 159.0556595974171046 ) ) ;
#8380 = VERTEX_POINT ( 'NONE', #2669 ) ;
#8381 = VECTOR ( 'NONE', #6583, 1000.000000000000000 ) ;
#8382 = VECTOR ( 'NONE', #8393, 1000.000000000000114 ) ;
#8383 = DIRECTION ( 'NONE',  ( 0.8660254037844387076, -0.4999999999999998335, 0.000000000000000000 ) ) ;
#8384 = EDGE_CURVE ( 'NONE', #8167, #4359, #7189, .T. ) ;
#8385 = DIRECTION ( 'NONE',  ( 1.309403304758604751E-15, 3.260006316437975661E-15, -1.000000000000000000 ) ) ;
#8386 = ORIENTED_EDGE ( 'NONE', *, *, #5081, .T. ) ;
#8387 = CARTESIAN_POINT ( 'NONE',  ( 121.9594733917879950, 53.33084388076910187, 134.3001160632319966 ) ) ;
#8388 = ADVANCED_FACE ( 'NONE', ( #6332 ), #6429, .F. ) ;
#8389 = ORIENTED_EDGE ( 'NONE', *, *, #4685, .T. ) ;
#8390 = CARTESIAN_POINT ( 'NONE',  ( 124.7594733917880063, 47.25879653723749385, 144.8376160567389945 ) ) ;
#8391 = LINE ( 'NONE', #300, #7010 ) ;
#8392 = VERTEX_POINT ( 'NONE', #1309 ) ;
#8393 = DIRECTION ( 'NONE',  ( 0.8660254037844387076, -0.4999999999999998335, 0.000000000000000000 ) ) ;
#8394 = VERTEX_POINT ( 'NONE', #5563 ) ;
#8395 = DIRECTION ( 'NONE',  ( -1.000000000000000000, 1.771632486103969483E-14, 0.000000000000000000 ) ) ;
#8396 = EDGE_CURVE ( 'NONE', #5177, #8067, #5741, .T. ) ;
#8397 = AXIS2_PLACEMENT_3D ( 'NONE', #8138, #2319, #1538 ) ;
#8398 = ORIENTED_EDGE ( 'NONE', *, *, #4749, .F. ) ;
#8399 = CARTESIAN_POINT ( 'NONE',  ( 18.40000000000000213, -10.62324495308912198, 0.000000000000000000 ) ) ;
#8400 = PLANE ( 'NONE',  #1131 ) ;
#8401 = EDGE_LOOP ( 'NONE', ( #1939, #7844, #9136, #3361, #8367, #8538 ) ) ;
#8402 = DIRECTION ( 'NONE',  ( 0.000000000000000000, 0.000000000000000000, 1.000000000000000000 ) ) ;
#8403 = CIRCLE ( 'NONE', #566, 3.000000000000002665 ) ;
#8404 = AXIS2_PLACEMENT_3D ( 'NONE', #4017, #6948, #339 ) ;
#8405 = VERTEX_POINT ( 'NONE', #7056 ) ;
#8406 = ORIENTED_EDGE ( 'NONE', *, *, #2969, .T. ) ;
#8407 = EDGE_CURVE ( 'NONE', #6791, #6043, #4126, .T. ) ;
#8408 = CARTESIAN_POINT ( 'NONE',  ( 105.8479001739020049, 52.85921008091939655, 145.2896250086890007 ) ) ;
#8409 = LINE ( 'NONE', #1725, #5596 ) ;
#8410 = ORIENTED_EDGE ( 'NONE', *, *, #5114, .F. ) ;
#8411 = LINE ( 'NONE', #5540, #3572 ) ;
#8412 = PLANE ( 'NONE',  #848 ) ;
#8413 = EDGE_LOOP ( 'NONE', ( #915, #785, #3776, #5233 ) ) ;
#8414 = DIRECTION ( 'NONE',  ( 1.000000000000000000, 0.000000000000000000, 0.000000000000000000 ) ) ;
#8415 = CARTESIAN_POINT ( 'NONE',  ( 123.1142547738809867, 47.13646818466320099, 142.4097961624420066 ) ) ;
#8416 = VECTOR ( 'NONE', #8699, 1000.000000000000000 ) ;
#8417 = EDGE_CURVE ( 'NONE', #6301, #6316, #5608, .T. ) ;
#8418 = FACE_OUTER_BOUND ( 'NONE', #3451, .T. ) ;
#8419 = DIRECTION ( 'NONE',  ( -1.136463268210227383E-15, 0.4999999999999965028, 0.8660254037844407060 ) ) ;
#8420 = DIRECTION ( 'NONE',  ( -1.000000000000000000, 1.684925824262390165E-30, -1.332169591021890008E-15 ) ) ;
#8421 = ORIENTED_EDGE ( 'NONE', *, *, #594, .T. ) ;
#8422 = FACE_OUTER_BOUND ( 'NONE', #2948, .T. ) ;
#8423 = DIRECTION ( 'NONE',  ( 1.000000000000000000, 0.000000000000000000, 0.000000000000000000 ) ) ;
#8424 = ORIENTED_EDGE ( 'NONE', *, *, #4806, .T. ) ;
#8425 = EDGE_CURVE ( 'NONE', #2664, #4030, #493, .T. ) ;
#8426 = DIRECTION ( 'NONE',  ( 6.590088167172844687E-16, -0.8660254037844368202, -0.5000000000000032196 ) ) ;
#8427 = DIRECTION ( 'NONE',  ( 0.000000000000000000, 0.7071067811866168507, 0.7071067811864780728 ) ) ;
#8428 = ORIENTED_EDGE ( 'NONE', *, *, #3120, .F. ) ;
#8429 = DIRECTION ( 'NONE',  ( -6.503944880413201834E-16, -0.8660254037844405950, 0.4999999999999967248 ) ) ;
#8430 = CARTESIAN_POINT ( 'NONE',  ( 124.9594733917879665, 84.78558278779904356, 155.3606178746034345 ) ) ;
#8431 = ORIENTED_EDGE ( 'NONE', *, *, #8366, .T. ) ;
#8432 = SURFACE_SIDE_STYLE ('',( #5516 ) ) ;
#8433 = CARTESIAN_POINT ( 'NONE',  ( -6.200000000000003730, -10.73871500692703940, -0.000000000000000000 ) ) ;
#8434 = ORIENTED_EDGE ( 'NONE', *, *, #3365, .T. ) ;
#8435 = FACE_OUTER_BOUND ( 'NONE', #3701, .T. ) ;
#8436 = ORIENTED_EDGE ( 'NONE', *, *, #6037, .F. ) ;
#8437 = EDGE_CURVE ( 'NONE', #6150, #7153, #1941, .T. ) ;
#8438 = CARTESIAN_POINT ( 'NONE',  ( 118.0699540685230176, 54.95626731504270168, 176.0501160567390002 ) ) ;
#8439 = DIRECTION ( 'NONE',  ( -6.503944880413201834E-16, -0.8660254037844404840, 0.4999999999999967248 ) ) ;
#8440 = ORIENTED_EDGE ( 'NONE', *, *, #7223, .F. ) ;
#8441 = CARTESIAN_POINT ( 'NONE',  ( 124.3594733917877875, 79.18558278779897819, 172.4501858426163210 ) ) ;
#8442 = CARTESIAN_POINT ( 'NONE',  ( 124.9594733917879950, 53.85900246190750096, 136.0001160632320136 ) ) ;
#8443 = ORIENTED_EDGE ( 'NONE', *, *, #4771, .F. ) ;
#8444 = DIRECTION ( 'NONE',  ( -0.8660254037844385966, 0.5000000000000002220, 0.000000000000000000 ) ) ;
#8445 = DIRECTION ( 'NONE',  ( -6.590088167172839757E-16, 0.8660254037844369313, 0.5000000000000028866 ) ) ;
#8446 = VECTOR ( 'NONE', #4234, 1000.000000000000114 ) ;
#8447 = EDGE_CURVE ( 'NONE', #496, #8048, #7775, .T. ) ;
#8448 = VERTEX_POINT ( 'NONE', #5697 ) ;
#8449 = VERTEX_POINT ( 'NONE', #4891 ) ;
#8450 = CARTESIAN_POINT ( 'NONE',  ( 104.6479001739019878, 47.70732467466130089, 180.4501160567390059 ) ) ;
#8451 = CARTESIAN_POINT ( 'NONE',  ( 109.9594733917879665, 62.05879653723739864, 130.0501160567389434 ) ) ;
#8452 = ORIENTED_EDGE ( 'NONE', *, *, #531, .T. ) ;
#8453 = CARTESIAN_POINT ( 'NONE',  ( 124.5594733917879893, 112.0123499278562775, 130.1965626661457236 ) ) ;
#8454 = DIRECTION ( 'NONE',  ( 0.6949170157991886310, 0.6949170157991926278, 0.1848801836473958904 ) ) ;
#8455 = EDGE_LOOP ( 'NONE', ( #4769, #3286, #7671, #3070 ) ) ;
#8456 = CARTESIAN_POINT ( 'NONE',  ( 104.2479001739019964, 47.94163924971199719, 130.6501160567390230 ) ) ;
#8457 = ADVANCED_FACE ( 'NONE', ( #7824 ), #1214, .T. ) ;
#8458 = CARTESIAN_POINT ( 'NONE',  ( 124.9594733917879950, 52.55900246190719827, 175.1500716728239979 ) ) ;
#8459 = EDGE_CURVE ( 'NONE', #1171, #4189, #1356, .T. ) ;
#8460 = VECTOR ( 'NONE', #6122, 999.9999999999998863 ) ;
#8461 = LINE ( 'NONE', #7706, #4129 ) ;
#8462 = DIRECTION ( 'NONE',  ( 1.136463268210227186E-15, -0.4999999999999967248, -0.8660254037844405950 ) ) ;
#8463 = VECTOR ( 'NONE', #7501, 1000.000000000000000 ) ;
#8464 = CARTESIAN_POINT ( 'NONE',  ( 109.9594733917879950, 111.6587965372630009, 130.5501160567390002 ) ) ;
#8465 = EDGE_LOOP ( 'NONE', ( #1436, #6526, #2132, #6584 ) ) ;
#8466 = CARTESIAN_POINT ( 'NONE',  ( 18.80000000000001492, -17.32050807568878525, 0.5999999999999999778 ) ) ;
#8467 = LINE ( 'NONE', #7085, #241 ) ;
#8468 = EDGE_CURVE ( 'NONE', #3191, #4841, #1170, .T. ) ;
#8469 = VECTOR ( 'NONE', #1810, 1000.000000000000227 ) ;
#8470 = AXIS2_PLACEMENT_3D ( 'NONE', #8995, #5301, #8229 ) ;
#8471 = ORIENTED_EDGE ( 'NONE', *, *, #5205, .T. ) ;
#8472 = DIRECTION ( 'NONE',  ( -1.309403304758604751E-15, -1.665675794001558719E-15, 1.000000000000000000 ) ) ;
#8473 = LINE ( 'NONE', #2663, #4277 ) ;
#8474 = VERTEX_POINT ( 'NONE', #4979 ) ;
#8475 = DIRECTION ( 'NONE',  ( 1.000000000000000000, 0.000000000000000000, 0.000000000000000000 ) ) ;
#8476 = PLANE ( 'NONE',  #7612 ) ;
#8477 = ORIENTED_EDGE ( 'NONE', *, *, #1342, .T. ) ;
#8478 = DIRECTION ( 'NONE',  ( -1.000000000000000000, -1.504038027996622089E-18, -1.309403304758604554E-15 ) ) ;
#8479 = CARTESIAN_POINT ( 'NONE',  ( 18.40000000000000213, -3.233161507461906226, 0.5999999999999999778 ) ) ;
#8480 = VERTEX_POINT ( 'NONE', #4212 ) ;
#8481 = EDGE_CURVE ( 'NONE', #753, #8686, #6470, .T. ) ;
#8482 = VERTEX_POINT ( 'NONE', #9387 ) ;
#8483 = VECTOR ( 'NONE', #5740, 999.9999999999998863 ) ;
#8484 = FACE_OUTER_BOUND ( 'NONE', #5101, .T. ) ;
#8485 = CARTESIAN_POINT ( 'NONE',  ( 117.4594733917879950, 104.3679753938900063, 181.0501160567390002 ) ) ;
#8486 = PRODUCT_DEFINITION ( 'UNKNOWN', '', #2248, #9479 ) ;
#8487 = EDGE_LOOP ( 'NONE', ( #2102, #8157, #7533, #3795 ) ) ;
#8488 = LINE ( 'NONE', #1898, #4016 ) ;
#8489 = LINE ( 'NONE', #5036, #7900 ) ;
#8490 = ORIENTED_EDGE ( 'NONE', *, *, #8750, .T. ) ;
#8491 = CARTESIAN_POINT ( 'NONE',  ( 12.20000000000000462, -6.581793068761736087, 0.000000000000000000 ) ) ;
#8492 = LINE ( 'NONE', #2449, #4233 ) ;
#8493 = EDGE_CURVE ( 'NONE', #2777, #778, #4259, .T. ) ;
#8494 = VERTEX_POINT ( 'NONE', #590 ) ;
#8495 = VERTEX_POINT ( 'NONE', #3534 ) ;
#8496 = VECTOR ( 'NONE', #4060, 1000.000000000000000 ) ;
#8497 = EDGE_CURVE ( 'NONE', #4625, #9418, #2813, .T. ) ;
#8498 = CARTESIAN_POINT ( 'NONE',  ( 124.9594733917878244, 85.18558278779907766, 145.4301932445418686 ) ) ;
#8499 = CARTESIAN_POINT ( 'NONE',  ( 124.3594733917878159, 96.58558278779911177, 141.6196814678903593 ) ) ;
#8500 = VERTEX_POINT ( 'NONE', #5026 ) ;
#8501 = PLANE ( 'NONE',  #802 ) ;
#8502 = AXIS2_PLACEMENT_3D ( 'NONE', #912, #8135, #5876 ) ;
#8503 = DIRECTION ( 'NONE',  ( 0.000000000000000000, 0.000000000000000000, -1.000000000000000000 ) ) ;
#8504 = ORIENTED_EDGE ( 'NONE', *, *, #8578, .F. ) ;
#8505 = CARTESIAN_POINT ( 'NONE',  ( 116.1544892484759970, 47.05879653723739864, 161.4464302784929828 ) ) ;
#8506 = AXIS2_PLACEMENT_3D ( 'NONE', #1580, #4632, #1777 ) ;
#8507 = FACE_OUTER_BOUND ( 'NONE', #5286, .T. ) ;
#8508 = EDGE_CURVE ( 'NONE', #605, #1698, #7958, .T. ) ;
#8509 = EDGE_CURVE ( 'NONE', #4142, #8881, #2862, .T. ) ;
#8510 = DIRECTION ( 'NONE',  ( -6.590088167172839757E-16, 0.8660254037844369313, 0.5000000000000028866 ) ) ;
#8511 = CIRCLE ( 'NONE', #5153, 2.350000000000004974 ) ;
#8512 = CARTESIAN_POINT ( 'NONE',  ( 103.4479001739019992, 52.85920973258589584, 168.8506934941869986 ) ) ;
#8513 = VERTEX_POINT ( 'NONE', #2284 ) ;
#8514 = CYLINDRICAL_SURFACE ( 'NONE', #822, 0.1999999999999953759 ) ;
#8515 = CIRCLE ( 'NONE', #1754, 1.199999999999951106 ) ;
#8516 = DIRECTION ( 'NONE',  ( 0.000000000000000000, -1.000000000000000000, 0.000000000000000000 ) ) ;
#8517 = CIRCLE ( 'NONE', #2545, 1.700000000000000178 ) ;
#8518 = ORIENTED_EDGE ( 'NONE', *, *, #5882, .F. ) ;
#8519 = DIRECTION ( 'NONE',  ( -0.8660254037844385966, -0.5000000000000002220, 0.000000000000000000 ) ) ;
#8520 = EDGE_CURVE ( 'NONE', #4810, #4983, #4353, .T. ) ;
#8521 = ADVANCED_FACE ( 'NONE', ( #4547 ), #8195, .T. ) ;
#8522 = DIRECTION ( 'NONE',  ( 0.000000000000000000, 0.000000000000000000, -1.000000000000000000 ) ) ;
#8523 = DIRECTION ( 'NONE',  ( 6.590088167172822008E-16, -0.8660254037844377084, -0.5000000000000015543 ) ) ;
#8524 = VECTOR ( 'NONE', #5581, 1000.000000000000000 ) ;
#8525 = ORIENTED_EDGE ( 'NONE', *, *, #7040, .T. ) ;
#8526 = DIRECTION ( 'NONE',  ( 1.000000000000000000, 3.659954016806429821E-31, 0.000000000000000000 ) ) ;
#8527 = CARTESIAN_POINT ( 'NONE',  ( 97.51665896446219506, 47.25879653723749385, 130.2501160567389888 ) ) ;
#8528 = ORIENTED_EDGE ( 'NONE', *, *, #2471, .T. ) ;
#8529 = CARTESIAN_POINT ( 'NONE',  ( 104.6479001739019878, 47.65879653723730058, 167.7004093984700148 ) ) ;
#8530 = CARTESIAN_POINT ( 'NONE',  ( 119.4594733917885918, 112.1597965372631620, 129.0501160567390286 ) ) ;
#8531 = ORIENTED_EDGE ( 'NONE', *, *, #6240, .F. ) ;
#8532 = VECTOR ( 'NONE', #2876, 1000.000000000000114 ) ;
#8533 = VECTOR ( 'NONE', #1562, 1000.000000000000000 ) ;
#8534 = ORIENTED_EDGE ( 'NONE', *, *, #7853, .F. ) ;
#8535 = CARTESIAN_POINT ( 'NONE',  ( 12.39999999999999858, -13.62546635287517027, 0.5999999999999999778 ) ) ;
#8536 = ADVANCED_FACE ( 'NONE', ( #8862 ), #1401, .F. ) ;
#8537 = FACE_OUTER_BOUND ( 'NONE', #5222, .T. ) ;
#8538 = ORIENTED_EDGE ( 'NONE', *, *, #9522, .F. ) ;
#8539 = VECTOR ( 'NONE', #5846, 1000.000000000000000 ) ;
#8540 = VECTOR ( 'NONE', #9346, 1000.000000000000000 ) ;
#8541 = PLANE ( 'NONE',  #9079 ) ;
#8542 = CARTESIAN_POINT ( 'NONE',  ( 124.9594733917878102, 90.58558278779905493, 152.0119863133036233 ) ) ;
#8543 = ORIENTED_EDGE ( 'NONE', *, *, #483, .T. ) ;
#8544 = DIRECTION ( 'NONE',  ( -1.504038028001425744E-18, 1.000000000000000000, 3.668761925651101070E-15 ) ) ;
#8545 = DIRECTION ( 'NONE',  ( 1.000000000000000000, 8.019985107680300630E-59, -5.417820291369720182E-45 ) ) ;
#8546 = ORIENTED_EDGE ( 'NONE', *, *, #5592, .T. ) ;
#8547 = VECTOR ( 'NONE', #6699, 1000.000000000000000 ) ;
#8548 = ORIENTED_EDGE ( 'NONE', *, *, #8761, .T. ) ;
#8549 = EDGE_CURVE ( 'NONE', #1171, #2253, #8047, .T. ) ;
#8550 = DIRECTION ( 'NONE',  ( 0.000000000000000000, -0.1260168930201854276, 0.9920280957077471928 ) ) ;
#8551 = PLANE ( 'NONE',  #8225 ) ;
#8552 = VERTEX_POINT ( 'NONE', #4453 ) ;
#8553 = LINE ( 'NONE', #4867, #2802 ) ;
#8554 = CYLINDRICAL_SURFACE ( 'NONE', #8671, 3.000000000000002665 ) ;
#8555 = ORIENTED_EDGE ( 'NONE', *, *, #5251, .T. ) ;
#8556 = CARTESIAN_POINT ( 'NONE',  ( 11.80000000000000249, -7.274613391789286787, 0.5999999999999999778 ) ) ;
#8557 = EDGE_CURVE ( 'NONE', #3442, #2519, #7380, .T. ) ;
#8558 = ADVANCED_FACE ( 'NONE', ( #7428 ), #2181, .F. ) ;
#8559 = FACE_OUTER_BOUND ( 'NONE', #7260, .T. ) ;
#8560 = DIRECTION ( 'NONE',  ( -0.8660254037844385966, 0.5000000000000002220, 0.000000000000000000 ) ) ;
#8561 = LINE ( 'NONE', #8748, #7613 ) ;
#8562 = ORIENTED_EDGE ( 'NONE', *, *, #1451, .F. ) ;
#8563 = DIRECTION ( 'NONE',  ( -1.000000000000000000, -1.504038027996622089E-18, -1.309403304758604554E-15 ) ) ;
#8564 = CARTESIAN_POINT ( 'NONE',  ( 124.9594733917878244, 85.18558278779907766, 145.4301932445418686 ) ) ;
#8565 = EDGE_CURVE ( 'NONE', #4966, #1264, #8149, .T. ) ;
#8566 = ORIENTED_EDGE ( 'NONE', *, *, #4043, .T. ) ;
#8567 = PLANE ( 'NONE',  #6574 ) ;
#8568 = CARTESIAN_POINT ( 'NONE',  ( 12.00000000000000355, 7.390083445627212200, 0.5999999999999999778 ) ) ;
#8569 = LINE ( 'NONE', #6905, #2430 ) ;
#8570 = ORIENTED_EDGE ( 'NONE', *, *, #4139, .F. ) ;
#8571 = CARTESIAN_POINT ( 'NONE',  ( 105.8479001739020049, 48.85879653723819871, 166.8113888862239946 ) ) ;
#8572 = LINE ( 'NONE', #1888, #5611 ) ;
#8573 = EDGE_LOOP ( 'NONE', ( #4221, #7446, #6803, #5076 ) ) ;
#8574 = DIRECTION ( 'NONE',  ( 0.000000000000000000, -1.000000000000000000, 0.000000000000000000 ) ) ;
#8575 = CARTESIAN_POINT ( 'NONE',  ( 124.3594733917878301, 99.58558278779911177, 139.8876306603214914 ) ) ;
#8576 = EDGE_LOOP ( 'NONE', ( #6723, #290 ) ) ;
#8577 = AXIS2_PLACEMENT_3D ( 'NONE', #4592, #2421, #5362 ) ;
#8578 = EDGE_CURVE ( 'NONE', #4189, #5397, #3727, .T. ) ;
#8579 = EDGE_CURVE ( 'NONE', #1058, #2264, #735, .T. ) ;
#8580 = ORIENTED_EDGE ( 'NONE', *, *, #5241, .T. ) ;
#8581 = CARTESIAN_POINT ( 'NONE',  ( 124.9594733917877960, 78.78558278779904356, 159.7484799204445665 ) ) ;
#8582 = DIRECTION ( 'NONE',  ( -1.136463268210226989E-15, 0.4999999999999967248, 0.8660254037844404840 ) ) ;
#8583 = EDGE_LOOP ( 'NONE', ( #1500, #518, #6662, #651 ) ) ;
#8584 = DIRECTION ( 'NONE',  ( -1.309403304758604751E-15, -3.668761925651101858E-15, 1.000000000000000000 ) ) ;
#8585 = CARTESIAN_POINT ( 'NONE',  ( 124.7594733917880063, 111.9587965372629981, 130.5501160567390002 ) ) ;
#8586 = ORIENTED_EDGE ( 'NONE', *, *, #7112, .F. ) ;
#8587 = CARTESIAN_POINT ( 'NONE',  ( 121.9594733917879950, 48.38716104304560162, 176.8500716728239865 ) ) ;
#8588 = DIRECTION ( 'NONE',  ( 1.000000000000000000, 1.504038027996622089E-18, 1.309403304758604554E-15 ) ) ;
#8589 = ADVANCED_FACE ( 'NONE', ( #6711 ), #8718, .F. ) ;
#8590 = VECTOR ( 'NONE', #6884, 1000.000000000000114 ) ;
#8591 = ORIENTED_EDGE ( 'NONE', *, *, #6974, .T. ) ;
#8592 = ORIENTED_EDGE ( 'NONE', *, *, #1844, .F. ) ;
#8593 = FACE_OUTER_BOUND ( 'NONE', #3685, .T. ) ;
#8594 = DIRECTION ( 'NONE',  ( 0.000000000000000000, 0.9999999999999881206, 1.538396724824263788E-07 ) ) ;
#8595 = ORIENTED_EDGE ( 'NONE', *, *, #5258, .T. ) ;
#8596 = DIRECTION ( 'NONE',  ( -0.7071067811865474617, 9.813077866773586595E-15, -0.7071067811865474617 ) ) ;
#8597 = CARTESIAN_POINT ( 'NONE',  ( 6.400000000000002132, 3.464101615137753942, 0.000000000000000000 ) ) ;
#8598 = DIRECTION ( 'NONE',  ( 0.000000000000000000, -0.1260168930201857329, 0.9920280957077471928 ) ) ;
#8599 = EDGE_CURVE ( 'NONE', #82, #8380, #6515, .T. ) ;
#8600 = CONICAL_SURFACE ( 'NONE', #613, 1.400000000000012346, 0.7853981633974461696 ) ;
#8601 = DIRECTION ( 'NONE',  ( -1.000000000000000000, -1.504038027996622089E-18, -1.309403304758604554E-15 ) ) ;
#8602 = DIRECTION ( 'NONE',  ( 1.000000000000000000, -1.684925824262390165E-30, 1.332169591021890008E-15 ) ) ;
#8603 = LINE ( 'NONE', #2017, #8221 ) ;
#8604 = ORIENTED_EDGE ( 'NONE', *, *, #1929, .T. ) ;
#8605 = LINE ( 'NONE', #2021, #7272 ) ;
#8606 = LINE ( 'NONE', #2022, #9153 ) ;
#8607 = EDGE_CURVE ( 'NONE', #2575, #592, #9433, .T. ) ;
#8608 = FACE_OUTER_BOUND ( 'NONE', #3301, .T. ) ;
#8609 = CARTESIAN_POINT ( 'NONE',  ( 124.9594733917879950, 50.85900246190720253, 175.1500716728239979 ) ) ;
#8610 = CARTESIAN_POINT ( 'NONE',  ( 124.3594733917878159, 95.98558278779910324, 141.9660916294041613 ) ) ;
#8611 = ORIENTED_EDGE ( 'NONE', *, *, #5179, .T. ) ;
#8612 = EDGE_CURVE ( 'NONE', #354, #2648, #5987, .T. ) ;
#8613 = UNCERTAINTY_MEASURE_WITH_UNIT (LENGTH_MEASURE( 1.000000000000000082E-05 ), #6754, 'distance_accuracy_value', 'NONE');
#8614 = DIRECTION ( 'NONE',  ( -2.409670824388179931E-32, 8.710602340643920684E-15, -1.000000000000000000 ) ) ;
#8615 = CARTESIAN_POINT ( 'NONE',  ( 12.40000000000000391, -6.235382907247958073, 0.5999999999999999778 ) ) ;
#8616 = ORIENTED_EDGE ( 'NONE', *, *, #8791, .F. ) ;
#8617 = FACE_OUTER_BOUND ( 'NONE', #1814, .T. ) ;
#8618 = CARTESIAN_POINT ( 'NONE',  ( 124.9594733917878102, 90.98558278779906061, 152.0119863133036233 ) ) ;
#8619 = ORIENTED_EDGE ( 'NONE', *, *, #4782, .T. ) ;
#8620 = VECTOR ( 'NONE', #2494, 1000.000000000000000 ) ;
#8621 = CIRCLE ( 'NONE', #481, 1.199999999999999734 ) ;
#8622 = ORIENTED_EDGE ( 'NONE', *, *, #1573, .F. ) ;
#8623 = LINE ( 'NONE', #1266, #8085 ) ;
#8624 = VECTOR ( 'NONE', #7488, 1000.000000000000000 ) ;
#8625 = CARTESIAN_POINT ( 'NONE',  ( 114.4594733917879950, 79.36797539389087319, 129.0501160567390002 ) ) ;
#8626 = VECTOR ( 'NONE', #1774, 1000.000000000000114 ) ;
#8627 = EDGE_LOOP ( 'NONE', ( #6344, #3984, #1215, #7025 ) ) ;
#8628 = ADVANCED_FACE ( 'NONE', ( #681, #3631, #3677, #5125, #2911, #1452, #2960, #2233, #5892, #5180, #1502, #1060, #6900, #141, #3915, #5410 ), #6182, .T. ) ;
#8629 = CARTESIAN_POINT ( 'NONE',  ( 124.9594733917877960, 97.18558278779902082, 162.0578809972031422 ) ) ;
#8630 = EDGE_CURVE ( 'NONE', #4160, #5045, #3967, .T. ) ;
#8631 = CARTESIAN_POINT ( 'NONE',  ( -170.8999999999989825, -30.38007718780295718, -55.72678625056066437 ) ) ;
#8632 = DIRECTION ( 'NONE',  ( -1.332169591021890008E-15, 0.000000000000000000, 1.000000000000000000 ) ) ;
#8633 = EDGE_LOOP ( 'NONE', ( #3975, #7600, #4897, #5615 ) ) ;
#8634 = LINE ( 'NONE', #2046, #3564 ) ;
#8635 = DIRECTION ( 'NONE',  ( 0.000000000000000000, -1.000000000000000000, 0.000000000000000000 ) ) ;
#8636 = PLANE ( 'NONE',  #2381 ) ;
#8637 = VECTOR ( 'NONE', #3399, 1000.000000000000000 ) ;
#8638 = EDGE_LOOP ( 'NONE', ( #2291, #5331, #7441, #3822 ) ) ;
#8639 = ORIENTED_EDGE ( 'NONE', *, *, #8468, .T. ) ;
#8640 = DIRECTION ( 'NONE',  ( -1.000000000000000000, 1.684925824262390165E-30, -1.332169591021890008E-15 ) ) ;
#8641 = AXIS2_PLACEMENT_3D ( 'NONE', #8956, #4596, #8378 ) ;
#8642 = PLANE ( 'NONE',  #8672 ) ;
#8643 = EDGE_LOOP ( 'NONE', ( #6631, #9331, #3567, #1709 ) ) ;
#8644 = LINE ( 'NONE', #7845, #1566 ) ;
#8645 = DIRECTION ( 'NONE',  ( 0.4999999999999998335, -0.8660254037844388186, 0.000000000000000000 ) ) ;
#8646 = ORIENTED_EDGE ( 'NONE', *, *, #1297, .F. ) ;
#8647 = VECTOR ( 'NONE', #6318, 1000.000000000000000 ) ;
#8648 = DIRECTION ( 'NONE',  ( -3.155443620884050024E-30, 1.000000000000000000, 3.908184725064409972E-15 ) ) ;
#8649 = DIRECTION ( 'NONE',  ( -1.000000000000000000, -5.007715329123860808E-16, 0.000000000000000000 ) ) ;
#8650 = EDGE_CURVE ( 'NONE', #2395, #5089, #4781, .T. ) ;
#8651 = PLANE ( 'NONE',  #193 ) ;
#8652 = ORIENTED_EDGE ( 'NONE', *, *, #1287, .T. ) ;
#8653 = LINE ( 'NONE', #5728, #2371 ) ;
#8654 = DIRECTION ( 'NONE',  ( 0.000000000000000000, 1.000000000000000000, 0.000000000000000000 ) ) ;
#8655 = CONICAL_SURFACE ( 'NONE', #9421, 1.399999999999956835, 0.7853981633974461696 ) ;
#8656 = CIRCLE ( 'NONE', #4533, 1.199999999999971978 ) ;
#8657 = DIRECTION ( 'NONE',  ( 0.000000000000000000, -1.000000000000000000, 0.000000000000000000 ) ) ;
#8658 = DIRECTION ( 'NONE',  ( 1.000000000000000000, 0.000000000000000000, -0.000000000000000000 ) ) ;
#8659 = ADVANCED_FACE ( 'NONE', ( #7522 ), #9058, .F. ) ;
#8660 = CARTESIAN_POINT ( 'NONE',  ( 103.4479001739019992, 47.70732467466130089, 180.4501160567390059 ) ) ;
#8661 = VERTEX_POINT ( 'NONE', #4736 ) ;
#8662 = VECTOR ( 'NONE', #2230, 1000.000000000000000 ) ;
#8663 = CARTESIAN_POINT ( 'NONE',  ( 121.5594733917879893, 50.85900246190750096, 136.0001160632310189 ) ) ;
#8664 = VECTOR ( 'NONE', #3547, 1000.000000000000000 ) ;
#8665 = DIRECTION ( 'NONE',  ( 0.8660254037844387076, -0.4999999999999998335, 0.000000000000000000 ) ) ;
#8666 = ORIENTED_EDGE ( 'NONE', *, *, #1185, .T. ) ;
#8667 = CARTESIAN_POINT ( 'NONE',  ( 124.3594733917878017, 102.5855827877990691, 152.0119863133036517 ) ) ;
#8668 = VERTEX_POINT ( 'NONE', #9009 ) ;
#8669 = EDGE_CURVE ( 'NONE', #4814, #4124, #7669, .T. ) ;
#8670 = ORIENTED_EDGE ( 'NONE', *, *, #1110, .F. ) ;
#8671 = AXIS2_PLACEMENT_3D ( 'NONE', #1966, #7846, #120 ) ;
#8672 = AXIS2_PLACEMENT_3D ( 'NONE', #1280, #6447, #5767 ) ;
#8673 = CARTESIAN_POINT ( 'NONE',  ( -5.799999999999999822, -10.04589468389949047, 0.5999999999999999778 ) ) ;
#8674 = EDGE_CURVE ( 'NONE', #1409, #5154, #3202, .T. ) ;
#8675 = DIRECTION ( 'NONE',  ( 0.000000000000000000, 0.000000000000000000, 1.000000000000000000 ) ) ;
#8676 = ORIENTED_EDGE ( 'NONE', *, *, #3613, .F. ) ;
#8677 = CARTESIAN_POINT ( 'NONE',  ( 104.1412005329670052, 111.6587965372630009, 176.8430092755530154 ) ) ;
#8678 = CARTESIAN_POINT ( 'NONE',  ( 124.9594733917878244, 108.3855827877990947, 142.6589119524317368 ) ) ;
#8679 = VERTEX_POINT ( 'NONE', #4689 ) ;
#8680 = DIRECTION ( 'NONE',  ( 1.309403304758604751E-15, 1.665675794001558719E-15, -1.000000000000000000 ) ) ;
#8681 = VECTOR ( 'NONE', #4465, 1000.000000000000000 ) ;
#8682 = CARTESIAN_POINT ( 'NONE',  ( 11.60000000000000497, -7.621023553303062137, 0.5999999999999999778 ) ) ;
#8683 = COLOUR_RGB ( '',0.7921568627450980005, 0.8196078431372548767, 0.9333333333333333481 ) ;
#8684 = CARTESIAN_POINT ( 'NONE',  ( 99.01619377653250353, 47.25879653723740148, 180.8501160567390116 ) ) ;
#8685 = EDGE_CURVE ( 'NONE', #8794, #1517, #335, .T. ) ;
#8686 = VERTEX_POINT ( 'NONE', #2518 ) ;
#8687 = ORIENTED_EDGE ( 'NONE', *, *, #6114, .T. ) ;
#8688 = CIRCLE ( 'NONE', #387, 3.000000000000002665 ) ;
#8689 = VECTOR ( 'NONE', #3582, 1000.000000000000000 ) ;
#8690 = DIRECTION ( 'NONE',  ( -1.000000000000000000, 5.923677312709590618E-16, -6.938893903905799338E-18 ) ) ;
#8691 = LINE ( 'NONE', #4280, #1919 ) ;
#8692 = ORIENTED_EDGE ( 'NONE', *, *, #8599, .T. ) ;
#8693 = DIRECTION ( 'NONE',  ( -1.000000000000000000, 2.050921225943004990E-30, -1.332169591021890008E-15 ) ) ;
#8694 = CARTESIAN_POINT ( 'NONE',  ( 0.1999999999999999278, -0.3464101615137755164, 0.000000000000000000 ) ) ;
#8695 = VECTOR ( 'NONE', #2965, 1000.000000000000000 ) ;
#8696 = EDGE_CURVE ( 'NONE', #8813, #4737, #9150, .T. ) ;
#8697 = ORIENTED_EDGE ( 'NONE', *, *, #7604, .F. ) ;
#8698 = EDGE_CURVE ( 'NONE', #5021, #2470, #9102, .T. ) ;
#8699 = DIRECTION ( 'NONE',  ( 1.000000000000000000, 0.000000000000000000, 0.000000000000000000 ) ) ;
#8700 = VERTEX_POINT ( 'NONE', #8245 ) ;
#8701 = CARTESIAN_POINT ( 'NONE',  ( 17.60000000000000142, -10.62324495308912198, 0.000000000000000000 ) ) ;
#8702 = VECTOR ( 'NONE', #1239, 1000.000000000000000 ) ;
#8703 = CARTESIAN_POINT ( 'NONE',  ( 115.7199540685230090, 54.95626731504274431, 176.0501160567390002 ) ) ;
#8704 = ORIENTED_EDGE ( 'NONE', *, *, #66, .T. ) ;
#8705 = LINE ( 'NONE', #5062, #356 ) ;
#8706 = CARTESIAN_POINT ( 'NONE',  ( 17.60000000000000142, 2.771281292110203687, 0.5999999999999999778 ) ) ;
#8707 = VECTOR ( 'NONE', #1205, 1000.000000000000000 ) ;
#8708 = EDGE_CURVE ( 'NONE', #5538, #6909, #7621, .T. ) ;
#8709 = LINE ( 'NONE', #9422, #6118 ) ;
#8710 = CARTESIAN_POINT ( 'NONE',  ( 103.8479001739019907, 52.85920973258589584, 168.8506934941869986 ) ) ;
#8711 = CYLINDRICAL_SURFACE ( 'NONE', #6591, 1.199999999999951106 ) ;
#8712 = ORIENTED_EDGE ( 'NONE', *, *, #4687, .T. ) ;
#8713 = AXIS2_PLACEMENT_3D ( 'NONE', #6750, #8140, #6653 ) ;
#8714 = DIRECTION ( 'NONE',  ( -1.000000000000000000, 0.000000000000000000, 0.000000000000000000 ) ) ;
#8715 = CARTESIAN_POINT ( 'NONE',  ( 124.3594733917878017, 83.98558278779900377, 162.7507013202306325 ) ) ;
#8716 = VERTEX_POINT ( 'NONE', #8379 ) ;
#8717 = LINE ( 'NONE', #8764, #1421 ) ;
#8718 = PLANE ( 'NONE',  #4560 ) ;
#8719 = ORIENTED_EDGE ( 'NONE', *, *, #1693, .T. ) ;
#8720 = EDGE_CURVE ( 'NONE', #7033, #2285, #1787, .T. ) ;
#8721 = ORIENTED_EDGE ( 'NONE', *, *, #9151, .T. ) ;
#8722 = DIRECTION ( 'NONE',  ( 0.4999999999999999445, 0.8660254037844387076, -0.000000000000000000 ) ) ;
#8723 = CARTESIAN_POINT ( 'NONE',  ( 11.20000000000000284, -6.928203230275511437, 0.000000000000000000 ) ) ;
#8724 = VERTEX_POINT ( 'NONE', #1832 ) ;
#8725 = CARTESIAN_POINT ( 'NONE',  ( 103.6479001739019878, 48.65879653723830245, 140.1698706189440031 ) ) ;
#8726 = CARTESIAN_POINT ( 'NONE',  ( -46.54052660821200504, 115.0501160567388155, 47.05879653723781075 ) ) ;
#8727 = DIRECTION ( 'NONE',  ( 0.8660254037844385966, 0.4999999999999999445, 0.000000000000000000 ) ) ;
#8728 = ORIENTED_EDGE ( 'NONE', *, *, #7397, .T. ) ;
#8729 = LINE ( 'NONE', #4513, #8624 ) ;
#8730 = EDGE_CURVE ( 'NONE', #2596, #1859, #1690, .T. ) ;
#8731 = CARTESIAN_POINT ( 'NONE',  ( 11.80000000000000249, -6.581793068761736087, 0.5999999999999999778 ) ) ;
#8732 = EDGE_LOOP ( 'NONE', ( #6147, #694, #7361, #4922, #7444, #6084, #5572, #4652 ) ) ;
#8733 = EDGE_CURVE ( 'NONE', #6088, #4422, #6758, .T. ) ;
#8734 = ORIENTED_EDGE ( 'NONE', *, *, #5240, .T. ) ;
#8735 = ORIENTED_EDGE ( 'NONE', *, *, #2729, .F. ) ;
#8736 = DIRECTION ( 'NONE',  ( -1.000000000000000000, 0.000000000000000000, 0.000000000000000000 ) ) ;
#8737 = LINE ( 'NONE', #2351, #7746 ) ;
#8738 = ORIENTED_EDGE ( 'NONE', *, *, #4439, .T. ) ;
#8739 = CARTESIAN_POINT ( 'NONE',  ( 124.5594733917879893, 76.28379653724290677, 130.0501160567390002 ) ) ;
#8740 = ADVANCED_FACE ( 'NONE', ( #2375 ), #2426, .F. ) ;
#8741 = DIRECTION ( 'NONE',  ( -6.503944880413212681E-16, -0.8660254037844400399, 0.4999999999999976130 ) ) ;
#8742 = CIRCLE ( 'NONE', #3239, 1.699999999999993072 ) ;
#8743 = ORIENTED_EDGE ( 'NONE', *, *, #5114, .T. ) ;
#8744 = ORIENTED_EDGE ( 'NONE', *, *, #7081, .T. ) ;
#8745 = CARTESIAN_POINT ( 'NONE',  ( 23.60000000000001918, -27.01999259807449860, 0.5999999999999999778 ) ) ;
#8746 = ORIENTED_EDGE ( 'NONE', *, *, #6534, .T. ) ;
#8747 = DIRECTION ( 'NONE',  ( 1.136463268210227383E-15, -0.4999999999999965028, -0.8660254037844407060 ) ) ;
#8748 = CARTESIAN_POINT ( 'NONE',  ( 121.9594733917879950, 52.55900246190719827, 173.4500716728240093 ) ) ;
#8749 = EDGE_CURVE ( 'NONE', #2112, #5804, #3867, .T. ) ;
#8750 = EDGE_CURVE ( 'NONE', #1517, #4134, #2712, .T. ) ;
#8751 = ORIENTED_EDGE ( 'NONE', *, *, #7362, .F. ) ;
#8752 = CARTESIAN_POINT ( 'NONE',  ( 124.3594733917878159, 109.1855827877990777, 149.1252349673555386 ) ) ;
#8753 = CARTESIAN_POINT ( 'NONE',  ( 104.6479001739019878, 47.75879991855730111, 180.8501160567390116 ) ) ;
#8754 = AXIS2_PLACEMENT_3D ( 'NONE', #9044, #9179, #2600 ) ;
#8755 = DIRECTION ( 'NONE',  ( -0.000000000000000000, -0.000000000000000000, -1.000000000000000000 ) ) ;
#8756 = CARTESIAN_POINT ( 'NONE',  ( 97.10416572089670240, 112.1587965372630009, 130.5501160567390002 ) ) ;
#8757 = CARTESIAN_POINT ( 'NONE',  ( 0.2000000000000014821, -0.3464101615137779033, 0.5999999999999999778 ) ) ;
#8758 = AXIS2_PLACEMENT_3D ( 'NONE', #68, #3747, #1568 ) ;
#8759 = ORIENTED_EDGE ( 'NONE', *, *, #7823, .T. ) ;
#8760 = DIRECTION ( 'NONE',  ( 0.8660254037844387076, 0.4999999999999999445, 0.000000000000000000 ) ) ;
#8761 = EDGE_CURVE ( 'NONE', #6387, #3972, #5644, .T. ) ;
#8762 = DIRECTION ( 'NONE',  ( 0.000000000000000000, -1.000000000000000000, 0.000000000000000000 ) ) ;
#8763 = ORIENTED_EDGE ( 'NONE', *, *, #202, .T. ) ;
#8764 = CARTESIAN_POINT ( 'NONE',  ( 17.60000000000001563, -24.47965141364013775, 0.5999999999999999778 ) ) ;
#8765 = CARTESIAN_POINT ( 'NONE',  ( 17.80000000000000782, -30.83050437472603633, -0.000000000000000000 ) ) ;
#8766 = ORIENTED_EDGE ( 'NONE', *, *, #3120, .T. ) ;
#8767 = VECTOR ( 'NONE', #709, 1000.000000000000000 ) ;
#8768 = VECTOR ( 'NONE', #4618, 1000.000000000000000 ) ;
#8769 = ORIENTED_EDGE ( 'NONE', *, *, #5351, .F. ) ;
#8770 = CARTESIAN_POINT ( 'NONE',  ( 121.7594733917879921, 52.55900246190740432, 137.7001160632310075 ) ) ;
#8771 = DIRECTION ( 'NONE',  ( 0.000000000000000000, -1.000000000000000000, 0.000000000000000000 ) ) ;
#8772 = ORIENTED_EDGE ( 'NONE', *, *, #143, .F. ) ;
#8773 = CARTESIAN_POINT ( 'NONE',  ( 124.3594733917878159, 90.38558278779908051, 145.6611333522177176 ) ) ;
#8774 = ADVANCED_FACE ( 'NONE', ( #578 ), #4879, .F. ) ;
#8775 = FACE_OUTER_BOUND ( 'NONE', #9412, .T. ) ;
#8776 = EDGE_LOOP ( 'NONE', ( #273, #3320, #3215, #1505 ) ) ;
#8777 = PLANE ( 'NONE',  #2962 ) ;
#8778 = CYLINDRICAL_SURFACE ( 'NONE', #3327, 3.000000000000002665 ) ;
#8779 = VERTEX_POINT ( 'NONE', #6417 ) ;
#8780 = CARTESIAN_POINT ( 'NONE',  ( 123.6663223477645630, 47.90022127479398506, 180.9915374129757879 ) ) ;
#8781 = ORIENTED_EDGE ( 'NONE', *, *, #4569, .T. ) ;
#8782 = VECTOR ( 'NONE', #8429, 1000.000000000000114 ) ;
#8783 = EDGE_LOOP ( 'NONE', ( #7526, #8111, #6011, #2252 ) ) ;
#8784 = CARTESIAN_POINT ( 'NONE',  ( 124.3594733917878301, 96.98558278779911745, 135.3842985606424065 ) ) ;
#8785 = LINE ( 'NONE', #8172, #9292 ) ;
#8786 = ORIENTED_EDGE ( 'NONE', *, *, #6208, .T. ) ;
#8787 = DIRECTION ( 'NONE',  ( 1.131489783230270639E-15, 0.5000000000000038858, -0.8660254037844363761 ) ) ;
#8788 = DIRECTION ( 'NONE',  ( 1.000000000000000000, -1.833025172904760085E-30, 1.332169591021890008E-15 ) ) ;
#8789 = ORIENTED_EDGE ( 'NONE', *, *, #5482, .F. ) ;
#8790 = ORIENTED_EDGE ( 'NONE', *, *, #7847, .T. ) ;
#8791 = EDGE_CURVE ( 'NONE', #6448, #2020, #1156, .T. ) ;
#8792 = VECTOR ( 'NONE', #6852, 999.9999999999998863 ) ;
#8793 = PLANE ( 'NONE',  #6565 ) ;
#8794 = VERTEX_POINT ( 'NONE', #4061 ) ;
#8795 = DIRECTION ( 'NONE',  ( 0.000000000000000000, 0.000000000000000000, 1.000000000000000000 ) ) ;
#8796 = EDGE_CURVE ( 'NONE', #6471, #15, #1107, .T. ) ;
#8797 = DIRECTION ( 'NONE',  ( 1.000000000000000000, 0.000000000000000000, 0.000000000000000000 ) ) ;
#8798 = ORIENTED_EDGE ( 'NONE', *, *, #2598, .F. ) ;
#8799 = LINE ( 'NONE', #2899, #4373 ) ;
#8800 = DIRECTION ( 'NONE',  ( 0.8660254037844384856, -0.5000000000000002220, 0.000000000000000000 ) ) ;
#8801 = EDGE_CURVE ( 'NONE', #6180, #1986, #9334, .T. ) ;
#8802 = EDGE_CURVE ( 'NONE', #144, #1808, #4114, .T. ) ;
#8803 = CARTESIAN_POINT ( 'NONE',  ( 5.600000000000001421, 3.464101615137753942, 0.000000000000000000 ) ) ;
#8804 = CARTESIAN_POINT ( 'NONE',  ( 105.8479001739020049, 48.85879653723830529, 142.2994946864579902 ) ) ;
#8805 = CARTESIAN_POINT ( 'NONE',  ( 134.7799384653969810, 59.09668010490100443, 180.8501160567390116 ) ) ;
#8806 =( NAMED_UNIT ( * ) PLANE_ANGLE_UNIT ( ) SI_UNIT ( $, .RADIAN. ) );
#8807 = ORIENTED_EDGE ( 'NONE', *, *, #691, .F. ) ;
#8808 = CARTESIAN_POINT ( 'NONE',  ( 124.3594733917878017, 78.58558278779904072, 159.6330098666066419 ) ) ;
#8809 = VERTEX_POINT ( 'NONE', #5684 ) ;
#8810 = LINE ( 'NONE', #831, #7586 ) ;
#8811 = AXIS2_PLACEMENT_3D ( 'NONE', #1329, #2834, #7932 ) ;
#8812 = DIRECTION ( 'NONE',  ( -6.536849690425969867E-16, 1.000000000000000000, 0.000000000000000000 ) ) ;
#8813 = VERTEX_POINT ( 'NONE', #2756 ) ;
#8814 = EDGE_CURVE ( 'NONE', #8274, #8121, #8606, .T. ) ;
#8815 = ORIENTED_EDGE ( 'NONE', *, *, #2098, .T. ) ;
#8816 = EDGE_CURVE ( 'NONE', #2288, #7550, #385, .T. ) ;
#8817 = DIRECTION ( 'NONE',  ( -6.590088167172844687E-16, 0.8660254037844368202, 0.5000000000000032196 ) ) ;
#8818 = AXIS2_PLACEMENT_3D ( 'NONE', #8823, #4557, #8727 ) ;
#8819 = CARTESIAN_POINT ( 'NONE',  ( 103.4479001739019992, 50.85900246190769991, 175.1500717173229873 ) ) ;
#8820 = EDGE_LOOP ( 'NONE', ( #2885, #897, #4340, #5024 ) ) ;
#8821 = CARTESIAN_POINT ( 'NONE',  ( -2.800000000000002931, -4.849742261192862891, -0.000000000000000000 ) ) ;
#8822 =( NAMED_UNIT ( * ) SI_UNIT ( $, .STERADIAN. ) SOLID_ANGLE_UNIT ( ) );
#8823 = CARTESIAN_POINT ( 'NONE',  ( -2.800000000000000711, 4.849742261192857562, 0.5999999999999999778 ) ) ;
#8824 = ORIENTED_EDGE ( 'NONE', *, *, #2211, .F. ) ;
#8825 = FACE_OUTER_BOUND ( 'NONE', #7929, .T. ) ;
#8826 = DIRECTION ( 'NONE',  ( 0.000000000000000000, 1.000000000000000000, 3.908184725064409972E-15 ) ) ;
#8827 = VERTEX_POINT ( 'NONE', #2070 ) ;
#8828 = CARTESIAN_POINT ( 'NONE',  ( 23.60000000000003340, -4.727283270692928610E-14, -0.000000000000000000 ) ) ;
#8829 = AXIS2_PLACEMENT_3D ( 'NONE', #7229, #7276, #6658 ) ;
#8830 = VECTOR ( 'NONE', #4566, 1000.000000000000000 ) ;
#8831 = ORIENTED_EDGE ( 'NONE', *, *, #8940, .T. ) ;
#8832 = EDGE_CURVE ( 'NONE', #673, #5397, #9376, .T. ) ;
#8833 = ORIENTED_EDGE ( 'NONE', *, *, #9053, .T. ) ;
#8834 = AXIS2_PLACEMENT_3D ( 'NONE', #2984, #21, #8887 ) ;
#8835 = CARTESIAN_POINT ( 'NONE',  ( 103.8479001739019907, 50.85900246190789886, 136.0001161077300367 ) ) ;
#8836 = FACE_OUTER_BOUND ( 'NONE', #6833, .T. ) ;
#8837 = ORIENTED_EDGE ( 'NONE', *, *, #2071, .T. ) ;
#8838 = FACE_OUTER_BOUND ( 'NONE', #8633, .T. ) ;
#8839 = FACE_OUTER_BOUND ( 'NONE', #5972, .T. ) ;
#8840 = ORIENTED_EDGE ( 'NONE', *, *, #7740, .F. ) ;
#8841 = AXIS2_PLACEMENT_3D ( 'NONE', #4514, #3021, #5954 ) ;
#8842 = VECTOR ( 'NONE', #3794, 1000.000000000000114 ) ;
#8843 = EDGE_CURVE ( 'NONE', #4376, #5195, #4968, .T. ) ;
#8844 = ORIENTED_EDGE ( 'NONE', *, *, #2122, .T. ) ;
#8845 = DIRECTION ( 'NONE',  ( -6.590088167172845674E-16, 0.8660254037844367092, 0.5000000000000033307 ) ) ;
#8846 = ORIENTED_EDGE ( 'NONE', *, *, #3826, .T. ) ;
#8847 = FACE_OUTER_BOUND ( 'NONE', #1622, .T. ) ;
#8848 = LINE ( 'NONE', #8084, #2674 ) ;
#8849 = ORIENTED_EDGE ( 'NONE', *, *, #8254, .F. ) ;
#8850 = CARTESIAN_POINT ( 'NONE',  ( 29.20000000000003126, -17.32050807568879591, -0.000000000000000000 ) ) ;
#8851 = CYLINDRICAL_SURFACE ( 'NONE', #8255, 2.350000000000004974 ) ;
#8852 = ADVANCED_FACE ( 'NONE', ( #4249 ), #7176, .F. ) ;
#8853 = CARTESIAN_POINT ( 'NONE',  ( 124.9594733917878102, 85.18558278779906345, 156.0534381976309817 ) ) ;
#8854 = DIRECTION ( 'NONE',  ( 1.000000000000000000, 0.000000000000000000, 0.000000000000000000 ) ) ;
#8855 = CARTESIAN_POINT ( 'NONE',  ( 103.6479001739019878, 69.51965721032100021, 146.6896251811480170 ) ) ;
#8856 = ORIENTED_EDGE ( 'NONE', *, *, #7516, .F. ) ;
#8857 = CARTESIAN_POINT ( 'NONE',  ( -5.200000000000001066, 3.464101615137755719, 0.5999999999999999778 ) ) ;
#8858 = VERTEX_POINT ( 'NONE', #3346 ) ;
#8859 = VECTOR ( 'NONE', #1220, 1000.000000000000000 ) ;
#8860 = DIRECTION ( 'NONE',  ( -0.000000000000000000, -0.000000000000000000, -1.000000000000000000 ) ) ;
#8861 = EDGE_CURVE ( 'NONE', #3191, #8341, #2101, .T. ) ;
#8862 = FACE_OUTER_BOUND ( 'NONE', #9341, .T. ) ;
#8863 = EDGE_LOOP ( 'NONE', ( #621, #6633, #3554, #7230 ) ) ;
#8864 = EDGE_LOOP ( 'NONE', ( #7209, #3897, #1579, #2994 ) ) ;
#8865 = DIRECTION ( 'NONE',  ( 2.003086131649548268E-15, -1.000000000000000000, 0.000000000000000000 ) ) ;
#8866 = CIRCLE ( 'NONE', #6734, 3.400000000000000355 ) ;
#8867 = VECTOR ( 'NONE', #3819, 1000.000000000000000 ) ;
#8868 = CARTESIAN_POINT ( 'NONE',  ( 6.400000000000002132, 2.771281292110202799, 0.000000000000000000 ) ) ;
#8869 = EDGE_LOOP ( 'NONE', ( #4615, #5894, #8216, #7356 ) ) ;
#8870 = DIRECTION ( 'NONE',  ( -0.7071067811864686359, 0.5000000000000557332, -0.5000000000000557332 ) ) ;
#8871 = CARTESIAN_POINT ( 'NONE',  ( 124.9594733917877960, 84.38558278779900945, 163.4435216432582081 ) ) ;
#8872 = ORIENTED_EDGE ( 'NONE', *, *, #5319, .F. ) ;
#8873 = DIRECTION ( 'NONE',  ( -0.8660254037844388186, 0.4999999999999997224, 0.000000000000000000 ) ) ;
#8874 = EDGE_CURVE ( 'NONE', #5887, #3042, #2881, .T. ) ;
#8875 = DIRECTION ( 'NONE',  ( 0.000000000000000000, 0.9999999999999896749, -1.437160311392090125E-07 ) ) ;
#8876 = EDGE_CURVE ( 'NONE', #1942, #4717, #5016, .T. ) ;
#8877 = ORIENTED_EDGE ( 'NONE', *, *, #3808, .F. ) ;
#8878 = VECTOR ( 'NONE', #3107, 999.9999999999998863 ) ;
#8879 = DIRECTION ( 'NONE',  ( 1.000000000000000000, 0.000000000000000000, 0.000000000000000000 ) ) ;
#8880 = ORIENTED_EDGE ( 'NONE', *, *, #3248, .T. ) ;
#8881 = VERTEX_POINT ( 'NONE', #5552 ) ;
#8882 = AXIS2_PLACEMENT_3D ( 'NONE', #2761, #2225, #7180 ) ;
#8883 = CARTESIAN_POINT ( 'NONE',  ( 18.20000000000001350, -16.97409791417501168, 0.5999999999999999778 ) ) ;
#8884 = LINE ( 'NONE', #5148, #5747 ) ;
#8885 = EDGE_LOOP ( 'NONE', ( #5864, #806, #2726, #3587 ) ) ;
#8886 = DIRECTION ( 'NONE',  ( 0.000000000000000000, -1.000000000000000000, 0.000000000000000000 ) ) ;
#8887 = DIRECTION ( 'NONE',  ( 6.590088167172822994E-16, -0.8660254037844377084, -0.5000000000000015543 ) ) ;
#8888 = EDGE_CURVE ( 'NONE', #1399, #4293, #480, .T. ) ;
#8889 = AXIS2_PLACEMENT_3D ( 'NONE', #7088, #8658, #485 ) ;
#8890 = ORIENTED_EDGE ( 'NONE', *, *, #8949, .F. ) ;
#8891 = ORIENTED_EDGE ( 'NONE', *, *, #9094, .T. ) ;
#8892 = DIRECTION ( 'NONE',  ( -0.8660254037844393737, -0.4999999999999986677, 0.000000000000000000 ) ) ;
#8893 = VERTEX_POINT ( 'NONE', #7856 ) ;
#8894 = DIRECTION ( 'NONE',  ( 6.503944880413204792E-16, 0.8660254037844403729, -0.4999999999999969469 ) ) ;
#8895 = CARTESIAN_POINT ( 'NONE',  ( 103.4479001739019992, 48.45879653723820013, 168.8506931385969949 ) ) ;
#8896 = VECTOR ( 'NONE', #428, 1000.000000000000114 ) ;
#8897 = EDGE_CURVE ( 'NONE', #9193, #5175, #8467, .T. ) ;
#8898 = VERTEX_POINT ( 'NONE', #6365 ) ;
#8899 = DIRECTION ( 'NONE',  ( 0.000000000000000000, 1.628425141311850051E-15, -1.000000000000000000 ) ) ;
#8900 = CARTESIAN_POINT ( 'NONE',  ( 124.9594733917878102, 78.38558278779903787, 152.1274563671415194 ) ) ;
#8901 = AXIS2_PLACEMENT_3D ( 'NONE', #1922, #1197, #4153 ) ;
#8902 = DIRECTION ( 'NONE',  ( 0.000000000000000000, 0.000000000000000000, -1.000000000000000000 ) ) ;
#8903 = PLANE ( 'NONE',  #7359 ) ;
#8904 = DIRECTION ( 'NONE',  ( -3.155443620884050024E-30, 1.000000000000000000, 3.908184725064409972E-15 ) ) ;
#8905 = SURFACE_STYLE_USAGE ( .BOTH. , #8953 ) ;
#8906 = EDGE_CURVE ( 'NONE', #3015, #4463, #9285, .T. ) ;
#8907 = LINE ( 'NONE', #2646, #5620 ) ;
#8908 = ORIENTED_EDGE ( 'NONE', *, *, #2367, .T. ) ;
#8909 = EDGE_CURVE ( 'NONE', #3993, #7136, #1346, .T. ) ;
#8910 = AXIS2_PLACEMENT_3D ( 'NONE', #9266, #6446, #5627 ) ;
#8911 = DIRECTION ( 'NONE',  ( -1.332169591021890008E-15, 0.000000000000000000, 1.000000000000000000 ) ) ;
#8912 = DIRECTION ( 'NONE',  ( 0.000000000000000000, -0.000000000000000000, -1.000000000000000000 ) ) ;
#8913 = VERTEX_POINT ( 'NONE', #2950 ) ;
#8914 = VERTEX_POINT ( 'NONE', #6652 ) ;
#8915 = CIRCLE ( 'NONE', #4931, 5.150000000000687805 ) ;
#8916 = CARTESIAN_POINT ( 'NONE',  ( 103.4479001739019992, 50.85900246190750096, 136.0001160632310189 ) ) ;
#8917 = EDGE_CURVE ( 'NONE', #4210, #496, #5166, .T. ) ;
#8918 = FACE_BOUND ( 'NONE', #5665, .T. ) ;
#8919 = ORIENTED_EDGE ( 'NONE', *, *, #941, .T. ) ;
#8920 = LINE ( 'NONE', #4020, #6025 ) ;
#8921 = CARTESIAN_POINT ( 'NONE',  ( 103.6479001739019878, 50.05879653723830813, 145.2896251811480113 ) ) ;
#8922 = ORIENTED_EDGE ( 'NONE', *, *, #3231, .F. ) ;
#8923 = PLANE ( 'NONE',  #6646 ) ;
#8924 = CARTESIAN_POINT ( 'NONE',  ( 124.3594733917878017, 85.18558278779906345, 156.0534381976309817 ) ) ;
#8925 = VERTEX_POINT ( 'NONE', #8706 ) ;
#8926 = DIRECTION ( 'NONE',  ( 1.942890293082679879E-16, 2.797961700439090137E-15, -1.000000000000000000 ) ) ;
#8927 = EDGE_LOOP ( 'NONE', ( #4038, #6330, #1744, #8721 ) ) ;
#8928 = ORIENTED_EDGE ( 'NONE', *, *, #8749, .F. ) ;
#8929 = ADVANCED_FACE ( 'NONE', ( #7417 ), #5879, .T. ) ;
#8930 = ADVANCED_FACE ( 'NONE', ( #2850 ), #7220, .T. ) ;
#8931 = CARTESIAN_POINT ( 'NONE',  ( -6.400000000000002132, 0.000000000000000000, -0.000000000000000000 ) ) ;
#8932 = ORIENTED_EDGE ( 'NONE', *, *, #7319, .T. ) ;
#8933 = DIRECTION ( 'NONE',  ( -0.8660254037844387076, -0.5000000000000001110, 0.000000000000000000 ) ) ;
#8934 = DIRECTION ( 'NONE',  ( -1.000000000000000000, 5.292037523355240942E-16, -3.285328468285960224E-15 ) ) ;
#8935 = VERTEX_POINT ( 'NONE', #5063 ) ;
#8936 = CARTESIAN_POINT ( 'NONE',  ( 124.3594733917878159, 96.38558278779909472, 141.9660916294041613 ) ) ;
#8937 = CARTESIAN_POINT ( 'NONE',  ( 124.9594733917877818, 72.38558278779896682, 169.9098446581819530 ) ) ;
#8938 = ORIENTED_EDGE ( 'NONE', *, *, #6134, .T. ) ;
#8939 = ORIENTED_EDGE ( 'NONE', *, *, #6031, .T. ) ;
#8940 = EDGE_CURVE ( 'NONE', #3414, #999, #9467, .T. ) ;
#8941 = CARTESIAN_POINT ( 'NONE',  ( 17.60000000000000142, -10.62324495308912375, 0.000000000000000000 ) ) ;
#8942 = CARTESIAN_POINT ( 'NONE',  ( 121.5594733917879893, 50.85900246190750096, 136.0001160632310189 ) ) ;
#8943 = AXIS2_PLACEMENT_3D ( 'NONE', #8587, #7067, #1227 ) ;
#8944 = DIRECTION ( 'NONE',  ( 1.000000000000000000, -2.050921225943000085E-30, 1.332169591021890008E-15 ) ) ;
#8945 = PLANE ( 'NONE',  #4808 ) ;
#8946 = EDGE_LOOP ( 'NONE', ( #7251, #7959, #8763, #4263, #585 ) ) ;
#8947 = CARTESIAN_POINT ( 'NONE',  ( 124.5594733917879893, 112.1587965372630009, 177.0501160567390002 ) ) ;
#8948 = DIRECTION ( 'NONE',  ( 0.000000000000000000, 0.000000000000000000, 1.000000000000000000 ) ) ;
#8949 = EDGE_CURVE ( 'NONE', #605, #9219, #5215, .T. ) ;
#8950 = CARTESIAN_POINT ( 'NONE',  ( 114.2330715267210053, 103.2954405435960012, 181.0501160567390002 ) ) ;
#8951 = LINE ( 'NONE', #3820, #6289 ) ;
#8952 = CARTESIAN_POINT ( 'NONE',  ( 24.00000000000002132, -28.17469313645374385, 0.000000000000000000 ) ) ;
#8953 = SURFACE_SIDE_STYLE ('',( #826 ) ) ;
#8954 = VECTOR ( 'NONE', #5124, 1000.000000000000114 ) ;
#8955 = VERTEX_POINT ( 'NONE', #3716 ) ;
#8956 = CARTESIAN_POINT ( 'NONE',  ( 124.3594733917878017, 96.38558278779906630, 155.8224980899551610 ) ) ;
#8957 = DIRECTION ( 'NONE',  ( -1.309403304758604751E-15, -5.671848057300650126E-15, 1.000000000000000000 ) ) ;
#8958 = ORIENTED_EDGE ( 'NONE', *, *, #9386, .T. ) ;
#8959 = ORIENTED_EDGE ( 'NONE', *, *, #7447, .F. ) ;
#8960 = ADVANCED_FACE ( 'NONE', ( #625 ), #8089, .F. ) ;
#8961 = PLANE ( 'NONE',  #5032 ) ;
#8962 = CARTESIAN_POINT ( 'NONE',  ( 124.9594733917878102, 79.18558278779903503, 153.0512167978449156 ) ) ;
#8963 = ORIENTED_EDGE ( 'NONE', *, *, #3826, .F. ) ;
#8964 = AXIS2_PLACEMENT_3D ( 'NONE', #5162, #8944, #3137 ) ;
#8965 = LINE ( 'NONE', #7579, #7559 ) ;
#8966 = DIRECTION ( 'NONE',  ( -0.7071067811865437980, 0.08910724971332267819, -0.7014698126423778435 ) ) ;
#8967 = VERTEX_POINT ( 'NONE', #2220 ) ;
#8968 = DIRECTION ( 'NONE',  ( 0.000000000000000000, 1.628425141311850051E-15, -1.000000000000000000 ) ) ;
#8969 = CARTESIAN_POINT ( 'NONE',  ( 104.6479001739019878, 62.05879653723739864, 172.1503116178929815 ) ) ;
#8970 = ORIENTED_EDGE ( 'NONE', *, *, #9139, .T. ) ;
#8971 = VECTOR ( 'NONE', #3666, 1000.000000000000227 ) ;
#8972 = CARTESIAN_POINT ( 'NONE',  ( 30.40000000000002700, 0.000000000000000000, 0.5999999999999999778 ) ) ;
#8973 = ADVANCED_FACE ( 'NONE', ( #2996 ), #7792, .F. ) ;
#8974 = ORIENTED_EDGE ( 'NONE', *, *, #4021, .T. ) ;
#8975 = AXIS2_PLACEMENT_3D ( 'NONE', #3453, #1900, #7152 ) ;
#8976 = EDGE_CURVE ( 'NONE', #1654, #9110, #4392, .T. ) ;
#8977 = CARTESIAN_POINT ( 'NONE',  ( 124.9594733917879807, 103.1855827877990919, 145.6611333522177745 ) ) ;
#8978 = DIRECTION ( 'NONE',  ( -1.000000000000000000, 0.000000000000000000, 0.000000000000000000 ) ) ;
#8979 = ORIENTED_EDGE ( 'NONE', *, *, #7418, .T. ) ;
#8980 = DIRECTION ( 'NONE',  ( 0.8660254037844384856, 0.5000000000000002220, 0.000000000000000000 ) ) ;
#8981 = LINE ( 'NONE', #7642, #8053 ) ;
#8982 = VERTEX_POINT ( 'NONE', #3045 ) ;
#8983 = LINE ( 'NONE', #2403, #6183 ) ;
#8984 = VECTOR ( 'NONE', #587, 1000.000000000000000 ) ;
#8985 = PLANE ( 'NONE',  #1001 ) ;
#8986 = AXIS2_PLACEMENT_3D ( 'NONE', #1206, #3844, #5337 ) ;
#8987 = ADVANCED_FACE ( 'NONE', ( #7370 ), #8851, .F. ) ;
#8988 = EDGE_LOOP ( 'NONE', ( #8452, #3386, #3277, #8518 ) ) ;
#8989 = ORIENTED_EDGE ( 'NONE', *, *, #3841, .F. ) ;
#8990 = VECTOR ( 'NONE', #5098, 1000.000000000000000 ) ;
#8991 = AXIS2_PLACEMENT_3D ( 'NONE', #8321, #7654, #6929 ) ;
#8992 = LINE ( 'NONE', #8941, #4574 ) ;
#8993 = DIRECTION ( 'NONE',  ( 1.000000000000000000, 1.504038027996621897E-18, 1.309403304758604554E-15 ) ) ;
#8994 = DIRECTION ( 'NONE',  ( -1.000000000000000000, -1.504038027996622089E-18, -1.309403304758604554E-15 ) ) ;
#8995 = CARTESIAN_POINT ( 'NONE',  ( 104.1412005329670052, 111.6587965372630009, 176.8430092755530154 ) ) ;
#8996 = ORIENTED_EDGE ( 'NONE', *, *, #7416, .T. ) ;
#8997 = DIRECTION ( 'NONE',  ( 0.7071067811865475727, -0.7071067811865475727, -1.151470460076271085E-15 ) ) ;
#8998 = ADVANCED_FACE ( 'NONE', ( #6503 ), #5830, .T. ) ;
#8999 = VECTOR ( 'NONE', #4843, 1000.000000000000000 ) ;
#9000 = CARTESIAN_POINT ( 'NONE',  ( 124.9594733917878102, 84.78558278779907198, 149.3561750750313308 ) ) ;
#9001 = AXIS2_PLACEMENT_3D ( 'NONE', #8972, #4563, #155 ) ;
#9002 = EDGE_CURVE ( 'NONE', #6115, #7239, #7268, .T. ) ;
#9003 = DIRECTION ( 'NONE',  ( 0.8660254037844384856, -0.5000000000000002220, 0.000000000000000000 ) ) ;
#9004 = VECTOR ( 'NONE', #3253, 1000.000000000000000 ) ;
#9005 = FACE_OUTER_BOUND ( 'NONE', #934, .T. ) ;
#9006 = SHAPE_REPRESENTATION_RELATIONSHIP ( 'NONE' , 'NONE' ,  #914, #1634 ) ;
#9007 = ORIENTED_EDGE ( 'NONE', *, *, #7938, .T. ) ;
#9008 = PLANE ( 'NONE',  #8641 ) ;
#9009 = CARTESIAN_POINT ( 'NONE',  ( 103.8479001739019907, 48.85879653723830529, 145.2896251811480113 ) ) ;
#9010 = ORIENTED_EDGE ( 'NONE', *, *, #3426, .T. ) ;
#9011 = EDGE_CURVE ( 'NONE', #9397, #7905, #9471, .T. ) ;
#9012 = VECTOR ( 'NONE', #4634, 1000.000000000000000 ) ;
#9013 = ORIENTED_EDGE ( 'NONE', *, *, #66, .F. ) ;
#9014 = CARTESIAN_POINT ( 'NONE',  ( 124.9594733917877960, 102.3855827877990379, 159.0556595974171046 ) ) ;
#9015 = FACE_BOUND ( 'NONE', #2282, .T. ) ;
#9016 = VECTOR ( 'NONE', #3853, 1000.000000000000000 ) ;
#9017 = ORIENTED_EDGE ( 'NONE', *, *, #3106, .F. ) ;
#9018 = AXIS2_PLACEMENT_3D ( 'NONE', #2851, #7990, #8657 ) ;
#9019 = DIRECTION ( 'NONE',  ( 1.000000000000000000, 3.659954016805840400E-31, 8.932736138067875445E-46 ) ) ;
#9020 = FACE_OUTER_BOUND ( 'NONE', #6947, .T. ) ;
#9021 = VERTEX_POINT ( 'NONE', #2901 ) ;
#9022 = CARTESIAN_POINT ( 'NONE',  ( 124.3594733917878017, 97.18558278779902082, 162.0578809972031422 ) ) ;
#9023 = CARTESIAN_POINT ( 'NONE',  ( -6.400000000000002132, 0.000000000000000000, 0.5999999999999999778 ) ) ;
#9024 = ORIENTED_EDGE ( 'NONE', *, *, #5856, .T. ) ;
#9025 = EDGE_CURVE ( 'NONE', #6067, #8724, #84, .T. ) ;
#9026 = CARTESIAN_POINT ( 'NONE',  ( 124.9594733917878244, 84.38558278779910893, 141.7351515217282554 ) ) ;
#9027 = VECTOR ( 'NONE', #1315, 1000.000000000000114 ) ;
#9028 = AXIS2_PLACEMENT_3D ( 'NONE', #6505, #1347, #4297 ) ;
#9029 = ORIENTED_EDGE ( 'NONE', *, *, #3958, .F. ) ;
#9030 = EDGE_LOOP ( 'NONE', ( #6294, #6855, #1503, #9513 ) ) ;
#9031 = CARTESIAN_POINT ( 'NONE',  ( -3.200000000000001066, -5.542562584220412703, 0.5999999999999999778 ) ) ;
#9032 = ADVANCED_FACE ( 'NONE', ( #3667 ), #6608, .T. ) ;
#9033 = CARTESIAN_POINT ( 'NONE',  ( 124.3594733917878017, 97.18558278779904924, 155.8224980899551895 ) ) ;
#9034 = DIRECTION ( 'NONE',  ( 0.000000000000000000, 0.9999999999999896749, -1.437160427605975047E-07 ) ) ;
#9035 = ORIENTED_EDGE ( 'NONE', *, *, #6781, .T. ) ;
#9036 = AXIS2_PLACEMENT_3D ( 'NONE', #6232, #5600, #8385 ) ;
#9037 = FACE_OUTER_BOUND ( 'NONE', #5597, .T. ) ;
#9038 = AXIS2_PLACEMENT_3D ( 'NONE', #5823, #4918, #7850 ) ;
#9039 = PLANE ( 'NONE',  #5008 ) ;
#9040 = ORIENTED_EDGE ( 'NONE', *, *, #4021, .F. ) ;
#9041 = AXIS2_PLACEMENT_3D ( 'NONE', #3574, #1442, #2854 ) ;
#9042 = ORIENTED_EDGE ( 'NONE', *, *, #1224, .T. ) ;
#9043 = EDGE_CURVE ( 'NONE', #3868, #3606, #3859, .T. ) ;
#9044 = CARTESIAN_POINT ( 'NONE',  ( 105.2908226684699997, 107.9516897560760071, 180.5501160567390002 ) ) ;
#9045 = PLANE ( 'NONE',  #4829 ) ;
#9046 = ORIENTED_EDGE ( 'NONE', *, *, #3426, .F. ) ;
#9047 = LINE ( 'NONE', #5398, #8183 ) ;
#9048 = ORIENTED_EDGE ( 'NONE', *, *, #396, .F. ) ;
#9049 = FACE_OUTER_BOUND ( 'NONE', #2582, .T. ) ;
#9050 = DIRECTION ( 'NONE',  ( 1.000000000000000000, 1.504038027996622089E-18, 1.309403304758604554E-15 ) ) ;
#9051 = CARTESIAN_POINT ( 'NONE',  ( 124.9594733917878244, 102.5855827877991118, 145.0837830830281803 ) ) ;
#9052 = EDGE_CURVE ( 'NONE', #814, #3579, #5305, .T. ) ;
#9053 = EDGE_CURVE ( 'NONE', #4545, #1749, #3194, .T. ) ;
#9054 = DIRECTION ( 'NONE',  ( 0.000000000000000000, 0.000000000000000000, -1.000000000000000000 ) ) ;
#9055 = CARTESIAN_POINT ( 'NONE',  ( 24.00000000000000000, -14.31828667590273696, -0.000000000000000000 ) ) ;
#9056 = ORIENTED_EDGE ( 'NONE', *, *, #5625, .T. ) ;
#9057 = FACE_OUTER_BOUND ( 'NONE', #7933, .T. ) ;
#9058 = PLANE ( 'NONE',  #861 ) ;
#9059 = ORIENTED_EDGE ( 'NONE', *, *, #8333, .T. ) ;
#9060 = ORIENTED_EDGE ( 'NONE', *, *, #1145, .F. ) ;
#9061 = FACE_OUTER_BOUND ( 'NONE', #4074, .T. ) ;
#9062 = EDGE_CURVE ( 'NONE', #6229, #1470, #6127, .T. ) ;
#9063 = DIRECTION ( 'NONE',  ( 1.000000000000000000, -2.818307069383390296E-16, -1.101446463910522117E-30 ) ) ;
#9064 = VERTEX_POINT ( 'NONE', #8326 ) ;
#9065 = DIRECTION ( 'NONE',  ( 0.6949170157991900743, 0.6949170157991900743, 0.1848801836473999982 ) ) ;
#9066 = DIRECTION ( 'NONE',  ( -0.7071067811865489050, -0.7071067811865460184, 0.000000000000000000 ) ) ;
#9067 = EDGE_LOOP ( 'NONE', ( #2406, #2438, #1834, #1889 ) ) ;
#9068 = DIRECTION ( 'NONE',  ( 0.000000000000000000, 0.000000000000000000, -1.000000000000000000 ) ) ;
#9069 = LINE ( 'NONE', #7633, #5473 ) ;
#9070 = ORIENTED_EDGE ( 'NONE', *, *, #3850, .T. ) ;
#9071 = CARTESIAN_POINT ( 'NONE',  ( 121.2394916218340057, 45.26185607911670417, 167.8348201909760178 ) ) ;
#9072 = EDGE_LOOP ( 'NONE', ( #8849, #1039, #5226, #7587, #4702 ) ) ;
#9073 = VERTEX_POINT ( 'NONE', #7561 ) ;
#9074 = EDGE_CURVE ( 'NONE', #3779, #6682, #3141, .T. ) ;
#9075 = CARTESIAN_POINT ( 'NONE',  ( 103.4479001739019992, 50.85900246190750096, 136.0001160632310189 ) ) ;
#9076 = LINE ( 'NONE', #8311, #463 ) ;
#9077 = LINE ( 'NONE', #3176, #668 ) ;
#9078 = ORIENTED_EDGE ( 'NONE', *, *, #8696, .T. ) ;
#9079 = AXIS2_PLACEMENT_3D ( 'NONE', #7732, #4177, #598 ) ;
#9080 = DIRECTION ( 'NONE',  ( 8.983296258334274185E-15, -0.7071067811865580088, 0.7071067811865370256 ) ) ;
#9081 = ORIENTED_EDGE ( 'NONE', *, *, #2998, .F. ) ;
#9082 = AXIS2_PLACEMENT_3D ( 'NONE', #2983, #8787, #5150 ) ;
#9083 = ORIENTED_EDGE ( 'NONE', *, *, #3827, .F. ) ;
#9084 = EDGE_CURVE ( 'NONE', #2592, #8121, #86, .T. ) ;
#9085 = EDGE_CURVE ( 'NONE', #6909, #7922, #4588, .T. ) ;
#9086 = FACE_OUTER_BOUND ( 'NONE', #8465, .T. ) ;
#9087 = DIRECTION ( 'NONE',  ( 0.000000000000000000, 0.000000000000000000, 1.000000000000000000 ) ) ;
#9088 = VERTEX_POINT ( 'NONE', #7515 ) ;
#9089 = DIRECTION ( 'NONE',  ( 3.659954016805839962E-31, -1.000000000000000000, -2.440668952956890160E-15 ) ) ;
#9090 = LINE ( 'NONE', #7031, #52 ) ;
#9091 = VERTEX_POINT ( 'NONE', #6076 ) ;
#9092 = CARTESIAN_POINT ( 'NONE',  ( 124.3594733917878017, 84.38558278779905208, 155.8224980899551326 ) ) ;
#9093 = CARTESIAN_POINT ( 'NONE',  ( 109.9594733917879239, 62.05879653723739864, 181.0501160567390002 ) ) ;
#9094 = EDGE_CURVE ( 'NONE', #7814, #5815, #327, .T. ) ;
#9095 = EDGE_CURVE ( 'NONE', #5393, #1132, #918, .T. ) ;
#9096 = DIRECTION ( 'NONE',  ( 1.309403304758604751E-15, 1.665675794001558719E-15, -1.000000000000000000 ) ) ;
#9097 = DIRECTION ( 'NONE',  ( 0.000000000000000000, -1.000000000000000000, 0.000000000000000000 ) ) ;
#9098 = CARTESIAN_POINT ( 'NONE',  ( 109.9594733917879381, 112.1587965372630009, 176.8430092755530154 ) ) ;
#9099 = ORIENTED_EDGE ( 'NONE', *, *, #4524, .T. ) ;
#9100 = ADVANCED_BREP_SHAPE_REPRESENTATION ( '', ( #4662, #7161 ), #9147 ) ;
#9101 = CARTESIAN_POINT ( 'NONE',  ( 111.9779448039720080, 103.3401195639689973, 181.0501160567390002 ) ) ;
#9102 = LINE ( 'NONE', #2469, #4104 ) ;
#9103 = EDGE_CURVE ( 'NONE', #6448, #4512, #8369, .T. ) ;
#9104 = VERTEX_POINT ( 'NONE', #6793 ) ;
#9105 = DIRECTION ( 'NONE',  ( -1.089827255047941903E-30, 9.107298248819780187E-17, 1.000000000000000000 ) ) ;
#9106 = CARTESIAN_POINT ( 'NONE',  ( 103.4479001739019992, 53.25920913026400427, 138.6748076281640181 ) ) ;
#9107 = ORIENTED_EDGE ( 'NONE', *, *, #1022, .F. ) ;
#9108 = DIRECTION ( 'NONE',  ( 0.8660254037844381525, -0.5000000000000008882, 0.000000000000000000 ) ) ;
#9109 = LINE ( 'NONE', #2384, #5456 ) ;
#9110 = VERTEX_POINT ( 'NONE', #6218 ) ;
#9111 = DIRECTION ( 'NONE',  ( -0.6949768738371396859, -0.6949768738371396859, 0.1844296333649039221 ) ) ;
#9112 = CARTESIAN_POINT ( 'NONE',  ( 124.5594733917879893, 111.4087965372560092, 177.8001160567459920 ) ) ;
#9113 = VERTEX_POINT ( 'NONE', #8284 ) ;
#9114 = CARTESIAN_POINT ( 'NONE',  ( 124.3594733917878017, 105.9855827877990748, 150.9727558287623594 ) ) ;
#9115 = EDGE_CURVE ( 'NONE', #3725, #6277, #1779, .T. ) ;
#9116 = EDGE_CURVE ( 'NONE', #7136, #1325, #963, .T. ) ;
#9117 = AXIS2_PLACEMENT_3D ( 'NONE', #4248, #9332, #5682 ) ;
#9118 = VERTEX_POINT ( 'NONE', #228 ) ;
#9119 = CARTESIAN_POINT ( 'NONE',  ( 103.4479001739019992, 52.55900246190719827, 175.1500716728239695 ) ) ;
#9120 = EDGE_LOOP ( 'NONE', ( #399, #3605, #4289, #6439 ) ) ;
#9121 = CARTESIAN_POINT ( 'NONE',  ( 124.3594733917878301, 90.78558278779910040, 138.0401097989146706 ) ) ;
#9122 = CARTESIAN_POINT ( 'NONE',  ( 121.7594733917879921, 49.15900246190719969, 176.8500716728239865 ) ) ;
#9123 = VERTEX_POINT ( 'NONE', #4728 ) ;
#9124 = DIRECTION ( 'NONE',  ( 0.8660254037844387076, -0.4999999999999998335, 0.000000000000000000 ) ) ;
#9125 = LINE ( 'NONE', #6879, #684 ) ;
#9126 = VECTOR ( 'NONE', #3641, 1000.000000000000000 ) ;
#9127 = EDGE_CURVE ( 'NONE', #843, #4372, #3904, .T. ) ;
#9128 = VERTEX_POINT ( 'NONE', #4004 ) ;
#9129 = ORIENTED_EDGE ( 'NONE', *, *, #4009, .T. ) ;
#9130 = AXIS2_PLACEMENT_3D ( 'NONE', #6192, #6954, #2526 ) ;
#9131 = DIRECTION ( 'NONE',  ( -1.000000000000000000, 0.000000000000000000, 0.000000000000000000 ) ) ;
#9132 = CARTESIAN_POINT ( 'NONE',  ( 110.5036870200980132, 47.05879653723739864, 155.6251160567390173 ) ) ;
#9133 = ORIENTED_EDGE ( 'NONE', *, *, #9127, .T. ) ;
#9134 = CARTESIAN_POINT ( 'NONE',  ( 6.399999999999998579, -10.39230484541326582, 0.5999999999999999778 ) ) ;
#9135 = DIRECTION ( 'NONE',  ( -1.000000000000000000, 5.292037523355240942E-16, -3.285328468285960224E-15 ) ) ;
#9136 = ORIENTED_EDGE ( 'NONE', *, *, #6185, .T. ) ;
#9137 = CARTESIAN_POINT ( 'NONE',  ( 12.20000000000000462, -7.274613391789286787, 0.5999999999999999778 ) ) ;
#9138 = DIRECTION ( 'NONE',  ( -1.000000000000000000, -1.504038027996622089E-18, -1.309403304758604554E-15 ) ) ;
#9139 = EDGE_CURVE ( 'NONE', #3829, #5175, #5257, .T. ) ;
#9140 = VECTOR ( 'NONE', #5585, 1000.000000000000000 ) ;
#9141 = VECTOR ( 'NONE', #2606, 1000.000000000000000 ) ;
#9142 = CARTESIAN_POINT ( 'NONE',  ( 124.5594733917879893, 47.62448196218660712, 181.0501160567390002 ) ) ;
#9143 = CARTESIAN_POINT ( 'NONE',  ( 103.4479001739019992, 47.65879653723660425, 180.4015879193139824 ) ) ;
#9144 = FACE_OUTER_BOUND ( 'NONE', #3744, .T. ) ;
#9145 = EDGE_CURVE ( 'NONE', #2300, #424, #3244, .T. ) ;
#9146 = VECTOR ( 'NONE', #4271, 1000.000000000000000 ) ;
#9147 =( GEOMETRIC_REPRESENTATION_CONTEXT ( 3 ) GLOBAL_UNCERTAINTY_ASSIGNED_CONTEXT ( ( #235 ) ) GLOBAL_UNIT_ASSIGNED_CONTEXT ( ( #7565, #8806, #3722 ) ) REPRESENTATION_CONTEXT ( 'NONE', 'WORKASPACE' ) );
#9148 = ORIENTED_EDGE ( 'NONE', *, *, #5762, .F. ) ;
#9149 = CARTESIAN_POINT ( 'NONE',  ( 120.4594733917879950, 79.36797539389068845, 130.0501160567390002 ) ) ;
#9150 = LINE ( 'NONE', #6802, #4870 ) ;
#9151 = EDGE_CURVE ( 'NONE', #4435, #1083, #6935, .T. ) ;
#9152 = VERTEX_POINT ( 'NONE', #7468 ) ;
#9153 = VECTOR ( 'NONE', #4924, 999.9999999999998863 ) ;
#9154 = CARTESIAN_POINT ( 'NONE',  ( 124.9594733917877960, 96.78558278779902935, 163.2125815355823875 ) ) ;
#9155 = DIRECTION ( 'NONE',  ( -1.309403304758604751E-15, -3.668761925651101858E-15, 1.000000000000000000 ) ) ;
#9156 = ORIENTED_EDGE ( 'NONE', *, *, #2945, .F. ) ;
#9157 = DIRECTION ( 'NONE',  ( 0.000000000000000000, -1.000000000000000000, 0.000000000000000000 ) ) ;
#9158 = CARTESIAN_POINT ( 'NONE',  ( 17.60000000000000142, -3.233161507461905781, 0.5999999999999999778 ) ) ;
#9159 = ORIENTED_EDGE ( 'NONE', *, *, #4214, .F. ) ;
#9160 = CARTESIAN_POINT ( 'NONE',  ( 124.5594733917879893, 112.1587965372630009, 176.8430092755530154 ) ) ;
#9161 = DIRECTION ( 'NONE',  ( -0.000000000000000000, -0.000000000000000000, -1.000000000000000000 ) ) ;
#9162 = ORIENTED_EDGE ( 'NONE', *, *, #376, .F. ) ;
#9163 = FACE_BOUND ( 'NONE', #1357, .T. ) ;
#9164 = ORIENTED_EDGE ( 'NONE', *, *, #5017, .T. ) ;
#9165 = LINE ( 'NONE', #3362, #551 ) ;
#9166 = CARTESIAN_POINT ( 'NONE',  ( 119.1594733917879978, 104.3679753938900063, 181.0501160567390002 ) ) ;
#9167 = AXIS2_PLACEMENT_3D ( 'NONE', #4961, #3425, #519 ) ;
#9168 = ORIENTED_EDGE ( 'NONE', *, *, #6790, .T. ) ;
#9169 = EDGE_CURVE ( 'NONE', #3233, #1830, #871, .T. ) ;
#9170 = DIRECTION ( 'NONE',  ( -1.332169591021890008E-15, -3.908184725064409972E-15, 1.000000000000000000 ) ) ;
#9171 = ADVANCED_FACE ( 'NONE', ( #470 ), #9327, .T. ) ;
#9172 = DIRECTION ( 'NONE',  ( -0.8660254037844388186, 0.4999999999999997224, 0.000000000000000000 ) ) ;
#9173 = EDGE_LOOP ( 'NONE', ( #341, #1116, #5558, #8531 ) ) ;
#9174 = LINE ( 'NONE', #2593, #7099 ) ;
#9175 = LINE ( 'NONE', #4667, #3003 ) ;
#9176 = VERTEX_POINT ( 'NONE', #5636 ) ;
#9177 = VERTEX_POINT ( 'NONE', #4368 ) ;
#9178 = VECTOR ( 'NONE', #8237, 1000.000000000000000 ) ;
#9179 = DIRECTION ( 'NONE',  ( 1.000000000000000000, -5.056174855043629324E-16, 2.094336198689014960E-16 ) ) ;
#9180 = PLANE ( 'NONE',  #375 ) ;
#9181 = ORIENTED_EDGE ( 'NONE', *, *, #7112, .T. ) ;
#9182 = FACE_BOUND ( 'NONE', #5968, .T. ) ;
#9183 = CARTESIAN_POINT ( 'NONE',  ( 6.800000000000000711, 3.464101615137753942, 0.5999999999999999778 ) ) ;
#9184 = ORIENTED_EDGE ( 'NONE', *, *, #7892, .F. ) ;
#9185 = CARTESIAN_POINT ( 'NONE',  ( 124.9594733917878244, 90.98558278779908903, 145.0837830830280950 ) ) ;
#9186 = CARTESIAN_POINT ( 'NONE',  ( 124.9594733917878102, 103.1855827877990635, 152.5893365824933028 ) ) ;
#9187 = VECTOR ( 'NONE', #5733, 1000.000000000000000 ) ;
#9188 = FACE_OUTER_BOUND ( 'NONE', #3417, .T. ) ;
#9189 = CARTESIAN_POINT ( 'NONE',  ( 23.60000000000000497, -27.01999259807448439, 0.000000000000000000 ) ) ;
#9190 = EDGE_CURVE ( 'NONE', #973, #5441, #7849, .T. ) ;
#9191 = CARTESIAN_POINT ( 'NONE',  ( 105.8479001739020049, 50.85900246190769991, 175.1500717173229873 ) ) ;
#9192 = AXIS2_PLACEMENT_3D ( 'NONE', #8757, #9528, #7135 ) ;
#9193 = VERTEX_POINT ( 'NONE', #3337 ) ;
#9194 = DIRECTION ( 'NONE',  ( -1.000000000000000000, 1.841523682625270206E-14, -6.938893903863989710E-18 ) ) ;
#9195 = DIRECTION ( 'NONE',  ( -0.8660254037844385966, -0.5000000000000002220, 0.000000000000000000 ) ) ;
#9196 = ORIENTED_EDGE ( 'NONE', *, *, #8669, .F. ) ;
#9197 = CARTESIAN_POINT ( 'NONE',  ( 124.9594733917878244, 78.38558278779905208, 145.4301932445418970 ) ) ;
#9198 = DIRECTION ( 'NONE',  ( 0.8660254037844388186, -0.4999999999999997780, 0.000000000000000000 ) ) ;
#9199 = VERTEX_POINT ( 'NONE', #4871 ) ;
#9200 = DIRECTION ( 'NONE',  ( 6.590088167172846660E-16, -0.8660254037844367092, -0.5000000000000034417 ) ) ;
#9201 = LINE ( 'NONE', #5738, #2688 ) ;
#9202 = ORIENTED_EDGE ( 'NONE', *, *, #1333, .F. ) ;
#9203 = VECTOR ( 'NONE', #6176, 1000.000000000000114 ) ;
#9204 = CARTESIAN_POINT ( 'NONE',  ( 124.9594733917878102, 91.18558278779906345, 152.3583964748173969 ) ) ;
#9205 = DIRECTION ( 'NONE',  ( -9.419861515020850891E-16, -0.7071067811865510144, 0.7071067811865441310 ) ) ;
#9206 = ORIENTED_EDGE ( 'NONE', *, *, #866, .F. ) ;
#9207 = EDGE_CURVE ( 'NONE', #9152, #591, #1326, .T. ) ;
#9208 = ORIENTED_EDGE ( 'NONE', *, *, #1375, .F. ) ;
#9209 = AXIS2_PLACEMENT_3D ( 'NONE', #865, #30, #5973 ) ;
#9210 = CARTESIAN_POINT ( 'NONE',  ( 103.4479001739019992, 53.25921008091940223, 145.2896249512029954 ) ) ;
#9211 = LINE ( 'NONE', #9166, #8859 ) ;
#9212 = ORIENTED_EDGE ( 'NONE', *, *, #1507, .T. ) ;
#9213 = CARTESIAN_POINT ( 'NONE',  ( 103.6479001739019878, 50.85900246190789886, 136.0001161077300367 ) ) ;
#9214 = CARTESIAN_POINT ( 'NONE',  ( 103.8479001739019907, 52.85921008091939655, 145.2896250086890007 ) ) ;
#9215 = ORIENTED_EDGE ( 'NONE', *, *, #6254, .T. ) ;
#9216 = CARTESIAN_POINT ( 'NONE',  ( 124.9594733917879950, 70.15879653723750664, 134.0501160567390002 ) ) ;
#9217 = DIRECTION ( 'NONE',  ( 1.000000000000000000, -5.923677312709610339E-16, 0.000000000000000000 ) ) ;
#9218 = EDGE_CURVE ( 'NONE', #9073, #100, #2747, .T. ) ;
#9219 = VERTEX_POINT ( 'NONE', #7703 ) ;
#9220 = EDGE_CURVE ( 'NONE', #4830, #3308, #1968, .T. ) ;
#9221 = VERTEX_POINT ( 'NONE', #3470 ) ;
#9222 = LINE ( 'NONE', #6402, #5840 ) ;
#9223 = FACE_OUTER_BOUND ( 'NONE', #7098, .T. ) ;
#9224 = ORIENTED_EDGE ( 'NONE', *, *, #4730, .T. ) ;
#9225 = FACE_BOUND ( 'NONE', #8062, .T. ) ;
#9226 = CARTESIAN_POINT ( 'NONE',  ( 124.3594733917878017, 78.78558278779904356, 159.7484799204445665 ) ) ;
#9227 = ORIENTED_EDGE ( 'NONE', *, *, #6510, .T. ) ;
#9228 = CARTESIAN_POINT ( 'NONE',  ( 124.9594733917877818, 85.18558278779899240, 169.9098446581819815 ) ) ;
#9229 = EDGE_CURVE ( 'NONE', #3398, #6955, #7035, .T. ) ;
#9230 = EDGE_CURVE ( 'NONE', #3916, #5436, #5676, .T. ) ;
#9231 = CARTESIAN_POINT ( 'NONE',  ( 11.60000000000000497, -1.418955567684714834E-15, 0.5999999999999999778 ) ) ;
#9232 = CARTESIAN_POINT ( 'NONE',  ( 105.8479001739020049, 52.85921004631169495, 166.8113890708320071 ) ) ;
#9233 = CARTESIAN_POINT ( 'NONE',  ( 121.5594733917879893, 50.85900246190720253, 175.1500716728239979 ) ) ;
#9234 = VECTOR ( 'NONE', #1067, 1000.000000000000000 ) ;
#9235 = ORIENTED_EDGE ( 'NONE', *, *, #5220, .F. ) ;
#9236 = DIRECTION ( 'NONE',  ( 0.000000000000000000, 0.000000000000000000, 1.000000000000000000 ) ) ;
#9237 = DIRECTION ( 'NONE',  ( -0.000000000000000000, -0.000000000000000000, -1.000000000000000000 ) ) ;
#9238 = ADVANCED_FACE ( 'NONE', ( #4151 ), #2012, .F. ) ;
#9239 = VECTOR ( 'NONE', #8300, 1000.000000000000114 ) ;
#9240 = VERTEX_POINT ( 'NONE', #7751 ) ;
#9241 = FACE_OUTER_BOUND ( 'NONE', #8170, .T. ) ;
#9242 = DIRECTION ( 'NONE',  ( -1.309403304758604751E-15, -5.671848057300646182E-15, 1.000000000000000000 ) ) ;
#9243 = DIRECTION ( 'NONE',  ( 1.942890293082679879E-16, 2.797961700439090137E-15, -1.000000000000000000 ) ) ;
#9244 = EDGE_LOOP ( 'NONE', ( #2939, #752, #5454, #9488 ) ) ;
#9245 = CARTESIAN_POINT ( 'NONE',  ( 11.80000000000000249, 0.3464101615137740175, 0.000000000000000000 ) ) ;
#9246 = VECTOR ( 'NONE', #3790, 1000.000000000000000 ) ;
#9247 = DIRECTION ( 'NONE',  ( -1.000000000000000000, 0.000000000000000000, 0.000000000000000000 ) ) ;
#9248 = ORIENTED_EDGE ( 'NONE', *, *, #1053, .F. ) ;
#9249 = FACE_OUTER_BOUND ( 'NONE', #2432, .T. ) ;
#9250 = DIRECTION ( 'NONE',  ( 1.131489783230271231E-15, 0.5000000000000032196, -0.8660254037844368202 ) ) ;
#9251 = VERTEX_POINT ( 'NONE', #4052 ) ;
#9252 = ADVANCED_FACE ( 'NONE', ( #7122 ), #1144, .F. ) ;
#9253 = VERTEX_POINT ( 'NONE', #7297 ) ;
#9254 = CARTESIAN_POINT ( 'NONE',  ( 124.9594733917878244, 102.5855827877990833, 145.7766034060556990 ) ) ;
#9255 = PLANE ( 'NONE',  #93 ) ;
#9256 = ORIENTED_EDGE ( 'NONE', *, *, #3216, .T. ) ;
#9257 = DIRECTION ( 'NONE',  ( 0.000000000000000000, 0.9999999999999896749, -1.437160344434440674E-07 ) ) ;
#9258 = LINE ( 'NONE', #9214, #2990 ) ;
#9259 = ORIENTED_EDGE ( 'NONE', *, *, #3841, .T. ) ;
#9260 = DIRECTION ( 'NONE',  ( 0.000000000000000000, -1.000000000000000000, 0.000000000000000000 ) ) ;
#9261 = EDGE_CURVE ( 'NONE', #8136, #3251, #1824, .T. ) ;
#9262 = LINE ( 'NONE', #2682, #1010 ) ;
#9263 = EDGE_CURVE ( 'NONE', #591, #527, #426, .T. ) ;
#9264 = EDGE_LOOP ( 'NONE', ( #2306, #1444, #3516, #1186 ) ) ;
#9265 = VERTEX_POINT ( 'NONE', #6310 ) ;
#9266 = CARTESIAN_POINT ( 'NONE',  ( 124.5594733917879893, 47.45879653723749669, 130.0501160567390002 ) ) ;
#9267 = DIRECTION ( 'NONE',  ( -0.8660254037844385966, -0.5000000000000002220, 0.000000000000000000 ) ) ;
#9268 = ORIENTED_EDGE ( 'NONE', *, *, #7616, .T. ) ;
#9269 = FACE_OUTER_BOUND ( 'NONE', #8927, .T. ) ;
#9270 = EDGE_CURVE ( 'NONE', #2020, #8955, #6982, .T. ) ;
#9271 = VECTOR ( 'NONE', #1487, 1000.000000000000000 ) ;
#9272 = LINE ( 'NONE', #8024, #7459 ) ;
#9273 = ORIENTED_EDGE ( 'NONE', *, *, #4906, .F. ) ;
#9274 = DIRECTION ( 'NONE',  ( 0.8660254037844387076, -0.4999999999999998335, 0.000000000000000000 ) ) ;
#9275 = VECTOR ( 'NONE', #425, 1000.000000000000000 ) ;
#9276 = CIRCLE ( 'NONE', #7286, 1.599999999999948574 ) ;
#9277 = CARTESIAN_POINT ( 'NONE',  ( 104.6479001739019878, 47.90022127479462455, 180.9915374129762995 ) ) ;
#9278 = CARTESIAN_POINT ( 'NONE',  ( 105.8479001739020049, 50.05879653723830813, 142.2994946864579902 ) ) ;
#9279 = CARTESIAN_POINT ( 'NONE',  ( 121.7594733917879921, 53.20900246190719685, 175.1500716728239979 ) ) ;
#9280 = EDGE_CURVE ( 'NONE', #5496, #2927, #4772, .T. ) ;
#9281 = EDGE_CURVE ( 'NONE', #1794, #5790, #5498, .T. ) ;
#9282 = ORIENTED_EDGE ( 'NONE', *, *, #8122, .T. ) ;
#9283 = CARTESIAN_POINT ( 'NONE',  ( -0.1999999999999986511, 0.3464101615137730183, 0.5999999999999999778 ) ) ;
#9284 = VECTOR ( 'NONE', #1167, 1000.000000000000000 ) ;
#9285 = LINE ( 'NONE', #2709, #5794 ) ;
#9286 = AXIS2_PLACEMENT_3D ( 'NONE', #9330, #3612, #4339 ) ;
#9287 = VERTEX_POINT ( 'NONE', #1098 ) ;
#9288 = PLANE ( 'NONE',  #95 ) ;
#9289 = VECTOR ( 'NONE', #4379, 1000.000000000000000 ) ;
#9290 = CARTESIAN_POINT ( 'NONE',  ( 120.6858752568550130, 103.2954405435969960, 181.0501160567390002 ) ) ;
#9291 = PLANE ( 'NONE',  #1809 ) ;
#9292 = VECTOR ( 'NONE', #164, 1000.000000000000000 ) ;
#9293 = VERTEX_POINT ( 'NONE', #7801 ) ;
#9294 = PLANE ( 'NONE',  #3566 ) ;
#9295 = EDGE_CURVE ( 'NONE', #5929, #5713, #373, .T. ) ;
#9296 = LINE ( 'NONE', #4256, #7298 ) ;
#9297 = ORIENTED_EDGE ( 'NONE', *, *, #6020, .T. ) ;
#9298 = LINE ( 'NONE', #4937, #5722 ) ;
#9299 = DIRECTION ( 'NONE',  ( -1.841523682625270206E-14, -1.000000000000000000, -9.189378452870340341E-16 ) ) ;
#9300 = ORIENTED_EDGE ( 'NONE', *, *, #5861, .T. ) ;
#9301 = VECTOR ( 'NONE', #8588, 1000.000000000000000 ) ;
#9302 = VECTOR ( 'NONE', #3115, 1000.000000000000000 ) ;
#9303 = ORIENTED_EDGE ( 'NONE', *, *, #7936, .T. ) ;
#9304 = DIRECTION ( 'NONE',  ( 1.309403304758604751E-15, 3.668761925651101858E-15, -1.000000000000000000 ) ) ;
#9305 = PLANE ( 'NONE',  #5958 ) ;
#9306 = ORIENTED_EDGE ( 'NONE', *, *, #2544, .F. ) ;
#9307 = VECTOR ( 'NONE', #7130, 1000.000000000000000 ) ;
#9308 = DIRECTION ( 'NONE',  ( 0.8660254037844395958, 0.4999999999999983347, 0.000000000000000000 ) ) ;
#9309 = EDGE_CURVE ( 'NONE', #4515, #9326, #14, .T. ) ;
#9310 = LINE ( 'NONE', #2733, #516 ) ;
#9311 = VERTEX_POINT ( 'NONE', #6772 ) ;
#9312 = FACE_OUTER_BOUND ( 'NONE', #1657, .T. ) ;
#9313 = CARTESIAN_POINT ( 'NONE',  ( 124.9594733917879950, 76.28379653724290677, 130.4501160567390059 ) ) ;
#9314 = CIRCLE ( 'NONE', #4108, 1.700000000000000178 ) ;
#9315 = ORIENTED_EDGE ( 'NONE', *, *, #2879, .T. ) ;
#9316 = AXIS2_PLACEMENT_3D ( 'NONE', #8415, #7078, #4916 ) ;
#9317 = EDGE_LOOP ( 'NONE', ( #9499, #7952 ) ) ;
#9318 = EDGE_CURVE ( 'NONE', #76, #6259, #3024, .T. ) ;
#9319 = CARTESIAN_POINT ( 'NONE',  ( 124.9594733917879950, 50.85921079751859253, 143.2936833600570026 ) ) ;
#9320 = EDGE_CURVE ( 'NONE', #1564, #5397, #2196, .T. ) ;
#9321 = DIRECTION ( 'NONE',  ( 1.000000000000000000, 8.661882555697860278E-45, -5.630461069293179733E-38 ) ) ;
#9322 = EDGE_LOOP ( 'NONE', ( #1327, #48, #3435, #8734 ) ) ;
#9323 = DIRECTION ( 'NONE',  ( -0.000000000000000000, -1.000000000000000000, 0.000000000000000000 ) ) ;
#9324 = VECTOR ( 'NONE', #3061, 1000.000000000000000 ) ;
#9325 = CARTESIAN_POINT ( 'NONE',  ( 124.9594733917878244, 85.58558278779909756, 141.9660916294041044 ) ) ;
#9326 = VERTEX_POINT ( 'NONE', #2343 ) ;
#9327 = PLANE ( 'NONE',  #9316 ) ;
#9328 = DIRECTION ( 'NONE',  ( 0.000000000000000000, 0.1260168930201986948, -0.9920280957077455275 ) ) ;
#9329 = PLANE ( 'NONE',  #1678 ) ;
#9330 = CARTESIAN_POINT ( 'NONE',  ( 124.9594733917878244, 102.9855827877991032, 145.7766034060557558 ) ) ;
#9331 = ORIENTED_EDGE ( 'NONE', *, *, #8241, .T. ) ;
#9332 = DIRECTION ( 'NONE',  ( -1.000000000000000000, 2.003086131649543140E-15, 0.000000000000000000 ) ) ;
#9333 = AXIS2_PLACEMENT_3D ( 'NONE', #1826, #4107, #7804 ) ;
#9334 = LINE ( 'NONE', #6993, #7930 ) ;
#9335 = EDGE_CURVE ( 'NONE', #82, #4257, #4516, .T. ) ;
#9336 = ADVANCED_FACE ( 'NONE', ( #8165 ), #5280, .F. ) ;
#9337 = DIRECTION ( 'NONE',  ( 0.000000000000000000, -1.000000000000000000, 0.000000000000000000 ) ) ;
#9338 = VECTOR ( 'NONE', #7474, 1000.000000000000000 ) ;
#9339 = CARTESIAN_POINT ( 'NONE',  ( 109.9594733917879239, 62.05879653723739864, 180.4501160567389775 ) ) ;
#9340 = FACE_OUTER_BOUND ( 'NONE', #6961, .T. ) ;
#9341 = EDGE_LOOP ( 'NONE', ( #6377, #5618, #4454, #658 ) ) ;
#9342 = FACE_OUTER_BOUND ( 'NONE', #899, .T. ) ;
#9343 = DIRECTION ( 'NONE',  ( -0.000000000000000000, -0.000000000000000000, -1.000000000000000000 ) ) ;
#9344 = ORIENTED_EDGE ( 'NONE', *, *, #6145, .T. ) ;
#9345 = DIRECTION ( 'NONE',  ( 0.000000000000000000, 1.000000000000000000, 0.000000000000000000 ) ) ;
#9346 = DIRECTION ( 'NONE',  ( -0.000000000000000000, -0.000000000000000000, 1.000000000000000000 ) ) ;
#9347 = ORIENTED_EDGE ( 'NONE', *, *, #5872, .T. ) ;
#9348 = VECTOR ( 'NONE', #3622, 1000.000000000000000 ) ;
#9349 = VERTEX_POINT ( 'NONE', #7443 ) ;
#9350 = CARTESIAN_POINT ( 'NONE',  ( 124.3594733917878017, 79.18558278779899240, 166.4457430430442457 ) ) ;
#9351 = SURFACE_SIDE_STYLE ('',( #6434 ) ) ;
#9352 = ORIENTED_EDGE ( 'NONE', *, *, #8861, .T. ) ;
#9353 = LINE ( 'NONE', #1180, #4639 ) ;
#9354 = LINE ( 'NONE', #7199, #5908 ) ;
#9355 = VERTEX_POINT ( 'NONE', #2975 ) ;
#9356 = FACE_OUTER_BOUND ( 'NONE', #1848, .T. ) ;
#9357 = LINE ( 'NONE', #2827, #9301 ) ;
#9358 = DIRECTION ( 'NONE',  ( 0.8660254037844384856, 0.5000000000000002220, 0.000000000000000000 ) ) ;
#9359 = ORIENTED_EDGE ( 'NONE', *, *, #9295, .T. ) ;
#9360 = EDGE_CURVE ( 'NONE', #8668, #7007, #1469, .T. ) ;
#9361 = VERTEX_POINT ( 'NONE', #8207 ) ;
#9362 = DIRECTION ( 'NONE',  ( 1.332169591021890008E-15, 4.875679445727159869E-46, -1.000000000000000000 ) ) ;
#9363 = PLANE ( 'NONE',  #8811 ) ;
#9364 = ORIENTED_EDGE ( 'NONE', *, *, #3668, .F. ) ;
#9365 = DIRECTION ( 'NONE',  ( -6.503944880413212681E-16, -0.8660254037844400399, 0.4999999999999976130 ) ) ;
#9366 = CARTESIAN_POINT ( 'NONE',  ( -5.600000000000001421, 2.771281292110204575, 0.5999999999999999778 ) ) ;
#9367 = PRODUCT_RELATED_PRODUCT_CATEGORY ( 'part', '', ( #3551 ) ) ;
#9368 = ORIENTED_EDGE ( 'NONE', *, *, #462, .T. ) ;
#9369 = EDGE_CURVE ( 'NONE', #3780, #2326, #5857, .T. ) ;
#9370 = LINE ( 'NONE', #7125, #1811 ) ;
#9371 = LINE ( 'NONE', #1339, #1671 ) ;
#9372 = FACE_OUTER_BOUND ( 'NONE', #3227, .T. ) ;
#9373 = EDGE_LOOP ( 'NONE', ( #8963, #9502, #6778, #3842 ) ) ;
#9374 = CARTESIAN_POINT ( 'NONE',  ( 17.60000000000000142, 2.771281292110203687, 0.000000000000000000 ) ) ;
#9375 = EDGE_CURVE ( 'NONE', #6316, #6024, #2390, .T. ) ;
#9376 = LINE ( 'NONE', #7812, #6413 ) ;
#9377 = EDGE_CURVE ( 'NONE', #7387, #4673, #3840, .T. ) ;
#9378 = VECTOR ( 'NONE', #3127, 1000.000000000000000 ) ;
#9379 = PLANE ( 'NONE',  #9028 ) ;
#9380 = DIRECTION ( 'NONE',  ( 0.8660254037844384856, 0.5000000000000002220, 0.000000000000000000 ) ) ;
#9381 = CARTESIAN_POINT ( 'NONE',  ( 124.3594733917878159, 96.78558278779907198, 149.3561750750313593 ) ) ;
#9382 = VERTEX_POINT ( 'NONE', #6050 ) ;
#9383 = FACE_OUTER_BOUND ( 'NONE', #2089, .T. ) ;
#9384 = DIRECTION ( 'NONE',  ( 6.503944880413190987E-16, 0.8660254037844409281, -0.4999999999999958922 ) ) ;
#9385 = ORIENTED_EDGE ( 'NONE', *, *, #5269, .F. ) ;
#9386 = EDGE_CURVE ( 'NONE', #3912, #3126, #1216, .T. ) ;
#9387 = CARTESIAN_POINT ( 'NONE',  ( 103.8479001739019907, 52.85920965118960169, 142.2994943533559820 ) ) ;
#9388 = ORIENTED_EDGE ( 'NONE', *, *, #3694, .T. ) ;
#9389 = CIRCLE ( 'NONE', #5868, 3.000000000000002665 ) ;
#9390 = EDGE_LOOP ( 'NONE', ( #3755, #8639, #2038, #2309 ) ) ;
#9391 = PLANE ( 'NONE',  #403 ) ;
#9392 = FACE_OUTER_BOUND ( 'NONE', #537, .T. ) ;
#9393 = CIRCLE ( 'NONE', #1099, 2.350000000000004974 ) ;
#9394 = ORIENTED_EDGE ( 'NONE', *, *, #275, .F. ) ;
#9395 = LINE ( 'NONE', #2043, #472 ) ;
#9396 = DIRECTION ( 'NONE',  ( 0.000000000000000000, -5.985874958533950397E-15, -1.000000000000000000 ) ) ;
#9397 = VERTEX_POINT ( 'NONE', #3693 ) ;
#9398 = PLANE ( 'NONE',  #8017 ) ;
#9399 = ADVANCED_FACE ( 'NONE', ( #6674 ), #9500, .T. ) ;
#9400 = CARTESIAN_POINT ( 'NONE',  ( 124.5594733917879893, 47.05879653723749811, 130.4501160567390059 ) ) ;
#9401 = EDGE_CURVE ( 'NONE', #8686, #5355, #5141, .T. ) ;
#9402 = LINE ( 'NONE', #7926, #63 ) ;
#9403 = STYLED_ITEM ( 'NONE', ( #1841 ), #4662 ) ;
#9404 = ORIENTED_EDGE ( 'NONE', *, *, #2714, .F. ) ;
#9405 = VERTEX_POINT ( 'NONE', #4611 ) ;
#9406 = DIRECTION ( 'NONE',  ( -1.000000000000000000, -1.504038027996622089E-18, -1.309403304758604554E-15 ) ) ;
#9407 = CARTESIAN_POINT ( 'NONE',  ( 103.4479001739019992, 50.05879653723820155, 165.6113888862240060 ) ) ;
#9408 = ORIENTED_EDGE ( 'NONE', *, *, #443, .T. ) ;
#9409 = DIRECTION ( 'NONE',  ( 0.000000000000000000, -1.000000000000000000, 0.000000000000000000 ) ) ;
#9410 = DIRECTION ( 'NONE',  ( -1.000000000000000000, 2.576828496090354835E-30, -1.332169591021890008E-15 ) ) ;
#9411 = EDGE_CURVE ( 'NONE', #371, #1088, #3882, .T. ) ;
#9412 = EDGE_LOOP ( 'NONE', ( #559, #4093, #8389, #6619 ) ) ;
#9413 = DIRECTION ( 'NONE',  ( -1.000000000000000000, -3.601833005215935059E-31, -4.575392637152049679E-32 ) ) ;
#9414 = EDGE_LOOP ( 'NONE', ( #6521, #4631, #4351, #4554 ) ) ;
#9415 = DIRECTION ( 'NONE',  ( 0.000000000000000000, -1.734723475976797628E-14, -1.000000000000000000 ) ) ;
#9416 = CARTESIAN_POINT ( 'NONE',  ( 124.9594733917877818, 78.38558278779898103, 172.4501858426163494 ) ) ;
#9417 = EDGE_CURVE ( 'NONE', #9265, #6577, #2853, .T. ) ;
#9418 = VERTEX_POINT ( 'NONE', #8063 ) ;
#9419 = DIRECTION ( 'NONE',  ( -0.8660254037844393737, -0.4999999999999986677, 0.000000000000000000 ) ) ;
#9420 = CARTESIAN_POINT ( 'NONE',  ( 118.0699540685230176, 94.95626731504272300, 169.4033123135855874 ) ) ;
#9421 = AXIS2_PLACEMENT_3D ( 'NONE', #8921, #7, #4462 ) ;
#9422 = CARTESIAN_POINT ( 'NONE',  ( 124.3594733917878017, 108.5855827877990549, 155.4760879284414443 ) ) ;
#9423 = ADVANCED_FACE ( 'NONE', ( #8119 ), #7349, .F. ) ;
#9424 = LINE ( 'NONE', #7134, #4445 ) ;
#9425 = DIRECTION ( 'NONE',  ( 1.360023205165754048E-15, -3.875207033572580503E-15, 1.000000000000000000 ) ) ;
#9426 = EDGE_LOOP ( 'NONE', ( #8346, #8386, #5528, #1419 ) ) ;
#9427 = VECTOR ( 'NONE', #5789, 999.9999999999998863 ) ;
#9428 = DIRECTION ( 'NONE',  ( -0.8660254037844385966, 0.5000000000000002220, 0.000000000000000000 ) ) ;
#9429 = AXIS2_PLACEMENT_3D ( 'NONE', #6006, #5285, #8978 ) ;
#9430 = LINE ( 'NONE', #5984, #3461 ) ;
#9431 = VERTEX_POINT ( 'NONE', #5237 ) ;
#9432 = DIRECTION ( 'NONE',  ( -3.659934064834430300E-31, 1.000000000000000000, 0.000000000000000000 ) ) ;
#9433 = LINE ( 'NONE', #3057, #74 ) ;
#9434 = ORIENTED_EDGE ( 'NONE', *, *, #2463, .T. ) ;
#9435 = ORIENTED_EDGE ( 'NONE', *, *, #8720, .T. ) ;
#9436 = AXIS2_PLACEMENT_3D ( 'NONE', #5292, #6780, #4475 ) ;
#9437 = VECTOR ( 'NONE', #9087, 1000.000000000000000 ) ;
#9438 = DIRECTION ( 'NONE',  ( -1.000000000000000000, 0.000000000000000000, 0.000000000000000000 ) ) ;
#9439 = EDGE_CURVE ( 'NONE', #7429, #7588, #847, .T. ) ;
#9440 = FACE_OUTER_BOUND ( 'NONE', #9072, .T. ) ;
#9441 = VERTEX_POINT ( 'NONE', #6960 ) ;
#9442 = LINE ( 'NONE', #4460, #7400 ) ;
#9443 = APPLICATION_PROTOCOL_DEFINITION ( 'draft international standard', 'automotive_design', 1998, #4083 ) ;
#9444 = DIRECTION ( 'NONE',  ( 0.4999999999999983902, -0.8660254037844395958, 0.000000000000000000 ) ) ;
#9445 = ORIENTED_EDGE ( 'NONE', *, *, #4036, .T. ) ;
#9446 = DIRECTION ( 'NONE',  ( 0.000000000000000000, -1.000000000000000000, 0.000000000000000000 ) ) ;
#9447 = AXIS2_PLACEMENT_3D ( 'NONE', #2036, #9250, #2723 ) ;
#9448 = LINE ( 'NONE', #8731, #2246 ) ;
#9449 = AXIS2_PLACEMENT_3D ( 'NONE', #3980, #6197, #7375 ) ;
#9450 = VERTEX_POINT ( 'NONE', #3166 ) ;
#9451 = VERTEX_POINT ( 'NONE', #4748 ) ;
#9452 = EDGE_CURVE ( 'NONE', #8209, #4071, #5381, .T. ) ;
#9453 = AXIS2_PLACEMENT_3D ( 'NONE', #8673, #8722, #7148 ) ;
#9454 = VECTOR ( 'NONE', #7142, 999.9999999999998863 ) ;
#9455 = FACE_OUTER_BOUND ( 'NONE', #8638, .T. ) ;
#9456 = CARTESIAN_POINT ( 'NONE',  ( 115.7199540685230090, 54.95626731504274431, 180.4501160567390059 ) ) ;
#9457 = ORIENTED_EDGE ( 'NONE', *, *, #9002, .F. ) ;
#9458 = DIRECTION ( 'NONE',  ( -0.4999999999999987232, 0.8660254037844394848, 0.000000000000000000 ) ) ;
#9459 = LINE ( 'NONE', #8597, #8224 ) ;
#9460 = AXIS2_PLACEMENT_3D ( 'NONE', #2332, #5185, #4552 ) ;
#9461 = VERTEX_POINT ( 'NONE', #5519 ) ;
#9462 = ORIENTED_EDGE ( 'NONE', *, *, #3367, .F. ) ;
#9463 = EDGE_CURVE ( 'NONE', #753, #2626, #253, .T. ) ;
#9464 = CARTESIAN_POINT ( 'NONE',  ( 124.9594733917879950, 50.85900246190750096, 136.0001160632310189 ) ) ;
#9465 = ORIENTED_EDGE ( 'NONE', *, *, #483, .F. ) ;
#9466 = CARTESIAN_POINT ( 'NONE',  ( 103.4479001739019992, 50.05879653723820155, 168.8506931385969949 ) ) ;
#9467 = CIRCLE ( 'NONE', #7485, 0.1999999999999953759 ) ;
#9468 = LINE ( 'NONE', #5058, #849 ) ;
#9469 = ORIENTED_EDGE ( 'NONE', *, *, #8599, .F. ) ;
#9470 = DIRECTION ( 'NONE',  ( -0.8660254037844388186, 0.4999999999999997224, 0.000000000000000000 ) ) ;
#9471 = LINE ( 'NONE', #821, #7943 ) ;
#9472 = ADVANCED_FACE ( 'NONE', ( #1074 ), #7727, .T. ) ;
#9473 = CARTESIAN_POINT ( 'NONE',  ( 103.4479001739019992, 53.25920973258589441, 168.8506935557230122 ) ) ;
#9474 = FACE_OUTER_BOUND ( 'NONE', #5139, .T. ) ;
#9475 = PLANE ( 'NONE',  #6897 ) ;
#9476 = AXIS2_PLACEMENT_3D ( 'NONE', #1024, #3208, #887 ) ;
#9477 = ORIENTED_EDGE ( 'NONE', *, *, #7397, .F. ) ;
#9478 = VECTOR ( 'NONE', #7754, 1000.000000000000000 ) ;
#9479 = PRODUCT_DEFINITION_CONTEXT ( 'detailed design', #123, 'design' ) ;
#9480 = CYLINDRICAL_SURFACE ( 'NONE', #8470, 0.4999999999999926170 ) ;
#9481 = LINE ( 'NONE', #8808, #7453 ) ;
#9482 = ORIENTED_EDGE ( 'NONE', *, *, #5168, .F. ) ;
#9483 = CARTESIAN_POINT ( 'NONE',  ( 114.4594733917879950, 99.36797539389068845, 129.0501160567390002 ) ) ;
#9484 = DIRECTION ( 'NONE',  ( -0.8660254037844388186, 0.4999999999999997224, 0.000000000000000000 ) ) ;
#9485 = ORIENTED_EDGE ( 'NONE', *, *, #4299, .T. ) ;
#9486 = CONICAL_SURFACE ( 'NONE', #5363, 0.3000000000000028755, 0.7853981633975594123 ) ;
#9487 = AXIS2_PLACEMENT_3D ( 'NONE', #1149, #7614, #1100 ) ;
#9488 = ORIENTED_EDGE ( 'NONE', *, *, #5574, .F. ) ;
#9489 = EDGE_CURVE ( 'NONE', #3649, #827, #302, .T. ) ;
#9490 = DIRECTION ( 'NONE',  ( 1.309403304758604751E-15, 2.667218859826329302E-15, -1.000000000000000000 ) ) ;
#9491 = DIRECTION ( 'NONE',  ( -0.4999999999999996114, 0.8660254037844389297, 0.000000000000000000 ) ) ;
#9492 = ORIENTED_EDGE ( 'NONE', *, *, #8874, .F. ) ;
#9493 = DIRECTION ( 'NONE',  ( 0.000000000000000000, 0.000000000000000000, 1.000000000000000000 ) ) ;
#9494 = LINE ( 'NONE', #3590, #4838 ) ;
#9495 = ORIENTED_EDGE ( 'NONE', *, *, #1061, .F. ) ;
#9496 = VECTOR ( 'NONE', #5065, 1000.000000000000000 ) ;
#9497 = CARTESIAN_POINT ( 'NONE',  ( 18.40000000000001634, 0.000000000000000000, 0.000000000000000000 ) ) ;
#9498 = CARTESIAN_POINT ( 'NONE',  ( 124.0592155665779899, 48.29311449360739061, 180.9915374129758163 ) ) ;
#9499 = ORIENTED_EDGE ( 'NONE', *, *, #2422, .F. ) ;
#9500 = PLANE ( 'NONE',  #2560 ) ;
#9501 = EDGE_CURVE ( 'NONE', #6049, #9113, #3218, .T. ) ;
#9502 = ORIENTED_EDGE ( 'NONE', *, *, #8006, .T. ) ;
#9503 = EDGE_CURVE ( 'NONE', #1179, #4512, #3265, .T. ) ;
#9504 = AXIS2_PLACEMENT_3D ( 'NONE', #6847, #1873, #233 ) ;
#9505 = EDGE_LOOP ( 'NONE', ( #1837, #5477 ) ) ;
#9506 = CARTESIAN_POINT ( 'NONE',  ( -3.200000000000000622, 5.542562584220408262, -0.000000000000000000 ) ) ;
#9507 = LINE ( 'NONE', #5913, #6538 ) ;
#9508 = ORIENTED_EDGE ( 'NONE', *, *, #5155, .F. ) ;
#9509 = DIRECTION ( 'NONE',  ( -0.5000000000000008882, -0.8660254037844381525, 0.000000000000000000 ) ) ;
#9510 = CARTESIAN_POINT ( 'NONE',  ( 117.4594733917879523, 107.7679753938900262, 181.0501160567390002 ) ) ;
#9511 = ADVANCED_FACE ( 'NONE', ( #7681 ), #5423, .T. ) ;
#9512 = ADVANCED_FACE ( 'NONE', ( #8435, #1752, #4703, #4029, #9163 ), #6242, .F. ) ;
#9513 = ORIENTED_EDGE ( 'NONE', *, *, #4676, .F. ) ;
#9514 = ORIENTED_EDGE ( 'NONE', *, *, #9417, .F. ) ;
#9515 = DIRECTION ( 'NONE',  ( -0.8660254037844387076, -0.5000000000000001110, 0.000000000000000000 ) ) ;
#9516 = VECTOR ( 'NONE', #5352, 1000.000000000000000 ) ;
#9517 = ORIENTED_EDGE ( 'NONE', *, *, #6835, .T. ) ;
#9518 = PLANE ( 'NONE',  #6610 ) ;
#9519 = LINE ( 'NONE', #8182, #6831 ) ;
#9520 = VERTEX_POINT ( 'NONE', #2584 ) ;
#9521 = CARTESIAN_POINT ( 'NONE',  ( 117.4594733917879950, 74.36797539389050371, 130.0501160567390002 ) ) ;
#9522 = EDGE_CURVE ( 'NONE', #3786, #683, #6504, .T. ) ;
#9523 = CARTESIAN_POINT ( 'NONE',  ( 12.40000000000000391, -1.418955567684714834E-15, 0.5999999999999999778 ) ) ;
#9524 = EDGE_CURVE ( 'NONE', #7265, #223, #6817, .T. ) ;
#9525 = VECTOR ( 'NONE', #4663, 1000.000000000000000 ) ;
#9526 = CARTESIAN_POINT ( 'NONE',  ( 124.9594733917878102, 96.38558278779905208, 156.0534381976310101 ) ) ;
#9527 = DIRECTION ( 'NONE',  ( -0.4999999999999998890, -0.8660254037844387076, 0.000000000000000000 ) ) ;
#9528 = DIRECTION ( 'NONE',  ( 0.5000000000000001110, -0.8660254037844385966, 0.000000000000000000 ) ) ;
#9529 = EDGE_LOOP ( 'NONE', ( #8200, #9156, #4789, #9206 ) ) ;
#9530 = CARTESIAN_POINT ( 'NONE',  ( 124.9594733917879950, 111.6587965372630009, 130.4501160567390059 ) ) ;
#9531 = ORIENTED_EDGE ( 'NONE', *, *, #626, .F. ) ;
#9532 = DIRECTION ( 'NONE',  ( -6.503944880413199862E-16, -0.8660254037844405950, 0.4999999999999965583 ) ) ;
#9533 = ADVANCED_FACE ( 'NONE', ( #2440 ), #4658, .T. ) ;
#9534 = NEXT_ASSEMBLY_USAGE_OCCURRENCE ( 'NAUO1', ' ', ' ', #2084, #8486, $ ) ;
#9535 = NEXT_ASSEMBLY_USAGE_OCCURRENCE ( 'NAUO2', ' ', ' ', #2084, #2387, $ ) ;
ENDSEC;
END-ISO-10303-21;
