ISO-10303-21;
HEADER;
FILE_DESCRIPTION (( 'STEP AP214' ),
    '1' );
FILE_NAME ('Main Body Side B - 1515-3mm Slots.STEP',
    '2026-09-06T09:10:44',
    ( '' ),
    ( '' ),
    '',
    '',
    '' );
FILE_SCHEMA (( 'AUTOMOTIVE_DESIGN' ));
ENDSEC;

DATA;
#1 = ORIENTED_EDGE ( 'NONE', *, *, #9526, .F. ) ;
#2 = VECTOR ( 'NONE', #5553, 1000.000000000000000 ) ;
#3 = ORIENTED_EDGE ( 'NONE', *, *, #5103, .T. ) ;
#4 = VECTOR ( 'NONE', #1925, 1000.000000000000000 ) ;
#5 = DIRECTION ( 'NONE',  ( -4.685093906533313534E-16, -0.8660254037844387076, -0.4999999999999997780 ) ) ;
#6 = DIRECTION ( 'NONE',  ( -4.685093906533309590E-16, -0.8660254037844385966, -0.4999999999999998890 ) ) ;
#7 = CARTESIAN_POINT ( 'NONE',  ( 6.400000000000001243, -16.62768775266123100, -0.000000000000000000 ) ) ;
#8 = CARTESIAN_POINT ( 'NONE',  ( 124.3594733917879012, 133.7320102867271316, 152.0119863133037370 ) ) ;
#9 = CARTESIAN_POINT ( 'NONE',  ( -0.4000000000000074052, -2.614739876170435969E-16, -0.000000000000000000 ) ) ;
#10 = EDGE_CURVE ( 'NONE', #2238, #6151, #9147, .T. ) ;
#11 = DIRECTION ( 'NONE',  ( -1.743504668820875581E-15, -0.5000000000000009992, 0.8660254037844381525 ) ) ;
#12 = ORIENTED_EDGE ( 'NONE', *, *, #2285, .F. ) ;
#13 = AXIS2_PLACEMENT_3D ( 'NONE', #99, #8096, #8724 ) ;
#14 = ORIENTED_EDGE ( 'NONE', *, *, #835, .F. ) ;
#15 = ORIENTED_EDGE ( 'NONE', *, *, #5455, .F. ) ;
#16 = CARTESIAN_POINT ( 'NONE',  ( 124.9594733917878955, 115.3320102867271260, 142.3125017909179917 ) ) ;
#17 = EDGE_LOOP ( 'NONE', ( #2656, #7319, #6128, #5729 ) ) ;
#18 = CIRCLE ( 'NONE', #7262, 3.000000000000002665 ) ;
#19 = ADVANCED_FACE ( 'NONE', ( #3360 ), #6309, .T. ) ;
#20 = DIRECTION ( 'NONE',  ( -1.538396350304180443E-07, 0.000000000000000000, 0.9999999999999882316 ) ) ;
#21 = DIRECTION ( 'NONE',  ( -1.277493368627790223E-15, -1.000000000000000000, 4.175048060654991924E-16 ) ) ;
#22 = DIRECTION ( 'NONE',  ( -1.000000000000000000, 1.184735462541918124E-15, 4.316747070439680032E-30 ) ) ;
#23 = VERTEX_POINT ( 'NONE', #6264 ) ;
#24 = CONICAL_SURFACE ( 'NONE', #7420, 1.399999999999956835, 0.7853981633974702614 ) ;
#25 = ORIENTED_EDGE ( 'NONE', *, *, #1251, .F. ) ;
#26 = CARTESIAN_POINT ( 'NONE',  ( 124.9594733917879097, 145.1320102867271373, 153.0512167978450577 ) ) ;
#27 = DIRECTION ( 'NONE',  ( 1.000000000000000000, -1.184735462541926012E-15, 1.332169591021886064E-15 ) ) ;
#28 = DIRECTION ( 'NONE',  ( 1.000000000000000000, -1.210939508638132030E-15, 1.277902559593765872E-15 ) ) ;
#29 = DIRECTION ( 'NONE',  ( 1.744174030142317572E-15, 0.8660254037844385966, -0.4999999999999999445 ) ) ;
#30 = EDGE_CURVE ( 'NONE', #7707, #9227, #5490, .T. ) ;
#31 = DIRECTION ( 'NONE',  ( 4.685093906533310576E-16, 0.8660254037844387076, 0.4999999999999999445 ) ) ;
#32 = DIRECTION ( 'NONE',  ( 1.744174030142317572E-15, 0.8660254037844383745, -0.5000000000000004441 ) ) ;
#33 = AXIS2_PLACEMENT_3D ( 'NONE', #6804, #6853, #8244 ) ;
#34 = FACE_OUTER_BOUND ( 'NONE', #5019, .T. ) ;
#35 = ORIENTED_EDGE ( 'NONE', *, *, #3957, .F. ) ;
#36 = VERTEX_POINT ( 'NONE', #9245 ) ;
#37 = ORIENTED_EDGE ( 'NONE', *, *, #5630, .T. ) ;
#38 = ORIENTED_EDGE ( 'NONE', *, *, #6881, .T. ) ;
#39 = VECTOR ( 'NONE', #7761, 1000.000000000000000 ) ;
#40 = DIRECTION ( 'NONE',  ( -0.6949768738371369103, 0.6949768738371419063, 0.1844296333649059760 ) ) ;
#41 = CARTESIAN_POINT ( 'NONE',  ( 124.3594733917879154, 145.1320102867271373, 153.0512167978450577 ) ) ;
#42 = EDGE_CURVE ( 'NONE', #8561, #4264, #2637, .T. ) ;
#43 = ADVANCED_FACE ( 'NONE', ( #1193 ), #1905, .T. ) ;
#44 = DIRECTION ( 'NONE',  ( -1.332169591021890008E-15, -3.379091138490570313E-15, 1.000000000000000000 ) ) ;
#45 = DIRECTION ( 'NONE',  ( 0.000000000000000000, 3.379091138490570313E-15, -1.000000000000000000 ) ) ;
#46 = DIRECTION ( 'NONE',  ( 0.8660254037844385966, 0.4999999999999999445, 0.000000000000000000 ) ) ;
#47 = DIRECTION ( 'NONE',  ( -1.743504668820874792E-15, -0.4999999999999998335, 0.8660254037844388186 ) ) ;
#48 = ORIENTED_EDGE ( 'NONE', *, *, #5786, .F. ) ;
#49 = ORIENTED_EDGE ( 'NONE', *, *, #4981, .F. ) ;
#50 = ORIENTED_EDGE ( 'NONE', *, *, #4753, .F. ) ;
#51 = DIRECTION ( 'NONE',  ( 0.7071067811865464625, -0.7071067811865485719, -1.634454938246304879E-15 ) ) ;
#52 = CARTESIAN_POINT ( 'NONE',  ( 103.8479001739019907, 174.2587965372880205, 142.2994946864583881 ) ) ;
#53 = ADVANCED_FACE ( 'NONE', ( #9293 ), #1007, .F. ) ;
#54 = DIRECTION ( 'NONE',  ( -1.000000000000000000, 1.165921558532972075E-15, -1.481065031799711738E-16 ) ) ;
#55 = FACE_OUTER_BOUND ( 'NONE', #6543, .T. ) ;
#56 = CARTESIAN_POINT ( 'NONE',  ( 23.60000000000000497, -20.78460969082654586, 0.000000000000000000 ) ) ;
#57 = AXIS2_PLACEMENT_3D ( 'NONE', #4875, #4779, #7108 ) ;
#58 = DIRECTION ( 'NONE',  ( 0.8660254037844387076, -0.4999999999999998335, 0.000000000000000000 ) ) ;
#59 = ORIENTED_EDGE ( 'NONE', *, *, #9214, .F. ) ;
#60 = EDGE_CURVE ( 'NONE', #3641, #6768, #2970, .T. ) ;
#61 = VERTEX_POINT ( 'NONE', #26 ) ;
#62 = CIRCLE ( 'NONE', #3587, 1.199999999999996403 ) ;
#63 = FACE_BOUND ( 'NONE', #3678, .T. ) ;
#64 = ORIENTED_EDGE ( 'NONE', *, *, #3622, .T. ) ;
#65 = FACE_OUTER_BOUND ( 'NONE', #6139, .T. ) ;
#66 = CARTESIAN_POINT ( 'NONE',  ( 104.6479001739019878, 176.3587931559684989, 181.0501160567395118 ) ) ;
#67 = DIRECTION ( 'NONE',  ( -0.000000000000000000, 0.000000000000000000, -1.000000000000000000 ) ) ;
#68 = ORIENTED_EDGE ( 'NONE', *, *, #8931, .T. ) ;
#69 = ORIENTED_EDGE ( 'NONE', *, *, #5986, .T. ) ;
#70 = ADVANCED_FACE ( 'NONE', ( #5125 ), #749, .T. ) ;
#71 = DIRECTION ( 'NONE',  ( -0.000000000000000000, -0.000000000000000000, -1.000000000000000000 ) ) ;
#72 = DIRECTION ( 'NONE',  ( 0.8660254037844381525, -0.5000000000000008882, 0.000000000000000000 ) ) ;
#73 = AXIS2_PLACEMENT_3D ( 'NONE', #6780, #3057, #7502 ) ;
#74 = FACE_OUTER_BOUND ( 'NONE', #614, .T. ) ;
#75 = CARTESIAN_POINT ( 'NONE',  ( 124.3594733917879154, 138.7320102867271316, 141.9660916294042181 ) ) ;
#76 = AXIS2_PLACEMENT_3D ( 'NONE', #262, #5417, #2467 ) ;
#77 = CARTESIAN_POINT ( 'NONE',  ( 124.9594733917879950, 176.8587965372884980, 180.6501160567395061 ) ) ;
#78 = CARTESIAN_POINT ( 'NONE',  ( 103.4479001739019992, 175.1585906126184966, 136.0001160632313884 ) ) ;
#79 = CARTESIAN_POINT ( 'NONE',  ( -0.4000000000000028533, -6.928203230275511437, 0.000000000000000000 ) ) ;
#80 = VERTEX_POINT ( 'NONE', #119 ) ;
#81 = EDGE_LOOP ( 'NONE', ( #9146, #3196, #2343, #4039 ) ) ;
#82 = ORIENTED_EDGE ( 'NONE', *, *, #4561, .T. ) ;
#83 = VECTOR ( 'NONE', #8773, 1000.000000000000000 ) ;
#84 = ORIENTED_EDGE ( 'NONE', *, *, #1649, .F. ) ;
#85 = ADVANCED_FACE ( 'NONE', ( #8882 ), #7355, .T. ) ;
#86 = CARTESIAN_POINT ( 'NONE',  ( 0.3999999999999976352, -7.621023553303062137, 0.000000000000000000 ) ) ;
#87 = CARTESIAN_POINT ( 'NONE',  ( 124.9594733917878813, 121.9320102867271203, 152.3583964748175106 ) ) ;
#88 = CARTESIAN_POINT ( 'NONE',  ( 5.599999999999997868, -10.62324495308911665, 0.000000000000000000 ) ) ;
#89 = CARTESIAN_POINT ( 'NONE',  ( 124.9594733917879097, 133.5320102867271146, 144.9683130291902842 ) ) ;
#90 = PLANE ( 'NONE',  #862 ) ;
#91 = VECTOR ( 'NONE', #6890, 1000.000000000000114 ) ;
#92 = LINE ( 'NONE', #8994, #3366 ) ;
#93 = ORIENTED_EDGE ( 'NONE', *, *, #4890, .F. ) ;
#94 = EDGE_LOOP ( 'NONE', ( #4511, #4275, #3740, #5559 ) ) ;
#95 = EDGE_CURVE ( 'NONE', #406, #7249, #1556, .T. ) ;
#96 = ADVANCED_FACE ( 'NONE', ( #4487, #3770, #7899, #7848 ), #4217, .T. ) ;
#97 = VECTOR ( 'NONE', #1807, 1000.000000000000000 ) ;
#98 = ORIENTED_EDGE ( 'NONE', *, *, #6169, .F. ) ;
#99 = CARTESIAN_POINT ( 'NONE',  ( 103.6479001739019878, 174.2587965372880205, 145.2896251811484092 ) ) ;
#100 = DIRECTION ( 'NONE',  ( 4.685093906533307618E-16, 0.8660254037844385966, 0.5000000000000001110 ) ) ;
#101 = DIRECTION ( 'NONE',  ( -0.5000000000000000000, -0.8660254037844387076, 0.000000000000000000 ) ) ;
#102 = CARTESIAN_POINT ( 'NONE',  ( 11.20000000000000284, -6.928203230275511437, 0.000000000000000000 ) ) ;
#103 = CARTESIAN_POINT ( 'NONE',  ( 124.9594733917879097, 151.1320102867271657, 169.4479644428304255 ) ) ;
#104 = ORIENTED_EDGE ( 'NONE', *, *, #2463, .F. ) ;
#105 = VECTOR ( 'NONE', #1084, 1000.000000000000000 ) ;
#106 = LINE ( 'NONE', #2894, #1837 ) ;
#107 = ORIENTED_EDGE ( 'NONE', *, *, #3104, .F. ) ;
#108 = ADVANCED_FACE ( 'NONE', ( #9342 ), #7754, .T. ) ;
#109 = EDGE_CURVE ( 'NONE', #2389, #8422, #843, .T. ) ;
#110 = ORIENTED_EDGE ( 'NONE', *, *, #7652, .T. ) ;
#111 = VECTOR ( 'NONE', #1113, 1000.000000000000000 ) ;
#112 = FACE_OUTER_BOUND ( 'NONE', #1266, .T. ) ;
#113 = ORIENTED_EDGE ( 'NONE', *, *, #6342, .F. ) ;
#114 = CYLINDRICAL_SURFACE ( 'NONE', #2279, 3.000000000000002665 ) ;
#115 = PLANE ( 'NONE',  #7344 ) ;
#116 = CARTESIAN_POINT ( 'NONE',  ( -2.800000000000000711, 4.849742261192857562, 0.5999999999999999778 ) ) ;
#117 = EDGE_LOOP ( 'NONE', ( #8203, #1983, #2438, #9338, #3632, #510, #1218, #5088 ) ) ;
#118 = VERTEX_POINT ( 'NONE', #5220 ) ;
#119 = CARTESIAN_POINT ( 'NONE',  ( -6.400000000000002132, -3.695041722813610097, 0.000000000000000000 ) ) ;
#120 = DIRECTION ( 'NONE',  ( -0.5000000000000008882, -0.8660254037844381525, 0.000000000000000000 ) ) ;
#121 = VECTOR ( 'NONE', #7503, 1000.000000000000000 ) ;
#122 = CARTESIAN_POINT ( 'NONE',  ( 103.4479001739019992, 142.9634827918309838, 130.6501160567391935 ) ) ;
#123 = DIRECTION ( 'NONE',  ( 0.000000000000000000, 0.000000000000000000, -1.000000000000000000 ) ) ;
#124 = CARTESIAN_POINT ( 'NONE',  ( 124.3594733917879012, 145.3320102867271260, 165.8683927738547652 ) ) ;
#125 = DIRECTION ( 'NONE',  ( -1.000000000000000000, 5.923677312709569910E-16, -5.923677312709569910E-16 ) ) ;
#126 = EDGE_CURVE ( 'NONE', #3158, #1659, #2180, .T. ) ;
#127 = DIRECTION ( 'NONE',  ( -1.000000000000000000, 1.210939508638132030E-15, -1.277902559593765872E-15 ) ) ;
#128 = ORIENTED_EDGE ( 'NONE', *, *, #1174, .T. ) ;
#129 = ORIENTED_EDGE ( 'NONE', *, *, #5455, .T. ) ;
#130 = ORIENTED_EDGE ( 'NONE', *, *, #5221, .F. ) ;
#131 = DIRECTION ( 'NONE',  ( -8.005968353488390811E-29, 4.326681131221240423E-15, -1.000000000000000000 ) ) ;
#132 = LINE ( 'NONE', #1523, #5923 ) ;
#133 =( BOUNDED_CURVE ( )  B_SPLINE_CURVE ( 3, ( #5260, #8782, #9510, #6769 ),
 .UNSPECIFIED., .F., .F. ) 
 B_SPLINE_CURVE_WITH_KNOTS ( ( 4, 4 ),
 ( 2.363560736019209984E-14, 0.3926990816998190414 ),
 .UNSPECIFIED. ) 
 CURVE ( )  GEOMETRIC_REPRESENTATION_ITEM ( )  RATIONAL_B_SPLINE_CURVE ( ( 1.000000000000000000, 0.9871901869354169357, 0.9871901869354169357, 1.000000000000000000 ) ) 
 REPRESENTATION_ITEM ( '' )  );
#134 = FACE_OUTER_BOUND ( 'NONE', #7990, .T. ) ;
#135 = LINE ( 'NONE', #6160, #9427 ) ;
#136 = DIRECTION ( 'NONE',  ( 1.744174030142317572E-15, 0.8660254037844383745, -0.5000000000000003331 ) ) ;
#137 = ADVANCED_FACE ( 'NONE', ( #6730 ), #6671, .T. ) ;
#138 = CARTESIAN_POINT ( 'NONE',  ( 117.4594733917879950, 119.9496176806358108, 181.0501160567390002 ) ) ;
#139 = VERTEX_POINT ( 'NONE', #1508 ) ;
#140 = ORIENTED_EDGE ( 'NONE', *, *, #6318, .T. ) ;
#141 = ORIENTED_EDGE ( 'NONE', *, *, #4373, .T. ) ;
#142 = VECTOR ( 'NONE', #3761, 1000.000000000000000 ) ;
#143 = VERTEX_POINT ( 'NONE', #523 ) ;
#144 = EDGE_CURVE ( 'NONE', #5435, #1356, #2226, .T. ) ;
#145 = CARTESIAN_POINT ( 'NONE',  ( 2.602085213965210642E-15, 0.4618802153516987086, 0.5999999999999999778 ) ) ;
#146 = FACE_OUTER_BOUND ( 'NONE', #1994, .T. ) ;
#147 = CARTESIAN_POINT ( 'NONE',  ( 124.3594733917878870, 145.5320102867271430, 173.6048863809957368 ) ) ;
#148 = CARTESIAN_POINT ( 'NONE',  ( 103.4479001739019992, 142.9639807891259977, 180.4501160567390059 ) ) ;
#149 = DIRECTION ( 'NONE',  ( -1.000000000000000000, -2.003086131649548268E-15, 0.000000000000000000 ) ) ;
#150 = AXIS2_PLACEMENT_3D ( 'NONE', #3788, #4460, #6113 ) ;
#151 = EDGE_CURVE ( 'NONE', #5170, #1002, #1586, .T. ) ;
#152 = DIRECTION ( 'NONE',  ( 4.685093906533310576E-16, 0.8660254037844387076, 0.4999999999999999445 ) ) ;
#153 = ORIENTED_EDGE ( 'NONE', *, *, #2417, .F. ) ;
#154 = AXIS2_PLACEMENT_3D ( 'NONE', #5518, #6975, #1223 ) ;
#155 = CARTESIAN_POINT ( 'NONE',  ( 121.9594733917879950, 173.4585906126184796, 136.0001160632323831 ) ) ;
#156 = LINE ( 'NONE', #304, #6836 ) ;
#157 = ORIENTED_EDGE ( 'NONE', *, *, #2876, .F. ) ;
#158 = ADVANCED_FACE ( 'NONE', ( #7404 ), #8614, .T. ) ;
#159 = UNCERTAINTY_MEASURE_WITH_UNIT (LENGTH_MEASURE( 1.000000000000000082E-05 ), #1396, 'distance_accuracy_value', 'NONE');
#160 = CARTESIAN_POINT ( 'NONE',  ( 121.5594733917879893, 173.4585906126184796, 136.0001160632313884 ) ) ;
#161 = EDGE_CURVE ( 'NONE', #1889, #2071, #4680, .T. ) ;
#162 = CARTESIAN_POINT ( 'NONE',  ( 109.9594733917879950, 162.2587965372885037, 181.0501160567395118 ) ) ;
#163 = AXIS2_PLACEMENT_3D ( 'NONE', #6129, #3946, #7580 ) ;
#164 = CARTESIAN_POINT ( 'NONE',  ( 103.4479001739019992, 175.8587965372880149, 166.8113888862244778 ) ) ;
#165 = EDGE_CURVE ( 'NONE', #1638, #1750, #9392, .T. ) ;
#166 = EDGE_LOOP ( 'NONE', ( #7376, #3765, #9525, #8950 ) ) ;
#167 = VERTEX_POINT ( 'NONE', #8664 ) ;
#168 = AXIS2_PLACEMENT_3D ( 'NONE', #9496, #51, #5878 ) ;
#169 = LINE ( 'NONE', #940, #7908 ) ;
#170 = SURFACE_STYLE_USAGE ( .BOTH. , #6627 ) ;
#171 = DIRECTION ( 'NONE',  ( 5.007715329123860808E-16, -1.000000000000000000, 0.000000000000000000 ) ) ;
#172 = CARTESIAN_POINT ( 'NONE',  ( 123.6663223477646056, 176.4173717997319955, 180.9915374129765269 ) ) ;
#173 = CARTESIAN_POINT ( 'NONE',  ( 124.3594733917879012, 145.1320102867271089, 159.0556595974171898 ) ) ;
#174 = ADVANCED_FACE ( 'NONE', ( #4392 ), #6095, .F. ) ;
#175 = CARTESIAN_POINT ( 'NONE',  ( 5.600000000000001421, -3.233161507461903561, 0.000000000000000000 ) ) ;
#176 = DIRECTION ( 'NONE',  ( -1.184735462541918124E-15, -1.000000000000000000, -3.379091138490570313E-15 ) ) ;
#177 = ORIENTED_EDGE ( 'NONE', *, *, #7388, .T. ) ;
#178 = AXIS2_PLACEMENT_3D ( 'NONE', #7993, #1522, #7277 ) ;
#179 = ORIENTED_EDGE ( 'NONE', *, *, #5158, .T. ) ;
#180 = ORIENTED_EDGE ( 'NONE', *, *, #1990, .T. ) ;
#181 = ADVANCED_FACE ( 'NONE', ( #2416 ), #312, .F. ) ;
#182 = VECTOR ( 'NONE', #5082, 1000.000000000000000 ) ;
#183 = CARTESIAN_POINT ( 'NONE',  ( 29.60000000000002629, -18.01332839871634306, -0.000000000000000000 ) ) ;
#184 = CARTESIAN_POINT ( 'NONE',  ( 121.9594733917879950, 159.9336935749470001, 173.4500716728244925 ) ) ;
#185 = DIRECTION ( 'NONE',  ( -0.8660254037844385966, 0.5000000000000002220, 0.000000000000000000 ) ) ;
#186 = DIRECTION ( 'NONE',  ( 1.000000000000000000, -1.184735462541922068E-15, 0.000000000000000000 ) ) ;
#187 = DIRECTION ( 'NONE',  ( -1.000000000000000000, 1.210939508638132030E-15, -1.277902559593765872E-15 ) ) ;
#188 = CARTESIAN_POINT ( 'NONE',  ( 121.9594733917879950, 175.9304320314805068, 134.3001160632313997 ) ) ;
#189 = ORIENTED_EDGE ( 'NONE', *, *, #1239, .F. ) ;
#190 = VERTEX_POINT ( 'NONE', #1791 ) ;
#191 = ORIENTED_EDGE ( 'NONE', *, *, #8896, .F. ) ;
#192 = VECTOR ( 'NONE', #8726, 1000.000000000000000 ) ;
#193 = ORIENTED_EDGE ( 'NONE', *, *, #8109, .T. ) ;
#194 = EDGE_CURVE ( 'NONE', #3492, #8286, #8213, .T. ) ;
#195 = ORIENTED_EDGE ( 'NONE', *, *, #8985, .T. ) ;
#196 = CARTESIAN_POINT ( 'NONE',  ( 114.2041834770770095, 121.6221525309297959, 180.4501160567390059 ) ) ;
#197 = DIRECTION ( 'NONE',  ( 1.293915848394971573E-28, 6.368338018267950984E-15, -1.000000000000000000 ) ) ;
#198 = FACE_OUTER_BOUND ( 'NONE', #7036, .T. ) ;
#199 = DIRECTION ( 'NONE',  ( 1.000000000000000000, -1.210939508638132030E-15, 1.277902559593765872E-15 ) ) ;
#200 = LINE ( 'NONE', #2399, #3313 ) ;
#201 = VECTOR ( 'NONE', #9042, 1000.000000000000000 ) ;
#202 = ORIENTED_EDGE ( 'NONE', *, *, #2946, .T. ) ;
#203 = CARTESIAN_POINT ( 'NONE',  ( 103.4479001739019992, 171.0583834233365224, 142.2994942958693798 ) ) ;
#204 = ORIENTED_EDGE ( 'NONE', *, *, #5376, .T. ) ;
#205 = VERTEX_POINT ( 'NONE', #7546 ) ;
#206 = EDGE_CURVE ( 'NONE', #7750, #2427, #3248, .T. ) ;
#207 = DIRECTION ( 'NONE',  ( -0.7071067811865474617, 2.169154124581043114E-14, -0.7071067811865474617 ) ) ;
#208 = DIRECTION ( 'NONE',  ( -4.685093906533305646E-16, -0.8660254037844384856, -0.5000000000000002220 ) ) ;
#209 = VERTEX_POINT ( 'NONE', #3199 ) ;
#210 = CARTESIAN_POINT ( 'NONE',  ( 124.3594733917879012, 133.3320102867271260, 152.0119863133037370 ) ) ;
#211 = DIRECTION ( 'NONE',  ( -1.744174030142317572E-15, -0.8660254037844385966, 0.5000000000000002220 ) ) ;
#212 = DIRECTION ( 'NONE',  ( -0.000000000000000000, 0.000000000000000000, 1.000000000000000000 ) ) ;
#213 = ORIENTED_EDGE ( 'NONE', *, *, #2093, .T. ) ;
#214 = VECTOR ( 'NONE', #4290, 1000.000000000000000 ) ;
#215 = EDGE_LOOP ( 'NONE', ( #5555, #8246, #1050, #1937 ) ) ;
#216 = EDGE_CURVE ( 'NONE', #2736, #1810, #6143, .T. ) ;
#217 = EDGE_CURVE ( 'NONE', #2189, #8785, #2516, .T. ) ;
#218 = LINE ( 'NONE', #1028, #5279 ) ;
#219 = CARTESIAN_POINT ( 'NONE',  ( 120.4594733917879950, 149.9496176806353844, 180.4501160567394891 ) ) ;
#220 = LINE ( 'NONE', #4540, #7926 ) ;
#221 = EDGE_CURVE ( 'NONE', #3390, #4272, #3915, .T. ) ;
#222 = CARTESIAN_POINT ( 'NONE',  ( 18.40000000000001634, -24.01777119828843965, 0.5999999999999999778 ) ) ;
#223 = LINE ( 'NONE', #2962, #8255 ) ;
#224 = VECTOR ( 'NONE', #6266, 1000.000000000000000 ) ;
#225 = CARTESIAN_POINT ( 'NONE',  ( 6.400000000000002132, -3.233161507461904005, 0.000000000000000000 ) ) ;
#226 = ORIENTED_EDGE ( 'NONE', *, *, #8318, .T. ) ;
#227 = EDGE_LOOP ( 'NONE', ( #7092, #5626, #8058, #3887 ) ) ;
#228 = VERTEX_POINT ( 'NONE', #4733 ) ;
#229 = EDGE_CURVE ( 'NONE', #6648, #2703, #4499, .T. ) ;
#230 = VECTOR ( 'NONE', #1418, 1000.000000000000000 ) ;
#231 = LINE ( 'NONE', #3973, #7107 ) ;
#232 = DIRECTION ( 'NONE',  ( 1.000000000000000000, -1.210939508638132030E-15, 1.277902559593765872E-15 ) ) ;
#233 = PLANE ( 'NONE',  #4415 ) ;
#234 = DIRECTION ( 'NONE',  ( -0.5000000000000001110, 0.8660254037844385966, 0.000000000000000000 ) ) ;
#235 = LINE ( 'NONE', #909, #3983 ) ;
#236 = EDGE_LOOP ( 'NONE', ( #6987, #6918, #7847, #2947 ) ) ;
#237 = ORIENTED_EDGE ( 'NONE', *, *, #4730, .T. ) ;
#238 = VECTOR ( 'NONE', #8266, 1000.000000000000000 ) ;
#239 = VERTEX_POINT ( 'NONE', #5366 ) ;
#240 = VERTEX_POINT ( 'NONE', #7686 ) ;
#241 = ORIENTED_EDGE ( 'NONE', *, *, #5005, .F. ) ;
#242 = VECTOR ( 'NONE', #3671, 1000.000000000000000 ) ;
#243 = DIRECTION ( 'NONE',  ( -1.210939508638132030E-15, -1.000000000000000000, 2.775557561562899979E-17 ) ) ;
#244 = CARTESIAN_POINT ( 'NONE',  ( -6.199999999999999289, -10.73871500692703940, 0.5999999999999999778 ) ) ;
#245 = CARTESIAN_POINT ( 'NONE',  ( 124.9594733917878955, 145.9320102867271487, 166.2148029353685388 ) ) ;
#246 = CARTESIAN_POINT ( 'NONE',  ( 124.3594733917878870, 139.1320102867271373, 169.9098446581821236 ) ) ;
#247 = DIRECTION ( 'NONE',  ( 1.723050136371060368E-14, -1.000000000000000000, -6.368338018267951773E-15 ) ) ;
#248 = CARTESIAN_POINT ( 'NONE',  ( 121.9594733917879950, 144.7087965372757878, 155.7501160567389888 ) ) ;
#249 = EDGE_CURVE ( 'NONE', #1959, #2282, #1741, .T. ) ;
#250 = ORIENTED_EDGE ( 'NONE', *, *, #8508, .F. ) ;
#251 = CIRCLE ( 'NONE', #5473, 4.750000000000685674 ) ;
#252 = CARTESIAN_POINT ( 'NONE',  ( 124.3594733917878870, 127.7320102867271174, 149.2407050211935200 ) ) ;
#253 = DIRECTION ( 'NONE',  ( 0.000000000000000000, 1.000000000000000000, 9.251858538542962756E-15 ) ) ;
#254 = VECTOR ( 'NONE', #5561, 1000.000000000000000 ) ;
#255 = DIRECTION ( 'NONE',  ( 1.000000000000000000, -1.210939508638132030E-15, 1.277902559593765872E-15 ) ) ;
#256 = CARTESIAN_POINT ( 'NONE',  ( 17.60000000000000142, -10.62324495308912198, 0.000000000000000000 ) ) ;
#257 = LINE ( 'NONE', #3908, #6614 ) ;
#258 = EDGE_CURVE ( 'NONE', #9372, #2426, #4007, .T. ) ;
#259 = EDGE_LOOP ( 'NONE', ( #700, #4827, #5466, #3766, #2292, #2387, #3446, #1320 ) ) ;
#260 = AXIS2_PLACEMENT_3D ( 'NONE', #7072, #5378, #463 ) ;
#261 = EDGE_LOOP ( 'NONE', ( #2376, #48, #3875, #179 ) ) ;
#262 = CARTESIAN_POINT ( 'NONE',  ( 124.3594733917879154, 139.9320102867271487, 145.4301932445419823 ) ) ;
#263 = ORIENTED_EDGE ( 'NONE', *, *, #8757, .T. ) ;
#264 = CARTESIAN_POINT ( 'NONE',  ( 99.01619377653260301, 177.2587965372885037, 180.6501160567395061 ) ) ;
#265 = CARTESIAN_POINT ( 'NONE',  ( 120.0732142195430043, 121.4221525309288126, 180.6501160567389945 ) ) ;
#266 = PLANE ( 'NONE',  #3326 ) ;
#267 = AXIS2_PLACEMENT_3D ( 'NONE', #5668, #2129, #7308 ) ;
#268 = CARTESIAN_POINT ( 'NONE',  ( 119.9936596404214555, 121.5571120543451968, 180.5151565333238466 ) ) ;
#269 = ADVANCED_FACE ( 'NONE', ( #3292 ), #893, .F. ) ;
#270 = ORIENTED_EDGE ( 'NONE', *, *, #3857, .T. ) ;
#271 = ORIENTED_EDGE ( 'NONE', *, *, #8752, .T. ) ;
#272 = ORIENTED_EDGE ( 'NONE', *, *, #4031, .F. ) ;
#273 = AXIS2_PLACEMENT_3D ( 'NONE', #5684, #3500, #2005 ) ;
#274 = LINE ( 'NONE', #4647, #9179 ) ;
#275 = CARTESIAN_POINT ( 'NONE',  ( 124.3594733917878870, 127.5320102867271146, 155.3606178746035766 ) ) ;
#276 = LINE ( 'NONE', #1804, #2368 ) ;
#277 = DIRECTION ( 'NONE',  ( -0.7071067811865369146, -0.7071067811865507924, -1.016226066450331748E-07 ) ) ;
#278 =( NAMED_UNIT ( * ) SI_UNIT ( $, .STERADIAN. ) SOLID_ANGLE_UNIT ( ) );
#279 = LINE ( 'NONE', #1000, #4228 ) ;
#280 = CARTESIAN_POINT ( 'NONE',  ( 103.8479001739019907, 174.2587965372880205, 145.2896251811484092 ) ) ;
#281 = EDGE_CURVE ( 'NONE', #8799, #9391, #169, .T. ) ;
#282 = VERTEX_POINT ( 'NONE', #5465 ) ;
#283 = EDGE_CURVE ( 'NONE', #2498, #1075, #4683, .T. ) ;
#284 = VERTEX_POINT ( 'NONE', #3102 ) ;
#285 = VECTOR ( 'NONE', #8897, 1000.000000000000000 ) ;
#286 = VECTOR ( 'NONE', #6924, 1000.000000000000000 ) ;
#287 = ORIENTED_EDGE ( 'NONE', *, *, #3677, .F. ) ;
#288 = EDGE_CURVE ( 'NONE', #8400, #1377, #8311, .T. ) ;
#289 = EDGE_CURVE ( 'NONE', #8286, #8459, #218, .T. ) ;
#290 = EDGE_LOOP ( 'NONE', ( #2250, #5386, #4060, #2872 ) ) ;
#291 = VERTEX_POINT ( 'NONE', #7595 ) ;
#292 = LINE ( 'NONE', #6070, #4629 ) ;
#293 = PLANE ( 'NONE',  #3137 ) ;
#294 = FACE_OUTER_BOUND ( 'NONE', #2392, .T. ) ;
#295 = FACE_OUTER_BOUND ( 'NONE', #1422, .T. ) ;
#296 = FACE_OUTER_BOUND ( 'NONE', #8457, .T. ) ;
#297 = VERTEX_POINT ( 'NONE', #983 ) ;
#298 = VECTOR ( 'NONE', #8158, 1000.000000000000000 ) ;
#299 = DIRECTION ( 'NONE',  ( 1.000000000000000000, -1.184735462541918124E-15, -4.316747070439680032E-30 ) ) ;
#300 = ORIENTED_EDGE ( 'NONE', *, *, #2830, .F. ) ;
#301 = VECTOR ( 'NONE', #2339, 1000.000000000000000 ) ;
#302 = ORIENTED_EDGE ( 'NONE', *, *, #6610, .T. ) ;
#303 = LINE ( 'NONE', #9115, #1690 ) ;
#304 = CARTESIAN_POINT ( 'NONE',  ( 124.9594733917878813, 130.7320102867271601, 161.3650606741756519 ) ) ;
#305 = EDGE_CURVE ( 'NONE', #9352, #8686, #3961, .T. ) ;
#306 = LINE ( 'NONE', #8490, #601 ) ;
#307 = LINE ( 'NONE', #2603, #7191 ) ;
#308 = DIRECTION ( 'NONE',  ( 1.000000000000000000, -1.210939508638132030E-15, 1.277902559593765872E-15 ) ) ;
#309 = VECTOR ( 'NONE', #8968, 1000.000000000000114 ) ;
#310 = VERTEX_POINT ( 'NONE', #8402 ) ;
#311 = ORIENTED_EDGE ( 'NONE', *, *, #4474, .F. ) ;
#312 = PLANE ( 'NONE',  #9130 ) ;
#313 = EDGE_CURVE ( 'NONE', #567, #4026, #1311, .T. ) ;
#314 = ORIENTED_EDGE ( 'NONE', *, *, #5122, .F. ) ;
#315 = CIRCLE ( 'NONE', #2611, 1.199999999999951106 ) ;
#316 = AXIS2_PLACEMENT_3D ( 'NONE', #4630, #8351, #9018 ) ;
#317 = DIRECTION ( 'NONE',  ( 0.8660254037844387076, -0.4999999999999998335, 0.000000000000000000 ) ) ;
#318 = CARTESIAN_POINT ( 'NONE',  ( 124.9594733917879097, 145.3320102867271260, 158.9401895435792369 ) ) ;
#319 = CARTESIAN_POINT ( 'NONE',  ( 124.9594733917879097, 145.7320102867271316, 159.6330098666068125 ) ) ;
#320 = ORIENTED_EDGE ( 'NONE', *, *, #1040, .F. ) ;
#321 = EDGE_LOOP ( 'NONE', ( #4005, #4364, #2263, #7275 ) ) ;
#322 = VECTOR ( 'NONE', #9355, 1000.000000000000000 ) ;
#323 = ORIENTED_EDGE ( 'NONE', *, *, #5017, .T. ) ;
#324 = ADVANCED_FACE ( 'NONE', ( #6332 ), #9368, .T. ) ;
#325 = DIRECTION ( 'NONE',  ( 0.000000000000000000, 0.000000000000000000, -1.000000000000000000 ) ) ;
#326 = CARTESIAN_POINT ( 'NONE',  ( 124.5975336255319945, 112.1968567710067930, 177.0343509917350104 ) ) ;
#327 = CYLINDRICAL_SURFACE ( 'NONE', #2841, 0.1999999999999953759 ) ;
#328 = CARTESIAN_POINT ( 'NONE',  ( 17.60000000000000142, -10.39230484541327293, 0.000000000000000000 ) ) ;
#329 = SURFACE_STYLE_FILL_AREA ( #6938 ) ;
#330 = DIRECTION ( 'NONE',  ( 2.175639865542964941E-30, 4.500833762534980384E-15, -1.000000000000000000 ) ) ;
#331 = VECTOR ( 'NONE', #5047, 1000.000000000000000 ) ;
#332 = FACE_OUTER_BOUND ( 'NONE', #9369, .T. ) ;
#333 = VERTEX_POINT ( 'NONE', #8496 ) ;
#334 = ORIENTED_EDGE ( 'NONE', *, *, #6296, .T. ) ;
#335 = ORIENTED_EDGE ( 'NONE', *, *, #7474, .T. ) ;
#336 = VERTEX_POINT ( 'NONE', #4099 ) ;
#337 = CIRCLE ( 'NONE', #8488, 1.699999999999993072 ) ;
#338 = EDGE_CURVE ( 'NONE', #8766, #5091, #1978, .T. ) ;
#339 = CARTESIAN_POINT ( 'NONE',  ( 121.7594733917879921, 171.1085906126184852, 175.1500716728245095 ) ) ;
#340 = EDGE_CURVE ( 'NONE', #8768, #961, #3382, .T. ) ;
#341 = CYLINDRICAL_SURFACE ( 'NONE', #9410, 1.199999999999951106 ) ;
#342 = DIRECTION ( 'NONE',  ( 1.000000000000000000, -1.165921621825713967E-15, 1.481062580737441945E-16 ) ) ;
#343 = CARTESIAN_POINT ( 'NONE',  ( 23.80000000000000782, -13.50999629903726174, 0.000000000000000000 ) ) ;
#344 = CARTESIAN_POINT ( 'NONE',  ( 119.1594733917879978, 149.9496176806356118, 130.0501160567391992 ) ) ;
#345 = DIRECTION ( 'NONE',  ( 0.000000000000000000, 0.1260166810503068613, 0.9920281226341646219 ) ) ;
#346 = EDGE_CURVE ( 'NONE', #8283, #139, #7874, .T. ) ;
#347 = VECTOR ( 'NONE', #2447, 999.9999999999998863 ) ;
#348 = LINE ( 'NONE', #5448, #624 ) ;
#349 = ORIENTED_EDGE ( 'NONE', *, *, #6292, .T. ) ;
#350 = EDGE_CURVE ( 'NONE', #836, #2071, #1881, .T. ) ;
#351 = DIRECTION ( 'NONE',  ( 1.942890293082689740E-16, 4.489314163115890542E-15, -1.000000000000000000 ) ) ;
#352 = CARTESIAN_POINT ( 'NONE',  ( 124.5594733917879893, 112.6587965372632141, 130.5501160567390002 ) ) ;
#353 = DIRECTION ( 'NONE',  ( -1.000000000000000000, 1.210939508638132030E-15, -1.277902559593765872E-15 ) ) ;
#354 = CARTESIAN_POINT ( 'NONE',  ( 103.8479001739019907, 171.4583839442620103, 138.6748076856514160 ) ) ;
#355 = LINE ( 'NONE', #1689, #1782 ) ;
#356 = DIRECTION ( 'NONE',  ( 1.000000000000000000, -1.210939508638132030E-15, 1.277902559593765872E-15 ) ) ;
#357 = ADVANCED_FACE ( 'NONE', ( #7156 ), #4971, .F. ) ;
#358 = ORIENTED_EDGE ( 'NONE', *, *, #8091, .T. ) ;
#359 = ORIENTED_EDGE ( 'NONE', *, *, #3159, .F. ) ;
#360 = DIRECTION ( 'NONE',  ( -1.000000000000000000, 5.923677312709590618E-16, 1.743152798421050141E-30 ) ) ;
#361 = EDGE_LOOP ( 'NONE', ( #7025, #438, #6928, #7476 ) ) ;
#362 = DIRECTION ( 'NONE',  ( -1.000000000000000000, -1.850371707708592551E-14, 0.000000000000000000 ) ) ;
#363 = LINE ( 'NONE', #2566, #715 ) ;
#364 = AXIS2_PLACEMENT_3D ( 'NONE', #5803, #2757, #8546 ) ;
#365 = FACE_OUTER_BOUND ( 'NONE', #1900, .T. ) ;
#366 = AXIS2_PLACEMENT_3D ( 'NONE', #5901, #3005, #571 ) ;
#367 = EDGE_CURVE ( 'NONE', #9240, #3123, #9269, .T. ) ;
#368 = ORIENTED_EDGE ( 'NONE', *, *, #7121, .T. ) ;
#369 = ORIENTED_EDGE ( 'NONE', *, *, #1143, .T. ) ;
#370 = DIRECTION ( 'NONE',  ( -1.744174030142317572E-15, -0.8660254037844385966, 0.5000000000000002220 ) ) ;
#371 = CIRCLE ( 'NONE', #8979, 1.699999999999993072 ) ;
#372 = LINE ( 'NONE', #2575, #6337 ) ;
#373 = DIRECTION ( 'NONE',  ( -0.000000000000000000, -1.000000000000000000, 0.000000000000000000 ) ) ;
#374 = LINE ( 'NONE', #4111, #5969 ) ;
#375 = FACE_OUTER_BOUND ( 'NONE', #5007, .T. ) ;
#376 = CARTESIAN_POINT ( 'NONE',  ( 104.2479001739019964, 162.2587965372890153, 130.6501160567393924 ) ) ;
#377 = ORIENTED_EDGE ( 'NONE', *, *, #5761, .T. ) ;
#378 = ADVANCED_FACE ( 'NONE', ( #5656 ), #5708, .F. ) ;
#379 = ORIENTED_EDGE ( 'NONE', *, *, #3001, .F. ) ;
#380 = VECTOR ( 'NONE', #5537, 1000.000000000000114 ) ;
#381 = ORIENTED_EDGE ( 'NONE', *, *, #2045, .F. ) ;
#382 = ORIENTED_EDGE ( 'NONE', *, *, #8919, .F. ) ;
#383 = CARTESIAN_POINT ( 'NONE',  ( 103.4479001739019992, 171.4583829936065342, 145.2896250086894270 ) ) ;
#384 = CARTESIAN_POINT ( 'NONE',  ( 5.800000000000002487, 3.117691453623978148, 0.000000000000000000 ) ) ;
#385 = LINE ( 'NONE', #9296, #4569 ) ;
#386 = LINE ( 'NONE', #2784, #4646 ) ;
#387 = LINE ( 'NONE', #3322, #5159 ) ;
#388 = AXIS2_PLACEMENT_3D ( 'NONE', #6109, #8944, #858 ) ;
#389 = AXIS2_PLACEMENT_3D ( 'NONE', #4587, #6241, #6193 ) ;
#390 = DIRECTION ( 'NONE',  ( 0.8660254037844381525, -0.5000000000000008882, 0.000000000000000000 ) ) ;
#391 = EDGE_CURVE ( 'NONE', #2390, #2965, #5606, .T. ) ;
#393 = ORIENTED_EDGE ( 'NONE', *, *, #4463, .T. ) ;
#392 = EDGE_CURVE ( 'NONE', #3356, #3158, #8543, .T. ) ;
#394 = CIRCLE ( 'NONE', #1456, 2.350000000000004974 ) ;
#395 = FACE_OUTER_BOUND ( 'NONE', #1025, .T. ) ;
#396 = CARTESIAN_POINT ( 'NONE',  ( 101.7445521503069870, 144.9496176806349865, 130.0501160567391992 ) ) ;
#397 = CARTESIAN_POINT ( 'NONE',  ( 124.9594733917878955, 133.7320102867271316, 152.7048066363312557 ) ) ;
#398 = DIRECTION ( 'NONE',  ( 0.8660254037844387076, -0.5000000000000001110, 0.000000000000000000 ) ) ;
#399 = LINE ( 'NONE', #210, #5523 ) ;
#400 = DIRECTION ( 'NONE',  ( -0.6949768738371390198, 0.6949768738371390198, 0.1844296333649090014 ) ) ;
#401 = AXIS2_PLACEMENT_3D ( 'NONE', #6014, #234, #5335 ) ;
#402 = CARTESIAN_POINT ( 'NONE',  ( 103.4479001739019992, 172.6583833419400094, 168.8506933095804925 ) ) ;
#403 = ADVANCED_FACE ( 'NONE', ( #1930 ), #1265, .T. ) ;
#404 = ADVANCED_FACE ( 'NONE', ( #8590 ), #4924, .T. ) ;
#405 = ORIENTED_EDGE ( 'NONE', *, *, #8674, .T. ) ;
#406 = VERTEX_POINT ( 'NONE', #547 ) ;
#407 = VECTOR ( 'NONE', #3489, 1000.000000000000000 ) ;
#408 = CARTESIAN_POINT ( 'NONE',  ( 17.60000000000001563, -17.55144818336463786, 0.5999999999999999778 ) ) ;
#409 = VERTEX_POINT ( 'NONE', #3474 ) ;
#410 = PLANE ( 'NONE',  #2421 ) ;
#411 = LINE ( 'NONE', #4689, #254 ) ;
#412 = DIRECTION ( 'NONE',  ( -1.000000000000000000, 1.184735462541918124E-15, 4.316747070439680032E-30 ) ) ;
#413 = VECTOR ( 'NONE', #1130, 1000.000000000000114 ) ;
#414 = ORIENTED_EDGE ( 'NONE', *, *, #8635, .T. ) ;
#415 = ORIENTED_EDGE ( 'NONE', *, *, #497, .T. ) ;
#416 = DIRECTION ( 'NONE',  ( 0.000000000000000000, 1.000000000000000000, 9.251858538542962756E-15 ) ) ;
#417 = VECTOR ( 'NONE', #6345, 1000.000000000000000 ) ;
#418 = DIRECTION ( 'NONE',  ( 0.000000000000000000, 0.000000000000000000, -1.000000000000000000 ) ) ;
#419 = CARTESIAN_POINT ( 'NONE',  ( 117.8100015415119941, 176.5587931559685160, 180.8501160567394948 ) ) ;
#420 = EDGE_CURVE ( 'NONE', #5207, #7365, #9220, .T. ) ;
#421 = CARTESIAN_POINT ( 'NONE',  ( 23.20000000000002416, -6.928203230275517654, 0.5999999999999999778 ) ) ;
#422 = DIRECTION ( 'NONE',  ( -4.685093906533305646E-16, -0.8660254037844384856, -0.5000000000000002220 ) ) ;
#423 = DIRECTION ( 'NONE',  ( -0.8660254037844387076, -0.5000000000000001110, 0.000000000000000000 ) ) ;
#424 = EDGE_LOOP ( 'NONE', ( #8023, #2052, #4310, #3529 ) ) ;
#425 = ORIENTED_EDGE ( 'NONE', *, *, #685, .T. ) ;
#426 = VERTEX_POINT ( 'NONE', #3520 ) ;
#427 = COLOUR_RGB ( '',0.7921568627450980005, 0.8196078431372548767, 0.9333333333333333481 ) ;
#428 = VERTEX_POINT ( 'NONE', #9173 ) ;
#429 = CARTESIAN_POINT ( 'NONE',  ( 124.0592155665779899, 175.9416358684430008, 180.4501160567394891 ) ) ;
#430 = LINE ( 'NONE', #9247, #3693 ) ;
#431 = CARTESIAN_POINT ( 'NONE',  ( 103.6479001739019878, 173.4585906126184796, 136.0001161077304062 ) ) ;
#432 = EDGE_CURVE ( 'NONE', #209, #9034, #2561, .T. ) ;
#433 = CARTESIAN_POINT ( 'NONE',  ( 24.20000000000000639, -21.13101985234031943, 0.000000000000000000 ) ) ;
#434 = LINE ( 'NONE', #2590, #6499 ) ;
#435 = DIRECTION ( 'NONE',  ( -1.000000000000000000, -1.850371707708592551E-14, 0.000000000000000000 ) ) ;
#436 = CIRCLE ( 'NONE', #6305, 1.199999999999996403 ) ;
#437 = LINE ( 'NONE', #1344, #1236 ) ;
#438 = ORIENTED_EDGE ( 'NONE', *, *, #2285, .T. ) ;
#439 = LINE ( 'NONE', #1252, #472 ) ;
#440 = DIRECTION ( 'NONE',  ( 0.000000000000000000, -0.7071067811865336949, -0.7071067811865614505 ) ) ;
#441 = EDGE_CURVE ( 'NONE', #2754, #4571, #1834, .T. ) ;
#442 = DIRECTION ( 'NONE',  ( -1.000000000000000000, 0.000000000000000000, -2.036459560809114844E-32 ) ) ;
#443 = DIRECTION ( 'NONE',  ( -1.000000000000000000, 1.184735462541918124E-15, 4.316747070439680032E-30 ) ) ;
#444 = DIRECTION ( 'NONE',  ( -0.7071067811865369146, -0.7071067811865507924, -1.016225752431841812E-07 ) ) ;
#445 = LINE ( 'NONE', #2976, #3210 ) ;
#446 = DIRECTION ( 'NONE',  ( -1.000000000000000000, 0.000000000000000000, -4.316747070439680032E-30 ) ) ;
#447 = VERTEX_POINT ( 'NONE', #4427 ) ;
#448 = VECTOR ( 'NONE', #5285, 1000.000000000000000 ) ;
#449 = ORIENTED_EDGE ( 'NONE', *, *, #3611, .T. ) ;
#450 = DIRECTION ( 'NONE',  ( 0.000000000000000000, 1.000000000000000000, 0.000000000000000000 ) ) ;
#451 = EDGE_CURVE ( 'NONE', #1027, #9327, #7971, .T. ) ;
#452 = ORIENTED_EDGE ( 'NONE', *, *, #258, .T. ) ;
#453 = ADVANCED_FACE ( 'NONE', ( #8063 ), #6476, .F. ) ;
#454 = DIRECTION ( 'NONE',  ( 1.000000000000000000, -1.184735462541918124E-15, -4.316747070439580540E-30 ) ) ;
#455 = CARTESIAN_POINT ( 'NONE',  ( 124.9594733917878955, 121.9320102867271203, 145.6611333522178313 ) ) ;
#456 = VECTOR ( 'NONE', #698, 999.9999999999998863 ) ;
#457 = EDGE_CURVE ( 'NONE', #2070, #5091, #4336, .T. ) ;
#458 = CARTESIAN_POINT ( 'NONE',  ( 5.800000000000002487, 3.117691453623978148, 0.000000000000000000 ) ) ;
#459 = ORIENTED_EDGE ( 'NONE', *, *, #1605, .F. ) ;
#460 = VERTEX_POINT ( 'NONE', #5068 ) ;
#461 = AXIS2_PLACEMENT_3D ( 'NONE', #7729, #4048, #7011 ) ;
#462 = ADVANCED_FACE ( 'NONE', ( #2072 ), #9508, .T. ) ;
#463 = DIRECTION ( 'NONE',  ( -0.8660254037844385966, 0.4999999999999998890, 0.000000000000000000 ) ) ;
#464 = PLANE ( 'NONE',  #3702 ) ;
#465 = LINE ( 'NONE', #7745, #6384 ) ;
#466 = DIRECTION ( 'NONE',  ( -1.000000000000000000, 1.184735462541918124E-15, 4.316747070439680032E-30 ) ) ;
#467 =( NAMED_UNIT ( * ) PLANE_ANGLE_UNIT ( ) SI_UNIT ( $, .RADIAN. ) );
#468 = CARTESIAN_POINT ( 'NONE',  ( 11.80000000000000249, -6.581793068761736087, 0.000000000000000000 ) ) ;
#469 = FACE_OUTER_BOUND ( 'NONE', #5391, .T. ) ;
#470 = ORIENTED_EDGE ( 'NONE', *, *, #5028, .F. ) ;
#471 = VERTEX_POINT ( 'NONE', #5022 ) ;
#472 = VECTOR ( 'NONE', #3463, 1000.000000000000114 ) ;
#473 = ORIENTED_EDGE ( 'NONE', *, *, #9169, .F. ) ;
#474 = EDGE_CURVE ( 'NONE', #8081, #2091, #2995, .T. ) ;
#476 = ORIENTED_EDGE ( 'NONE', *, *, #3069, .T. ) ;
#475 = PRODUCT_RELATED_PRODUCT_CATEGORY ( 'part', '', ( #3530 ) ) ;
#477 = DIRECTION ( 'NONE',  ( -0.7071067811865721087, -0.7071067811865230368, 1.006443803791916071E-15 ) ) ;
#478 = VECTOR ( 'NONE', #40, 1000.000000000000000 ) ;
#479 = CARTESIAN_POINT ( 'NONE',  ( 124.3594733917879012, 145.5320102867271430, 165.7529227200168123 ) ) ;
#480 = LINE ( 'NONE', #1146, #7768 ) ;
#481 = DIRECTION ( 'NONE',  ( -1.332169591021886064E-15, 0.000000000000000000, 1.000000000000000000 ) ) ;
#482 = LINE ( 'NONE', #9396, #39 ) ;
#483 = DIRECTION ( 'NONE',  ( -1.184735462541918124E-15, -1.000000000000000000, -3.379091138490570313E-15 ) ) ;
#484 = CARTESIAN_POINT ( 'NONE',  ( 124.5594733917879893, 112.3052431466699943, 130.1965626661458089 ) ) ;
#485 = ORIENTED_EDGE ( 'NONE', *, *, #1220, .T. ) ;
#486 = AXIS2_PLACEMENT_3D ( 'NONE', #8665, #9531, #1336 ) ;
#487 = ADVANCED_FACE ( 'NONE', ( #5940, #7391, #4380, #9419, #1546, #1406, #4478, #2945, #6520, #8873, #2262, #1357, #5210, #7442, #2805, #63 ), #646, .T. ) ;
#488 = DIRECTION ( 'NONE',  ( 1.184735462541920096E-15, 1.000000000000000000, 7.287275863554980679E-15 ) ) ;
#489 = LINE ( 'NONE', #1824, #9456 ) ;
#490 = CARTESIAN_POINT ( 'NONE',  ( 117.9594733917883929, 124.9496176806354413, 129.0501160567390002 ) ) ;
#491 = DIRECTION ( 'NONE',  ( 0.000000000000000000, 0.000000000000000000, 1.000000000000000000 ) ) ;
#492 = DIRECTION ( 'NONE',  ( -1.000000000000000000, 1.210939508638132030E-15, -1.277902559593765872E-15 ) ) ;
#493 = AXIS2_PLACEMENT_3D ( 'NONE', #8975, #3056, #2322 ) ;
#494 = CARTESIAN_POINT ( 'NONE',  ( 124.9594733917879523, 134.3320102867271544, 152.3583964748175390 ) ) ;
#495 = DIRECTION ( 'NONE',  ( 1.000000000000000000, -1.165921558532972075E-15, 1.481065031799735897E-16 ) ) ;
#496 = VERTEX_POINT ( 'NONE', #3658 ) ;
#497 = EDGE_CURVE ( 'NONE', #9034, #6909, #9462, .T. ) ;
#498 = ORIENTED_EDGE ( 'NONE', *, *, #8179, .F. ) ;
#499 = CIRCLE ( 'NONE', #3707, 3.000000000000002665 ) ;
#500 = ORIENTED_EDGE ( 'NONE', *, *, #5005, .T. ) ;
#501 = DIRECTION ( 'NONE',  ( -1.332169591021890008E-15, -4.326681131221240423E-15, 1.000000000000000000 ) ) ;
#502 = ORIENTED_EDGE ( 'NONE', *, *, #4690, .F. ) ;
#503 = PLANE ( 'NONE',  #3657 ) ;
#504 = CARTESIAN_POINT ( 'NONE',  ( 17.20000000000000284, 3.464101615137755719, 0.5999999999999999778 ) ) ;
#505 = VECTOR ( 'NONE', #6889, 1000.000000000000000 ) ;
#506 = PLANE ( 'NONE',  #7081 ) ;
#507 = EDGE_CURVE ( 'NONE', #5577, #7750, #5843, .T. ) ;
#508 = ORIENTED_EDGE ( 'NONE', *, *, #5607, .T. ) ;
#509 = EDGE_CURVE ( 'NONE', #4116, #3148, #8825, .T. ) ;
#510 = ORIENTED_EDGE ( 'NONE', *, *, #7885, .T. ) ;
#511 = DIRECTION ( 'NONE',  ( -1.000000000000000000, 0.000000000000000000, -1.191674356445814308E-15 ) ) ;
#512 = FACE_BOUND ( 'NONE', #8711, .T. ) ;
#513 = CARTESIAN_POINT ( 'NONE',  ( 124.9594733917879239, 139.1320102867271089, 145.4301932445419823 ) ) ;
#514 = LINE ( 'NONE', #2770, #6437 ) ;
#515 = CARTESIAN_POINT ( 'NONE',  ( 105.8479001739020049, 175.4587965372880092, 168.8506931385974781 ) ) ;
#516 = CARTESIAN_POINT ( 'NONE',  ( -2.800000000000000711, 4.849742261192857562, -0.000000000000000000 ) ) ;
#517 = ORIENTED_EDGE ( 'NONE', *, *, #7980, .T. ) ;
#518 = ORIENTED_EDGE ( 'NONE', *, *, #6008, .F. ) ;
#519 = ORIENTED_EDGE ( 'NONE', *, *, #9117, .T. ) ;
#520 = EDGE_CURVE ( 'NONE', #4152, #336, #3567, .T. ) ;
#521 = ORIENTED_EDGE ( 'NONE', *, *, #4213, .T. ) ;
#522 = VECTOR ( 'NONE', #9161, 1000.000000000000000 ) ;
#523 = CARTESIAN_POINT ( 'NONE',  ( 105.8479001739020049, 174.2587965372880205, 165.6113888862245176 ) ) ;
#524 = DIRECTION ( 'NONE',  ( -0.7071067811865699992, 0.7071067811865250352, -2.806707238545924947E-14 ) ) ;
#525 = CARTESIAN_POINT ( 'NONE',  ( 124.9594733917879523, 145.5320102867271430, 159.7484799204447370 ) ) ;
#526 = CARTESIAN_POINT ( 'NONE',  ( 124.9594733917879950, 112.5880858591446128, 130.4794053786203847 ) ) ;
#527 = LINE ( 'NONE', #5637, #8800 ) ;
#528 = LINE ( 'NONE', #4036, #9167 ) ;
#529 = ORIENTED_EDGE ( 'NONE', *, *, #338, .F. ) ;
#530 = VECTOR ( 'NONE', #872, 1000.000000000000000 ) ;
#531 = CARTESIAN_POINT ( 'NONE',  ( 124.3594733917878870, 139.1320102867271373, 162.9816414279065953 ) ) ;
#532 = ORIENTED_EDGE ( 'NONE', *, *, #8078, .T. ) ;
#533 = VECTOR ( 'NONE', #29, 1000.000000000000114 ) ;
#534 = DIRECTION ( 'NONE',  ( 1.000000000000000000, -1.184735462541918124E-15, 2.055188419693755180E-29 ) ) ;
#535 = CARTESIAN_POINT ( 'NONE',  ( 124.9594733917878813, 115.9320102867271203, 145.4301932445419823 ) ) ;
#536 = VECTOR ( 'NONE', #8262, 1000.000000000000000 ) ;
#537 = CARTESIAN_POINT ( 'NONE',  ( 105.8479001739020049, 175.4587965372880092, 166.8113888862244778 ) ) ;
#538 = CARTESIAN_POINT ( 'NONE',  ( 124.3594733917879012, 139.1320102867271089, 155.8224980899552747 ) ) ;
#539 = FACE_OUTER_BOUND ( 'NONE', #566, .T. ) ;
#540 = ADVANCED_FACE ( 'NONE', ( #2854 ), #2169, .F. ) ;
#541 = DIRECTION ( 'NONE',  ( 4.685093906533313534E-16, 0.8660254037844387076, 0.4999999999999997780 ) ) ;
#542 = CARTESIAN_POINT ( 'NONE',  ( 124.3594733917878727, 115.9320102867271203, 148.6633547520038974 ) ) ;
#543 = ORIENTED_EDGE ( 'NONE', *, *, #9300, .F. ) ;
#544 = VECTOR ( 'NONE', #1584, 999.9999999999998863 ) ;
#545 = EDGE_LOOP ( 'NONE', ( #8364, #4140, #3700, #6353 ) ) ;
#546 = ORIENTED_EDGE ( 'NONE', *, *, #2743, .F. ) ;
#547 = CARTESIAN_POINT ( 'NONE',  ( 121.7594733917879921, 175.1585906126184966, 173.4500716728244925 ) ) ;
#548 = EDGE_LOOP ( 'NONE', ( #7741, #3903, #368, #7674 ) ) ;
#549 = VECTOR ( 'NONE', #6454, 1000.000000000000000 ) ;
#550 = ADVANCED_FACE ( 'NONE', ( #1497 ), #5801, .T. ) ;
#551 = CARTESIAN_POINT ( 'NONE',  ( 121.5594733917879893, 173.4585906126184796, 136.0001160632313884 ) ) ;
#552 = CARTESIAN_POINT ( 'NONE',  ( 12.40000000000000391, -6.235382907247959849, 0.000000000000000000 ) ) ;
#553 = FACE_OUTER_BOUND ( 'NONE', #4658, .T. ) ;
#554 = EDGE_LOOP ( 'NONE', ( #3379, #9483, #9458, #7329 ) ) ;
#555 = AXIS2_PLACEMENT_3D ( 'NONE', #4878, #5470, #1933 ) ;
#556 = EDGE_LOOP ( 'NONE', ( #272, #8254, #7271, #8514 ) ) ;
#557 = FACE_OUTER_BOUND ( 'NONE', #782, .T. ) ;
#558 = CARTESIAN_POINT ( 'NONE',  ( 124.9594733917878955, 145.7320102867271316, 166.5612130968823124 ) ) ;
#559 = DIRECTION ( 'NONE',  ( -1.000000000000000000, 1.184735462541920096E-15, 4.316747070439400473E-30 ) ) ;
#560 = ADVANCED_FACE ( 'NONE', ( #112 ), #9014, .F. ) ;
#561 = DIRECTION ( 'NONE',  ( 0.8660254037844381525, -0.5000000000000008882, 0.000000000000000000 ) ) ;
#562 = CARTESIAN_POINT ( 'NONE',  ( 171.4999999999998295, -30.38007718780360022, -55.72678625056086332 ) ) ;
#563 = CARTESIAN_POINT ( 'NONE',  ( 124.9594733917878955, 145.1320102867271089, 166.4457430430443878 ) ) ;
#564 = VECTOR ( 'NONE', #4677, 1000.000000000000114 ) ;
#565 = CARTESIAN_POINT ( 'NONE',  ( 124.3594733917878870, 121.1320102867271089, 145.4301932445419823 ) ) ;
#566 = EDGE_LOOP ( 'NONE', ( #8298, #3207, #8239, #7034 ) ) ;
#567 = VERTEX_POINT ( 'NONE', #8392 ) ;
#568 = ORIENTED_EDGE ( 'NONE', *, *, #4213, .F. ) ;
#569 = ORIENTED_EDGE ( 'NONE', *, *, #4583, .F. ) ;
#570 = CIRCLE ( 'NONE', #3480, 1.200000000000020828 ) ;
#571 = DIRECTION ( 'NONE',  ( -1.332169591021886064E-15, 0.000000000000000000, 1.000000000000000000 ) ) ;
#572 = CARTESIAN_POINT ( 'NONE',  ( 2.799999999999996270, 4.849742261192854009, 0.5999999999999999778 ) ) ;
#573 = LINE ( 'NONE', #2003, #5604 ) ;
#574 = EDGE_CURVE ( 'NONE', #9032, #4509, #6035, .T. ) ;
#575 = EDGE_CURVE ( 'NONE', #6285, #6768, #5984, .T. ) ;
#576 = DIRECTION ( 'NONE',  ( 0.2810846377147969699, 0.6785983445458948493, -0.6785983445458088070 ) ) ;
#577 = DIRECTION ( 'NONE',  ( 1.000000000000000000, -1.232504460548322048E-29, 1.332169591021896121E-15 ) ) ;
#578 = DIRECTION ( 'NONE',  ( 0.8660254037844387076, -0.4999999999999998335, 0.000000000000000000 ) ) ;
#579 = ORIENTED_EDGE ( 'NONE', *, *, #1088, .T. ) ;
#581 = EDGE_CURVE ( 'NONE', #1555, #8822, #9066, .T. ) ;
#580 = DIRECTION ( 'NONE',  ( 4.316747070439680032E-30, 0.000000000000000000, 1.000000000000000000 ) ) ;
#582 = ORIENTED_EDGE ( 'NONE', *, *, #3392, .F. ) ;
#583 = VECTOR ( 'NONE', #2325, 1000.000000000000000 ) ;
#584 = CARTESIAN_POINT ( 'NONE',  ( 11.80000000000000249, -7.274613391789286787, 0.000000000000000000 ) ) ;
#585 = LINE ( 'NONE', #5151, #2201 ) ;
#586 = DIRECTION ( 'NONE',  ( 1.000000000000000000, -1.184735462541926012E-15, 1.332169591021886064E-15 ) ) ;
#587 = CARTESIAN_POINT ( 'NONE',  ( 24.40000000000002345, -27.01999259807449860, 0.000000000000000000 ) ) ;
#588 = CARTESIAN_POINT ( 'NONE',  ( 124.9594733917878955, 133.9320102867271203, 153.0512167978450577 ) ) ;
#589 = CARTESIAN_POINT ( 'NONE',  ( 124.3594733917878870, 118.3320102867271260, 139.8876306603215482 ) ) ;
#590 = DIRECTION ( 'NONE',  ( -0.000000000000000000, 0.000000000000000000, -1.000000000000000000 ) ) ;
#591 = ORIENTED_EDGE ( 'NONE', *, *, #7083, .T. ) ;
#592 = ORIENTED_EDGE ( 'NONE', *, *, #346, .F. ) ;
#593 = VERTEX_POINT ( 'NONE', #1687 ) ;
#594 = EDGE_CURVE ( 'NONE', #2023, #8799, #6815, .T. ) ;
#595 = ORIENTED_EDGE ( 'NONE', *, *, #3475, .T. ) ;
#596 = CARTESIAN_POINT ( 'NONE',  ( 5.599999999999997868, -10.39230484541326582, 0.000000000000000000 ) ) ;
#597 = EDGE_LOOP ( 'NONE', ( #3605, #6423, #3789, #8084 ) ) ;
#598 = CARTESIAN_POINT ( 'NONE',  ( 18.40000000000001634, -24.01777119828843965, 0.000000000000000000 ) ) ;
#599 = LINE ( 'NONE', #3570, #5649 ) ;
#600 = DIRECTION ( 'NONE',  ( 1.744174030142317374E-15, 0.8660254037844387076, -0.4999999999999998890 ) ) ;
#601 = VECTOR ( 'NONE', #6086, 999.9999999999998863 ) ;
#602 = VERTEX_POINT ( 'NONE', #8252 ) ;
#603 = ORIENTED_EDGE ( 'NONE', *, *, #7060, .F. ) ;
#604 = ORIENTED_EDGE ( 'NONE', *, *, #3710, .F. ) ;
#605 = EDGE_CURVE ( 'NONE', #3183, #7732, #975, .T. ) ;
#607 = DIRECTION ( 'NONE',  ( 0.000000000000000000, 0.000000000000000000, 1.000000000000000000 ) ) ;
#606 = AXIS2_PLACEMENT_3D ( 'NONE', #8948, #4654, #6016 ) ;
#608 = CARTESIAN_POINT ( 'NONE',  ( 124.3594733917878870, 121.9320102867271203, 153.0512167978450577 ) ) ;
#609 = FACE_OUTER_BOUND ( 'NONE', #7578, .T. ) ;
#610 = CARTESIAN_POINT ( 'NONE',  ( 124.3594733917879012, 133.1320102867271373, 145.6611333522178313 ) ) ;
#611 = PLANE ( 'NONE',  #6878 ) ;
#612 = DIRECTION ( 'NONE',  ( -4.660113001930880204E-16, 0.4999999999999985012, 0.8660254037844395958 ) ) ;
#613 = EDGE_LOOP ( 'NONE', ( #6882, #9241, #688, #5118, #9291, #692 ) ) ;
#614 = EDGE_LOOP ( 'NONE', ( #807, #8591, #699, #2166 ) ) ;
#615 = ORIENTED_EDGE ( 'NONE', *, *, #2045, .T. ) ;
#616 = AXIS2_PLACEMENT_3D ( 'NONE', #3288, #1691, #446 ) ;
#617 = EDGE_LOOP ( 'NONE', ( #7176, #6508, #6304, #8436 ) ) ;
#618 = EDGE_CURVE ( 'NONE', #4190, #7341, #5356, .T. ) ;
#619 = DIRECTION ( 'NONE',  ( -2.225856982559635114E-29, -8.673617379884051249E-15, 1.000000000000000000 ) ) ;
#620 = DIRECTION ( 'NONE',  ( 1.000000000000000000, -1.258452526781900023E-15, 1.258452526781900023E-15 ) ) ;
#621 = FACE_BOUND ( 'NONE', #774, .T. ) ;
#622 = CARTESIAN_POINT ( 'NONE',  ( 24.00000000000000711, -20.32272947547484421, 0.5999999999999999778 ) ) ;
#623 = DIRECTION ( 'NONE',  ( 1.000000000000000000, -1.210939508638132030E-15, 1.277902559593765872E-15 ) ) ;
#624 = VECTOR ( 'NONE', #4809, 1000.000000000000114 ) ;
#625 = ORIENTED_EDGE ( 'NONE', *, *, #9285, .F. ) ;
#626 = VERTEX_POINT ( 'NONE', #3905 ) ;
#627 = DIRECTION ( 'NONE',  ( 4.685093906533291841E-16, 0.8660254037844380415, 0.5000000000000008882 ) ) ;
#628 = ORIENTED_EDGE ( 'NONE', *, *, #6879, .F. ) ;
#629 = EDGE_CURVE ( 'NONE', #2427, #310, #883, .T. ) ;
#630 = EDGE_CURVE ( 'NONE', #7843, #9505, #5763, .T. ) ;
#631 = AXIS2_PLACEMENT_3D ( 'NONE', #3371, #1918, #4958 ) ;
#632 = DIRECTION ( 'NONE',  ( 0.000000000000000000, 0.000000000000000000, -1.000000000000000000 ) ) ;
#633 = DIRECTION ( 'NONE',  ( 1.184735462541918124E-15, 1.000000000000000000, 4.326681131221240423E-15 ) ) ;
#634 = EDGE_CURVE ( 'NONE', #3123, #7222, #2458, .T. ) ;
#635 = FACE_OUTER_BOUND ( 'NONE', #554, .T. ) ;
#636 = CARTESIAN_POINT ( 'NONE',  ( 124.9594733917879097, 139.3320102867271260, 155.4760879284414727 ) ) ;
#637 = DIRECTION ( 'NONE',  ( -2.003086131649543140E-15, -1.000000000000000000, 0.000000000000000000 ) ) ;
#638 = VECTOR ( 'NONE', #6850, 1000.000000000000114 ) ;
#639 = DIRECTION ( 'NONE',  ( 6.536849690425969867E-16, -1.000000000000000000, 0.000000000000000000 ) ) ;
#640 = ORIENTED_EDGE ( 'NONE', *, *, #9017, .T. ) ;
#641 = ORIENTED_EDGE ( 'NONE', *, *, #1378, .F. ) ;
#642 = ORIENTED_EDGE ( 'NONE', *, *, #5744, .T. ) ;
#643 = EDGE_CURVE ( 'NONE', #797, #8081, #8350, .T. ) ;
#644 = EDGE_LOOP ( 'NONE', ( #7857, #5941, #8356, #7710 ) ) ;
#645 = AXIS2_PLACEMENT_3D ( 'NONE', #9475, #3624, #2036 ) ;
#646 = PLANE ( 'NONE',  #2664 ) ;
#647 = ORIENTED_EDGE ( 'NONE', *, *, #8458, .T. ) ;
#648 = LINE ( 'NONE', #3615, #5363 ) ;
#649 = CARTESIAN_POINT ( 'NONE',  ( 0.1999999999999999278, -0.3464101615137755164, 0.000000000000000000 ) ) ;
#650 = FACE_OUTER_BOUND ( 'NONE', #2616, .T. ) ;
#651 = VECTOR ( 'NONE', #4371, 1000.000000000000000 ) ;
#652 = ORIENTED_EDGE ( 'NONE', *, *, #3978, .T. ) ;
#653 = ORIENTED_EDGE ( 'NONE', *, *, #6906, .T. ) ;
#654 = VECTOR ( 'NONE', #5964, 1000.000000000000000 ) ;
#655 = DIRECTION ( 'NONE',  ( 0.000000000000000000, -0.9999999999999881206, 1.538396724824263788E-07 ) ) ;
#656 = CARTESIAN_POINT ( 'NONE',  ( 124.9594733917878955, 127.7320102867271174, 149.2407050211935200 ) ) ;
#657 = CARTESIAN_POINT ( 'NONE',  ( 105.8479001739020049, 173.4585897654474991, 143.7945598534824114 ) ) ;
#658 = CARTESIAN_POINT ( 'NONE',  ( 124.5594733917879893, 112.6587965372632141, 130.0501160567390002 ) ) ;
#659 = DIRECTION ( 'NONE',  ( 1.000000000000000000, 0.000000000000000000, 0.000000000000000000 ) ) ;
#660 = CARTESIAN_POINT ( 'NONE',  ( 103.4479001739019992, 172.6583834233365167, 142.2994945258154189 ) ) ;
#661 = ADVANCED_FACE ( 'NONE', ( #8204 ), #1286, .T. ) ;
#662 = FACE_BOUND ( 'NONE', #7871, .T. ) ;
#663 = EDGE_LOOP ( 'NONE', ( #7105, #8712, #5076, #6356 ) ) ;
#664 = ORIENTED_EDGE ( 'NONE', *, *, #6858, .T. ) ;
#665 = ORIENTED_EDGE ( 'NONE', *, *, #1882, .T. ) ;
#666 = AXIS2_PLACEMENT_3D ( 'NONE', #2626, #5572, #9188 ) ;
#667 = EDGE_LOOP ( 'NONE', ( #6093, #1674, #237 ) ) ;
#668 = PLANE ( 'NONE',  #5557 ) ;
#669 = CARTESIAN_POINT ( 'NONE',  ( 114.2041834770770095, 121.6221525309297959, 180.4501160567390059 ) ) ;
#670 = CARTESIAN_POINT ( 'NONE',  ( 115.7594733917879921, 149.9496176806353844, 181.0501160567390002 ) ) ;
#671 = CARTESIAN_POINT ( 'NONE',  ( 17.60000000000001563, 0.000000000000000000, 0.000000000000000000 ) ) ;
#672 = DIRECTION ( 'NONE',  ( 0.000000000000000000, 1.000000000000000000, 0.000000000000000000 ) ) ;
#673 = EDGE_CURVE ( 'NONE', #4264, #5707, #8824, .T. ) ;
#674 = EDGE_LOOP ( 'NONE', ( #4798, #2666, #8920, #1740, #9121 ) ) ;
#675 = ORIENTED_EDGE ( 'NONE', *, *, #984, .F. ) ;
#676 = ORIENTED_EDGE ( 'NONE', *, *, #8300, .F. ) ;
#677 = VECTOR ( 'NONE', #9318, 999.9999999999998863 ) ;
#678 = PLANE ( 'NONE',  #786 ) ;
#679 = DIRECTION ( 'NONE',  ( 0.000000000000000000, 4.500833762534980384E-15, -1.000000000000000000 ) ) ;
#680 = CARTESIAN_POINT ( 'NONE',  ( 118.0699540685230176, 129.3613257594830088, 180.4501160567390059 ) ) ;
#681 = CARTESIAN_POINT ( 'NONE',  ( 121.7594733917879921, 170.9867491937569923, 176.8500716728244981 ) ) ;
#682 = FACE_OUTER_BOUND ( 'NONE', #5184, .T. ) ;
#683 = AXIS2_PLACEMENT_3D ( 'NONE', #8725, #2843, #2890 ) ;
#684 = EDGE_CURVE ( 'NONE', #3985, #9270, #156, .T. ) ;
#685 = EDGE_CURVE ( 'NONE', #6897, #5764, #7677, .T. ) ;
#686 = DIRECTION ( 'NONE',  ( -1.000000000000000000, 1.184735462541920096E-15, 4.316747070439684937E-30 ) ) ;
#687 = ORIENTED_EDGE ( 'NONE', *, *, #3069, .F. ) ;
#688 = ORIENTED_EDGE ( 'NONE', *, *, #5500, .T. ) ;
#689 = AXIS2_PLACEMENT_3D ( 'NONE', #8676, #9497, #5743 ) ;
#690 = VERTEX_POINT ( 'NONE', #3239 ) ;
#691 = DIRECTION ( 'NONE',  ( 1.000000000000000000, -1.210939508638132030E-15, 1.277902559593765872E-15 ) ) ;
#692 = ORIENTED_EDGE ( 'NONE', *, *, #8318, .F. ) ;
#693 = ADVANCED_FACE ( 'NONE', ( #6185 ), #2506, .F. ) ;
#694 = LINE ( 'NONE', #1267, #3971 ) ;
#695 = EDGE_CURVE ( 'NONE', #6986, #1332, #2829, .T. ) ;
#696 = CARTESIAN_POINT ( 'NONE',  ( 124.3594733917879012, 133.9320102867271203, 151.6655761517899350 ) ) ;
#697 = VECTOR ( 'NONE', #6205, 999.9999999999998863 ) ;
#698 = DIRECTION ( 'NONE',  ( 0.8660254037844387076, -0.4999999999999999445, 0.000000000000000000 ) ) ;
#699 = ORIENTED_EDGE ( 'NONE', *, *, #4675, .F. ) ;
#700 = ORIENTED_EDGE ( 'NONE', *, *, #2056, .T. ) ;
#701 = AXIS2_PLACEMENT_3D ( 'NONE', #2746, #8632, #2795 ) ;
#702 = FILL_AREA_STYLE_COLOUR ( '', #8269 ) ;
#703 = DIRECTION ( 'NONE',  ( -1.744174030142317572E-15, -0.8660254037844385966, 0.4999999999999999445 ) ) ;
#704 = LINE ( 'NONE', #9476, #5611 ) ;
#705 = LINE ( 'NONE', #5856, #9364 ) ;
#706 = CARTESIAN_POINT ( 'NONE',  ( 0.000000000000000000, 0.000000000000000000, 0.000000000000000000 ) ) ;
#707 = PLANE ( 'NONE',  #8103 ) ;
#708 = CARTESIAN_POINT ( 'NONE',  ( 124.3594733917879154, 133.5320102867271146, 138.9638702296181805 ) ) ;
#709 = ORIENTED_EDGE ( 'NONE', *, *, #8936, .F. ) ;
#710 = ORIENTED_EDGE ( 'NONE', *, *, #2529, .F. ) ;
#711 = VECTOR ( 'NONE', #330, 1000.000000000000000 ) ;
#712 = ORIENTED_EDGE ( 'NONE', *, *, #8405, .F. ) ;
#713 = VERTEX_POINT ( 'NONE', #2407 ) ;
#714 = ADVANCED_FACE ( 'NONE', ( #3140 ), #4130, .F. ) ;
#715 = VECTOR ( 'NONE', #6925, 999.9999999999998863 ) ;
#716 = FACE_OUTER_BOUND ( 'NONE', #5324, .T. ) ;
#717 = CARTESIAN_POINT ( 'NONE',  ( 24.40000000000002345, -6.697263122599669494, 0.000000000000000000 ) ) ;
#718 = CARTESIAN_POINT ( 'NONE',  ( 124.3594733917879154, 139.1320102867271089, 145.4301932445419823 ) ) ;
#719 = DIRECTION ( 'NONE',  ( 4.685093906533310576E-16, 0.8660254037844387076, 0.4999999999999999445 ) ) ;
#720 = LINE ( 'NONE', #5193, #8397 ) ;
#721 = ORIENTED_EDGE ( 'NONE', *, *, #7066, .T. ) ;
#722 = EDGE_LOOP ( 'NONE', ( #7627, #6022, #3551, #884, #9132, #5774, #8585, #1766, #3471 ) ) ;
#723 = VECTOR ( 'NONE', #7446, 1000.000000000000000 ) ;
#724 = EDGE_CURVE ( 'NONE', #5939, #1006, #371, .T. ) ;
#725 = LINE ( 'NONE', #4467, #6331 ) ;
#726 = LINE ( 'NONE', #8006, #8068 ) ;
#727 = DIRECTION ( 'NONE',  ( 1.000000000000000000, -1.184735462541918124E-15, -4.316747070439680032E-30 ) ) ;
#728 = LINE ( 'NONE', #8, #1106 ) ;
#729 = LINE ( 'NONE', #6559, #7478 ) ;
#730 = VECTOR ( 'NONE', #5126, 1000.000000000000000 ) ;
#731 = CARTESIAN_POINT ( 'NONE',  ( 124.9594733917879523, 133.9320102867271203, 145.6611333522178313 ) ) ;
#732 = VERTEX_POINT ( 'NONE', #8532 ) ;
#733 = ORIENTED_EDGE ( 'NONE', *, *, #2529, .T. ) ;
#734 = ORIENTED_EDGE ( 'NONE', *, *, #5992, .F. ) ;
#735 = AXIS2_PLACEMENT_3D ( 'NONE', #2301, #5294, #1582 ) ;
#736 = VERTEX_POINT ( 'NONE', #6366 ) ;
#737 = EDGE_CURVE ( 'NONE', #1555, #1928, #7096, .T. ) ;
#738 = CARTESIAN_POINT ( 'NONE',  ( 124.2392801770860018, 177.5789897519910028, 180.6501160567395061 ) ) ;
#739 = ORIENTED_EDGE ( 'NONE', *, *, #9169, .T. ) ;
#740 = CARTESIAN_POINT ( 'NONE',  ( 117.4594733917879950, 119.9496176806358108, 181.0501160567390002 ) ) ;
#741 = CARTESIAN_POINT ( 'NONE',  ( 0.3999999999999999667, -0.2309401076758503812, 0.000000000000000000 ) ) ;
#742 = ORIENTED_EDGE ( 'NONE', *, *, #581, .T. ) ;
#743 = LINE ( 'NONE', #8208, #5377 ) ;
#744 = AXIS2_PLACEMENT_3D ( 'NONE', #6972, #6244, #1793 ) ;
#745 = ORIENTED_EDGE ( 'NONE', *, *, #5798, .T. ) ;
#746 = ORIENTED_EDGE ( 'NONE', *, *, #3622, .F. ) ;
#747 = EDGE_CURVE ( 'NONE', #1377, #3148, #9208, .T. ) ;
#748 = EDGE_CURVE ( 'NONE', #4967, #7354, #8368, .T. ) ;
#749 = PLANE ( 'NONE',  #5924 ) ;
#750 = DIRECTION ( 'NONE',  ( 1.277493368627788843E-15, 1.000000000000000000, 4.920223360600131351E-16 ) ) ;
#751 = DIRECTION ( 'NONE',  ( -1.000000000000000000, 1.210939508638132030E-15, -1.277902559593765872E-15 ) ) ;
#752 = LINE ( 'NONE', #6629, #9153 ) ;
#753 = EDGE_CURVE ( 'NONE', #3912, #310, #489, .T. ) ;
#754 = LINE ( 'NONE', #124, #4574 ) ;
#755 = DIRECTION ( 'NONE',  ( 1.000000000000000000, -1.210939508638132030E-15, 1.277902559593765872E-15 ) ) ;
#756 = VECTOR ( 'NONE', #769, 1000.000000000000000 ) ;
#757 = FACE_OUTER_BOUND ( 'NONE', #2163, .T. ) ;
#758 = VERTEX_POINT ( 'NONE', #4862 ) ;
#759 = ORIENTED_EDGE ( 'NONE', *, *, #2552, .F. ) ;
#760 = ORIENTED_EDGE ( 'NONE', *, *, #8472, .T. ) ;
#761 = VERTEX_POINT ( 'NONE', #8485 ) ;
#762 = EDGE_CURVE ( 'NONE', #2607, #2212, #6321, .T. ) ;
#763 = AXIS2_PLACEMENT_3D ( 'NONE', #4555, #9094, #3073 ) ;
#764 = FACE_OUTER_BOUND ( 'NONE', #6485, .T. ) ;
#765 = DIRECTION ( 'NONE',  ( 8.377344794756208739E-16, 0.7071067811865918706, -0.7071067811865030528 ) ) ;
#766 = DIRECTION ( 'NONE',  ( -1.210939508638132030E-15, -1.000000000000000000, 2.775557561562899979E-17 ) ) ;
#767 = PLANE ( 'NONE',  #3416 ) ;
#768 = CARTESIAN_POINT ( 'NONE',  ( 124.3594733917879154, 145.9320102867271487, 152.1274563671416331 ) ) ;
#769 = DIRECTION ( 'NONE',  ( 0.000000000000000000, 0.000000000000000000, 1.000000000000000000 ) ) ;
#770 = ORIENTED_EDGE ( 'NONE', *, *, #6426, .F. ) ;
#772 = EDGE_CURVE ( 'NONE', #2091, #5808, #4042, .T. ) ;
#771 = AXIS2_PLACEMENT_3D ( 'NONE', #6771, #8877, #7351 ) ;
#773 = VERTEX_POINT ( 'NONE', #7862 ) ;
#774 = EDGE_LOOP ( 'NONE', ( #1003, #832 ) ) ;
#775 = CIRCLE ( 'NONE', #5703, 1.200000000000010170 ) ;
#776 = DIRECTION ( 'NONE',  ( 1.684925824262390165E-30, 1.000000000000000000, 2.246801523394225057E-45 ) ) ;
#777 = CARTESIAN_POINT ( 'NONE',  ( 124.3594733917879012, 127.3320102867271402, 142.3125017909179917 ) ) ;
#778 = VECTOR ( 'NONE', #6963, 1000.000000000000000 ) ;
#779 = PLANE ( 'NONE',  #1039 ) ;
#780 = CARTESIAN_POINT ( 'NONE',  ( 103.6479001739019878, 172.6583830282144731, 166.8113888862244778 ) ) ;
#781 = DIRECTION ( 'NONE',  ( -1.000000000000000000, 2.003086131649543140E-15, 0.000000000000000000 ) ) ;
#782 = EDGE_LOOP ( 'NONE', ( #7777, #6378, #5043, #5655 ) ) ;
#783 = CARTESIAN_POINT ( 'NONE',  ( 124.9594733917879097, 127.1320102867271373, 141.9660916294042465 ) ) ;
#784 = EDGE_CURVE ( 'NONE', #7023, #4308, #9308, .T. ) ;
#785 = EDGE_LOOP ( 'NONE', ( #8048, #5087, #6588, #1414 ) ) ;
#786 = AXIS2_PLACEMENT_3D ( 'NONE', #4416, #7287, #5 ) ;
#787 = EDGE_LOOP ( 'NONE', ( #6617, #6651, #7443, #3606 ) ) ;
#788 = DIRECTION ( 'NONE',  ( 0.5000000000000004441, -0.8660254037844384856, 0.000000000000000000 ) ) ;
#789 = ORIENTED_EDGE ( 'NONE', *, *, #9228, .F. ) ;
#790 = VECTOR ( 'NONE', #5139, 1000.000000000000000 ) ;
#791 = DIRECTION ( 'NONE',  ( 4.316747070439680032E-30, 7.287275863554980679E-15, -1.000000000000000000 ) ) ;
#792 = DIRECTION ( 'NONE',  ( -0.000000000000000000, 0.000000000000000000, 1.000000000000000000 ) ) ;
#793 = LINE ( 'NONE', #3713, #7695 ) ;
#794 = ADVANCED_FACE ( 'NONE', ( #1065 ), #6229, .F. ) ;
#795 = ORIENTED_EDGE ( 'NONE', *, *, #8170, .T. ) ;
#796 = AXIS2_PLACEMENT_3D ( 'NONE', #8654, #6534, #9430 ) ;
#797 = VERTEX_POINT ( 'NONE', #5645 ) ;
#798 = DIRECTION ( 'NONE',  ( 0.000000000000000000, 1.000000000000000000, 9.251858538542962756E-15 ) ) ;
#799 = CARTESIAN_POINT ( 'NONE',  ( 124.9594733917878813, 127.5320102867271146, 163.2125815355824727 ) ) ;
#800 = LINE ( 'NONE', #3720, #6650 ) ;
#801 = CARTESIAN_POINT ( 'NONE',  ( 124.3594733917878870, 121.9320102867271203, 152.3583964748175106 ) ) ;
#802 = DIRECTION ( 'NONE',  ( -1.332169591021886064E-15, 0.000000000000000000, 1.000000000000000000 ) ) ;
#803 = LINE ( 'NONE', #7599, #1627 ) ;
#804 = VECTOR ( 'NONE', #8009, 1000.000000000000000 ) ;
#805 = LINE ( 'NONE', #3725, #922 ) ;
#806 = ADVANCED_FACE ( 'NONE', ( #5594 ), #1964, .F. ) ;
#807 = ORIENTED_EDGE ( 'NONE', *, *, #6969, .F. ) ;
#808 = EDGE_CURVE ( 'NONE', #8599, #2991, #4182, .T. ) ;
#809 = ORIENTED_EDGE ( 'NONE', *, *, #6761, .F. ) ;
#810 = ORIENTED_EDGE ( 'NONE', *, *, #8856, .F. ) ;
#811 = VERTEX_POINT ( 'NONE', #2551 ) ;
#812 = DIRECTION ( 'NONE',  ( -1.275664639488986613E-15, -8.326672684688515048E-17, 1.000000000000000000 ) ) ;
#813 = DIRECTION ( 'NONE',  ( 1.184735462541922068E-15, 1.000000000000000000, 3.379091138490570313E-15 ) ) ;
#814 = CARTESIAN_POINT ( 'NONE',  ( 124.9594733917879950, 154.1587965372885094, 134.0501160567391992 ) ) ;
#815 = CARTESIAN_POINT ( 'NONE',  ( 29.60000000000002629, -18.01332839871634306, 0.5999999999999999778 ) ) ;
#816 = FACE_OUTER_BOUND ( 'NONE', #5876, .T. ) ;
#817 = DIRECTION ( 'NONE',  ( -1.000000000000000000, 7.336552507412299615E-43, 3.171925933302295188E-29 ) ) ;
#818 = EDGE_CURVE ( 'NONE', #3933, #8380, #6415, .T. ) ;
#819 =( GEOMETRIC_REPRESENTATION_CONTEXT ( 3 ) GLOBAL_UNCERTAINTY_ASSIGNED_CONTEXT ( ( #837 ) ) GLOBAL_UNIT_ASSIGNED_CONTEXT ( ( #7747, #1090, #5857 ) ) REPRESENTATION_CONTEXT ( 'NONE', 'WORKASPACE' ) );
#820 = EDGE_LOOP ( 'NONE', ( #8341, #4227, #6810, #1519, #302, #855, #5404, #8237 ) ) ;
#821 = ORIENTED_EDGE ( 'NONE', *, *, #9235, .F. ) ;
#822 = VERTEX_POINT ( 'NONE', #5503 ) ;
#823 = CARTESIAN_POINT ( 'NONE',  ( 0.3999999999999975242, -6.235382907247958073, 0.5999999999999999778 ) ) ;
#824 = CARTESIAN_POINT ( 'NONE',  ( 5.800000000000002487, -3.117691453623978148, 0.000000000000000000 ) ) ;
#825 = PLANE ( 'NONE',  #7204 ) ;
#826 = LINE ( 'NONE', #681, #804 ) ;
#827 = DIRECTION ( 'NONE',  ( -1.000000000000000000, 0.000000000000000000, -2.036459560809114844E-32 ) ) ;
#828 = ORIENTED_EDGE ( 'NONE', *, *, #8116, .T. ) ;
#829 = VECTOR ( 'NONE', #6947, 1000.000000000000114 ) ;
#830 = CARTESIAN_POINT ( 'NONE',  ( 0.3999999999999975797, -6.235382907247958073, 0.000000000000000000 ) ) ;
#831 = VERTEX_POINT ( 'NONE', #1873 ) ;
#832 = ORIENTED_EDGE ( 'NONE', *, *, #4650, .T. ) ;
#833 = AXIS2_PLACEMENT_3D ( 'NONE', #5454, #3759, #6718 ) ;
#834 = DIRECTION ( 'NONE',  ( -0.000000000000000000, -0.000000000000000000, -1.000000000000000000 ) ) ;
#835 = EDGE_CURVE ( 'NONE', #5388, #1309, #6960, .T. ) ;
#836 = VERTEX_POINT ( 'NONE', #3282 ) ;
#837 = UNCERTAINTY_MEASURE_WITH_UNIT (LENGTH_MEASURE( 1.000000000000000082E-05 ), #7747, 'distance_accuracy_value', 'NONE');
#838 = PLANE ( 'NONE',  #2870 ) ;
#839 = DIRECTION ( 'NONE',  ( 1.000000000000000000, 0.000000000000000000, -1.388903486589384164E-14 ) ) ;
#840 = AXIS2_PLACEMENT_3D ( 'NONE', #4171, #9199, #8519 ) ;
#841 = ORIENTED_EDGE ( 'NONE', *, *, #4322, .F. ) ;
#842 = ORIENTED_EDGE ( 'NONE', *, *, #2030, .T. ) ;
#843 = LINE ( 'NONE', #2955, #5754 ) ;
#844 = EDGE_CURVE ( 'NONE', #1692, #1413, #7005, .T. ) ;
#845 = AXIS2_PLACEMENT_3D ( 'NONE', #4649, #7609, #2972 ) ;
#846 = LINE ( 'NONE', #941, #5252 ) ;
#847 = CARTESIAN_POINT ( 'NONE',  ( 103.4479001739019992, 175.4587965372880092, 168.8506931385974781 ) ) ;
#848 = VECTOR ( 'NONE', #8450, 1000.000000000000000 ) ;
#849 = PLANE ( 'NONE',  #7369 ) ;
#850 = CARTESIAN_POINT ( 'NONE',  ( 118.9594733917879807, 124.9496176806353986, 129.0501160567390002 ) ) ;
#851 = PLANE ( 'NONE',  #5217 ) ;
#852 = ORIENTED_EDGE ( 'NONE', *, *, #8371, .T. ) ;
#853 = ORIENTED_EDGE ( 'NONE', *, *, #3296, .T. ) ;
#854 = AXIS2_PLACEMENT_3D ( 'NONE', #4855, #483, #1105 ) ;
#855 = ORIENTED_EDGE ( 'NONE', *, *, #7533, .T. ) ;
#856 = EDGE_CURVE ( 'NONE', #8259, #3208, #6276, .T. ) ;
#857 = CARTESIAN_POINT ( 'NONE',  ( 124.9594733917879097, 126.7320102867271174, 141.9660916294042465 ) ) ;
#858 = DIRECTION ( 'NONE',  ( -1.000000000000000000, 0.000000000000000000, 3.134179675087600274E-31 ) ) ;
#859 = FACE_OUTER_BOUND ( 'NONE', #236, .T. ) ;
#860 = SURFACE_STYLE_USAGE ( .BOTH. , #3263 ) ;
#861 = DIRECTION ( 'NONE',  ( 4.685093906533304660E-16, 0.8660254037844383745, 0.5000000000000003331 ) ) ;
#862 = AXIS2_PLACEMENT_3D ( 'NONE', #7516, #1526, #6792 ) ;
#863 = FACE_OUTER_BOUND ( 'NONE', #8271, .T. ) ;
#864 = ORIENTED_EDGE ( 'NONE', *, *, #8498, .F. ) ;
#865 = ORIENTED_EDGE ( 'NONE', *, *, #6952, .F. ) ;
#866 = VERTEX_POINT ( 'NONE', #7770 ) ;
#867 = AXIS2_PLACEMENT_3D ( 'NONE', #3775, #3724, #6735 ) ;
#868 = EDGE_CURVE ( 'NONE', #7317, #5040, #585, .T. ) ;
#869 = ORIENTED_EDGE ( 'NONE', *, *, #1699, .T. ) ;
#870 = ADVANCED_FACE ( 'NONE', ( #3509 ), #8097, .F. ) ;
#871 = DIRECTION ( 'NONE',  ( 1.277493368627788251E-15, 1.000000000000000000, 1.084809792671658902E-15 ) ) ;
#872 = DIRECTION ( 'NONE',  ( 1.275664639488987796E-15, 1.084809792671657522E-15, -1.000000000000000000 ) ) ;
#873 = CYLINDRICAL_SURFACE ( 'NONE', #2260, 1.699999999999993072 ) ;
#874 = CARTESIAN_POINT ( 'NONE',  ( 124.9594733917879239, 139.9320102867271487, 145.4301932445419823 ) ) ;
#875 = DIRECTION ( 'NONE',  ( 0.8660254037844387076, -0.4999999999999999445, 0.000000000000000000 ) ) ;
#876 = EDGE_CURVE ( 'NONE', #2594, #1235, #7147, .T. ) ;
#877 = AXIS2_PLACEMENT_3D ( 'NONE', #6570, #2709, #2902 ) ;
#878 = FACE_OUTER_BOUND ( 'NONE', #5031, .T. ) ;
#879 = EDGE_LOOP ( 'NONE', ( #5802, #7368, #3951, #2943 ) ) ;
#880 = ORIENTED_EDGE ( 'NONE', *, *, #8812, .F. ) ;
#881 = EDGE_CURVE ( 'NONE', #1332, #6986, #2979, .T. ) ;
#882 = CIRCLE ( 'NONE', #3028, 1.700000000000007061 ) ;
#883 = LINE ( 'NONE', #1641, #3434 ) ;
#884 = ORIENTED_EDGE ( 'NONE', *, *, #5255, .T. ) ;
#885 = CARTESIAN_POINT ( 'NONE',  ( -2.800000000000000711, 4.849742261192857562, 0.5999999999999999778 ) ) ;
#886 = LINE ( 'NONE', #741, #9022 ) ;
#887 = LINE ( 'NONE', #116, #8767 ) ;
#888 = EDGE_CURVE ( 'NONE', #6130, #3147, #62, .T. ) ;
#889 = PRESENTATION_LAYER_ASSIGNMENT (  '', '', ( #7813 ) ) ;
#890 = PRODUCT_DEFINITION ( 'UNKNOWN', '', #3886, #1501 ) ;
#891 = VERTEX_POINT ( 'NONE', #6603 ) ;
#892 = ORIENTED_EDGE ( 'NONE', *, *, #249, .T. ) ;
#893 = PLANE ( 'NONE',  #389 ) ;
#894 = CARTESIAN_POINT ( 'NONE',  ( 105.8479001739020049, 173.4585897827510053, 167.8310410979024709 ) ) ;
#895 = VECTOR ( 'NONE', #185, 999.9999999999998863 ) ;
#896 = DIRECTION ( 'NONE',  ( 1.000000000000000000, -1.232504460548319946E-29, 1.332169591021894149E-15 ) ) ;
#897 = CARTESIAN_POINT ( 'NONE',  ( 123.7026360928241360, 176.5050409355555416, 181.0501160567397108 ) ) ;
#898 = CARTESIAN_POINT ( 'NONE',  ( 18.80000000000001492, -17.32050807568878525, 0.000000000000000000 ) ) ;
#899 = CARTESIAN_POINT ( 'NONE',  ( 114.9689659787189981, 121.6221525309297959, 180.4501160567390059 ) ) ;
#900 = DIRECTION ( 'NONE',  ( 0.000000000000000000, -0.1260168930201945592, -0.9920280957077458606 ) ) ;
#901 = EDGE_LOOP ( 'NONE', ( #7202, #7566, #8758, #5314, #733, #7568, #4922, #5400 ) ) ;
#902 = ADVANCED_FACE ( 'NONE', ( #7334 ), #8861, .F. ) ;
#903 = VERTEX_POINT ( 'NONE', #9405 ) ;
#904 = EDGE_LOOP ( 'NONE', ( #2968, #7402, #7353, #3795 ) ) ;
#905 = DIRECTION ( 'NONE',  ( -1.000000000000000000, 8.920210438583889528E-16, 2.927144186835284805E-16 ) ) ;
#906 = PLANE ( 'NONE',  #388 ) ;
#907 = LINE ( 'NONE', #3020, #8284 ) ;
#908 = CARTESIAN_POINT ( 'NONE',  ( 124.3594733917878870, 127.9320102867271203, 156.0534381976310954 ) ) ;
#909 = CARTESIAN_POINT ( 'NONE',  ( 124.9594733917879097, 139.9320102867271487, 155.8224980899552747 ) ) ;
#910 = ORIENTED_EDGE ( 'NONE', *, *, #5900, .F. ) ;
#911 = ORIENTED_EDGE ( 'NONE', *, *, #5297, .T. ) ;
#912 = EDGE_CURVE ( 'NONE', #773, #5040, #1892, .T. ) ;
#913 = ORIENTED_EDGE ( 'NONE', *, *, #1381, .F. ) ;
#914 = AXIS2_PLACEMENT_3D ( 'NONE', #2090, #5038, #4398 ) ;
#915 = VERTEX_POINT ( 'NONE', #2984 ) ;
#916 = ORIENTED_EDGE ( 'NONE', *, *, #8015, .T. ) ;
#917 = LINE ( 'NONE', #7621, #7570 ) ;
#918 = LINE ( 'NONE', #8146, #5138 ) ;
#919 = FACE_OUTER_BOUND ( 'NONE', #7687, .T. ) ;
#920 = CARTESIAN_POINT ( 'NONE',  ( 118.9594733917879807, 124.9496176806354555, 130.0501160567390002 ) ) ;
#921 = CARTESIAN_POINT ( 'NONE',  ( 124.3594733917879012, 151.1320102867271657, 169.4479644428304255 ) ) ;
#922 = VECTOR ( 'NONE', #3011, 1000.000000000000000 ) ;
#923 = FACE_OUTER_BOUND ( 'NONE', #959, .T. ) ;
#924 = EDGE_CURVE ( 'NONE', #732, #2887, #5058, .T. ) ;
#926 = EDGE_CURVE ( 'NONE', #8319, #2852, #3599, .T. ) ;
#925 = ORIENTED_EDGE ( 'NONE', *, *, #2308, .T. ) ;
#927 = VECTOR ( 'NONE', #2472, 1000.000000000000114 ) ;
#928 = ADVANCED_FACE ( 'NONE', ( #6557 ), #2792, .T. ) ;
#929 = DIRECTION ( 'NONE',  ( -1.000000000000000000, 1.184735462541920096E-15, 4.316747070439684937E-30 ) ) ;
#930 = CARTESIAN_POINT ( 'NONE',  ( 124.9594733917879950, 173.4585906126184796, 175.1500716728245095 ) ) ;
#931 = ORIENTED_EDGE ( 'NONE', *, *, #6684, .F. ) ;
#932 = DIRECTION ( 'NONE',  ( 2.003086131649544323E-15, -1.000000000000000000, 0.000000000000000000 ) ) ;
#933 = DIRECTION ( 'NONE',  ( 0.000000000000000000, 0.000000000000000000, 1.000000000000000000 ) ) ;
#934 = VECTOR ( 'NONE', #9060, 1000.000000000000000 ) ;
#935 = CARTESIAN_POINT ( 'NONE',  ( 23.20000000000002416, -6.928203230275516766, 0.5999999999999999778 ) ) ;
#936 = EDGE_CURVE ( 'NONE', #8538, #1718, #726, .T. ) ;
#937 = ORIENTED_EDGE ( 'NONE', *, *, #808, .T. ) ;
#938 = EDGE_LOOP ( 'NONE', ( #4192, #7157, #415, #9144 ) ) ;
#939 = VECTOR ( 'NONE', #4276, 1000.000000000000000 ) ;
#940 = CARTESIAN_POINT ( 'NONE',  ( 18.19999999999999929, -10.73871500692704828, 0.000000000000000000 ) ) ;
#941 = CARTESIAN_POINT ( 'NONE',  ( 18.40000000000001634, -16.62768775266123811, 0.000000000000000000 ) ) ;
#942 = LINE ( 'NONE', #2420, #2999 ) ;
#943 = CARTESIAN_POINT ( 'NONE',  ( 120.4199540685229977, 129.3613257594832078, 176.0501160567390002 ) ) ;
#944 = DIRECTION ( 'NONE',  ( -1.332169591021886064E-15, 0.000000000000000000, 1.000000000000000000 ) ) ;
#945 = LINE ( 'NONE', #3062, #1822 ) ;
#946 = ORIENTED_EDGE ( 'NONE', *, *, #313, .T. ) ;
#947 = VECTOR ( 'NONE', #4712, 1000.000000000000000 ) ;
#948 = VERTEX_POINT ( 'NONE', #5833 ) ;
#949 = ORIENTED_EDGE ( 'NONE', *, *, #2014, .T. ) ;
#950 = VECTOR ( 'NONE', #6047, 1000.000000000000114 ) ;
#951 = CARTESIAN_POINT ( 'NONE',  ( 124.3594733917879012, 145.9320102867271487, 166.4457430430443878 ) ) ;
#952 = CARTESIAN_POINT ( 'NONE',  ( 118.9594733917876397, 144.9496176806352992, 130.0501160567391423 ) ) ;
#953 = ADVANCED_FACE ( 'NONE', ( #2934 ), #5106, .F. ) ;
#954 = DIRECTION ( 'NONE',  ( 1.000000000000000000, 0.000000000000000000, -4.316747070439680032E-30 ) ) ;
#955 = CARTESIAN_POINT ( 'NONE',  ( 124.9594733917879097, 127.7320102867271174, 141.6196814678904445 ) ) ;
#956 = DIRECTION ( 'NONE',  ( -1.000000000000000000, -1.632680918566406399E-14, 0.000000000000000000 ) ) ;
#957 = ORIENTED_EDGE ( 'NONE', *, *, #6881, .F. ) ;
#958 = EDGE_LOOP ( 'NONE', ( #7826, #4225, #2044, #2174 ) ) ;
#959 = EDGE_LOOP ( 'NONE', ( #2801, #687, #4978, #4118 ) ) ;
#960 = VECTOR ( 'NONE', #5295, 1000.000000000000000 ) ;
#961 = VERTEX_POINT ( 'NONE', #5010 ) ;
#962 = ORIENTED_EDGE ( 'NONE', *, *, #2684, .T. ) ;
#963 = DIRECTION ( 'NONE',  ( 0.000000000000000000, -1.000000000000000000, 0.000000000000000000 ) ) ;
#964 = LINE ( 'NONE', #4565, #7154 ) ;
#965 = EDGE_CURVE ( 'NONE', #6670, #1413, #5879, .T. ) ;
#966 = LINE ( 'NONE', #3179, #6432 ) ;
#967 = PLANE ( 'NONE',  #4168 ) ;
#968 = DIRECTION ( 'NONE',  ( 1.000000000000000000, -1.184735462541918124E-15, -4.316747070439680032E-30 ) ) ;
#969 = ORIENTED_EDGE ( 'NONE', *, *, #1904, .F. ) ;
#970 = CARTESIAN_POINT ( 'NONE',  ( 124.0592155665779899, 175.9416358684430008, 180.8501160567394948 ) ) ;
#971 = ORIENTED_EDGE ( 'NONE', *, *, #5409, .F. ) ;
#972 = AXIS2_PLACEMENT_3D ( 'NONE', #706, #7219, #659 ) ;
#973 = ORIENTED_EDGE ( 'NONE', *, *, #7877, .F. ) ;
#974 = CARTESIAN_POINT ( 'NONE',  ( 105.8479001739020049, 174.1075765200275214, 141.1090609392973931 ) ) ;
#975 = LINE ( 'NONE', #3091, #6679 ) ;
#976 = EDGE_CURVE ( 'NONE', #61, #1425, #1348, .T. ) ;
#977 = DIRECTION ( 'NONE',  ( 1.000000000000000000, -1.184735462541916151E-15, 0.000000000000000000 ) ) ;
#978 = DIRECTION ( 'NONE',  ( 1.000000000000000000, -1.210939508638132030E-15, 1.277902559593765872E-15 ) ) ;
#979 = CARTESIAN_POINT ( 'NONE',  ( 103.4479001739019992, 154.7979358642050158, 146.8896251811482045 ) ) ;
#980 = VERTEX_POINT ( 'NONE', #8814 ) ;
#981 = AXIS2_PLACEMENT_3D ( 'NONE', #16, #1452, #6616 ) ;
#982 = ORIENTED_EDGE ( 'NONE', *, *, #9300, .T. ) ;
#983 = CARTESIAN_POINT ( 'NONE',  ( 124.3594733917879012, 151.9320102867271487, 169.9098446581821236 ) ) ;
#984 = EDGE_CURVE ( 'NONE', #6121, #5073, #2205, .T. ) ;
#985 = EDGE_CURVE ( 'NONE', #6787, #2738, #4277, .T. ) ;
#986 = LINE ( 'NONE', #6146, #5467 ) ;
#987 = DIRECTION ( 'NONE',  ( 1.744174030142317572E-15, 0.8660254037844383745, -0.5000000000000004441 ) ) ;
#988 = CARTESIAN_POINT ( 'NONE',  ( 103.4479001739019992, 175.8587965372875033, 151.9504045976685234 ) ) ;
#989 = AXIS2_PLACEMENT_3D ( 'NONE', #8907, #9053, #5293 ) ;
#990 = CARTESIAN_POINT ( 'NONE',  ( 103.4479001739019992, 173.4585906126184796, 136.0001160632313884 ) ) ;
#991 = ORIENTED_EDGE ( 'NONE', *, *, #4131, .T. ) ;
#992 = ORIENTED_EDGE ( 'NONE', *, *, #6672, .T. ) ;
#993 = EDGE_LOOP ( 'NONE', ( #3936, #2839, #7614, #2896, #2702 ) ) ;
#994 = CONICAL_SURFACE ( 'NONE', #2678, 1.400000000000012346, 0.7853981633974461696 ) ;
#995 = DIRECTION ( 'NONE',  ( 1.000000000000000000, -1.165921558532966158E-15, 1.481065031799925716E-16 ) ) ;
#996 = CARTESIAN_POINT ( 'NONE',  ( 124.9594733917879950, 176.8587965372884980, 130.4501160567394038 ) ) ;
#997 = DIRECTION ( 'NONE',  ( 0.000000000000000000, 4.500833762534980384E-15, -1.000000000000000000 ) ) ;
#998 = DIRECTION ( 'NONE',  ( 0.000000000000000000, 0.000000000000000000, -1.000000000000000000 ) ) ;
#999 =( LENGTH_UNIT ( ) NAMED_UNIT ( * ) SI_UNIT ( .MILLI., .METRE. ) );
#1000 = CARTESIAN_POINT ( 'NONE',  ( 11.80000000000000249, -6.581793068761736087, 0.5999999999999999778 ) ) ;
#1001 = CARTESIAN_POINT ( 'NONE',  ( 124.3594733917878870, 133.1320102867271089, 159.0556595974171614 ) ) ;
#1002 = VERTEX_POINT ( 'NONE', #3554 ) ;
#1003 = ORIENTED_EDGE ( 'NONE', *, *, #8999, .T. ) ;
#1004 = ORIENTED_EDGE ( 'NONE', *, *, #5039, .T. ) ;
#1006 = VERTEX_POINT ( 'NONE', #3081 ) ;
#1005 = EDGE_CURVE ( 'NONE', #7430, #428, #7288, .T. ) ;
#1007 = CYLINDRICAL_SURFACE ( 'NONE', #6237, 3.000000000000002665 ) ;
#1008 = AXIS2_PLACEMENT_3D ( 'NONE', #3456, #9152, #2546 ) ;
#1009 = DIRECTION ( 'NONE',  ( 1.275664639488987599E-15, 1.084809792671657324E-15, -1.000000000000000000 ) ) ;
#1010 = DIRECTION ( 'NONE',  ( 1.000000000000000000, -1.184735462541926012E-15, 1.332169591021886064E-15 ) ) ;
#1011 = DIRECTION ( 'NONE',  ( 0.000000000000000000, 4.500833762534980384E-15, -1.000000000000000000 ) ) ;
#1012 = CARTESIAN_POINT ( 'NONE',  ( 18.40000000000000213, -10.62324495308912198, 0.5999999999999999778 ) ) ;
#1013 = DIRECTION ( 'NONE',  ( -1.000000000000000000, 1.388903486589362075E-14, 5.928419958430680966E-29 ) ) ;
#1014 = LINE ( 'NONE', #9109, #3378 ) ;
#1015 = ORIENTED_EDGE ( 'NONE', *, *, #630, .F. ) ;
#1016 = VECTOR ( 'NONE', #7737, 1000.000000000000000 ) ;
#1017 = EDGE_CURVE ( 'NONE', #4331, #4943, #7432, .T. ) ;
#1018 = LINE ( 'NONE', #5453, #6625 ) ;
#1019 = CARTESIAN_POINT ( 'NONE',  ( 103.8479001739019907, 175.4587965372880092, 166.8113888862244778 ) ) ;
#1020 = VECTOR ( 'NONE', #211, 999.9999999999998863 ) ;
#1021 = CARTESIAN_POINT ( 'NONE',  ( 124.9594733917878813, 121.9320102867271203, 153.0512167978450577 ) ) ;
#1022 = LINE ( 'NONE', #6232, #9335 ) ;
#1023 = CARTESIAN_POINT ( 'NONE',  ( 124.3594733917878870, 139.9320102867271487, 169.4479644428304255 ) ) ;
#1024 = ADVANCED_FACE ( 'NONE', ( #4614 ), #293, .T. ) ;
#1025 = EDGE_LOOP ( 'NONE', ( #485, #8000, #8709, #7650 ) ) ;
#1026 = VECTOR ( 'NONE', #9310, 1000.000000000000227 ) ;
#1027 = VERTEX_POINT ( 'NONE', #8955 ) ;
#1028 = CARTESIAN_POINT ( 'NONE',  ( 11.80000000000000249, 0.3464101615137740175, 0.000000000000000000 ) ) ;
#1029 = VERTEX_POINT ( 'NONE', #3178 ) ;
#1030 = LINE ( 'NONE', #3917, #286 ) ;
#1031 = LINE ( 'NONE', #4829, #3778 ) ;
#1032 = AXIS2_PLACEMENT_3D ( 'NONE', #3532, #8700, #3484 ) ;
#1033 = LINE ( 'NONE', #8548, #1831 ) ;
#1034 = ORIENTED_EDGE ( 'NONE', *, *, #2266, .T. ) ;
#1035 = EDGE_CURVE ( 'NONE', #7828, #240, #4468, .T. ) ;
#1036 = ORIENTED_EDGE ( 'NONE', *, *, #7094, .F. ) ;
#1037 = EDGE_CURVE ( 'NONE', #3138, #6085, #6174, .T. ) ;
#1038 = ORIENTED_EDGE ( 'NONE', *, *, #6936, .T. ) ;
#1039 = AXIS2_PLACEMENT_3D ( 'NONE', #1440, #8815, #3649 ) ;
#1040 = EDGE_CURVE ( 'NONE', #7497, #7471, #6851, .T. ) ;
#1041 = CARTESIAN_POINT ( 'NONE',  ( 124.3594733917879012, 145.7320102867271316, 159.6330098666068125 ) ) ;
#1042 = CARTESIAN_POINT ( 'NONE',  ( 117.4594733917879950, 116.5496176806358051, 181.0501160567390002 ) ) ;
#1043 = CARTESIAN_POINT ( 'NONE',  ( 121.5594733917879893, 173.4585906126184796, 173.4500716728244925 ) ) ;
#1044 = CARTESIAN_POINT ( 'NONE',  ( 124.3594733917879012, 133.9320102867271203, 153.0512167978450577 ) ) ;
#1045 = DIRECTION ( 'NONE',  ( -1.301042606982607530E-14, -1.000000000000000000, -8.673617379884051249E-15 ) ) ;
#1046 = PLANE ( 'NONE',  #4905 ) ;
#1047 = ORIENTED_EDGE ( 'NONE', *, *, #9228, .T. ) ;
#1048 = EDGE_LOOP ( 'NONE', ( #9386, #8823, #4411, #3979 ) ) ;
#1049 = VECTOR ( 'NONE', #4937, 1000.000000000000000 ) ;
#1050 = ORIENTED_EDGE ( 'NONE', *, *, #4436, .F. ) ;
#1051 = EDGE_CURVE ( 'NONE', #6909, #2517, #5394, .T. ) ;
#1052 = ORIENTED_EDGE ( 'NONE', *, *, #2863, .F. ) ;
#1053 = VERTEX_POINT ( 'NONE', #3797 ) ;
#1054 = LINE ( 'NONE', #1720, #5093 ) ;
#1055 = CARTESIAN_POINT ( 'NONE',  ( 124.3594733917879012, 127.5320102867271146, 141.5042114140525200 ) ) ;
#1056 = DIRECTION ( 'NONE',  ( 0.8660254037844387076, 0.4999999999999999445, 0.000000000000000000 ) ) ;
#1057 = FACE_OUTER_BOUND ( 'NONE', #7872, .T. ) ;
#1058 = CARTESIAN_POINT ( 'NONE',  ( 121.7594733917879921, 170.9867491937569923, 173.4500716728244925 ) ) ;
#1059 = ADVANCED_FACE ( 'NONE', ( #3031 ), #8242, .T. ) ;
#1060 = VECTOR ( 'NONE', #2246, 1000.000000000000000 ) ;
#1061 = PLANE ( 'NONE',  #2765 ) ;
#1062 = ORIENTED_EDGE ( 'NONE', *, *, #7173, .F. ) ;
#1063 = AXIS2_PLACEMENT_3D ( 'NONE', #6632, #4259, #1470 ) ;
#1064 = CARTESIAN_POINT ( 'NONE',  ( 124.9594733917879097, 133.7320102867271316, 152.0119863133037370 ) ) ;
#1065 = FACE_OUTER_BOUND ( 'NONE', #4143, .T. ) ;
#1066 = LINE ( 'NONE', #6961, #6424 ) ;
#1067 = EDGE_CURVE ( 'NONE', #8259, #6194, #964, .T. ) ;
#1068 = DIRECTION ( 'NONE',  ( 1.744174030142317572E-15, 0.8660254037844383745, -0.5000000000000003331 ) ) ;
#1069 = DIRECTION ( 'NONE',  ( -1.000000000000000000, 1.210939508638132030E-15, -1.277902559593765872E-15 ) ) ;
#1070 = CARTESIAN_POINT ( 'NONE',  ( -6.200000000000003730, -10.73871500692703940, -0.000000000000000000 ) ) ;
#1071 = VECTOR ( 'NONE', #3764, 999.9999999999998863 ) ;
#1072 = ORIENTED_EDGE ( 'NONE', *, *, #6224, .T. ) ;
#1073 = ORIENTED_EDGE ( 'NONE', *, *, #4148, .T. ) ;
#1074 = CARTESIAN_POINT ( 'NONE',  ( 117.8100015415119941, 176.4173717997314839, 180.9915374129770100 ) ) ;
#1075 = VERTEX_POINT ( 'NONE', #1721 ) ;
#1076 = VECTOR ( 'NONE', #1353, 1000.000000000000114 ) ;
#1077 = EDGE_CURVE ( 'NONE', #5531, #6823, #918, .T. ) ;
#1078 = CARTESIAN_POINT ( 'NONE',  ( 124.3594733917879012, 133.7320102867271316, 145.7766034060557558 ) ) ;
#1079 = DIRECTION ( 'NONE',  ( 1.000000000000000000, -1.184735462541918124E-15, -4.316747070439680032E-30 ) ) ;
#1080 = DIRECTION ( 'NONE',  ( -1.000000000000000000, 0.000000000000000000, 0.000000000000000000 ) ) ;
#1081 = ORIENTED_EDGE ( 'NONE', *, *, #3781, .T. ) ;
#1082 = AXIS2_PLACEMENT_3D ( 'NONE', #2058, #7958, #4041 ) ;
#1083 = ORIENTED_EDGE ( 'NONE', *, *, #229, .F. ) ;
#1084 = DIRECTION ( 'NONE',  ( -1.744174030142317769E-15, -0.8660254037844384856, 0.5000000000000002220 ) ) ;
#1085 = FACE_OUTER_BOUND ( 'NONE', #2859, .T. ) ;
#1086 = DIRECTION ( 'NONE',  ( -1.000000000000000000, 5.923677312708450714E-16, 5.923677312709610339E-16 ) ) ;
#1087 = ADVANCED_FACE ( 'NONE', ( #7527 ), #2300, .T. ) ;
#1088 = EDGE_CURVE ( 'NONE', #1692, #8768, #1581, .T. ) ;
#1089 = CARTESIAN_POINT ( 'NONE',  ( 105.8479001739020049, 173.4585906126179680, 175.1500717173234989 ) ) ;
#1090 =( NAMED_UNIT ( * ) PLANE_ANGLE_UNIT ( ) SI_UNIT ( $, .RADIAN. ) );
#1091 = LINE ( 'NONE', #2673, #9326 ) ;
#1092 = VECTOR ( 'NONE', #8381, 1000.000000000000000 ) ;
#1093 = CARTESIAN_POINT ( 'NONE',  ( 103.4479001739019992, 172.6583833419400094, 168.8506933095804925 ) ) ;
#1094 = EDGE_LOOP ( 'NONE', ( #664, #7115, #2046, #5161 ) ) ;
#1095 = VERTEX_POINT ( 'NONE', #8337 ) ;
#1096 = ORIENTED_EDGE ( 'NONE', *, *, #3280, .T. ) ;
#1097 = AXIS2_PLACEMENT_3D ( 'NONE', #9037, #1570, #9088 ) ;
#1098 = ORIENTED_EDGE ( 'NONE', *, *, #3323, .F. ) ;
#1099 = DIRECTION ( 'NONE',  ( -8.377344794755769935E-16, -0.7071067811865500152, -0.7071067811865450192 ) ) ;
#1100 = LINE ( 'NONE', #1055, #5915 ) ;
#1101 = EDGE_CURVE ( 'NONE', #2645, #5796, #7480, .T. ) ;
#1102 = ADVANCED_FACE ( 'NONE', ( #146 ), #7573, .F. ) ;
#1103 = DIRECTION ( 'NONE',  ( 1.000000000000000000, -1.210939508638132030E-15, 1.277902559593765872E-15 ) ) ;
#1104 = DIRECTION ( 'NONE',  ( -1.000000000000000000, 8.675024576658348292E-17, 2.094336198688859900E-16 ) ) ;
#1105 = DIRECTION ( 'NONE',  ( 0.000000000000000000, 3.379091138490570313E-15, -1.000000000000000000 ) ) ;
#1106 = VECTOR ( 'NONE', #5881, 1000.000000000000000 ) ;
#1107 = EDGE_CURVE ( 'NONE', #8927, #9122, #7622, .T. ) ;
#1108 = FACE_OUTER_BOUND ( 'NONE', #4894, .T. ) ;
#1109 = ORIENTED_EDGE ( 'NONE', *, *, #8831, .T. ) ;
#1110 = AXIS2_PLACEMENT_3D ( 'NONE', #3321, #6269, #9201 ) ;
#1111 = CARTESIAN_POINT ( 'NONE',  ( 117.4594733917879950, 149.9496176806353844, 181.0501160567390002 ) ) ;
#1112 = DIRECTION ( 'NONE',  ( -1.277493368627791998E-15, -1.000000000000000000, 1.919819404802661133E-15 ) ) ;
#1113 = DIRECTION ( 'NONE',  ( -1.184735462541920096E-15, -1.000000000000000000, -7.287275863554980679E-15 ) ) ;
#1114 = DIRECTION ( 'NONE',  ( 1.000000000000000000, -1.184735462541926012E-15, 1.332169591021886064E-15 ) ) ;
#1115 = DIRECTION ( 'NONE',  ( 0.8660254037844384856, 0.5000000000000002220, 0.000000000000000000 ) ) ;
#1116 = CARTESIAN_POINT ( 'NONE',  ( 104.1412005329670052, 112.3052431466699943, 177.1965626661460078 ) ) ;
#1117 = DIRECTION ( 'NONE',  ( -1.184735462541920096E-15, -1.000000000000000000, -7.287275863554980679E-15 ) ) ;
#1118 = ORIENTED_EDGE ( 'NONE', *, *, #4753, .T. ) ;
#1119 = ORIENTED_EDGE ( 'NONE', *, *, #7524, .F. ) ;
#1120 = EDGE_CURVE ( 'NONE', #1494, #9045, #6900, .T. ) ;
#1121 = DIRECTION ( 'NONE',  ( -4.660113001930844705E-16, 0.5000000000000003331, 0.8660254037844385966 ) ) ;
#1122 = EDGE_LOOP ( 'NONE', ( #2802, #8598, #1047, #2724 ) ) ;
#1123 = CARTESIAN_POINT ( 'NONE',  ( 23.60000000000000853, -13.62546635287518981, -0.000000000000000000 ) ) ;
#1124 = FACE_OUTER_BOUND ( 'NONE', #7153, .T. ) ;
#1125 = PLANE ( 'NONE',  #7389 ) ;
#1126 = AXIS2_PLACEMENT_3D ( 'NONE', #4826, #7827, #7922 ) ;
#1127 = VERTEX_POINT ( 'NONE', #5345 ) ;
#1128 = ORIENTED_EDGE ( 'NONE', *, *, #9514, .T. ) ;
#1129 = EDGE_CURVE ( 'NONE', #3968, #831, #3893, .T. ) ;
#1130 = DIRECTION ( 'NONE',  ( 4.685093906533304660E-16, 0.8660254037844383745, 0.5000000000000003331 ) ) ;
#1131 = AXIS2_PLACEMENT_3D ( 'NONE', #2648, #2694, #1204 ) ;
#1132 = CARTESIAN_POINT ( 'NONE',  ( 103.8479001739019907, 172.6583830282139900, 165.6113888862245176 ) ) ;
#1133 = DIRECTION ( 'NONE',  ( -1.000000000000000000, 1.210939508638132030E-15, -1.277902559593765872E-15 ) ) ;
#1134 = CARTESIAN_POINT ( 'NONE',  ( 124.3594733917879012, 133.9320102867271203, 145.6611333522178313 ) ) ;
#1135 = DIRECTION ( 'NONE',  ( 0.8660254037844387076, 0.4999999999999997780, 0.000000000000000000 ) ) ;
#1136 = DIRECTION ( 'NONE',  ( -4.685093906533325367E-16, -0.8660254037844391517, -0.4999999999999992228 ) ) ;
#1137 = EDGE_LOOP ( 'NONE', ( #6552, #519, #1166, #3574 ) ) ;
#1138 = EDGE_CURVE ( 'NONE', #8399, #8321, #480, .T. ) ;
#1139 = EDGE_LOOP ( 'NONE', ( #5740, #5776, #3156, #595 ) ) ;
#1140 = ORIENTED_EDGE ( 'NONE', *, *, #7929, .T. ) ;
#1141 = VECTOR ( 'NONE', #7901, 1000.000000000000000 ) ;
#1142 = ORIENTED_EDGE ( 'NONE', *, *, #5630, .F. ) ;
#1143 = EDGE_CURVE ( 'NONE', #2317, #1356, #6359, .T. ) ;
#1144 = ORIENTED_EDGE ( 'NONE', *, *, #7466, .T. ) ;
#1145 = DIRECTION ( 'NONE',  ( 1.184735462541918124E-15, 1.000000000000000000, 7.287275863554980679E-15 ) ) ;
#1146 = CARTESIAN_POINT ( 'NONE',  ( 12.40000000000000391, -1.418955567684714834E-15, 0.000000000000000000 ) ) ;
#1147 = FACE_OUTER_BOUND ( 'NONE', #9174, .T. ) ;
#1148 = CARTESIAN_POINT ( 'NONE',  ( 124.9594733917878955, 133.5320102867271146, 159.7484799204447086 ) ) ;
#1149 = CARTESIAN_POINT ( 'NONE',  ( 124.3594733917879012, 145.3320102867271260, 158.9401895435792369 ) ) ;
#1150 = CIRCLE ( 'NONE', #1912, 1.699999999999993072 ) ;
#1151 = CARTESIAN_POINT ( 'NONE',  ( 124.0592155665781888, 175.9707263605049832, 180.9535288534190158 ) ) ;
#1152 = EDGE_LOOP ( 'NONE', ( #628, #6574, #382, #969 ) ) ;
#1153 = VERTEX_POINT ( 'NONE', #525 ) ;
#1154 = EDGE_CURVE ( 'NONE', #1928, #1979, #7850, .T. ) ;
#1155 = EDGE_CURVE ( 'NONE', #797, #1995, #1100, .T. ) ;
#1156 = VECTOR ( 'NONE', #6467, 1000.000000000000000 ) ;
#1157 = PLANE ( 'NONE',  #8320 ) ;
#1158 = DIRECTION ( 'NONE',  ( -0.000000000000000000, -0.000000000000000000, -1.000000000000000000 ) ) ;
#1159 = ADVANCED_FACE ( 'NONE', ( #7041 ), #4033, .F. ) ;
#1160 = LINE ( 'NONE', #2744, #7352 ) ;
#1161 = LINE ( 'NONE', #5012, #1257 ) ;
#1162 = DIRECTION ( 'NONE',  ( -1.000000000000000000, 7.336552507412309173E-43, 3.171925933302295188E-29 ) ) ;
#1163 = CARTESIAN_POINT ( 'NONE',  ( 109.9594733917879950, 121.0221525309299864, 181.0501160567390002 ) ) ;
#1164 = CIRCLE ( 'NONE', #5937, 0.1999999999999953759 ) ;
#1165 = LINE ( 'NONE', #9120, #9242 ) ;
#1166 = ORIENTED_EDGE ( 'NONE', *, *, #5054, .T. ) ;
#1167 = ADVANCED_FACE ( 'NONE', ( #7666 ), #5442, .T. ) ;
#1168 = ORIENTED_EDGE ( 'NONE', *, *, #4917, .F. ) ;
#1169 = VECTOR ( 'NONE', #6441, 1000.000000000000000 ) ;
#1170 = DIRECTION ( 'NONE',  ( 1.744174030142317572E-15, 0.8660254037844384856, -0.5000000000000002220 ) ) ;
#1171 = ORIENTED_EDGE ( 'NONE', *, *, #1378, .T. ) ;
#1172 = LINE ( 'NONE', #3342, #1437 ) ;
#1173 = LINE ( 'NONE', #8453, #4390 ) ;
#1174 = EDGE_CURVE ( 'NONE', #3147, #5375, #3273, .T. ) ;
#1175 = DIRECTION ( 'NONE',  ( 4.087556092131263946E-16, 1.000000000000000000, 0.000000000000000000 ) ) ;
#1176 = VECTOR ( 'NONE', #1877, 999.9999999999998863 ) ;
#1177 = VERTEX_POINT ( 'NONE', #8382 ) ;
#1178 = ORIENTED_EDGE ( 'NONE', *, *, #1498, .T. ) ;
#1179 = DIRECTION ( 'NONE',  ( 1.822592753093455541E-22, 1.538396350304170384E-07, 0.9999999999999882316 ) ) ;
#1180 = AXIS2_PLACEMENT_3D ( 'NONE', #2367, #120, #72 ) ;
#1181 = CARTESIAN_POINT ( 'NONE',  ( 6.200000000000004619, 10.73871500692704117, 0.5999999999999999778 ) ) ;
#1182 = CARTESIAN_POINT ( 'NONE',  ( 30.40000000000002700, 0.000000000000000000, 0.5999999999999999778 ) ) ;
#1183 = CARTESIAN_POINT ( 'NONE',  ( 124.9594733917879950, 112.5587965372630066, 144.8001160567399950 ) ) ;
#1184 = CARTESIAN_POINT ( 'NONE',  ( 46.54052660821221110, 115.0501160567393271, -177.2587965372889016 ) ) ;
#1185 = CARTESIAN_POINT ( 'NONE',  ( 3.200000000000001954, 5.542562584220409150, 0.000000000000000000 ) ) ;
#1186 = ADVANCED_FACE ( 'NONE', ( #5635 ), #7463, .T. ) ;
#1187 = DIRECTION ( 'NONE',  ( 0.8660254037844385966, 0.5000000000000001110, 0.000000000000000000 ) ) ;
#1188 = ORIENTED_EDGE ( 'NONE', *, *, #5880, .T. ) ;
#1189 = VERTEX_POINT ( 'NONE', #1771 ) ;
#1190 = VERTEX_POINT ( 'NONE', #8566 ) ;
#1191 = AXIS2_PLACEMENT_3D ( 'NONE', #680, #7336, #6465 ) ;
#1192 = EDGE_LOOP ( 'NONE', ( #4428, #7554 ) ) ;
#1193 = FACE_OUTER_BOUND ( 'NONE', #4150, .T. ) ;
#1194 = LINE ( 'NONE', #2681, #6637 ) ;
#1195 = LINE ( 'NONE', #4758, #2520 ) ;
#1196 = CARTESIAN_POINT ( 'NONE',  ( 17.80000000000000782, -30.83050437472603633, -0.000000000000000000 ) ) ;
#1197 = DIRECTION ( 'NONE',  ( 0.000000000000000000, 1.000000000000000000, 9.251858538542962756E-15 ) ) ;
#1198 = FACE_OUTER_BOUND ( 'NONE', #6774, .T. ) ;
#1199 = VECTOR ( 'NONE', #1709, 999.9999999999998863 ) ;
#1200 = EDGE_CURVE ( 'NONE', #2607, #736, #6218, .T. ) ;
#1201 = CARTESIAN_POINT ( 'NONE',  ( -3.200000000000001066, -5.542562584220412703, 0.5999999999999999778 ) ) ;
#1202 = VERTEX_POINT ( 'NONE', #9149 ) ;
#1203 = CARTESIAN_POINT ( 'NONE',  ( 124.9594733917879950, 116.3244819622118058, 180.6501160567389945 ) ) ;
#1204 = DIRECTION ( 'NONE',  ( -1.000000000000000000, 1.184735462541918124E-15, 0.000000000000000000 ) ) ;
#1205 = DIRECTION ( 'NONE',  ( -1.000000000000000000, 1.184735462541918124E-15, 4.316747070439680032E-30 ) ) ;
#1206 = PLANE ( 'NONE',  #5415 ) ;
#1207 = DIRECTION ( 'NONE',  ( 4.029954656013085142E-29, -3.412068829982425420E-15, 1.000000000000000000 ) ) ;
#1208 = AXIS2_PLACEMENT_3D ( 'NONE', #6721, #8966, #20 ) ;
#1209 = ADVANCED_FACE ( 'NONE', ( #2639 ), #6994, .T. ) ;
#1210 = DIRECTION ( 'NONE',  ( 1.000000000000000000, -2.446987933301115256E-29, 1.702654782242905061E-22 ) ) ;
#1211 = ADVANCED_FACE ( 'NONE', ( #8477 ), #1908, .F. ) ;
#1212 = PLANE ( 'NONE',  #9398 ) ;
#1213 = ORIENTED_EDGE ( 'NONE', *, *, #1552, .T. ) ;
#1214 = ORIENTED_EDGE ( 'NONE', *, *, #8754, .T. ) ;
#1215 = AXIS2_PLACEMENT_3D ( 'NONE', #2041, #7987, #9479 ) ;
#1216 = ORIENTED_EDGE ( 'NONE', *, *, #3279, .T. ) ;
#1217 = DIRECTION ( 'NONE',  ( 5.007715329123860808E-16, -1.000000000000000000, 0.000000000000000000 ) ) ;
#1218 = ORIENTED_EDGE ( 'NONE', *, *, #1961, .T. ) ;
#1219 = CARTESIAN_POINT ( 'NONE',  ( 124.3594733917878727, 115.1320102867271231, 149.1252349673555671 ) ) ;
#1220 = EDGE_CURVE ( 'NONE', #8927, #3585, #7806, .T. ) ;
#1221 = CARTESIAN_POINT ( 'NONE',  ( 124.3594733917878870, 121.1320102867271231, 152.5893365824933596 ) ) ;
#1222 = VECTOR ( 'NONE', #7647, 1000.000000000000000 ) ;
#1223 = DIRECTION ( 'NONE',  ( 1.000000000000000000, 1.723050136371079932E-14, 0.000000000000000000 ) ) ;
#1224 = ORIENTED_EDGE ( 'NONE', *, *, #2904, .T. ) ;
#1225 = ORIENTED_EDGE ( 'NONE', *, *, #4333, .T. ) ;
#1226 = VECTOR ( 'NONE', #1259, 1000.000000000000000 ) ;
#1227 = CARTESIAN_POINT ( 'NONE',  ( 97.51665896446229453, 177.0587965372889983, 130.2501160567393867 ) ) ;
#1228 = FACE_OUTER_BOUND ( 'NONE', #1529, .T. ) ;
#1229 = DIRECTION ( 'NONE',  ( -0.7071067811865578978, 0.7071067811865299202, 1.016225935541950645E-07 ) ) ;
#1230 = DIRECTION ( 'NONE',  ( -1.000000000000000000, 5.923677312709590618E-16, 1.748456791613110313E-30 ) ) ;
#1231 =( NAMED_UNIT ( * ) SI_UNIT ( $, .STERADIAN. ) SOLID_ANGLE_UNIT ( ) );
#1232 = PLANE ( 'NONE',  #2081 ) ;
#1233 = LINE ( 'NONE', #376, #1367 ) ;
#1234 = ORIENTED_EDGE ( 'NONE', *, *, #8347, .T. ) ;
#1235 = VERTEX_POINT ( 'NONE', #1814 ) ;
#1236 = VECTOR ( 'NONE', #8527, 1000.000000000000000 ) ;
#1237 = ORIENTED_EDGE ( 'NONE', *, *, #784, .T. ) ;
#1238 = VERTEX_POINT ( 'NONE', #4852 ) ;
#1239 = EDGE_CURVE ( 'NONE', #2103, #4967, #1195, .T. ) ;
#1240 = DIRECTION ( 'NONE',  ( 1.000000000000000000, -1.165921558532966158E-15, 1.481065031799925716E-16 ) ) ;
#1241 = VECTOR ( 'NONE', #7182, 1000.000000000000114 ) ;
#1242 = LINE ( 'NONE', #8518, #9093 ) ;
#1243 = CARTESIAN_POINT ( 'NONE',  ( 124.0592155665769951, 121.6221525309288012, 181.0501160567390002 ) ) ;
#1244 = DIRECTION ( 'NONE',  ( 1.000000000000000000, -1.184735462541926012E-15, 1.332169591021886064E-15 ) ) ;
#1245 = FACE_OUTER_BOUND ( 'NONE', #9516, .T. ) ;
#1246 = DIRECTION ( 'NONE',  ( 0.000000000000000000, -1.000000000000000000, -1.181088324069320141E-14 ) ) ;
#1247 = VERTEX_POINT ( 'NONE', #4120 ) ;
#1248 = PLANE ( 'NONE',  #1391 ) ;
#1249 = ORIENTED_EDGE ( 'NONE', *, *, #3159, .T. ) ;
#1250 = VECTOR ( 'NONE', #7311, 1000.000000000000000 ) ;
#1251 = EDGE_CURVE ( 'NONE', #6824, #3183, #7086, .T. ) ;
#1252 = CARTESIAN_POINT ( 'NONE',  ( 11.80000000000000249, -6.581793068761736087, 0.000000000000000000 ) ) ;
#1253 = DIRECTION ( 'NONE',  ( -4.685093906533313534E-16, -0.8660254037844387076, -0.4999999999999997780 ) ) ;
#1254 = DIRECTION ( 'NONE',  ( 1.184735462541920096E-15, 1.000000000000000000, 3.379091138490570313E-15 ) ) ;
#1255 = CARTESIAN_POINT ( 'NONE',  ( 113.0910641405250061, 121.0221525309297874, 181.0501160567390002 ) ) ;
#1256 = DIRECTION ( 'NONE',  ( -0.8660254037844387076, -0.4999999999999999445, 0.000000000000000000 ) ) ;
#1257 = VECTOR ( 'NONE', #6466, 1000.000000000000000 ) ;
#1258 = PLANE ( 'NONE',  #3237 ) ;
#1259 = DIRECTION ( 'NONE',  ( 1.000000000000000000, -1.210939508638132030E-15, 1.277902559593765872E-15 ) ) ;
#1260 = ADVANCED_FACE ( 'NONE', ( #7713 ), #4803, .F. ) ;
#1261 = ORIENTED_EDGE ( 'NONE', *, *, #5512, .F. ) ;
#1262 = ORIENTED_EDGE ( 'NONE', *, *, #350, .T. ) ;
#1263 = ORIENTED_EDGE ( 'NONE', *, *, #3804, .F. ) ;
#1264 = EDGE_CURVE ( 'NONE', #7471, #6317, #573, .T. ) ;
#1265 = PLANE ( 'NONE',  #57 ) ;
#1266 = EDGE_LOOP ( 'NONE', ( #7719, #2116, #710, #734 ) ) ;
#1267 = CARTESIAN_POINT ( 'NONE',  ( 124.9594733917879381, 151.9320102867271487, 145.4301932445419823 ) ) ;
#1268 = DIRECTION ( 'NONE',  ( 0.4999999999999998335, -0.8660254037844388186, 0.000000000000000000 ) ) ;
#1269 = PLANE ( 'NONE',  #6154 ) ;
#1270 = ORIENTED_EDGE ( 'NONE', *, *, #3683, .F. ) ;
#1271 = ORIENTED_EDGE ( 'NONE', *, *, #1752, .F. ) ;
#1272 = EDGE_CURVE ( 'NONE', #4496, #7354, #9487, .T. ) ;
#1273 = ADVANCED_FACE ( 'NONE', ( #2879 ), #3637, .T. ) ;
#1274 = CARTESIAN_POINT ( 'NONE',  ( 11.60000000000000497, -7.621023553303062137, 0.000000000000000000 ) ) ;
#1275 = DIRECTION ( 'NONE',  ( 1.744174030142317374E-15, 0.8660254037844387076, -0.4999999999999998890 ) ) ;
#1276 = PLANE ( 'NONE',  #4367 ) ;
#1277 = EDGE_CURVE ( 'NONE', #1153, #2645, #1289, .T. ) ;
#1278 = LINE ( 'NONE', #4987, #2268 ) ;
#1279 = DIRECTION ( 'NONE',  ( -1.000000000000000000, 9.029047556035839750E-16, -1.570000712152659950E-15 ) ) ;
#1280 = AXIS2_PLACEMENT_3D ( 'NONE', #2000, #1287, #7181 ) ;
#1281 = CARTESIAN_POINT ( 'NONE',  ( 121.7594733917879921, 175.1585906126184966, 134.3001160632313997 ) ) ;
#1282 = VERTEX_POINT ( 'NONE', #6546 ) ;
#1283 = ORIENTED_EDGE ( 'NONE', *, *, #2004, .F. ) ;
#1284 = ORIENTED_EDGE ( 'NONE', *, *, #8394, .T. ) ;
#1285 = VERTEX_POINT ( 'NONE', #5048 ) ;
#1286 = CONICAL_SURFACE ( 'NONE', #3131, 0.3000000000000028755, 0.7853981633975594123 ) ;
#1287 = DIRECTION ( 'NONE',  ( -1.000000000000000000, 2.446987933301115256E-29, -1.702654782242905061E-22 ) ) ;
#1288 = DIRECTION ( 'NONE',  ( -1.744174030142316585E-15, -0.8660254037844392627, 0.4999999999999986677 ) ) ;
#1289 = LINE ( 'NONE', #4407, #2838 ) ;
#1290 = CARTESIAN_POINT ( 'NONE',  ( 17.60000000000001563, -24.47965141364013775, 0.000000000000000000 ) ) ;
#1291 = LINE ( 'NONE', #3364, #6355 ) ;
#1292 = PLANE ( 'NONE',  #5315 ) ;
#1293 = ORIENTED_EDGE ( 'NONE', *, *, #4834, .F. ) ;
#1294 = AXIS2_PLACEMENT_3D ( 'NONE', #5492, #3453, #6403 ) ;
#1295 = DIRECTION ( 'NONE',  ( -1.000000000000000000, 1.184735462541918124E-15, 4.316747070439680032E-30 ) ) ;
#1296 = EDGE_CURVE ( 'NONE', #8513, #3099, #6451, .T. ) ;
#1297 = EDGE_LOOP ( 'NONE', ( #311, #6719, #9033, #5620 ) ) ;
#1298 = VECTOR ( 'NONE', #4589, 1000.000000000000000 ) ;
#1299 = FACE_OUTER_BOUND ( 'NONE', #4975, .T. ) ;
#1300 = CARTESIAN_POINT ( 'NONE',  ( 124.3594733917879012, 145.7320102867271316, 166.5612130968823124 ) ) ;
#1301 = VECTOR ( 'NONE', #7499, 1000.000000000000000 ) ;
#1302 = DIRECTION ( 'NONE',  ( -0.4999999999999987232, 0.8660254037844394848, 0.000000000000000000 ) ) ;
#1303 = DIRECTION ( 'NONE',  ( 0.000000000000000000, 1.000000000000000000, -2.312964634635783603E-14 ) ) ;
#1304 = PLANE ( 'NONE',  #7377 ) ;
#1305 = CARTESIAN_POINT ( 'NONE',  ( 120.5093756343809872, 177.9084800344139978, 166.2668946578924931 ) ) ;
#1306 = EDGE_CURVE ( 'NONE', #593, #1762, #8761, .T. ) ;
#1307 = EDGE_LOOP ( 'NONE', ( #6531, #5861, #3172, #3038 ) ) ;
#1308 = AXIS2_PLACEMENT_3D ( 'NONE', #3750, #7338, #7435 ) ;
#1309 = VERTEX_POINT ( 'NONE', #7950 ) ;
#1310 = ORIENTED_EDGE ( 'NONE', *, *, #6703, .F. ) ;
#1311 = LINE ( 'NONE', #408, #4970 ) ;
#1312 = VERTEX_POINT ( 'NONE', #2142 ) ;
#1313 = AXIS2_PLACEMENT_3D ( 'NONE', #7374, #6645, #46 ) ;
#1314 = CARTESIAN_POINT ( 'NONE',  ( 121.7594733917879921, 175.1585906126184966, 176.8500716728244981 ) ) ;
#1315 = LINE ( 'NONE', #5660, #5488 ) ;
#1316 = PLANE ( 'NONE',  #8612 ) ;
#1317 = EDGE_CURVE ( 'NONE', #3077, #6897, #5867, .T. ) ;
#1318 = ORIENTED_EDGE ( 'NONE', *, *, #724, .F. ) ;
#1319 = VECTOR ( 'NONE', #1279, 1000.000000000000000 ) ;
#1320 = ORIENTED_EDGE ( 'NONE', *, *, #3227, .T. ) ;
#1321 = CARTESIAN_POINT ( 'NONE',  ( 124.9594733917878955, 121.3320102867271117, 145.0837830830282087 ) ) ;
#1322 = CARTESIAN_POINT ( 'NONE',  ( 124.9594733917879097, 133.1320102867271373, 145.4301932445419823 ) ) ;
#1323 = FACE_OUTER_BOUND ( 'NONE', #9064, .T. ) ;
#1324 = CARTESIAN_POINT ( 'NONE',  ( 6.400000000000002132, 2.771281292110203243, 0.5999999999999999778 ) ) ;
#1325 = ITEM_DEFINED_TRANSFORMATION ( 'NONE', 'NONE', #2191,  #7128 ) ;
#1326 = DIRECTION ( 'NONE',  ( -4.316747070439680032E-30, -7.287275863554980679E-15, 1.000000000000000000 ) ) ;
#1327 = VECTOR ( 'NONE', #6884, 1000.000000000000000 ) ;
#1328 = FACE_BOUND ( 'NONE', #6068, .T. ) ;
#1329 = EDGE_CURVE ( 'NONE', #8105, #7845, #3596, .T. ) ;
#1330 = EDGE_CURVE ( 'NONE', #2993, #7883, #4219, .T. ) ;
#1331 = VERTEX_POINT ( 'NONE', #7371 ) ;
#1332 = VERTEX_POINT ( 'NONE', #8086 ) ;
#1333 = EDGE_CURVE ( 'NONE', #4461, #2764, #1337, .T. ) ;
#1334 = ORIENTED_EDGE ( 'NONE', *, *, #5169, .F. ) ;
#1335 = STYLED_ITEM ( 'NONE', ( #8835 ), #4015 ) ;
#1336 = DIRECTION ( 'NONE',  ( 0.000000000000000000, 1.000000000000000000, 9.251858538542962756E-15 ) ) ;
#1337 = LINE ( 'NONE', #2195, #3145 ) ;
#1338 = DIRECTION ( 'NONE',  ( 4.029954656013085142E-29, -3.412068829982425420E-15, 1.000000000000000000 ) ) ;
#1339 = DIRECTION ( 'NONE',  ( -0.000000000000000000, -1.000000000000000000, 0.000000000000000000 ) ) ;
#1340 = CARTESIAN_POINT ( 'NONE',  ( 109.9594733917879950, 112.6587965372632141, 130.5501160567390002 ) ) ;
#1341 = EDGE_CURVE ( 'NONE', #5219, #7237, #5095, .T. ) ;
#1342 = ORIENTED_EDGE ( 'NONE', *, *, #8988, .T. ) ;
#1343 = AXIS2_PLACEMENT_3D ( 'NONE', #4359, #1385, #9346 ) ;
#1344 = CARTESIAN_POINT ( 'NONE',  ( 18.40000000000000213, 3.695041722813605656, 0.5999999999999999778 ) ) ;
#1345 = ORIENTED_EDGE ( 'NONE', *, *, #7139, .T. ) ;
#1346 = AXIS2_PLACEMENT_3D ( 'NONE', #5084, #4207, #9432 ) ;
#1347 = CARTESIAN_POINT ( 'NONE',  ( 0.1999999999999971245, -6.581793068761736087, 0.5999999999999999778 ) ) ;
#1348 = LINE ( 'NONE', #1395, #9302 ) ;
#1349 = CARTESIAN_POINT ( 'NONE',  ( 11.80000000000000249, -7.274613391789286787, 0.000000000000000000 ) ) ;
#1350 = FACE_OUTER_BOUND ( 'NONE', #2535, .T. ) ;
#1351 = LINE ( 'NONE', #3603, #83 ) ;
#1352 = DIRECTION ( 'NONE',  ( -1.275664639488986613E-15, -8.326672684688515048E-17, 1.000000000000000000 ) ) ;
#1353 = DIRECTION ( 'NONE',  ( -0.8660254037844393737, -0.4999999999999986677, 0.000000000000000000 ) ) ;
#1354 = ORIENTED_EDGE ( 'NONE', *, *, #6338, .T. ) ;
#1355 = EDGE_LOOP ( 'NONE', ( #6568, #270, #3338, #2981 ) ) ;
#1356 = VERTEX_POINT ( 'NONE', #1478 ) ;
#1357 = FACE_BOUND ( 'NONE', #94, .T. ) ;
#1358 = EDGE_CURVE ( 'NONE', #8152, #8399, #7278, .T. ) ;
#1359 = ORIENTED_EDGE ( 'NONE', *, *, #249, .F. ) ;
#1360 = DIRECTION ( 'NONE',  ( 4.660113001930875273E-16, -0.4999999999999987232, -0.8660254037844393737 ) ) ;
#1361 = FACE_OUTER_BOUND ( 'NONE', #613, .T. ) ;
#1362 = DIRECTION ( 'NONE',  ( -1.000000000000000000, -1.850371707708592551E-14, 0.000000000000000000 ) ) ;
#1363 = VECTOR ( 'NONE', #9421, 1000.000000000000000 ) ;
#1364 = ORIENTED_EDGE ( 'NONE', *, *, #8287, .F. ) ;
#1365 = VERTEX_POINT ( 'NONE', #9394 ) ;
#1366 = ADVANCED_FACE ( 'NONE', ( #1428 ), #2782, .T. ) ;
#1368 = DIRECTION ( 'NONE',  ( 0.000000000000000000, 1.000000000000000000, 0.000000000000000000 ) ) ;
#1367 = VECTOR ( 'NONE', #3310, 1000.000000000000000 ) ;
#1369 = LINE ( 'NONE', #8789, #1250 ) ;
#1370 = CARTESIAN_POINT ( 'NONE',  ( 114.8457325640329998, 121.4221525309298073, 180.6501160567389945 ) ) ;
#1371 = CARTESIAN_POINT ( 'NONE',  ( 121.9594733917879950, 170.9867491937569923, 134.3001160632323945 ) ) ;
#1372 = ITEM_DEFINED_TRANSFORMATION ( 'NONE', 'NONE', #5587,  #7128 ) ;
#1373 = CARTESIAN_POINT ( 'NONE',  ( 114.5394020453759936, 121.2431335606577960, 180.8291350270100111 ) ) ;
#1374 = PLANE ( 'NONE',  #4754 ) ;
#1375 = ORIENTED_EDGE ( 'NONE', *, *, #7116, .T. ) ;
#1376 = EDGE_LOOP ( 'NONE', ( #2727, #4942, #1380, #9377, #5821 ) ) ;
#1377 = VERTEX_POINT ( 'NONE', #717 ) ;
#1378 = EDGE_CURVE ( 'NONE', #4496, #2103, #8525, .T. ) ;
#1379 = AXIS2_PLACEMENT_3D ( 'NONE', #7112, #7881, #1362 ) ;
#1380 = ORIENTED_EDGE ( 'NONE', *, *, #8308, .T. ) ;
#1381 = EDGE_CURVE ( 'NONE', #4821, #3404, #2731, .T. ) ;
#1382 = EDGE_CURVE ( 'NONE', #5134, #8880, #5733, .T. ) ;
#1383 = PLANE ( 'NONE',  #4932 ) ;
#1384 = CARTESIAN_POINT ( 'NONE',  ( -5.800000000000002487, 3.810511776651531068, 0.5999999999999999778 ) ) ;
#1385 = DIRECTION ( 'NONE',  ( -8.092255008292050625E-31, -4.326681131221240423E-15, 1.000000000000000000 ) ) ;
#1386 = DIRECTION ( 'NONE',  ( -1.000000000000000000, 1.184735462541918124E-15, 4.316747070439680032E-30 ) ) ;
#1387 = LINE ( 'NONE', #3593, #2074 ) ;
#1388 = CIRCLE ( 'NONE', #6943, 1.600000000000023848 ) ;
#1389 = ORIENTED_EDGE ( 'NONE', *, *, #3890, .F. ) ;
#1390 = EDGE_LOOP ( 'NONE', ( #2571, #7495, #5185, #4434 ) ) ;
#1391 = AXIS2_PLACEMENT_3D ( 'NONE', #2644, #5739, #6410 ) ;
#1392 = EDGE_CURVE ( 'NONE', #866, #7507, #8616, .T. ) ;
#1393 = EDGE_CURVE ( 'NONE', #2873, #7441, #6838, .T. ) ;
#1394 = PLANE ( 'NONE',  #4309 ) ;
#1395 = CARTESIAN_POINT ( 'NONE',  ( 124.9594733917879097, 139.7320102867271316, 156.1689082514690483 ) ) ;
#1396 =( LENGTH_UNIT ( ) NAMED_UNIT ( * ) SI_UNIT ( .MILLI., .METRE. ) );
#1397 = CARTESIAN_POINT ( 'NONE',  ( 109.9594733917879950, 162.2587965372890153, 130.0501160567393981 ) ) ;
#1398 = CYLINDRICAL_SURFACE ( 'NONE', #5311, 1.199999999999996403 ) ;
#1399 = ADVANCED_FACE ( 'NONE', ( #3830 ), #906, .F. ) ;
#1400 = DIRECTION ( 'NONE',  ( -0.5000000000000001110, -0.8660254037844385966, 0.000000000000000000 ) ) ;
#1401 = ORIENTED_EDGE ( 'NONE', *, *, #4165, .F. ) ;
#1402 = EDGE_LOOP ( 'NONE', ( #2836, #7979, #2067, #2884 ) ) ;
#1403 = ORIENTED_EDGE ( 'NONE', *, *, #7523, .F. ) ;
#1404 = ORIENTED_EDGE ( 'NONE', *, *, #217, .T. ) ;
#1405 = VECTOR ( 'NONE', #4500, 1000.000000000000000 ) ;
#1406 = FACE_BOUND ( 'NONE', #4558, .T. ) ;
#1407 = ORIENTED_EDGE ( 'NONE', *, *, #6867, .T. ) ;
#1408 = FACE_OUTER_BOUND ( 'NONE', #1576, .T. ) ;
#1409 = DIRECTION ( 'NONE',  ( -1.000000000000000000, 1.184735462541918124E-15, 4.316747070439680032E-30 ) ) ;
#1410 = CARTESIAN_POINT ( 'NONE',  ( 119.1594733917879978, 149.9496176806353844, 167.0501160567390002 ) ) ;
#1411 = AXIS2_PLACEMENT_3D ( 'NONE', #3033, #6605, #2302 ) ;
#1412 = EDGE_CURVE ( 'NONE', #3245, #3289, #7514, .T. ) ;
#1413 = VERTEX_POINT ( 'NONE', #952 ) ;
#1414 = ORIENTED_EDGE ( 'NONE', *, *, #2740, .T. ) ;
#1415 = MECHANICAL_DESIGN_GEOMETRIC_PRESENTATION_REPRESENTATION (  '', ( #8501 ), #6822 ) ;
#1416 = DIRECTION ( 'NONE',  ( 0.000000000000000000, 1.000000000000000000, 0.000000000000000000 ) ) ;
#1417 = FACE_OUTER_BOUND ( 'NONE', #5899, .T. ) ;
#1418 = DIRECTION ( 'NONE',  ( 0.000000000000000000, 0.000000000000000000, -1.000000000000000000 ) ) ;
#1419 = LINE ( 'NONE', #6583, #7976 ) ;
#1420 = DIRECTION ( 'NONE',  ( 1.000000000000000000, -1.210939508638132030E-15, 1.277902559593765872E-15 ) ) ;
#1421 = CARTESIAN_POINT ( 'NONE',  ( 104.2479001739019964, 148.9894768488581747, 130.6501160567391935 ) ) ;
#1422 = EDGE_LOOP ( 'NONE', ( #5198, #6868, #4211, #8423 ) ) ;
#1423 = ORIENTED_EDGE ( 'NONE', *, *, #2652, .F. ) ;
#1424 = ADVANCED_FACE ( 'NONE', ( #6642 ), #8848, .F. ) ;
#1425 = VERTEX_POINT ( 'NONE', #2335 ) ;
#1426 = EDGE_LOOP ( 'NONE', ( #107, #8016, #1403, #3676 ) ) ;
#1427 = PLANE ( 'NONE',  #3247 ) ;
#1428 = FACE_OUTER_BOUND ( 'NONE', #6892, .T. ) ;
#1429 = LINE ( 'NONE', #4269, #3806 ) ;
#1430 = DIRECTION ( 'NONE',  ( -1.332169591021886064E-15, 0.000000000000000000, 1.000000000000000000 ) ) ;
#1431 = CARTESIAN_POINT ( 'NONE',  ( 109.9594733917879950, 112.3052431466699943, 177.1965626661460078 ) ) ;
#1432 = ORIENTED_EDGE ( 'NONE', *, *, #3270, .T. ) ;
#1433 = VERTEX_POINT ( 'NONE', #6059 ) ;
#1434 = EDGE_CURVE ( 'NONE', #690, #7140, #3164, .T. ) ;
#1435 = ORIENTED_EDGE ( 'NONE', *, *, #6802, .T. ) ;
#1436 = VECTOR ( 'NONE', #4725, 1000.000000000000000 ) ;
#1437 = VECTOR ( 'NONE', #7065, 1000.000000000000114 ) ;
#1438 = PLANE ( 'NONE',  #7860 ) ;
#1439 = CARTESIAN_POINT ( 'NONE',  ( -0.1999999999999986511, 0.3464101615137730183, 0.5999999999999999778 ) ) ;
#1440 = CARTESIAN_POINT ( 'NONE',  ( 124.9594733917878813, 121.7320102867271174, 152.0119863133037370 ) ) ;
#1441 = DIRECTION ( 'NONE',  ( -1.000000000000000000, -1.181088324069313042E-14, 0.000000000000000000 ) ) ;
#1442 = DIRECTION ( 'NONE',  ( 6.536849690425969867E-16, -1.000000000000000000, 0.000000000000000000 ) ) ;
#1443 = AXIS2_PLACEMENT_3D ( 'NONE', #2924, #620, #3685 ) ;
#1444 = CARTESIAN_POINT ( 'NONE',  ( 12.20000000000000462, -6.581793068761736087, 0.000000000000000000 ) ) ;
#1445 = ADVANCED_FACE ( 'NONE', ( #8277 ), #9038, .F. ) ;
#1447 = EDGE_CURVE ( 'NONE', #1718, #3074, #6690, .T. ) ;
#1446 = ORIENTED_EDGE ( 'NONE', *, *, #288, .T. ) ;
#1448 = ORIENTED_EDGE ( 'NONE', *, *, #5889, .F. ) ;
#1449 = VECTOR ( 'NONE', #4600, 1000.000000000000000 ) ;
#1450 = EDGE_LOOP ( 'NONE', ( #6623, #1262, #7252, #8623 ) ) ;
#1451 = ADVANCED_FACE ( 'NONE', ( #6789 ), #3114, .F. ) ;
#1452 = DIRECTION ( 'NONE',  ( -1.743504668820874595E-15, -0.5000000000000001110, 0.8660254037844385966 ) ) ;
#1453 = ORIENTED_EDGE ( 'NONE', *, *, #441, .T. ) ;
#1454 = CARTESIAN_POINT ( 'NONE',  ( 109.9594733917879950, 112.1587965372632141, 130.5501160567390002 ) ) ;
#1455 = CARTESIAN_POINT ( 'NONE',  ( 17.60000000000000142, -3.233161507461904893, -0.000000000000000000 ) ) ;
#1456 = AXIS2_PLACEMENT_3D ( 'NONE', #2255, #2846, #6606 ) ;
#1457 = FACE_OUTER_BOUND ( 'NONE', #8473, .T. ) ;
#1458 = ADVANCED_FACE ( 'NONE', ( #8228 ), #4993, .F. ) ;
#1459 = ORIENTED_EDGE ( 'NONE', *, *, #6904, .T. ) ;
#1460 = ORIENTED_EDGE ( 'NONE', *, *, #9343, .T. ) ;
#1461 = AXIS2_PLACEMENT_3D ( 'NONE', #6270, #7135, #6408 ) ;
#1462 = CARTESIAN_POINT ( 'NONE',  ( 17.80000000000000782, -30.83050437472603633, 0.5999999999999999778 ) ) ;
#1464 = EDGE_CURVE ( 'NONE', #8092, #3312, #132, .T. ) ;
#1463 = CYLINDRICAL_SURFACE ( 'NONE', #7654, 0.1999999999999964861 ) ;
#1465 = LINE ( 'NONE', #8442, #6640 ) ;
#1466 = LINE ( 'NONE', #5269, #1298 ) ;
#1467 = PRODUCT_RELATED_PRODUCT_CATEGORY ( 'part', '', ( #6011 ) ) ;
#1468 = CARTESIAN_POINT ( 'NONE',  ( 124.3594733917879012, 150.7320102867271316, 162.7507013202307746 ) ) ;
#1469 = FACE_OUTER_BOUND ( 'NONE', #2199, .T. ) ;
#1470 = DIRECTION ( 'NONE',  ( 1.000000000000000000, 0.000000000000000000, -0.000000000000000000 ) ) ;
#1471 = VERTEX_POINT ( 'NONE', #3068 ) ;
#1472 = ORIENTED_EDGE ( 'NONE', *, *, #8526, .T. ) ;
#1473 = VECTOR ( 'NONE', #2147, 1000.000000000000114 ) ;
#1474 = ORIENTED_EDGE ( 'NONE', *, *, #1727, .F. ) ;
#1475 = EDGE_LOOP ( 'NONE', ( #5897, #5254, #5674, #2237 ) ) ;
#1476 = VECTOR ( 'NONE', #1944, 1000.000000000000000 ) ;
#1477 = CARTESIAN_POINT ( 'NONE',  ( 12.40000000000000391, -0.2309401076758522964, 0.5999999999999999778 ) ) ;
#1478 = CARTESIAN_POINT ( 'NONE',  ( 17.60000000000000142, 2.771281292110203687, 0.5999999999999999778 ) ) ;
#1479 = SHAPE_REPRESENTATION ( 'Copie de Small Pattern^Main Body Side B_Mini BT Frame - Skirts', ( #7128 ), #7436 ) ;
#1480 = EDGE_CURVE ( 'NONE', #8880, #61, #2381, .T. ) ;
#1481 = FACE_BOUND ( 'NONE', #4353, .T. ) ;
#1482 = CARTESIAN_POINT ( 'NONE',  ( 121.5594733917879893, 173.4585906126184796, 136.0001160632313884 ) ) ;
#1483 = PLANE ( 'NONE',  #1313 ) ;
#1484 = VERTEX_POINT ( 'NONE', #1614 ) ;
#1485 = VERTEX_POINT ( 'NONE', #1571 ) ;
#1486 = DIRECTION ( 'NONE',  ( 0.000000000000000000, 1.000000000000000000, 0.000000000000000000 ) ) ;
#1487 = CARTESIAN_POINT ( 'NONE',  ( 118.9594733917879807, 144.9496176806353844, 130.0501160567391992 ) ) ;
#1488 = EDGE_CURVE ( 'NONE', #8317, #428, #2432, .T. ) ;
#1489 = CARTESIAN_POINT ( 'NONE',  ( 124.9594733917878955, 133.1320102867271373, 151.6655761517899350 ) ) ;
#1490 = DIRECTION ( 'NONE',  ( 0.4999999999999998335, 0.8660254037844387076, -0.000000000000000000 ) ) ;
#1491 = DIRECTION ( 'NONE',  ( -0.4999999999999998890, -0.8660254037844387076, 0.000000000000000000 ) ) ;
#1492 = VECTOR ( 'NONE', #5646, 1000.000000000000000 ) ;
#1493 = DIRECTION ( 'NONE',  ( 0.8660254037844381525, -0.5000000000000008882, 0.000000000000000000 ) ) ;
#1494 = VERTEX_POINT ( 'NONE', #5380 ) ;
#1495 = AXIS2_PLACEMENT_3D ( 'NONE', #1538, #7623, #7482 ) ;
#1496 = ORIENTED_EDGE ( 'NONE', *, *, #6338, .F. ) ;
#1497 = FACE_OUTER_BOUND ( 'NONE', #5625, .T. ) ;
#1498 = EDGE_CURVE ( 'NONE', #1309, #205, #7465, .T. ) ;
#1499 = ORIENTED_EDGE ( 'NONE', *, *, #4625, .F. ) ;
#1500 = EDGE_CURVE ( 'NONE', #2437, #291, #5917, .T. ) ;
#1501 = PRODUCT_DEFINITION_CONTEXT ( 'detailed design', #4510, 'design' ) ;
#1502 = CARTESIAN_POINT ( 'NONE',  ( 5.600000000000001421, -3.233161507461903561, 0.000000000000000000 ) ) ;
#1503 = FACE_OUTER_BOUND ( 'NONE', #8234, .T. ) ;
#1504 = VECTOR ( 'NONE', #6983, 1000.000000000000000 ) ;
#1505 = DIRECTION ( 'NONE',  ( -1.000000000000000000, 1.210939508638132030E-15, -1.277902559593765872E-15 ) ) ;
#1506 = EDGE_LOOP ( 'NONE', ( #15, #7923, #957, #8069 ) ) ;
#1507 = EDGE_LOOP ( 'NONE', ( #3012, #6242, #6877, #9181 ) ) ;
#1508 = CARTESIAN_POINT ( 'NONE',  ( 124.3594733917879154, 139.5320102867271146, 149.3561750750314445 ) ) ;
#1509 = ADVANCED_FACE ( 'NONE', ( #8324 ), #994, .F. ) ;
#1510 = CARTESIAN_POINT ( 'NONE',  ( 12.00000000000000355, 7.390083445627212200, 0.000000000000000000 ) ) ;
#1511 = CARTESIAN_POINT ( 'NONE',  ( 124.9594733917879950, 173.4585906126184796, 136.0001160632323831 ) ) ;
#1512 = LINE ( 'NONE', #2370, #238 ) ;
#1513 = CARTESIAN_POINT ( 'NONE',  ( 124.9594733917879097, 127.9320102867271203, 142.6589119524317653 ) ) ;
#1514 = DIRECTION ( 'NONE',  ( 0.000000000000000000, -0.1260168930201893966, -0.9920280957077467487 ) ) ;
#1515 = VECTOR ( 'NONE', #5650, 1000.000000000000000 ) ;
#1516 = FACE_OUTER_BOUND ( 'NONE', #6608, .T. ) ;
#1517 = VERTEX_POINT ( 'NONE', #1708 ) ;
#1518 = ORIENTED_EDGE ( 'NONE', *, *, #7980, .F. ) ;
#1519 = ORIENTED_EDGE ( 'NONE', *, *, #7552, .T. ) ;
#1520 = ORIENTED_EDGE ( 'NONE', *, *, #8405, .T. ) ;
#1521 = VECTOR ( 'NONE', #2385, 999.9999999999998863 ) ;
#1522 = DIRECTION ( 'NONE',  ( -1.000000000000000000, 2.803871407298020192E-29, 1.822593198525094951E-22 ) ) ;
#1523 = CARTESIAN_POINT ( 'NONE',  ( 29.20000000000002416, -17.32050807568879236, 0.5999999999999999778 ) ) ;
#1524 = DIRECTION ( 'NONE',  ( 0.000000000000000000, 0.000000000000000000, 1.000000000000000000 ) ) ;
#1525 = DIRECTION ( 'NONE',  ( -0.8660254037844385966, -0.4999999999999998890, 0.000000000000000000 ) ) ;
#1526 = DIRECTION ( 'NONE',  ( -1.743504668820874398E-15, -0.5000000000000003331, 0.8660254037844385966 ) ) ;
#1527 = LINE ( 'NONE', #7426, #8454 ) ;
#1528 = ORIENTED_EDGE ( 'NONE', *, *, #8344, .T. ) ;
#1529 = EDGE_LOOP ( 'NONE', ( #5608, #7069, #2775, #7163 ) ) ;
#1530 = VECTOR ( 'NONE', #3000, 1000.000000000000000 ) ;
#1531 = ORIENTED_EDGE ( 'NONE', *, *, #876, .T. ) ;
#1532 = ADVANCED_FACE ( 'NONE', ( #7656 ), #2528, .F. ) ;
#1533 = ORIENTED_EDGE ( 'NONE', *, *, #7641, .F. ) ;
#1534 = VECTOR ( 'NONE', #1775, 1000.000000000000114 ) ;
#1535 = FACE_OUTER_BOUND ( 'NONE', #7661, .T. ) ;
#1536 = DIRECTION ( 'NONE',  ( 1.000000000000000000, -5.923677312709590618E-16, 6.938893903905799338E-18 ) ) ;
#1537 = AXIS2_PLACEMENT_3D ( 'NONE', #5358, #7009, #3906 ) ;
#1538 = CARTESIAN_POINT ( 'NONE',  ( 30.40000000000002700, 0.000000000000000000, 0.5999999999999999778 ) ) ;
#1539 = DIRECTION ( 'NONE',  ( 0.8660254037844387076, -0.4999999999999998335, 0.000000000000000000 ) ) ;
#1540 = CARTESIAN_POINT ( 'NONE',  ( 118.0699540685230176, 169.3613257594830088, 176.0501160567395118 ) ) ;
#1541 = CARTESIAN_POINT ( 'NONE',  ( 12.39999999999999858, -13.62546635287517027, 0.5999999999999999778 ) ) ;
#1542 = EDGE_LOOP ( 'NONE', ( #739, #828, #449, #8661 ) ) ;
#1543 = CIRCLE ( 'NONE', #8928, 3.000000000000002665 ) ;
#1544 = EDGE_CURVE ( 'NONE', #310, #5577, #465, .T. ) ;
#1545 = VERTEX_POINT ( 'NONE', #9281 ) ;
#1546 = FACE_BOUND ( 'NONE', #1122, .T. ) ;
#1547 = VERTEX_POINT ( 'NONE', #1043 ) ;
#1548 = CONICAL_SURFACE ( 'NONE', #4623, 3.199999999999994404, 0.7853981633974490562 ) ;
#1549 = CARTESIAN_POINT ( 'NONE',  ( 12.80000000000000604, -6.928203230275513214, 0.5999999999999999778 ) ) ;
#1550 = PLANE ( 'NONE',  #6263 ) ;
#1551 = CARTESIAN_POINT ( 'NONE',  ( 104.6479001739019878, 176.3587931559684989, 180.4501160567394891 ) ) ;
#1552 = EDGE_CURVE ( 'NONE', #9240, #80, #1894, .T. ) ;
#1553 = ORIENTED_EDGE ( 'NONE', *, *, #3741, .F. ) ;
#1554 = VECTOR ( 'NONE', #4984, 1000.000000000000000 ) ;
#1555 = VERTEX_POINT ( 'NONE', #7028 ) ;
#1556 = LINE ( 'NONE', #3667, #6215 ) ;
#1557 = FILL_AREA_STYLE ('',( #702 ) ) ;
#1558 = DIRECTION ( 'NONE',  ( -1.000000000000000000, -1.723050136371079932E-14, -6.938893903993869032E-18 ) ) ;
#1559 = PLANE ( 'NONE',  #3457 ) ;
#1560 = FACE_OUTER_BOUND ( 'NONE', #5959, .T. ) ;
#1561 = DIRECTION ( 'NONE',  ( -1.184735462541918124E-15, -1.000000000000000000, -4.873714578379230080E-15 ) ) ;
#1562 = VECTOR ( 'NONE', #2696, 1000.000000000000000 ) ;
#1563 = DIRECTION ( 'NONE',  ( -8.377344794756129853E-16, -0.7071067811865849873, 0.7071067811865101582 ) ) ;
#1564 = ORIENTED_EDGE ( 'NONE', *, *, #4082, .F. ) ;
#1565 = EDGE_CURVE ( 'NONE', #6117, #4847, #3974, .T. ) ;
#1566 = ORIENTED_EDGE ( 'NONE', *, *, #1264, .T. ) ;
#1567 = ADVANCED_FACE ( 'NONE', ( #6982 ), #9234, .T. ) ;
#1568 = VERTEX_POINT ( 'NONE', #9186 ) ;
#1569 = EDGE_CURVE ( 'NONE', #9034, #7430, #7698, .T. ) ;
#1570 = DIRECTION ( 'NONE',  ( -0.7071067811865320296, 5.990616658972450410E-15, -0.7071067811865631159 ) ) ;
#1571 = CARTESIAN_POINT ( 'NONE',  ( 124.9594733917879097, 151.9320102867271487, 169.9098446581821236 ) ) ;
#1572 = CARTESIAN_POINT ( 'NONE',  ( 124.3594733917879012, 133.3320102867271260, 152.7048066363312557 ) ) ;
#1573 = CARTESIAN_POINT ( 'NONE',  ( 124.9594733917878813, 121.1320102867271231, 152.3583964748175106 ) ) ;
#1574 = FACE_OUTER_BOUND ( 'NONE', #9446, .T. ) ;
#1575 = CARTESIAN_POINT ( 'NONE',  ( 109.9594733917879950, 116.0123499278560075, 180.9036694473319926 ) ) ;
#1576 = EDGE_LOOP ( 'NONE', ( #7539, #8034, #4870, #4694 ) ) ;
#1577 = ORIENTED_EDGE ( 'NONE', *, *, #2552, .T. ) ;
#1578 = ORIENTED_EDGE ( 'NONE', *, *, #3890, .T. ) ;
#1579 = EDGE_LOOP ( 'NONE', ( #6249, #4731, #4740, #8127 ) ) ;
#1580 = DIRECTION ( 'NONE',  ( 1.184735462541918124E-15, 1.000000000000000000, 4.326681131221240423E-15 ) ) ;
#1581 = LINE ( 'NONE', #6024, #4672 ) ;
#1582 = DIRECTION ( 'NONE',  ( -1.744174030142317966E-15, -0.8660254037844381525, 0.5000000000000007772 ) ) ;
#1583 = DIRECTION ( 'NONE',  ( 1.184735462541916151E-15, 1.000000000000000000, 7.287275863554980679E-15 ) ) ;
#1584 = DIRECTION ( 'NONE',  ( 4.685093906533310576E-16, 0.8660254037844387076, 0.4999999999999999445 ) ) ;
#1585 = EDGE_CURVE ( 'NONE', #1095, #7685, #5429, .T. ) ;
#1586 = CIRCLE ( 'NONE', #7449, 3.000000000000002665 ) ;
#1587 = FACE_BOUND ( 'NONE', #3447, .T. ) ;
#1588 = EDGE_LOOP ( 'NONE', ( #9204, #1888, #3415, #6396 ) ) ;
#1589 = ORIENTED_EDGE ( 'NONE', *, *, #7418, .F. ) ;
#1590 = VECTOR ( 'NONE', #1158, 1000.000000000000000 ) ;
#1591 = DIRECTION ( 'NONE',  ( -1.000000000000000000, 5.923677312709569910E-16, -5.923677312709569910E-16 ) ) ;
#1592 = ORIENTED_EDGE ( 'NONE', *, *, #7187, .T. ) ;
#1593 = ADVANCED_FACE ( 'NONE', ( #6934 ), #327, .T. ) ;
#1594 = PLANE ( 'NONE',  #5209 ) ;
#1595 = DIRECTION ( 'NONE',  ( -1.000000000000000000, 0.000000000000000000, 0.000000000000000000 ) ) ;
#1596 = LINE ( 'NONE', #6723, #8307 ) ;
#1597 = VECTOR ( 'NONE', #5826, 1000.000000000000114 ) ;
#1598 = ORIENTED_EDGE ( 'NONE', *, *, #8091, .F. ) ;
#1599 = ORIENTED_EDGE ( 'NONE', *, *, #4686, .T. ) ;
#1600 = CARTESIAN_POINT ( 'NONE',  ( 121.7594733917879921, 170.9867491937569923, 134.3001160632323945 ) ) ;
#1601 = DIRECTION ( 'NONE',  ( 0.000000000000000000, 0.000000000000000000, 1.000000000000000000 ) ) ;
#1602 = VECTOR ( 'NONE', #4501, 1000.000000000000000 ) ;
#1603 = LINE ( 'NONE', #3007, #4013 ) ;
#1604 = LINE ( 'NONE', #6733, #4214 ) ;
#1605 = EDGE_CURVE ( 'NONE', #5219, #2414, #2481, .T. ) ;
#1606 = LINE ( 'NONE', #7550, #1722 ) ;
#1607 = LINE ( 'NONE', #850, #6560 ) ;
#1608 = CARTESIAN_POINT ( 'NONE',  ( 124.9594733917878955, 127.7320102867271174, 149.2407050211935200 ) ) ;
#1609 = ORIENTED_EDGE ( 'NONE', *, *, #1990, .F. ) ;
#1610 = ORIENTED_EDGE ( 'NONE', *, *, #6234, .T. ) ;
#1611 = AXIS2_PLACEMENT_3D ( 'NONE', #7360, #5904, #8838 ) ;
#1612 = EDGE_LOOP ( 'NONE', ( #4528, #2538, #6260, #1915 ) ) ;
#1613 = PLANE ( 'NONE',  #7269 ) ;
#1614 = CARTESIAN_POINT ( 'NONE',  ( 6.399999999999998579, -10.62324495308911665, 0.5999999999999999778 ) ) ;
#1615 = ADVANCED_FACE ( 'NONE', ( #6299 ), #2624, .F. ) ;
#1616 = EDGE_CURVE ( 'NONE', #3982, #5113, #6887, .T. ) ;
#1617 = CARTESIAN_POINT ( 'NONE',  ( 103.8479001739019907, 175.4587965372880092, 145.2896251811484092 ) ) ;
#1618 = DIRECTION ( 'NONE',  ( 0.000000000000000000, 0.000000000000000000, -1.000000000000000000 ) ) ;
#1619 = PLANE ( 'NONE',  #5633 ) ;
#1620 = VECTOR ( 'NONE', #5284, 1000.000000000000114 ) ;
#1621 = CARTESIAN_POINT ( 'NONE',  ( 124.0592155665779899, 176.0244785809184975, 180.9915374129765269 ) ) ;
#1622 = EDGE_LOOP ( 'NONE', ( #4025, #6192, #8504, #3524, #1902, #7800, #5182, #9110, #7261, #4241, #2837, #7662, #7307, #5765 ) ) ;
#1623 = EDGE_LOOP ( 'NONE', ( #6941, #2272, #2140, #6064 ) ) ;
#1624 = ADVANCED_FACE ( 'NONE', ( #9136 ), #8507, .F. ) ;
#1625 = VERTEX_POINT ( 'NONE', #5478 ) ;
#1626 = ORIENTED_EDGE ( 'NONE', *, *, #618, .F. ) ;
#1627 = VECTOR ( 'NONE', #5907, 1000.000000000000000 ) ;
#1628 = ORIENTED_EDGE ( 'NONE', *, *, #6752, .F. ) ;
#1629 = LINE ( 'NONE', #6949, #7101 ) ;
#1630 = DIRECTION ( 'NONE',  ( -1.000000000000000000, -1.850371707708592551E-14, 0.000000000000000000 ) ) ;
#1631 = EDGE_CURVE ( 'NONE', #5375, #1433, #4061, .T. ) ;
#1632 = CARTESIAN_POINT ( 'NONE',  ( 103.4479001739019992, 172.6583829936064944, 146.8896251811484035 ) ) ;
#1633 = FACE_OUTER_BOUND ( 'NONE', #1307, .T. ) ;
#1634 = LINE ( 'NONE', #5397, #4224 ) ;
#1635 = VERTEX_POINT ( 'NONE', #3395 ) ;
#1636 = VECTOR ( 'NONE', #4974, 1000.000000000000000 ) ;
#1637 = PLANE ( 'NONE',  #8013 ) ;
#1638 = VERTEX_POINT ( 'NONE', #2670 ) ;
#1639 = ORIENTED_EDGE ( 'NONE', *, *, #3506, .T. ) ;
#1640 = VECTOR ( 'NONE', #3437, 1000.000000000000114 ) ;
#1641 = CARTESIAN_POINT ( 'NONE',  ( 0.1999999999999999278, -0.3464101615137755164, 0.5999999999999999778 ) ) ;
#1642 = VERTEX_POINT ( 'NONE', #8416 ) ;
#1643 = DIRECTION ( 'NONE',  ( -1.000000000000000000, 1.184735462541918124E-15, 4.316747070439680032E-30 ) ) ;
#1644 = DIRECTION ( 'NONE',  ( 0.000000000000000000, 0.000000000000000000, 1.000000000000000000 ) ) ;
#1645 = FACE_OUTER_BOUND ( 'NONE', #5605, .T. ) ;
#1646 = VECTOR ( 'NONE', #576, 1000.000000000000114 ) ;
#1647 = ORIENTED_EDGE ( 'NONE', *, *, #5591, .F. ) ;
#1648 = EDGE_LOOP ( 'NONE', ( #8188, #5678, #5728, #6636 ) ) ;
#1649 = EDGE_CURVE ( 'NONE', #4721, #9011, #4021, .T. ) ;
#1650 = DIRECTION ( 'NONE',  ( 0.000000000000000000, 0.000000000000000000, -1.000000000000000000 ) ) ;
#1651 = LINE ( 'NONE', #2274, #730 ) ;
#1652 = VECTOR ( 'NONE', #4346, 1000.000000000000000 ) ;
#1653 = DIRECTION ( 'NONE',  ( -1.000000000000000000, -5.007715329123860808E-16, 0.000000000000000000 ) ) ;
#1654 = DIRECTION ( 'NONE',  ( 1.275664639488987204E-15, 4.920223360600114588E-16, -1.000000000000000000 ) ) ;
#1655 = LINE ( 'NONE', #1468, #583 ) ;
#1656 = CARTESIAN_POINT ( 'NONE',  ( 124.3594733917878727, 115.3320102867271260, 156.1689082514690483 ) ) ;
#1657 = DIRECTION ( 'NONE',  ( 1.000000000000000000, -1.165921621825713967E-15, 1.481062580737441945E-16 ) ) ;
#1658 = EDGE_LOOP ( 'NONE', ( #6530, #7802, #4212, #4030 ) ) ;
#1659 = VERTEX_POINT ( 'NONE', #8554 ) ;
#1660 = EDGE_LOOP ( 'NONE', ( #1072, #6754, #1234, #6682, #8737, #8905, #925, #3900, #1670, #68, #4051 ) ) ;
#1661 = EDGE_CURVE ( 'NONE', #9339, #1749, #276, .T. ) ;
#1662 = FACE_OUTER_BOUND ( 'NONE', #1390, .T. ) ;
#1663 = CARTESIAN_POINT ( 'NONE',  ( 121.5594733917879893, 170.9867491937569923, 176.8500716728244981 ) ) ;
#1664 = CARTESIAN_POINT ( 'NONE',  ( 124.3594733917879012, 145.1320102867271089, 159.0556595974171898 ) ) ;
#1665 = FACE_OUTER_BOUND ( 'NONE', #5840, .T. ) ;
#1666 = FACE_OUTER_BOUND ( 'NONE', #617, .T. ) ;
#1667 = LINE ( 'NONE', #8232, #1521 ) ;
#1668 = ORIENTED_EDGE ( 'NONE', *, *, #5045, .T. ) ;
#1669 = ORIENTED_EDGE ( 'NONE', *, *, #5837, .F. ) ;
#1670 = ORIENTED_EDGE ( 'NONE', *, *, #6724, .T. ) ;
#1671 = CIRCLE ( 'NONE', #7235, 1.700000000000007061 ) ;
#1672 = ORIENTED_EDGE ( 'NONE', *, *, #5576, .F. ) ;
#1673 = EDGE_CURVE ( 'NONE', #1995, #2091, #2818, .T. ) ;
#1674 = ORIENTED_EDGE ( 'NONE', *, *, #1565, .T. ) ;
#1675 = CARTESIAN_POINT ( 'NONE',  ( 124.3594733917878727, 115.3320102867271260, 156.1689082514690483 ) ) ;
#1676 = DIRECTION ( 'NONE',  ( 1.744174030142317374E-15, 0.8660254037844387076, -0.4999999999999998890 ) ) ;
#1677 = DIRECTION ( 'NONE',  ( -1.000000000000000000, 6.555317102064179910E-16, -3.285328468285960224E-15 ) ) ;
#1678 = CYLINDRICAL_SURFACE ( 'NONE', #4477, 0.4999999999999926170 ) ;
#1679 = DIRECTION ( 'NONE',  ( -1.000000000000000000, 0.000000000000000000, -1.184735462541906093E-15 ) ) ;
#1680 = VECTOR ( 'NONE', #2663, 1000.000000000000000 ) ;
#1681 = LINE ( 'NONE', #5399, #7250 ) ;
#1682 = ORIENTED_EDGE ( 'NONE', *, *, #1174, .F. ) ;
#1683 = EDGE_CURVE ( 'NONE', #9051, #2023, #3440, .T. ) ;
#1684 = EDGE_CURVE ( 'NONE', #2630, #3291, #1150, .T. ) ;
#1685 = AXIS2_PLACEMENT_3D ( 'NONE', #1970, #1400, #4918 ) ;
#1686 = CARTESIAN_POINT ( 'NONE',  ( 6.000000000000000888, -17.78238829104048335, 0.000000000000000000 ) ) ;
#1687 = CARTESIAN_POINT ( 'NONE',  ( 124.9594733917878813, 115.1320102867271231, 149.1252349673555955 ) ) ;
#1688 = DIRECTION ( 'NONE',  ( -1.332169591021894149E-15, -7.287275863554980679E-15, 1.000000000000000000 ) ) ;
#1689 = CARTESIAN_POINT ( 'NONE',  ( 121.9594733917879950, 158.2336935749474947, 137.7001160632324002 ) ) ;
#1690 = VECTOR ( 'NONE', #207, 1000.000000000000114 ) ;
#1691 = DIRECTION ( 'NONE',  ( 4.316747070439680032E-30, 7.287275863554980679E-15, -1.000000000000000000 ) ) ;
#1692 = VERTEX_POINT ( 'NONE', #6440 ) ;
#1693 = ORIENTED_EDGE ( 'NONE', *, *, #5017, .F. ) ;
#1694 = VECTOR ( 'NONE', #8041, 1000.000000000000000 ) ;
#1695 = CARTESIAN_POINT ( 'NONE',  ( 117.4594733917879950, 149.9496176806353844, 167.0501160567390002 ) ) ;
#1696 = DIRECTION ( 'NONE',  ( -1.000000000000000000, 6.555317102064179910E-16, -3.285328468285960224E-15 ) ) ;
#1697 = DIRECTION ( 'NONE',  ( 1.744174030142317572E-15, 0.8660254037844384856, -0.5000000000000002220 ) ) ;
#1698 = CARTESIAN_POINT ( 'NONE',  ( 23.60000000000000497, -27.01999259807448439, 0.5999999999999999778 ) ) ;
#1699 = EDGE_CURVE ( 'NONE', #4579, #190, #9431, .T. ) ;
#1700 = FACE_OUTER_BOUND ( 'NONE', #4734, .T. ) ;
#1701 = EDGE_LOOP ( 'NONE', ( #2440, #3865 ) ) ;
#1702 = AXIS2_PLACEMENT_3D ( 'NONE', #7655, #131, #3829 ) ;
#1703 = EDGE_LOOP ( 'NONE', ( #5691, #3561, #3200, #3739 ) ) ;
#1704 = ORIENTED_EDGE ( 'NONE', *, *, #6688, .F. ) ;
#1705 = VECTOR ( 'NONE', #5669, 1000.000000000000000 ) ;
#1706 = DIRECTION ( 'NONE',  ( 8.005968353488390811E-29, -4.326681131221240423E-15, 1.000000000000000000 ) ) ;
#1707 = LINE ( 'NONE', #6058, #6808 ) ;
#1708 = CARTESIAN_POINT ( 'NONE',  ( 12.00000000000000355, 6.466323014923809787, 0.5999999999999999778 ) ) ;
#1709 = DIRECTION ( 'NONE',  ( -0.8660254037844385966, -0.5000000000000002220, 0.000000000000000000 ) ) ;
#1710 = CARTESIAN_POINT ( 'NONE',  ( 124.9594733917878813, 121.9320102867271203, 151.6655761517899350 ) ) ;
#1711 = CARTESIAN_POINT ( 'NONE',  ( 5.600000000000001421, 3.464101615137753942, 0.000000000000000000 ) ) ;
#1712 = ADVANCED_FACE ( 'NONE', ( #9331 ), #6391, .T. ) ;
#1713 = CARTESIAN_POINT ( 'NONE',  ( 104.6479001739019878, 175.1076355988890043, 129.3817978308144063 ) ) ;
#1714 = ORIENTED_EDGE ( 'NONE', *, *, #4763, .F. ) ;
#1715 = ORIENTED_EDGE ( 'NONE', *, *, #2807, .T. ) ;
#1716 = ORIENTED_EDGE ( 'NONE', *, *, #6895, .F. ) ;
#1717 = VECTOR ( 'NONE', #7289, 1000.000000000000000 ) ;
#1718 = VERTEX_POINT ( 'NONE', #2184 ) ;
#1719 = ORIENTED_EDGE ( 'NONE', *, *, #4058, .F. ) ;
#1720 = CARTESIAN_POINT ( 'NONE',  ( 103.4479001739019992, 174.2587965372880205, 146.8896251811484035 ) ) ;
#1721 = CARTESIAN_POINT ( 'NONE',  ( 5.200000000000001066, 3.464101615137753942, 0.5999999999999999778 ) ) ;
#1722 = VECTOR ( 'NONE', #5178, 1000.000000000000000 ) ;
#1723 = CARTESIAN_POINT ( 'NONE',  ( 124.3594733917879012, 133.3320102867271260, 152.0119863133037370 ) ) ;
#1724 = LINE ( 'NONE', #246, #1867 ) ;
#1725 = PLANE ( 'NONE',  #4687 ) ;
#1726 = AXIS2_PLACEMENT_3D ( 'NONE', #5283, #6111, #3071 ) ;
#1727 = EDGE_CURVE ( 'NONE', #6399, #9304, #3534, .T. ) ;
#1728 = ORIENTED_EDGE ( 'NONE', *, *, #6200, .F. ) ;
#1729 = CARTESIAN_POINT ( 'NONE',  ( 8.800000000000014921, -15.24204710660611717, 0.5999999999999999778 ) ) ;
#1730 = ORIENTED_EDGE ( 'NONE', *, *, #95, .T. ) ;
#1731 = DIRECTION ( 'NONE',  ( 0.000000000000000000, 4.057536155554529735E-15, -1.000000000000000000 ) ) ;
#1732 = CARTESIAN_POINT ( 'NONE',  ( 124.7594733917880063, 112.6587965372632141, 130.5501160567390002 ) ) ;
#1733 = VECTOR ( 'NONE', #6921, 1000.000000000000000 ) ;
#1734 = ADVANCED_FACE ( 'NONE', ( #7266 ), #3487, .T. ) ;
#1735 = FACE_OUTER_BOUND ( 'NONE', #6848, .T. ) ;
#1736 = ADVANCED_FACE ( 'NONE', ( #5720 ), #4156, .T. ) ;
#1737 = LINE ( 'NONE', #4047, #9494 ) ;
#1738 = CARTESIAN_POINT ( 'NONE',  ( 124.9594733917879097, 151.9320102867271487, 162.5197612125549256 ) ) ;
#1739 = ORIENTED_EDGE ( 'NONE', *, *, #1971, .F. ) ;
#1740 = ORIENTED_EDGE ( 'NONE', *, *, #4730, .F. ) ;
#1741 = LINE ( 'NONE', #6825, #2507 ) ;
#1742 = ORIENTED_EDGE ( 'NONE', *, *, #6544, .F. ) ;
#1743 = CARTESIAN_POINT ( 'NONE',  ( 124.3594733917878870, 145.9320102867271487, 172.4501858426164915 ) ) ;
#1744 = DIRECTION ( 'NONE',  ( 1.743504668820874398E-15, 0.5000000000000001110, -0.8660254037844387076 ) ) ;
#1745 = ADVANCED_FACE ( 'NONE', ( #7889 ), #1276, .F. ) ;
#1746 = DIRECTION ( 'NONE',  ( -1.744174030142317572E-15, -0.8660254037844384856, 0.5000000000000002220 ) ) ;
#1747 = AXIS2_PLACEMENT_3D ( 'NONE', #8291, #2345, #1630 ) ;
#1748 = LINE ( 'NONE', #4831, #3370 ) ;
#1749 = VERTEX_POINT ( 'NONE', #7312 ) ;
#1750 = VERTEX_POINT ( 'NONE', #5670 ) ;
#1751 = VERTEX_POINT ( 'NONE', #1370 ) ;
#1752 = EDGE_CURVE ( 'NONE', #1095, #5144, #5854, .T. ) ;
#1753 = VECTOR ( 'NONE', #232, 1000.000000000000000 ) ;
#1754 = VECTOR ( 'NONE', #501, 1000.000000000000000 ) ;
#1755 = FACE_OUTER_BOUND ( 'NONE', #259, .T. ) ;
#1756 = DIRECTION ( 'NONE',  ( 0.000000000000000000, -1.000000000000000000, 0.000000000000000000 ) ) ;
#1757 = DIRECTION ( 'NONE',  ( 1.000000000000000000, -1.165921621825710023E-15, 1.481062580737639899E-16 ) ) ;
#1758 = CARTESIAN_POINT ( 'NONE',  ( 103.8479001739019907, 171.4583829936065342, 145.2896250086894270 ) ) ;
#1759 = PLANE ( 'NONE',  #6506 ) ;
#1760 = DIRECTION ( 'NONE',  ( -1.275664639488986613E-15, -8.326672684688515048E-17, 1.000000000000000000 ) ) ;
#1761 = CARTESIAN_POINT ( 'NONE',  ( 121.9594733917879950, 173.4585906126184796, 175.1500716728245095 ) ) ;
#1762 = VERTEX_POINT ( 'NONE', #8603 ) ;
#1763 = ORIENTED_EDGE ( 'NONE', *, *, #7742, .T. ) ;
#1764 = VECTOR ( 'NONE', #8911, 1000.000000000000000 ) ;
#1765 = ORIENTED_EDGE ( 'NONE', *, *, #9360, .F. ) ;
#1766 = ORIENTED_EDGE ( 'NONE', *, *, #3879, .F. ) ;
#1767 = EDGE_CURVE ( 'NONE', #9051, #5243, #2769, .T. ) ;
#1768 = EDGE_LOOP ( 'NONE', ( #5208, #5256, #9193, #2900, #6351 ) ) ;
#1769 = AXIS2_PLACEMENT_3D ( 'NONE', #3217, #9043, #136 ) ;
#1770 = DIRECTION ( 'NONE',  ( 0.000000000000000000, 1.000000000000000000, -1.734723475976847800E-14 ) ) ;
#1771 = CARTESIAN_POINT ( 'NONE',  ( 124.3594733917879012, 139.9320102867271487, 156.0534381976310954 ) ) ;
#1772 = DIRECTION ( 'NONE',  ( 4.685093906533309590E-16, 0.8660254037844387076, 0.5000000000000001110 ) ) ;
#1773 = CARTESIAN_POINT ( 'NONE',  ( 124.3594733917878870, 115.9320102867271203, 142.6589119524317653 ) ) ;
#1774 = CARTESIAN_POINT ( 'NONE',  ( 104.2479001739019964, 176.5173751810515057, 130.7915374129763961 ) ) ;
#1775 = DIRECTION ( 'NONE',  ( 0.8660254037844381525, -0.5000000000000008882, 0.000000000000000000 ) ) ;
#1776 = ORIENTED_EDGE ( 'NONE', *, *, #1616, .T. ) ;
#1777 = CIRCLE ( 'NONE', #5015, 3.000000000000002665 ) ;
#1778 = ORIENTED_EDGE ( 'NONE', *, *, #7227, .T. ) ;
#1779 = EDGE_CURVE ( 'NONE', #496, #4059, #704, .T. ) ;
#1780 = CARTESIAN_POINT ( 'NONE',  ( 29.60000000000002629, 0.000000000000000000, 0.5999999999999999778 ) ) ;
#1781 = CARTESIAN_POINT ( 'NONE',  ( 23.60000000000001918, -7.621023553303070130, 0.5999999999999999778 ) ) ;
#1782 = VECTOR ( 'NONE', #3287, 1000.000000000000000 ) ;
#1783 = LINE ( 'NONE', #8304, #9078 ) ;
#1784 = CARTESIAN_POINT ( 'NONE',  ( -0.4000000000000028533, -6.928203230275511437, 0.5999999999999999778 ) ) ;
#1785 = DIRECTION ( 'NONE',  ( 1.000000000000000000, -1.210939508638132030E-15, 1.277902559593765872E-15 ) ) ;
#1786 = ORIENTED_EDGE ( 'NONE', *, *, #4082, .T. ) ;
#1787 = CIRCLE ( 'NONE', #9184, 3.000000000000002665 ) ;
#1788 = ORIENTED_EDGE ( 'NONE', *, *, #1871, .F. ) ;
#1789 = ADVANCED_FACE ( 'NONE', ( #7168 ), #2910, .F. ) ;
#1790 = ADVANCED_FACE ( 'NONE', ( #1323 ), #2037, .F. ) ;
#1791 = CARTESIAN_POINT ( 'NONE',  ( 124.9594733917879239, 133.5320102867271146, 138.9638702296181805 ) ) ;
#1792 = ORIENTED_EDGE ( 'NONE', *, *, #5276, .F. ) ;
#1793 = DIRECTION ( 'NONE',  ( -1.723050136371060368E-14, 1.000000000000000000, 0.000000000000000000 ) ) ;
#1794 = DIRECTION ( 'NONE',  ( -1.000000000000000000, 0.000000000000000000, -1.570000712152655020E-15 ) ) ;
#1795 = VECTOR ( 'NONE', #8098, 1000.000000000000000 ) ;
#1796 = CARTESIAN_POINT ( 'NONE',  ( 124.3594733917879154, 127.3320102867271402, 135.3842985606424918 ) ) ;
#1797 = ORIENTED_EDGE ( 'NONE', *, *, #7192, .T. ) ;
#1798 = ORIENTED_EDGE ( 'NONE', *, *, #3654, .T. ) ;
#1799 = ADVANCED_FACE ( 'NONE', ( #609 ), #8029, .T. ) ;
#1800 = EDGE_CURVE ( 'NONE', #205, #9339, #1466, .T. ) ;
#1801 = AXIS2_PLACEMENT_3D ( 'NONE', #6452, #1338, #7372 ) ;
#1802 = CARTESIAN_POINT ( 'NONE',  ( 109.9594733917879950, 116.3659033184497957, 180.5501160567390002 ) ) ;
#1803 = CARTESIAN_POINT ( 'NONE',  ( 104.6479001739019878, 177.2587965372885037, 130.4501160567394038 ) ) ;
#1804 = CARTESIAN_POINT ( 'NONE',  ( 121.5594733917879893, 171.7585906126184909, 176.8500716728244981 ) ) ;
#1805 = FACE_BOUND ( 'NONE', #6797, .T. ) ;
#1806 = SHAPE_REPRESENTATION_RELATIONSHIP ( 'NONE' , 'NONE' ,  #1479, #7137 ) ;
#1807 = DIRECTION ( 'NONE',  ( -1.000000000000000000, 9.029047556035851583E-16, -1.570000712152659950E-15 ) ) ;
#1808 = CARTESIAN_POINT ( 'NONE',  ( 124.3594733917878870, 121.3320102867270975, 145.7766034060558127 ) ) ;
#1809 = ORIENTED_EDGE ( 'NONE', *, *, #5979, .T. ) ;
#1810 = VERTEX_POINT ( 'NONE', #8123 ) ;
#1811 = ORIENTED_EDGE ( 'NONE', *, *, #5339, .F. ) ;
#1812 = DIRECTION ( 'NONE',  ( -1.822592754817885770E-22, -1.538396350304170384E-07, -0.9999999999999882316 ) ) ;
#1813 = PLANE ( 'NONE',  #5245 ) ;
#1814 = CARTESIAN_POINT ( 'NONE',  ( 109.9594733917879950, 112.1968567710072051, 177.0343509917354936 ) ) ;
#1815 = CARTESIAN_POINT ( 'NONE',  ( 124.9594733917879950, 154.1587965372885094, 134.0501160567391992 ) ) ;
#1816 = DIRECTION ( 'NONE',  ( -1.210939508638132030E-15, -1.000000000000000000, 2.775557561562899979E-17 ) ) ;
#1817 = LINE ( 'NONE', #1149, #9321 ) ;
#1818 = EDGE_LOOP ( 'NONE', ( #4562, #2331, #8941, #9131 ) ) ;
#1819 = VECTOR ( 'NONE', #4046, 1000.000000000000000 ) ;
#1820 = EDGE_CURVE ( 'NONE', #4391, #297, #5177, .T. ) ;
#1821 = ORIENTED_EDGE ( 'NONE', *, *, #673, .F. ) ;
#1822 = VECTOR ( 'NONE', #3873, 1000.000000000000000 ) ;
#1823 = CARTESIAN_POINT ( 'NONE',  ( 124.9594733917879097, 133.9320102867271203, 151.6655761517899350 ) ) ;
#1824 = CARTESIAN_POINT ( 'NONE',  ( 5.600000000000001421, 2.771281292110203243, 0.000000000000000000 ) ) ;
#1825 = CARTESIAN_POINT ( 'NONE',  ( 24.40000000000000924, -13.62546635287518626, 0.5999999999999999778 ) ) ;
#1826 = CARTESIAN_POINT ( 'NONE',  ( 0.4000000000000015210, -13.62546635287517027, 0.5999999999999999778 ) ) ;
#1827 = DIRECTION ( 'NONE',  ( 1.275664639488985626E-15, -5.704182421957116267E-16, -1.000000000000000000 ) ) ;
#1828 = CARTESIAN_POINT ( 'NONE',  ( 103.4479001739019992, 175.4587965372880092, 168.8506931385974781 ) ) ;
#1829 = LINE ( 'NONE', #8398, #8160 ) ;
#1830 = EDGE_CURVE ( 'NONE', #471, #3232, #1604, .T. ) ;
#1831 = VECTOR ( 'NONE', #8455, 1000.000000000000000 ) ;
#1832 = ORIENTED_EDGE ( 'NONE', *, *, #3381, .T. ) ;
#1833 = ORIENTED_EDGE ( 'NONE', *, *, #2606, .F. ) ;
#1834 = LINE ( 'NONE', #2609, #9155 ) ;
#1835 = EDGE_LOOP ( 'NONE', ( #7104, #2082, #8559, #7284 ) ) ;
#1836 = ADVANCED_FACE ( 'NONE', ( #2960 ), #6675, .F. ) ;
#1837 = VECTOR ( 'NONE', #152, 999.9999999999998863 ) ;
#1838 = FACE_OUTER_BOUND ( 'NONE', #785, .T. ) ;
#1839 = LINE ( 'NONE', #4782, #6103 ) ;
#1840 = CARTESIAN_POINT ( 'NONE',  ( 120.0347584542845709, 121.4904112914584857, 180.5818572962100461 ) ) ;
#1841 = EDGE_CURVE ( 'NONE', #4579, #4954, #8933, .T. ) ;
#1842 = ORIENTED_EDGE ( 'NONE', *, *, #7909, .T. ) ;
#1843 = CIRCLE ( 'NONE', #5238, 1.599999999999962563 ) ;
#1844 = ORIENTED_EDGE ( 'NONE', *, *, #3092, .F. ) ;
#1845 = CARTESIAN_POINT ( 'NONE',  ( 103.4479001739019992, 173.4585906126179680, 175.1500717173234989 ) ) ;
#1846 = FACE_OUTER_BOUND ( 'NONE', #6115, .T. ) ;
#1847 = CARTESIAN_POINT ( 'NONE',  ( 124.3594733917879154, 139.1320102867271089, 148.6633547520038974 ) ) ;
#1848 = LINE ( 'NONE', #9137, #7520 ) ;
#1849 = CARTESIAN_POINT ( 'NONE',  ( -3.200000000000003286, -5.542562584220415367, 0.5999999999999999778 ) ) ;
#1850 = VECTOR ( 'NONE', #3987, 1000.000000000000114 ) ;
#1851 = CARTESIAN_POINT ( 'NONE',  ( 103.4479001739019992, 172.6583830282144731, 166.8113888862244778 ) ) ;
#1852 = EDGE_CURVE ( 'NONE', #7477, #1095, #8216, .T. ) ;
#1853 = ORIENTED_EDGE ( 'NONE', *, *, #4299, .T. ) ;
#1854 = EDGE_CURVE ( 'NONE', #9046, #5994, #220, .T. ) ;
#1855 = EDGE_LOOP ( 'NONE', ( #8951, #2898, #7048, #1520 ) ) ;
#1856 = ORIENTED_EDGE ( 'NONE', *, *, #1358, .T. ) ;
#1857 = EDGE_CURVE ( 'NONE', #891, #797, #752, .T. ) ;
#1858 = ORIENTED_EDGE ( 'NONE', *, *, #5855, .F. ) ;
#1859 = VECTOR ( 'NONE', #2380, 1000.000000000000000 ) ;
#1860 = ORIENTED_EDGE ( 'NONE', *, *, #6234, .F. ) ;
#1861 = CARTESIAN_POINT ( 'NONE',  ( 124.9594733917879239, 139.1320102867271373, 145.4301932445419823 ) ) ;
#1862 = CARTESIAN_POINT ( 'NONE',  ( 11.80000000000000249, -7.274613391789286787, 0.5999999999999999778 ) ) ;
#1863 = FACE_OUTER_BOUND ( 'NONE', #3503, .T. ) ;
#1864 = CARTESIAN_POINT ( 'NONE',  ( 6.400000000000002132, 3.464101615137753942, 0.5999999999999999778 ) ) ;
#1865 = LINE ( 'NONE', #4080, #4695 ) ;
#1866 = EDGE_CURVE ( 'NONE', #3245, #9352, #4738, .T. ) ;
#1867 = VECTOR ( 'NONE', #3180, 1000.000000000000000 ) ;
#1868 = CARTESIAN_POINT ( 'NONE',  ( -0.3999999999999981903, -14.08734656822687370, 0.5999999999999999778 ) ) ;
#1869 = VERTEX_POINT ( 'NONE', #7407 ) ;
#1870 = AXIS2_PLACEMENT_3D ( 'NONE', #8137, #2289, #1525 ) ;
#1871 = EDGE_CURVE ( 'NONE', #3517, #1235, #3106, .T. ) ;
#1872 = DIRECTION ( 'NONE',  ( -0.7071067811865570096, -0.7071067811865380248, -5.152882179496720772E-15 ) ) ;
#1873 = CARTESIAN_POINT ( 'NONE',  ( 24.00000000000002132, -28.17469313645374385, 0.5999999999999999778 ) ) ;
#1874 = PLANE ( 'NONE',  #7199 ) ;
#1875 = LINE ( 'NONE', #4133, #4641 ) ;
#1876 = DIRECTION ( 'NONE',  ( 0.000000000000000000, 0.000000000000000000, -1.000000000000000000 ) ) ;
#1877 = DIRECTION ( 'NONE',  ( -0.8660254037844385966, 0.5000000000000002220, 0.000000000000000000 ) ) ;
#1878 = CARTESIAN_POINT ( 'NONE',  ( -0.1999999999999986511, 0.3464101615137730183, -0.000000000000000000 ) ) ;
#1879 = ORIENTED_EDGE ( 'NONE', *, *, #3805, .T. ) ;
#1880 = ORIENTED_EDGE ( 'NONE', *, *, #9040, .T. ) ;
#1881 = LINE ( 'NONE', #4052, #7141 ) ;
#1882 = EDGE_CURVE ( 'NONE', #7675, #8375, #6048, .T. ) ;
#1883 = ORIENTED_EDGE ( 'NONE', *, *, #6411, .T. ) ;
#1884 = CARTESIAN_POINT ( 'NONE',  ( 124.3594733917878870, 121.7320102867271316, 145.7766034060557558 ) ) ;
#1885 = DIRECTION ( 'NONE',  ( 0.000000000000000000, 1.000000000000000000, 0.000000000000000000 ) ) ;
#1886 = DIRECTION ( 'NONE',  ( 4.316747070439680032E-30, 0.000000000000000000, 1.000000000000000000 ) ) ;
#1887 = VECTOR ( 'NONE', #7585, 1000.000000000000114 ) ;
#1888 = ORIENTED_EDGE ( 'NONE', *, *, #5822, .F. ) ;
#1889 = VERTEX_POINT ( 'NONE', #8976 ) ;
#1890 = EDGE_CURVE ( 'NONE', #626, #7114, #1512, .T. ) ;
#1891 = CARTESIAN_POINT ( 'NONE',  ( 124.9594733917878955, 133.7320102867271316, 152.7048066363312557 ) ) ;
#1892 = CIRCLE ( 'NONE', #8685, 3.000000000000002665 ) ;
#1893 = DIRECTION ( 'NONE',  ( -1.184735462541920096E-15, -1.000000000000000000, 0.000000000000000000 ) ) ;
#1894 = LINE ( 'NONE', #2576, #8997 ) ;
#1895 = FACE_BOUND ( 'NONE', #2634, .T. ) ;
#1896 = DIRECTION ( 'NONE',  ( 1.332169591021890008E-15, 3.379091138490570313E-15, -1.000000000000000000 ) ) ;
#1897 = DIRECTION ( 'NONE',  ( 0.000000000000000000, -0.9999999999999881206, 1.538396724824263788E-07 ) ) ;
#1898 = EDGE_LOOP ( 'NONE', ( #1899, #2679, #1036, #946 ) ) ;
#1899 = ORIENTED_EDGE ( 'NONE', *, *, #9417, .T. ) ;
#1900 = EDGE_LOOP ( 'NONE', ( #5352, #8273, #4606 ) ) ;
#1901 = AXIS2_PLACEMENT_3D ( 'NONE', #4230, #7194, #8052 ) ;
#1902 = ORIENTED_EDGE ( 'NONE', *, *, #985, .F. ) ;
#1903 = VECTOR ( 'NONE', #3059, 1000.000000000000000 ) ;
#1904 = EDGE_CURVE ( 'NONE', #1127, #6989, #3868, .T. ) ;
#1905 = PLANE ( 'NONE',  #7475 ) ;
#1906 = EDGE_CURVE ( 'NONE', #9270, #2297, #942, .T. ) ;
#1907 = CARTESIAN_POINT ( 'NONE',  ( 104.6479001739019878, 187.4631347494585043, 140.6544542689094044 ) ) ;
#1908 = PLANE ( 'NONE',  #1294 ) ;
#1909 = LINE ( 'NONE', #4853, #8576 ) ;
#1910 = CARTESIAN_POINT ( 'NONE',  ( 0.4000000000000015210, -13.62546635287517027, 0.000000000000000000 ) ) ;
#1911 = CARTESIAN_POINT ( 'NONE',  ( 0.3999999999999999667, -0.2309401076758503812, 0.5999999999999999778 ) ) ;
#1912 = AXIS2_PLACEMENT_3D ( 'NONE', #2718, #1989, #4936 ) ;
#1913 = ADVANCED_FACE ( 'NONE', ( #6829 ), #4395, .T. ) ;
#1914 = FACE_OUTER_BOUND ( 'NONE', #3863, .T. ) ;
#1915 = ORIENTED_EDGE ( 'NONE', *, *, #976, .F. ) ;
#1916 = AXIS2_PLACEMENT_3D ( 'NONE', #8340, #4617, #9057 ) ;
#1917 = ADVANCED_FACE ( 'NONE', ( #2228 ), #1559, .T. ) ;
#1918 = DIRECTION ( 'NONE',  ( 0.7071067811865320296, 2.608502148464212943E-15, -0.7071067811865631159 ) ) ;
#1919 = DIRECTION ( 'NONE',  ( 1.743504668820874792E-15, 0.4999999999999998335, -0.8660254037844388186 ) ) ;
#1920 = CARTESIAN_POINT ( 'NONE',  ( 124.3594733917878727, 127.1320102867271373, 162.0578809972032275 ) ) ;
#1921 = LINE ( 'NONE', #1255, #9108 ) ;
#1922 = DIRECTION ( 'NONE',  ( 0.7071067811865031638, 0.7071067811865919817, 5.152882179497115991E-15 ) ) ;
#1923 = LINE ( 'NONE', #8681, #6601 ) ;
#1924 = VECTOR ( 'NONE', #5051, 1000.000000000000000 ) ;
#1925 = DIRECTION ( 'NONE',  ( 1.000000000000000000, -1.210939508638132030E-15, 1.277902559593765872E-15 ) ) ;
#1926 = ORIENTED_EDGE ( 'NONE', *, *, #2351, .F. ) ;
#1927 = ORIENTED_EDGE ( 'NONE', *, *, #3710, .T. ) ;
#1928 = VERTEX_POINT ( 'NONE', #8887 ) ;
#1929 = VECTOR ( 'NONE', #9223, 1000.000000000000000 ) ;
#1930 = FACE_OUTER_BOUND ( 'NONE', #3209, .T. ) ;
#1931 = ORIENTED_EDGE ( 'NONE', *, *, #30, .F. ) ;
#1932 = DIRECTION ( 'NONE',  ( -0.8660254037844385966, 0.5000000000000001110, 0.000000000000000000 ) ) ;
#1933 = DIRECTION ( 'NONE',  ( -0.8660254037844388186, 0.4999999999999997224, 0.000000000000000000 ) ) ;
#1934 = PLANE ( 'NONE',  #154 ) ;
#1935 = VECTOR ( 'NONE', #1409, 1000.000000000000000 ) ;
#1936 = ADVANCED_FACE ( 'NONE', ( #2276 ), #4490, .F. ) ;
#1937 = ORIENTED_EDGE ( 'NONE', *, *, #3701, .F. ) ;
#1938 = EDGE_LOOP ( 'NONE', ( #7618, #3078, #6041, #6683, #1460 ) ) ;
#1939 = DIRECTION ( 'NONE',  ( -0.7071067811866899033, -1.668689935513073945E-14, 0.7071067811864052421 ) ) ;
#1940 = VECTOR ( 'NONE', #2600, 1000.000000000000000 ) ;
#1941 = DIRECTION ( 'NONE',  ( 0.000000000000000000, 0.000000000000000000, -1.000000000000000000 ) ) ;
#1942 = DIRECTION ( 'NONE',  ( 0.4999999999999983902, -0.8660254037844395958, 0.000000000000000000 ) ) ;
#1943 = FACE_BOUND ( 'NONE', #5652, .T. ) ;
#1944 = DIRECTION ( 'NONE',  ( -1.275664639488986021E-15, 4.175048060655008194E-16, 1.000000000000000000 ) ) ;
#1945 = CYLINDRICAL_SURFACE ( 'NONE', #9216, 1.200000000000010170 ) ;
#1946 = ORIENTED_EDGE ( 'NONE', *, *, #2441, .T. ) ;
#1947 = ORIENTED_EDGE ( 'NONE', *, *, #509, .F. ) ;
#1948 = ADVANCED_FACE ( 'NONE', ( #3375 ), #4185, .T. ) ;
#1949 = ORIENTED_EDGE ( 'NONE', *, *, #4722, .F. ) ;
#1950 = VECTOR ( 'NONE', #8522, 1000.000000000000000 ) ;
#1951 = VERTEX_POINT ( 'NONE', #7773 ) ;
#1952 = ORIENTED_EDGE ( 'NONE', *, *, #3173, .F. ) ;
#1953 = LINE ( 'NONE', #8476, #2780 ) ;
#1954 = DIRECTION ( 'NONE',  ( -0.7071067811864529817, 5.990616658972930037E-15, -0.7071067811866420527 ) ) ;
#1955 = CARTESIAN_POINT ( 'NONE',  ( 104.6479001739019878, 176.8587965372884980, 181.0501160567395118 ) ) ;
#1956 = DIRECTION ( 'NONE',  ( -1.000000000000000000, 0.000000000000000000, 0.000000000000000000 ) ) ;
#1957 = LINE ( 'NONE', #4761, #6094 ) ;
#1958 = VECTOR ( 'NONE', #998, 1000.000000000000000 ) ;
#1959 = VERTEX_POINT ( 'NONE', #3916 ) ;
#1960 = LINE ( 'NONE', #531, #6478 ) ;
#1961 = EDGE_CURVE ( 'NONE', #36, #9011, #4377, .T. ) ;
#1962 = ORIENTED_EDGE ( 'NONE', *, *, #1820, .F. ) ;
#1963 = CYLINDRICAL_SURFACE ( 'NONE', #1996, 1.700000000000007061 ) ;
#1964 = PLANE ( 'NONE',  #3897 ) ;
#1965 = CARTESIAN_POINT ( 'NONE',  ( 105.8479001739020049, 172.6583830282139900, 165.6113888862245176 ) ) ;
#1966 = DIRECTION ( 'NONE',  ( -0.7071067811865139330, 0.08910739959862720716, 0.7014697936025598990 ) ) ;
#1967 = CARTESIAN_POINT ( 'NONE',  ( 6.200000000000001954, -3.810511776651529292, 0.000000000000000000 ) ) ;
#1968 = AXIS2_PLACEMENT_3D ( 'NONE', #7246, #47, #541 ) ;
#1969 = LINE ( 'NONE', #6468, #4282 ) ;
#1970 = CARTESIAN_POINT ( 'NONE',  ( 2.800000000000001599, 4.849742261192856674, 0.5999999999999999778 ) ) ;
#1971 = EDGE_CURVE ( 'NONE', #9503, #2966, #6369, .T. ) ;
#1973 = EDGE_CURVE ( 'NONE', #3982, #4882, #7099, .T. ) ;
#1972 = ORIENTED_EDGE ( 'NONE', *, *, #3257, .T. ) ;
#1974 = ORIENTED_EDGE ( 'NONE', *, *, #4110, .F. ) ;
#1975 = VECTOR ( 'NONE', #3932, 1000.000000000000000 ) ;
#1976 = ORIENTED_EDGE ( 'NONE', *, *, #6969, .T. ) ;
#1977 = EDGE_CURVE ( 'NONE', #5004, #8379, #6873, .T. ) ;
#1978 = LINE ( 'NONE', #4141, #1754 ) ;
#1979 = VERTEX_POINT ( 'NONE', #4233 ) ;
#1980 = CARTESIAN_POINT ( 'NONE',  ( 124.3594733917878870, 121.1320102867271231, 152.3583964748175106 ) ) ;
#1981 = PLANE ( 'NONE',  #2239 ) ;
#1982 = DIRECTION ( 'NONE',  ( -1.332169591021890008E-15, -2.194577184376889908E-48, 1.000000000000000000 ) ) ;
#1983 = ORIENTED_EDGE ( 'NONE', *, *, #8209, .T. ) ;
#1984 = EDGE_LOOP ( 'NONE', ( #3253, #1118, #5578, #6295 ) ) ;
#1985 = AXIS2_PLACEMENT_3D ( 'NONE', #8200, #3086, #6030 ) ;
#1986 = VECTOR ( 'NONE', #1352, 1000.000000000000000 ) ;
#1987 = DIRECTION ( 'NONE',  ( 2.003086131649548268E-15, -1.000000000000000000, 0.000000000000000000 ) ) ;
#1988 = FACE_BOUND ( 'NONE', #6352, .T. ) ;
#1989 = DIRECTION ( 'NONE',  ( 0.000000000000000000, -4.326681131221240423E-15, 1.000000000000000000 ) ) ;
#1990 = EDGE_CURVE ( 'NONE', #836, #7263, #986, .T. ) ;
#1991 = DIRECTION ( 'NONE',  ( 1.000000000000000000, -5.923677312709590618E-16, -1.753760784805190104E-30 ) ) ;
#1992 = DIRECTION ( 'NONE',  ( 1.744174030142317769E-15, 0.8660254037844383745, -0.5000000000000004441 ) ) ;
#1993 = FACE_OUTER_BOUND ( 'NONE', #3521, .T. ) ;
#1994 = EDGE_LOOP ( 'NONE', ( #9197, #6946, #8624, #4717, #7956 ) ) ;
#1995 = VERTEX_POINT ( 'NONE', #3512 ) ;
#1996 = AXIS2_PLACEMENT_3D ( 'NONE', #7050, #6462, #3327 ) ;
#1997 = VERTEX_POINT ( 'NONE', #1743 ) ;
#1998 = ORIENTED_EDGE ( 'NONE', *, *, #4549, .T. ) ;
#1999 = ORIENTED_EDGE ( 'NONE', *, *, #2113, .F. ) ;
#2000 = CARTESIAN_POINT ( 'NONE',  ( 105.8479001739020049, 172.6583834233365167, 142.2994945258154189 ) ) ;
#2001 = CIRCLE ( 'NONE', #8328, 1.599999999999962563 ) ;
#2002 = LINE ( 'NONE', #3452, #1241 ) ;
#2003 = CARTESIAN_POINT ( 'NONE',  ( 124.9594733917878955, 133.7320102867271316, 152.7048066363312557 ) ) ;
#2004 = EDGE_CURVE ( 'NONE', #4882, #5055, #2017, .T. ) ;
#2005 = DIRECTION ( 'NONE',  ( -0.8660254037844382635, -0.5000000000000006661, 0.000000000000000000 ) ) ;
#2006 = CARTESIAN_POINT ( 'NONE',  ( -5.600000000000001421, 0.000000000000000000, 0.5999999999999999778 ) ) ;
#2007 = PLANE ( 'NONE',  #854 ) ;
#2008 = ORIENTED_EDGE ( 'NONE', *, *, #1035, .T. ) ;
#2009 = DIRECTION ( 'NONE',  ( 0.000000000000000000, 1.000000000000000000, 0.000000000000000000 ) ) ;
#2010 = ORIENTED_EDGE ( 'NONE', *, *, #9218, .T. ) ;
#2011 = VECTOR ( 'NONE', #2431, 1000.000000000000000 ) ;
#2012 = CARTESIAN_POINT ( 'NONE',  ( 124.9594733917879950, 154.1587965372885094, 134.0501160567391992 ) ) ;
#2013 = DIRECTION ( 'NONE',  ( -1.000000000000000000, 0.000000000000000000, 0.000000000000000000 ) ) ;
#2014 = EDGE_CURVE ( 'NONE', #2764, #2070, #6324, .T. ) ;
#2015 = CARTESIAN_POINT ( 'NONE',  ( 18.40000000000000213, -3.233161507461906226, 0.5999999999999999778 ) ) ;
#2016 = CARTESIAN_POINT ( 'NONE',  ( 103.9741737144430118, 121.3221525309299977, 180.7501160567389888 ) ) ;
#2017 = LINE ( 'NONE', #9312, #1156 ) ;
#2018 = AXIS2_PLACEMENT_3D ( 'NONE', #7961, #4184, #8581 ) ;
#2019 = PLANE ( 'NONE',  #6919 ) ;
#2020 = CARTESIAN_POINT ( 'NONE',  ( 24.00000000000002132, -28.17469313645374385, 0.000000000000000000 ) ) ;
#2021 = ORIENTED_EDGE ( 'NONE', *, *, #7139, .F. ) ;
#2022 = VERTEX_POINT ( 'NONE', #8360 ) ;
#2023 = VERTEX_POINT ( 'NONE', #5598 ) ;
#2024 = DIRECTION ( 'NONE',  ( 1.000000000000000000, -1.184735462541918124E-15, -4.316747070439680032E-30 ) ) ;
#2025 = ADVANCED_FACE ( 'NONE', ( #539 ), #2651, .F. ) ;
#2026 = ORIENTED_EDGE ( 'NONE', *, *, #4684, .T. ) ;
#2027 = ADVANCED_FACE ( 'NONE', ( #3202 ), #7818, .F. ) ;
#2028 = FACE_OUTER_BOUND ( 'NONE', #8684, .T. ) ;
#2029 = CARTESIAN_POINT ( 'NONE',  ( 29.20000000000002061, -17.32050807568879236, 0.5999999999999999778 ) ) ;
#2030 = EDGE_CURVE ( 'NONE', #3148, #496, #7913, .T. ) ;
#2031 = CARTESIAN_POINT ( 'NONE',  ( 103.4479001739019992, 167.6870482304299799, 121.9612104623554103 ) ) ;
#2032 = ORIENTED_EDGE ( 'NONE', *, *, #3444, .F. ) ;
#2033 = ORIENTED_EDGE ( 'NONE', *, *, #9176, .T. ) ;
#2034 = EDGE_CURVE ( 'NONE', #8283, #5873, #5697, .T. ) ;
#2035 = FACE_OUTER_BOUND ( 'NONE', #7331, .T. ) ;
#2036 = DIRECTION ( 'NONE',  ( -0.8660254037844384856, 0.5000000000000002220, 0.000000000000000000 ) ) ;
#2037 = PLANE ( 'NONE',  #8836 ) ;
#2038 = DIRECTION ( 'NONE',  ( 1.360023205165754048E-15, -3.412068829982400571E-15, 1.000000000000000000 ) ) ;
#2039 = DIRECTION ( 'NONE',  ( 0.000000000000000000, -1.000000000000000000, -7.287275863554980679E-15 ) ) ;
#2040 = AXIS2_PLACEMENT_3D ( 'NONE', #1462, #8119, #2273 ) ;
#2041 = CARTESIAN_POINT ( 'NONE',  ( 124.9594733917878955, 145.3320102867271260, 165.8683927738547652 ) ) ;
#2042 = EDGE_LOOP ( 'NONE', ( #6922, #2778, #2676, #8047 ) ) ;
#2043 = ORIENTED_EDGE ( 'NONE', *, *, #881, .T. ) ;
#2044 = ORIENTED_EDGE ( 'NONE', *, *, #7378, .T. ) ;
#2045 = EDGE_CURVE ( 'NONE', #3573, #139, #9408, .T. ) ;
#2046 = ORIENTED_EDGE ( 'NONE', *, *, #924, .F. ) ;
#2047 = DIRECTION ( 'NONE',  ( 0.8660254037844388186, 0.4999999999999998335, 0.000000000000000000 ) ) ;
#2048 = CARTESIAN_POINT ( 'NONE',  ( 124.3594733917879154, 145.1320102867271373, 145.4301932445420391 ) ) ;
#2049 = DIRECTION ( 'NONE',  ( -1.744174030142317374E-15, -0.8660254037844385966, 0.5000000000000001110 ) ) ;
#2050 = DIRECTION ( 'NONE',  ( 0.8660254037844383745, 0.5000000000000003331, 0.000000000000000000 ) ) ;
#2051 = CARTESIAN_POINT ( 'NONE',  ( 103.4479001739019992, 174.0571698476069855, 170.4379381348124696 ) ) ;
#2052 = ORIENTED_EDGE ( 'NONE', *, *, #2615, .F. ) ;
#2053 = VECTOR ( 'NONE', #5201, 1000.000000000000000 ) ;
#2054 = DIRECTION ( 'NONE',  ( 0.4999999999999997224, 0.8660254037844388186, -0.000000000000000000 ) ) ;
#2055 = ORIENTED_EDGE ( 'NONE', *, *, #4166, .T. ) ;
#2056 = EDGE_CURVE ( 'NONE', #7843, #4933, #5368, .T. ) ;
#2057 = VECTOR ( 'NONE', #813, 1000.000000000000000 ) ;
#2058 = CARTESIAN_POINT ( 'NONE',  ( 11.60000000000000497, -6.928203230275511437, 0.000000000000000000 ) ) ;
#2059 = DIRECTION ( 'NONE',  ( -1.744174030142317769E-15, -0.8660254037844384856, 0.5000000000000002220 ) ) ;
#2060 = VECTOR ( 'NONE', #8427, 1000.000000000000000 ) ;
#2061 = LINE ( 'NONE', #1349, #9035 ) ;
#2062 = LINE ( 'NONE', #538, #2478 ) ;
#2063 = FACE_OUTER_BOUND ( 'NONE', #1355, .T. ) ;
#2064 = DIRECTION ( 'NONE',  ( -0.7071067811865631159, 5.990616658972260294E-15, -0.7071067811865320296 ) ) ;
#2066 = CARTESIAN_POINT ( 'NONE',  ( 118.0699540685230176, 129.3613257594832078, 169.4033123135855021 ) ) ;
#2065 = PRODUCT_DEFINITION_SHAPE ( 'NONE', 'NONE',  #9534 ) ;
#2067 = ORIENTED_EDGE ( 'NONE', *, *, #7227, .F. ) ;
#2068 = CIRCLE ( 'NONE', #7165, 3.000000000000002665 ) ;
#2069 = EDGE_CURVE ( 'NONE', #7602, #7342, #4638, .T. ) ;
#2070 = VERTEX_POINT ( 'NONE', #3467 ) ;
#2071 = VERTEX_POINT ( 'NONE', #6418 ) ;
#2072 = FACE_OUTER_BOUND ( 'NONE', #6018, .T. ) ;
#2073 = ORIENTED_EDGE ( 'NONE', *, *, #5331, .F. ) ;
#2074 = VECTOR ( 'NONE', #8719, 1000.000000000000000 ) ;
#2075 = CARTESIAN_POINT ( 'NONE',  ( 6.200000000000001954, -3.810511776651529292, 0.000000000000000000 ) ) ;
#2076 = DIRECTION ( 'NONE',  ( 0.7071067811865890951, -0.4999999999999715783, 0.4999999999999695244 ) ) ;
#2077 = DIRECTION ( 'NONE',  ( 0.4999999999999999445, 0.8660254037844387076, -0.000000000000000000 ) ) ;
#2078 = EDGE_CURVE ( 'NONE', #7845, #6117, #7328, .T. ) ;
#2079 = VERTEX_POINT ( 'NONE', #5835 ) ;
#2080 = EDGE_CURVE ( 'NONE', #9268, #836, #8390, .T. ) ;
#2081 = AXIS2_PLACEMENT_3D ( 'NONE', #6394, #7841, #1135 ) ;
#2082 = ORIENTED_EDGE ( 'NONE', *, *, #5702, .T. ) ;
#2083 = CARTESIAN_POINT ( 'NONE',  ( 24.40000000000000924, -21.01554979850239491, 0.5999999999999999778 ) ) ;
#2084 = DIRECTION ( 'NONE',  ( 1.000000000000000000, -1.210939508638132030E-15, 1.277902559593765872E-15 ) ) ;
#2085 = CARTESIAN_POINT ( 'NONE',  ( 105.2908226684699997, 116.3659033184497957, 180.5501160567390002 ) ) ;
#2086 = LINE ( 'NONE', #7985, #5199 ) ;
#2087 = CARTESIAN_POINT ( 'NONE',  ( 124.9594733917879239, 145.1320102867271373, 172.4501858426164915 ) ) ;
#2088 = VECTOR ( 'NONE', #7010, 1000.000000000000000 ) ;
#2089 =( BOUNDED_CURVE ( )  B_SPLINE_CURVE ( 3, ( #4720, #1151, #2547, #970 ),
 .UNSPECIFIED., .F., .F. ) 
 B_SPLINE_CURVE_WITH_KNOTS ( ( 4, 4 ),
 ( 5.497787143782379538, 6.283185307179590673 ),
 .UNSPECIFIED. ) 
 CURVE ( )  GEOMETRIC_REPRESENTATION_ITEM ( )  RATIONAL_B_SPLINE_CURVE ( ( 1.000000000000000000, 0.9492530216742219862, 0.9492530216742219862, 1.000000000000000000 ) ) 
 REPRESENTATION_ITEM ( '' )  );
#2090 = CARTESIAN_POINT ( 'NONE',  ( 124.9594733917878955, 133.3320102867271260, 152.7048066363312557 ) ) ;
#2091 = VERTEX_POINT ( 'NONE', #5110 ) ;
#2092 = ORIENTED_EDGE ( 'NONE', *, *, #574, .T. ) ;
#2093 = EDGE_CURVE ( 'NONE', #7519, #1750, #729, .T. ) ;
#2094 = VERTEX_POINT ( 'NONE', #6656 ) ;
#2095 = EDGE_CURVE ( 'NONE', #291, #7365, #394, .T. ) ;
#2096 = VERTEX_POINT ( 'NONE', #2112 ) ;
#2097 = VECTOR ( 'NONE', #7144, 1000.000000000000000 ) ;
#2098 = DIRECTION ( 'NONE',  ( -1.332169591021890008E-15, -3.379091138490570313E-15, 1.000000000000000000 ) ) ;
#2099 = DIRECTION ( 'NONE',  ( 0.000000000000000000, 1.000000000000000000, 0.000000000000000000 ) ) ;
#2100 = PLANE ( 'NONE',  #9194 ) ;
#2101 = CARTESIAN_POINT ( 'NONE',  ( 121.9594733917879950, 175.1585906126184966, 173.4500716728244925 ) ) ;
#2102 = LINE ( 'NONE', #2927, #6397 ) ;
#2103 = VERTEX_POINT ( 'NONE', #8056 ) ;
#2104 = ORIENTED_EDGE ( 'NONE', *, *, #6826, .T. ) ;
#2105 = AXIS2_PLACEMENT_3D ( 'NONE', #1815, #1244, #481 ) ;
#2106 = ORIENTED_EDGE ( 'NONE', *, *, #8201, .T. ) ;
#2107 = AXIS2_PLACEMENT_3D ( 'NONE', #6348, #8555, #9236 ) ;
#2108 = DIRECTION ( 'NONE',  ( -8.092255008291029429E-31, -4.326681131221240423E-15, 1.000000000000000000 ) ) ;
#2109 = CARTESIAN_POINT ( 'NONE',  ( 117.4594733917879950, 119.9496176806358108, 181.0501160567390002 ) ) ;
#2110 = LINE ( 'NONE', #5107, #7049 ) ;
#2111 = CARTESIAN_POINT ( 'NONE',  ( 103.8479001739019907, 175.4587965372875260, 151.9504045976685234 ) ) ;
#2112 = CARTESIAN_POINT ( 'NONE',  ( 18.40000000000001634, -16.62768775266123811, 0.5999999999999999778 ) ) ;
#2113 = EDGE_CURVE ( 'NONE', #7342, #7732, #8679, .T. ) ;
#2114 = CARTESIAN_POINT ( 'NONE',  ( 124.3594733917878870, 121.9320102867271203, 145.6611333522178313 ) ) ;
#2115 = EDGE_LOOP ( 'NONE', ( #7386, #8868, #4476, #7224 ) ) ;
#2116 = ORIENTED_EDGE ( 'NONE', *, *, #9219, .T. ) ;
#2117 = ORIENTED_EDGE ( 'NONE', *, *, #305, .F. ) ;
#2118 = ORIENTED_EDGE ( 'NONE', *, *, #630, .T. ) ;
#2119 = DIRECTION ( 'NONE',  ( -0.7071067811865475727, -4.315147700021208859E-15, 0.7071067811865475727 ) ) ;
#2120 = ORIENTED_EDGE ( 'NONE', *, *, #5891, .F. ) ;
#2121 = ADVANCED_FACE ( 'NONE', ( #2063 ), #1398, .F. ) ;
#2122 = FACE_OUTER_BOUND ( 'NONE', #5677, .T. ) ;
#2123 = DIRECTION ( 'NONE',  ( 1.000000000000000000, -1.210939508638132030E-15, 1.277902559593765872E-15 ) ) ;
#2124 = DIRECTION ( 'NONE',  ( 4.685093906533309590E-16, 0.8660254037844385966, 0.5000000000000001110 ) ) ;
#2125 = AXIS2_PLACEMENT_3D ( 'NONE', #8270, #2963, #8980 ) ;
#2126 = ORIENTED_EDGE ( 'NONE', *, *, #4903, .F. ) ;
#2127 = ORIENTED_EDGE ( 'NONE', *, *, #8780, .T. ) ;
#2129 = DIRECTION ( 'NONE',  ( -0.5000000000000008882, -0.8660254037844381525, 0.000000000000000000 ) ) ;
#2128 = VECTOR ( 'NONE', #5027, 1000.000000000000114 ) ;
#2130 = CARTESIAN_POINT ( 'NONE',  ( 124.3594733917879154, 139.9320102867271487, 145.4301932445419823 ) ) ;
#2131 = DIRECTION ( 'NONE',  ( 1.000000000000000000, -1.184735462541918124E-15, -4.316747070439680032E-30 ) ) ;
#2132 = EDGE_CURVE ( 'NONE', #6553, #5714, #8149, .T. ) ;
#2133 = CARTESIAN_POINT ( 'NONE',  ( 124.0592155665769951, 121.6221525309288012, 180.4501160567390059 ) ) ;
#2134 = CARTESIAN_POINT ( 'NONE',  ( 124.5594733917879893, 177.2587965372885037, 130.4501160567394038 ) ) ;
#2135 = CARTESIAN_POINT ( 'NONE',  ( 124.9594733917878955, 145.7320102867271316, 166.5612130968823124 ) ) ;
#2136 = VERTEX_POINT ( 'NONE', #9500 ) ;
#2137 = ORIENTED_EDGE ( 'NONE', *, *, #8687, .F. ) ;
#2138 = VERTEX_POINT ( 'NONE', #4328 ) ;
#2139 = VECTOR ( 'NONE', #3753, 1000.000000000000000 ) ;
#2140 = ORIENTED_EDGE ( 'NONE', *, *, #8233, .F. ) ;
#2141 = CARTESIAN_POINT ( 'NONE',  ( -0.3999999999999993006, -0.2309401076758502425, 0.000000000000000000 ) ) ;
#2142 = CARTESIAN_POINT ( 'NONE',  ( 124.3594733917878870, 127.1320102867271373, 148.6633547520038690 ) ) ;
#2143 = EDGE_CURVE ( 'NONE', #980, #6341, #2937, .T. ) ;
#2144 = ADVANCED_FACE ( 'NONE', ( #4281 ), #5747, .F. ) ;
#2145 = CARTESIAN_POINT ( 'NONE',  ( 124.3594733917879154, 139.1320102867271089, 145.4301932445419823 ) ) ;
#2146 = CARTESIAN_POINT ( 'NONE',  ( 124.9594733917879950, 154.1587965372885094, 134.0501160567391992 ) ) ;
#2147 = DIRECTION ( 'NONE',  ( 0.7071067811865617836, 0.08910724971329776756, -0.7014698126423628555 ) ) ;
#2148 = VECTOR ( 'NONE', #7485, 999.9999999999998863 ) ;
#2149 = ORIENTED_EDGE ( 'NONE', *, *, #6576, .T. ) ;
#2150 = ORIENTED_EDGE ( 'NONE', *, *, #4385, .T. ) ;
#2151 = ADVANCED_FACE ( 'NONE', ( #682 ), #7962, .T. ) ;
#2152 = ORIENTED_EDGE ( 'NONE', *, *, #5390, .F. ) ;
#2153 = AXIS2_PLACEMENT_3D ( 'NONE', #6457, #6316, #7858 ) ;
#2154 = CARTESIAN_POINT ( 'NONE',  ( 124.9594733917878813, 139.1320102867271373, 169.9098446581821236 ) ) ;
#2155 = DIRECTION ( 'NONE',  ( -1.000000000000000000, 0.000000000000000000, 0.000000000000000000 ) ) ;
#2156 = EDGE_CURVE ( 'NONE', #5808, #593, #1351, .T. ) ;
#2157 = CARTESIAN_POINT ( 'NONE',  ( 121.7594733917879921, 170.9867491937569923, 176.8500716728244981 ) ) ;
#2158 = FACE_OUTER_BOUND ( 'NONE', #4337, .T. ) ;
#2159 = FACE_OUTER_BOUND ( 'NONE', #2405, .T. ) ;
#2160 = VECTOR ( 'NONE', #632, 1000.000000000000000 ) ;
#2161 = CARTESIAN_POINT ( 'NONE',  ( 103.8479001739019907, 172.6583830282139900, 165.6113888862245176 ) ) ;
#2162 = ORIENTED_EDGE ( 'NONE', *, *, #391, .T. ) ;
#2163 = EDGE_LOOP ( 'NONE', ( #5784, #314, #4462, #8640 ) ) ;
#2164 = VERTEX_POINT ( 'NONE', #2987 ) ;
#2165 = ADVANCED_FACE ( 'NONE', ( #2159 ), #7245, .F. ) ;
#2166 = ORIENTED_EDGE ( 'NONE', *, *, #221, .F. ) ;
#2167 = PRODUCT_RELATED_PRODUCT_CATEGORY ( 'part', '', ( #5078 ) ) ;
#2168 = VECTOR ( 'NONE', #5176, 1000.000000000000000 ) ;
#2169 = PLANE ( 'NONE',  #4977 ) ;
#2170 = ORIENTED_EDGE ( 'NONE', *, *, #8408, .T. ) ;
#2171 = UNCERTAINTY_MEASURE_WITH_UNIT (LENGTH_MEASURE( 1.000000000000000082E-05 ), #8605, 'distance_accuracy_value', 'NONE');
#2172 = PLANE ( 'NONE',  #1208 ) ;
#2173 = LINE ( 'NONE', #7111, #7803 ) ;
#2174 = ORIENTED_EDGE ( 'NONE', *, *, #6936, .F. ) ;
#2175 = DIRECTION ( 'NONE',  ( -1.184735462541918124E-15, -1.000000000000000000, -1.327315082208892003E-14 ) ) ;
#2176 = CIRCLE ( 'NONE', #7582, 1.200000000000006617 ) ;
#2177 = ORIENTED_EDGE ( 'NONE', *, *, #5579, .T. ) ;
#2178 = ORIENTED_EDGE ( 'NONE', *, *, #8867, .T. ) ;
#2179 = EDGE_CURVE ( 'NONE', #2022, #1638, #8817, .T. ) ;
#2180 = LINE ( 'NONE', #8929, #6669 ) ;
#2181 = VECTOR ( 'NONE', #7326, 1000.000000000000000 ) ;
#2182 = DIRECTION ( 'NONE',  ( 4.316747070439684937E-30, 0.000000000000000000, 1.000000000000000000 ) ) ;
#2183 = DIRECTION ( 'NONE',  ( -1.000000000000000000, 1.184735462541918124E-15, 4.316747070439680032E-30 ) ) ;
#2184 = CARTESIAN_POINT ( 'NONE',  ( 124.3594733917879012, 128.3320102867271260, 141.9660916294042465 ) ) ;
#2185 = CARTESIAN_POINT ( 'NONE',  ( 124.3594733917878870, 122.3320102867271260, 152.3583964748175106 ) ) ;
#2186 = DIRECTION ( 'NONE',  ( -1.000000000000000000, 1.165921558532974047E-15, -1.481065031799679690E-16 ) ) ;
#2187 = DIRECTION ( 'NONE',  ( -0.000000000000000000, -0.000000000000000000, -1.000000000000000000 ) ) ;
#2188 = ORIENTED_EDGE ( 'NONE', *, *, #42, .T. ) ;
#2189 = VERTEX_POINT ( 'NONE', #5154 ) ;
#2190 = VERTEX_POINT ( 'NONE', #3699 ) ;
#2191 = AXIS2_PLACEMENT_3D ( 'NONE', #562, #3307, #7123 ) ;
#2192 = EDGE_LOOP ( 'NONE', ( #7062, #4810, #379, #5890 ) ) ;
#2193 = ADVANCED_FACE ( 'NONE', ( #9455 ), #5934, .F. ) ;
#2194 = DIRECTION ( 'NONE',  ( -1.301042606982607530E-14, -1.000000000000000000, -8.673617379884051249E-15 ) ) ;
#2195 = CARTESIAN_POINT ( 'NONE',  ( 104.6479001739019878, 179.1630369688814994, 178.7458756251464820 ) ) ;
#2196 = LINE ( 'NONE', #718, #5661 ) ;
#2197 = LINE ( 'NONE', #4317, #3877 ) ;
#2198 = LINE ( 'NONE', #2882, #1924 ) ;
#2199 = EDGE_LOOP ( 'NONE', ( #8059, #6284, #1693, #6308 ) ) ;
#2200 = ORIENTED_EDGE ( 'NONE', *, *, #8594, .F. ) ;
#2201 = VECTOR ( 'NONE', #8771, 1000.000000000000000 ) ;
#2202 = EDGE_CURVE ( 'NONE', #9507, #8495, #5792, .T. ) ;
#2203 = EDGE_CURVE ( 'NONE', #3136, #4556, #5061, .T. ) ;
#2204 = DIRECTION ( 'NONE',  ( 0.8660254037844395958, 0.4999999999999983347, 0.000000000000000000 ) ) ;
#2205 = LINE ( 'NONE', #777, #8226 ) ;
#2206 = LINE ( 'NONE', #5152, #1795 ) ;
#2207 = CARTESIAN_POINT ( 'NONE',  ( 23.60000000000000497, -27.01999259807448439, 0.000000000000000000 ) ) ;
#2208 = CARTESIAN_POINT ( 'NONE',  ( 0.7999999999999977129, -6.928203230275511437, 0.000000000000000000 ) ) ;
#2209 = VECTOR ( 'NONE', #8716, 1000.000000000000000 ) ;
#2210 = FACE_BOUND ( 'NONE', #9425, .T. ) ;
#2211 = ORIENTED_EDGE ( 'NONE', *, *, #7552, .F. ) ;
#2212 = VERTEX_POINT ( 'NONE', #2348 ) ;
#2213 = ORIENTED_EDGE ( 'NONE', *, *, #7238, .F. ) ;
#2214 = EDGE_CURVE ( 'NONE', #1484, #7364, #4519, .T. ) ;
#2215 = AXIS2_PLACEMENT_3D ( 'NONE', #7791, #4109, #7837 ) ;
#2216 = ORIENTED_EDGE ( 'NONE', *, *, #2543, .F. ) ;
#2217 = DIRECTION ( 'NONE',  ( 4.660113001930857524E-16, -0.4999999999999996669, -0.8660254037844388186 ) ) ;
#2218 = VERTEX_POINT ( 'NONE', #6805 ) ;
#2219 = DIRECTION ( 'NONE',  ( 0.000000000000000000, 1.000000000000000000, 0.000000000000000000 ) ) ;
#2220 = DIRECTION ( 'NONE',  ( -1.000000000000000000, 0.000000000000000000, -0.000000000000000000 ) ) ;
#2221 = VECTOR ( 'NONE', #6513, 1000.000000000000000 ) ;
#2222 = FACE_OUTER_BOUND ( 'NONE', #3807, .T. ) ;
#2223 = ORIENTED_EDGE ( 'NONE', *, *, #7875, .F. ) ;
#2224 = ORIENTED_EDGE ( 'NONE', *, *, #6544, .T. ) ;
#2225 = VECTOR ( 'NONE', #187, 1000.000000000000000 ) ;
#2226 = LINE ( 'NONE', #8167, #2822 ) ;
#2227 = LINE ( 'NONE', #3577, #3405 ) ;
#2228 = FACE_OUTER_BOUND ( 'NONE', #9286, .T. ) ;
#2229 = DIRECTION ( 'NONE',  ( 0.8660254037844395958, 0.4999999999999983347, 0.000000000000000000 ) ) ;
#2230 = APPLICATION_PROTOCOL_DEFINITION ( 'draft international standard', 'automotive_design', 1998, #5320 ) ;
#2231 = DIRECTION ( 'NONE',  ( 2.003086131649548268E-15, -1.000000000000000000, 0.000000000000000000 ) ) ;
#2232 = EDGE_CURVE ( 'NONE', #8708, #9226, #200, .T. ) ;
#2233 = PLANE ( 'NONE',  #5692 ) ;
#2234 = EDGE_LOOP ( 'NONE', ( #4341, #1015 ) ) ;
#2235 = ORIENTED_EDGE ( 'NONE', *, *, #3343, .T. ) ;
#2236 = VECTOR ( 'NONE', #6538, 1000.000000000000000 ) ;
#2237 = ORIENTED_EDGE ( 'NONE', *, *, #3214, .T. ) ;
#2238 = VERTEX_POINT ( 'NONE', #3181 ) ;
#2239 = AXIS2_PLACEMENT_3D ( 'NONE', #8021, #4247, #2758 ) ;
#2240 = CARTESIAN_POINT ( 'NONE',  ( 124.5594733917879893, 177.2587965372885037, 140.9121520940344112 ) ) ;
#2241 = DIRECTION ( 'NONE',  ( -0.7079026704736599562, 3.894655526202069482E-15, -0.7063099950703378704 ) ) ;
#2242 = DIRECTION ( 'NONE',  ( 1.000000000000000000, -1.210939508638132030E-15, 1.277902559593765872E-15 ) ) ;
#2243 = DIRECTION ( 'NONE',  ( -1.184735462541920096E-15, -1.000000000000000000, -3.379091138490570313E-15 ) ) ;
#2244 = DIRECTION ( 'NONE',  ( -1.000000000000000000, 1.184735462541918124E-15, 2.740251226258260273E-29 ) ) ;
#2245 = EDGE_CURVE ( 'NONE', #2619, #9327, #3943, .T. ) ;
#2246 = DIRECTION ( 'NONE',  ( -4.685093906533305646E-16, -0.8660254037844384856, -0.5000000000000002220 ) ) ;
#2247 = ORIENTED_EDGE ( 'NONE', *, *, #6405, .F. ) ;
#2248 = ORIENTED_EDGE ( 'NONE', *, *, #5522, .F. ) ;
#2249 = AXIS2_PLACEMENT_3D ( 'NONE', #9474, #1939, #7835 ) ;
#2250 = ORIENTED_EDGE ( 'NONE', *, *, #9528, .T. ) ;
#2251 = CARTESIAN_POINT ( 'NONE',  ( 6.000000000000001776, 3.925981830489454261, 0.000000000000000000 ) ) ;
#2252 = CARTESIAN_POINT ( 'NONE',  ( 121.7594733917879921, 173.4585906126184796, 175.1500716728245095 ) ) ;
#2253 = FACE_OUTER_BOUND ( 'NONE', #7412, .T. ) ;
#2254 = CARTESIAN_POINT ( 'NONE',  ( 103.4479001739019992, 176.6587965372889926, 130.9329587692143946 ) ) ;
#2255 = CARTESIAN_POINT ( 'NONE',  ( 118.0699540685230176, 129.3613257594830088, 180.4501160567390059 ) ) ;
#2256 = AXIS2_PLACEMENT_3D ( 'NONE', #7574, #3798, #6757 ) ;
#2257 = ADVANCED_FACE ( 'NONE', ( #8245 ), #8958, .F. ) ;
#2258 = CARTESIAN_POINT ( 'NONE',  ( -0.2000000000000027867, -7.274613391789286787, 0.5999999999999999778 ) ) ;
#2259 = EDGE_LOOP ( 'NONE', ( #1404, #7780, #3851, #7450 ) ) ;
#2260 = AXIS2_PLACEMENT_3D ( 'NONE', #2397, #1011, #2346 ) ;
#2261 = VERTEX_POINT ( 'NONE', #7625 ) ;
#2262 = FACE_BOUND ( 'NONE', #5116, .T. ) ;
#2263 = ORIENTED_EDGE ( 'NONE', *, *, #4670, .T. ) ;
#2264 = EDGE_CURVE ( 'NONE', #5065, #6163, #5251, .T. ) ;
#2265 = CARTESIAN_POINT ( 'NONE',  ( 124.3594733917878870, 121.9320102867271203, 145.4301932445419823 ) ) ;
#2266 = EDGE_CURVE ( 'NONE', #2907, #6728, #1634, .T. ) ;
#2267 = CARTESIAN_POINT ( 'NONE',  ( 18.40000000000000213, -10.39230484541327293, 0.5999999999999999778 ) ) ;
#2268 = VECTOR ( 'NONE', #561, 1000.000000000000114 ) ;
#2269 = CARTESIAN_POINT ( 'NONE',  ( 124.3594733917879012, 132.7320102867271316, 152.3583964748175106 ) ) ;
#2270 = ADVANCED_FACE ( 'NONE', ( #296 ), #4568, .T. ) ;
#2271 = VERTEX_POINT ( 'NONE', #7530 ) ;
#2272 = ORIENTED_EDGE ( 'NONE', *, *, #1017, .T. ) ;
#2273 = DIRECTION ( 'NONE',  ( -0.8660254037844385966, -0.4999999999999998890, 0.000000000000000000 ) ) ;
#2274 = CARTESIAN_POINT ( 'NONE',  ( 5.999999999999998224, -9.930424630061564173, 0.000000000000000000 ) ) ;
#2275 = CARTESIAN_POINT ( 'NONE',  ( 124.9594733917879239, 121.1320102867271231, 151.6655761517899350 ) ) ;
#2276 = FACE_OUTER_BOUND ( 'NONE', #3666, .T. ) ;
#2277 = CARTESIAN_POINT ( 'NONE',  ( -0.4000000000000074052, -2.614739876170435969E-16, 0.5999999999999999778 ) ) ;
#2278 = CARTESIAN_POINT ( 'NONE',  ( -0.4000000000000027423, -7.159143337951362263, 0.5999999999999999778 ) ) ;
#2279 = AXIS2_PLACEMENT_3D ( 'NONE', #740, #5894, #8875 ) ;
#2280 = DIRECTION ( 'NONE',  ( -1.744174030142317572E-15, -0.8660254037844387076, 0.5000000000000001110 ) ) ;
#2281 = EDGE_LOOP ( 'NONE', ( #5241, #4546, #1765, #1842 ) ) ;
#2282 = VERTEX_POINT ( 'NONE', #6854 ) ;
#2283 = VERTEX_POINT ( 'NONE', #1058 ) ;
#2285 = EDGE_CURVE ( 'NONE', #1413, #9046, #3230, .T. ) ;
#2284 = VECTOR ( 'NONE', #423, 999.9999999999998863 ) ;
#2286 = LINE ( 'NONE', #4550, #7873 ) ;
#2287 = DIRECTION ( 'NONE',  ( 0.7071067811865918706, -0.7071067811865030528, -3.059425567918224970E-15 ) ) ;
#2288 = DIRECTION ( 'NONE',  ( -1.000000000000000000, 1.210939508638132030E-15, -1.277902559593765872E-15 ) ) ;
#2289 = DIRECTION ( 'NONE',  ( -0.4999999999999999445, 0.8660254037844387076, 0.000000000000000000 ) ) ;
#2290 = DIRECTION ( 'NONE',  ( 4.685093906533310576E-16, 0.8660254037844385966, 0.4999999999999999445 ) ) ;
#2291 = LINE ( 'NONE', #6162, #1975 ) ;
#2292 = ORIENTED_EDGE ( 'NONE', *, *, #868, .T. ) ;
#2293 = ORIENTED_EDGE ( 'NONE', *, *, #194, .T. ) ;
#2294 = VECTOR ( 'NONE', #2858, 1000.000000000000114 ) ;
#2295 = VERTEX_POINT ( 'NONE', #921 ) ;
#2296 = EDGE_CURVE ( 'NONE', #6872, #5535, #8294, .T. ) ;
#2297 = VERTEX_POINT ( 'NONE', #3846 ) ;
#2298 = VECTOR ( 'NONE', #5699, 1000.000000000000000 ) ;
#2299 = LINE ( 'NONE', #7333, #2160 ) ;
#2300 = PLANE ( 'NONE',  #6075 ) ;
#2301 = CARTESIAN_POINT ( 'NONE',  ( 124.3594733917878870, 130.7320102867271601, 161.3650606741756519 ) ) ;
#2302 = DIRECTION ( 'NONE',  ( 0.000000000000000000, 1.000000000000000000, 0.000000000000000000 ) ) ;
#2303 = CARTESIAN_POINT ( 'NONE',  ( 18.20000000000001350, -16.97409791417501168, 0.5999999999999999778 ) ) ;
#2304 = DIRECTION ( 'NONE',  ( 1.000000000000000000, -1.210939508638132030E-15, 1.277902559593765872E-15 ) ) ;
#2305 = ORIENTED_EDGE ( 'NONE', *, *, #5820, .T. ) ;
#2306 = AXIS2_PLACEMENT_3D ( 'NONE', #7810, #8572, #627 ) ;
#2307 = ORIENTED_EDGE ( 'NONE', *, *, #1037, .T. ) ;
#2308 = EDGE_CURVE ( 'NONE', #6151, #6787, #3129, .T. ) ;
#2309 = DIRECTION ( 'NONE',  ( 1.000000000000000000, -1.232504460548319946E-29, 1.332169591021894149E-15 ) ) ;
#2310 = EDGE_LOOP ( 'NONE', ( #4843, #8141, #760, #393, #3840 ) ) ;
#2311 = VECTOR ( 'NONE', #524, 1000.000000000000000 ) ;
#2312 = DIRECTION ( 'NONE',  ( -0.8660254037844385966, 0.5000000000000002220, 0.000000000000000000 ) ) ;
#2313 = FACE_OUTER_BOUND ( 'NONE', #424, .T. ) ;
#2314 = CARTESIAN_POINT ( 'NONE',  ( 104.6479001739019878, 176.3759538248140188, 130.6501160567393924 ) ) ;
#2315 = VERTEX_POINT ( 'NONE', #103 ) ;
#2316 = VECTOR ( 'NONE', #1941, 1000.000000000000000 ) ;
#2317 = VERTEX_POINT ( 'NONE', #2448 ) ;
#2318 = ADVANCED_FACE ( 'NONE', ( #7484 ), #1725, .T. ) ;
#2319 = EDGE_CURVE ( 'NONE', #9170, #8755, #2068, .T. ) ;
#2320 = CARTESIAN_POINT ( 'NONE',  ( 124.9594733917878955, 127.3320102867271402, 148.5478846981659728 ) ) ;
#2321 = LINE ( 'NONE', #5267, #6119 ) ;
#2322 = DIRECTION ( 'NONE',  ( 0.000000000000000000, 1.000000000000000000, 0.000000000000000000 ) ) ;
#2323 = CARTESIAN_POINT ( 'NONE',  ( 123.7249009915269937, 176.5587931559685160, 181.0501160567395118 ) ) ;
#2324 = EDGE_CURVE ( 'NONE', #6017, #1635, #9106, .T. ) ;
#2325 = DIRECTION ( 'NONE',  ( -1.000000000000000000, 1.210939508638132030E-15, -1.277902559593765872E-15 ) ) ;
#2326 = CARTESIAN_POINT ( 'NONE',  ( 124.9594733917879950, 154.1587965372885094, 134.0501160567391992 ) ) ;
#2327 = VECTOR ( 'NONE', #5204, 1000.000000000000000 ) ;
#2328 = CARTESIAN_POINT ( 'NONE',  ( 124.3594733917879012, 151.9320102867271487, 162.5197612125549256 ) ) ;
#2329 = ORIENTED_EDGE ( 'NONE', *, *, #3924, .T. ) ;
#2330 = ORIENTED_EDGE ( 'NONE', *, *, #5432, .T. ) ;
#2331 = ORIENTED_EDGE ( 'NONE', *, *, #3157, .T. ) ;
#2332 = ORIENTED_EDGE ( 'NONE', *, *, #1120, .F. ) ;
#2333 = EDGE_CURVE ( 'NONE', #5439, #9045, #9007, .T. ) ;
#2334 = PLANE ( 'NONE',  #4160 ) ;
#2335 = CARTESIAN_POINT ( 'NONE',  ( 124.9594733917879097, 139.9320102867271487, 156.0534381976310954 ) ) ;
#2336 = FACE_OUTER_BOUND ( 'NONE', #6446, .T. ) ;
#2337 = LINE ( 'NONE', #3786, #6040 ) ;
#2338 = CARTESIAN_POINT ( 'NONE',  ( 124.9594733917878813, 115.7320102867271174, 155.4760879284414727 ) ) ;
#2339 = DIRECTION ( 'NONE',  ( 1.000000000000000000, -1.184735462541918124E-15, -4.316747070439680032E-30 ) ) ;
#2340 = ORIENTED_EDGE ( 'NONE', *, *, #3683, .T. ) ;
#2341 = EDGE_LOOP ( 'NONE', ( #770, #5183, #8210, #1496 ) ) ;
#2342 = ORIENTED_EDGE ( 'NONE', *, *, #7192, .F. ) ;
#2343 = ORIENTED_EDGE ( 'NONE', *, *, #4084, .T. ) ;
#2344 = CARTESIAN_POINT ( 'NONE',  ( 105.8479001739020049, 175.4587965372880092, 142.2994946864583881 ) ) ;
#2345 = DIRECTION ( 'NONE',  ( -8.306899914445110852E-29, 4.489314163115885020E-15, -1.000000000000000000 ) ) ;
#2346 = DIRECTION ( 'NONE',  ( -1.000000000000000000, 0.000000000000000000, 0.000000000000000000 ) ) ;
#2347 = DIRECTION ( 'NONE',  ( 0.000000000000000000, -0.1260166810503263179, -0.9920281226341622904 ) ) ;
#2348 = CARTESIAN_POINT ( 'NONE',  ( 124.9594733917878813, 115.9320102867271203, 148.6633547520038974 ) ) ;
#2349 = VECTOR ( 'NONE', #1650, 1000.000000000000000 ) ;
#2350 = FACE_OUTER_BOUND ( 'NONE', #4285, .T. ) ;
#2351 = EDGE_CURVE ( 'NONE', #5738, #336, #7576, .T. ) ;
#2352 = EDGE_LOOP ( 'NONE', ( #3621, #3505, #5042, #5629 ) ) ;
#2353 = EDGE_LOOP ( 'NONE', ( #642, #8359, #9376, #8842 ) ) ;
#2354 = VECTOR ( 'NONE', #4812, 1000.000000000000000 ) ;
#2355 = CARTESIAN_POINT ( 'NONE',  ( 114.8841883292915327, 121.4904112914588978, 180.5818572962100461 ) ) ;
#2356 = DIRECTION ( 'NONE',  ( -0.8660254037844387076, -0.4999999999999999445, 0.000000000000000000 ) ) ;
#2357 = EDGE_LOOP ( 'NONE', ( #202, #3565, #2534, #3595, #2248 ) ) ;
#2358 = CARTESIAN_POINT ( 'NONE',  ( 120.6858752568550130, 121.0221525309287927, 181.0501160567390002 ) ) ;
#2359 = CYLINDRICAL_SURFACE ( 'NONE', #6566, 0.1999999999999953759 ) ;
#2360 = FACE_OUTER_BOUND ( 'NONE', #2455, .T. ) ;
#2361 = ADVANCED_FACE ( 'NONE', ( #2642 ), #2007, .F. ) ;
#2362 = AXIS2_PLACEMENT_3D ( 'NONE', #3589, #8803, #2099 ) ;
#2363 = ORIENTED_EDGE ( 'NONE', *, *, #4094, .F. ) ;
#2364 = ORIENTED_EDGE ( 'NONE', *, *, #8170, .F. ) ;
#2365 = DIRECTION ( 'NONE',  ( 1.184735462541920096E-15, 1.000000000000000000, 3.379091138490570313E-15 ) ) ;
#2366 = EDGE_CURVE ( 'NONE', #3221, #5304, #4531, .T. ) ;
#2367 = CARTESIAN_POINT ( 'NONE',  ( 17.80000000000001847, -17.66691823720256238, 0.000000000000000000 ) ) ;
#2368 = VECTOR ( 'NONE', #3213, 1000.000000000000000 ) ;
#2369 = LINE ( 'NONE', #122, #6962 ) ;
#2370 = CARTESIAN_POINT ( 'NONE',  ( 12.40000000000000391, -1.418955567684714834E-15, 0.5999999999999999778 ) ) ;
#2371 = DIRECTION ( 'NONE',  ( -1.000000000000000000, 0.000000000000000000, -0.000000000000000000 ) ) ;
#2372 = FACE_OUTER_BOUND ( 'NONE', #644, .T. ) ;
#2373 = LINE ( 'NONE', #9031, #6926 ) ;
#2374 = ADVANCED_FACE ( 'NONE', ( #1198 ), #8619, .F. ) ;
#2375 = EDGE_CURVE ( 'NONE', #5757, #4497, #7089, .T. ) ;
#2376 = ORIENTED_EDGE ( 'NONE', *, *, #1464, .F. ) ;
#2377 = EDGE_LOOP ( 'NONE', ( #4354, #7753, #4634, #8335, #7833, #1809 ) ) ;
#2378 = AXIS2_PLACEMENT_3D ( 'NONE', #1540, #4471, #827 ) ;
#2379 = ORIENTED_EDGE ( 'NONE', *, *, #4915, .F. ) ;
#2380 = DIRECTION ( 'NONE',  ( 0.8660254037844395958, 0.4999999999999983347, 0.000000000000000000 ) ) ;
#2381 = LINE ( 'NONE', #41, #1753 ) ;
#2382 = LINE ( 'NONE', #8325, #2418 ) ;
#2383 = DIRECTION ( 'NONE',  ( -0.000000000000000000, -1.000000000000000000, 0.000000000000000000 ) ) ;
#2384 = CIRCLE ( 'NONE', #5787, 1.699999999999993072 ) ;
#2385 = DIRECTION ( 'NONE',  ( -1.031850076821912185E-14, -0.7071067811865420216, 0.7071067811865531239 ) ) ;
#2386 = ADVANCED_FACE ( 'NONE', ( #5495 ), #3365, .T. ) ;
#2387 = ORIENTED_EDGE ( 'NONE', *, *, #912, .F. ) ;
#2388 = ADVANCED_FACE ( 'NONE', ( #8524 ), #9251, .T. ) ;
#2389 = VERTEX_POINT ( 'NONE', #6362 ) ;
#2390 = VERTEX_POINT ( 'NONE', #7762 ) ;
#2391 = EDGE_CURVE ( 'NONE', #5207, #2437, #7487, .T. ) ;
#2392 = EDGE_LOOP ( 'NONE', ( #8493, #3170, #459, #7978 ) ) ;
#2393 = VECTOR ( 'NONE', #2231, 1000.000000000000000 ) ;
#2394 = VERTEX_POINT ( 'NONE', #5586 ) ;
#2395 = DIRECTION ( 'NONE',  ( 0.000000000000000000, 0.000000000000000000, -1.000000000000000000 ) ) ;
#2396 = CARTESIAN_POINT ( 'NONE',  ( 121.9594733917879950, 144.7087965372757878, 155.7501160567389888 ) ) ;
#2397 = CARTESIAN_POINT ( 'NONE',  ( 117.4594733917879950, 119.9496176806358108, 181.0501160567390002 ) ) ;
#2398 = CARTESIAN_POINT ( 'NONE',  ( 117.8100015415119941, 176.3587931559684989, 180.8501160567394948 ) ) ;
#2399 = CARTESIAN_POINT ( 'NONE',  ( 124.3594733917879012, 145.1320102867271089, 166.2148029353685388 ) ) ;
#2400 = EDGE_LOOP ( 'NONE', ( #4655, #5893, #2677, #2476 ) ) ;
#2401 = AXIS2_PLACEMENT_3D ( 'NONE', #7395, #5310, #8257 ) ;
#2402 = FACE_OUTER_BOUND ( 'NONE', #4191, .T. ) ;
#2403 = EDGE_LOOP ( 'NONE', ( #7638, #2473, #2152, #5364 ) ) ;
#2404 = ORIENTED_EDGE ( 'NONE', *, *, #4928, .F. ) ;
#2405 = EDGE_LOOP ( 'NONE', ( #9389, #6573, #2787, #5090 ) ) ;
#2406 = CARTESIAN_POINT ( 'NONE',  ( 124.3594733917878870, 127.1320102867271373, 156.0534381976310954 ) ) ;
#2407 = CARTESIAN_POINT ( 'NONE',  ( 29.60000000000002629, -18.01332839871634306, 0.5999999999999999778 ) ) ;
#2408 = ADVANCED_FACE ( 'NONE', ( #7904 ), #1292, .T. ) ;
#2409 = ORIENTED_EDGE ( 'NONE', *, *, #8253, .T. ) ;
#2410 = LINE ( 'NONE', #5550, #8904 ) ;
#2411 = CARTESIAN_POINT ( 'NONE',  ( 12.00000000000000355, 0.4618802153516997633, 0.5999999999999999778 ) ) ;
#2412 = DIRECTION ( 'NONE',  ( 0.000000000000000000, -7.287275863554980679E-15, 1.000000000000000000 ) ) ;
#2413 = MECHANICAL_DESIGN_GEOMETRIC_PRESENTATION_REPRESENTATION (  '', ( #7813 ), #8274 ) ;
#2414 = VERTEX_POINT ( 'NONE', #6314 ) ;
#2415 = ORIENTED_EDGE ( 'NONE', *, *, #868, .F. ) ;
#2416 = FACE_OUTER_BOUND ( 'NONE', #6942, .T. ) ;
#2417 = EDGE_CURVE ( 'NONE', #460, #5375, #251, .T. ) ;
#2418 = VECTOR ( 'NONE', #3115, 1000.000000000000000 ) ;
#2419 = CARTESIAN_POINT ( 'NONE',  ( 124.3594733917878870, 115.9320102867271203, 145.4301932445419823 ) ) ;
#2420 = CARTESIAN_POINT ( 'NONE',  ( 124.9594733917878813, 118.3320102867271117, 150.9727558287624163 ) ) ;
#2421 = AXIS2_PLACEMENT_3D ( 'NONE', #4639, #7736, #317 ) ;
#2422 = LINE ( 'NONE', #1078, #6132 ) ;
#2423 = CARTESIAN_POINT ( 'NONE',  ( 121.6865956534820015, 180.1316742755950031, 169.0681856264615135 ) ) ;
#2424 = PLANE ( 'NONE',  #3231 ) ;
#2425 = ORIENTED_EDGE ( 'NONE', *, *, #6447, .F. ) ;
#2426 = VERTEX_POINT ( 'NONE', #5638 ) ;
#2427 = VERTEX_POINT ( 'NONE', #1911 ) ;
#2428 = EDGE_CURVE ( 'NONE', #5134, #447, #1817, .T. ) ;
#2430 = LINE ( 'NONE', #7789, #3331 ) ;
#2429 = AXIS2_PLACEMENT_3D ( 'NONE', #3422, #3468, #9313 ) ;
#2431 = DIRECTION ( 'NONE',  ( -0.8660254037844384856, 0.5000000000000002220, 0.000000000000000000 ) ) ;
#2432 = LINE ( 'NONE', #5330, #1602 ) ;
#2433 = PLANE ( 'NONE',  #6910 ) ;
#2434 = CARTESIAN_POINT ( 'NONE',  ( 124.9594733917879950, 176.4585906126184796, 175.1500716728245095 ) ) ;
#2435 = DIRECTION ( 'NONE',  ( -0.8660254037844388186, -0.4999999999999996114, 0.000000000000000000 ) ) ;
#2436 = ORIENTED_EDGE ( 'NONE', *, *, #8884, .F. ) ;
#2437 = VERTEX_POINT ( 'NONE', #6221 ) ;
#2438 = ORIENTED_EDGE ( 'NONE', *, *, #161, .T. ) ;
#2439 = VECTOR ( 'NONE', #8937, 999.9999999999998863 ) ;
#2440 = ORIENTED_EDGE ( 'NONE', *, *, #7294, .F. ) ;
#2441 = EDGE_CURVE ( 'NONE', #5113, #4556, #1957, .T. ) ;
#2442 = VERTEX_POINT ( 'NONE', #7716 ) ;
#2443 = EDGE_CURVE ( 'NONE', #3982, #3136, #528, .T. ) ;
#2444 = LINE ( 'NONE', #6217, #947 ) ;
#2445 = CARTESIAN_POINT ( 'NONE',  ( 124.9594733917878955, 139.7320102867271316, 162.4042911587170011 ) ) ;
#2446 = CARTESIAN_POINT ( 'NONE',  ( 121.9594733917879950, 171.7585906126184909, 134.3001160632323945 ) ) ;
#2447 = DIRECTION ( 'NONE',  ( 0.8660254037844387076, -0.5000000000000001110, 0.000000000000000000 ) ) ;
#2448 = CARTESIAN_POINT ( 'NONE',  ( 17.60000000000000142, 2.771281292110203687, 0.000000000000000000 ) ) ;
#2449 = VECTOR ( 'NONE', #356, 1000.000000000000000 ) ;
#2450 = EDGE_CURVE ( 'NONE', #3234, #4098, #9348, .T. ) ;
#2451 = ORIENTED_EDGE ( 'NONE', *, *, #3781, .F. ) ;
#2452 = CARTESIAN_POINT ( 'NONE',  ( 122.8594731736500023, 175.5583824951449969, 156.0884094836914926 ) ) ;
#2453 = VERTEX_POINT ( 'NONE', #4808 ) ;
#2454 = VECTOR ( 'NONE', #8057, 1000.000000000000114 ) ;
#2455 = EDGE_LOOP ( 'NONE', ( #4707, #4693, #5343, #8659 ) ) ;
#2456 = EDGE_CURVE ( 'NONE', #9192, #1285, #387, .T. ) ;
#2457 = CARTESIAN_POINT ( 'NONE',  ( 124.9594733917879097, 133.1320102867271373, 145.6611333522178313 ) ) ;
#2458 = LINE ( 'NONE', #5407, #6222 ) ;
#2459 = CARTESIAN_POINT ( 'NONE',  ( 124.9594733917879950, 173.4583822770075301, 145.0692627702154027 ) ) ;
#2460 = CARTESIAN_POINT ( 'NONE',  ( 24.20000000000000639, -14.20281662206481066, 0.000000000000000000 ) ) ;
#2461 = VECTOR ( 'NONE', #7814, 1000.000000000000000 ) ;
#2462 = DIRECTION ( 'NONE',  ( -1.000000000000000000, 1.210939508638132030E-15, -1.277902559593765872E-15 ) ) ;
#2463 = EDGE_CURVE ( 'NONE', #3960, #1153, #1865, .T. ) ;
#2464 = ORIENTED_EDGE ( 'NONE', *, *, #9205, .T. ) ;
#2465 = EDGE_LOOP ( 'NONE', ( #4238, #2178, #6857, #8891 ) ) ;
#2466 = AXIS2_PLACEMENT_3D ( 'NONE', #572, #9198, #9344 ) ;
#2467 = DIRECTION ( 'NONE',  ( 1.000000000000000000, -1.210939508638132030E-15, 1.277902559593765872E-15 ) ) ;
#2468 = ORIENTED_EDGE ( 'NONE', *, *, #2797, .T. ) ;
#2469 = DIRECTION ( 'NONE',  ( -4.685093906533314520E-16, -0.8660254037844388186, -0.4999999999999998335 ) ) ;
#2470 = LINE ( 'NONE', #7645, #6811 ) ;
#2471 = CARTESIAN_POINT ( 'NONE',  ( 124.9594733917879950, 173.4585906126184796, 175.1500716728245095 ) ) ;
#2472 = DIRECTION ( 'NONE',  ( -4.685093906533304660E-16, -0.8660254037844383745, -0.5000000000000003331 ) ) ;
#2473 = ORIENTED_EDGE ( 'NONE', *, *, #6078, .T. ) ;
#2474 = VECTOR ( 'NONE', #1756, 1000.000000000000000 ) ;
#2475 = ADVANCED_FACE ( 'NONE', ( #4318 ), #9490, .T. ) ;
#2476 = ORIENTED_EDGE ( 'NONE', *, *, #3722, .T. ) ;
#2477 = ORIENTED_EDGE ( 'NONE', *, *, #151, .T. ) ;
#2478 = VECTOR ( 'NONE', #3420, 1000.000000000000000 ) ;
#2479 = CARTESIAN_POINT ( 'NONE',  ( 117.4594733917879950, 149.9496176806353844, 167.0501160567390002 ) ) ;
#2480 = LINE ( 'NONE', #3212, #1405 ) ;
#2481 = LINE ( 'NONE', #1182, #9306 ) ;
#2482 = LINE ( 'NONE', #1183, #8433 ) ;
#2483 = CARTESIAN_POINT ( 'NONE',  ( 17.80000000000000782, -30.83050437472603633, 0.5999999999999999778 ) ) ;
#2484 = LINE ( 'NONE', #6793, #448 ) ;
#2485 = ORIENTED_EDGE ( 'NONE', *, *, #1500, .T. ) ;
#2486 = EDGE_LOOP ( 'NONE', ( #508, #5018, #1792, #4239 ) ) ;
#2487 = EDGE_CURVE ( 'NONE', #7114, #5385, #5920, .T. ) ;
#2488 = ORIENTED_EDGE ( 'NONE', *, *, #5475, .F. ) ;
#2489 = STYLED_ITEM ( 'NONE', ( #2720 ), #7137 ) ;
#2490 = EDGE_LOOP ( 'NONE', ( #1216, #9301, #7932, #1528 ) ) ;
#2491 = ORIENTED_EDGE ( 'NONE', *, *, #2740, .F. ) ;
#2492 = DIRECTION ( 'NONE',  ( 4.685093906533310576E-16, 0.8660254037844385966, 0.4999999999999999445 ) ) ;
#2493 = DIRECTION ( 'NONE',  ( 0.8660254037844387076, -0.4999999999999999445, 0.000000000000000000 ) ) ;
#2494 = CARTESIAN_POINT ( 'NONE',  ( 121.5594733917879893, 171.7585906126184909, 137.7001160632314054 ) ) ;
#2495 = DIRECTION ( 'NONE',  ( 0.8660254037844387076, -0.4999999999999999445, 0.000000000000000000 ) ) ;
#2496 = DIRECTION ( 'NONE',  ( -0.7071067811865465735, 0.7071067811865485719, 3.059425567918422974E-15 ) ) ;
#2497 = PRODUCT_DEFINITION_FORMATION_WITH_SPECIFIED_SOURCE ( 'ANY', '', #5078, .NOT_KNOWN. ) ;
#2498 = VERTEX_POINT ( 'NONE', #7953 ) ;
#2499 = FACE_OUTER_BOUND ( 'NONE', #5326, .T. ) ;
#2500 = EDGE_CURVE ( 'NONE', #2136, #9507, #2785, .T. ) ;
#2502 = ORIENTED_EDGE ( 'NONE', *, *, #3191, .F. ) ;
#2501 = EDGE_CURVE ( 'NONE', #5218, #3492, #5098, .T. ) ;
#2503 = EDGE_LOOP ( 'NONE', ( #543, #7532, #4379, #2329 ) ) ;
#2504 = ORIENTED_EDGE ( 'NONE', *, *, #3014, .F. ) ;
#2505 = CARTESIAN_POINT ( 'NONE',  ( 124.9594733917879381, 139.9320102867271487, 162.0578809972031991 ) ) ;
#2506 = PLANE ( 'NONE',  #833 ) ;
#2507 = VECTOR ( 'NONE', #360, 1000.000000000000000 ) ;
#2508 = LINE ( 'NONE', #4676, #4896 ) ;
#2509 = DIRECTION ( 'NONE',  ( 4.087556092131263946E-16, 1.000000000000000000, 0.000000000000000000 ) ) ;
#2510 = LINE ( 'NONE', #979, #5545 ) ;
#2511 = EDGE_CURVE ( 'NONE', #9192, #903, #2198, .T. ) ;
#2512 = ORIENTED_EDGE ( 'NONE', *, *, #8263, .T. ) ;
#2513 = VECTOR ( 'NONE', #6662, 1000.000000000000000 ) ;
#2514 = ORIENTED_EDGE ( 'NONE', *, *, #3901, .F. ) ;
#2515 =( BOUNDED_CURVE ( )  B_SPLINE_CURVE ( 3, ( #326, #3260, #6251, #4155 ),
 .UNSPECIFIED., .F., .F. ) 
 B_SPLINE_CURVE_WITH_KNOTS ( ( 4, 4 ),
 ( 5.890486225482169935, 6.283185307179590673 ),
 .UNSPECIFIED. ) 
 CURVE ( )  GEOMETRIC_REPRESENTATION_ITEM ( )  RATIONAL_B_SPLINE_CURVE ( ( 1.000000000000000000, 0.9871901869355719228, 0.9871901869355719228, 1.000000000000000000 ) ) 
 REPRESENTATION_ITEM ( '' )  );
#2516 = LINE ( 'NONE', #4536, #5898 ) ;
#2517 = VERTEX_POINT ( 'NONE', #5829 ) ;
#2518 = DIRECTION ( 'NONE',  ( 8.005968353488390811E-29, -4.326681131221240423E-15, 1.000000000000000000 ) ) ;
#2519 = DIRECTION ( 'NONE',  ( 2.175639865542964941E-30, 4.500833762534980384E-15, -1.000000000000000000 ) ) ;
#2520 = VECTOR ( 'NONE', #1954, 1000.000000000000000 ) ;
#2521 = DIRECTION ( 'NONE',  ( -1.744174030142317572E-15, -0.8660254037844384856, 0.5000000000000002220 ) ) ;
#2522 = ORIENTED_EDGE ( 'NONE', *, *, #8649, .F. ) ;
#2523 = ORIENTED_EDGE ( 'NONE', *, *, #1961, .F. ) ;
#2524 = AXIS2_PLACEMENT_3D ( 'NONE', #6158, #4838, #6252 ) ;
#2525 = CLOSED_SHELL ( 'NONE', ( #96, #7704, #6663, #4179, #7702, #928, #3914, #3094, #7588, #4040, #1789, #6599, #7767, #5758, #9196, #1186, #4792, #1734, #8424, #8295, #6274, #2121, #8111, #3359, #8446, #1458, #43, #1509, #550, #8930, #5527, #4278, #108, #6790, #560, #1936, #4691, #794, #6101, #3755, #6155, #4037, #2982, #7897, #7348, #5869, #1736, #3458, #4008, #6633, #2025, #4575, #3590, #1712, #3332, #6289, #9073, #7708, #2270, #1567, #6493, #403, #7179, #8275, #9111, #9473, #1260, #1102, #6739, #6575, #2318, #2193, #7811, #2027, #1624, #378, #7640, #3449, #1024, #9463, #3793, #7273, #9127, #8155, #6763, #3562, #870, #8871, #9287, #1948, #8811, #3794, #19, #8713, #2361, #6522, #1211, #6935, #4077, #9412, #2475, #1167, #953, #1399, #7226, #6277, #7292, #9341, #7419, #5461, #269, #6235, #9451, #7117, #4312, #2760, #8133, #53, #1445, #3215, #8962, #7481, #4633, #5563, #5643, #1913, #3334, #2386, #1593, #661, #6951, #1424, #3733, #8843, #357, #3391, #2374, #6226, #4718, #3527, #5263, #806, #6049, #8622, #453, #6635, #2956, #70, #2633, #4663, #7175, #7260, #7586, #4824, #4743, #7721, #6212, #5938, #4326, #4288, #4848, #3146, #2388, #7984, #2867, #5513, #404, #9140, #1799, #324, #2714, #5809, #8703, #5588, #8289, #902, #174, #5222, #1836, #5845, #3540, #1159, #181, #1532, #8574, #4268, #7416, #4805, #5365, #137, #6190, #8575, #1366, #6647, #2636, #5700, #2752, #4980, #6565, #8461, #1451, #4017, #3203, #6514, #714, #4435, #8143, #540, #7944, #6253, #7162, #9375, #4029, #1087, #4708, #85, #5190, #2969, #9442, #4452, #7682, #9054, #4256, #1917, #3122, #4350, #5274, #3913 ) ) ;
#2526 = LINE ( 'NONE', #5476, #7046 ) ;
#2527 = CARTESIAN_POINT ( 'NONE',  ( -0.2000000000000201617, -0.3464101615138111545, 0.5999999999999999778 ) ) ;
#2528 = PLANE ( 'NONE',  #7012 ) ;
#2529 = EDGE_CURVE ( 'NONE', #2218, #143, #6248, .T. ) ;
#2530 = DIRECTION ( 'NONE',  ( -0.000000000000000000, -0.000000000000000000, -1.000000000000000000 ) ) ;
#2531 = LINE ( 'NONE', #5382, #9273 ) ;
#2532 = PLANE ( 'NONE',  #6257 ) ;
#2533 = CARTESIAN_POINT ( 'NONE',  ( 124.3594733917879012, 127.9320102867271203, 142.6589119524317653 ) ) ;
#2534 = ORIENTED_EDGE ( 'NONE', *, *, #7880, .F. ) ;
#2535 = EDGE_LOOP ( 'NONE', ( #4485, #8061, #3174, #3838 ) ) ;
#2536 = AXIS2_PLACEMENT_3D ( 'NONE', #4962, #1922, #4866 ) ;
#2537 = ORIENTED_EDGE ( 'NONE', *, *, #7863, .F. ) ;
#2538 = ORIENTED_EDGE ( 'NONE', *, *, #3495, .T. ) ;
#2539 = DIRECTION ( 'NONE',  ( 1.000000000000000000, -1.184735462541926012E-15, 1.332169591021886064E-15 ) ) ;
#2540 = VECTOR ( 'NONE', #7282, 999.9999999999998863 ) ;
#2541 = PLANE ( 'NONE',  #7413 ) ;
#2542 = DIRECTION ( 'NONE',  ( -0.4999999999999998890, -0.8660254037844387076, 0.000000000000000000 ) ) ;
#2543 = EDGE_CURVE ( 'NONE', #2190, #2453, #7636, .T. ) ;
#2544 = LINE ( 'NONE', #6219, #3035 ) ;
#2545 = LINE ( 'NONE', #4616, #8342 ) ;
#2546 = DIRECTION ( 'NONE',  ( -1.744174030142317374E-15, -0.8660254037844385966, 0.5000000000000000000 ) ) ;
#2547 = CARTESIAN_POINT ( 'NONE',  ( 124.0592155665781888, 175.9416358684433419, 180.9038682771525828 ) ) ;
#2548 = ORIENTED_EDGE ( 'NONE', *, *, #5986, .F. ) ;
#2549 = CIRCLE ( 'NONE', #9016, 1.200000000000010170 ) ;
#2550 = DIRECTION ( 'NONE',  ( -0.4999999999999991118, -0.8660254037844391517, 0.000000000000000000 ) ) ;
#2551 = CARTESIAN_POINT ( 'NONE',  ( 120.4199540685229977, 169.3613257594830088, 176.0501160567395118 ) ) ;
#2552 = EDGE_CURVE ( 'NONE', #4669, #2824, #7327, .T. ) ;
#2553 = LINE ( 'NONE', #7724, #7505 ) ;
#2554 = VECTOR ( 'NONE', #6980, 1000.000000000000000 ) ;
#2555 = CARTESIAN_POINT ( 'NONE',  ( -3.200000000000003286, -5.542562584220415367, 0.5999999999999999778 ) ) ;
#2556 = CARTESIAN_POINT ( 'NONE',  ( 114.6036866391579991, 142.9087965372755775, 167.0501160567430077 ) ) ;
#2557 = LINE ( 'NONE', #8306, #3076 ) ;
#2558 = ORIENTED_EDGE ( 'NONE', *, *, #2980, .F. ) ;
#2559 = AXIS2_PLACEMENT_3D ( 'NONE', #7743, #7026, #416 ) ;
#2560 = ORIENTED_EDGE ( 'NONE', *, *, #7823, .T. ) ;
#2561 = LINE ( 'NONE', #5514, #848 ) ;
#2562 = EDGE_CURVE ( 'NONE', #6117, #4294, #7024, .T. ) ;
#2563 = ORIENTED_EDGE ( 'NONE', *, *, #2929, .T. ) ;
#2564 = EDGE_CURVE ( 'NONE', #1659, #2824, #2975, .T. ) ;
#2565 = DIRECTION ( 'NONE',  ( 1.000000000000000000, -1.184735462541918124E-15, -4.316747070439680032E-30 ) ) ;
#2566 = CARTESIAN_POINT ( 'NONE',  ( 124.9594733917878813, 121.3320102867271117, 152.7048066363312557 ) ) ;
#2567 = VECTOR ( 'NONE', #8147, 1000.000000000000114 ) ;
#2568 = EDGE_CURVE ( 'NONE', #3968, #4621, #720, .T. ) ;
#2569 = CARTESIAN_POINT ( 'NONE',  ( 18.40000000000000213, -10.39230484541327293, 0.000000000000000000 ) ) ;
#2570 = ORIENTED_EDGE ( 'NONE', *, *, #684, .F. ) ;
#2571 = ORIENTED_EDGE ( 'NONE', *, *, #7875, .T. ) ;
#2572 = AXIS2_PLACEMENT_3D ( 'NONE', #1089, #7075, #3353 ) ;
#2573 = EDGE_CURVE ( 'NONE', #1365, #5860, #1387, .T. ) ;
#2574 = CARTESIAN_POINT ( 'NONE',  ( 124.9594733917878955, 121.7320102867271316, 145.7766034060557558 ) ) ;
#2575 = CARTESIAN_POINT ( 'NONE',  ( 121.7594733917879921, 170.9867491937569923, 176.8500716728244981 ) ) ;
#2576 = CARTESIAN_POINT ( 'NONE',  ( -6.400000000000002132, -3.695041722813610097, 0.5999999999999999778 ) ) ;
#2577 = DIRECTION ( 'NONE',  ( -1.277493368627791998E-15, -1.000000000000000000, 1.919819404802657188E-15 ) ) ;
#2578 =( LENGTH_UNIT ( ) NAMED_UNIT ( * ) SI_UNIT ( .MILLI., .METRE. ) );
#2579 = CARTESIAN_POINT ( 'NONE',  ( 124.3594733917878870, 121.7320102867271032, 145.0837830830282371 ) ) ;
#2580 = CARTESIAN_POINT ( 'NONE',  ( 103.8479001739019907, 175.4587965372880092, 142.2994946864583881 ) ) ;
#2581 = ORIENTED_EDGE ( 'NONE', *, *, #5319, .T. ) ;
#2582 = ORIENTED_EDGE ( 'NONE', *, *, #4323, .T. ) ;
#2583 = VERTEX_POINT ( 'NONE', #8138 ) ;
#2584 = EDGE_CURVE ( 'NONE', #4308, #3656, #2102, .T. ) ;
#2585 = ORIENTED_EDGE ( 'NONE', *, *, #4670, .F. ) ;
#2586 = EDGE_LOOP ( 'NONE', ( #8070, #5197, #3609, #8224 ) ) ;
#2587 = LINE ( 'NONE', #7900, #2311 ) ;
#2588 = DIRECTION ( 'NONE',  ( 0.000000000000000000, 0.1260166810503068613, 0.9920281226341646219 ) ) ;
#2589 = CARTESIAN_POINT ( 'NONE',  ( 103.4479001739019992, 176.6587965372895042, 180.4015879193144940 ) ) ;
#2590 = CARTESIAN_POINT ( 'NONE',  ( 121.5594733917879893, 175.1585906126184966, 137.7001160632314054 ) ) ;
#2591 = DIRECTION ( 'NONE',  ( -1.744174030142317374E-15, -0.8660254037844385966, 0.5000000000000000000 ) ) ;
#2592 = VECTOR ( 'NONE', #5846, 1000.000000000000000 ) ;
#2593 = PLANE ( 'NONE',  #7556 ) ;
#2594 = VERTEX_POINT ( 'NONE', #1431 ) ;
#2595 = ORIENTED_EDGE ( 'NONE', *, *, #2671, .F. ) ;
#2596 = EDGE_CURVE ( 'NONE', #7694, #1247, #3688, .T. ) ;
#2597 = CIRCLE ( 'NONE', #4592, 1.199999999999978861 ) ;
#2598 = PLANE ( 'NONE',  #3089 ) ;
#2599 = CARTESIAN_POINT ( 'NONE',  ( 124.9594733917878955, 145.1320102867271089, 166.2148029353685388 ) ) ;
#2600 = DIRECTION ( 'NONE',  ( 0.8660254037844387076, -0.4999999999999999445, 0.000000000000000000 ) ) ;
#2601 = CARTESIAN_POINT ( 'NONE',  ( 109.9594733917879950, 116.1745616022672039, 181.0120558229944834 ) ) ;
#2602 = LINE ( 'NONE', #6280, #6944 ) ;
#2603 = CARTESIAN_POINT ( 'NONE',  ( 115.9594733917870855, 177.2587965372890437, 130.0501160567393413 ) ) ;
#2604 = LINE ( 'NONE', #3377, #6006 ) ;
#2605 = VECTOR ( 'NONE', #4819, 999.9999999999998863 ) ;
#2606 = EDGE_CURVE ( 'NONE', #3568, #1485, #6504, .T. ) ;
#2607 = VERTEX_POINT ( 'NONE', #8806 ) ;
#2608 = EDGE_LOOP ( 'NONE', ( #1448, #5230, #8018, #3729 ) ) ;
#2609 = CARTESIAN_POINT ( 'NONE',  ( 124.3594733917878870, 127.9320102867271203, 155.8224980899552463 ) ) ;
#2610 = ORIENTED_EDGE ( 'NONE', *, *, #3862, .T. ) ;
#2611 = AXIS2_PLACEMENT_3D ( 'NONE', #7869, #4330, #4869 ) ;
#2612 = DIRECTION ( 'NONE',  ( 1.275664639488987204E-15, 4.920223360600114588E-16, -1.000000000000000000 ) ) ;
#2613 = PLANE ( 'NONE',  #555 ) ;
#2614 = CARTESIAN_POINT ( 'NONE',  ( 124.9594733917878955, 133.1320102867271373, 151.6655761517899350 ) ) ;
#2615 = EDGE_CURVE ( 'NONE', #4925, #8686, #1164, .T. ) ;
#2616 = EDGE_LOOP ( 'NONE', ( #2922, #7518, #8744, #8854 ) ) ;
#2617 = ADVANCED_FACE ( 'NONE', ( #8089 ), #1483, .F. ) ;
#2618 = VECTOR ( 'NONE', #9252, 1000.000000000000114 ) ;
#2619 = VERTEX_POINT ( 'NONE', #9445 ) ;
#2620 = VERTEX_POINT ( 'NONE', #7186 ) ;
#2621 = EDGE_CURVE ( 'NONE', #2991, #9226, #2835, .T. ) ;
#2622 = CARTESIAN_POINT ( 'NONE',  ( 124.5594733917879893, 148.0337965372832230, 130.0501160567391992 ) ) ;
#2623 = DIRECTION ( 'NONE',  ( -4.685093906533305646E-16, -0.8660254037844384856, -0.5000000000000002220 ) ) ;
#2624 = PLANE ( 'NONE',  #7160 ) ;
#2625 = CARTESIAN_POINT ( 'NONE',  ( 121.5594733917879893, 175.1585906126184966, 134.3001160632313997 ) ) ;
#2626 = CARTESIAN_POINT ( 'NONE',  ( 0.000000000000000000, 0.000000000000000000, 0.000000000000000000 ) ) ;
#2627 = LINE ( 'NONE', #8511, #1476 ) ;
#2628 = VECTOR ( 'NONE', #6592, 1000.000000000000000 ) ;
#2629 = CARTESIAN_POINT ( 'NONE',  ( 103.8479001739019907, 175.4587965372880092, 145.2896251811484092 ) ) ;
#2630 = VERTEX_POINT ( 'NONE', #3117 ) ;
#2631 = EDGE_LOOP ( 'NONE', ( #6080, #6668, #287, #675 ) ) ;
#2632 = EDGE_LOOP ( 'NONE', ( #2162, #745, #5313, #3111 ) ) ;
#2633 = ADVANCED_FACE ( 'NONE', ( #3930 ), #3787, .T. ) ;
#2634 = EDGE_LOOP ( 'NONE', ( #5704, #1432, #7188, #8282 ) ) ;
#2635 = AXIS2_PLACEMENT_3D ( 'NONE', #1181, #8602, #4746 ) ;
#2636 = ADVANCED_FACE ( 'NONE', ( #816 ), #6062, .T. ) ;
#2637 = LINE ( 'NONE', #8517, #5438 ) ;
#2638 = DIRECTION ( 'NONE',  ( 0.000000000000000000, 0.000000000000000000, 1.000000000000000000 ) ) ;
#2639 = FACE_OUTER_BOUND ( 'NONE', #4028, .T. ) ;
#2640 = FACE_OUTER_BOUND ( 'NONE', #4188, .T. ) ;
#2641 = CARTESIAN_POINT ( 'NONE',  ( 109.9594733917879950, 114.1587965372630009, 179.0501160567390002 ) ) ;
#2642 = FACE_OUTER_BOUND ( 'NONE', #1768, .T. ) ;
#2643 = VECTOR ( 'NONE', #9407, 1000.000000000000000 ) ;
#2644 = CARTESIAN_POINT ( 'NONE',  ( 103.4479001739019992, 171.4583834233364996, 142.2994943533564083 ) ) ;
#2645 = VERTEX_POINT ( 'NONE', #8327 ) ;
#2646 = COLOUR_RGB ( '',0.7921568627450980005, 0.8196078431372548767, 0.9333333333333333481 ) ;
#2647 = CARTESIAN_POINT ( 'NONE',  ( 196.4508015372529997, 162.2587965372885037, 130.0501160567393981 ) ) ;
#2648 = CARTESIAN_POINT ( 'NONE',  ( 103.4479001739019992, 171.4583830282139729, 166.8113890708325187 ) ) ;
#2649 = LINE ( 'NONE', #8630, #1026 ) ;
#2650 = PLANE ( 'NONE',  #7882 ) ;
#2651 = PLANE ( 'NONE',  #2536 ) ;
#2652 = EDGE_CURVE ( 'NONE', #7342, #4289, #6841, .T. ) ;
#2653 = DIRECTION ( 'NONE',  ( 0.8660254037844395958, 0.4999999999999983347, 0.000000000000000000 ) ) ;
#2654 = LINE ( 'NONE', #4632, #8004 ) ;
#2655 = VERTEX_POINT ( 'NONE', #3883 ) ;
#2656 = ORIENTED_EDGE ( 'NONE', *, *, #7717, .T. ) ;
#2657 = EDGE_LOOP ( 'NONE', ( #5485, #113 ) ) ;
#2658 = DIRECTION ( 'NONE',  ( 1.744174030142317572E-15, 0.8660254037844383745, -0.5000000000000003331 ) ) ;
#2659 = VERTEX_POINT ( 'NONE', #8231 ) ;
#2660 = EDGE_CURVE ( 'NONE', #6824, #6611, #279, .T. ) ;
#2661 = CARTESIAN_POINT ( 'NONE',  ( 120.0732142195430043, 121.4221525309288126, 180.6501160567389945 ) ) ;
#2662 = LINE ( 'NONE', #4011, #3013 ) ;
#2663 = DIRECTION ( 'NONE',  ( 2.003086131649548268E-15, -1.000000000000000000, 0.000000000000000000 ) ) ;
#2664 = AXIS2_PLACEMENT_3D ( 'NONE', #2899, #7253, #8107 ) ;
#2665 = ORIENTED_EDGE ( 'NONE', *, *, #2456, .F. ) ;
#2666 = ORIENTED_EDGE ( 'NONE', *, *, #856, .T. ) ;
#2667 = FACE_OUTER_BOUND ( 'NONE', #361, .T. ) ;
#2668 = VECTOR ( 'NONE', #4369, 999.9999999999998863 ) ;
#2669 = DIRECTION ( 'NONE',  ( -1.000000000000000000, 1.210939508638132030E-15, -1.277902559593765872E-15 ) ) ;
#2670 = CARTESIAN_POINT ( 'NONE',  ( 11.99999999999999645, -14.31828667590272453, 0.5999999999999999778 ) ) ;
#2671 = EDGE_CURVE ( 'NONE', #3268, #3985, #4458, .T. ) ;
#2672 = DIRECTION ( 'NONE',  ( -1.275664639488985824E-15, 5.704182421957117253E-16, 1.000000000000000000 ) ) ;
#2673 = CARTESIAN_POINT ( 'NONE',  ( 12.20000000000000462, -7.274613391789286787, 0.5999999999999999778 ) ) ;
#2674 = CYLINDRICAL_SURFACE ( 'NONE', #4432, 1.200000000000020828 ) ;
#2675 = ORIENTED_EDGE ( 'NONE', *, *, #7346, .F. ) ;
#2676 = ORIENTED_EDGE ( 'NONE', *, *, #4771, .T. ) ;
#2677 = ORIENTED_EDGE ( 'NONE', *, *, #520, .T. ) ;
#2678 = AXIS2_PLACEMENT_3D ( 'NONE', #6010, #7559, #3881 ) ;
#2679 = ORIENTED_EDGE ( 'NONE', *, *, #2568, .F. ) ;
#2680 = ORIENTED_EDGE ( 'NONE', *, *, #4690, .T. ) ;
#2681 = CARTESIAN_POINT ( 'NONE',  ( 124.3594733917878870, 118.3320102867271260, 139.8876306603215482 ) ) ;
#2682 = CARTESIAN_POINT ( 'NONE',  ( 124.9594733917878813, 121.3320102867271117, 152.7048066363312557 ) ) ;
#2683 = EDGE_CURVE ( 'NONE', #8404, #5405, #3072, .T. ) ;
#2684 = EDGE_CURVE ( 'NONE', #3912, #3138, #6693, .T. ) ;
#2685 = DIRECTION ( 'NONE',  ( -4.685093906533304660E-16, -0.8660254037844383745, -0.5000000000000003331 ) ) ;
#2686 = FACE_OUTER_BOUND ( 'NONE', #4586, .T. ) ;
#2687 = CARTESIAN_POINT ( 'NONE',  ( 103.4479001739019992, 173.4585906126184796, 136.0001161077304062 ) ) ;
#2688 = AXIS2_PLACEMENT_3D ( 'NONE', #2697, #1207, #5648 ) ;
#2689 = ORIENTED_EDGE ( 'NONE', *, *, #1382, .T. ) ;
#2690 = CARTESIAN_POINT ( 'NONE',  ( 124.9594733917878955, 145.3320102867271260, 165.8683927738547652 ) ) ;
#2691 = ORIENTED_EDGE ( 'NONE', *, *, #3847, .T. ) ;
#2692 = AXIS2_PLACEMENT_3D ( 'NONE', #3640, #5737, #5001 ) ;
#2693 = PLANE ( 'NONE',  #631 ) ;
#2694 = DIRECTION ( 'NONE',  ( -1.184735462541904121E-15, -0.9999999999999882316, 1.538396350304170384E-07 ) ) ;
#2695 = DIRECTION ( 'NONE',  ( -9.299346489010763468E-15, -0.7071067811865531239, 0.7071067811865420216 ) ) ;
#2696 = DIRECTION ( 'NONE',  ( 1.744174030142317374E-15, 0.8660254037844387076, -0.4999999999999998890 ) ) ;
#2697 = CARTESIAN_POINT ( 'NONE',  ( 118.0699540685230176, 169.3613257594830088, 181.0501160567395118 ) ) ;
#2698 = LINE ( 'NONE', #4916, #8142 ) ;
#2699 = VECTOR ( 'NONE', #3628, 1000.000000000000000 ) ;
#2700 = LINE ( 'NONE', #8584, #5231 ) ;
#2701 = EDGE_LOOP ( 'NONE', ( #1639, #6715, #8857, #8781 ) ) ;
#2702 = ORIENTED_EDGE ( 'NONE', *, *, #2296, .F. ) ;
#2703 = VERTEX_POINT ( 'NONE', #8993 ) ;
#2704 = EDGE_CURVE ( 'NONE', #3426, #1029, #7562, .T. ) ;
#2705 = AXIS2_PLACEMENT_3D ( 'NONE', #8657, #9478, #4305 ) ;
#2706 = DIRECTION ( 'NONE',  ( 1.723050136371060368E-14, -1.000000000000000000, -6.368338018267951773E-15 ) ) ;
#2707 = ORIENTED_EDGE ( 'NONE', *, *, #5308, .T. ) ;
#2708 = DIRECTION ( 'NONE',  ( -0.8660254037844385966, -0.5000000000000002220, 0.000000000000000000 ) ) ;
#2709 = DIRECTION ( 'NONE',  ( 1.000000000000000000, -7.336552507412299615E-43, -3.171925933302295188E-29 ) ) ;
#2710 = DIRECTION ( 'NONE',  ( -0.8660254037844384856, 0.5000000000000002220, 0.000000000000000000 ) ) ;
#2711 = VECTOR ( 'NONE', #3097, 1000.000000000000114 ) ;
#2712 = VERTEX_POINT ( 'NONE', #4603 ) ;
#2713 = EDGE_LOOP ( 'NONE', ( #6239, #6261, #2897, #5452 ) ) ;
#2714 = ADVANCED_FACE ( 'NONE', ( #1666 ), #90, .T. ) ;
#2715 = LINE ( 'NONE', #8601, #1640 ) ;
#2716 = AXIS2_PLACEMENT_3D ( 'NONE', #4864, #7052, #442 ) ;
#2717 = CARTESIAN_POINT ( 'NONE',  ( 124.5594733917879893, 176.8587965372884980, 130.0501160567393981 ) ) ;
#2718 = CARTESIAN_POINT ( 'NONE',  ( 117.4594733917879950, 119.9496176806359955, 167.0501160567430077 ) ) ;
#2719 = DIRECTION ( 'NONE',  ( 1.459256372977292001E-14, 1.000000000000000000, 4.326681131221240423E-15 ) ) ;
#2720 = PRESENTATION_STYLE_ASSIGNMENT (( #7793 ) ) ;
#2721 = CARTESIAN_POINT ( 'NONE',  ( 124.3594733917879012, 151.1320102867271657, 163.4435216432583218 ) ) ;
#2722 = FACE_OUTER_BOUND ( 'NONE', #8202, .T. ) ;
#2723 = VERTEX_POINT ( 'NONE', #5383 ) ;
#2724 = ORIENTED_EDGE ( 'NONE', *, *, #144, .F. ) ;
#2725 = ORIENTED_EDGE ( 'NONE', *, *, #7511, .T. ) ;
#2726 = AXIS2_PLACEMENT_3D ( 'NONE', #3844, #101, #6803 ) ;
#2727 = ORIENTED_EDGE ( 'NONE', *, *, #7785, .F. ) ;
#2728 = ADVANCED_FACE ( 'NONE', ( #6161 ), #8185, .F. ) ;
#2729 = DIRECTION ( 'NONE',  ( 0.000000000000000000, 1.000000000000000000, 9.251858538542962756E-15 ) ) ;
#2730 = CARTESIAN_POINT ( 'NONE',  ( 18.40000000000000213, 0.000000000000000000, 0.5999999999999999778 ) ) ;
#2731 = LINE ( 'NONE', #8666, #7617 ) ;
#2732 = CARTESIAN_POINT ( 'NONE',  ( 121.5594733917879893, 171.7585906126184909, 137.7001160632314054 ) ) ;
#2733 = DIRECTION ( 'NONE',  ( -0.8660254037844385966, -0.5000000000000001110, 0.000000000000000000 ) ) ;
#2734 = DIRECTION ( 'NONE',  ( -0.8660254037844387076, -0.4999999999999998890, 0.000000000000000000 ) ) ;
#2735 = VECTOR ( 'NONE', #2672, 1000.000000000000000 ) ;
#2736 = VERTEX_POINT ( 'NONE', #8947 ) ;
#2737 = CARTESIAN_POINT ( 'NONE',  ( 0.3999999999999976352, -7.621023553303062137, 0.5999999999999999778 ) ) ;
#2738 = VERTEX_POINT ( 'NONE', #5965 ) ;
#2739 = EDGE_CURVE ( 'NONE', #1006, #5939, #2384, .T. ) ;
#2740 = EDGE_CURVE ( 'NONE', #2094, #2991, #5431, .T. ) ;
#2741 = CARTESIAN_POINT ( 'NONE',  ( 117.9594733917874834, 177.2587965372891006, 129.0501160567393413 ) ) ;
#2742 = DIRECTION ( 'NONE',  ( 0.000000000000000000, 1.000000000000000000, 0.000000000000000000 ) ) ;
#2743 = EDGE_CURVE ( 'NONE', #9051, #2096, #3167, .T. ) ;
#2744 = CARTESIAN_POINT ( 'NONE',  ( 124.9594733917878813, 122.3320102867271260, 152.3583964748175106 ) ) ;
#2745 = DIRECTION ( 'NONE',  ( 9.821030737809849207E-15, 0.7071067811865531239, 0.7071067811865420216 ) ) ;
#2746 = CARTESIAN_POINT ( 'NONE',  ( 121.5594733917879893, 173.4585906126184796, 136.0001160632313884 ) ) ;
#2747 = VECTOR ( 'NONE', #3711, 1000.000000000000114 ) ;
#2748 = LINE ( 'NONE', #5698, #4744 ) ;
#2749 = CARTESIAN_POINT ( 'NONE',  ( 124.9594733917879097, 133.5320102867271146, 144.9683130291902842 ) ) ;
#2750 = ORIENTED_EDGE ( 'NONE', *, *, #2967, .T. ) ;
#2751 = ORIENTED_EDGE ( 'NONE', *, *, #6978, .F. ) ;
#2752 = ADVANCED_FACE ( 'NONE', ( #1574 ), #1619, .F. ) ;
#2753 = CIRCLE ( 'NONE', #5074, 1.700000000000007061 ) ;
#2754 = VERTEX_POINT ( 'NONE', #908 ) ;
#2755 = CARTESIAN_POINT ( 'NONE',  ( 124.3594733917879012, 133.7320102867271316, 152.7048066363312557 ) ) ;
#2756 = ORIENTED_EDGE ( 'NONE', *, *, #1498, .F. ) ;
#2757 = DIRECTION ( 'NONE',  ( -5.110192566056420334E-29, 4.326681131221240423E-15, -1.000000000000000000 ) ) ;
#2758 = DIRECTION ( 'NONE',  ( -1.275664639488985824E-15, 4.175048060655008194E-16, 1.000000000000000000 ) ) ;
#2760 = ADVANCED_FACE ( 'NONE', ( #3832 ), #4074, .F. ) ;
#2759 = AXIS2_PLACEMENT_3D ( 'NONE', #4493, #7459, #4057 ) ;
#2761 = CARTESIAN_POINT ( 'NONE',  ( 124.9594733917879097, 133.9320102867271203, 145.4301932445419823 ) ) ;
#2762 = ORIENTED_EDGE ( 'NONE', *, *, #7973, .T. ) ;
#2763 = ORIENTED_EDGE ( 'NONE', *, *, #7929, .F. ) ;
#2764 = VERTEX_POINT ( 'NONE', #3976 ) ;
#2765 = AXIS2_PLACEMENT_3D ( 'NONE', #7672, #8297, #6908 ) ;
#2766 = CIRCLE ( 'NONE', #2429, 3.000000000000002665 ) ;
#2767 = CARTESIAN_POINT ( 'NONE',  ( 17.60000000000001563, -24.47965141364013775, 0.5999999999999999778 ) ) ;
#2768 = CARTESIAN_POINT ( 'NONE',  ( 124.3594733917878870, 139.7320102867271316, 162.4042911587170011 ) ) ;
#2769 = LINE ( 'NONE', #8655, #230 ) ;
#2770 = CARTESIAN_POINT ( 'NONE',  ( -6.199999999999999289, -10.73871500692703940, -0.000000000000000000 ) ) ;
#2771 =( NAMED_UNIT ( * ) PLANE_ANGLE_UNIT ( ) SI_UNIT ( $, .RADIAN. ) );
#2772 = CARTESIAN_POINT ( 'NONE',  ( 103.4479001739019992, 172.6583829936064944, 146.4896251811483978 ) ) ;
#2773 = EDGE_CURVE ( 'NONE', #1638, #567, #5529, .T. ) ;
#2774 = LINE ( 'NONE', #3537, #6773 ) ;
#2775 = ORIENTED_EDGE ( 'NONE', *, *, #6622, .F. ) ;
#2776 = VECTOR ( 'NONE', #8051, 1000.000000000000000 ) ;
#2777 = ORIENTED_EDGE ( 'NONE', *, *, #5616, .F. ) ;
#2778 = ORIENTED_EDGE ( 'NONE', *, *, #976, .T. ) ;
#2779 = DIRECTION ( 'NONE',  ( -1.000000000000000000, 1.184735462541918124E-15, 4.316747070439680032E-30 ) ) ;
#2780 = VECTOR ( 'NONE', #7040, 1000.000000000000000 ) ;
#2781 = DIRECTION ( 'NONE',  ( 0.8660254037844385966, -0.4999999999999999445, 0.000000000000000000 ) ) ;
#2782 = PLANE ( 'NONE',  #4356 ) ;
#2783 = LINE ( 'NONE', #9488, #2888 ) ;
#2784 = CARTESIAN_POINT ( 'NONE',  ( 24.00000000000002132, -28.17469313645374385, 0.5999999999999999778 ) ) ;
#2785 = LINE ( 'NONE', #2051, #1473 ) ;
#2786 = EDGE_CURVE ( 'NONE', #3994, #2138, #7748, .T. ) ;
#2787 = ORIENTED_EDGE ( 'NONE', *, *, #5319, .F. ) ;
#2788 = CARTESIAN_POINT ( 'NONE',  ( 0.7999999999999977129, -6.928203230275511437, 0.000000000000000000 ) ) ;
#2789 = EDGE_LOOP ( 'NONE', ( #6612, #3633, #809, #5653, #8225, #3388, #8587, #2340 ) ) ;
#2790 = VECTOR ( 'NONE', #6779, 1000.000000000000000 ) ;
#2791 = PLANE ( 'NONE',  #1082 ) ;
#2792 = PLANE ( 'NONE',  #689 ) ;
#2793 = CARTESIAN_POINT ( 'NONE',  ( 6.000000000000000888, -9.930424630061565949, 0.000000000000000000 ) ) ;
#2794 = DIRECTION ( 'NONE',  ( 4.660113001930875273E-16, -0.4999999999999987232, -0.8660254037844393737 ) ) ;
#2795 = DIRECTION ( 'NONE',  ( 0.000000000000000000, 1.000000000000000000, 0.000000000000000000 ) ) ;
#2796 = VECTOR ( 'NONE', #7668, 1000.000000000000000 ) ;
#2797 = EDGE_CURVE ( 'NONE', #7109, #7477, #8373, .T. ) ;
#2798 = LINE ( 'NONE', #4092, #1986 ) ;
#2799 = EDGE_CURVE ( 'NONE', #4498, #4294, #7794, .T. ) ;
#2800 = CARTESIAN_POINT ( 'NONE',  ( 0.3999999999999926392, 2.614739876170339826E-16, 0.000000000000000000 ) ) ;
#2801 = ORIENTED_EDGE ( 'NONE', *, *, #7598, .T. ) ;
#2802 = ORIENTED_EDGE ( 'NONE', *, *, #6287, .F. ) ;
#2803 = AXIS2_PLACEMENT_3D ( 'NONE', #2006, #6361, #4222 ) ;
#2804 = ORIENTED_EDGE ( 'NONE', *, *, #3025, .T. ) ;
#2805 = FACE_OUTER_BOUND ( 'NONE', #8106, .T. ) ;
#2806 = VERTEX_POINT ( 'NONE', #515 ) ;
#2807 = EDGE_CURVE ( 'NONE', #8317, #7615, #5623, .T. ) ;
#2808 = LINE ( 'NONE', #7974, #7605 ) ;
#2809 = EDGE_CURVE ( 'NONE', #3291, #1006, #4889, .T. ) ;
#2810 = CARTESIAN_POINT ( 'NONE',  ( 23.20000000000002771, -6.928203230275521207, 0.000000000000000000 ) ) ;
#2811 = DIRECTION ( 'NONE',  ( 1.000000000000000000, -1.184735462541918124E-15, -4.316747070439680032E-30 ) ) ;
#2812 = CARTESIAN_POINT ( 'NONE',  ( 123.6420582790520086, 176.3587931559684989, 181.0501160567395118 ) ) ;
#2813 = EDGE_CURVE ( 'NONE', #602, #7571, #7149, .T. ) ;
#2814 = ORIENTED_EDGE ( 'NONE', *, *, #2743, .T. ) ;
#2815 = EDGE_LOOP ( 'NONE', ( #2938, #3403, #2502, #1647 ) ) ;
#2816 = CARTESIAN_POINT ( 'NONE',  ( 29.60000000000002629, -24.01777119828843965, 0.000000000000000000 ) ) ;
#2817 = LINE ( 'NONE', #2768, #5564 ) ;
#2818 = LINE ( 'NONE', #5770, #5303 ) ;
#2819 = B_SPLINE_CURVE_WITH_KNOTS ( 'NONE', 2,
 ( #7986, #1373, #5085 ),
 .UNSPECIFIED., .F., .F.,
 ( 3, 3 ),
 ( 0.000000000000000000, 0.08341636946675159980 ),
 .UNSPECIFIED. ) ;
#2820 = CARTESIAN_POINT ( 'NONE',  ( 124.3594733917879154, 139.1320102867271089, 142.6589119524317653 ) ) ;
#2821 = CARTESIAN_POINT ( 'NONE',  ( 103.4479001739019992, 175.8587965372875033, 168.8506931385974781 ) ) ;
#2822 = VECTOR ( 'NONE', #8071, 1000.000000000000000 ) ;
#2823 = CARTESIAN_POINT ( 'NONE',  ( 124.9594733917879097, 151.1320102867271657, 163.4435216432583218 ) ) ;
#2824 = VERTEX_POINT ( 'NONE', #4841 ) ;
#2825 = ORIENTED_EDGE ( 'NONE', *, *, #1727, .T. ) ;
#2826 = ORIENTED_EDGE ( 'NONE', *, *, #5156, .T. ) ;
#2827 = CIRCLE ( 'NONE', #7302, 3.000000000000002665 ) ;
#2828 = ORIENTED_EDGE ( 'NONE', *, *, #4405, .T. ) ;
#2829 = CIRCLE ( 'NONE', #8680, 3.000000000000002665 ) ;
#2830 = EDGE_CURVE ( 'NONE', #7703, #4308, #3264, .T. ) ;
#2831 = CARTESIAN_POINT ( 'NONE',  ( 11.80000000000000249, -6.581793068761736087, 0.000000000000000000 ) ) ;
#2832 = CARTESIAN_POINT ( 'NONE',  ( 124.9594733917878955, 127.1320102867271373, 156.0534381976310954 ) ) ;
#2833 = DIRECTION ( 'NONE',  ( 0.000000000000000000, -1.000000000000000000, 0.000000000000000000 ) ) ;
#2834 = CARTESIAN_POINT ( 'NONE',  ( 124.3594733917879012, 127.1320102867271373, 142.6589119524317653 ) ) ;
#2835 = LINE ( 'NONE', #3502, #2225 ) ;
#2836 = ORIENTED_EDGE ( 'NONE', *, *, #7239, .F. ) ;
#2837 = ORIENTED_EDGE ( 'NONE', *, *, #9290, .T. ) ;
#2838 = VECTOR ( 'NONE', #4266, 999.9999999999998863 ) ;
#2839 = ORIENTED_EDGE ( 'NONE', *, *, #7946, .T. ) ;
#2840 = ADVANCED_FACE ( 'NONE', ( #7658 ), #1232, .F. ) ;
#2841 = AXIS2_PLACEMENT_3D ( 'NONE', #419, #1086, #3261 ) ;
#2842 = DIRECTION ( 'NONE',  ( 1.000000000000000000, -1.684925824262390165E-30, 0.000000000000000000 ) ) ;
#2843 = DIRECTION ( 'NONE',  ( 8.005968353488390811E-29, -4.326681131221240423E-15, 1.000000000000000000 ) ) ;
#2844 = CARTESIAN_POINT ( 'NONE',  ( 103.4479001739019992, 171.0583830282145072, 166.8113891323685039 ) ) ;
#2845 = FACE_OUTER_BOUND ( 'NONE', #8012, .T. ) ;
#2846 = DIRECTION ( 'NONE',  ( 0.000000000000000000, 7.287275863554980679E-15, -1.000000000000000000 ) ) ;
#2847 = DIRECTION ( 'NONE',  ( -1.670241840924089899E-31, 4.057536155554529735E-15, -1.000000000000000000 ) ) ;
#2848 = ADVANCED_FACE ( 'NONE', ( #6208 ), #2532, .T. ) ;
#2849 = VERTEX_POINT ( 'NONE', #3398 ) ;
#2850 = VECTOR ( 'NONE', #492, 1000.000000000000000 ) ;
#2851 = VERTEX_POINT ( 'NONE', #6256 ) ;
#2852 = VERTEX_POINT ( 'NONE', #2721 ) ;
#2853 = EDGE_CURVE ( 'NONE', #1749, #23, #7700, .T. ) ;
#2854 = FACE_OUTER_BOUND ( 'NONE', #7439, .T. ) ;
#2855 = VERTEX_POINT ( 'NONE', #4749 ) ;
#2856 = DIRECTION ( 'NONE',  ( 1.184735462541918124E-15, 1.000000000000000000, 4.846606910598090519E-15 ) ) ;
#2857 = CARTESIAN_POINT ( 'NONE',  ( 124.3594733917879012, 151.9320102867271487, 162.5197612125549256 ) ) ;
#2858 = DIRECTION ( 'NONE',  ( 4.685093906533310576E-16, 0.8660254037844385966, 0.4999999999999999445 ) ) ;
#2859 = EDGE_LOOP ( 'NONE', ( #6477, #7797, #7801, #8093 ) ) ;
#2860 = CONICAL_SURFACE ( 'NONE', #4085, 0.3000000000000028755, 0.7853981633975594123 ) ;
#2861 = ORIENTED_EDGE ( 'NONE', *, *, #126, .F. ) ;
#2862 = EDGE_CURVE ( 'NONE', #3948, #1484, #1091, .T. ) ;
#2863 = EDGE_CURVE ( 'NONE', #1762, #3268, #6349, .T. ) ;
#2864 = LINE ( 'NONE', #1274, #6896 ) ;
#2865 = PLANE ( 'NONE',  #5724 ) ;
#2866 = DIRECTION ( 'NONE',  ( -1.184735462541920096E-15, -1.000000000000000000, -4.326681131221240423E-15 ) ) ;
#2867 = ADVANCED_FACE ( 'NONE', ( #375 ), #8556, .T. ) ;
#2868 = CARTESIAN_POINT ( 'NONE',  ( 105.2908226684699997, 116.0123499278558086, 180.9036694473319926 ) ) ;
#2869 = CARTESIAN_POINT ( 'NONE',  ( 30.40000000000002700, 0.000000000000000000, -0.000000000000000000 ) ) ;
#2870 = AXIS2_PLACEMENT_3D ( 'NONE', #8828, #2220, #792 ) ;
#2871 = DIRECTION ( 'NONE',  ( -1.000000000000000000, 0.000000000000000000, 5.418193534350200047E-30 ) ) ;
#2872 = ORIENTED_EDGE ( 'NONE', *, *, #9305, .T. ) ;
#2873 = VERTEX_POINT ( 'NONE', #8466 ) ;
#2874 = EDGE_LOOP ( 'NONE', ( #4644, #5641, #4797, #4479 ) ) ;
#2875 = ORIENTED_EDGE ( 'NONE', *, *, #5402, .T. ) ;
#2876 = EDGE_CURVE ( 'NONE', #7507, #6425, #2627, .T. ) ;
#2877 = VECTOR ( 'NONE', #7981, 1000.000000000000000 ) ;
#2878 = DIRECTION ( 'NONE',  ( -0.5000000000000000000, -0.8660254037844387076, 0.000000000000000000 ) ) ;
#2879 = FACE_OUTER_BOUND ( 'NONE', #1137, .T. ) ;
#2880 = CARTESIAN_POINT ( 'NONE',  ( 124.9594733917878955, 127.9320102867271203, 155.8224980899552463 ) ) ;
#2881 = FACE_OUTER_BOUND ( 'NONE', #8855, .T. ) ;
#2882 = CARTESIAN_POINT ( 'NONE',  ( 124.9594733917879097, 127.9320102867271203, 141.9660916294042465 ) ) ;
#2883 = EDGE_LOOP ( 'NONE', ( #742, #1081, #4785, #3675 ) ) ;
#2884 = ORIENTED_EDGE ( 'NONE', *, *, #4981, .T. ) ;
#2885 = EDGE_CURVE ( 'NONE', #209, #7615, #7268, .T. ) ;
#2886 = VECTOR ( 'NONE', #6268, 1000.000000000000000 ) ;
#2887 = VERTEX_POINT ( 'NONE', #4348 ) ;
#2888 = VECTOR ( 'NONE', #2833, 1000.000000000000000 ) ;
#2889 = CARTESIAN_POINT ( 'NONE',  ( 0.7999999999999977129, -6.928203230275511437, 0.5999999999999999778 ) ) ;
#2890 = DIRECTION ( 'NONE',  ( -1.000000000000000000, -1.850371707708592551E-14, 0.000000000000000000 ) ) ;
#2891 = CARTESIAN_POINT ( 'NONE',  ( 103.4479001739019992, 175.4587965372880092, 142.2994946864583881 ) ) ;
#2892 = DIRECTION ( 'NONE',  ( -5.110192566056420334E-29, 4.326681131221240423E-15, -1.000000000000000000 ) ) ;
#2893 = DIRECTION ( 'NONE',  ( -1.000000000000000000, -2.003086131649548268E-15, 0.000000000000000000 ) ) ;
#2894 = CARTESIAN_POINT ( 'NONE',  ( 124.3594733917878727, 118.3320102867271117, 150.9727558287624163 ) ) ;
#2895 = EDGE_CURVE ( 'NONE', #6648, #9158, #6631, .T. ) ;
#2896 = ORIENTED_EDGE ( 'NONE', *, *, #5376, .F. ) ;
#2897 = ORIENTED_EDGE ( 'NONE', *, *, #8521, .F. ) ;
#2898 = ORIENTED_EDGE ( 'NONE', *, *, #4780, .T. ) ;
#2899 = CARTESIAN_POINT ( 'NONE',  ( 0.000000000000000000, 0.000000000000000000, 0.5999999999999999778 ) ) ;
#2900 = ORIENTED_EDGE ( 'NONE', *, *, #7467, .F. ) ;
#2901 = CARTESIAN_POINT ( 'NONE',  ( 124.3594733917879012, 145.9320102867271487, 166.2148029353685388 ) ) ;
#2902 = DIRECTION ( 'NONE',  ( 0.000000000000000000, 1.000000000000000000, -2.312964634635783603E-14 ) ) ;
#2903 = CARTESIAN_POINT ( 'NONE',  ( 109.9594733917879950, 112.1587965372632141, 134.0501160567390002 ) ) ;
#2904 = EDGE_CURVE ( 'NONE', #7263, #460, #3620, .T. ) ;
#2905 = VECTOR ( 'NONE', #6350, 1000.000000000000114 ) ;
#2906 = ORIENTED_EDGE ( 'NONE', *, *, #4527, .F. ) ;
#2907 = VERTEX_POINT ( 'NONE', #5130 ) ;
#2908 = VECTOR ( 'NONE', #7447, 1000.000000000000000 ) ;
#2909 = FACE_OUTER_BOUND ( 'NONE', #4919, .T. ) ;
#2910 = PLANE ( 'NONE',  #6855 ) ;
#2911 = LINE ( 'NONE', #2133, #7211 ) ;
#2912 = CONTEXT_DEPENDENT_SHAPE_REPRESENTATION ( #5196, #4455 ) ;
#2913 = LINE ( 'NONE', #6051, #3469 ) ;
#2914 = FACE_BOUND ( 'NONE', #3757, .T. ) ;
#2915 = EDGE_CURVE ( 'NONE', #3573, #3910, #8750, .T. ) ;
#2916 = ORIENTED_EDGE ( 'NONE', *, *, #4234, .T. ) ;
#2917 = EDGE_CURVE ( 'NONE', #9416, #4579, #7939, .T. ) ;
#2918 = ORIENTED_EDGE ( 'NONE', *, *, #1904, .T. ) ;
#2919 = EDGE_LOOP ( 'NONE', ( #3911, #3803, #4895, #853 ) ) ;
#2920 = VECTOR ( 'NONE', #7966, 1000.000000000000000 ) ;
#2921 = ADVANCED_FACE ( 'NONE', ( #5723 ), #8706, .T. ) ;
#2922 = ORIENTED_EDGE ( 'NONE', *, *, #7821, .F. ) ;
#2923 = CARTESIAN_POINT ( 'NONE',  ( 24.40000000000000924, -13.62546635287518626, 0.000000000000000000 ) ) ;
#2924 = CARTESIAN_POINT ( 'NONE',  ( 124.9594733917879950, 112.6587965372632141, 130.5501160567390002 ) ) ;
#2925 = DIRECTION ( 'NONE',  ( 0.000000000000000000, 1.000000000000000000, 9.251858538542962756E-15 ) ) ;
#2926 = DIRECTION ( 'NONE',  ( 1.275664639488987204E-15, 4.920223360600114588E-16, -1.000000000000000000 ) ) ;
#2927 = CARTESIAN_POINT ( 'NONE',  ( -3.200000000000000622, 5.542562584220408262, -0.000000000000000000 ) ) ;
#2928 = AXIS2_PLACEMENT_3D ( 'NONE', #584, #6275, #9207 ) ;
#2929 = EDGE_CURVE ( 'NONE', #7694, #6399, #2549, .T. ) ;
#2930 = ORIENTED_EDGE ( 'NONE', *, *, #3042, .T. ) ;
#2931 = ORIENTED_EDGE ( 'NONE', *, *, #1155, .T. ) ;
#2932 = AXIS2_PLACEMENT_3D ( 'NONE', #2730, #6993, #4075 ) ;
#2933 = LINE ( 'NONE', #3745, #5552 ) ;
#2934 = FACE_OUTER_BOUND ( 'NONE', #722, .T. ) ;
#2935 = FILL_AREA_STYLE_COLOUR ( '', #427 ) ;
#2936 = CARTESIAN_POINT ( 'NONE',  ( 121.1590591315069929, 177.2587965372885037, 155.8567627702155107 ) ) ;
#2937 = LINE ( 'NONE', #4420, #6859 ) ;
#2938 = ORIENTED_EDGE ( 'NONE', *, *, #3337, .F. ) ;
#2939 = VECTOR ( 'NONE', #5961, 1000.000000000000227 ) ;
#2940 = DIRECTION ( 'NONE',  ( 4.685093906533291841E-16, 0.8660254037844380415, 0.5000000000000008882 ) ) ;
#2941 = ORIENTED_EDGE ( 'NONE', *, *, #8263, .F. ) ;
#2942 = ORIENTED_EDGE ( 'NONE', *, *, #7692, .F. ) ;
#2943 = ORIENTED_EDGE ( 'NONE', *, *, #5966, .T. ) ;
#2944 = AXIS2_PLACEMENT_3D ( 'NONE', #8910, #2892, #1441 ) ;
#2945 = FACE_BOUND ( 'NONE', #2115, .T. ) ;
#2946 = EDGE_CURVE ( 'NONE', #4294, #3528, #5672, .T. ) ;
#2947 = ORIENTED_EDGE ( 'NONE', *, *, #6914, .F. ) ;
#2948 = UNCERTAINTY_MEASURE_WITH_UNIT (LENGTH_MEASURE( 1.000000000000000082E-05 ), #999, 'distance_accuracy_value', 'NONE');
#2949 = CARTESIAN_POINT ( 'NONE',  ( 23.60000000000003340, -4.727283270692928610E-14, -0.000000000000000000 ) ) ;
#2950 = DIRECTION ( 'NONE',  ( -1.275664639488985824E-15, 4.175048060655008194E-16, 1.000000000000000000 ) ) ;
#2951 = FACE_OUTER_BOUND ( 'NONE', #993, .T. ) ;
#2952 = AXIS2_PLACEMENT_3D ( 'NONE', #5250, #1490, #5109 ) ;
#2953 = EDGE_LOOP ( 'NONE', ( #1926, #1249, #4990, #3744 ) ) ;
#2954 = ORIENTED_EDGE ( 'NONE', *, *, #5955, .T. ) ;
#2955 = CARTESIAN_POINT ( 'NONE',  ( 97.51665896446229453, 177.2587965372885037, 130.4501160567394038 ) ) ;
#2956 = ADVANCED_FACE ( 'NONE', ( #1469 ), #611, .F. ) ;
#2957 = COLOUR_RGB ( '',0.7921568627450980005, 0.8196078431372548767, 0.9333333333333333481 ) ;
#2958 = CARTESIAN_POINT ( 'NONE',  ( 124.7594733917880063, 177.0587965372885151, 144.8376160567393924 ) ) ;
#2959 = LINE ( 'NONE', #3670, #4939 ) ;
#2960 = FACE_OUTER_BOUND ( 'NONE', #6929, .T. ) ;
#2961 = CARTESIAN_POINT ( 'NONE',  ( 123.6420582790525629, 176.3587931559684137, 180.9038682771525544 ) ) ;
#2962 = CARTESIAN_POINT ( 'NONE',  ( 121.5594733917879893, 171.7585906126184909, 176.8500716728244981 ) ) ;
#2963 = DIRECTION ( 'NONE',  ( 0.7071067811865631159, -3.897160047393951058E-15, 0.7071067811865320296 ) ) ;
#2964 = ORIENTED_EDGE ( 'NONE', *, *, #6296, .F. ) ;
#2965 = VERTEX_POINT ( 'NONE', #4208 ) ;
#2966 = VERTEX_POINT ( 'NONE', #2821 ) ;
#2967 = EDGE_CURVE ( 'NONE', #8708, #8599, #7171, .T. ) ;
#2968 = ORIENTED_EDGE ( 'NONE', *, *, #6056, .F. ) ;
#2969 = ADVANCED_FACE ( 'NONE', ( #7315 ), #8077, .T. ) ;
#2970 = CIRCLE ( 'NONE', #3730, 1.599999999999990319 ) ;
#2971 = DIRECTION ( 'NONE',  ( 1.000000000000000000, -1.165921621825713967E-15, 1.481062580737441945E-16 ) ) ;
#2972 = DIRECTION ( 'NONE',  ( -1.332169591021890008E-15, 0.000000000000000000, 1.000000000000000000 ) ) ;
#2973 = LINE ( 'NONE', #8849, #3645 ) ;
#2974 = LINE ( 'NONE', #671, #3564 ) ;
#2975 = LINE ( 'NONE', #768, #3769 ) ;
#2976 = CARTESIAN_POINT ( 'NONE',  ( -6.200000000000003730, -10.73871500692703940, 0.5999999999999999778 ) ) ;
#2977 = ORIENTED_EDGE ( 'NONE', *, *, #8498, .T. ) ;
#2978 = EDGE_LOOP ( 'NONE', ( #7822, #7870, #7970, #8720, #7594, #9461 ) ) ;
#2979 = CIRCLE ( 'NONE', #683, 3.000000000000002665 ) ;
#2980 = EDGE_CURVE ( 'NONE', #7237, #5232, #4397, .T. ) ;
#2981 = ORIENTED_EDGE ( 'NONE', *, *, #4267, .F. ) ;
#2982 = ADVANCED_FACE ( 'NONE', ( #9384 ), #707, .F. ) ;
#2983 = FACE_OUTER_BOUND ( 'NONE', #8807, .T. ) ;
#2984 = CARTESIAN_POINT ( 'NONE',  ( 124.9594733917879097, 127.1320102867271373, 142.6589119524317653 ) ) ;
#2985 = DIRECTION ( 'NONE',  ( 0.000000000000000000, 0.1260168930201708004, 0.9920280957077490802 ) ) ;
#2986 = FACE_OUTER_BOUND ( 'NONE', #2403, .T. ) ;
#2987 = CARTESIAN_POINT ( 'NONE',  ( -5.200000000000002842, 3.464101615137754830, 0.000000000000000000 ) ) ;
#2988 = VECTOR ( 'NONE', #633, 1000.000000000000000 ) ;
#2989 = EDGE_CURVE ( 'NONE', #3492, #7274, #4988, .T. ) ;
#2990 = CARTESIAN_POINT ( 'NONE',  ( 105.8479001739020049, 172.6583833419400094, 168.8506933095804925 ) ) ;
#2991 = VERTEX_POINT ( 'NONE', #2087 ) ;
#2992 = VECTOR ( 'NONE', #8790, 1000.000000000000000 ) ;
#2993 = VERTEX_POINT ( 'NONE', #8792 ) ;
#2994 = AXIS2_PLACEMENT_3D ( 'NONE', #6427, #1121, #1170 ) ;
#2995 = LINE ( 'NONE', #5117, #7458 ) ;
#2996 = ORIENTED_EDGE ( 'NONE', *, *, #7863, .T. ) ;
#2997 = CARTESIAN_POINT ( 'NONE',  ( 124.3594733917879154, 145.9320102867271771, 145.4301932445420391 ) ) ;
#2998 = CARTESIAN_POINT ( 'NONE',  ( 121.7594733917879921, 173.4585906126184796, 136.0001160632313884 ) ) ;
#2999 = VECTOR ( 'NONE', #3721, 999.9999999999998863 ) ;
#3000 = DIRECTION ( 'NONE',  ( -1.184735462541920096E-15, -1.000000000000000000, -3.379091138490570313E-15 ) ) ;
#3001 = EDGE_CURVE ( 'NONE', #2389, #8389, #5037, .T. ) ;
#3002 = ORIENTED_EDGE ( 'NONE', *, *, #9401, .T. ) ;
#3003 = ORIENTED_EDGE ( 'NONE', *, *, #5500, .F. ) ;
#3004 = VECTOR ( 'NONE', #3737, 1000.000000000000114 ) ;
#3005 = DIRECTION ( 'NONE',  ( 1.000000000000000000, -1.184735462541926012E-15, 1.332169591021886064E-15 ) ) ;
#3006 = DIRECTION ( 'NONE',  ( 4.434356038737139915E-30, 7.287275863554980679E-15, -1.000000000000000000 ) ) ;
#3007 = CARTESIAN_POINT ( 'NONE',  ( 123.6420582790520086, 176.3587931559684989, 181.0501160567395118 ) ) ;
#3008 = CARTESIAN_POINT ( 'NONE',  ( 104.1412005329670052, 112.1968567710072051, 177.0343509917354936 ) ) ;
#3009 = FACE_OUTER_BOUND ( 'NONE', #1139, .T. ) ;
#3010 = FACE_OUTER_BOUND ( 'NONE', #2953, .T. ) ;
#3011 = DIRECTION ( 'NONE',  ( 1.000000000000000000, -1.210939508638132030E-15, 1.277902559593765872E-15 ) ) ;
#3012 = ORIENTED_EDGE ( 'NONE', *, *, #4094, .T. ) ;
#3013 = VECTOR ( 'NONE', #2519, 1000.000000000000000 ) ;
#3014 = EDGE_CURVE ( 'NONE', #1751, #2620, #2819, .T. ) ;
#3015 = ORIENTED_EDGE ( 'NONE', *, *, #1317, .T. ) ;
#3016 = ORIENTED_EDGE ( 'NONE', *, *, #8520, .T. ) ;
#3017 = VECTOR ( 'NONE', #8396, 1000.000000000000000 ) ;
#3018 = CARTESIAN_POINT ( 'NONE',  ( 117.4594733917879950, 119.9496176806359955, 167.0501160567430077 ) ) ;
#3019 = CARTESIAN_POINT ( 'NONE',  ( 115.7199540685230090, 129.3613257594832078, 169.4033123135855021 ) ) ;
#3020 = CARTESIAN_POINT ( 'NONE',  ( 124.9594733917878955, 133.1320102867271373, 153.0512167978450577 ) ) ;
#3021 = CARTESIAN_POINT ( 'NONE',  ( 104.2479001739019964, 176.6587965372895042, 180.4015879193144940 ) ) ;
#3022 = DIRECTION ( 'NONE',  ( -1.743504668820874792E-15, -0.5000000000000000000, 0.8660254037844387076 ) ) ;
#3023 = DIRECTION ( 'NONE',  ( -0.8660254037844393737, -0.4999999999999986677, 0.000000000000000000 ) ) ;
#3024 = VERTEX_POINT ( 'NONE', #6584 ) ;
#3025 = EDGE_CURVE ( 'NONE', #2887, #7703, #2913, .T. ) ;
#3026 = VERTEX_POINT ( 'NONE', #1698 ) ;
#3027 = ORIENTED_EDGE ( 'NONE', *, *, #9290, .F. ) ;
#3028 = AXIS2_PLACEMENT_3D ( 'NONE', #5811, #4982, #1368 ) ;
#3029 = ORIENTED_EDGE ( 'NONE', *, *, #1841, .T. ) ;
#3030 = CARTESIAN_POINT ( 'NONE',  ( 117.4594733917879950, 149.9496176806353844, 167.0501160567390002 ) ) ;
#3031 = FACE_OUTER_BOUND ( 'NONE', #9023, .T. ) ;
#3032 = CARTESIAN_POINT ( 'NONE',  ( 124.9594733917878955, 127.5320102867271146, 149.3561750750314445 ) ) ;
#3033 = CARTESIAN_POINT ( 'NONE',  ( 124.9594733917879950, 173.4585906126184796, 136.0001160632313884 ) ) ;
#3034 = DIRECTION ( 'NONE',  ( 0.000000000000000000, 4.326681131221240423E-15, -1.000000000000000000 ) ) ;
#3035 = VECTOR ( 'NONE', #8430, 1000.000000000000000 ) ;
#3036 = FACE_OUTER_BOUND ( 'NONE', #9491, .T. ) ;
#3037 = EDGE_CURVE ( 'NONE', #3994, #948, #7457, .T. ) ;
#3039 = EDGE_CURVE ( 'NONE', #6399, #9507, #5642, .T. ) ;
#3038 = ORIENTED_EDGE ( 'NONE', *, *, #1434, .F. ) ;
#3040 = VECTOR ( 'NONE', #6489, 1000.000000000000000 ) ;
#3041 = ORIENTED_EDGE ( 'NONE', *, *, #7437, .F. ) ;
#3042 = EDGE_CURVE ( 'NONE', #1749, #8940, #223, .T. ) ;
#3043 = APPLICATION_CONTEXT ( 'automotive_design' ) ;
#3044 = CARTESIAN_POINT ( 'NONE',  ( 103.4479001739019992, 176.6587965372879978, 149.1503116178924131 ) ) ;
#3045 = ORIENTED_EDGE ( 'NONE', *, *, #4153, .T. ) ;
#3046 = PRODUCT_DEFINITION_CONTEXT ( 'detailed design', #5509, 'design' ) ;
#3047 = CARTESIAN_POINT ( 'NONE',  ( 105.8479001739020049, 171.4583829936065342, 145.2896250086894270 ) ) ;
#3048 = LINE ( 'NONE', #66, #3782 ) ;
#3049 = CARTESIAN_POINT ( 'NONE',  ( 124.9594733917879097, 124.3320102867271260, 140.5804509833491238 ) ) ;
#3050 = EDGE_CURVE ( 'NONE', #8105, #4498, #803, .T. ) ;
#3051 = ORIENTED_EDGE ( 'NONE', *, *, #3283, .F. ) ;
#3052 = VERTEX_POINT ( 'NONE', #78 ) ;
#3053 = DIRECTION ( 'NONE',  ( -1.332169591021886064E-15, 0.000000000000000000, 1.000000000000000000 ) ) ;
#3055 = EDGE_CURVE ( 'NONE', #6768, #2966, #4492, .T. ) ;
#3054 = CARTESIAN_POINT ( 'NONE',  ( 17.60000000000001563, -17.55144818336463786, 0.000000000000000000 ) ) ;
#3056 = DIRECTION ( 'NONE',  ( -1.000000000000000000, 0.000000000000000000, 5.418193534350200047E-30 ) ) ;
#3057 = DIRECTION ( 'NONE',  ( -1.210939508638132030E-15, -1.000000000000000000, 2.775557561562899979E-17 ) ) ;
#3058 = ADVANCED_FACE ( 'NONE', ( #2372 ), #5227, .T. ) ;
#3059 = DIRECTION ( 'NONE',  ( -1.000000000000000000, 1.210939508638132030E-15, -1.277902559593765872E-15 ) ) ;
#3060 = CARTESIAN_POINT ( 'NONE',  ( 105.8479001739020049, 172.6583830282139900, 165.6113888862245176 ) ) ;
#3061 = VECTOR ( 'NONE', #255, 1000.000000000000000 ) ;
#3062 = CARTESIAN_POINT ( 'NONE',  ( 11.80000000000000249, -6.581793068761736087, 0.5999999999999999778 ) ) ;
#3063 = ORIENTED_EDGE ( 'NONE', *, *, #1412, .T. ) ;
#3064 = ORIENTED_EDGE ( 'NONE', *, *, #1107, .T. ) ;
#3065 = EDGE_LOOP ( 'NONE', ( #2010, #5186, #1589, #5052 ) ) ;
#3066 = AXIS2_PLACEMENT_3D ( 'NONE', #4543, #3109, #900 ) ;
#3067 = CARTESIAN_POINT ( 'NONE',  ( 124.3594733917878870, 118.7320102867271316, 150.2799355057348407 ) ) ;
#3068 = CARTESIAN_POINT ( 'NONE',  ( 124.9594733917879381, 121.9320102867271203, 145.6611333522178313 ) ) ;
#3069 = EDGE_CURVE ( 'NONE', #961, #4104, #1607, .T. ) ;
#3070 = CARTESIAN_POINT ( 'NONE',  ( 23.60000000000000853, -21.01554979850239491, 0.5999999999999999778 ) ) ;
#3071 = DIRECTION ( 'NONE',  ( 0.000000000000000000, 1.000000000000000000, 9.251858538542962756E-15 ) ) ;
#3072 = LINE ( 'NONE', #6747, #91 ) ;
#3073 = DIRECTION ( 'NONE',  ( -4.685093906533303674E-16, -0.8660254037844383745, -0.5000000000000003331 ) ) ;
#3074 = VERTEX_POINT ( 'NONE', #4444 ) ;
#3075 = ORIENTED_EDGE ( 'NONE', *, *, #3497, .T. ) ;
#3076 = VECTOR ( 'NONE', #8492, 1000.000000000000114 ) ;
#3077 = VERTEX_POINT ( 'NONE', #899 ) ;
#3078 = ORIENTED_EDGE ( 'NONE', *, *, #3445, .T. ) ;
#3079 = CIRCLE ( 'NONE', #4300, 3.000000000000002665 ) ;
#3080 = CARTESIAN_POINT ( 'NONE',  ( 121.5594733917879893, 175.1585906126184966, 136.0001160632313884 ) ) ;
#3081 = CARTESIAN_POINT ( 'NONE',  ( 115.7594733917879921, 119.9496176806352139, 130.0501160567390002 ) ) ;
#3082 = EDGE_CURVE ( 'NONE', #7317, #3760, #4703, .T. ) ;
#3083 = DIRECTION ( 'NONE',  ( -0.000000000000000000, -1.000000000000000000, 0.000000000000000000 ) ) ;
#3084 = CARTESIAN_POINT ( 'NONE',  ( 124.3594733917879154, 139.9320102867271487, 145.4301932445419823 ) ) ;
#3085 = CARTESIAN_POINT ( 'NONE',  ( 123.9564374646109854, 177.2961470395164838, 181.0501160567395118 ) ) ;
#3086 = DIRECTION ( 'NONE',  ( -1.743504668820874792E-15, -0.5000000000000004441, 0.8660254037844384856 ) ) ;
#3087 = ORIENTED_EDGE ( 'NONE', *, *, #5798, .F. ) ;
#3088 = EDGE_LOOP ( 'NONE', ( #1435, #9107, #1858, #8696 ) ) ;
#3089 = AXIS2_PLACEMENT_3D ( 'NONE', #8531, #5009, #8628 ) ;
#3090 = LINE ( 'NONE', #2457, #9084 ) ;
#3091 = CARTESIAN_POINT ( 'NONE',  ( 6.200000000000001954, -3.810511776651529292, 0.5999999999999999778 ) ) ;
#3092 = EDGE_CURVE ( 'NONE', #690, #8766, #8172, .T. ) ;
#3093 = ORIENTED_EDGE ( 'NONE', *, *, #3445, .F. ) ;
#3094 = ADVANCED_FACE ( 'NONE', ( #6678 ), #2860, .T. ) ;
#3095 = VECTOR ( 'NONE', #1288, 1000.000000000000227 ) ;
#3096 = LINE ( 'NONE', #2901, #142 ) ;
#3097 = DIRECTION ( 'NONE',  ( 0.6785983445458539931, 0.2810846377147915298, -0.6785983445458518837 ) ) ;
#3098 = LINE ( 'NONE', #5945, #309 ) ;
#3099 = VERTEX_POINT ( 'NONE', #3060 ) ;
#3100 = CIRCLE ( 'NONE', #1702, 3.000000000000002665 ) ;
#3101 = ORIENTED_EDGE ( 'NONE', *, *, #5663, .F. ) ;
#3102 = CARTESIAN_POINT ( 'NONE',  ( 5.599999999999997868, -10.62324495308911665, 0.5999999999999999778 ) ) ;
#3103 = EDGE_CURVE ( 'NONE', #5091, #7675, #6831, .T. ) ;
#3104 = EDGE_CURVE ( 'NONE', #3852, #3426, #8840, .T. ) ;
#3105 = CARTESIAN_POINT ( 'NONE',  ( 6.399999999999998579, -10.39230484541326582, 0.000000000000000000 ) ) ;
#3106 = LINE ( 'NONE', #3008, #242 ) ;
#3107 = DIRECTION ( 'NONE',  ( 1.744174030142316585E-15, 0.8660254037844394848, -0.4999999999999983902 ) ) ;
#3108 = FACE_OUTER_BOUND ( 'NONE', #2919, .T. ) ;
#3109 = DIRECTION ( 'NONE',  ( -1.000000000000000000, 1.165921558532966158E-15, -1.481065031799985867E-16 ) ) ;
#3110 = ORIENTED_EDGE ( 'NONE', *, *, #338, .T. ) ;
#3111 = ORIENTED_EDGE ( 'NONE', *, *, #4791, .F. ) ;
#3112 = ORIENTED_EDGE ( 'NONE', *, *, #9112, .F. ) ;
#3113 = CARTESIAN_POINT ( 'NONE',  ( 5.800000000000006040, 10.04589468389949225, 0.5999999999999999778 ) ) ;
#3114 = PLANE ( 'NONE',  #3756 ) ;
#3115 = DIRECTION ( 'NONE',  ( -0.000000000000000000, -0.000000000000000000, -1.000000000000000000 ) ) ;
#3116 = LINE ( 'NONE', #6013, #4484 ) ;
#3117 = CARTESIAN_POINT ( 'NONE',  ( 119.1594733917879978, 119.9496176806359955, 167.0501160567430077 ) ) ;
#3118 = DIRECTION ( 'NONE',  ( -7.064089723666230219E-29, 4.326681131221240423E-15, -1.000000000000000000 ) ) ;
#3119 = ORIENTED_EDGE ( 'NONE', *, *, #8633, .F. ) ;
#3120 = ORIENTED_EDGE ( 'NONE', *, *, #737, .T. ) ;
#3121 = ORIENTED_EDGE ( 'NONE', *, *, #5786, .T. ) ;
#3123 = VERTEX_POINT ( 'NONE', #2278 ) ;
#3122 = ADVANCED_FACE ( 'NONE', ( #3010 ), #5954, .T. ) ;
#3124 = ORIENTED_EDGE ( 'NONE', *, *, #1200, .T. ) ;
#3125 = DIRECTION ( 'NONE',  ( 4.087556092131263946E-16, 1.000000000000000000, 0.000000000000000000 ) ) ;
#3126 = CARTESIAN_POINT ( 'NONE',  ( 23.60000000000000497, -20.78460969082654586, 0.000000000000000000 ) ) ;
#3127 = DIRECTION ( 'NONE',  ( 1.000000000000000000, -1.184735462541926012E-15, 1.332169591021886064E-15 ) ) ;
#3128 = CARTESIAN_POINT ( 'NONE',  ( 12.40000000000000391, -13.62546635287517560, 0.000000000000000000 ) ) ;
#3129 = LINE ( 'NONE', #3991, #8845 ) ;
#3130 = ORIENTED_EDGE ( 'NONE', *, *, #8552, .T. ) ;
#3131 = AXIS2_PLACEMENT_3D ( 'NONE', #1732, #1591, #3808 ) ;
#3132 = PLANE ( 'NONE',  #8769 ) ;
#3133 = ORIENTED_EDGE ( 'NONE', *, *, #7880, .T. ) ;
#3134 = EDGE_CURVE ( 'NONE', #4152, #6425, #8218, .T. ) ;
#3135 = VECTOR ( 'NONE', #2565, 1000.000000000000000 ) ;
#3136 = VERTEX_POINT ( 'NONE', #6782 ) ;
#3137 = AXIS2_PLACEMENT_3D ( 'NONE', #2396, #1010, #4516 ) ;
#3138 = VERTEX_POINT ( 'NONE', #175 ) ;
#3139 = DIRECTION ( 'NONE',  ( 0.000000000000000000, 1.000000000000000000, 9.251858538542962756E-15 ) ) ;
#3140 = FACE_OUTER_BOUND ( 'NONE', #4335, .T. ) ;
#3141 = ORIENTED_EDGE ( 'NONE', *, *, #2562, .T. ) ;
#3142 = DIRECTION ( 'NONE',  ( -0.8660254037844391517, 0.4999999999999991118, 0.000000000000000000 ) ) ;
#3143 = CARTESIAN_POINT ( 'NONE',  ( 124.5975336255319945, 112.1968567710067930, 177.0343509917350104 ) ) ;
#3144 = PLANE ( 'NONE',  #5223 ) ;
#3145 = VECTOR ( 'NONE', #765, 1000.000000000000114 ) ;
#3146 = ADVANCED_FACE ( 'NONE', ( #3108 ), #8268, .T. ) ;
#3147 = VERTEX_POINT ( 'NONE', #8315 ) ;
#3148 = VERTEX_POINT ( 'NONE', #7551 ) ;
#3149 = DIRECTION ( 'NONE',  ( 0.000000000000000000, -4.326681131221240423E-15, 1.000000000000000000 ) ) ;
#3150 = AXIS2_PLACEMENT_3D ( 'NONE', #9518, #1229, #5083 ) ;
#3151 = CARTESIAN_POINT ( 'NONE',  ( 117.4594733917879950, 149.9496176806353844, 167.0501160567390002 ) ) ;
#3152 = DIRECTION ( 'NONE',  ( -1.000000000000000000, 1.210939508638132030E-15, -1.277902559593765872E-15 ) ) ;
#3153 = LINE ( 'NONE', #9028, #9229 ) ;
#3154 = DIRECTION ( 'NONE',  ( -1.000000000000000000, 2.003086131649543140E-15, 0.000000000000000000 ) ) ;
#3155 = DIRECTION ( 'NONE',  ( -1.000000000000000000, 0.000000000000000000, 5.418193534350209856E-30 ) ) ;
#3156 = ORIENTED_EDGE ( 'NONE', *, *, #6426, .T. ) ;
#3157 = EDGE_CURVE ( 'NONE', #1471, #6989, #9126, .T. ) ;
#3158 = VERTEX_POINT ( 'NONE', #5610 ) ;
#3159 = EDGE_CURVE ( 'NONE', #5738, #866, #363, .T. ) ;
#3160 = AXIS2_PLACEMENT_3D ( 'NONE', #7054, #1162, #1303 ) ;
#3161 = ORIENTED_EDGE ( 'NONE', *, *, #4879, .T. ) ;
#3162 = EDGE_CURVE ( 'NONE', #2283, #822, #1839, .T. ) ;
#3163 = DIRECTION ( 'NONE',  ( 0.000000000000000000, 5.658850722243130628E-15, -1.000000000000000000 ) ) ;
#3164 = LINE ( 'NONE', #7422, #5146 ) ;
#3165 = CARTESIAN_POINT ( 'NONE',  ( 2.800000000000001599, 4.849742261192856674, 0.5999999999999999778 ) ) ;
#3166 = CARTESIAN_POINT ( 'NONE',  ( 124.3594733917879012, 127.9320102867271203, 141.9660916294042465 ) ) ;
#3167 = LINE ( 'NONE', #6112, #1620 ) ;
#3168 = VECTOR ( 'NONE', #861, 1000.000000000000114 ) ;
#3169 = LINE ( 'NONE', #1713, #3222 ) ;
#3170 = ORIENTED_EDGE ( 'NONE', *, *, #6001, .F. ) ;
#3171 = ORIENTED_EDGE ( 'NONE', *, *, #7851, .F. ) ;
#3172 = ORIENTED_EDGE ( 'NONE', *, *, #7083, .F. ) ;
#3173 = EDGE_CURVE ( 'NONE', #761, #5439, #6148, .T. ) ;
#3174 = ORIENTED_EDGE ( 'NONE', *, *, #5244, .F. ) ;
#3175 = VECTOR ( 'NONE', #32, 1000.000000000000114 ) ;
#3176 = EDGE_LOOP ( 'NONE', ( #9470, #6031, #4892, #911, #3110, #8610, #665, #4378, #129, #1171, #4597 ) ) ;
#3177 = DIRECTION ( 'NONE',  ( -1.000000000000000000, 1.210939508638132030E-15, -1.277902559593765872E-15 ) ) ;
#3178 = CARTESIAN_POINT ( 'NONE',  ( 29.60000000000002629, -24.01777119828843965, 0.5999999999999999778 ) ) ;
#3179 = CARTESIAN_POINT ( 'NONE',  ( 117.9594733917883929, 124.9496176806354413, 129.0501160567390002 ) ) ;
#3180 = DIRECTION ( 'NONE',  ( 1.000000000000000000, -1.210939508638132030E-15, 1.277902559593765872E-15 ) ) ;
#3181 = CARTESIAN_POINT ( 'NONE',  ( 124.0592155665779899, 175.9416358684430008, 180.4501160567394891 ) ) ;
#3182 = ADVANCED_FACE ( 'NONE', ( #5517 ), #2613, .T. ) ;
#3183 = VERTEX_POINT ( 'NONE', #3344 ) ;
#3184 = CIRCLE ( 'NONE', #6107, 3.000000000000002665 ) ;
#3185 = PLANE ( 'NONE',  #163 ) ;
#3186 = VERTEX_POINT ( 'NONE', #3965 ) ;
#3187 = MECHANICAL_DESIGN_GEOMETRIC_PRESENTATION_REPRESENTATION (  '', ( #1335 ), #5180 ) ;
#3188 = ORIENTED_EDGE ( 'NONE', *, *, #6340, .F. ) ;
#3189 = DIRECTION ( 'NONE',  ( -1.744174030142317572E-15, -0.8660254037844387076, 0.5000000000000001110 ) ) ;
#3190 = DIRECTION ( 'NONE',  ( -6.102540401013060584E-15, 1.000000000000000000, 0.000000000000000000 ) ) ;
#3191 = EDGE_CURVE ( 'NONE', #3427, #5435, #8362, .T. ) ;
#3192 = LINE ( 'NONE', #6136, #778 ) ;
#3193 = LINE ( 'NONE', #1828, #5947 ) ;
#3194 = PLANE ( 'NONE',  #8460 ) ;
#3195 = AXIS2_PLACEMENT_3D ( 'NONE', #3363, #7760, #4806 ) ;
#3196 = ORIENTED_EDGE ( 'NONE', *, *, #7021, .T. ) ;
#3197 = EDGE_LOOP ( 'NONE', ( #8798, #6118, #8809, #1778 ) ) ;
#3198 = ORIENTED_EDGE ( 'NONE', *, *, #6802, .F. ) ;
#3199 = CARTESIAN_POINT ( 'NONE',  ( 124.3594733917879012, 121.5320102867271288, 138.9638702296181805 ) ) ;
#3200 = ORIENTED_EDGE ( 'NONE', *, *, #5690, .F. ) ;
#3201 = VECTOR ( 'NONE', #277, 1000.000000000000000 ) ;
#3202 = FACE_OUTER_BOUND ( 'NONE', #3959, .T. ) ;
#3203 = ADVANCED_FACE ( 'NONE', ( #1124 ), #266, .F. ) ;
#3204 = FACE_OUTER_BOUND ( 'NONE', #545, .T. ) ;
#3205 = DIRECTION ( 'NONE',  ( 4.660113001930844705E-16, -0.5000000000000003331, -0.8660254037844385966 ) ) ;
#3206 = FACE_OUTER_BOUND ( 'NONE', #2701, .T. ) ;
#3207 = ORIENTED_EDGE ( 'NONE', *, *, #8698, .T. ) ;
#3208 = VERTEX_POINT ( 'NONE', #9080 ) ;
#3209 = EDGE_LOOP ( 'NONE', ( #7603, #7015, #7330, #476 ) ) ;
#3211 = LINE ( 'NONE', #8505, #413 ) ;
#3210 = VECTOR ( 'NONE', #3376, 1000.000000000000000 ) ;
#3212 = CARTESIAN_POINT ( 'NONE',  ( 18.00000000000000355, -9.930424630061571278, 0.000000000000000000 ) ) ;
#3213 = DIRECTION ( 'NONE',  ( 1.332169591021890008E-15, 3.379091138490570313E-15, -1.000000000000000000 ) ) ;
#3214 = EDGE_CURVE ( 'NONE', #3482, #2079, #8500, .T. ) ;
#3215 = ADVANCED_FACE ( 'NONE', ( #8407 ), #6973, .F. ) ;
#3216 = FACE_BOUND ( 'NONE', #9098, .T. ) ;
#3217 = CARTESIAN_POINT ( 'NONE',  ( 124.9594733917878955, 133.3320102867271260, 152.0119863133037370 ) ) ;
#3218 = CARTESIAN_POINT ( 'NONE',  ( 103.4479001739019992, 175.4587965372880092, 166.8113888862244778 ) ) ;
#3219 = ORIENTED_EDGE ( 'NONE', *, *, #6090, .T. ) ;
#3220 = ORIENTED_EDGE ( 'NONE', *, *, #8060, .F. ) ;
#3221 = VERTEX_POINT ( 'NONE', #4736 ) ;
#3222 = VECTOR ( 'NONE', #7613, 1000.000000000000000 ) ;
#3223 = ORIENTED_EDGE ( 'NONE', *, *, #1767, .T. ) ;
#3224 = ORIENTED_EDGE ( 'NONE', *, *, #2564, .T. ) ;
#3225 = FACE_OUTER_BOUND ( 'NONE', #8346, .T. ) ;
#3226 = DIRECTION ( 'NONE',  ( 1.275664639488986613E-15, 8.326672684688515048E-17, -1.000000000000000000 ) ) ;
#3227 = EDGE_CURVE ( 'NONE', #9505, #7843, #1777, .T. ) ;
#3228 = CARTESIAN_POINT ( 'NONE',  ( 103.8479001739019907, 171.4583830282139729, 166.8113890708325187 ) ) ;
#3229 = LINE ( 'NONE', #2398, #2796 ) ;
#3230 = LINE ( 'NONE', #6177, #8083 ) ;
#3231 = AXIS2_PLACEMENT_3D ( 'NONE', #5372, #8316, #3919 ) ;
#3232 = VERTEX_POINT ( 'NONE', #7020 ) ;
#3233 = CARTESIAN_POINT ( 'NONE',  ( 121.5594733917879893, 175.1585906126184966, 173.4500716728244925 ) ) ;
#3234 = VERTEX_POINT ( 'NONE', #1221 ) ;
#3235 = VECTOR ( 'NONE', #31, 999.9999999999998863 ) ;
#3236 = AXIS2_PLACEMENT_3D ( 'NONE', #248, #9203, #9010 ) ;
#3237 = AXIS2_PLACEMENT_3D ( 'NONE', #589, #5600, #5921 ) ;
#3238 = CYLINDRICAL_SURFACE ( 'NONE', #7255, 3.000000000000002665 ) ;
#3239 = CARTESIAN_POINT ( 'NONE',  ( 124.5594733917879893, 177.2587965372885037, 169.8325044613424950 ) ) ;
#3240 = PLANE ( 'NONE',  #1537 ) ;
#3241 = CARTESIAN_POINT ( 'NONE',  ( 124.3594733917879012, 133.1320102867271373, 145.4301932445419823 ) ) ;
#3242 = VECTOR ( 'NONE', #2204, 1000.000000000000000 ) ;
#3243 = CARTESIAN_POINT ( 'NONE',  ( 11.20000000000000284, -6.928203230275511437, 0.5999999999999999778 ) ) ;
#3244 = ORIENTED_EDGE ( 'NONE', *, *, #5213, .F. ) ;
#3245 = VERTEX_POINT ( 'NONE', #6196 ) ;
#3246 = EDGE_CURVE ( 'NONE', #8785, #36, #1173, .T. ) ;
#3247 = AXIS2_PLACEMENT_3D ( 'NONE', #8802, #5866, #7228 ) ;
#3248 = LINE ( 'NONE', #6045, #536 ) ;
#3249 = VERTEX_POINT ( 'NONE', #5420 ) ;
#3250 = DIRECTION ( 'NONE',  ( 1.694621345394324664E-16, 0.8070317052209948772, 0.5905081089774238956 ) ) ;
#3251 = CARTESIAN_POINT ( 'NONE',  ( 124.9594733917879950, 173.4585906126184796, 175.1500716728245095 ) ) ;
#3252 = DIRECTION ( 'NONE',  ( 4.660113001930844705E-16, -0.5000000000000003331, -0.8660254037844385966 ) ) ;
#3253 = ORIENTED_EDGE ( 'NONE', *, *, #7215, .T. ) ;
#3254 = AXIS2_PLACEMENT_3D ( 'NONE', #5477, #8463, #1893 ) ;
#3255 = ORIENTED_EDGE ( 'NONE', *, *, #2093, .F. ) ;
#3256 = VERTEX_POINT ( 'NONE', #4055 ) ;
#3257 = EDGE_CURVE ( 'NONE', #8609, #3948, #411, .T. ) ;
#3258 = VECTOR ( 'NONE', #8863, 1000.000000000000000 ) ;
#3259 = DIRECTION ( 'NONE',  ( -1.000000000000000000, -1.850371707708592551E-14, 0.000000000000000000 ) ) ;
#3260 = CARTESIAN_POINT ( 'NONE',  ( 124.5723247599937338, 112.1716479054687028, 176.9734914066599742 ) ) ;
#3261 = DIRECTION ( 'NONE',  ( 0.000000000000000000, -0.7071067811866168507, 0.7071067811864780728 ) ) ;
#3262 = CARTESIAN_POINT ( 'NONE',  ( 124.3594733917878870, 115.1320102867271231, 141.7351515217283975 ) ) ;
#3263 = SURFACE_SIDE_STYLE ('',( #329 ) ) ;
#3264 = LINE ( 'NONE', #1185, #7332 ) ;
#3265 = DIRECTION ( 'NONE',  ( 0.000000000000000000, 0.000000000000000000, -1.000000000000000000 ) ) ;
#3266 = ORIENTED_EDGE ( 'NONE', *, *, #229, .T. ) ;
#3267 = EDGE_LOOP ( 'NONE', ( #6795, #5070, #7462, #8468, #6717 ) ) ;
#3268 = VERTEX_POINT ( 'NONE', #7646 ) ;
#3269 = ORIENTED_EDGE ( 'NONE', *, *, #1464, .T. ) ;
#3270 = EDGE_CURVE ( 'NONE', #1997, #2295, #1031, .T. ) ;
#3271 = EDGE_LOOP ( 'NONE', ( #7375, #1610, #8972, #9062 ) ) ;
#3272 = LINE ( 'NONE', #7479, #1850 ) ;
#3273 = LINE ( 'NONE', #6950, #224 ) ;
#3274 = DIRECTION ( 'NONE',  ( -0.8660254037844385966, -0.5000000000000001110, 0.000000000000000000 ) ) ;
#3275 = DIRECTION ( 'NONE',  ( 0.000000000000000000, -0.9238795325112872936, 0.3826834323650886160 ) ) ;
#3276 = DIRECTION ( 'NONE',  ( -1.744174030142317572E-15, -0.8660254037844385966, 0.5000000000000002220 ) ) ;
#3277 = FACE_OUTER_BOUND ( 'NONE', #4053, .T. ) ;
#3278 = ORIENTED_EDGE ( 'NONE', *, *, #1333, .F. ) ;
#3279 = EDGE_CURVE ( 'NONE', #2630, #5939, #2662, .T. ) ;
#3280 = EDGE_CURVE ( 'NONE', #5030, #6762, #4101, .T. ) ;
#3281 = CARTESIAN_POINT ( 'NONE',  ( 0.1999999999999802491, 0.3464101615137420431, 0.5999999999999999778 ) ) ;
#3282 = CARTESIAN_POINT ( 'NONE',  ( 103.8479001739019907, 171.4583834233364996, 142.2994943533564083 ) ) ;
#3283 = EDGE_CURVE ( 'NONE', #447, #7508, #6245, .T. ) ;
#3284 = CARTESIAN_POINT ( 'NONE',  ( 12.00000000000000355, 6.466323014923809787, 0.000000000000000000 ) ) ;
#3285 = VECTOR ( 'NONE', #2365, 1000.000000000000000 ) ;
#3286 = CARTESIAN_POINT ( 'NONE',  ( -0.2000000000000201617, -0.3464101615138111545, -0.000000000000000000 ) ) ;
#3287 = DIRECTION ( 'NONE',  ( -1.184735462541922068E-15, -1.000000000000000000, -3.379091138490570313E-15 ) ) ;
#3288 = CARTESIAN_POINT ( 'NONE',  ( 103.4479001739019992, 174.2587965372880205, 165.6113888862245176 ) ) ;
#3289 = VERTEX_POINT ( 'NONE', #6430 ) ;
#3290 = ORIENTED_EDGE ( 'NONE', *, *, #4946, .T. ) ;
#3291 = VERTEX_POINT ( 'NONE', #6383 ) ;
#3292 = FACE_OUTER_BOUND ( 'NONE', #674, .T. ) ;
#3293 = ORIENTED_EDGE ( 'NONE', *, *, #420, .F. ) ;
#3294 = CARTESIAN_POINT ( 'NONE',  ( 6.800000000000000711, 3.464101615137753942, 0.5999999999999999778 ) ) ;
#3295 = DIRECTION ( 'NONE',  ( 1.184735462541920096E-15, 1.000000000000000000, 3.379091138490570313E-15 ) ) ;
#3296 = EDGE_CURVE ( 'NONE', #4391, #3568, #5072, .T. ) ;
#3297 = VECTOR ( 'NONE', #6071, 1000.000000000000000 ) ;
#3298 = CARTESIAN_POINT ( 'NONE',  ( 124.3594733917879012, 127.7320102867271174, 141.6196814678904445 ) ) ;
#3299 = VERTEX_POINT ( 'NONE', #2810 ) ;
#3300 = EDGE_LOOP ( 'NONE', ( #2137, #6455, #5665, #2931 ) ) ;
#3301 = AXIS2_PLACEMENT_3D ( 'NONE', #6744, #3732, #8182 ) ;
#3302 = AXIS2_PLACEMENT_3D ( 'NONE', #3496, #1240, #5949 ) ;
#3303 = LINE ( 'NONE', #5427, #5806 ) ;
#3304 = CARTESIAN_POINT ( 'NONE',  ( 105.8479001739020049, 174.1075765200275214, 170.0411268857585014 ) ) ;
#3305 = CARTESIAN_POINT ( 'NONE',  ( 121.5594733917879893, 170.9867491937569923, 134.3001160632323945 ) ) ;
#3306 = DIRECTION ( 'NONE',  ( 0.000000000000000000, 0.000000000000000000, -1.000000000000000000 ) ) ;
#3307 = DIRECTION ( 'NONE',  ( -1.000000000000000000, 1.262878690511115565E-15, -1.110223024625156417E-16 ) ) ;
#3308 = CARTESIAN_POINT ( 'NONE',  ( 124.5594733917879893, 116.3659033184497957, 181.0501160567390002 ) ) ;
#3309 = ADVANCED_FACE ( 'NONE', ( #5760 ), #5025, .T. ) ;
#3310 = DIRECTION ( 'NONE',  ( 1.000000000000000000, -1.184735462541920096E-15, -4.316747070439684937E-30 ) ) ;
#3311 = ORIENTED_EDGE ( 'NONE', *, *, #8489, .F. ) ;
#3312 = VERTEX_POINT ( 'NONE', #2029 ) ;
#3313 = VECTOR ( 'NONE', #6759, 1000.000000000000000 ) ;
#3314 = ORIENTED_EDGE ( 'NONE', *, *, #3644, .F. ) ;
#3315 = ORIENTED_EDGE ( 'NONE', *, *, #2030, .F. ) ;
#3316 = DIRECTION ( 'NONE',  ( -1.332169591021886064E-15, 0.000000000000000000, 1.000000000000000000 ) ) ;
#3317 = VECTOR ( 'NONE', #6549, 1000.000000000000114 ) ;
#3318 = FACE_OUTER_BOUND ( 'NONE', #3197, .T. ) ;
#3319 = DIRECTION ( 'NONE',  ( -0.000000000000000000, -1.000000000000000000, 0.000000000000000000 ) ) ;
#3320 = CARTESIAN_POINT ( 'NONE',  ( 12.20000000000000462, -6.581793068761736087, 0.5999999999999999778 ) ) ;
#3321 = CARTESIAN_POINT ( 'NONE',  ( 5.599999999999997868, -10.39230484541326582, 0.000000000000000000 ) ) ;
#3322 = CARTESIAN_POINT ( 'NONE',  ( 124.9594733917879097, 127.3320102867271402, 142.3125017909179917 ) ) ;
#3323 = EDGE_CURVE ( 'NONE', #6053, #6117, #599, .T. ) ;
#3324 = LINE ( 'NONE', #4038, #934 ) ;
#3325 = EDGE_LOOP ( 'NONE', ( #3087, #6458, #9142, #2235 ) ) ;
#3326 = AXIS2_PLACEMENT_3D ( 'NONE', #318, #3205, #1746 ) ;
#3327 = DIRECTION ( 'NONE',  ( 0.000000000000000000, 1.000000000000000000, 0.000000000000000000 ) ) ;
#3328 = DIRECTION ( 'NONE',  ( 1.000000000000000000, 1.723050136371079932E-14, 6.938893903992659548E-18 ) ) ;
#3329 = FACE_OUTER_BOUND ( 'NONE', #5440, .T. ) ;
#3330 = DIRECTION ( 'NONE',  ( 1.210939508638132030E-15, 1.000000000000000000, -2.775557561562899979E-17 ) ) ;
#3331 = VECTOR ( 'NONE', #1179, 1000.000000000000000 ) ;
#3332 = ADVANCED_FACE ( 'NONE', ( #1361 ), #4929, .T. ) ;
#3333 = DIRECTION ( 'NONE',  ( -0.7071067811865310304, 0.7071067811865640040, 5.152882179496900632E-15 ) ) ;
#3334 = ADVANCED_FACE ( 'NONE', ( #5804 ), #7257, .T. ) ;
#3335 = CARTESIAN_POINT ( 'NONE',  ( 103.4479001739019992, 174.2587965372880205, 165.2113888862244835 ) ) ;
#3336 = CARTESIAN_POINT ( 'NONE',  ( 124.5594733917879893, 112.6587965372632141, 130.5501160567390002 ) ) ;
#3337 = EDGE_CURVE ( 'NONE', #2261, #8321, #4293, .T. ) ;
#3338 = ORIENTED_EDGE ( 'NONE', *, *, #5135, .F. ) ;
#3339 = VECTOR ( 'NONE', #1987, 1000.000000000000000 ) ;
#3340 = ORIENTED_EDGE ( 'NONE', *, *, #7324, .F. ) ;
#3341 = DIRECTION ( 'NONE',  ( 0.8660254037844388186, -0.4999999999999997780, 0.000000000000000000 ) ) ;
#3342 = CARTESIAN_POINT ( 'NONE',  ( 24.20000000000000639, -14.20281662206481066, 0.5999999999999999778 ) ) ;
#3343 = EDGE_CURVE ( 'NONE', #8689, #2712, #1315, .T. ) ;
#3344 = CARTESIAN_POINT ( 'NONE',  ( 6.000000000000000888, -3.925981830489455149, 0.5999999999999999778 ) ) ;
#3345 = VECTOR ( 'NONE', #4122, 1000.000000000000000 ) ;
#3346 = DIRECTION ( 'NONE',  ( -0.8660254037844385966, 0.5000000000000002220, 0.000000000000000000 ) ) ;
#3347 = ORIENTED_EDGE ( 'NONE', *, *, #6460, .F. ) ;
#3348 = ORIENTED_EDGE ( 'NONE', *, *, #1382, .F. ) ;
#3349 = VECTOR ( 'NONE', #8704, 1000.000000000000114 ) ;
#3350 = FACE_OUTER_BOUND ( 'NONE', #5639, .T. ) ;
#3351 = LINE ( 'NONE', #6298, #4472 ) ;
#3352 = DIRECTION ( 'NONE',  ( 0.000000000000000000, 1.000000000000000000, 0.000000000000000000 ) ) ;
#3353 = DIRECTION ( 'NONE',  ( 0.000000000000000000, -0.1260168930201893966, -0.9920280957077467487 ) ) ;
#3354 = CARTESIAN_POINT ( 'NONE',  ( 124.5723247599939469, 116.2354211873424958, 181.0372646885330710 ) ) ;
#3355 = LINE ( 'NONE', #3977, #9224 ) ;
#3356 = VERTEX_POINT ( 'NONE', #2857 ) ;
#3357 = ORIENTED_EDGE ( 'NONE', *, *, #6392, .F. ) ;
#3358 = ORIENTED_EDGE ( 'NONE', *, *, #8697, .T. ) ;
#3359 = ADVANCED_FACE ( 'NONE', ( #7925 ), #3478, .F. ) ;
#3360 = FACE_OUTER_BOUND ( 'NONE', #3267, .T. ) ;
#3361 = DIRECTION ( 'NONE',  ( -1.744174030142317374E-15, -0.8660254037844385966, 0.5000000000000001110 ) ) ;
#3362 = CARTESIAN_POINT ( 'NONE',  ( 124.9594733917878955, 115.3320102867271260, 142.3125017909179917 ) ) ;
#3363 = CARTESIAN_POINT ( 'NONE',  ( 18.40000000000001634, 0.000000000000000000, 0.5999999999999999778 ) ) ;
#3364 = CARTESIAN_POINT ( 'NONE',  ( 96.10721879399569900, 162.2587965372885037, 180.4501160567394891 ) ) ;
#3365 = CYLINDRICAL_SURFACE ( 'NONE', #1461, 0.1999999999999964861 ) ;
#3366 = VECTOR ( 'NONE', #5967, 1000.000000000000000 ) ;
#3367 = CARTESIAN_POINT ( 'NONE',  ( 103.8479001739019907, 172.8096036795785153, 141.1090608090123908 ) ) ;
#3368 = ORIENTED_EDGE ( 'NONE', *, *, #2799, .F. ) ;
#3369 = EDGE_CURVE ( 'NONE', #6823, #1959, #8739, .T. ) ;
#3370 = VECTOR ( 'NONE', #5471, 1000.000000000000000 ) ;
#3371 = CARTESIAN_POINT ( 'NONE',  ( 124.7594733917880063, 148.0337965372832230, 130.2501160567391878 ) ) ;
#3372 = DIRECTION ( 'NONE',  ( 0.000000000000000000, 0.000000000000000000, 1.000000000000000000 ) ) ;
#3373 = CARTESIAN_POINT ( 'NONE',  ( 124.3594733917878727, 121.9320102867271203, 159.0556595974171614 ) ) ;
#3374 = CARTESIAN_POINT ( 'NONE',  ( 23.60000000000001918, -7.621023553303069242, -0.000000000000000000 ) ) ;
#3375 = FACE_OUTER_BOUND ( 'NONE', #2310, .T. ) ;
#3376 = DIRECTION ( 'NONE',  ( 0.8660254037844384856, -0.5000000000000002220, 0.000000000000000000 ) ) ;
#3377 = CARTESIAN_POINT ( 'NONE',  ( 8.800000000000014921, -15.24204710660611717, -0.000000000000000000 ) ) ;
#3378 = VECTOR ( 'NONE', #390, 1000.000000000000114 ) ;
#3379 = ORIENTED_EDGE ( 'NONE', *, *, #1684, .T. ) ;
#3380 = ORIENTED_EDGE ( 'NONE', *, *, #4121, .T. ) ;
#3381 = EDGE_CURVE ( 'NONE', #3186, #7828, #4196, .T. ) ;
#3382 = LINE ( 'NONE', #7733, #8694 ) ;
#3383 = ORIENTED_EDGE ( 'NONE', *, *, #685, .F. ) ;
#3384 = VECTOR ( 'NONE', #929, 1000.000000000000000 ) ;
#3385 = LINE ( 'NONE', #6334, #6375 ) ;
#3386 = DIRECTION ( 'NONE',  ( 1.000000000000000000, -1.232504460548319946E-29, 1.332169591021894149E-15 ) ) ;
#3387 = CARTESIAN_POINT ( 'NONE',  ( 23.60000000000000497, -20.78460969082654586, 0.5999999999999999778 ) ) ;
#3388 = ORIENTED_EDGE ( 'NONE', *, *, #6505, .F. ) ;
#3389 = VECTOR ( 'NONE', #5589, 1000.000000000000114 ) ;
#3390 = VERTEX_POINT ( 'NONE', #7301 ) ;
#3391 = ADVANCED_FACE ( 'NONE', ( #8593 ), #1981, .T. ) ;
#3392 = EDGE_CURVE ( 'NONE', #5887, #6409, #3523, .T. ) ;
#3393 = LINE ( 'NONE', #1321, #417 ) ;
#3394 = DIRECTION ( 'NONE',  ( -4.660113001930849635E-16, 0.4999999999999998890, 0.8660254037844387076 ) ) ;
#3395 = CARTESIAN_POINT ( 'NONE',  ( 124.3937879668389996, 176.8587965372884980, 181.0501160567395118 ) ) ;
#3396 = CARTESIAN_POINT ( 'NONE',  ( 124.9594733917879097, 139.1320102867271089, 155.8224980899552747 ) ) ;
#3397 =( NAMED_UNIT ( * ) PLANE_ANGLE_UNIT ( ) SI_UNIT ( $, .RADIAN. ) );
#3398 = CARTESIAN_POINT ( 'NONE',  ( -0.4000000000000001887, -0.2309401076758502425, 0.000000000000000000 ) ) ;
#3399 = VECTOR ( 'NONE', #4218, 1000.000000000000114 ) ;
#3400 = CARTESIAN_POINT ( 'NONE',  ( 124.3594733917879012, 124.3320102867271260, 140.5804509833491238 ) ) ;
#3401 = ORIENTED_EDGE ( 'NONE', *, *, #2143, .T. ) ;
#3402 = ORIENTED_EDGE ( 'NONE', *, *, #313, .F. ) ;
#3403 = ORIENTED_EDGE ( 'NONE', *, *, #6287, .T. ) ;
#3404 = VERTEX_POINT ( 'NONE', #696 ) ;
#3405 = VECTOR ( 'NONE', #3486, 1000.000000000000000 ) ;
#3406 = DIRECTION ( 'NONE',  ( -0.7071067811865230368, 0.7071067811865721087, 0.000000000000000000 ) ) ;
#3407 = CARTESIAN_POINT ( 'NONE',  ( 114.4594733917879950, 119.9496176806358108, 180.6501160567389945 ) ) ;
#3408 = DIRECTION ( 'NONE',  ( 4.685093906533307618E-16, 0.8660254037844385966, 0.5000000000000001110 ) ) ;
#3409 = DIRECTION ( 'NONE',  ( 0.4999999999999983902, -0.8660254037844395958, 0.000000000000000000 ) ) ;
#3410 = LINE ( 'NONE', #8523, #4334 ) ;
#3411 = CARTESIAN_POINT ( 'NONE',  ( 124.3594733917878727, 139.7320102867271316, 176.9535179422955764 ) ) ;
#3412 = VECTOR ( 'NONE', #7043, 1000.000000000000000 ) ;
#3413 = LINE ( 'NONE', #4226, #8776 ) ;
#3414 = EDGE_CURVE ( 'NONE', #5796, #8037, #9512, .T. ) ;
#3415 = ORIENTED_EDGE ( 'NONE', *, *, #8635, .F. ) ;
#3416 = AXIS2_PLACEMENT_3D ( 'NONE', #1482, #1386, #5828 ) ;
#3417 = LINE ( 'NONE', #2741, #2461 ) ;
#3418 = DIRECTION ( 'NONE',  ( -0.000000000000000000, -0.000000000000000000, -1.000000000000000000 ) ) ;
#3419 = LINE ( 'NONE', #4769, #4404 ) ;
#3420 = DIRECTION ( 'NONE',  ( -1.275664639488984049E-15, 1.919819404802658766E-15, 1.000000000000000000 ) ) ;
#3421 = CARTESIAN_POINT ( 'NONE',  ( 124.3594733917878870, 121.7320102867271174, 152.0119863133037370 ) ) ;
#3422 = CARTESIAN_POINT ( 'NONE',  ( 117.4594733917879950, 149.9496176806353844, 180.4501160567394891 ) ) ;
#3423 = CARTESIAN_POINT ( 'NONE',  ( -6.400000000000002132, 3.695041722813606100, 0.5999999999999999778 ) ) ;
#3424 = EDGE_CURVE ( 'NONE', #118, #3643, #2173, .T. ) ;
#3425 = ORIENTED_EDGE ( 'NONE', *, *, #3878, .T. ) ;
#3426 = VERTEX_POINT ( 'NONE', #8066 ) ;
#3427 = VERTEX_POINT ( 'NONE', #1455 ) ;
#3428 = CARTESIAN_POINT ( 'NONE',  ( 124.3594733917878870, 121.7320102867271032, 145.0837830830282371 ) ) ;
#3429 = ORIENTED_EDGE ( 'NONE', *, *, #7324, .T. ) ;
#3430 = CARTESIAN_POINT ( 'NONE',  ( 120.3795447381999963, 121.2431335606577960, 180.8291350270100111 ) ) ;
#3431 = DIRECTION ( 'NONE',  ( 1.000000000000000000, -1.210939508638132030E-15, 1.277902559593765872E-15 ) ) ;
#3432 = CARTESIAN_POINT ( 'NONE',  ( 6.000000000000000888, -9.930424630061565949, 0.5999999999999999778 ) ) ;
#3433 = EDGE_CURVE ( 'NONE', #8459, #7274, #9422, .T. ) ;
#3434 = VECTOR ( 'NONE', #6862, 999.9999999999998863 ) ;
#3435 = ORIENTED_EDGE ( 'NONE', *, *, #9017, .F. ) ;
#3436 = ORIENTED_EDGE ( 'NONE', *, *, #8645, .F. ) ;
#3437 = DIRECTION ( 'NONE',  ( 0.8660254037844387076, -0.4999999999999998335, 0.000000000000000000 ) ) ;
#3438 = VECTOR ( 'NONE', #5682, 1000.000000000000000 ) ;
#3439 = PLANE ( 'NONE',  #2635 ) ;
#3440 = LINE ( 'NONE', #8702, #2992 ) ;
#3441 = DIRECTION ( 'NONE',  ( 0.8660254037844387076, -0.4999999999999999445, 0.000000000000000000 ) ) ;
#3442 = CARTESIAN_POINT ( 'NONE',  ( 124.5975336255319945, 116.1745616022668059, 181.0120558229949950 ) ) ;
#3443 = LINE ( 'NONE', #1808, #4287 ) ;
#3444 = EDGE_CURVE ( 'NONE', #4413, #5065, #8923, .T. ) ;
#3445 = EDGE_CURVE ( 'NONE', #4751, #2736, #3945, .T. ) ;
#3446 = ORIENTED_EDGE ( 'NONE', *, *, #4362, .F. ) ;
#3447 = EDGE_LOOP ( 'NONE', ( #4422, #1318 ) ) ;
#3448 = VECTOR ( 'NONE', #2131, 1000.000000000000000 ) ;
#3449 = ADVANCED_FACE ( 'NONE', ( #4386 ), #5359, .F. ) ;
#3450 = ORIENTED_EDGE ( 'NONE', *, *, #7909, .F. ) ;
#3451 = DIRECTION ( 'NONE',  ( 1.000000000000000000, -1.232504460548322048E-29, 1.332169591021896121E-15 ) ) ;
#3452 = CARTESIAN_POINT ( 'NONE',  ( 12.20000000000000462, -7.274613391789286787, 0.000000000000000000 ) ) ;
#3453 = DIRECTION ( 'NONE',  ( -1.000000000000000000, 1.184735462541918124E-15, 4.316747070439680032E-30 ) ) ;
#3454 = LINE ( 'NONE', #9249, #1950 ) ;
#3455 = DIRECTION ( 'NONE',  ( 0.000000000000000000, 1.000000000000000000, 0.000000000000000000 ) ) ;
#3456 = CARTESIAN_POINT ( 'NONE',  ( 124.3594733917878727, 139.3320102867271260, 176.2606976192680293 ) ) ;
#3457 = AXIS2_PLACEMENT_3D ( 'NONE', #4441, #5952, #8169 ) ;
#3458 = ADVANCED_FACE ( 'NONE', ( #2313 ), #2359, .T. ) ;
#3459 = EDGE_LOOP ( 'NONE', ( #3266, #3473, #7127, #9399 ) ) ;
#3460 = DIRECTION ( 'NONE',  ( -0.8660254037844388186, 0.4999999999999997224, 0.000000000000000000 ) ) ;
#3461 = ORIENTED_EDGE ( 'NONE', *, *, #2391, .F. ) ;
#3462 = EDGE_CURVE ( 'NONE', #4925, #6787, #3048, .T. ) ;
#3463 = DIRECTION ( 'NONE',  ( -0.8660254037844388186, -0.4999999999999996114, 0.000000000000000000 ) ) ;
#3464 = CARTESIAN_POINT ( 'NONE',  ( 121.9594733917879950, 175.1585906126184966, 176.8500716728244981 ) ) ;
#3465 = CARTESIAN_POINT ( 'NONE',  ( 124.3594733917879012, 133.1320102867271373, 153.0512167978450577 ) ) ;
#3466 = PLANE ( 'NONE',  #3558 ) ;
#3467 = CARTESIAN_POINT ( 'NONE',  ( 124.5594733917879893, 177.2587965372885037, 180.6501160567395061 ) ) ;
#3468 = DIRECTION ( 'NONE',  ( 0.000000000000000000, 4.326681131221240423E-15, -1.000000000000000000 ) ) ;
#3469 = VECTOR ( 'NONE', #8978, 1000.000000000000000 ) ;
#3470 = LINE ( 'NONE', #5016, #2920 ) ;
#3471 = ORIENTED_EDGE ( 'NONE', *, *, #9504, .F. ) ;
#3472 = ORIENTED_EDGE ( 'NONE', *, *, #3644, .T. ) ;
#3473 = ORIENTED_EDGE ( 'NONE', *, *, #4583, .T. ) ;
#3474 = CARTESIAN_POINT ( 'NONE',  ( 124.9594733917879097, 145.1320102867271089, 159.0556595974171898 ) ) ;
#3475 = EDGE_CURVE ( 'NONE', #6036, #2427, #886, .T. ) ;
#3476 = ORIENTED_EDGE ( 'NONE', *, *, #8645, .T. ) ;
#3477 = DIRECTION ( 'NONE',  ( -1.000000000000000000, 1.184735462541918124E-15, 4.316747070439680032E-30 ) ) ;
#3478 = CYLINDRICAL_SURFACE ( 'NONE', #877, 1.199999999999978861 ) ;
#3479 = DIRECTION ( 'NONE',  ( 0.000000000000000000, 2.312964634635836930E-14, 1.000000000000000000 ) ) ;
#3480 = AXIS2_PLACEMENT_3D ( 'NONE', #5032, #9428, #655 ) ;
#3481 = ORIENTED_EDGE ( 'NONE', *, *, #1977, .F. ) ;
#3482 = VERTEX_POINT ( 'NONE', #4430 ) ;
#3483 = EDGE_CURVE ( 'NONE', #6017, #5091, #6820, .T. ) ;
#3484 = DIRECTION ( 'NONE',  ( 0.000000000000000000, 1.000000000000000000, 0.000000000000000000 ) ) ;
#3485 = VECTOR ( 'NONE', #1772, 999.9999999999998863 ) ;
#3486 = DIRECTION ( 'NONE',  ( 0.000000000000000000, 0.000000000000000000, -1.000000000000000000 ) ) ;
#3487 = PLANE ( 'NONE',  #3150 ) ;
#3488 = LINE ( 'NONE', #3535, #8885 ) ;
#3489 = DIRECTION ( 'NONE',  ( 1.000000000000000000, -1.210939508638132030E-15, 1.277902559593765872E-15 ) ) ;
#3490 = PLANE ( 'NONE',  #9378 ) ;
#3491 = VERTEX_POINT ( 'NONE', #3812 ) ;
#3492 = VERTEX_POINT ( 'NONE', #2411 ) ;
#3493 = VECTOR ( 'NONE', #5333, 1000.000000000000000 ) ;
#3494 = ORIENTED_EDGE ( 'NONE', *, *, #9112, .T. ) ;
#3495 = EDGE_CURVE ( 'NONE', #409, #7508, #3860, .T. ) ;
#3496 = CARTESIAN_POINT ( 'NONE',  ( 103.6479001739019878, 173.4585906126179680, 175.1500717173234989 ) ) ;
#3497 = EDGE_CURVE ( 'NONE', #5764, #7272, #6770, .T. ) ;
#3498 = LINE ( 'NONE', #8428, #3095 ) ;
#3499 = CARTESIAN_POINT ( 'NONE',  ( 124.7594733917880063, 112.4466645029071969, 130.3379840223830115 ) ) ;
#3500 = DIRECTION ( 'NONE',  ( -0.5000000000000006661, 0.8660254037844382635, 0.000000000000000000 ) ) ;
#3501 = CARTESIAN_POINT ( 'NONE',  ( 11.60000000000000497, -1.418955567684714834E-15, 0.5999999999999999778 ) ) ;
#3502 = CARTESIAN_POINT ( 'NONE',  ( 124.3594733917878870, 145.1320102867271373, 172.4501858426164915 ) ) ;
#3503 = EDGE_LOOP ( 'NONE', ( #546, #3223, #982, #8613 ) ) ;
#3504 = DIRECTION ( 'NONE',  ( 1.000000000000000000, -1.210939508638132030E-15, 1.277902559593765872E-15 ) ) ;
#3505 = ORIENTED_EDGE ( 'NONE', *, *, #8078, .F. ) ;
#3506 = EDGE_CURVE ( 'NONE', #9182, #2096, #6038, .T. ) ;
#3507 = EDGE_CURVE ( 'NONE', #7884, #5385, #3661, .T. ) ;
#3508 = LINE ( 'NONE', #7861, #7093 ) ;
#3509 = FACE_OUTER_BOUND ( 'NONE', #2490, .T. ) ;
#3510 = DIRECTION ( 'NONE',  ( 1.743504668820874792E-15, 0.4999999999999999445, -0.8660254037844387076 ) ) ;
#3511 = DIRECTION ( 'NONE',  ( -1.000000000000000000, 1.388903486589362075E-14, 5.928419958430680966E-29 ) ) ;
#3512 = CARTESIAN_POINT ( 'NONE',  ( 124.9594733917879097, 127.5320102867271146, 141.5042114140525200 ) ) ;
#3513 = AXIS2_PLACEMENT_3D ( 'NONE', #885, #5943, #7393 ) ;
#3514 = CARTESIAN_POINT ( 'NONE',  ( 124.9594733917879950, 176.8587965372884980, 130.4501160567394038 ) ) ;
#3515 = LINE ( 'NONE', #9411, #4449 ) ;
#3516 = ORIENTED_EDGE ( 'NONE', *, *, #2573, .T. ) ;
#3517 = VERTEX_POINT ( 'NONE', #3143 ) ;
#3518 = CIRCLE ( 'NONE', #8001, 3.000000000000002665 ) ;
#3519 = ORIENTED_EDGE ( 'NONE', *, *, #4322, .T. ) ;
#3520 = CARTESIAN_POINT ( 'NONE',  ( 114.4594733917879950, 149.9496176806353844, 167.0501160567390002 ) ) ;
#3521 = EDGE_LOOP ( 'NONE', ( #1052, #3655, #3920, #110 ) ) ;
#3522 = DIRECTION ( 'NONE',  ( 0.5000000000000004441, -0.8660254037844384856, 0.000000000000000000 ) ) ;
#3523 = LINE ( 'NONE', #8646, #1935 ) ;
#3524 = ORIENTED_EDGE ( 'NONE', *, *, #6392, .T. ) ;
#3525 = CIRCLE ( 'NONE', #2759, 1.699999999999993072 ) ;
#3526 = DIRECTION ( 'NONE',  ( -1.000000000000000000, 1.184735462541920096E-15, -2.740251226258385269E-29 ) ) ;
#3527 = ADVANCED_FACE ( 'NONE', ( #1503 ), #5215, .T. ) ;
#3528 = VERTEX_POINT ( 'NONE', #4581 ) ;
#3529 = ORIENTED_EDGE ( 'NONE', *, *, #5069, .F. ) ;
#3530 = PRODUCT ( 'Main_Body_Side_B_Base^Main Body Side B_Mini BT Frame - Skirts_3mm Slots', 'Main_Body_Side_B_Base^Main Body Side B_Mini BT Frame - Skirts_3mm Slots', '', ( #3627 ) ) ;
#3531 = AXIS2_PLACEMENT_3D ( 'NONE', #1444, #3848, #1493 ) ;
#3532 = CARTESIAN_POINT ( 'NONE',  ( 103.4479001739019992, 174.2587965372875090, 168.8506931385974781 ) ) ;
#3533 = CARTESIAN_POINT ( 'NONE',  ( 105.8479001739020049, 171.4583829936065342, 145.2896250086894270 ) ) ;
#3534 = LINE ( 'NONE', #5814, #3448 ) ;
#3535 = CARTESIAN_POINT ( 'NONE',  ( 0.4000000000000015210, -13.62546635287517027, 0.5999999999999999778 ) ) ;
#3536 = CARTESIAN_POINT ( 'NONE',  ( 124.9594733917879950, 171.7585906126184909, 136.0001160632313884 ) ) ;
#3537 = CARTESIAN_POINT ( 'NONE',  ( 124.9594733917879950, 148.0337965372832230, 130.4501160567392049 ) ) ;
#3538 = ORIENTED_EDGE ( 'NONE', *, *, #6008, .T. ) ;
#3539 = ORIENTED_EDGE ( 'NONE', *, *, #3104, .T. ) ;
#3540 = ADVANCED_FACE ( 'NONE', ( #7541 ), #1550, .F. ) ;
#3541 = ORIENTED_EDGE ( 'NONE', *, *, #3037, .F. ) ;
#3542 = ORIENTED_EDGE ( 'NONE', *, *, #7279, .F. ) ;
#3543 = VECTOR ( 'NONE', #4357, 999.9999999999998863 ) ;
#3544 = CARTESIAN_POINT ( 'NONE',  ( 124.0592155665769951, 131.7654745341029923, 181.0501160567390002 ) ) ;
#3545 = DIRECTION ( 'NONE',  ( -1.744174030142317374E-15, -0.8660254037844388186, 0.4999999999999997224 ) ) ;
#3546 = LINE ( 'NONE', #670, #7969 ) ;
#3547 = DIRECTION ( 'NONE',  ( 0.000000000000000000, -1.000000000000000000, 0.000000000000000000 ) ) ;
#3548 = CARTESIAN_POINT ( 'NONE',  ( 103.4479001739019992, 171.4583833419399923, 168.8506934941874817 ) ) ;
#3549 = ORIENTED_EDGE ( 'NONE', *, *, #9265, .T. ) ;
#3550 = ADVANCED_FACE ( 'NONE', ( #5895 ), #838, .F. ) ;
#3551 = ORIENTED_EDGE ( 'NONE', *, *, #9343, .F. ) ;
#3552 = AXIS2_PLACEMENT_3D ( 'NONE', #1322, #5853, #751 ) ;
#3553 = CARTESIAN_POINT ( 'NONE',  ( 23.60000000000001918, -27.01999259807449860, 0.5999999999999999778 ) ) ;
#3554 = CARTESIAN_POINT ( 'NONE',  ( 121.9594733917879950, 170.9867491937569923, 137.7001160632314054 ) ) ;
#3555 = DIRECTION ( 'NONE',  ( 0.6785983445458261265, 0.6785983445458261265, -0.2810846377149210928 ) ) ;
#3556 = CARTESIAN_POINT ( 'NONE',  ( 18.19999999999999929, -10.73871500692704828, 0.000000000000000000 ) ) ;
#3557 = CARTESIAN_POINT ( 'NONE',  ( 103.4479001739019992, 174.2587965372880205, 142.2994946864583881 ) ) ;
#3558 = AXIS2_PLACEMENT_3D ( 'NONE', #3556, #1302, #8678 ) ;
#3559 = DIRECTION ( 'NONE',  ( 1.000000000000000000, 0.000000000000000000, -0.000000000000000000 ) ) ;
#3560 = EDGE_CURVE ( 'NONE', #602, #6017, #3712, .T. ) ;
#3562 = ADVANCED_FACE ( 'NONE', ( #4481, #3762 ), #115, .T. ) ;
#3561 = ORIENTED_EDGE ( 'NONE', *, *, #818, .F. ) ;
#3563 = EDGE_LOOP ( 'NONE', ( #9058, #8365, #1592, #1821 ) ) ;
#3564 = VECTOR ( 'NONE', #3547, 1000.000000000000000 ) ;
#3565 = ORIENTED_EDGE ( 'NONE', *, *, #6342, .T. ) ;
#3566 = EDGE_CURVE ( 'NONE', #915, #9439, #1022, .T. ) ;
#3567 = LINE ( 'NONE', #8779, #4349 ) ;
#3568 = VERTEX_POINT ( 'NONE', #8491 ) ;
#3569 = PLANE ( 'NONE',  #5592 ) ;
#3570 = CARTESIAN_POINT ( 'NONE',  ( 121.5594733917879893, 170.9867491937569923, 134.3001160632323945 ) ) ;
#3571 = FACE_OUTER_BOUND ( 'NONE', #6945, .T. ) ;
#3572 = EDGE_CURVE ( 'NONE', #2394, #8176, #1737, .T. ) ;
#3573 = VERTEX_POINT ( 'NONE', #9212 ) ;
#3574 = ORIENTED_EDGE ( 'NONE', *, *, #7021, .F. ) ;
#3576 = EDGE_CURVE ( 'NONE', #891, #2659, #4773, .T. ) ;
#3575 = CARTESIAN_POINT ( 'NONE',  ( 124.9594733917878955, 133.9320102867271203, 153.0512167978450577 ) ) ;
#3577 = CARTESIAN_POINT ( 'NONE',  ( 12.80000000000000426, -6.928203230275511437, 0.000000000000000000 ) ) ;
#3578 = DIRECTION ( 'NONE',  ( -0.4999999999999996114, 0.8660254037844389297, 0.000000000000000000 ) ) ;
#3579 = CARTESIAN_POINT ( 'NONE',  ( 17.80000000000000426, -10.04589468389949580, 0.5999999999999999778 ) ) ;
#3580 = CARTESIAN_POINT ( 'NONE',  ( 124.9594733917879097, 133.7320102867271316, 145.7766034060557558 ) ) ;
#3581 = AXIS2_PLACEMENT_3D ( 'NONE', #4169, #6449, #7130 ) ;
#3582 = FACE_BOUND ( 'NONE', #5327, .T. ) ;
#3583 = ORIENTED_EDGE ( 'NONE', *, *, #7577, .F. ) ;
#3584 = ORIENTED_EDGE ( 'NONE', *, *, #1684, .F. ) ;
#3585 = VERTEX_POINT ( 'NONE', #256 ) ;
#3586 = ORIENTED_EDGE ( 'NONE', *, *, #8287, .T. ) ;
#3587 = AXIS2_PLACEMENT_3D ( 'NONE', #52, #7380, #6463 ) ;
#3588 = LINE ( 'NONE', #8760, #790 ) ;
#3589 = CARTESIAN_POINT ( 'NONE',  ( 121.5594733917879893, 173.4585906126184796, 136.0001160632313884 ) ) ;
#3590 = ADVANCED_FACE ( 'NONE', ( #6964 ), #3955, .T. ) ;
#3591 = DIRECTION ( 'NONE',  ( 1.332169591021890008E-15, 3.379091138490570313E-15, -1.000000000000000000 ) ) ;
#3592 = LINE ( 'NONE', #3021, #654 ) ;
#3593 = CARTESIAN_POINT ( 'NONE',  ( 124.3594733917878870, 139.9320102867271487, 163.4435216432583218 ) ) ;
#3594 = ORIENTED_EDGE ( 'NONE', *, *, #6404, .F. ) ;
#3595 = ORIENTED_EDGE ( 'NONE', *, *, #1329, .F. ) ;
#3596 = CIRCLE ( 'NONE', #2362, 1.700000000000007061 ) ;
#3597 = ORIENTED_EDGE ( 'NONE', *, *, #8969, .T. ) ;
#3598 = DIRECTION ( 'NONE',  ( -1.275664639488986613E-15, -8.326672684688515048E-17, 1.000000000000000000 ) ) ;
#3599 = LINE ( 'NONE', #1300, #6846 ) ;
#3600 = EDGE_CURVE ( 'NONE', #5170, #1002, #355, .T. ) ;
#3601 = SURFACE_STYLE_USAGE ( .BOTH. , #4418 ) ;
#3602 = CARTESIAN_POINT ( 'NONE',  ( 0.2000000000000014821, -0.3464101615137779033, 0.5999999999999999778 ) ) ;
#3603 = CARTESIAN_POINT ( 'NONE',  ( 124.9594733917878813, 115.1320102867271231, 145.4301932445419823 ) ) ;
#3604 = CARTESIAN_POINT ( 'NONE',  ( 103.4479001739019992, 173.4585906126184796, 175.1500716728245095 ) ) ;
#3605 = ORIENTED_EDGE ( 'NONE', *, *, #6582, .T. ) ;
#3606 = ORIENTED_EDGE ( 'NONE', *, *, #6307, .F. ) ;
#3607 = VECTOR ( 'NONE', #7596, 999.9999999999998863 ) ;
#3608 = ORIENTED_EDGE ( 'NONE', *, *, #7116, .F. ) ;
#3609 = ORIENTED_EDGE ( 'NONE', *, *, #4917, .T. ) ;
#3610 = CARTESIAN_POINT ( 'NONE',  ( 18.40000000000000213, -3.233161507461906226, 0.5999999999999999778 ) ) ;
#3611 = EDGE_CURVE ( 'NONE', #2498, #6699, #5506, .T. ) ;
#3612 = ORIENTED_EDGE ( 'NONE', *, *, #9163, .T. ) ;
#3613 = EDGE_CURVE ( 'NONE', #3232, #5136, #7728, .T. ) ;
#3614 = VECTOR ( 'NONE', #9189, 1000.000000000000000 ) ;
#3615 = CARTESIAN_POINT ( 'NONE',  ( 104.6479001739019878, 155.6045597481719938, 130.6501160567391935 ) ) ;
#3616 = DIRECTION ( 'NONE',  ( 0.000000000000000000, -0.3826834323651122638, 0.9238795325112774126 ) ) ;
#3617 = EDGE_CURVE ( 'NONE', #9503, #2806, #3193, .T. ) ;
#3618 = DIRECTION ( 'NONE',  ( 0.000000000000000000, 1.327315082208892003E-14, -1.000000000000000000 ) ) ;
#3619 = ORIENTED_EDGE ( 'NONE', *, *, #5875, .T. ) ;
#3620 = CIRCLE ( 'NONE', #5325, 1.600000000000006750 ) ;
#3621 = ORIENTED_EDGE ( 'NONE', *, *, #7378, .F. ) ;
#3622 = EDGE_CURVE ( 'NONE', #2594, #8404, #4818, .T. ) ;
#3623 = PLANE ( 'NONE',  #9501 ) ;
#3624 = DIRECTION ( 'NONE',  ( 0.5000000000000003331, 0.8660254037844385966, -0.000000000000000000 ) ) ;
#3625 = DIRECTION ( 'NONE',  ( -0.5000000000000001110, -0.8660254037844385966, 0.000000000000000000 ) ) ;
#3626 = LINE ( 'NONE', #5036, #3040 ) ;
#3627 = PRODUCT_CONTEXT ( 'NONE', #3043, 'mechanical' ) ;
#3628 = DIRECTION ( 'NONE',  ( 0.7071067811865465735, -0.7071067811865485719, -3.655473135317292600E-14 ) ) ;
#3629 = VECTOR ( 'NONE', #9019, 1000.000000000000000 ) ;
#3630 = DIRECTION ( 'NONE',  ( 1.000000000000000000, -1.210939508638132030E-15, 1.277902559593765872E-15 ) ) ;
#3631 = ORIENTED_EDGE ( 'NONE', *, *, #5721, .T. ) ;
#3632 = ORIENTED_EDGE ( 'NONE', *, *, #7032, .T. ) ;
#3633 = ORIENTED_EDGE ( 'NONE', *, *, #5408, .F. ) ;
#3634 = ORIENTED_EDGE ( 'NONE', *, *, #6178, .F. ) ;
#3635 = VECTOR ( 'NONE', #4154, 1000.000000000000000 ) ;
#3636 = LINE ( 'NONE', #2141, #2628 ) ;
#3637 = PLANE ( 'NONE',  #9460 ) ;
#3638 = CARTESIAN_POINT ( 'NONE',  ( 121.7594733917879921, 173.4585906126184796, 175.1500716728245095 ) ) ;
#3639 = DIRECTION ( 'NONE',  ( 1.184735462541918124E-15, 1.000000000000000000, 3.379091138490570313E-15 ) ) ;
#3640 = CARTESIAN_POINT ( 'NONE',  ( 121.7594733917879921, 171.1085906126184852, 136.0001160632323831 ) ) ;
#3641 = VERTEX_POINT ( 'NONE', #3335 ) ;
#3642 = VECTOR ( 'NONE', #727, 1000.000000000000000 ) ;
#3643 = VERTEX_POINT ( 'NONE', #6281 ) ;
#3644 = EDGE_CURVE ( 'NONE', #1692, #5994, #307, .T. ) ;
#3645 = VECTOR ( 'NONE', #5918, 1000.000000000000000 ) ;
#3646 = DIRECTION ( 'NONE',  ( -0.000000000000000000, -0.000000000000000000, -1.000000000000000000 ) ) ;
#3647 = DIRECTION ( 'NONE',  ( 1.743504668820874792E-15, 0.4999999999999999445, -0.8660254037844387076 ) ) ;
#3648 = VECTOR ( 'NONE', #454, 1000.000000000000000 ) ;
#3649 = DIRECTION ( 'NONE',  ( 4.685093906533309590E-16, 0.8660254037844385966, 0.4999999999999998890 ) ) ;
#3650 = PLANE ( 'NONE',  #5567 ) ;
#3651 = DIRECTION ( 'NONE',  ( 1.000000000000000000, -1.165921621825706079E-15, 1.481062580737703994E-16 ) ) ;
#3652 = DIRECTION ( 'NONE',  ( 0.000000000000000000, -1.000000000000000000, 0.000000000000000000 ) ) ;
#3653 = EDGE_LOOP ( 'NONE', ( #6835, #4560, #1776, #1946 ) ) ;
#3654 = EDGE_CURVE ( 'NONE', #9180, #9270, #7589, .T. ) ;
#3655 = ORIENTED_EDGE ( 'NONE', *, *, #7474, .F. ) ;
#3656 = VERTEX_POINT ( 'NONE', #3907 ) ;
#3657 = AXIS2_PLACEMENT_3D ( 'NONE', #551, #3477, #4529 ) ;
#3658 = CARTESIAN_POINT ( 'NONE',  ( 18.40000000000000213, 3.695041722813605656, 0.000000000000000000 ) ) ;
#3659 = ORIENTED_EDGE ( 'NONE', *, *, #9265, .F. ) ;
#3660 = CARTESIAN_POINT ( 'NONE',  ( 103.8479001739019907, 175.4587965372880092, 140.1698706189444010 ) ) ;
#3661 = LINE ( 'NONE', #8967, #4710 ) ;
#3662 = CARTESIAN_POINT ( 'NONE',  ( -2.103418544659756980E-16, 6.466323014923810675, 0.000000000000000000 ) ) ;
#3663 = AXIS2_PLACEMENT_3D ( 'NONE', #1421, #4351, #8658 ) ;
#3664 = EDGE_CURVE ( 'NONE', #8670, #7571, #7635, .T. ) ;
#3665 = ORIENTED_EDGE ( 'NONE', *, *, #2428, .T. ) ;
#3666 = EDGE_LOOP ( 'NONE', ( #640, #5434, #5275, #8970 ) ) ;
#3667 = CARTESIAN_POINT ( 'NONE',  ( 121.9594733917879950, 175.1585906126184966, 173.4500716728244925 ) ) ;
#3669 = DIRECTION ( 'NONE',  ( 1.275664639488987007E-15, 4.920223360600114588E-16, -1.000000000000000000 ) ) ;
#3668 = AXIS2_PLACEMENT_3D ( 'NONE', #4198, #3526, #3479 ) ;
#3670 = CARTESIAN_POINT ( 'NONE',  ( 121.9594733917879950, 170.9867491937569923, 176.8500716728244981 ) ) ;
#3671 = DIRECTION ( 'NONE',  ( -1.000000000000000000, 1.097985216775324164E-15, -2.094336198688969847E-16 ) ) ;
#3672 = DIRECTION ( 'NONE',  ( -6.536849690425969867E-16, 1.000000000000000000, 0.000000000000000000 ) ) ;
#3673 = CARTESIAN_POINT ( 'NONE',  ( 124.3594733917879154, 144.7320102867271316, 152.3583964748175106 ) ) ;
#3674 = FACE_BOUND ( 'NONE', #3728, .T. ) ;
#3675 = ORIENTED_EDGE ( 'NONE', *, *, #737, .F. ) ;
#3676 = ORIENTED_EDGE ( 'NONE', *, *, #2704, .F. ) ;
#3677 = EDGE_CURVE ( 'NONE', #5073, #6660, #6864, .T. ) ;
#3678 = EDGE_LOOP ( 'NONE', ( #8163, #5277, #7972, #7583 ) ) ;
#3679 = EDGE_CURVE ( 'NONE', #8822, #4756, #9119, .T. ) ;
#3680 = VECTOR ( 'NONE', #5838, 1000.000000000000000 ) ;
#3681 = VECTOR ( 'NONE', #7349, 1000.000000000000000 ) ;
#3682 = ORIENTED_EDGE ( 'NONE', *, *, #6116, .T. ) ;
#3683 = EDGE_CURVE ( 'NONE', #9372, #6615, #3184, .T. ) ;
#3684 = CARTESIAN_POINT ( 'NONE',  ( 121.7594733917879921, 171.7585906126184909, 137.7001160632314054 ) ) ;
#3685 = DIRECTION ( 'NONE',  ( 0.000000000000000000, -0.7071067811865475727, -0.7071067811865475727 ) ) ;
#3686 = FACE_OUTER_BOUND ( 'NONE', #3065, .T. ) ;
#3687 = LINE ( 'NONE', #1573, #5421 ) ;
#3688 = LINE ( 'NONE', #3548, #549 ) ;
#3689 = AXIS2_PLACEMENT_3D ( 'NONE', #6363, #8625, #2009 ) ;
#3690 = CARTESIAN_POINT ( 'NONE',  ( 11.60000000000000497, -1.418955567684714834E-15, 0.000000000000000000 ) ) ;
#3691 = ORIENTED_EDGE ( 'NONE', *, *, #8308, .F. ) ;
#3692 = ORIENTED_EDGE ( 'NONE', *, *, #8209, .F. ) ;
#3693 = VECTOR ( 'NONE', #2638, 1000.000000000000000 ) ;
#3694 = ORIENTED_EDGE ( 'NONE', *, *, #7918, .F. ) ;
#3695 = LINE ( 'NONE', #1347, #3850 ) ;
#3696 = DIRECTION ( 'NONE',  ( 4.685093906533309590E-16, 0.8660254037844387076, 0.5000000000000001110 ) ) ;
#3697 = LINE ( 'NONE', #1489, #8734 ) ;
#3698 = LINE ( 'NONE', #5060, #8648 ) ;
#3699 = CARTESIAN_POINT ( 'NONE',  ( 109.9594733917879950, 112.3052431466699943, 130.1965626661458089 ) ) ;
#3700 = ORIENTED_EDGE ( 'NONE', *, *, #3701, .T. ) ;
#3701 = EDGE_CURVE ( 'NONE', #190, #3074, #4697, .T. ) ;
#3702 = AXIS2_PLACEMENT_3D ( 'NONE', #4108, #3394, #1275 ) ;
#3703 = DIRECTION ( 'NONE',  ( -1.275664639488986613E-15, -8.326672684688515048E-17, 1.000000000000000000 ) ) ;
#3704 = ORIENTED_EDGE ( 'NONE', *, *, #3257, .F. ) ;
#3705 = ORIENTED_EDGE ( 'NONE', *, *, #6001, .T. ) ;
#3706 = ORIENTED_EDGE ( 'NONE', *, *, #4686, .F. ) ;
#3707 = AXIS2_PLACEMENT_3D ( 'NONE', #1511, #896, #4440 ) ;
#3708 = DIRECTION ( 'NONE',  ( -0.8660254037844387076, -0.4999999999999999445, 0.000000000000000000 ) ) ;
#3709 = ORIENTED_EDGE ( 'NONE', *, *, #7823, .F. ) ;
#3710 = EDGE_CURVE ( 'NONE', #2138, #4967, #9183, .T. ) ;
#3711 = DIRECTION ( 'NONE',  ( -1.702654966949792370E-22, -1.437160500478691247E-07, 0.9999999999999896749 ) ) ;
#3712 = LINE ( 'NONE', #6666, #9340 ) ;
#3713 = CARTESIAN_POINT ( 'NONE',  ( 124.9594733917878955, 121.5320102867271288, 144.9683130291902842 ) ) ;
#3714 = VECTOR ( 'NONE', #1339, 1000.000000000000000 ) ;
#3715 = ORIENTED_EDGE ( 'NONE', *, *, #8164, .F. ) ;
#3716 = ORIENTED_EDGE ( 'NONE', *, *, #8896, .T. ) ;
#3717 = ORIENTED_EDGE ( 'NONE', *, *, #5579, .F. ) ;
#3718 = DIRECTION ( 'NONE',  ( 1.000000000000000000, -1.184735462541920096E-15, -2.055188419693720148E-29 ) ) ;
#3719 = LINE ( 'NONE', #6778, #5341 ) ;
#3720 = CARTESIAN_POINT ( 'NONE',  ( 124.9594733917879239, 145.1320102867271373, 145.4301932445420391 ) ) ;
#3721 = DIRECTION ( 'NONE',  ( 4.685093906533310576E-16, 0.8660254037844387076, 0.4999999999999999445 ) ) ;
#3722 = EDGE_CURVE ( 'NONE', #336, #167, #3211, .T. ) ;
#3723 = CARTESIAN_POINT ( 'NONE',  ( 123.6505786869093981, 176.3793632401737455, 180.9535288534190158 ) ) ;
#3724 = DIRECTION ( 'NONE',  ( 1.000000000000000000, -1.232504460548322048E-29, 1.332169591021896121E-15 ) ) ;
#3725 = CARTESIAN_POINT ( 'NONE',  ( 124.3594733917878727, 127.5320102867271146, 163.2125815355824727 ) ) ;
#3726 = ORIENTED_EDGE ( 'NONE', *, *, #2683, .T. ) ;
#3727 = ORIENTED_EDGE ( 'NONE', *, *, #6591, .T. ) ;
#3728 = EDGE_LOOP ( 'NONE', ( #8223, #9515, #1188, #7000 ) ) ;
#3729 = ORIENTED_EDGE ( 'NONE', *, *, #8002, .F. ) ;
#3730 = AXIS2_PLACEMENT_3D ( 'NONE', #4897, #3718, #4947 ) ;
#3731 = LINE ( 'NONE', #4265, #8939 ) ;
#3732 = DIRECTION ( 'NONE',  ( -1.000000000000000000, 0.000000000000000000, 4.316747070439680032E-30 ) ) ;
#3733 = ADVANCED_FACE ( 'NONE', ( #5568 ), #6932, .F. ) ;
#3734 = EDGE_CURVE ( 'NONE', #4943, #1247, #2430, .T. ) ;
#3735 = CARTESIAN_POINT ( 'NONE',  ( 121.5594733917879893, 175.1585906126184966, 137.7001160632314054 ) ) ;
#3736 = DIRECTION ( 'NONE',  ( -1.000000000000000000, -1.181088324069313042E-14, 0.000000000000000000 ) ) ;
#3737 = DIRECTION ( 'NONE',  ( 0.8660254037844387076, -0.4999999999999998335, 0.000000000000000000 ) ) ;
#3738 = DIRECTION ( 'NONE',  ( 0.000000000000000000, 1.000000000000000000, -2.312964634635783603E-14 ) ) ;
#3739 = ORIENTED_EDGE ( 'NONE', *, *, #7523, .T. ) ;
#3740 = ORIENTED_EDGE ( 'NONE', *, *, #629, .T. ) ;
#3741 = EDGE_CURVE ( 'NONE', #8025, #5844, #4091, .T. ) ;
#3742 = ORIENTED_EDGE ( 'NONE', *, *, #1393, .T. ) ;
#3743 = VECTOR ( 'NONE', #5306, 999.9999999999998863 ) ;
#3744 = ORIENTED_EDGE ( 'NONE', *, *, #3722, .F. ) ;
#3745 = CARTESIAN_POINT ( 'NONE',  ( 124.3594733917878870, 139.1320102867271373, 162.0578809972032275 ) ) ;
#3746 = CARTESIAN_POINT ( 'NONE',  ( 103.4479001739019992, 171.4583830282139729, 166.8113890708325187 ) ) ;
#3747 = EDGE_CURVE ( 'NONE', #8319, #3482, #8462, .T. ) ;
#3748 = CARTESIAN_POINT ( 'NONE',  ( 124.9594733917878813, 122.3320102867271260, 152.3583964748175106 ) ) ;
#3749 = CARTESIAN_POINT ( 'NONE',  ( 12.40000000000000391, -7.621023553303061249, 0.000000000000000000 ) ) ;
#3750 = CARTESIAN_POINT ( 'NONE',  ( 103.8479001739019907, 172.6583834233365167, 142.2994945258154189 ) ) ;
#3751 = AXIS2_PLACEMENT_3D ( 'NONE', #2682, #9295, #3988 ) ;
#3752 =( BOUNDED_CURVE ( )  B_SPLINE_CURVE ( 3, ( #8139, #6842, #8186, #1621 ),
 .UNSPECIFIED., .F., .F. ) 
 B_SPLINE_CURVE_WITH_KNOTS ( ( 4, 4 ),
 ( 4.712388980384689674, 5.497787143782379538 ),
 .UNSPECIFIED. ) 
 CURVE ( )  GEOMETRIC_REPRESENTATION_ITEM ( )  RATIONAL_B_SPLINE_CURVE ( ( 1.000000000000000000, 0.9492530216741599247, 0.9492530216741599247, 1.000000000000000000 ) ) 
 REPRESENTATION_ITEM ( '' )  );
#3753 = DIRECTION ( 'NONE',  ( 0.000000000000000000, 0.000000000000000000, -1.000000000000000000 ) ) ;
#3754 = ORIENTED_EDGE ( 'NONE', *, *, #8403, .F. ) ;
#3755 = ADVANCED_FACE ( 'NONE', ( #4062 ), #5524, .T. ) ;
#3756 = AXIS2_PLACEMENT_3D ( 'NONE', #87, #5281, #8990 ) ;
#3757 = EDGE_LOOP ( 'NONE', ( #37, #7295, #3429, #3121 ) ) ;
#3758 = VECTOR ( 'NONE', #7206, 1000.000000000000000 ) ;
#3759 = DIRECTION ( 'NONE',  ( -0.4999999999999997224, -0.8660254037844388186, 0.000000000000000000 ) ) ;
#3760 = VERTEX_POINT ( 'NONE', #4788 ) ;
#3761 = DIRECTION ( 'NONE',  ( -1.275664639488984049E-15, 1.919819404802662710E-15, 1.000000000000000000 ) ) ;
#3762 = FACE_OUTER_BOUND ( 'NONE', #9349, .T. ) ;
#3763 = AXIS2_PLACEMENT_3D ( 'NONE', #847, #5418, #8535 ) ;
#3764 = DIRECTION ( 'NONE',  ( -4.685093906533314520E-16, -0.8660254037844388186, -0.4999999999999998335 ) ) ;
#3765 = ORIENTED_EDGE ( 'NONE', *, *, #3462, .T. ) ;
#3766 = ORIENTED_EDGE ( 'NONE', *, *, #3082, .F. ) ;
#3767 = ADVANCED_FACE ( 'NONE', ( #8367 ), #6156, .F. ) ;
#3768 = EDGE_LOOP ( 'NONE', ( #3220, #2675, #8859, #3612 ) ) ;
#3769 = VECTOR ( 'NONE', #623, 1000.000000000000000 ) ;
#3770 = FACE_BOUND ( 'NONE', #6988, .T. ) ;
#3771 = PLANE ( 'NONE',  #4873 ) ;
#3772 = DIRECTION ( 'NONE',  ( 1.184735462541920096E-15, 1.000000000000000000, 4.846606910598090519E-15 ) ) ;
#3773 = CARTESIAN_POINT ( 'NONE',  ( 124.3594733917878727, 139.7320102867271316, 176.9535179422955764 ) ) ;
#3774 = DIRECTION ( 'NONE',  ( 1.000000000000000000, -4.087556092131263946E-16, 0.000000000000000000 ) ) ;
#3775 = CARTESIAN_POINT ( 'NONE',  ( 121.9594733917879950, 173.4585906126184796, 175.1500716728245095 ) ) ;
#3776 = LINE ( 'NONE', #2328, #7834 ) ;
#3777 = ORIENTED_EDGE ( 'NONE', *, *, #392, .F. ) ;
#3778 = VECTOR ( 'NONE', #4147, 1000.000000000000114 ) ;
#3779 = ORIENTED_EDGE ( 'NONE', *, *, #9526, .T. ) ;
#3780 = ORIENTED_EDGE ( 'NONE', *, *, #4031, .T. ) ;
#3781 = EDGE_CURVE ( 'NONE', #8822, #1979, #274, .T. ) ;
#3782 = VECTOR ( 'NONE', #7493, 1000.000000000000000 ) ;
#3783 = CARTESIAN_POINT ( 'NONE',  ( 12.40000000000000391, -0.2309401076758522964, 0.000000000000000000 ) ) ;
#3784 = CARTESIAN_POINT ( 'NONE',  ( 134.9213598216350078, 165.3623343258620082, 181.0501160567395118 ) ) ;
#3785 = DIRECTION ( 'NONE',  ( 0.000000000000000000, -0.9999999999999896749, -1.437160311392075831E-07 ) ) ;
#3786 = CARTESIAN_POINT ( 'NONE',  ( 121.9594733917879950, 175.9304320314805068, 137.7001160632314054 ) ) ;
#3787 = PLANE ( 'NONE',  #1769 ) ;
#3788 = CARTESIAN_POINT ( 'NONE',  ( 117.4594733917879950, 119.9496176806358108, 181.0501160567390002 ) ) ;
#3789 = ORIENTED_EDGE ( 'NONE', *, *, #7032, .F. ) ;
#3790 = ORIENTED_EDGE ( 'NONE', *, *, #3497, .F. ) ;
#3791 = ORIENTED_EDGE ( 'NONE', *, *, #8787, .T. ) ;
#3792 = CIRCLE ( 'NONE', #1032, 1.599999999999990319 ) ;
#3793 = ADVANCED_FACE ( 'NONE', ( #1755 ), #7606, .F. ) ;
#3794 = ADVANCED_FACE ( 'NONE', ( #3350 ), #6106, .F. ) ;
#3795 = ORIENTED_EDGE ( 'NONE', *, *, #7973, .F. ) ;
#3796 = DIRECTION ( 'NONE',  ( 1.000000000000000000, -1.184735462541918124E-15, 2.740251226258385269E-29 ) ) ;
#3797 = CARTESIAN_POINT ( 'NONE',  ( -6.400000000000002132, 3.695041722813606100, 0.5999999999999999778 ) ) ;
#3798 = DIRECTION ( 'NONE',  ( -1.000000000000000000, 0.000000000000000000, 0.000000000000000000 ) ) ;
#3799 = DIRECTION ( 'NONE',  ( 0.8660254037844385966, 0.5000000000000001110, 0.000000000000000000 ) ) ;
#3800 = CARTESIAN_POINT ( 'NONE',  ( 124.9594733917878955, 121.9320102867271203, 145.4301932445419823 ) ) ;
#3801 = VECTOR ( 'NONE', #1254, 1000.000000000000000 ) ;
#3802 = CARTESIAN_POINT ( 'NONE',  ( 109.9594733917879950, 162.2587965372890153, 130.0501160567393981 ) ) ;
#3803 = ORIENTED_EDGE ( 'NONE', *, *, #9163, .F. ) ;
#3804 = EDGE_CURVE ( 'NONE', #6140, #3816, #3303, .T. ) ;
#3805 = EDGE_CURVE ( 'NONE', #239, #8064, #9087, .T. ) ;
#3806 = VECTOR ( 'NONE', #3831, 1000.000000000000000 ) ;
#3807 = EDGE_LOOP ( 'NONE', ( #4833, #7205, #4594, #5532 ) ) ;
#3808 = DIRECTION ( 'NONE',  ( 0.000000000000000000, -0.7071067811865474617, -0.7071067811865474617 ) ) ;
#3809 = ORIENTED_EDGE ( 'NONE', *, *, #9214, .T. ) ;
#3810 = UNCERTAINTY_MEASURE_WITH_UNIT (LENGTH_MEASURE( 1.000000000000000082E-05 ), #6840, 'distance_accuracy_value', 'NONE');
#3811 = LINE ( 'NONE', #3660, #8448 ) ;
#3812 = CARTESIAN_POINT ( 'NONE',  ( 121.5594733917879893, 175.1585906126184966, 175.1500716728245095 ) ) ;
#3813 = CARTESIAN_POINT ( 'NONE',  ( 124.3594733917879012, 124.7320102867271174, 139.8876306603215767 ) ) ;
#3814 = VECTOR ( 'NONE', #8171, 1000.000000000000000 ) ;
#3815 = ORIENTED_EDGE ( 'NONE', *, *, #95, .F. ) ;
#3816 = VERTEX_POINT ( 'NONE', #9232 ) ;
#3817 = DIRECTION ( 'NONE',  ( 1.184735462541920096E-15, 1.000000000000000000, 7.287275863554980679E-15 ) ) ;
#3818 = FACE_OUTER_BOUND ( 'NONE', #7895, .T. ) ;
#3819 = DIRECTION ( 'NONE',  ( 1.184735462541922068E-15, 1.000000000000000000, 3.379091138490570313E-15 ) ) ;
#3820 = CARTESIAN_POINT ( 'NONE',  ( 123.6820660086196568, 176.4553803592890802, 181.0295459725349190 ) ) ;
#3821 = LINE ( 'NONE', #6781, #3814 ) ;
#3822 = DIRECTION ( 'NONE',  ( 0.000000000000000000, -0.7071067811865474617, -0.7071067811865474617 ) ) ;
#3823 = EDGE_CURVE ( 'NONE', #1282, #426, #1787, .T. ) ;
#3824 = CARTESIAN_POINT ( 'NONE',  ( 124.3594733917878727, 127.9320102867271203, 162.0578809972032275 ) ) ;
#3825 = ORIENTED_EDGE ( 'NONE', *, *, #7151, .F. ) ;
#3826 = EDGE_LOOP ( 'NONE', ( #3631, #349, #1786, #3583 ) ) ;
#3827 = ORIENTED_EDGE ( 'NONE', *, *, #7014, .T. ) ;
#3828 = AXIS2_PLACEMENT_3D ( 'NONE', #8557, #7701, #1187 ) ;
#3829 = DIRECTION ( 'NONE',  ( -1.000000000000000000, -1.850371707708592551E-14, 0.000000000000000000 ) ) ;
#3830 = FACE_OUTER_BOUND ( 'NONE', #6387, .T. ) ;
#3831 = DIRECTION ( 'NONE',  ( 1.332169591021890008E-15, 4.326681131221240423E-15, -1.000000000000000000 ) ) ;
#3832 = FACE_OUTER_BOUND ( 'NONE', #7930, .T. ) ;
#3833 = EDGE_CURVE ( 'NONE', #8333, #2390, #2526, .T. ) ;
#3834 = CARTESIAN_POINT ( 'NONE',  ( 2.799999999999996270, 4.849742261192854009, 0.000000000000000000 ) ) ;
#3835 = ORIENTED_EDGE ( 'NONE', *, *, #1138, .F. ) ;
#3836 = EDGE_LOOP ( 'NONE', ( #517, #470, #2404, #8285 ) ) ;
#3837 = VECTOR ( 'NONE', #1982, 1000.000000000000000 ) ;
#3838 = ORIENTED_EDGE ( 'NONE', *, *, #281, .F. ) ;
#3839 = ORIENTED_EDGE ( 'NONE', *, *, #392, .T. ) ;
#3840 = ORIENTED_EDGE ( 'NONE', *, *, #4200, .T. ) ;
#3841 = CIRCLE ( 'NONE', #9076, 5.150000000000683364 ) ;
#3842 = LINE ( 'NONE', #196, #1092 ) ;
#3843 = CARTESIAN_POINT ( 'NONE',  ( 12.40000000000000391, -1.418955567684714834E-15, 0.000000000000000000 ) ) ;
#3844 = CARTESIAN_POINT ( 'NONE',  ( -5.800000000000002487, 3.810511776651531068, 0.000000000000000000 ) ) ;
#3845 = PLANE ( 'NONE',  #33 ) ;
#3846 = CARTESIAN_POINT ( 'NONE',  ( 124.9594733917878955, 139.1320102867271373, 162.9816414279065953 ) ) ;
#3847 = EDGE_CURVE ( 'NONE', #7272, #8670, #7963, .T. ) ;
#3848 = DIRECTION ( 'NONE',  ( -0.5000000000000008882, -0.8660254037844381525, 0.000000000000000000 ) ) ;
#3849 = ORIENTED_EDGE ( 'NONE', *, *, #2596, .F. ) ;
#3850 = VECTOR ( 'NONE', #6705, 1000.000000000000114 ) ;
#3851 = ORIENTED_EDGE ( 'NONE', *, *, #7885, .F. ) ;
#3852 = VERTEX_POINT ( 'NONE', #2083 ) ;
#3853 = DIRECTION ( 'NONE',  ( 0.8660254037844388186, -0.4999999999999997780, 0.000000000000000000 ) ) ;
#3854 = DIRECTION ( 'NONE',  ( -1.000000000000000000, -1.850371707708592551E-14, 0.000000000000000000 ) ) ;
#3855 = EDGE_LOOP ( 'NONE', ( #9015, #8826, #9071, #2126 ) ) ;
#3856 = VECTOR ( 'NONE', #5634, 1000.000000000000000 ) ;
#3857 = EDGE_CURVE ( 'NONE', #3147, #7569, #4343, .T. ) ;
#3858 = CARTESIAN_POINT ( 'NONE',  ( 11.80000000000000249, -6.581793068761736087, 0.000000000000000000 ) ) ;
#3859 = EDGE_CURVE ( 'NONE', #4765, #8917, #4252, .T. ) ;
#3860 = LINE ( 'NONE', #8876, #1020 ) ;
#3861 = DIRECTION ( 'NONE',  ( -1.000000000000000000, 1.184735462541918124E-15, 4.316747070439580540E-30 ) ) ;
#3862 = EDGE_CURVE ( 'NONE', #3052, #3528, #882, .T. ) ;
#3863 = EDGE_LOOP ( 'NONE', ( #2750, #6658, #8187, #3380 ) ) ;
#3864 = AXIS2_PLACEMENT_3D ( 'NONE', #2419, #3330, #8265 ) ;
#3865 = ORIENTED_EDGE ( 'NONE', *, *, #3082, .T. ) ;
#3866 = CARTESIAN_POINT ( 'NONE',  ( 24.40000000000002345, -6.697263122599669494, 0.5999999999999999778 ) ) ;
#3867 = DIRECTION ( 'NONE',  ( 0.000000000000000000, 0.000000000000000000, -1.000000000000000000 ) ) ;
#3868 = LINE ( 'NONE', #801, #5783 ) ;
#3869 = FACE_OUTER_BOUND ( 'NONE', #5362, .T. ) ;
#3870 = ADVANCED_FACE ( 'NONE', ( #2035 ), #6438, .F. ) ;
#3871 = DIRECTION ( 'NONE',  ( 1.743504668820874398E-15, 0.5000000000000001110, -0.8660254037844387076 ) ) ;
#3872 = VECTOR ( 'NONE', #2495, 999.9999999999998863 ) ;
#3873 = DIRECTION ( 'NONE',  ( 0.8660254037844384856, 0.5000000000000002220, 0.000000000000000000 ) ) ;
#3874 = ORIENTED_EDGE ( 'NONE', *, *, #3978, .F. ) ;
#3875 = ORIENTED_EDGE ( 'NONE', *, *, #451, .T. ) ;
#3876 = ORIENTED_EDGE ( 'NONE', *, *, #3001, .T. ) ;
#3877 = VECTOR ( 'NONE', #4360, 999.9999999999998863 ) ;
#3878 = EDGE_CURVE ( 'NONE', #3491, #1547, #5497, .T. ) ;
#3879 = EDGE_CURVE ( 'NONE', #8544, #8259, #8553, .T. ) ;
#3880 = DIRECTION ( 'NONE',  ( -1.742746211032219426E-15, -0.8070785808556766305, 0.5904440399597467026 ) ) ;
#3881 = DIRECTION ( 'NONE',  ( 0.000000000000000000, 1.982541115402047716E-14, -1.000000000000000000 ) ) ;
#3882 = CARTESIAN_POINT ( 'NONE',  ( 103.4479001739019992, 174.2587965372875090, 168.8506931385974781 ) ) ;
#3883 = CARTESIAN_POINT ( 'NONE',  ( 124.9594733917878813, 127.9320102867271203, 162.0578809972032275 ) ) ;
#3884 = DIRECTION ( 'NONE',  ( -1.275664639488984049E-15, 1.919819404802658766E-15, 1.000000000000000000 ) ) ;
#3885 = ORIENTED_EDGE ( 'NONE', *, *, #2501, .T. ) ;
#3886 = PRODUCT_DEFINITION_FORMATION_WITH_SPECIFIED_SOURCE ( 'ANY', '', #6011, .NOT_KNOWN. ) ;
#3887 = ORIENTED_EDGE ( 'NONE', *, *, #4915, .T. ) ;
#3888 = ORIENTED_EDGE ( 'NONE', *, *, #6224, .F. ) ;
#3889 = ORIENTED_EDGE ( 'NONE', *, *, #772, .T. ) ;
#3890 = EDGE_CURVE ( 'NONE', #2517, #8317, #3393, .T. ) ;
#3891 = ORIENTED_EDGE ( 'NONE', *, *, #1277, .F. ) ;
#3892 = CARTESIAN_POINT ( 'NONE',  ( 124.3594733917879296, 151.9320102867271487, 145.4301932445419823 ) ) ;
#3893 = LINE ( 'NONE', #244, #5299 ) ;
#3894 = FACE_OUTER_BOUND ( 'NONE', #1475, .T. ) ;
#3895 = FACE_OUTER_BOUND ( 'NONE', #8650, .T. ) ;
#3896 = DIRECTION ( 'NONE',  ( 0.8660254037844381525, -0.5000000000000008882, 0.000000000000000000 ) ) ;
#3897 = AXIS2_PLACEMENT_3D ( 'NONE', #9257, #1919, #1253 ) ;
#3898 = CARTESIAN_POINT ( 'NONE',  ( 109.9594733917879950, 116.3659033184497957, 181.0501160567390002 ) ) ;
#3899 = ORIENTED_EDGE ( 'NONE', *, *, #8520, .F. ) ;
#3900 = ORIENTED_EDGE ( 'NONE', *, *, #985, .T. ) ;
#3901 = EDGE_CURVE ( 'NONE', #1750, #4026, #2715, .T. ) ;
#3902 = VECTOR ( 'NONE', #7959, 999.9999999999998863 ) ;
#3903 = ORIENTED_EDGE ( 'NONE', *, *, #3654, .F. ) ;
#3904 = CARTESIAN_POINT ( 'NONE',  ( 124.5975336255319945, 116.1745616022668059, 181.0120558229949950 ) ) ;
#3905 = CARTESIAN_POINT ( 'NONE',  ( 12.40000000000000391, -7.621023553303063025, 0.5999999999999999778 ) ) ;
#3906 = DIRECTION ( 'NONE',  ( -4.685093906533306632E-16, -0.8660254037844384856, -0.5000000000000002220 ) ) ;
#3907 = CARTESIAN_POINT ( 'NONE',  ( -6.400000000000002132, 3.695041722813606100, 0.000000000000000000 ) ) ;
#3908 = CARTESIAN_POINT ( 'NONE',  ( 11.20000000000000284, -6.928203230275511437, 0.000000000000000000 ) ) ;
#3909 = VECTOR ( 'NONE', #9089, 1000.000000000000000 ) ;
#3910 = VERTEX_POINT ( 'NONE', #5767 ) ;
#3911 = ORIENTED_EDGE ( 'NONE', *, *, #6576, .F. ) ;
#3912 = VERTEX_POINT ( 'NONE', #9279 ) ;
#3913 = ADVANCED_FACE ( 'NONE', ( #2667 ), #4885, .F. ) ;
#3914 = ADVANCED_FACE ( 'NONE', ( #557 ), #4934, .T. ) ;
#3915 = LINE ( 'NONE', #6970, #8673 ) ;
#3916 = CARTESIAN_POINT ( 'NONE',  ( 124.5594733917879893, 112.1587965372630009, 176.8430092755530154 ) ) ;
#3917 = CARTESIAN_POINT ( 'NONE',  ( 103.4479001739019992, 155.5981426360454805, 165.2113888862244835 ) ) ;
#3918 = CARTESIAN_POINT ( 'NONE',  ( 23.60000000000003340, -4.727283270692928610E-14, 0.5999999999999999778 ) ) ;
#3919 = DIRECTION ( 'NONE',  ( -0.000000000000000000, 0.000000000000000000, 1.000000000000000000 ) ) ;
#3920 = ORIENTED_EDGE ( 'NONE', *, *, #2450, .T. ) ;
#3921 = ORIENTED_EDGE ( 'NONE', *, *, #762, .F. ) ;
#3922 = AXIS2_PLACEMENT_3D ( 'NONE', #1340, #7999, #9397 ) ;
#3923 = ORIENTED_EDGE ( 'NONE', *, *, #3433, .T. ) ;
#3924 = EDGE_CURVE ( 'NONE', #9391, #8345, #6389, .T. ) ;
#3925 = DIRECTION ( 'NONE',  ( -1.000000000000000000, 0.000000000000000000, 3.134179675087600274E-31 ) ) ;
#3926 = CARTESIAN_POINT ( 'NONE',  ( 124.9594733917879950, 112.5587965372628076, 176.8844306317899964 ) ) ;
#3927 = DIRECTION ( 'NONE',  ( 0.000000000000000000, -0.1260166810503238755, -0.9920281226341625125 ) ) ;
#3928 = FACE_BOUND ( 'NONE', #5511, .T. ) ;
#3929 =( NAMED_UNIT ( * ) PLANE_ANGLE_UNIT ( ) SI_UNIT ( $, .RADIAN. ) );
#3930 = FACE_OUTER_BOUND ( 'NONE', #6700, .T. ) ;
#3931 = VECTOR ( 'NONE', #4640, 1000.000000000000000 ) ;
#3932 = DIRECTION ( 'NONE',  ( -1.332169591021890008E-15, -3.379091138490570313E-15, 1.000000000000000000 ) ) ;
#3933 = VERTEX_POINT ( 'NONE', #2816 ) ;
#3934 = ORIENTED_EDGE ( 'NONE', *, *, #7631, .F. ) ;
#3935 = ORIENTED_EDGE ( 'NONE', *, *, #7399, .F. ) ;
#3936 = ORIENTED_EDGE ( 'NONE', *, *, #5979, .F. ) ;
#3937 = VECTOR ( 'NONE', #5261, 1000.000000000000000 ) ;
#3938 = CARTESIAN_POINT ( 'NONE',  ( 124.9594733917879950, 173.4585906126184796, 136.0001160632323831 ) ) ;
#3939 = DIRECTION ( 'NONE',  ( 1.000000000000000000, -1.184735462541916151E-15, 0.000000000000000000 ) ) ;
#3940 = CARTESIAN_POINT ( 'NONE',  ( 124.9594733917879239, 139.9320102867271487, 145.4301932445419823 ) ) ;
#3941 = DIRECTION ( 'NONE',  ( -1.000000000000000000, 1.184735462541918124E-15, 4.316747070439680032E-30 ) ) ;
#3942 = LINE ( 'NONE', #7575, #960 ) ;
#3943 = LINE ( 'NONE', #2303, #7933 ) ;
#3944 = ORIENTED_EDGE ( 'NONE', *, *, #9429, .T. ) ;
#3945 = CIRCLE ( 'NONE', #6413, 3.000000000000002665 ) ;
#3946 = DIRECTION ( 'NONE',  ( -1.000000000000000000, 1.184735462541918124E-15, 4.316747070439680032E-30 ) ) ;
#3947 = EDGE_CURVE ( 'NONE', #1568, #9226, #7216, .T. ) ;
#3948 = VERTEX_POINT ( 'NONE', #9329 ) ;
#3949 = ORIENTED_EDGE ( 'NONE', *, *, #3283, .T. ) ;
#3950 = VECTOR ( 'NONE', #370, 999.9999999999998863 ) ;
#3951 = ORIENTED_EDGE ( 'NONE', *, *, #7001, .F. ) ;
#3952 = LINE ( 'NONE', #6184, #4926 ) ;
#3953 = CARTESIAN_POINT ( 'NONE',  ( 11.60000000000000497, -1.418955567684714834E-15, 0.000000000000000000 ) ) ;
#3954 = LINE ( 'NONE', #354, #5679 ) ;
#3955 = PLANE ( 'NONE',  #5328 ) ;
#3956 = DIRECTION ( 'NONE',  ( 0.000000000000000000, 0.000000000000000000, 1.000000000000000000 ) ) ;
#3957 = EDGE_CURVE ( 'NONE', #8844, #3948, #2864, .T. ) ;
#3958 = VECTOR ( 'NONE', #4759, 999.9999999999998863 ) ;
#3959 = EDGE_LOOP ( 'NONE', ( #5307, #8309, #8036, #2875 ) ) ;
#3960 = VERTEX_POINT ( 'NONE', #7166 ) ;
#3961 = LINE ( 'NONE', #1074, #1733 ) ;
#3962 = ORIENTED_EDGE ( 'NONE', *, *, #2895, .T. ) ;
#3963 = CONICAL_SURFACE ( 'NONE', #9047, 1.400000000000026779, 0.7853981633974610466 ) ;
#3964 = PLANE ( 'NONE',  #6343 ) ;
#3965 = CARTESIAN_POINT ( 'NONE',  ( 124.3594733917879154, 139.9320102867271487, 148.6633547520038974 ) ) ;
#3966 = CARTESIAN_POINT ( 'NONE',  ( 121.7594733917879921, 173.4585906126184796, 136.0001160632313884 ) ) ;
#3967 = EDGE_CURVE ( 'NONE', #2966, #2136, #3792, .T. ) ;
#3968 = VERTEX_POINT ( 'NONE', #2767 ) ;
#3969 = ORIENTED_EDGE ( 'NONE', *, *, #5390, .T. ) ;
#3970 = ORIENTED_EDGE ( 'NONE', *, *, #9401, .F. ) ;
#3972 = DIRECTION ( 'NONE',  ( 0.000000000000000000, -4.326681131221240423E-15, 1.000000000000000000 ) ) ;
#3971 = VECTOR ( 'NONE', #7924, 1000.000000000000000 ) ;
#3973 = CARTESIAN_POINT ( 'NONE',  ( 124.9594733917879950, 175.1585906126184966, 175.1500716728245095 ) ) ;
#3974 = LINE ( 'NONE', #3305, #3909 ) ;
#3975 = CARTESIAN_POINT ( 'NONE',  ( 124.3594733917878870, 121.9320102867271203, 145.4301932445419823 ) ) ;
#3976 = CARTESIAN_POINT ( 'NONE',  ( 104.6479001739019878, 177.2587965372885037, 180.6501160567395061 ) ) ;
#3977 = CARTESIAN_POINT ( 'NONE',  ( 6.800000000000003375, 3.464101615137754386, 0.5999999999999999778 ) ) ;
#3978 = EDGE_CURVE ( 'NONE', #2824, #7828, #5717, .T. ) ;
#3979 = ORIENTED_EDGE ( 'NONE', *, *, #2034, .F. ) ;
#3980 = EDGE_CURVE ( 'NONE', #8513, #4331, #570, .T. ) ;
#3981 = ORIENTED_EDGE ( 'NONE', *, *, #818, .T. ) ;
#3982 = VERTEX_POINT ( 'NONE', #3575 ) ;
#3983 = VECTOR ( 'NONE', #3884, 1000.000000000000000 ) ;
#3984 = ADVANCED_FACE ( 'NONE', ( #6532 ), #5902, .T. ) ;
#3985 = VERTEX_POINT ( 'NONE', #799 ) ;
#3986 = ORIENTED_EDGE ( 'NONE', *, *, #9514, .F. ) ;
#3987 = DIRECTION ( 'NONE',  ( -4.685093906533304660E-16, -0.8660254037844383745, -0.5000000000000003331 ) ) ;
#3988 = DIRECTION ( 'NONE',  ( 4.685093906533309590E-16, 0.8660254037844385966, 0.4999999999999998890 ) ) ;
#3989 = PLANE ( 'NONE',  #4723 ) ;
#3990 = DIRECTION ( 'NONE',  ( -1.000000000000000000, 1.165921621825710023E-15, -1.481062580737666030E-16 ) ) ;
#3991 = CARTESIAN_POINT ( 'NONE',  ( 104.8479001739019907, 176.3587931559684989, 180.4501160567394891 ) ) ;
#3992 = VECTOR ( 'NONE', #1563, 999.9999999999998863 ) ;
#3993 = CARTESIAN_POINT ( 'NONE',  ( 124.9594733917879950, 173.4583822770075301, 143.2936833600574005 ) ) ;
#3994 = VERTEX_POINT ( 'NONE', #4538 ) ;
#3995 = VECTOR ( 'NONE', #6233, 1000.000000000000000 ) ;
#3996 = EDGE_CURVE ( 'NONE', #4331, #4264, #3719, .T. ) ;
#3997 = CARTESIAN_POINT ( 'NONE',  ( 114.4594733917879950, 119.9496176806358108, 181.0501160567390002 ) ) ;
#3998 = DIRECTION ( 'NONE',  ( -1.275664639488984049E-15, 1.919819404802662710E-15, 1.000000000000000000 ) ) ;
#3999 = LINE ( 'NONE', #6416, #2097 ) ;
#4000 = CARTESIAN_POINT ( 'NONE',  ( 103.4479001739019992, 172.6583830282139900, 165.2113888862244835 ) ) ;
#4001 = CARTESIAN_POINT ( 'NONE',  ( 124.3594733917879154, 133.5320102867271146, 138.0401097989147559 ) ) ;
#4002 = VECTOR ( 'NONE', #8302, 1000.000000000000000 ) ;
#4003 = FACE_OUTER_BOUND ( 'NONE', #9325, .T. ) ;
#4004 = ORIENTED_EDGE ( 'NONE', *, *, #1330, .T. ) ;
#4005 = ORIENTED_EDGE ( 'NONE', *, *, #432, .F. ) ;
#4006 = VECTOR ( 'NONE', #4119, 1000.000000000000000 ) ;
#4007 = LINE ( 'NONE', #6776, #1301 ) ;
#4008 = ADVANCED_FACE ( 'NONE', ( #6578 ), #1463, .T. ) ;
#4009 = ORIENTED_EDGE ( 'NONE', *, *, #8344, .F. ) ;
#4010 = LINE ( 'NONE', #5560, #5053 ) ;
#4011 = CARTESIAN_POINT ( 'NONE',  ( 119.1594733917879978, 119.9496176806358108, 181.0501160567390002 ) ) ;
#4012 = DIRECTION ( 'NONE',  ( 1.000000000000000000, -1.232504460548322048E-29, 1.332169591021896121E-15 ) ) ;
#4013 = VECTOR ( 'NONE', #5951, 1000.000000000000000 ) ;
#4014 = ORIENTED_EDGE ( 'NONE', *, *, #4570, .T. ) ;
#4015 = MANIFOLD_SOLID_BREP ( 'Enlèv. mat.-Extru.1', #2525 ) ;
#4016 = ORIENTED_EDGE ( 'NONE', *, *, #747, .F. ) ;
#4017 = ADVANCED_FACE ( 'NONE', ( #7357 ), #5174, .T. ) ;
#4018 = CONICAL_SURFACE ( 'NONE', #5257, 1.399999999999995026, 0.7853981633974511656 ) ;
#4019 = CARTESIAN_POINT ( 'NONE',  ( 124.9594733917878955, 145.9320102867271487, 166.4457430430443878 ) ) ;
#4020 = LINE ( 'NONE', #4837, #4321 ) ;
#4021 = LINE ( 'NONE', #6347, #6081 ) ;
#4022 = FACE_BOUND ( 'NONE', #1152, .T. ) ;
#4023 = DIRECTION ( 'NONE',  ( -0.8660254037844388186, -0.4999999999999996114, 0.000000000000000000 ) ) ;
#4024 = DIRECTION ( 'NONE',  ( 0.000000000000000000, 0.1260168930201679416, 0.9920280957077494133 ) ) ;
#4025 = ORIENTED_EDGE ( 'NONE', *, *, #5457, .T. ) ;
#4026 = VERTEX_POINT ( 'NONE', #3054 ) ;
#4027 = PRESENTATION_LAYER_ASSIGNMENT (  '', '', ( #2489 ) ) ;
#4028 = EDGE_LOOP ( 'NONE', ( #2032, #5810, #7616, #7660 ) ) ;
#4029 = ADVANCED_FACE ( 'NONE', ( #8788 ), #3771, .T. ) ;
#4030 = ORIENTED_EDGE ( 'NONE', *, *, #5576, .T. ) ;
#4031 = EDGE_CURVE ( 'NONE', #6611, #4289, #1651, .T. ) ;
#4032 = DIRECTION ( 'NONE',  ( -1.000000000000000000, 5.923677312708450714E-16, 5.923677312709610339E-16 ) ) ;
#4033 = PLANE ( 'NONE',  #3751 ) ;
#4034 = LINE ( 'NONE', #1196, #3345 ) ;
#4035 = LINE ( 'NONE', #6996, #3872 ) ;
#4036 = CARTESIAN_POINT ( 'NONE',  ( 124.9594733917879097, 133.9320102867271203, 145.4301932445419823 ) ) ;
#4037 = ADVANCED_FACE ( 'NONE', ( #6731 ), #8120, .T. ) ;
#4038 = CARTESIAN_POINT ( 'NONE',  ( 121.9594733917879950, 158.2336935749469831, 176.8500716728244981 ) ) ;
#4039 = ORIENTED_EDGE ( 'NONE', *, *, #391, .F. ) ;
#4040 = ADVANCED_FACE ( 'NONE', ( #8072 ), #3623, .T. ) ;
#4041 = DIRECTION ( 'NONE',  ( 1.001543065824772359E-15, 1.000000000000000000, 0.000000000000000000 ) ) ;
#4042 = LINE ( 'NONE', #8578, #522 ) ;
#4043 = DIRECTION ( 'NONE',  ( 1.744174030142317572E-15, 0.8660254037844383745, -0.5000000000000003331 ) ) ;
#4044 = CARTESIAN_POINT ( 'NONE',  ( 115.9594733917879950, 144.9496176806353844, 129.0501160567391992 ) ) ;
#4045 = VECTOR ( 'NONE', #5316, 1000.000000000000000 ) ;
#4046 = DIRECTION ( 'NONE',  ( -1.000000000000000000, 6.555317102064179910E-16, -3.285328468285960224E-15 ) ) ;
#4047 = CARTESIAN_POINT ( 'NONE',  ( 123.9782626355890045, 177.8400072934880143, 141.0663910201174076 ) ) ;
#4048 = DIRECTION ( 'NONE',  ( -1.000000000000000000, 1.184735462541918124E-15, 4.316747070439680032E-30 ) ) ;
#4049 = EDGE_LOOP ( 'NONE', ( #7213, #8778, #5020, #8140 ) ) ;
#4050 = VECTOR ( 'NONE', #8918, 1000.000000000000000 ) ;
#4051 = ORIENTED_EDGE ( 'NONE', *, *, #9235, .T. ) ;
#4052 = CARTESIAN_POINT ( 'NONE',  ( 103.4479001739019992, 171.4583834233364996, 142.2994943533564083 ) ) ;
#4053 = EDGE_LOOP ( 'NONE', ( #2680, #3791, #7786, #3348 ) ) ;
#4054 = PLANE ( 'NONE',  #744 ) ;
#4055 = CARTESIAN_POINT ( 'NONE',  ( 17.60000000000000142, -10.62324495308912198, 0.5999999999999999778 ) ) ;
#4056 = VECTOR ( 'NONE', #9004, 1000.000000000000000 ) ;
#4057 = DIRECTION ( 'NONE',  ( -1.000000000000000000, 0.000000000000000000, 0.000000000000000000 ) ) ;
#4058 = EDGE_CURVE ( 'NONE', #9011, #7945, #2321, .T. ) ;
#4059 = VERTEX_POINT ( 'NONE', #1510 ) ;
#4060 = ORIENTED_EDGE ( 'NONE', *, *, #4494, .F. ) ;
#4061 = CIRCLE ( 'NONE', #7626, 1.599999999999993872 ) ;
#4062 = FACE_OUTER_BOUND ( 'NONE', #4332, .T. ) ;
#4063 = LINE ( 'NONE', #7027, #7726 ) ;
#4064 = DIRECTION ( 'NONE',  ( 4.685093906533307618E-16, 0.8660254037844385966, 0.5000000000000001110 ) ) ;
#4065 = FACE_BOUND ( 'NONE', #8108, .T. ) ;
#4066 = DIRECTION ( 'NONE',  ( -0.8660254037844388186, -0.4999999999999995559, 0.000000000000000000 ) ) ;
#4067 = DIRECTION ( 'NONE',  ( 4.685093906533306632E-16, 0.8660254037844384856, 0.5000000000000002220 ) ) ;
#4068 = ORIENTED_EDGE ( 'NONE', *, *, #4165, .T. ) ;
#4069 = VECTOR ( 'NONE', #1256, 999.9999999999998863 ) ;
#4070 = EDGE_CURVE ( 'NONE', #7341, #8874, #8883, .T. ) ;
#4071 = ORIENTED_EDGE ( 'NONE', *, *, #5278, .F. ) ;
#4072 = ORIENTED_EDGE ( 'NONE', *, *, #7060, .T. ) ;
#4073 = ORIENTED_EDGE ( 'NONE', *, *, #4650, .F. ) ;
#4074 = CONICAL_SURFACE ( 'NONE', #7787, 3.199999999999994404, 0.7853981633974490562 ) ;
#4075 = DIRECTION ( 'NONE',  ( 0.000000000000000000, 0.000000000000000000, 1.000000000000000000 ) ) ;
#4076 = DIRECTION ( 'NONE',  ( 0.8660254037844388186, -0.4999999999999997780, 0.000000000000000000 ) ) ;
#4077 = ADVANCED_FACE ( 'NONE', ( #3818 ), #1874, .F. ) ;
#4078 = FACE_OUTER_BOUND ( 'NONE', #7223, .T. ) ;
#4079 = PLANE ( 'NONE',  #4953 ) ;
#4080 = CARTESIAN_POINT ( 'NONE',  ( 124.9594733917878955, 121.3320102867270975, 145.7766034060558127 ) ) ;
#4081 = CARTESIAN_POINT ( 'NONE',  ( 103.4479001739019992, 172.8096036795785153, 141.1090608090123908 ) ) ;
#4082 = EDGE_CURVE ( 'NONE', #4402, #5004, #1160, .T. ) ;
#4084 = EDGE_CURVE ( 'NONE', #9215, #2965, #3999, .T. ) ;
#4083 = ORIENTED_EDGE ( 'NONE', *, *, #1565, .F. ) ;
#4085 = AXIS2_PLACEMENT_3D ( 'NONE', #5271, #125, #3822 ) ;
#4086 = CARTESIAN_POINT ( 'NONE',  ( 6.000000000000000888, -3.925981830489455149, 0.000000000000000000 ) ) ;
#4087 = DIRECTION ( 'NONE',  ( -1.275664639488983852E-15, 1.919819404802662710E-15, 1.000000000000000000 ) ) ;
#4088 = CARTESIAN_POINT ( 'NONE',  ( 17.80000000000001847, -17.66691823720256238, 0.000000000000000000 ) ) ;
#4089 = FACE_OUTER_BOUND ( 'NONE', #4876, .T. ) ;
#4090 = CARTESIAN_POINT ( 'NONE',  ( 103.8479001739019907, 175.4587965372880092, 168.8506931385974781 ) ) ;
#4091 = CIRCLE ( 'NONE', #6726, 3.000000000000002665 ) ;
#4092 = CARTESIAN_POINT ( 'NONE',  ( 124.3594733917878870, 115.1320102867271231, 145.4301932445419823 ) ) ;
#4093 = DIRECTION ( 'NONE',  ( -0.8660254037844384856, 0.5000000000000002220, 0.000000000000000000 ) ) ;
#4094 = EDGE_CURVE ( 'NONE', #2437, #5207, #4249, .T. ) ;
#4095 = EDGE_CURVE ( 'NONE', #5067, #8117, #4132, .T. ) ;
#4096 = ORIENTED_EDGE ( 'NONE', *, *, #6405, .T. ) ;
#4097 = AXIS2_PLACEMENT_3D ( 'NONE', #894, #7500, #2182 ) ;
#4098 = VERTEX_POINT ( 'NONE', #5504 ) ;
#4099 = CARTESIAN_POINT ( 'NONE',  ( 124.9594733917878813, 121.9320102867271203, 159.0556595974171614 ) ) ;
#4100 = CARTESIAN_POINT ( 'NONE',  ( 30.40000000000002700, -17.08956796801294331, 0.000000000000000000 ) ) ;
#4101 = LINE ( 'NONE', #7067, #8401 ) ;
#4102 = AXIS2_PLACEMENT_3D ( 'NONE', #7196, #3510, #9406 ) ;
#4103 = LINE ( 'NONE', #458, #456 ) ;
#4104 = VERTEX_POINT ( 'NONE', #490 ) ;
#4105 = VERTEX_POINT ( 'NONE', #3284 ) ;
#4106 = AXIS2_PLACEMENT_3D ( 'NONE', #3882, #954, #5191 ) ;
#4107 = DIRECTION ( 'NONE',  ( 1.000000000000000000, -1.232504460548319946E-29, 1.332169591021894149E-15 ) ) ;
#4108 = CARTESIAN_POINT ( 'NONE',  ( 124.9594733917878955, 121.7320102867271316, 145.7766034060557558 ) ) ;
#4109 = DIRECTION ( 'NONE',  ( 0.000000000000000000, 4.057536155554529735E-15, -1.000000000000000000 ) ) ;
#4110 = EDGE_CURVE ( 'NONE', #7989, #3026, #6278, .T. ) ;
#4111 = CARTESIAN_POINT ( 'NONE',  ( 121.9594733917879950, 171.7585906126184909, 173.4500716728244925 ) ) ;
#4112 = CARTESIAN_POINT ( 'NONE',  ( 117.4594733917879950, 119.9496176806358108, 180.8501160567390116 ) ) ;
#4113 = CARTESIAN_POINT ( 'NONE',  ( 123.6420582790520086, 176.3587931559684989, 180.4501160567394891 ) ) ;
#4114 = ORIENTED_EDGE ( 'NONE', *, *, #2232, .F. ) ;
#4115 = ORIENTED_EDGE ( 'NONE', *, *, #6460, .T. ) ;
#4116 = VERTEX_POINT ( 'NONE', #2015 ) ;
#4117 = VECTOR ( 'NONE', #5411, 1000.000000000000000 ) ;
#4118 = ORIENTED_EDGE ( 'NONE', *, *, #8721, .F. ) ;
#4119 = DIRECTION ( 'NONE',  ( 1.000000000000000000, -1.184735462541918124E-15, -4.316747070439680032E-30 ) ) ;
#4120 = CARTESIAN_POINT ( 'NONE',  ( 105.8479001739020049, 171.4583833419399923, 168.8506934941874817 ) ) ;
#4121 = EDGE_CURVE ( 'NONE', #1365, #8708, #3419, .T. ) ;
#4122 = DIRECTION ( 'NONE',  ( 0.8660254037844387076, 0.4999999999999999445, 0.000000000000000000 ) ) ;
#4123 = CARTESIAN_POINT ( 'NONE',  ( 105.8479001739020049, 172.8096036135645193, 170.0411270244294712 ) ) ;
#4124 = DIRECTION ( 'NONE',  ( 8.005968353488390811E-29, -4.326681131221240423E-15, 1.000000000000000000 ) ) ;
#4125 = CIRCLE ( 'NONE', #150, 3.400000000000000355 ) ;
#4126 = CARTESIAN_POINT ( 'NONE',  ( 103.4479001739019992, 172.8600103707724998, 170.4379382627124926 ) ) ;
#4127 = ORIENTED_EDGE ( 'NONE', *, *, #5683, .T. ) ;
#4128 = AXIS2_PLACEMENT_3D ( 'NONE', #7398, #6667, #67 ) ;
#4129 = PLANE ( 'NONE',  #8019 ) ;
#4130 = PLANE ( 'NONE',  #4512 ) ;
#4131 = EDGE_CURVE ( 'NONE', #8564, #1642, #2553, .T. ) ;
#4132 = LINE ( 'NONE', #1825, #6271 ) ;
#4133 = CARTESIAN_POINT ( 'NONE',  ( -2.800000000000002931, -4.849742261192862891, -0.000000000000000000 ) ) ;
#4134 = CARTESIAN_POINT ( 'NONE',  ( 18.40000000000000213, 0.000000000000000000, -0.000000000000000000 ) ) ;
#4135 = DIRECTION ( 'NONE',  ( 0.000000000000000000, -0.9999999999999896749, -1.437160344434399381E-07 ) ) ;
#4136 = DIRECTION ( 'NONE',  ( 1.000000000000000000, -1.210939508638132030E-15, 1.277902559593765872E-15 ) ) ;
#4137 = ORIENTED_EDGE ( 'NONE', *, *, #5734, .F. ) ;
#4138 = AXIS2_PLACEMENT_3D ( 'NONE', #3604, #8636, #4237 ) ;
#4139 = ORIENTED_EDGE ( 'NONE', *, *, #1906, .T. ) ;
#4140 = ORIENTED_EDGE ( 'NONE', *, *, #6267, .T. ) ;
#4141 = CARTESIAN_POINT ( 'NONE',  ( 124.9594733917879950, 176.8587965372884980, 144.8376160567393924 ) ) ;
#4142 = EDGE_CURVE ( 'NONE', #2806, #2218, #6367, .T. ) ;
#4143 = EDGE_LOOP ( 'NONE', ( #532, #7155, #4451, #7472 ) ) ;
#4144 = EDGE_CURVE ( 'NONE', #143, #3099, #5695, .T. ) ;
#4145 = CIRCLE ( 'NONE', #5392, 1.700000000000007061 ) ;
#4146 = CARTESIAN_POINT ( 'NONE',  ( 11.80000000000000249, 0.3464101615137740175, 0.000000000000000000 ) ) ;
#4147 = DIRECTION ( 'NONE',  ( 1.744174030142317572E-15, 0.8660254037844385966, -0.4999999999999999445 ) ) ;
#4148 = EDGE_CURVE ( 'NONE', #3910, #118, #2649, .T. ) ;
#4149 = CARTESIAN_POINT ( 'NONE',  ( 104.2479001739019964, 176.6587965372889926, 130.6158014816884076 ) ) ;
#4150 = EDGE_LOOP ( 'NONE', ( #7180, #3435, #8101, #5566 ) ) ;
#4151 = VECTOR ( 'NONE', #1099, 1000.000000000000000 ) ;
#4152 = VERTEX_POINT ( 'NONE', #3373 ) ;
#4153 = EDGE_CURVE ( 'NONE', #5873, #1331, #7771, .T. ) ;
#4154 = DIRECTION ( 'NONE',  ( 1.000000000000000000, -1.184735462541918124E-15, -4.316747070439680032E-30 ) ) ;
#4155 = CARTESIAN_POINT ( 'NONE',  ( 124.5594733917879893, 112.1587965372630009, 176.8430092755530154 ) ) ;
#4156 = PLANE ( 'NONE',  #8539 ) ;
#4157 = CARTESIAN_POINT ( 'NONE',  ( 104.6479001739019878, 176.3587931559684989, 180.8501160567394948 ) ) ;
#4158 = DIRECTION ( 'NONE',  ( 1.502386908265038719E-17, -1.000000000000000000, 3.885780586188047891E-16 ) ) ;
#4159 = DIRECTION ( 'NONE',  ( 0.8660254037844387076, -0.4999999999999998335, 0.000000000000000000 ) ) ;
#4160 = AXIS2_PLACEMENT_3D ( 'NONE', #4698, #7608, #8227 ) ;
#4161 = LINE ( 'NONE', #4891, #2905 ) ;
#4162 = ORIENTED_EDGE ( 'NONE', *, *, #4986, .F. ) ;
#4163 = ORIENTED_EDGE ( 'NONE', *, *, #5339, .T. ) ;
#4164 = ORIENTED_EDGE ( 'NONE', *, *, #3611, .F. ) ;
#4165 = EDGE_CURVE ( 'NONE', #761, #1494, #7007, .T. ) ;
#4167 = EDGE_LOOP ( 'NONE', ( #9191, #2379, #5123, #7639 ) ) ;
#4166 = EDGE_CURVE ( 'NONE', #5844, #8366, #6322, .T. ) ;
#4168 = AXIS2_PLACEMENT_3D ( 'NONE', #8339, #4715, #6073 ) ;
#4169 = CARTESIAN_POINT ( 'NONE',  ( 124.9594733917879097, 139.9320102867271487, 155.8224980899552747 ) ) ;
#4170 = DIRECTION ( 'NONE',  ( -1.670241840924089899E-31, 4.057536155554529735E-15, -1.000000000000000000 ) ) ;
#4171 = CARTESIAN_POINT ( 'NONE',  ( 121.7594733917879921, 175.8085906126189855, 136.0001160632313884 ) ) ;
#4172 = CARTESIAN_POINT ( 'NONE',  ( 124.9594733917878955, 127.1320102867271373, 155.8224980899552463 ) ) ;
#4173 = CARTESIAN_POINT ( 'NONE',  ( 103.4479001739019992, 174.2587965372880205, 165.6113888862245176 ) ) ;
#4174 = DIRECTION ( 'NONE',  ( -1.275664639488984049E-15, 1.919819404802658766E-15, 1.000000000000000000 ) ) ;
#4175 = CIRCLE ( 'NONE', #8959, 2.350000000000004974 ) ;
#4176 = EDGE_LOOP ( 'NONE', ( #7174, #1261, #8795, #8733 ) ) ;
#4177 = CARTESIAN_POINT ( 'NONE',  ( 104.6479001739019878, 176.6587965372889926, 130.9329587692143946 ) ) ;
#4178 = VERTEX_POINT ( 'NONE', #3465 ) ;
#4179 = ADVANCED_FACE ( 'NONE', ( #3329 ), #8486, .F. ) ;
#4180 = PRESENTATION_LAYER_ASSIGNMENT (  '', '', ( #8501 ) ) ;
#4181 = DIRECTION ( 'NONE',  ( -4.660113001930847663E-16, 0.5000000000000001110, 0.8660254037844385966 ) ) ;
#4182 = LINE ( 'NONE', #2599, #5447 ) ;
#4183 = LINE ( 'NONE', #1920, #1492 ) ;
#4184 = DIRECTION ( 'NONE',  ( 3.134179675087600274E-31, -3.379091138490570313E-15, 1.000000000000000000 ) ) ;
#4185 = PLANE ( 'NONE',  #8545 ) ;
#4186 = DIRECTION ( 'NONE',  ( 1.184735462541920096E-15, 1.000000000000000000, 3.379091138490570313E-15 ) ) ;
#4187 = PLANE ( 'NONE',  #1685 ) ;
#4188 = EDGE_LOOP ( 'NONE', ( #3899, #3586, #3, #1952 ) ) ;
#4189 = EDGE_CURVE ( 'NONE', #167, #6425, #4183, .T. ) ;
#4190 = VERTEX_POINT ( 'NONE', #7678 ) ;
#4191 = EDGE_LOOP ( 'NONE', ( #7392, #2477 ) ) ;
#4192 = ORIENTED_EDGE ( 'NONE', *, *, #6752, .T. ) ;
#4193 = DIRECTION ( 'NONE',  ( 4.685093906533313534E-16, 0.8660254037844387076, 0.4999999999999997780 ) ) ;
#4194 = ORIENTED_EDGE ( 'NONE', *, *, #3103, .F. ) ;
#4195 = CARTESIAN_POINT ( 'NONE',  ( 121.7594733917879921, 173.4585906126184796, 136.0001160632313884 ) ) ;
#4196 = LINE ( 'NONE', #4339, #8410 ) ;
#4197 = CIRCLE ( 'NONE', #364, 2.350000000000004974 ) ;
#4198 = CARTESIAN_POINT ( 'NONE',  ( 103.8479001739019907, 172.6583829936064944, 145.2896251811484092 ) ) ;
#4199 = AXIS2_PLACEMENT_3D ( 'NONE', #4417, #9450, #5789 ) ;
#4200 = EDGE_CURVE ( 'NONE', #406, #4956, #8580, .T. ) ;
#4201 = EDGE_LOOP ( 'NONE', ( #4009, #3584 ) ) ;
#4202 = EDGE_CURVE ( 'NONE', #8117, #1377, #1066, .T. ) ;
#4203 = ORIENTED_EDGE ( 'NONE', *, *, #6044, .F. ) ;
#4204 = CARTESIAN_POINT ( 'NONE',  ( 121.7594733917879921, 170.9867491937569923, 137.7001160632314054 ) ) ;
#4205 = PLANE ( 'NONE',  #3552 ) ;
#4206 = DIRECTION ( 'NONE',  ( -0.8660254037844384856, 0.5000000000000002220, 0.000000000000000000 ) ) ;
#4207 = DIRECTION ( 'NONE',  ( 1.743504668820874398E-15, 0.5000000000000003331, -0.8660254037844385966 ) ) ;
#4208 = CARTESIAN_POINT ( 'NONE',  ( 5.600000000000005862, -16.62768775266123100, 0.000000000000000000 ) ) ;
#4209 = CARTESIAN_POINT ( 'NONE',  ( 109.9594733917879950, 148.9904728434489982, 180.4501160567394891 ) ) ;
#4210 = ORIENTED_EDGE ( 'NONE', *, *, #7394, .T. ) ;
#4211 = ORIENTED_EDGE ( 'NONE', *, *, #457, .F. ) ;
#4212 = ORIENTED_EDGE ( 'NONE', *, *, #4070, .F. ) ;
#4213 = EDGE_CURVE ( 'NONE', #6498, #6660, #3697, .T. ) ;
#4214 = VECTOR ( 'NONE', #123, 1000.000000000000000 ) ;
#4215 = VERTEX_POINT ( 'NONE', #4370 ) ;
#4216 = AXIS2_PLACEMENT_3D ( 'NONE', #6626, #7451, #3053 ) ;
#4217 = PLANE ( 'NONE',  #4216 ) ;
#4218 = DIRECTION ( 'NONE',  ( 1.702654967114127421E-22, 1.437160500478691247E-07, -0.9999999999999896749 ) ) ;
#4219 = LINE ( 'NONE', #1384, #7305 ) ;
#4220 = MANIFOLD_SOLID_BREP ( 'Extru.-Mince6', #7928 ) ;
#4221 = LINE ( 'NONE', #7280, #1646 ) ;
#4222 = DIRECTION ( 'NONE',  ( -0.000000000000000000, 0.000000000000000000, -1.000000000000000000 ) ) ;
#4223 = DIRECTION ( 'NONE',  ( 0.000000000000000000, -0.7071067811866168507, 0.7071067811864780728 ) ) ;
#4224 = VECTOR ( 'NONE', #968, 1000.000000000000000 ) ;
#4225 = ORIENTED_EDGE ( 'NONE', *, *, #2929, .F. ) ;
#4226 = CARTESIAN_POINT ( 'NONE',  ( 103.8479001739019907, 171.4583833419399923, 168.8506934941874817 ) ) ;
#4227 = ORIENTED_EDGE ( 'NONE', *, *, #6474, .T. ) ;
#4228 = VECTOR ( 'NONE', #2435, 1000.000000000000114 ) ;
#4229 = DIRECTION ( 'NONE',  ( 1.000000000000000000, -1.184735462541926012E-15, 1.332169591021886064E-15 ) ) ;
#4230 = CARTESIAN_POINT ( 'NONE',  ( 121.9594733917879950, 175.9304320314805068, 137.7001160632314054 ) ) ;
#4231 = PLANE ( 'NONE',  #4102 ) ;
#4232 = LINE ( 'NONE', #4865, #9267 ) ;
#4233 = CARTESIAN_POINT ( 'NONE',  ( -0.4000000000000026867, -6.235382907247960738, 0.000000000000000000 ) ) ;
#4234 = EDGE_CURVE ( 'NONE', #7365, #291, #5501, .T. ) ;
#4235 = CARTESIAN_POINT ( 'NONE',  ( 124.9594733917879381, 115.1320102867271231, 141.7351515217283691 ) ) ;
#4236 = VECTOR ( 'NONE', #3431, 1000.000000000000000 ) ;
#4237 = DIRECTION ( 'NONE',  ( 0.000000000000000000, 1.000000000000000000, 0.000000000000000000 ) ) ;
#4238 = ORIENTED_EDGE ( 'NONE', *, *, #5331, .T. ) ;
#4239 = ORIENTED_EDGE ( 'NONE', *, *, #1381, .T. ) ;
#4240 = VERTEX_POINT ( 'NONE', #2157 ) ;
#4241 = ORIENTED_EDGE ( 'NONE', *, *, #1333, .T. ) ;
#4242 = VECTOR ( 'NONE', #2509, 1000.000000000000000 ) ;
#4243 = CARTESIAN_POINT ( 'NONE',  ( 120.4199540685229977, 129.3613257594832078, 169.4033123135855021 ) ) ;
#4244 = ORIENTED_EDGE ( 'NONE', *, *, #3857, .F. ) ;
#4245 = EDGE_CURVE ( 'NONE', #3517, #8375, #2110, .T. ) ;
#4246 = DIRECTION ( 'NONE',  ( 4.685093906533291841E-16, 0.8660254037844381525, 0.5000000000000009992 ) ) ;
#4247 = DIRECTION ( 'NONE',  ( -1.277493368627790223E-15, -1.000000000000000000, 4.175048060654991924E-16 ) ) ;
#4248 = CARTESIAN_POINT ( 'NONE',  ( -5.799999999999999822, -10.04589468389949047, 0.5999999999999999778 ) ) ;
#4249 = CIRCLE ( 'NONE', #8114, 2.349999999999990763 ) ;
#4250 = ORIENTED_EDGE ( 'NONE', *, *, #3014, .T. ) ;
#4251 = ORIENTED_EDGE ( 'NONE', *, *, #7455, .F. ) ;
#4252 = LINE ( 'NONE', #7118, #3339 ) ;
#4253 = VECTOR ( 'NONE', #6707, 1000.000000000000000 ) ;
#4254 = PLANE ( 'NONE',  #645 ) ;
#4255 = DIRECTION ( 'NONE',  ( -4.685093906533305646E-16, -0.8660254037844384856, -0.5000000000000002220 ) ) ;
#4256 = ADVANCED_FACE ( 'NONE', ( #9453 ), #6604, .T. ) ;
#4257 = CARTESIAN_POINT ( 'NONE',  ( 24.40000000000000924, -13.62546635287518626, 0.5999999999999999778 ) ) ;
#4258 = CARTESIAN_POINT ( 'NONE',  ( 11.80000000000000249, 0.3464101615137740175, 0.5999999999999999778 ) ) ;
#4259 = DIRECTION ( 'NONE',  ( 0.000000000000000000, 0.000000000000000000, 1.000000000000000000 ) ) ;
#4260 = ORIENTED_EDGE ( 'NONE', *, *, #1852, .F. ) ;
#4261 = ORIENTED_EDGE ( 'NONE', *, *, #6436, .T. ) ;
#4262 = EDGE_LOOP ( 'NONE', ( #5534, #5970, #180, #1598 ) ) ;
#4263 = VECTOR ( 'NONE', #2038, 1000.000000000000000 ) ;
#4264 = VERTEX_POINT ( 'NONE', #2844 ) ;
#4265 = CARTESIAN_POINT ( 'NONE',  ( 124.3594733917878870, 115.9320102867271203, 145.4301932445419823 ) ) ;
#4266 = DIRECTION ( 'NONE',  ( -1.744174030142317572E-15, -0.8660254037844385966, 0.5000000000000002220 ) ) ;
#4267 = EDGE_CURVE ( 'NONE', #6130, #7945, #5932, .T. ) ;
#4268 = ADVANCED_FACE ( 'NONE', ( #8054 ), #779, .T. ) ;
#4269 = CARTESIAN_POINT ( 'NONE',  ( 124.5594733917879893, 177.2587965372885037, 144.8376160567393924 ) ) ;
#4270 = DIRECTION ( 'NONE',  ( -1.332169591021886064E-15, 0.000000000000000000, 1.000000000000000000 ) ) ;
#4271 = CARTESIAN_POINT ( 'NONE',  ( 121.5594733917879893, 173.4585906126184796, 136.0001160632313884 ) ) ;
#4272 = VERTEX_POINT ( 'NONE', #7 ) ;
#4274 = EDGE_CURVE ( 'NONE', #5338, #593, #2206, .T. ) ;
#4273 = CARTESIAN_POINT ( 'NONE',  ( 124.3594733917878870, 121.5320102867271288, 144.9683130291902842 ) ) ;
#4275 = ORIENTED_EDGE ( 'NONE', *, *, #206, .T. ) ;
#4276 = DIRECTION ( 'NONE',  ( 0.000000000000000000, 0.000000000000000000, 1.000000000000000000 ) ) ;
#4277 = LINE ( 'NONE', #7242, #2988 ) ;
#4278 = ADVANCED_FACE ( 'NONE', ( #7960 ), #6742, .F. ) ;
#4279 = DIRECTION ( 'NONE',  ( -0.8660254037844385966, 0.5000000000000002220, 0.000000000000000000 ) ) ;
#4280 = CARTESIAN_POINT ( 'NONE',  ( 124.3594733917878870, 130.7320102867271601, 161.3650606741756519 ) ) ;
#4281 = FACE_OUTER_BOUND ( 'NONE', #6431, .T. ) ;
#4282 = VECTOR ( 'NONE', #9409, 1000.000000000000000 ) ;
#4283 = PLANE ( 'NONE',  #1968 ) ;
#4284 = LINE ( 'NONE', #542, #4 ) ;
#4285 = EDGE_LOOP ( 'NONE', ( #3436, #4618, #676, #8683 ) ) ;
#4286 = ORIENTED_EDGE ( 'NONE', *, *, #2069, .F. ) ;
#4288 = ADVANCED_FACE ( 'NONE', ( #8862 ), #4231, .T. ) ;
#4287 = VECTOR ( 'NONE', #1136, 999.9999999999998863 ) ;
#4289 = VERTEX_POINT ( 'NONE', #2793 ) ;
#4290 = DIRECTION ( 'NONE',  ( 0.000000000000000000, 0.000000000000000000, 1.000000000000000000 ) ) ;
#4291 = VERTEX_POINT ( 'NONE', #5745 ) ;
#4292 = DIRECTION ( 'NONE',  ( -0.8660254037844387076, -0.4999999999999998890, 0.000000000000000000 ) ) ;
#4293 = LINE ( 'NONE', #552, #8723 ) ;
#4294 = VERTEX_POINT ( 'NONE', #8677 ) ;
#4295 = AXIS2_PLACEMENT_3D ( 'NONE', #3966, #4012, #7739 ) ;
#4296 = DIRECTION ( 'NONE',  ( 0.6268886603724119766, 0.4600201797467760589, 0.6288020687960771404 ) ) ;
#4297 = ORIENTED_EDGE ( 'NONE', *, *, #2245, .T. ) ;
#4298 = ORIENTED_EDGE ( 'NONE', *, *, #4121, .F. ) ;
#4299 = EDGE_CURVE ( 'NONE', #8996, #7602, #2061, .T. ) ;
#4300 = AXIS2_PLACEMENT_3D ( 'NONE', #9157, #5498, #7718 ) ;
#4301 = CARTESIAN_POINT ( 'NONE',  ( 124.3594733917878727, 115.7320102867271174, 155.4760879284414727 ) ) ;
#4302 = CARTESIAN_POINT ( 'NONE',  ( 121.7594733917879921, 175.9304320314805068, 137.7001160632314054 ) ) ;
#4303 = DIRECTION ( 'NONE',  ( 4.316747070439400473E-30, 0.000000000000000000, 1.000000000000000000 ) ) ;
#4304 = CARTESIAN_POINT ( 'NONE',  ( 121.7594733917879921, 175.9304320314805068, 173.4500716728244925 ) ) ;
#4305 = DIRECTION ( 'NONE',  ( -1.332169591021886064E-15, 0.000000000000000000, 1.000000000000000000 ) ) ;
#4306 = DIRECTION ( 'NONE',  ( 0.000000000000000000, 0.000000000000000000, 1.000000000000000000 ) ) ;
#4307 = ORIENTED_EDGE ( 'NONE', *, *, #2034, .T. ) ;
#4308 = VERTEX_POINT ( 'NONE', #7243 ) ;
#4309 = AXIS2_PLACEMENT_3D ( 'NONE', #6602, #776, #2842 ) ;
#4310 = ORIENTED_EDGE ( 'NONE', *, *, #9154, .F. ) ;
#4311 = ORIENTED_EDGE ( 'NONE', *, *, #5868, .T. ) ;
#4312 = ADVANCED_FACE ( 'NONE', ( #635 ), #873, .F. ) ;
#4313 = CIRCLE ( 'NONE', #178, 1.200000000000020828 ) ;
#4314 = CARTESIAN_POINT ( 'NONE',  ( 105.8479001739020049, 173.4585906126184796, 136.0001161077304062 ) ) ;
#4315 = DIRECTION ( 'NONE',  ( 0.8660254037844387076, -0.5000000000000001110, 0.000000000000000000 ) ) ;
#4316 = LINE ( 'NONE', #8043, #5353 ) ;
#4317 = CARTESIAN_POINT ( 'NONE',  ( -6.200000000000001954, 3.117691453623979925, 0.000000000000000000 ) ) ;
#4318 = FACE_OUTER_BOUND ( 'NONE', #1938, .T. ) ;
#4319 = ORIENTED_EDGE ( 'NONE', *, *, #4563, .F. ) ;
#4320 = ORIENTED_EDGE ( 'NONE', *, *, #2417, .T. ) ;
#4321 = VECTOR ( 'NONE', #5618, 1000.000000000000000 ) ;
#4322 = EDGE_CURVE ( 'NONE', #2873, #2283, #9005, .T. ) ;
#4323 = EDGE_CURVE ( 'NONE', #6664, #8379, #8195, .T. ) ;
#4324 = CARTESIAN_POINT ( 'NONE',  ( 124.3594733917879012, 133.3320102867271260, 152.7048066363312557 ) ) ;
#4325 = DIRECTION ( 'NONE',  ( -1.744174030142316585E-15, -0.8660254037844392627, 0.4999999999999986677 ) ) ;
#4326 = ADVANCED_FACE ( 'NONE', ( #198 ), #5976, .T. ) ;
#4327 = CARTESIAN_POINT ( 'NONE',  ( 124.9594733917878813, 118.7320102867271316, 150.2799355057348407 ) ) ;
#4328 = CARTESIAN_POINT ( 'NONE',  ( 124.5594733917879893, 176.8587965372884980, 130.0501160567393981 ) ) ;
#4329 = VECTOR ( 'NONE', #4951, 1000.000000000000114 ) ;
#4330 = DIRECTION ( 'NONE',  ( -1.000000000000000000, 1.184735462541920096E-15, -2.740251226258385269E-29 ) ) ;
#4331 = VERTEX_POINT ( 'NONE', #3228 ) ;
#4332 = EDGE_LOOP ( 'NONE', ( #4992, #5195, #7017, #1474 ) ) ;
#4333 = EDGE_CURVE ( 'NONE', #1189, #447, #5347, .T. ) ;
#4334 = VECTOR ( 'NONE', #9347, 1000.000000000000000 ) ;
#4335 = EDGE_LOOP ( 'NONE', ( #6066, #7601, #4557, #6259 ) ) ;
#4336 = LINE ( 'NONE', #738, #2513 ) ;
#4337 = EDGE_LOOP ( 'NONE', ( #5515, #3780, #1423, #7522 ) ) ;
#4338 = CARTESIAN_POINT ( 'NONE',  ( 12.20000000000000462, -6.581793068761736087, 0.000000000000000000 ) ) ;
#4339 = CARTESIAN_POINT ( 'NONE',  ( 124.3594733917879154, 139.9320102867271487, 148.6633547520038974 ) ) ;
#4340 = CARTESIAN_POINT ( 'NONE',  ( 124.3594733917879012, 133.1320102867271373, 151.6655761517899350 ) ) ;
#4341 = ORIENTED_EDGE ( 'NONE', *, *, #3227, .F. ) ;
#4342 = ORIENTED_EDGE ( 'NONE', *, *, #8489, .T. ) ;
#4343 = LINE ( 'NONE', #5617, #3635 ) ;
#4344 = CARTESIAN_POINT ( 'NONE',  ( 121.9594733917879950, 175.9304320314805068, 173.4500716728244925 ) ) ;
#4345 = DIRECTION ( 'NONE',  ( -1.743504668820874792E-15, -0.5000000000000004441, 0.8660254037844384856 ) ) ;
#4346 = DIRECTION ( 'NONE',  ( 1.275664639488986613E-15, 8.326672684688515048E-17, -1.000000000000000000 ) ) ;
#4347 = PRODUCT_CONTEXT ( 'NONE', #5320, 'mechanical' ) ;
#4348 = CARTESIAN_POINT ( 'NONE',  ( 6.000000000000001776, 3.925981830489454261, 0.5999999999999999778 ) ) ;
#4349 = VECTOR ( 'NONE', #8156, 1000.000000000000000 ) ;
#4350 = ADVANCED_FACE ( 'NONE', ( #2253 ), #825, .T. ) ;
#4351 = DIRECTION ( 'NONE',  ( -1.425200009546602210E-30, -4.846606910598090519E-15, 1.000000000000000000 ) ) ;
#4352 = VERTEX_POINT ( 'NONE', #3032 ) ;
#4353 = EDGE_LOOP ( 'NONE', ( #2916, #7693 ) ) ;
#4354 = ORIENTED_EDGE ( 'NONE', *, *, #8164, .T. ) ;
#4355 = ORIENTED_EDGE ( 'NONE', *, *, #4722, .T. ) ;
#4356 = AXIS2_PLACEMENT_3D ( 'NONE', #6593, #9441, #4358 ) ;
#4357 = DIRECTION ( 'NONE',  ( -0.8660254037844387076, -0.5000000000000001110, 0.000000000000000000 ) ) ;
#4358 = DIRECTION ( 'NONE',  ( -1.000000000000000000, 1.210939508638132030E-15, -1.277902559593765872E-15 ) ) ;
#4359 = CARTESIAN_POINT ( 'NONE',  ( 96.10721879399559953, 148.9904728434489982, 180.4501160567394891 ) ) ;
#4360 = DIRECTION ( 'NONE',  ( 0.8660254037844387076, -0.5000000000000001110, 0.000000000000000000 ) ) ;
#4361 = DIRECTION ( 'NONE',  ( 1.275664639488989176E-15, 2.086352858496427908E-15, -1.000000000000000000 ) ) ;
#4362 = EDGE_CURVE ( 'NONE', #9505, #773, #8909, .T. ) ;
#4363 = VERTEX_POINT ( 'NONE', #1632 ) ;
#4364 = ORIENTED_EDGE ( 'NONE', *, *, #2885, .T. ) ;
#4365 = VECTOR ( 'NONE', #6535, 1000.000000000000000 ) ;
#4366 = ORIENTED_EDGE ( 'NONE', *, *, #3804, .T. ) ;
#4367 = AXIS2_PLACEMENT_3D ( 'NONE', #7120, #3578, #7983 ) ;
#4368 = FACE_BOUND ( 'NONE', #9143, .T. ) ;
#4369 = DIRECTION ( 'NONE',  ( -0.8660254037844385966, -0.5000000000000002220, 0.000000000000000000 ) ) ;
#4370 = CARTESIAN_POINT ( 'NONE',  ( 124.3594733917879012, 139.1320102867271089, 156.0534381976310954 ) ) ;
#4371 = DIRECTION ( 'NONE',  ( 3.350945575642590077E-15, 4.326681131221240423E-15, -1.000000000000000000 ) ) ;
#4372 = DIRECTION ( 'NONE',  ( 0.000000000000000000, -0.1260166810503295654, -0.9920281226341617353 ) ) ;
#4373 = EDGE_CURVE ( 'NONE', #8152, #2261, #4566, .T. ) ;
#4374 = LINE ( 'NONE', #8960, #6620 ) ;
#4375 = ORIENTED_EDGE ( 'NONE', *, *, #4506, .F. ) ;
#4376 = ORIENTED_EDGE ( 'NONE', *, *, #2132, .T. ) ;
#4377 = CIRCLE ( 'NONE', #3160, 1.199999999999978861 ) ;
#4378 = ORIENTED_EDGE ( 'NONE', *, *, #4859, .T. ) ;
#4379 = ORIENTED_EDGE ( 'NONE', *, *, #281, .T. ) ;
#4380 = FACE_BOUND ( 'NONE', #8981, .T. ) ;
#4381 = VERTEX_POINT ( 'NONE', #4517 ) ;
#4382 = VECTOR ( 'NONE', #8480, 1000.000000000000000 ) ;
#4383 = ADVANCED_FACE ( 'NONE', ( #294 ), #4664, .F. ) ;
#4384 = CARTESIAN_POINT ( 'NONE',  ( 5.600000000000001421, -3.233161507461903561, 0.5999999999999999778 ) ) ;
#4385 = EDGE_CURVE ( 'NONE', #5981, #4178, #4615, .T. ) ;
#4386 = FACE_OUTER_BOUND ( 'NONE', #8412, .T. ) ;
#4387 = DIRECTION ( 'NONE',  ( 1.000000000000000000, 0.000000000000000000, 0.000000000000000000 ) ) ;
#4388 = ADVANCED_FACE ( 'NONE', ( #6124 ), #6072, .T. ) ;
#4389 = ORIENTED_EDGE ( 'NONE', *, *, #3506, .F. ) ;
#4390 = VECTOR ( 'NONE', #1079, 1000.000000000000000 ) ;
#4391 = VERTEX_POINT ( 'NONE', #147 ) ;
#4392 = FACE_OUTER_BOUND ( 'NONE', #8540, .T. ) ;
#4393 = CARTESIAN_POINT ( 'NONE',  ( 134.9213598216350078, 165.3623343258620082, 180.8501160567394948 ) ) ;
#4394 = FACE_OUTER_BOUND ( 'NONE', #3826, .T. ) ;
#4395 = CYLINDRICAL_SURFACE ( 'NONE', #1611, 0.4999999999999926170 ) ;
#4396 = FACE_OUTER_BOUND ( 'NONE', #8288, .T. ) ;
#4397 = LINE ( 'NONE', #2869, #2236 ) ;
#4398 = DIRECTION ( 'NONE',  ( 4.685093906533291841E-16, 0.8660254037844380415, 0.5000000000000008882 ) ) ;
#4399 = ORIENTED_EDGE ( 'NONE', *, *, #5761, .F. ) ;
#4400 = ORIENTED_EDGE ( 'NONE', *, *, #8528, .F. ) ;
#4401 = ORIENTED_EDGE ( 'NONE', *, *, #2203, .T. ) ;
#4402 = VERTEX_POINT ( 'NONE', #3748 ) ;
#4403 = VERTEX_POINT ( 'NONE', #8243 ) ;
#4404 = VECTOR ( 'NONE', #9209, 999.9999999999998863 ) ;
#4405 = EDGE_CURVE ( 'NONE', #1810, #6053, #9055, .T. ) ;
#4406 = FACE_OUTER_BOUND ( 'NONE', #2815, .T. ) ;
#4407 = CARTESIAN_POINT ( 'NONE',  ( 124.9594733917879097, 145.7320102867271316, 159.6330098666068125 ) ) ;
#4408 = CARTESIAN_POINT ( 'NONE',  ( 103.4479001739019992, 176.6102683998645091, 180.4501160567394891 ) ) ;
#4409 = LINE ( 'NONE', #6548, #8199 ) ;
#4410 = DIRECTION ( 'NONE',  ( -0.000000000000000000, -0.000000000000000000, -1.000000000000000000 ) ) ;
#4411 = ORIENTED_EDGE ( 'NONE', *, *, #4153, .F. ) ;
#4412 = AXIS2_PLACEMENT_3D ( 'NONE', #3638, #7230, #2925 ) ;
#4413 = VERTEX_POINT ( 'NONE', #8338 ) ;
#4414 = EDGE_CURVE ( 'NONE', #9046, #4104, #966, .T. ) ;
#4415 = AXIS2_PLACEMENT_3D ( 'NONE', #7468, #6110, #5282 ) ;
#4416 = CARTESIAN_POINT ( 'NONE',  ( 124.3594733917878727, 118.3320102867271260, 150.9727558287624163 ) ) ;
#4417 = CARTESIAN_POINT ( 'NONE',  ( 109.9594733917879950, 112.6587965372630009, 176.8430092755530154 ) ) ;
#4418 = SURFACE_SIDE_STYLE ('',( #8008 ) ) ;
#4419 = LINE ( 'NONE', #2111, #1717 ) ;
#4420 = CARTESIAN_POINT ( 'NONE',  ( 6.400000000000002132, -3.233161507461903117, 0.000000000000000000 ) ) ;
#4421 = LINE ( 'NONE', #2161, #7396 ) ;
#4422 = ORIENTED_EDGE ( 'NONE', *, *, #2739, .F. ) ;
#4423 = EDGE_LOOP ( 'NONE', ( #8949, #2725 ) ) ;
#4424 = ORIENTED_EDGE ( 'NONE', *, *, #2671, .T. ) ;
#4425 = ADVANCED_FACE ( 'NONE', ( #919 ), #6025, .F. ) ;
#4426 = VECTOR ( 'NONE', #4246, 999.9999999999998863 ) ;
#4427 = CARTESIAN_POINT ( 'NONE',  ( 124.3594733917878870, 139.9320102867271487, 162.0578809972032275 ) ) ;
#4428 = ORIENTED_EDGE ( 'NONE', *, *, #5402, .F. ) ;
#4429 = FACE_OUTER_BOUND ( 'NONE', #3855, .T. ) ;
#4430 = CARTESIAN_POINT ( 'NONE',  ( 124.9594733917879381, 145.9320102867271487, 166.4457430430443878 ) ) ;
#4431 = DIRECTION ( 'NONE',  ( 9.821030737809849207E-15, 0.7071067811865531239, 0.7071067811865420216 ) ) ;
#4432 = AXIS2_PLACEMENT_3D ( 'NONE', #1851, #6302, #1897 ) ;
#4433 = ORIENTED_EDGE ( 'NONE', *, *, #2443, .T. ) ;
#4434 = ORIENTED_EDGE ( 'NONE', *, *, #6906, .F. ) ;
#4435 = ADVANCED_FACE ( 'NONE', ( #3894 ), #6852, .T. ) ;
#4436 = EDGE_CURVE ( 'NONE', #3074, #9416, #7042, .T. ) ;
#4437 = CARTESIAN_POINT ( 'NONE',  ( 124.9594733917879097, 133.3320102867271260, 145.0837830830282087 ) ) ;
#4439 = DIRECTION ( 'NONE',  ( -0.7071067811865685560, 0.7071067811865265895, -2.970713952610388172E-14 ) ) ;
#4438 = CIRCLE ( 'NONE', #1379, 3.000000000000002665 ) ;
#4440 = DIRECTION ( 'NONE',  ( 0.000000000000000000, 1.000000000000000000, 9.251858538542962756E-15 ) ) ;
#4441 = CARTESIAN_POINT ( 'NONE',  ( 124.9594733917879950, 154.1587965372885094, 134.0501160567391992 ) ) ;
#4442 = ADVANCED_FACE ( 'NONE', ( #2640 ), #9150, .T. ) ;
#4443 = CARTESIAN_POINT ( 'NONE',  ( 124.9594733917879950, 154.1587965372885094, 134.0501160567391992 ) ) ;
#4444 = CARTESIAN_POINT ( 'NONE',  ( 124.9594733917879665, 128.3320102867271260, 141.9660916294042181 ) ) ;
#4445 = CARTESIAN_POINT ( 'NONE',  ( 121.7594733917879921, 171.7585906126184909, 137.7001160632314054 ) ) ;
#4446 = ORIENTED_EDGE ( 'NONE', *, *, #1051, .F. ) ;
#4447 = VERTEX_POINT ( 'NONE', #9200 ) ;
#4448 = VERTEX_POINT ( 'NONE', #4900 ) ;
#4449 = VECTOR ( 'NONE', #686, 1000.000000000000000 ) ;
#4450 = AXIS2_PLACEMENT_3D ( 'NONE', #160, #8110, #2219 ) ;
#4451 = ORIENTED_EDGE ( 'NONE', *, *, #3734, .F. ) ;
#4452 = ADVANCED_FACE ( 'NONE', ( #1147 ), #4714, .T. ) ;
#4453 = CARTESIAN_POINT ( 'NONE',  ( 121.7594733917879921, 175.1585906126184966, 137.7001160632314054 ) ) ;
#4454 = DIRECTION ( 'NONE',  ( 0.000000000000000000, 0.000000000000000000, 1.000000000000000000 ) ) ;
#4455 = PRODUCT_DEFINITION_SHAPE ( 'NONE', 'NONE',  #9535 ) ;
#4456 = LINE ( 'NONE', #1664, #5044 ) ;
#4457 = DIRECTION ( 'NONE',  ( -5.110192566056420334E-29, 4.326681131221240423E-15, -1.000000000000000000 ) ) ;
#4458 = LINE ( 'NONE', #8280, #3168 ) ;
#4459 = AXIS2_PLACEMENT_3D ( 'NONE', #7906, #1295, #580 ) ;
#4460 = DIRECTION ( 'NONE',  ( -7.064089723666230219E-29, 4.326681131221240423E-15, -1.000000000000000000 ) ) ;
#4461 = VERTEX_POINT ( 'NONE', #1955 ) ;
#4462 = ORIENTED_EDGE ( 'NONE', *, *, #3414, .F. ) ;
#4463 = EDGE_CURVE ( 'NONE', #5388, #406, #5493, .T. ) ;
#4464 = ORIENTED_EDGE ( 'NONE', *, *, #1973, .T. ) ;
#4465 = VECTOR ( 'NONE', #2098, 1000.000000000000000 ) ;
#4466 = ORIENTED_EDGE ( 'NONE', *, *, #7734, .T. ) ;
#4467 = CARTESIAN_POINT ( 'NONE',  ( 6.000000000000000888, -17.78238829104048335, 0.5999999999999999778 ) ) ;
#4468 = LINE ( 'NONE', #3940, #7003 ) ;
#4469 = CARTESIAN_POINT ( 'NONE',  ( 12.40000000000000391, -1.418955567684714834E-15, 0.5999999999999999778 ) ) ;
#4470 = LINE ( 'NONE', #148, #2327 ) ;
#4471 = DIRECTION ( 'NONE',  ( 2.036459560809114844E-32, 4.326681131221240423E-15, -1.000000000000000000 ) ) ;
#4472 = VECTOR ( 'NONE', #2084, 1000.000000000000000 ) ;
#4473 = CARTESIAN_POINT ( 'NONE',  ( 121.1590591315069929, 177.2587965372885037, 166.4397406258715080 ) ) ;
#4474 = EDGE_CURVE ( 'NONE', #866, #167, #6953, .T. ) ;
#4475 = ORIENTED_EDGE ( 'NONE', *, *, #4969, .T. ) ;
#4476 = ORIENTED_EDGE ( 'NONE', *, *, #5158, .F. ) ;
#4477 = AXIS2_PLACEMENT_3D ( 'NONE', #5348, #1104, #3275 ) ;
#4478 = FACE_BOUND ( 'NONE', #1426, .T. ) ;
#4479 = ORIENTED_EDGE ( 'NONE', *, *, #1585, .F. ) ;
#4480 = PLANE ( 'NONE',  #3513 ) ;
#4481 = FACE_BOUND ( 'NONE', #4201, .T. ) ;
#4482 = CARTESIAN_POINT ( 'NONE',  ( 121.5594733917879893, 170.9867491937569923, 137.7001160632314054 ) ) ;
#4483 = ADVANCED_FACE ( 'NONE', ( #4078 ), #7852, .T. ) ;
#4484 = VECTOR ( 'NONE', #4652, 1000.000000000000114 ) ;
#4485 = ORIENTED_EDGE ( 'NONE', *, *, #594, .F. ) ;
#4486 = ORIENTED_EDGE ( 'NONE', *, *, #3560, .T. ) ;
#4487 = FACE_OUTER_BOUND ( 'NONE', #3176, .T. ) ;
#4488 =( NAMED_UNIT ( * ) PLANE_ANGLE_UNIT ( ) SI_UNIT ( $, .RADIAN. ) );
#4489 = LINE ( 'NONE', #7008, #5102 ) ;
#4490 = PLANE ( 'NONE',  #3763 ) ;
#4491 = CARTESIAN_POINT ( 'NONE',  ( 12.40000000000000391, -1.418955567684714834E-15, 0.000000000000000000 ) ) ;
#4492 = LINE ( 'NONE', #988, #3931 ) ;
#4493 = CARTESIAN_POINT ( 'NONE',  ( 117.4594733917879950, 149.9496176806356118, 130.0501160567391992 ) ) ;
#4494 = EDGE_CURVE ( 'NONE', #831, #5219, #7133, .T. ) ;
#4495 = ADVANCED_FACE ( 'NONE', ( #1863 ), #3989, .T. ) ;
#4496 = VERTEX_POINT ( 'NONE', #526 ) ;
#4497 = VERTEX_POINT ( 'NONE', #8384 ) ;
#4498 = VERTEX_POINT ( 'NONE', #2494 ) ;
#4499 = CIRCLE ( 'NONE', #6991, 1.699999999999993072 ) ;
#4500 = DIRECTION ( 'NONE',  ( 0.000000000000000000, 0.000000000000000000, 1.000000000000000000 ) ) ;
#4501 = DIRECTION ( 'NONE',  ( -1.000000000000000000, 1.210939508638132030E-15, -1.277902559593765872E-15 ) ) ;
#4502 = CARTESIAN_POINT ( 'NONE',  ( 12.40000000000000391, -7.621023553303063025, 0.000000000000000000 ) ) ;
#4503 = FILL_AREA_STYLE_COLOUR ( '', #2957 ) ;
#4504 = CARTESIAN_POINT ( 'NONE',  ( 124.9594733917879097, 127.3320102867271402, 142.3125017909179917 ) ) ;
#4505 = LINE ( 'NONE', #3218, #301 ) ;
#4506 = EDGE_CURVE ( 'NONE', #3404, #7477, #3454, .T. ) ;
#4507 = ORIENTED_EDGE ( 'NONE', *, *, #4166, .F. ) ;
#4508 = EDGE_CURVE ( 'NONE', #736, #9227, #2544, .T. ) ;
#4509 = VERTEX_POINT ( 'NONE', #2589 ) ;
#4510 = APPLICATION_CONTEXT ( 'automotive_design' ) ;
#4511 = ORIENTED_EDGE ( 'NONE', *, *, #507, .T. ) ;
#4512 = AXIS2_PLACEMENT_3D ( 'NONE', #4768, #1112, #4087 ) ;
#4513 = EDGE_CURVE ( 'NONE', #8874, #980, #6360, .T. ) ;
#4514 = ORIENTED_EDGE ( 'NONE', *, *, #4969, .F. ) ;
#4515 = DIRECTION ( 'NONE',  ( 0.7071067811865631159, 2.001607228685950514E-14, -0.7071067811865320296 ) ) ;
#4516 = DIRECTION ( 'NONE',  ( -1.332169591021886064E-15, 0.000000000000000000, 1.000000000000000000 ) ) ;
#4517 = CARTESIAN_POINT ( 'NONE',  ( 18.00000000000000711, -3.925981830489457813, 0.5999999999999999778 ) ) ;
#4518 = DIRECTION ( 'NONE',  ( 0.5000000000000001110, -0.8660254037844385966, 0.000000000000000000 ) ) ;
#4519 = LINE ( 'NONE', #4716, #1764 ) ;
#4520 = AXIS2_PLACEMENT_3D ( 'NONE', #384, #2542, #5583 ) ;
#4521 = LINE ( 'NONE', #7531, #8924 ) ;
#4522 = ORIENTED_EDGE ( 'NONE', *, *, #1605, .T. ) ;
#4523 = ORIENTED_EDGE ( 'NONE', *, *, #4200, .F. ) ;
#4524 = ORIENTED_EDGE ( 'NONE', *, *, #4537, .F. ) ;
#4525 = VECTOR ( 'NONE', #2658, 1000.000000000000114 ) ;
#4526 = DIRECTION ( 'NONE',  ( 0.000000000000000000, 2.312964634635729960E-14, -1.000000000000000000 ) ) ;
#4527 = EDGE_CURVE ( 'NONE', #5338, #3234, #1909, .T. ) ;
#4528 = ORIENTED_EDGE ( 'NONE', *, *, #8787, .F. ) ;
#4529 = DIRECTION ( 'NONE',  ( 4.316747070439680032E-30, 0.000000000000000000, 1.000000000000000000 ) ) ;
#4530 = CARTESIAN_POINT ( 'NONE',  ( 117.8100015415119941, 176.5587931559685160, 180.8501160567394948 ) ) ;
#4531 = CIRCLE ( 'NONE', #6865, 3.000000000000002665 ) ;
#4532 = PLANE ( 'NONE',  #5996 ) ;
#4533 = ORIENTED_EDGE ( 'NONE', *, *, #5718, .F. ) ;
#4534 = ORIENTED_EDGE ( 'NONE', *, *, #1358, .F. ) ;
#4535 = AXIS2_PLACEMENT_3D ( 'NONE', #7854, #4952, #1246 ) ;
#4536 = CARTESIAN_POINT ( 'NONE',  ( 103.8479001739019907, 154.7979358642050158, 146.4896251811481989 ) ) ;
#4537 = EDGE_CURVE ( 'NONE', #8379, #6762, #7807, .T. ) ;
#4538 = CARTESIAN_POINT ( 'NONE',  ( 104.6479001739019878, 176.8587965372884980, 130.0501160567393981 ) ) ;
#4539 = LINE ( 'NONE', #4044, #9262 ) ;
#4540 = CARTESIAN_POINT ( 'NONE',  ( 100.2445521503069870, 124.9496176806351997, 130.0501160567390002 ) ) ;
#4541 = DIRECTION ( 'NONE',  ( -1.000000000000000000, 1.165921621825708051E-15, -1.481062580737703994E-16 ) ) ;
#4542 = DIRECTION ( 'NONE',  ( 1.332169591021890008E-15, 3.379091138490570313E-15, -1.000000000000000000 ) ) ;
#4543 = CARTESIAN_POINT ( 'NONE',  ( 103.4479001739019992, 173.4585906126179680, 175.1500717173234989 ) ) ;
#4544 = ORIENTED_EDGE ( 'NONE', *, *, #3572, .T. ) ;
#4545 = AXIS2_PLACEMENT_3D ( 'NONE', #2579, #9238, #5573 ) ;
#4546 = ORIENTED_EDGE ( 'NONE', *, *, #7964, .T. ) ;
#4547 = EDGE_CURVE ( 'NONE', #8917, #3933, #4034, .T. ) ;
#4548 = ORIENTED_EDGE ( 'NONE', *, *, #1973, .F. ) ;
#4549 = EDGE_CURVE ( 'NONE', #240, #2659, #385, .T. ) ;
#4550 = CARTESIAN_POINT ( 'NONE',  ( 97.10416572089670240, 112.3052431466699943, 130.1965626661458089 ) ) ;
#4551 = DIRECTION ( 'NONE',  ( -1.000000000000000000, 1.210939508638132030E-15, -1.277902559593765872E-15 ) ) ;
#4552 = LINE ( 'NONE', #7515, #3493 ) ;
#4553 = LINE ( 'NONE', #6207, #6197 ) ;
#4554 = DIRECTION ( 'NONE',  ( 4.685093906533310576E-16, 0.8660254037844385966, 0.4999999999999999445 ) ) ;
#4555 = CARTESIAN_POINT ( 'NONE',  ( 124.3594733917878727, 115.3320102867271260, 156.1689082514690483 ) ) ;
#4556 = VERTEX_POINT ( 'NONE', #5636 ) ;
#4557 = ORIENTED_EDGE ( 'NONE', *, *, #2232, .T. ) ;
#4558 = EDGE_LOOP ( 'NONE', ( #1668, #1883, #1974, #1364 ) ) ;
#4559 = VECTOR ( 'NONE', #8533, 1000.000000000000000 ) ;
#4560 = ORIENTED_EDGE ( 'NONE', *, *, #2443, .F. ) ;
#4561 = EDGE_CURVE ( 'NONE', #6317, #2655, #8567, .T. ) ;
#4562 = ORIENTED_EDGE ( 'NONE', *, *, #8831, .F. ) ;
#4563 = EDGE_CURVE ( 'NONE', #4956, #773, #5812, .T. ) ;
#4564 = DIRECTION ( 'NONE',  ( 1.000000000000000000, -1.210939508638132030E-15, 1.277902559593765872E-15 ) ) ;
#4565 = CARTESIAN_POINT ( 'NONE',  ( 121.7594733917879921, 175.1585906126184966, 137.7001160632314054 ) ) ;
#4566 = LINE ( 'NONE', #4469, #7358 ) ;
#4567 = PLANE ( 'NONE',  #9424 ) ;
#4568 = PLANE ( 'NONE',  #1916 ) ;
#4569 = VECTOR ( 'NONE', #2685, 1000.000000000000114 ) ;
#4570 = EDGE_CURVE ( 'NONE', #4294, #6053, #5870, .T. ) ;
#4571 = VERTEX_POINT ( 'NONE', #8087 ) ;
#4572 = FACE_BOUND ( 'NONE', #5212, .T. ) ;
#4573 = ORIENTED_EDGE ( 'NONE', *, *, #8026, .F. ) ;
#4574 = VECTOR ( 'NONE', #3107, 1000.000000000000114 ) ;
#4575 = ADVANCED_FACE ( 'NONE', ( #8617, #621, #1481, #6406 ), #7997, .T. ) ;
#4576 = ORIENTED_EDGE ( 'NONE', *, *, #4463, .F. ) ;
#4577 = CARTESIAN_POINT ( 'NONE',  ( 124.9594733917878955, 133.1320102867271373, 153.0512167978450577 ) ) ;
#4578 = CARTESIAN_POINT ( 'NONE',  ( 117.4594733917879950, 119.9496176806359955, 167.0501160567430077 ) ) ;
#4579 = VERTEX_POINT ( 'NONE', #6594 ) ;
#4580 = LINE ( 'NONE', #7540, #2592 ) ;
#4581 = CARTESIAN_POINT ( 'NONE',  ( 103.4479001739019992, 171.7585906126184909, 136.0001160632313884 ) ) ;
#4582 = CARTESIAN_POINT ( 'NONE',  ( 118.0699540685230176, 129.3613257594832078, 169.4033123135855021 ) ) ;
#4583 = EDGE_CURVE ( 'NONE', #2703, #282, #3546, .T. ) ;
#4584 = ORIENTED_EDGE ( 'NONE', *, *, #2456, .T. ) ;
#4585 = ORIENTED_EDGE ( 'NONE', *, *, #7564, .F. ) ;
#4586 = EDGE_LOOP ( 'NONE', ( #1263, #8735, #3120, #3450 ) ) ;
#4587 = CARTESIAN_POINT ( 'NONE',  ( 121.9594733917879950, 175.1585906126189798, 134.3001160632313997 ) ) ;
#4588 = PLANE ( 'NONE',  #4784 ) ;
#4589 = DIRECTION ( 'NONE',  ( -1.184735462541920096E-15, -1.000000000000000000, -3.379091138490570313E-15 ) ) ;
#4590 = CARTESIAN_POINT ( 'NONE',  ( 11.59999999999999964, -13.62546635287517027, 0.000000000000000000 ) ) ;
#4591 = DIRECTION ( 'NONE',  ( -4.685093906533308604E-16, -0.8660254037844385966, -0.5000000000000000000 ) ) ;
#4592 = AXIS2_PLACEMENT_3D ( 'NONE', #280, #817, #3738 ) ;
#4593 = DIRECTION ( 'NONE',  ( 1.000000000000000000, -1.210939508638132030E-15, 1.277902559593765872E-15 ) ) ;
#4594 = ORIENTED_EDGE ( 'NONE', *, *, #8969, .F. ) ;
#4595 = ADVANCED_FACE ( 'NONE', ( #6502 ), #7325, .F. ) ;
#4596 = EDGE_LOOP ( 'NONE', ( #213, #4904, #8205, #7299 ) ) ;
#4597 = ORIENTED_EDGE ( 'NONE', *, *, #6183, .T. ) ;
#4598 = AXIS2_PLACEMENT_3D ( 'NONE', #2569, #6876, #5562 ) ;
#4599 = PLANE ( 'NONE',  #1097 ) ;
#4600 = DIRECTION ( 'NONE',  ( -1.184735462541920096E-15, -1.000000000000000000, -3.379091138490570313E-15 ) ) ;
#4601 = DIRECTION ( 'NONE',  ( 4.685093906533291841E-16, 0.8660254037844381525, 0.5000000000000009992 ) ) ;
#4602 = CARTESIAN_POINT ( 'NONE',  ( 103.8479001739019907, 175.4587965372880092, 168.8506931385974781 ) ) ;
#4603 = CARTESIAN_POINT ( 'NONE',  ( 5.600000000000005862, -16.62768775266123100, 0.5999999999999999778 ) ) ;
#4604 = CARTESIAN_POINT ( 'NONE',  ( 115.9594733917879807, 124.9496176806354839, 130.0501160567390002 ) ) ;
#4605 = EDGE_LOOP ( 'NONE', ( #5389, #5023, #1628, #1578 ) ) ;
#4606 = ORIENTED_EDGE ( 'NONE', *, *, #1661, .T. ) ;
#4607 = VECTOR ( 'NONE', #2462, 1000.000000000000000 ) ;
#4608 = ADVANCED_FACE ( 'NONE', ( #9443 ), #2100, .T. ) ;
#4609 = VERTEX_POINT ( 'NONE', #4408 ) ;
#4610 = ORIENTED_EDGE ( 'NONE', *, *, #7785, .T. ) ;
#4611 = ORIENTED_EDGE ( 'NONE', *, *, #6381, .T. ) ;
#4612 = VECTOR ( 'NONE', #4724, 1000.000000000000000 ) ;
#4613 = FACE_OUTER_BOUND ( 'NONE', #597, .T. ) ;
#4614 = FACE_OUTER_BOUND ( 'NONE', #4423, .T. ) ;
#4615 = LINE ( 'NONE', #7433, #6905 ) ;
#4616 = CARTESIAN_POINT ( 'NONE',  ( 18.19999999999999929, -10.73871500692704828, 0.5999999999999999778 ) ) ;
#4617 = DIRECTION ( 'NONE',  ( -4.188672397377850455E-16, -0.7071067811865490160, 0.7071067811865461294 ) ) ;
#4618 = ORIENTED_EDGE ( 'NONE', *, *, #7239, .T. ) ;
#4619 = CARTESIAN_POINT ( 'NONE',  ( 17.20000000000000639, 3.464101615137754386, 0.5999999999999999778 ) ) ;
#4620 = EDGE_CURVE ( 'NONE', #7685, #4931, #2196, .T. ) ;
#4622 = EDGE_CURVE ( 'NONE', #1635, #2070, #4221, .T. ) ;
#4621 = VERTEX_POINT ( 'NONE', #1290 ) ;
#4623 = AXIS2_PLACEMENT_3D ( 'NONE', #8847, #619, #2194 ) ;
#4624 = ORIENTED_EDGE ( 'NONE', *, *, #5718, .T. ) ;
#4625 = EDGE_CURVE ( 'NONE', #3656, #80, #2783, .T. ) ;
#4626 = ORIENTED_EDGE ( 'NONE', *, *, #1264, .F. ) ;
#4627 = LINE ( 'NONE', #3997, #7403 ) ;
#4628 = DIRECTION ( 'NONE',  ( -0.7071067811865230368, 0.7071067811865721087, 5.152882179496960585E-15 ) ) ;
#4629 = VECTOR ( 'NONE', #4564, 1000.000000000000000 ) ;
#4630 = CARTESIAN_POINT ( 'NONE',  ( 97.10416572089670240, 112.6587965372632141, 130.5501160567390002 ) ) ;
#4631 = DIRECTION ( 'NONE',  ( 1.723050136371060368E-14, -1.000000000000000000, -6.368338018267951773E-15 ) ) ;
#4632 = CARTESIAN_POINT ( 'NONE',  ( 124.3594733917879012, 145.9320102867271487, 159.0556595974171898 ) ) ;
#4633 = ADVANCED_FACE ( 'NONE', ( #4656 ), #4999, .F. ) ;
#4634 = ORIENTED_EDGE ( 'NONE', *, *, #7238, .T. ) ;
#4635 = VECTOR ( 'NONE', #7558, 1000.000000000000227 ) ;
#4636 = ORIENTED_EDGE ( 'NONE', *, *, #8819, .F. ) ;
#4637 = DIRECTION ( 'NONE',  ( 0.8660254037844383745, 0.5000000000000003331, 0.000000000000000000 ) ) ;
#4638 = LINE ( 'NONE', #1967, #4069 ) ;
#4639 = CARTESIAN_POINT ( 'NONE',  ( -0.2000000000000027867, -7.274613391789286787, 0.000000000000000000 ) ) ;
#4640 = DIRECTION ( 'NONE',  ( 6.003012422621810107E-30, 1.423326477088940004E-15, 1.000000000000000000 ) ) ;
#4641 = VECTOR ( 'NONE', #8534, 1000.000000000000114 ) ;
#4642 = DIRECTION ( 'NONE',  ( 0.7081834409401588371, 2.215750064237174809E-15, -0.7060284795800778612 ) ) ;
#4643 = ORIENTED_EDGE ( 'NONE', *, *, #1830, .T. ) ;
#4644 = ORIENTED_EDGE ( 'NONE', *, *, #1752, .T. ) ;
#4645 = ORIENTED_EDGE ( 'NONE', *, *, #7173, .T. ) ;
#4646 = VECTOR ( 'NONE', #5685, 1000.000000000000000 ) ;
#4647 = CARTESIAN_POINT ( 'NONE',  ( -0.4000000000000027978, -6.235382907247960738, 0.5999999999999999778 ) ) ;
#4648 = CARTESIAN_POINT ( 'NONE',  ( 18.40000000000001634, 0.000000000000000000, 0.5999999999999999778 ) ) ;
#4649 = CARTESIAN_POINT ( 'NONE',  ( 109.9594733917879950, 70.15879653723750664, 134.0501160567390002 ) ) ;
#4650 = EDGE_CURVE ( 'NONE', #4705, #4447, #5508, .T. ) ;
#4651 = LINE ( 'NONE', #3735, #6589 ) ;
#4652 = DIRECTION ( 'NONE',  ( 0.8660254037844381525, -0.5000000000000008882, 0.000000000000000000 ) ) ;
#4653 = DIRECTION ( 'NONE',  ( 0.8660254037844387076, 0.4999999999999999445, 0.000000000000000000 ) ) ;
#4654 = DIRECTION ( 'NONE',  ( -1.000000000000000000, 0.000000000000000000, 5.418193534350200047E-30 ) ) ;
#4655 = ORIENTED_EDGE ( 'NONE', *, *, #4189, .T. ) ;
#4656 = FACE_OUTER_BOUND ( 'NONE', #5750, .T. ) ;
#4657 = ORIENTED_EDGE ( 'NONE', *, *, #7742, .F. ) ;
#4658 = EDGE_LOOP ( 'NONE', ( #4433, #6541, #1283, #4548 ) ) ;
#4659 = ORIENTED_EDGE ( 'NONE', *, *, #1866, .F. ) ;
#4660 = ORIENTED_EDGE ( 'NONE', *, *, #9495, .T. ) ;
#4661 = LINE ( 'NONE', #8241, #6182 ) ;
#4662 = CARTESIAN_POINT ( 'NONE',  ( 124.3594733917878870, 121.3320102867271117, 145.0837830830282087 ) ) ;
#4663 = ADVANCED_FACE ( 'NONE', ( #5780 ), #5049, .F. ) ;
#4664 = PLANE ( 'NONE',  #1495 ) ;
#4665 = LINE ( 'NONE', #6026, #7276 ) ;
#4666 = CARTESIAN_POINT ( 'NONE',  ( 113.0910641405250061, 121.0221525309297874, 181.0501160567390002 ) ) ;
#4667 = AXIS2_PLACEMENT_3D ( 'NONE', #930, #2309, #253 ) ;
#4668 = DIRECTION ( 'NONE',  ( -0.5000000000000006661, 0.8660254037844382635, 0.000000000000000000 ) ) ;
#4669 = VERTEX_POINT ( 'NONE', #9395 ) ;
#4670 = EDGE_CURVE ( 'NONE', #7615, #6909, #5735, .T. ) ;
#4671 = ORIENTED_EDGE ( 'NONE', *, *, #4148, .F. ) ;
#4672 = VECTOR ( 'NONE', #197, 1000.000000000000000 ) ;
#4673 = DIRECTION ( 'NONE',  ( -1.000000000000000000, 0.000000000000000000, 0.000000000000000000 ) ) ;
#4674 = DIRECTION ( 'NONE',  ( 1.744174030142317966E-15, 0.8660254037844381525, -0.5000000000000007772 ) ) ;
#4675 = EDGE_CURVE ( 'NONE', #4272, #7364, #4316, .T. ) ;
#4676 = CARTESIAN_POINT ( 'NONE',  ( 103.8479001739019907, 175.4587965372880092, 142.2994946864583881 ) ) ;
#4677 = DIRECTION ( 'NONE',  ( -0.8660254037844385966, -0.5000000000000001110, 0.000000000000000000 ) ) ;
#4678 = LINE ( 'NONE', #5459, #8312 ) ;
#4679 = VECTOR ( 'NONE', #4064, 1000.000000000000000 ) ;
#4680 = CIRCLE ( 'NONE', #1280, 1.200000000000046807 ) ;
#4681 = ORIENTED_EDGE ( 'NONE', *, *, #5457, .F. ) ;
#4682 = ORIENTED_EDGE ( 'NONE', *, *, #7564, .T. ) ;
#4683 = LINE ( 'NONE', #7643, #4045 ) ;
#4684 = EDGE_CURVE ( 'NONE', #2070, #690, #1429, .T. ) ;
#4685 = ORIENTED_EDGE ( 'NONE', *, *, #4333, .F. ) ;
#4686 = EDGE_CURVE ( 'NONE', #7471, #4178, #907, .T. ) ;
#4687 = AXIS2_PLACEMENT_3D ( 'NONE', #1774, #5296, #1679 ) ;
#4688 = LINE ( 'NONE', #8314, #9206 ) ;
#4689 = CARTESIAN_POINT ( 'NONE',  ( 11.60000000000000497, -6.928203230275511437, 0.5999999999999999778 ) ) ;
#4690 = EDGE_CURVE ( 'NONE', #5134, #409, #4456, .T. ) ;
#4691 = ADVANCED_FACE ( 'NONE', ( #3686 ), #5235, .F. ) ;
#4692 = LINE ( 'NONE', #5612, #1222 ) ;
#4693 = ORIENTED_EDGE ( 'NONE', *, *, #1296, .T. ) ;
#4694 = ORIENTED_EDGE ( 'NONE', *, *, #289, .F. ) ;
#4695 = VECTOR ( 'NONE', #7044, 999.9999999999998863 ) ;
#4696 = EDGE_LOOP ( 'NONE', ( #712, #6435, #7947, #2436 ) ) ;
#4697 = LINE ( 'NONE', #2574, #105 ) ;
#4698 = CARTESIAN_POINT ( 'NONE',  ( 124.3594733917878727, 115.7320102867271174, 155.4760879284414727 ) ) ;
#4699 = CARTESIAN_POINT ( 'NONE',  ( 124.9594733917879097, 127.1320102867271373, 141.9660916294042465 ) ) ;
#4700 = CARTESIAN_POINT ( 'NONE',  ( 124.3594733917879154, 139.1320102867271373, 145.4301932445419823 ) ) ;
#4701 = DIRECTION ( 'NONE',  ( 0.000000000000000000, 0.000000000000000000, 1.000000000000000000 ) ) ;
#4702 = CARTESIAN_POINT ( 'NONE',  ( 124.9594733917879097, 124.3320102867271260, 140.5804509833491238 ) ) ;
#4703 = CIRCLE ( 'NONE', #867, 3.000000000000002665 ) ;
#4704 = CARTESIAN_POINT ( 'NONE',  ( 0.3999999999999999667, -0.2309401076758503812, 0.000000000000000000 ) ) ;
#4705 = VERTEX_POINT ( 'NONE', #6839 ) ;
#4706 = ORIENTED_EDGE ( 'NONE', *, *, #3475, .F. ) ;
#4707 = ORIENTED_EDGE ( 'NONE', *, *, #8819, .T. ) ;
#4709 = VERTEX_POINT ( 'NONE', #3070 ) ;
#4708 = ADVANCED_FACE ( 'NONE', ( #134 ), #2433, .T. ) ;
#4710 = VECTOR ( 'NONE', #933, 1000.000000000000000 ) ;
#4711 = ORIENTED_EDGE ( 'NONE', *, *, #9414, .T. ) ;
#4712 = DIRECTION ( 'NONE',  ( -1.000000000000000000, 9.029047556035839750E-16, -1.570000712152659950E-15 ) ) ;
#4713 = CARTESIAN_POINT ( 'NONE',  ( 17.60000000000000142, 2.771281292110203243, 0.5999999999999999778 ) ) ;
#4714 = PLANE ( 'NONE',  #2105 ) ;
#4715 = DIRECTION ( 'NONE',  ( 0.6271691342573126882, 0.4599367840577736066, -0.6285833530292748161 ) ) ;
#4716 = CARTESIAN_POINT ( 'NONE',  ( 6.399999999999998579, -10.39230484541326582, 0.5999999999999999778 ) ) ;
#4717 = ORIENTED_EDGE ( 'NONE', *, *, #3741, .T. ) ;
#4718 = ADVANCED_FACE ( 'NONE', ( #859 ), #233, .F. ) ;
#4719 = AXIS2_PLACEMENT_3D ( 'NONE', #7934, #8745, #1416 ) ;
#4720 = CARTESIAN_POINT ( 'NONE',  ( 124.0592155665779899, 176.0244785809184975, 180.9915374129765269 ) ) ;
#4721 = VERTEX_POINT ( 'NONE', #1617 ) ;
#4722 = EDGE_CURVE ( 'NONE', #1075, #4291, #6745, .T. ) ;
#4723 = AXIS2_PLACEMENT_3D ( 'NONE', #343, #6312, #3274 ) ;
#4724 = DIRECTION ( 'NONE',  ( 0.000000000000000000, 1.000000000000000000, 0.000000000000000000 ) ) ;
#4725 = DIRECTION ( 'NONE',  ( -0.000000000000000000, -1.000000000000000000, 0.000000000000000000 ) ) ;
#4726 = CYLINDRICAL_SURFACE ( 'NONE', #316, 0.5000000000000079936 ) ;
#4727 = DIRECTION ( 'NONE',  ( 1.000000000000000000, -1.210939508638132030E-15, 1.277902559593765872E-15 ) ) ;
#4728 = LINE ( 'NONE', #6965, #3995 ) ;
#4729 = AXIS2_PLACEMENT_3D ( 'NONE', #4491, #2371, #5953 ) ;
#4730 = EDGE_CURVE ( 'NONE', #4847, #7845, #4651, .T. ) ;
#4731 = ORIENTED_EDGE ( 'NONE', *, *, #9086, .F. ) ;
#4732 = ORIENTED_EDGE ( 'NONE', *, *, #3560, .F. ) ;
#4733 = CARTESIAN_POINT ( 'NONE',  ( 105.8479001739020049, 172.6583829936064944, 146.4896251811483978 ) ) ;
#4734 = EDGE_LOOP ( 'NONE', ( #7798, #3368, #8660, #4823, #2828 ) ) ;
#4735 = CARTESIAN_POINT ( 'NONE',  ( 117.4594733917879950, 119.9496176806358108, 180.6501160567389945 ) ) ;
#4736 = CARTESIAN_POINT ( 'NONE',  ( 120.4594733917879950, 119.9496176806358108, 180.6501160567389945 ) ) ;
#4737 = CARTESIAN_POINT ( 'NONE',  ( 103.4479001739019992, 174.2587965372880205, 146.8896251811484035 ) ) ;
#4738 =( BOUNDED_CURVE ( )  B_SPLINE_CURVE ( 3, ( #2323, #897, #3820, #172 ),
 .UNSPECIFIED., .F., .F. ) 
 B_SPLINE_CURVE_WITH_KNOTS ( ( 4, 4 ),
 ( 1.570796326794895004, 2.356194490191965141 ),
 .UNSPECIFIED. ) 
 CURVE ( )  GEOMETRIC_REPRESENTATION_ITEM ( )  RATIONAL_B_SPLINE_CURVE ( ( 1.000000000000000000, 0.9492530216742399718, 0.9492530216742399718, 1.000000000000000000 ) ) 
 REPRESENTATION_ITEM ( '' )  );
#4739 = EDGE_CURVE ( 'NONE', #732, #4059, #2382, .T. ) ;
#4740 = ORIENTED_EDGE ( 'NONE', *, *, #30, .T. ) ;
#4741 = EDGE_CURVE ( 'NONE', #1517, #5218, #8229, .T. ) ;
#4742 = EDGE_LOOP ( 'NONE', ( #9082, #9289, #6475, #5565 ) ) ;
#4743 = ADVANCED_FACE ( 'NONE', ( #6060 ), #7610, .T. ) ;
#4745 = DIRECTION ( 'NONE',  ( 1.000000000000000000, -1.184735462541916151E-15, 0.000000000000000000 ) ) ;
#4744 = VECTOR ( 'NONE', #4186, 1000.000000000000000 ) ;
#4746 = DIRECTION ( 'NONE',  ( 0.8660254037844384856, -0.5000000000000002220, 0.000000000000000000 ) ) ;
#4747 = DIRECTION ( 'NONE',  ( -0.000000000000000000, -0.000000000000000000, -1.000000000000000000 ) ) ;
#4748 = PLANE ( 'NONE',  #6751 ) ;
#4749 = CARTESIAN_POINT ( 'NONE',  ( 124.3594733917879154, 139.9320102867271487, 141.7351515217283975 ) ) ;
#4750 = DIRECTION ( 'NONE',  ( 0.000000000000000000, 1.000000000000000000, 9.251858538542962756E-15 ) ) ;
#4751 = VERTEX_POINT ( 'NONE', #7423 ) ;
#4752 = ORIENTED_EDGE ( 'NONE', *, *, #2917, .T. ) ;
#4753 = EDGE_CURVE ( 'NONE', #8609, #5145, #4552, .T. ) ;
#4754 = AXIS2_PLACEMENT_3D ( 'NONE', #565, #5725, #7892 ) ;
#4755 = ORIENTED_EDGE ( 'NONE', *, *, #5175, .T. ) ;
#4756 = VERTEX_POINT ( 'NONE', #8278 ) ;
#4757 = CARTESIAN_POINT ( 'NONE',  ( 103.4479001739019992, 175.4587965372880092, 145.2896251811484092 ) ) ;
#4758 = CARTESIAN_POINT ( 'NONE',  ( 124.9594733917879950, 112.6587965372632141, 130.4501160567390059 ) ) ;
#4759 = DIRECTION ( 'NONE',  ( -0.8660254037844385966, 0.5000000000000002220, 0.000000000000000000 ) ) ;
#4760 = DIRECTION ( 'NONE',  ( 1.000000000000000000, -1.184735462541926012E-15, 1.332169591021886064E-15 ) ) ;
#4761 = CARTESIAN_POINT ( 'NONE',  ( 124.9594733917879097, 139.1320102867271089, 155.8224980899552747 ) ) ;
#4763 = EDGE_CURVE ( 'NONE', #4882, #4215, #6691, .T. ) ;
#4762 = VECTOR ( 'NONE', #5896, 999.9999999999998863 ) ;
#4764 = PLANE ( 'NONE',  #8470 ) ;
#4765 = VERTEX_POINT ( 'NONE', #5381 ) ;
#4766 = VECTOR ( 'NONE', #3703, 1000.000000000000000 ) ;
#4767 = LINE ( 'NONE', #1064, #9403 ) ;
#4768 = CARTESIAN_POINT ( 'NONE',  ( 124.9594733917878955, 145.1320102867271089, 166.2148029353685388 ) ) ;
#4769 = CARTESIAN_POINT ( 'NONE',  ( 124.3594733917878870, 139.3320102867271544, 163.0971114817445482 ) ) ;
#4770 = FACE_OUTER_BOUND ( 'NONE', #1701, .T. ) ;
#4771 = EDGE_CURVE ( 'NONE', #1425, #1189, #2973, .T. ) ;
#4772 = DIRECTION ( 'NONE',  ( 0.8660254037844381525, -0.5000000000000008882, 0.000000000000000000 ) ) ;
#4773 = LINE ( 'NONE', #4001, #4867 ) ;
#4774 = VECTOR ( 'NONE', #3189, 999.9999999999998863 ) ;
#4775 = PLANE ( 'NONE',  #461 ) ;
#4776 = ORIENTED_EDGE ( 'NONE', *, *, #1830, .F. ) ;
#4777 = EDGE_LOOP ( 'NONE', ( #2689, #852, #1225, #7293 ) ) ;
#4778 = CIRCLE ( 'NONE', #8483, 5.150000000000683364 ) ;
#4779 = DIRECTION ( 'NONE',  ( 1.723050136371060053E-14, -1.000000000000000000, -6.368338018267950984E-15 ) ) ;
#4780 = EDGE_CURVE ( 'NONE', #8927, #626, #8136, .T. ) ;
#4781 = CARTESIAN_POINT ( 'NONE',  ( 124.3594733917878727, 115.7320102867271174, 155.4760879284414727 ) ) ;
#4782 = CARTESIAN_POINT ( 'NONE',  ( 121.7594733917879921, 170.9867491937569923, 173.4500716728244925 ) ) ;
#4783 = CARTESIAN_POINT ( 'NONE',  ( 117.4594733917879950, 149.9496176806353844, 167.0501160567390002 ) ) ;
#4784 = AXIS2_PLACEMENT_3D ( 'NONE', #3105, #1653, #171 ) ;
#4785 = ORIENTED_EDGE ( 'NONE', *, *, #1154, .F. ) ;
#4786 = EDGE_LOOP ( 'NONE', ( #2150, #8549, #1453, #8611 ) ) ;
#4787 = VECTOR ( 'NONE', #199, 1000.000000000000000 ) ;
#4788 = CARTESIAN_POINT ( 'NONE',  ( 121.9594733917879950, 170.9867491937569923, 176.8500716728244981 ) ) ;
#4789 = CARTESIAN_POINT ( 'NONE',  ( 124.9594733917878955, 127.1320102867271373, 148.6633547520038974 ) ) ;
#4790 = DIRECTION ( 'NONE',  ( -1.210939508638132030E-15, -1.000000000000000000, 2.775557561562899979E-17 ) ) ;
#4791 = EDGE_CURVE ( 'NONE', #2390, #284, #6012, .T. ) ;
#4792 = ADVANCED_FACE ( 'NONE', ( #2336 ), #3963, .F. ) ;
#4793 = FACE_OUTER_BOUND ( 'NONE', #5133, .T. ) ;
#4794 =( BOUNDED_CURVE ( )  B_SPLINE_CURVE ( 3, ( #7784, #1840, #268, #4881 ),
 .UNSPECIFIED., .F., .F. ) 
 B_SPLINE_CURVE_WITH_KNOTS ( ( 4, 4 ),
 ( 2.083855632084300247, 2.162181658042864996 ),
 .UNSPECIFIED. ) 
 CURVE ( )  GEOMETRIC_REPRESENTATION_ITEM ( )  RATIONAL_B_SPLINE_CURVE ( ( 1.000000000000000000, 0.9994888181448779996, 0.9994888181448779996, 1.000000000000000000 ) ) 
 REPRESENTATION_ITEM ( '' )  );
#4795 = CARTESIAN_POINT ( 'NONE',  ( 121.5594733917879893, 173.4585906126184796, 134.3001160632323945 ) ) ;
#4796 = ORIENTED_EDGE ( 'NONE', *, *, #8588, .T. ) ;
#4797 = ORIENTED_EDGE ( 'NONE', *, *, #4620, .F. ) ;
#4798 = ORIENTED_EDGE ( 'NONE', *, *, #1067, .F. ) ;
#4799 = AXIS2_PLACEMENT_3D ( 'NONE', #2146, #9489, #8184 ) ;
#4800 = ORIENTED_EDGE ( 'NONE', *, *, #605, .T. ) ;
#4801 = ORIENTED_EDGE ( 'NONE', *, *, #3901, .T. ) ;
#4802 = CARTESIAN_POINT ( 'NONE',  ( 109.9594733917879950, 112.6587965372630009, 176.8430092755530154 ) ) ;
#4803 = PLANE ( 'NONE',  #4983 ) ;
#4804 = EDGE_CURVE ( 'NONE', #2619, #5136, #8372, .T. ) ;
#4805 = ADVANCED_FACE ( 'NONE', ( #6159 ), #4748, .F. ) ;
#4806 = DIRECTION ( 'NONE',  ( -0.000000000000000000, 0.000000000000000000, -1.000000000000000000 ) ) ;
#4807 = DIRECTION ( 'NONE',  ( -0.000000000000000000, -1.000000000000000000, 0.000000000000000000 ) ) ;
#4808 = CARTESIAN_POINT ( 'NONE',  ( 109.9594733917879950, 112.6587965372632141, 130.0501160567390002 ) ) ;
#4809 = DIRECTION ( 'NONE',  ( -0.8660254037844388186, 0.4999999999999997224, 0.000000000000000000 ) ) ;
#4810 = ORIENTED_EDGE ( 'NONE', *, *, #5346, .F. ) ;
#4811 = FACE_OUTER_BOUND ( 'NONE', #8003, .T. ) ;
#4812 = DIRECTION ( 'NONE',  ( -1.000000000000000000, 1.184735462541918124E-15, 4.316747070439680032E-30 ) ) ;
#4813 = DIRECTION ( 'NONE',  ( -1.744174030142317572E-15, -0.8660254037844387076, 0.5000000000000001110 ) ) ;
#4814 = LINE ( 'NONE', #6417, #7429 ) ;
#4815 = DIRECTION ( 'NONE',  ( -1.332169591021886064E-15, 0.000000000000000000, 1.000000000000000000 ) ) ;
#4816 = VECTOR ( 'NONE', #1217, 1000.000000000000000 ) ;
#4817 = DIRECTION ( 'NONE',  ( 4.316747070439680032E-30, 7.287275863554980679E-15, -1.000000000000000000 ) ) ;
#4818 = LINE ( 'NONE', #1116, #2088 ) ;
#4819 = DIRECTION ( 'NONE',  ( -0.8660254037844385966, -0.5000000000000002220, 0.000000000000000000 ) ) ;
#4820 =( REPRESENTATION_RELATIONSHIP ('NONE','NONE', #5794, #5741 ) REPRESENTATION_RELATIONSHIP_WITH_TRANSFORMATION ( #1372 )SHAPE_REPRESENTATION_RELATIONSHIP( ) );
#4821 = VERTEX_POINT ( 'NONE', #1134 ) ;
#4822 = VECTOR ( 'NONE', #2742, 1000.000000000000000 ) ;
#4823 = ORIENTED_EDGE ( 'NONE', *, *, #8222, .F. ) ;
#4824 = ADVANCED_FACE ( 'NONE', ( #3216, #1805, #9187, #8417, #5430, #5528, #1895, #4839, #9090, #3928, #7792, #4022, #4065, #1943, #4793, #7657 ), #8465, .F. ) ;
#4825 = ORIENTED_EDGE ( 'NONE', *, *, #5162, .T. ) ;
#4826 = CARTESIAN_POINT ( 'NONE',  ( 124.3594733917878870, 130.3320102867271544, 160.6722403511481048 ) ) ;
#4827 = ORIENTED_EDGE ( 'NONE', *, *, #9253, .F. ) ;
#4828 = FACE_OUTER_BOUND ( 'NONE', #8870, .T. ) ;
#4829 = CARTESIAN_POINT ( 'NONE',  ( 124.3594733917878727, 139.3320102867271260, 176.2606976192680293 ) ) ;
#4830 = VECTOR ( 'NONE', #6501, 1000.000000000000000 ) ;
#4831 = CARTESIAN_POINT ( 'NONE',  ( 124.9594733917879097, 133.7320102867271316, 152.0119863133037370 ) ) ;
#4832 = EDGE_LOOP ( 'NONE', ( #4846, #6142, #3659, #5519 ) ) ;
#4833 = ORIENTED_EDGE ( 'NONE', *, *, #4625, .T. ) ;
#4834 = EDGE_CURVE ( 'NONE', #7222, #5714, #1848, .T. ) ;
#4835 = VECTOR ( 'NONE', #1133, 1000.000000000000000 ) ;
#4836 = DIRECTION ( 'NONE',  ( 1.744174030142317572E-15, 0.8660254037844383745, -0.5000000000000003331 ) ) ;
#4837 = CARTESIAN_POINT ( 'NONE',  ( 103.4479001739019992, 162.2587965372890153, 130.0501160567393981 ) ) ;
#4838 = DIRECTION ( 'NONE',  ( -1.000000000000000000, 2.996533125874484786E-16, -2.996533125874364977E-16 ) ) ;
#4839 = FACE_BOUND ( 'NONE', #4908, .T. ) ;
#4840 = SHAPE_REPRESENTATION_RELATIONSHIP ( 'NONE' , 'NONE' ,  #5741, #8393 ) ;
#4841 = CARTESIAN_POINT ( 'NONE',  ( 124.9594733917879239, 145.9320102867271487, 152.1274563671416331 ) ) ;
#4842 = DIRECTION ( 'NONE',  ( 1.000000000000000000, -1.232504460548322048E-29, 1.332169591021896121E-15 ) ) ;
#4843 = ORIENTED_EDGE ( 'NONE', *, *, #4563, .T. ) ;
#4844 = ORIENTED_EDGE ( 'NONE', *, *, #4267, .T. ) ;
#4845 = AXIS2_PLACEMENT_3D ( 'NONE', #5882, #781, #637 ) ;
#4846 = ORIENTED_EDGE ( 'NONE', *, *, #8332, .T. ) ;
#4847 = VERTEX_POINT ( 'NONE', #2625 ) ;
#4848 = ADVANCED_FACE ( 'NONE', ( #4888 ), #7699, .T. ) ;
#4849 = EDGE_LOOP ( 'NONE', ( #5716, #8330, #189, #641 ) ) ;
#4850 = VECTOR ( 'NONE', #422, 1000.000000000000000 ) ;
#4851 = LINE ( 'NONE', #4948, #3399 ) ;
#4852 = CARTESIAN_POINT ( 'NONE',  ( 124.3594733917879012, 133.5320102867271146, 144.9683130291902842 ) ) ;
#4853 = CARTESIAN_POINT ( 'NONE',  ( 124.3594733917878727, 118.3320102867271260, 150.9727558287624163 ) ) ;
#4854 = CARTESIAN_POINT ( 'NONE',  ( -6.400000000000002132, -3.695041722813610097, 0.5999999999999999778 ) ) ;
#4855 = CARTESIAN_POINT ( 'NONE',  ( 121.9594733917879950, 171.7585906126184909, 176.8500716728244981 ) ) ;
#4856 = CARTESIAN_POINT ( 'NONE',  ( 124.3594733917878727, 115.9320102867271203, 148.6633547520038974 ) ) ;
#4857 = EDGE_LOOP ( 'NONE', ( #7486, #6225, #8331, #335 ) ) ;
#4858 = VECTOR ( 'NONE', #6335, 1000.000000000000000 ) ;
#4859 = EDGE_CURVE ( 'NONE', #8375, #6102, #2482, .T. ) ;
#4860 = EDGE_CURVE ( 'NONE', #4403, #6920, #6888, .T. ) ;
#4861 = DIRECTION ( 'NONE',  ( 0.8660254037844384856, 0.5000000000000002220, 0.000000000000000000 ) ) ;
#4862 = CARTESIAN_POINT ( 'NONE',  ( 124.3594733917879012, 150.7320102867271316, 162.7507013202307746 ) ) ;
#4863 = EDGE_CURVE ( 'NONE', #6695, #3299, #7029, .T. ) ;
#4864 = CARTESIAN_POINT ( 'NONE',  ( 118.0699540685230176, 169.3613257594830088, 176.0501160567395118 ) ) ;
#4865 = CARTESIAN_POINT ( 'NONE',  ( 124.3594733917878870, 118.7320102867271316, 150.2799355057348407 ) ) ;
#4866 = DIRECTION ( 'NONE',  ( 7.287275863555911535E-15, 0.000000000000000000, -1.000000000000000000 ) ) ;
#4867 = VECTOR ( 'NONE', #4727, 1000.000000000000000 ) ;
#4868 = CYLINDRICAL_SURFACE ( 'NONE', #8296, 1.200000000000046807 ) ;
#4869 = DIRECTION ( 'NONE',  ( 0.000000000000000000, 2.312964634635836930E-14, 1.000000000000000000 ) ) ;
#4870 = ORIENTED_EDGE ( 'NONE', *, *, #3433, .F. ) ;
#4871 = ORIENTED_EDGE ( 'NONE', *, *, #2862, .T. ) ;
#4872 = EDGE_CURVE ( 'NONE', #9304, #8495, #5666, .T. ) ;
#4873 = AXIS2_PLACEMENT_3D ( 'NONE', #6046, #27, #5950 ) ;
#4874 = ORIENTED_EDGE ( 'NONE', *, *, #3191, .T. ) ;
#4875 = CARTESIAN_POINT ( 'NONE',  ( 115.9594733917879950, 124.9496176806353986, 130.0501160567390002 ) ) ;
#4876 = EDGE_LOOP ( 'NONE', ( #4671, #5342, #8643, #7567 ) ) ;
#4877 = CARTESIAN_POINT ( 'NONE',  ( 17.60000000000000497, -16.62768775266122745, 0.5999999999999999778 ) ) ;
#4878 = CARTESIAN_POINT ( 'NONE',  ( -2.800000000000000711, -4.849742261192861115, 0.5999999999999999778 ) ) ;
#4879 = EDGE_CURVE ( 'NONE', #3585, #7884, #6300, .T. ) ;
#4880 = VECTOR ( 'NONE', #3941, 1000.000000000000000 ) ;
#4881 = CARTESIAN_POINT ( 'NONE',  ( 119.9499808048569918, 121.6221525309288012, 180.4501160567390059 ) ) ;
#4882 = VERTEX_POINT ( 'NONE', #1044 ) ;
#4883 = ORIENTED_EDGE ( 'NONE', *, *, #8179, .T. ) ;
#4884 = VECTOR ( 'NONE', #2049, 1000.000000000000000 ) ;
#4885 = PLANE ( 'NONE',  #2249 ) ;
#4886 = LINE ( 'NONE', #6981, #9100 ) ;
#4887 = DIRECTION ( 'NONE',  ( 0.8660254037844394848, 0.4999999999999983347, 0.000000000000000000 ) ) ;
#4888 = FACE_OUTER_BOUND ( 'NONE', #3768, .T. ) ;
#4889 = LINE ( 'NONE', #9139, #711 ) ;
#4890 = EDGE_CURVE ( 'NONE', #822, #8940, #374, .T. ) ;
#4891 = CARTESIAN_POINT ( 'NONE',  ( 124.3594733917878870, 130.3320102867271544, 160.6722403511481048 ) ) ;
#4892 = ORIENTED_EDGE ( 'NONE', *, *, #5616, .T. ) ;
#4893 = ORIENTED_EDGE ( 'NONE', *, *, #2056, .F. ) ;
#4894 = EDGE_LOOP ( 'NONE', ( #6586, #9021, #9083 ) ) ;
#4895 = ORIENTED_EDGE ( 'NONE', *, *, #7931, .T. ) ;
#4896 = VECTOR ( 'NONE', #3333, 1000.000000000000000 ) ;
#4897 = CARTESIAN_POINT ( 'NONE',  ( 103.4479001739019992, 174.2587965372875090, 166.8113888862244778 ) ) ;
#4898 = CARTESIAN_POINT ( 'NONE',  ( 120.4594733917879950, 149.9496176806353844, 181.0501160567390002 ) ) ;
#4899 = DIRECTION ( 'NONE',  ( -0.8660254037844385966, 0.5000000000000002220, 0.000000000000000000 ) ) ;
#4900 = CARTESIAN_POINT ( 'NONE',  ( 18.40000000000001634, -18.01332839871633951, 0.5999999999999999778 ) ) ;
#4901 = LINE ( 'NONE', #3501, #3714 ) ;
#4902 = DIRECTION ( 'NONE',  ( 4.660113001930848649E-16, -0.5000000000000001110, -0.8660254037844387076 ) ) ;
#4903 = EDGE_CURVE ( 'NONE', #7525, #4152, #9282, .T. ) ;
#4904 = ORIENTED_EDGE ( 'NONE', *, *, #165, .F. ) ;
#4905 = AXIS2_PLACEMENT_3D ( 'NONE', #3400, #8467, #4067 ) ;
#4906 = ORIENTED_EDGE ( 'NONE', *, *, #634, .F. ) ;
#4907 = LINE ( 'NONE', #3367, #2618 ) ;
#4908 = EDGE_LOOP ( 'NONE', ( #1879, #9075, #6483, #4991 ) ) ;
#4909 = AXIS2_PLACEMENT_3D ( 'NONE', #4582, #2412, #4387 ) ;
#4910 = CARTESIAN_POINT ( 'NONE',  ( 124.3594733917878727, 121.1320102867271231, 159.5175398127688595 ) ) ;
#4911 = DIRECTION ( 'NONE',  ( -1.000000000000000000, 1.258452526781936113E-15, -1.258452526781887993E-15 ) ) ;
#4912 = DIRECTION ( 'NONE',  ( 0.8660254037844381525, -0.5000000000000008882, 0.000000000000000000 ) ) ;
#4913 = CARTESIAN_POINT ( 'NONE',  ( 124.9594733917878955, 121.7320102867271316, 145.7766034060557558 ) ) ;
#4914 = DIRECTION ( 'NONE',  ( 1.000000000000000000, -1.184735462541926012E-15, 1.332169591021886064E-15 ) ) ;
#4915 = EDGE_CURVE ( 'NONE', #1869, #5808, #6937, .T. ) ;
#4916 = CARTESIAN_POINT ( 'NONE',  ( 17.60000000000000142, 0.000000000000000000, -0.000000000000000000 ) ) ;
#4917 = EDGE_CURVE ( 'NONE', #297, #3356, #6254, .T. ) ;
#4918 = DIRECTION ( 'NONE',  ( 0.8660254037844385966, -0.5000000000000001110, 0.000000000000000000 ) ) ;
#4919 = EDGE_LOOP ( 'NONE', ( #5077, #1334, #9415, #2021 ) ) ;
#4920 = VECTOR ( 'NONE', #58, 1000.000000000000114 ) ;
#4921 = CIRCLE ( 'NONE', #5983, 0.5000000000000004441 ) ;
#4922 = ORIENTED_EDGE ( 'NONE', *, *, #8233, .T. ) ;
#4923 = ORIENTED_EDGE ( 'NONE', *, *, #9230, .F. ) ;
#4924 = PLANE ( 'NONE',  #6698 ) ;
#4925 = VERTEX_POINT ( 'NONE', #4157 ) ;
#4926 = VECTOR ( 'NONE', #6083, 1000.000000000000000 ) ;
#4927 = CARTESIAN_POINT ( 'NONE',  ( 121.5594733917879893, 175.1585906126184966, 176.8500716728244981 ) ) ;
#4928 = EDGE_CURVE ( 'NONE', #7571, #5405, #8129, .T. ) ;
#4929 = PLANE ( 'NONE',  #8865 ) ;
#4930 = LINE ( 'NONE', #2031, #7846 ) ;
#4931 = VERTEX_POINT ( 'NONE', #2820 ) ;
#4932 = AXIS2_PLACEMENT_3D ( 'NONE', #2831, #8085, #5916 ) ;
#4933 = VERTEX_POINT ( 'NONE', #5771 ) ;
#4934 = PLANE ( 'NONE',  #8872 ) ;
#4935 = FACE_OUTER_BOUND ( 'NONE', #2978, .T. ) ;
#4936 = DIRECTION ( 'NONE',  ( -1.000000000000000000, 0.000000000000000000, 0.000000000000000000 ) ) ;
#4937 = DIRECTION ( 'NONE',  ( 0.000000000000000000, 0.000000000000000000, -1.000000000000000000 ) ) ;
#4938 = CARTESIAN_POINT ( 'NONE',  ( 29.60000000000002629, 0.000000000000000000, 0.5999999999999999778 ) ) ;
#4939 = VECTOR ( 'NONE', #2183, 1000.000000000000000 ) ;
#4940 = FACE_BOUND ( 'NONE', #1542, .T. ) ;
#4941 = ORIENTED_EDGE ( 'NONE', *, *, #109, .T. ) ;
#4942 = ORIENTED_EDGE ( 'NONE', *, *, #3878, .F. ) ;
#4943 = VERTEX_POINT ( 'NONE', #8791 ) ;
#4944 = ORIENTED_EDGE ( 'NONE', *, *, #5028, .T. ) ;
#4945 = VECTOR ( 'NONE', #1583, 1000.000000000000000 ) ;
#4946 = EDGE_CURVE ( 'NONE', #8400, #4116, #705, .T. ) ;
#4947 = DIRECTION ( 'NONE',  ( 0.000000000000000000, 1.734723475976817507E-14, -1.000000000000000000 ) ) ;
#4948 = CARTESIAN_POINT ( 'NONE',  ( 103.4479001739019992, 171.0583839442620047, 138.6748076281643876 ) ) ;
#4949 = CARTESIAN_POINT ( 'NONE',  ( 0.3999999999999926392, 2.614739876170339826E-16, 0.5999999999999999778 ) ) ;
#4950 = DIRECTION ( 'NONE',  ( 1.275664639488986613E-15, 8.326672684688515048E-17, -1.000000000000000000 ) ) ;
#4951 = DIRECTION ( 'NONE',  ( 1.042516720265123727E-16, -0.7071067811865460184, -0.7071067811865489050 ) ) ;
#4952 = DIRECTION ( 'NONE',  ( 3.527886165218670329E-30, 1.181088324069320141E-14, -1.000000000000000000 ) ) ;
#4953 = AXIS2_PLACEMENT_3D ( 'NONE', #6313, #5585, #4270 ) ;
#4954 = VERTEX_POINT ( 'NONE', #8656 ) ;
#4955 = PLANE ( 'NONE',  #4459 ) ;
#4956 = VERTEX_POINT ( 'NONE', #4304 ) ;
#4957 = EDGE_CURVE ( 'NONE', #1951, #2238, #2911, .T. ) ;
#4958 = DIRECTION ( 'NONE',  ( 0.000000000000000000, -1.000000000000000000, -3.688979115837365205E-15 ) ) ;
#4959 = CARTESIAN_POINT ( 'NONE',  ( -2.226202981413853333E-16, 7.390083445627212200, 0.5999999999999999778 ) ) ;
#4960 =( NAMED_UNIT ( * ) PLANE_ANGLE_UNIT ( ) SI_UNIT ( $, .RADIAN. ) );
#4961 = CARTESIAN_POINT ( 'NONE',  ( -0.4000000000000026867, -6.235382907247960738, 0.5999999999999999778 ) ) ;
#4962 = CARTESIAN_POINT ( 'NONE',  ( 124.0592155665779899, 175.9416358684430008, 181.0501160567395118 ) ) ;
#4963 = DIRECTION ( 'NONE',  ( -1.000000000000000000, 0.000000000000000000, -0.000000000000000000 ) ) ;
#4964 = LINE ( 'NONE', #5063, #1076 ) ;
#4965 = ORIENTED_EDGE ( 'NONE', *, *, #9275, .F. ) ;
#4966 = ORIENTED_EDGE ( 'NONE', *, *, #6411, .F. ) ;
#4967 = VERTEX_POINT ( 'NONE', #658 ) ;
#4968 = ORIENTED_EDGE ( 'NONE', *, *, #1101, .F. ) ;
#4969 = EDGE_CURVE ( 'NONE', #4413, #6341, #3626, .T. ) ;
#4970 = VECTOR ( 'NONE', #7779, 1000.000000000000000 ) ;
#4971 = PLANE ( 'NONE',  #1126 ) ;
#4972 = ORIENTED_EDGE ( 'NONE', *, *, #7763, .F. ) ;
#4973 = PLANE ( 'NONE',  #7856 ) ;
#4974 = DIRECTION ( 'NONE',  ( -1.000000000000000000, 1.210939508638132030E-15, -1.277902559593765872E-15 ) ) ;
#4975 = EDGE_LOOP ( 'NONE', ( #5687, #1214, #3691, #8638, #3634 ) ) ;
#4976 = CARTESIAN_POINT ( 'NONE',  ( -0.4000000000000027423, -7.159143337951362263, 0.000000000000000000 ) ) ;
#4977 = AXIS2_PLACEMENT_3D ( 'NONE', #8017, #2217, #5163 ) ;
#4978 = ORIENTED_EDGE ( 'NONE', *, *, #340, .F. ) ;
#4979 = ORIENTED_EDGE ( 'NONE', *, *, #8115, .T. ) ;
#4980 = ADVANCED_FACE ( 'NONE', ( #9519 ), #8748, .F. ) ;
#4981 = EDGE_CURVE ( 'NONE', #6695, #1202, #9382, .T. ) ;
#4982 = DIRECTION ( 'NONE',  ( -1.000000000000000000, 0.000000000000000000, 5.418193534350209856E-30 ) ) ;
#4983 = AXIS2_PLACEMENT_3D ( 'NONE', #1243, #7759, #5140 ) ;
#4984 = DIRECTION ( 'NONE',  ( 1.001543065824772556E-15, 1.000000000000000000, 0.000000000000000000 ) ) ;
#4985 = CARTESIAN_POINT ( 'NONE',  ( 3.200000000000001954, 5.542562584220409150, 0.5999999999999999778 ) ) ;
#4986 = EDGE_CURVE ( 'NONE', #7272, #602, #2086, .T. ) ;
#4987 = CARTESIAN_POINT ( 'NONE',  ( 17.80000000000001847, -17.66691823720256238, 0.5999999999999999778 ) ) ;
#4988 = LINE ( 'NONE', #4258, #5793 ) ;
#4989 = FACE_BOUND ( 'NONE', #8786, .T. ) ;
#4990 = ORIENTED_EDGE ( 'NONE', *, *, #4474, .T. ) ;
#4991 = ORIENTED_EDGE ( 'NONE', *, *, #6032, .T. ) ;
#4992 = ORIENTED_EDGE ( 'NONE', *, *, #3039, .T. ) ;
#4993 = CONICAL_SURFACE ( 'NONE', #3301, 1.400000000000012346, 0.7853981633974574939 ) ;
#4994 = VERTEX_POINT ( 'NONE', #1371 ) ;
#4995 = AXIS2_PLACEMENT_3D ( 'NONE', #339, #2539, #3316 ) ;
#4996 = FACE_OUTER_BOUND ( 'NONE', #9492, .T. ) ;
#4997 = DIRECTION ( 'NONE',  ( -0.000000000000000000, -0.000000000000000000, -1.000000000000000000 ) ) ;
#4998 = PRODUCT_DEFINITION_SHAPE ( 'NONE', 'NONE',  #890 ) ;
#4999 = CYLINDRICAL_SURFACE ( 'NONE', #1801, 2.350000000000004974 ) ;
#5000 = CARTESIAN_POINT ( 'NONE',  ( 124.3594733917878870, 121.1320102867271231, 145.6611333522178313 ) ) ;
#5001 = DIRECTION ( 'NONE',  ( -1.332169591021886064E-15, 0.000000000000000000, 1.000000000000000000 ) ) ;
#5002 = VECTOR ( 'NONE', #2496, 1000.000000000000000 ) ;
#5003 = EDGE_LOOP ( 'NONE', ( #7954, #604, #5099, #9171 ) ) ;
#5004 = VERTEX_POINT ( 'NONE', #2185 ) ;
#5005 = EDGE_CURVE ( 'NONE', #2993, #2164, #8030, .T. ) ;
#5006 = LINE ( 'NONE', #7047, #7563 ) ;
#5007 = EDGE_LOOP ( 'NONE', ( #8118, #3188, #3839, #1407 ) ) ;
#5008 = VECTOR ( 'NONE', #4653, 1000.000000000000000 ) ;
#5009 = DIRECTION ( 'NONE',  ( 0.5000000000000003331, 0.8660254037844385966, -0.000000000000000000 ) ) ;
#5010 = CARTESIAN_POINT ( 'NONE',  ( 115.9594733917879807, 124.9496176806354129, 129.0501160567390002 ) ) ;
#5011 = DIRECTION ( 'NONE',  ( -1.000000000000000000, 1.210939508638132030E-15, -1.277902559593765872E-15 ) ) ;
#5012 = CARTESIAN_POINT ( 'NONE',  ( 124.9594733917878955, 127.9320102867271203, 156.0534381976310954 ) ) ;
#5013 = DIRECTION ( 'NONE',  ( 0.8660254037844387076, -0.4999999999999998890, 0.000000000000000000 ) ) ;
#5014 = CARTESIAN_POINT ( 'NONE',  ( 117.4594733917879950, 116.9496176806357965, 180.6501160567389945 ) ) ;
#5015 = AXIS2_PLACEMENT_3D ( 'NONE', #2471, #3386, #6291 ) ;
#5016 = CARTESIAN_POINT ( 'NONE',  ( 6.399999999999998579, -10.62324495308911665, 0.000000000000000000 ) ) ;
#5017 = EDGE_CURVE ( 'NONE', #7109, #5144, #1419, .T. ) ;
#5018 = ORIENTED_EDGE ( 'NONE', *, *, #4620, .T. ) ;
#5019 = EDGE_LOOP ( 'NONE', ( #2451, #9316, #8983, #6028 ) ) ;
#5020 = ORIENTED_EDGE ( 'NONE', *, *, #7055, .F. ) ;
#5021 = AXIS2_PLACEMENT_3D ( 'NONE', #1845, #995, #6203 ) ;
#5022 = CARTESIAN_POINT ( 'NONE',  ( 24.00000000000000000, -14.31828667590273696, 0.5999999999999999778 ) ) ;
#5023 = ORIENTED_EDGE ( 'NONE', *, *, #1005, .F. ) ;
#5024 = CARTESIAN_POINT ( 'NONE',  ( 103.8479001739019907, 174.2587965372880205, 165.6113888862245176 ) ) ;
#5025 = PLANE ( 'NONE',  #8714 ) ;
#5026 = EDGE_LOOP ( 'NONE', ( #2826, #6833, #359, #3119 ) ) ;
#5027 = DIRECTION ( 'NONE',  ( -0.8660254037844391517, 0.4999999999999991118, 0.000000000000000000 ) ) ;
#5028 = EDGE_CURVE ( 'NONE', #5405, #5957, #9477, .T. ) ;
#5029 = VECTOR ( 'NONE', #9379, 1000.000000000000000 ) ;
#5030 = VERTEX_POINT ( 'NONE', #7122 ) ;
#5031 = EDGE_LOOP ( 'NONE', ( #5701, #1927, #3549, #8497, #6590, #3541 ) ) ;
#5032 = CARTESIAN_POINT ( 'NONE',  ( 103.8479001739019907, 172.6583830282144731, 166.8113888862244778 ) ) ;
#5033 = AXIS2_PLACEMENT_3D ( 'NONE', #5059, #586, #9498 ) ;
#5034 = FACE_OUTER_BOUND ( 'NONE', #3088, .T. ) ;
#5035 = DIRECTION ( 'NONE',  ( 0.000000000000000000, -0.3826834323651122638, 0.9238795325112774126 ) ) ;
#5036 = CARTESIAN_POINT ( 'NONE',  ( 6.400000000000002132, 3.464101615137753942, 0.000000000000000000 ) ) ;
#5037 = LINE ( 'NONE', #2134, #2699 ) ;
#5038 = DIRECTION ( 'NONE',  ( -1.743504668820875581E-15, -0.5000000000000009992, 0.8660254037844381525 ) ) ;
#5039 = EDGE_CURVE ( 'NONE', #4621, #7082, #514, .T. ) ;
#5040 = VERTEX_POINT ( 'NONE', #7169 ) ;
#5041 = EDGE_CURVE ( 'NONE', #8821, #4447, #8604, .T. ) ;
#5042 = ORIENTED_EDGE ( 'NONE', *, *, #3996, .T. ) ;
#5043 = ORIENTED_EDGE ( 'NONE', *, *, #8408, .F. ) ;
#5044 = VECTOR ( 'NONE', #2242, 1000.000000000000000 ) ;
#5045 = EDGE_CURVE ( 'NONE', #4448, #4709, #1278, .T. ) ;
#5046 = ORIENTED_EDGE ( 'NONE', *, *, #1854, .F. ) ;
#5047 = DIRECTION ( 'NONE',  ( 1.459256372977292001E-14, 1.000000000000000000, 4.326681131221240423E-15 ) ) ;
#5048 = CARTESIAN_POINT ( 'NONE',  ( 124.9594733917879097, 133.1320102867271373, 145.6611333522178313 ) ) ;
#5049 = PLANE ( 'NONE',  #7670 ) ;
#5050 = CYLINDRICAL_SURFACE ( 'NONE', #1726, 3.000000000000002665 ) ;
#5051 = DIRECTION ( 'NONE',  ( -1.275664639488986613E-15, -8.326672684688515048E-17, 1.000000000000000000 ) ) ;
#5052 = ORIENTED_EDGE ( 'NONE', *, *, #2202, .F. ) ;
#5053 = VECTOR ( 'NONE', #9125, 1000.000000000000000 ) ;
#5054 = EDGE_CURVE ( 'NONE', #8689, #9215, #3488, .T. ) ;
#5055 = VERTEX_POINT ( 'NONE', #7937 ) ;
#5056 = ORIENTED_EDGE ( 'NONE', *, *, #7511, .F. ) ;
#5057 = PLANE ( 'NONE',  #168 ) ;
#5058 = LINE ( 'NONE', #1439, #2668 ) ;
#5059 = CARTESIAN_POINT ( 'NONE',  ( 124.9594733917879950, 154.1587965372885094, 134.0501160567391992 ) ) ;
#5060 = CARTESIAN_POINT ( 'NONE',  ( 121.9594733917879950, 171.7585906126184909, 176.8500716728244981 ) ) ;
#5061 = LINE ( 'NONE', #5445, #544 ) ;
#5062 = VECTOR ( 'NONE', #4306, 1000.000000000000000 ) ;
#5063 = CARTESIAN_POINT ( 'NONE',  ( 17.80000000000000426, -10.04589468389949580, 0.000000000000000000 ) ) ;
#5064 = EDGE_LOOP ( 'NONE', ( #6968, #4844, #1719, #84 ) ) ;
#5065 = VERTEX_POINT ( 'NONE', #1324 ) ;
#5066 = VECTOR ( 'NONE', #2187, 1000.000000000000000 ) ;
#5067 = VERTEX_POINT ( 'NONE', #4257 ) ;
#5068 = CARTESIAN_POINT ( 'NONE',  ( 103.4479001739019992, 172.8600104316595321, 140.7122495700773754 ) ) ;
#5069 = EDGE_CURVE ( 'NONE', #9352, #2583, #6727, .T. ) ;
#5070 = ORIENTED_EDGE ( 'NONE', *, *, #8007, .T. ) ;
#5071 = LINE ( 'NONE', #7256, #8039 ) ;
#5072 = LINE ( 'NONE', #8691, #7491 ) ;
#5073 = VERTEX_POINT ( 'NONE', #610 ) ;
#5074 = AXIS2_PLACEMENT_3D ( 'NONE', #990, #3155, #6680 ) ;
#5075 = DIRECTION ( 'NONE',  ( -0.8660254037844385966, 0.4999999999999998890, 0.000000000000000000 ) ) ;
#5076 = ORIENTED_EDGE ( 'NONE', *, *, #7006, .F. ) ;
#5077 = ORIENTED_EDGE ( 'NONE', *, *, #9465, .F. ) ;
#5078 = PRODUCT ( 'Main Body Side B - 1515-3mm Slots', 'Main Body Side B - 1515-3mm Slots', '', ( #7314 ) ) ;
#5079 = VECTOR ( 'NONE', #6956, 1000.000000000000000 ) ;
#5080 = ADVANCED_FACE ( 'NONE', ( #4396 ), #8934, .F. ) ;
#5081 = CARTESIAN_POINT ( 'NONE',  ( 18.40000000000000213, -10.39230484541327293, 0.000000000000000000 ) ) ;
#5082 = DIRECTION ( 'NONE',  ( 1.275664639488986613E-15, 8.326672684688515048E-17, -1.000000000000000000 ) ) ;
#5083 = DIRECTION ( 'NONE',  ( 1.437160500478677218E-07, 0.000000000000000000, 0.9999999999999896749 ) ) ;
#5084 = CARTESIAN_POINT ( 'NONE',  ( 124.9594733917879097, 133.7320102867271316, 152.0119863133037370 ) ) ;
#5085 = CARTESIAN_POINT ( 'NONE',  ( 114.2330715267210053, 121.0221525309297874, 181.0501160567390002 ) ) ;
#5086 = DIRECTION ( 'NONE',  ( 1.744174030142316585E-15, 0.8660254037844394848, -0.4999999999999984457 ) ) ;
#5087 = ORIENTED_EDGE ( 'NONE', *, *, #3947, .F. ) ;
#5088 = ORIENTED_EDGE ( 'NONE', *, *, #4058, .T. ) ;
#5089 = CIRCLE ( 'NONE', #3689, 1.200000000000006617 ) ;
#5090 = ORIENTED_EDGE ( 'NONE', *, *, #4095, .T. ) ;
#5091 = VERTEX_POINT ( 'NONE', #77 ) ;
#5092 = EDGE_CURVE ( 'NONE', #3960, #758, #1655, .T. ) ;
#5093 = VECTOR ( 'NONE', #4515, 999.9999999999998863 ) ;
#5094 = CARTESIAN_POINT ( 'NONE',  ( 124.9594733917879097, 133.1320102867271373, 145.4301932445419823 ) ) ;
#5095 = LINE ( 'NONE', #7183, #8987 ) ;
#5096 = DIRECTION ( 'NONE',  ( -1.000000000000000000, 1.210939508638132030E-15, -1.277902559593765872E-15 ) ) ;
#5097 = PLANE ( 'NONE',  #7738 ) ;
#5098 = LINE ( 'NONE', #8851, #2540 ) ;
#5099 = ORIENTED_EDGE ( 'NONE', *, *, #5820, .F. ) ;
#5100 = ORIENTED_EDGE ( 'NONE', *, *, #1143, .F. ) ;
#5101 = ORIENTED_EDGE ( 'NONE', *, *, #509, .T. ) ;
#5102 = VECTOR ( 'NONE', #7453, 1000.000000000000114 ) ;
#5103 = EDGE_CURVE ( 'NONE', #7989, #5439, #6677, .T. ) ;
#5104 = ADVANCED_FACE ( 'NONE', ( #5270 ), #7361, .F. ) ;
#5105 = LINE ( 'NONE', #3553, #2776 ) ;
#5106 = PLANE ( 'NONE',  #1901 ) ;
#5107 = CARTESIAN_POINT ( 'NONE',  ( 124.5594733917879893, 112.1587965372630009, 177.0501160567390002 ) ) ;
#5108 = AXIS2_PLACEMENT_3D ( 'NONE', #7829, #1360, #6429 ) ;
#5109 = DIRECTION ( 'NONE',  ( -0.8660254037844387076, 0.4999999999999998335, 0.000000000000000000 ) ) ;
#5110 = CARTESIAN_POINT ( 'NONE',  ( 124.9594733917879097, 121.5320102867271288, 138.0401097989147559 ) ) ;
#5111 = AXIS2_PLACEMENT_3D ( 'NONE', #780, #8197, #6655 ) ;
#5112 = DIRECTION ( 'NONE',  ( -0.7071067811865474617, 5.990616658972345491E-15, -0.7071067811865474617 ) ) ;
#5113 = VERTEX_POINT ( 'NONE', #5321 ) ;
#5114 = EDGE_LOOP ( 'NONE', ( #3825, #9050, #3717, #2307 ) ) ;
#5115 = VECTOR ( 'NONE', #7561, 1000.000000000000000 ) ;
#5116 = EDGE_LOOP ( 'NONE', ( #625, #5242, #9367, #7917 ) ) ;
#5117 = CARTESIAN_POINT ( 'NONE',  ( 124.3594733917879012, 121.5320102867271288, 138.0401097989147559 ) ) ;
#5118 = ORIENTED_EDGE ( 'NONE', *, *, #4245, .T. ) ;
#5119 = LINE ( 'NONE', #3047, #2747 ) ;
#5120 = DIRECTION ( 'NONE',  ( -1.000000000000000000, 1.210939508638132030E-15, -1.277902559593765872E-15 ) ) ;
#5121 = FACE_OUTER_BOUND ( 'NONE', #4605, .T. ) ;
#5122 = EDGE_CURVE ( 'NONE', #8037, #758, #754, .T. ) ;
#5123 = ORIENTED_EDGE ( 'NONE', *, *, #5837, .T. ) ;
#5124 = ORIENTED_EDGE ( 'NONE', *, *, #7195, .F. ) ;
#5125 = FACE_OUTER_BOUND ( 'NONE', #7893, .T. ) ;
#5126 = DIRECTION ( 'NONE',  ( 0.000000000000000000, 0.000000000000000000, -1.000000000000000000 ) ) ;
#5127 = CARTESIAN_POINT ( 'NONE',  ( 11.59999999999999964, -13.62546635287517027, 0.5999999999999999778 ) ) ;
#5128 = DIRECTION ( 'NONE',  ( -4.685093906533304660E-16, -0.8660254037844383745, -0.5000000000000003331 ) ) ;
#5129 = LINE ( 'NONE', #6734, #3235 ) ;
#5130 = CARTESIAN_POINT ( 'NONE',  ( 103.4479001739019992, 176.3759538248140188, 130.6501160567393924 ) ) ;
#5131 = AXIS2_PLACEMENT_3D ( 'NONE', #352, #4911, #440 ) ;
#5132 = PLANE ( 'NONE',  #914 ) ;
#5133 = EDGE_LOOP ( 'NONE', ( #5398, #2763, #7286, #1310, #2861, #3777, #1168, #1962, #6785, #3934, #8421, #6796, #3608, #6860, #2906, #1669, #6091, #6007 ) ) ;
#5134 = VERTEX_POINT ( 'NONE', #173 ) ;
#5135 = EDGE_CURVE ( 'NONE', #7945, #7569, #436, .T. ) ;
#5136 = VERTEX_POINT ( 'NONE', #898 ) ;
#5137 = ORIENTED_EDGE ( 'NONE', *, *, #8354, .T. ) ;
#5138 = VECTOR ( 'NONE', #1536, 1000.000000000000000 ) ;
#5139 = DIRECTION ( 'NONE',  ( 0.000000000000000000, -1.000000000000000000, 0.000000000000000000 ) ) ;
#5140 = DIRECTION ( 'NONE',  ( -1.459256372977292001E-14, -1.000000000000000000, 0.000000000000000000 ) ) ;
#5141 = DIRECTION ( 'NONE',  ( -1.000000000000000000, -1.181088324069313042E-14, 0.000000000000000000 ) ) ;
#5142 = CARTESIAN_POINT ( 'NONE',  ( 103.4479001739019992, 175.8587965372880149, 145.2896251811484092 ) ) ;
#5143 = CARTESIAN_POINT ( 'NONE',  ( 104.6479001739019878, 176.5587931559685160, 180.8501160567394948 ) ) ;
#5144 = VERTEX_POINT ( 'NONE', #8217 ) ;
#5145 = VERTEX_POINT ( 'NONE', #4590 ) ;
#5146 = VECTOR ( 'NONE', #2241, 1000.000000000000114 ) ;
#5147 = EDGE_CURVE ( 'NONE', #2079, #1997, #3153, .T. ) ;
#5148 = EDGE_LOOP ( 'NONE', ( #3141, #4014, #5839 ) ) ;
#5149 = VECTOR ( 'NONE', #8864, 1000.000000000000000 ) ;
#5150 = CARTESIAN_POINT ( 'NONE',  ( 11.60000000000000497, -0.2309401076758523241, 0.000000000000000000 ) ) ;
#5151 = CARTESIAN_POINT ( 'NONE',  ( 121.9594733917879950, 175.9304320314800236, 176.8500716728244981 ) ) ;
#5152 = CARTESIAN_POINT ( 'NONE',  ( 124.3594733917878727, 115.1320102867271231, 149.1252349673555671 ) ) ;
#5153 = FACE_OUTER_BOUND ( 'NONE', #3563, .T. ) ;
#5154 = CARTESIAN_POINT ( 'NONE',  ( 103.8479001739019907, 172.6583829936064944, 146.4896251811483978 ) ) ;
#5155 = DIRECTION ( 'NONE',  ( 0.000000000000000000, -1.000000000000000000, -4.873714578379230080E-15 ) ) ;
#5156 = EDGE_CURVE ( 'NONE', #7525, #7507, #5129, .T. ) ;
#5158 = EDGE_CURVE ( 'NONE', #9327, #3312, #5905, .T. ) ;
#5157 = EDGE_LOOP ( 'NONE', ( #1716, #3923, #5137, #5971 ) ) ;
#5159 = VECTOR ( 'NONE', #9202, 999.9999999999998863 ) ;
#5160 = ORIENTED_EDGE ( 'NONE', *, *, #6135, .F. ) ;
#5161 = ORIENTED_EDGE ( 'NONE', *, *, #4739, .T. ) ;
#5162 = EDGE_CURVE ( 'NONE', #961, #5994, #1606, .T. ) ;
#5163 = DIRECTION ( 'NONE',  ( -1.744174030142317374E-15, -0.8660254037844388186, 0.4999999999999996669 ) ) ;
#5164 = VERTEX_POINT ( 'NONE', #8124 ) ;
#5165 = VECTOR ( 'NONE', #5370, 1000.000000000000114 ) ;
#5166 = CARTESIAN_POINT ( 'NONE',  ( 121.9594733917879950, 170.9867491937569923, 134.3001160632323945 ) ) ;
#5167 = DIRECTION ( 'NONE',  ( 1.000000000000000000, -1.232504460548322048E-29, 1.332169591021896121E-15 ) ) ;
#5168 = CARTESIAN_POINT ( 'NONE',  ( 117.9594733917880376, 144.9496176806353844, 129.0501160567391423 ) ) ;
#5169 = EDGE_CURVE ( 'NONE', #9192, #6121, #8888, .T. ) ;
#5170 = VERTEX_POINT ( 'NONE', #5226 ) ;
#5171 = AXIS2_PLACEMENT_3D ( 'NONE', #5847, #7210, #3616 ) ;
#5172 = ORIENTED_EDGE ( 'NONE', *, *, #8508, .T. ) ;
#5173 = CARTESIAN_POINT ( 'NONE',  ( 121.9594733917879950, 173.4585906126184796, 136.0001160632323831 ) ) ;
#5175 = EDGE_CURVE ( 'NONE', #4497, #4381, #3821, .T. ) ;
#5174 = PLANE ( 'NONE',  #8571 ) ;
#5176 = DIRECTION ( 'NONE',  ( -1.000000000000000000, 1.184735462541918124E-15, 4.316747070439680032E-30 ) ) ;
#5177 = LINE ( 'NONE', #3773, #533 ) ;
#5178 = DIRECTION ( 'NONE',  ( 0.000000000000000000, -1.387778780781444413E-14, 1.000000000000000000 ) ) ;
#5179 = CARTESIAN_POINT ( 'NONE',  ( 104.6479001739019878, 152.0642195923814768, 130.0501160567391992 ) ) ;
#5180 =( GEOMETRIC_REPRESENTATION_CONTEXT ( 3 ) GLOBAL_UNCERTAINTY_ASSIGNED_CONTEXT ( ( #5658 ) ) GLOBAL_UNIT_ASSIGNED_CONTEXT ( ( #7405, #4488, #7452 ) ) REPRESENTATION_CONTEXT ( 'NONE', 'WORKASPACE' ) );
#5181 = DIRECTION ( 'NONE',  ( 1.000000000000000000, -4.087556092131263946E-16, 0.000000000000000000 ) ) ;
#5182 = ORIENTED_EDGE ( 'NONE', *, *, #2615, .T. ) ;
#5183 = ORIENTED_EDGE ( 'NONE', *, *, #1037, .F. ) ;
#5184 = EDGE_LOOP ( 'NONE', ( #5590, #9529, #4966, #5830 ) ) ;
#5185 = ORIENTED_EDGE ( 'NONE', *, *, #5676, .T. ) ;
#5186 = ORIENTED_EDGE ( 'NONE', *, *, #3617, .T. ) ;
#5187 = VECTOR ( 'NONE', #7264, 1000.000000000000114 ) ;
#5188 = LINE ( 'NONE', #5778, #5862 ) ;
#5189 = CARTESIAN_POINT ( 'NONE',  ( 117.4594733917879950, 149.9496176806353844, 181.0501160567390002 ) ) ;
#5190 = ADVANCED_FACE ( 'NONE', ( #1560 ), #6050, .T. ) ;
#5191 = DIRECTION ( 'NONE',  ( 0.000000000000000000, 1.000000000000000000, 0.000000000000000000 ) ) ;
#5192 = PLANE ( 'NONE',  #4799 ) ;
#5193 = CARTESIAN_POINT ( 'NONE',  ( 17.60000000000001563, -24.47965141364013775, 0.5999999999999999778 ) ) ;
#5194 = FACE_OUTER_BOUND ( 'NONE', #1450, .T. ) ;
#5195 = ORIENTED_EDGE ( 'NONE', *, *, #2202, .T. ) ;
#5196 =( REPRESENTATION_RELATIONSHIP ('NONE','NONE', #5794, #1479 ) REPRESENTATION_RELATIONSHIP_WITH_TRANSFORMATION ( #1325 )SHAPE_REPRESENTATION_RELATIONSHIP( ) );
#5197 = ORIENTED_EDGE ( 'NONE', *, *, #6318, .F. ) ;
#5198 = ORIENTED_EDGE ( 'NONE', *, *, #2324, .F. ) ;
#5199 = VECTOR ( 'NONE', #1991, 1000.000000000000000 ) ;
#5200 = LINE ( 'NONE', #5150, #939 ) ;
#5201 = DIRECTION ( 'NONE',  ( 1.000000000000000000, -1.184735462541918124E-15, -4.316747070439680032E-30 ) ) ;
#5202 = ADVANCED_FACE ( 'NONE', ( #3009 ), #849, .T. ) ;
#5203 = CARTESIAN_POINT ( 'NONE',  ( 124.9594733917879950, 176.4585906126184796, 175.1500716728245095 ) ) ;
#5204 = DIRECTION ( 'NONE',  ( -1.184735462541920096E-15, -1.000000000000000000, -4.326681131221240423E-15 ) ) ;
#5205 = CARTESIAN_POINT ( 'NONE',  ( 9.200000000000015277, -15.93486742963367142, 0.5999999999999999778 ) ) ;
#5206 = DIRECTION ( 'NONE',  ( -6.938893903908689003E-18, -4.873714578379230080E-15, 1.000000000000000000 ) ) ;
#5207 = VERTEX_POINT ( 'NONE', #943 ) ;
#5208 = ORIENTED_EDGE ( 'NONE', *, *, #3042, .F. ) ;
#5209 = AXIS2_PLACEMENT_3D ( 'NONE', #2265, #5214, #1827 ) ;
#5210 = FACE_BOUND ( 'NONE', #1648, .T. ) ;
#5211 = ADVANCED_FACE ( 'NONE', ( #3869 ), #410, .T. ) ;
#5212 = EDGE_LOOP ( 'NONE', ( #4923, #3594 ) ) ;
#5213 = EDGE_CURVE ( 'NONE', #1642, #1471, #7597, .T. ) ;
#5214 = DIRECTION ( 'NONE',  ( 1.277493368627790420E-15, 1.000000000000000000, -5.704182421957099503E-16 ) ) ;
#5215 = PLANE ( 'NONE',  #2401 ) ;
#5216 = LINE ( 'NONE', #4482, #1530 ) ;
#5217 = AXIS2_PLACEMENT_3D ( 'NONE', #6052, #176, #7506 ) ;
#5218 = VERTEX_POINT ( 'NONE', #3294 ) ;
#5219 = VERTEX_POINT ( 'NONE', #8452 ) ;
#5220 = CARTESIAN_POINT ( 'NONE',  ( 124.9594733917879097, 139.5320102867271146, 155.3606178746035766 ) ) ;
#5221 = EDGE_CURVE ( 'NONE', #6992, #3245, #6290, .T. ) ;
#5222 = ADVANCED_FACE ( 'NONE', ( #1838 ), #5369, .F. ) ;
#5223 = AXIS2_PLACEMENT_3D ( 'NONE', #8161, #7494, #212 ) ;
#5224 = FACE_OUTER_BOUND ( 'NONE', #663, .T. ) ;
#5225 = CARTESIAN_POINT ( 'NONE',  ( 124.9594733917878955, 133.3320102867271260, 152.0119863133037370 ) ) ;
#5226 = CARTESIAN_POINT ( 'NONE',  ( 121.9594733917879950, 175.9304320314805068, 137.7001160632314054 ) ) ;
#5227 = PLANE ( 'NONE',  #6720 ) ;
#5228 = CARTESIAN_POINT ( 'NONE',  ( 103.8479001739019907, 172.8096036135645193, 170.0411270244294712 ) ) ;
#5229 = EDGE_LOOP ( 'NONE', ( #3003, #746, #1531, #1788 ) ) ;
#5230 = ORIENTED_EDGE ( 'NONE', *, *, #1412, .F. ) ;
#5231 = VECTOR ( 'NONE', #2847, 1000.000000000000000 ) ;
#5232 = VERTEX_POINT ( 'NONE', #4100 ) ;
#5233 = FACE_OUTER_BOUND ( 'NONE', #2400, .T. ) ;
#5234 = DIRECTION ( 'NONE',  ( -1.000000000000000000, 0.000000000000000000, 0.000000000000000000 ) ) ;
#5235 = CYLINDRICAL_SURFACE ( 'NONE', #4106, 1.200000000000006617 ) ;
#5236 = CARTESIAN_POINT ( 'NONE',  ( 124.9594733917879950, 176.4585906126184796, 136.0001160632323831 ) ) ;
#5237 = CARTESIAN_POINT ( 'NONE',  ( 0.1999999999999971245, -6.581793068761736087, 0.000000000000000000 ) ) ;
#5238 = AXIS2_PLACEMENT_3D ( 'NONE', #5644, #534, #8577 ) ;
#5239 = LINE ( 'NONE', #3834, #6456 ) ;
#5240 = ORIENTED_EDGE ( 'NONE', *, *, #6436, .F. ) ;
#5241 = ORIENTED_EDGE ( 'NONE', *, *, #1154, .T. ) ;
#5242 = ORIENTED_EDGE ( 'NONE', *, *, #2264, .T. ) ;
#5243 = VERTEX_POINT ( 'NONE', #1123 ) ;
#5244 = EDGE_CURVE ( 'NONE', #9391, #9182, #4688, .T. ) ;
#5245 = AXIS2_PLACEMENT_3D ( 'NONE', #4757, #1145, #7849 ) ;
#5246 = EDGE_LOOP ( 'NONE', ( #3874, #7013, #7070, #1832 ) ) ;
#5247 = CARTESIAN_POINT ( 'NONE',  ( 121.5594733917879893, 173.4585906126184796, 175.1500716728245095 ) ) ;
#5248 = CARTESIAN_POINT ( 'NONE',  ( 124.9594733917879950, 154.1587965372885094, 134.0501160567391992 ) ) ;
#5249 = DIRECTION ( 'NONE',  ( 1.275664639488987796E-15, 1.084809792671657522E-15, -1.000000000000000000 ) ) ;
#5250 = CARTESIAN_POINT ( 'NONE',  ( -2.800000000000002931, -4.849742261192862891, 0.5999999999999999778 ) ) ;
#5251 = LINE ( 'NONE', #8386, #6088 ) ;
#5252 = VECTOR ( 'NONE', #3867, 1000.000000000000000 ) ;
#5253 = CARTESIAN_POINT ( 'NONE',  ( 104.2479001739019964, 176.6587965372889926, 130.9329587692143946 ) ) ;
#5254 = ORIENTED_EDGE ( 'NONE', *, *, #5521, .F. ) ;
#5255 = EDGE_CURVE ( 'NONE', #6357, #4498, #4010, .T. ) ;
#5256 = ORIENTED_EDGE ( 'NONE', *, *, #1661, .F. ) ;
#5257 = AXIS2_PLACEMENT_3D ( 'NONE', #8957, #3990, #2347 ) ;
#5258 = DIRECTION ( 'NONE',  ( 1.000000000000000000, -1.184735462541918124E-15, -2.740251226258260273E-29 ) ) ;
#5259 = ORIENTED_EDGE ( 'NONE', *, *, #3859, .F. ) ;
#5260 = CARTESIAN_POINT ( 'NONE',  ( 124.5594733917879893, 112.3052431466697954, 177.1965626661460078 ) ) ;
#5261 = DIRECTION ( 'NONE',  ( 0.000000000000000000, 0.000000000000000000, 1.000000000000000000 ) ) ;
#5262 = LINE ( 'NONE', #3813, #1071 ) ;
#5263 = ADVANCED_FACE ( 'NONE', ( #3204 ), #8499, .F. ) ;
#5264 = ORIENTED_EDGE ( 'NONE', *, *, #8458, .F. ) ;
#5265 = EDGE_LOOP ( 'NONE', ( #1459, #4796, #916, #5520 ) ) ;
#5266 = DIRECTION ( 'NONE',  ( -1.744174030142317572E-15, -0.8660254037844385966, 0.4999999999999999445 ) ) ;
#5267 = CARTESIAN_POINT ( 'NONE',  ( 105.8479001739020049, 175.4587965372880092, 142.2994946864583881 ) ) ;
#5268 = LINE ( 'NONE', #9025, #8191 ) ;
#5269 = CARTESIAN_POINT ( 'NONE',  ( 121.5594733917879893, 170.9867491937569923, 176.8500716728244981 ) ) ;
#5270 = FACE_OUTER_BOUND ( 'NONE', #6686, .T. ) ;
#5271 = CARTESIAN_POINT ( 'NONE',  ( 124.7594733917880063, 112.6587965372632141, 130.5501160567390002 ) ) ;
#5272 = CARTESIAN_POINT ( 'NONE',  ( 116.6197788491890037, 177.2587965372885037, 148.8276866041314008 ) ) ;
#5273 = ORIENTED_EDGE ( 'NONE', *, *, #9027, .T. ) ;
#5274 = ADVANCED_FACE ( 'NONE', ( #4828 ), #4054, .F. ) ;
#5275 = ORIENTED_EDGE ( 'NONE', *, *, #4142, .F. ) ;
#5276 = EDGE_CURVE ( 'NONE', #4821, #4931, #2422, .T. ) ;
#5277 = ORIENTED_EDGE ( 'NONE', *, *, #7195, .T. ) ;
#5278 = EDGE_CURVE ( 'NONE', #5707, #3641, #1030, .T. ) ;
#5279 = VECTOR ( 'NONE', #4637, 1000.000000000000114 ) ;
#5280 = CARTESIAN_POINT ( 'NONE',  ( 128.2219945542599930, 117.6758624752379916, 177.3875948942660159 ) ) ;
#5281 = DIRECTION ( 'NONE',  ( 1.277493368627788843E-15, 1.000000000000000000, 4.920223360600131351E-16 ) ) ;
#5282 = DIRECTION ( 'NONE',  ( 4.685093906533325367E-16, 0.8660254037844390407, 0.4999999999999991673 ) ) ;
#5283 = CARTESIAN_POINT ( 'NONE',  ( 124.9594733917879950, 173.4585906126184796, 136.0001160632323831 ) ) ;
#5284 = DIRECTION ( 'NONE',  ( -0.8660254037844385966, -0.5000000000000001110, 0.000000000000000000 ) ) ;
#5285 = DIRECTION ( 'NONE',  ( -0.000000000000000000, -0.000000000000000000, -1.000000000000000000 ) ) ;
#5286 = ORIENTED_EDGE ( 'NONE', *, *, #5914, .T. ) ;
#5287 = ORIENTED_EDGE ( 'NONE', *, *, #2319, .F. ) ;
#5288 = VERTEX_POINT ( 'NONE', #9222 ) ;
#5289 = EDGE_CURVE ( 'NONE', #5844, #3221, #2827, .T. ) ;
#5290 = VECTOR ( 'NONE', #3418, 1000.000000000000000 ) ;
#5291 = VERTEX_POINT ( 'NONE', #9175 ) ;
#5292 = DIRECTION ( 'NONE',  ( 0.000000000000000000, 2.312964634635836930E-14, 1.000000000000000000 ) ) ;
#5293 = DIRECTION ( 'NONE',  ( 2.003086131649544323E-15, -1.000000000000000000, 0.000000000000000000 ) ) ;
#5294 = DIRECTION ( 'NONE',  ( 4.660113001930832872E-16, -0.5000000000000008882, -0.8660254037844382635 ) ) ;
#5295 = DIRECTION ( 'NONE',  ( 6.536849690425969867E-16, -1.000000000000000000, 0.000000000000000000 ) ) ;
#5296 = DIRECTION ( 'NONE',  ( 8.377344794755657522E-16, 0.7071067811865450192, -0.7071067811865500152 ) ) ;
#5297 = EDGE_CURVE ( 'NONE', #2271, #8766, #7689, .T. ) ;
#5298 = ORIENTED_EDGE ( 'NONE', *, *, #457, .T. ) ;
#5299 = VECTOR ( 'NONE', #2493, 1000.000000000000000 ) ;
#5300 = EDGE_CURVE ( 'NONE', #2189, #228, #7782, .T. ) ;
#5301 = PLANE ( 'NONE',  #3531 ) ;
#5302 = ORIENTED_EDGE ( 'NONE', *, *, #4561, .F. ) ;
#5303 = VECTOR ( 'NONE', #4255, 1000.000000000000000 ) ;
#5304 = VERTEX_POINT ( 'NONE', #265 ) ;
#5305 = DIRECTION ( 'NONE',  ( -1.000000000000000000, 1.210939508638132030E-15, -1.277902559593765872E-15 ) ) ;
#5306 = DIRECTION ( 'NONE',  ( -1.779720630977665238E-15, -0.7071067811865420216, 0.7071067811865531239 ) ) ;
#5307 = ORIENTED_EDGE ( 'NONE', *, *, #5543, .T. ) ;
#5308 = EDGE_CURVE ( 'NONE', #471, #2619, #1172, .T. ) ;
#5309 = DIRECTION ( 'NONE',  ( -1.275664639488989176E-15, -2.086352858496427908E-15, 1.000000000000000000 ) ) ;
#5310 = DIRECTION ( 'NONE',  ( -1.743504668820875581E-15, -0.5000000000000009992, 0.8660254037844381525 ) ) ;
#5311 = AXIS2_PLACEMENT_3D ( 'NONE', #3557, #3651, #4372 ) ;
#5312 = LINE ( 'NONE', #8258, #2908 ) ;
#5313 = ORIENTED_EDGE ( 'NONE', *, *, #6712, .F. ) ;
#5314 = ORIENTED_EDGE ( 'NONE', *, *, #4142, .T. ) ;
#5315 = AXIS2_PLACEMENT_3D ( 'NONE', #6955, #9298, #2734 ) ;
#5316 = DIRECTION ( 'NONE',  ( 0.000000000000000000, 0.000000000000000000, 1.000000000000000000 ) ) ;
#5317 = CARTESIAN_POINT ( 'NONE',  ( 124.9594733917878813, 121.1320102867271231, 152.3583964748175106 ) ) ;
#5318 = LINE ( 'NONE', #8168, #8180 ) ;
#5319 = EDGE_CURVE ( 'NONE', #5067, #8400, #3385, .T. ) ;
#5320 = APPLICATION_CONTEXT ( 'automotive_design' ) ;
#5321 = CARTESIAN_POINT ( 'NONE',  ( 124.9594733917879523, 139.1320102867271089, 156.0534381976310954 ) ) ;
#5322 = DIRECTION ( 'NONE',  ( 0.6949170157991891861, -0.6949170157991922947, 0.1848801836473950300 ) ) ;
#5323 = LINE ( 'NONE', #8841, #2439 ) ;
#5324 = EDGE_LOOP ( 'NONE', ( #529, #1844, #6104, #5298 ) ) ;
#5325 = AXIS2_PLACEMENT_3D ( 'NONE', #660, #8606, #7362 ) ;
#5326 = EDGE_LOOP ( 'NONE', ( #9101, #3347, #7942, #1213 ) ) ;
#5327 = EDGE_LOOP ( 'NONE', ( #4657, #5922, #7545, #3981 ) ) ;
#5328 = AXIS2_PLACEMENT_3D ( 'NONE', #6916, #6137, #9166 ) ;
#5329 = DIRECTION ( 'NONE',  ( -1.000000000000000000, 9.029047556035851583E-16, -1.570000712152659950E-15 ) ) ;
#5330 = CARTESIAN_POINT ( 'NONE',  ( 124.3594733917879012, 126.7320102867271174, 141.9660916294042465 ) ) ;
#5331 = EDGE_CURVE ( 'NONE', #5113, #4215, #2470, .T. ) ;
#5332 = ADVANCED_FACE ( 'NONE', ( #8361 ), #3964, .T. ) ;
#5333 = DIRECTION ( 'NONE',  ( 0.000000000000000000, 0.000000000000000000, -1.000000000000000000 ) ) ;
#5334 = DIRECTION ( 'NONE',  ( 1.000000000000000000, 0.000000000000000000, 0.000000000000000000 ) ) ;
#5335 = DIRECTION ( 'NONE',  ( -0.8660254037844385966, -0.5000000000000001110, 0.000000000000000000 ) ) ;
#5336 = LINE ( 'NONE', #7565, #9530 ) ;
#5337 = ORIENTED_EDGE ( 'NONE', *, *, #1447, .T. ) ;
#5338 = VERTEX_POINT ( 'NONE', #1219 ) ;
#5339 = EDGE_CURVE ( 'NONE', #2723, #9227, #8592, .T. ) ;
#5340 = ORIENTED_EDGE ( 'NONE', *, *, #2069, .T. ) ;
#5341 = VECTOR ( 'NONE', #8974, 1000.000000000000114 ) ;
#5342 = ORIENTED_EDGE ( 'NONE', *, *, #2915, .F. ) ;
#5343 = ORIENTED_EDGE ( 'NONE', *, *, #4144, .F. ) ;
#5344 = CARTESIAN_POINT ( 'NONE',  ( 105.8479001739020049, 174.2587965372880205, 146.4896251811483978 ) ) ;
#5345 = CARTESIAN_POINT ( 'NONE',  ( 124.3594733917878870, 121.9320102867271203, 151.6655761517899350 ) ) ;
#5346 = EDGE_CURVE ( 'NONE', #8389, #2394, #5071, .T. ) ;
#5347 = LINE ( 'NONE', #8956, #6127 ) ;
#5348 = CARTESIAN_POINT ( 'NONE',  ( 104.1412005329670052, 112.6587965372630009, 176.8430092755530154 ) ) ;
#5349 = DIRECTION ( 'NONE',  ( 2.003086131649548268E-15, -1.000000000000000000, 0.000000000000000000 ) ) ;
#5350 = VECTOR ( 'NONE', #1103, 1000.000000000000000 ) ;
#5351 = CARTESIAN_POINT ( 'NONE',  ( 12.20000000000000462, -6.581793068761736087, 0.5999999999999999778 ) ) ;
#5352 = ORIENTED_EDGE ( 'NONE', *, *, #6178, .T. ) ;
#5353 = VECTOR ( 'NONE', #7951, 1000.000000000000000 ) ;
#5354 = VERTEX_POINT ( 'NONE', #5024 ) ;
#5355 = LINE ( 'NONE', #1780, #4612 ) ;
#5356 = LINE ( 'NONE', #3953, #1436 ) ;
#5357 = ORIENTED_EDGE ( 'NONE', *, *, #3613, .F. ) ;
#5358 = CARTESIAN_POINT ( 'NONE',  ( 124.9594733917878955, 133.3320102867271260, 152.7048066363312557 ) ) ;
#5359 = CYLINDRICAL_SURFACE ( 'NONE', #7649, 1.699999999999993072 ) ;
#5360 = PLANE ( 'NONE',  #771 ) ;
#5361 = ORIENTED_EDGE ( 'NONE', *, *, #9328, .T. ) ;
#5362 = EDGE_LOOP ( 'NONE', ( #5124, #4210, #6613, #5911 ) ) ;
#5363 = VECTOR ( 'NONE', #2856, 1000.000000000000000 ) ;
#5364 = ORIENTED_EDGE ( 'NONE', *, *, #7757, .F. ) ;
#5365 = ADVANCED_FACE ( 'NONE', ( #6524 ), #5711, .T. ) ;
#5366 = CARTESIAN_POINT ( 'NONE',  ( 124.3594733917879012, 145.5320102867271430, 159.7484799204447086 ) ) ;
#5367 = PLANE ( 'NONE',  #9418 ) ;
#5368 = LINE ( 'NONE', #8582, #6243 ) ;
#5369 = PLANE ( 'NONE',  #8438 ) ;
#5370 = DIRECTION ( 'NONE',  ( 4.685093906533304660E-16, 0.8660254037844383745, 0.5000000000000003331 ) ) ;
#5371 = AXIS2_PLACEMENT_3D ( 'NONE', #138, #3118, #956 ) ;
#5372 = CARTESIAN_POINT ( 'NONE',  ( 12.40000000000000391, -1.418955567684714834E-15, 0.000000000000000000 ) ) ;
#5373 = ORIENTED_EDGE ( 'NONE', *, *, #1488, .F. ) ;
#5374 = ORIENTED_EDGE ( 'NONE', *, *, #9218, .F. ) ;
#5375 = VERTEX_POINT ( 'NONE', #7878 ) ;
#5376 = EDGE_CURVE ( 'NONE', #5535, #5304, #5667, .T. ) ;
#5377 = VECTOR ( 'NONE', #22, 1000.000000000000000 ) ;
#5378 = DIRECTION ( 'NONE',  ( 0.4999999999999999445, 0.8660254037844387076, -0.000000000000000000 ) ) ;
#5379 = LINE ( 'NONE', #8323, #2939 ) ;
#5380 = CARTESIAN_POINT ( 'NONE',  ( 23.60000000000000853, -21.01554979850239491, 0.000000000000000000 ) ) ;
#5381 = CARTESIAN_POINT ( 'NONE',  ( 24.40000000000000924, -21.01554979850239491, 0.000000000000000000 ) ) ;
#5382 = CARTESIAN_POINT ( 'NONE',  ( 24.40000000000000924, -21.01554979850239491, 0.000000000000000000 ) ) ;
#5383 = CARTESIAN_POINT ( 'NONE',  ( 124.3594733917878870, 121.1320102867271231, 151.6655761517899350 ) ) ;
#5384 = DIRECTION ( 'NONE',  ( -0.4999999999999987232, 0.8660254037844394848, 0.000000000000000000 ) ) ;
#5385 = VERTEX_POINT ( 'NONE', #4877 ) ;
#5386 = ORIENTED_EDGE ( 'NONE', *, *, #1341, .F. ) ;
#5387 = VECTOR ( 'NONE', #4136, 1000.000000000000000 ) ;
#5388 = VERTEX_POINT ( 'NONE', #1314 ) ;
#5389 = ORIENTED_EDGE ( 'NONE', *, *, #1488, .T. ) ;
#5390 = EDGE_CURVE ( 'NONE', #4105, #7129, #2808, .T. ) ;
#5391 = EDGE_LOOP ( 'NONE', ( #2563, #2825, #6065, #3849 ) ) ;
#5392 = AXIS2_PLACEMENT_3D ( 'NONE', #5247, #7241, #1486 ) ;
#5393 = CARTESIAN_POINT ( 'NONE',  ( 103.4479001739019992, 172.6583829936064944, 145.2896251811484092 ) ) ;
#5394 = LINE ( 'NONE', #6706, #8378 ) ;
#5395 = DIRECTION ( 'NONE',  ( -0.7071067811864052421, -9.813077866775560325E-15, -0.7071067811866899033 ) ) ;
#5396 = CARTESIAN_POINT ( 'NONE',  ( 114.4594733917879950, 149.9496176806353844, 180.4501160567394891 ) ) ;
#5397 = CARTESIAN_POINT ( 'NONE',  ( 104.2479001739019964, 176.3759538248140188, 130.6501160567393924 ) ) ;
#5398 = ORIENTED_EDGE ( 'NONE', *, *, #1857, .F. ) ;
#5399 = CARTESIAN_POINT ( 'NONE',  ( 124.3594733917879296, 151.1320102867271657, 145.4301932445419823 ) ) ;
#5400 = ORIENTED_EDGE ( 'NONE', *, *, #3734, .T. ) ;
#5401 = AXIS2_PLACEMENT_3D ( 'NONE', #6358, #4032, #7758 ) ;
#5402 = EDGE_CURVE ( 'NONE', #8821, #811, #4197, .T. ) ;
#5403 = ADVANCED_FACE ( 'NONE', ( #1408 ), #3569, .F. ) ;
#5404 = ORIENTED_EDGE ( 'NONE', *, *, #695, .F. ) ;
#5405 = VERTEX_POINT ( 'NONE', #5609 ) ;
#5406 = CARTESIAN_POINT ( 'NONE',  ( 121.7594733917879921, 171.7585906126184909, 176.8500716728244981 ) ) ;
#5407 = CARTESIAN_POINT ( 'NONE',  ( -0.4000000000000074052, -2.614739876170435969E-16, 0.5999999999999999778 ) ) ;
#5408 = EDGE_CURVE ( 'NONE', #6597, #4751, #5752, .T. ) ;
#5409 = EDGE_CURVE ( 'NONE', #3491, #1309, #7209, .T. ) ;
#5410 = VECTOR ( 'NONE', #2623, 1000.000000000000000 ) ;
#5411 = DIRECTION ( 'NONE',  ( -1.332169591021892177E-15, -6.345457115841950550E-15, 1.000000000000000000 ) ) ;
#5412 = CARTESIAN_POINT ( 'NONE',  ( 124.3594733917878870, 133.5320102867271146, 159.7484799204447086 ) ) ;
#5413 = CARTESIAN_POINT ( 'NONE',  ( 124.9594733917878955, 116.3320102867271260, 141.9660916294042465 ) ) ;
#5414 = EDGE_LOOP ( 'NONE', ( #4871, #1976, #9097, #6153 ) ) ;
#5415 = AXIS2_PLACEMENT_3D ( 'NONE', #636, #2794, #7098 ) ;
#5416 = ORIENTED_EDGE ( 'NONE', *, *, #5446, .T. ) ;
#5417 = DIRECTION ( 'NONE',  ( 1.210939508638132030E-15, 1.000000000000000000, -2.775557561562899979E-17 ) ) ;
#5418 = DIRECTION ( 'NONE',  ( 1.184735462541918124E-15, 1.000000000000000000, -1.423326477088940004E-15 ) ) ;
#5419 = DIRECTION ( 'NONE',  ( -1.000000000000000000, 1.210939508638132030E-15, -1.277902559593765872E-15 ) ) ;
#5420 = CARTESIAN_POINT ( 'NONE',  ( 18.40000000000000213, 3.695041722813605656, 0.5999999999999999778 ) ) ;
#5421 = VECTOR ( 'NONE', #2926, 1000.000000000000000 ) ;
#5422 = ADVANCED_FACE ( 'NONE', ( #2028 ), #4973, .F. ) ;
#5423 = LINE ( 'NONE', #3298, #6306 ) ;
#5424 = VERTEX_POINT ( 'NONE', #7110 ) ;
#5425 = ORIENTED_EDGE ( 'NONE', *, *, #4405, .F. ) ;
#5426 = ORIENTED_EDGE ( 'NONE', *, *, #7388, .F. ) ;
#5427 = CARTESIAN_POINT ( 'NONE',  ( -5.600000000000001421, 2.771281292110204575, 0.5999999999999999778 ) ) ;
#5428 = DIRECTION ( 'NONE',  ( 0.000000000000000000, -4.326681131221240423E-15, 1.000000000000000000 ) ) ;
#5429 = LINE ( 'NONE', #1847, #4835 ) ;
#5430 = FACE_BOUND ( 'NONE', #2486, .T. ) ;
#5431 = LINE ( 'NONE', #2338, #8550 ) ;
#5432 = EDGE_CURVE ( 'NONE', #1485, #6911, #694, .T. ) ;
#5433 = CARTESIAN_POINT ( 'NONE',  ( 0.3999999999999975242, -6.235382907247958073, 0.000000000000000000 ) ) ;
#5434 = ORIENTED_EDGE ( 'NONE', *, *, #5992, .T. ) ;
#5435 = VERTEX_POINT ( 'NONE', #9466 ) ;
#5436 = ORIENTED_EDGE ( 'NONE', *, *, #2813, .F. ) ;
#5437 = ORIENTED_EDGE ( 'NONE', *, *, #2014, .F. ) ;
#5438 = VECTOR ( 'NONE', #1812, 1000.000000000000000 ) ;
#5439 = VERTEX_POINT ( 'NONE', #598 ) ;
#5440 = EDGE_LOOP ( 'NONE', ( #3461, #2363 ) ) ;
#5441 = LINE ( 'NONE', #5344, #7720 ) ;
#5442 = PLANE ( 'NONE',  #840 ) ;
#5443 = DIRECTION ( 'NONE',  ( -1.277493368627791998E-15, -1.000000000000000000, 1.919819404802661133E-15 ) ) ;
#5444 = CARTESIAN_POINT ( 'NONE',  ( 124.3594733917878870, 133.5320102867271146, 159.7484799204447086 ) ) ;
#5445 = CARTESIAN_POINT ( 'NONE',  ( 124.9594733917878813, 118.7320102867271316, 150.2799355057348407 ) ) ;
#5446 = EDGE_CURVE ( 'NONE', #5860, #8599, #5659, .T. ) ;
#5447 = VECTOR ( 'NONE', #3998, 1000.000000000000000 ) ;
#5448 = CARTESIAN_POINT ( 'NONE',  ( 2.799999999999996270, 4.849742261192854009, 0.5999999999999999778 ) ) ;
#5449 = ORIENTED_EDGE ( 'NONE', *, *, #8383, .F. ) ;
#5450 = ORIENTED_EDGE ( 'NONE', *, *, #2904, .F. ) ;
#5451 = VECTOR ( 'NONE', #6311, 1000.000000000000000 ) ;
#5452 = ORIENTED_EDGE ( 'NONE', *, *, #3805, .F. ) ;
#5453 = CARTESIAN_POINT ( 'NONE',  ( -3.200000000000001066, -5.542562584220412703, -0.000000000000000000 ) ) ;
#5454 = CARTESIAN_POINT ( 'NONE',  ( 3.199999999999995293, 5.542562584220403821, 0.5999999999999999778 ) ) ;
#5455 = EDGE_CURVE ( 'NONE', #6102, #4496, #9374, .T. ) ;
#5456 = LINE ( 'NONE', #2459, #4117 ) ;
#5457 = EDGE_CURVE ( 'NONE', #6069, #6728, #648, .T. ) ;
#5458 = CARTESIAN_POINT ( 'NONE',  ( 124.9594733917879950, 173.4585906126184796, 136.0001160632323831 ) ) ;
#5459 = CARTESIAN_POINT ( 'NONE',  ( 124.3594733917879012, 145.5320102867271430, 159.7484799204447086 ) ) ;
#5460 = VECTOR ( 'NONE', #3152, 1000.000000000000000 ) ;
#5461 = ADVANCED_FACE ( 'NONE', ( #2122 ), #503, .F. ) ;
#5462 = AXIS2_PLACEMENT_3D ( 'NONE', #8642, #7016, #450 ) ;
#5463 = ORIENTED_EDGE ( 'NONE', *, *, #5988, .F. ) ;
#5464 = ORIENTED_EDGE ( 'NONE', *, *, #6724, .F. ) ;
#5465 = CARTESIAN_POINT ( 'NONE',  ( 115.7594733917879921, 149.9496176806356118, 130.0501160567391992 ) ) ;
#5466 = ORIENTED_EDGE ( 'NONE', *, *, #8526, .F. ) ;
#5467 = VECTOR ( 'NONE', #444, 1000.000000000000000 ) ;
#5468 = CARTESIAN_POINT ( 'NONE',  ( 124.9594733917878813, 121.9320102867271203, 152.3583964748175106 ) ) ;
#5469 = EDGE_CURVE ( 'NONE', #5243, #8799, #6569, .T. ) ;
#5470 = DIRECTION ( 'NONE',  ( 0.4999999999999997224, 0.8660254037844388186, -0.000000000000000000 ) ) ;
#5471 = DIRECTION ( 'NONE',  ( -4.685093906533305646E-16, -0.8660254037844384856, -0.5000000000000002220 ) ) ;
#5472 = EDGE_LOOP ( 'NONE', ( #591, #2777, #795, #7296 ) ) ;
#5473 = AXIS2_PLACEMENT_3D ( 'NONE', #2687, #8432, #345 ) ;
#5474 = ORIENTED_EDGE ( 'NONE', *, *, #8649, .T. ) ;
#5475 = EDGE_CURVE ( 'NONE', #4994, #2736, #7445, .T. ) ;
#5476 = CARTESIAN_POINT ( 'NONE',  ( -0.2000000000000027867, -7.274613391789286787, 0.000000000000000000 ) ) ;
#5477 = CARTESIAN_POINT ( 'NONE',  ( 103.4479001739019992, 136.9374887348035941, 135.0501160567391992 ) ) ;
#5478 = CARTESIAN_POINT ( 'NONE',  ( 119.9499808048569918, 121.6221525309288012, 180.4501160567390059 ) ) ;
#5479 = DIRECTION ( 'NONE',  ( 1.210939508638132030E-15, 1.000000000000000000, -2.775557561562899979E-17 ) ) ;
#5480 = DIRECTION ( 'NONE',  ( 0.000000000000000000, 0.000000000000000000, -1.000000000000000000 ) ) ;
#5481 = CARTESIAN_POINT ( 'NONE',  ( 124.9594733917879950, 171.7585906126184909, 175.1500716728245095 ) ) ;
#5482 = VECTOR ( 'NONE', #9283, 1000.000000000000000 ) ;
#5483 = CARTESIAN_POINT ( 'NONE',  ( 124.9594733917879381, 151.1320102867271657, 145.4301932445419823 ) ) ;
#5484 = ORIENTED_EDGE ( 'NONE', *, *, #2562, .F. ) ;
#5485 = ORIENTED_EDGE ( 'NONE', *, *, #3862, .F. ) ;
#5486 = ORIENTED_EDGE ( 'NONE', *, *, #4202, .F. ) ;
#5487 = VERTEX_POINT ( 'NONE', #1549 ) ;
#5488 = VECTOR ( 'NONE', #9467, 1000.000000000000000 ) ;
#5489 = ADVANCED_FACE ( 'NONE', ( #7492 ), #4480, .T. ) ;
#5490 = LINE ( 'NONE', #5581, #2060 ) ;
#5491 = DIRECTION ( 'NONE',  ( 1.000000000000000000, -1.184735462541916151E-15, 0.000000000000000000 ) ) ;
#5492 = CARTESIAN_POINT ( 'NONE',  ( 121.5594733917879893, 173.4585906126184796, 175.1500716728245095 ) ) ;
#5493 = LINE ( 'NONE', #5584, #2886 ) ;
#5494 = DIRECTION ( 'NONE',  ( -0.8660254037844393737, -0.4999999999999986677, 0.000000000000000000 ) ) ;
#5495 = FACE_OUTER_BOUND ( 'NONE', #2608, .T. ) ;
#5496 = EDGE_LOOP ( 'NONE', ( #3425, #647, #69 ) ) ;
#5497 = CIRCLE ( 'NONE', #4719, 1.700000000000007061 ) ;
#5498 = DIRECTION ( 'NONE',  ( 1.000000000000000000, -1.232504460548322048E-29, 1.332169591021896121E-15 ) ) ;
#5499 = ORIENTED_EDGE ( 'NONE', *, *, #2807, .F. ) ;
#5500 = EDGE_CURVE ( 'NONE', #8404, #3517, #133, .T. ) ;
#5501 = CIRCLE ( 'NONE', #1191, 2.350000000000004974 ) ;
#5502 = DIRECTION ( 'NONE',  ( 0.8660254037844391517, -0.4999999999999991118, 0.000000000000000000 ) ) ;
#5503 = CARTESIAN_POINT ( 'NONE',  ( 121.7594733917879921, 171.7585906126184909, 173.4500716728244925 ) ) ;
#5504 = CARTESIAN_POINT ( 'NONE',  ( 124.3594733917878727, 121.1320102867271231, 159.5175398127688595 ) ) ;
#5505 = DIRECTION ( 'NONE',  ( 0.4999999999999998335, 0.8660254037844387076, -0.000000000000000000 ) ) ;
#5506 = LINE ( 'NONE', #8444, #1176 ) ;
#5507 = FACE_OUTER_BOUND ( 'NONE', #5496, .T. ) ;
#5508 = CIRCLE ( 'NONE', #5823, 2.350000000000004974 ) ;
#5509 = APPLICATION_CONTEXT ( 'automotive_design' ) ;
#5510 = ORIENTED_EDGE ( 'NONE', *, *, #8588, .F. ) ;
#5511 = EDGE_LOOP ( 'NONE', ( #4096, #7991, #7907, #6749 ) ) ;
#5512 = EDGE_CURVE ( 'NONE', #4721, #6130, #3811, .T. ) ;
#5513 = ADVANCED_FACE ( 'NONE', ( #65 ), #6618, .T. ) ;
#5514 = CARTESIAN_POINT ( 'NONE',  ( 124.3594733917878870, 118.7320102867271316, 140.5804509833491238 ) ) ;
#5515 = ORIENTED_EDGE ( 'NONE', *, *, #7755, .T. ) ;
#5516 = DIRECTION ( 'NONE',  ( -4.685093906533308604E-16, -0.8660254037844385966, -0.5000000000000000000 ) ) ;
#5517 = FACE_OUTER_BOUND ( 'NONE', #2883, .T. ) ;
#5518 = CARTESIAN_POINT ( 'NONE',  ( 118.9594733917879807, 144.9496176806353844, 130.0501160567391992 ) ) ;
#5519 = ORIENTED_EDGE ( 'NONE', *, *, #748, .T. ) ;
#5520 = ORIENTED_EDGE ( 'NONE', *, *, #221, .T. ) ;
#5521 = EDGE_CURVE ( 'NONE', #8319, #1997, #3096, .T. ) ;
#5522 = EDGE_CURVE ( 'NONE', #4294, #8105, #6765, .T. ) ;
#5524 = CYLINDRICAL_SURFACE ( 'NONE', #5021, 5.149999999999065992 ) ;
#5523 = VECTOR ( 'NONE', #1068, 1000.000000000000114 ) ;
#5525 = LINE ( 'NONE', #4789, #8641 ) ;
#5526 = DIRECTION ( 'NONE',  ( -1.000000000000000000, 1.210939508638132030E-15, -1.277902559593765872E-15 ) ) ;
#5527 = ADVANCED_FACE ( 'NONE', ( #6037 ), #2172, .T. ) ;
#5528 = FACE_BOUND ( 'NONE', #9129, .T. ) ;
#5529 = LINE ( 'NONE', #1849, #6870 ) ;
#5530 = FACE_BOUND ( 'NONE', #5265, .T. ) ;
#5531 = VERTEX_POINT ( 'NONE', #1454 ) ;
#5532 = ORIENTED_EDGE ( 'NONE', *, *, #7045, .T. ) ;
#5533 = ORIENTED_EDGE ( 'NONE', *, *, #1616, .F. ) ;
#5534 = ORIENTED_EDGE ( 'NONE', *, *, #4860, .F. ) ;
#5535 = VERTEX_POINT ( 'NONE', #2358 ) ;
#5536 = LINE ( 'NONE', #383, #4006 ) ;
#5537 = DIRECTION ( 'NONE',  ( 0.8660254037844381525, -0.5000000000000008882, 0.000000000000000000 ) ) ;
#5538 = DIRECTION ( 'NONE',  ( 4.685093906533312548E-16, 0.8660254037844387076, 0.4999999999999998335 ) ) ;
#5539 = DIRECTION ( 'NONE',  ( 0.000000000000000000, 4.873714578379230080E-15, -1.000000000000000000 ) ) ;
#5540 = DIRECTION ( 'NONE',  ( -1.275664639488986613E-15, -8.326672684688515048E-17, 1.000000000000000000 ) ) ;
#5541 = CIRCLE ( 'NONE', #8916, 3.000000000000002665 ) ;
#5542 = FACE_OUTER_BOUND ( 'NONE', #1984, .T. ) ;
#5543 = EDGE_CURVE ( 'NONE', #811, #4705, #4580, .T. ) ;
#5544 = ORIENTED_EDGE ( 'NONE', *, *, #7918, .T. ) ;
#5545 = VECTOR ( 'NONE', #1117, 1000.000000000000000 ) ;
#5546 = DIRECTION ( 'NONE',  ( -1.332169591021886064E-15, 0.000000000000000000, 1.000000000000000000 ) ) ;
#5547 = CARTESIAN_POINT ( 'NONE',  ( 121.9594733917879950, 175.1585906126184966, 137.7001160632314054 ) ) ;
#5548 = CARTESIAN_POINT ( 'NONE',  ( 117.4594733917879950, 116.7496176806357937, 180.8501160567390116 ) ) ;
#5549 = CARTESIAN_POINT ( 'NONE',  ( 124.9594733917878955, 121.3320102867271260, 145.0837830830282087 ) ) ;
#5550 = CARTESIAN_POINT ( 'NONE',  ( 29.60000000000002629, -24.01777119828843965, 0.5999999999999999778 ) ) ;
#5551 = DIRECTION ( 'NONE',  ( 7.684963096129170771E-31, -4.326681131221240423E-15, 1.000000000000000000 ) ) ;
#5552 = VECTOR ( 'NONE', #8906, 1000.000000000000000 ) ;
#5553 = DIRECTION ( 'NONE',  ( 0.8660254037844384856, -0.5000000000000002220, 0.000000000000000000 ) ) ;
#5554 = EDGE_CURVE ( 'NONE', #3256, #5385, #8256, .T. ) ;
#5555 = ORIENTED_EDGE ( 'NONE', *, *, #1699, .F. ) ;
#5556 = ORIENTED_EDGE ( 'NONE', *, *, #8115, .F. ) ;
#5557 = AXIS2_PLACEMENT_3D ( 'NONE', #7322, #2878, #2781 ) ;
#5558 = DIRECTION ( 'NONE',  ( -1.275664639488986021E-15, 4.175048060655008194E-16, 1.000000000000000000 ) ) ;
#5559 = ORIENTED_EDGE ( 'NONE', *, *, #1544, .T. ) ;
#5560 = CARTESIAN_POINT ( 'NONE',  ( 121.9594733917879950, 171.7585906126184909, 137.7001160632314054 ) ) ;
#5561 = DIRECTION ( 'NONE',  ( 1.001543065824772556E-15, 1.000000000000000000, 0.000000000000000000 ) ) ;
#5562 = DIRECTION ( 'NONE',  ( 2.003086131649544323E-15, -1.000000000000000000, 0.000000000000000000 ) ) ;
#5563 = ADVANCED_FACE ( 'NONE', ( #5987 ), #114, .F. ) ;
#5564 = VECTOR ( 'NONE', #8701, 999.9999999999998863 ) ;
#5565 = ORIENTED_EDGE ( 'NONE', *, *, #844, .T. ) ;
#5566 = ORIENTED_EDGE ( 'NONE', *, *, #3055, .F. ) ;
#5567 = AXIS2_PLACEMENT_3D ( 'NONE', #8055, #7337, #1539 ) ;
#5568 = FACE_OUTER_BOUND ( 'NONE', #1048, .T. ) ;
#5569 = DIRECTION ( 'NONE',  ( 0.000000000000000000, 1.982541115402126286E-14, 1.000000000000000000 ) ) ;
#5570 = CARTESIAN_POINT ( 'NONE',  ( 124.9594733917878955, 133.3320102867271260, 152.7048066363312557 ) ) ;
#5571 = DIRECTION ( 'NONE',  ( 1.000000000000000000, -1.210939508638132030E-15, 1.277902559593765872E-15 ) ) ;
#5572 = DIRECTION ( 'NONE',  ( 0.000000000000000000, 0.000000000000000000, 1.000000000000000000 ) ) ;
#5573 = DIRECTION ( 'NONE',  ( 4.685093906533325367E-16, 0.8660254037844390407, 0.4999999999999991673 ) ) ;
#5574 = CARTESIAN_POINT ( 'NONE',  ( 104.6479001739019878, 162.2587965372890153, 130.6501160567393924 ) ) ;
#5575 = EDGE_CURVE ( 'NONE', #2071, #8637, #5119, .T. ) ;
#5576 = EDGE_CURVE ( 'NONE', #7341, #6341, #6665, .T. ) ;
#5577 = VERTEX_POINT ( 'NONE', #4384 ) ;
#5578 = ORIENTED_EDGE ( 'NONE', *, *, #6904, .F. ) ;
#5579 = EDGE_CURVE ( 'NONE', #3138, #5577, #8206, .T. ) ;
#5580 = ORIENTED_EDGE ( 'NONE', *, *, #6711, .T. ) ;
#5581 = CARTESIAN_POINT ( 'NONE',  ( 124.3594733917878870, 115.3320102867271260, 142.3125017909179917 ) ) ;
#5582 = CARTESIAN_POINT ( 'NONE',  ( 121.7594733917879921, 173.4585906126184796, 175.1500716728245095 ) ) ;
#5583 = DIRECTION ( 'NONE',  ( 0.8660254037844387076, -0.4999999999999998890, 0.000000000000000000 ) ) ;
#5584 = CARTESIAN_POINT ( 'NONE',  ( 121.7594733917879921, 175.1585906126184966, 176.8500716728244981 ) ) ;
#5585 = DIRECTION ( 'NONE',  ( 1.000000000000000000, -1.184735462541926012E-15, 1.332169591021886064E-15 ) ) ;
#5586 = CARTESIAN_POINT ( 'NONE',  ( 124.9594733917879950, 176.8587965372884980, 140.8060020103073953 ) ) ;
#5587 = AXIS2_PLACEMENT_3D ( 'NONE', #1184, #4158, #7170 ) ;
#5588 = ADVANCED_FACE ( 'NONE', ( #4429 ), #1594, .F. ) ;
#5589 = DIRECTION ( 'NONE',  ( 1.744174030142316585E-15, 0.8660254037844394848, -0.4999999999999983902 ) ) ;
#5590 = ORIENTED_EDGE ( 'NONE', *, *, #1120, .T. ) ;
#5591 = EDGE_CURVE ( 'NONE', #8321, #3427, #7679, .T. ) ;
#5592 = AXIS2_PLACEMENT_3D ( 'NONE', #4146, #3522, #8644 ) ;
#5593 = LINE ( 'NONE', #7769, #6015 ) ;
#5594 = FACE_OUTER_BOUND ( 'NONE', #6753, .T. ) ;
#5595 = PRODUCT_DEFINITION ( 'UNKNOWN', '', #2497, #3046 ) ;
#5596 = CARTESIAN_POINT ( 'NONE',  ( 121.5594733917879893, 173.4585906126184796, 175.1500716728245095 ) ) ;
#5597 = CARTESIAN_POINT ( 'NONE',  ( 103.8479001739019907, 172.8096036135645193, 170.0411270244294712 ) ) ;
#5598 = CARTESIAN_POINT ( 'NONE',  ( 23.60000000000001918, -7.621023553303069242, 0.5999999999999999778 ) ) ;
#5599 = VECTOR ( 'NONE', #4628, 999.9999999999998863 ) ;
#5600 = DIRECTION ( 'NONE',  ( -4.660113001930847663E-16, 0.5000000000000001110, 0.8660254037844385966 ) ) ;
#5601 = CARTESIAN_POINT ( 'NONE',  ( 104.6479001739019878, 176.5587931559685160, 181.0501160567395118 ) ) ;
#5602 = ORIENTED_EDGE ( 'NONE', *, *, #2885, .F. ) ;
#5603 = ORIENTED_EDGE ( 'NONE', *, *, #2078, .F. ) ;
#5604 = VECTOR ( 'NONE', #3545, 1000.000000000000114 ) ;
#5605 = EDGE_LOOP ( 'NONE', ( #2485, #7225, #3293, #6738 ) ) ;
#5606 = LINE ( 'NONE', #596, #4816 ) ;
#5607 = EDGE_CURVE ( 'NONE', #3404, #7685, #399, .T. ) ;
#5608 = ORIENTED_EDGE ( 'NONE', *, *, #1779, .T. ) ;
#5609 = CARTESIAN_POINT ( 'NONE',  ( 124.5594733917879893, 116.0123499278558086, 180.9036694473319926 ) ) ;
#5610 = CARTESIAN_POINT ( 'NONE',  ( 124.3594733917879012, 145.9320102867271487, 159.0556595974171898 ) ) ;
#5611 = VECTOR ( 'NONE', #4206, 1000.000000000000000 ) ;
#5612 = CARTESIAN_POINT ( 'NONE',  ( -0.4000000000000027423, -7.159143337951362263, 0.5999999999999999778 ) ) ;
#5613 = ORIENTED_EDGE ( 'NONE', *, *, #9429, .F. ) ;
#5614 = ORIENTED_EDGE ( 'NONE', *, *, #4763, .T. ) ;
#5615 = VECTOR ( 'NONE', #9359, 1000.000000000000000 ) ;
#5616 = EDGE_CURVE ( 'NONE', #7254, #2271, #5456, .T. ) ;
#5617 = CARTESIAN_POINT ( 'NONE',  ( 103.4479001739019992, 174.1075765200275214, 141.1090609392973931 ) ) ;
#5618 = DIRECTION ( 'NONE',  ( -4.316747070439680032E-30, -7.287275863554980679E-15, 1.000000000000000000 ) ) ;
#5619 = DIRECTION ( 'NONE',  ( 1.000000000000000000, -1.184735462541918124E-15, -4.316747070439680032E-30 ) ) ;
#5620 = ORIENTED_EDGE ( 'NONE', *, *, #4189, .F. ) ;
#5621 = CARTESIAN_POINT ( 'NONE',  ( 18.80000000000001492, -17.32050807568878525, 0.000000000000000000 ) ) ;
#5622 =( NAMED_UNIT ( * ) SI_UNIT ( $, .STERADIAN. ) SOLID_ANGLE_UNIT ( ) );
#5623 = LINE ( 'NONE', #4702, #4850 ) ;
#5624 = LINE ( 'NONE', #7659, #6149 ) ;
#5625 = EDGE_LOOP ( 'NONE', ( #6167, #4636, #7967, #4071 ) ) ;
#5626 = ORIENTED_EDGE ( 'NONE', *, *, #474, .F. ) ;
#5627 = VECTOR ( 'NONE', #7146, 1000.000000000000000 ) ;
#5628 = EDGE_LOOP ( 'NONE', ( #6273, #3476, #8128, #4755 ) ) ;
#5629 = ORIENTED_EDGE ( 'NONE', *, *, #42, .F. ) ;
#5630 = EDGE_CURVE ( 'NONE', #8092, #3232, #9118, .T. ) ;
#5631 = ORIENTED_EDGE ( 'NONE', *, *, #60, .T. ) ;
#5632 = EDGE_CURVE ( 'NONE', #6615, #4751, #6915, .T. ) ;
#5633 = AXIS2_PLACEMENT_3D ( 'NONE', #4504, #7469, #4554 ) ;
#5634 = DIRECTION ( 'NONE',  ( -1.275664639488986613E-15, -8.326672684688515048E-17, 1.000000000000000000 ) ) ;
#5635 = FACE_OUTER_BOUND ( 'NONE', #8626, .T. ) ;
#5636 = CARTESIAN_POINT ( 'NONE',  ( 124.9594733917878955, 139.1320102867271089, 162.0578809972032275 ) ) ;
#5637 = CARTESIAN_POINT ( 'NONE',  ( 12.20000000000000462, -0.3464101615137767931, 0.5999999999999999778 ) ) ;
#5638 = CARTESIAN_POINT ( 'NONE',  ( 121.7594733917879921, 176.4585906126184796, 136.0001160632323831 ) ) ;
#5639 = EDGE_LOOP ( 'NONE', ( #3742, #6521, #4523, #1730, #5264, #8178, #93, #8984, #841 ) ) ;
#5640 = FACE_OUTER_BOUND ( 'NONE', #667, .T. ) ;
#5641 = ORIENTED_EDGE ( 'NONE', *, *, #6883, .T. ) ;
#5642 = CIRCLE ( 'NONE', #8858, 5.149999999999065992 ) ;
#5643 = ADVANCED_FACE ( 'NONE', ( #1735 ), #4726, .T. ) ;
#5644 = CARTESIAN_POINT ( 'NONE',  ( 103.4479001739019992, 172.6583829936064944, 145.2896251811484092 ) ) ;
#5645 = CARTESIAN_POINT ( 'NONE',  ( 124.3594733917879012, 127.5320102867271146, 141.5042114140525200 ) ) ;
#5646 = DIRECTION ( 'NONE',  ( -1.000000000000000000, 1.210939508638132030E-15, -1.277902559593765872E-15 ) ) ;
#5647 = LINE ( 'NONE', #8631, #7731 ) ;
#5648 = DIRECTION ( 'NONE',  ( -1.000000000000000000, -1.181088324069313042E-14, 0.000000000000000000 ) ) ;
#5649 = VECTOR ( 'NONE', #5712, 1000.000000000000000 ) ;
#5650 = DIRECTION ( 'NONE',  ( 1.942890293082689740E-16, 4.489314163115890542E-15, -1.000000000000000000 ) ) ;
#5651 = CARTESIAN_POINT ( 'NONE',  ( 120.4594733917879950, 119.9496176806359955, 167.0501160567430077 ) ) ;
#5652 = EDGE_LOOP ( 'NONE', ( #9471, #4311, #7968, #7804 ) ) ;
#5653 = ORIENTED_EDGE ( 'NONE', *, *, #151, .F. ) ;
#5654 = VECTOR ( 'NONE', #2695, 999.9999999999998863 ) ;
#5655 = ORIENTED_EDGE ( 'NONE', *, *, #2786, .F. ) ;
#5656 = FACE_OUTER_BOUND ( 'NONE', #2357, .T. ) ;
#5657 = EDGE_LOOP ( 'NONE', ( #6639, #5436, #4162, #2691 ) ) ;
#5658 = UNCERTAINTY_MEASURE_WITH_UNIT (LENGTH_MEASURE( 1.000000000000000082E-05 ), #7405, 'distance_accuracy_value', 'NONE');
#5659 = LINE ( 'NONE', #5759, #4426 ) ;
#5660 = CARTESIAN_POINT ( 'NONE',  ( -5.800000000000003375, -10.04589468389948870, 0.5999999999999999778 ) ) ;
#5661 = VECTOR ( 'NONE', #4950, 1000.000000000000000 ) ;
#5662 = DIRECTION ( 'NONE',  ( 1.184735462541918124E-15, 1.000000000000000000, 7.287275863554980679E-15 ) ) ;
#5663 = EDGE_CURVE ( 'NONE', #5531, #2190, #4921, .T. ) ;
#5664 = ORIENTED_EDGE ( 'NONE', *, *, #7055, .T. ) ;
#5665 = ORIENTED_EDGE ( 'NONE', *, *, #1857, .T. ) ;
#5666 = CIRCLE ( 'NONE', #2572, 5.149999999999065992 ) ;
#5667 = B_SPLINE_CURVE_WITH_KNOTS ( 'NONE', 2,
 ( #8020, #3430, #2661 ),
 .UNSPECIFIED., .F., .F.,
 ( 3, 3 ),
 ( 0.000000000000000000, 0.08341636946674720055 ),
 .UNSPECIFIED. ) ;
#5668 = CARTESIAN_POINT ( 'NONE',  ( 18.20000000000001350, -16.97409791417501168, 0.000000000000000000 ) ) ;
#5669 = DIRECTION ( 'NONE',  ( 8.377344794755769935E-16, 0.7071067811865500152, 0.7071067811865450192 ) ) ;
#5670 = CARTESIAN_POINT ( 'NONE',  ( 11.99999999999999645, -14.31828667590272453, 0.000000000000000000 ) ) ;
#5671 = CARTESIAN_POINT ( 'NONE',  ( 115.7199540685230090, 169.3613257594830088, 181.0501160567395118 ) ) ;
#5672 = LINE ( 'NONE', #3536, #1319 ) ;
#5673 = DIRECTION ( 'NONE',  ( 0.000000000000000000, 1.000000000000000000, 0.000000000000000000 ) ) ;
#5674 = ORIENTED_EDGE ( 'NONE', *, *, #3747, .T. ) ;
#5675 = ORIENTED_EDGE ( 'NONE', *, *, #8116, .F. ) ;
#5676 = EDGE_CURVE ( 'NONE', #2189, #4363, #306, .T. ) ;
#5677 = EDGE_LOOP ( 'NONE', ( #6168, #2464, #992 ) ) ;
#5678 = ORIENTED_EDGE ( 'NONE', *, *, #581, .F. ) ;
#5679 = VECTOR ( 'NONE', #6231, 1000.000000000000114 ) ;
#5680 = DIRECTION ( 'NONE',  ( 1.744174030142317769E-15, 0.8660254037844383745, -0.5000000000000004441 ) ) ;
#5681 = PLANE ( 'NONE',  #2932 ) ;
#5682 = DIRECTION ( 'NONE',  ( 1.275664639488989176E-15, 2.086352858496427908E-15, -1.000000000000000000 ) ) ;
#5683 = EDGE_CURVE ( 'NONE', #6130, #1433, #2508, .T. ) ;
#5684 = CARTESIAN_POINT ( 'NONE',  ( 9.200000000000015277, -15.93486742963367142, 0.5999999999999999778 ) ) ;
#5685 = DIRECTION ( 'NONE',  ( -0.000000000000000000, -0.000000000000000000, -1.000000000000000000 ) ) ;
#5686 = CARTESIAN_POINT ( 'NONE',  ( 124.3594733917878870, 121.1320102867271089, 145.4301932445419823 ) ) ;
#5687 = ORIENTED_EDGE ( 'NONE', *, *, #2853, .T. ) ;
#5688 = AXIS2_PLACEMENT_3D ( 'NONE', #8329, #5384, #3023 ) ;
#5689 = DIRECTION ( 'NONE',  ( -0.7071067811865527908, -0.7071067811865338060, 1.087810874842987616E-07 ) ) ;
#5690 = EDGE_CURVE ( 'NONE', #1029, #3933, #2410, .T. ) ;
#5691 = ORIENTED_EDGE ( 'NONE', *, *, #9328, .F. ) ;
#5692 = AXIS2_PLACEMENT_3D ( 'NONE', #79, #5181, #7410 ) ;
#5693 = FACE_OUTER_BOUND ( 'NONE', #3325, .T. ) ;
#5694 = DIRECTION ( 'NONE',  ( -1.000000000000000000, 1.184735462541918124E-15, 4.316747070439680032E-30 ) ) ;
#5695 = LINE ( 'NONE', #1965, #111 ) ;
#5696 = DIRECTION ( 'NONE',  ( 1.000000000000000000, 0.000000000000000000, -1.388903486589384164E-14 ) ) ;
#5697 = LINE ( 'NONE', #7866, #5615 ) ;
#5698 = CARTESIAN_POINT ( 'NONE',  ( 121.7594733917879921, 170.9867491937569923, 134.3001160632323945 ) ) ;
#5699 = DIRECTION ( 'NONE',  ( 1.000000000000000000, -1.210939508638132030E-15, 1.277902559593765872E-15 ) ) ;
#5700 = ADVANCED_FACE ( 'NONE', ( #9211 ), #3240, .T. ) ;
#5702 = EDGE_CURVE ( 'NONE', #626, #3256, #9164, .T. ) ;
#5701 = ORIENTED_EDGE ( 'NONE', *, *, #2786, .T. ) ;
#5703 = AXIS2_PLACEMENT_3D ( 'NONE', #2990, #8151, #5935 ) ;
#5704 = ORIENTED_EDGE ( 'NONE', *, *, #5521, .T. ) ;
#5705 = ORIENTED_EDGE ( 'NONE', *, *, #2004, .T. ) ;
#5706 = EDGE_CURVE ( 'NONE', #1545, #2238, #2602, .T. ) ;
#5707 = VERTEX_POINT ( 'NONE', #4000 ) ;
#5708 = CYLINDRICAL_SURFACE ( 'NONE', #5462, 1.700000000000007061 ) ;
#5709 = ORIENTED_EDGE ( 'NONE', *, *, #2652, .T. ) ;
#5710 = CIRCLE ( 'NONE', #2153, 1.200000000000006617 ) ;
#5711 = PLANE ( 'NONE',  #5108 ) ;
#5712 = DIRECTION ( 'NONE',  ( 1.184735462541920096E-15, 1.000000000000000000, 3.379091138490570313E-15 ) ) ;
#5713 = DIRECTION ( 'NONE',  ( -1.210939508638132030E-15, -1.000000000000000000, 2.775557561562899979E-17 ) ) ;
#5714 = VERTEX_POINT ( 'NONE', #7774 ) ;
#5715 = CIRCLE ( 'NONE', #5401, 0.1999999999999953759 ) ;
#5716 = ORIENTED_EDGE ( 'NONE', *, *, #1272, .T. ) ;
#5718 = EDGE_CURVE ( 'NONE', #7126, #1177, #1783, .T. ) ;
#5717 = LINE ( 'NONE', #8653, #9030 ) ;
#5719 = CARTESIAN_POINT ( 'NONE',  ( 124.3594733917879012, 133.7320102867271316, 152.0119863133037370 ) ) ;
#5720 = FACE_OUTER_BOUND ( 'NONE', #117, .T. ) ;
#5721 = EDGE_CURVE ( 'NONE', #6445, #4352, #7587, .T. ) ;
#5722 = DIRECTION ( 'NONE',  ( -0.000000000000000000, -0.000000000000000000, -1.000000000000000000 ) ) ;
#5723 = FACE_OUTER_BOUND ( 'NONE', #1703, .T. ) ;
#5724 = AXIS2_PLACEMENT_3D ( 'NONE', #5769, #8746, #6580 ) ;
#5725 = DIRECTION ( 'NONE',  ( 1.277493368627790420E-15, 1.000000000000000000, -5.704182421957099503E-16 ) ) ;
#5726 = ORIENTED_EDGE ( 'NONE', *, *, #5880, .F. ) ;
#5727 = ORIENTED_EDGE ( 'NONE', *, *, #7498, .F. ) ;
#5728 = ORIENTED_EDGE ( 'NONE', *, *, #8165, .F. ) ;
#5729 = ORIENTED_EDGE ( 'NONE', *, *, #4323, .F. ) ;
#5730 = VECTOR ( 'NONE', #5834, 1000.000000000000000 ) ;
#5731 = CARTESIAN_POINT ( 'NONE',  ( 11.99999999999999645, -14.31828667590272453, 0.5999999999999999778 ) ) ;
#5732 = LINE ( 'NONE', #5094, #1694 ) ;
#5733 = LINE ( 'NONE', #2048, #3438 ) ;
#5734 = EDGE_CURVE ( 'NONE', #7343, #5291, #3192, .T. ) ;
#5735 = LINE ( 'NONE', #8667, #4884 ) ;
#5736 = FACE_OUTER_BOUND ( 'NONE', #2632, .T. ) ;
#5737 = DIRECTION ( 'NONE',  ( 1.000000000000000000, -1.184735462541926012E-15, 1.332169591021886064E-15 ) ) ;
#5738 = VERTEX_POINT ( 'NONE', #1021 ) ;
#5739 = DIRECTION ( 'NONE',  ( -1.184735462541893866E-15, -0.9999999999999896749, -1.437160500478689394E-07 ) ) ;
#5740 = ORIENTED_EDGE ( 'NONE', *, *, #206, .F. ) ;
#5741 = SHAPE_REPRESENTATION ( 'Main_Body_Side_B_Base^Main Body Side B_Mini BT Frame - Skirts_3mm Slots', ( #7128 ), #5888 ) ;
#5742 = PLANE ( 'NONE',  #2928 ) ;
#5743 = DIRECTION ( 'NONE',  ( -0.7071067811865600072, 0.000000000000000000, -0.7071067811865350272 ) ) ;
#5744 = EDGE_CURVE ( 'NONE', #836, #4403, #3954, .T. ) ;
#5745 = CARTESIAN_POINT ( 'NONE',  ( -4.336808689942017736E-16, 6.466323014923809787, 0.5999999999999999778 ) ) ;
#5746 = DIRECTION ( 'NONE',  ( 1.744174030142317966E-15, 0.8660254037844381525, -0.5000000000000007772 ) ) ;
#5747 = PLANE ( 'NONE',  #6550 ) ;
#5748 = LINE ( 'NONE', #7148, #1515 ) ;
#5749 = FACE_OUTER_BOUND ( 'NONE', #1898, .T. ) ;
#5750 = EDGE_LOOP ( 'NONE', ( #4711, #9426, #4073, #6444 ) ) ;
#5751 = ORIENTED_EDGE ( 'NONE', *, *, #2830, .T. ) ;
#5752 = CIRCLE ( 'NONE', #8597, 3.000000000000002665 ) ;
#5753 = ORIENTED_EDGE ( 'NONE', *, *, #4095, .F. ) ;
#5754 = VECTOR ( 'NONE', #5995, 1000.000000000000000 ) ;
#5755 = CARTESIAN_POINT ( 'NONE',  ( 12.20000000000000462, -0.3464101615137767931, 0.000000000000000000 ) ) ;
#5756 = ADVANCED_FACE ( 'NONE', ( #9067 ), #7634, .F. ) ;
#5757 = VERTEX_POINT ( 'NONE', #7867 ) ;
#5758 = ADVANCED_FACE ( 'NONE', ( #7200 ), #1304, .T. ) ;
#5759 = CARTESIAN_POINT ( 'NONE',  ( 124.9594733917878955, 139.3320102867271544, 163.0971114817445482 ) ) ;
#5760 = FACE_OUTER_BOUND ( 'NONE', #6201, .T. ) ;
#5761 = EDGE_CURVE ( 'NONE', #6194, #6409, #2748, .T. ) ;
#5762 = DIRECTION ( 'NONE',  ( 8.377344794755769935E-16, 0.7071067811865500152, 0.7071067811865450192 ) ) ;
#5763 = CIRCLE ( 'NONE', #4667, 3.000000000000002665 ) ;
#5764 = VERTEX_POINT ( 'NONE', #1163 ) ;
#5765 = ORIENTED_EDGE ( 'NONE', *, *, #6464, .F. ) ;
#5766 = EDGE_CURVE ( 'NONE', #3221, #6986, #5748, .T. ) ;
#5767 = CARTESIAN_POINT ( 'NONE',  ( 124.9594733917879097, 144.7320102867271601, 152.3583964748175106 ) ) ;
#5768 = VECTOR ( 'NONE', #5974, 999.9999999999998863 ) ;
#5769 = CARTESIAN_POINT ( 'NONE',  ( 12.20000000000000462, -7.274613391789286787, 0.000000000000000000 ) ) ;
#5770 = CARTESIAN_POINT ( 'NONE',  ( 124.9594733917879097, 124.7320102867271316, 139.8876306603215482 ) ) ;
#5771 = CARTESIAN_POINT ( 'NONE',  ( 121.7594733917879921, 170.4585906126184796, 175.1500716728245095 ) ) ;
#5772 = DIRECTION ( 'NONE',  ( 0.000000000000000000, 0.000000000000000000, 1.000000000000000000 ) ) ;
#5773 = PLANE ( 'NONE',  #1063 ) ;
#5774 = ORIENTED_EDGE ( 'NONE', *, *, #6672, .F. ) ;
#5775 = ORIENTED_EDGE ( 'NONE', *, *, #7799, .T. ) ;
#5776 = ORIENTED_EDGE ( 'NONE', *, *, #7151, .T. ) ;
#5777 = ORIENTED_EDGE ( 'NONE', *, *, #2660, .T. ) ;
#5778 = CARTESIAN_POINT ( 'NONE',  ( 103.4479001739019992, 178.0956268741914812, 178.9647575824124885 ) ) ;
#5779 = DIRECTION ( 'NONE',  ( 1.000000000000000000, 6.536849690425969867E-16, -0.000000000000000000 ) ) ;
#5780 = FACE_OUTER_BOUND ( 'NONE', #2874, .T. ) ;
#5781 = FACE_OUTER_BOUND ( 'NONE', #6376, .T. ) ;
#5782 = CARTESIAN_POINT ( 'NONE',  ( -2.800000000000002931, -4.849742261192862891, 0.5999999999999999778 ) ) ;
#5783 = VECTOR ( 'NONE', #1654, 1000.000000000000000 ) ;
#5784 = ORIENTED_EDGE ( 'NONE', *, *, #5092, .T. ) ;
#5785 = ORIENTED_EDGE ( 'NONE', *, *, #3566, .T. ) ;
#5786 = EDGE_CURVE ( 'NONE', #1027, #8092, #1923, .T. ) ;
#5787 = AXIS2_PLACEMENT_3D ( 'NONE', #8899, #7425, #9092 ) ;
#5788 = LINE ( 'NONE', #8813, #6172 ) ;
#5789 = DIRECTION ( 'NONE',  ( 0.000000000000000000, 0.000000000000000000, -1.000000000000000000 ) ) ;
#5790 = FILL_AREA_STYLE ('',( #2935 ) ) ;
#5791 = FACE_OUTER_BOUND ( 'NONE', #4696, .T. ) ;
#5792 = LINE ( 'NONE', #6709, #9002 ) ;
#5793 = VECTOR ( 'NONE', #9434, 1000.000000000000114 ) ;
#5794 = SHAPE_REPRESENTATION ( 'Main Body Side B - 1515-3mm Slots', ( #972, #5587, #2191 ), #819 ) ;
#5795 = CYLINDRICAL_SURFACE ( 'NONE', #6786, 2.350000000000004974 ) ;
#5796 = VERTEX_POINT ( 'NONE', #7965 ) ;
#5797 = EDGE_LOOP ( 'NONE', ( #405, #1034, #4681, #98 ) ) ;
#5798 = EDGE_CURVE ( 'NONE', #2965, #2712, #9361, .T. ) ;
#5799 = ORIENTED_EDGE ( 'NONE', *, *, #441, .F. ) ;
#5800 = ORIENTED_EDGE ( 'NONE', *, *, #6684, .T. ) ;
#5801 = PLANE ( 'NONE',  #6057 ) ;
#5802 = ORIENTED_EDGE ( 'NONE', *, *, #2375, .F. ) ;
#5803 = CARTESIAN_POINT ( 'NONE',  ( 118.0699540685230176, 169.3613257594830088, 176.0501160567395118 ) ) ;
#5804 = FACE_OUTER_BOUND ( 'NONE', #3836, .T. ) ;
#5805 = PLANE ( 'NONE',  #9070 ) ;
#5806 = VECTOR ( 'NONE', #7653, 1000.000000000000000 ) ;
#5807 = ADVANCED_FACE ( 'NONE', ( #7056 ), #2019, .T. ) ;
#5808 = VERTEX_POINT ( 'NONE', #4235 ) ;
#5809 = ADVANCED_FACE ( 'NONE', ( #7915 ), #1258, .T. ) ;
#5810 = ORIENTED_EDGE ( 'NONE', *, *, #6525, .T. ) ;
#5811 = CARTESIAN_POINT ( 'NONE',  ( 103.4479001739019992, 173.4585906126184796, 136.0001160632313884 ) ) ;
#5812 = CIRCLE ( 'NONE', #4412, 3.000000000000002665 ) ;
#5813 = FACE_OUTER_BOUND ( 'NONE', #5628, .T. ) ;
#5814 = CARTESIAN_POINT ( 'NONE',  ( 103.4479001739019992, 172.8096036135645193, 170.0411270244294712 ) ) ;
#5815 = DIRECTION ( 'NONE',  ( -0.8660254037844388186, 0.4999999999999997224, 0.000000000000000000 ) ) ;
#5816 = CARTESIAN_POINT ( 'NONE',  ( 124.9594733917879097, 133.3320102867271260, 145.0837830830282087 ) ) ;
#5817 = LINE ( 'NONE', #8608, #5066 ) ;
#5818 = ORIENTED_EDGE ( 'NONE', *, *, #6515, .T. ) ;
#5819 = ORIENTED_EDGE ( 'NONE', *, *, #6688, .T. ) ;
#5820 = EDGE_CURVE ( 'NONE', #8389, #2138, #6325, .T. ) ;
#5821 = ORIENTED_EDGE ( 'NONE', *, *, #2853, .F. ) ;
#5822 = EDGE_CURVE ( 'NONE', #6238, #2852, #1969, .T. ) ;
#5823 = AXIS2_PLACEMENT_3D ( 'NONE', #8804, #8762, #5141 ) ;
#5824 = EDGE_LOOP ( 'NONE', ( #1860, #5259, #3986, #3539 ) ) ;
#5825 = FACE_OUTER_BOUND ( 'NONE', #8192, .T. ) ;
#5826 = DIRECTION ( 'NONE',  ( -0.7071067811864690800, -0.5000000000000509592, -0.5000000000000600631 ) ) ;
#5827 = CARTESIAN_POINT ( 'NONE',  ( 5.800000000000006040, 10.04589468389949225, 0.5999999999999999778 ) ) ;
#5828 = DIRECTION ( 'NONE',  ( 4.316747070439680032E-30, 0.000000000000000000, 1.000000000000000000 ) ) ;
#5829 = CARTESIAN_POINT ( 'NONE',  ( 124.9594733917879381, 121.5320102867271288, 144.9683130291902842 ) ) ;
#5830 = ORIENTED_EDGE ( 'NONE', *, *, #9511, .T. ) ;
#5831 = ORIENTED_EDGE ( 'NONE', *, *, #7755, .F. ) ;
#5832 = FACE_OUTER_BOUND ( 'NONE', #7347, .T. ) ;
#5833 = CARTESIAN_POINT ( 'NONE',  ( 104.6479001739019878, 162.2587965372890153, 130.0501160567393981 ) ) ;
#5834 = DIRECTION ( 'NONE',  ( 0.000000000000000000, -1.000000000000000000, 0.000000000000000000 ) ) ;
#5835 = CARTESIAN_POINT ( 'NONE',  ( 124.9594733917878955, 145.9320102867271487, 172.4501858426164915 ) ) ;
#5836 = VECTOR ( 'NONE', #2280, 999.9999999999998863 ) ;
#5837 = EDGE_CURVE ( 'NONE', #1869, #5338, #2798, .T. ) ;
#5838 = DIRECTION ( 'NONE',  ( -1.000000000000000000, 1.184735462541918124E-15, 4.316747070439680032E-30 ) ) ;
#5839 = ORIENTED_EDGE ( 'NONE', *, *, #3323, .T. ) ;
#5840 = EDGE_LOOP ( 'NONE', ( #3278, #4585, #7664, #5437 ) ) ;
#5841 = CIRCLE ( 'NONE', #3668, 1.199999999999951106 ) ;
#5842 = ORIENTED_EDGE ( 'NONE', *, *, #6464, .T. ) ;
#5843 = LINE ( 'NONE', #5892, #9134 ) ;
#5844 = VERTEX_POINT ( 'NONE', #5014 ) ;
#5845 = ADVANCED_FACE ( 'NONE', ( #6646 ), #4283, .F. ) ;
#5846 = DIRECTION ( 'NONE',  ( 1.360023205165754048E-15, -3.412068829982400571E-15, 1.000000000000000000 ) ) ;
#5847 = CARTESIAN_POINT ( 'NONE',  ( 105.2908226684699997, 116.3659033184497957, 180.5501160567390002 ) ) ;
#5848 = FACE_OUTER_BOUND ( 'NONE', #5850, .T. ) ;
#5849 = ORIENTED_EDGE ( 'NONE', *, *, #7094, .T. ) ;
#5850 = EDGE_LOOP ( 'NONE', ( #4544, #2964, #2364, #5449 ) ) ;
#5851 = VECTOR ( 'NONE', #8671, 1000.000000000000000 ) ;
#5852 = DIRECTION ( 'NONE',  ( -0.4999999999999537037, -0.4999999999999537037, 0.7071067811866129649 ) ) ;
#5853 = DIRECTION ( 'NONE',  ( -1.210939508638132030E-15, -1.000000000000000000, 2.775557561562899979E-17 ) ) ;
#5854 = LINE ( 'NONE', #513, #4365 ) ;
#5855 = EDGE_CURVE ( 'NONE', #7222, #2022, #445, .T. ) ;
#5856 = CARTESIAN_POINT ( 'NONE',  ( 3.199999999999995293, 5.542562584220403821, 0.5999999999999999778 ) ) ;
#5857 =( NAMED_UNIT ( * ) SI_UNIT ( $, .STERADIAN. ) SOLID_ANGLE_UNIT ( ) );
#5858 = CARTESIAN_POINT ( 'NONE',  ( 124.3594733917879012, 121.5320102867271288, 138.9638702296181805 ) ) ;
#5859 = FACE_BOUND ( 'NONE', #2341, .T. ) ;
#5860 = VERTEX_POINT ( 'NONE', #8536 ) ;
#5861 = ORIENTED_EDGE ( 'NONE', *, *, #5297, .F. ) ;
#5862 = VECTOR ( 'NONE', #7370, 999.9999999999998863 ) ;
#5863 = ORIENTED_EDGE ( 'NONE', *, *, #4245, .F. ) ;
#5864 = ORIENTED_EDGE ( 'NONE', *, *, #8528, .T. ) ;
#5865 = AXIS2_PLACEMENT_3D ( 'NONE', #3151, #6096, #5998 ) ;
#5866 = DIRECTION ( 'NONE',  ( 4.660113001930857524E-16, -0.4999999999999996669, -0.8660254037844388186 ) ) ;
#5867 = LINE ( 'NONE', #669, #2209 ) ;
#5868 = EDGE_CURVE ( 'NONE', #428, #209, #8853, .T. ) ;
#5869 = ADVANCED_FACE ( 'NONE', ( #5194 ), #4868, .F. ) ;
#5870 = LINE ( 'NONE', #2732, #8425 ) ;
#5871 = CARTESIAN_POINT ( 'NONE',  ( 123.6663223477646056, 176.4173717997319955, 180.9915374129765269 ) ) ;
#5872 = CARTESIAN_POINT ( 'NONE',  ( 124.9594733917878813, 139.7320102867271316, 176.9535179422955764 ) ) ;
#5873 = VERTEX_POINT ( 'NONE', #494 ) ;
#5874 = EDGE_LOOP ( 'NONE', ( #6473, #1947, #8732, #1446 ) ) ;
#5875 = EDGE_CURVE ( 'NONE', #8755, #9170, #2766, .T. ) ;
#5876 = EDGE_LOOP ( 'NONE', ( #5337, #6329, #603, #2247 ) ) ;
#5877 = CIRCLE ( 'NONE', #5865, 1.699999999999993072 ) ;
#5878 = DIRECTION ( 'NONE',  ( 0.000000000000000000, 2.311468340755600529E-15, -1.000000000000000000 ) ) ;
#5879 = LINE ( 'NONE', #1487, #3902 ) ;
#5880 = EDGE_CURVE ( 'NONE', #3427, #2317, #2698, .T. ) ;
#5881 = DIRECTION ( 'NONE',  ( -4.685093906533305646E-16, -0.8660254037844384856, -0.5000000000000002220 ) ) ;
#5882 = CARTESIAN_POINT ( 'NONE',  ( 24.40000000000003766, -4.887530161224892976E-14, 0.5999999999999999778 ) ) ;
#5883 = CONICAL_SURFACE ( 'NONE', #5111, 1.400000000000028999, 0.7853981633974469467 ) ;
#5884 = CARTESIAN_POINT ( 'NONE',  ( 120.3152600007309871, 125.1904388239949952, 129.0501160567390002 ) ) ;
#5885 = ORIENTED_EDGE ( 'NONE', *, *, #8332, .F. ) ;
#5886 = ORIENTED_EDGE ( 'NONE', *, *, #605, .F. ) ;
#5887 = VERTEX_POINT ( 'NONE', #188 ) ;
#5888 =( GEOMETRIC_REPRESENTATION_CONTEXT ( 3 ) GLOBAL_UNCERTAINTY_ASSIGNED_CONTEXT ( ( #2948 ) ) GLOBAL_UNIT_ASSIGNED_CONTEXT ( ( #999, #3929, #278 ) ) REPRESENTATION_CONTEXT ( 'NONE', 'WORKASPACE' ) );
#5889 = EDGE_CURVE ( 'NONE', #3289, #333, #3752, .T. ) ;
#5890 = ORIENTED_EDGE ( 'NONE', *, *, #6711, .F. ) ;
#5891 = EDGE_CURVE ( 'NONE', #1238, #4954, #5336, .T. ) ;
#5892 = CARTESIAN_POINT ( 'NONE',  ( 5.800000000000002487, -3.117691453623978148, 0.5999999999999999778 ) ) ;
#5893 = ORIENTED_EDGE ( 'NONE', *, *, #3134, .F. ) ;
#5894 = DIRECTION ( 'NONE',  ( -8.306899914445110852E-29, 4.489314163115885020E-15, -1.000000000000000000 ) ) ;
#5895 = FACE_OUTER_BOUND ( 'NONE', #8953, .T. ) ;
#5896 = DIRECTION ( 'NONE',  ( -4.685093906533314520E-16, -0.8660254037844388186, -0.4999999999999998335 ) ) ;
#5897 = ORIENTED_EDGE ( 'NONE', *, *, #5147, .T. ) ;
#5898 = VECTOR ( 'NONE', #3817, 1000.000000000000000 ) ;
#5899 = EDGE_LOOP ( 'NONE', ( #8082, #568, #2941, #5925 ) ) ;
#5900 = EDGE_CURVE ( 'NONE', #8366, #2620, #4125, .T. ) ;
#5901 = CARTESIAN_POINT ( 'NONE',  ( 124.9594733917879950, 154.1587965372885094, 134.0501160567391992 ) ) ;
#5902 = PLANE ( 'NONE',  #1180 ) ;
#5903 = DIRECTION ( 'NONE',  ( 1.744174030142316585E-15, 0.8660254037844394848, -0.4999999999999983902 ) ) ;
#5904 = DIRECTION ( 'NONE',  ( -1.000000000000000000, 8.675024576658348292E-17, 2.094336198688859900E-16 ) ) ;
#5905 = LINE ( 'NONE', #8839, #9258 ) ;
#5906 = SHAPE_DEFINITION_REPRESENTATION ( #6713, #5794 ) ;
#5907 = DIRECTION ( 'NONE',  ( -1.184735462541920096E-15, -1.000000000000000000, -3.379091138490570313E-15 ) ) ;
#5908 = VECTOR ( 'NONE', #208, 1000.000000000000000 ) ;
#5909 = LINE ( 'NONE', #3824, #8301 ) ;
#5910 = EDGE_LOOP ( 'NONE', ( #7709, #1472, #709, #5273, #8797, #2756, #14, #6004, #2415 ) ) ;
#5911 = ORIENTED_EDGE ( 'NONE', *, *, #4791, .T. ) ;
#5912 = ORIENTED_EDGE ( 'NONE', *, *, #7437, .T. ) ;
#5913 = ORIENTED_EDGE ( 'NONE', *, *, #1871, .T. ) ;
#5914 = EDGE_CURVE ( 'NONE', #9439, #1312, #92, .T. ) ;
#5915 = VECTOR ( 'NONE', #7132, 1000.000000000000000 ) ;
#5916 = DIRECTION ( 'NONE',  ( 0.8660254037844384856, 0.5000000000000002220, 0.000000000000000000 ) ) ;
#5917 = LINE ( 'NONE', #3019, #8692 ) ;
#5918 = DIRECTION ( 'NONE',  ( -1.000000000000000000, 1.210939508638132030E-15, -1.277902559593765872E-15 ) ) ;
#5919 = FACE_OUTER_BOUND ( 'NONE', #3653, .T. ) ;
#5920 = LINE ( 'NONE', #5782, #7177 ) ;
#5921 = DIRECTION ( 'NONE',  ( 1.744174030142317572E-15, 0.8660254037844385966, -0.5000000000000001110 ) ) ;
#5922 = ORIENTED_EDGE ( 'NONE', *, *, #3859, .T. ) ;
#5923 = VECTOR ( 'NONE', #4454, 1000.000000000000000 ) ;
#5924 = AXIS2_PLACEMENT_3D ( 'NONE', #4437, #6400, #5680 ) ;
#5925 = ORIENTED_EDGE ( 'NONE', *, *, #7455, .T. ) ;
#5926 = EDGE_CURVE ( 'NONE', #5535, #8366, #8759, .T. ) ;
#5927 = ADVANCED_FACE ( 'NONE', ( #6063 ), #6748, .T. ) ;
#5928 = ORIENTED_EDGE ( 'NONE', *, *, #6867, .F. ) ;
#5929 = AXIS2_PLACEMENT_3D ( 'NONE', #6126, #149, #5349 ) ;
#5930 = FACE_OUTER_BOUND ( 'NONE', #4857, .T. ) ;
#5931 = DIRECTION ( 'NONE',  ( 1.744174030142316585E-15, 0.8660254037844394848, -0.4999999999999983902 ) ) ;
#5932 = LINE ( 'NONE', #2891, #3642 ) ;
#5933 = PLANE ( 'NONE',  #2952 ) ;
#5934 = PLANE ( 'NONE',  #2378 ) ;
#5935 = DIRECTION ( 'NONE',  ( 0.000000000000000000, 0.1260168930201679416, 0.9920280957077494133 ) ) ;
#5936 = ORIENTED_EDGE ( 'NONE', *, *, #4070, .T. ) ;
#5937 = AXIS2_PLACEMENT_3D ( 'NONE', #5143, #8669, #4223 ) ;
#5938 = ADVANCED_FACE ( 'NONE', ( #863 ), #8281, .T. ) ;
#5939 = VERTEX_POINT ( 'NONE', #9044 ) ;
#5940 = FACE_BOUND ( 'NONE', #1402, .T. ) ;
#5941 = ORIENTED_EDGE ( 'NONE', *, *, #1683, .T. ) ;
#5942 = AXIS2_PLACEMENT_3D ( 'NONE', #4938, #9521, #5772 ) ;
#5943 = DIRECTION ( 'NONE',  ( 0.5000000000000000000, -0.8660254037844387076, 0.000000000000000000 ) ) ;
#5944 = CARTESIAN_POINT ( 'NONE',  ( 117.4594733917879950, 149.9496176806353844, 181.0501160567390002 ) ) ;
#5945 = CARTESIAN_POINT ( 'NONE',  ( 134.7799384653969810, 165.2209129696249761, 180.8501160567394948 ) ) ;
#5946 = ORIENTED_EDGE ( 'NONE', *, *, #618, .T. ) ;
#5947 = VECTOR ( 'NONE', #9068, 1000.000000000000000 ) ;
#5948 = ORIENTED_EDGE ( 'NONE', *, *, #8007, .F. ) ;
#5949 = DIRECTION ( 'NONE',  ( 0.000000000000000000, -0.1260168930201894799, -0.9920280957077466377 ) ) ;
#5950 = DIRECTION ( 'NONE',  ( -1.332169591021886064E-15, 0.000000000000000000, 1.000000000000000000 ) ) ;
#5951 = DIRECTION ( 'NONE',  ( 4.316747070439680032E-30, 7.287275863554980679E-15, -1.000000000000000000 ) ) ;
#5952 = DIRECTION ( 'NONE',  ( 1.000000000000000000, -1.184735462541926012E-15, 1.332169591021886064E-15 ) ) ;
#5953 = DIRECTION ( 'NONE',  ( -0.000000000000000000, 0.000000000000000000, 1.000000000000000000 ) ) ;
#5954 = PLANE ( 'NONE',  #7948 ) ;
#5955 = EDGE_CURVE ( 'NONE', #205, #3491, #9063, .T. ) ;
#5956 = LINE ( 'NONE', #8890, #3992 ) ;
#5957 = VERTEX_POINT ( 'NONE', #1575 ) ;
#5958 = ORIENTED_EDGE ( 'NONE', *, *, #4986, .T. ) ;
#5959 = EDGE_LOOP ( 'NONE', ( #104, #3935, #4968, #3891 ) ) ;
#5960 = AXIS2_PLACEMENT_3D ( 'NONE', #6654, #54, #2985 ) ;
#5961 = DIRECTION ( 'NONE',  ( -1.744174030142316585E-15, -0.8660254037844392627, 0.4999999999999986677 ) ) ;
#5962 = DIRECTION ( 'NONE',  ( 1.000000000000000000, -1.210939508638132030E-15, 1.277902559593765872E-15 ) ) ;
#5963 = CARTESIAN_POINT ( 'NONE',  ( 124.3594733917878870, 115.1320102867271231, 145.4301932445419823 ) ) ;
#5964 = DIRECTION ( 'NONE',  ( 1.000000000000000000, -1.184735462541918124E-15, -4.316747070439680032E-30 ) ) ;
#5965 = CARTESIAN_POINT ( 'NONE',  ( 104.6479001739019878, 176.6102683998645091, 180.4501160567394891 ) ) ;
#5966 = EDGE_CURVE ( 'NONE', #3299, #4497, #5239, .T. ) ;
#5967 = DIRECTION ( 'NONE',  ( -1.275664639488986613E-15, -8.326672684688515048E-17, 1.000000000000000000 ) ) ;
#5968 = EDGE_LOOP ( 'NONE', ( #5726, #4874, #7651, #5100 ) ) ;
#5969 = VECTOR ( 'NONE', #466, 1000.000000000000000 ) ;
#5970 = ORIENTED_EDGE ( 'NONE', *, *, #5744, .F. ) ;
#5971 = ORIENTED_EDGE ( 'NONE', *, *, #7757, .T. ) ;
#5972 = EDGE_CURVE ( 'NONE', #6728, #7343, #3169, .T. ) ;
#5973 = CARTESIAN_POINT ( 'NONE',  ( 124.3594733917878870, 115.9320102867271203, 142.6589119524317653 ) ) ;
#5974 = DIRECTION ( 'NONE',  ( -0.8660254037844387076, -0.4999999999999999445, 0.000000000000000000 ) ) ;
#5975 = VECTOR ( 'NONE', #2612, 1000.000000000000000 ) ;
#5976 = PLANE ( 'NONE',  #735 ) ;
#5977 = LINE ( 'NONE', #2936, #651 ) ;
#5978 = CARTESIAN_POINT ( 'NONE',  ( -5.799999999999999822, -10.04589468389949047, -0.000000000000000000 ) ) ;
#5979 = EDGE_CURVE ( 'NONE', #1951, #6872, #1667, .T. ) ;
#5980 = CARTESIAN_POINT ( 'NONE',  ( 124.9594733917879097, 133.7320102867271316, 152.0119863133037370 ) ) ;
#5981 = VERTEX_POINT ( 'NONE', #1001 ) ;
#5982 = ORIENTED_EDGE ( 'NONE', *, *, #3847, .F. ) ;
#5983 = AXIS2_PLACEMENT_3D ( 'NONE', #7727, #977, #1876 ) ;
#5984 = LINE ( 'NONE', #1019, #5599 ) ;
#5985 = EDGE_LOOP ( 'NONE', ( #5913, #193, #1359, #250 ) ) ;
#5986 = EDGE_CURVE ( 'NONE', #7249, #3491, #2291, .T. ) ;
#5987 = FACE_OUTER_BOUND ( 'NONE', #820, .T. ) ;
#5988 = EDGE_CURVE ( 'NONE', #8785, #4721, #2597, .T. ) ;
#5989 = CARTESIAN_POINT ( 'NONE',  ( 6.400000000000002132, 2.771281292110202799, 0.000000000000000000 ) ) ;
#5990 = DIRECTION ( 'NONE',  ( 5.007715329123860808E-16, -1.000000000000000000, 0.000000000000000000 ) ) ;
#5991 = VECTOR ( 'NONE', #4642, 1000.000000000000114 ) ;
#5992 = EDGE_CURVE ( 'NONE', #6285, #2218, #4505, .T. ) ;
#5993 = ORIENTED_EDGE ( 'NONE', *, *, #1393, .F. ) ;
#5994 = VERTEX_POINT ( 'NONE', #4604 ) ;
#5995 = DIRECTION ( 'NONE',  ( -1.000000000000000000, 1.184735462541920096E-15, -6.938893903902909672E-18 ) ) ;
#5997 = DIRECTION ( 'NONE',  ( 0.000000000000000000, 5.658850722243130628E-15, -1.000000000000000000 ) ) ;
#5996 = AXIS2_PLACEMENT_3D ( 'NONE', #8829, #4431, #839 ) ;
#5998 = DIRECTION ( 'NONE',  ( -1.000000000000000000, 0.000000000000000000, 0.000000000000000000 ) ) ;
#5999 = DIRECTION ( 'NONE',  ( 1.042516720265123727E-16, -0.7071067811865460184, -0.7071067811865489050 ) ) ;
#6000 = DIRECTION ( 'NONE',  ( 1.000000000000000000, 6.536849690425969867E-16, -0.000000000000000000 ) ) ;
#6001 = EDGE_CURVE ( 'NONE', #2414, #5232, #2484, .T. ) ;
#6002 = CARTESIAN_POINT ( 'NONE',  ( 24.40000000000000924, -20.78460969082654586, 0.5999999999999999778 ) ) ;
#6003 = CYLINDRICAL_SURFACE ( 'NONE', #6607, 5.150000000000683364 ) ;
#6004 = ORIENTED_EDGE ( 'NONE', *, *, #8472, .F. ) ;
#6005 = ORIENTED_EDGE ( 'NONE', *, *, #3495, .F. ) ;
#6006 = VECTOR ( 'NONE', #7590, 1000.000000000000000 ) ;
#6007 = ORIENTED_EDGE ( 'NONE', *, *, #643, .F. ) ;
#6008 = EDGE_CURVE ( 'NONE', #4116, #3249, #1527, .T. ) ;
#6009 = CARTESIAN_POINT ( 'NONE',  ( 24.40000000000002345, -6.697263122599669494, 0.5999999999999999778 ) ) ;
#6010 = CARTESIAN_POINT ( 'NONE',  ( 103.6479001739019878, 174.2587965372875090, 166.8113888862244778 ) ) ;
#6011 = PRODUCT ( 'Copie de Small Pattern^Main Body Side B_Mini BT Frame - Skirts', 'Copie de Small Pattern^Main Body Side B_Mini BT Frame - Skirts', '', ( #4347 ) ) ;
#6012 = LINE ( 'NONE', #88, #285 ) ;
#6013 = CARTESIAN_POINT ( 'NONE',  ( 12.20000000000000462, -6.581793068761736087, 0.000000000000000000 ) ) ;
#6014 = CARTESIAN_POINT ( 'NONE',  ( 24.20000000000000639, -14.20281662206481066, 0.000000000000000000 ) ) ;
#6015 = VECTOR ( 'NONE', #4861, 1000.000000000000000 ) ;
#6016 = DIRECTION ( 'NONE',  ( 0.000000000000000000, 1.000000000000000000, 0.000000000000000000 ) ) ;
#6017 = VERTEX_POINT ( 'NONE', #7517 ) ;
#6018 = EDGE_LOOP ( 'NONE', ( #789, #1856, #7859, #369 ) ) ;
#6019 = ORIENTED_EDGE ( 'NONE', *, *, #2324, .T. ) ;
#6020 = VECTOR ( 'NONE', #1580, 1000.000000000000000 ) ;
#6021 = EDGE_CURVE ( 'NONE', #1425, #7508, #235, .T. ) ;
#6022 = ORIENTED_EDGE ( 'NONE', *, *, #6761, .T. ) ;
#6023 = CARTESIAN_POINT ( 'NONE',  ( 124.3594733917879012, 133.7320102867271316, 152.7048066363312557 ) ) ;
#6024 = CARTESIAN_POINT ( 'NONE',  ( 115.9594733917876397, 144.9496176806353276, 130.0501160567391992 ) ) ;
#6025 = PLANE ( 'NONE',  #2726 ) ;
#6026 = CARTESIAN_POINT ( 'NONE',  ( 103.4479001739019992, 175.8587965372880149, 140.1698706189444010 ) ) ;
#6027 = DIRECTION ( 'NONE',  ( -1.275664639488985824E-15, 5.704182421957117253E-16, 1.000000000000000000 ) ) ;
#6028 = ORIENTED_EDGE ( 'NONE', *, *, #7964, .F. ) ;
#6029 = VECTOR ( 'NONE', #28, 1000.000000000000000 ) ;
#6030 = DIRECTION ( 'NONE',  ( 4.685093906533303674E-16, 0.8660254037844383745, 0.5000000000000003331 ) ) ;
#6031 = ORIENTED_EDGE ( 'NONE', *, *, #8383, .T. ) ;
#6032 = EDGE_CURVE ( 'NONE', #758, #239, #3443, .T. ) ;
#6033 = VECTOR ( 'NONE', #6220, 999.9999999999998863 ) ;
#6034 = CARTESIAN_POINT ( 'NONE',  ( 114.9689659787189981, 121.6221525309297959, 180.4501160567390059 ) ) ;
#6035 = LINE ( 'NONE', #3044, #6998 ) ;
#6036 = VERTEX_POINT ( 'NONE', #4704 ) ;
#6037 = FACE_OUTER_BOUND ( 'NONE', #2352, .T. ) ;
#6038 = LINE ( 'NONE', #2267, #7038 ) ;
#6039 = CARTESIAN_POINT ( 'NONE',  ( 5.599999999999997868, -10.39230484541326582, 0.5999999999999999778 ) ) ;
#6040 = VECTOR ( 'NONE', #8230, 1000.000000000000000 ) ;
#6041 = ORIENTED_EDGE ( 'NONE', *, *, #216, .T. ) ;
#6042 = EDGE_LOOP ( 'NONE', ( #6551, #7536, #8986, #2213 ) ) ;
#6043 = EDGE_CURVE ( 'NONE', #2655, #7497, #5624, .T. ) ;
#6044 = EDGE_CURVE ( 'NONE', #6699, #2164, #7033, .T. ) ;
#6045 = CARTESIAN_POINT ( 'NONE',  ( 0.3999999999999971911, -6.928203230275511437, 0.5999999999999999778 ) ) ;
#6046 = CARTESIAN_POINT ( 'NONE',  ( 124.9594733917879950, 154.1587965372885094, 134.0501160567391992 ) ) ;
#6047 = DIRECTION ( 'NONE',  ( -0.8660254037844391517, 0.4999999999999991118, 0.000000000000000000 ) ) ;
#6048 = LINE ( 'NONE', #7549, #9159 ) ;
#6049 = ADVANCED_FACE ( 'NONE', ( #332 ), #1046, .F. ) ;
#6050 = PLANE ( 'NONE',  #9366 ) ;
#6051 = CARTESIAN_POINT ( 'NONE',  ( 6.000000000000001776, 3.925981830489454261, 0.5999999999999999778 ) ) ;
#6052 = CARTESIAN_POINT ( 'NONE',  ( 121.9594733917879950, 171.7585906126184909, 137.7001160632314054 ) ) ;
#6053 = VERTEX_POINT ( 'NONE', #9284 ) ;
#6054 = ORIENTED_EDGE ( 'NONE', *, *, #1434, .T. ) ;
#6055 = ORIENTED_EDGE ( 'NONE', *, *, #684, .T. ) ;
#6056 = EDGE_CURVE ( 'NONE', #4571, #5981, #4161, .T. ) ;
#6057 = AXIS2_PLACEMENT_3D ( 'NONE', #8736, #2119, #3190 ) ;
#6058 = CARTESIAN_POINT ( 'NONE',  ( 124.9594733917879950, 170.7982346103519831, 145.2397991069584293 ) ) ;
#6059 = CARTESIAN_POINT ( 'NONE',  ( 103.4479001739019992, 175.8587965372880149, 142.2994946864583881 ) ) ;
#6060 = FACE_OUTER_BOUND ( 'NONE', #4167, .T. ) ;
#6061 = LINE ( 'NONE', #9138, #505 ) ;
#6062 = PLANE ( 'NONE',  #8710 ) ;
#6063 = FACE_OUTER_BOUND ( 'NONE', #7164, .T. ) ;
#6064 = ORIENTED_EDGE ( 'NONE', *, *, #1296, .F. ) ;
#6065 = ORIENTED_EDGE ( 'NONE', *, *, #7207, .F. ) ;
#6066 = ORIENTED_EDGE ( 'NONE', *, *, #808, .F. ) ;
#6067 = AXIS2_PLACEMENT_3D ( 'NONE', #7911, #3647, #6 ) ;
#6068 = EDGE_LOOP ( 'NONE', ( #3969, #9276, #7080, #7521 ) ) ;
#6069 = VERTEX_POINT ( 'NONE', #5574 ) ;
#6070 = CARTESIAN_POINT ( 'NONE',  ( 124.3594733917878870, 133.1320102867271089, 159.0556595974171614 ) ) ;
#6071 = DIRECTION ( 'NONE',  ( 2.003086131649548268E-15, -1.000000000000000000, 0.000000000000000000 ) ) ;
#6072 = PLANE ( 'NONE',  #2256 ) ;
#6073 = DIRECTION ( 'NONE',  ( 0.000000000000000000, -0.8070317052209948772, -0.5905081089774238956 ) ) ;
#6074 = DIRECTION ( 'NONE',  ( -1.000000000000000000, 0.000000000000000000, 0.000000000000000000 ) ) ;
#6075 = AXIS2_PLACEMENT_3D ( 'NONE', #5248, #6801, #8194 ) ;
#6076 = ORIENTED_EDGE ( 'NONE', *, *, #1683, .F. ) ;
#6077 = CARTESIAN_POINT ( 'NONE',  ( 8.800000000000014921, -15.24204710660611717, 0.5999999999999999778 ) ) ;
#6078 = EDGE_CURVE ( 'NONE', #5218, #7129, #3355, .T. ) ;
#6079 = EDGE_LOOP ( 'NONE', ( #6844, #82, #7629, #5799 ) ) ;
#6080 = ORIENTED_EDGE ( 'NONE', *, *, #9465, .T. ) ;
#6081 = VECTOR ( 'NONE', #5619, 1000.000000000000000 ) ;
#6082 = ORIENTED_EDGE ( 'NONE', *, *, #753, .F. ) ;
#6083 = DIRECTION ( 'NONE',  ( 1.000000000000000000, -1.210939508638132030E-15, 1.277902559593765872E-15 ) ) ;
#6084 = DIRECTION ( 'NONE',  ( 6.536849690425969867E-16, -1.000000000000000000, 0.000000000000000000 ) ) ;
#6085 = VERTEX_POINT ( 'NONE', #5433 ) ;
#6086 = DIRECTION ( 'NONE',  ( -0.7071067811865320296, 1.138577688681636167E-14, 0.7071067811865631159 ) ) ;
#6087 = DIRECTION ( 'NONE',  ( 0.000000000000000000, -0.7071067811866168507, 0.7071067811864780728 ) ) ;
#6088 = VECTOR ( 'NONE', #7669, 999.9999999999998863 ) ;
#6089 = LINE ( 'NONE', #3049, #4762 ) ;
#6090 = EDGE_CURVE ( 'NONE', #6911, #4669, #6209, .T. ) ;
#6091 = ORIENTED_EDGE ( 'NONE', *, *, #8038, .F. ) ;
#6092 = ORIENTED_EDGE ( 'NONE', *, *, #2568, .T. ) ;
#6093 = ORIENTED_EDGE ( 'NONE', *, *, #2078, .T. ) ;
#6094 = VECTOR ( 'NONE', #4174, 1000.000000000000000 ) ;
#6095 = PLANE ( 'NONE',  #76 ) ;
#6096 = DIRECTION ( 'NONE',  ( 0.000000000000000000, -4.326681131221240423E-15, 1.000000000000000000 ) ) ;
#6097 = DIRECTION ( 'NONE',  ( 4.685093906533303674E-16, 0.8660254037844383745, 0.5000000000000003331 ) ) ;
#6098 = CARTESIAN_POINT ( 'NONE',  ( 123.6420582790520086, 176.3587931559684989, 180.8501160567394948 ) ) ;
#6099 = CARTESIAN_POINT ( 'NONE',  ( 124.9594733917879950, 148.0337965372830240, 180.6501160567395061 ) ) ;
#6100 = FACE_OUTER_BOUND ( 'NONE', #1855, .T. ) ;
#6101 = ADVANCED_FACE ( 'NONE', ( #7125 ), #2674, .F. ) ;
#6102 = VERTEX_POINT ( 'NONE', #9141 ) ;
#6103 = VECTOR ( 'NONE', #3295, 1000.000000000000000 ) ;
#6104 = ORIENTED_EDGE ( 'NONE', *, *, #4684, .F. ) ;
#6105 = ORIENTED_EDGE ( 'NONE', *, *, #6292, .F. ) ;
#6106 = PLANE ( 'NONE',  #6885 ) ;
#6107 = AXIS2_PLACEMENT_3D ( 'NONE', #5458, #4107, #8322 ) ;
#6108 = DIRECTION ( 'NONE',  ( -1.000000000000000000, 0.000000000000000000, 0.000000000000000000 ) ) ;
#6109 = CARTESIAN_POINT ( 'NONE',  ( 121.9594733917879950, 175.1585906126184966, 134.3001160632313997 ) ) ;
#6110 = DIRECTION ( 'NONE',  ( -1.743504668820874398E-15, -0.4999999999999992228, 0.8660254037844391517 ) ) ;
#6111 = DIRECTION ( 'NONE',  ( -1.000000000000000000, 3.039539424122980267E-29, -3.285328468285970480E-15 ) ) ;
#6112 = CARTESIAN_POINT ( 'NONE',  ( 23.80000000000000782, -13.50999629903726174, 0.5999999999999999778 ) ) ;
#6113 = DIRECTION ( 'NONE',  ( -1.000000000000000000, -1.632680918566406399E-14, 0.000000000000000000 ) ) ;
#6114 = EDGE_CURVE ( 'NONE', #2315, #6238, #9336, .T. ) ;
#6115 = EDGE_LOOP ( 'NONE', ( #271, #4643, #1142, #3269 ) ) ;
#6116 = EDGE_CURVE ( 'NONE', #2873, #7441, #3518, .T. ) ;
#6117 = VERTEX_POINT ( 'NONE', #4795 ) ;
#6118 = ORIENTED_EDGE ( 'NONE', *, *, #5966, .F. ) ;
#6119 = VECTOR ( 'NONE', #3006, 1000.000000000000000 ) ;
#6120 = ORIENTED_EDGE ( 'NONE', *, *, #1129, .T. ) ;
#6121 = VERTEX_POINT ( 'NONE', #2533 ) ;
#6122 = CARTESIAN_POINT ( 'NONE',  ( 18.40000000000001634, -24.01777119828843965, 0.5999999999999999778 ) ) ;
#6123 = DIRECTION ( 'NONE',  ( 1.332169591021890008E-15, 3.379091138490570313E-15, -1.000000000000000000 ) ) ;
#6124 = FACE_OUTER_BOUND ( 'NONE', #5968, .T. ) ;
#6125 = LINE ( 'NONE', #9056, #347 ) ;
#6126 = CARTESIAN_POINT ( 'NONE',  ( 24.40000000000000924, -20.78460969082654586, 0.000000000000000000 ) ) ;
#6127 = VECTOR ( 'NONE', #6175, 1000.000000000000000 ) ;
#6128 = ORIENTED_EDGE ( 'NONE', *, *, #1977, .T. ) ;
#6129 = CARTESIAN_POINT ( 'NONE',  ( 121.5594733917879893, 173.4585906126184796, 136.0001160632313884 ) ) ;
#6130 = VERTEX_POINT ( 'NONE', #2580 ) ;
#6131 = VECTOR ( 'NONE', #1524, 1000.000000000000000 ) ;
#6132 = VECTOR ( 'NONE', #987, 1000.000000000000114 ) ;
#6133 = FACE_OUTER_BOUND ( 'NONE', #321, .T. ) ;
#6134 = CARTESIAN_POINT ( 'NONE',  ( 103.4479001739019992, 174.2587965372875090, 166.8113888862244778 ) ) ;
#6135 = EDGE_CURVE ( 'NONE', #4721, #9337, #8420, .T. ) ;
#6136 = CARTESIAN_POINT ( 'NONE',  ( 104.6479001739019878, 176.6587965372885094, 167.7004093984704980 ) ) ;
#6137 = DIRECTION ( 'NONE',  ( -8.092255008292050625E-31, -4.326681131221240423E-15, 1.000000000000000000 ) ) ;
#6138 = LINE ( 'NONE', #7775, #4607 ) ;
#6139 = EDGE_LOOP ( 'NONE', ( #759, #5928, #7557, #3224 ) ) ;
#6140 = VERTEX_POINT ( 'NONE', #7749 ) ;
#6141 = AXIS2_PLACEMENT_3D ( 'NONE', #2555, #5505, #8443 ) ;
#6142 = ORIENTED_EDGE ( 'NONE', *, *, #2543, .T. ) ;
#6143 = LINE ( 'NONE', #1600, #3285 ) ;
#6144 = ADVANCED_FACE ( 'NONE', ( #9239 ), #8512, .F. ) ;
#6145 = ORIENTED_EDGE ( 'NONE', *, *, #6169, .T. ) ;
#6146 = CARTESIAN_POINT ( 'NONE',  ( 103.8479001739019907, 171.4583834233364996, 142.2994943533564083 ) ) ;
#6147 = DIRECTION ( 'NONE',  ( 0.000000000000000000, 0.000000000000000000, 1.000000000000000000 ) ) ;
#6148 = LINE ( 'NONE', #8547, #9172 ) ;
#6149 = VECTOR ( 'NONE', #6940, 1000.000000000000114 ) ;
#6150 = FACE_OUTER_BOUND ( 'NONE', #4742, .T. ) ;
#6151 = VERTEX_POINT ( 'NONE', #4113 ) ;
#6152 = ORIENTED_EDGE ( 'NONE', *, *, #3576, .T. ) ;
#6153 = ORIENTED_EDGE ( 'NONE', *, *, #3957, .T. ) ;
#6154 = AXIS2_PLACEMENT_3D ( 'NONE', #6433, #7161, #2124 ) ;
#6155 = ADVANCED_FACE ( 'NONE', ( #469 ), #1945, .F. ) ;
#6156 = PLANE ( 'NONE',  #260 ) ;
#6157 = LINE ( 'NONE', #4648, #2474 ) ;
#6158 = CARTESIAN_POINT ( 'NONE',  ( 97.10416572089670240, 112.6587965372632141, 130.5501160567390002 ) ) ;
#6159 = FACE_OUTER_BOUND ( 'NONE', #2465, .T. ) ;
#6160 = CARTESIAN_POINT ( 'NONE',  ( 23.60000000000000497, -21.01554979850239491, 0.000000000000000000 ) ) ;
#6161 = FACE_OUTER_BOUND ( 'NONE', #9195, .T. ) ;
#6162 = CARTESIAN_POINT ( 'NONE',  ( 121.5594733917879893, 175.1585906126184966, 176.8500716728244981 ) ) ;
#6163 = VERTEX_POINT ( 'NONE', #6985 ) ;
#6164 = ORIENTED_EDGE ( 'NONE', *, *, #451, .F. ) ;
#6165 = CIRCLE ( 'NONE', #4138, 1.700000000000007061 ) ;
#6166 = VECTOR ( 'NONE', #2064, 999.9999999999998863 ) ;
#6167 = ORIENTED_EDGE ( 'NONE', *, *, #7187, .F. ) ;
#6168 = ORIENTED_EDGE ( 'NONE', *, *, #1329, .T. ) ;
#6169 = EDGE_CURVE ( 'NONE', #3024, #6069, #1233, .T. ) ;
#6170 = ORIENTED_EDGE ( 'NONE', *, *, #9495, .F. ) ;
#6171 = ADVANCED_FACE ( 'NONE', ( #6258, #9190, #5530, #662, #3674, #8033, #3582, #2914, #9435, #1328, #4989, #5859, #7172, #4940, #2722, #8794 ), #5773, .F. ) ;
#6172 = VECTOR ( 'NONE', #8005, 1000.000000000000000 ) ;
#6173 = CARTESIAN_POINT ( 'NONE',  ( 17.60000000000000497, -16.62768775266122745, 0.000000000000000000 ) ) ;
#6174 = LINE ( 'NONE', #824, #5768 ) ;
#6175 = DIRECTION ( 'NONE',  ( -1.275664639488984049E-15, 1.919819404802658766E-15, 1.000000000000000000 ) ) ;
#6176 = DIRECTION ( 'NONE',  ( -1.000000000000000000, 1.210939508638132030E-15, -1.277902559593765872E-15 ) ) ;
#6177 = CARTESIAN_POINT ( 'NONE',  ( 118.9594733917870855, 177.2587965372891006, 130.0501160567393413 ) ) ;
#6178 = EDGE_CURVE ( 'NONE', #1749, #205, #1671, .T. ) ;
#6179 = ORIENTED_EDGE ( 'NONE', *, *, #6816, .T. ) ;
#6180 = FACE_OUTER_BOUND ( 'NONE', #5472, .T. ) ;
#6181 = ORIENTED_EDGE ( 'NONE', *, *, #3823, .T. ) ;
#6182 = VECTOR ( 'NONE', #963, 1000.000000000000000 ) ;
#6183 = EDGE_CURVE ( 'NONE', #2103, #8389, #2774, .T. ) ;
#6184 = CARTESIAN_POINT ( 'NONE',  ( 124.3594733917878870, 121.1320102867271231, 152.5893365824933596 ) ) ;
#6185 = FACE_OUTER_BOUND ( 'NONE', #5874, .T. ) ;
#6186 = AXIS2_PLACEMENT_3D ( 'NONE', #2527, #7836, #7744 ) ;
#6187 = CARTESIAN_POINT ( 'NONE',  ( 11.80000000000000249, -7.274613391789286787, 0.5999999999999999778 ) ) ;
#6188 = DIRECTION ( 'NONE',  ( -1.275664639488986613E-15, -8.326672684688515048E-17, 1.000000000000000000 ) ) ;
#6189 = DIRECTION ( 'NONE',  ( 0.000000000000000000, -0.7071067811865336949, -0.7071067811865614505 ) ) ;
#6190 = ADVANCED_FACE ( 'NONE', ( #757 ), #8079, .T. ) ;
#6191 = ORIENTED_EDGE ( 'NONE', *, *, #3967, .F. ) ;
#6192 = ORIENTED_EDGE ( 'NONE', *, *, #5972, .T. ) ;
#6193 = DIRECTION ( 'NONE',  ( 0.000000000000000000, 3.379091138490570313E-15, -1.000000000000000000 ) ) ;
#6194 = VERTEX_POINT ( 'NONE', #1281 ) ;
#6195 = CARTESIAN_POINT ( 'NONE',  ( 117.8100015415119941, 176.5587931559685160, 181.0501160567395118 ) ) ;
#6196 = CARTESIAN_POINT ( 'NONE',  ( 123.7249009915269937, 176.5587931559685160, 181.0501160567395118 ) ) ;
#6197 = VECTOR ( 'NONE', #8418, 1000.000000000000000 ) ;
#6198 = CARTESIAN_POINT ( 'NONE',  ( 124.3594733917878870, 127.5320102867271146, 149.3561750750314445 ) ) ;
#6199 = ORIENTED_EDGE ( 'NONE', *, *, #3270, .F. ) ;
#6200 = EDGE_CURVE ( 'NONE', #4291, #6699, #5817, .T. ) ;
#6201 = EDGE_LOOP ( 'NONE', ( #1354, #9447, #7203, #4706 ) ) ;
#6202 = EDGE_LOOP ( 'NONE', ( #4965, #4972, #5946, #5936 ) ) ;
#6203 = DIRECTION ( 'NONE',  ( 0.000000000000000000, -0.1260168930201893966, -0.9920280957077467487 ) ) ;
#6204 = PLANE ( 'NONE',  #6186 ) ;
#6205 = DIRECTION ( 'NONE',  ( 4.685093906533291841E-16, 0.8660254037844381525, 0.5000000000000009992 ) ) ;
#6206 = DIRECTION ( 'NONE',  ( 1.000000000000000000, -1.210939508638132030E-15, 1.277902559593765872E-15 ) ) ;
#6207 = CARTESIAN_POINT ( 'NONE',  ( 18.20000000000000284, -31.52332469775358348, -0.000000000000000000 ) ) ;
#6208 = FACE_OUTER_BOUND ( 'NONE', #556, .T. ) ;
#6209 = LINE ( 'NONE', #7077, #7384 ) ;
#6210 = ORIENTED_EDGE ( 'NONE', *, *, #8354, .F. ) ;
#6211 = ORIENTED_EDGE ( 'NONE', *, *, #1631, .F. ) ;
#6212 = ADVANCED_FACE ( 'NONE', ( #1993 ), #1374, .T. ) ;
#6213 = EDGE_LOOP ( 'NONE', ( #1144, #381, #8515, #5800 ) ) ;
#6214 = ORIENTED_EDGE ( 'NONE', *, *, #3246, .F. ) ;
#6215 = VECTOR ( 'NONE', #2779, 1000.000000000000000 ) ;
#6216 = ORIENTED_EDGE ( 'NONE', *, *, #1631, .T. ) ;
#6217 = CARTESIAN_POINT ( 'NONE',  ( 124.9594733917879950, 175.1585906126184966, 136.0001160632313884 ) ) ;
#6218 = LINE ( 'NONE', #3362, #7310 ) ;
#6219 = CARTESIAN_POINT ( 'NONE',  ( 124.9594733917878955, 121.1320102867271231, 145.6611333522178313 ) ) ;
#6220 = DIRECTION ( 'NONE',  ( 0.8660254037844388186, 0.4999999999999998335, 0.000000000000000000 ) ) ;
#6221 = CARTESIAN_POINT ( 'NONE',  ( 115.7199540685230090, 129.3613257594832078, 176.0501160567390002 ) ) ;
#6222 = VECTOR ( 'NONE', #6084, 1000.000000000000000 ) ;
#6223 = DIRECTION ( 'NONE',  ( 0.7071067811865510144, 0.7071067811865441310, 5.428901907842351013E-15 ) ) ;
#6224 = EDGE_CURVE ( 'NONE', #1177, #6897, #8751, .T. ) ;
#6226 = ADVANCED_FACE ( 'NONE', ( #7221 ), #3490, .F. ) ;
#6225 = ORIENTED_EDGE ( 'NONE', *, *, #4274, .F. ) ;
#6227 = VECTOR ( 'NONE', #1676, 1000.000000000000000 ) ;
#6228 = PLANE ( 'NONE',  #9246 ) ;
#6229 = PLANE ( 'NONE',  #1131 ) ;
#6230 = DIRECTION ( 'NONE',  ( 0.000000000000000000, -1.000000000000000000, -1.181088324069320141E-14 ) ) ;
#6231 = DIRECTION ( 'NONE',  ( -1.702654967114127421E-22, -1.437160500478691247E-07, 0.9999999999999896749 ) ) ;
#6232 = CARTESIAN_POINT ( 'NONE',  ( 124.9594733917879097, 127.1320102867271373, 142.6589119524317653 ) ) ;
#6233 = DIRECTION ( 'NONE',  ( -1.000000000000000000, 1.210939508638132030E-15, -1.277902559593765872E-15 ) ) ;
#6234 = EDGE_CURVE ( 'NONE', #8917, #3426, #6442, .T. ) ;
#6235 = ADVANCED_FACE ( 'NONE', ( #7270 ), #9385, .F. ) ;
#6236 = VECTOR ( 'NONE', #2287, 1000.000000000000114 ) ;
#6237 = AXIS2_PLACEMENT_3D ( 'NONE', #3938, #6898, #798 ) ;
#6238 = VERTEX_POINT ( 'NONE', #2823 ) ;
#6239 = ORIENTED_EDGE ( 'NONE', *, *, #6914, .T. ) ;
#6240 = ORIENTED_EDGE ( 'NONE', *, *, #8869, .T. ) ;
#6241 = DIRECTION ( 'NONE',  ( 1.184735462541918124E-15, 1.000000000000000000, 3.379091138490570313E-15 ) ) ;
#6242 = ORIENTED_EDGE ( 'NONE', *, *, #420, .T. ) ;
#6243 = VECTOR ( 'NONE', #1696, 1000.000000000000000 ) ;
#6244 = DIRECTION ( 'NONE',  ( 1.000000000000000000, 1.723050136371060368E-14, 2.391212417478331719E-28 ) ) ;
#6245 = LINE ( 'NONE', #9177, #4236 ) ;
#6246 = DIRECTION ( 'NONE',  ( 4.685093906533309590E-16, 0.8660254037844387076, 0.5000000000000001110 ) ) ;
#6247 = ORIENTED_EDGE ( 'NONE', *, *, #6952, .T. ) ;
#6248 = CIRCLE ( 'NONE', #8090, 1.200000000000006617 ) ;
#6249 = ORIENTED_EDGE ( 'NONE', *, *, #1200, .F. ) ;
#6250 = DIRECTION ( 'NONE',  ( -4.660113001930841747E-16, 0.5000000000000004441, 0.8660254037844384856 ) ) ;
#6251 = CARTESIAN_POINT ( 'NONE',  ( 124.5594733917880035, 112.1587965372627593, 176.9088832157515299 ) ) ;
#6252 = DIRECTION ( 'NONE',  ( 0.000000000000000000, -0.7071067811865336949, -0.7071067811865614505 ) ) ;
#6253 = ADVANCED_FACE ( 'NONE', ( #8707 ), #5132, .F. ) ;
#6254 = LINE ( 'NONE', #7890, #1652 ) ;
#6255 = FILL_AREA_STYLE ('',( #9237 ) ) ;
#6256 = CARTESIAN_POINT ( 'NONE',  ( 103.4479001739019992, 175.1585906126184966, 175.1500716728245095 ) ) ;
#6257 = AXIS2_PLACEMENT_3D ( 'NONE', #468, #8419, #4066 ) ;
#6258 = FACE_BOUND ( 'NONE', #879, .T. ) ;
#6259 = ORIENTED_EDGE ( 'NONE', *, *, #2621, .F. ) ;
#6260 = ORIENTED_EDGE ( 'NONE', *, *, #6021, .F. ) ;
#6261 = ORIENTED_EDGE ( 'NONE', *, *, #1277, .T. ) ;
#6262 = VERTEX_POINT ( 'NONE', #7363 ) ;
#6263 = AXIS2_PLACEMENT_3D ( 'NONE', #6619, #21, #2950 ) ;
#6264 = CARTESIAN_POINT ( 'NONE',  ( 103.4479001739019992, 171.7585906126184909, 175.1500716728245095 ) ) ;
#6265 = LINE ( 'NONE', #1907, #4151 ) ;
#6266 = DIRECTION ( 'NONE',  ( -0.7071067811865436870, -0.08910724971331676625, -0.7014698126423787317 ) ) ;
#6267 = EDGE_CURVE ( 'NONE', #8538, #190, #7316, .T. ) ;
#6268 = DIRECTION ( 'NONE',  ( 1.332169591021890008E-15, 3.379091138490570313E-15, -1.000000000000000000 ) ) ;
#6269 = DIRECTION ( 'NONE',  ( -1.000000000000000000, -5.007715329123860808E-16, 0.000000000000000000 ) ) ;
#6270 = CARTESIAN_POINT ( 'NONE',  ( 134.9213598216350078, 165.3623343258620082, 180.8501160567394948 ) ) ;
#6271 = VECTOR ( 'NONE', #7097, 1000.000000000000000 ) ;
#6272 = LINE ( 'NONE', #6077, #5079 ) ;
#6273 = ORIENTED_EDGE ( 'NONE', *, *, #7592, .F. ) ;
#6274 = ADVANCED_FACE ( 'NONE', ( #6585 ), #6003, .T. ) ;
#6275 = DIRECTION ( 'NONE',  ( -0.5000000000000008882, -0.8660254037844381525, 0.000000000000000000 ) ) ;
#6276 = LINE ( 'NONE', #5547, #2354 ) ;
#6277 = ADVANCED_FACE ( 'NONE', ( #1700 ), #851, .F. ) ;
#6278 = LINE ( 'NONE', #9162, #1940 ) ;
#6279 = CARTESIAN_POINT ( 'NONE',  ( 121.9594733917879950, 144.7087965372757878, 155.7501160567389888 ) ) ;
#6280 = CARTESIAN_POINT ( 'NONE',  ( 124.0592155665779899, 175.9416358684430008, 181.0501160567395118 ) ) ;
#6281 = CARTESIAN_POINT ( 'NONE',  ( 124.3594733917879012, 139.5320102867271146, 155.3606178746035766 ) ) ;
#6282 = PLANE ( 'NONE',  #616 ) ;
#6283 = VECTOR ( 'NONE', #4601, 999.9999999999998863 ) ;
#6284 = ORIENTED_EDGE ( 'NONE', *, *, #6883, .F. ) ;
#6285 = VERTEX_POINT ( 'NONE', #8220 ) ;
#6286 = DIRECTION ( 'NONE',  ( -1.743504668820874792E-15, -0.4999999999999998335, 0.8660254037844388186 ) ) ;
#6287 = EDGE_CURVE ( 'NONE', #2261, #5435, #945, .T. ) ;
#6288 = ORIENTED_EDGE ( 'NONE', *, *, #4741, .F. ) ;
#6289 = ADVANCED_FACE ( 'NONE', ( #1516 ), #7600, .T. ) ;
#6290 = LINE ( 'NONE', #6195, #3648 ) ;
#6291 = DIRECTION ( 'NONE',  ( 0.000000000000000000, 1.000000000000000000, 9.251858538542962756E-15 ) ) ;
#6292 = EDGE_CURVE ( 'NONE', #4352, #4402, #7553, .T. ) ;
#6293 = CARTESIAN_POINT ( 'NONE',  ( 121.7594733917879921, 175.9304320314805068, 134.3001160632313997 ) ) ;
#6294 = ORIENTED_EDGE ( 'NONE', *, *, #3483, .F. ) ;
#6295 = ORIENTED_EDGE ( 'NONE', *, *, #4675, .T. ) ;
#6296 = EDGE_CURVE ( 'NONE', #8177, #8176, #6783, .T. ) ;
#6297 = DIRECTION ( 'NONE',  ( -3.134179675087600274E-31, 3.379091138490570313E-15, -1.000000000000000000 ) ) ;
#6298 = CARTESIAN_POINT ( 'NONE',  ( 124.9594733917878955, 140.3320102867271544, 162.7507013202307746 ) ) ;
#6299 = FACE_OUTER_BOUND ( 'NONE', #261, .T. ) ;
#6300 = LINE ( 'NONE', #328, #1504 ) ;
#6301 = DIRECTION ( 'NONE',  ( -0.8660254037844385966, 0.5000000000000002220, 0.000000000000000000 ) ) ;
#6302 = DIRECTION ( 'NONE',  ( 1.000000000000000000, -2.803871407298020192E-29, -1.822593198525094951E-22 ) ) ;
#6303 = ORIENTED_EDGE ( 'NONE', *, *, #4549, .F. ) ;
#6304 = ORIENTED_EDGE ( 'NONE', *, *, #643, .T. ) ;
#6305 = AXIS2_PLACEMENT_3D ( 'NONE', #6830, #4541, #7456 ) ;
#6307 = EDGE_CURVE ( 'NONE', #2136, #7400, #7535, .T. ) ;
#6306 = VECTOR ( 'NONE', #6246, 999.9999999999998863 ) ;
#6308 = ORIENTED_EDGE ( 'NONE', *, *, #7014, .F. ) ;
#6309 = PLANE ( 'NONE',  #4995 ) ;
#6310 = CARTESIAN_POINT ( 'NONE',  ( 29.20000000000003126, -17.32050807568879591, -0.000000000000000000 ) ) ;
#6311 = DIRECTION ( 'NONE',  ( 0.000000000000000000, 0.000000000000000000, 1.000000000000000000 ) ) ;
#6312 = DIRECTION ( 'NONE',  ( -0.5000000000000001110, 0.8660254037844385966, 0.000000000000000000 ) ) ;
#6313 = CARTESIAN_POINT ( 'NONE',  ( 121.9594733917879950, 144.7087965372757878, 155.7501160567389888 ) ) ;
#6314 = CARTESIAN_POINT ( 'NONE',  ( 30.40000000000002700, -17.08956796801294331, 0.5999999999999999778 ) ) ;
#6315 = AXIS2_PLACEMENT_3D ( 'NONE', #319, #3252, #2521 ) ;
#6316 = DIRECTION ( 'NONE',  ( -1.000000000000000000, 1.184735462541918124E-15, 2.740251226258260273E-29 ) ) ;
#6317 = VERTEX_POINT ( 'NONE', #8173 ) ;
#6318 = EDGE_CURVE ( 'NONE', #297, #1485, #2373, .T. ) ;
#6319 = AXIS2_PLACEMENT_3D ( 'NONE', #3336, #9213, #6189 ) ;
#6320 = CARTESIAN_POINT ( 'NONE',  ( 124.3594733917879154, 139.1320102867271089, 148.6633547520038974 ) ) ;
#6321 = LINE ( 'NONE', #535, #8062 ) ;
#6322 = LINE ( 'NONE', #5548, #5654 ) ;
#6323 = LINE ( 'NONE', #4280, #6344 ) ;
#6324 = LINE ( 'NONE', #264, #9472 ) ;
#6325 = LINE ( 'NONE', #3514, #6166 ) ;
#6326 = AXIS2_PLACEMENT_3D ( 'NONE', #9307, #4181, #7193 ) ;
#6327 = CARTESIAN_POINT ( 'NONE',  ( 124.5594733917879893, 112.1587965372632141, 130.5501160567390002 ) ) ;
#6328 = EDGE_CURVE ( 'NONE', #2655, #4571, #5909, .T. ) ;
#6329 = ORIENTED_EDGE ( 'NONE', *, *, #4436, .T. ) ;
#6330 = ORIENTED_EDGE ( 'NONE', *, *, #2214, .F. ) ;
#6331 = VECTOR ( 'NONE', #3646, 1000.000000000000000 ) ;
#6332 = FACE_OUTER_BOUND ( 'NONE', #3300, .T. ) ;
#6333 = ORIENTED_EDGE ( 'NONE', *, *, #5045, .F. ) ;
#6334 = CARTESIAN_POINT ( 'NONE',  ( 24.40000000000003766, -4.887530161224892976E-14, 0.5999999999999999778 ) ) ;
#6335 = DIRECTION ( 'NONE',  ( -1.000000000000000000, 1.210939508638132030E-15, -1.277902559593765872E-15 ) ) ;
#6336 = LINE ( 'NONE', #3387, #1680 ) ;
#6337 = VECTOR ( 'NONE', #7888, 1000.000000000000000 ) ;
#6338 = EDGE_CURVE ( 'NONE', #6036, #3912, #5323, .T. ) ;
#6339 = ORIENTED_EDGE ( 'NONE', *, *, #1779, .F. ) ;
#6340 = EDGE_CURVE ( 'NONE', #3356, #6911, #3776, .T. ) ;
#6341 = VERTEX_POINT ( 'NONE', #225 ) ;
#6342 = EDGE_CURVE ( 'NONE', #3528, #3052, #2753, .T. ) ;
#6343 = AXIS2_PLACEMENT_3D ( 'NONE', #4338, #8690, #1932 ) ;
#6344 = VECTOR ( 'NONE', #5746, 1000.000000000000114 ) ;
#6345 = DIRECTION ( 'NONE',  ( 1.744174030142317374E-15, 0.8660254037844387076, -0.4999999999999998890 ) ) ;
#6346 = LINE ( 'NONE', #6933, #5410 ) ;
#6347 = CARTESIAN_POINT ( 'NONE',  ( 103.4479001739019992, 175.4587965372880092, 145.2896251811484092 ) ) ;
#6348 = CARTESIAN_POINT ( 'NONE',  ( 124.3594733917878870, 121.5320102867271288, 145.4301932445419823 ) ) ;
#6349 = LINE ( 'NONE', #6984, #5482 ) ;
#6350 = DIRECTION ( 'NONE',  ( 1.744174030142317966E-15, 0.8660254037844381525, -0.5000000000000007772 ) ) ;
#6351 = ORIENTED_EDGE ( 'NONE', *, *, #4890, .T. ) ;
#6352 = EDGE_LOOP ( 'NONE', ( #7321, #7825, #1038, #2188, #7844, #9156, #5631, #9402 ) ) ;
#6353 = ORIENTED_EDGE ( 'NONE', *, *, #1447, .F. ) ;
#6354 = ADVANCED_FACE ( 'NONE', ( #6100 ), #2424, .F. ) ;
#6355 = VECTOR ( 'NONE', #8479, 1000.000000000000000 ) ;
#6356 = ORIENTED_EDGE ( 'NONE', *, *, #8201, .F. ) ;
#6357 = VERTEX_POINT ( 'NONE', #4445 ) ;
#6358 = CARTESIAN_POINT ( 'NONE',  ( 104.6479001739019878, 176.5587931559685160, 180.8501160567394948 ) ) ;
#6359 = LINE ( 'NONE', #4713, #5451 ) ;
#6360 = LINE ( 'NONE', #3320, #3958 ) ;
#6361 = DIRECTION ( 'NONE',  ( 1.000000000000000000, 0.000000000000000000, -0.000000000000000000 ) ) ;
#6362 = CARTESIAN_POINT ( 'NONE',  ( 124.5594733917879893, 177.2587965372885037, 130.4501160567394038 ) ) ;
#6363 = CARTESIAN_POINT ( 'NONE',  ( 105.8479001739020049, 174.2587965372875090, 168.8506931385974781 ) ) ;
#6364 = ORIENTED_EDGE ( 'NONE', *, *, #8884, .T. ) ;
#6365 = DIRECTION ( 'NONE',  ( 0.000000000000000000, 7.287275863554980679E-15, -1.000000000000000000 ) ) ;
#6366 = CARTESIAN_POINT ( 'NONE',  ( 124.9594733917878955, 121.1320102867271231, 145.6611333522178313 ) ) ;
#6367 = LINE ( 'NONE', #537, #4559 ) ;
#6368 = LINE ( 'NONE', #7817, #1562 ) ;
#6369 = LINE ( 'NONE', #4090, #3607 ) ;
#6370 = VECTOR ( 'NONE', #3328, 1000.000000000000000 ) ;
#6371 = ADVANCED_FACE ( 'NONE', ( #34 ), #2233, .F. ) ;
#6372 = DIRECTION ( 'NONE',  ( -0.7071067811865310304, 0.7071067811865640040, 0.000000000000000000 ) ) ;
#6373 = DIRECTION ( 'NONE',  ( 1.000000000000000000, 0.000000000000000000, 0.000000000000000000 ) ) ;
#6374 = ORIENTED_EDGE ( 'NONE', *, *, #2773, .F. ) ;
#6375 = VECTOR ( 'NONE', #9079, 1000.000000000000000 ) ;
#6376 = EDGE_LOOP ( 'NONE', ( #4576, #8190, #971, #2548, #3815 ) ) ;
#6377 = VECTOR ( 'NONE', #4076, 1000.000000000000114 ) ;
#6378 = ORIENTED_EDGE ( 'NONE', *, *, #109, .F. ) ;
#6379 = CARTESIAN_POINT ( 'NONE',  ( 124.3594733917879012, 124.7320102867271174, 139.8876306603215767 ) ) ;
#6380 = EDGE_LOOP ( 'NONE', ( #1004, #8157, #8449, #6092 ) ) ;
#6381 = EDGE_CURVE ( 'NONE', #5164, #3985, #805, .T. ) ;
#6382 = CARTESIAN_POINT ( 'NONE',  ( 124.9594733917879950, 112.6587965372632141, 130.5501160567390002 ) ) ;
#6383 = CARTESIAN_POINT ( 'NONE',  ( 115.7594733917879921, 119.9496176806359955, 167.0501160567430077 ) ) ;
#6384 = VECTOR ( 'NONE', #373, 1000.000000000000000 ) ;
#6385 = LINE ( 'NONE', #8022, #8153 ) ;
#6386 = ORIENTED_EDGE ( 'NONE', *, *, #6610, .F. ) ;
#6387 = EDGE_LOOP ( 'NONE', ( #3358, #6710, #4399, #6240, #4083, #1098, #5425, #7648, #2488 ) ) ;
#6388 = VECTOR ( 'NONE', #1442, 1000.000000000000000 ) ;
#6389 = LINE ( 'NONE', #5081, #2877 ) ;
#6390 = CARTESIAN_POINT ( 'NONE',  ( 12.39999999999999503, -13.62546635287516850, 0.5999999999999999778 ) ) ;
#6391 = CYLINDRICAL_SURFACE ( 'NONE', #7320, 0.4999999999999979461 ) ;
#6392 = EDGE_CURVE ( 'NONE', #5291, #2738, #5956, .T. ) ;
#6393 = CARTESIAN_POINT ( 'NONE',  ( 124.5594733917879893, 116.0123499278558086, 180.9036694473319926 ) ) ;
#6394 = CARTESIAN_POINT ( 'NONE',  ( -0.1999999999999999278, 0.3464101615137755164, 0.000000000000000000 ) ) ;
#6395 = DIRECTION ( 'NONE',  ( -4.685093906533325367E-16, -0.8660254037844391517, -0.4999999999999992228 ) ) ;
#6396 = ORIENTED_EDGE ( 'NONE', *, *, #3747, .F. ) ;
#6397 = VECTOR ( 'NONE', #8045, 999.9999999999998863 ) ;
#6398 = ORIENTED_EDGE ( 'NONE', *, *, #984, .T. ) ;
#6399 = VERTEX_POINT ( 'NONE', #5228 ) ;
#6400 = DIRECTION ( 'NONE',  ( -4.660113001930839775E-16, 0.5000000000000004441, 0.8660254037844383745 ) ) ;
#6401 = VECTOR ( 'NONE', #8935, 1000.000000000000000 ) ;
#6402 = DIRECTION ( 'NONE',  ( 0.000000000000000000, 1.000000000000000000, 9.251858538542962756E-15 ) ) ;
#6403 = DIRECTION ( 'NONE',  ( 4.316747070439680032E-30, 0.000000000000000000, 1.000000000000000000 ) ) ;
#6404 = EDGE_CURVE ( 'NONE', #282, #9158, #3525, .T. ) ;
#6405 = EDGE_CURVE ( 'NONE', #1718, #1238, #5423, .T. ) ;
#6406 = FACE_OUTER_BOUND ( 'NONE', #1660, .T. ) ;
#6407 = DIRECTION ( 'NONE',  ( -1.000000000000000000, 0.000000000000000000, 4.316747070439680032E-30 ) ) ;
#6408 = DIRECTION ( 'NONE',  ( -0.4999999999999537037, -0.4999999999999537037, 0.7071067811866129649 ) ) ;
#6409 = VERTEX_POINT ( 'NONE', #6293 ) ;
#6411 = EDGE_CURVE ( 'NONE', #4709, #3026, #6336, .T. ) ;
#6410 = DIRECTION ( 'NONE',  ( 0.000000000000000000, 1.437160500478689394E-07, -0.9999999999999896749 ) ) ;
#6412 = ORIENTED_EDGE ( 'NONE', *, *, #784, .F. ) ;
#6413 = AXIS2_PLACEMENT_3D ( 'NONE', #2998, #5167, #8207 ) ;
#6414 = LINE ( 'NONE', #4910, #322 ) ;
#6415 = LINE ( 'NONE', #7143, #4822 ) ;
#6416 = CARTESIAN_POINT ( 'NONE',  ( -5.800000000000003375, -10.04589468389948870, -0.000000000000000000 ) ) ;
#6417 = CARTESIAN_POINT ( 'NONE',  ( 121.9594733917879950, 175.1585906126184966, 134.3001160632313997 ) ) ;
#6418 = CARTESIAN_POINT ( 'NONE',  ( 105.8479001739020049, 171.4583834233364996, 142.2994943533564083 ) ) ;
#6419 = PRESENTATION_LAYER_ASSIGNMENT (  '', '', ( #1335 ) ) ;
#6420 = CARTESIAN_POINT ( 'NONE',  ( 124.3594733917879012, 124.3320102867271260, 140.5804509833491238 ) ) ;
#6421 = LINE ( 'NONE', #2749, #1226 ) ;
#6422 = VERTEX_POINT ( 'NONE', #8363 ) ;
#6423 = ORIENTED_EDGE ( 'NONE', *, *, #5300, .T. ) ;
#6424 = VECTOR ( 'NONE', #9357, 1000.000000000000000 ) ;
#6425 = VERTEX_POINT ( 'NONE', #9128 ) ;
#6426 = EDGE_CURVE ( 'NONE', #6085, #6036, #7068, .T. ) ;
#6427 = CARTESIAN_POINT ( 'NONE',  ( 124.3594733917878870, 121.3320102867271260, 145.0837830830282087 ) ) ;
#6428 = ORIENTED_EDGE ( 'NONE', *, *, #1544, .F. ) ;
#6429 = DIRECTION ( 'NONE',  ( -1.744174030142316980E-15, -0.8660254037844393737, 0.4999999999999987232 ) ) ;
#6430 = CARTESIAN_POINT ( 'NONE',  ( 124.0592155665779899, 176.2244785809180030, 181.0501160567395118 ) ) ;
#6431 = EDGE_LOOP ( 'NONE', ( #8334, #3885, #2293, #8915 ) ) ;
#6432 = VECTOR ( 'NONE', #5395, 999.9999999999998863 ) ;
#6433 = CARTESIAN_POINT ( 'NONE',  ( 124.9594733917878955, 115.7320102867271174, 141.6196814678904445 ) ) ;
#6434 = ORIENTED_EDGE ( 'NONE', *, *, #2179, .T. ) ;
#6435 = ORIENTED_EDGE ( 'NONE', *, *, #2487, .T. ) ;
#6436 = EDGE_CURVE ( 'NONE', #6498, #903, #1748, .T. ) ;
#6437 = VECTOR ( 'NONE', #3441, 1000.000000000000000 ) ;
#6438 = PLANE ( 'NONE',  #267 ) ;
#6439 = CARTESIAN_POINT ( 'NONE',  ( 103.4479001739019992, 171.0583833419400150, 168.8506935557235238 ) ) ;
#6440 = CARTESIAN_POINT ( 'NONE',  ( 115.9594733917876397, 144.9496176806352992, 130.0501160567391423 ) ) ;
#6441 = DIRECTION ( 'NONE',  ( 2.175639865542969846E-30, 4.500833762534980384E-15, -1.000000000000000000 ) ) ;
#6442 = LINE ( 'NONE', #6494, #5062 ) ;
#6443 = ORIENTED_EDGE ( 'NONE', *, *, #9285, .T. ) ;
#6444 = ORIENTED_EDGE ( 'NONE', *, *, #5543, .F. ) ;
#6445 = VERTEX_POINT ( 'NONE', #6198 ) ;
#6446 = EDGE_LOOP ( 'NONE', ( #1609, #8777, #5912, #5450 ) ) ;
#6447 = EDGE_CURVE ( 'NONE', #4954, #8538, #8502, .T. ) ;
#6448 = AXIS2_PLACEMENT_3D ( 'NONE', #6382, #7158, #6479 ) ;
#6449 = DIRECTION ( 'NONE',  ( -1.277493368627791998E-15, -1.000000000000000000, 1.919819404802657188E-15 ) ) ;
#6450 = LINE ( 'NONE', #1861, #3856 ) ;
#6451 = LINE ( 'NONE', #7323, #1141 ) ;
#6452 = CARTESIAN_POINT ( 'NONE',  ( 118.0699540685230176, 169.3613257594830088, 181.0501160567395118 ) ) ;
#6453 = CARTESIAN_POINT ( 'NONE',  ( 23.80000000000000782, -13.50999629903726174, 0.000000000000000000 ) ) ;
#6454 = DIRECTION ( 'NONE',  ( 1.000000000000000000, -1.184735462541918124E-15, -4.316747070439680032E-30 ) ) ;
#6455 = ORIENTED_EDGE ( 'NONE', *, *, #3576, .F. ) ;
#6456 = VECTOR ( 'NONE', #8900, 1000.000000000000114 ) ;
#6457 = CARTESIAN_POINT ( 'NONE',  ( 103.8479001739019907, 174.2587965372875090, 166.8113888862244778 ) ) ;
#6458 = ORIENTED_EDGE ( 'NONE', *, *, #4084, .F. ) ;
#6459 = EDGE_CURVE ( 'NONE', #2887, #7023, #9178, .T. ) ;
#6460 = EDGE_CURVE ( 'NONE', #3123, #6553, #4692, .T. ) ;
#6461 = AXIS2_PLACEMENT_3D ( 'NONE', #4248, #2077, #5075 ) ;
#6462 = DIRECTION ( 'NONE',  ( -1.000000000000000000, 0.000000000000000000, -1.570000712152655020E-15 ) ) ;
#6463 = DIRECTION ( 'NONE',  ( 0.000000000000000000, -0.1260166810503295654, -0.9920281226341617353 ) ) ;
#6464 = EDGE_CURVE ( 'NONE', #6069, #948, #1033, .T. ) ;
#6465 = DIRECTION ( 'NONE',  ( 1.000000000000000000, 0.000000000000000000, 0.000000000000000000 ) ) ;
#6466 = DIRECTION ( 'NONE',  ( 1.000000000000000000, -1.210939508638132030E-15, 1.277902559593765872E-15 ) ) ;
#6467 = DIRECTION ( 'NONE',  ( -1.275664639488986613E-15, -8.326672684688515048E-17, 1.000000000000000000 ) ) ;
#6468 = CARTESIAN_POINT ( 'NONE',  ( 124.3594733917879012, 151.1320102867271657, 163.4435216432583218 ) ) ;
#6470 = DIRECTION ( 'NONE',  ( 0.000000000000000000, -7.287275863554980679E-15, 1.000000000000000000 ) ) ;
#6469 = PRODUCT_DEFINITION_SHAPE ( 'NONE', 'NONE',  #8595 ) ;
#6471 = EDGE_LOOP ( 'NONE', ( #9288, #5675, #4979, #3494 ) ) ;
#6472 = VECTOR ( 'NONE', #9457, 1000.000000000000000 ) ;
#6473 = ORIENTED_EDGE ( 'NONE', *, *, #747, .T. ) ;
#6474 = EDGE_CURVE ( 'NONE', #5304, #1625, #4794, .T. ) ;
#6475 = ORIENTED_EDGE ( 'NONE', *, *, #1088, .F. ) ;
#6476 = PLANE ( 'NONE',  #981 ) ;
#6477 = ORIENTED_EDGE ( 'NONE', *, *, #5676, .F. ) ;
#6478 = VECTOR ( 'NONE', #3504, 1000.000000000000000 ) ;
#6479 = DIRECTION ( 'NONE',  ( 0.000000000000000000, -0.7071067811865475727, -0.7071067811865475727 ) ) ;
#6480 = CARTESIAN_POINT ( 'NONE',  ( 124.9594733917878955, 145.5320102867271430, 165.7529227200168123 ) ) ;
#6481 = ADVANCED_FACE ( 'NONE', ( #3206 ), #9081, .F. ) ;
#6482 = FACE_OUTER_BOUND ( 'NONE', #166, .T. ) ;
#6483 = ORIENTED_EDGE ( 'NONE', *, *, #5122, .T. ) ;
#6484 = AXIS2_PLACEMENT_3D ( 'NONE', #3892, #243, #3177 ) ;
#6485 = EDGE_LOOP ( 'NONE', ( #3171, #3706, #1566, #880 ) ) ;
#6486 = DIRECTION ( 'NONE',  ( -4.685093906533314520E-16, -0.8660254037844388186, -0.4999999999999998335 ) ) ;
#6487 = CARTESIAN_POINT ( 'NONE',  ( 124.9594733917878955, 127.1320102867271373, 148.6633547520038974 ) ) ;
#6488 = CARTESIAN_POINT ( 'NONE',  ( 124.3594733917879154, 127.7320102867271174, 134.6914782376149446 ) ) ;
#6489 = DIRECTION ( 'NONE',  ( -0.000000000000000000, -1.000000000000000000, 0.000000000000000000 ) ) ;
#6490 = SHAPE_DEFINITION_REPRESENTATION ( #6469, #5741 ) ;
#6491 = CARTESIAN_POINT ( 'NONE',  ( 103.8479001739019907, 172.6583833419400094, 168.8506933095804925 ) ) ;
#6492 = VECTOR ( 'NONE', #8894, 1000.000000000000000 ) ;
#6493 = ADVANCED_FACE ( 'NONE', ( #6150 ), #1934, .T. ) ;
#6494 = CARTESIAN_POINT ( 'NONE',  ( 24.40000000000001990, -27.01999259807449860, 0.5999999999999999778 ) ) ;
#6495 = EDGE_LOOP ( 'NONE', ( #7039, #8965, #498, #1237 ) ) ;
#6496 = EDGE_LOOP ( 'NONE', ( #5544, #3002, #6638, #1811 ) ) ;
#6497 = ORIENTED_EDGE ( 'NONE', *, *, #8780, .F. ) ;
#6498 = VERTEX_POINT ( 'NONE', #2614 ) ;
#6499 = VECTOR ( 'NONE', #9250, 1000.000000000000000 ) ;
#6500 = LINE ( 'NONE', #8134, #478 ) ;
#6501 = DIRECTION ( 'NONE',  ( 0.000000000000000000, 0.000000000000000000, -1.000000000000000000 ) ) ;
#6502 = FACE_OUTER_BOUND ( 'NONE', #4596, .T. ) ;
#6503 = CARTESIAN_POINT ( 'NONE',  ( 104.6479001739019878, 176.7759538248139961, 172.1503116178934931 ) ) ;
#6504 = LINE ( 'NONE', #5872, #3317 ) ;
#6505 = EDGE_CURVE ( 'NONE', #2426, #8544, #6931, .T. ) ;
#6506 = AXIS2_PLACEMENT_3D ( 'NONE', #8946, #9091, #186 ) ;
#6507 = ORIENTED_EDGE ( 'NONE', *, *, #7356, .F. ) ;
#6508 = ORIENTED_EDGE ( 'NONE', *, *, #1155, .F. ) ;
#6509 = LINE ( 'NONE', #6556, #8166 ) ;
#6510 = DIRECTION ( 'NONE',  ( 1.000000000000000000, -1.232504460548322048E-29, 1.332169591021896121E-15 ) ) ;
#6511 = PRESENTATION_STYLE_ASSIGNMENT (( #3601 ) ) ;
#6512 = PLANE ( 'NONE',  #2018 ) ;
#6513 = DIRECTION ( 'NONE',  ( 0.8660254037844382635, 0.5000000000000006661, 0.000000000000000000 ) ) ;
#6514 = ADVANCED_FACE ( 'NONE', ( #8409 ), #6927, .T. ) ;
#6515 = EDGE_CURVE ( 'NONE', #426, #1282, #5541, .T. ) ;
#6516 = LINE ( 'NONE', #3423, #6472 ) ;
#6517 = VERTEX_POINT ( 'NONE', #4737 ) ;
#6518 = ORIENTED_EDGE ( 'NONE', *, *, #6529, .T. ) ;
#6519 = ORIENTED_EDGE ( 'NONE', *, *, #6923, .F. ) ;
#6520 = FACE_BOUND ( 'NONE', #8174, .T. ) ;
#6521 = ORIENTED_EDGE ( 'NONE', *, *, #8594, .T. ) ;
#6522 = ADVANCED_FACE ( 'NONE', ( #365 ), #1125, .F. ) ;
#6523 = PRODUCT_DEFINITION_CONTEXT ( 'detailed design', #9452, 'design' ) ;
#6524 = FACE_OUTER_BOUND ( 'NONE', #2042, .T. ) ;
#6525 = EDGE_CURVE ( 'NONE', #4413, #4190, #4103, .T. ) ;
#6526 = CARTESIAN_POINT ( 'NONE',  ( 124.7594733917880063, 113.0502178935069963, 177.6586947005080219 ) ) ;
#6527 = LINE ( 'NONE', #8693, #2128 ) ;
#6528 = VECTOR ( 'NONE', #5694, 1000.000000000000000 ) ;
#6529 = EDGE_CURVE ( 'NONE', #2907, #9032, #4930, .T. ) ;
#6530 = ORIENTED_EDGE ( 'NONE', *, *, #2143, .F. ) ;
#6531 = ORIENTED_EDGE ( 'NONE', *, *, #3092, .T. ) ;
#6532 = FACE_OUTER_BOUND ( 'NONE', #6540, .T. ) ;
#6533 = VECTOR ( 'NONE', #7994, 1000.000000000000000 ) ;
#6534 = DIRECTION ( 'NONE',  ( -1.210939508638132030E-15, -1.000000000000000000, 2.775557561562899979E-17 ) ) ;
#6535 = DIRECTION ( 'NONE',  ( 1.275664639488986613E-15, 8.326672684688515048E-17, -1.000000000000000000 ) ) ;
#6536 = CARTESIAN_POINT ( 'NONE',  ( -5.200000000000001066, 3.464101615137755719, 0.5999999999999999778 ) ) ;
#6537 = APPLICATION_PROTOCOL_DEFINITION ( 'draft international standard', 'automotive_design', 1998, #6676 ) ;
#6538 = DIRECTION ( 'NONE',  ( 0.000000000000000000, 1.000000000000000000, 0.000000000000000000 ) ) ;
#6539 = CARTESIAN_POINT ( 'NONE',  ( 121.5594733917879893, 173.4585906126184796, 175.1500716728245095 ) ) ;
#6540 = EDGE_LOOP ( 'NONE', ( #6750, #6333, #3016, #4068 ) ) ;
#6541 = ORIENTED_EDGE ( 'NONE', *, *, #7066, .F. ) ;
#6542 = ORIENTED_EDGE ( 'NONE', *, *, #5632, .F. ) ;
#6543 = EDGE_LOOP ( 'NONE', ( #5484, #5603, #3133, #2610, #6661 ) ) ;
#6544 = EDGE_CURVE ( 'NONE', #2414, #5067, #6527, .T. ) ;
#6545 = CARTESIAN_POINT ( 'NONE',  ( 121.1590591315069929, 177.2587965372885037, 144.3022190898703911 ) ) ;
#6546 = CARTESIAN_POINT ( 'NONE',  ( 120.4594733917879950, 149.9496176806353844, 167.0501160567390002 ) ) ;
#6547 = DIRECTION ( 'NONE',  ( 2.175639865542969846E-30, 4.500833762534980384E-15, -1.000000000000000000 ) ) ;
#6548 = CARTESIAN_POINT ( 'NONE',  ( 121.7594733917879921, 170.9867491937569923, 137.7001160632314054 ) ) ;
#6549 = DIRECTION ( 'NONE',  ( 1.744174030142317572E-15, 0.8660254037844385966, -0.4999999999999999445 ) ) ;
#6550 = AXIS2_PLACEMENT_3D ( 'NONE', #8100, #1491, #5013 ) ;
#6551 = ORIENTED_EDGE ( 'NONE', *, *, #8002, .T. ) ;
#6552 = ORIENTED_EDGE ( 'NONE', *, *, #7394, .F. ) ;
#6553 = VERTEX_POINT ( 'NONE', #4976 ) ;
#6554 = AXIS2_PLACEMENT_3D ( 'NONE', #3411, #4902, #2591 ) ;
#6555 = ADVANCED_FACE ( 'NONE', ( #650 ), #8596, .T. ) ;
#6556 = CARTESIAN_POINT ( 'NONE',  ( 124.3594733917879154, 139.9320102867271487, 145.4301932445419823 ) ) ;
#6557 = FACE_OUTER_BOUND ( 'NONE', #7832, .T. ) ;
#6558 = LINE ( 'NONE', #4327, #3258 ) ;
#6559 = CARTESIAN_POINT ( 'NONE',  ( 9.200000000000015277, -15.93486742963367142, -0.000000000000000000 ) ) ;
#6560 = VECTOR ( 'NONE', #6875, 1000.000000000000000 ) ;
#6561 = DIRECTION ( 'NONE',  ( 1.000000000000000000, -1.165921621825713967E-15, 1.481062580737441945E-16 ) ) ;
#6562 = VERTEX_POINT ( 'NONE', #7212 ) ;
#6563 = ORIENTED_EDGE ( 'NONE', *, *, #3369, .T. ) ;
#6564 = ORIENTED_EDGE ( 'NONE', *, *, #2813, .T. ) ;
#6565 = ADVANCED_FACE ( 'NONE', ( #5121 ), #506, .T. ) ;
#6566 = AXIS2_PLACEMENT_3D ( 'NONE', #4530, #7350, #6087 ) ;
#6567 = DIRECTION ( 'NONE',  ( 0.8660254037844383745, 0.5000000000000003331, 0.000000000000000000 ) ) ;
#6568 = ORIENTED_EDGE ( 'NONE', *, *, #888, .T. ) ;
#6569 = LINE ( 'NONE', #2949, #298 ) ;
#6570 = CARTESIAN_POINT ( 'NONE',  ( 103.4479001739019992, 174.2587965372880205, 145.2896251811484092 ) ) ;
#6571 = ORIENTED_EDGE ( 'NONE', *, *, #8394, .F. ) ;
#6572 = LINE ( 'NONE', #2903, #3837 ) ;
#6573 = ORIENTED_EDGE ( 'NONE', *, *, #288, .F. ) ;
#6574 = ORIENTED_EDGE ( 'NONE', *, *, #5914, .F. ) ;
#6575 = ADVANCED_FACE ( 'NONE', ( #3571 ), #7977, .F. ) ;
#6576 = EDGE_CURVE ( 'NONE', #7812, #3568, #9423, .T. ) ;
#6577 = ORIENTED_EDGE ( 'NONE', *, *, #3507, .T. ) ;
#6578 = FACE_OUTER_BOUND ( 'NONE', #6042, .T. ) ;
#6579 = VECTOR ( 'NONE', #8717, 1000.000000000000000 ) ;
#6580 = DIRECTION ( 'NONE',  ( 0.8660254037844384856, 0.5000000000000002220, 0.000000000000000000 ) ) ;
#6581 = DIRECTION ( 'NONE',  ( 0.000000000000000000, 4.326681131221240423E-15, -1.000000000000000000 ) ) ;
#6582 = EDGE_CURVE ( 'NONE', #4403, #2189, #5841, .T. ) ;
#6583 = CARTESIAN_POINT ( 'NONE',  ( 124.9594733917879097, 133.7320102867271316, 145.7766034060557558 ) ) ;
#6584 = CARTESIAN_POINT ( 'NONE',  ( 103.4479001739019992, 162.2587965372890153, 130.6501160567393924 ) ) ;
#6585 = FACE_OUTER_BOUND ( 'NONE', #8434, .T. ) ;
#6586 = ORIENTED_EDGE ( 'NONE', *, *, #5522, .T. ) ;
#6587 = ORIENTED_EDGE ( 'NONE', *, *, #2156, .T. ) ;
#6588 = ORIENTED_EDGE ( 'NONE', *, *, #6827, .T. ) ;
#6589 = VECTOR ( 'NONE', #44, 1000.000000000000000 ) ;
#6590 = ORIENTED_EDGE ( 'NONE', *, *, #7002, .T. ) ;
#6591 = EDGE_CURVE ( 'NONE', #5531, #2282, #6572, .T. ) ;
#6592 = DIRECTION ( 'NONE',  ( 0.000000000000000000, 0.000000000000000000, 1.000000000000000000 ) ) ;
#6593 = CARTESIAN_POINT ( 'NONE',  ( 124.9594733917879097, 133.9320102867271203, 145.4301932445419823 ) ) ;
#6594 = CARTESIAN_POINT ( 'NONE',  ( 124.9594733917879239, 138.7320102867271316, 141.9660916294042465 ) ) ;
#6595 = PLANE ( 'NONE',  #8808 ) ;
#6596 = CARTESIAN_POINT ( 'NONE',  ( 105.8479001739020049, 174.2587965372875090, 166.8113888862244778 ) ) ;
#6597 = VERTEX_POINT ( 'NONE', #7927 ) ;
#6598 = ORIENTED_EDGE ( 'NONE', *, *, #6459, .F. ) ;
#6599 = ADVANCED_FACE ( 'NONE', ( #5848 ), #1316, .T. ) ;
#6600 = EDGE_LOOP ( 'NONE', ( #8926, #5302, #4626, #320 ) ) ;
#6601 = VECTOR ( 'NONE', #2653, 1000.000000000000000 ) ;
#6602 = CARTESIAN_POINT ( 'NONE',  ( 103.4479001739019992, 112.1587965372632141, 126.4301566396462135 ) ) ;
#6603 = CARTESIAN_POINT ( 'NONE',  ( 124.3594733917879154, 133.5320102867271146, 138.0401097989147559 ) ) ;
#6604 = PLANE ( 'NONE',  #5033 ) ;
#6605 = DIRECTION ( 'NONE',  ( -1.000000000000000000, 0.000000000000000000, -1.570000712152655020E-15 ) ) ;
#6606 = DIRECTION ( 'NONE',  ( 1.000000000000000000, 0.000000000000000000, 0.000000000000000000 ) ) ;
#6607 = AXIS2_PLACEMENT_3D ( 'NONE', #8126, #1657, #6737 ) ;
#6608 = EDGE_LOOP ( 'NONE', ( #6564, #226, #4194, #6294, #4732 ) ) ;
#6609 = LINE ( 'NONE', #8866, #2454 ) ;
#6610 = EDGE_CURVE ( 'NONE', #1751, #8025, #4438, .T. ) ;
#6611 = VERTEX_POINT ( 'NONE', #3432 ) ;
#6612 = ORIENTED_EDGE ( 'NONE', *, *, #5632, .T. ) ;
#6613 = ORIENTED_EDGE ( 'NONE', *, *, #3833, .T. ) ;
#6614 = VECTOR ( 'NONE', #3956, 1000.000000000000000 ) ;
#6615 = VERTEX_POINT ( 'NONE', #9324 ) ;
#6616 = DIRECTION ( 'NONE',  ( 4.685093906533309590E-16, 0.8660254037844385966, 0.5000000000000001110 ) ) ;
#6617 = ORIENTED_EDGE ( 'NONE', *, *, #2500, .T. ) ;
#6618 = PLANE ( 'NONE',  #7831 ) ;
#6619 = CARTESIAN_POINT ( 'NONE',  ( 124.9594733917878955, 127.1320102867271373, 155.8224980899552463 ) ) ;
#6620 = VECTOR ( 'NONE', #3652, 1000.000000000000000 ) ;
#6621 = FACE_OUTER_BOUND ( 'NONE', #9420, .T. ) ;
#6622 = EDGE_CURVE ( 'NONE', #3249, #732, #6385, .T. ) ;
#6623 = ORIENTED_EDGE ( 'NONE', *, *, #2080, .T. ) ;
#6624 = ORIENTED_EDGE ( 'NONE', *, *, #5554, .F. ) ;
#6625 = VECTOR ( 'NONE', #3853, 1000.000000000000114 ) ;
#6626 = CARTESIAN_POINT ( 'NONE',  ( 124.9594733917879950, 154.1587965372885094, 134.0501160567391992 ) ) ;
#6627 = SURFACE_SIDE_STYLE ('',( #8264 ) ) ;
#6628 = CARTESIAN_POINT ( 'NONE',  ( 124.9594733917878955, 145.1320102867271089, 166.4457430430443878 ) ) ;
#6629 = CARTESIAN_POINT ( 'NONE',  ( 124.3594733917878870, 121.3320102867271260, 145.0837830830282087 ) ) ;
#6630 = CARTESIAN_POINT ( 'NONE',  ( 123.6663223477646056, 176.4173717997319955, 180.9915374129765269 ) ) ;
#6631 = LINE ( 'NONE', #7891, #1169 ) ;
#6632 = CARTESIAN_POINT ( 'NONE',  ( 0.000000000000000000, 0.000000000000000000, 0.000000000000000000 ) ) ;
#6633 = ADVANCED_FACE ( 'NONE', ( #6482 ), #5805, .F. ) ;
#6634 = ORIENTED_EDGE ( 'NONE', *, *, #5868, .F. ) ;
#6635 = ADVANCED_FACE ( 'NONE', ( #8741 ), #1269, .T. ) ;
#6636 = ORIENTED_EDGE ( 'NONE', *, *, #8765, .T. ) ;
#6637 = VECTOR ( 'NONE', #3361, 1000.000000000000000 ) ;
#6638 = ORIENTED_EDGE ( 'NONE', *, *, #4508, .T. ) ;
#6639 = ORIENTED_EDGE ( 'NONE', *, *, #3664, .T. ) ;
#6640 = VECTOR ( 'NONE', #6674, 1000.000000000000000 ) ;
#6641 = FACE_OUTER_BOUND ( 'NONE', #8132, .T. ) ;
#6642 = FACE_OUTER_BOUND ( 'NONE', #6741, .T. ) ;
#6643 = DIRECTION ( 'NONE',  ( 1.000000000000000000, -1.184735462541926012E-15, 1.332169591021886064E-15 ) ) ;
#6644 = PLANE ( 'NONE',  #9113 ) ;
#6645 = DIRECTION ( 'NONE',  ( 0.5000000000000000000, -0.8660254037844387076, 0.000000000000000000 ) ) ;
#6646 = FACE_OUTER_BOUND ( 'NONE', #6213, .T. ) ;
#6647 = ADVANCED_FACE ( 'NONE', ( #553 ), #9373, .T. ) ;
#6648 = VERTEX_POINT ( 'NONE', #1410 ) ;
#6649 = ORIENTED_EDGE ( 'NONE', *, *, #5926, .T. ) ;
#6650 = VECTOR ( 'NONE', #7772, 1000.000000000000000 ) ;
#6651 = ORIENTED_EDGE ( 'NONE', *, *, #3039, .F. ) ;
#6652 = CARTESIAN_POINT ( 'NONE',  ( 24.20000000000000639, -21.13101985234031943, 0.000000000000000000 ) ) ;
#6653 = DIRECTION ( 'NONE',  ( 0.000000000000000000, 1.000000000000000000, 9.251858538542962756E-15 ) ) ;
#6654 = CARTESIAN_POINT ( 'NONE',  ( 103.6479001739019878, 172.6583833419400094, 168.8506933095804925 ) ) ;
#6655 = DIRECTION ( 'NONE',  ( 0.000000000000000000, -0.9999999999999881206, 1.538396592654851002E-07 ) ) ;
#6656 = CARTESIAN_POINT ( 'NONE',  ( 124.9594733917878813, 139.9320102867271487, 169.4479644428304255 ) ) ;
#6657 = LINE ( 'NONE', #2258, #4920 ) ;
#6658 = ORIENTED_EDGE ( 'NONE', *, *, #5446, .F. ) ;
#6659 = ORIENTED_EDGE ( 'NONE', *, *, #3214, .F. ) ;
#6660 = VERTEX_POINT ( 'NONE', #4340 ) ;
#6661 = ORIENTED_EDGE ( 'NONE', *, *, #2946, .F. ) ;
#6662 = DIRECTION ( 'NONE',  ( 0.7071067811865465735, -0.7071067811865485719, -3.059425567918422974E-15 ) ) ;
#6663 = ADVANCED_FACE ( 'NONE', ( #1645 ), #6821, .F. ) ;
#6664 = VERTEX_POINT ( 'NONE', #2269 ) ;
#6665 = LINE ( 'NONE', #8065, #9522 ) ;
#6666 = CARTESIAN_POINT ( 'NONE',  ( 124.5594733917879893, 148.0337965372830240, 181.0501160567390002 ) ) ;
#6667 = DIRECTION ( 'NONE',  ( 1.000000000000000000, 0.000000000000000000, -0.000000000000000000 ) ) ;
#6668 = ORIENTED_EDGE ( 'NONE', *, *, #9040, .F. ) ;
#6669 = VECTOR ( 'NONE', #8834, 1000.000000000000000 ) ;
#6670 = VERTEX_POINT ( 'NONE', #5168 ) ;
#6671 = PLANE ( 'NONE',  #3581 ) ;
#6672 = EDGE_CURVE ( 'NONE', #3208, #8105, #5216, .T. ) ;
#6673 = DIRECTION ( 'NONE',  ( 0.7071067811865485719, 0.7071067811865464625, 4.001411719420503724E-15 ) ) ;
#6674 = DIRECTION ( 'NONE',  ( 1.000000000000000000, -1.210939508638132030E-15, 1.277902559593765872E-15 ) ) ;
#6675 = PLANE ( 'NONE',  #73 ) ;
#6676 = APPLICATION_CONTEXT ( 'automotive_design' ) ;
#6677 = LINE ( 'NONE', #222, #121 ) ;
#6678 = FACE_OUTER_BOUND ( 'NONE', #4849, .T. ) ;
#6679 = VECTOR ( 'NONE', #2356, 999.9999999999998863 ) ;
#6680 = DIRECTION ( 'NONE',  ( 0.000000000000000000, 1.000000000000000000, 0.000000000000000000 ) ) ;
#6681 = EDGE_LOOP ( 'NONE', ( #9436, #6518, #1062, #8376 ) ) ;
#6682 = ORIENTED_EDGE ( 'NONE', *, *, #7946, .F. ) ;
#6683 = ORIENTED_EDGE ( 'NONE', *, *, #8222, .T. ) ;
#6684 = EDGE_CURVE ( 'NONE', #3910, #1331, #6089, .T. ) ;
#6685 = ORIENTED_EDGE ( 'NONE', *, *, #6505, .T. ) ;
#6686 = EDGE_LOOP ( 'NONE', ( #4376, #1293, #4906, #4115 ) ) ;
#6687 = AXIS2_PLACEMENT_3D ( 'NONE', #431, #342, #2588 ) ;
#6688 = EDGE_CURVE ( 'NONE', #4291, #2993, #887, .T. ) ;
#6689 = CYLINDRICAL_SURFACE ( 'NONE', #486, 3.000000000000002665 ) ;
#6690 = LINE ( 'NONE', #8135, #8530 ) ;
#6691 = LINE ( 'NONE', #1572, #6283 ) ;
#6692 = LINE ( 'NONE', #815, #2181 ) ;
#6693 = LINE ( 'NONE', #1711, #6716 ) ;
#6694 = DIRECTION ( 'NONE',  ( 0.000000000000000000, 1.000000000000000000, 0.000000000000000000 ) ) ;
#6695 = VERTEX_POINT ( 'NONE', #935 ) ;
#6696 = ORIENTED_EDGE ( 'NONE', *, *, #2606, .T. ) ;
#6697 = VECTOR ( 'NONE', #9026, 1000.000000000000114 ) ;
#6698 = AXIS2_PLACEMENT_3D ( 'NONE', #6379, #6286, #4193 ) ;
#6699 = VERTEX_POINT ( 'NONE', #3662 ) ;
#6700 = EDGE_LOOP ( 'NONE', ( #7730, #7490, #7411, #6849 ) ) ;
#6701 = ADVANCED_FACE ( 'NONE', ( #1457 ), #3144, .T. ) ;
#6702 = EDGE_LOOP ( 'NONE', ( #3889, #6587, #9493, #8248, #4424, #6055, #4139, #8731, #2149, #6696, #2330, #3219, #1577, #652, #2008, #1998, #8881, #8212 ) ) ;
#6703 = EDGE_CURVE ( 'NONE', #1659, #3186, #5262, .T. ) ;
#6704 = VECTOR ( 'NONE', #875, 1000.000000000000000 ) ;
#6705 = DIRECTION ( 'NONE',  ( 0.8660254037844387076, -0.4999999999999998335, 0.000000000000000000 ) ) ;
#6706 = CARTESIAN_POINT ( 'NONE',  ( 124.9594733917878955, 115.7320102867271174, 141.6196814678904445 ) ) ;
#6707 = DIRECTION ( 'NONE',  ( -1.000000000000000000, 1.184735462541918124E-15, 4.316747070439680032E-30 ) ) ;
#6708 = CARTESIAN_POINT ( 'NONE',  ( -6.400000000000002132, 0.000000000000000000, 0.5999999999999999778 ) ) ;
#6709 = CARTESIAN_POINT ( 'NONE',  ( 103.4479001739019992, 174.1075765200275214, 170.0411268857585014 ) ) ;
#6710 = ORIENTED_EDGE ( 'NONE', *, *, #3392, .T. ) ;
#6711 = EDGE_CURVE ( 'NONE', #8176, #2389, #5312, .T. ) ;
#6712 = EDGE_CURVE ( 'NONE', #284, #2712, #9020, .T. ) ;
#6714 = PLANE ( 'NONE',  #7855 ) ;
#6713 = PRODUCT_DEFINITION_SHAPE ( 'NONE', 'NONE',  #5595 ) ;
#6715 = ORIENTED_EDGE ( 'NONE', *, *, #8730, .T. ) ;
#6716 = VECTOR ( 'NONE', #2383, 1000.000000000000000 ) ;
#6717 = ORIENTED_EDGE ( 'NONE', *, *, #8936, .T. ) ;
#6718 = DIRECTION ( 'NONE',  ( 0.8660254037844388186, -0.4999999999999997224, 0.000000000000000000 ) ) ;
#6719 = ORIENTED_EDGE ( 'NONE', *, *, #1392, .T. ) ;
#6720 = AXIS2_PLACEMENT_3D ( 'NONE', #3918, #3154, #7409 ) ;
#6721 = CARTESIAN_POINT ( 'NONE',  ( 103.6479001739019878, 171.2583805851425041, 150.9307499392134844 ) ) ;
#6722 = CARTESIAN_POINT ( 'NONE',  ( 124.5594733917879893, 176.6931111123389826, 181.0501160567395118 ) ) ;
#6723 = CARTESIAN_POINT ( 'NONE',  ( 100.1775594839490111, 176.6102683998645091, 180.4501160567394891 ) ) ;
#6724 = EDGE_CURVE ( 'NONE', #2738, #4609, #1596, .T. ) ;
#6725 = ORIENTED_EDGE ( 'NONE', *, *, #5156, .F. ) ;
#6726 = AXIS2_PLACEMENT_3D ( 'NONE', #7696, #1706, #3259 ) ;
#6727 =( BOUNDED_CURVE ( )  B_SPLINE_CURVE ( 3, ( #6630, #3723, #2961, #6098 ),
 .UNSPECIFIED., .F., .F. ) 
 B_SPLINE_CURVE_WITH_KNOTS ( ( 4, 4 ),
 ( 2.356194490191965141, 3.141592653589795336 ),
 .UNSPECIFIED. ) 
 CURVE ( )  GEOMETRIC_REPRESENTATION_ITEM ( )  RATIONAL_B_SPLINE_CURVE ( ( 1.000000000000000000, 0.9492530216741419391, 0.9492530216741419391, 1.000000000000000000 ) ) 
 REPRESENTATION_ITEM ( '' )  );
#6728 = VERTEX_POINT ( 'NONE', #2314 ) ;
#6729 = ORIENTED_EDGE ( 'NONE', *, *, #1649, .T. ) ;
#6730 = FACE_OUTER_BOUND ( 'NONE', #9244, .T. ) ;
#6731 = FACE_OUTER_BOUND ( 'NONE', #901, .T. ) ;
#6732 = LINE ( 'NONE', #6828, #950 ) ;
#6733 = CARTESIAN_POINT ( 'NONE',  ( 24.00000000000000711, -14.31828667590273696, 0.5999999999999999778 ) ) ;
#6734 = CARTESIAN_POINT ( 'NONE',  ( 124.3594733917878870, 121.3320102867271117, 152.7048066363312557 ) ) ;
#6735 = DIRECTION ( 'NONE',  ( 0.000000000000000000, 1.000000000000000000, 9.251858538542962756E-15 ) ) ;
#6736 = VECTOR ( 'NONE', #4043, 1000.000000000000114 ) ;
#6737 = DIRECTION ( 'NONE',  ( 0.000000000000000000, 0.1260166810503068613, 0.9920281226341646219 ) ) ;
#6738 = ORIENTED_EDGE ( 'NONE', *, *, #2391, .T. ) ;
#6739 = ADVANCED_FACE ( 'NONE', ( #6621 ), #5360, .F. ) ;
#6740 = ORIENTED_EDGE ( 'NONE', *, *, #4879, .F. ) ;
#6741 = EDGE_LOOP ( 'NONE', ( #3101, #3727, #6834, #7448, #59, #1518, #5982, #3790, #3383, #3888, #4533, #8902, #2216 ) ) ;
#6742 = CONICAL_SURFACE ( 'NONE', #5960, 1.400000000000017009, 0.7853981633974751464 ) ;
#6743 = CARTESIAN_POINT ( 'NONE',  ( 18.40000000000001634, -16.62768775266123811, 0.000000000000000000 ) ) ;
#6744 = CARTESIAN_POINT ( 'NONE',  ( 103.6479001739019878, 174.2587965372875090, 168.8506931385974781 ) ) ;
#6745 = LINE ( 'NONE', #3165, #895 ) ;
#6746 = CARTESIAN_POINT ( 'NONE',  ( 103.8479001739019907, 174.1075765200275214, 170.0411268857585014 ) ) ;
#6747 = CARTESIAN_POINT ( 'NONE',  ( 124.5594733917879893, 112.9087965372700069, 177.8001160567459920 ) ) ;
#6748 = PLANE ( 'NONE',  #5688 ) ;
#6749 = ORIENTED_EDGE ( 'NONE', *, *, #936, .T. ) ;
#6750 = ORIENTED_EDGE ( 'NONE', *, *, #9511, .F. ) ;
#6751 = AXIS2_PLACEMENT_3D ( 'NONE', #3396, #2577, #8510 ) ;
#6752 = EDGE_CURVE ( 'NONE', #2517, #7430, #793, .T. ) ;
#6753 = EDGE_LOOP ( 'NONE', ( #6571, #9072, #9243, #3694 ) ) ;
#6754 = ORIENTED_EDGE ( 'NONE', *, *, #1317, .F. ) ;
#6755 = CARTESIAN_POINT ( 'NONE',  ( 124.9594733917879950, 170.4585906126184796, 175.1500716728245095 ) ) ;
#6756 = DIRECTION ( 'NONE',  ( 4.685093906533291841E-16, 0.8660254037844381525, 0.5000000000000009992 ) ) ;
#6757 = DIRECTION ( 'NONE',  ( 0.000000000000000000, 0.000000000000000000, 1.000000000000000000 ) ) ;
#6758 = CARTESIAN_POINT ( 'NONE',  ( 105.8479001739020049, 175.4587965372880092, 145.2896251811484092 ) ) ;
#6759 = DIRECTION ( 'NONE',  ( -1.275664639488984049E-15, 1.919819404802662710E-15, 1.000000000000000000 ) ) ;
#6760 = LINE ( 'NONE', #5253, #3680 ) ;
#6761 = EDGE_CURVE ( 'NONE', #1002, #6597, #743, .T. ) ;
#6763 = ADVANCED_FACE ( 'NONE', ( #2951 ), #4532, .T. ) ;
#6762 = VERTEX_POINT ( 'NONE', #8925 ) ;
#6764 = ADVANCED_FACE ( 'NONE', ( #2222 ), #8113, .F. ) ;
#6765 = CIRCLE ( 'NONE', #4450, 1.700000000000007061 ) ;
#6766 = DIRECTION ( 'NONE',  ( -1.332169591021890008E-15, -3.379091138490570313E-15, 1.000000000000000000 ) ) ;
#6767 = DIRECTION ( 'NONE',  ( 0.000000000000000000, -0.9999999999999882316, 1.538396667000166010E-07 ) ) ;
#6768 = VERTEX_POINT ( 'NONE', #164 ) ;
#6769 = CARTESIAN_POINT ( 'NONE',  ( 124.5975336255319945, 112.1968567710067930, 177.0343509917350104 ) ) ;
#6770 = LINE ( 'NONE', #162, #723 ) ;
#6771 = CARTESIAN_POINT ( 'NONE',  ( 104.2479001739019964, 176.7173751810509827, 180.3430092755525038 ) ) ;
#6772 = EDGE_CURVE ( 'NONE', #1545, #2583, #3098, .T. ) ;
#6773 = VECTOR ( 'NONE', #7940, 1000.000000000000000 ) ;
#6774 = EDGE_LOOP ( 'NONE', ( #177, #2522, #6199, #8551 ) ) ;
#6775 = ORIENTED_EDGE ( 'NONE', *, *, #4131, .F. ) ;
#6776 = CARTESIAN_POINT ( 'NONE',  ( 124.9594733917879950, 176.4585906126184796, 136.0001160632323831 ) ) ;
#6778 = CARTESIAN_POINT ( 'NONE',  ( 103.8479001739019907, 171.4583830282139729, 166.8113890708325187 ) ) ;
#6777 = AXIS2_PLACEMENT_3D ( 'NONE', #4149, #2175, #3618 ) ;
#6779 = DIRECTION ( 'NONE',  ( -1.744174030142317769E-15, -0.8660254037844384856, 0.5000000000000002220 ) ) ;
#6780 = CARTESIAN_POINT ( 'NONE',  ( 124.3594733917879296, 151.1320102867271657, 145.4301932445419823 ) ) ;
#6781 = CARTESIAN_POINT ( 'NONE',  ( 18.00000000000000711, -3.925981830489456037, 0.5999999999999999778 ) ) ;
#6782 = CARTESIAN_POINT ( 'NONE',  ( 124.9594733917878955, 133.9320102867271203, 159.0556595974171614 ) ) ;
#6783 = LINE ( 'NONE', #5272, #5991 ) ;
#6784 = ORIENTED_EDGE ( 'NONE', *, *, #6116, .F. ) ;
#6785 = ORIENTED_EDGE ( 'NONE', *, *, #7931, .F. ) ;
#6786 = AXIS2_PLACEMENT_3D ( 'NONE', #2066, #6470, #6373 ) ;
#6787 = VERTEX_POINT ( 'NONE', #1551 ) ;
#6788 = LINE ( 'NONE', #3113, #2011 ) ;
#6789 = FACE_OUTER_BOUND ( 'NONE', #7061, .T. ) ;
#6790 = ADVANCED_FACE ( 'NONE', ( #2360 ), #6282, .F. ) ;
#6791 = DIRECTION ( 'NONE',  ( 1.000000000000000000, -1.210939508638132030E-15, 1.277902559593765872E-15 ) ) ;
#6792 = DIRECTION ( 'NONE',  ( 4.685093906533306632E-16, 0.8660254037844384856, 0.5000000000000002220 ) ) ;
#6793 = CARTESIAN_POINT ( 'NONE',  ( 30.40000000000002700, -17.08956796801294331, 0.5999999999999999778 ) ) ;
#6794 = ORIENTED_EDGE ( 'NONE', *, *, #2862, .F. ) ;
#6795 = ORIENTED_EDGE ( 'NONE', *, *, #9253, .T. ) ;
#6796 = ORIENTED_EDGE ( 'NONE', *, *, #8801, .F. ) ;
#6797 = EDGE_LOOP ( 'NONE', ( #5705, #7921, #8901, #1714 ) ) ;
#6798 = VECTOR ( 'NONE', #2492, 1000.000000000000114 ) ;
#6799 = ORIENTED_EDGE ( 'NONE', *, *, #9388, .F. ) ;
#6800 = DIRECTION ( 'NONE',  ( 1.184735462541918124E-15, 1.000000000000000000, 7.287275863554980679E-15 ) ) ;
#6801 = DIRECTION ( 'NONE',  ( 1.000000000000000000, -1.184735462541926012E-15, 1.332169591021886064E-15 ) ) ;
#6802 = EDGE_CURVE ( 'NONE', #5714, #7519, #8445, .T. ) ;
#6803 = DIRECTION ( 'NONE',  ( 0.8660254037844385966, -0.4999999999999999445, 0.000000000000000000 ) ) ;
#6804 = CARTESIAN_POINT ( 'NONE',  ( 124.0978588208480033, 177.4375683957534875, 180.8501160567394948 ) ) ;
#6805 = CARTESIAN_POINT ( 'NONE',  ( 105.8479001739020049, 175.4587965372880092, 166.8113888862244778 ) ) ;
#6806 = ORIENTED_EDGE ( 'NONE', *, *, #1035, .F. ) ;
#6807 = EDGE_LOOP ( 'NONE', ( #2127, #452, #7894, #582, #5056, #8998, #3093, #6542 ) ) ;
#6808 = VECTOR ( 'NONE', #3880, 999.9999999999998863 ) ;
#6809 = PLANE ( 'NONE',  #8620 ) ;
#6810 = ORIENTED_EDGE ( 'NONE', *, *, #8347, .F. ) ;
#6811 = VECTOR ( 'NONE', #5419, 1000.000000000000000 ) ;
#6812 = VECTOR ( 'NONE', #1966, 1000.000000000000114 ) ;
#6813 = EDGE_LOOP ( 'NONE', ( #4801, #3402, #6374, #7683 ) ) ;
#6814 = CARTESIAN_POINT ( 'NONE',  ( 121.7594733917879921, 171.7585906126184909, 176.8500716728244981 ) ) ;
#6815 = LINE ( 'NONE', #1781, #4050 ) ;
#6816 = EDGE_CURVE ( 'NONE', #5232, #8117, #2557, .T. ) ;
#6817 = ORIENTED_EDGE ( 'NONE', *, *, #2797, .F. ) ;
#6818 = UNCERTAINTY_MEASURE_WITH_UNIT (LENGTH_MEASURE( 1.000000000000000082E-05 ), #2578, 'distance_accuracy_value', 'NONE');
#6819 = CARTESIAN_POINT ( 'NONE',  ( 124.9594733917879950, 170.4585906126184796, 136.0001160632323831 ) ) ;
#6820 = LINE ( 'NONE', #6722, #2711 ) ;
#6821 = CYLINDRICAL_SURFACE ( 'NONE', #4909, 2.350000000000004974 ) ;
#6822 =( GEOMETRIC_REPRESENTATION_CONTEXT ( 3 ) GLOBAL_UNCERTAINTY_ASSIGNED_CONTEXT ( ( #3810 ) ) GLOBAL_UNIT_ASSIGNED_CONTEXT ( ( #6840, #467, #1231 ) ) REPRESENTATION_CONTEXT ( 'NONE', 'WORKASPACE' ) );
#6823 = VERTEX_POINT ( 'NONE', #6327 ) ;
#6824 = VERTEX_POINT ( 'NONE', #3243 ) ;
#6825 = CARTESIAN_POINT ( 'NONE',  ( 104.1412005329670052, 112.1587965372630009, 176.8430092755530154 ) ) ;
#6826 = EDGE_CURVE ( 'NONE', #8996, #6824, #257, .T. ) ;
#6827 = EDGE_CURVE ( 'NONE', #1568, #2094, #6866, .T. ) ;
#6828 = CARTESIAN_POINT ( 'NONE',  ( -0.2000000000000201617, -0.3464101615138111545, 0.5999999999999999778 ) ) ;
#6829 = FACE_OUTER_BOUND ( 'NONE', #5229, .T. ) ;
#6830 = CARTESIAN_POINT ( 'NONE',  ( 105.8479001739020049, 174.2587965372880205, 142.2994946864583881 ) ) ;
#6831 = LINE ( 'NONE', #6099, #6401 ) ;
#6832 = DIRECTION ( 'NONE',  ( 1.000000000000000000, -1.210939508638132030E-15, 1.277902559593765872E-15 ) ) ;
#6833 = ORIENTED_EDGE ( 'NONE', *, *, #1392, .F. ) ;
#6834 = ORIENTED_EDGE ( 'NONE', *, *, #8109, .F. ) ;
#6835 = ORIENTED_EDGE ( 'NONE', *, *, #2203, .F. ) ;
#6836 = VECTOR ( 'NONE', #4674, 1000.000000000000114 ) ;
#6837 = LINE ( 'NONE', #3067, #6492 ) ;
#6838 = LINE ( 'NONE', #184, #2057 ) ;
#6839 = CARTESIAN_POINT ( 'NONE',  ( 120.4199540685229977, 169.3613257594830088, 180.4501160567394891 ) ) ;
#6840 =( LENGTH_UNIT ( ) NAMED_UNIT ( * ) SI_UNIT ( .MILLI., .METRE. ) );
#6841 = LINE ( 'NONE', #5237, #3004 ) ;
#6842 = CARTESIAN_POINT ( 'NONE',  ( 124.0592155665780751, 176.1484614618021567, 181.0501160567397108 ) ) ;
#6843 = EDGE_LOOP ( 'NONE', ( #4941, #3027, #949, #2026, #6054, #195, #334, #5580 ) ) ;
#6844 = ORIENTED_EDGE ( 'NONE', *, *, #8812, .T. ) ;
#6845 = ORIENTED_EDGE ( 'NONE', *, *, #1820, .T. ) ;
#6846 = VECTOR ( 'NONE', #5931, 1000.000000000000114 ) ;
#6848 = EDGE_LOOP ( 'NONE', ( #38, #7415, #8832, #5885 ) ) ;
#6847 = ADVANCED_FACE ( 'NONE', ( #4003 ), #3194, .F. ) ;
#6849 = ORIENTED_EDGE ( 'NONE', *, *, #5607, .F. ) ;
#6850 = DIRECTION ( 'NONE',  ( -1.744174030142317374E-15, -0.8660254037844388186, 0.4999999999999997224 ) ) ;
#6851 = LINE ( 'NONE', #9103, #530 ) ;
#6852 = PLANE ( 'NONE',  #8121 ) ;
#6853 = DIRECTION ( 'NONE',  ( 0.5000000000000012212, 0.4999999999999970024, 0.7071067811865487940 ) ) ;
#6854 = CARTESIAN_POINT ( 'NONE',  ( 109.9594733917879950, 112.1587965372630009, 176.8430092755530154 ) ) ;
#6855 = AXIS2_PLACEMENT_3D ( 'NONE', #7936, #2866, #6581 ) ;
#6856 = LINE ( 'NONE', #5351, #1534 ) ;
#6857 = ORIENTED_EDGE ( 'NONE', *, *, #7734, .F. ) ;
#6858 = EDGE_CURVE ( 'NONE', #4059, #7703, #7637, .T. ) ;
#6859 = VECTOR ( 'NONE', #7290, 1000.000000000000000 ) ;
#6860 = ORIENTED_EDGE ( 'NONE', *, *, #2450, .F. ) ;
#6861 = LINE ( 'NONE', #252, #4774 ) ;
#6862 = DIRECTION ( 'NONE',  ( 0.8660254037844388186, 0.4999999999999998335, 0.000000000000000000 ) ) ;
#6863 = CARTESIAN_POINT ( 'NONE',  ( 124.9594733917878955, 127.5320102867271146, 149.3561750750314445 ) ) ;
#6864 = LINE ( 'NONE', #3241, #8260 ) ;
#6865 = AXIS2_PLACEMENT_3D ( 'NONE', #7809, #4124, #435 ) ;
#6866 = LINE ( 'NONE', #1023, #2449 ) ;
#6867 = EDGE_CURVE ( 'NONE', #3158, #4669, #2654, .T. ) ;
#6868 = ORIENTED_EDGE ( 'NONE', *, *, #3483, .T. ) ;
#6869 = ORIENTED_EDGE ( 'NONE', *, *, #6827, .F. ) ;
#6870 = VECTOR ( 'NONE', #4159, 1000.000000000000114 ) ;
#6871 = DIRECTION ( 'NONE',  ( 5.007715329123860808E-16, -1.000000000000000000, 0.000000000000000000 ) ) ;
#6872 = VERTEX_POINT ( 'NONE', #7681 ) ;
#6873 = LINE ( 'NONE', #3421, #7018 ) ;
#6874 = CARTESIAN_POINT ( 'NONE',  ( 103.4479001739019992, 172.6583829936064944, 146.4896251811483978 ) ) ;
#6875 = DIRECTION ( 'NONE',  ( 1.000000000000000000, 1.723050136371165129E-14, -1.719951524002329990E-13 ) ) ;
#6876 = DIRECTION ( 'NONE',  ( -1.000000000000000000, -2.003086131649544323E-15, 0.000000000000000000 ) ) ;
#6877 = ORIENTED_EDGE ( 'NONE', *, *, #2095, .F. ) ;
#6878 = AXIS2_PLACEMENT_3D ( 'NONE', #3580, #8031, #1992 ) ;
#6879 = EDGE_CURVE ( 'NONE', #1312, #1127, #1829, .T. ) ;
#6880 = EDGE_LOOP ( 'NONE', ( #4610, #2930, #8272 ) ) ;
#6881 = EDGE_CURVE ( 'NONE', #7354, #6823, #7090, .T. ) ;
#6882 = ORIENTED_EDGE ( 'NONE', *, *, #4928, .T. ) ;
#6883 = EDGE_CURVE ( 'NONE', #5144, #4931, #6138, .T. ) ;
#6884 = DIRECTION ( 'NONE',  ( -1.184735462541920096E-15, -1.000000000000000000, -4.873714578379230080E-15 ) ) ;
#6885 = AXIS2_PLACEMENT_3D ( 'NONE', #9036, #6297, #3925 ) ;
#6886 = CARTESIAN_POINT ( 'NONE',  ( 124.3594733917879012, 134.3320102867271544, 152.3583964748175106 ) ) ;
#6887 = LINE ( 'NONE', #5570, #697 ) ;
#6888 = LINE ( 'NONE', #1758, #3201 ) ;
#6889 = DIRECTION ( 'NONE',  ( 1.000000000000000000, -1.210939508638132030E-15, 1.277902559593765872E-15 ) ) ;
#6890 = DIRECTION ( 'NONE',  ( -1.042516720265123727E-16, 0.7071067811865460184, 0.7071067811865489050 ) ) ;
#6891 = DIRECTION ( 'NONE',  ( 0.000000000000000000, 1.000000000000000000, 0.000000000000000000 ) ) ;
#6892 = EDGE_LOOP ( 'NONE', ( #3827, #2468, #4375, #913 ) ) ;
#6893 = ORIENTED_EDGE ( 'NONE', *, *, #1841, .F. ) ;
#6894 = ORIENTED_EDGE ( 'NONE', *, *, #340, .T. ) ;
#6895 = EDGE_CURVE ( 'NONE', #8459, #4105, #1165, .T. ) ;
#6896 = VECTOR ( 'NONE', #607, 1000.000000000000000 ) ;
#6897 = VERTEX_POINT ( 'NONE', #8353 ) ;
#6898 = DIRECTION ( 'NONE',  ( -1.000000000000000000, 3.039539424122980267E-29, -3.285328468285970480E-15 ) ) ;
#6899 = CARTESIAN_POINT ( 'NONE',  ( 124.9594733917878955, 133.1320102867271373, 152.3583964748175106 ) ) ;
#6900 = LINE ( 'NONE', #3126, #3297 ) ;
#6901 = CARTESIAN_POINT ( 'NONE',  ( 124.9594733917879950, 154.1587965372885094, 134.0501160567391992 ) ) ;
#6902 = CARTESIAN_POINT ( 'NONE',  ( 124.9594733917879950, 154.1587965372885094, 134.0501160567391992 ) ) ;
#6903 = CARTESIAN_POINT ( 'NONE',  ( 117.4594733917879950, 149.9496176806353844, 180.4501160567394891 ) ) ;
#6904 = EDGE_CURVE ( 'NONE', #4272, #5145, #2604, .T. ) ;
#6905 = VECTOR ( 'NONE', #5249, 1000.000000000000000 ) ;
#6906 = EDGE_CURVE ( 'NONE', #6517, #4363, #2510, .T. ) ;
#6907 = ORIENTED_EDGE ( 'NONE', *, *, #575, .T. ) ;
#6908 = DIRECTION ( 'NONE',  ( -1.275664639488989176E-15, -2.086352858496427908E-15, 1.000000000000000000 ) ) ;
#6909 = VERTEX_POINT ( 'NONE', #5413 ) ;
#6910 = AXIS2_PLACEMENT_3D ( 'NONE', #814, #6643, #8991 ) ;
#6911 = VERTEX_POINT ( 'NONE', #1738 ) ;
#6912 = CARTESIAN_POINT ( 'NONE',  ( 121.9594733917879950, 175.9304320314805068, 173.4500716728244925 ) ) ;
#6913 = CARTESIAN_POINT ( 'NONE',  ( 124.3594733917879012, 124.7320102867271316, 139.8876306603215482 ) ) ;
#6914 = EDGE_CURVE ( 'NONE', #239, #1153, #4678, .T. ) ;
#6915 = LINE ( 'NONE', #6819, #1819 ) ;
#6916 = CARTESIAN_POINT ( 'NONE',  ( 111.9779448039720080, 120.9774735105568055, 181.0501160567390002 ) ) ;
#6917 = DIRECTION ( 'NONE',  ( 0.5000000000000001110, 0.8660254037844385966, -0.000000000000000000 ) ) ;
#6918 = ORIENTED_EDGE ( 'NONE', *, *, #5092, .F. ) ;
#6919 = AXIS2_PLACEMENT_3D ( 'NONE', #3690, #4963, #7100 ) ;
#6920 = VERTEX_POINT ( 'NONE', #7058 ) ;
#6921 = DIRECTION ( 'NONE',  ( -1.000000000000000000, 1.184735462541918124E-15, 4.316747070439630286E-30 ) ) ;
#6922 = ORIENTED_EDGE ( 'NONE', *, *, #1480, .T. ) ;
#6923 = EDGE_CURVE ( 'NONE', #5030, #6664, #4728, .T. ) ;
#6924 = DIRECTION ( 'NONE',  ( 1.184735462541920096E-15, 1.000000000000000000, 7.287275863554980679E-15 ) ) ;
#6925 = DIRECTION ( 'NONE',  ( 4.685093906533310576E-16, 0.8660254037844387076, 0.4999999999999999445 ) ) ;
#6926 = VECTOR ( 'NONE', #4593, 1000.000000000000000 ) ;
#6927 = PLANE ( 'NONE',  #6315 ) ;
#6928 = ORIENTED_EDGE ( 'NONE', *, *, #4414, .T. ) ;
#6929 = EDGE_LOOP ( 'NONE', ( #7671, #3542, #5474, #7988 ) ) ;
#6930 = EDGE_LOOP ( 'NONE', ( #3481, #1564, #9266, #4524 ) ) ;
#6931 = CIRCLE ( 'NONE', #4295, 3.000000000000002665 ) ;
#6932 = PLANE ( 'NONE',  #7496 ) ;
#6933 = CARTESIAN_POINT ( 'NONE',  ( 124.9594733917878955, 133.3320102867271260, 152.7048066363312557 ) ) ;
#6934 = FACE_OUTER_BOUND ( 'NONE', #9438, .T. ) ;
#6935 = ADVANCED_FACE ( 'NONE', ( #5507 ), #4775, .F. ) ;
#6936 = EDGE_CURVE ( 'NONE', #7400, #8561, #1388, .T. ) ;
#6937 = LINE ( 'NONE', #3262, #8131 ) ;
#6938 = FILL_AREA_STYLE ('',( #4503 ) ) ;
#6939 = CARTESIAN_POINT ( 'NONE',  ( 97.51665896446229453, 176.8587965372884980, 130.0501160567393981 ) ) ;
#6940 = DIRECTION ( 'NONE',  ( 1.744174030142317966E-15, 0.8660254037844381525, -0.5000000000000007772 ) ) ;
#6941 = ORIENTED_EDGE ( 'NONE', *, *, #3980, .T. ) ;
#6942 = EDGE_LOOP ( 'NONE', ( #3779, #6775, #2977, #8756 ) ) ;
#6943 = AXIS2_PLACEMENT_3D ( 'NONE', #402, #495, #8682 ) ;
#6944 = VECTOR ( 'NONE', #4817, 1000.000000000000000 ) ;
#6945 = EDGE_LOOP ( 'NONE', ( #2092, #3944, #4137, #4645 ) ) ;
#6946 = ORIENTED_EDGE ( 'NONE', *, *, #881, .F. ) ;
#6947 = DIRECTION ( 'NONE',  ( -0.7071067811865918706, 0.7071067811865030528, 3.059425567918224970E-15 ) ) ;
#6948 = VECTOR ( 'NONE', #7431, 1000.000000000000000 ) ;
#6949 = CARTESIAN_POINT ( 'NONE',  ( -0.4000000000000028533, -6.928203230275511437, 0.000000000000000000 ) ) ;
#6950 = CARTESIAN_POINT ( 'NONE',  ( 103.8479001739019907, 174.1075765200275214, 141.1090609392973931 ) ) ;
#6951 = ADVANCED_FACE ( 'NONE', ( #7820 ), #5795, .F. ) ;
#6952 = EDGE_CURVE ( 'NONE', #3147, #9268, #3841, .T. ) ;
#6953 = LINE ( 'NONE', #4172, #9506 ) ;
#6954 = FACE_OUTER_BOUND ( 'NONE', #7306, .T. ) ;
#6955 = CARTESIAN_POINT ( 'NONE',  ( 5.800000000000002487, -3.117691453623978148, 0.000000000000000000 ) ) ;
#6956 = DIRECTION ( 'NONE',  ( 0.8660254037844382635, 0.5000000000000006661, 0.000000000000000000 ) ) ;
#6957 = ORIENTED_EDGE ( 'NONE', *, *, #3414, .T. ) ;
#6958 = CIRCLE ( 'NONE', #7868, 0.5000000000000004441 ) ;
#6959 = FACE_OUTER_BOUND ( 'NONE', #8094, .T. ) ;
#6960 = LINE ( 'NONE', #3464, #6528 ) ;
#6961 = CARTESIAN_POINT ( 'NONE',  ( 24.40000000000003766, -4.887530161224892976E-14, -0.000000000000000000 ) ) ;
#6962 = VECTOR ( 'NONE', #3772, 1000.000000000000000 ) ;
#6963 = DIRECTION ( 'NONE',  ( 5.875953879550420389E-29, 4.595354274974970109E-14, 1.000000000000000000 ) ) ;
#6964 = FACE_OUTER_BOUND ( 'NONE', #9254, .T. ) ;
#6965 = CARTESIAN_POINT ( 'NONE',  ( 124.9594733917878955, 132.7320102867271316, 152.3583964748175106 ) ) ;
#6966 = ORIENTED_EDGE ( 'NONE', *, *, #8757, .F. ) ;
#6967 = AXIS2_PLACEMENT_3D ( 'NONE', #3602, #4518, #3799 ) ;
#6968 = ORIENTED_EDGE ( 'NONE', *, *, #5512, .T. ) ;
#6969 = EDGE_CURVE ( 'NONE', #1484, #3390, #3470, .T. ) ;
#6970 = CARTESIAN_POINT ( 'NONE',  ( 6.399999999999998579, -10.39230484541326582, 0.000000000000000000 ) ) ;
#6971 = EDGE_LOOP ( 'NONE', ( #8261, #6288, #6210, #8541 ) ) ;
#6972 = CARTESIAN_POINT ( 'NONE',  ( 115.9594733917870855, 177.2587965372890721, 129.0501160567393413 ) ) ;
#6973 = CYLINDRICAL_SURFACE ( 'NONE', #7339, 1.700000000000007061 ) ;
#6974 = AXIS2_PLACEMENT_3D ( 'NONE', #7088, #5539, #1956 ) ;
#6975 = DIRECTION ( 'NONE',  ( -1.723050136371079932E-14, 1.000000000000000000, 6.368338018267950984E-15 ) ) ;
#6976 = ORIENTED_EDGE ( 'NONE', *, *, #5988, .T. ) ;
#6977 = VERTEX_POINT ( 'NONE', #9502 ) ;
#6978 = EDGE_CURVE ( 'NONE', #2851, #23, #6165, .T. ) ;
#6979 =( GEOMETRIC_REPRESENTATION_CONTEXT ( 3 ) GLOBAL_UNCERTAINTY_ASSIGNED_CONTEXT ( ( #2171 ) ) GLOBAL_UNIT_ASSIGNED_CONTEXT ( ( #8605, #2771, #7840 ) ) REPRESENTATION_CONTEXT ( 'NONE', 'WORKASPACE' ) );
#6980 = DIRECTION ( 'NONE',  ( 1.000000000000000000, -1.210939508638132030E-15, 1.277902559593765872E-15 ) ) ;
#6981 = CARTESIAN_POINT ( 'NONE',  ( 121.5594733917879893, 170.9867491937569923, 173.4500716728244925 ) ) ;
#6982 = FACE_OUTER_BOUND ( 'NONE', #4832, .T. ) ;
#6983 = DIRECTION ( 'NONE',  ( 2.003086131649544323E-15, -1.000000000000000000, 0.000000000000000000 ) ) ;
#6984 = CARTESIAN_POINT ( 'NONE',  ( 124.9594733917878955, 121.1320102867271089, 145.4301932445419823 ) ) ;
#6985 = CARTESIAN_POINT ( 'NONE',  ( 11.60000000000000497, -0.2309401076758523241, 0.5999999999999999778 ) ) ;
#6986 = VERTEX_POINT ( 'NONE', #5651 ) ;
#6987 = ORIENTED_EDGE ( 'NONE', *, *, #6032, .F. ) ;
#6988 = EDGE_LOOP ( 'NONE', ( #1270, #6497 ) ) ;
#6989 = VERTEX_POINT ( 'NONE', #2114 ) ;
#6990 = ADVANCED_FACE ( 'NONE', ( #5749 ), #1212, .F. ) ;
#6991 = AXIS2_PLACEMENT_3D ( 'NONE', #1695, #3149, #9024 ) ;
#6992 = VERTEX_POINT ( 'NONE', #5601 ) ;
#6993 = DIRECTION ( 'NONE',  ( -1.000000000000000000, 0.000000000000000000, 0.000000000000000000 ) ) ;
#6994 = PLANE ( 'NONE',  #4520 ) ;
#6995 = CARTESIAN_POINT ( 'NONE',  ( 18.20000000000000284, -31.52332469775358348, 0.5999999999999999778 ) ) ;
#6996 = CARTESIAN_POINT ( 'NONE',  ( 6.200000000000001954, 3.810511776651529292, 0.000000000000000000 ) ) ;
#6997 = DIRECTION ( 'NONE',  ( -1.275664639488985824E-15, 5.704182421957117253E-16, 1.000000000000000000 ) ) ;
#6998 = VECTOR ( 'NONE', #7489, 1000.000000000000000 ) ;
#6999 = CARTESIAN_POINT ( 'NONE',  ( 121.9594733917879950, 175.9304320314800236, 176.8500716728244981 ) ) ;
#7000 = ORIENTED_EDGE ( 'NONE', *, *, #8742, .F. ) ;
#7001 = EDGE_CURVE ( 'NONE', #3299, #6422, #4964, .T. ) ;
#7002 = EDGE_CURVE ( 'NONE', #7126, #948, #3515, .T. ) ;
#7003 = VECTOR ( 'NONE', #3226, 1000.000000000000000 ) ;
#7004 = LINE ( 'NONE', #8484, #8475 ) ;
#7005 = LINE ( 'NONE', #396, #6370 ) ;
#7006 = EDGE_CURVE ( 'NONE', #7440, #2212, #4284, .T. ) ;
#7007 = LINE ( 'NONE', #4088, #8728 ) ;
#7008 = CARTESIAN_POINT ( 'NONE',  ( 12.20000000000000462, -0.3464101615137767931, 0.000000000000000000 ) ) ;
#7009 = DIRECTION ( 'NONE',  ( 1.743504668820874398E-15, 0.5000000000000003331, -0.8660254037844385966 ) ) ;
#7010 = DIRECTION ( 'NONE',  ( 1.000000000000000000, -5.923677312709590618E-16, -1.743152798421040332E-30 ) ) ;
#7011 = DIRECTION ( 'NONE',  ( 4.316747070439680032E-30, 0.000000000000000000, 1.000000000000000000 ) ) ;
#7012 = AXIS2_PLACEMENT_3D ( 'NONE', #4699, #4790, #5526 ) ;
#7013 = ORIENTED_EDGE ( 'NONE', *, *, #2564, .F. ) ;
#7014 = EDGE_CURVE ( 'NONE', #4821, #7109, #7291, .T. ) ;
#7015 = ORIENTED_EDGE ( 'NONE', *, *, #1854, .T. ) ;
#7016 = DIRECTION ( 'NONE',  ( -1.000000000000000000, 0.000000000000000000, -1.570000712152655020E-15 ) ) ;
#7017 = ORIENTED_EDGE ( 'NONE', *, *, #4872, .F. ) ;
#7018 = VECTOR ( 'NONE', #7198, 999.9999999999998863 ) ;
#7019 = CARTESIAN_POINT ( 'NONE',  ( 124.9594733917879950, 161.1290463110539974, 158.4294061157324904 ) ) ;
#7020 = CARTESIAN_POINT ( 'NONE',  ( 24.00000000000000000, -14.31828667590273696, -0.000000000000000000 ) ) ;
#7021 = EDGE_CURVE ( 'NONE', #8333, #9215, #7247, .T. ) ;
#7022 = CARTESIAN_POINT ( 'NONE',  ( 121.5594733917879893, 173.4585906126184796, 175.1500716728245095 ) ) ;
#7023 = VERTEX_POINT ( 'NONE', #9314 ) ;
#7024 = CIRCLE ( 'NONE', #9482, 1.700000000000007061 ) ;
#7025 = ORIENTED_EDGE ( 'NONE', *, *, #965, .T. ) ;
#7026 = DIRECTION ( 'NONE',  ( -1.000000000000000000, 3.039539424122980267E-29, -3.285328468285970480E-15 ) ) ;
#7027 = CARTESIAN_POINT ( 'NONE',  ( 18.40000000000001634, -18.01332839871633951, 0.5999999999999999778 ) ) ;
#7028 = CARTESIAN_POINT ( 'NONE',  ( -5.600000000000001421, -3.233161507461909334, 0.5999999999999999778 ) ) ;
#7029 = LINE ( 'NONE', #421, #8586 ) ;
#7030 = CARTESIAN_POINT ( 'NONE',  ( 124.9594733917879097, 133.9320102867271203, 145.4301932445419823 ) ) ;
#7031 = VECTOR ( 'NONE', #5322, 1000.000000000000227 ) ;
#7032 = EDGE_CURVE ( 'NONE', #8637, #228, #315, .T. ) ;
#7033 = LINE ( 'NONE', #516, #2284 ) ;
#7034 = ORIENTED_EDGE ( 'NONE', *, *, #5706, .F. ) ;
#7035 = ORIENTED_EDGE ( 'NONE', *, *, #5213, .T. ) ;
#7036 = EDGE_LOOP ( 'NONE', ( #2570, #9315, #7208, #1798 ) ) ;
#7037 = ORIENTED_EDGE ( 'NONE', *, *, #9417, .F. ) ;
#7038 = VECTOR ( 'NONE', #8305, 1000.000000000000000 ) ;
#7039 = ORIENTED_EDGE ( 'NONE', *, *, #2584, .T. ) ;
#7040 = DIRECTION ( 'NONE',  ( 1.822592754817885770E-22, 1.538396350304170384E-07, 0.9999999999999882316 ) ) ;
#7041 = FACE_OUTER_BOUND ( 'NONE', #5026, .T. ) ;
#7042 = LINE ( 'NONE', #7667, #3485 ) ;
#7043 = DIRECTION ( 'NONE',  ( 1.000000000000000000, -1.184735462541918124E-15, -4.316747070439680032E-30 ) ) ;
#7044 = DIRECTION ( 'NONE',  ( -4.685093906533325367E-16, -0.8660254037844391517, -0.4999999999999992228 ) ) ;
#7045 = EDGE_CURVE ( 'NONE', #1053, #3656, #6516, .T. ) ;
#7046 = VECTOR ( 'NONE', #8413, 1000.000000000000114 ) ;
#7047 = CARTESIAN_POINT ( 'NONE',  ( 124.9594733917878813, 139.3320102867271260, 176.2606976192680293 ) ) ;
#7048 = ORIENTED_EDGE ( 'NONE', *, *, #1890, .T. ) ;
#7049 = VECTOR ( 'NONE', #3555, 999.9999999999998863 ) ;
#7050 = CARTESIAN_POINT ( 'NONE',  ( 124.9594733917879950, 173.4585906126184796, 175.1500716728245095 ) ) ;
#7051 = DIRECTION ( 'NONE',  ( 0.000000000000000000, 4.873714578379230080E-15, -1.000000000000000000 ) ) ;
#7052 = DIRECTION ( 'NONE',  ( 2.036459560809114844E-32, 4.326681131221240423E-15, -1.000000000000000000 ) ) ;
#7053 = LINE ( 'NONE', #4913, #7113 ) ;
#7054 = CARTESIAN_POINT ( 'NONE',  ( 105.8479001739020049, 174.2587965372880205, 145.2896251811484092 ) ) ;
#7055 = EDGE_CURVE ( 'NONE', #9170, #426, #2700, .T. ) ;
#7056 = FACE_OUTER_BOUND ( 'NONE', #6202, .T. ) ;
#7057 = ADVANCED_FACE ( 'NONE', ( #8011 ), #4187, .T. ) ;
#7058 = CARTESIAN_POINT ( 'NONE',  ( 103.4479001739019992, 171.0583829936065001, 145.2896249512033933 ) ) ;
#7059 = VECTOR ( 'NONE', #1230, 1000.000000000000000 ) ;
#7060 = EDGE_CURVE ( 'NONE', #1238, #9416, #6421, .T. ) ;
#7061 = EDGE_LOOP ( 'NONE', ( #2918, #8035, #3244, #1 ) ) ;
#7062 = ORIENTED_EDGE ( 'NONE', *, *, #3572, .F. ) ;
#7063 = CARTESIAN_POINT ( 'NONE',  ( -3.200000000000001066, -5.542562584220412703, 0.5999999999999999778 ) ) ;
#7064 = ORIENTED_EDGE ( 'NONE', *, *, #5721, .F. ) ;
#7065 = DIRECTION ( 'NONE',  ( -0.8660254037844385966, -0.5000000000000001110, 0.000000000000000000 ) ) ;
#7066 = EDGE_CURVE ( 'NONE', #5055, #3136, #7150, .T. ) ;
#7067 = CARTESIAN_POINT ( 'NONE',  ( 124.9594733917878955, 133.3320102867271260, 152.0119863133037370 ) ) ;
#7068 = LINE ( 'NONE', #9225, #9231 ) ;
#7069 = ORIENTED_EDGE ( 'NONE', *, *, #4739, .F. ) ;
#7070 = ORIENTED_EDGE ( 'NONE', *, *, #6703, .T. ) ;
#7072 = CARTESIAN_POINT ( 'NONE',  ( -6.199999999999999289, -10.73871500692703940, 0.5999999999999999778 ) ) ;
#7071 = VECTOR ( 'NONE', #3630, 1000.000000000000000 ) ;
#7073 = LINE ( 'NONE', #6390, #2316 ) ;
#7074 = CARTESIAN_POINT ( 'NONE',  ( 103.4479001739019992, 174.2587965372880205, 142.2994946864583881 ) ) ;
#7075 = DIRECTION ( 'NONE',  ( 1.000000000000000000, -1.165921558532968131E-15, 1.481065031799925716E-16 ) ) ;
#7076 = DIRECTION ( 'NONE',  ( -2.225856982559635114E-29, -8.673617379884051249E-15, 1.000000000000000000 ) ) ;
#7077 = CARTESIAN_POINT ( 'NONE',  ( 124.9594733917878955, 121.7320102867271032, 145.0837830830282371 ) ) ;
#7078 = ORIENTED_EDGE ( 'NONE', *, *, #4859, .F. ) ;
#7079 = ORIENTED_EDGE ( 'NONE', *, *, #7215, .F. ) ;
#7080 = ORIENTED_EDGE ( 'NONE', *, *, #289, .T. ) ;
#7081 = AXIS2_PLACEMENT_3D ( 'NONE', #9513, #7303, #600 ) ;
#7082 = VERTEX_POINT ( 'NONE', #2020 ) ;
#7083 = EDGE_CURVE ( 'NONE', #7140, #2271, #7916, .T. ) ;
#7084 = CARTESIAN_POINT ( 'NONE',  ( 103.6479001739019878, 175.6587965372874862, 151.9504045976685234 ) ) ;
#7085 = DIRECTION ( 'NONE',  ( 1.000000000000000000, -1.232504460548322048E-29, 1.332169591021896121E-15 ) ) ;
#7086 = LINE ( 'NONE', #1862, #7920 ) ;
#7087 = DIRECTION ( 'NONE',  ( -1.275664639488983852E-15, 1.919819404802662710E-15, 1.000000000000000000 ) ) ;
#7088 = CARTESIAN_POINT ( 'NONE',  ( 117.4594733917879950, 149.9496176806356118, 130.0501160567391992 ) ) ;
#7089 = LINE ( 'NONE', #8569, #4382 ) ;
#7090 = CIRCLE ( 'NONE', #6319, 0.5000000000000079936 ) ;
#7091 = DIRECTION ( 'NONE',  ( 1.744174030142317572E-15, 0.8660254037844385966, -0.4999999999999999445 ) ) ;
#7092 = ORIENTED_EDGE ( 'NONE', *, *, #772, .F. ) ;
#7093 = VECTOR ( 'NONE', #9256, 1000.000000000000000 ) ;
#7094 = EDGE_CURVE ( 'NONE', #567, #3968, #4374, .T. ) ;
#7095 = CARTESIAN_POINT ( 'NONE',  ( 103.8479001739019907, 171.4583833419399923, 168.8506934941874817 ) ) ;
#7096 = LINE ( 'NONE', #8440, #1590 ) ;
#7097 = DIRECTION ( 'NONE',  ( -0.000000000000000000, -0.000000000000000000, -1.000000000000000000 ) ) ;
#7098 = DIRECTION ( 'NONE',  ( -1.744174030142316980E-15, -0.8660254037844393737, 0.4999999999999987232 ) ) ;
#7099 = LINE ( 'NONE', #588, #2850 ) ;
#7100 = DIRECTION ( 'NONE',  ( -0.000000000000000000, 0.000000000000000000, 1.000000000000000000 ) ) ;
#7101 = VECTOR ( 'NONE', #3125, 1000.000000000000000 ) ;
#7102 = CARTESIAN_POINT ( 'NONE',  ( 124.9594733917879097, 133.9320102867271203, 145.6611333522178313 ) ) ;
#7103 = ORIENTED_EDGE ( 'NONE', *, *, #2511, .F. ) ;
#7104 = ORIENTED_EDGE ( 'NONE', *, *, #1890, .F. ) ;
#7105 = ORIENTED_EDGE ( 'NONE', *, *, #9086, .T. ) ;
#7106 = ADVANCED_FACE ( 'NONE', ( #2350 ), #5301, .F. ) ;
#7107 = VECTOR ( 'NONE', #5329, 1000.000000000000000 ) ;
#7108 = DIRECTION ( 'NONE',  ( 0.000000000000000000, 6.368338018267950984E-15, -1.000000000000000000 ) ) ;
#7109 = VERTEX_POINT ( 'NONE', #731 ) ;
#7110 = CARTESIAN_POINT ( 'NONE',  ( 103.4479001739019992, 162.2587965372885037, 180.4501160567394891 ) ) ;
#7111 = CARTESIAN_POINT ( 'NONE',  ( 124.9594733917879097, 139.5320102867271146, 155.3606178746035766 ) ) ;
#7112 = CARTESIAN_POINT ( 'NONE',  ( 117.4594733917879950, 119.9496176806358108, 180.6501160567389945 ) ) ;
#7113 = VECTOR ( 'NONE', #7865, 1000.000000000000000 ) ;
#7114 = VERTEX_POINT ( 'NONE', #1541 ) ;
#7115 = ORIENTED_EDGE ( 'NONE', *, *, #3025, .F. ) ;
#7116 = EDGE_CURVE ( 'NONE', #4098, #5164, #6609, .T. ) ;
#7117 = ADVANCED_FACE ( 'NONE', ( #2210, #878, #4572, #1587 ), #6714, .F. ) ;
#7118 = CARTESIAN_POINT ( 'NONE',  ( 24.40000000000000924, -20.78460969082654586, 0.000000000000000000 ) ) ;
#7119 = FACE_OUTER_BOUND ( 'NONE', #1818, .T. ) ;
#7120 = CARTESIAN_POINT ( 'NONE',  ( 12.20000000000000462, -7.274613391789286787, 0.000000000000000000 ) ) ;
#7121 = EDGE_CURVE ( 'NONE', #9180, #6562, #106, .T. ) ;
#7122 = CARTESIAN_POINT ( 'NONE',  ( 124.9594733917878955, 132.7320102867271316, 152.3583964748175106 ) ) ;
#7123 = DIRECTION ( 'NONE',  ( -4.446844247285780600E-17, 4.163336342344337027E-16, 1.000000000000000000 ) ) ;
#7124 = CARTESIAN_POINT ( 'NONE',  ( 121.5594733917879893, 171.7585906126184909, 137.7001160632314054 ) ) ;
#7125 = FACE_OUTER_BOUND ( 'NONE', #1623, .T. ) ;
#7126 = VERTEX_POINT ( 'NONE', #3802 ) ;
#7127 = ORIENTED_EDGE ( 'NONE', *, *, #6404, .T. ) ;
#7128 = AXIS2_PLACEMENT_3D ( 'NONE', #8992, #4701, #5334 ) ;
#7129 = VERTEX_POINT ( 'NONE', #8247 ) ;
#7130 = DIRECTION ( 'NONE',  ( -1.275664639488983852E-15, 1.919819404802658766E-15, 1.000000000000000000 ) ) ;
#7131 = DIRECTION ( 'NONE',  ( 0.000000000000000000, 0.000000000000000000, -1.000000000000000000 ) ) ;
#7132 = DIRECTION ( 'NONE',  ( 1.000000000000000000, -1.210939508638132030E-15, 1.277902559593765872E-15 ) ) ;
#7133 = LINE ( 'NONE', #6995, #7512 ) ;
#7134 = LINE ( 'NONE', #2641, #4329 ) ;
#7135 = DIRECTION ( 'NONE',  ( -0.7071067811865685560, 0.7071067811865265895, -2.970713952610388172E-14 ) ) ;
#7136 = ORIENTED_EDGE ( 'NONE', *, *, #7414, .F. ) ;
#7137 = ADVANCED_BREP_SHAPE_REPRESENTATION ( '', ( #4220, #7128 ), #7436 ) ;
#7138 = CARTESIAN_POINT ( 'NONE',  ( 120.4199540685229977, 129.3613257594830088, 180.4501160567390059 ) ) ;
#7139 = EDGE_CURVE ( 'NONE', #6262, #903, #4521, .T. ) ;
#7140 = VERTEX_POINT ( 'NONE', #4473 ) ;
#7141 = VECTOR ( 'NONE', #2024, 1000.000000000000000 ) ;
#7142 = FACE_OUTER_BOUND ( 'NONE', #5003, .T. ) ;
#7143 = CARTESIAN_POINT ( 'NONE',  ( 29.60000000000002629, 0.000000000000000000, -0.000000000000000000 ) ) ;
#7144 = DIRECTION ( 'NONE',  ( 0.8660254037844384856, -0.5000000000000002220, 0.000000000000000000 ) ) ;
#7145 = CARTESIAN_POINT ( 'NONE',  ( 115.7199540685230090, 169.3613257594830088, 176.0501160567395118 ) ) ;
#7146 = DIRECTION ( 'NONE',  ( 0.000000000000000000, 1.000000000000000000, 0.000000000000000000 ) ) ;
#7147 = CIRCLE ( 'NONE', #4199, 0.5000000000000004441 ) ;
#7148 = CARTESIAN_POINT ( 'NONE',  ( 120.4594733917879950, 119.9496176806358108, 181.0501160567390002 ) ) ;
#7149 =( BOUNDED_CURVE ( )  B_SPLINE_CURVE ( 3, ( #3308, #9334, #3354, #3442 ),
 .UNSPECIFIED., .F., .F. ) 
 B_SPLINE_CURVE_WITH_KNOTS ( ( 4, 4 ),
 ( 1.804112415015819819E-15, 0.3926990816992974587 ),
 .UNSPECIFIED. ) 
 CURVE ( )  GEOMETRIC_REPRESENTATION_ITEM ( )  RATIONAL_B_SPLINE_CURVE ( ( 1.000000000000000000, 0.9871901869354500203, 0.9871901869354500203, 1.000000000000000000 ) ) 
 REPRESENTATION_ITEM ( '' )  );
#7150 = LINE ( 'NONE', #9362, #2298 ) ;
#7151 = EDGE_CURVE ( 'NONE', #7750, #6085, #7438, .T. ) ;
#7152 = ORIENTED_EDGE ( 'NONE', *, *, #3444, .T. ) ;
#7153 = EDGE_LOOP ( 'NONE', ( #3665, #3949, #6005, #502 ) ) ;
#7154 = VECTOR ( 'NONE', #6123, 1000.000000000000000 ) ;
#7155 = ORIENTED_EDGE ( 'NONE', *, *, #2596, .T. ) ;
#7156 = FACE_OUTER_BOUND ( 'NONE', #904, .T. ) ;
#7157 = ORIENTED_EDGE ( 'NONE', *, *, #1569, .F. ) ;
#7158 = DIRECTION ( 'NONE',  ( 1.000000000000000000, -1.258452526781900023E-15, 1.258452526781900023E-15 ) ) ;
#7159 = DIRECTION ( 'NONE',  ( 0.8660254037844387076, 0.4999999999999997780, 0.000000000000000000 ) ) ;
#7160 = AXIS2_PLACEMENT_3D ( 'NONE', #8370, #1942, #4887 ) ;
#7161 = DIRECTION ( 'NONE',  ( -1.743504668820874595E-15, -0.5000000000000001110, 0.8660254037844385966 ) ) ;
#7162 = ADVANCED_FACE ( 'NONE', ( #3036 ), #1637, .T. ) ;
#7163 = ORIENTED_EDGE ( 'NONE', *, *, #7414, .T. ) ;
#7164 = EDGE_LOOP ( 'NONE', ( #7705, #7544, #49, #8411 ) ) ;
#7165 = AXIS2_PLACEMENT_3D ( 'NONE', #6903, #3034, #6074 ) ;
#7166 = CARTESIAN_POINT ( 'NONE',  ( 124.9594733917879097, 150.7320102867271601, 162.7507013202307746 ) ) ;
#7167 = LINE ( 'NONE', #7359, #1554 ) ;
#7168 = FACE_OUTER_BOUND ( 'NONE', #6843, .T. ) ;
#7169 = CARTESIAN_POINT ( 'NONE',  ( 121.7594733917879921, 175.9304320314800236, 176.8500716728244981 ) ) ;
#7170 = DIRECTION ( 'NONE',  ( 1.000000000000000000, 1.502386908265089872E-17, 1.321961811100647487E-15 ) ) ;
#7171 = LINE ( 'NONE', #563, #407 ) ;
#7172 = FACE_BOUND ( 'NONE', #2281, .T. ) ;
#7173 = EDGE_CURVE ( 'NONE', #7343, #9032, #6760, .T. ) ;
#7174 = ORIENTED_EDGE ( 'NONE', *, *, #5683, .F. ) ;
#7175 = ADVANCED_FACE ( 'NONE', ( #8914 ), #8104, .F. ) ;
#7176 = ORIENTED_EDGE ( 'NONE', *, *, #1673, .F. ) ;
#7177 = VECTOR ( 'NONE', #578, 1000.000000000000114 ) ;
#7178 = ORIENTED_EDGE ( 'NONE', *, *, #2500, .F. ) ;
#7179 = ADVANCED_FACE ( 'NONE', ( #923 ), #6809, .T. ) ;
#7180 = ORIENTED_EDGE ( 'NONE', *, *, #575, .F. ) ;
#7181 = DIRECTION ( 'NONE',  ( 0.000000000000000000, -0.9999999999999896749, -1.437160344434399381E-07 ) ) ;
#7182 = DIRECTION ( 'NONE',  ( -0.8660254037844388186, -0.4999999999999996114, 0.000000000000000000 ) ) ;
#7183 = CARTESIAN_POINT ( 'NONE',  ( 30.40000000000002700, -24.47965141364013775, 0.5999999999999999778 ) ) ;
#7184 = DIRECTION ( 'NONE',  ( 0.8660254037844384856, -0.5000000000000002220, 0.000000000000000000 ) ) ;
#7185 = CARTESIAN_POINT ( 'NONE',  ( 124.3594733917878870, 145.1320102867271089, 172.4501858426164915 ) ) ;
#7186 = CARTESIAN_POINT ( 'NONE',  ( 114.2330715267210053, 121.0221525309297874, 181.0501160567390002 ) ) ;
#7187 = EDGE_CURVE ( 'NONE', #8513, #5707, #4421, .T. ) ;
#7188 = ORIENTED_EDGE ( 'NONE', *, *, #7279, .T. ) ;
#7189 = LINE ( 'NONE', #2690, #3389 ) ;
#7190 = EDGE_LOOP ( 'NONE', ( #25, #5777, #5831, #5886 ) ) ;
#7191 = VECTOR ( 'NONE', #4631, 1000.000000000000000 ) ;
#7192 = EDGE_CURVE ( 'NONE', #915, #8564, #7385, .T. ) ;
#7193 = DIRECTION ( 'NONE',  ( 1.744174030142317572E-15, 0.8660254037844385966, -0.5000000000000001110 ) ) ;
#7194 = DIRECTION ( 'NONE',  ( 3.134179675087600274E-31, -3.379091138490570313E-15, 1.000000000000000000 ) ) ;
#7195 = EDGE_CURVE ( 'NONE', #2442, #284, #6657, .T. ) ;
#7196 = CARTESIAN_POINT ( 'NONE',  ( 124.3594733917878727, 118.3320102867271117, 150.9727558287624163 ) ) ;
#7197 = DIRECTION ( 'NONE',  ( 4.685093906533310576E-16, 0.8660254037844387076, 0.4999999999999999445 ) ) ;
#7198 = DIRECTION ( 'NONE',  ( 4.685093906533310576E-16, 0.8660254037844387076, 0.4999999999999999445 ) ) ;
#7199 = AXIS2_PLACEMENT_3D ( 'NONE', #5596, #1205, #7816 ) ;
#7200 = FACE_OUTER_BOUND ( 'NONE', #4176, .T. ) ;
#7201 = CARTESIAN_POINT ( 'NONE',  ( 17.60000000000001563, 0.000000000000000000, 0.5999999999999999778 ) ) ;
#7202 = ORIENTED_EDGE ( 'NONE', *, *, #7207, .T. ) ;
#7203 = ORIENTED_EDGE ( 'NONE', *, *, #629, .F. ) ;
#7204 = AXIS2_PLACEMENT_3D ( 'NONE', #6901, #3127, #8292 ) ;
#7205 = ORIENTED_EDGE ( 'NONE', *, *, #1552, .F. ) ;
#7206 = DIRECTION ( 'NONE',  ( -4.316747070439680032E-30, -7.287275863554980679E-15, 1.000000000000000000 ) ) ;
#7207 = EDGE_CURVE ( 'NONE', #1247, #9304, #775, .T. ) ;
#7208 = ORIENTED_EDGE ( 'NONE', *, *, #8801, .T. ) ;
#7209 = LINE ( 'NONE', #4927, #1363 ) ;
#7210 = DIRECTION ( 'NONE',  ( 1.000000000000000000, -5.056174855043640171E-16, -2.094336198689034928E-16 ) ) ;
#7211 = VECTOR ( 'NONE', #2719, 1000.000000000000000 ) ;
#7212 = CARTESIAN_POINT ( 'NONE',  ( 124.3594733917878870, 139.1320102867271373, 162.9816414279065953 ) ) ;
#7213 = ORIENTED_EDGE ( 'NONE', *, *, #8102, .T. ) ;
#7214 = EDGE_LOOP ( 'NONE', ( #8573, #6685, #8471, #8144, #377 ) ) ;
#7215 = EDGE_CURVE ( 'NONE', #7364, #8609, #6272, .T. ) ;
#7216 = LINE ( 'NONE', #4301, #5187 ) ;
#7217 = LINE ( 'NONE', #608, #6029 ) ;
#7218 = DIRECTION ( 'NONE',  ( 0.8660254037844385966, -0.5000000000000001110, 0.000000000000000000 ) ) ;
#7219 = DIRECTION ( 'NONE',  ( 0.000000000000000000, 0.000000000000000000, 1.000000000000000000 ) ) ;
#7220 = DIRECTION ( 'NONE',  ( 0.000000000000000000, 0.1260168930201679416, 0.9920280957077494133 ) ) ;
#7221 = FACE_OUTER_BOUND ( 'NONE', #1588, .T. ) ;
#7222 = VERTEX_POINT ( 'NONE', #1868 ) ;
#7223 = EDGE_LOOP ( 'NONE', ( #3754, #1128, #1763, #5361 ) ) ;
#7224 = ORIENTED_EDGE ( 'NONE', *, *, #2245, .F. ) ;
#7225 = ORIENTED_EDGE ( 'NONE', *, *, #4234, .F. ) ;
#7226 = ADVANCED_FACE ( 'NONE', ( #2402 ), #8388, .T. ) ;
#7227 = EDGE_CURVE ( 'NONE', #6695, #4381, #348, .T. ) ;
#7228 = DIRECTION ( 'NONE',  ( -1.744174030142317374E-15, -0.8660254037844388186, 0.4999999999999996669 ) ) ;
#7229 = DIRECTION ( 'NONE',  ( -1.275664639488986613E-15, -8.326672684688515048E-17, 1.000000000000000000 ) ) ;
#7230 = DIRECTION ( 'NONE',  ( 1.000000000000000000, -1.232504460548322048E-29, 1.332169591021896121E-15 ) ) ;
#7231 = FACE_OUTER_BOUND ( 'NONE', #1622, .T. ) ;
#7232 = DIRECTION ( 'NONE',  ( -1.000000000000000000, 0.000000000000000000, 5.418193534350209856E-30 ) ) ;
#7233 = EDGE_LOOP ( 'NONE', ( #2996, #653, #7740, #358, #1224, #4320, #6216, #2033 ) ) ;
#7234 = ORIENTED_EDGE ( 'NONE', *, *, #924, .T. ) ;
#7235 = AXIS2_PLACEMENT_3D ( 'NONE', #6539, #2871, #5673 ) ;
#7236 = FACE_OUTER_BOUND ( 'NONE', #2353, .T. ) ;
#7237 = VERTEX_POINT ( 'NONE', #7765 ) ;
#7238 = EDGE_CURVE ( 'NONE', #333, #1545, #2089, .T. ) ;
#7239 = EDGE_CURVE ( 'NONE', #5487, #1202, #6856, .T. ) ;
#7240 = VECTOR ( 'NONE', #5990, 1000.000000000000000 ) ;
#7241 = DIRECTION ( 'NONE',  ( -1.000000000000000000, 0.000000000000000000, 5.418193534350200047E-30 ) ) ;
#7242 = CARTESIAN_POINT ( 'NONE',  ( 104.6479001739019878, 162.9582141794609811, 180.4501160567394891 ) ) ;
#7243 = CARTESIAN_POINT ( 'NONE',  ( -2.226202981413853333E-16, 7.390083445627212200, 0.000000000000000000 ) ) ;
#7244 = LINE ( 'NONE', #9454, #2643 ) ;
#7245 = PLANE ( 'NONE',  #4845 ) ;
#7246 = CARTESIAN_POINT ( 'NONE',  ( 124.3594733917879012, 124.3320102867271260, 140.5804509833491238 ) ) ;
#7247 = LINE ( 'NONE', #2800, #7706 ) ;
#7248 = ORIENTED_EDGE ( 'NONE', *, *, #8456, .F. ) ;
#7249 = VERTEX_POINT ( 'NONE', #3233 ) ;
#7250 = VECTOR ( 'NONE', #8343, 1000.000000000000000 ) ;
#7251 = ORIENTED_EDGE ( 'NONE', *, *, #4771, .F. ) ;
#7252 = ORIENTED_EDGE ( 'NONE', *, *, #161, .F. ) ;
#7253 = DIRECTION ( 'NONE',  ( 0.000000000000000000, 0.000000000000000000, 1.000000000000000000 ) ) ;
#7254 = VERTEX_POINT ( 'NONE', #3993 ) ;
#7255 = AXIS2_PLACEMENT_3D ( 'NONE', #1111, #1731, #4673 ) ;
#7256 = CARTESIAN_POINT ( 'NONE',  ( 124.9594733917879950, 176.8587965372884980, 144.8376160567393924 ) ) ;
#7257 = CYLINDRICAL_SURFACE ( 'NONE', #5171, 0.4999999999999979461 ) ;
#7258 = ORIENTED_EDGE ( 'NONE', *, *, #4804, .T. ) ;
#7259 = DIRECTION ( 'NONE',  ( 0.000000000000000000, 7.287275863554980679E-15, -1.000000000000000000 ) ) ;
#7260 = ADVANCED_FACE ( 'NONE', ( #3277 ), #1061, .F. ) ;
#7261 = ORIENTED_EDGE ( 'NONE', *, *, #7877, .T. ) ;
#7262 = AXIS2_PLACEMENT_3D ( 'NONE', #5582, #7085, #6402 ) ;
#7263 = VERTEX_POINT ( 'NONE', #203 ) ;
#7264 = DIRECTION ( 'NONE',  ( 4.685093906533310576E-16, 0.8660254037844385966, 0.4999999999999999445 ) ) ;
#7265 = LINE ( 'NONE', #5719, #8032 ) ;
#7266 = FACE_OUTER_BOUND ( 'NONE', #4262, .T. ) ;
#7267 = CARTESIAN_POINT ( 'NONE',  ( 124.5975336255319945, 116.1745616022668059, 181.0120558229949950 ) ) ;
#7268 = LINE ( 'NONE', #5858, #7642 ) ;
#7269 = AXIS2_PLACEMENT_3D ( 'NONE', #7513, #7464, #3163 ) ;
#7270 = FACE_OUTER_BOUND ( 'NONE', #5797, .T. ) ;
#7271 = ORIENTED_EDGE ( 'NONE', *, *, #6826, .F. ) ;
#7272 = VERTEX_POINT ( 'NONE', #3898 ) ;
#7273 = ADVANCED_FACE ( 'NONE', ( #6180 ), #4764, .T. ) ;
#7274 = VERTEX_POINT ( 'NONE', #4619 ) ;
#7275 = ORIENTED_EDGE ( 'NONE', *, *, #497, .F. ) ;
#7276 = VECTOR ( 'NONE', #7624, 1000.000000000000000 ) ;
#7277 = DIRECTION ( 'NONE',  ( 0.000000000000000000, -0.9999999999999881206, 1.538396724824263788E-07 ) ) ;
#7278 = LINE ( 'NONE', #9532, #4830 ) ;
#7279 = EDGE_CURVE ( 'NONE', #2295, #2852, #1681, .T. ) ;
#7280 = CARTESIAN_POINT ( 'NONE',  ( 124.3937879668389996, 176.8587965372884980, 181.0501160567395118 ) ) ;
#7281 = CARTESIAN_POINT ( 'NONE',  ( 118.0699540685230176, 169.3613257594830088, 176.0501160567395118 ) ) ;
#7282 = DIRECTION ( 'NONE',  ( 0.8660254037844387076, -0.4999999999999999445, 0.000000000000000000 ) ) ;
#7283 = CIRCLE ( 'NONE', #8348, 3.000000000000002665 ) ;
#7284 = ORIENTED_EDGE ( 'NONE', *, *, #2487, .F. ) ;
#7285 = EDGE_CURVE ( 'NONE', #6409, #2426, #3079, .T. ) ;
#7286 = ORIENTED_EDGE ( 'NONE', *, *, #8552, .F. ) ;
#7287 = DIRECTION ( 'NONE',  ( 1.743504668820874792E-15, 0.4999999999999998335, -0.8660254037844388186 ) ) ;
#7288 = LINE ( 'NONE', #4662, #6227 ) ;
#7289 = DIRECTION ( 'NONE',  ( -6.003012422621810107E-30, -1.423326477088940004E-15, -1.000000000000000000 ) ) ;
#7290 = DIRECTION ( 'NONE',  ( 0.000000000000000000, -0.000000000000000000, -1.000000000000000000 ) ) ;
#7291 = LINE ( 'NONE', #7102, #5387 ) ;
#7292 = ADVANCED_FACE ( 'NONE', ( #1108 ), #3185, .F. ) ;
#7294 = EDGE_CURVE ( 'NONE', #7317, #3760, #3324, .T. ) ;
#7293 = ORIENTED_EDGE ( 'NONE', *, *, #2428, .F. ) ;
#7295 = ORIENTED_EDGE ( 'NONE', *, *, #3613, .T. ) ;
#7296 = ORIENTED_EDGE ( 'NONE', *, *, #8985, .F. ) ;
#7297 = AXIS2_PLACEMENT_3D ( 'NONE', #6134, #5258, #4526 ) ;
#7298 = DIRECTION ( 'NONE',  ( 1.000000000000000000, -1.210939508638132030E-15, 1.277902559593765872E-15 ) ) ;
#7299 = ORIENTED_EDGE ( 'NONE', *, *, #7838, .T. ) ;
#7300 = DIRECTION ( 'NONE',  ( -0.4999999999999998890, 0.8660254037844387076, 0.000000000000000000 ) ) ;
#7301 = CARTESIAN_POINT ( 'NONE',  ( 6.399999999999998579, -10.62324495308911665, 0.000000000000000000 ) ) ;
#7302 = AXIS2_PLACEMENT_3D ( 'NONE', #4735, #2518, #362 ) ;
#7303 = DIRECTION ( 'NONE',  ( -4.660113001930849635E-16, 0.4999999999999998890, 0.8660254037844387076 ) ) ;
#7304 = ADVANCED_FACE ( 'NONE', ( #5542 ), #2593, .T. ) ;
#7305 = VECTOR ( 'NONE', #4315, 999.9999999999998863 ) ;
#7306 = EDGE_LOOP ( 'NONE', ( #4584, #2512, #4261, #7103 ) ) ;
#7307 = ORIENTED_EDGE ( 'NONE', *, *, #3037, .T. ) ;
#7309 = EDGE_CURVE ( 'NONE', #9268, #1889, #8481, .T. ) ;
#7308 = DIRECTION ( 'NONE',  ( 0.8660254037844381525, -0.5000000000000008882, 0.000000000000000000 ) ) ;
#7310 = VECTOR ( 'NONE', #3408, 1000.000000000000000 ) ;
#7311 = DIRECTION ( 'NONE',  ( 1.184735462541920096E-15, 1.000000000000000000, 3.379091138490570313E-15 ) ) ;
#7312 = CARTESIAN_POINT ( 'NONE',  ( 121.5594733917879893, 171.7585906126184909, 175.1500716728245095 ) ) ;
#7313 = CARTESIAN_POINT ( 'NONE',  ( 124.5594733917880177, 116.0589298376741709, 180.9502493571497439 ) ) ;
#7314 = PRODUCT_CONTEXT ( 'NONE', #6676, 'mechanical' ) ;
#7315 = FACE_OUTER_BOUND ( 'NONE', #1612, .T. ) ;
#7316 = LINE ( 'NONE', #708, #7071 ) ;
#7317 = VERTEX_POINT ( 'NONE', #6999 ) ;
#7318 = ORIENTED_EDGE ( 'NONE', *, *, #3173, .T. ) ;
#7319 = ORIENTED_EDGE ( 'NONE', *, *, #7577, .T. ) ;
#7320 = AXIS2_PLACEMENT_3D ( 'NONE', #2085, #8747, #5035 ) ;
#7321 = ORIENTED_EDGE ( 'NONE', *, *, #3967, .T. ) ;
#7322 = CARTESIAN_POINT ( 'NONE',  ( -6.200000000000001954, 3.117691453623979925, 0.000000000000000000 ) ) ;
#7323 = CARTESIAN_POINT ( 'NONE',  ( 103.4479001739019992, 172.6583830282139900, 165.6113888862245176 ) ) ;
#7324 = EDGE_CURVE ( 'NONE', #5136, #1027, #1014, .T. ) ;
#7325 = PLANE ( 'NONE',  #273 ) ;
#7326 = DIRECTION ( 'NONE',  ( 0.000000000000000000, 0.000000000000000000, 1.000000000000000000 ) ) ;
#7327 = LINE ( 'NONE', #8764, #7943 ) ;
#7328 = CIRCLE ( 'NONE', #701, 1.700000000000007061 ) ;
#7329 = ORIENTED_EDGE ( 'NONE', *, *, #3279, .F. ) ;
#7330 = ORIENTED_EDGE ( 'NONE', *, *, #5162, .F. ) ;
#7331 = EDGE_LOOP ( 'NONE', ( #7620, #4297, #6164, #3340 ) ) ;
#7332 = VECTOR ( 'NONE', #6301, 999.9999999999998863 ) ;
#7333 = CARTESIAN_POINT ( 'NONE',  ( 6.000000000000000000, -3.925981830489455149, 0.000000000000000000 ) ) ;
#7334 = FACE_OUTER_BOUND ( 'NONE', #7905, .T. ) ;
#7335 = ADVANCED_FACE ( 'NONE', ( #2499 ), #3132, .F. ) ;
#7336 = DIRECTION ( 'NONE',  ( 0.000000000000000000, 7.287275863554980679E-15, -1.000000000000000000 ) ) ;
#7337 = DIRECTION ( 'NONE',  ( -0.4999999999999998335, -0.8660254037844387076, 0.000000000000000000 ) ) ;
#7338 = DIRECTION ( 'NONE',  ( -1.000000000000000000, 2.446987933301115256E-29, -1.702654782242905061E-22 ) ) ;
#7339 = AXIS2_PLACEMENT_3D ( 'NONE', #3251, #1794, #1885 ) ;
#7340 = CARTESIAN_POINT ( 'NONE',  ( 84.52963090882649055, 141.9087965372779649, 130.0501160567391992 ) ) ;
#7341 = VERTEX_POINT ( 'NONE', #9351 ) ;
#7342 = VERTEX_POINT ( 'NONE', #2788 ) ;
#7343 = VERTEX_POINT ( 'NONE', #4177 ) ;
#7344 = AXIS2_PLACEMENT_3D ( 'NONE', #2556, #5551, #7680 ) ;
#7345 = CARTESIAN_POINT ( 'NONE',  ( 24.00000000000000711, -20.32272947547484421, 0.000000000000000000 ) ) ;
#7346 = EDGE_CURVE ( 'NONE', #6562, #2297, #1960, .T. ) ;
#7347 = EDGE_LOOP ( 'NONE', ( #7644, #6563, #892, #8903 ) ) ;
#7348 = ADVANCED_FACE ( 'NONE', ( #7236 ), #1248, .F. ) ;
#7349 = DIRECTION ( 'NONE',  ( 0.000000000000000000, 0.000000000000000000, 1.000000000000000000 ) ) ;
#7350 = DIRECTION ( 'NONE',  ( -1.000000000000000000, 5.923677312708450714E-16, 5.923677312709610339E-16 ) ) ;
#7351 = DIRECTION ( 'NONE',  ( 0.000000000000000000, -0.7071067811865849873, 0.7071067811865101582 ) ) ;
#7352 = VECTOR ( 'NONE', #353, 1000.000000000000000 ) ;
#7353 = ORIENTED_EDGE ( 'NONE', *, *, #6043, .T. ) ;
#7354 = VERTEX_POINT ( 'NONE', #484 ) ;
#7355 = PLANE ( 'NONE',  #366 ) ;
#7356 = EDGE_CURVE ( 'NONE', #6285, #5354, #5710, .T. ) ;
#7357 = FACE_OUTER_BOUND ( 'NONE', #6496, .T. ) ;
#7358 = VECTOR ( 'NONE', #3083, 1000.000000000000000 ) ;
#7359 = CARTESIAN_POINT ( 'NONE',  ( 11.60000000000000497, -6.928203230275511437, 0.000000000000000000 ) ) ;
#7360 = CARTESIAN_POINT ( 'NONE',  ( 104.1412005329670052, 112.6587965372630009, 176.8430092755530154 ) ) ;
#7361 = PLANE ( 'NONE',  #8740 ) ;
#7362 = DIRECTION ( 'NONE',  ( 0.000000000000000000, -0.9999999999999897859, -1.437160286610333367E-07 ) ) ;
#7363 = CARTESIAN_POINT ( 'NONE',  ( 124.3594733917879012, 127.9320102867271203, 148.6633547520038690 ) ) ;
#7364 = VERTEX_POINT ( 'NONE', #7955 ) ;
#7365 = VERTEX_POINT ( 'NONE', #7138 ) ;
#7366 = EDGE_LOOP ( 'NONE', ( #5727, #6507, #6907, #9096 ) ) ;
#7367 = AXIS2_PLACEMENT_3D ( 'NONE', #4700, #5479, #5571 ) ;
#7368 = ORIENTED_EDGE ( 'NONE', *, *, #9468, .T. ) ;
#7369 = AXIS2_PLACEMENT_3D ( 'NONE', #8977, #3774, #8267 ) ;
#7370 = DIRECTION ( 'NONE',  ( -8.377344794756129853E-16, -0.7071067811865849873, 0.7071067811865101582 ) ) ;
#7371 = CARTESIAN_POINT ( 'NONE',  ( 124.9594733917879097, 139.5320102867271146, 149.3561750750314445 ) ) ;
#7372 = DIRECTION ( 'NONE',  ( -1.000000000000000000, -1.181088324069313042E-14, 0.000000000000000000 ) ) ;
#7373 = LINE ( 'NONE', #7424, #7591 ) ;
#7374 = CARTESIAN_POINT ( 'NONE',  ( -3.200000000000000622, 5.542562584220408262, 0.5999999999999999778 ) ) ;
#7375 = ORIENTED_EDGE ( 'NONE', *, *, #4547, .F. ) ;
#7376 = ORIENTED_EDGE ( 'NONE', *, *, #9154, .T. ) ;
#7377 = AXIS2_PLACEMENT_3D ( 'NONE', #8634, #9263, #6372 ) ;
#7378 = EDGE_CURVE ( 'NONE', #7694, #8561, #3413, .T. ) ;
#7379 = FACE_OUTER_BOUND ( 'NONE', #9387, .T. ) ;
#7380 = DIRECTION ( 'NONE',  ( -1.000000000000000000, 1.165921621825708051E-15, -1.481062580737703994E-16 ) ) ;
#7381 =( NAMED_UNIT ( * ) SI_UNIT ( $, .STERADIAN. ) SOLID_ANGLE_UNIT ( ) );
#7382 = LINE ( 'NONE', #874, #192 ) ;
#7383 = DIRECTION ( 'NONE',  ( 2.003086131649548268E-15, -1.000000000000000000, 0.000000000000000000 ) ) ;
#7384 = VECTOR ( 'NONE', #6395, 999.9999999999998863 ) ;
#7385 = LINE ( 'NONE', #783, #4766 ) ;
#7386 = ORIENTED_EDGE ( 'NONE', *, *, #5308, .F. ) ;
#7387 = ORIENTED_EDGE ( 'NONE', *, *, #8765, .F. ) ;
#7388 = EDGE_CURVE ( 'NONE', #2079, #2315, #5006, .T. ) ;
#7389 = AXIS2_PLACEMENT_3D ( 'NONE', #7022, #412, #1886 ) ;
#7390 = ORIENTED_EDGE ( 'NONE', *, *, #7002, .F. ) ;
#7391 = FACE_BOUND ( 'NONE', #1835, .T. ) ;
#7392 = ORIENTED_EDGE ( 'NONE', *, *, #3600, .F. ) ;
#7394 = EDGE_CURVE ( 'NONE', #2442, #8333, #9303, .T. ) ;
#7393 = DIRECTION ( 'NONE',  ( 0.8660254037844385966, 0.4999999999999999445, 0.000000000000000000 ) ) ;
#7395 = CARTESIAN_POINT ( 'NONE',  ( 124.9594733917878955, 139.7320102867271316, 162.4042911587170011 ) ) ;
#7396 = VECTOR ( 'NONE', #5112, 1000.000000000000114 ) ;
#7397 = VECTOR ( 'NONE', #3142, 1000.000000000000114 ) ;
#7398 = CARTESIAN_POINT ( 'NONE',  ( -6.400000000000002132, 0.000000000000000000, 0.5999999999999999778 ) ) ;
#7399 = EDGE_CURVE ( 'NONE', #5796, #3960, #7189, .T. ) ;
#7400 = VERTEX_POINT ( 'NONE', #4126 ) ;
#7401 =( BOUNDED_CURVE ( )  B_SPLINE_CURVE ( 3, ( #6034, #7584, #2355, #8251 ),
 .UNSPECIFIED., .F., .F. ) 
 B_SPLINE_CURVE_WITH_KNOTS ( ( 4, 4 ),
 ( 4.121003649136559588, 4.199329675095115455 ),
 .UNSPECIFIED. ) 
 CURVE ( )  GEOMETRIC_REPRESENTATION_ITEM ( )  RATIONAL_B_SPLINE_CURVE ( ( 1.000000000000000000, 0.9994888181448779996, 0.9994888181448779996, 1.000000000000000000 ) ) 
 REPRESENTATION_ITEM ( '' )  );
#7402 = ORIENTED_EDGE ( 'NONE', *, *, #6328, .F. ) ;
#7403 = VECTOR ( 'NONE', #351, 1000.000000000000000 ) ;
#7404 = FACE_OUTER_BOUND ( 'NONE', #3271, .T. ) ;
#7405 =( LENGTH_UNIT ( ) NAMED_UNIT ( * ) SI_UNIT ( .MILLI., .METRE. ) );
#7406 = CARTESIAN_POINT ( 'NONE',  ( 103.8479001739019907, 174.2587965372880205, 146.4896251811483978 ) ) ;
#7407 = CARTESIAN_POINT ( 'NONE',  ( 124.3594733917878870, 115.1320102867271231, 141.7351515217283975 ) ) ;
#7408 = DIRECTION ( 'NONE',  ( 1.000000000000000000, -1.184735462541926012E-15, 1.332169591021886064E-15 ) ) ;
#7409 = DIRECTION ( 'NONE',  ( -2.003086131649543140E-15, -1.000000000000000000, 0.000000000000000000 ) ) ;
#7410 = DIRECTION ( 'NONE',  ( 4.087556092131263946E-16, 1.000000000000000000, 0.000000000000000000 ) ) ;
#7411 = ORIENTED_EDGE ( 'NONE', *, *, #1585, .T. ) ;
#7412 = EDGE_LOOP ( 'NONE', ( #931, #1073, #1119, #3045 ) ) ;
#7413 = AXIS2_PLACEMENT_3D ( 'NONE', #6899, #871, #1009 ) ;
#7414 = EDGE_CURVE ( 'NONE', #3249, #496, #437, .T. ) ;
#7415 = ORIENTED_EDGE ( 'NONE', *, *, #1077, .F. ) ;
#7416 = ADVANCED_FACE ( 'NONE', ( #1914 ), #9400, .F. ) ;
#7417 = ORIENTED_EDGE ( 'NONE', *, *, #4494, .T. ) ;
#7418 = EDGE_CURVE ( 'NONE', #8495, #2806, #5089, .T. ) ;
#7419 = ADVANCED_FACE ( 'NONE', ( #5640 ), #4955, .F. ) ;
#7420 = AXIS2_PLACEMENT_3D ( 'NONE', #9233, #9185, #5569 ) ;
#7421 = CARTESIAN_POINT ( 'NONE',  ( -3.200000000000000622, 5.542562584220408262, 0.5999999999999999778 ) ) ;
#7422 = CARTESIAN_POINT ( 'NONE',  ( 116.1544892484759970, 177.2587965372885037, 161.4464302784934944 ) ) ;
#7423 = CARTESIAN_POINT ( 'NONE',  ( 121.7594733917879921, 170.4585906126184796, 136.0001160632323831 ) ) ;
#7424 = CARTESIAN_POINT ( 'NONE',  ( 124.9594733917878813, 121.7320102867271174, 152.0119863133037370 ) ) ;
#7425 = DIRECTION ( 'NONE',  ( 0.000000000000000000, 4.873714578379230080E-15, -1.000000000000000000 ) ) ;
#7426 = CARTESIAN_POINT ( 'NONE',  ( 18.40000000000000213, 0.000000000000000000, 0.5999999999999999778 ) ) ;
#7427 = ORIENTED_EDGE ( 'NONE', *, *, #4362, .T. ) ;
#7428 = ORIENTED_EDGE ( 'NONE', *, *, #888, .F. ) ;
#7429 = VECTOR ( 'NONE', #443, 1000.000000000000000 ) ;
#7430 = VERTEX_POINT ( 'NONE', #4273 ) ;
#7431 = DIRECTION ( 'NONE',  ( -4.685093906533305646E-16, -0.8660254037844384856, -0.5000000000000002220 ) ) ;
#7432 = LINE ( 'NONE', #3746, #2053 ) ;
#7433 = CARTESIAN_POINT ( 'NONE',  ( 124.3594733917879012, 133.1320102867271373, 152.3583964748175106 ) ) ;
#7434 = LINE ( 'NONE', #1397, #4945 ) ;
#7435 = DIRECTION ( 'NONE',  ( 0.000000000000000000, -0.9999999999999896749, -1.437160344434399381E-07 ) ) ;
#7436 =( GEOMETRIC_REPRESENTATION_CONTEXT ( 3 ) GLOBAL_UNCERTAINTY_ASSIGNED_CONTEXT ( ( #6818 ) ) GLOBAL_UNIT_ASSIGNED_CONTEXT ( ( #2578, #3397, #5622 ) ) REPRESENTATION_CONTEXT ( 'NONE', 'WORKASPACE' ) );
#7437 = EDGE_CURVE ( 'NONE', #9268, #460, #4907, .T. ) ;
#7438 = LINE ( 'NONE', #830, #2139 ) ;
#7439 = EDGE_LOOP ( 'NONE', ( #8833, #7778, #8236, #2582 ) ) ;
#7440 = VERTEX_POINT ( 'NONE', #4856 ) ;
#7441 = VERTEX_POINT ( 'NONE', #6912 ) ;
#7442 = FACE_BOUND ( 'NONE', #8130, .T. ) ;
#7443 = ORIENTED_EDGE ( 'NONE', *, *, #8878, .T. ) ;
#7444 = EDGE_CURVE ( 'NONE', #80, #6553, #1018, .T. ) ;
#7445 = LINE ( 'NONE', #5166, #8621 ) ;
#7446 = DIRECTION ( 'NONE',  ( -1.184735462541916151E-15, -1.000000000000000000, -7.287275863554980679E-15 ) ) ;
#7447 = DIRECTION ( 'NONE',  ( 1.332169591021890008E-15, 4.326681131221240423E-15, -1.000000000000000000 ) ) ;
#7448 = ORIENTED_EDGE ( 'NONE', *, *, #876, .F. ) ;
#7449 = AXIS2_PLACEMENT_3D ( 'NONE', #5173, #3451, #2729 ) ;
#7450 = ORIENTED_EDGE ( 'NONE', *, *, #5300, .F. ) ;
#7451 = DIRECTION ( 'NONE',  ( 1.000000000000000000, -1.184735462541926012E-15, 1.332169591021886064E-15 ) ) ;
#7452 =( NAMED_UNIT ( * ) SI_UNIT ( $, .STERADIAN. ) SOLID_ANGLE_UNIT ( ) );
#7453 = DIRECTION ( 'NONE',  ( 0.8660254037844383745, 0.5000000000000003331, 0.000000000000000000 ) ) ;
#7454 = DIRECTION ( 'NONE',  ( -1.000000000000000000, -1.723050136371060053E-14, -6.938893903992659548E-18 ) ) ;
#7455 = EDGE_CURVE ( 'NONE', #1285, #5073, #3090, .T. ) ;
#7456 = DIRECTION ( 'NONE',  ( 0.000000000000000000, -0.1260166810503295654, -0.9920281226341617353 ) ) ;
#7457 = LINE ( 'NONE', #5179, #8095 ) ;
#7458 = VECTOR ( 'NONE', #7298, 1000.000000000000000 ) ;
#7459 = DIRECTION ( 'NONE',  ( 0.000000000000000000, 4.873714578379230080E-15, -1.000000000000000000 ) ) ;
#7460 = VERTEX_POINT ( 'NONE', #5406 ) ;
#7461 = ORIENTED_EDGE ( 'NONE', *, *, #2296, .T. ) ;
#7462 = ORIENTED_EDGE ( 'NONE', *, *, #3162, .T. ) ;
#7463 = CONICAL_SURFACE ( 'NONE', #6687, 4.950000000000684075, 0.7853981633974291832 ) ;
#7464 = DIRECTION ( 'NONE',  ( 0.7071067811865485719, 0.7071067811865464625, 4.001411719420503724E-15 ) ) ;
#7465 = LINE ( 'NONE', #1663, #1449 ) ;
#7466 = EDGE_CURVE ( 'NONE', #1331, #139, #8349, .T. ) ;
#7467 = EDGE_CURVE ( 'NONE', #822, #7460, #7722, .T. ) ;
#7468 = CARTESIAN_POINT ( 'NONE',  ( 124.3594733917878870, 121.3320102867270975, 145.7766034060558127 ) ) ;
#7469 = DIRECTION ( 'NONE',  ( -1.743504668820874792E-15, -0.5000000000000000000, 0.8660254037844387076 ) ) ;
#7470 = DIRECTION ( 'NONE',  ( 1.744174030142317572E-15, 0.8660254037844383745, -0.5000000000000004441 ) ) ;
#7471 = VERTEX_POINT ( 'NONE', #4577 ) ;
#7472 = ORIENTED_EDGE ( 'NONE', *, *, #1017, .F. ) ;
#7473 = AXIS2_PLACEMENT_3D ( 'NONE', #5189, #997, #5234 ) ;
#7474 = EDGE_CURVE ( 'NONE', #3234, #1762, #3952, .T. ) ;
#7475 = AXIS2_PLACEMENT_3D ( 'NONE', #7084, #477, #3406 ) ;
#7476 = ORIENTED_EDGE ( 'NONE', *, *, #7598, .F. ) ;
#7477 = VERTEX_POINT ( 'NONE', #1823 ) ;
#7478 = VECTOR ( 'NONE', #8010, 1000.000000000000000 ) ;
#7479 = CARTESIAN_POINT ( 'NONE',  ( 124.3594733917879154, 127.7320102867271174, 134.6914782376149446 ) ) ;
#7480 = LINE ( 'NONE', #2445, #9145 ) ;
#7481 = ADVANCED_FACE ( 'NONE', ( #6959 ), #3238, .F. ) ;
#7482 = DIRECTION ( 'NONE',  ( 0.000000000000000000, 0.000000000000000000, 1.000000000000000000 ) ) ;
#7483 = PLANE ( 'NONE',  #6967 ) ;
#7484 = FACE_OUTER_BOUND ( 'NONE', #6681, .T. ) ;
#7485 = DIRECTION ( 'NONE',  ( 0.6949170157991878538, -0.6949170157991947372, 0.1848801836473909499 ) ) ;
#7486 = ORIENTED_EDGE ( 'NONE', *, *, #1306, .F. ) ;
#7487 = CIRCLE ( 'NONE', #4535, 2.349999999999990763 ) ;
#7488 = EDGE_LOOP ( 'NONE', ( #1739, #5374, #7178, #6191 ) ) ;
#7489 = DIRECTION ( 'NONE',  ( 5.875953879550420389E-29, 4.595354274974970109E-14, 1.000000000000000000 ) ) ;
#7490 = ORIENTED_EDGE ( 'NONE', *, *, #1852, .T. ) ;
#7491 = VECTOR ( 'NONE', #9371, 1000.000000000000000 ) ;
#7492 = FACE_OUTER_BOUND ( 'NONE', #9365, .T. ) ;
#7493 = DIRECTION ( 'NONE',  ( 4.316747070439680032E-30, 7.287275863554980679E-15, -1.000000000000000000 ) ) ;
#7494 = DIRECTION ( 'NONE',  ( -1.000000000000000000, 0.000000000000000000, -0.000000000000000000 ) ) ;
#7495 = ORIENTED_EDGE ( 'NONE', *, *, #217, .F. ) ;
#7496 = AXIS2_PLACEMENT_3D ( 'NONE', #1891, #6250, #4836 ) ;
#7497 = VERTEX_POINT ( 'NONE', #7632 ) ;
#7498 = EDGE_CURVE ( 'NONE', #5354, #3641, #303, .T. ) ;
#7499 = DIRECTION ( 'NONE',  ( -1.000000000000000000, 6.555317102064179910E-16, -3.285328468285960224E-15 ) ) ;
#7500 = DIRECTION ( 'NONE',  ( -1.000000000000000000, 1.184735462541920096E-15, 4.316747070439684937E-30 ) ) ;
#7501 = CARTESIAN_POINT ( 'NONE',  ( 124.9594733917879950, 176.8587965372884980, 169.9389230289955037 ) ) ;
#7502 = DIRECTION ( 'NONE',  ( -1.000000000000000000, 1.210939508638132030E-15, -1.277902559593765872E-15 ) ) ;
#7503 = DIRECTION ( 'NONE',  ( -0.000000000000000000, -0.000000000000000000, -1.000000000000000000 ) ) ;
#7504 = CARTESIAN_POINT ( 'NONE',  ( 124.3594733917878727, 115.7320102867271174, 155.4760879284414727 ) ) ;
#7505 = VECTOR ( 'NONE', #4813, 999.9999999999998863 ) ;
#7506 = DIRECTION ( 'NONE',  ( 0.000000000000000000, 3.379091138490570313E-15, -1.000000000000000000 ) ) ;
#7507 = VERTEX_POINT ( 'NONE', #2406 ) ;
#7508 = VERTEX_POINT ( 'NONE', #2505 ) ;
#7509 = ORIENTED_EDGE ( 'NONE', *, *, #8521, .T. ) ;
#7510 = ORIENTED_EDGE ( 'NONE', *, *, #5900, .T. ) ;
#7511 = EDGE_CURVE ( 'NONE', #4994, #5887, #1543, .T. ) ;
#7512 = VECTOR ( 'NONE', #1056, 1000.000000000000000 ) ;
#7513 = CARTESIAN_POINT ( 'NONE',  ( 124.7594733917880063, 177.0587965372885151, 144.8376160567393924 ) ) ;
#7514 = LINE ( 'NONE', #3784, #6236 ) ;
#7515 = CARTESIAN_POINT ( 'NONE',  ( 11.59999999999999787, -13.62546635287517205, 0.5999999999999999778 ) ) ;
#7516 = CARTESIAN_POINT ( 'NONE',  ( 124.3594733917879012, 124.7320102867271316, 139.8876306603215482 ) ) ;
#7517 = CARTESIAN_POINT ( 'NONE',  ( 124.5594733917879893, 176.6931111123389826, 181.0501160567395118 ) ) ;
#7518 = ORIENTED_EDGE ( 'NONE', *, *, #2333, .F. ) ;
#7519 = VERTEX_POINT ( 'NONE', #1686 ) ;
#7520 = VECTOR ( 'NONE', #2530, 1000.000000000000000 ) ;
#7521 = ORIENTED_EDGE ( 'NONE', *, *, #6895, .T. ) ;
#7522 = ORIENTED_EDGE ( 'NONE', *, *, #2113, .T. ) ;
#7523 = EDGE_CURVE ( 'NONE', #1029, #713, #5355, .T. ) ;
#7524 = EDGE_CURVE ( 'NONE', #5873, #118, #4767, .T. ) ;
#7525 = VERTEX_POINT ( 'NONE', #7676 ) ;
#7526 = CARTESIAN_POINT ( 'NONE',  ( 109.9594733917879950, 116.3659033184497957, 180.5501160567390002 ) ) ;
#7527 = FACE_OUTER_BOUND ( 'NONE', #7898, .T. ) ;
#7528 = CARTESIAN_POINT ( 'NONE',  ( 121.9594733917879950, 170.9867491937569923, 173.4500716728244925 ) ) ;
#7529 = DIRECTION ( 'NONE',  ( -1.332169591021886064E-15, 0.000000000000000000, 1.000000000000000000 ) ) ;
#7530 = CARTESIAN_POINT ( 'NONE',  ( 124.9594733917879950, 173.4583822770075301, 167.4508272310385166 ) ) ;
#7531 = CARTESIAN_POINT ( 'NONE',  ( 124.9594733917878955, 127.9320102867271203, 148.6633547520038690 ) ) ;
#7532 = ORIENTED_EDGE ( 'NONE', *, *, #5469, .T. ) ;
#7533 = EDGE_CURVE ( 'NONE', #8025, #1332, #4627, .T. ) ;
#7534 = ADVANCED_FACE ( 'NONE', ( #8963 ), #6228, .F. ) ;
#7535 = CIRCLE ( 'NONE', #3066, 4.749999999999083400 ) ;
#7536 = ORIENTED_EDGE ( 'NONE', *, *, #5069, .T. ) ;
#7537 = CARTESIAN_POINT ( 'NONE',  ( 99.01619377653260301, 176.8587965372884980, 181.0501160567395118 ) ) ;
#7538 = DIRECTION ( 'NONE',  ( 8.005968353488390811E-29, -4.326681131221240423E-15, 1.000000000000000000 ) ) ;
#7539 = ORIENTED_EDGE ( 'NONE', *, *, #194, .F. ) ;
#7540 = CARTESIAN_POINT ( 'NONE',  ( 120.4199540685229977, 169.3613257594830088, 181.0501160567395118 ) ) ;
#7541 = FACE_OUTER_BOUND ( 'NONE', #1297, .T. ) ;
#7542 = DIRECTION ( 'NONE',  ( -0.8660254037844387076, -0.5000000000000001110, 0.000000000000000000 ) ) ;
#7543 = AXIS2_PLACEMENT_3D ( 'NONE', #2761, #5713, #8647 ) ;
#7544 = ORIENTED_EDGE ( 'NONE', *, *, #8300, .T. ) ;
#7545 = ORIENTED_EDGE ( 'NONE', *, *, #4547, .T. ) ;
#7546 = CARTESIAN_POINT ( 'NONE',  ( 121.5594733917879893, 173.4585906126184796, 176.8500716728244981 ) ) ;
#7547 = VECTOR ( 'NONE', #299, 1000.000000000000000 ) ;
#7548 = LINE ( 'NONE', #5549, #2790 ) ;
#7549 = CARTESIAN_POINT ( 'NONE',  ( 124.9594733917879950, 113.1916392497440000, 177.5172733442709898 ) ) ;
#7550 = CARTESIAN_POINT ( 'NONE',  ( 115.9594733917879807, 124.9496176806354129, 129.0501160567390002 ) ) ;
#7551 = CARTESIAN_POINT ( 'NONE',  ( 18.40000000000000213, -3.233161507461906226, 0.000000000000000000 ) ) ;
#7552 = EDGE_CURVE ( 'NONE', #3077, #1751, #7401, .T. ) ;
#7553 = LINE ( 'NONE', #1608, #5836 ) ;
#7554 = ORIENTED_EDGE ( 'NONE', *, *, #9414, .F. ) ;
#7555 = ORIENTED_EDGE ( 'NONE', *, *, #1330, .F. ) ;
#7556 = AXIS2_PLACEMENT_3D ( 'NONE', #1729, #4668, #7628 ) ;
#7557 = ORIENTED_EDGE ( 'NONE', *, *, #126, .T. ) ;
#7558 = DIRECTION ( 'NONE',  ( 0.6785983445458170227, 0.2810846377148945585, -0.6785983445458461105 ) ) ;
#7559 = DIRECTION ( 'NONE',  ( -1.000000000000000000, 1.184735462541918124E-15, 2.348786765364215124E-29 ) ) ;
#7560 = DIRECTION ( 'NONE',  ( -1.000000000000000000, 2.446987820781770211E-29, -1.702654743096490157E-22 ) ) ;
#7561 = DIRECTION ( 'NONE',  ( 1.000000000000000000, -1.210939508638132030E-15, 1.277902559593765872E-15 ) ) ;
#7562 = LINE ( 'NONE', #2483, #5008 ) ;
#7563 = VECTOR ( 'NONE', #7091, 1000.000000000000114 ) ;
#7564 = EDGE_CURVE ( 'NONE', #1635, #4461, #8439, .T. ) ;
#7565 = CARTESIAN_POINT ( 'NONE',  ( 124.3594733917879012, 133.3320102867271260, 145.0837830830282087 ) ) ;
#7566 = ORIENTED_EDGE ( 'NONE', *, *, #4872, .T. ) ;
#7567 = ORIENTED_EDGE ( 'NONE', *, *, #3424, .F. ) ;
#7568 = ORIENTED_EDGE ( 'NONE', *, *, #4144, .T. ) ;
#7569 = VERTEX_POINT ( 'NONE', #974 ) ;
#7570 = VECTOR ( 'NONE', #9148, 1000.000000000000000 ) ;
#7571 = VERTEX_POINT ( 'NONE', #3904 ) ;
#7572 = FACE_OUTER_BOUND ( 'NONE', #2586, .T. ) ;
#7573 = CYLINDRICAL_SURFACE ( 'NONE', #1747, 3.000000000000002665 ) ;
#7574 = CARTESIAN_POINT ( 'NONE',  ( 17.60000000000000142, 0.000000000000000000, 0.5999999999999999778 ) ) ;
#7575 = CARTESIAN_POINT ( 'NONE',  ( 0.3999999999999926392, 2.614739876170339826E-16, 0.5999999999999999778 ) ) ;
#7576 = LINE ( 'NONE', #3800, #8699 ) ;
#7577 = EDGE_CURVE ( 'NONE', #6445, #5004, #6861, .T. ) ;
#7578 = EDGE_LOOP ( 'NONE', ( #6303, #6170, #1140, #6152 ) ) ;
#7579 = VECTOR ( 'NONE', #5903, 1000.000000000000114 ) ;
#7580 = DIRECTION ( 'NONE',  ( 4.316747070439680032E-30, 0.000000000000000000, 1.000000000000000000 ) ) ;
#7581 = ORIENTED_EDGE ( 'NONE', *, *, #1040, .T. ) ;
#7582 = AXIS2_PLACEMENT_3D ( 'NONE', #8568, #6407, #3455 ) ;
#7583 = ORIENTED_EDGE ( 'NONE', *, *, #3343, .F. ) ;
#7584 = CARTESIAN_POINT ( 'NONE',  ( 114.9252871431546623, 121.5571120543453958, 180.5151565333233350 ) ) ;
#7585 = DIRECTION ( 'NONE',  ( 0.8660254037844388186, -0.4999999999999997780, 0.000000000000000000 ) ) ;
#7586 = ADVANCED_FACE ( 'NONE', ( #6133 ), #9065, .F. ) ;
#7587 = LINE ( 'NONE', #6863, #3061 ) ;
#7588 = ADVANCED_FACE ( 'NONE', ( #7142 ), #2693, .T. ) ;
#7589 = LINE ( 'NONE', #5412, #7957 ) ;
#7590 = DIRECTION ( 'NONE',  ( 0.8660254037844382635, 0.5000000000000006661, 0.000000000000000000 ) ) ;
#7591 = VECTOR ( 'NONE', #719, 999.9999999999998863 ) ;
#7592 = EDGE_CURVE ( 'NONE', #5487, #4381, #5593, .T. ) ;
#7593 = ORIENTED_EDGE ( 'NONE', *, *, #8908, .F. ) ;
#7594 = ORIENTED_EDGE ( 'NONE', *, *, #8674, .F. ) ;
#7595 = CARTESIAN_POINT ( 'NONE',  ( 115.7199540685230090, 129.3613257594830088, 180.4501160567390059 ) ) ;
#7596 = DIRECTION ( 'NONE',  ( -0.7071067811865391350, 0.7071067811865560104, 5.152882179496841467E-15 ) ) ;
#7597 = LINE ( 'NONE', #5468, #5975 ) ;
#7598 = EDGE_CURVE ( 'NONE', #6670, #4104, #3417, .T. ) ;
#7599 = CARTESIAN_POINT ( 'NONE',  ( 121.5594733917879893, 170.9867491937569923, 137.7001160632314054 ) ) ;
#7600 = PLANE ( 'NONE',  #2125 ) ;
#7601 = ORIENTED_EDGE ( 'NONE', *, *, #2967, .F. ) ;
#7602 = VERTEX_POINT ( 'NONE', #4086 ) ;
#7603 = ORIENTED_EDGE ( 'NONE', *, *, #4414, .F. ) ;
#7604 = ADVANCED_FACE ( 'NONE', ( #395 ), #5742, .T. ) ;
#7605 = VECTOR ( 'NONE', #2708, 999.9999999999998863 ) ;
#7606 = CYLINDRICAL_SURFACE ( 'NONE', #2559, 3.000000000000002665 ) ;
#7607 = AXIS2_PLACEMENT_3D ( 'NONE', #8964, #9116, #6767 ) ;
#7608 = DIRECTION ( 'NONE',  ( 1.743504668820874792E-15, 0.5000000000000004441, -0.8660254037844384856 ) ) ;
#7609 = DIRECTION ( 'NONE',  ( 1.000000000000000000, -1.684925824262390165E-30, 1.332169591021890008E-15 ) ) ;
#7610 = PLANE ( 'NONE',  #7824 ) ;
#7611 = LINE ( 'NONE', #3166, #201 ) ;
#7612 = DIRECTION ( 'NONE',  ( 4.685093906533310576E-16, 0.8660254037844385966, 0.4999999999999999445 ) ) ;
#7613 = DIRECTION ( 'NONE',  ( 8.377344794755769935E-16, 0.7071067811865500152, 0.7071067811865450192 ) ) ;
#7614 = ORIENTED_EDGE ( 'NONE', *, *, #6474, .F. ) ;
#7615 = VERTEX_POINT ( 'NONE', #8675 ) ;
#7616 = ORIENTED_EDGE ( 'NONE', *, *, #7763, .T. ) ;
#7617 = VECTOR ( 'NONE', #7229, 1000.000000000000000 ) ;
#7618 = ORIENTED_EDGE ( 'NONE', *, *, #5408, .T. ) ;
#7619 = EDGE_CURVE ( 'NONE', #4363, #6920, #1843, .T. ) ;
#7620 = ORIENTED_EDGE ( 'NONE', *, *, #4804, .F. ) ;
#7621 = CARTESIAN_POINT ( 'NONE',  ( 124.3594733917878870, 121.1320102867271231, 151.6655761517899350 ) ) ;
#7622 = LINE ( 'NONE', #3843, #4056 ) ;
#7623 = DIRECTION ( 'NONE',  ( -1.000000000000000000, 0.000000000000000000, 0.000000000000000000 ) ) ;
#7624 = DIRECTION ( 'NONE',  ( -4.316747070439680032E-30, -7.287275863554980679E-15, 1.000000000000000000 ) ) ;
#7625 = CARTESIAN_POINT ( 'NONE',  ( 12.40000000000000391, -6.235382907247958073, 0.5999999999999999778 ) ) ;
#7626 = AXIS2_PLACEMENT_3D ( 'NONE', #7074, #1757, #3927 ) ;
#7627 = ORIENTED_EDGE ( 'NONE', *, *, #3600, .T. ) ;
#7628 = DIRECTION ( 'NONE',  ( -0.8660254037844382635, -0.5000000000000006661, 0.000000000000000000 ) ) ;
#7629 = ORIENTED_EDGE ( 'NONE', *, *, #6328, .T. ) ;
#7630 = VECTOR ( 'NONE', #1013, 1000.000000000000000 ) ;
#7631 = EDGE_CURVE ( 'NONE', #6562, #5288, #3508, .T. ) ;
#7632 = CARTESIAN_POINT ( 'NONE',  ( 124.9594733917879381, 133.1320102867271373, 159.0556595974171614 ) ) ;
#7633 = CARTESIAN_POINT ( 'NONE',  ( 109.9594733917879950, 121.3221525309299977, 180.7501160567389888 ) ) ;
#7634 = PLANE ( 'NONE',  #6141 ) ;
#7635 = LINE ( 'NONE', #8352, #3017 ) ;
#7636 = CIRCLE ( 'NONE', #3922, 0.5000000000000004441 ) ;
#7637 = LINE ( 'NONE', #1878, #2605 ) ;
#7638 = ORIENTED_EDGE ( 'NONE', *, *, #4741, .T. ) ;
#7639 = ORIENTED_EDGE ( 'NONE', *, *, #4274, .T. ) ;
#7640 = ADVANCED_FACE ( 'NONE', ( #1299 ), #1963, .F. ) ;
#7641 = EDGE_CURVE ( 'NONE', #8996, #4289, #439, .T. ) ;
#7642 = VECTOR ( 'NONE', #755, 1000.000000000000000 ) ;
#7643 = CARTESIAN_POINT ( 'NONE',  ( 5.200000000000001954, 3.464101615137754830, 0.5999999999999999778 ) ) ;
#7644 = ORIENTED_EDGE ( 'NONE', *, *, #1077, .T. ) ;
#7645 = CARTESIAN_POINT ( 'NONE',  ( 124.9594733917879097, 139.1320102867271089, 156.0534381976311238 ) ) ;
#7646 = CARTESIAN_POINT ( 'NONE',  ( 124.9594733917878813, 121.1320102867271231, 159.5175398127688595 ) ) ;
#7647 = DIRECTION ( 'NONE',  ( -0.000000000000000000, -0.000000000000000000, -1.000000000000000000 ) ) ;
#7648 = ORIENTED_EDGE ( 'NONE', *, *, #216, .F. ) ;
#7649 = AXIS2_PLACEMENT_3D ( 'NONE', #5944, #8112, #1595 ) ;
#7650 = ORIENTED_EDGE ( 'NONE', *, *, #4780, .F. ) ;
#7651 = ORIENTED_EDGE ( 'NONE', *, *, #144, .T. ) ;
#7652 = EDGE_CURVE ( 'NONE', #4098, #3268, #6414, .T. ) ;
#7653 = DIRECTION ( 'NONE',  ( 0.000000000000000000, 0.000000000000000000, -1.000000000000000000 ) ) ;
#7654 = AXIS2_PLACEMENT_3D ( 'NONE', #4393, #4439, #5852 ) ;
#7655 = CARTESIAN_POINT ( 'NONE',  ( 117.4594733917879950, 119.9496176806358108, 180.4501160567390059 ) ) ;
#7656 = FACE_OUTER_BOUND ( 'NONE', #9524, .T. ) ;
#7657 = FACE_BOUND ( 'NONE', #7752, .T. ) ;
#7658 = FACE_OUTER_BOUND ( 'NONE', #6471, .T. ) ;
#7659 = CARTESIAN_POINT ( 'NONE',  ( 124.9594733917878813, 130.3320102867271544, 160.6722403511481048 ) ) ;
#7660 = ORIENTED_EDGE ( 'NONE', *, *, #2264, .F. ) ;
#7661 = EDGE_LOOP ( 'NONE', ( #2942, #7078, #5863, #5172, #9437 ) ) ;
#7662 = ORIENTED_EDGE ( 'NONE', *, *, #7996, .T. ) ;
#7663 = ORIENTED_EDGE ( 'NONE', *, *, #8982, .F. ) ;
#7664 = ORIENTED_EDGE ( 'NONE', *, *, #4622, .T. ) ;
#7665 = FACE_OUTER_BOUND ( 'NONE', #9095, .T. ) ;
#7666 = FACE_OUTER_BOUND ( 'NONE', #7214, .T. ) ;
#7667 = CARTESIAN_POINT ( 'NONE',  ( 124.9594733917879097, 127.7320102867271174, 141.6196814678904445 ) ) ;
#7668 = DIRECTION ( 'NONE',  ( -1.000000000000000000, 1.184735462541918124E-15, 4.316747070439580540E-30 ) ) ;
#7669 = DIRECTION ( 'NONE',  ( 0.8660254037844387076, -0.4999999999999999445, 0.000000000000000000 ) ) ;
#7670 = AXIS2_PLACEMENT_3D ( 'NONE', #2145, #766, #5096 ) ;
#7671 = ORIENTED_EDGE ( 'NONE', *, *, #5822, .T. ) ;
#7672 = CARTESIAN_POINT ( 'NONE',  ( 124.3594733917879154, 145.1320102867271373, 145.4301932445420391 ) ) ;
#7673 = ADVANCED_FACE ( 'NONE', ( #5693 ), #2598, .T. ) ;
#7674 = ORIENTED_EDGE ( 'NONE', *, *, #7346, .T. ) ;
#7675 = VERTEX_POINT ( 'NONE', #1203 ) ;
#7676 = CARTESIAN_POINT ( 'NONE',  ( 124.3594733917878870, 121.9320102867271203, 153.0512167978450577 ) ) ;
#7677 = LINE ( 'NONE', #7633, #3743 ) ;
#7678 = CARTESIAN_POINT ( 'NONE',  ( 11.60000000000000497, -0.2309401076758523241, 0.000000000000000000 ) ) ;
#7679 = LINE ( 'NONE', #3858, #7684 ) ;
#7680 = DIRECTION ( 'NONE',  ( 0.000000000000000000, -1.000000000000000000, -4.326681131221240423E-15 ) ) ;
#7681 = CARTESIAN_POINT ( 'NONE',  ( 124.0592155665769951, 121.0221525309287927, 181.0501160567390002 ) ) ;
#7682 = ADVANCED_FACE ( 'NONE', ( #7910 ), #4129, .T. ) ;
#7683 = ORIENTED_EDGE ( 'NONE', *, *, #165, .T. ) ;
#7684 = VECTOR ( 'NONE', #1115, 1000.000000000000000 ) ;
#7685 = VERTEX_POINT ( 'NONE', #6320 ) ;
#7686 = CARTESIAN_POINT ( 'NONE',  ( 124.9594733917879239, 139.9320102867271487, 141.7351515217283975 ) ) ;
#7687 = EDGE_LOOP ( 'NONE', ( #5556, #473, #241, #4004 ) ) ;
#7688 = ADVANCED_FACE ( 'NONE', ( #9404 ), #2791, .F. ) ;
#7689 = LINE ( 'NONE', #7019, #9299 ) ;
#7690 = DIRECTION ( 'NONE',  ( -1.744174030142317374E-15, -0.8660254037844388186, 0.4999999999999997224 ) ) ;
#7691 = DIRECTION ( 'NONE',  ( 0.000000000000000000, -4.326681131221240423E-15, 1.000000000000000000 ) ) ;
#7692 = EDGE_CURVE ( 'NONE', #6102, #6823, #7004, .T. ) ;
#7693 = ORIENTED_EDGE ( 'NONE', *, *, #2095, .T. ) ;
#7694 = VERTEX_POINT ( 'NONE', #7095 ) ;
#7695 = VECTOR ( 'NONE', #1505, 1000.000000000000000 ) ;
#7696 = CARTESIAN_POINT ( 'NONE',  ( 117.4594733917879950, 119.9496176806358108, 180.6501160567389945 ) ) ;
#7697 = FACE_BOUND ( 'NONE', #7233, .T. ) ;
#7698 = LINE ( 'NONE', #8464, #4679 ) ;
#7699 = PLANE ( 'NONE',  #7367 ) ;
#7700 = LINE ( 'NONE', #5481, #97 ) ;
#7701 = DIRECTION ( 'NONE',  ( 0.5000000000000001110, -0.8660254037844385966, 0.000000000000000000 ) ) ;
#7702 = ADVANCED_FACE ( 'NONE', ( #4811 ), #1157, .F. ) ;
#7703 = VERTEX_POINT ( 'NONE', #2251 ) ;
#7704 = ADVANCED_FACE ( 'NONE', ( #5832 ), #1394, .F. ) ;
#7705 = ORIENTED_EDGE ( 'NONE', *, *, #7001, .T. ) ;
#7706 = VECTOR ( 'NONE', #639, 1000.000000000000000 ) ;
#7707 = VERTEX_POINT ( 'NONE', #5973 ) ;
#7708 = ADVANCED_FACE ( 'NONE', ( #1535 ), #5057, .T. ) ;
#7709 = ORIENTED_EDGE ( 'NONE', *, *, #7294, .T. ) ;
#7710 = ORIENTED_EDGE ( 'NONE', *, *, #5469, .F. ) ;
#7711 = VECTOR ( 'NONE', #6766, 1000.000000000000000 ) ;
#7712 = FACE_OUTER_BOUND ( 'NONE', #5064, .T. ) ;
#7713 = FACE_OUTER_BOUND ( 'NONE', #2377, .T. ) ;
#7714 = CARTESIAN_POINT ( 'NONE',  ( 124.9594733917878955, 127.5320102867271146, 155.3606178746035482 ) ) ;
#7715 = CARTESIAN_POINT ( 'NONE',  ( 23.60000000000000853, -13.62546635287518626, 0.5999999999999999778 ) ) ;
#7716 = CARTESIAN_POINT ( 'NONE',  ( 0.3999999999999976907, -7.621023553303062137, 0.5999999999999999778 ) ) ;
#7717 = EDGE_CURVE ( 'NONE', #6664, #6445, #8145, .T. ) ;
#7718 = DIRECTION ( 'NONE',  ( 0.000000000000000000, 1.000000000000000000, 9.251858538542962756E-15 ) ) ;
#7719 = ORIENTED_EDGE ( 'NONE', *, *, #7356, .T. ) ;
#7720 = VECTOR ( 'NONE', #6800, 1000.000000000000000 ) ;
#7721 = ADVANCED_FACE ( 'NONE', ( #5930 ), #678, .T. ) ;
#7722 = LINE ( 'NONE', #6814, #7711 ) ;
#7723 = DIRECTION ( 'NONE',  ( -1.275664639488986613E-15, -8.326672684688515048E-17, 1.000000000000000000 ) ) ;
#7724 = CARTESIAN_POINT ( 'NONE',  ( 124.9594733917878955, 127.3320102867271402, 148.5478846981659728 ) ) ;
#7725 = CARTESIAN_POINT ( 'NONE',  ( 124.3594733917878870, 145.1320102867271089, 166.4457430430443878 ) ) ;
#7726 = VECTOR ( 'NONE', #418, 1000.000000000000000 ) ;
#7727 = CARTESIAN_POINT ( 'NONE',  ( 109.9594733917879950, 112.6587965372632141, 130.5501160567390002 ) ) ;
#7728 = LINE ( 'NONE', #2460, #564 ) ;
#7729 = CARTESIAN_POINT ( 'NONE',  ( 121.5594733917879893, 173.4585906126184796, 175.1500716728245095 ) ) ;
#7730 = ORIENTED_EDGE ( 'NONE', *, *, #4506, .T. ) ;
#7731 = VECTOR ( 'NONE', #491, 1000.000000000000000 ) ;
#7732 = VERTEX_POINT ( 'NONE', #2889 ) ;
#7733 = CARTESIAN_POINT ( 'NONE',  ( 115.9594733917870855, 177.2587965372890721, 129.0501160567393413 ) ) ;
#7734 = EDGE_CURVE ( 'NONE', #4556, #1190, #2933, .T. ) ;
#7735 = EDGE_LOOP ( 'NONE', ( #6976, #6729, #2523, #6214 ) ) ;
#7736 = DIRECTION ( 'NONE',  ( -0.4999999999999998335, -0.8660254037844387076, 0.000000000000000000 ) ) ;
#7737 = DIRECTION ( 'NONE',  ( 0.000000000000000000, 0.000000000000000000, 1.000000000000000000 ) ) ;
#7738 = AXIS2_PLACEMENT_3D ( 'NONE', #8898, #8044, #1430 ) ;
#7739 = DIRECTION ( 'NONE',  ( 0.000000000000000000, 1.000000000000000000, 9.251858538542962756E-15 ) ) ;
#7740 = ORIENTED_EDGE ( 'NONE', *, *, #7619, .T. ) ;
#7741 = ORIENTED_EDGE ( 'NONE', *, *, #1906, .F. ) ;
#7742 = EDGE_CURVE ( 'NONE', #4765, #8380, #8770, .T. ) ;
#7743 = CARTESIAN_POINT ( 'NONE',  ( 124.9594733917879950, 173.4585906126184796, 175.1500716728245095 ) ) ;
#7744 = DIRECTION ( 'NONE',  ( 0.8660254037844391517, -0.4999999999999991118, 0.000000000000000000 ) ) ;
#7745 = CARTESIAN_POINT ( 'NONE',  ( 5.600000000000001421, 3.464101615137753942, 0.5999999999999999778 ) ) ;
#7746 = DIRECTION ( 'NONE',  ( 1.332169591021890008E-15, 3.643637931777490340E-15, -1.000000000000000000 ) ) ;
#7747 =( LENGTH_UNIT ( ) NAMED_UNIT ( * ) SI_UNIT ( .MILLI., .METRE. ) );
#7748 = LINE ( 'NONE', #6939, #3614 ) ;
#7749 = CARTESIAN_POINT ( 'NONE',  ( -5.600000000000001421, 2.771281292110205019, 0.5999999999999999778 ) ) ;
#7750 = VERTEX_POINT ( 'NONE', #823 ) ;
#7751 = ORIENTED_EDGE ( 'NONE', *, *, #6114, .F. ) ;
#7752 = EDGE_LOOP ( 'NONE', ( #9320, #8753, #157, #6725 ) ) ;
#7753 = ORIENTED_EDGE ( 'NONE', *, *, #5889, .T. ) ;
#7754 = CONICAL_SURFACE ( 'NONE', #3302, 4.949999999999058709, 0.7853981633974511656 ) ;
#7755 = EDGE_CURVE ( 'NONE', #7732, #6611, #3695, .T. ) ;
#7756 = EDGE_LOOP ( 'NONE', ( #1833, #9363, #6845, #140 ) ) ;
#7757 = EDGE_CURVE ( 'NONE', #1517, #4105, #5788, .T. ) ;
#7758 = DIRECTION ( 'NONE',  ( 0.000000000000000000, -0.7071067811866168507, 0.7071067811864780728 ) ) ;
#7759 = DIRECTION ( 'NONE',  ( 1.000000000000000000, -1.459256372977292001E-14, -1.020232903849224134E-28 ) ) ;
#7760 = DIRECTION ( 'NONE',  ( 1.000000000000000000, 0.000000000000000000, -0.000000000000000000 ) ) ;
#7761 = DIRECTION ( 'NONE',  ( -1.000000000000000000, 5.923677312709590618E-16, -6.938893903905799338E-18 ) ) ;
#7762 = CARTESIAN_POINT ( 'NONE',  ( 5.599999999999997868, -10.62324495308911665, 0.000000000000000000 ) ) ;
#7763 = EDGE_CURVE ( 'NONE', #4190, #6163, #5200, .T. ) ;
#7764 = AXIS2_PLACEMENT_3D ( 'NONE', #2109, #679, #2155 ) ;
#7765 = CARTESIAN_POINT ( 'NONE',  ( 30.40000000000002700, -24.47965141364013775, 0.000000000000000000 ) ) ;
#7766 = ORIENTED_EDGE ( 'NONE', *, *, #6200, .T. ) ;
#7767 = ADVANCED_FACE ( 'NONE', ( #2983 ), #8627, .F. ) ;
#7768 = VECTOR ( 'NONE', #3319, 1000.000000000000000 ) ;
#7769 = CARTESIAN_POINT ( 'NONE',  ( 12.20000000000000462, -7.274613391789286787, 0.5999999999999999778 ) ) ;
#7770 = CARTESIAN_POINT ( 'NONE',  ( 124.9594733917879381, 127.1320102867271373, 156.0534381976310954 ) ) ;
#7771 = LINE ( 'NONE', #397, #6736 ) ;
#7772 = DIRECTION ( 'NONE',  ( 1.275664639488989176E-15, 2.086352858496427908E-15, -1.000000000000000000 ) ) ;
#7773 = CARTESIAN_POINT ( 'NONE',  ( 124.0592155665769951, 121.6221525309288012, 180.4501160567390059 ) ) ;
#7774 = CARTESIAN_POINT ( 'NONE',  ( -0.3999999999999981903, -14.08734656822687370, 0.000000000000000000 ) ) ;
#7775 = CARTESIAN_POINT ( 'NONE',  ( 124.3594733917879154, 139.1320102867271089, 142.6589119524317653 ) ) ;
#7776 = VECTOR ( 'NONE', #5128, 1000.000000000000114 ) ;
#7777 = ORIENTED_EDGE ( 'NONE', *, *, #7996, .F. ) ;
#7778 = ORIENTED_EDGE ( 'NONE', *, *, #3280, .F. ) ;
#7779 = DIRECTION ( 'NONE',  ( -0.000000000000000000, -0.000000000000000000, -1.000000000000000000 ) ) ;
#7780 = ORIENTED_EDGE ( 'NONE', *, *, #3246, .T. ) ;
#7781 = AXIS2_PLACEMENT_3D ( 'NONE', #56, #2893, #7383 ) ;
#7782 = LINE ( 'NONE', #6874, #3135 ) ;
#7783 = CARTESIAN_POINT ( 'NONE',  ( 17.60000000000000142, -3.233161507461905781, 0.5999999999999999778 ) ) ;
#7784 = CARTESIAN_POINT ( 'NONE',  ( 120.0732142195430043, 121.4221525309288126, 180.6501160567389945 ) ) ;
#7785 = EDGE_CURVE ( 'NONE', #1547, #1749, #4145, .T. ) ;
#7786 = ORIENTED_EDGE ( 'NONE', *, *, #1480, .F. ) ;
#7787 = AXIS2_PLACEMENT_3D ( 'NONE', #4112, #7076, #1045 ) ;
#7788 = ORIENTED_EDGE ( 'NONE', *, *, #3381, .F. ) ;
#7789 = CARTESIAN_POINT ( 'NONE',  ( 105.8479001739020049, 171.4583833419399923, 168.8506934941874817 ) ) ;
#7790 = CARTESIAN_POINT ( 'NONE',  ( 124.5594733917879893, 112.3052431466697954, 177.1965626661460078 ) ) ;
#7791 = CARTESIAN_POINT ( 'NONE',  ( 117.4594733917879950, 149.9496176806353844, 181.0501160567390002 ) ) ;
#7792 = FACE_BOUND ( 'NONE', #2631, .T. ) ;
#7793 = SURFACE_STYLE_USAGE ( .BOTH. , #9333 ) ;
#7794 = LINE ( 'NONE', #7124, #9012 ) ;
#7795 = AXIS2_PLACEMENT_3D ( 'NONE', #1656, #3871, #4591 ) ;
#7796 = DIRECTION ( 'NONE',  ( -0.7071067811865465735, 0.7071067811865485719, 5.152882179496787825E-15 ) ) ;
#7797 = ORIENTED_EDGE ( 'NONE', *, *, #6582, .F. ) ;
#7798 = ORIENTED_EDGE ( 'NONE', *, *, #4570, .F. ) ;
#7799 = EDGE_CURVE ( 'NONE', #1365, #1568, #6509, .T. ) ;
#7800 = ORIENTED_EDGE ( 'NONE', *, *, #3462, .F. ) ;
#7801 = ORIENTED_EDGE ( 'NONE', *, *, #4860, .T. ) ;
#7802 = ORIENTED_EDGE ( 'NONE', *, *, #4513, .F. ) ;
#7803 = VECTOR ( 'NONE', #5120, 1000.000000000000000 ) ;
#7804 = ORIENTED_EDGE ( 'NONE', *, *, #1569, .T. ) ;
#7805 = LINE ( 'NONE', #4898, #8175 ) ;
#7806 = LINE ( 'NONE', #8429, #380 ) ;
#7807 = LINE ( 'NONE', #7714, #5350 ) ;
#7808 = LINE ( 'NONE', #6453, #7886 ) ;
#7809 = CARTESIAN_POINT ( 'NONE',  ( 117.4594733917879950, 119.9496176806358108, 180.6501160567389945 ) ) ;
#7810 = CARTESIAN_POINT ( 'NONE',  ( 124.9594733917878955, 139.3320102867271544, 163.0971114817445482 ) ) ;
#7811 = ADVANCED_FACE ( 'NONE', ( #4368, #7379 ), #1438, .T. ) ;
#7812 = VERTEX_POINT ( 'NONE', #2154 ) ;
#7813 = STYLED_ITEM ( 'NONE', ( #6511 ), #4220 ) ;
#7814 = DIRECTION ( 'NONE',  ( 1.723050136371060368E-14, -1.000000000000000000, -6.368338018267951773E-15 ) ) ;
#7815 = CARTESIAN_POINT ( 'NONE',  ( 117.4594733917879950, 119.9496176806352139, 130.0501160567390002 ) ) ;
#7816 = DIRECTION ( 'NONE',  ( 4.316747070439680032E-30, 0.000000000000000000, 1.000000000000000000 ) ) ;
#7817 = CARTESIAN_POINT ( 'NONE',  ( 124.3594733917878870, 121.7320102867271316, 145.7766034060557558 ) ) ;
#7818 = CYLINDRICAL_SURFACE ( 'NONE', #2688, 2.350000000000004974 ) ;
#7819 = CARTESIAN_POINT ( 'NONE',  ( 103.4479001739019992, 172.6583834233365167, 142.2994945258154189 ) ) ;
#7820 = FACE_OUTER_BOUND ( 'NONE', #1507, .T. ) ;
#7821 = EDGE_CURVE ( 'NONE', #9045, #3026, #5105, .T. ) ;
#7823 = EDGE_CURVE ( 'NONE', #3183, #7602, #2299, .T. ) ;
#7822 = ORIENTED_EDGE ( 'NONE', *, *, #8931, .F. ) ;
#7824 = AXIS2_PLACEMENT_3D ( 'NONE', #5963, #8945, #6791 ) ;
#7825 = ORIENTED_EDGE ( 'NONE', *, *, #6307, .T. ) ;
#7826 = ORIENTED_EDGE ( 'NONE', *, *, #8878, .F. ) ;
#7827 = DIRECTION ( 'NONE',  ( 4.660113001930832872E-16, -0.5000000000000008882, -0.8660254037844382635 ) ) ;
#7828 = VERTEX_POINT ( 'NONE', #9449 ) ;
#7829 = CARTESIAN_POINT ( 'NONE',  ( 124.9594733917879097, 139.7320102867271316, 156.1689082514690483 ) ) ;
#7830 = CARTESIAN_POINT ( 'NONE',  ( 124.9594733917878955, 145.9320102867271487, 166.2148029353685388 ) ) ;
#7831 = AXIS2_PLACEMENT_3D ( 'NONE', #2997, #8827, #5309 ) ;
#7832 = EDGE_LOOP ( 'NONE', ( #3876, #2305, #2170 ) ) ;
#7833 = ORIENTED_EDGE ( 'NONE', *, *, #4957, .F. ) ;
#7835 = DIRECTION ( 'NONE',  ( 0.7071067811864052421, 0.000000000000000000, 0.7071067811866899033 ) ) ;
#7834 = VECTOR ( 'NONE', #6832, 1000.000000000000000 ) ;
#7836 = DIRECTION ( 'NONE',  ( -0.4999999999999991118, -0.8660254037844391517, 0.000000000000000000 ) ) ;
#7837 = DIRECTION ( 'NONE',  ( -1.000000000000000000, 0.000000000000000000, 0.000000000000000000 ) ) ;
#7838 = EDGE_CURVE ( 'NONE', #2022, #7519, #725, .T. ) ;
#7839 = DIRECTION ( 'NONE',  ( 1.744174030142317572E-15, 0.8660254037844383745, -0.5000000000000004441 ) ) ;
#7840 =( NAMED_UNIT ( * ) SI_UNIT ( $, .STERADIAN. ) SOLID_ANGLE_UNIT ( ) );
#7841 = DIRECTION ( 'NONE',  ( 0.4999999999999998335, -0.8660254037844388186, 0.000000000000000000 ) ) ;
#7842 = DIRECTION ( 'NONE',  ( 1.000000000000000000, -1.165921558532974047E-15, 1.481065031799679690E-16 ) ) ;
#7843 = VERTEX_POINT ( 'NONE', #6755 ) ;
#7844 = ORIENTED_EDGE ( 'NONE', *, *, #673, .T. ) ;
#7845 = VERTEX_POINT ( 'NONE', #3080 ) ;
#7846 = VECTOR ( 'NONE', #5762, 1000.000000000000000 ) ;
#7847 = ORIENTED_EDGE ( 'NONE', *, *, #2463, .T. ) ;
#7848 = FACE_BOUND ( 'NONE', #6702, .T. ) ;
#7849 = DIRECTION ( 'NONE',  ( 0.000000000000000000, 7.287275863554980679E-15, -1.000000000000000000 ) ) ;
#7850 = LINE ( 'NONE', #9248, #6377 ) ;
#7851 = EDGE_CURVE ( 'NONE', #4178, #2754, #8290, .T. ) ;
#7852 = PLANE ( 'NONE',  #8879 ) ;
#7853 = LINE ( 'NONE', #1864, #8355 ) ;
#7854 = CARTESIAN_POINT ( 'NONE',  ( 118.0699540685230176, 129.3613257594832078, 176.0501160567390002 ) ) ;
#7855 = AXIS2_PLACEMENT_3D ( 'NONE', #7340, #5206, #5155 ) ;
#7856 = AXIS2_PLACEMENT_3D ( 'NONE', #2075, #7300, #4292 ) ;
#7857 = ORIENTED_EDGE ( 'NONE', *, *, #1767, .F. ) ;
#7858 = DIRECTION ( 'NONE',  ( 0.000000000000000000, 2.312964634635729960E-14, -1.000000000000000000 ) ) ;
#7859 = ORIENTED_EDGE ( 'NONE', *, *, #8742, .T. ) ;
#7860 = AXIS2_PLACEMENT_3D ( 'NONE', #3030, #2108, #8860 ) ;
#7861 = CARTESIAN_POINT ( 'NONE',  ( 124.3594733917879154, 139.1320102867271373, 145.4301932445419823 ) ) ;
#7862 = CARTESIAN_POINT ( 'NONE',  ( 121.7594733917879921, 176.4585906126184796, 175.1500716728245095 ) ) ;
#7863 = EDGE_CURVE ( 'NONE', #9337, #6517, #2001, .T. ) ;
#7864 = CARTESIAN_POINT ( 'NONE',  ( 121.7594733917879921, 170.9867491937569923, 173.4500716728244925 ) ) ;
#7865 = DIRECTION ( 'NONE',  ( 1.744174030142317374E-15, 0.8660254037844387076, -0.4999999999999998890 ) ) ;
#7866 = CARTESIAN_POINT ( 'NONE',  ( 124.9594733917879097, 134.3320102867271260, 152.3583964748175106 ) ) ;
#7867 = CARTESIAN_POINT ( 'NONE',  ( 12.80000000000000604, -6.928203230275513214, 0.000000000000000000 ) ) ;
#7868 = AXIS2_PLACEMENT_3D ( 'NONE', #4802, #5491, #7131 ) ;
#7869 = CARTESIAN_POINT ( 'NONE',  ( 105.8479001739020049, 172.6583829936064944, 145.2896251811484092 ) ) ;
#7870 = ORIENTED_EDGE ( 'NONE', *, *, #8221, .F. ) ;
#7871 = EDGE_LOOP ( 'NONE', ( #1533, #1853, #5340, #5709 ) ) ;
#7872 = EDGE_LOOP ( 'NONE', ( #1682, #7428, #4127, #6211 ) ) ;
#7873 = VECTOR ( 'NONE', #905, 1000.000000000000000 ) ;
#7874 = LINE ( 'NONE', #2755, #4525 ) ;
#7875 = EDGE_CURVE ( 'NONE', #6517, #8785, #1054, .T. ) ;
#7876 = ORIENTED_EDGE ( 'NONE', *, *, #3424, .T. ) ;
#7877 = EDGE_CURVE ( 'NONE', #6992, #4461, #9052, .T. ) ;
#7878 = CARTESIAN_POINT ( 'NONE',  ( 103.4479001739019992, 174.0571698476074971, 140.7122496902433966 ) ) ;
#7879 = DIRECTION ( 'NONE',  ( -1.332169591021890008E-15, -3.643637931777490340E-15, 1.000000000000000000 ) ) ;
#7880 = EDGE_CURVE ( 'NONE', #7845, #3052, #2444, .T. ) ;
#7881 = DIRECTION ( 'NONE',  ( 8.005968353488390811E-29, -4.326681131221240423E-15, 1.000000000000000000 ) ) ;
#7882 = AXIS2_PLACEMENT_3D ( 'NONE', #2016, #2745, #5696 ) ;
#7883 = VERTEX_POINT ( 'NONE', #145 ) ;
#7884 = VERTEX_POINT ( 'NONE', #6173 ) ;
#7885 = EDGE_CURVE ( 'NONE', #228, #36, #5441, .T. ) ;
#7886 = VECTOR ( 'NONE', #2733, 1000.000000000000114 ) ;
#7887 = DIRECTION ( 'NONE',  ( 8.426410184089531805E-16, 0.7071067811865450192, -0.7071067811865500152 ) ) ;
#7888 = DIRECTION ( 'NONE',  ( -1.184735462541920096E-15, -1.000000000000000000, -3.379091138490570313E-15 ) ) ;
#7889 = FACE_OUTER_BOUND ( 'NONE', #5414, .T. ) ;
#7890 = CARTESIAN_POINT ( 'NONE',  ( 124.3594733917879296, 151.9320102867271487, 145.4301932445419823 ) ) ;
#7891 = CARTESIAN_POINT ( 'NONE',  ( 119.1594733917879978, 149.9496176806353844, 181.0501160567390002 ) ) ;
#7892 = DIRECTION ( 'NONE',  ( 1.275664639488985626E-15, -5.704182421957116267E-16, -1.000000000000000000 ) ) ;
#7893 = EDGE_LOOP ( 'NONE', ( #4072, #4752, #3029, #2120 ) ) ;
#7894 = ORIENTED_EDGE ( 'NONE', *, *, #7285, .F. ) ;
#7895 = EDGE_LOOP ( 'NONE', ( #2954, #8558, #1178 ) ) ;
#7896 = PRODUCT_DEFINITION_FORMATION_WITH_SPECIFIED_SOURCE ( 'ANY', '', #3530, .NOT_KNOWN. ) ;
#7897 = ADVANCED_FACE ( 'NONE', ( #4613 ), #341, .F. ) ;
#7898 = EDGE_LOOP ( 'NONE', ( #6799, #6105, #3311, #1096 ) ) ;
#7899 = FACE_BOUND ( 'NONE', #2234, .T. ) ;
#7900 = CARTESIAN_POINT ( 'NONE',  ( 134.8213598216350135, 165.2623343258620139, 180.9915374129770100 ) ) ;
#7901 = DIRECTION ( 'NONE',  ( 1.000000000000000000, -1.184735462541918124E-15, -4.316747070439680032E-30 ) ) ;
#7902 = DIRECTION ( 'NONE',  ( -0.5000000000000003331, -0.8660254037844385966, 0.000000000000000000 ) ) ;
#7903 = LINE ( 'NONE', #4173, #3412 ) ;
#7904 = FACE_OUTER_BOUND ( 'NONE', #5114, .T. ) ;
#7905 = EDGE_LOOP ( 'NONE', ( #721, #4401, #4466, #7593 ) ) ;
#7906 = CARTESIAN_POINT ( 'NONE',  ( 121.5594733917879893, 173.4585906126184796, 136.0001160632313884 ) ) ;
#7907 = ORIENTED_EDGE ( 'NONE', *, *, #6447, .T. ) ;
#7908 = VECTOR ( 'NONE', #8358, 1000.000000000000114 ) ;
#7909 = EDGE_CURVE ( 'NONE', #3816, #1928, #4661, .T. ) ;
#7910 = FACE_OUTER_BOUND ( 'NONE', #8299, .T. ) ;
#7911 = CARTESIAN_POINT ( 'NONE',  ( 124.3594733917878870, 118.7320102867271316, 150.2799355057348407 ) ) ;
#7912 = LINE ( 'NONE', #5597, #6812 ) ;
#7913 = LINE ( 'NONE', #4134, #5627 ) ;
#7914 = VECTOR ( 'NONE', #834, 1000.000000000000000 ) ;
#7915 = FACE_OUTER_BOUND ( 'NONE', #227, .T. ) ;
#7916 = LINE ( 'NONE', #1305, #2148 ) ;
#7917 = ORIENTED_EDGE ( 'NONE', *, *, #4513, .T. ) ;
#7918 = EDGE_CURVE ( 'NONE', #2723, #8651, #917, .T. ) ;
#7919 = ORIENTED_EDGE ( 'NONE', *, *, #8102, .F. ) ;
#7920 = VECTOR ( 'NONE', #4899, 999.9999999999998863 ) ;
#7921 = ORIENTED_EDGE ( 'NONE', *, *, #8908, .T. ) ;
#7922 = DIRECTION ( 'NONE',  ( -1.744174030142317966E-15, -0.8660254037844381525, 0.5000000000000007772 ) ) ;
#7923 = ORIENTED_EDGE ( 'NONE', *, *, #7692, .T. ) ;
#7924 = DIRECTION ( 'NONE',  ( 1.275664639488986613E-15, 8.326672684688515048E-17, -1.000000000000000000 ) ) ;
#7925 = FACE_OUTER_BOUND ( 'NONE', #7735, .T. ) ;
#7926 = VECTOR ( 'NONE', #7454, 1000.000000000000000 ) ;
#7927 = CARTESIAN_POINT ( 'NONE',  ( 121.7594733917879921, 170.9867491937569923, 137.7001160632314054 ) ) ;
#7928 = CLOSED_SHELL ( 'NONE', ( #8542, #5927, #7304, #8663, #158, #4483, #8509, #3870, #9008, #3182, #7057, #5422, #8235, #4425, #462, #5403, #8189, #4388, #4608, #3058, #5489, #487, #6171, #6764, #7335, #5104, #8579, #4595, #5756, #6990, #3767, #9353, #4383, #7534, #2165, #693, #7995, #8437, #6144, #1790, #2617, #9309, #1273, #7673, #8921, #4442, #6555, #2921, #8050, #9319, #5211, #2408, #6701, #3550, #9039, #3984, #1059, #8818, #6481, #1615, #5807, #5080, #6354, #2144, #6847, #1209, #5332, #2840, #3309, #5202, #6371, #4495, #2728, #2151, #2257, #1745, #2848, #7688, #7604, #7106 ) ) ;
#7929 = EDGE_CURVE ( 'NONE', #2855, #891, #3272, .T. ) ;
#7930 = EDGE_LOOP ( 'NONE', ( #6386, #4250, #910, #4507, #1553 ) ) ;
#7931 = EDGE_CURVE ( 'NONE', #5288, #4391, #9102, .T. ) ;
#7932 = ORIENTED_EDGE ( 'NONE', *, *, #2809, .F. ) ;
#7933 = VECTOR ( 'NONE', #3896, 1000.000000000000114 ) ;
#7934 = CARTESIAN_POINT ( 'NONE',  ( 121.5594733917879893, 173.4585906126184796, 175.1500716728245095 ) ) ;
#7935 = PLANE ( 'NONE',  #8942 ) ;
#7936 = CARTESIAN_POINT ( 'NONE',  ( 110.5036870200980132, 177.2587965372885037, 155.6251160567395004 ) ) ;
#7937 = CARTESIAN_POINT ( 'NONE',  ( 124.3594733917878870, 133.9320102867271203, 159.0556595974171614 ) ) ;
#7938 = SHAPE_DEFINITION_REPRESENTATION ( #4998, #1479 ) ;
#7939 = LINE ( 'NONE', #5816, #3175 ) ;
#7940 = DIRECTION ( 'NONE',  ( 1.184735462541920096E-15, 1.000000000000000000, 4.873714578379230080E-15 ) ) ;
#7941 = ORIENTED_EDGE ( 'NONE', *, *, #9528, .F. ) ;
#7942 = ORIENTED_EDGE ( 'NONE', *, *, #367, .F. ) ;
#7943 = VECTOR ( 'NONE', #4361, 1000.000000000000000 ) ;
#7944 = ADVANCED_FACE ( 'NONE', ( #7665 ), #2541, .T. ) ;
#7945 = VERTEX_POINT ( 'NONE', #2344 ) ;
#7946 = EDGE_CURVE ( 'NONE', #1951, #1625, #3842, .T. ) ;
#7947 = ORIENTED_EDGE ( 'NONE', *, *, #3507, .F. ) ;
#7948 = AXIS2_PLACEMENT_3D ( 'NONE', #2326, #8889, #944 ) ;
#7949 = LINE ( 'NONE', #3544, #331 ) ;
#7950 = CARTESIAN_POINT ( 'NONE',  ( 121.5594733917879893, 175.1585906126184966, 176.8500716728244981 ) ) ;
#7951 = DIRECTION ( 'NONE',  ( 0.000000000000000000, 0.000000000000000000, 1.000000000000000000 ) ) ;
#7952 = CARTESIAN_POINT ( 'NONE',  ( 103.8479001739019907, 172.8096036795785153, 141.1090608090123908 ) ) ;
#7953 = CARTESIAN_POINT ( 'NONE',  ( 5.200000000000001066, 3.464101615137753942, 0.000000000000000000 ) ) ;
#7954 = ORIENTED_EDGE ( 'NONE', *, *, #1239, .T. ) ;
#7955 = CARTESIAN_POINT ( 'NONE',  ( 6.400000000000001243, -16.62768775266123100, 0.5999999999999999778 ) ) ;
#7956 = ORIENTED_EDGE ( 'NONE', *, *, #5289, .T. ) ;
#7957 = VECTOR ( 'NONE', #978, 1000.000000000000000 ) ;
#7958 = DIRECTION ( 'NONE',  ( 1.000000000000000000, -1.001543065824772359E-15, 0.000000000000000000 ) ) ;
#7959 = DIRECTION ( 'NONE',  ( 0.7071067811864052421, 7.680709359915235554E-15, 0.7071067811866899033 ) ) ;
#7960 = FACE_OUTER_BOUND ( 'NONE', #958, .T. ) ;
#7961 = CARTESIAN_POINT ( 'NONE',  ( 121.9594733917879950, 175.9304320314800236, 176.8500716728244981 ) ) ;
#7962 = PLANE ( 'NONE',  #7781 ) ;
#7963 = CIRCLE ( 'NONE', #9350, 0.5000000000000004441 ) ;
#7964 = EDGE_CURVE ( 'NONE', #1979, #2849, #1629, .T. ) ;
#7965 = CARTESIAN_POINT ( 'NONE',  ( 124.9594733917878955, 145.5320102867271430, 165.7529227200168123 ) ) ;
#7966 = DIRECTION ( 'NONE',  ( 0.000000000000000000, 0.000000000000000000, -1.000000000000000000 ) ) ;
#7967 = ORIENTED_EDGE ( 'NONE', *, *, #7498, .T. ) ;
#7968 = ORIENTED_EDGE ( 'NONE', *, *, #432, .T. ) ;
#7969 = VECTOR ( 'NONE', #6547, 1000.000000000000000 ) ;
#7970 = ORIENTED_EDGE ( 'NONE', *, *, #574, .F. ) ;
#7971 = LINE ( 'NONE', #7345, #214 ) ;
#7972 = ORIENTED_EDGE ( 'NONE', *, *, #6712, .T. ) ;
#7973 = EDGE_CURVE ( 'NONE', #5981, #7497, #292, .T. ) ;
#7974 = CARTESIAN_POINT ( 'NONE',  ( 0.2000000000000014821, -0.3464101615137779033, 0.000000000000000000 ) ) ;
#7975 = DIRECTION ( 'NONE',  ( 0.000000000000000000, -0.7071067811865460184, -0.7071067811865489050 ) ) ;
#7976 = VECTOR ( 'NONE', #7839, 1000.000000000000114 ) ;
#7977 = PLANE ( 'NONE',  #6777 ) ;
#7978 = ORIENTED_EDGE ( 'NONE', *, *, #1341, .T. ) ;
#7979 = ORIENTED_EDGE ( 'NONE', *, *, #7592, .T. ) ;
#7980 = EDGE_CURVE ( 'NONE', #8670, #5957, #8024, .T. ) ;
#7981 = DIRECTION ( 'NONE',  ( 2.003086131649544323E-15, -1.000000000000000000, 0.000000000000000000 ) ) ;
#7982 = LINE ( 'NONE', #4344, #2168 ) ;
#7983 = DIRECTION ( 'NONE',  ( -0.8660254037844388186, -0.4999999999999995559, 0.000000000000000000 ) ) ;
#7984 = ADVANCED_FACE ( 'NONE', ( #7572 ), #8193, .T. ) ;
#7985 = CARTESIAN_POINT ( 'NONE',  ( 105.2908226684699997, 116.3659033184497957, 181.0501160567390002 ) ) ;
#7986 = CARTESIAN_POINT ( 'NONE',  ( 114.8457325640329998, 121.4221525309298073, 180.6501160567389945 ) ) ;
#7987 = DIRECTION ( 'NONE',  ( -4.660113001930880204E-16, 0.4999999999999985012, 0.8660254037844395958 ) ) ;
#7988 = ORIENTED_EDGE ( 'NONE', *, *, #6114, .T. ) ;
#7989 = VERTEX_POINT ( 'NONE', #6122 ) ;
#7990 = EDGE_LOOP ( 'NONE', ( #7751, #5426, #6659, #414 ) ) ;
#7991 = ORIENTED_EDGE ( 'NONE', *, *, #5891, .T. ) ;
#7992 = VECTOR ( 'NONE', #932, 1000.000000000000000 ) ;
#7993 = CARTESIAN_POINT ( 'NONE',  ( 105.8479001739020049, 172.6583830282144731, 166.8113888862244778 ) ) ;
#7994 = DIRECTION ( 'NONE',  ( 4.685093906533312548E-16, 0.8660254037844387076, 0.4999999999999998335 ) ) ;
#7995 = ADVANCED_FACE ( 'NONE', ( #3225 ), #5681, .F. ) ;
#7996 = EDGE_CURVE ( 'NONE', #8422, #3994, #6265, .T. ) ;
#7997 = PLANE ( 'NONE',  #1343 ) ;
#7998 = CARTESIAN_POINT ( 'NONE',  ( 121.5594733917879893, 171.7585906126184909, 176.8500716728244981 ) ) ;
#7999 = DIRECTION ( 'NONE',  ( 1.000000000000000000, -1.184735462541916151E-15, 0.000000000000000000 ) ) ;
#8000 = ORIENTED_EDGE ( 'NONE', *, *, #8856, .T. ) ;
#8001 = AXIS2_PLACEMENT_3D ( 'NONE', #1761, #4842, #4750 ) ;
#8002 = EDGE_CURVE ( 'NONE', #333, #9352, #2587, .T. ) ;
#8003 = EDGE_LOOP ( 'NONE', ( #6145, #5842, #7390, #4624, #821, #7248 ) ) ;
#8004 = VECTOR ( 'NONE', #308, 1000.000000000000000 ) ;
#8005 = DIRECTION ( 'NONE',  ( -0.000000000000000000, -0.000000000000000000, -1.000000000000000000 ) ) ;
#8006 = CARTESIAN_POINT ( 'NONE',  ( 124.3594733917878870, 121.7320102867271316, 145.7766034060557558 ) ) ;
#8007 = EDGE_CURVE ( 'NONE', #4933, #2283, #18, .T. ) ;
#8008 = SURFACE_STYLE_FILL_AREA ( #5790 ) ;
#8009 = DIRECTION ( 'NONE',  ( -1.184735462541920096E-15, -1.000000000000000000, -3.379091138490570313E-15 ) ) ;
#8010 = DIRECTION ( 'NONE',  ( 0.8660254037844382635, 0.5000000000000006661, 0.000000000000000000 ) ) ;
#8011 = FACE_OUTER_BOUND ( 'NONE', #9317, .T. ) ;
#8012 = EDGE_LOOP ( 'NONE', ( #425, #191, #2504, #2211, #3015 ) ) ;
#8013 = AXIS2_PLACEMENT_3D ( 'NONE', #5980, #11, #2940 ) ;
#8014 = EDGE_LOOP ( 'NONE', ( #869, #8426, #2425, #6893 ) ) ;
#8015 = EDGE_CURVE ( 'NONE', #8844, #3390, #2002, .T. ) ;
#8016 = ORIENTED_EDGE ( 'NONE', *, *, #8403, .T. ) ;
#8017 = CARTESIAN_POINT ( 'NONE',  ( 124.9594733917878955, 133.3320102867271260, 152.0119863133037370 ) ) ;
#8018 = ORIENTED_EDGE ( 'NONE', *, *, #1866, .T. ) ;
#8019 = AXIS2_PLACEMENT_3D ( 'NONE', #2012, #4229, #5546 ) ;
#8020 = CARTESIAN_POINT ( 'NONE',  ( 120.6858752568550130, 121.0221525309287927, 181.0501160567390002 ) ) ;
#8021 = CARTESIAN_POINT ( 'NONE',  ( 124.9594733917878955, 127.9320102867271203, 155.8224980899552463 ) ) ;
#8022 = CARTESIAN_POINT ( 'NONE',  ( 6.200000000000004619, 10.73871500692704117, 0.5999999999999999778 ) ) ;
#8023 = ORIENTED_EDGE ( 'NONE', *, *, #305, .T. ) ;
#8024 = CIRCLE ( 'NONE', #9255, 0.5000000000000004441 ) ;
#8025 = VERTEX_POINT ( 'NONE', #3407 ) ;
#8026 = EDGE_CURVE ( 'NONE', #8686, #6992, #5715, .T. ) ;
#8027 = DIRECTION ( 'NONE',  ( 0.000000000000000000, 0.000000000000000000, -1.000000000000000000 ) ) ;
#8028 = PLANE ( 'NONE',  #796 ) ;
#8029 = PLANE ( 'NONE',  #8387 ) ;
#8030 = LINE ( 'NONE', #6536, #1049 ) ;
#8031 = DIRECTION ( 'NONE',  ( -4.660113001930839775E-16, 0.5000000000000004441, 0.8660254037844383745 ) ) ;
#8032 = VECTOR ( 'NONE', #8837, 999.9999999999998863 ) ;
#8033 = FACE_BOUND ( 'NONE', #9464, .T. ) ;
#8034 = ORIENTED_EDGE ( 'NONE', *, *, #2989, .T. ) ;
#8035 = ORIENTED_EDGE ( 'NONE', *, *, #3157, .F. ) ;
#8036 = ORIENTED_EDGE ( 'NONE', *, *, #5041, .F. ) ;
#8037 = VERTEX_POINT ( 'NONE', #479 ) ;
#8038 = EDGE_CURVE ( 'NONE', #8081, #1869, #1194, .T. ) ;
#8039 = VECTOR ( 'NONE', #9271, 1000.000000000000000 ) ;
#8040 = AXIS2_PLACEMENT_3D ( 'NONE', #6902, #4760, #7529 ) ;
#8041 = DIRECTION ( 'NONE',  ( -1.275664639488986613E-15, -8.326672684688515048E-17, 1.000000000000000000 ) ) ;
#8042 = CARTESIAN_POINT ( 'NONE',  ( 124.9594733917878813, 118.3320102867271260, 150.9727558287624163 ) ) ;
#8043 = CARTESIAN_POINT ( 'NONE',  ( 6.400000000000002132, -16.62768775266123100, 0.5999999999999999778 ) ) ;
#8044 = DIRECTION ( 'NONE',  ( 1.000000000000000000, -1.184735462541926012E-15, 1.332169591021886064E-15 ) ) ;
#8045 = DIRECTION ( 'NONE',  ( -0.8660254037844387076, -0.5000000000000001110, 0.000000000000000000 ) ) ;
#8046 = CIRCLE ( 'NONE', #6974, 1.699999999999993072 ) ;
#8047 = ORIENTED_EDGE ( 'NONE', *, *, #8371, .F. ) ;
#8048 = ORIENTED_EDGE ( 'NONE', *, *, #2621, .T. ) ;
#8049 = EDGE_CURVE ( 'NONE', #4403, #8637, #5536, .T. ) ;
#8050 = ADVANCED_FACE ( 'NONE', ( #3318 ), #9294, .T. ) ;
#8051 = DIRECTION ( 'NONE',  ( 0.000000000000000000, 0.000000000000000000, 1.000000000000000000 ) ) ;
#8052 = DIRECTION ( 'NONE',  ( 0.000000000000000000, -1.000000000000000000, -3.379091138490570313E-15 ) ) ;
#8053 = EDGE_CURVE ( 'NONE', #3573, #3643, #3498, .T. ) ;
#8054 = FACE_OUTER_BOUND ( 'NONE', #6930, .T. ) ;
#8055 = CARTESIAN_POINT ( 'NONE',  ( 0.1999999999999971245, -6.581793068761736087, 0.000000000000000000 ) ) ;
#8056 = CARTESIAN_POINT ( 'NONE',  ( 124.9594733917879950, 112.6587965372632141, 130.4501160567390059 ) ) ;
#8057 = DIRECTION ( 'NONE',  ( 4.685093906533304660E-16, 0.8660254037844383745, 0.5000000000000003331 ) ) ;
#8058 = ORIENTED_EDGE ( 'NONE', *, *, #8038, .T. ) ;
#8059 = ORIENTED_EDGE ( 'NONE', *, *, #5276, .T. ) ;
#8060 = EDGE_CURVE ( 'NONE', #2297, #7812, #6450, .T. ) ;
#8061 = ORIENTED_EDGE ( 'NONE', *, *, #9099, .T. ) ;
#8062 = VECTOR ( 'NONE', #7723, 1000.000000000000000 ) ;
#8063 = FACE_OUTER_BOUND ( 'NONE', #1579, .T. ) ;
#8064 = VERTEX_POINT ( 'NONE', #8565 ) ;
#8065 = CARTESIAN_POINT ( 'NONE',  ( 12.20000000000000462, -6.581793068761736087, 0.000000000000000000 ) ) ;
#8066 = CARTESIAN_POINT ( 'NONE',  ( 24.40000000000002700, -27.01999259807449150, 0.5999999999999999778 ) ) ;
#8067 = DIRECTION ( 'NONE',  ( 0.5916160583836976850, -0.8062198456144187286, 0.000000000000000000 ) ) ;
#8068 = VECTOR ( 'NONE', #2059, 1000.000000000000000 ) ;
#8069 = ORIENTED_EDGE ( 'NONE', *, *, #1272, .F. ) ;
#8070 = ORIENTED_EDGE ( 'NONE', *, *, #5432, .F. ) ;
#8071 = DIRECTION ( 'NONE',  ( 0.000000000000000000, 1.000000000000000000, 0.000000000000000000 ) ) ;
#8072 = FACE_OUTER_BOUND ( 'NONE', #2192, .T. ) ;
#8073 = DIRECTION ( 'NONE',  ( 4.660113001930848649E-16, -0.5000000000000000000, -0.8660254037844387076 ) ) ;
#8074 = DIRECTION ( 'NONE',  ( -1.744174030142317769E-15, -0.8660254037844384856, 0.5000000000000002220 ) ) ;
#8075 = DIRECTION ( 'NONE',  ( -1.000000000000000000, 1.210939508638132030E-15, -1.277902559593765872E-15 ) ) ;
#8076 = APPLICATION_PROTOCOL_DEFINITION ( 'draft international standard', 'automotive_design', 1998, #3043 ) ;
#8077 = PLANE ( 'NONE',  #2705 ) ;
#8078 = EDGE_CURVE ( 'NONE', #4331, #7694, #1953, .T. ) ;
#8079 = PLANE ( 'NONE',  #1215 ) ;
#8080 = ORIENTED_EDGE ( 'NONE', *, *, #6816, .F. ) ;
#8081 = VERTEX_POINT ( 'NONE', #8615 ) ;
#8082 = ORIENTED_EDGE ( 'NONE', *, *, #3677, .T. ) ;
#8083 = VECTOR ( 'NONE', #247, 1000.000000000000000 ) ;
#8084 = ORIENTED_EDGE ( 'NONE', *, *, #8049, .F. ) ;
#8085 = DIRECTION ( 'NONE',  ( 0.5000000000000003331, -0.8660254037844385966, 0.000000000000000000 ) ) ;
#8086 = CARTESIAN_POINT ( 'NONE',  ( 114.4594733917879950, 119.9496176806359955, 167.0501160567430077 ) ) ;
#8087 = CARTESIAN_POINT ( 'NONE',  ( 124.3594733917878727, 127.9320102867271203, 162.0578809972032275 ) ) ;
#8088 = FACE_OUTER_BOUND ( 'NONE', #5148, .T. ) ;
#8089 = FACE_OUTER_BOUND ( 'NONE', #6495, .T. ) ;
#8090 = AXIS2_PLACEMENT_3D ( 'NONE', #6596, #2244, #9533 ) ;
#8091 = EDGE_CURVE ( 'NONE', #6920, #7263, #4851, .T. ) ;
#8092 = VERTEX_POINT ( 'NONE', #6310 ) ;
#8093 = ORIENTED_EDGE ( 'NONE', *, *, #7619, .F. ) ;
#8094 = EDGE_LOOP ( 'NONE', ( #5287, #5664, #8775, #7919 ) ) ;
#8095 = VECTOR ( 'NONE', #1561, 1000.000000000000000 ) ;
#8096 = DIRECTION ( 'NONE',  ( -1.000000000000000000, 5.512379188840940301E-43, 2.780461472408274982E-29 ) ) ;
#8097 = CYLINDRICAL_SURFACE ( 'NONE', #7764, 1.699999999999993072 ) ;
#8098 = DIRECTION ( 'NONE',  ( 1.000000000000000000, -1.210939508638132030E-15, 1.277902559593765872E-15 ) ) ;
#8099 = CYLINDRICAL_SURFACE ( 'NONE', #1411, 1.700000000000007061 ) ;
#8100 = CARTESIAN_POINT ( 'NONE',  ( 6.200000000000001954, 3.810511776651529292, 0.000000000000000000 ) ) ;
#8101 = ORIENTED_EDGE ( 'NONE', *, *, #1971, .T. ) ;
#8102 = EDGE_CURVE ( 'NONE', #8755, #1282, #7805, .T. ) ;
#8103 = AXIS2_PLACEMENT_3D ( 'NONE', #2772, #1326, #2039 ) ;
#8104 = PLANE ( 'NONE',  #1985 ) ;
#8105 = VERTEX_POINT ( 'NONE', #9393 ) ;
#8106 = EDGE_LOOP ( 'NONE', ( #7234, #9527, #4883, #3597, #9484, #8639, #8451, #6434, #8250, #5849, #6120, #7417, #4522, #2224, #2581, #3290, #3538, #8357 ) ) ;
#8107 = DIRECTION ( 'NONE',  ( 1.000000000000000000, 0.000000000000000000, -0.000000000000000000 ) ) ;
#8108 = EDGE_LOOP ( 'NONE', ( #4163, #1931, #2106, #1284 ) ) ;
#8109 = EDGE_CURVE ( 'NONE', #1235, #2282, #6958, .T. ) ;
#8110 = DIRECTION ( 'NONE',  ( -1.000000000000000000, 0.000000000000000000, 5.418193534350209856E-30 ) ) ;
#8111 = ADVANCED_FACE ( 'NONE', ( #7712 ), #1813, .F. ) ;
#8112 = DIRECTION ( 'NONE',  ( 0.000000000000000000, 4.500833762534980384E-15, -1.000000000000000000 ) ) ;
#8113 = PLANE ( 'NONE',  #4128 ) ;
#8114 = AXIS2_PLACEMENT_3D ( 'NONE', #8441, #9259, #6230 ) ;
#8115 = EDGE_CURVE ( 'NONE', #6977, #7883, #430, .T. ) ;
#8116 = EDGE_CURVE ( 'NONE', #6977, #2498, #1242, .T. ) ;
#8117 = VERTEX_POINT ( 'NONE', #2923 ) ;
#8118 = ORIENTED_EDGE ( 'NONE', *, *, #6090, .F. ) ;
#8119 = DIRECTION ( 'NONE',  ( -0.4999999999999999445, 0.8660254037844387076, 0.000000000000000000 ) ) ;
#8120 = PLANE ( 'NONE',  #4097 ) ;
#8121 = AXIS2_PLACEMENT_3D ( 'NONE', #245, #5443, #7087 ) ;
#8122 = LINE ( 'NONE', #2130, #182 ) ;
#8123 = CARTESIAN_POINT ( 'NONE',  ( 121.7594733917879921, 171.7585906126184909, 134.3001160632323945 ) ) ;
#8124 = CARTESIAN_POINT ( 'NONE',  ( 124.3594733917878727, 127.5320102867271146, 163.2125815355824727 ) ) ;
#8125 = DIRECTION ( 'NONE',  ( 1.000000000000000000, -1.165921558532968131E-15, 1.481065031799925716E-16 ) ) ;
#8126 = CARTESIAN_POINT ( 'NONE',  ( 103.4479001739019992, 173.4585906126184796, 136.0001161077304062 ) ) ;
#8127 = ORIENTED_EDGE ( 'NONE', *, *, #4508, .F. ) ;
#8128 = ORIENTED_EDGE ( 'NONE', *, *, #2375, .T. ) ;
#8129 =( BOUNDED_CURVE ( )  B_SPLINE_CURVE ( 3, ( #7267, #9332, #7313, #6393 ),
 .UNSPECIFIED., .F., .F. ) 
 B_SPLINE_CURVE_WITH_KNOTS ( ( 4, 4 ),
 ( 5.890486225481399885, 6.283185307179590673 ),
 .UNSPECIFIED. ) 
 CURVE ( )  GEOMETRIC_REPRESENTATION_ITEM ( )  RATIONAL_B_SPLINE_CURVE ( ( 1.000000000000000000, 0.9871901869355219628, 0.9871901869355219628, 1.000000000000000000 ) ) 
 REPRESENTATION_ITEM ( '' )  );
#8130 = EDGE_LOOP ( 'NONE', ( #3112, #7555, #1704, #1949 ) ) ;
#8131 = VECTOR ( 'NONE', #6206, 1000.000000000000000 ) ;
#8132 = EDGE_LOOP ( 'NONE', ( #9481, #2409, #7387, #4366 ) ) ;
#8133 = ADVANCED_FACE ( 'NONE', ( #4996 ), #6689, .F. ) ;
#8134 = CARTESIAN_POINT ( 'NONE',  ( 122.3834795488590004, 176.0343761199364963, 143.9772882653234092 ) ) ;
#8135 = CARTESIAN_POINT ( 'NONE',  ( 124.3594733917879012, 128.3320102867271260, 141.9660916294042465 ) ) ;
#8136 = LINE ( 'NONE', #4502, #6131 ) ;
#8137 = CARTESIAN_POINT ( 'NONE',  ( 18.20000000000000284, -31.52332469775358348, 0.5999999999999999778 ) ) ;
#8138 = CARTESIAN_POINT ( 'NONE',  ( 123.6420582790520086, 176.3587931559684989, 180.8501160567394948 ) ) ;
#8139 = CARTESIAN_POINT ( 'NONE',  ( 124.0592155665779899, 176.2244785809180030, 181.0501160567395118 ) ) ;
#8140 = ORIENTED_EDGE ( 'NONE', *, *, #5875, .F. ) ;
#8141 = ORIENTED_EDGE ( 'NONE', *, *, #912, .T. ) ;
#8142 = VECTOR ( 'NONE', #6891, 1000.000000000000000 ) ;
#8143 = ADVANCED_FACE ( 'NONE', ( #764 ), #1427, .T. ) ;
#8144 = ORIENTED_EDGE ( 'NONE', *, *, #1067, .T. ) ;
#8145 = LINE ( 'NONE', #4324, #6948 ) ;
#8146 = CARTESIAN_POINT ( 'NONE',  ( 97.10416572089670240, 112.1587965372630009, 130.5501160567390002 ) ) ;
#8147 = DIRECTION ( 'NONE',  ( -1.744174030142317374E-15, -0.8660254037844388186, 0.4999999999999997224 ) ) ;
#8148 = CARTESIAN_POINT ( 'NONE',  ( 121.5594733917879893, 171.7585906126184909, 173.4500716728244925 ) ) ;
#8149 = LINE ( 'NONE', #9, #6388 ) ;
#8150 = VECTOR ( 'NONE', #8374, 1000.000000000000000 ) ;
#8151 = DIRECTION ( 'NONE',  ( -1.000000000000000000, 1.165921558532974047E-15, -1.481065031799679690E-16 ) ) ;
#8152 = VERTEX_POINT ( 'NONE', #1477 ) ;
#8153 = VECTOR ( 'NONE', #2710, 1000.000000000000000 ) ;
#8154 = ORIENTED_EDGE ( 'NONE', *, *, #5169, .T. ) ;
#8155 = ADVANCED_FACE ( 'NONE', ( #5825 ), #1548, .F. ) ;
#8156 = DIRECTION ( 'NONE',  ( 1.000000000000000000, -1.210939508638132030E-15, 1.277902559593765872E-15 ) ) ;
#8157 = ORIENTED_EDGE ( 'NONE', *, *, #9305, .F. ) ;
#8158 = DIRECTION ( 'NONE',  ( 2.003086131649543140E-15, 1.000000000000000000, 0.000000000000000000 ) ) ;
#8159 = DIRECTION ( 'NONE',  ( 1.184735462541920096E-15, 1.000000000000000000, 4.326681131221240423E-15 ) ) ;
#8160 = VECTOR ( 'NONE', #9168, 999.9999999999998863 ) ;
#8161 = CARTESIAN_POINT ( 'NONE',  ( 5.600000000000001421, 3.464101615137753942, 0.000000000000000000 ) ) ;
#8162 = ORIENTED_EDGE ( 'NONE', *, *, #2333, .T. ) ;
#8163 = ORIENTED_EDGE ( 'NONE', *, *, #9117, .F. ) ;
#8164 = EDGE_CURVE ( 'NONE', #6872, #3289, #7949, .T. ) ;
#8165 = EDGE_CURVE ( 'NONE', #6140, #1555, #3588, .T. ) ;
#8166 = VECTOR ( 'NONE', #3598, 1000.000000000000000 ) ;
#8167 = CARTESIAN_POINT ( 'NONE',  ( 17.60000000000000142, 0.000000000000000000, 0.5999999999999999778 ) ) ;
#8168 = CARTESIAN_POINT ( 'NONE',  ( 121.9594733917879950, 159.9336935749474833, 134.3001160632321955 ) ) ;
#8169 = DIRECTION ( 'NONE',  ( -1.332169591021886064E-15, 0.000000000000000000, 1.000000000000000000 ) ) ;
#8170 = EDGE_CURVE ( 'NONE', #7254, #8177, #6500, .T. ) ;
#8171 = DIRECTION ( 'NONE',  ( 0.000000000000000000, 0.000000000000000000, 1.000000000000000000 ) ) ;
#8172 = LINE ( 'NONE', #2423, #7031 ) ;
#8173 = CARTESIAN_POINT ( 'NONE',  ( 124.9594733917878955, 127.9320102867271203, 156.0534381976310954 ) ) ;
#8174 = EDGE_LOOP ( 'NONE', ( #6076, #2814, #4389, #8995 ) ) ;
#8175 = VECTOR ( 'NONE', #4170, 1000.000000000000000 ) ;
#8176 = VERTEX_POINT ( 'NONE', #2240 ) ;
#8177 = VERTEX_POINT ( 'NONE', #6545 ) ;
#8178 = ORIENTED_EDGE ( 'NONE', *, *, #8607, .F. ) ;
#8179 = EDGE_CURVE ( 'NONE', #7023, #1053, #9440, .T. ) ;
#8180 = VECTOR ( 'NONE', #3819, 1000.000000000000000 ) ;
#8181 = LINE ( 'NONE', #5280, #4635 ) ;
#8182 = DIRECTION ( 'NONE',  ( 0.000000000000000000, 1.000000000000000000, 0.000000000000000000 ) ) ;
#8183 = CARTESIAN_POINT ( 'NONE',  ( 103.6479001739019878, 172.6583834233365167, 142.2994945258154189 ) ) ;
#8184 = DIRECTION ( 'NONE',  ( -1.332169591021886064E-15, 0.000000000000000000, 1.000000000000000000 ) ) ;
#8185 = PLANE ( 'NONE',  #401 ) ;
#8186 = CARTESIAN_POINT ( 'NONE',  ( 124.0592155665780751, 176.0782308013309319, 181.0295459725349190 ) ) ;
#8187 = ORIENTED_EDGE ( 'NONE', *, *, #2573, .F. ) ;
#8188 = ORIENTED_EDGE ( 'NONE', *, *, #3679, .F. ) ;
#8189 = ADVANCED_FACE ( 'NONE', ( #4406 ), #1383, .F. ) ;
#8190 = ORIENTED_EDGE ( 'NONE', *, *, #835, .T. ) ;
#8191 = VECTOR ( 'NONE', #398, 999.9999999999998863 ) ;
#8192 = EDGE_LOOP ( 'NONE', ( #2055, #8662, #204, #8961, #8672 ) ) ;
#8193 = PLANE ( 'NONE',  #6484 ) ;
#8194 = DIRECTION ( 'NONE',  ( -1.332169591021886064E-15, 0.000000000000000000, 1.000000000000000000 ) ) ;
#8195 = LINE ( 'NONE', #1723, #2567 ) ;
#8196 = VECTOR ( 'NONE', #9322, 1000.000000000000000 ) ;
#8197 = DIRECTION ( 'NONE',  ( -1.000000000000000000, 2.803870925515900162E-29, 1.822593041939305090E-22 ) ) ;
#8198 = DIRECTION ( 'NONE',  ( -1.000000000000000000, 1.184735462541918124E-15, 4.316747070439680032E-30 ) ) ;
#8199 = VECTOR ( 'NONE', #2243, 1000.000000000000000 ) ;
#8200 = CARTESIAN_POINT ( 'NONE',  ( 124.3594733917879154, 127.3320102867271402, 135.3842985606424918 ) ) ;
#8201 = EDGE_CURVE ( 'NONE', #7707, #7440, #3731, .T. ) ;
#8202 = EDGE_LOOP ( 'NONE', ( #300, #9278, #6339, #3315, #4016, #5486, #8080, #2558, #7941, #8447, #7037, #2514, #3255, #3198, #8529, #8913, #1499, #9001 ) ) ;
#8203 = ORIENTED_EDGE ( 'NONE', *, *, #5135, .T. ) ;
#8204 = FACE_OUTER_BOUND ( 'NONE', #1506, .T. ) ;
#8205 = ORIENTED_EDGE ( 'NONE', *, *, #2179, .F. ) ;
#8206 = LINE ( 'NONE', #1502, #3681 ) ;
#8207 = DIRECTION ( 'NONE',  ( 0.000000000000000000, 1.000000000000000000, 9.251858538542962756E-15 ) ) ;
#8208 = CARTESIAN_POINT ( 'NONE',  ( 121.9594733917879950, 170.9867491937569923, 137.7001160632314054 ) ) ;
#8209 = EDGE_CURVE ( 'NONE', #7569, #1889, #4778, .T. ) ;
#8210 = ORIENTED_EDGE ( 'NONE', *, *, #2684, .F. ) ;
#8211 = VECTOR ( 'NONE', #71, 1000.000000000000000 ) ;
#8212 = ORIENTED_EDGE ( 'NONE', *, *, #1673, .T. ) ;
#8213 = LINE ( 'NONE', #9074, #2349 ) ;
#8214 = CARTESIAN_POINT ( 'NONE',  ( 11.60000000000000497, -6.235382907247959849, 0.000000000000000000 ) ) ;
#8215 = CARTESIAN_POINT ( 'NONE',  ( 104.6479001739019878, 176.4173717997314839, 180.9915374129770100 ) ) ;
#8216 = LINE ( 'NONE', #5225, #6697 ) ;
#8217 = CARTESIAN_POINT ( 'NONE',  ( 124.9594733917879239, 139.1320102867271089, 142.6589119524317653 ) ) ;
#8218 = LINE ( 'NONE', #7504, #5165 ) ;
#8219 = VECTOR ( 'NONE', #691, 1000.000000000000000 ) ;
#8220 = CARTESIAN_POINT ( 'NONE',  ( 103.8479001739019907, 175.4587965372880092, 166.8113888862244778 ) ) ;
#8221 = EDGE_CURVE ( 'NONE', #4509, #4609, #5188, .T. ) ;
#8222 = EDGE_CURVE ( 'NONE', #1810, #6357, #8715, .T. ) ;
#8223 = ORIENTED_EDGE ( 'NONE', *, *, #1138, .T. ) ;
#8224 = ORIENTED_EDGE ( 'NONE', *, *, #6340, .T. ) ;
#8225 = ORIENTED_EDGE ( 'NONE', *, *, #9504, .T. ) ;
#8226 = VECTOR ( 'NONE', #3696, 999.9999999999998863 ) ;
#8227 = DIRECTION ( 'NONE',  ( -4.685093906533303674E-16, -0.8660254037844383745, -0.5000000000000003331 ) ) ;
#8228 = FACE_OUTER_BOUND ( 'NONE', #7488, .T. ) ;
#8229 = LINE ( 'NONE', #9041, #1199 ) ;
#8230 = DIRECTION ( 'NONE',  ( -1.000000000000000000, 1.184735462541918124E-15, 4.316747070439680032E-30 ) ) ;
#8231 = CARTESIAN_POINT ( 'NONE',  ( 124.9594733917879239, 133.5320102867271146, 138.0401097989147559 ) ) ;
#8232 = CARTESIAN_POINT ( 'NONE',  ( 124.0592155665769951, 121.3221525309288040, 180.7501160567389888 ) ) ;
#8233 = EDGE_CURVE ( 'NONE', #3099, #4943, #4313, .T. ) ;
#8234 = EDGE_LOOP ( 'NONE', ( #7509, #9085, #6957, #8310 ) ) ;
#8235 = ADVANCED_FACE ( 'NONE', ( #6641 ), #668, .T. ) ;
#8236 = ORIENTED_EDGE ( 'NONE', *, *, #6923, .T. ) ;
#8237 = ORIENTED_EDGE ( 'NONE', *, *, #5766, .F. ) ;
#8238 = ORIENTED_EDGE ( 'NONE', *, *, #4385, .F. ) ;
#8239 = ORIENTED_EDGE ( 'NONE', *, *, #10, .F. ) ;
#8240 = VECTOR ( 'NONE', #2469, 999.9999999999998863 ) ;
#8241 = CARTESIAN_POINT ( 'NONE',  ( -5.600000000000001421, 0.000000000000000000, -0.000000000000000000 ) ) ;
#8242 = PLANE ( 'NONE',  #989 ) ;
#8243 = CARTESIAN_POINT ( 'NONE',  ( 103.8479001739019907, 171.4583829936065342, 145.2896250086894270 ) ) ;
#8244 = DIRECTION ( 'NONE',  ( 0.7071067811865445751, -0.7071067811865504593, 0.000000000000000000 ) ) ;
#8245 = FACE_OUTER_BOUND ( 'NONE', #5824, .T. ) ;
#8246 = ORIENTED_EDGE ( 'NONE', *, *, #2917, .F. ) ;
#8247 = CARTESIAN_POINT ( 'NONE',  ( 6.800000000000000711, 3.464101615137753942, 0.000000000000000000 ) ) ;
#8248 = ORIENTED_EDGE ( 'NONE', *, *, #2863, .T. ) ;
#8249 = VECTOR ( 'NONE', #1760, 1000.000000000000000 ) ;
#8250 = ORIENTED_EDGE ( 'NONE', *, *, #2773, .T. ) ;
#8251 = CARTESIAN_POINT ( 'NONE',  ( 114.8457325640329998, 121.4221525309298073, 180.6501160567389945 ) ) ;
#8252 = CARTESIAN_POINT ( 'NONE',  ( 124.5594733917879893, 116.3659033184497957, 181.0501160567390002 ) ) ;
#8253 = EDGE_CURVE ( 'NONE', #2849, #4756, #3636, .T. ) ;
#8254 = ORIENTED_EDGE ( 'NONE', *, *, #2660, .F. ) ;
#8255 = VECTOR ( 'NONE', #4542, 1000.000000000000000 ) ;
#8256 = LINE ( 'NONE', #8922, #7992 ) ;
#8257 = DIRECTION ( 'NONE',  ( 4.685093906533291841E-16, 0.8660254037844380415, 0.5000000000000008882 ) ) ;
#8258 = CARTESIAN_POINT ( 'NONE',  ( 124.5594733917879893, 177.2587965372885037, 144.8376160567393924 ) ) ;
#8259 = VERTEX_POINT ( 'NONE', #4453 ) ;
#8260 = VECTOR ( 'NONE', #6188, 1000.000000000000000 ) ;
#8261 = ORIENTED_EDGE ( 'NONE', *, *, #2501, .F. ) ;
#8262 = DIRECTION ( 'NONE',  ( 4.087556092131263946E-16, 1.000000000000000000, 0.000000000000000000 ) ) ;
#8263 = EDGE_CURVE ( 'NONE', #1285, #6498, #5732, .T. ) ;
#8264 = SURFACE_STYLE_FILL_AREA ( #1557 ) ;
#8265 = DIRECTION ( 'NONE',  ( 1.000000000000000000, -1.210939508638132030E-15, 1.277902559593765872E-15 ) ) ;
#8266 = DIRECTION ( 'NONE',  ( -0.000000000000000000, -1.000000000000000000, 0.000000000000000000 ) ) ;
#8267 = DIRECTION ( 'NONE',  ( 4.087556092131263946E-16, 1.000000000000000000, 0.000000000000000000 ) ) ;
#8268 = PLANE ( 'NONE',  #7795 ) ;
#8269 = COLOUR_RGB ( '',0.7921568627450980005, 0.8196078431372548767, 0.9333333333333333481 ) ;
#8270 = CARTESIAN_POINT ( 'NONE',  ( 124.7594733917880063, 148.0337965372830240, 180.8501160567394948 ) ) ;
#8271 = EDGE_LOOP ( 'NONE', ( #2595, #8377, #1375, #4611 ) ) ;
#8272 = ORIENTED_EDGE ( 'NONE', *, *, #8607, .T. ) ;
#8273 = ORIENTED_EDGE ( 'NONE', *, *, #1800, .T. ) ;
#8274 =( GEOMETRIC_REPRESENTATION_CONTEXT ( 3 ) GLOBAL_UNCERTAINTY_ASSIGNED_CONTEXT ( ( #159 ) ) GLOBAL_UNIT_ASSIGNED_CONTEXT ( ( #1396, #4960, #7381 ) ) REPRESENTATION_CONTEXT ( 'NONE', 'WORKASPACE' ) );
#8275 = ADVANCED_FACE ( 'NONE', ( #716 ), #1613, .T. ) ;
#8276 = CARTESIAN_POINT ( 'NONE',  ( 12.40000000000000391, -6.235382907247959849, 0.000000000000000000 ) ) ;
#8277 = FACE_OUTER_BOUND ( 'NONE', #3459, .T. ) ;
#8278 = CARTESIAN_POINT ( 'NONE',  ( -0.4000000000000001887, -0.2309401076758502425, 0.5999999999999999778 ) ) ;
#8279 = PRESENTATION_STYLE_ASSIGNMENT (( #860 ) ) ;
#8280 = CARTESIAN_POINT ( 'NONE',  ( 124.9594733917878671, 115.3320102867271117, 156.1689082514690483 ) ) ;
#8281 = PLANE ( 'NONE',  #763 ) ;
#8282 = ORIENTED_EDGE ( 'NONE', *, *, #926, .F. ) ;
#8283 = VERTEX_POINT ( 'NONE', #6886 ) ;
#8284 = VECTOR ( 'NONE', #2288, 1000.000000000000000 ) ;
#8285 = ORIENTED_EDGE ( 'NONE', *, *, #3664, .F. ) ;
#8286 = VERTEX_POINT ( 'NONE', #8369 ) ;
#8287 = EDGE_CURVE ( 'NONE', #4448, #7989, #6157, .T. ) ;
#8288 = EDGE_LOOP ( 'NONE', ( #4534, #141, #8846, #3835 ) ) ;
#8289 = ADVANCED_FACE ( 'NONE', ( #5233 ), #2334, .F. ) ;
#8290 = LINE ( 'NONE', #6023, #638 ) ;
#8291 = CARTESIAN_POINT ( 'NONE',  ( 117.4594733917879950, 119.9496176806358108, 181.0501160567390002 ) ) ;
#8292 = DIRECTION ( 'NONE',  ( -1.332169591021886064E-15, 0.000000000000000000, 1.000000000000000000 ) ) ;
#8293 = FACE_OUTER_BOUND ( 'NONE', #5985, .T. ) ;
#8294 = LINE ( 'NONE', #4666, #7630 ) ;
#8295 = ADVANCED_FACE ( 'NONE', ( #1662 ), #4599, .T. ) ;
#8296 = AXIS2_PLACEMENT_3D ( 'NONE', #7819, #1210, #4135 ) ;
#8297 = DIRECTION ( 'NONE',  ( -1.277493368627787068E-15, -1.000000000000000000, -2.086352858496429486E-15 ) ) ;
#8298 = ORIENTED_EDGE ( 'NONE', *, *, #6772, .T. ) ;
#8299 = EDGE_LOOP ( 'NONE', ( #2585, #5499, #1389, #4446 ) ) ;
#8300 = EDGE_CURVE ( 'NONE', #6422, #1202, #2480, .T. ) ;
#8301 = VECTOR ( 'NONE', #127, 1000.000000000000000 ) ;
#8302 = DIRECTION ( 'NONE',  ( -1.000000000000000000, 1.210939508638132030E-15, -1.277902559593765872E-15 ) ) ;
#8303 = CARTESIAN_POINT ( 'NONE',  ( -2.800000000000000711, -4.849742261192861115, 0.5999999999999999778 ) ) ;
#8304 = CARTESIAN_POINT ( 'NONE',  ( 109.9594733917879950, 162.2587965372890153, 130.0501160567393981 ) ) ;
#8305 = DIRECTION ( 'NONE',  ( 2.003086131649544323E-15, -1.000000000000000000, 0.000000000000000000 ) ) ;
#8306 = CARTESIAN_POINT ( 'NONE',  ( 0.1999999999999802491, 0.3464101615137420431, 0.000000000000000000 ) ) ;
#8308 = EDGE_CURVE ( 'NONE', #3491, #2851, #231, .T. ) ;
#8307 = VECTOR ( 'NONE', #3861, 1000.000000000000000 ) ;
#8309 = ORIENTED_EDGE ( 'NONE', *, *, #8999, .F. ) ;
#8310 = ORIENTED_EDGE ( 'NONE', *, *, #8562, .F. ) ;
#8311 = LINE ( 'NONE', #3866, #9448 ) ;
#8312 = VECTOR ( 'NONE', #1785, 1000.000000000000000 ) ;
#8313 = CARTESIAN_POINT ( 'NONE',  ( 121.7594733917879921, 175.8085906126185023, 175.1500716728245095 ) ) ;
#8314 = CARTESIAN_POINT ( 'NONE',  ( 18.40000000000000213, -10.62324495308912198, 0.000000000000000000 ) ) ;
#8315 = CARTESIAN_POINT ( 'NONE',  ( 103.8479001739019907, 174.1075765200275214, 141.1090609392973931 ) ) ;
#8316 = DIRECTION ( 'NONE',  ( -1.000000000000000000, 0.000000000000000000, -0.000000000000000000 ) ) ;
#8317 = VERTEX_POINT ( 'NONE', #857 ) ;
#8318 = EDGE_CURVE ( 'NONE', #7571, #7675, #8181, .T. ) ;
#8319 = VERTEX_POINT ( 'NONE', #951 ) ;
#8320 = AXIS2_PLACEMENT_3D ( 'NONE', #2647, #488, #6365 ) ;
#8321 = VERTEX_POINT ( 'NONE', #8276 ) ;
#8322 = DIRECTION ( 'NONE',  ( 0.000000000000000000, 1.000000000000000000, 9.251858538542962756E-15 ) ) ;
#8323 = CARTESIAN_POINT ( 'NONE',  ( 124.3594733917879012, 139.7320102867271316, 156.1689082514690483 ) ) ;
#8324 = FACE_OUTER_BOUND ( 'NONE', #7366, .T. ) ;
#8325 = CARTESIAN_POINT ( 'NONE',  ( 12.00000000000000355, 7.390083445627212200, 0.5999999999999999778 ) ) ;
#8326 = LINE ( 'NONE', #1710, #5115 ) ;
#8327 = CARTESIAN_POINT ( 'NONE',  ( 124.9594733917878955, 140.3320102867271544, 162.7507013202307746 ) ) ;
#8328 = AXIS2_PLACEMENT_3D ( 'NONE', #8954, #8336, #1770 ) ;
#8329 = CARTESIAN_POINT ( 'NONE',  ( 17.80000000000000426, -10.04589468389949580, 0.000000000000000000 ) ) ;
#8330 = ORIENTED_EDGE ( 'NONE', *, *, #748, .F. ) ;
#8331 = ORIENTED_EDGE ( 'NONE', *, *, #4527, .T. ) ;
#8332 = EDGE_CURVE ( 'NONE', #7354, #2190, #2286, .T. ) ;
#8333 = VERTEX_POINT ( 'NONE', #86 ) ;
#8334 = ORIENTED_EDGE ( 'NONE', *, *, #6078, .F. ) ;
#8335 = ORIENTED_EDGE ( 'NONE', *, *, #5706, .T. ) ;
#8336 = DIRECTION ( 'NONE',  ( 1.000000000000000000, -4.314019847493114832E-43, -2.486863126737725075E-29 ) ) ;
#8337 = CARTESIAN_POINT ( 'NONE',  ( 124.9594733917879097, 139.1320102867271089, 148.6633547520038974 ) ) ;
#8338 = CARTESIAN_POINT ( 'NONE',  ( 6.400000000000002132, 2.771281292110203243, 0.000000000000000000 ) ) ;
#8339 = CARTESIAN_POINT ( 'NONE',  ( 121.2394916218340057, 179.0557369954095179, 167.8348201909765010 ) ) ;
#8340 = CARTESIAN_POINT ( 'NONE',  ( 98.60370053296711035, 114.1587965372630009, 179.0501160567390002 ) ) ;
#8341 = ORIENTED_EDGE ( 'NONE', *, *, #2366, .T. ) ;
#8342 = VECTOR ( 'NONE', #5494, 1000.000000000000114 ) ;
#8343 = DIRECTION ( 'NONE',  ( 1.275664639488986613E-15, 8.326672684688515048E-17, -1.000000000000000000 ) ) ;
#8344 = EDGE_CURVE ( 'NONE', #3291, #2630, #337, .T. ) ;
#8345 = VERTEX_POINT ( 'NONE', #6743 ) ;
#8347 = EDGE_CURVE ( 'NONE', #3077, #1625, #3100, .T. ) ;
#8346 = EDGE_LOOP ( 'NONE', ( #842, #7136, #518, #5101 ) ) ;
#8348 = AXIS2_PLACEMENT_3D ( 'NONE', #9297, #577, #1197 ) ;
#8349 = LINE ( 'NONE', #9013, #4002 ) ;
#8350 = LINE ( 'NONE', #6913, #5908 ) ;
#8351 = DIRECTION ( 'NONE',  ( -1.000000000000000000, 2.996533125874484786E-16, -2.996533125874364977E-16 ) ) ;
#8352 = CARTESIAN_POINT ( 'NONE',  ( 105.2908226684699997, 116.1745616022672039, 181.0120558229944834 ) ) ;
#8353 = CARTESIAN_POINT ( 'NONE',  ( 109.9594733917879950, 121.6221525309289859, 180.4501160567390059 ) ) ;
#8354 = EDGE_CURVE ( 'NONE', #7274, #1517, #6788, .T. ) ;
#8355 = VECTOR ( 'NONE', #4807, 1000.000000000000000 ) ;
#8356 = ORIENTED_EDGE ( 'NONE', *, *, #594, .T. ) ;
#8357 = ORIENTED_EDGE ( 'NONE', *, *, #6622, .T. ) ;
#8358 = DIRECTION ( 'NONE',  ( -0.8660254037844393737, -0.4999999999999986677, 0.000000000000000000 ) ) ;
#8359 = ORIENTED_EDGE ( 'NONE', *, *, #8049, .T. ) ;
#8360 = CARTESIAN_POINT ( 'NONE',  ( 6.000000000000000888, -17.78238829104048335, 0.5999999999999999778 ) ) ;
#8361 = FACE_OUTER_BOUND ( 'NONE', #1658, .T. ) ;
#8362 = LINE ( 'NONE', #7783, #1016 ) ;
#8363 = CARTESIAN_POINT ( 'NONE',  ( 18.00000000000000355, -9.930424630061571278, 0.000000000000000000 ) ) ;
#8364 = ORIENTED_EDGE ( 'NONE', *, *, #936, .F. ) ;
#8365 = ORIENTED_EDGE ( 'NONE', *, *, #3980, .F. ) ;
#8366 = VERTEX_POINT ( 'NONE', #1042 ) ;
#8367 = FACE_OUTER_BOUND ( 'NONE', #6380, .T. ) ;
#8368 = CIRCLE ( 'NONE', #5131, 0.5000000000000079936 ) ;
#8369 = CARTESIAN_POINT ( 'NONE',  ( 12.00000000000000355, 0.4618802153516995967, 0.000000000000000000 ) ) ;
#8370 = CARTESIAN_POINT ( 'NONE',  ( 23.80000000000000782, -20.43819952931276873, 0.000000000000000000 ) ) ;
#8371 = EDGE_CURVE ( 'NONE', #8880, #1189, #5379, .T. ) ;
#8372 = LINE ( 'NONE', #5621, #1958 ) ;
#8373 = LINE ( 'NONE', #7030, #8249 ) ;
#8374 = DIRECTION ( 'NONE',  ( 1.275664639488986613E-15, 8.326672684688515048E-17, -1.000000000000000000 ) ) ;
#8375 = VERTEX_POINT ( 'NONE', #3926 ) ;
#8376 = ORIENTED_EDGE ( 'NONE', *, *, #5972, .F. ) ;
#8377 = ORIENTED_EDGE ( 'NONE', *, *, #7652, .F. ) ;
#8378 = VECTOR ( 'NONE', #100, 1000.000000000000000 ) ;
#8379 = VERTEX_POINT ( 'NONE', #275 ) ;
#8380 = VERTEX_POINT ( 'NONE', #183 ) ;
#8381 = DIRECTION ( 'NONE',  ( -1.000000000000000000, 1.388903486589362075E-14, 5.928419958430680966E-29 ) ) ;
#8382 = CARTESIAN_POINT ( 'NONE',  ( 109.9594733917879950, 162.2587965372885037, 180.4501160567394891 ) ) ;
#8383 = EDGE_CURVE ( 'NONE', #2394, #7254, #1707, .T. ) ;
#8384 = CARTESIAN_POINT ( 'NONE',  ( 18.00000000000000711, -3.925981830489457813, 0.000000000000000000 ) ) ;
#8385 = CARTESIAN_POINT ( 'NONE',  ( 124.9594733917879097, 127.9320102867271203, 142.6589119524317653 ) ) ;
#8386 = CARTESIAN_POINT ( 'NONE',  ( 5.800000000000002487, 3.117691453623978148, 0.5999999999999999778 ) ) ;
#8387 = AXIS2_PLACEMENT_3D ( 'NONE', #6488, #4345, #6097 ) ;
#8388 = PLANE ( 'NONE',  #3236 ) ;
#8389 = VERTEX_POINT ( 'NONE', #996 ) ;
#8390 = CIRCLE ( 'NONE', #1308, 1.200000000000046807 ) ;
#8391 = DIRECTION ( 'NONE',  ( 1.000000000000000000, -1.232504460548322048E-29, 1.332169591021896121E-15 ) ) ;
#8392 = CARTESIAN_POINT ( 'NONE',  ( 17.60000000000001563, -17.55144818336463786, 0.5999999999999999778 ) ) ;
#8393 = ADVANCED_BREP_SHAPE_REPRESENTATION ( '', ( #4015, #7128 ), #5888 ) ;
#8394 = EDGE_CURVE ( 'NONE', #7440, #2723, #6837, .T. ) ;
#8395 = DIRECTION ( 'NONE',  ( -0.000000000000000000, -0.000000000000000000, -1.000000000000000000 ) ) ;
#8396 = DIRECTION ( 'NONE',  ( 1.000000000000000000, -6.791179770375569661E-16, 2.094336198689010030E-16 ) ) ;
#8397 = VECTOR ( 'NONE', #4410, 1000.000000000000000 ) ;
#8398 = CARTESIAN_POINT ( 'NONE',  ( 124.3594733917878870, 127.3320102867271402, 148.5478846981659728 ) ) ;
#8399 = VERTEX_POINT ( 'NONE', #3783 ) ;
#8400 = VERTEX_POINT ( 'NONE', #6009 ) ;
#8401 = VECTOR ( 'NONE', #7690, 1000.000000000000114 ) ;
#8402 = CARTESIAN_POINT ( 'NONE',  ( 5.600000000000001421, 2.771281292110203243, 0.5999999999999999778 ) ) ;
#8403 = EDGE_CURVE ( 'NONE', #3852, #713, #8943, .T. ) ;
#8404 = VERTEX_POINT ( 'NONE', #7790 ) ;
#8405 = EDGE_CURVE ( 'NONE', #7114, #9122, #7073, .T. ) ;
#8406 = DIRECTION ( 'NONE',  ( -4.660113001930844705E-16, 0.5000000000000003331, 0.8660254037844385966 ) ) ;
#8407 = FACE_OUTER_BOUND ( 'NONE', #1376, .T. ) ;
#8408 = EDGE_CURVE ( 'NONE', #2138, #2389, #9330, .T. ) ;
#8409 = FACE_OUTER_BOUND ( 'NONE', #2713, .T. ) ;
#8410 = VECTOR ( 'NONE', #2123, 1000.000000000000000 ) ;
#8411 = ORIENTED_EDGE ( 'NONE', *, *, #4863, .T. ) ;
#8412 = EDGE_LOOP ( 'NONE', ( #3962, #8560, #569, #263 ) ) ;
#8413 = DIRECTION ( 'NONE',  ( 0.8660254037844387076, -0.4999999999999998335, 0.000000000000000000 ) ) ;
#8414 = VECTOR ( 'NONE', #1601, 1000.000000000000000 ) ;
#8415 = FACE_BOUND ( 'NONE', #2657, .T. ) ;
#8416 = CARTESIAN_POINT ( 'NONE',  ( 124.9594733917878813, 121.9320102867271203, 151.6655761517899350 ) ) ;
#8417 = FACE_BOUND ( 'NONE', #17, .T. ) ;
#8418 = DIRECTION ( 'NONE',  ( 0.8660254037844387076, 0.4999999999999999445, 0.000000000000000000 ) ) ;
#8419 = DIRECTION ( 'NONE',  ( -0.4999999999999996114, 0.8660254037844389297, 0.000000000000000000 ) ) ;
#8420 = LINE ( 'NONE', #2629, #8600 ) ;
#8421 = ORIENTED_EDGE ( 'NONE', *, *, #7121, .F. ) ;
#8422 = VERTEX_POINT ( 'NONE', #1803 ) ;
#8423 = ORIENTED_EDGE ( 'NONE', *, *, #4622, .F. ) ;
#8424 = ADVANCED_FACE ( 'NONE', ( #1085 ), #24, .F. ) ;
#8425 = VECTOR ( 'NONE', #3591, 1000.000000000000000 ) ;
#8426 = ORIENTED_EDGE ( 'NONE', *, *, #6267, .F. ) ;
#8427 = DIRECTION ( 'NONE',  ( 4.685093906533307618E-16, 0.8660254037844385966, 0.5000000000000001110 ) ) ;
#8428 = CARTESIAN_POINT ( 'NONE',  ( 124.3594733917879012, 139.3320102867271260, 155.4760879284414727 ) ) ;
#8429 = CARTESIAN_POINT ( 'NONE',  ( 11.80000000000000249, -7.274613391789286787, 0.000000000000000000 ) ) ;
#8430 = DIRECTION ( 'NONE',  ( -1.000000000000000000, 1.210939508638132030E-15, -1.277902559593765872E-15 ) ) ;
#8431 = CARTESIAN_POINT ( 'NONE',  ( -0.1999999999999999278, 0.3464101615137755164, 0.5999999999999999778 ) ) ;
#8432 = DIRECTION ( 'NONE',  ( -1.000000000000000000, 1.165921621825713967E-15, -1.481062580737441945E-16 ) ) ;
#8433 = VECTOR ( 'NONE', #7746, 1000.000000000000000 ) ;
#8434 = EDGE_LOOP ( 'NONE', ( #6247, #9114, #3692, #4244 ) ) ;
#8435 = DIRECTION ( 'NONE',  ( 0.000000000000000000, 7.677626706863859688E-15, -1.000000000000000000 ) ) ;
#8436 = ORIENTED_EDGE ( 'NONE', *, *, #474, .T. ) ;
#8437 = ADVANCED_FACE ( 'NONE', ( #1228 ), #3439, .F. ) ;
#8438 = AXIS2_PLACEMENT_3D ( 'NONE', #4781, #1744, #5516 ) ;
#8439 = LINE ( 'NONE', #7537, #3384 ) ;
#8440 = CARTESIAN_POINT ( 'NONE',  ( -5.600000000000001421, -3.233161507461909334, 0.5999999999999999778 ) ) ;
#8441 = CARTESIAN_POINT ( 'NONE',  ( 118.0699540685230176, 129.3613257594832078, 176.0501160567390002 ) ) ;
#8442 = CARTESIAN_POINT ( 'NONE',  ( 124.3594733917879012, 151.1320102867271657, 169.4479644428304255 ) ) ;
#8443 = DIRECTION ( 'NONE',  ( -0.8660254037844387076, 0.4999999999999998335, 0.000000000000000000 ) ) ;
#8444 = CARTESIAN_POINT ( 'NONE',  ( 2.800000000000001599, 4.849742261192856674, 0.000000000000000000 ) ) ;
#8445 = LINE ( 'NONE', #1070, #2 ) ;
#8446 = ADVANCED_FACE ( 'NONE', ( #7697, #512, #8415, #1988, #4935 ), #8506, .F. ) ;
#8447 = ORIENTED_EDGE ( 'NONE', *, *, #5039, .F. ) ;
#8448 = VECTOR ( 'NONE', #791, 1000.000000000000000 ) ;
#8449 = ORIENTED_EDGE ( 'NONE', *, *, #1129, .F. ) ;
#8450 = DIRECTION ( 'NONE',  ( -1.744174030142317374E-15, -0.8660254037844385966, 0.5000000000000001110 ) ) ;
#8451 = ORIENTED_EDGE ( 'NONE', *, *, #5855, .T. ) ;
#8452 = CARTESIAN_POINT ( 'NONE',  ( 30.40000000000002700, -24.47965141364013775, 0.5999999999999999778 ) ) ;
#8453 = CARTESIAN_POINT ( 'NONE',  ( 103.4479001739019992, 174.2587965372880205, 146.4896251811483978 ) ) ;
#8454 = VECTOR ( 'NONE', #6694, 1000.000000000000000 ) ;
#8455 = DIRECTION ( 'NONE',  ( 4.316747070439680032E-30, 7.287275863554980679E-15, -1.000000000000000000 ) ) ;
#8456 = EDGE_CURVE ( 'NONE', #3024, #5424, #4020, .T. ) ;
#8457 = EDGE_LOOP ( 'NONE', ( #3809, #64, #3726, #4944 ) ) ;
#8458 = EDGE_CURVE ( 'NONE', #1547, #7249, #4886, .T. ) ;
#8459 = VERTEX_POINT ( 'NONE', #9280 ) ;
#8460 = AXIS2_PLACEMENT_3D ( 'NONE', #9264, #6917, #9069 ) ;
#8461 = ADVANCED_FACE ( 'NONE', ( #7119 ), #464, .F. ) ;
#8462 = LINE ( 'NONE', #4019, #2554 ) ;
#8463 = DIRECTION ( 'NONE',  ( 1.000000000000000000, -1.184735462541920096E-15, -4.316747070439684937E-30 ) ) ;
#8464 = CARTESIAN_POINT ( 'NONE',  ( 124.3594733917878870, 115.7320102867271174, 141.6196814678904445 ) ) ;
#8465 = PLANE ( 'NONE',  #2107 ) ;
#8466 = CARTESIAN_POINT ( 'NONE',  ( 121.9594733917879950, 170.9867491937569923, 173.4500716728244925 ) ) ;
#8467 = DIRECTION ( 'NONE',  ( -1.743504668820874398E-15, -0.5000000000000003331, 0.8660254037844385966 ) ) ;
#8468 = ORIENTED_EDGE ( 'NONE', *, *, #7467, .T. ) ;
#8469 = ORIENTED_EDGE ( 'NONE', *, *, #2319, .T. ) ;
#8470 = AXIS2_PLACEMENT_3D ( 'NONE', #2452, #6223, #8435 ) ;
#8471 = ORIENTED_EDGE ( 'NONE', *, *, #3879, .T. ) ;
#8472 = EDGE_CURVE ( 'NONE', #5040, #5388, #372, .T. ) ;
#8473 = EDGE_LOOP ( 'NONE', ( #6082, #962, #2177, #6428 ) ) ;
#8474 = ORIENTED_EDGE ( 'NONE', *, *, #8754, .F. ) ;
#8475 = VECTOR ( 'NONE', #1872, 1000.000000000000000 ) ;
#8476 = CARTESIAN_POINT ( 'NONE',  ( 103.8479001739019907, 171.4583805851425211, 150.9307499084454776 ) ) ;
#8477 = FACE_OUTER_BOUND ( 'NONE', #6880, .T. ) ;
#8478 = DIRECTION ( 'NONE',  ( 0.8660254037844394848, 0.4999999999999983347, 0.000000000000000000 ) ) ;
#8479 = DIRECTION ( 'NONE',  ( 1.000000000000000000, -1.184735462541920096E-15, -4.316747070439585445E-30 ) ) ;
#8480 = DIRECTION ( 'NONE',  ( 0.8660254037844384856, 0.5000000000000002220, 0.000000000000000000 ) ) ;
#8481 = LINE ( 'NONE', #4081, #7547 ) ;
#8482 = ORIENTED_EDGE ( 'NONE', *, *, #5221, .T. ) ;
#8483 = AXIS2_PLACEMENT_3D ( 'NONE', #4314, #2971, #9486 ) ;
#8484 = CARTESIAN_POINT ( 'NONE',  ( 124.7594733917880063, 112.3587965372632027, 130.5501160567390002 ) ) ;
#8485 = CARTESIAN_POINT ( 'NONE',  ( 18.40000000000001634, -18.01332839871633951, 0.000000000000000000 ) ) ;
#8486 = PLANE ( 'NONE',  #2716 ) ;
#8487 = CARTESIAN_POINT ( 'NONE',  ( 124.3594733917879154, 145.1320102867271373, 153.0512167978450577 ) ) ;
#8488 = AXIS2_PLACEMENT_3D ( 'NONE', #3018, #5428, #6108 ) ;
#8489 = EDGE_CURVE ( 'NONE', #5030, #4352, #6346, .T. ) ;
#8490 = CARTESIAN_POINT ( 'NONE',  ( 103.8479001739019907, 172.6583829936064944, 146.4896251811483978 ) ) ;
#8491 = CARTESIAN_POINT ( 'NONE',  ( 124.9594733917878955, 145.5320102867271430, 173.6048863809957368 ) ) ;
#8492 = DIRECTION ( 'NONE',  ( -0.8660254037844391517, 0.4999999999999991118, 0.000000000000000000 ) ) ;
#8493 = ORIENTED_EDGE ( 'NONE', *, *, #2980, .T. ) ;
#8494 = CIRCLE ( 'NONE', #2944, 2.350000000000004974 ) ;
#8495 = VERTEX_POINT ( 'NONE', #3304 ) ;
#8496 = CARTESIAN_POINT ( 'NONE',  ( 124.0592155665779899, 176.0244785809184975, 180.9915374129765269 ) ) ;
#8497 = ORIENTED_EDGE ( 'NONE', *, *, #8952, .T. ) ;
#8498 = EDGE_CURVE ( 'NONE', #8564, #1312, #5525, .T. ) ;
#8499 = PLANE ( 'NONE',  #9048 ) ;
#8500 = LINE ( 'NONE', #7830, #1929 ) ;
#8501 = STYLED_ITEM ( 'NONE', ( #8279 ), #8393 ) ;
#8502 = LINE ( 'NONE', #1796, #927 ) ;
#8503 = ORIENTED_EDGE ( 'NONE', *, *, #1251, .T. ) ;
#8504 = ORIENTED_EDGE ( 'NONE', *, *, #5734, .T. ) ;
#8505 = CARTESIAN_POINT ( 'NONE',  ( 124.9594733917878813, 115.7320102867271174, 155.4760879284414727 ) ) ;
#8506 = PLANE ( 'NONE',  #3254 ) ;
#8507 = CYLINDRICAL_SURFACE ( 'NONE', #2215, 3.000000000000002665 ) ;
#8508 = EDGE_CURVE ( 'NONE', #3517, #1959, #2515, .T. ) ;
#8509 = ADVANCED_FACE ( 'NONE', ( #1846 ), #6204, .T. ) ;
#8510 = DIRECTION ( 'NONE',  ( -1.275664639488983852E-15, 1.919819404802658766E-15, 1.000000000000000000 ) ) ;
#8511 = CARTESIAN_POINT ( 'NONE',  ( 124.3594733917878870, 127.1320102867271373, 155.8224980899552463 ) ) ;
#8512 = PLANE ( 'NONE',  #3828 ) ;
#8513 = VERTEX_POINT ( 'NONE', #1132 ) ;
#8514 = ORIENTED_EDGE ( 'NONE', *, *, #7641, .T. ) ;
#8515 = ORIENTED_EDGE ( 'NONE', *, *, #2915, .T. ) ;
#8516 = VECTOR ( 'NONE', #9356, 1000.000000000000114 ) ;
#8517 = CARTESIAN_POINT ( 'NONE',  ( 103.4479001739019992, 171.0583805851424870, 150.9307499699814912 ) ) ;
#8518 = CARTESIAN_POINT ( 'NONE',  ( -0.1999999999999999278, 0.3464101615137755164, 0.000000000000000000 ) ) ;
#8519 = DIRECTION ( 'NONE',  ( -1.332169591021886064E-15, 0.000000000000000000, 1.000000000000000000 ) ) ;
#8520 = EDGE_CURVE ( 'NONE', #4448, #761, #4063, .T. ) ;
#8521 = EDGE_CURVE ( 'NONE', #8064, #2645, #3351, .T. ) ;
#8522 = DIRECTION ( 'NONE',  ( 1.000000000000000000, -1.210939508638132030E-15, 1.277902559593765872E-15 ) ) ;
#8523 = CARTESIAN_POINT ( 'NONE',  ( 104.6479001739019878, 177.2587965372885037, 163.8877138373165110 ) ) ;
#8524 = FACE_OUTER_BOUND ( 'NONE', #7756, .T. ) ;
#8525 = CIRCLE ( 'NONE', #1443, 0.09999999999998786249 ) ;
#8526 = EDGE_CURVE ( 'NONE', #3760, #4240, #2959, .T. ) ;
#8528 = EDGE_CURVE ( 'NONE', #8283, #3643, #7265, .T. ) ;
#8527 = DIRECTION ( 'NONE',  ( -0.000000000000000000, -0.000000000000000000, -1.000000000000000000 ) ) ;
#8529 = ORIENTED_EDGE ( 'NONE', *, *, #2132, .F. ) ;
#8530 = VECTOR ( 'NONE', #5962, 1000.000000000000000 ) ;
#8531 = CARTESIAN_POINT ( 'NONE',  ( -5.800000000000003375, -10.04589468389948870, 0.5999999999999999778 ) ) ;
#8532 = CARTESIAN_POINT ( 'NONE',  ( 12.00000000000000355, 7.390083445627212200, 0.5999999999999999778 ) ) ;
#8533 = DIRECTION ( 'NONE',  ( -6.027109130865689818E-30, -1.423326477088940004E-15, -1.000000000000000000 ) ) ;
#8534 = DIRECTION ( 'NONE',  ( 0.8660254037844387076, -0.4999999999999998335, 0.000000000000000000 ) ) ;
#8535 = DIRECTION ( 'NONE',  ( 0.000000000000000000, -1.423326477088940004E-15, -1.000000000000000000 ) ) ;
#8536 = CARTESIAN_POINT ( 'NONE',  ( 124.9594733917878955, 139.9320102867271487, 163.4435216432583218 ) ) ;
#8537 = DIRECTION ( 'NONE',  ( 0.000000000000000000, 0.1260166810503068613, 0.9920281226341646219 ) ) ;
#8538 = VERTEX_POINT ( 'NONE', #9380 ) ;
#8539 = AXIS2_PLACEMENT_3D ( 'NONE', #657, #559, #4303 ) ;
#8540 = EDGE_LOOP ( 'NONE', ( #3516, #1342, #6869, #9459 ) ) ;
#8541 = ORIENTED_EDGE ( 'NONE', *, *, #2989, .F. ) ;
#8542 = ADVANCED_FACE ( 'NONE', ( #5813 ), #2865, .T. ) ;
#8543 = LINE ( 'NONE', #3428, #677 ) ;
#8544 = VERTEX_POINT ( 'NONE', #4302 ) ;
#8545 = AXIS2_PLACEMENT_3D ( 'NONE', #8313, #4914, #4815 ) ;
#8546 = DIRECTION ( 'NONE',  ( -1.000000000000000000, -1.181088324069313042E-14, 0.000000000000000000 ) ) ;
#8547 = CARTESIAN_POINT ( 'NONE',  ( 18.40000000000001634, 0.000000000000000000, 0.000000000000000000 ) ) ;
#8548 = CARTESIAN_POINT ( 'NONE',  ( 104.6479001739019878, 162.2587965372885037, 172.1503116178934931 ) ) ;
#8549 = ORIENTED_EDGE ( 'NONE', *, *, #7851, .T. ) ;
#8550 = VECTOR ( 'NONE', #2290, 1000.000000000000114 ) ;
#8551 = ORIENTED_EDGE ( 'NONE', *, *, #5147, .F. ) ;
#8552 = EDGE_CURVE ( 'NONE', #3186, #2855, #8122, .T. ) ;
#8553 = LINE ( 'NONE', #4204, #5029 ) ;
#8554 = CARTESIAN_POINT ( 'NONE',  ( 124.3594733917879154, 145.9320102867271487, 152.1274563671416331 ) ) ;
#8555 = DIRECTION ( 'NONE',  ( -1.000000000000000000, 1.277493368627789632E-15, -1.277902559593765872E-15 ) ) ;
#8556 = PLANE ( 'NONE',  #4545 ) ;
#8557 = CARTESIAN_POINT ( 'NONE',  ( -0.1999999999999986511, 0.3464101615137730183, 0.5999999999999999778 ) ) ;
#8558 = ORIENTED_EDGE ( 'NONE', *, *, #5409, .T. ) ;
#8559 = ORIENTED_EDGE ( 'NONE', *, *, #5554, .T. ) ;
#8560 = ORIENTED_EDGE ( 'NONE', *, *, #9230, .T. ) ;
#8561 = VERTEX_POINT ( 'NONE', #6439 ) ;
#8562 = EDGE_CURVE ( 'NONE', #8064, #8037, #2817, .T. ) ;
#8563 = VECTOR ( 'NONE', #7879, 1000.000000000000000 ) ;
#8564 = VERTEX_POINT ( 'NONE', #6487 ) ;
#8565 = CARTESIAN_POINT ( 'NONE',  ( 124.3594733917878870, 140.3320102867271544, 162.7507013202307746 ) ) ;
#8566 = CARTESIAN_POINT ( 'NONE',  ( 124.3594733917878870, 139.1320102867271089, 162.0578809972032275 ) ) ;
#8567 = LINE ( 'NONE', #2880, #6579 ) ;
#8568 = CARTESIAN_POINT ( 'NONE',  ( 103.8479001739019907, 174.2587965372875090, 168.8506931385974781 ) ) ;
#8569 = CARTESIAN_POINT ( 'NONE',  ( 12.20000000000000462, -7.274613391789286787, 0.000000000000000000 ) ) ;
#8570 = EDGE_LOOP ( 'NONE', ( #9480, #5416, #937, #2491 ) ) ;
#8571 = AXIS2_PLACEMENT_3D ( 'NONE', #5317, #750, #3669 ) ;
#8572 = DIRECTION ( 'NONE',  ( -1.743504668820875581E-15, -0.5000000000000009992, 0.8660254037844381525 ) ) ;
#8573 = ORIENTED_EDGE ( 'NONE', *, *, #7285, .T. ) ;
#8574 = ADVANCED_FACE ( 'NONE', ( #2909 ), #8028, .T. ) ;
#8575 = ADVANCED_FACE ( 'NONE', ( #1417 ), #4205, .F. ) ;
#8576 = VECTOR ( 'NONE', #5538, 1000.000000000000000 ) ;
#8577 = DIRECTION ( 'NONE',  ( 0.000000000000000000, 1.734723475976847800E-14, 1.000000000000000000 ) ) ;
#8578 = CARTESIAN_POINT ( 'NONE',  ( 124.9594733917878955, 118.3320102867271260, 139.8876306603215482 ) ) ;
#8579 = ADVANCED_FACE ( 'NONE', ( #5034 ), #4254, .F. ) ;
#8580 = LINE ( 'NONE', #7864, #3801 ) ;
#8581 = DIRECTION ( 'NONE',  ( 0.000000000000000000, -1.000000000000000000, -3.379091138490570313E-15 ) ) ;
#8582 = CARTESIAN_POINT ( 'NONE',  ( 124.9594733917879950, 170.4585906126184796, 175.1500716728245095 ) ) ;
#8583 = CARTESIAN_POINT ( 'NONE',  ( 5.599999999999998757, -16.62768775266122745, 0.5999999999999999778 ) ) ;
#8584 = CARTESIAN_POINT ( 'NONE',  ( 114.4594733917879950, 149.9496176806353844, 181.0501160567390002 ) ) ;
#8585 = ORIENTED_EDGE ( 'NONE', *, *, #856, .F. ) ;
#8586 = VECTOR ( 'NONE', #3306, 1000.000000000000000 ) ;
#8587 = ORIENTED_EDGE ( 'NONE', *, *, #258, .F. ) ;
#8588 = EDGE_CURVE ( 'NONE', #5145, #8844, #7167, .T. ) ;
#8589 = ORIENTED_EDGE ( 'NONE', *, *, #8053, .F. ) ;
#8590 = FACE_OUTER_BOUND ( 'NONE', #5246, .T. ) ;
#8591 = ORIENTED_EDGE ( 'NONE', *, *, #2214, .T. ) ;
#8592 = LINE ( 'NONE', #1980, #8196 ) ;
#8593 = FACE_OUTER_BOUND ( 'NONE', #6079, .T. ) ;
#8594 = EDGE_CURVE ( 'NONE', #7441, #4956, #7982, .T. ) ;
#8595 = PRODUCT_DEFINITION ( 'UNKNOWN', '', #7896, #6523 ) ;
#8596 = PLANE ( 'NONE',  #6461 ) ;
#8597 = AXIS2_PLACEMENT_3D ( 'NONE', #4195, #9370, #8738 ) ;
#8598 = ORIENTED_EDGE ( 'NONE', *, *, #4373, .F. ) ;
#8599 = VERTEX_POINT ( 'NONE', #6628 ) ;
#8601 = CARTESIAN_POINT ( 'NONE',  ( -3.200000000000003286, -5.542562584220415367, -0.000000000000000000 ) ) ;
#8600 = VECTOR ( 'NONE', #7796, 1000.000000000000000 ) ;
#8602 = DIRECTION ( 'NONE',  ( -0.5000000000000003331, -0.8660254037844385966, 0.000000000000000000 ) ) ;
#8603 = CARTESIAN_POINT ( 'NONE',  ( 124.9594733917878813, 121.1320102867271231, 152.5893365824933596 ) ) ;
#8604 = LINE ( 'NONE', #5671, #4263 ) ;
#8605 =( LENGTH_UNIT ( ) NAMED_UNIT ( * ) SI_UNIT ( .MILLI., .METRE. ) );
#8606 = DIRECTION ( 'NONE',  ( 1.000000000000000000, -2.446987736392270185E-29, 1.702654713736680037E-22 ) ) ;
#8607 = EDGE_CURVE ( 'NONE', #8940, #1547, #1369, .T. ) ;
#8608 = CARTESIAN_POINT ( 'NONE',  ( -2.103418544659756980E-16, 6.466323014923810675, 0.5999999999999999778 ) ) ;
#8609 = VERTEX_POINT ( 'NONE', #5127 ) ;
#8610 = ORIENTED_EDGE ( 'NONE', *, *, #3103, .T. ) ;
#8611 = ORIENTED_EDGE ( 'NONE', *, *, #6056, .T. ) ;
#8612 = AXIS2_PLACEMENT_3D ( 'NONE', #8784, #4296, #8067 ) ;
#8613 = ORIENTED_EDGE ( 'NONE', *, *, #8730, .F. ) ;
#8614 = PLANE ( 'NONE',  #2040 ) ;
#8615 = CARTESIAN_POINT ( 'NONE',  ( 124.3594733917879012, 121.5320102867271288, 138.0401097989147559 ) ) ;
#8616 = LINE ( 'NONE', #2832, #8830 ) ;
#8617 = FACE_BOUND ( 'NONE', #8893, .T. ) ;
#8618 = PLANE ( 'NONE',  #2803 ) ;
#8619 = PLANE ( 'NONE',  #1008 ) ;
#8620 = AXIS2_PLACEMENT_3D ( 'NONE', #5884, #8774, #8820 ) ;
#8621 = VECTOR ( 'NONE', #1643, 1000.000000000000000 ) ;
#8622 = ADVANCED_FACE ( 'NONE', ( #4394 ), #7935, .T. ) ;
#8623 = ORIENTED_EDGE ( 'NONE', *, *, #7309, .F. ) ;
#8624 = ORIENTED_EDGE ( 'NONE', *, *, #7533, .F. ) ;
#8625 = DIRECTION ( 'NONE',  ( -1.000000000000000000, 0.000000000000000000, 4.316747070439680032E-30 ) ) ;
#8626 = EDGE_LOOP ( 'NONE', ( #3041, #865, #128, #153 ) ) ;
#8627 = CONICAL_SURFACE ( 'NONE', #13, 1.399999999999956835, 0.7853981633974461696 ) ;
#8628 = DIRECTION ( 'NONE',  ( -0.8660254037844384856, 0.5000000000000002220, 0.000000000000000000 ) ) ;
#8629 = CARTESIAN_POINT ( 'NONE',  ( 3.199999999999995293, 5.542562584220403821, 0.000000000000000000 ) ) ;
#8630 = CARTESIAN_POINT ( 'NONE',  ( 124.9594733917879097, 139.3320102867271260, 155.4760879284414727 ) ) ;
#8631 = CARTESIAN_POINT ( 'NONE',  ( 17.60000000000000142, -10.62324495308912375, 0.000000000000000000 ) ) ;
#8632 = DIRECTION ( 'NONE',  ( -1.000000000000000000, 0.000000000000000000, 5.418193534350209856E-30 ) ) ;
#8633 = EDGE_CURVE ( 'NONE', #7525, #5738, #7217, .T. ) ;
#8634 = CARTESIAN_POINT ( 'NONE',  ( 103.6479001739019878, 175.6587965372879978, 140.1698706189444010 ) ) ;
#8635 = EDGE_CURVE ( 'NONE', #3482, #6238, #9517, .T. ) ;
#8636 = DIRECTION ( 'NONE',  ( -1.000000000000000000, 0.000000000000000000, 5.418193534350200047E-30 ) ) ;
#8637 = VERTEX_POINT ( 'NONE', #3533 ) ;
#8638 = ORIENTED_EDGE ( 'NONE', *, *, #5955, .F. ) ;
#8639 = ORIENTED_EDGE ( 'NONE', *, *, #634, .T. ) ;
#8640 = ORIENTED_EDGE ( 'NONE', *, *, #7399, .T. ) ;
#8641 = VECTOR ( 'NONE', #2669, 1000.000000000000000 ) ;
#8642 = CARTESIAN_POINT ( 'NONE',  ( 124.9594733917879950, 173.4585906126184796, 136.0001160632313884 ) ) ;
#8643 = ORIENTED_EDGE ( 'NONE', *, *, #8053, .T. ) ;
#8644 = DIRECTION ( 'NONE',  ( 0.8660254037844383745, 0.5000000000000003331, 0.000000000000000000 ) ) ;
#8645 = EDGE_CURVE ( 'NONE', #5487, #5757, #2227, .T. ) ;
#8646 = CARTESIAN_POINT ( 'NONE',  ( 121.9594733917879950, 175.9304320314805068, 134.3001160632313997 ) ) ;
#8647 = DIRECTION ( 'NONE',  ( -1.000000000000000000, 1.210939508638132030E-15, -1.277902559593765872E-15 ) ) ;
#8648 = VECTOR ( 'NONE', #9499, 1000.000000000000000 ) ;
#8649 = EDGE_CURVE ( 'NONE', #2295, #2315, #1465, .T. ) ;
#8650 = EDGE_LOOP ( 'NONE', ( #6806, #7788, #3130, #4660 ) ) ;
#8651 = VERTEX_POINT ( 'NONE', #2275 ) ;
#8652 = MECHANICAL_DESIGN_GEOMETRIC_PRESENTATION_REPRESENTATION (  '', ( #2489 ), #6979 ) ;
#8653 = CARTESIAN_POINT ( 'NONE',  ( 124.9594733917879097, 124.7320102867271174, 139.8876306603215767 ) ) ;
#8654 = CARTESIAN_POINT ( 'NONE',  ( 124.9594733917879097, 127.9320102867271203, 141.9660916294042465 ) ) ;
#8655 = CARTESIAN_POINT ( 'NONE',  ( 23.60000000000000497, -13.62546635287518626, 0.5999999999999999778 ) ) ;
#8656 = CARTESIAN_POINT ( 'NONE',  ( 124.3594733917879154, 138.7320102867271316, 141.9660916294042465 ) ) ;
#8657 = CARTESIAN_POINT ( 'NONE',  ( 124.9594733917879950, 154.1587965372885094, 134.0501160567391992 ) ) ;
#8658 = DIRECTION ( 'NONE',  ( 0.000000000000000000, -1.000000000000000000, -4.846606910598090519E-15 ) ) ;
#8659 = ORIENTED_EDGE ( 'NONE', *, *, #9219, .F. ) ;
#8660 = ORIENTED_EDGE ( 'NONE', *, *, #5255, .F. ) ;
#8661 = ORIENTED_EDGE ( 'NONE', *, *, #6044, .T. ) ;
#8662 = ORIENTED_EDGE ( 'NONE', *, *, #5926, .F. ) ;
#8663 = ADVANCED_FACE ( 'NONE', ( #74 ), #4588, .F. ) ;
#8664 = CARTESIAN_POINT ( 'NONE',  ( 124.9594733917878813, 127.1320102867271373, 162.0578809972032275 ) ) ;
#8665 = CARTESIAN_POINT ( 'NONE',  ( 124.9594733917879950, 173.4585906126184796, 175.1500716728245095 ) ) ;
#8666 = CARTESIAN_POINT ( 'NONE',  ( 124.3594733917879012, 133.9320102867271203, 145.4301932445419823 ) ) ;
#8667 = CARTESIAN_POINT ( 'NONE',  ( 124.9594733917878955, 118.7320102867271316, 140.5804509833491238 ) ) ;
#8668 = PLANE ( 'NONE',  #1110 ) ;
#8669 = DIRECTION ( 'NONE',  ( -1.000000000000000000, 5.923677312708450714E-16, 5.923677312709610339E-16 ) ) ;
#8670 = VERTEX_POINT ( 'NONE', #2601 ) ;
#8671 = DIRECTION ( 'NONE',  ( 0.000000000000000000, 0.000000000000000000, -1.000000000000000000 ) ) ;
#8672 = ORIENTED_EDGE ( 'NONE', *, *, #5289, .F. ) ;
#8673 = VECTOR ( 'NONE', #6871, 1000.000000000000000 ) ;
#8674 = EDGE_CURVE ( 'NONE', #3024, #2907, #2369, .T. ) ;
#8675 = CARTESIAN_POINT ( 'NONE',  ( 124.9594733917879097, 121.5320102867271288, 138.9638702296181805 ) ) ;
#8676 = CARTESIAN_POINT ( 'NONE',  ( 124.5594733917879893, 176.8587965372884980, 130.0501160567393981 ) ) ;
#8677 = CARTESIAN_POINT ( 'NONE',  ( 121.5594733917879893, 171.7585906126190025, 136.0001160632313884 ) ) ;
#8678 = DIRECTION ( 'NONE',  ( -0.8660254037844393737, -0.4999999999999986677, 0.000000000000000000 ) ) ;
#8679 = LINE ( 'NONE', #2208, #5149 ) ;
#8680 = AXIS2_PLACEMENT_3D ( 'NONE', #4578, #7538, #3854 ) ;
#8681 = CARTESIAN_POINT ( 'NONE',  ( 23.80000000000000782, -20.43819952931276873, 0.000000000000000000 ) ) ;
#8682 = DIRECTION ( 'NONE',  ( 0.000000000000000000, 0.1260168930201729098, 0.9920280957077488582 ) ) ;
#8683 = ORIENTED_EDGE ( 'NONE', *, *, #9468, .F. ) ;
#8684 = EDGE_LOOP ( 'NONE', ( #3709, #4800, #1999, #4286 ) ) ;
#8685 = AXIS2_PLACEMENT_3D ( 'NONE', #2252, #6510, #6653 ) ;
#8686 = VERTEX_POINT ( 'NONE', #8215 ) ;
#8687 = EDGE_CURVE ( 'NONE', #2659, #1995, #7548, .T. ) ;
#8688 = CARTESIAN_POINT ( 'NONE',  ( 124.3594733917878870, 116.3320102867271260, 141.9660916294042181 ) ) ;
#8689 = VERTEX_POINT ( 'NONE', #1826 ) ;
#8690 = DIRECTION ( 'NONE',  ( 0.5000000000000001110, 0.8660254037844385966, -0.000000000000000000 ) ) ;
#8691 = CARTESIAN_POINT ( 'NONE',  ( 124.3594733917878870, 145.5320102867271430, 173.6048863809957368 ) ) ;
#8692 = VECTOR ( 'NONE', #8895, 1000.000000000000000 ) ;
#8693 = CARTESIAN_POINT ( 'NONE',  ( 0.1999999999999802491, 0.3464101615137420431, 0.5999999999999999778 ) ) ;
#8694 = VECTOR ( 'NONE', #2706, 1000.000000000000000 ) ;
#8695 = EDGE_LOOP ( 'NONE', ( #1345, #5240, #521, #1880 ) ) ;
#8696 = ORIENTED_EDGE ( 'NONE', *, *, #4834, .T. ) ;
#8697 = EDGE_CURVE ( 'NONE', #4994, #5887, #5318, .T. ) ;
#8698 = EDGE_CURVE ( 'NONE', #2583, #6151, #1603, .T. ) ;
#8699 = VECTOR ( 'NONE', #6027, 1000.000000000000000 ) ;
#8700 = DIRECTION ( 'NONE',  ( 1.000000000000000000, 0.000000000000000000, -4.316747070439684937E-30 ) ) ;
#8701 = DIRECTION ( 'NONE',  ( 4.685093906533291841E-16, 0.8660254037844381525, 0.5000000000000009992 ) ) ;
#8702 = CARTESIAN_POINT ( 'NONE',  ( 23.60000000000003340, -4.727283270692928610E-14, 0.5999999999999999778 ) ) ;
#8703 = ADVANCED_FACE ( 'NONE', ( #5224 ), #8932, .F. ) ;
#8704 = DIRECTION ( 'NONE',  ( -0.8660254037844393737, -0.4999999999999986677, 0.000000000000000000 ) ) ;
#8705 = CONTEXT_DEPENDENT_SHAPE_REPRESENTATION ( #4820, #2065 ) ;
#8706 = PLANE ( 'NONE',  #5942 ) ;
#8707 = FACE_OUTER_BOUND ( 'NONE', #8796, .T. ) ;
#8708 = VERTEX_POINT ( 'NONE', #7725 ) ;
#8709 = ORIENTED_EDGE ( 'NONE', *, *, #5702, .F. ) ;
#8710 = AXIS2_PLACEMENT_3D ( 'NONE', #955, #3022, #7612 ) ;
#8711 = EDGE_LOOP ( 'NONE', ( #2751, #8474 ) ) ;
#8712 = ORIENTED_EDGE ( 'NONE', *, *, #762, .T. ) ;
#8713 = ADVANCED_FACE ( 'NONE', ( #4770 ), #5367, .T. ) ;
#8714 = AXIS2_PLACEMENT_3D ( 'NONE', #649, #1268, #7159 ) ;
#8715 = LINE ( 'NONE', #3684, #4465 ) ;
#8716 = DIRECTION ( 'NONE',  ( -1.000000000000000000, 1.388903486589362075E-14, 5.928419958430680966E-29 ) ) ;
#8717 = DIRECTION ( 'NONE',  ( -1.275664639488986021E-15, 4.175048060655008194E-16, 1.000000000000000000 ) ) ;
#8718 = FACE_OUTER_BOUND ( 'NONE', #2789, .T. ) ;
#8719 = DIRECTION ( 'NONE',  ( 1.000000000000000000, -1.210939508638132030E-15, 1.277902559593765872E-15 ) ) ;
#8720 = ORIENTED_EDGE ( 'NONE', *, *, #6529, .F. ) ;
#8721 = EDGE_CURVE ( 'NONE', #6670, #8768, #4539, .T. ) ;
#8722 = ORIENTED_EDGE ( 'NONE', *, *, #3947, .T. ) ;
#8723 = VECTOR ( 'NONE', #9323, 1000.000000000000000 ) ;
#8724 = DIRECTION ( 'NONE',  ( 0.000000000000000000, 1.000000000000000000, -1.982541115402126286E-14 ) ) ;
#8725 = CARTESIAN_POINT ( 'NONE',  ( 117.4594733917879950, 119.9496176806359955, 167.0501160567430077 ) ) ;
#8726 = DIRECTION ( 'NONE',  ( -1.275664639488986613E-15, -8.326672684688515048E-17, 1.000000000000000000 ) ) ;
#8727 = DIRECTION ( 'NONE',  ( 1.000000000000000000, -1.184735462541918124E-15, -4.316747070439680032E-30 ) ) ;
#8728 = VECTOR ( 'NONE', #4912, 1000.000000000000114 ) ;
#8729 = CARTESIAN_POINT ( 'NONE',  ( 103.8479001739019907, 173.4585906126184796, 136.0001161077304062 ) ) ;
#8730 = EDGE_CURVE ( 'NONE', #2096, #8345, #846, .T. ) ;
#8731 = ORIENTED_EDGE ( 'NONE', *, *, #8060, .T. ) ;
#8732 = ORIENTED_EDGE ( 'NONE', *, *, #4946, .F. ) ;
#8733 = ORIENTED_EDGE ( 'NONE', *, *, #9176, .F. ) ;
#8734 = VECTOR ( 'NONE', #5011, 1000.000000000000000 ) ;
#8735 = ORIENTED_EDGE ( 'NONE', *, *, #8165, .T. ) ;
#8736 = CARTESIAN_POINT ( 'NONE',  ( 103.6479001739019878, 155.5981426360454805, 165.4113888862245005 ) ) ;
#8737 = ORIENTED_EDGE ( 'NONE', *, *, #4957, .T. ) ;
#8738 = DIRECTION ( 'NONE',  ( 0.000000000000000000, 1.000000000000000000, 9.251858538542962756E-15 ) ) ;
#8739 = LINE ( 'NONE', #8783, #8563 ) ;
#8740 = AXIS2_PLACEMENT_3D ( 'NONE', #2277, #6000, #3672 ) ;
#8741 = FACE_OUTER_BOUND ( 'NONE', #938, .T. ) ;
#8742 = EDGE_CURVE ( 'NONE', #8399, #2317, #4489, .T. ) ;
#8743 = ORIENTED_EDGE ( 'NONE', *, *, #695, .T. ) ;
#8744 = ORIENTED_EDGE ( 'NONE', *, *, #5103, .F. ) ;
#8745 = DIRECTION ( 'NONE',  ( -1.000000000000000000, 0.000000000000000000, 5.418193534350200047E-30 ) ) ;
#8746 = DIRECTION ( 'NONE',  ( 0.5000000000000003331, -0.8660254037844385966, 0.000000000000000000 ) ) ;
#8747 = DIRECTION ( 'NONE',  ( 1.000000000000000000, -5.056174855043640171E-16, -2.094336198689034928E-16 ) ) ;
#8748 = PLANE ( 'NONE',  #1346 ) ;
#8749 = APPLICATION_PROTOCOL_DEFINITION ( 'draft international standard', 'automotive_design', 1998, #4510 ) ;
#8750 = LINE ( 'NONE', #3673, #9485 ) ;
#8751 = LINE ( 'NONE', #4209, #8912 ) ;
#8752 = EDGE_CURVE ( 'NONE', #3312, #471, #6732, .T. ) ;
#8753 = ORIENTED_EDGE ( 'NONE', *, *, #3134, .T. ) ;
#8754 = EDGE_CURVE ( 'NONE', #23, #2851, #8793, .T. ) ;
#8755 = VERTEX_POINT ( 'NONE', #219 ) ;
#8756 = ORIENTED_EDGE ( 'NONE', *, *, #6879, .T. ) ;
#8757 = EDGE_CURVE ( 'NONE', #2703, #6648, #5877, .T. ) ;
#8758 = ORIENTED_EDGE ( 'NONE', *, *, #7418, .T. ) ;
#8759 = CIRCLE ( 'NONE', #5371, 3.400000000000000355 ) ;
#8760 = CARTESIAN_POINT ( 'NONE',  ( -5.600000000000001421, 0.000000000000000000, 0.5999999999999999778 ) ) ;
#8761 = LINE ( 'NONE', #8042, #6533 ) ;
#8762 = DIRECTION ( 'NONE',  ( -5.110192566056420334E-29, 4.326681131221240423E-15, -1.000000000000000000 ) ) ;
#8763 = FACE_OUTER_BOUND ( 'NONE', #290, .T. ) ;
#8764 = CARTESIAN_POINT ( 'NONE',  ( 124.9594733917879239, 145.9320102867271771, 145.4301932445420391 ) ) ;
#8765 = EDGE_CURVE ( 'NONE', #6140, #4756, #5268, .T. ) ;
#8766 = VERTEX_POINT ( 'NONE', #7501 ) ;
#8767 = VECTOR ( 'NONE', #7542, 999.9999999999998863 ) ;
#8768 = VERTEX_POINT ( 'NONE', #9210 ) ;
#8769 = AXIS2_PLACEMENT_3D ( 'NONE', #1201, #2054, #3460 ) ;
#8770 = LINE ( 'NONE', #6652, #3242 ) ;
#8771 = DIRECTION ( 'NONE',  ( -1.000000000000000000, 1.184735462541918124E-15, 4.316747070439680032E-30 ) ) ;
#8772 = CARTESIAN_POINT ( 'NONE',  ( 124.3594733917878870, 116.3320102867271260, 141.9660916294042465 ) ) ;
#8773 = DIRECTION ( 'NONE',  ( -1.275664639488986613E-15, -8.326672684688515048E-17, 1.000000000000000000 ) ) ;
#8774 = DIRECTION ( 'NONE',  ( -3.271450680478135118E-15, 6.368338018267891031E-15, -1.000000000000000000 ) ) ;
#8775 = ORIENTED_EDGE ( 'NONE', *, *, #3823, .F. ) ;
#8776 = VECTOR ( 'NONE', #5689, 1000.000000000000114 ) ;
#8777 = ORIENTED_EDGE ( 'NONE', *, *, #2080, .F. ) ;
#8778 = ORIENTED_EDGE ( 'NONE', *, *, #6515, .F. ) ;
#8779 = CARTESIAN_POINT ( 'NONE',  ( 124.3594733917878727, 121.9320102867271203, 159.0556595974171614 ) ) ;
#8780 = EDGE_CURVE ( 'NONE', #6615, #9372, #499, .T. ) ;
#8781 = ORIENTED_EDGE ( 'NONE', *, *, #5244, .T. ) ;
#8782 = CARTESIAN_POINT ( 'NONE',  ( 124.5594733917881172, 112.2586632368516604, 177.1499827563281713 ) ) ;
#8783 = CARTESIAN_POINT ( 'NONE',  ( 124.5594733917879893, 112.1587965372630009, 144.8001160567399950 ) ) ;
#8784 = CARTESIAN_POINT ( 'NONE',  ( 123.1142547738809867, 177.1811248898630140, 142.4097961624424329 ) ) ;
#8785 = VERTEX_POINT ( 'NONE', #7406 ) ;
#8786 = EDGE_LOOP ( 'NONE', ( #9049, #4475, #1672, #1626 ) ) ;
#8787 = EDGE_CURVE ( 'NONE', #409, #61, #800, .T. ) ;
#8788 = FACE_OUTER_BOUND ( 'NONE', #6600, .T. ) ;
#8789 = CARTESIAN_POINT ( 'NONE',  ( 121.5594733917879893, 170.9867491937569923, 173.4500716728244925 ) ) ;
#8790 = DIRECTION ( 'NONE',  ( 2.003086131649543140E-15, 1.000000000000000000, 0.000000000000000000 ) ) ;
#8791 = CARTESIAN_POINT ( 'NONE',  ( 105.8479001739020049, 171.4583830282139729, 166.8113890708325187 ) ) ;
#8792 = CARTESIAN_POINT ( 'NONE',  ( -5.200000000000002842, 3.464101615137754830, 0.5999999999999999778 ) ) ;
#8793 = CIRCLE ( 'NONE', #493, 1.700000000000007061 ) ;
#8794 = FACE_BOUND ( 'NONE', #81, .T. ) ;
#8795 = ORIENTED_EDGE ( 'NONE', *, *, #6135, .T. ) ;
#8796 = EDGE_LOOP ( 'NONE', ( #5533, #4464, #5614, #2073 ) ) ;
#8797 = ORIENTED_EDGE ( 'NONE', *, *, #1800, .F. ) ;
#8798 = ORIENTED_EDGE ( 'NONE', *, *, #5175, .F. ) ;
#8799 = VERTEX_POINT ( 'NONE', #3374 ) ;
#8800 = VECTOR ( 'NONE', #2050, 1000.000000000000114 ) ;
#8801 = EDGE_CURVE ( 'NONE', #5164, #9180, #6323, .T. ) ;
#8802 = CARTESIAN_POINT ( 'NONE',  ( 124.9594733917878955, 133.7320102867271316, 152.7048066363312557 ) ) ;
#8803 = DIRECTION ( 'NONE',  ( -1.000000000000000000, 0.000000000000000000, 5.418193534350209856E-30 ) ) ;
#8804 = CARTESIAN_POINT ( 'NONE',  ( 118.0699540685230176, 169.3613257594830088, 180.4501160567394891 ) ) ;
#8805 = PLANE ( 'NONE',  #1870 ) ;
#8806 = CARTESIAN_POINT ( 'NONE',  ( 124.9594733917878955, 115.9320102867271203, 142.6589119524317653 ) ) ;
#8807 = EDGE_LOOP ( 'NONE', ( #5160, #5463, #2223, #2537 ) ) ;
#8808 = AXIS2_PLACEMENT_3D ( 'NONE', #6503, #2811, #9444 ) ;
#8809 = ORIENTED_EDGE ( 'NONE', *, *, #4863, .F. ) ;
#8810 = ORIENTED_EDGE ( 'NONE', *, *, #8221, .T. ) ;
#8811 = ADVANCED_FACE ( 'NONE', ( #9260 ), #6512, .F. ) ;
#8812 = EDGE_CURVE ( 'NONE', #2754, #6317, #1161, .T. ) ;
#8813 = CARTESIAN_POINT ( 'NONE',  ( 12.00000000000000355, 6.466323014923809787, 0.5999999999999999778 ) ) ;
#8814 = CARTESIAN_POINT ( 'NONE',  ( 6.400000000000002132, -3.233161507461904005, 0.5999999999999999778 ) ) ;
#8815 = DIRECTION ( 'NONE',  ( -1.743504668820874792E-15, -0.4999999999999999445, 0.8660254037844387076 ) ) ;
#8816 = LINE ( 'NONE', #6708, #5730 ) ;
#8817 = LINE ( 'NONE', #5205, #2221 ) ;
#8818 = ADVANCED_FACE ( 'NONE', ( #1350 ), #3466, .F. ) ;
#8819 = EDGE_CURVE ( 'NONE', #5354, #8513, #7244, .T. ) ;
#8820 = DIRECTION ( 'NONE',  ( -1.000000000000000000, 0.000000000000000000, 3.271450680478135118E-15 ) ) ;
#8821 = VERTEX_POINT ( 'NONE', #7145 ) ;
#8822 = VERTEX_POINT ( 'NONE', #4961 ) ;
#8823 = ORIENTED_EDGE ( 'NONE', *, *, #7466, .F. ) ;
#8824 = CIRCLE ( 'NONE', #7607, 1.600000000000009193 ) ;
#8825 = LINE ( 'NONE', #3610, #7914 ) ;
#8826 = ORIENTED_EDGE ( 'NONE', *, *, #2351, .T. ) ;
#8827 = DIRECTION ( 'NONE',  ( -1.277493368627787068E-15, -1.000000000000000000, -2.086352858496429486E-15 ) ) ;
#8828 = CARTESIAN_POINT ( 'NONE',  ( 6.400000000000002132, 3.464101615137753942, 0.000000000000000000 ) ) ;
#8829 = CARTESIAN_POINT ( 'NONE',  ( 103.9741737144430118, 121.3221525309299977, 180.7501160567389888 ) ) ;
#8830 = VECTOR ( 'NONE', #4551, 1000.000000000000000 ) ;
#8831 = EDGE_CURVE ( 'NONE', #1471, #915, #7053, .T. ) ;
#8832 = ORIENTED_EDGE ( 'NONE', *, *, #5663, .T. ) ;
#8833 = ORIENTED_EDGE ( 'NONE', *, *, #4537, .T. ) ;
#8834 = DIRECTION ( 'NONE',  ( 1.275664639488989176E-15, 2.086352858496427908E-15, -1.000000000000000000 ) ) ;
#8835 = PRESENTATION_STYLE_ASSIGNMENT (( #170 ) ) ;
#8836 = AXIS2_PLACEMENT_3D ( 'NONE', #4985, #3625, #7218 ) ;
#8837 = DIRECTION ( 'NONE',  ( 4.685093906533291841E-16, 0.8660254037844381525, 0.5000000000000009992 ) ) ;
#8838 = DIRECTION ( 'NONE',  ( 0.000000000000000000, -0.9238795325112872936, 0.3826834323650886160 ) ) ;
#8839 = CARTESIAN_POINT ( 'NONE',  ( 23.80000000000000782, -20.43819952931276873, 0.5999999999999999778 ) ) ;
#8840 = LINE ( 'NONE', #6002, #2393 ) ;
#8841 = CARTESIAN_POINT ( 'NONE',  ( 0.1999999999999999278, -0.3464101615137755164, 0.000000000000000000 ) ) ;
#8842 = ORIENTED_EDGE ( 'NONE', *, *, #350, .F. ) ;
#8843 = ADVANCED_FACE ( 'NONE', ( #4089 ), #1206, .F. ) ;
#8844 = VERTEX_POINT ( 'NONE', #9358 ) ;
#8845 = VECTOR ( 'NONE', #8198, 1000.000000000000000 ) ;
#8846 = ORIENTED_EDGE ( 'NONE', *, *, #3337, .T. ) ;
#8847 = CARTESIAN_POINT ( 'NONE',  ( 117.4594733917879950, 119.9496176806358108, 180.8501160567390116 ) ) ;
#8848 = PLANE ( 'NONE',  #845 ) ;
#8849 = CARTESIAN_POINT ( 'NONE',  ( 124.9594733917879097, 139.9320102867271487, 156.0534381976310954 ) ) ;
#8850 = CARTESIAN_POINT ( 'NONE',  ( 18.40000000000000213, -10.62324495308912198, 0.000000000000000000 ) ) ;
#8851 = CARTESIAN_POINT ( 'NONE',  ( 6.200000000000001954, 3.810511776651529292, 0.5999999999999999778 ) ) ;
#8852 = VECTOR ( 'NONE', #6997, 1000.000000000000000 ) ;
#8853 = LINE ( 'NONE', #6420, #1060 ) ;
#8854 = ORIENTED_EDGE ( 'NONE', *, *, #4110, .T. ) ;
#8855 = EDGE_LOOP ( 'NONE', ( #3921, #3124, #3970, #7663 ) ) ;
#8856 = EDGE_CURVE ( 'NONE', #3585, #3256, #5647, .T. ) ;
#8857 = ORIENTED_EDGE ( 'NONE', *, *, #3924, .F. ) ;
#8858 = AXIS2_PLACEMENT_3D ( 'NONE', #9029, #8125, #1514 ) ;
#8859 = ORIENTED_EDGE ( 'NONE', *, *, #7631, .T. ) ;
#8860 = DIRECTION ( 'NONE',  ( 0.000000000000000000, -1.000000000000000000, -4.326681131221240423E-15 ) ) ;
#8861 = PLANE ( 'NONE',  #6067 ) ;
#8862 = FACE_OUTER_BOUND ( 'NONE', #548, .T. ) ;
#8863 = DIRECTION ( 'NONE',  ( 4.685093906533312548E-16, 0.8660254037844387076, 0.4999999999999998335 ) ) ;
#8864 = DIRECTION ( 'NONE',  ( 0.000000000000000000, 0.000000000000000000, 1.000000000000000000 ) ) ;
#8865 = AXIS2_PLACEMENT_3D ( 'NONE', #6526, #2076, #7975 ) ;
#8866 = CARTESIAN_POINT ( 'NONE',  ( 124.3594733917878727, 115.3320102867271260, 156.1689082514690483 ) ) ;
#8867 = EDGE_CURVE ( 'NONE', #4215, #1190, #2062, .T. ) ;
#8869 = EDGE_CURVE ( 'NONE', #6194, #4847, #4814, .T. ) ;
#8868 = ORIENTED_EDGE ( 'NONE', *, *, #8752, .F. ) ;
#8870 = EDGE_LOOP ( 'NONE', ( #579, #6894, #4825, #3314 ) ) ;
#8871 = ADVANCED_FACE ( 'NONE', ( #2845 ), #2650, .T. ) ;
#8872 = AXIS2_PLACEMENT_3D ( 'NONE', #1227, #7887, #511 ) ;
#8873 = FACE_BOUND ( 'NONE', #6971, .T. ) ;
#8874 = VERTEX_POINT ( 'NONE', #9311 ) ;
#8875 = DIRECTION ( 'NONE',  ( -1.000000000000000000, -1.850371707708592551E-14, 0.000000000000000000 ) ) ;
#8876 = CARTESIAN_POINT ( 'NONE',  ( 124.9594733917879097, 145.3320102867271260, 158.9401895435792369 ) ) ;
#8877 = DIRECTION ( 'NONE',  ( -8.377344794755299577E-16, -0.7071067811865101582, -0.7071067811865849873 ) ) ;
#8878 = EDGE_CURVE ( 'NONE', #6399, #7400, #7912, .T. ) ;
#8879 = AXIS2_PLACEMENT_3D ( 'NONE', #433, #3409, #8478 ) ;
#8880 = VERTEX_POINT ( 'NONE', #8487 ) ;
#8881 = ORIENTED_EDGE ( 'NONE', *, *, #8687, .T. ) ;
#8882 = FACE_OUTER_BOUND ( 'NONE', #8570, .T. ) ;
#8884 = EDGE_CURVE ( 'NONE', #9122, #7884, #1875, .T. ) ;
#8883 = LINE ( 'NONE', #8214, #8414 ) ;
#8885 = VECTOR ( 'NONE', #5722, 1000.000000000000000 ) ;
#8886 = DIRECTION ( 'NONE',  ( -1.332169591021886064E-15, 0.000000000000000000, 1.000000000000000000 ) ) ;
#8887 = CARTESIAN_POINT ( 'NONE',  ( -5.600000000000001421, -3.233161507461909334, 0.000000000000000000 ) ) ;
#8888 = LINE ( 'NONE', #1513, #1903 ) ;
#8889 = DIRECTION ( 'NONE',  ( 1.000000000000000000, -1.184735462541926012E-15, 1.332169591021886064E-15 ) ) ;
#8890 = CARTESIAN_POINT ( 'NONE',  ( 104.6479001739019878, 176.4509529794840148, 180.6094314771204949 ) ) ;
#8891 = ORIENTED_EDGE ( 'NONE', *, *, #2441, .F. ) ;
#8892 = EDGE_LOOP ( 'NONE', ( #9124, #3064, #6364, #6740 ) ) ;
#8893 = EDGE_LOOP ( 'NONE', ( #8469, #3619 ) ) ;
#8894 = DIRECTION ( 'NONE',  ( 4.685093906533312548E-16, 0.8660254037844387076, 0.4999999999999998335 ) ) ;
#8895 = DIRECTION ( 'NONE',  ( -4.316747070439680032E-30, -7.287275863554980679E-15, 1.000000000000000000 ) ) ;
#8896 = EDGE_CURVE ( 'NONE', #2620, #5764, #1921, .T. ) ;
#8897 = DIRECTION ( 'NONE',  ( 0.000000000000000000, 0.000000000000000000, 1.000000000000000000 ) ) ;
#8898 = CARTESIAN_POINT ( 'NONE',  ( 124.9594733917879950, 154.1587965372885094, 134.0501160567391992 ) ) ;
#8899 = CARTESIAN_POINT ( 'NONE',  ( 117.4594733917879950, 119.9496176806352139, 130.0501160567390002 ) ) ;
#8900 = DIRECTION ( 'NONE',  ( -0.8660254037844388186, 0.4999999999999997224, 0.000000000000000000 ) ) ;
#8901 = ORIENTED_EDGE ( 'NONE', *, *, #8867, .F. ) ;
#8902 = ORIENTED_EDGE ( 'NONE', *, *, #8952, .F. ) ;
#8903 = ORIENTED_EDGE ( 'NONE', *, *, #6591, .F. ) ;
#8904 = VECTOR ( 'NONE', #8395, 1000.000000000000000 ) ;
#8905 = ORIENTED_EDGE ( 'NONE', *, *, #10, .T. ) ;
#8906 = DIRECTION ( 'NONE',  ( -1.000000000000000000, 1.210939508638132030E-15, -1.277902559593765872E-15 ) ) ;
#8907 = CARTESIAN_POINT ( 'NONE',  ( 17.60000000000000142, -10.39230484541327293, 0.000000000000000000 ) ) ;
#8908 = EDGE_CURVE ( 'NONE', #5055, #1190, #4232, .T. ) ;
#8909 = LINE ( 'NONE', #5203, #9354 ) ;
#8910 = CARTESIAN_POINT ( 'NONE',  ( 118.0699540685230176, 169.3613257594830088, 180.4501160567394891 ) ) ;
#8911 = DIRECTION ( 'NONE',  ( 5.007715329123860808E-16, -1.000000000000000000, 0.000000000000000000 ) ) ;
#8912 = VECTOR ( 'NONE', #9523, 1000.000000000000000 ) ;
#8913 = ORIENTED_EDGE ( 'NONE', *, *, #7444, .F. ) ;
#8914 = FACE_OUTER_BOUND ( 'NONE', #8014, .T. ) ;
#8915 = ORIENTED_EDGE ( 'NONE', *, *, #9165, .F. ) ;
#8916 = AXIS2_PLACEMENT_3D ( 'NONE', #4783, #7691, #1080 ) ;
#8917 = VERTEX_POINT ( 'NONE', #587 ) ;
#8918 = DIRECTION ( 'NONE',  ( 0.000000000000000000, 0.000000000000000000, -1.000000000000000000 ) ) ;
#8919 = EDGE_CURVE ( 'NONE', #6989, #9439, #6368, .T. ) ;
#8920 = ORIENTED_EDGE ( 'NONE', *, *, #9205, .F. ) ;
#8921 = ADVANCED_FACE ( 'NONE', ( #5791 ), #5933, .T. ) ;
#8922 = CARTESIAN_POINT ( 'NONE',  ( 17.60000000000000142, -10.39230484541327293, 0.5999999999999999778 ) ) ;
#8923 = LINE ( 'NONE', #5989, #3937 ) ;
#8924 = VECTOR ( 'NONE', #2304, 1000.000000000000000 ) ;
#8925 = CARTESIAN_POINT ( 'NONE',  ( 124.9594733917879381, 127.5320102867271146, 155.3606178746035482 ) ) ;
#8926 = ORIENTED_EDGE ( 'NONE', *, *, #6043, .F. ) ;
#8927 = VERTEX_POINT ( 'NONE', #3749 ) ;
#8928 = AXIS2_PLACEMENT_3D ( 'NONE', #155, #8391, #3139 ) ;
#8929 = CARTESIAN_POINT ( 'NONE',  ( 124.3594733917879154, 145.9320102867271771, 145.4301932445420391 ) ) ;
#8930 = ADVANCED_FACE ( 'NONE', ( #5153 ), #5883, .F. ) ;
#8931 = EDGE_CURVE ( 'NONE', #4609, #5424, #4470, .T. ) ;
#8932 = PLANE ( 'NONE',  #3864 ) ;
#8933 = LINE ( 'NONE', #75, #5460 ) ;
#8934 = PLANE ( 'NONE',  #4729 ) ;
#8935 = DIRECTION ( 'NONE',  ( -1.184735462541920096E-15, -1.000000000000000000, -4.326681131221240423E-15 ) ) ;
#8936 = EDGE_CURVE ( 'NONE', #7460, #4240, #826, .T. ) ;
#8937 = DIRECTION ( 'NONE',  ( 0.8660254037844388186, 0.4999999999999998335, 0.000000000000000000 ) ) ;
#8938 = EDGE_LOOP ( 'NONE', ( #6179, #5753, #1742, #3705 ) ) ;
#8939 = VECTOR ( 'NONE', #812, 1000.000000000000000 ) ;
#8940 = VERTEX_POINT ( 'NONE', #8148 ) ;
#8941 = ORIENTED_EDGE ( 'NONE', *, *, #8919, .T. ) ;
#8942 = AXIS2_PLACEMENT_3D ( 'NONE', #656, #8073, #703 ) ;
#8943 = LINE ( 'NONE', #8989, #1859 ) ;
#8944 = DIRECTION ( 'NONE',  ( -3.134179675087600274E-31, 3.379091138490570313E-15, -1.000000000000000000 ) ) ;
#8945 = DIRECTION ( 'NONE',  ( 1.210939508638132030E-15, 1.000000000000000000, -2.775557561562899979E-17 ) ) ;
#8946 = CARTESIAN_POINT ( 'NONE',  ( 99.01619377653260301, 177.0587965372885151, 180.8501160567394948 ) ) ;
#8947 = CARTESIAN_POINT ( 'NONE',  ( 121.7594733917879921, 170.9867491937569923, 134.3001160632323945 ) ) ;
#8948 = CARTESIAN_POINT ( 'NONE',  ( 121.5594733917879893, 173.4585906126184796, 175.1500716728245095 ) ) ;
#8949 = ORIENTED_EDGE ( 'NONE', *, *, #8697, .F. ) ;
#8950 = ORIENTED_EDGE ( 'NONE', *, *, #8698, .F. ) ;
#8951 = ORIENTED_EDGE ( 'NONE', *, *, #1107, .F. ) ;
#8952 = EDGE_CURVE ( 'NONE', #2453, #7126, #7434, .T. ) ;
#8953 = EDGE_LOOP ( 'NONE', ( #6443, #3401, #4514, #7152 ) ) ;
#8954 = CARTESIAN_POINT ( 'NONE',  ( 103.4479001739019992, 174.2587965372880205, 145.2896251811484092 ) ) ;
#8955 = CARTESIAN_POINT ( 'NONE',  ( 24.00000000000000711, -20.32272947547484421, 0.000000000000000000 ) ) ;
#8956 = CARTESIAN_POINT ( 'NONE',  ( 124.3594733917879012, 139.9320102867271487, 155.8224980899552747 ) ) ;
#8957 = CARTESIAN_POINT ( 'NONE',  ( 103.6479001739019878, 174.2587965372880205, 142.2994946864583881 ) ) ;
#8958 = PLANE ( 'NONE',  #5929 ) ;
#8959 = AXIS2_PLACEMENT_3D ( 'NONE', #7281, #4457, #3736 ) ;
#8960 = CARTESIAN_POINT ( 'NONE',  ( 17.60000000000001563, 0.000000000000000000, 0.5999999999999999778 ) ) ;
#8961 = ORIENTED_EDGE ( 'NONE', *, *, #2366, .F. ) ;
#8962 = ADVANCED_FACE ( 'NONE', ( #55 ), #8099, .F. ) ;
#8963 = FACE_OUTER_BOUND ( 'NONE', #8938, .T. ) ;
#8964 = CARTESIAN_POINT ( 'NONE',  ( 103.4479001739019992, 172.6583830282144731, 166.8113888862244778 ) ) ;
#8965 = ORIENTED_EDGE ( 'NONE', *, *, #7045, .F. ) ;
#8966 = DIRECTION ( 'NONE',  ( -0.7071067811865427988, 0.7071067811865439090, -1.087810491452726940E-07 ) ) ;
#8967 = CARTESIAN_POINT ( 'NONE',  ( 17.60000000000001563, -16.62768775266123455, 0.5999999999999999778 ) ) ;
#8968 = DIRECTION ( 'NONE',  ( -0.7071067811865918706, 0.7071067811865030528, 3.059425567918224970E-15 ) ) ;
#8969 = EDGE_CURVE ( 'NONE', #1053, #9240, #8816, .T. ) ;
#8970 = ORIENTED_EDGE ( 'NONE', *, *, #3617, .F. ) ;
#8971 = VECTOR ( 'NONE', #3341, 1000.000000000000114 ) ;
#8972 = ORIENTED_EDGE ( 'NONE', *, *, #2704, .T. ) ;
#8973 = DIRECTION ( 'NONE',  ( 4.660113001930848649E-16, -0.5000000000000000000, -0.8660254037844387076 ) ) ;
#8974 = DIRECTION ( 'NONE',  ( -0.7071067811865527908, -0.7071067811865338060, 1.087810874842987616E-07 ) ) ;
#8975 = CARTESIAN_POINT ( 'NONE',  ( 103.4479001739019992, 173.4585906126184796, 175.1500716728245095 ) ) ;
#8976 = CARTESIAN_POINT ( 'NONE',  ( 105.8479001739020049, 172.8096036795785153, 141.1090608090123908 ) ) ;
#8977 = CARTESIAN_POINT ( 'NONE',  ( 0.3999999999999971911, -6.928203230275511437, 0.000000000000000000 ) ) ;
#8978 = DIRECTION ( 'NONE',  ( -0.000000000000000000, -0.000000000000000000, -1.000000000000000000 ) ) ;
#8979 = AXIS2_PLACEMENT_3D ( 'NONE', #7815, #7051, #2013 ) ;
#8980 = DIRECTION ( 'NONE',  ( 0.000000000000000000, -1.000000000000000000, -5.511416593763220472E-15 ) ) ;
#8981 = EDGE_LOOP ( 'NONE', ( #3704, #7079, #6330, #6794 ) ) ;
#8982 = EDGE_CURVE ( 'NONE', #2212, #8651, #6558, .T. ) ;
#8983 = ORIENTED_EDGE ( 'NONE', *, *, #8253, .F. ) ;
#8984 = ORIENTED_EDGE ( 'NONE', *, *, #3162, .F. ) ;
#8985 = EDGE_CURVE ( 'NONE', #7140, #8177, #5977, .T. ) ;
#8986 = ORIENTED_EDGE ( 'NONE', *, *, #6772, .F. ) ;
#8987 = VECTOR ( 'NONE', #4997, 1000.000000000000000 ) ;
#8988 = EDGE_CURVE ( 'NONE', #5860, #2094, #7382, .T. ) ;
#8989 = CARTESIAN_POINT ( 'NONE',  ( 24.20000000000000639, -21.13101985234031943, 0.5999999999999999778 ) ) ;
#8990 = DIRECTION ( 'NONE',  ( 1.275664639488987007E-15, 4.920223360600114588E-16, -1.000000000000000000 ) ) ;
#8991 = DIRECTION ( 'NONE',  ( -1.332169591021886064E-15, 0.000000000000000000, 1.000000000000000000 ) ) ;
#8992 = CARTESIAN_POINT ( 'NONE',  ( 0.000000000000000000, 0.000000000000000000, 0.000000000000000000 ) ) ;
#8993 = CARTESIAN_POINT ( 'NONE',  ( 115.7594733917879921, 149.9496176806353844, 167.0501160567390002 ) ) ;
#8994 = CARTESIAN_POINT ( 'NONE',  ( 124.3594733917879012, 127.1320102867271373, 141.9660916294042465 ) ) ;
#8995 = ORIENTED_EDGE ( 'NONE', *, *, #9099, .F. ) ;
#8996 = VERTEX_POINT ( 'NONE', #102 ) ;
#8997 = VECTOR ( 'NONE', #4747, 1000.000000000000000 ) ;
#8998 = ORIENTED_EDGE ( 'NONE', *, *, #5475, .T. ) ;
#8999 = EDGE_CURVE ( 'NONE', #4447, #4705, #8494, .T. ) ;
#9000 = ORIENTED_EDGE ( 'NONE', *, *, #7717, .F. ) ;
#9001 = ORIENTED_EDGE ( 'NONE', *, *, #2584, .F. ) ;
#9002 = VECTOR ( 'NONE', #8727, 1000.000000000000000 ) ;
#9003 = CARTESIAN_POINT ( 'NONE',  ( 104.6479001739019878, 159.3423751810459805, 181.0501160567395118 ) ) ;
#9004 = DIRECTION ( 'NONE',  ( -0.000000000000000000, -1.000000000000000000, 0.000000000000000000 ) ) ;
#9005 = LINE ( 'NONE', #7528, #4880 ) ;
#9006 = LINE ( 'NONE', #8431, #6033 ) ;
#9007 = LINE ( 'NONE', #5978, #6704 ) ;
#9008 = ADVANCED_FACE ( 'NONE', ( #2986 ), #7483, .T. ) ;
#9009 = ORIENTED_EDGE ( 'NONE', *, *, #844, .F. ) ;
#9010 = DIRECTION ( 'NONE',  ( -1.332169591021886064E-15, 0.000000000000000000, 1.000000000000000000 ) ) ;
#9011 = VERTEX_POINT ( 'NONE', #6758 ) ;
#9012 = VECTOR ( 'NONE', #1896, 1000.000000000000000 ) ;
#9013 = CARTESIAN_POINT ( 'NONE',  ( 124.3594733917879154, 139.5320102867271146, 149.3561750750314445 ) ) ;
#9014 = CYLINDRICAL_SURFACE ( 'NONE', #7297, 1.200000000000006617 ) ;
#9015 = ORIENTED_EDGE ( 'NONE', *, *, #8633, .T. ) ;
#9016 = AXIS2_PLACEMENT_3D ( 'NONE', #6491, #2186, #7220 ) ;
#9017 = EDGE_CURVE ( 'NONE', #9503, #6285, #4419, .T. ) ;
#9018 = DIRECTION ( 'NONE',  ( 0.000000000000000000, -0.7071067811865336949, -0.7071067811865614505 ) ) ;
#9019 = DIRECTION ( 'NONE',  ( 0.000000000000000000, 0.000000000000000000, 1.000000000000000000 ) ) ;
#9020 = LINE ( 'NONE', #6039, #7240 ) ;
#9021 = ORIENTED_EDGE ( 'NONE', *, *, #3050, .T. ) ;
#9022 = VECTOR ( 'NONE', #1644, 1000.000000000000000 ) ;
#9023 = EDGE_LOOP ( 'NONE', ( #810, #3161, #6577, #6624 ) ) ;
#9024 = DIRECTION ( 'NONE',  ( -1.000000000000000000, 0.000000000000000000, 0.000000000000000000 ) ) ;
#9025 = CARTESIAN_POINT ( 'NONE',  ( -6.200000000000001954, 3.117691453623979925, 0.5999999999999999778 ) ) ;
#9026 = DIRECTION ( 'NONE',  ( 1.744174030142317572E-15, 0.8660254037844383745, -0.5000000000000003331 ) ) ;
#9027 = EDGE_CURVE ( 'NONE', #7460, #9339, #3698, .T. ) ;
#9028 = CARTESIAN_POINT ( 'NONE',  ( 124.3594733917878870, 145.9320102867271487, 172.4501858426164915 ) ) ;
#9029 = CARTESIAN_POINT ( 'NONE',  ( 103.8479001739019907, 173.4585906126179680, 175.1500717173234989 ) ) ;
#9030 = VECTOR ( 'NONE', #6486, 999.9999999999998863 ) ;
#9031 = CARTESIAN_POINT ( 'NONE',  ( 124.3594733917879012, 151.9320102867271487, 169.9098446581821236 ) ) ;
#9032 = VERTEX_POINT ( 'NONE', #2254 ) ;
#9033 = ORIENTED_EDGE ( 'NONE', *, *, #2876, .T. ) ;
#9034 = VERTEX_POINT ( 'NONE', #8772 ) ;
#9035 = VECTOR ( 'NONE', #4279, 999.9999999999998863 ) ;
#9036 = CARTESIAN_POINT ( 'NONE',  ( 121.9594733917879950, 175.1585906126184966, 173.4500716728244925 ) ) ;
#9037 = CARTESIAN_POINT ( 'NONE',  ( 103.6479001739019878, 154.7979358642050158, 146.6896251811481875 ) ) ;
#9038 = CYLINDRICAL_SURFACE ( 'NONE', #7473, 1.699999999999993072 ) ;
#9039 = ADVANCED_FACE ( 'NONE', ( #2158 ), #3650, .F. ) ;
#9040 = EDGE_CURVE ( 'NONE', #6660, #6262, #728, .T. ) ;
#9041 = CARTESIAN_POINT ( 'NONE',  ( 0.2000000000000014821, -0.3464101615137779033, 0.5999999999999999778 ) ) ;
#9042 = DIRECTION ( 'NONE',  ( -1.275664639488986613E-15, -8.326672684688515048E-17, 1.000000000000000000 ) ) ;
#9043 = DIRECTION ( 'NONE',  ( -4.660113001930841747E-16, 0.5000000000000004441, 0.8660254037844384856 ) ) ;
#9044 = CARTESIAN_POINT ( 'NONE',  ( 119.1594733917879978, 119.9496176806362087, 130.0501160567390002 ) ) ;
#9045 = VERTEX_POINT ( 'NONE', #2207 ) ;
#9046 = VERTEX_POINT ( 'NONE', #920 ) ;
#9047 = AXIS2_PLACEMENT_3D ( 'NONE', #8183, #7560, #3785 ) ;
#9048 = AXIS2_PLACEMENT_3D ( 'NONE', #1884, #8406, #1697 ) ;
#9049 = ORIENTED_EDGE ( 'NONE', *, *, #6525, .F. ) ;
#9050 = ORIENTED_EDGE ( 'NONE', *, *, #507, .F. ) ;
#9051 = VERTEX_POINT ( 'NONE', #7715 ) ;
#9052 = LINE ( 'NONE', #9003, #6020 ) ;
#9053 = DIRECTION ( 'NONE',  ( -1.000000000000000000, -2.003086131649544323E-15, 0.000000000000000000 ) ) ;
#9054 = ADVANCED_FACE ( 'NONE', ( #6954 ), #9151, .T. ) ;
#9055 = LINE ( 'NONE', #2446, #4253 ) ;
#9056 = CARTESIAN_POINT ( 'NONE',  ( -5.800000000000002487, 3.810511776651531068, 0.000000000000000000 ) ) ;
#9057 = DIRECTION ( 'NONE',  ( -1.000000000000000000, 5.923677312709569910E-16, 0.000000000000000000 ) ) ;
#9058 = ORIENTED_EDGE ( 'NONE', *, *, #3996, .F. ) ;
#9059 = VECTOR ( 'NONE', #4772, 1000.000000000000114 ) ;
#9060 = DIRECTION ( 'NONE',  ( -1.184735462541922068E-15, -1.000000000000000000, -3.379091138490570313E-15 ) ) ;
#9061 = ORIENTED_EDGE ( 'NONE', *, *, #6021, .T. ) ;
#9062 = ORIENTED_EDGE ( 'NONE', *, *, #5690, .T. ) ;
#9063 = CIRCLE ( 'NONE', #606, 1.700000000000007061 ) ;
#9064 = EDGE_LOOP ( 'NONE', ( #5751, #6412, #6598, #2804 ) ) ;
#9065 = PLANE ( 'NONE',  #6326 ) ;
#9066 = LINE ( 'NONE', #8303, #1887 ) ;
#9067 = FACE_OUTER_BOUND ( 'NONE', #6813, .T. ) ;
#9068 = DIRECTION ( 'NONE',  ( 1.000000000000000000, -1.184735462541918124E-15, -4.316747070439680032E-30 ) ) ;
#9069 = DIRECTION ( 'NONE',  ( -0.8660254037844385966, 0.5000000000000001110, 0.000000000000000000 ) ) ;
#9070 = AXIS2_PLACEMENT_3D ( 'NONE', #2812, #5662, #7259 ) ;
#9071 = ORIENTED_EDGE ( 'NONE', *, *, #520, .F. ) ;
#9072 = ORIENTED_EDGE ( 'NONE', *, *, #7006, .T. ) ;
#9073 = ADVANCED_FACE ( 'NONE', ( #8293 ), #1678, .T. ) ;
#9074 = CARTESIAN_POINT ( 'NONE',  ( 12.00000000000000355, 0.4618802153516994857, 0.000000000000000000 ) ) ;
#9075 = ORIENTED_EDGE ( 'NONE', *, *, #8562, .T. ) ;
#9076 = AXIS2_PLACEMENT_3D ( 'NONE', #8729, #6561, #8537 ) ;
#9077 = CARTESIAN_POINT ( 'NONE',  ( 124.3594733917879012, 124.3320102867271260, 140.5804509833491238 ) ) ;
#9078 = VECTOR ( 'NONE', #1688, 1000.000000000000000 ) ;
#9079 = DIRECTION ( 'NONE',  ( 2.003086131649543140E-15, 1.000000000000000000, 0.000000000000000000 ) ) ;
#9080 = CARTESIAN_POINT ( 'NONE',  ( 121.5594733917879893, 175.1585906126184966, 137.7001160632314054 ) ) ;
#9081 = PLANE ( 'NONE',  #4598 ) ;
#9082 = ORIENTED_EDGE ( 'NONE', *, *, #965, .F. ) ;
#9083 = ORIENTED_EDGE ( 'NONE', *, *, #2799, .T. ) ;
#9084 = VECTOR ( 'NONE', #5305, 1000.000000000000000 ) ;
#9085 = ORIENTED_EDGE ( 'NONE', *, *, #1101, .T. ) ;
#9086 = EDGE_CURVE ( 'NONE', #7707, #2607, #9105, .T. ) ;
#9087 = LINE ( 'NONE', #1041, #3950 ) ;
#9088 = DIRECTION ( 'NONE',  ( -0.7071067811865631159, 0.000000000000000000, 0.7071067811865320296 ) ) ;
#9089 = DIRECTION ( 'NONE',  ( 1.184735462541920096E-15, 1.000000000000000000, 3.379091138490570313E-15 ) ) ;
#9090 = FACE_BOUND ( 'NONE', #4777, .T. ) ;
#9091 = DIRECTION ( 'NONE',  ( 8.377344794755214774E-16, 0.7071067811865031638, 0.7071067811865919817 ) ) ;
#9092 = DIRECTION ( 'NONE',  ( -1.000000000000000000, 0.000000000000000000, 0.000000000000000000 ) ) ;
#9093 = VECTOR ( 'NONE', #2047, 999.9999999999998863 ) ;
#9094 = DIRECTION ( 'NONE',  ( 1.743504668820874792E-15, 0.5000000000000004441, -0.8660254037844384856 ) ) ;
#9095 = EDGE_LOOP ( 'NONE', ( #2762, #7581, #1599, #8238 ) ) ;
#9096 = ORIENTED_EDGE ( 'NONE', *, *, #60, .F. ) ;
#9097 = ORIENTED_EDGE ( 'NONE', *, *, #8015, .F. ) ;
#9098 = EDGE_LOOP ( 'NONE', ( #5864, #8589, #615, #592 ) ) ;
#9099 = EDGE_CURVE ( 'NONE', #2023, #9182, #2545, .T. ) ;
#9100 = VECTOR ( 'NONE', #9135, 1000.000000000000000 ) ;
#9101 = ORIENTED_EDGE ( 'NONE', *, *, #7444, .T. ) ;
#9102 = LINE ( 'NONE', #1675, #6798 ) ;
#9103 = CARTESIAN_POINT ( 'NONE',  ( 124.9594733917878955, 133.1320102867271373, 152.3583964748175106 ) ) ;
#9104 = DIRECTION ( 'NONE',  ( -1.275664639488986021E-15, 4.175048060655008194E-16, 1.000000000000000000 ) ) ;
#9105 = LINE ( 'NONE', #1773, #4787 ) ;
#9106 = LINE ( 'NONE', #3085, #5002 ) ;
#9107 = ORIENTED_EDGE ( 'NONE', *, *, #7838, .F. ) ;
#9108 = VECTOR ( 'NONE', #3511, 1000.000000000000000 ) ;
#9109 = CARTESIAN_POINT ( 'NONE',  ( 18.20000000000001350, -16.97409791417501168, 0.000000000000000000 ) ) ;
#9110 = ORIENTED_EDGE ( 'NONE', *, *, #8026, .T. ) ;
#9111 = ADVANCED_FACE ( 'NONE', ( #295 ), #3845, .T. ) ;
#9112 = EDGE_CURVE ( 'NONE', #7883, #1075, #9006, .T. ) ;
#9113 = AXIS2_PLACEMENT_3D ( 'NONE', #2101, #3639, #45 ) ;
#9114 = ORIENTED_EDGE ( 'NONE', *, *, #7309, .T. ) ;
#9115 = CARTESIAN_POINT ( 'NONE',  ( 103.8479001739019907, 174.2587965372880205, 165.6113888862245176 ) ) ;
#9116 = DIRECTION ( 'NONE',  ( 1.000000000000000000, -2.803871196518410221E-29, -1.822593130018834897E-22 ) ) ;
#9117 = EDGE_CURVE ( 'NONE', #2442, #8689, #3942, .T. ) ;
#9118 = LINE ( 'NONE', #3286, #7397 ) ;
#9119 = LINE ( 'NONE', #1784, #4242 ) ;
#9120 = CARTESIAN_POINT ( 'NONE',  ( 5.800000000000006040, 10.04589468389949225, 0.000000000000000000 ) ) ;
#9121 = ORIENTED_EDGE ( 'NONE', *, *, #8869, .F. ) ;
#9122 = VERTEX_POINT ( 'NONE', #3128 ) ;
#9123 = DIRECTION ( 'NONE',  ( -0.000000000000000000, -0.000000000000000000, -1.000000000000000000 ) ) ;
#9124 = ORIENTED_EDGE ( 'NONE', *, *, #1220, .F. ) ;
#9125 = DIRECTION ( 'NONE',  ( -1.000000000000000000, 1.184735462541918124E-15, 4.316747070439680032E-30 ) ) ;
#9126 = LINE ( 'NONE', #455, #4858 ) ;
#9127 = ADVANCED_FACE ( 'NONE', ( #1633 ), #967, .T. ) ;
#9128 = CARTESIAN_POINT ( 'NONE',  ( 124.3594733917878727, 127.1320102867271373, 162.0578809972032275 ) ) ;
#9129 = EDGE_LOOP ( 'NONE', ( #4298, #5775, #8722, #4114 ) ) ;
#9130 = AXIS2_PLACEMENT_3D ( 'NONE', #2320, #8973, #5266 ) ;
#9131 = ORIENTED_EDGE ( 'NONE', *, *, #3566, .F. ) ;
#9132 = ORIENTED_EDGE ( 'NONE', *, *, #3050, .F. ) ;
#9133 = DIRECTION ( 'NONE',  ( -1.000000000000000000, 0.000000000000000000, 0.000000000000000000 ) ) ;
#9134 = VECTOR ( 'NONE', #3708, 999.9999999999998863 ) ;
#9135 = DIRECTION ( 'NONE',  ( 1.184735462541920096E-15, 1.000000000000000000, 3.379091138490570313E-15 ) ) ;
#9136 = FACE_OUTER_BOUND ( 'NONE', #4049, .T. ) ;
#9137 = CARTESIAN_POINT ( 'NONE',  ( -0.3999999999999981903, -14.08734656822687370, 0.5999999999999999778 ) ) ;
#9138 = CARTESIAN_POINT ( 'NONE',  ( 124.3594733917879154, 139.9320102867271487, 141.7351515217283975 ) ) ;
#9139 = CARTESIAN_POINT ( 'NONE',  ( 115.7594733917879921, 119.9496176806358108, 181.0501160567390002 ) ) ;
#9140 = ADVANCED_FACE ( 'NONE', ( #3895 ), #4567, .T. ) ;
#9141 = CARTESIAN_POINT ( 'NONE',  ( 124.9594733917879950, 112.5587965372632056, 130.5501160567390002 ) ) ;
#9142 = ORIENTED_EDGE ( 'NONE', *, *, #5054, .F. ) ;
#9143 = EDGE_LOOP ( 'NONE', ( #6966, #1083 ) ) ;
#9144 = ORIENTED_EDGE ( 'NONE', *, *, #1051, .T. ) ;
#9145 = VECTOR ( 'NONE', #6756, 999.9999999999998863 ) ;
#9146 = ORIENTED_EDGE ( 'NONE', *, *, #3833, .F. ) ;
#9147 = LINE ( 'NONE', #429, #829 ) ;
#9148 = DIRECTION ( 'NONE',  ( 1.000000000000000000, -1.210939508638132030E-15, 1.277902559593765872E-15 ) ) ;
#9149 = CARTESIAN_POINT ( 'NONE',  ( 18.00000000000000355, -9.930424630061571278, 0.5999999999999999778 ) ) ;
#9150 = PLANE ( 'NONE',  #3195 ) ;
#9151 = PLANE ( 'NONE',  #8040 ) ;
#9152 = DIRECTION ( 'NONE',  ( 4.660113001930848649E-16, -0.5000000000000001110, -0.8660254037844387076 ) ) ;
#9153 = VECTOR ( 'NONE', #8074, 1000.000000000000000 ) ;
#9154 = EDGE_CURVE ( 'NONE', #2583, #4925, #3229, .T. ) ;
#9155 = VECTOR ( 'NONE', #5558, 1000.000000000000000 ) ;
#9156 = ORIENTED_EDGE ( 'NONE', *, *, #5278, .T. ) ;
#9157 = CARTESIAN_POINT ( 'NONE',  ( 121.7594733917879921, 173.4585906126184796, 136.0001160632313884 ) ) ;
#9158 = VERTEX_POINT ( 'NONE', #344 ) ;
#9159 = VECTOR ( 'NONE', #5999, 1000.000000000000114 ) ;
#9160 = DIRECTION ( 'NONE',  ( 4.685093906533291841E-16, 0.8660254037844381525, 0.5000000000000009992 ) ) ;
#9161 = DIRECTION ( 'NONE',  ( -1.744174030142317374E-15, -0.8660254037844385966, 0.5000000000000001110 ) ) ;
#9162 = CARTESIAN_POINT ( 'NONE',  ( -5.799999999999999822, -10.04589468389949047, 0.5999999999999999778 ) ) ;
#9163 = EDGE_CURVE ( 'NONE', #5288, #7812, #1724, .T. ) ;
#9164 = LINE ( 'NONE', #6187, #9059 ) ;
#9165 = EDGE_CURVE ( 'NONE', #7129, #8286, #4035, .T. ) ;
#9166 = DIRECTION ( 'NONE',  ( 0.000000000000000000, -1.000000000000000000, -4.326681131221240423E-15 ) ) ;
#9167 = VECTOR ( 'NONE', #5540, 1000.000000000000000 ) ;
#9168 = DIRECTION ( 'NONE',  ( -1.744174030142317572E-15, -0.8660254037844387076, 0.5000000000000001110 ) ) ;
#9169 = EDGE_CURVE ( 'NONE', #2164, #6977, #6125, .T. ) ;
#9170 = VERTEX_POINT ( 'NONE', #5396 ) ;
#9171 = ORIENTED_EDGE ( 'NONE', *, *, #6183, .F. ) ;
#9172 = VECTOR ( 'NONE', #9272, 1000.000000000000000 ) ;
#9173 = CARTESIAN_POINT ( 'NONE',  ( 124.3594733917879012, 126.7320102867271174, 141.9660916294042465 ) ) ;
#9174 = EDGE_LOOP ( 'NONE', ( #991, #7035, #1109, #1797 ) ) ;
#9175 = CARTESIAN_POINT ( 'NONE',  ( 104.6479001739019878, 176.6587965372895042, 180.4015879193144940 ) ) ;
#9176 = EDGE_CURVE ( 'NONE', #1433, #9337, #4665, .T. ) ;
#9177 = CARTESIAN_POINT ( 'NONE',  ( 124.9594733917878955, 139.9320102867271487, 162.0578809972032275 ) ) ;
#9178 = LINE ( 'NONE', #9274, #9390 ) ;
#9179 = VECTOR ( 'NONE', #325, 1000.000000000000000 ) ;
#9180 = VERTEX_POINT ( 'NONE', #5444 ) ;
#9181 = ORIENTED_EDGE ( 'NONE', *, *, #1500, .F. ) ;
#9182 = VERTEX_POINT ( 'NONE', #1012 ) ;
#9183 = LINE ( 'NONE', #2622, #1327 ) ;
#9184 = AXIS2_PLACEMENT_3D ( 'NONE', #2479, #3972, #9133 ) ;
#9185 = DIRECTION ( 'NONE',  ( -1.000000000000000000, 1.184735462541918124E-15, -2.348786765364310132E-29 ) ) ;
#9186 = CARTESIAN_POINT ( 'NONE',  ( 124.3594733917878870, 139.9320102867271487, 169.4479644428304255 ) ) ;
#9187 = FACE_BOUND ( 'NONE', #4786, .T. ) ;
#9188 = DIRECTION ( 'NONE',  ( 1.000000000000000000, 0.000000000000000000, 0.000000000000000000 ) ) ;
#9189 = DIRECTION ( 'NONE',  ( 1.000000000000000000, -1.184735462541920096E-15, 6.938893903902909672E-18 ) ) ;
#9190 = FACE_BOUND ( 'NONE', #8892, .T. ) ;
#9191 = ORIENTED_EDGE ( 'NONE', *, *, #2156, .F. ) ;
#9192 = VERTEX_POINT ( 'NONE', #8385 ) ;
#9193 = ORIENTED_EDGE ( 'NONE', *, *, #9027, .F. ) ;
#9194 = AXIS2_PLACEMENT_3D ( 'NONE', #5827, #7902, #7184 ) ;
#9195 = EDGE_LOOP ( 'NONE', ( #4776, #2707, #7258, #5357 ) ) ;
#9196 = ADVANCED_FACE ( 'NONE', ( #1057 ), #4018, .F. ) ;
#9197 = ORIENTED_EDGE ( 'NONE', *, *, #5766, .T. ) ;
#9198 = DIRECTION ( 'NONE',  ( -0.4999999999999997224, -0.8660254037844388186, 0.000000000000000000 ) ) ;
#9199 = DIRECTION ( 'NONE',  ( 1.000000000000000000, -1.184735462541926012E-15, 1.332169591021886064E-15 ) ) ;
#9200 = CARTESIAN_POINT ( 'NONE',  ( 115.7199540685230090, 169.3613257594830088, 180.4501160567394891 ) ) ;
#9201 = DIRECTION ( 'NONE',  ( 5.007715329123860808E-16, -1.000000000000000000, 0.000000000000000000 ) ) ;
#9202 = DIRECTION ( 'NONE',  ( 4.685093906533309590E-16, 0.8660254037844387076, 0.5000000000000001110 ) ) ;
#9203 = DIRECTION ( 'NONE',  ( 1.000000000000000000, -1.184735462541926012E-15, 1.332169591021886064E-15 ) ) ;
#9204 = ORIENTED_EDGE ( 'NONE', *, *, #926, .T. ) ;
#9205 = EDGE_CURVE ( 'NONE', #7845, #3208, #434, .T. ) ;
#9206 = VECTOR ( 'NONE', #6147, 1000.000000000000000 ) ;
#9207 = DIRECTION ( 'NONE',  ( 0.8660254037844381525, -0.5000000000000008882, 0.000000000000000000 ) ) ;
#9208 = LINE ( 'NONE', #8629, #8516 ) ;
#9209 = DIRECTION ( 'NONE',  ( 4.685093906533291841E-16, 0.8660254037844381525, 0.5000000000000009992 ) ) ;
#9210 = CARTESIAN_POINT ( 'NONE',  ( 115.9594733917876397, 144.9496176806353844, 129.0501160567391423 ) ) ;
#9211 = FACE_OUTER_BOUND ( 'NONE', #9277, .T. ) ;
#9212 = CARTESIAN_POINT ( 'NONE',  ( 124.3594733917879154, 144.7320102867271316, 152.3583964748175106 ) ) ;
#9213 = DIRECTION ( 'NONE',  ( -1.000000000000000000, 1.258452526781936113E-15, -1.258452526781887993E-15 ) ) ;
#9214 = EDGE_CURVE ( 'NONE', #5957, #2594, #7134, .T. ) ;
#9215 = VERTEX_POINT ( 'NONE', #1910 ) ;
#9216 = AXIS2_PLACEMENT_3D ( 'NONE', #1093, #7842, #4024 ) ;
#9217 = EDGE_LOOP ( 'NONE', ( #50, #1972, #35, #5510 ) ) ;
#9218 = EDGE_CURVE ( 'NONE', #9507, #9503, #2176, .T. ) ;
#9219 = EDGE_CURVE ( 'NONE', #5354, #143, #7903, .T. ) ;
#9220 = LINE ( 'NONE', #4243, #3758 ) ;
#9221 = ORIENTED_EDGE ( 'NONE', *, *, #4299, .F. ) ;
#9222 = CARTESIAN_POINT ( 'NONE',  ( 124.3594733917878870, 139.1320102867271373, 169.9098446581821236 ) ) ;
#9223 = DIRECTION ( 'NONE',  ( -1.275664639488984049E-15, 1.919819404802662710E-15, 1.000000000000000000 ) ) ;
#9224 = VECTOR ( 'NONE', #3265, 1000.000000000000000 ) ;
#9225 = CARTESIAN_POINT ( 'NONE',  ( 0.3999999999999971911, -6.928203230275511437, 0.000000000000000000 ) ) ;
#9226 = VERTEX_POINT ( 'NONE', #7185 ) ;
#9227 = VERTEX_POINT ( 'NONE', #5000 ) ;
#9228 = EDGE_CURVE ( 'NONE', #8152, #1356, #527, .T. ) ;
#9229 = VECTOR ( 'NONE', #8075, 1000.000000000000000 ) ;
#9230 = EDGE_CURVE ( 'NONE', #9158, #282, #8046, .T. ) ;
#9231 = VECTOR ( 'NONE', #1175, 1000.000000000000000 ) ;
#9232 = CARTESIAN_POINT ( 'NONE',  ( -5.600000000000001421, 2.771281292110205019, -0.000000000000000000 ) ) ;
#9233 = CARTESIAN_POINT ( 'NONE',  ( 103.6479001739019878, 172.6583829936064944, 145.2896251811484092 ) ) ;
#9234 = CYLINDRICAL_SURFACE ( 'NONE', #2524, 0.5000000000000079936 ) ;
#9235 = EDGE_CURVE ( 'NONE', #5424, #1177, #1291, .T. ) ;
#9236 = DIRECTION ( 'NONE',  ( 1.277493368627789632E-15, 1.000000000000000000, -2.775557561562891351E-17 ) ) ;
#9237 = FILL_AREA_STYLE_COLOUR ( '', #2646 ) ;
#9238 = DIRECTION ( 'NONE',  ( -1.743504668820874398E-15, -0.4999999999999992228, 0.8660254037844391517 ) ) ;
#9239 = FACE_OUTER_BOUND ( 'NONE', #1094, .T. ) ;
#9240 = VERTEX_POINT ( 'NONE', #4854 ) ;
#9241 = ORIENTED_EDGE ( 'NONE', *, *, #2683, .F. ) ;
#9242 = VECTOR ( 'NONE', #4093, 1000.000000000000000 ) ;
#9243 = ORIENTED_EDGE ( 'NONE', *, *, #8982, .T. ) ;
#9244 = EDGE_LOOP ( 'NONE', ( #4685, #7251, #9061, #3051 ) ) ;
#9245 = CARTESIAN_POINT ( 'NONE',  ( 105.8479001739020049, 174.2587965372880205, 146.4896251811483978 ) ) ;
#9246 = AXIS2_PLACEMENT_3D ( 'NONE', #3281, #2550, #5502 ) ;
#9247 = CARTESIAN_POINT ( 'NONE',  ( 0.000000000000000000, 0.4618802153517008735, 0.000000000000000000 ) ) ;
#9248 = CARTESIAN_POINT ( 'NONE',  ( -2.800000000000000711, -4.849742261192861115, -0.000000000000000000 ) ) ;
#9249 = CARTESIAN_POINT ( 'NONE',  ( 124.9594733917879097, 133.9320102867271203, 151.6655761517899350 ) ) ;
#9250 = DIRECTION ( 'NONE',  ( -1.332169591021890008E-15, -3.379091138490570313E-15, 1.000000000000000000 ) ) ;
#9251 = PLANE ( 'NONE',  #6554 ) ;
#9252 = DIRECTION ( 'NONE',  ( -0.7071067811865648922, 0.08910739053470406734, -0.7014697947538947043 ) ) ;
#9253 = EDGE_CURVE ( 'NONE', #4240, #4933, #7283, .T. ) ;
#9254 = EDGE_LOOP ( 'NONE', ( #3075, #5958, #4486, #6019, #4682, #973, #8482, #3063, #3715, #7461, #6649, #7510, #3716 ) ) ;
#9255 = AXIS2_PLACEMENT_3D ( 'NONE', #7526, #3939, #2395 ) ;
#9256 = DIRECTION ( 'NONE',  ( -1.275664639488986613E-15, -8.326672684688515048E-17, 1.000000000000000000 ) ) ;
#9257 = CARTESIAN_POINT ( 'NONE',  ( 124.3594733917878870, 118.7320102867271316, 150.2799355057348407 ) ) ;
#9258 = VECTOR ( 'NONE', #2229, 1000.000000000000000 ) ;
#9259 = DIRECTION ( 'NONE',  ( 3.527886165218670329E-30, 1.181088324069320141E-14, -1.000000000000000000 ) ) ;
#9260 = FACE_OUTER_BOUND ( 'NONE', #5910, .T. ) ;
#9261 = DIRECTION ( 'NONE',  ( 1.000000000000000000, -1.184735462541920096E-15, -4.316747070439684937E-30 ) ) ;
#9262 = VECTOR ( 'NONE', #1558, 1000.000000000000000 ) ;
#9263 = DIRECTION ( 'NONE',  ( -0.7071067811865640040, -0.7071067811865310304, -5.152882179496670285E-15 ) ) ;
#9264 = CARTESIAN_POINT ( 'NONE',  ( 11.80000000000000249, -7.274613391789286787, 0.000000000000000000 ) ) ;
#9265 = EDGE_CURVE ( 'NONE', #4967, #2453, #482, .T. ) ;
#9266 = ORIENTED_EDGE ( 'NONE', *, *, #9388, .T. ) ;
#9267 = VECTOR ( 'NONE', #7197, 999.9999999999998863 ) ;
#9268 = VERTEX_POINT ( 'NONE', #7952 ) ;
#9269 = LINE ( 'NONE', #7063, #8971 ) ;
#9270 = VERTEX_POINT ( 'NONE', #1148 ) ;
#9271 = DIRECTION ( 'NONE',  ( -1.332169591021890008E-15, -4.326681131221240423E-15, 1.000000000000000000 ) ) ;
#9272 = DIRECTION ( 'NONE',  ( 0.000000000000000000, -1.000000000000000000, 0.000000000000000000 ) ) ;
#9273 = VECTOR ( 'NONE', #1618, 1000.000000000000000 ) ;
#9274 = CARTESIAN_POINT ( 'NONE',  ( 3.200000000000001954, 5.542562584220409150, 0.5999999999999999778 ) ) ;
#9275 = EDGE_CURVE ( 'NONE', #6163, #8874, #4901, .T. ) ;
#9276 = ORIENTED_EDGE ( 'NONE', *, *, #9165, .T. ) ;
#9277 = EDGE_LOOP ( 'NONE', ( #4342, #7064, #9000, #6519 ) ) ;
#9278 = ORIENTED_EDGE ( 'NONE', *, *, #6858, .F. ) ;
#9279 = CARTESIAN_POINT ( 'NONE',  ( 5.600000000000002309, 2.771281292110203243, 0.000000000000000000 ) ) ;
#9280 = CARTESIAN_POINT ( 'NONE',  ( 17.20000000000000995, 3.464101615137751278, 0.000000000000000000 ) ) ;
#9281 = CARTESIAN_POINT ( 'NONE',  ( 124.0592155665779899, 175.9416358684430008, 180.8501160567394948 ) ) ;
#9282 = LINE ( 'NONE', #3975, #2735 ) ;
#9283 = DIRECTION ( 'NONE',  ( -1.275664639488985824E-15, 5.704182421957117253E-16, 1.000000000000000000 ) ) ;
#9284 = CARTESIAN_POINT ( 'NONE',  ( 121.5594733917879893, 171.7585906126184909, 134.3001160632323945 ) ) ;
#9285 = EDGE_CURVE ( 'NONE', #5065, #980, #7853, .T. ) ;
#9286 = EDGE_LOOP ( 'NONE', ( #1271, #4260, #6817, #323 ) ) ;
#9287 = ADVANCED_FACE ( 'NONE', ( #1245 ), #4079, .T. ) ;
#9288 = ORIENTED_EDGE ( 'NONE', *, *, #283, .F. ) ;
#9289 = ORIENTED_EDGE ( 'NONE', *, *, #8721, .T. ) ;
#9290 = EDGE_CURVE ( 'NONE', #2764, #8422, #3410, .T. ) ;
#9291 = ORIENTED_EDGE ( 'NONE', *, *, #1882, .F. ) ;
#9292 = AXIS2_PLACEMENT_3D ( 'NONE', #5755, #788, #6567 ) ;
#9293 = FACE_OUTER_BOUND ( 'NONE', #6807, .T. ) ;
#9294 = PLANE ( 'NONE',  #2466 ) ;
#9295 = DIRECTION ( 'NONE',  ( -1.743504668820874792E-15, -0.4999999999999999445, 0.8660254037844387076 ) ) ;
#9296 = CARTESIAN_POINT ( 'NONE',  ( 124.9594733917879239, 127.7320102867271174, 134.6914782376149446 ) ) ;
#9297 = CARTESIAN_POINT ( 'NONE',  ( 121.7594733917879921, 173.4585906126184796, 175.1500716728245095 ) ) ;
#9298 = DIRECTION ( 'NONE',  ( -0.4999999999999998890, 0.8660254037844387076, 0.000000000000000000 ) ) ;
#9299 = VECTOR ( 'NONE', #3250, 1000.000000000000227 ) ;
#9300 = EDGE_CURVE ( 'NONE', #5243, #8345, #7808, .T. ) ;
#9301 = ORIENTED_EDGE ( 'NONE', *, *, #724, .T. ) ;
#9302 = VECTOR ( 'NONE', #4325, 1000.000000000000227 ) ;
#9303 = LINE ( 'NONE', #2737, #5851 ) ;
#9304 = VERTEX_POINT ( 'NONE', #4123 ) ;
#9305 = EDGE_CURVE ( 'NONE', #831, #7082, #386, .T. ) ;
#9306 = VECTOR ( 'NONE', #3352, 1000.000000000000000 ) ;
#9307 = CARTESIAN_POINT ( 'NONE',  ( 124.3594733917878870, 118.7320102867271316, 140.5804509833491238 ) ) ;
#9308 = LINE ( 'NONE', #4959, #5290 ) ;
#9309 = ADVANCED_FACE ( 'NONE', ( #2686 ), #8618, .T. ) ;
#9310 = DIRECTION ( 'NONE',  ( -1.744174030142316585E-15, -0.8660254037844392627, 0.4999999999999986677 ) ) ;
#9311 = CARTESIAN_POINT ( 'NONE',  ( 11.60000000000000497, -6.235382907247959849, 0.5999999999999999778 ) ) ;
#9312 = CARTESIAN_POINT ( 'NONE',  ( 124.3594733917879012, 133.9320102867271203, 145.4301932445419823 ) ) ;
#9313 = DIRECTION ( 'NONE',  ( -1.000000000000000000, 0.000000000000000000, 0.000000000000000000 ) ) ;
#9314 = CARTESIAN_POINT ( 'NONE',  ( -2.226202981413853333E-16, 7.390083445627212200, 0.5999999999999999778 ) ) ;
#9315 = ORIENTED_EDGE ( 'NONE', *, *, #6381, .F. ) ;
#9316 = ORIENTED_EDGE ( 'NONE', *, *, #3679, .T. ) ;
#9317 = EDGE_LOOP ( 'NONE', ( #4164, #9413, #4355, #7766 ) ) ;
#9318 = DIRECTION ( 'NONE',  ( -4.685093906533325367E-16, -0.8660254037844391517, -0.4999999999999992228 ) ) ;
#9319 = ADVANCED_FACE ( 'NONE', ( #5736 ), #8668, .T. ) ;
#9320 = ORIENTED_EDGE ( 'NONE', *, *, #4903, .T. ) ;
#9321 = VECTOR ( 'NONE', #3276, 999.9999999999998863 ) ;
#9322 = DIRECTION ( 'NONE',  ( 1.275664639488987204E-15, 4.920223360600114588E-16, -1.000000000000000000 ) ) ;
#9323 = DIRECTION ( 'NONE',  ( 0.000000000000000000, 0.000000000000000000, -1.000000000000000000 ) ) ;
#9324 = CARTESIAN_POINT ( 'NONE',  ( 124.9594733917879950, 170.4585906126184796, 136.0001160632323831 ) ) ;
#9325 = EDGE_LOOP ( 'NONE', ( #9221, #2104, #8503, #2560 ) ) ;
#9326 = VECTOR ( 'NONE', #4023, 1000.000000000000114 ) ;
#9327 = VERTEX_POINT ( 'NONE', #622 ) ;
#9328 = EDGE_CURVE ( 'NONE', #8380, #713, #6692, .T. ) ;
#9329 = CARTESIAN_POINT ( 'NONE',  ( 11.60000000000000497, -7.621023553303062137, 0.5999999999999999778 ) ) ;
#9330 = LINE ( 'NONE', #2717, #1705 ) ;
#9331 = FACE_OUTER_BOUND ( 'NONE', #5657, .T. ) ;
#9332 = CARTESIAN_POINT ( 'NONE',  ( 124.5723247599939754, 116.1137020171917129, 180.9868469574557821 ) ) ;
#9333 = SURFACE_SIDE_STYLE ('',( #9383 ) ) ;
#9334 = CARTESIAN_POINT ( 'NONE',  ( 124.5594733917880035, 116.3000293782512955, 181.0501160567389149 ) ) ;
#9335 = VECTOR ( 'NONE', #1069, 1000.000000000000000 ) ;
#9336 = LINE ( 'NONE', #5483, #8150 ) ;
#9337 = VERTEX_POINT ( 'NONE', #5142 ) ;
#9338 = ORIENTED_EDGE ( 'NONE', *, *, #5575, .T. ) ;
#9339 = VERTEX_POINT ( 'NONE', #7998 ) ;
#9340 = VECTOR ( 'NONE', #8159, 1000.000000000000000 ) ;
#9341 = ADVANCED_FACE ( 'NONE', ( #8088 ), #767, .F. ) ;
#9342 = FACE_OUTER_BOUND ( 'NONE', #787, .T. ) ;
#9343 = EDGE_CURVE ( 'NONE', #6357, #6597, #4409, .T. ) ;
#9344 = DIRECTION ( 'NONE',  ( 0.8660254037844388186, -0.4999999999999997224, 0.000000000000000000 ) ) ;
#9345 = DIRECTION ( 'NONE',  ( -6.536849690425969867E-16, 1.000000000000000000, 0.000000000000000000 ) ) ;
#9346 = DIRECTION ( 'NONE',  ( 0.000000000000000000, -1.000000000000000000, -4.326681131221240423E-15 ) ) ;
#9347 = DIRECTION ( 'NONE',  ( 8.092255008291029429E-31, 4.326681131221240423E-15, -1.000000000000000000 ) ) ;
#9348 = LINE ( 'NONE', #5686, #8852 ) ;
#9349 = EDGE_LOOP ( 'NONE', ( #2043, #8743 ) ) ;
#9350 = AXIS2_PLACEMENT_3D ( 'NONE', #1802, #4745, #8027 ) ;
#9351 = CARTESIAN_POINT ( 'NONE',  ( 11.60000000000000497, -6.235382907247959849, 0.000000000000000000 ) ) ;
#9352 = VERTEX_POINT ( 'NONE', #5871 ) ;
#9353 = ADVANCED_FACE ( 'NONE', ( #8763 ), #8805, .F. ) ;
#9354 = VECTOR ( 'NONE', #1677, 1000.000000000000000 ) ;
#9355 = DIRECTION ( 'NONE',  ( 1.000000000000000000, -1.210939508638132030E-15, 1.277902559593765872E-15 ) ) ;
#9356 = DIRECTION ( 'NONE',  ( -0.8660254037844388186, 0.4999999999999997224, 0.000000000000000000 ) ) ;
#9357 = DIRECTION ( 'NONE',  ( 2.003086131649543140E-15, 1.000000000000000000, 0.000000000000000000 ) ) ;
#9358 = CARTESIAN_POINT ( 'NONE',  ( 11.60000000000000497, -7.621023553303062137, 0.000000000000000000 ) ) ;
#9359 = DIRECTION ( 'NONE',  ( 1.000000000000000000, -1.210939508638132030E-15, 1.277902559593765872E-15 ) ) ;
#9360 = EDGE_CURVE ( 'NONE', #3816, #2849, #2197, .T. ) ;
#9361 = LINE ( 'NONE', #8583, #756 ) ;
#9362 = CARTESIAN_POINT ( 'NONE',  ( 124.3594733917878870, 133.9320102867270919, 159.0556595974171614 ) ) ;
#9363 = ORIENTED_EDGE ( 'NONE', *, *, #3296, .F. ) ;
#9364 = VECTOR ( 'NONE', #5815, 1000.000000000000114 ) ;
#9365 = EDGE_LOOP ( 'NONE', ( #5819, #500, #4203, #1728 ) ) ;
#9366 = AXIS2_PLACEMENT_3D ( 'NONE', #4443, #7408, #802 ) ;
#9367 = ORIENTED_EDGE ( 'NONE', *, *, #9275, .T. ) ;
#9368 = PLANE ( 'NONE',  #2994 ) ;
#9369 = EDGE_LOOP ( 'NONE', ( #1715, #5602, #6634, #5373 ) ) ;
#9370 = DIRECTION ( 'NONE',  ( 1.000000000000000000, -1.232504460548322048E-29, 1.332169591021896121E-15 ) ) ;
#9371 = DIRECTION ( 'NONE',  ( 1.000000000000000000, -1.210939508638132030E-15, 1.277902559593765872E-15 ) ) ;
#9372 = VERTEX_POINT ( 'NONE', #5236 ) ;
#9373 = PLANE ( 'NONE',  #7543 ) ;
#9374 = CIRCLE ( 'NONE', #6448, 0.09999999999998786249 ) ;
#9375 = ADVANCED_FACE ( 'NONE', ( #5919 ), #5192, .T. ) ;
#9376 = ORIENTED_EDGE ( 'NONE', *, *, #5575, .F. ) ;
#9377 = ORIENTED_EDGE ( 'NONE', *, *, #6978, .T. ) ;
#9379 = DIRECTION ( 'NONE',  ( -1.184735462541920096E-15, -1.000000000000000000, -3.379091138490570313E-15 ) ) ;
#9378 = AXIS2_PLACEMENT_3D ( 'NONE', #2135, #612, #5086 ) ;
#9380 = CARTESIAN_POINT ( 'NONE',  ( 124.3594733917879154, 133.5320102867271146, 138.9638702296181805 ) ) ;
#9381 = CARTESIAN_POINT ( 'NONE',  ( 124.9594733917879097, 127.3320102867271402, 135.3842985606424918 ) ) ;
#9382 = LINE ( 'NONE', #3579, #3349 ) ;
#9383 = SURFACE_STYLE_FILL_AREA ( #6255 ) ;
#9384 = FACE_OUTER_BOUND ( 'NONE', #2259, .T. ) ;
#9385 = PLANE ( 'NONE',  #3663 ) ;
#9386 = ORIENTED_EDGE ( 'NONE', *, *, #346, .T. ) ;
#9387 = EDGE_LOOP ( 'NONE', ( #5818, #6181 ) ) ;
#9388 = EDGE_CURVE ( 'NONE', #4402, #6762, #7373, .T. ) ;
#9389 = ORIENTED_EDGE ( 'NONE', *, *, #4202, .T. ) ;
#9390 = VECTOR ( 'NONE', #3346, 999.9999999999998863 ) ;
#9391 = VERTEX_POINT ( 'NONE', #8850 ) ;
#9392 = LINE ( 'NONE', #5731, #8211 ) ;
#9393 = CARTESIAN_POINT ( 'NONE',  ( 121.5594733917879893, 173.4585906126184796, 137.7001160632314054 ) ) ;
#9394 = CARTESIAN_POINT ( 'NONE',  ( 124.3594733917878870, 139.9320102867271487, 163.4435216432583218 ) ) ;
#9395 = CARTESIAN_POINT ( 'NONE',  ( 124.9594733917879097, 145.9320102867271487, 159.0556595974171898 ) ) ;
#9396 = CARTESIAN_POINT ( 'NONE',  ( 97.10416572089670240, 112.6587965372632141, 130.0501160567390002 ) ) ;
#9397 = DIRECTION ( 'NONE',  ( 0.000000000000000000, 0.000000000000000000, -1.000000000000000000 ) ) ;
#9398 = AXIS2_PLACEMENT_3D ( 'NONE', #7201, #3559, #590 ) ;
#9399 = ORIENTED_EDGE ( 'NONE', *, *, #2895, .F. ) ;
#9400 = PLANE ( 'NONE',  #2306 ) ;
#9401 = EDGE_CURVE ( 'NONE', #8651, #736, #3687, .T. ) ;
#9402 = ORIENTED_EDGE ( 'NONE', *, *, #3055, .T. ) ;
#9403 = VECTOR ( 'NONE', #9160, 999.9999999999998863 ) ;
#9404 = FACE_OUTER_BOUND ( 'NONE', #9217, .T. ) ;
#9405 = CARTESIAN_POINT ( 'NONE',  ( 124.9594733917879523, 127.9320102867271203, 148.6633547520038974 ) ) ;
#9406 = DIRECTION ( 'NONE',  ( -4.685093906533309590E-16, -0.8660254037844385966, -0.4999999999999998890 ) ) ;
#9407 = DIRECTION ( 'NONE',  ( -1.184735462541920096E-15, -1.000000000000000000, -7.287275863554980679E-15 ) ) ;
#9408 = LINE ( 'NONE', #9077, #8240 ) ;
#9409 = DIRECTION ( 'NONE',  ( -1.000000000000000000, 1.210939508638132030E-15, -1.277902559593765872E-15 ) ) ;
#9410 = AXIS2_PLACEMENT_3D ( 'NONE', #5393, #3796, #5292 ) ;
#9411 = CARTESIAN_POINT ( 'NONE',  ( 196.4508015372529997, 162.2587965372885037, 130.0501160567393981 ) ) ;
#9412 = ADVANCED_FACE ( 'NONE', ( #5781 ), #6644, .F. ) ;
#9414 = EDGE_CURVE ( 'NONE', #811, #8821, #4175, .T. ) ;
#9413 = ORIENTED_EDGE ( 'NONE', *, *, #283, .T. ) ;
#9415 = ORIENTED_EDGE ( 'NONE', *, *, #2511, .T. ) ;
#9416 = VERTEX_POINT ( 'NONE', #89 ) ;
#9417 = EDGE_CURVE ( 'NONE', #4026, #4621, #2974, .T. ) ;
#9418 = AXIS2_PLACEMENT_3D ( 'NONE', #6279, #1114, #8886 ) ;
#9419 = FACE_BOUND ( 'NONE', #7190, .T. ) ;
#9420 = EDGE_LOOP ( 'NONE', ( #5464, #3357, #5613, #8810 ) ) ;
#9421 = DIRECTION ( 'NONE',  ( -1.332169591021890008E-15, -3.379091138490570313E-15, 1.000000000000000000 ) ) ;
#9422 = LINE ( 'NONE', #504, #3629 ) ;
#9423 = LINE ( 'NONE', #9469, #2294 ) ;
#9424 = AXIS2_PLACEMENT_3D ( 'NONE', #3084, #1816, #6176 ) ;
#9425 = EDGE_LOOP ( 'NONE', ( #9009, #3472, #5046, #12 ) ) ;
#9426 = ORIENTED_EDGE ( 'NONE', *, *, #5041, .T. ) ;
#9427 = VECTOR ( 'NONE', #5480, 1000.000000000000000 ) ;
#9429 = EDGE_CURVE ( 'NONE', #4509, #5291, #3592, .T. ) ;
#9428 = DIRECTION ( 'NONE',  ( -1.000000000000000000, 2.803871407298020192E-29, 1.822593198525094951E-22 ) ) ;
#9430 = DIRECTION ( 'NONE',  ( -1.000000000000000000, 1.210939508638132030E-15, -1.277902559593765872E-15 ) ) ;
#9431 = LINE ( 'NONE', #9381, #7776 ) ;
#9432 = DIRECTION ( 'NONE',  ( -4.685093906533306632E-16, -0.8660254037844384856, -0.5000000000000002220 ) ) ;
#9433 = APPLICATION_PROTOCOL_DEFINITION ( 'draft international standard', 'automotive_design', 1998, #9452 ) ;
#9434 = DIRECTION ( 'NONE',  ( 0.8660254037844383745, 0.5000000000000003331, 0.000000000000000000 ) ) ;
#9435 = FACE_BOUND ( 'NONE', #2503, .T. ) ;
#9436 = ORIENTED_EDGE ( 'NONE', *, *, #2266, .F. ) ;
#9437 = ORIENTED_EDGE ( 'NONE', *, *, #3369, .F. ) ;
#9438 = EDGE_LOOP ( 'NONE', ( #4659, #130, #4573, #2117 ) ) ;
#9439 = VERTEX_POINT ( 'NONE', #2834 ) ;
#9440 = LINE ( 'NONE', #7421, #3543 ) ;
#9441 = DIRECTION ( 'NONE',  ( -1.210939508638132030E-15, -1.000000000000000000, 2.775557561562899979E-17 ) ) ;
#9442 = ADVANCED_FACE ( 'NONE', ( #2881 ), #5097, .T. ) ;
#9443 = FACE_OUTER_BOUND ( 'NONE', #5157, .T. ) ;
#9444 = DIRECTION ( 'NONE',  ( -1.184735462541918124E-15, -1.000000000000000000, 0.000000000000000000 ) ) ;
#9445 = CARTESIAN_POINT ( 'NONE',  ( 18.80000000000001492, -17.32050807568878525, 0.5999999999999999778 ) ) ;
#9446 = EDGE_LOOP ( 'NONE', ( #8154, #6398, #4251, #2665 ) ) ;
#9447 = ORIENTED_EDGE ( 'NONE', *, *, #753, .T. ) ;
#9448 = VECTOR ( 'NONE', #9123, 1000.000000000000000 ) ;
#9449 = CARTESIAN_POINT ( 'NONE',  ( 124.9594733917879097, 139.9320102867271487, 148.6633547520038974 ) ) ;
#9450 = DIRECTION ( 'NONE',  ( 1.000000000000000000, -1.184735462541916151E-15, 0.000000000000000000 ) ) ;
#9451 = ADVANCED_FACE ( 'NONE', ( #7231 ), #6595, .F. ) ;
#9452 = APPLICATION_CONTEXT ( 'automotive_design' ) ;
#9453 = FACE_OUTER_BOUND ( 'NONE', #215, .T. ) ;
#9454 = CARTESIAN_POINT ( 'NONE',  ( 103.8479001739019907, 155.5981426360454805, 165.6113888862245176 ) ) ;
#9455 = FACE_OUTER_BOUND ( 'NONE', #1192, .T. ) ;
#9456 = VECTOR ( 'NONE', #3372, 1000.000000000000000 ) ;
#9457 = DIRECTION ( 'NONE',  ( -0.000000000000000000, -0.000000000000000000, -1.000000000000000000 ) ) ;
#9458 = ORIENTED_EDGE ( 'NONE', *, *, #2739, .T. ) ;
#9459 = ORIENTED_EDGE ( 'NONE', *, *, #7799, .F. ) ;
#9460 = AXIS2_PLACEMENT_3D ( 'NONE', #4949, #5779, #9345 ) ;
#9461 = ORIENTED_EDGE ( 'NONE', *, *, #8456, .T. ) ;
#9462 = LINE ( 'NONE', #8688, #8219 ) ;
#9463 = ADVANCED_FACE ( 'NONE', ( #8718 ), #5050, .F. ) ;
#9464 = EDGE_LOOP ( 'NONE', ( #2332, #1401, #7318, #8162 ) ) ;
#9465 = EDGE_CURVE ( 'NONE', #6121, #6262, #7611, .T. ) ;
#9466 = CARTESIAN_POINT ( 'NONE',  ( 17.60000000000000142, -3.233161507461904893, 0.5999999999999999778 ) ) ;
#9467 = DIRECTION ( 'NONE',  ( 0.8660254037844384856, -0.5000000000000002220, 0.000000000000000000 ) ) ;
#9468 = EDGE_CURVE ( 'NONE', #5757, #6422, #3116, .T. ) ;
#9469 = CARTESIAN_POINT ( 'NONE',  ( 124.9594733917878671, 115.3320102867271260, 156.1689082514690483 ) ) ;
#9470 = ORIENTED_EDGE ( 'NONE', *, *, #5346, .T. ) ;
#9471 = ORIENTED_EDGE ( 'NONE', *, *, #1005, .T. ) ;
#9472 = VECTOR ( 'NONE', #9261, 1000.000000000000000 ) ;
#9473 = ADVANCED_FACE ( 'NONE', ( #1665 ), #1759, .T. ) ;
#9474 = CARTESIAN_POINT ( 'NONE',  ( 117.9594733917874834, 177.2587965372891006, 129.0501160567393413 ) ) ;
#9475 = CARTESIAN_POINT ( 'NONE',  ( -6.200000000000003730, -10.73871500692703940, 0.5999999999999999778 ) ) ;
#9476 = CARTESIAN_POINT ( 'NONE',  ( 6.200000000000004619, 10.73871500692704117, 0.000000000000000000 ) ) ;
#9477 = LINE ( 'NONE', #2868, #7059 ) ;
#9478 = DIRECTION ( 'NONE',  ( 1.000000000000000000, -1.184735462541926012E-15, 1.332169591021886064E-15 ) ) ;
#9479 = DIRECTION ( 'NONE',  ( 1.744174030142316585E-15, 0.8660254037844394848, -0.4999999999999984457 ) ) ;
#9480 = ORIENTED_EDGE ( 'NONE', *, *, #8988, .F. ) ;
#9481 = ORIENTED_EDGE ( 'NONE', *, *, #9360, .T. ) ;
#9482 = AXIS2_PLACEMENT_3D ( 'NONE', #4271, #7232, #672 ) ;
#9483 = ORIENTED_EDGE ( 'NONE', *, *, #2809, .T. ) ;
#9484 = ORIENTED_EDGE ( 'NONE', *, *, #367, .T. ) ;
#9485 = VECTOR ( 'NONE', #1420, 1000.000000000000000 ) ;
#9486 = DIRECTION ( 'NONE',  ( 0.000000000000000000, 0.1260166810503068613, 0.9920281226341646219 ) ) ;
#9487 = LINE ( 'NONE', #3499, #1597 ) ;
#9488 = CARTESIAN_POINT ( 'NONE',  ( -6.400000000000002132, 0.000000000000000000, -0.000000000000000000 ) ) ;
#9489 = DIRECTION ( 'NONE',  ( 1.000000000000000000, -1.184735462541926012E-15, 1.332169591021886064E-15 ) ) ;
#9490 = PLANE ( 'NONE',  #2692 ) ;
#9491 = EDGE_LOOP ( 'NONE', ( #4307, #9509, #7876, #4400 ) ) ;
#9492 = EDGE_LOOP ( 'NONE', ( #2118, #7427, #4319, #2200, #6784, #3519, #5948, #4893 ) ) ;
#9493 = ORIENTED_EDGE ( 'NONE', *, *, #1306, .T. ) ;
#9494 = VECTOR ( 'NONE', #400, 1000.000000000000000 ) ;
#9495 = EDGE_CURVE ( 'NONE', #2855, #240, #6061, .T. ) ;
#9496 = CARTESIAN_POINT ( 'NONE',  ( 124.7594733917880063, 112.3587965372629895, 144.8001160567399950 ) ) ;
#9497 = DIRECTION ( 'NONE',  ( 0.5773502691896140737, 0.5773502691896286176, -0.5773502691896345018 ) ) ;
#9498 = DIRECTION ( 'NONE',  ( -1.332169591021886064E-15, 0.000000000000000000, 1.000000000000000000 ) ) ;
#9499 = DIRECTION ( 'NONE',  ( -1.000000000000000000, 1.184735462541918124E-15, 4.316747070439680032E-30 ) ) ;
#9500 = CARTESIAN_POINT ( 'NONE',  ( 103.4479001739019992, 174.0571698476069855, 170.4379381348124696 ) ) ;
#9501 = AXIS2_PLACEMENT_3D ( 'NONE', #2958, #6673, #5997 ) ;
#9502 = CARTESIAN_POINT ( 'NONE',  ( 2.602085213965210642E-15, 0.4618802153516987086, 0.000000000000000000 ) ) ;
#9503 = VERTEX_POINT ( 'NONE', #4602 ) ;
#9504 = EDGE_CURVE ( 'NONE', #5170, #8544, #2337, .T. ) ;
#9505 = VERTEX_POINT ( 'NONE', #2434 ) ;
#9506 = VECTOR ( 'NONE', #9104, 1000.000000000000000 ) ;
#9507 = VERTEX_POINT ( 'NONE', #6746 ) ;
#9508 = PLANE ( 'NONE',  #9292 ) ;
#9509 = ORIENTED_EDGE ( 'NONE', *, *, #7524, .T. ) ;
#9511 = EDGE_CURVE ( 'NONE', #4709, #1494, #135, .T. ) ;
#9510 = CARTESIAN_POINT ( 'NONE',  ( 124.5723247599940606, 112.2220656365455369, 177.0952105768104445 ) ) ;
#9512 = LINE ( 'NONE', #6480, #1636 ) ;
#9513 = CARTESIAN_POINT ( 'NONE',  ( 124.9594733917878955, 121.3320102867271117, 145.0837830830282087 ) ) ;
#9514 = EDGE_CURVE ( 'NONE', #3852, #4765, #2531, .T. ) ;
#9515 = ORIENTED_EDGE ( 'NONE', *, *, #5591, .T. ) ;
#9516 = EDGE_LOOP ( 'NONE', ( #5993, #3682 ) ) ;
#9517 = LINE ( 'NONE', #558, #7579 ) ;
#9518 = CARTESIAN_POINT ( 'NONE',  ( 103.6479001739019878, 171.2583839442620217, 138.6748076569074044 ) ) ;
#9519 = FACE_OUTER_BOUND ( 'NONE', #8695, .T. ) ;
#9520 = APPLICATION_PROTOCOL_DEFINITION ( 'draft international standard', 'automotive_design', 1998, #5509 ) ;
#9521 = DIRECTION ( 'NONE',  ( -1.000000000000000000, 0.000000000000000000, 0.000000000000000000 ) ) ;
#9522 = VECTOR ( 'NONE', #2312, 999.9999999999998863 ) ;
#9523 = DIRECTION ( 'NONE',  ( -1.184735462541920096E-15, -1.000000000000000000, -4.326681131221240423E-15 ) ) ;
#9524 = EDGE_LOOP ( 'NONE', ( #5785, #5286, #864, #2342 ) ) ;
#9525 = ORIENTED_EDGE ( 'NONE', *, *, #2308, .F. ) ;
#9526 = EDGE_CURVE ( 'NONE', #1127, #1642, #8326, .T. ) ;
#9527 = ORIENTED_EDGE ( 'NONE', *, *, #6459, .T. ) ;
#9528 = EDGE_CURVE ( 'NONE', #7082, #7237, #4553, .T. ) ;
#9529 = ORIENTED_EDGE ( 'NONE', *, *, #7821, .T. ) ;
#9530 = VECTOR ( 'NONE', #7470, 1000.000000000000114 ) ;
#9531 = DIRECTION ( 'NONE',  ( -1.000000000000000000, 3.039539424122980267E-29, -3.285328468285970480E-15 ) ) ;
#9532 = CARTESIAN_POINT ( 'NONE',  ( 12.40000000000000391, -0.2309401076758522409, 0.000000000000000000 ) ) ;
#9533 = DIRECTION ( 'NONE',  ( 0.000000000000000000, 2.312964634635729960E-14, -1.000000000000000000 ) ) ;
#9534 = NEXT_ASSEMBLY_USAGE_OCCURRENCE ( 'NAUO1', ' ', ' ', #5595, #8595, $ ) ;
#9535 = NEXT_ASSEMBLY_USAGE_OCCURRENCE ( 'NAUO2', ' ', ' ', #5595, #890, $ ) ;
ENDSEC;
END-ISO-10303-21;
