ISO-10303-21;
HEADER;
FILE_DESCRIPTION (( 'STEP AP214' ),
    '1' );
FILE_NAME ('Adapter Rear 1515 3mm Slots.STEP',
    '2026-09-05T08:19:11',
    ( '' ),
    ( '' ),
    '',
    '',
    '' );
FILE_SCHEMA (( 'AUTOMOTIVE_DESIGN' ));
ENDSEC;

DATA;
#1 = CARTESIAN_POINT ( 'NONE',  ( -27.40879313388512628, -203.8893902868810812, 26.32000000000001805 ) ) ;
#2 = CARTESIAN_POINT ( 'NONE',  ( -20.20879313406308597, -217.2890843271050301, -45.81013369694244375 ) ) ;
#3 = EDGE_CURVE ( 'NONE', #1175, #2433, #1441, .T. ) ;
#4 = VERTEX_POINT ( 'NONE', #2522 ) ;
#5 = ORIENTED_EDGE ( 'NONE', *, *, #1214, .T. ) ;
#6 = CARTESIAN_POINT ( 'NONE',  ( -33.00879313331842724, -157.1930932154385232, -45.81013369694327508 ) ) ;
#7 = PLANE ( 'NONE',  #1278 ) ;
#8 = CARTESIAN_POINT ( 'NONE',  ( -24.60879313406304192, -223.8958217684005092, 0.8000000000000785372 ) ) ;
#9 = DIRECTION ( 'NONE',  ( -0.5478810027502797331, -0.8365562783371767175, 1.003501170668957626E-12 ) ) ;
#10 = MANIFOLD_SOLID_BREP ( 'Chanfrein10', #2687 ) ;
#11 = CARTESIAN_POINT ( 'NONE',  ( -28.40879313388516181, -214.9000000003034074, -14.79013369693513091 ) ) ;
#12 = LINE ( 'NONE', #918, #2354 ) ;
#13 = VERTEX_POINT ( 'NONE', #743 ) ;
#14 = ORIENTED_EDGE ( 'NONE', *, *, #578, .F. ) ;
#15 = ADVANCED_FACE ( 'NONE', ( #1857 ), #2930, .T. ) ;
#16 = CARTESIAN_POINT ( 'NONE',  ( 4.028231956410749603, -214.9000000003033790, -13.34871234087838410 ) ) ;
#17 = LINE ( 'NONE', #2694, #1036 ) ;
#18 = EDGE_CURVE ( 'NONE', #2790, #432, #1425, .T. ) ;
#19 = DIRECTION ( 'NONE',  ( 0.7071067811865352493, 0.7071067811865597852, -1.219285607890529437E-14 ) ) ;
#20 = FILL_AREA_STYLE_COLOUR ( '', #2235 ) ;
#21 = ORIENTED_EDGE ( 'NONE', *, *, #903, .T. ) ;
#22 = ORIENTED_EDGE ( 'NONE', *, *, #813, .F. ) ;
#23 = CARTESIAN_POINT ( 'NONE',  ( -21.20879313406309308, -214.9000000003034074, 0.4000000000000739631 ) ) ;
#24 = FACE_OUTER_BOUND ( 'NONE', #779, .T. ) ;
#25 = ORIENTED_EDGE ( 'NONE', *, *, #1644, .T. ) ;
#26 = CARTESIAN_POINT ( 'NONE',  ( -26.40879313406306039, -223.8958217684005092, -14.19013369693508686 ) ) ;
#27 = LINE ( 'NONE', #1609, #1602 ) ;
#28 = ORIENTED_EDGE ( 'NONE', *, *, #2454, .F. ) ;
#29 = LINE ( 'NONE', #939, #275 ) ;
#30 = ORIENTED_EDGE ( 'NONE', *, *, #304, .F. ) ;
#31 = VECTOR ( 'NONE', #653, 1000.000000000000000 ) ;
#32 = FACE_OUTER_BOUND ( 'NONE', #2018, .T. ) ;
#33 = ORIENTED_EDGE ( 'NONE', *, *, #2088, .F. ) ;
#34 = DIRECTION ( 'NONE',  ( 8.075019659248373363E-42, -1.000000000000000000, 1.001833646100949020E-26 ) ) ;
#35 = CARTESIAN_POINT ( 'NONE',  ( -36.43618604402191608, -226.6466397491931275, -3.189177413830338370 ) ) ;
#36 = CIRCLE ( 'NONE', #2074, 61.70690678486771930 ) ;
#37 = EDGE_CURVE ( 'NONE', #2286, #1344, #1436, .T. ) ;
#38 = ADVANCED_FACE ( 'NONE', ( #1635 ), #2531, .F. ) ;
#39 = CIRCLE ( 'NONE', #2789, 3.599999999999984990 ) ;
#40 = EDGE_LOOP ( 'NONE', ( #2717, #1479, #1290, #2873 ) ) ;
#41 = DIRECTION ( 'NONE',  ( 0.5136803447301301340, 0.6872154006393207393, -0.5136803447301372394 ) ) ;
#42 = DIRECTION ( 'NONE',  ( 0.000000000000000000, -0.7071067811865472397, 0.7071067811865479058 ) ) ;
#43 = VECTOR ( 'NONE', #489, 1000.000000000000000 ) ;
#44 = CARTESIAN_POINT ( 'NONE',  ( -27.58913886226996581, -219.5043861503843345, -38.87069221208368219 ) ) ;
#45 = CONICAL_SURFACE ( 'NONE', #2797, 2.999999999999997335, 0.7853981633974468357 ) ;
#46 = EDGE_LOOP ( 'NONE', ( #2033, #1414, #542, #391, #532, #2814 ) ) ;
#47 =( GEOMETRIC_REPRESENTATION_CONTEXT ( 3 ) GLOBAL_UNCERTAINTY_ASSIGNED_CONTEXT ( ( #2224 ) ) GLOBAL_UNIT_ASSIGNED_CONTEXT ( ( #673, #2348, #100 ) ) REPRESENTATION_CONTEXT ( 'NONE', 'WORKASPACE' ) );
#48 = DIRECTION ( 'NONE',  ( -6.672963584753481990E-42, 1.000000000000000000, -1.001833646100948877E-26 ) ) ;
#49 = ORIENTED_EDGE ( 'NONE', *, *, #2272, .T. ) ;
#50 = CARTESIAN_POINT ( 'NONE',  ( -26.80879313406303410, -218.9897587435506523, 25.92000000000001236 ) ) ;
#51 = B_SPLINE_CURVE_WITH_KNOTS ( 'NONE', 3,
 ( #768, #1488, #1939, #1734 ),
 .UNSPECIFIED., .F., .F.,
 ( 4, 4 ),
 ( 0.000000000000000000, 0.0008506401776745857110 ),
 .UNSPECIFIED. ) ;
#52 = EDGE_CURVE ( 'NONE', #693, #626, #1059, .T. ) ;
#53 = DIRECTION ( 'NONE',  ( -6.672963584753481990E-42, 1.000000000000000000, -1.001833646100948877E-26 ) ) ;
#54 = VERTEX_POINT ( 'NONE', #1081 ) ;
#55 = CARTESIAN_POINT ( 'NONE',  ( -21.20879313406306110, -217.7612560154895789, -39.71013369693525163 ) ) ;
#56 = EDGE_CURVE ( 'NONE', #966, #1072, #230, .T. ) ;
#57 = DIRECTION ( 'NONE',  ( 0.7034440569815162414, 0.1016509586514415114, -0.7034440569815260114 ) ) ;
#58 = SURFACE_SIDE_STYLE ('',( #1770 ) ) ;
#59 = CARTESIAN_POINT ( 'NONE',  ( -26.60879313406305613, -223.4958217684005604, -13.99013369693511777 ) ) ;
#60 = LINE ( 'NONE', #368, #2173 ) ;
#61 = DIRECTION ( 'NONE',  ( -6.672963584753481990E-42, 1.000000000000000000, -1.001833646100948877E-26 ) ) ;
#62 = DIRECTION ( 'NONE',  ( 6.672963584753481990E-42, -1.000000000000000000, 1.001833646100948733E-26 ) ) ;
#63 = DIRECTION ( 'NONE',  ( -0.5136803447301159231, -0.6872154006393484948, -0.5136803447301140357 ) ) ;
#64 = DIRECTION ( 'NONE',  ( -7.092966786403880877E-16, -1.383246298583668343E-14, -1.000000000000000000 ) ) ;
#65 = CARTESIAN_POINT ( 'NONE',  ( -24.20879313406303268, -218.8754263344367814, -39.11014359579743171 ) ) ;
#66 = EDGE_CURVE ( 'NONE', #2296, #2493, #1458, .T. ) ;
#67 = DIRECTION ( 'NONE',  ( 0.7071067811865597852, -0.7071067811865352493, 7.084033647788125533E-27 ) ) ;
#68 = ADVANCED_FACE ( 'NONE', ( #1976 ), #1494, .T. ) ;
#69 = EDGE_CURVE ( 'NONE', #1585, #175, #2386, .T. ) ;
#70 = LINE ( 'NONE', #2537, #1715 ) ;
#71 = DIRECTION ( 'NONE',  ( -0.6251553794895624572, 0.4672916680088726182, -0.6251553794895687854 ) ) ;
#72 = ORIENTED_EDGE ( 'NONE', *, *, #2792, .T. ) ;
#73 = CARTESIAN_POINT ( 'NONE',  ( -26.80879313406298081, -219.5927419206594777, 25.32000000000170914 ) ) ;
#74 = ORIENTED_EDGE ( 'NONE', *, *, #415, .T. ) ;
#75 = ORIENTED_EDGE ( 'NONE', *, *, #2015, .F. ) ;
#76 = CARTESIAN_POINT ( 'NONE',  ( -24.20879313406303268, -223.4958217684005035, 0.8000000000000784262 ) ) ;
#77 = VECTOR ( 'NONE', #2418, 1000.000000000000000 ) ;
#78 = CARTESIAN_POINT ( 'NONE',  ( -26.80879313406303410, -219.1907579511512267, -39.11013853622472425 ) ) ;
#79 = ORIENTED_EDGE ( 'NONE', *, *, #18, .T. ) ;
#80 = ORIENTED_EDGE ( 'NONE', *, *, #2201, .T. ) ;
#81 = AXIS2_PLACEMENT_3D ( 'NONE', #942, #2529, #86 ) ;
#82 = CARTESIAN_POINT ( 'NONE',  ( -24.20879313406303268, -223.4958217684005319, -39.71013369693522321 ) ) ;
#83 = VECTOR ( 'NONE', #1252, 1000.000000000000000 ) ;
#84 = VECTOR ( 'NONE', #1742, 1000.000000000000000 ) ;
#85 = ORIENTED_EDGE ( 'NONE', *, *, #639, .F. ) ;
#86 = DIRECTION ( 'NONE',  ( 0.000000000000000000, 0.000000000000000000, -1.000000000000000000 ) ) ;
#87 = ORIENTED_EDGE ( 'NONE', *, *, #1012, .F. ) ;
#88 = EDGE_CURVE ( 'NONE', #1033, #1068, #2910, .T. ) ;
#89 = DIRECTION ( 'NONE',  ( 6.672963584753481990E-42, -1.000000000000000000, 1.001833646100948877E-26 ) ) ;
#90 = EDGE_CURVE ( 'NONE', #1208, #1472, #17, .T. ) ;
#91 = PLANE ( 'NONE',  #1128 ) ;
#92 = VERTEX_POINT ( 'NONE', #1593 ) ;
#93 = VECTOR ( 'NONE', #1397, 1000.000000000000227 ) ;
#94 = LINE ( 'NONE', #1197, #2833 ) ;
#95 = VECTOR ( 'NONE', #344, 1000.000000000000000 ) ;
#96 = EDGE_CURVE ( 'NONE', #1485, #54, #1795, .T. ) ;
#97 = ORIENTED_EDGE ( 'NONE', *, *, #1972, .F. ) ;
#98 = LINE ( 'NONE', #1393, #43 ) ;
#99 =( BOUNDED_CURVE ( )  B_SPLINE_CURVE ( 3, ( #817, #1035, #1767, #2396 ),
 .UNSPECIFIED., .F., .T. ) 
 B_SPLINE_CURVE_WITH_KNOTS ( ( 4, 4 ),
 ( 5.610511727759535994, 6.283185307179586232 ),
 .UNSPECIFIED. ) 
 CURVE ( )  GEOMETRIC_REPRESENTATION_ITEM ( )  RATIONAL_B_SPLINE_CURVE ( ( 1.000000000000000000, 0.9626466471244103928, 0.9626466471244103928, 1.000000000000000000 ) ) 
 REPRESENTATION_ITEM ( '' )  );
#100 =( NAMED_UNIT ( * ) SI_UNIT ( $, .STERADIAN. ) SOLID_ANGLE_UNIT ( ) );
#101 = CARTESIAN_POINT ( 'NONE',  ( -24.60879313406303837, -223.4958217684005035, 26.32000000000001805 ) ) ;
#102 = LINE ( 'NONE', #522, #2554 ) ;
#103 = DIRECTION ( 'NONE',  ( -1.000000000000000000, -7.821532472520555999E-16, 7.821532472520555013E-16 ) ) ;
#104 = ORIENTED_EDGE ( 'NONE', *, *, #1916, .F. ) ;
#105 = CARTESIAN_POINT ( 'NONE',  ( -21.20879313406306110, -213.9000000003034359, -39.71013369693525163 ) ) ;
#106 = DIRECTION ( 'NONE',  ( -6.672963584753483264E-42, 1.000000000000000000, -1.001833646100949020E-26 ) ) ;
#107 = CARTESIAN_POINT ( 'NONE',  ( -20.20879313406308597, -217.2890843271050869, -45.81013369694244375 ) ) ;
#108 = CARTESIAN_POINT ( 'NONE',  ( -33.00879313331837750, -157.1930932154375569, 25.32000000000004292 ) ) ;
#109 = PRODUCT_DEFINITION ( 'UNKNOWN', '', #564, #1513 ) ;
#110 = ORIENTED_EDGE ( 'NONE', *, *, #2670, .F. ) ;
#111 = LINE ( 'NONE', #2586, #2887 ) ;
#112 = ADVANCED_FACE ( 'NONE', ( #1581 ), #2482, .T. ) ;
#113 = ORIENTED_EDGE ( 'NONE', *, *, #1301, .F. ) ;
#114 = DIRECTION ( 'NONE',  ( 0.5773502691896257311, -0.5773502691896208461, -0.5773502691896307271 ) ) ;
#115 = CARTESIAN_POINT ( 'NONE',  ( -24.34222990245460849, -218.5577007143755850, 0.6665632316085053910 ) ) ;
#116 = DIRECTION ( 'NONE',  ( 6.672963584753474343E-42, -1.000000000000000000, 1.001833646100948877E-26 ) ) ;
#117 = VERTEX_POINT ( 'NONE', #1332 ) ;
#118 = FACE_OUTER_BOUND ( 'NONE', #568, .T. ) ;
#119 = CARTESIAN_POINT ( 'NONE',  ( -31.43618604402192318, -225.9241163470648530, -10.20095628316280312 ) ) ;
#120 = ORIENTED_EDGE ( 'NONE', *, *, #836, .F. ) ;
#121 = CARTESIAN_POINT ( 'NONE',  ( -27.92826908161820398, -219.2117273776297282, 0.9194759477331562181 ) ) ;
#122 = PLANE ( 'NONE',  #315 ) ;
#123 = CARTESIAN_POINT ( 'NONE',  ( -27.41989147083991796, -219.6504413558526778, 25.32000000000173756 ) ) ;
#124 = DIRECTION ( 'NONE',  ( 0.1430191607228619988, -0.9897199198086942262, 0.000000000000000000 ) ) ;
#125 = ADVANCED_FACE ( 'NONE', ( #202 ), #1138, .T. ) ;
#126 = ADVANCED_FACE ( 'NONE', ( #1164 ), #1422, .F. ) ;
#127 = ORIENTED_EDGE ( 'NONE', *, *, #2483, .F. ) ;
#128 = VECTOR ( 'NONE', #63, 1000.000000000000227 ) ;
#129 = ORIENTED_EDGE ( 'NONE', *, *, #2565, .F. ) ;
#130 = CARTESIAN_POINT ( 'NONE',  ( -20.20879313406308597, -214.9000000003034074, -57.86969363844725933 ) ) ;
#131 = AXIS2_PLACEMENT_3D ( 'NONE', #710, #1220, #1258 ) ;
#132 = ORIENTED_EDGE ( 'NONE', *, *, #1864, .F. ) ;
#133 = CARTESIAN_POINT ( 'NONE',  ( -26.80879313406299858, -219.5927419206597904, 1.400000000001788703 ) ) ;
#134 = CARTESIAN_POINT ( 'NONE',  ( -33.00879313331839171, -157.1930932154378979, 0.4000000000000739075 ) ) ;
#135 = CARTESIAN_POINT ( 'NONE',  ( -28.40879313388514760, -214.9000000003033790, -0.04142135611475876444 ) ) ;
#136 = AXIS2_PLACEMENT_3D ( 'NONE', #1113, #441, #34 ) ;
#137 = PLANE ( 'NONE',  #2465 ) ;
#138 = VECTOR ( 'NONE', #2526, 1000.000000000000000 ) ;
#139 = ORIENTED_EDGE ( 'NONE', *, *, #1859, .T. ) ;
#140 = VECTOR ( 'NONE', #2607, 1000.000000000000000 ) ;
#141 = ORIENTED_EDGE ( 'NONE', *, *, #2204, .F. ) ;
#142 = DIRECTION ( 'NONE',  ( 0.000000000000000000, 2.775557561562965820E-14, 1.000000000000000000 ) ) ;
#143 = CARTESIAN_POINT ( 'NONE',  ( -33.00879313331839171, -157.1930932154378695, 1.400000000000067857 ) ) ;
#144 = DIRECTION ( 'NONE',  ( -0.9897199198086941152, -0.1430191607228620265, 0.000000000000000000 ) ) ;
#145 = VERTEX_POINT ( 'NONE', #2334 ) ;
#146 = EDGE_CURVE ( 'NONE', #2268, #2362, #1612, .T. ) ;
#147 = FACE_OUTER_BOUND ( 'NONE', #2775, .T. ) ;
#148 = EDGE_CURVE ( 'NONE', #1432, #149, #1689, .T. ) ;
#149 = VERTEX_POINT ( 'NONE', #1676 ) ;
#150 = LINE ( 'NONE', #2431, #995 ) ;
#151 = CARTESIAN_POINT ( 'NONE',  ( -24.34222990245460849, -218.5577007143786830, 26.05343676839158462 ) ) ;
#152 = VERTEX_POINT ( 'NONE', #2729 ) ;
#153 = CARTESIAN_POINT ( 'NONE',  ( -21.20879313406308597, -213.9000000003034359, 26.32000000000001805 ) ) ;
#154 = LINE ( 'NONE', #596, #311 ) ;
#155 = ORIENTED_EDGE ( 'NONE', *, *, #2424, .F. ) ;
#156 = CARTESIAN_POINT ( 'NONE',  ( -17.40000000015295711, -213.9000000003034359, -38.71013369693517348 ) ) ;
#157 = CARTESIAN_POINT ( 'NONE',  ( -21.18165623816449283, -218.7745432746012284, -38.71013369693338291 ) ) ;
#158 = VERTEX_POINT ( 'NONE', #2513 ) ;
#159 = CARTESIAN_POINT ( 'NONE',  ( -38.13363046701054060, -214.9000000003034074, -57.86969363844725933 ) ) ;
#160 = ORIENTED_EDGE ( 'NONE', *, *, #1012, .T. ) ;
#161 = ORIENTED_EDGE ( 'NONE', *, *, #1604, .T. ) ;
#162 = DIRECTION ( 'NONE',  ( 0.7071067811865444641, -0.7071067811865505703, -1.196099074440422029E-16 ) ) ;
#163 = FACE_OUTER_BOUND ( 'NONE', #1117, .T. ) ;
#164 = CARTESIAN_POINT ( 'NONE',  ( -21.18165623816441467, -218.7745432746003189, 25.32000000000175532 ) ) ;
#165 = ADVANCED_FACE ( 'NONE', ( #469 ), #174, .T. ) ;
#166 = VERTEX_POINT ( 'NONE', #2764 ) ;
#167 = CARTESIAN_POINT ( 'NONE',  ( -20.20879313406308597, -214.9000000003034074, 1.400000000000081624 ) ) ;
#168 = CARTESIAN_POINT ( 'NONE',  ( -26.40879313406302487, -223.8958217684005092, 26.32000000000001805 ) ) ;
#169 = FILL_AREA_STYLE_COLOUR ( '', #1216 ) ;
#170 = LINE ( 'NONE', #2888, #1459 ) ;
#171 = CARTESIAN_POINT ( 'NONE',  ( -26.80879313406303410, -223.8958217684005092, -39.71013369693522321 ) ) ;
#172 = CARTESIAN_POINT ( 'NONE',  ( -27.40879313388511918, -203.8893902868810812, 0.4000000000000737410 ) ) ;
#173 = DIRECTION ( 'NONE',  ( 0.7071067811865597852, -7.084033647788119794E-27, -0.7071067811865352493 ) ) ;
#174 = CONICAL_SURFACE ( 'NONE', #2644, 61.70690678486606373, 0.7853981633974275178 ) ;
#175 = VERTEX_POINT ( 'NONE', #1643 ) ;
#176 = CARTESIAN_POINT ( 'NONE',  ( -30.23276342597907274, -217.2230208331781682, -36.88616340484123413 ) ) ;
#177 = DIRECTION ( 'NONE',  ( 0.000000000000000000, 0.7071067811865474617, 0.7071067811865475727 ) ) ;
#178 = AXIS2_PLACEMENT_3D ( 'NONE', #2597, #2307, #561 ) ;
#179 = DIRECTION ( 'NONE',  ( 1.000000000000000000, 0.000000000000000000, -1.068267646552778750E-14 ) ) ;
#180 = VECTOR ( 'NONE', #203, 1000.000000000000114 ) ;
#181 = ADVANCED_FACE ( 'NONE', ( #1021 ), #91, .T. ) ;
#182 = AXIS2_PLACEMENT_3D ( 'NONE', #1523, #1289, #1259 ) ;
#183 = CARTESIAN_POINT ( 'NONE',  ( -26.67527740567376426, -218.8421772141051918, -14.05661796854582590 ) ) ;
#184 = CARTESIAN_POINT ( 'NONE',  ( -21.18165623816449283, -218.7745432746009158, -14.79013369693339897 ) ) ;
#185 = VERTEX_POINT ( 'NONE', #804 ) ;
#186 = CYLINDRICAL_SURFACE ( 'NONE', #1947, 2.999999999999997335 ) ;
#187 = ORIENTED_EDGE ( 'NONE', *, *, #208, .T. ) ;
#188 = VERTEX_POINT ( 'NONE', #818 ) ;
#189 = PLANE ( 'NONE',  #2923 ) ;
#190 = FACE_OUTER_BOUND ( 'NONE', #1270, .T. ) ;
#191 = FACE_OUTER_BOUND ( 'NONE', #2233, .T. ) ;
#192 = DIRECTION ( 'NONE',  ( 7.092966786403880877E-16, 1.383246298583668343E-14, 1.000000000000000000 ) ) ;
#193 = DIRECTION ( 'NONE',  ( -1.000000000000000000, 0.000000000000000000, -3.092353713705240101E-16 ) ) ;
#194 = EDGE_CURVE ( 'NONE', #1885, #539, #2645, .T. ) ;
#195 = ADVANCED_FACE ( 'NONE', ( #1506 ), #1455, .F. ) ;
#196 = ORIENTED_EDGE ( 'NONE', *, *, #2631, .F. ) ;
#197 = LINE ( 'NONE', #1374, #2363 ) ;
#198 = CARTESIAN_POINT ( 'NONE',  ( -20.20879313406308597, -217.2890843271044901, 1.400000000000081624 ) ) ;
#199 = ORIENTED_EDGE ( 'NONE', *, *, #2615, .T. ) ;
#200 = CARTESIAN_POINT ( 'NONE',  ( -33.40879313388516891, -212.2732983662722006, -14.85289057278118641 ) ) ;
#201 = DIRECTION ( 'NONE',  ( 8.060240031541824294E-16, 1.001833646100948877E-26, 1.000000000000000000 ) ) ;
#202 = FACE_OUTER_BOUND ( 'NONE', #423, .T. ) ;
#203 = DIRECTION ( 'NONE',  ( -0.5773502691896225114, -0.5773502691896270633, 0.5773502691896276184 ) ) ;
#204 = CARTESIAN_POINT ( 'NONE',  ( -18.00000000015305446, -210.0466556387371782, -39.31013369693527437 ) ) ;
#205 = ORIENTED_EDGE ( 'NONE', *, *, #2487, .F. ) ;
#206 = ORIENTED_EDGE ( 'NONE', *, *, #2070, .F. ) ;
#207 = ORIENTED_EDGE ( 'NONE', *, *, #1531, .F. ) ;
#208 = EDGE_CURVE ( 'NONE', #1556, #958, #2174, .T. ) ;
#209 = PLANE ( 'NONE',  #1092 ) ;
#210 = EDGE_CURVE ( 'NONE', #676, #920, #1737, .T. ) ;
#211 = DIRECTION ( 'NONE',  ( 0.7071067811865469066, -7.084033647788250372E-27, -0.7071067811865482389 ) ) ;
#212 = CARTESIAN_POINT ( 'NONE',  ( -32.65403023421097117, -212.1642315946576502, -33.83520212495930224 ) ) ;
#213 = ORIENTED_EDGE ( 'NONE', *, *, #1809, .F. ) ;
#214 = CARTESIAN_POINT ( 'NONE',  ( -26.40879313406302487, -218.5460258671519682, 0.4000000000000737410 ) ) ;
#215 = ORIENTED_EDGE ( 'NONE', *, *, #2615, .F. ) ;
#216 = VERTEX_POINT ( 'NONE', #412 ) ;
#217 = VECTOR ( 'NONE', #71, 1000.000000000000000 ) ;
#218 = DIRECTION ( 'NONE',  ( -8.075019659248379735E-42, 1.000000000000000000, -1.001833646100948877E-26 ) ) ;
#219 = FILL_AREA_STYLE ('',( #169 ) ) ;
#220 = AXIS2_PLACEMENT_3D ( 'NONE', #2171, #1019, #2824 ) ;
#221 = DIRECTION ( 'NONE',  ( 6.672963584753481990E-42, -1.000000000000000000, 1.001833646100948877E-26 ) ) ;
#222 = ORIENTED_EDGE ( 'NONE', *, *, #393, .F. ) ;
#223 = PLANE ( 'NONE',  #797 ) ;
#224 = VECTOR ( 'NONE', #270, 1000.000000000000114 ) ;
#225 = CARTESIAN_POINT ( 'NONE',  ( -26.40879313406302487, -218.5460258671519682, 0.4000000000000737410 ) ) ;
#226 = ORIENTED_EDGE ( 'NONE', *, *, #2015, .T. ) ;
#227 = DIRECTION ( 'NONE',  ( 0.5478810027502775126, 0.8365562783371782718, -1.049010250847429708E-12 ) ) ;
#228 = CIRCLE ( 'NONE', #1905, 61.70690678486431580 ) ;
#229 = VERTEX_POINT ( 'NONE', #1110 ) ;
#230 = B_SPLINE_CURVE_WITH_KNOTS ( 'NONE', 3,
 ( #2419, #2857, #853, #545 ),
 .UNSPECIFIED., .F., .F.,
 ( 4, 4 ),
 ( 0.000000000000000000, 0.0009276138462188228623 ),
 .UNSPECIFIED. ) ;
#231 = ORIENTED_EDGE ( 'NONE', *, *, #883, .F. ) ;
#232 = DIRECTION ( 'NONE',  ( -6.672963584753483264E-42, 1.000000000000000000, -1.001833646100949020E-26 ) ) ;
#233 = ORIENTED_EDGE ( 'NONE', *, *, #2306, .F. ) ;
#234 = CARTESIAN_POINT ( 'NONE',  ( -17.40000000015290382, -214.9000000003034074, 25.32000000000000739 ) ) ;
#235 = VECTOR ( 'NONE', #348, 1000.000000000000000 ) ;
#236 = VECTOR ( 'NONE', #2485, 1000.000000000000000 ) ;
#237 = FACE_OUTER_BOUND ( 'NONE', #526, .T. ) ;
#238 = EDGE_CURVE ( 'NONE', #1442, #546, #1328, .T. ) ;
#239 = EDGE_LOOP ( 'NONE', ( #1548, #2710, #113 ) ) ;
#240 = CARTESIAN_POINT ( 'NONE',  ( -26.80879313406303410, -223.8958217684005092, 0.8000000000000784262 ) ) ;
#241 = CARTESIAN_POINT ( 'NONE',  ( -24.40879313406301421, -223.6958217684004921, -14.19013369693509041 ) ) ;
#242 = ORIENTED_EDGE ( 'NONE', *, *, #2343, .T. ) ;
#243 = CARTESIAN_POINT ( 'NONE',  ( -18.40000000015289316, -210.5086122540768940, 26.32000000000001805 ) ) ;
#244 = CARTESIAN_POINT ( 'NONE',  ( -33.00879313331840592, -157.1930932154381253, -14.79013369693510782 ) ) ;
#245 = DIRECTION ( 'NONE',  ( -6.672963584753481990E-42, 1.000000000000000000, 0.000000000000000000 ) ) ;
#246 = EDGE_CURVE ( 'NONE', #958, #166, #1562, .T. ) ;
#247 = CARTESIAN_POINT ( 'NONE',  ( -24.60879313406303837, -223.4958217684005035, 26.32000000000001805 ) ) ;
#248 = ADVANCED_FACE ( 'NONE', ( #1576 ), #436, .T. ) ;
#249 = ORIENTED_EDGE ( 'NONE', *, *, #2682, .F. ) ;
#250 = FACE_OUTER_BOUND ( 'NONE', #1771, .T. ) ;
#251 = EDGE_LOOP ( 'NONE', ( #33, #2523, #2608, #602, #2528 ) ) ;
#252 = CARTESIAN_POINT ( 'NONE',  ( -21.18165623816449283, -218.7745432746009158, -14.79013369693339897 ) ) ;
#253 = CARTESIAN_POINT ( 'NONE',  ( -33.00879313331839171, -157.1930932154378695, 1.400000000000109601 ) ) ;
#254 = ORIENTED_EDGE ( 'NONE', *, *, #1644, .F. ) ;
#255 = FACE_OUTER_BOUND ( 'NONE', #1172, .T. ) ;
#256 = DIRECTION ( 'NONE',  ( 0.000000000000000000, 0.000000000000000000, -1.000000000000000000 ) ) ;
#257 = LINE ( 'NONE', #2060, #267 ) ;
#258 = ORIENTED_EDGE ( 'NONE', *, *, #2886, .F. ) ;
#259 = LINE ( 'NONE', #1868, #1995 ) ;
#260 = EDGE_LOOP ( 'NONE', ( #2875, #2021, #775, #840 ) ) ;
#261 = ADVANCED_FACE ( 'NONE', ( #904 ), #1823, .T. ) ;
#262 = AXIS2_PLACEMENT_3D ( 'NONE', #1443, #765, #1231 ) ;
#263 = DIRECTION ( 'NONE',  ( 0.8365562783371767175, -0.5478810027502798441, 6.985177101466007440E-15 ) ) ;
#264 = ORIENTED_EDGE ( 'NONE', *, *, #639, .T. ) ;
#265 = CARTESIAN_POINT ( 'NONE',  ( -27.92826908161642763, -219.2117273776308650, 25.80052405226871315 ) ) ;
#266 = DIRECTION ( 'NONE',  ( -0.7071067811865505703, -0.7071067811865444641, 7.084033647788217369E-27 ) ) ;
#267 = VECTOR ( 'NONE', #211, 999.9999999999998863 ) ;
#268 = EDGE_CURVE ( 'NONE', #1472, #2508, #2444, .T. ) ;
#269 = VECTOR ( 'NONE', #1272, 999.9999999999998863 ) ;
#270 = DIRECTION ( 'NONE',  ( 0.6030498878331947976, -0.5221701500169581012, -0.6030498878332030133 ) ) ;
#271 = CARTESIAN_POINT ( 'NONE',  ( -28.40879313388516181, -218.7970501492616791, -14.79013369693513091 ) ) ;
#272 = EDGE_LOOP ( 'NONE', ( #2211, #1437, #980, #413, #2003, #1520, #1074, #330 ) ) ;
#273 = VERTEX_POINT ( 'NONE', #1362 ) ;
#274 = LINE ( 'NONE', #971, #886 ) ;
#275 = VECTOR ( 'NONE', #1850, 1000.000000000000000 ) ;
#276 = CIRCLE ( 'NONE', #1056, 62.70690678486598557 ) ;
#277 = ORIENTED_EDGE ( 'NONE', *, *, #857, .T. ) ;
#278 = ORIENTED_EDGE ( 'NONE', *, *, #1641, .T. ) ;
#279 = FACE_OUTER_BOUND ( 'NONE', #691, .T. ) ;
#280 = CARTESIAN_POINT ( 'NONE',  ( -26.80879313406303410, -214.9000000003034074, -14.19013369693509397 ) ) ;
#281 = ORIENTED_EDGE ( 'NONE', *, *, #355, .T. ) ;
#282 = LINE ( 'NONE', #1199, #1000 ) ;
#283 = EDGE_CURVE ( 'NONE', #1834, #1033, #2279, .T. ) ;
#284 = LINE ( 'NONE', #1200, #128 ) ;
#285 = FACE_OUTER_BOUND ( 'NONE', #2663, .T. ) ;
#286 = CARTESIAN_POINT ( 'NONE',  ( -20.20879313406308597, -217.2890843271044901, 1.400000000000081624 ) ) ;
#287 = EDGE_CURVE ( 'NONE', #185, #2555, #1152, .T. ) ;
#288 = EDGE_CURVE ( 'NONE', #1897, #494, #27, .T. ) ;
#289 = B_SPLINE_CURVE_WITH_KNOTS ( 'NONE', 3,
 ( #2351, #2097, #115, #2818 ),
 .UNSPECIFIED., .F., .F.,
 ( 4, 4 ),
 ( 0.000000000000000000, 0.0006640552207825069523 ),
 .UNSPECIFIED. ) ;
#290 = ORIENTED_EDGE ( 'NONE', *, *, #908, .F. ) ;
#291 = LINE ( 'NONE', #1937, #696 ) ;
#292 = ORIENTED_EDGE ( 'NONE', *, *, #1900, .T. ) ;
#293 = CARTESIAN_POINT ( 'NONE',  ( -26.40879313406306395, -203.8893902868810812, -39.71013369693520190 ) ) ;
#294 = CARTESIAN_POINT ( 'NONE',  ( -18.40000000015290027, -213.9000000003034359, 26.32000000000001805 ) ) ;
#295 = ORIENTED_EDGE ( 'NONE', *, *, #521, .F. ) ;
#296 = CARTESIAN_POINT ( 'NONE',  ( -26.40879313406306039, -223.8958217684005092, -14.19013369693508686 ) ) ;
#297 = ORIENTED_EDGE ( 'NONE', *, *, #2813, .F. ) ;
#298 = CARTESIAN_POINT ( 'NONE',  ( -33.35158546959600301, -212.6691863341957287, -3.189177413830338370 ) ) ;
#299 = LINE ( 'NONE', #1481, #2232 ) ;
#300 = ORIENTED_EDGE ( 'NONE', *, *, #923, .T. ) ;
#301 = EDGE_CURVE ( 'NONE', #1966, #54, #1318, .T. ) ;
#302 = EDGE_CURVE ( 'NONE', #2111, #589, #1564, .T. ) ;
#303 = CARTESIAN_POINT ( 'NONE',  ( -21.19075874309812235, -218.4368236237907297, 1.066624883062772255 ) ) ;
#304 = EDGE_CURVE ( 'NONE', #2632, #1444, #2943, .T. ) ;
#305 = EDGE_LOOP ( 'NONE', ( #1709, #1135, #1832, #576 ) ) ;
#306 = ORIENTED_EDGE ( 'NONE', *, *, #1239, .T. ) ;
#307 = ORIENTED_EDGE ( 'NONE', *, *, #1188, .F. ) ;
#308 = CARTESIAN_POINT ( 'NONE',  ( -24.20879313406303268, -223.8958217684005092, -39.31013369693525306 ) ) ;
#309 = CARTESIAN_POINT ( 'NONE',  ( -18.40000000015306014, -213.9000000003034359, -39.71013369693528006 ) ) ;
#310 = PLANE ( 'NONE',  #2556 ) ;
#311 = VECTOR ( 'NONE', #2222, 1000.000000000000000 ) ;
#312 = PLANE ( 'NONE',  #604 ) ;
#313 = VERTEX_POINT ( 'NONE', #214 ) ;
#314 = LINE ( 'NONE', #1891, #224 ) ;
#315 = AXIS2_PLACEMENT_3D ( 'NONE', #1729, #1495, #1293 ) ;
#316 = LINE ( 'NONE', #748, #140 ) ;
#317 = AXIS2_PLACEMENT_3D ( 'NONE', #1075, #2919, #1747 ) ;
#318 = ORIENTED_EDGE ( 'NONE', *, *, #1079, .F. ) ;
#319 = VERTEX_POINT ( 'NONE', #105 ) ;
#320 = PLANE ( 'NONE',  #1178 ) ;
#321 = VECTOR ( 'NONE', #1545, 1000.000000000000000 ) ;
#322 = ADVANCED_FACE ( 'NONE', ( #1922 ), #1256, .T. ) ;
#323 = VECTOR ( 'NONE', #2856, 1000.000000000000000 ) ;
#324 = CARTESIAN_POINT ( 'NONE',  ( -26.80879313406303410, -218.9897587435475259, 0.8000000000000784262 ) ) ;
#325 = CARTESIAN_POINT ( 'NONE',  ( -38.01290516596160529, -212.9386141041113376, -10.20095628316280312 ) ) ;
#326 = EDGE_CURVE ( 'NONE', #494, #2150, #1695, .T. ) ;
#327 = VECTOR ( 'NONE', #1453, 1000.000000000000000 ) ;
#328 = DIRECTION ( 'NONE',  ( -0.1011298183867449380, 0.6998376667721368793, 0.7071067811865444641 ) ) ;
#329 = VECTOR ( 'NONE', #397, 1000.000000000000000 ) ;
#330 = ORIENTED_EDGE ( 'NONE', *, *, #2355, .T. ) ;
#331 = PLANE ( 'NONE',  #2507 ) ;
#332 = CARTESIAN_POINT ( 'NONE',  ( -26.80879313406299858, -219.5927419206597904, 1.400000000001788703 ) ) ;
#333 = DIRECTION ( 'NONE',  ( -9.614813431917822780E-17, 0.7071067811865534569, -0.7071067811865416886 ) ) ;
#334 = DIRECTION ( 'NONE',  ( 8.075019659248373363E-42, -1.000000000000000000, 1.001833646100949020E-26 ) ) ;
#335 = CARTESIAN_POINT ( 'NONE',  ( -26.40879313406306395, -223.4958217684005319, -39.71013369693520190 ) ) ;
#336 = CARTESIAN_POINT ( 'NONE',  ( -21.18165623816441823, -218.7745432746006600, 1.400000000001818679 ) ) ;
#337 = ORIENTED_EDGE ( 'NONE', *, *, #2471, .F. ) ;
#338 = DIRECTION ( 'NONE',  ( 7.092966786403879890E-16, 1.383246298583668185E-14, 1.000000000000000000 ) ) ;
#339 = CARTESIAN_POINT ( 'NONE',  ( -24.60879313406303837, -218.3255914873784604, 26.32000000000001805 ) ) ;
#340 = ADVANCED_FACE ( 'NONE', ( #2166 ), #2623, .T. ) ;
#341 = EDGE_CURVE ( 'NONE', #2848, #1744, #760, .T. ) ;
#342 = DIRECTION ( 'NONE',  ( 6.672963584753481990E-42, -1.000000000000000000, 1.001833646100948877E-26 ) ) ;
#343 = CARTESIAN_POINT ( 'NONE',  ( -24.60879313406300284, -214.9000000003034074, -13.79013369693512203 ) ) ;
#344 = DIRECTION ( 'NONE',  ( -1.000000000000000000, 1.006753115791187886E-40, 1.071517966896625849E-14 ) ) ;
#345 = CARTESIAN_POINT ( 'NONE',  ( -28.40879313388521155, -223.8958217684005092, -14.19013369693508686 ) ) ;
#346 = VERTEX_POINT ( 'NONE', #101 ) ;
#347 = CARTESIAN_POINT ( 'NONE',  ( -27.40879313388515470, -218.6453701867814914, -13.79013369693512381 ) ) ;
#348 = DIRECTION ( 'NONE',  ( -0.5311441953356886847, -0.7105790103505484900, -0.4614794836289461966 ) ) ;
#349 = CARTESIAN_POINT ( 'NONE',  ( -20.20879313406308597, -213.9000000003034074, -14.79013369693513091 ) ) ;
#350 = ORIENTED_EDGE ( 'NONE', *, *, #1935, .T. ) ;
#351 = CARTESIAN_POINT ( 'NONE',  ( -46.12989787963539356, -242.6298978797860855, -2.409897879483036132 ) ) ;
#352 = EDGE_CURVE ( 'NONE', #1885, #2362, #2159, .T. ) ;
#353 = CARTESIAN_POINT ( 'NONE',  ( -28.40879313388518312, -212.0231968861838823, -38.71013369693515216 ) ) ;
#354 = DIRECTION ( 'NONE',  ( 0.7071067811865491270, 7.084033647788237458E-27, 0.7071067811865460184 ) ) ;
#355 = EDGE_CURVE ( 'NONE', #2790, #1863, #2217, .T. ) ;
#356 = ORIENTED_EDGE ( 'NONE', *, *, #398, .T. ) ;
#357 = AXIS2_PLACEMENT_3D ( 'NONE', #1366, #427, #2262 ) ;
#358 = PLANE ( 'NONE',  #2736 ) ;
#359 = AXIS2_PLACEMENT_3D ( 'NONE', #860, #424, #1327 ) ;
#360 = SURFACE_STYLE_USAGE ( .BOTH. , #58 ) ;
#361 = ORIENTED_EDGE ( 'NONE', *, *, #1130, .F. ) ;
#362 = CARTESIAN_POINT ( 'NONE',  ( -28.40879313388519734, -212.9958217684004751, -57.86969363844725223 ) ) ;
#363 = AXIS2_PLACEMENT_3D ( 'NONE', #1908, #747, #2804 ) ;
#364 = PLANE ( 'NONE',  #2231 ) ;
#365 = CARTESIAN_POINT ( 'NONE',  ( -22.60879313334359253, -223.4958217684005035, 0.4000000000000739075 ) ) ;
#366 = ORIENTED_EDGE ( 'NONE', *, *, #2722, .F. ) ;
#367 = AXIS2_PLACEMENT_3D ( 'NONE', #1320, #468, #1331 ) ;
#368 = CARTESIAN_POINT ( 'NONE',  ( -22.30000000011605010, -211.6000000003033961, -3.695066848467076337 ) ) ;
#369 = ORIENTED_EDGE ( 'NONE', *, *, #1567, .T. ) ;
#370 = VERTEX_POINT ( 'NONE', #1763 ) ;
#371 = FACE_OUTER_BOUND ( 'NONE', #1883, .T. ) ;
#372 = ORIENTED_EDGE ( 'NONE', *, *, #1968, .T. ) ;
#373 = AXIS2_PLACEMENT_3D ( 'NONE', #1060, #635, #868 ) ;
#374 = EDGE_CURVE ( 'NONE', #876, #1834, #1714, .T. ) ;
#375 = CARTESIAN_POINT ( 'NONE',  ( -38.13363046701054060, -214.9000000003034074, -10.20095628316280312 ) ) ;
#376 = CARTESIAN_POINT ( 'NONE',  ( -33.00879313331839171, -157.1930932154378979, 0.4000000000000735190 ) ) ;
#377 = VERTEX_POINT ( 'NONE', #919 ) ;
#378 = VERTEX_POINT ( 'NONE', #814 ) ;
#379 = EDGE_CURVE ( 'NONE', #2552, #2022, #2302, .T. ) ;
#380 = EDGE_CURVE ( 'NONE', #370, #676, #1398, .T. ) ;
#381 = FACE_OUTER_BOUND ( 'NONE', #954, .T. ) ;
#382 = PRODUCT ( 'Adapter Rear 1515 3mm Slots', 'Adapter Rear 1515 3mm Slots', '', ( #742 ) ) ;
#383 = EDGE_LOOP ( 'NONE', ( #660, #5, #1078, #955 ) ) ;
#384 = DIRECTION ( 'NONE',  ( -6.672963584753481990E-42, 1.000000000000000000, -1.001833646100948877E-26 ) ) ;
#385 = FACE_OUTER_BOUND ( 'NONE', #2175, .T. ) ;
#386 = B_SPLINE_CURVE_WITH_KNOTS ( 'NONE', 3,
 ( #1424, #2145, #962, #2337 ),
 .UNSPECIFIED., .F., .F.,
 ( 4, 4 ),
 ( 0.000000000000000000, 0.0007189567897963980740 ),
 .UNSPECIFIED. ) ;
#387 = VERTEX_POINT ( 'NONE', #1466 ) ;
#388 = FACE_OUTER_BOUND ( 'NONE', #475, .T. ) ;
#389 = CARTESIAN_POINT ( 'NONE',  ( -28.40879313388519023, -218.7970501492621054, -45.81013369694242954 ) ) ;
#390 = CARTESIAN_POINT ( 'NONE',  ( -21.19980543217902635, -218.0990619883394288, 25.98670923706860236 ) ) ;
#391 = ORIENTED_EDGE ( 'NONE', *, *, #148, .T. ) ;
#392 = CARTESIAN_POINT ( 'NONE',  ( -20.20879313406308597, -217.2890843271049448, -38.71013369693524453 ) ) ;
#393 = EDGE_CURVE ( 'NONE', #117, #494, #2847, .T. ) ;
#394 = EDGE_CURVE ( 'NONE', #2169, #1710, #1105, .T. ) ;
#395 = ORIENTED_EDGE ( 'NONE', *, *, #2739, .F. ) ;
#396 = CARTESIAN_POINT ( 'NONE',  ( -24.47556387651686194, -218.4417660232427920, -39.57690443938906810 ) ) ;
#397 = DIRECTION ( 'NONE',  ( -6.672963584753481990E-42, 1.000000000000000000, -1.001833646100948877E-26 ) ) ;
#398 = EDGE_CURVE ( 'NONE', #2761, #2539, #2025, .T. ) ;
#399 = ORIENTED_EDGE ( 'NONE', *, *, #2160, .F. ) ;
#400 = DIRECTION ( 'NONE',  ( 6.029576886492889504E-15, -0.7071067811865597852, 0.7071067811865352493 ) ) ;
#401 = CARTESIAN_POINT ( 'NONE',  ( -33.00879313331837750, -157.1930932154375284, 26.32000000000001805 ) ) ;
#402 = DIRECTION ( 'NONE',  ( 0.000000000000000000, -1.000000000000000000, 2.777495881037147127E-14 ) ) ;
#403 = VERTEX_POINT ( 'NONE', #8 ) ;
#404 = CARTESIAN_POINT ( 'NONE',  ( -24.20879313406301492, -219.2794537025771149, -14.79013369693339008 ) ) ;
#405 = CARTESIAN_POINT ( 'NONE',  ( -26.60879313406305613, -223.6958217684005206, -39.31013369693523174 ) ) ;
#406 = ORIENTED_EDGE ( 'NONE', *, *, #326, .T. ) ;
#407 = DIRECTION ( 'NONE',  ( -0.9897199198086944483, -0.1430191607228611383, 0.000000000000000000 ) ) ;
#408 = VECTOR ( 'NONE', #333, 1000.000000000000000 ) ;
#409 = CARTESIAN_POINT ( 'NONE',  ( -33.35158546959603143, -212.6691863341957287, -15.25289057278128091 ) ) ;
#410 = EDGE_CURVE ( 'NONE', #2362, #2904, #2388, .T. ) ;
#411 = AXIS2_PLACEMENT_3D ( 'NONE', #2491, #2762, #679 ) ;
#412 = CARTESIAN_POINT ( 'NONE',  ( -24.20879313406301492, -219.2794537025771149, -14.79013369693339008 ) ) ;
#413 = ORIENTED_EDGE ( 'NONE', *, *, #1030, .F. ) ;
#414 = VECTOR ( 'NONE', #1439, 1000.000000000000227 ) ;
#415 = EDGE_CURVE ( 'NONE', #403, #676, #2588, .T. ) ;
#416 = ORIENTED_EDGE ( 'NONE', *, *, #1268, .F. ) ;
#417 = LINE ( 'NONE', #645, #1951 ) ;
#418 = CIRCLE ( 'NONE', #1561, 2.999999999999997335 ) ;
#419 = VECTOR ( 'NONE', #1008, 1000.000000000000114 ) ;
#420 = CARTESIAN_POINT ( 'NONE',  ( -27.58165441742365331, -218.8347001656030102, 0.5728612835386055480 ) ) ;
#421 = LINE ( 'NONE', #1544, #753 ) ;
#422 = DIRECTION ( 'NONE',  ( 1.447696508694881270E-27, -1.001833646100948877E-26, -1.000000000000000000 ) ) ;
#423 = EDGE_LOOP ( 'NONE', ( #2517, #1726, #356, #1345 ) ) ;
#424 = DIRECTION ( 'NONE',  ( 6.672963584753481990E-42, -1.000000000000000000, 1.001833646100948733E-26 ) ) ;
#425 = EDGE_LOOP ( 'NONE', ( #881, #196, #297, #416 ) ) ;
#426 = CARTESIAN_POINT ( 'NONE',  ( -18.40000000015305304, -203.8893902868810812, -39.71013369693528006 ) ) ;
#427 = DIRECTION ( 'NONE',  ( -0.5773502691896040817, -0.5773502691896290617, -0.5773502691896441608 ) ) ;
#428 = EDGE_CURVE ( 'NONE', #527, #1744, #2146, .T. ) ;
#429 = ADVANCED_FACE ( 'NONE', ( #531 ), #312, .T. ) ;
#430 = CARTESIAN_POINT ( 'NONE',  ( 9.663231212662795500, -186.8367687874875287, -1.743231212815922415 ) ) ;
#431 = DIRECTION ( 'NONE',  ( -0.1430191607228619988, 0.9897199198086942262, -0.000000000000000000 ) ) ;
#432 = VERTEX_POINT ( 'NONE', #2768 ) ;
#433 = VERTEX_POINT ( 'NONE', #2544 ) ;
#434 = DIRECTION ( 'NONE',  ( 0.000000000000000000, -1.000000000000000000, 0.000000000000000000 ) ) ;
#435 = CARTESIAN_POINT ( 'NONE',  ( -33.00879313331837750, -157.1930932154375284, 26.32000000000001805 ) ) ;
#436 = PLANE ( 'NONE',  #1555 ) ;
#437 = ORIENTED_EDGE ( 'NONE', *, *, #2917, .T. ) ;
#438 = CARTESIAN_POINT ( 'NONE',  ( -20.20879313406308597, -213.9000000003034074, -39.71013369693519479 ) ) ;
#439 = ORIENTED_EDGE ( 'NONE', *, *, #924, .F. ) ;
#440 = VERTEX_POINT ( 'NONE', #1411 ) ;
#441 = DIRECTION ( 'NONE',  ( 0.7071067811865524577, 7.084033647788205889E-27, 0.7071067811865426878 ) ) ;
#442 = CARTESIAN_POINT ( 'NONE',  ( -26.80879313406303410, -218.9897587435475259, 0.8000000000000784262 ) ) ;
#443 = PRODUCT_RELATED_PRODUCT_CATEGORY ( 'part', '', ( #382 ) ) ;
#444 = ORIENTED_EDGE ( 'NONE', *, *, #1641, .F. ) ;
#445 = EDGE_LOOP ( 'NONE', ( #1161, #964, #2209, #2216 ) ) ;
#446 = DIRECTION ( 'NONE',  ( 8.060240031541825280E-16, 1.164742409912037502E-16, 1.000000000000000000 ) ) ;
#447 = FACE_OUTER_BOUND ( 'NONE', #383, .T. ) ;
#448 = EDGE_CURVE ( 'NONE', #1339, #482, #284, .T. ) ;
#449 = ORIENTED_EDGE ( 'NONE', *, *, #1691, .F. ) ;
#450 = DIRECTION ( 'NONE',  ( 0.7071067811865474617, 7.084033647788251807E-27, 0.7071067811865474617 ) ) ;
#451 = VERTEX_POINT ( 'NONE', #979 ) ;
#452 = VECTOR ( 'NONE', #715, 1000.000000000000000 ) ;
#453 = CARTESIAN_POINT ( 'NONE',  ( -33.00879313331839171, -157.1930932154378979, 0.4000000000000739075 ) ) ;
#454 = DIRECTION ( 'NONE',  ( 0.000000000000000000, 1.000000000000000000, 0.000000000000000000 ) ) ;
#455 = VECTOR ( 'NONE', #1625, 1000.000000000000000 ) ;
#456 = FACE_OUTER_BOUND ( 'NONE', #657, .T. ) ;
#457 = PLANE ( 'NONE',  #136 ) ;
#458 = ORIENTED_EDGE ( 'NONE', *, *, #1755, .F. ) ;
#459 = VECTOR ( 'NONE', #2564, 1000.000000000000000 ) ;
#460 = ORIENTED_EDGE ( 'NONE', *, *, #1286, .T. ) ;
#461 = FACE_OUTER_BOUND ( 'NONE', #2416, .T. ) ;
#462 = DIRECTION ( 'NONE',  ( 0.000000000000000000, 1.001833646100949020E-26, 1.000000000000000000 ) ) ;
#463 = EDGE_CURVE ( 'NONE', #1351, #1834, #1753, .T. ) ;
#464 = ADVANCED_FACE ( 'NONE', ( #1262 ), #651, .T. ) ;
#465 = VECTOR ( 'NONE', #2045, 1000.000000000000000 ) ;
#466 = DIRECTION ( 'NONE',  ( -8.060240031541824294E-16, -1.001833646100948877E-26, -1.000000000000000000 ) ) ;
#467 = CARTESIAN_POINT ( 'NONE',  ( 4.126053685609320176, -214.9000000003034074, -31.13484681949415389 ) ) ;
#468 = DIRECTION ( 'NONE',  ( -0.1430191607228620543, 0.9897199198086943372, 0.000000000000000000 ) ) ;
#469 = FACE_OUTER_BOUND ( 'NONE', #1496, .T. ) ;
#470 = B_SPLINE_CURVE_WITH_KNOTS ( 'NONE', 3,
 ( #1073, #1992, #1296, #1106 ),
 .UNSPECIFIED., .F., .F.,
 ( 4, 4 ),
 ( 0.000000000000000000, 0.0008528209506284435953 ),
 .UNSPECIFIED. ) ;
#471 = ORIENTED_EDGE ( 'NONE', *, *, #536, .T. ) ;
#472 = DIRECTION ( 'NONE',  ( 6.672963584753481990E-42, -1.000000000000000000, 1.001833646100948877E-26 ) ) ;
#473 = CARTESIAN_POINT ( 'NONE',  ( -26.67527740567375005, -218.8421772141015822, 0.6664842716107950427 ) ) ;
#474 =( NAMED_UNIT ( * ) SI_UNIT ( $, .STERADIAN. ) SOLID_ANGLE_UNIT ( ) );
#475 = EDGE_LOOP ( 'NONE', ( #1671, #264, #622, #1006, #915 ) ) ;
#476 = ORIENTED_EDGE ( 'NONE', *, *, #283, .T. ) ;
#477 = LINE ( 'NONE', #2046, #698 ) ;
#478 = CARTESIAN_POINT ( 'NONE',  ( -27.35158546959601011, -211.8021582516417141, 26.32000000000001805 ) ) ;
#479 = ORIENTED_EDGE ( 'NONE', *, *, #887, .F. ) ;
#480 = CARTESIAN_POINT ( 'NONE',  ( -28.40879313388514760, -214.9000000003034074, -0.04142135611478795637 ) ) ;
#481 = EDGE_CURVE ( 'NONE', #1351, #185, #154, .T. ) ;
#482 = VERTEX_POINT ( 'NONE', #835 ) ;
#483 = ORIENTED_EDGE ( 'NONE', *, *, #1491, .T. ) ;
#484 = CARTESIAN_POINT ( 'NONE',  ( -26.80879313406303055, -219.5927419206603304, -38.71013369693341133 ) ) ;
#485 = CARTESIAN_POINT ( 'NONE',  ( -22.30000000011605010, -214.3000000003034131, -6.695066848467074117 ) ) ;
#486 = EDGE_CURVE ( 'NONE', #1785, #1670, #1041, .T. ) ;
#487 = CARTESIAN_POINT ( 'NONE',  ( -20.20879313406308597, -214.9000000003034074, 25.32000000000002871 ) ) ;
#488 = VERTEX_POINT ( 'NONE', #865 ) ;
#489 = DIRECTION ( 'NONE',  ( 0.000000000000000000, -0.000000000000000000, 1.000000000000000000 ) ) ;
#490 = FACE_OUTER_BOUND ( 'NONE', #2287, .T. ) ;
#491 = CARTESIAN_POINT ( 'NONE',  ( -27.41989147083991796, -219.6504413558526778, 25.32000000000173756 ) ) ;
#492 = CARTESIAN_POINT ( 'NONE',  ( -37.02167913595820181, -214.9000000003034074, -13.34871234087835035 ) ) ;
#493 = DIRECTION ( 'NONE',  ( 8.060240031541825280E-16, 1.395939073364946509E-14, 1.000000000000000000 ) ) ;
#494 = VERTEX_POINT ( 'NONE', #2436 ) ;
#495 = ADVANCED_FACE ( 'NONE', ( #2676 ), #122, .F. ) ;
#496 = PLANE ( 'NONE',  #851 ) ;
#497 = AXIS2_PLACEMENT_3D ( 'NONE', #401, #2220, #454 ) ;
#498 = FACE_OUTER_BOUND ( 'NONE', #511, .T. ) ;
#499 = VECTOR ( 'NONE', #2420, 1000.000000000000114 ) ;
#500 = ADVANCED_FACE ( 'NONE', ( #941 ), #922, .F. ) ;
#501 = ADVANCED_FACE ( 'NONE', ( #456 ), #2251, .F. ) ;
#502 = ORIENTED_EDGE ( 'NONE', *, *, #1864, .T. ) ;
#503 = CARTESIAN_POINT ( 'NONE',  ( -33.35158546959600301, -212.6691863341957287, -3.189177413830338370 ) ) ;
#504 = APPLICATION_PROTOCOL_DEFINITION ( 'draft international standard', 'automotive_design', 1998, #1664 ) ;
#505 = DIRECTION ( 'NONE',  ( 0.7071067811865475727, -7.084033647788243198E-27, -0.7071067811865475727 ) ) ;
#506 = CONICAL_SURFACE ( 'NONE', #81, 2.999999999999997335, 0.7853981633974468357 ) ;
#507 = CARTESIAN_POINT ( 'NONE',  ( -24.60879313406304192, -223.6958217684004921, 0.6000000000000728084 ) ) ;
#508 = AXIS2_PLACEMENT_3D ( 'NONE', #588, #2247, #407 ) ;
#509 = CARTESIAN_POINT ( 'NONE',  ( -26.40879313406306039, -223.8958217684005092, -14.19013369693508686 ) ) ;
#510 = CARTESIAN_POINT ( 'NONE',  ( -17.40000000015295356, -213.9000000003034359, -39.71013369693529427 ) ) ;
#511 = EDGE_LOOP ( 'NONE', ( #2152, #2503, #1606, #750, #366 ) ) ;
#512 = ORIENTED_EDGE ( 'NONE', *, *, #2498, .T. ) ;
#513 = FACE_OUTER_BOUND ( 'NONE', #1085, .T. ) ;
#514 = VECTOR ( 'NONE', #830, 1000.000000000000000 ) ;
#515 = VECTOR ( 'NONE', #949, 1000.000000000000000 ) ;
#516 = ORIENTED_EDGE ( 'NONE', *, *, #2524, .T. ) ;
#517 = DIRECTION ( 'NONE',  ( -1.000000000000000000, 0.000000000000000000, -3.092353713705241581E-16 ) ) ;
#518 = VERTEX_POINT ( 'NONE', #487 ) ;
#519 = DIRECTION ( 'NONE',  ( -0.5478810027502775126, -0.8365562783371782718, 9.930737450280952918E-13 ) ) ;
#520 = ADVANCED_FACE ( 'NONE', ( #191 ), #2011, .T. ) ;
#521 = EDGE_CURVE ( 'NONE', #1486, #488, #2718, .T. ) ;
#522 = CARTESIAN_POINT ( 'NONE',  ( -28.40879313388514404, -211.5507749641438977, 1.462756875788055577 ) ) ;
#523 = DIRECTION ( 'NONE',  ( 0.7243183173091368721, -0.4743736390180506302, -0.5003325152488422578 ) ) ;
#524 = ADVANCED_FACE ( 'NONE', ( #498 ), #2364, .T. ) ;
#525 = DIRECTION ( 'NONE',  ( 6.685199438412439531E-68, -1.001833646100949020E-26, -1.000000000000000000 ) ) ;
#526 = EDGE_LOOP ( 'NONE', ( #2080, #1867, #1147, #1027, #574, #1866 ) ) ;
#527 = VERTEX_POINT ( 'NONE', #309 ) ;
#528 = DIRECTION ( 'NONE',  ( -0.9897199198086943372, -0.1430191607228606943, 0.000000000000000000 ) ) ;
#529 = CARTESIAN_POINT ( 'NONE',  ( -24.20879313406303268, -218.8754263344382878, 25.72000989886342026 ) ) ;
#530 = FACE_OUTER_BOUND ( 'NONE', #1171, .T. ) ;
#531 = FACE_OUTER_BOUND ( 'NONE', #2461, .T. ) ;
#532 = ORIENTED_EDGE ( 'NONE', *, *, #1582, .T. ) ;
#533 = EDGE_CURVE ( 'NONE', #2056, #1636, #2602, .T. ) ;
#534 = LINE ( 'NONE', #1228, #2179 ) ;
#535 = CARTESIAN_POINT ( 'NONE',  ( -26.80879313406303055, -219.5927419206603304, -38.71013369693341133 ) ) ;
#536 = EDGE_CURVE ( 'NONE', #2815, #1351, #959, .T. ) ;
#537 = CARTESIAN_POINT ( 'NONE',  ( -17.72919074482762625, -209.7339003212553052, 25.64919074467473692 ) ) ;
#538 = EDGE_LOOP ( 'NONE', ( #2091, #1533, #1038, #1775, #2625, #1958, #2373, #582, #2571, #990, #2119, #1291, #767, #2712 ) ) ;
#539 = VERTEX_POINT ( 'NONE', #1183 ) ;
#540 = CARTESIAN_POINT ( 'NONE',  ( -36.43618604402191608, -226.6466397491931275, -10.20095628316280312 ) ) ;
#541 = CARTESIAN_POINT ( 'NONE',  ( -24.60879313406303837, -214.9000000003034074, 26.32000000000001805 ) ) ;
#542 = ORIENTED_EDGE ( 'NONE', *, *, #924, .T. ) ;
#543 =( GEOMETRIC_REPRESENTATION_CONTEXT ( 3 ) GLOBAL_UNCERTAINTY_ASSIGNED_CONTEXT ( ( #2636 ) ) GLOBAL_UNIT_ASSIGNED_CONTEXT ( ( #2689, #2821, #474 ) ) REPRESENTATION_CONTEXT ( 'NONE', 'WORKASPACE' ) );
#544 = CARTESIAN_POINT ( 'NONE',  ( -17.79588796807637507, -210.0171604947709341, 25.71588796792347864 ) ) ;
#545 = CARTESIAN_POINT ( 'NONE',  ( -27.92826908161825372, -219.2117273776302682, -39.19065774920209577 ) ) ;
#546 = VERTEX_POINT ( 'NONE', #294 ) ;
#547 = VECTOR ( 'NONE', #2040, 1000.000000000000000 ) ;
#548 = CARTESIAN_POINT ( 'NONE',  ( -24.60879313406303837, -223.4958217684005035, 26.32000000000001805 ) ) ;
#549 = VECTOR ( 'NONE', #466, 1000.000000000000000 ) ;
#550 = DIRECTION ( 'NONE',  ( 6.672963584753481990E-42, -1.000000000000000000, 1.001833646100948877E-26 ) ) ;
#551 = ORIENTED_EDGE ( 'NONE', *, *, #2326, .F. ) ;
#552 = ORIENTED_EDGE ( 'NONE', *, *, #3, .T. ) ;
#553 = ORIENTED_EDGE ( 'NONE', *, *, #2338, .T. ) ;
#554 = FACE_OUTER_BOUND ( 'NONE', #2110, .T. ) ;
#555 = VECTOR ( 'NONE', #342, 1000.000000000000000 ) ;
#556 = EDGE_CURVE ( 'NONE', #729, #2605, #2125, .T. ) ;
#557 = EDGE_CURVE ( 'NONE', #974, #2341, #94, .T. ) ;
#558 = ORIENTED_EDGE ( 'NONE', *, *, #1215, .F. ) ;
#559 = VECTOR ( 'NONE', #846, 1000.000000000000000 ) ;
#560 = ORIENTED_EDGE ( 'NONE', *, *, #1333, .T. ) ;
#561 = DIRECTION ( 'NONE',  ( 1.187460332363099247E-11, 1.000000000000000000, -1.383199686382452833E-14 ) ) ;
#562 = CARTESIAN_POINT ( 'NONE',  ( 4.309968818817926817, -207.2269154674149547, -15.25289057278130400 ) ) ;
#563 = VECTOR ( 'NONE', #2785, 1000.000000000000114 ) ;
#564 = PRODUCT_DEFINITION_FORMATION_WITH_SPECIFIED_SOURCE ( 'ANY', '', #382, .NOT_KNOWN. ) ;
#565 = DIRECTION ( 'NONE',  ( 0.000000000000000000, 1.000000000000000000, -2.777495881037148389E-14 ) ) ;
#566 = CARTESIAN_POINT ( 'NONE',  ( -17.79588796807642836, -210.0171604947709341, -39.71013369693524453 ) ) ;
#567 = CARTESIAN_POINT ( 'NONE',  ( -26.80879313406303410, -219.1907579511507151, 0.9999951607105481699 ) ) ;
#568 = EDGE_LOOP ( 'NONE', ( #2899, #437, #992, #754 ) ) ;
#569 = CARTESIAN_POINT ( 'NONE',  ( -17.90000000015290027, -214.4000000003034359, 25.82000000000001805 ) ) ;
#570 = CARTESIAN_POINT ( 'NONE',  ( -24.20879313406303268, -223.8958217684005092, -39.71013369693522321 ) ) ;
#571 = ORIENTED_EDGE ( 'NONE', *, *, #1099, .F. ) ;
#572 = CARTESIAN_POINT ( 'NONE',  ( -26.54194284766451162, -218.6942672744041261, -39.57698398333375422 ) ) ;
#573 = B_SPLINE_CURVE_WITH_KNOTS ( 'NONE', 3,
 ( #1516, #390, #2872, #1990 ),
 .UNSPECIFIED., .F., .F.,
 ( 4, 4 ),
 ( 0.000000000000000000, 0.001423898690422342609 ),
 .UNSPECIFIED. ) ;
#574 = ORIENTED_EDGE ( 'NONE', *, *, #832, .T. ) ;
#575 = EDGE_LOOP ( 'NONE', ( #1144, #625, #2094, #1484, #2477 ) ) ;
#576 = ORIENTED_EDGE ( 'NONE', *, *, #1154, .F. ) ;
#577 = CARTESIAN_POINT ( 'NONE',  ( -27.40879313388512628, -203.8893902868810812, 26.32000000000001805 ) ) ;
#578 = EDGE_CURVE ( 'NONE', #188, #1863, #60, .T. ) ;
#579 = ADVANCED_FACE ( 'NONE', ( #1490 ), #2399, .T. ) ;
#580 = DIRECTION ( 'NONE',  ( -8.075019659248373363E-42, 1.000000000000000000, -1.001833646100949020E-26 ) ) ;
#581 = CARTESIAN_POINT ( 'NONE',  ( -17.40000000015292159, -209.9599528304817682, 25.92000000000001947 ) ) ;
#582 = ORIENTED_EDGE ( 'NONE', *, *, #268, .T. ) ;
#583 = VERTEX_POINT ( 'NONE', #2193 ) ;
#584 = CARTESIAN_POINT ( 'NONE',  ( -27.41989147083994638, -219.6504413558529905, 1.400000000001774936 ) ) ;
#585 = FACE_OUTER_BOUND ( 'NONE', #2796, .T. ) ;
#586 = ORIENTED_EDGE ( 'NONE', *, *, #2631, .T. ) ;
#587 = VERTEX_POINT ( 'NONE', #2646 ) ;
#588 = CARTESIAN_POINT ( 'NONE',  ( -33.40879313388516181, -212.2732983662722006, -3.189177413830338370 ) ) ;
#589 = VERTEX_POINT ( 'NONE', #630 ) ;
#590 = LINE ( 'NONE', #2234, #1705 ) ;
#591 = CARTESIAN_POINT ( 'NONE',  ( -24.20879313406303268, -218.6733979511604389, 25.92000000000001236 ) ) ;
#592 = LINE ( 'NONE', #1507, #2456 ) ;
#593 = EDGE_CURVE ( 'NONE', #158, #920, #2205, .T. ) ;
#594 = ORIENTED_EDGE ( 'NONE', *, *, #836, .T. ) ;
#595 = DIRECTION ( 'NONE',  ( -0.7071067811865509034, 4.966085104845288890E-16, 0.7071067811865442421 ) ) ;
#596 = CARTESIAN_POINT ( 'NONE',  ( -21.20879313406309308, -218.5797054248189681, 0.4000000000000739631 ) ) ;
#597 = EDGE_CURVE ( 'NONE', #2555, #2815, #1783, .T. ) ;
#598 = EDGE_CURVE ( 'NONE', #403, #1486, #592, .T. ) ;
#599 = FACE_OUTER_BOUND ( 'NONE', #1131, .T. ) ;
#600 = DIRECTION ( 'NONE',  ( -0.1430191607228619988, 0.9897199198086942262, -0.000000000000000000 ) ) ;
#601 = STYLED_ITEM ( 'NONE', ( #1192 ), #10 ) ;
#602 = ORIENTED_EDGE ( 'NONE', *, *, #1390, .F. ) ;
#603 = VERTEX_POINT ( 'NONE', #849 ) ;
#604 = AXIS2_PLACEMENT_3D ( 'NONE', #2828, #788, #1708 ) ;
#605 = CARTESIAN_POINT ( 'NONE',  ( -33.30438512056055345, -212.9958217684004751, 1.862756875788149635 ) ) ;
#606 = VECTOR ( 'NONE', #2685, 999.9999999999998863 ) ;
#607 = DIRECTION ( 'NONE',  ( 0.000000000000000000, -0.7071067811865660024, -0.7071067811865291430 ) ) ;
#608 = CONICAL_SURFACE ( 'NONE', #2884, 5.051934289618489338, 0.7853981633974799204 ) ;
#609 = DIRECTION ( 'NONE',  ( 0.000000000000000000, 0.000000000000000000, -1.000000000000000000 ) ) ;
#610 = CIRCLE ( 'NONE', #367, 4.651934289618427698 ) ;
#611 = DIRECTION ( 'NONE',  ( -6.685199438412438707E-68, 1.001833646100949020E-26, 1.000000000000000000 ) ) ;
#612 = VECTOR ( 'NONE', #2714, 1000.000000000000000 ) ;
#613 = PRESENTATION_LAYER_ASSIGNMENT (  '', '', ( #1524 ) ) ;
#614 = ORIENTED_EDGE ( 'NONE', *, *, #2330, .T. ) ;
#615 = DIRECTION ( 'NONE',  ( 2.990902544508316686E-16, -1.001833646100948877E-26, -1.000000000000000000 ) ) ;
#616 = CARTESIAN_POINT ( 'NONE',  ( -33.00879313331840592, -157.1930932154380969, -13.79013369693512558 ) ) ;
#617 = EDGE_CURVE ( 'NONE', #1476, #2541, #1537, .T. ) ;
#618 = ADVANCED_FACE ( 'NONE', ( #118 ), #2807, .T. ) ;
#619 = DIRECTION ( 'NONE',  ( -1.000000000000000000, -1.198554720518949108E-41, 1.200752445709002554E-67 ) ) ;
#620 = ORIENTED_EDGE ( 'NONE', *, *, #701, .F. ) ;
#621 = EDGE_LOOP ( 'NONE', ( #1309, #734, #1694, #636 ) ) ;
#622 = ORIENTED_EDGE ( 'NONE', *, *, #1412, .F. ) ;
#623 = DIRECTION ( 'NONE',  ( -8.060240031541825280E-16, -1.001833646100949020E-26, -1.000000000000000000 ) ) ;
#624 = ADVANCED_FACE ( 'NONE', ( #1034 ), #2295, .T. ) ;
#625 = ORIENTED_EDGE ( 'NONE', *, *, #655, .T. ) ;
#626 = VERTEX_POINT ( 'NONE', #324 ) ;
#627 = CARTESIAN_POINT ( 'NONE',  ( -20.20879313406308597, -214.9000000003034074, -38.71013369693528716 ) ) ;
#628 = DIRECTION ( 'NONE',  ( 8.075019659248373363E-42, -1.000000000000000000, 1.001833646100948877E-26 ) ) ;
#629 = DIRECTION ( 'NONE',  ( 0.5683506747476128051, 0.000000000000000000, -0.8227864306817008755 ) ) ;
#630 = CARTESIAN_POINT ( 'NONE',  ( -27.92826908161642763, -219.2117273776308650, 25.80052405226871315 ) ) ;
#631 = PLANE ( 'NONE',  #1094 ) ;
#632 = ORIENTED_EDGE ( 'NONE', *, *, #2520, .T. ) ;
#633 = CARTESIAN_POINT ( 'NONE',  ( -33.00879313331842013, -157.1930932154384379, -39.71013369693513084 ) ) ;
#634 = LINE ( 'NONE', #2860, #2271 ) ;
#635 = DIRECTION ( 'NONE',  ( 1.071517966896625849E-14, 1.001833646100948877E-26, 1.000000000000000000 ) ) ;
#636 = ORIENTED_EDGE ( 'NONE', *, *, #1583, .T. ) ;
#637 = CARTESIAN_POINT ( 'NONE',  ( -22.30000000011605010, -211.6000000003033961, -6.695066848467074117 ) ) ;
#638 = B_SPLINE_CURVE_WITH_KNOTS ( 'NONE', 3,
 ( #824, #1931, #2633, #1773 ),
 .UNSPECIFIED., .F., .F.,
 ( 4, 4 ),
 ( 0.000000000000000000, 0.0006640552207824761610 ),
 .UNSPECIFIED. ) ;
#639 = EDGE_CURVE ( 'NONE', #2904, #387, #2379, .T. ) ;
#640 = ORIENTED_EDGE ( 'NONE', *, *, #302, .T. ) ;
#641 = CARTESIAN_POINT ( 'NONE',  ( -21.20879313406309308, -217.7612560154927337, -13.79013369693512203 ) ) ;
#642 = ORIENTED_EDGE ( 'NONE', *, *, #1511, .F. ) ;
#643 = DIRECTION ( 'NONE',  ( -0.9897199198086941152, -0.1430191607228620265, 7.741126491484141872E-16 ) ) ;
#644 = ORIENTED_EDGE ( 'NONE', *, *, #1407, .T. ) ;
#645 = CARTESIAN_POINT ( 'NONE',  ( -28.40879313388512983, -212.9958217684004751, 25.32000000000000739 ) ) ;
#646 = CARTESIAN_POINT ( 'NONE',  ( -22.30000000011605010, -211.6000000003033961, -6.695066848467074117 ) ) ;
#647 = LINE ( 'NONE', #2861, #2562 ) ;
#648 = ORIENTED_EDGE ( 'NONE', *, *, #2812, .F. ) ;
#649 = CARTESIAN_POINT ( 'NONE',  ( -21.20879313406306110, -203.8893902868810812, -39.71013369693525163 ) ) ;
#650 = AXIS2_PLACEMENT_3D ( 'NONE', #728, #505, #2325 ) ;
#651 = CONICAL_SURFACE ( 'NONE', #2496, 61.70690678486601399, 0.7853981633974275178 ) ;
#652 = FACE_OUTER_BOUND ( 'NONE', #899, .T. ) ;
#653 = DIRECTION ( 'NONE',  ( -0.5773502691896245098, 0.5773502691896224004, 0.5773502691896303940 ) ) ;
#654 = EDGE_CURVE ( 'NONE', #1636, #974, #51, .T. ) ;
#655 = EDGE_CURVE ( 'NONE', #378, #1263, #2137, .T. ) ;
#656 = AXIS2_PLACEMENT_3D ( 'NONE', #2864, #2230, #2681 ) ;
#657 = EDGE_LOOP ( 'NONE', ( #1051, #2929, #2774, #930, #2488, #780, #2014, #1467 ) ) ;
#658 = ORIENTED_EDGE ( 'NONE', *, *, #2201, .F. ) ;
#659 = CARTESIAN_POINT ( 'NONE',  ( -29.08780509613693255, -214.9605410363561475, -42.58773537952941268 ) ) ;
#660 = ORIENTED_EDGE ( 'NONE', *, *, #2630, .T. ) ;
#661 = AXIS2_PLACEMENT_3D ( 'NONE', #6, #192, #2253 ) ;
#662 = ORIENTED_EDGE ( 'NONE', *, *, #1735, .T. ) ;
#663 = AXIS2_PLACEMENT_3D ( 'NONE', #562, #1159, #1638 ) ;
#664 = CARTESIAN_POINT ( 'NONE',  ( -26.80879313406303410, -223.4958217684005604, -13.79013369693512381 ) ) ;
#665 =( NAMED_UNIT ( * ) PLANE_ANGLE_UNIT ( ) SI_UNIT ( $, .RADIAN. ) );
#666 = CARTESIAN_POINT ( 'NONE',  ( -33.00879313331840592, -157.1930932154380969, -13.79013369693512381 ) ) ;
#667 = DIRECTION ( 'NONE',  ( 0.5773502691896228445, 0.5773502691896265082, 0.5773502691896279515 ) ) ;
#668 = VERTEX_POINT ( 'NONE', #1686 ) ;
#669 = ADVANCED_FACE ( 'NONE', ( #2357 ), #1854, .T. ) ;
#670 = LINE ( 'NONE', #1096, #2656 ) ;
#671 = ADVANCED_FACE ( 'NONE', ( #2837 ), #1701, .F. ) ;
#672 = DIRECTION ( 'NONE',  ( 0.000000000000000000, 1.000000000000000000, -1.001833646100948877E-26 ) ) ;
#673 =( LENGTH_UNIT ( ) NAMED_UNIT ( * ) SI_UNIT ( .MILLI., .METRE. ) );
#674 = CARTESIAN_POINT ( 'NONE',  ( -20.20879313406308597, -217.2890843271049448, -38.71013369693524453 ) ) ;
#675 = ORIENTED_EDGE ( 'NONE', *, *, #1517, .T. ) ;
#676 = VERTEX_POINT ( 'NONE', #802 ) ;
#677 = DIRECTION ( 'NONE',  ( 0.5773502691896285066, -0.5773502691896204020, -0.5773502691896285066 ) ) ;
#678 = CARTESIAN_POINT ( 'NONE',  ( -27.41989147083997835, -219.6504413558536442, -45.81013369694241533 ) ) ;
#679 = DIRECTION ( 'NONE',  ( 6.672963584753481990E-42, -1.000000000000000000, 0.000000000000000000 ) ) ;
#680 = DIRECTION ( 'NONE',  ( 9.154361551062210793E-56, -1.371858460606360116E-14, -1.000000000000000000 ) ) ;
#681 = VERTEX_POINT ( 'NONE', #1724 ) ;
#682 = DIRECTION ( 'NONE',  ( 0.000000000000000000, 0.000000000000000000, -1.000000000000000000 ) ) ;
#683 = DIRECTION ( 'NONE',  ( -0.7071067811865509034, 4.966085104703554251E-16, -0.7071067811865442421 ) ) ;
#684 = EDGE_CURVE ( 'NONE', #2022, #1710, #1325, .T. ) ;
#685 = ADVANCED_FACE ( 'NONE', ( #781 ), #2611, .F. ) ;
#686 = ORIENTED_EDGE ( 'NONE', *, *, #246, .T. ) ;
#687 = ORIENTED_EDGE ( 'NONE', *, *, #1047, .F. ) ;
#688 = CARTESIAN_POINT ( 'NONE',  ( -22.30000000011605010, -214.3000000003034131, -6.695066848467074117 ) ) ;
#689 = CARTESIAN_POINT ( 'NONE',  ( -24.60879313406300284, -223.4958217684005319, -13.79013369693512203 ) ) ;
#690 = CARTESIAN_POINT ( 'NONE',  ( -20.20879313406308597, -213.9000000003034074, 0.4000000000000737965 ) ) ;
#691 = EDGE_LOOP ( 'NONE', ( #648, #815, #866, #937 ) ) ;
#692 = VECTOR ( 'NONE', #1368, 1000.000000000000000 ) ;
#693 = VERTEX_POINT ( 'NONE', #133 ) ;
#694 = VECTOR ( 'NONE', #1452, 1000.000000000000000 ) ;
#695 = DIRECTION ( 'NONE',  ( 0.000000000000000000, 2.775557561562946571E-14, 1.000000000000000000 ) ) ;
#696 = VECTOR ( 'NONE', #116, 1000.000000000000000 ) ;
#697 = DIRECTION ( 'NONE',  ( 1.000000000000000000, 1.198554720518949108E-41, -1.200752445709002554E-67 ) ) ;
#698 = VECTOR ( 'NONE', #677, 1000.000000000000114 ) ;
#699 = DIRECTION ( 'NONE',  ( 0.000000000000000000, -1.000000000000000000, 2.775390170726392243E-14 ) ) ;
#700 = AXIS2_PLACEMENT_3D ( 'NONE', #1706, #2603, #565 ) ;
#701 = EDGE_CURVE ( 'NONE', #1594, #1219, #1052, .T. ) ;
#702 = DIRECTION ( 'NONE',  ( -0.3656034589063077989, -0.6871610745331363512, 0.6278087037324420194 ) ) ;
#703 = LINE ( 'NONE', #2738, #2278 ) ;
#704 = VECTOR ( 'NONE', #2092, 1000.000000000000114 ) ;
#705 = AXIS2_PLACEMENT_3D ( 'NONE', #171, #1266, #1083 ) ;
#706 = EDGE_CURVE ( 'NONE', #2904, #973, #816, .T. ) ;
#707 = LINE ( 'NONE', #1360, #2177 ) ;
#708 = CARTESIAN_POINT ( 'NONE',  ( -24.20879313406303268, -223.4958217684005035, 0.8000000000000784262 ) ) ;
#709 = DIRECTION ( 'NONE',  ( 7.092966786403879890E-16, 1.383246298583668185E-14, 1.000000000000000000 ) ) ;
#710 = CARTESIAN_POINT ( 'NONE',  ( 4.028231956410735393, -205.2772425462521255, -15.25289057278130400 ) ) ;
#711 = ORIENTED_EDGE ( 'NONE', *, *, #1936, .F. ) ;
#712 = DIRECTION ( 'NONE',  ( 0.000000000000000000, 0.000000000000000000, 1.000000000000000000 ) ) ;
#713 = DIRECTION ( 'NONE',  ( 0.000000000000000000, 2.775557561562831082E-14, 1.000000000000000000 ) ) ;
#714 = DIRECTION ( 'NONE',  ( 0.5987078483853920385, 0.8009674851588760580, 0.000000000000000000 ) ) ;
#715 = DIRECTION ( 'NONE',  ( 8.075019659248374637E-42, -1.000000000000000000, 1.001833646100948877E-26 ) ) ;
#716 = EDGE_LOOP ( 'NONE', ( #14, #1979, #2616, #281 ) ) ;
#717 = DIRECTION ( 'NONE',  ( 0.000000000000000000, -2.775557561562898609E-14, -1.000000000000000000 ) ) ;
#718 = DIRECTION ( 'NONE',  ( 0.000000000000000000, 1.000000000000000000, -2.774698570883200943E-14 ) ) ;
#719 = ADVANCED_FACE ( 'NONE', ( #250 ), #1608, .T. ) ;
#720 = CARTESIAN_POINT ( 'NONE',  ( -27.40879313388511918, -218.6453701867778818, 0.4000000000000737410 ) ) ;
#721 = ADVANCED_FACE ( 'NONE', ( #32 ), #506, .F. ) ;
#722 = EDGE_CURVE ( 'NONE', #378, #2508, #1007, .T. ) ;
#723 = ORIENTED_EDGE ( 'NONE', *, *, #1720, .T. ) ;
#724 = DIRECTION ( 'NONE',  ( -0.7071067811865475727, -7.084033647788253242E-27, -0.7071067811865475727 ) ) ;
#725 = ORIENTED_EDGE ( 'NONE', *, *, #2160, .T. ) ;
#726 = ORIENTED_EDGE ( 'NONE', *, *, #268, .F. ) ;
#727 = CARTESIAN_POINT ( 'NONE',  ( -26.80879313406303410, -219.1907579511527047, 25.72000483929067727 ) ) ;
#728 = CARTESIAN_POINT ( 'NONE',  ( -27.40879313388515470, -203.8893902868810812, -13.79013369693512381 ) ) ;
#729 = VERTEX_POINT ( 'NONE', #2411 ) ;
#730 = DIRECTION ( 'NONE',  ( 1.187460332363099247E-11, 1.000000000000000000, -1.383199686382452833E-14 ) ) ;
#731 = CARTESIAN_POINT ( 'NONE',  ( -27.40879313388516181, -203.8893902868810812, 26.32000000000001805 ) ) ;
#732 = VERTEX_POINT ( 'NONE', #1805 ) ;
#733 = CARTESIAN_POINT ( 'NONE',  ( -28.40879313388512628, -213.9000000003034074, 25.32000000000005002 ) ) ;
#734 = ORIENTED_EDGE ( 'NONE', *, *, #2380, .T. ) ;
#735 = ADVANCED_FACE ( 'NONE', ( #844 ), #189, .T. ) ;
#736 = LINE ( 'NONE', #708, #704 ) ;
#737 = EDGE_CURVE ( 'NONE', #583, #433, #1798, .T. ) ;
#738 = DIRECTION ( 'NONE',  ( -8.475061705020889018E-42, 0.7071067811865414665, -0.7071067811865536790 ) ) ;
#739 = VECTOR ( 'NONE', #2260, 1000.000000000000000 ) ;
#740 = ADVANCED_FACE ( 'NONE', ( #1981 ), #1265, .T. ) ;
#741 = LINE ( 'NONE', #978, #749 ) ;
#742 = PRODUCT_CONTEXT ( 'NONE', #1508, 'mechanical' ) ;
#743 = CARTESIAN_POINT ( 'NONE',  ( -28.40879313388516181, -213.9000000003034074, -38.71013369693517348 ) ) ;
#744 = VECTOR ( 'NONE', #1380, 1000.000000000000227 ) ;
#745 = ORIENTED_EDGE ( 'NONE', *, *, #1623, .T. ) ;
#746 = VECTOR ( 'NONE', #1462, 1000.000000000000000 ) ;
#747 = DIRECTION ( 'NONE',  ( -0.5773502691896257311, -0.5773502691896208461, 0.5773502691896308381 ) ) ;
#748 = CARTESIAN_POINT ( 'NONE',  ( -7.990987752874674221, -184.7077069145764199, 7.690344703809873117 ) ) ;
#749 = VECTOR ( 'NONE', #519, 1000.000000000000114 ) ;
#750 = ORIENTED_EDGE ( 'NONE', *, *, #1251, .T. ) ;
#751 = DIRECTION ( 'NONE',  ( 6.685199438412440354E-68, -1.001833646100949020E-26, -1.000000000000000000 ) ) ;
#752 = AXIS2_PLACEMENT_3D ( 'NONE', #2839, #782, #1277 ) ;
#753 = VECTOR ( 'NONE', #2902, 1000.000000000000000 ) ;
#754 = ORIENTED_EDGE ( 'NONE', *, *, #2739, .T. ) ;
#755 = CARTESIAN_POINT ( 'NONE',  ( -24.20879313406303268, -219.2794537025775412, -45.81013369694241533 ) ) ;
#756 = ORIENTED_EDGE ( 'NONE', *, *, #2706, .F. ) ;
#757 = DIRECTION ( 'NONE',  ( -6.672963584753481990E-42, 1.000000000000000000, -1.001833646100948877E-26 ) ) ;
#758 = EDGE_CURVE ( 'NONE', #2552, #2504, #1064, .T. ) ;
#759 = CARTESIAN_POINT ( 'NONE',  ( -27.40879313388511918, -214.9000000003034074, 0.4000000000000737410 ) ) ;
#760 = LINE ( 'NONE', #2402, #1653 ) ;
#761 = ADVANCED_FACE ( 'NONE', ( #2661 ), #2642, .T. ) ;
#762 = DIRECTION ( 'NONE',  ( 1.000000000000000000, 6.672963584753481990E-42, -0.000000000000000000 ) ) ;
#763 = CARTESIAN_POINT ( 'NONE',  ( -26.80879313406303410, -218.9897587435480091, -39.31013369693523174 ) ) ;
#764 = ORIENTED_EDGE ( 'NONE', *, *, #1809, .T. ) ;
#765 = DIRECTION ( 'NONE',  ( 7.092966786403880877E-16, 1.383246298583668343E-14, 1.000000000000000000 ) ) ;
#766 = PLANE ( 'NONE',  #791 ) ;
#767 = ORIENTED_EDGE ( 'NONE', *, *, #556, .T. ) ;
#768 = CARTESIAN_POINT ( 'NONE',  ( -26.80879313406303410, -218.9897587435511639, -14.19013369693509397 ) ) ;
#769 = DIRECTION ( 'NONE',  ( 0.7071067811865414665, -7.084033647788304900E-27, -0.7071067811865536790 ) ) ;
#770 = CARTESIAN_POINT ( 'NONE',  ( -38.35158546959601722, -213.3917097363240032, -10.20095628316280312 ) ) ;
#771 = FACE_OUTER_BOUND ( 'NONE', #810, .T. ) ;
#772 = CARTESIAN_POINT ( 'NONE',  ( -24.20879313406303268, -219.0774448240198353, -38.91014349966150121 ) ) ;
#773 = ADVANCED_FACE ( 'NONE', ( #1792 ), #2212, .F. ) ;
#774 = EDGE_CURVE ( 'NONE', #54, #1994, #150, .T. ) ;
#775 = ORIENTED_EDGE ( 'NONE', *, *, #2326, .T. ) ;
#776 = ORIENTED_EDGE ( 'NONE', *, *, #1987, .F. ) ;
#777 = ORIENTED_EDGE ( 'NONE', *, *, #1336, .F. ) ;
#778 = FACE_OUTER_BOUND ( 'NONE', #2680, .T. ) ;
#779 = EDGE_LOOP ( 'NONE', ( #2881, #306, #1849, #1095 ) ) ;
#780 = ORIENTED_EDGE ( 'NONE', *, *, #374, .T. ) ;
#781 = FACE_OUTER_BOUND ( 'NONE', #575, .T. ) ;
#782 = DIRECTION ( 'NONE',  ( 7.576776205558399847E-15, 0.7071067811865352493, 0.7071067811865597852 ) ) ;
#783 = ORIENTED_EDGE ( 'NONE', *, *, #1215, .T. ) ;
#784 = ORIENTED_EDGE ( 'NONE', *, *, #2400, .T. ) ;
#785 = ORIENTED_EDGE ( 'NONE', *, *, #2499, .F. ) ;
#786 = FACE_OUTER_BOUND ( 'NONE', #2903, .T. ) ;
#787 = VECTOR ( 'NONE', #2001, 1000.000000000000000 ) ;
#788 = DIRECTION ( 'NONE',  ( -0.5773502691896258421, -0.5773502691896207351, -0.5773502691896307271 ) ) ;
#789 = ORIENTED_EDGE ( 'NONE', *, *, #1679, .T. ) ;
#790 = LINE ( 'NONE', #2148, #1559 ) ;
#791 = AXIS2_PLACEMENT_3D ( 'NONE', #2583, #106, #1924 ) ;
#792 = PLANE ( 'NONE',  #854 ) ;
#793 = VECTOR ( 'NONE', #9, 1000.000000000000000 ) ;
#794 = EDGE_CURVE ( 'NONE', #1072, #451, #1288, .T. ) ;
#795 = ORIENTED_EDGE ( 'NONE', *, *, #56, .F. ) ;
#796 = PLANE ( 'NONE',  #2880 ) ;
#797 = AXIS2_PLACEMENT_3D ( 'NONE', #1334, #2515, #672 ) ;
#798 = ORIENTED_EDGE ( 'NONE', *, *, #654, .F. ) ;
#799 = ADVANCED_FACE ( 'NONE', ( #652 ), #1782, .F. ) ;
#800 = ORIENTED_EDGE ( 'NONE', *, *, #1076, .T. ) ;
#801 = VECTOR ( 'NONE', #628, 1000.000000000000000 ) ;
#802 = CARTESIAN_POINT ( 'NONE',  ( -24.60879313406304192, -223.4958217684005035, 0.4000000000000738520 ) ) ;
#803 = CARTESIAN_POINT ( 'NONE',  ( -22.30000000011605010, -214.3000000003034131, -6.695066848467074117 ) ) ;
#804 = CARTESIAN_POINT ( 'NONE',  ( -21.20879313406309308, -217.7612560154890673, 0.4000000000000739631 ) ) ;
#805 = VERTEX_POINT ( 'NONE', #641 ) ;
#806 = CARTESIAN_POINT ( 'NONE',  ( -27.92826908161645960, -219.2117273776314619, -14.30960964466643226 ) ) ;
#807 = DIRECTION ( 'NONE',  ( 8.659560562354921765E-17, -0.7071067811865486830, 0.7071067811865464625 ) ) ;
#808 = DIRECTION ( 'NONE',  ( 0.000000000000000000, 1.001833646100949020E-26, 1.000000000000000000 ) ) ;
#809 = ORIENTED_EDGE ( 'NONE', *, *, #820, .F. ) ;
#810 = EDGE_LOOP ( 'NONE', ( #1275, #2398, #1157 ) ) ;
#811 = CARTESIAN_POINT ( 'NONE',  ( -17.40000000015290382, -213.9000000003034359, 25.32000000000000739 ) ) ;
#812 = B_SPLINE_CURVE_WITH_KNOTS ( 'NONE', 3,
 ( #265, #2095, #2767, #1647 ),
 .UNSPECIFIED., .F., .F.,
 ( 4, 4 ),
 ( 0.0008552778318230120453, 0.001782891678038650389 ),
 .UNSPECIFIED. ) ;
#813 = EDGE_CURVE ( 'NONE', #2632, #2555, #2442, .T. ) ;
#814 = CARTESIAN_POINT ( 'NONE',  ( -33.35158546959603143, -212.6691863341957287, -15.25289057278127913 ) ) ;
#815 = ORIENTED_EDGE ( 'NONE', *, *, #737, .T. ) ;
#816 = LINE ( 'NONE', #2626, #744 ) ;
#817 = CARTESIAN_POINT ( 'NONE',  ( -37.02167913595819471, -214.9000000003034074, -0.04142135611476509965 ) ) ;
#818 = CARTESIAN_POINT ( 'NONE',  ( -22.30000000011605010, -211.6000000003033961, -3.695066848467076337 ) ) ;
#819 = EDGE_CURVE ( 'NONE', #587, #1546, #1970, .T. ) ;
#820 = EDGE_CURVE ( 'NONE', #158, #2150, #1766, .T. ) ;
#821 = DIRECTION ( 'NONE',  ( 0.7071067811865504593, -9.614813431917902898E-17, -0.7071067811865445751 ) ) ;
#822 = ORIENTED_EDGE ( 'NONE', *, *, #1491, .F. ) ;
#823 = ORIENTED_EDGE ( 'NONE', *, *, #1079, .T. ) ;
#824 = CARTESIAN_POINT ( 'NONE',  ( -24.20879313406303268, -218.6733979511609789, -14.19013369693509397 ) ) ;
#825 = CARTESIAN_POINT ( 'NONE',  ( -28.40879313388514760, -212.9958217684004751, 1.862756875788148303 ) ) ;
#826 = FACE_OUTER_BOUND ( 'NONE', #260, .T. ) ;
#827 = LINE ( 'NONE', #159, #1991 ) ;
#828 = VERTEX_POINT ( 'NONE', #627 ) ;
#829 = CARTESIAN_POINT ( 'NONE',  ( -26.60879313406303126, -223.6958217684004921, 0.8000000000000784262 ) ) ;
#830 = DIRECTION ( 'NONE',  ( 7.092966786403880877E-16, 1.383246298583668343E-14, 1.000000000000000000 ) ) ;
#831 = ADVANCED_FACE ( 'NONE', ( #1120 ), #1547, .F. ) ;
#832 = EDGE_CURVE ( 'NONE', #626, #158, #2019, .T. ) ;
#833 = DIRECTION ( 'NONE',  ( 0.9897199198086941152, 0.1430191607228620265, -1.060502676270646745E-14 ) ) ;
#834 = CARTESIAN_POINT ( 'NONE',  ( -24.20879313406303268, -223.8958217684005092, 0.8000000000000784262 ) ) ;
#835 = CARTESIAN_POINT ( 'NONE',  ( -28.40879313388512983, -212.0231968861839391, 25.32000000000005002 ) ) ;
#836 = EDGE_CURVE ( 'NONE', #828, #319, #590, .T. ) ;
#837 = LINE ( 'NONE', #2901, #1711 ) ;
#838 = CARTESIAN_POINT ( 'NONE',  ( -28.40879313388519734, -223.8958217684005092, -57.86969363844725223 ) ) ;
#839 = VECTOR ( 'NONE', #1627, 1000.000000000000000 ) ;
#840 = ORIENTED_EDGE ( 'NONE', *, *, #1268, .T. ) ;
#841 = AXIS2_PLACEMENT_3D ( 'NONE', #1165, #2748, #709 ) ;
#842 = FACE_OUTER_BOUND ( 'NONE', #716, .T. ) ;
#843 = AXIS2_PLACEMENT_3D ( 'NONE', #690, #2727, #245 ) ;
#844 = FACE_OUTER_BOUND ( 'NONE', #305, .T. ) ;
#845 = AXIS2_PLACEMENT_3D ( 'NONE', #858, #2672, #1087 ) ;
#846 = DIRECTION ( 'NONE',  ( 3.145132856917191701E-15, 0.7071067811865660024, 0.7071067811865291430 ) ) ;
#847 = DIRECTION ( 'NONE',  ( 0.7243183173099311256, -0.4743736390173987072, 0.5003325152483102389 ) ) ;
#848 = VECTOR ( 'NONE', #925, 1000.000000000000000 ) ;
#849 = CARTESIAN_POINT ( 'NONE',  ( -27.92826908161820398, -219.2117273776297282, 0.9194759477331562181 ) ) ;
#850 = LINE ( 'NONE', #1510, #1614 ) ;
#851 = AXIS2_PLACEMENT_3D ( 'NONE', #1195, #2808, #2321 ) ;
#852 = B_SPLINE_CURVE_WITH_KNOTS ( 'NONE', 3,
 ( #1596, #2720, #1835, #252 ),
 .UNSPECIFIED., .F., .F.,
 ( 4, 4 ),
 ( 0.000000000000000000, 0.001423898690422359522 ),
 .UNSPECIFIED. ) ;
#853 = CARTESIAN_POINT ( 'NONE',  ( -27.75481562224849341, -219.0234836992757437, -39.36411120857185608 ) ) ;
#854 = AXIS2_PLACEMENT_3D ( 'NONE', #570, #1016, #1693 ) ;
#855 = CARTESIAN_POINT ( 'NONE',  ( -27.75859595271561275, -219.3581499812221693, 25.64073719240511906 ) ) ;
#856 = FACE_OUTER_BOUND ( 'NONE', #2699, .T. ) ;
#857 = EDGE_CURVE ( 'NONE', #1738, #2154, #2191, .T. ) ;
#858 = CARTESIAN_POINT ( 'NONE',  ( -28.40879313388519734, -212.0231968861838823, -57.86969363844725223 ) ) ;
#859 = ORIENTED_EDGE ( 'NONE', *, *, #2240, .T. ) ;
#860 = CARTESIAN_POINT ( 'NONE',  ( -22.30000000011605010, -211.6000000003033961, -6.695066848467074117 ) ) ;
#861 = ADVANCED_BREP_SHAPE_REPRESENTATION ( 'Adapter Rear 1515 3mm Slots', ( #10, #1719 ), #1858 ) ;
#862 = VERTEX_POINT ( 'NONE', #2274 ) ;
#863 = DIRECTION ( 'NONE',  ( 1.000000000000000000, 6.672963584753481990E-42, -0.000000000000000000 ) ) ;
#864 = VERTEX_POINT ( 'NONE', #2258 ) ;
#865 = CARTESIAN_POINT ( 'NONE',  ( -24.20879313406303268, -218.6733979511573125, 0.8000000000000784262 ) ) ;
#866 = ORIENTED_EDGE ( 'NONE', *, *, #1918, .F. ) ;
#867 = DIRECTION ( 'NONE',  ( -0.5987078483853587318, -0.8009674851589010380, 4.682812877699002327E-16 ) ) ;
#868 = DIRECTION ( 'NONE',  ( 1.000000000000000000, 0.000000000000000000, -1.071517966896625849E-14 ) ) ;
#869 = ORIENTED_EDGE ( 'NONE', *, *, #2614, .F. ) ;
#870 = ADVANCED_FACE ( 'NONE', ( #237 ), #2035, .T. ) ;
#871 = ADVANCED_FACE ( 'NONE', ( #1376 ), #1607, .T. ) ;
#872 = FACE_OUTER_BOUND ( 'NONE', #2195, .T. ) ;
#873 = ORIENTED_EDGE ( 'NONE', *, *, #1983, .T. ) ;
#874 = DIRECTION ( 'NONE',  ( -6.672963584753481990E-42, 1.000000000000000000, -1.001833646100948877E-26 ) ) ;
#875 = DIRECTION ( 'NONE',  ( -1.000000000000000000, -1.236009555535166498E-41, -3.738628180635416196E-17 ) ) ;
#876 = VERTEX_POINT ( 'NONE', #720 ) ;
#877 = LINE ( 'NONE', #426, #1367 ) ;
#878 = EDGE_LOOP ( 'NONE', ( #439, #2514, #2863, #1791 ) ) ;
#879 = LINE ( 'NONE', #1797, #944 ) ;
#880 =( LENGTH_UNIT ( ) NAMED_UNIT ( * ) SI_UNIT ( .MILLI., .METRE. ) );
#881 = ORIENTED_EDGE ( 'NONE', *, *, #1935, .F. ) ;
#882 = DIRECTION ( 'NONE',  ( 1.000000000000000000, 6.672963584753483264E-42, -6.685199438412440354E-68 ) ) ;
#883 = EDGE_CURVE ( 'NONE', #2169, #2034, #12, .T. ) ;
#884 = VECTOR ( 'NONE', #1392, 1000.000000000000000 ) ;
#885 = CARTESIAN_POINT ( 'NONE',  ( -20.20879313406308597, -213.9000000003034074, 25.32000000000001450 ) ) ;
#886 = VECTOR ( 'NONE', #667, 1000.000000000000000 ) ;
#887 = EDGE_CURVE ( 'NONE', #2056, #1395, #1845, .T. ) ;
#888 = CARTESIAN_POINT ( 'NONE',  ( -21.18165623816442888, -218.7745432746013137, -45.81013369694242954 ) ) ;
#889 = VECTOR ( 'NONE', #2370, 1000.000000000000000 ) ;
#890 = ORIENTED_EDGE ( 'NONE', *, *, #1878, .F. ) ;
#891 = CARTESIAN_POINT ( 'NONE',  ( -26.40879313406302487, -223.8958217684005092, 0.8000000000000784262 ) ) ;
#892 = VECTOR ( 'NONE', #1156, 1000.000000000000000 ) ;
#893 = ORIENTED_EDGE ( 'NONE', *, *, #210, .F. ) ;
#894 = VECTOR ( 'NONE', #48, 1000.000000000000000 ) ;
#895 = LINE ( 'NONE', #664, #2740 ) ;
#896 = FILL_AREA_STYLE ('',( #20 ) ) ;
#897 = CIRCLE ( 'NONE', #1769, 61.70690678486771930 ) ;
#898 = VERTEX_POINT ( 'NONE', #1176 ) ;
#899 = EDGE_LOOP ( 'NONE', ( #687, #1800, #1819, #277, #1280, #1600 ) ) ;
#900 = CARTESIAN_POINT ( 'NONE',  ( -21.18165623816441467, -218.7745432746003189, 25.32000000000175532 ) ) ;
#901 = CARTESIAN_POINT ( 'NONE',  ( -28.40879313388519734, -212.9958217684004751, -57.86969363844725223 ) ) ;
#902 = DIRECTION ( 'NONE',  ( 0.000000000000000000, 1.000000000000000000, 0.000000000000000000 ) ) ;
#903 = EDGE_CURVE ( 'NONE', #2504, #2169, #2506, .T. ) ;
#904 = FACE_OUTER_BOUND ( 'NONE', #239, .T. ) ;
#905 = ORIENTED_EDGE ( 'NONE', *, *, #2052, .F. ) ;
#906 = EDGE_CURVE ( 'NONE', #2540, #583, #1311, .T. ) ;
#907 = DIRECTION ( 'NONE',  ( -0.3656034589063185125, -0.6871610745331390158, -0.6278087037324329156 ) ) ;
#908 = EDGE_CURVE ( 'NONE', #1033, #958, #1575, .T. ) ;
#909 = ORIENTED_EDGE ( 'NONE', *, *, #1125, .F. ) ;
#910 = DIRECTION ( 'NONE',  ( 0.8365562783371782718, -0.5478810027502775126, 6.985177101465975097E-15 ) ) ;
#911 = ORIENTED_EDGE ( 'NONE', *, *, #1813, .F. ) ;
#912 = FACE_OUTER_BOUND ( 'NONE', #2332, .T. ) ;
#913 = DIRECTION ( 'NONE',  ( -0.7071067811865444641, 7.084033647788273331E-27, 0.7071067811865505703 ) ) ;
#914 = EDGE_LOOP ( 'NONE', ( #2029, #395, #965, #2803, #1587, #258 ) ) ;
#915 = ORIENTED_EDGE ( 'NONE', *, *, #2181, .F. ) ;
#916 = CARTESIAN_POINT ( 'NONE',  ( -17.40000000015290027, -210.3130791654646714, 26.32000000000001805 ) ) ;
#917 = CARTESIAN_POINT ( 'NONE',  ( -28.40879313388514760, -212.9958217684004467, 1.862756875788148303 ) ) ;
#918 = CARTESIAN_POINT ( 'NONE',  ( -22.60879313334359253, -214.9000000003034074, -13.79013369693512203 ) ) ;
#919 = CARTESIAN_POINT ( 'NONE',  ( -33.30438512056055345, -212.9958217684004751, 1.862756875788149635 ) ) ;
#920 = VERTEX_POINT ( 'NONE', #1865 ) ;
#921 = DIRECTION ( 'NONE',  ( 0.7071067811865487940, -7.084033647788230283E-27, -0.7071067811865462405 ) ) ;
#922 = PLANE ( 'NONE',  #841 ) ;
#923 = EDGE_CURVE ( 'NONE', #2434, #494, #707, .T. ) ;
#924 = EDGE_CURVE ( 'NONE', #152, #1432, #1386, .T. ) ;
#925 = DIRECTION ( 'NONE',  ( -5.699450384294499486E-16, 0.7071067811865472397, -0.7071067811865479058 ) ) ;
#926 = SURFACE_SIDE_STYLE ('',( #2054 ) ) ;
#927 = ADVANCED_FACE ( 'NONE', ( #2289 ), #2303, .T. ) ;
#928 = ORIENTED_EDGE ( 'NONE', *, *, #2038, .F. ) ;
#929 = B_SPLINE_CURVE_WITH_KNOTS ( 'NONE', 3,
 ( #535, #984, #78, #763 ),
 .UNSPECIFIED., .F., .F.,
 ( 4, 4 ),
 ( 3.103167691559091397E-17, 0.0008506401776795485380 ),
 .UNSPECIFIED. ) ;
#930 = ORIENTED_EDGE ( 'NONE', *, *, #2273, .T. ) ;
#931 = LINE ( 'NONE', #1118, #2598 ) ;
#932 = CARTESIAN_POINT ( 'NONE',  ( 4.028231956410756709, -214.9000000003033790, -0.04142135611479720592 ) ) ;
#933 = CARTESIAN_POINT ( 'NONE',  ( -33.00879313331842013, -157.1930932154384379, -39.71013369693513084 ) ) ;
#934 = ORIENTED_EDGE ( 'NONE', *, *, #2088, .T. ) ;
#935 = VECTOR ( 'NONE', #821, 1000.000000000000114 ) ;
#936 = CARTESIAN_POINT ( 'NONE',  ( -20.96196243532348902, -217.6447095477223002, 26.07316930126042109 ) ) ;
#937 = ORIENTED_EDGE ( 'NONE', *, *, #3, .F. ) ;
#938 = VECTOR ( 'NONE', #1245, 1000.000000000000114 ) ;
#939 = CARTESIAN_POINT ( 'NONE',  ( -11.53122018163601759, -189.4439252103452702, -18.00301637109703279 ) ) ;
#940 = VECTOR ( 'NONE', #2451, 1000.000000000000000 ) ;
#941 = FACE_OUTER_BOUND ( 'NONE', #1529, .T. ) ;
#942 = CARTESIAN_POINT ( 'NONE',  ( -22.30000000011605010, -214.3000000003034131, -6.695066848467074117 ) ) ;
#943 = CARTESIAN_POINT ( 'NONE',  ( -28.40879313388516181, -212.9958217684004467, -15.25289057278129157 ) ) ;
#944 = VECTOR ( 'NONE', #2811, 1000.000000000000000 ) ;
#945 = PLANE ( 'NONE',  #2043 ) ;
#946 = CIRCLE ( 'NONE', #1907, 62.70690678486598557 ) ;
#947 = EDGE_LOOP ( 'NONE', ( #1423, #2118, #620, #558 ) ) ;
#948 = CARTESIAN_POINT ( 'NONE',  ( -38.35158546959601722, -213.3917097363240032, -3.189177413830338370 ) ) ;
#949 = DIRECTION ( 'NONE',  ( 8.060240031541826266E-16, 1.001833646100949020E-26, 1.000000000000000000 ) ) ;
#950 = EDGE_CURVE ( 'NONE', #451, #2552, #1148, .T. ) ;
#951 = MECHANICAL_DESIGN_GEOMETRIC_PRESENTATION_REPRESENTATION (  '', ( #1524 ), #47 ) ;
#952 = ORIENTED_EDGE ( 'NONE', *, *, #2538, .F. ) ;
#953 = CARTESIAN_POINT ( 'NONE',  ( -27.41989147083998191, -219.6504413558535305, -38.71013369693340422 ) ) ;
#954 = EDGE_LOOP ( 'NONE', ( #1010, #1884, #1448, #2563 ) ) ;
#955 = ORIENTED_EDGE ( 'NONE', *, *, #208, .F. ) ;
#956 = LINE ( 'NONE', #755, #1563 ) ;
#957 = DIRECTION ( 'NONE',  ( 0.000000000000000000, -1.000000000000000000, 2.777495881037144918E-14 ) ) ;
#958 = VERTEX_POINT ( 'NONE', #480 ) ;
#959 = LINE ( 'NONE', #1888, #2312 ) ;
#960 = B_SPLINE_CURVE_WITH_KNOTS ( 'NONE', 3,
 ( #121, #2206, #1304, #2841 ),
 .UNSPECIFIED., .F., .F.,
 ( 4, 4 ),
 ( 0.005180015247549522167, 0.006005694978003848702 ),
 .UNSPECIFIED. ) ;
#961 = ORIENTED_EDGE ( 'NONE', *, *, #986, .F. ) ;
#962 = CARTESIAN_POINT ( 'NONE',  ( -26.67527740567374650, -218.8421772141046517, 26.05351572838929641 ) ) ;
#963 = ORIENTED_EDGE ( 'NONE', *, *, #1549, .T. ) ;
#964 = ORIENTED_EDGE ( 'NONE', *, *, #1565, .T. ) ;
#965 = ORIENTED_EDGE ( 'NONE', *, *, #2006, .F. ) ;
#966 = VERTEX_POINT ( 'NONE', #1160 ) ;
#967 = LINE ( 'NONE', #548, #746 ) ;
#968 = CARTESIAN_POINT ( 'NONE',  ( -27.40879313388512628, -218.6453701867809229, 26.32000000000001805 ) ) ;
#969 = EDGE_CURVE ( 'NONE', #2034, #1536, #257, .T. ) ;
#970 = EDGE_CURVE ( 'NONE', #1072, #2308, #981, .T. ) ;
#971 = CARTESIAN_POINT ( 'NONE',  ( -24.45318664732362635, -220.9531866474741548, -45.76332034410589955 ) ) ;
#972 = VERTEX_POINT ( 'NONE', #2048 ) ;
#973 = VERTEX_POINT ( 'NONE', #1399 ) ;
#974 = VERTEX_POINT ( 'NONE', #2316 ) ;
#975 = DIRECTION ( 'NONE',  ( 0.000000000000000000, 2.775557561562831082E-14, 1.000000000000000000 ) ) ;
#976 = EDGE_LOOP ( 'NONE', ( #2377, #1906, #1282, #2249, #586, #1181, #2683, #934, #1338, #1487, #1896 ) ) ;
#977 = ORIENTED_EDGE ( 'NONE', *, *, #684, .T. ) ;
#978 = CARTESIAN_POINT ( 'NONE',  ( -21.18165623816449283, -218.7745432746009158, -14.79013369693339897 ) ) ;
#979 = CARTESIAN_POINT ( 'NONE',  ( -28.40879313388518312, -218.7970501492620201, -38.71013369693515926 ) ) ;
#980 = ORIENTED_EDGE ( 'NONE', *, *, #758, .T. ) ;
#981 = B_SPLINE_CURVE_WITH_KNOTS ( 'NONE', 3,
 ( #2479, #1822, #44, #953 ),
 .UNSPECIFIED., .F., .F.,
 ( 4, 4 ),
 ( 0.005180015247549532575, 0.006005694978003890336 ),
 .UNSPECIFIED. ) ;
#982 = ORIENTED_EDGE ( 'NONE', *, *, #1953, .F. ) ;
#983 = CARTESIAN_POINT ( 'NONE',  ( -24.20879313406303268, -223.8958217684005092, -39.71013369693522321 ) ) ;
#984 = CARTESIAN_POINT ( 'NONE',  ( -26.80879313406302700, -219.3917522973357279, -38.91013848957741317 ) ) ;
#985 = LINE ( 'NONE', #82, #1086 ) ;
#986 = EDGE_CURVE ( 'NONE', #1744, #1649, #274, .T. ) ;
#987 = DIRECTION ( 'NONE',  ( -6.672963584753481990E-42, 1.000000000000000000, -1.001833646100948877E-26 ) ) ;
#988 = AXIS2_PLACEMENT_3D ( 'NONE', #994, #62, #2577 ) ;
#989 = EDGE_CURVE ( 'NONE', #2541, #898, #36, .T. ) ;
#990 = ORIENTED_EDGE ( 'NONE', *, *, #1878, .T. ) ;
#991 = AXIS2_PLACEMENT_3D ( 'NONE', #2408, #2186, #144 ) ;
#992 = ORIENTED_EDGE ( 'NONE', *, *, #2487, .T. ) ;
#993 = DIRECTION ( 'NONE',  ( 0.9897199198086941152, 0.1430191607228620265, -7.741126491484141872E-16 ) ) ;
#994 = CARTESIAN_POINT ( 'NONE',  ( -22.30000000011605010, -211.6000000003033961, -6.695066848467074117 ) ) ;
#995 = VECTOR ( 'NONE', #874, 1000.000000000000000 ) ;
#996 = ORIENTED_EDGE ( 'NONE', *, *, #1188, .T. ) ;
#997 = VECTOR ( 'NONE', #2389, 1000.000000000000000 ) ;
#998 = CARTESIAN_POINT ( 'NONE',  ( -28.40879313388518312, -212.9958217684004751, -38.71013369693515926 ) ) ;
#999 = LINE ( 'NONE', #1203, #2372 ) ;
#1000 = VECTOR ( 'NONE', #61, 1000.000000000000000 ) ;
#1001 = CARTESIAN_POINT ( 'NONE',  ( -21.20879313406309308, -217.7612560154890673, 0.4000000000000739631 ) ) ;
#1002 = AXIS2_PLACEMENT_3D ( 'NONE', #1163, #2746, #528 ) ;
#1003 = AXIS2_PLACEMENT_3D ( 'NONE', #143, #2197, #1071 ) ;
#1004 = ORIENTED_EDGE ( 'NONE', *, *, #2164, .F. ) ;
#1005 = ORIENTED_EDGE ( 'NONE', *, *, #2430, .F. ) ;
#1006 = ORIENTED_EDGE ( 'NONE', *, *, #1377, .F. ) ;
#1007 = LINE ( 'NONE', #409, #606 ) ;
#1008 = DIRECTION ( 'NONE',  ( -0.7071067811865474617, 0.000000000000000000, 0.7071067811865474617 ) ) ;
#1009 = DIRECTION ( 'NONE',  ( 0.9897199198086941152, 0.1430191607228620265, -1.432814072492824851E-27 ) ) ;
#1010 = ORIENTED_EDGE ( 'NONE', *, *, #536, .F. ) ;
#1011 = EDGE_CURVE ( 'NONE', #2705, #732, #2771, .T. ) ;
#1012 = EDGE_CURVE ( 'NONE', #2632, #185, #1255, .T. ) ;
#1013 = EDGE_LOOP ( 'NONE', ( #1471, #2664, #2315, #1633 ) ) ;
#1014 = CARTESIAN_POINT ( 'NONE',  ( -26.80879313406303410, -223.4958217684005035, 25.92000000000001236 ) ) ;
#1015 = FACE_OUTER_BOUND ( 'NONE', #1236, .T. ) ;
#1016 = DIRECTION ( 'NONE',  ( 1.000000000000000000, 6.672963584753481990E-42, -0.000000000000000000 ) ) ;
#1017 = CARTESIAN_POINT ( 'NONE',  ( -17.24812411250895750, -197.0921532680796417, 1.862756875788139643 ) ) ;
#1018 = ORIENTED_EDGE ( 'NONE', *, *, #906, .F. ) ;
#1019 = DIRECTION ( 'NONE',  ( -0.7071067811865322517, -0.7071067811865628938, 7.084033647788402475E-27 ) ) ;
#1020 = DIRECTION ( 'NONE',  ( 0.000000000000000000, -2.775557561562927323E-14, -1.000000000000000000 ) ) ;
#1021 = FACE_OUTER_BOUND ( 'NONE', #2620, .T. ) ;
#1022 = ORIENTED_EDGE ( 'NONE', *, *, #654, .T. ) ;
#1023 = VERTEX_POINT ( 'NONE', #1418 ) ;
#1024 = EDGE_LOOP ( 'NONE', ( #1542, #890, #213, #127 ) ) ;
#1025 = DIRECTION ( 'NONE',  ( -6.672963584753483264E-42, 1.000000000000000000, -1.001833646100949020E-26 ) ) ;
#1026 = EDGE_CURVE ( 'NONE', #1297, #175, #1468, .T. ) ;
#1027 = ORIENTED_EDGE ( 'NONE', *, *, #52, .T. ) ;
#1028 = CARTESIAN_POINT ( 'NONE',  ( -28.01290516596170477, -211.4935672998547602, -14.85289057278118996 ) ) ;
#1029 = LINE ( 'NONE', #2163, #2469 ) ;
#1030 = EDGE_CURVE ( 'NONE', #1932, #2504, #1213, .T. ) ;
#1031 = DIRECTION ( 'NONE',  ( 6.685199438412438707E-68, -1.001833646100949020E-26, -1.000000000000000000 ) ) ;
#1032 = CARTESIAN_POINT ( 'NONE',  ( -27.92826908161825372, -219.2117273776302682, -39.19065774920209577 ) ) ;
#1033 = VERTEX_POINT ( 'NONE', #2788 ) ;
#1034 = FACE_OUTER_BOUND ( 'NONE', #2726, .T. ) ;
#1035 = CARTESIAN_POINT ( 'NONE',  ( -37.74859776078201890, -214.9000000003033790, -0.9445498888882234434 ) ) ;
#1036 = VECTOR ( 'NONE', #2473, 1000.000000000000000 ) ;
#1037 = LINE ( 'NONE', #2883, #2077 ) ;
#1038 = ORIENTED_EDGE ( 'NONE', *, *, #352, .T. ) ;
#1039 = CARTESIAN_POINT ( 'NONE',  ( -22.60879313334359253, -223.4958217684005319, -13.79013369693512203 ) ) ;
#1040 = AXIS2_PLACEMENT_3D ( 'NONE', #2777, #738, #2105 ) ;
#1041 = LINE ( 'NONE', #2651, #499 ) ;
#1042 = CARTESIAN_POINT ( 'NONE',  ( -33.00879313331842013, -157.1930932154384095, -38.71013369693514505 ) ) ;
#1043 = AXIS2_PLACEMENT_3D ( 'NONE', #2570, #67, #2392 ) ;
#1044 = DIRECTION ( 'NONE',  ( 0.7071067811865475727, 7.084033647788251807E-27, 0.7071067811865475727 ) ) ;
#1045 = EDGE_LOOP ( 'NONE', ( #1482, #2246, #2572, #1499 ) ) ;
#1046 = ORIENTED_EDGE ( 'NONE', *, *, #2101, .F. ) ;
#1047 = EDGE_CURVE ( 'NONE', #13, #229, #1244, .T. ) ;
#1048 = ADVANCED_FACE ( 'NONE', ( #554 ), #796, .F. ) ;
#1049 = FACE_OUTER_BOUND ( 'NONE', #1839, .T. ) ;
#1050 = VECTOR ( 'NONE', #2002, 1000.000000000000000 ) ;
#1051 = ORIENTED_EDGE ( 'NONE', *, *, #2778, .T. ) ;
#1052 = LINE ( 'NONE', #540, #694 ) ;
#1053 = FACE_OUTER_BOUND ( 'NONE', #1919, .T. ) ;
#1054 = DIRECTION ( 'NONE',  ( 1.000000000000000000, 1.498193400648686194E-41, 2.990902544508316686E-16 ) ) ;
#1055 = EDGE_LOOP ( 'NONE', ( #2276, #2100, #406, #512 ) ) ;
#1056 = AXIS2_PLACEMENT_3D ( 'NONE', #1349, #1597, #2068 ) ;
#1057 = CARTESIAN_POINT ( 'NONE',  ( -26.80879313406303410, -223.4958217684005035, 26.32000000000107320 ) ) ;
#1058 = PLANE ( 'NONE',  #1088 ) ;
#1059 = B_SPLINE_CURVE_WITH_KNOTS ( 'NONE', 3,
 ( #332, #2634, #567, #2587 ),
 .UNSPECIFIED., .F., .F.,
 ( 4, 4 ),
 ( 3.380555587280629376E-17, 0.0008506401776794246137 ),
 .UNSPECIFIED. ) ;
#1060 = CARTESIAN_POINT ( 'NONE',  ( -17.40000000015295356, -203.8893902868810812, -39.71013369693529427 ) ) ;
#1061 = PLANE ( 'NONE',  #845 ) ;
#1062 = EDGE_CURVE ( 'NONE', #319, #2540, #291, .T. ) ;
#1063 = EDGE_CURVE ( 'NONE', #2449, #2433, #985, .T. ) ;
#1064 = LINE ( 'NONE', #2009, #2695 ) ;
#1065 = LINE ( 'NONE', #2662, #801 ) ;
#1066 = DIRECTION ( 'NONE',  ( 0.5987078483854066935, 0.8009674851588651778, -5.758649765679450087E-16 ) ) ;
#1067 = ADVANCED_FACE ( 'NONE', ( #2135, #778 ), #766, .F. ) ;
#1068 = VERTEX_POINT ( 'NONE', #1718 ) ;
#1069 = CARTESIAN_POINT ( 'NONE',  ( -28.40879313388516181, -214.9000000003034074, -13.34871234087835035 ) ) ;
#1070 = LINE ( 'NONE', #2437, #83 ) ;
#1071 = DIRECTION ( 'NONE',  ( 0.000000000000000000, -1.000000000000000000, 2.775390170726392243E-14 ) ) ;
#1072 = VERTEX_POINT ( 'NONE', #1032 ) ;
#1073 = CARTESIAN_POINT ( 'NONE',  ( -24.20879313406303268, -218.6733979511573125, 0.8000000000000784262 ) ) ;
#1074 = ORIENTED_EDGE ( 'NONE', *, *, #1586, .T. ) ;
#1075 = CARTESIAN_POINT ( 'NONE',  ( -33.00879313331837750, -157.1930932154375284, 26.32000000000001805 ) ) ;
#1076 = EDGE_CURVE ( 'NONE', #828, #2848, #1685, .T. ) ;
#1077 = DIRECTION ( 'NONE',  ( 0.000000000000000000, 2.775557561562831082E-14, 1.000000000000000000 ) ) ;
#1078 = ORIENTED_EDGE ( 'NONE', *, *, #246, .F. ) ;
#1079 = EDGE_CURVE ( 'NONE', #518, #2815, #2806, .T. ) ;
#1080 = LINE ( 'NONE', #2649, #1139 ) ;
#1081 = CARTESIAN_POINT ( 'NONE',  ( -21.20879313406308597, -217.7612560154921653, 26.32000000000001805 ) ) ;
#1082 = PLANE ( 'NONE',  #1461 ) ;
#1083 = DIRECTION ( 'NONE',  ( 6.672963584753481990E-42, -1.000000000000000000, 0.000000000000000000 ) ) ;
#1084 = AXIS2_PLACEMENT_3D ( 'NONE', #1659, #328, #1009 ) ;
#1085 = EDGE_LOOP ( 'NONE', ( #2859, #2244, #458, #2290 ) ) ;
#1086 = VECTOR ( 'NONE', #751, 1000.000000000000000 ) ;
#1087 = DIRECTION ( 'NONE',  ( 8.060240031541825280E-16, 1.164742409912037502E-16, 1.000000000000000000 ) ) ;
#1088 = AXIS2_PLACEMENT_3D ( 'NONE', #2207, #615, #2422 ) ;
#1089 = ORIENTED_EDGE ( 'NONE', *, *, #1429, .T. ) ;
#1090 = VERTEX_POINT ( 'NONE', #733 ) ;
#1091 = DIRECTION ( 'NONE',  ( 1.000000000000000000, 0.000000000000000000, -8.060240031541825280E-16 ) ) ;
#1092 = AXIS2_PLACEMENT_3D ( 'NONE', #1127, #2030, #882 ) ;
#1093 = FACE_OUTER_BOUND ( 'NONE', #1722, .T. ) ;
#1094 = AXIS2_PLACEMENT_3D ( 'NONE', #2445, #1493, #833 ) ;
#1095 = ORIENTED_EDGE ( 'NONE', *, *, #1778, .F. ) ;
#1096 = CARTESIAN_POINT ( 'NONE',  ( -26.40879313406306039, -223.8958217684005092, -13.79013369693512381 ) ) ;
#1097 = CIRCLE ( 'NONE', #2745, 61.70690678486769087 ) ;
#1098 = ORIENTED_EDGE ( 'NONE', *, *, #2670, .T. ) ;
#1099 = EDGE_CURVE ( 'NONE', #1550, #1395, #1652, .T. ) ;
#1100 = ADVANCED_FACE ( 'NONE', ( #1205 ), #320, .F. ) ;
#1101 = AXIS2_PLACEMENT_3D ( 'NONE', #376, #1777, #1978 ) ;
#1102 = ORIENTED_EDGE ( 'NONE', *, *, #66, .T. ) ;
#1103 = DIRECTION ( 'NONE',  ( 7.092966786403879890E-16, 1.383246298583668185E-14, 1.000000000000000000 ) ) ;
#1104 = DIRECTION ( 'NONE',  ( 0.7243183173099455585, -0.4743736390174115303, 0.5003325152482772653 ) ) ;
#1105 = LINE ( 'NONE', #2069, #452 ) ;
#1106 = CARTESIAN_POINT ( 'NONE',  ( -24.20879313406300071, -219.2794537025768591, 1.400000000001816458 ) ) ;
#1107 = ORIENTED_EDGE ( 'NONE', *, *, #2164, .T. ) ;
#1108 = ORIENTED_EDGE ( 'NONE', *, *, #923, .F. ) ;
#1109 = CARTESIAN_POINT ( 'NONE',  ( -24.60879313406300994, -218.3255914873758741, -39.71013369693521611 ) ) ;
#1110 = CARTESIAN_POINT ( 'NONE',  ( -27.40879313388515470, -213.9000000003034074, -39.71013369693519479 ) ) ;
#1111 = DIRECTION ( 'NONE',  ( -0.6707111612407914425, -0.3166908214237635355, 0.6707111612407914425 ) ) ;
#1112 = DIRECTION ( 'NONE',  ( 8.075019659248373363E-42, -1.000000000000000000, 1.001833646100949020E-26 ) ) ;
#1113 = CARTESIAN_POINT ( 'NONE',  ( -28.40879313388518312, -212.9958217684004751, -38.71013369693515926 ) ) ;
#1114 = PLANE ( 'NONE',  #705 ) ;
#1115 = EDGE_CURVE ( 'NONE', #1023, #862, #1391, .T. ) ;
#1116 = ORIENTED_EDGE ( 'NONE', *, *, #1983, .F. ) ;
#1117 = EDGE_LOOP ( 'NONE', ( #2691, #1169, #87, #1925, #2731 ) ) ;
#1118 = CARTESIAN_POINT ( 'NONE',  ( -28.40879313388499838, -223.8958217684005092, -39.31013369693520332 ) ) ;
#1119 = ADVANCED_FACE ( 'NONE', ( #513 ), #2099, .T. ) ;
#1120 = FACE_OUTER_BOUND ( 'NONE', #1394, .T. ) ;
#1121 = CARTESIAN_POINT ( 'NONE',  ( 4.028231956410756709, -214.9000000003033790, -0.04142135611479720592 ) ) ;
#1122 = CARTESIAN_POINT ( 'NONE',  ( -20.20879313406308597, -217.2890843271049448, -39.71013369693521611 ) ) ;
#1123 = CARTESIAN_POINT ( 'NONE',  ( -22.60879313334359253, -203.8893902868810812, 0.4000000000000739075 ) ) ;
#1124 = CARTESIAN_POINT ( 'NONE',  ( -24.20879313406303268, -223.8958217684005092, -14.19013369693509397 ) ) ;
#1125 = EDGE_CURVE ( 'NONE', #1536, #828, #1257, .T. ) ;
#1126 = ORIENTED_EDGE ( 'NONE', *, *, #2006, .T. ) ;
#1127 = CARTESIAN_POINT ( 'NONE',  ( -17.40000000015289672, -213.9000000003034359, 26.32000000000001805 ) ) ;
#1128 = AXIS2_PLACEMENT_3D ( 'NONE', #2157, #1066, #2600 ) ;
#1129 = EDGE_CURVE ( 'NONE', #2540, #2539, #2874, .T. ) ;
#1130 = EDGE_CURVE ( 'NONE', #1344, #1670, #2124, .T. ) ;
#1131 = EDGE_LOOP ( 'NONE', ( #1364, #207, #444, #2782, #2117, #1450 ) ) ;
#1132 = DIRECTION ( 'NONE',  ( -0.7034440569815222366, -0.1016509586514423719, -0.7034440569815197941 ) ) ;
#1133 = VECTOR ( 'NONE', #2470, 1000.000000000000000 ) ;
#1134 = EDGE_LOOP ( 'NONE', ( #2144, #551, #479, #2535 ) ) ;
#1135 = ORIENTED_EDGE ( 'NONE', *, *, #774, .F. ) ;
#1136 = AXIS2_PLACEMENT_3D ( 'NONE', #948, #1355, #2915 ) ;
#1137 = FACE_OUTER_BOUND ( 'NONE', #40, .T. ) ;
#1138 = PLANE ( 'NONE',  #1841 ) ;
#1139 = VECTOR ( 'NONE', #1477, 1000.000000000000000 ) ;
#1140 = CIRCLE ( 'NONE', #1370, 62.70690678486598557 ) ;
#1141 = CYLINDRICAL_SURFACE ( 'NONE', #661, 62.70690678486599978 ) ;
#1142 = LINE ( 'NONE', #2913, #465 ) ;
#1143 = CIRCLE ( 'NONE', #1955, 62.70690678486598557 ) ;
#1144 = ORIENTED_EDGE ( 'NONE', *, *, #2704, .F. ) ;
#1145 = DIRECTION ( 'NONE',  ( 1.000000000000000000, -9.536272795868277950E-41, -1.071517966896626007E-14 ) ) ;
#1146 = CARTESIAN_POINT ( 'NONE',  ( -37.74859776078203311, -214.9000000003034074, -12.44558380810490306 ) ) ;
#1147 = ORIENTED_EDGE ( 'NONE', *, *, #1426, .T. ) ;
#1148 = LINE ( 'NONE', #2534, #1989 ) ;
#1149 = ADVANCED_FACE ( 'NONE', ( #842 ), #186, .F. ) ;
#1150 = ADVANCED_FACE ( 'NONE', ( #147 ), #1061, .T. ) ;
#1151 = ORIENTED_EDGE ( 'NONE', *, *, #1678, .F. ) ;
#1152 = LINE ( 'NONE', #1578, #547 ) ;
#1153 = CARTESIAN_POINT ( 'NONE',  ( -27.41989147083996414, -219.6504413558532463, -14.79013369693337765 ) ) ;
#1154 = EDGE_CURVE ( 'NONE', #518, #1966, #2189, .T. ) ;
#1155 = ORIENTED_EDGE ( 'NONE', *, *, #533, .T. ) ;
#1156 = DIRECTION ( 'NONE',  ( 0.7071067811865352493, 0.7071067811865597852, -1.231246598634938149E-14 ) ) ;
#1157 = ORIENTED_EDGE ( 'NONE', *, *, #398, .F. ) ;
#1158 = CARTESIAN_POINT ( 'NONE',  ( -33.30438512056056766, -212.9958217684004751, -15.25289057278128269 ) ) ;
#1159 = DIRECTION ( 'NONE',  ( -0.1011298183867492539, 0.6998376667721627475, -0.7071067811865180408 ) ) ;
#1160 = CARTESIAN_POINT ( 'NONE',  ( -27.40879313388516536, -218.6453701867783934, -39.71013369693519479 ) ) ;
#1161 = ORIENTED_EDGE ( 'NONE', *, *, #1337, .F. ) ;
#1162 = EDGE_CURVE ( 'NONE', #488, #152, #470, .T. ) ;
#1163 = CARTESIAN_POINT ( 'NONE',  ( -31.43618604402190897, -225.9241163470648246, -3.189177413830338370 ) ) ;
#1164 = FACE_OUTER_BOUND ( 'NONE', #2238, .T. ) ;
#1165 = CARTESIAN_POINT ( 'NONE',  ( -28.40879313388519023, -218.7970501492620770, -45.81013369694242954 ) ) ;
#1166 = EDGE_LOOP ( 'NONE', ( #1451, #1969, #784, #516 ) ) ;
#1167 = EDGE_CURVE ( 'NONE', #1929, #805, #2409, .T. ) ;
#1168 = DIRECTION ( 'NONE',  ( 0.000000000000000000, -2.775557561562898609E-14, -1.000000000000000000 ) ) ;
#1169 = ORIENTED_EDGE ( 'NONE', *, *, #2778, .F. ) ;
#1170 = FACE_OUTER_BOUND ( 'NONE', #251, .T. ) ;
#1171 = EDGE_LOOP ( 'NONE', ( #1591, #644, #2766, #1945, #2741 ) ) ;
#1172 = EDGE_LOOP ( 'NONE', ( #1573, #1631, #2619, #2378, #911, #2061 ) ) ;
#1173 = LINE ( 'NONE', #2071, #2358 ) ;
#1174 = PLANE ( 'NONE',  #2467 ) ;
#1175 = VERTEX_POINT ( 'NONE', #2428 ) ;
#1176 = CARTESIAN_POINT ( 'NONE',  ( -26.40879313406302487, -218.5460258671550093, 26.32000000000001805 ) ) ;
#1177 = ORIENTED_EDGE ( 'NONE', *, *, #701, .T. ) ;
#1178 = AXIS2_PLACEMENT_3D ( 'NONE', #2609, #2167, #2594 ) ;
#1179 = CARTESIAN_POINT ( 'NONE',  ( -17.40000000015295356, -210.3130791654646714, -38.71013369693517348 ) ) ;
#1180 = DIRECTION ( 'NONE',  ( 0.000000000000000000, 2.775557561562965820E-14, 1.000000000000000000 ) ) ;
#1181 = ORIENTED_EDGE ( 'NONE', *, *, #1187, .T. ) ;
#1182 = VECTOR ( 'NONE', #702, 1000.000000000000114 ) ;
#1183 = CARTESIAN_POINT ( 'NONE',  ( -17.40000000015290027, -210.3130791654646714, 25.32000000000000739 ) ) ;
#1184 = ORIENTED_EDGE ( 'NONE', *, *, #1583, .F. ) ;
#1185 = CARTESIAN_POINT ( 'NONE',  ( -26.80879313406303410, -219.3917522973360406, 25.52000479264454214 ) ) ;
#1186 = CIRCLE ( 'NONE', #2840, 2.999999999999997335 ) ;
#1187 = EDGE_CURVE ( 'NONE', #2693, #862, #1779, .T. ) ;
#1188 = EDGE_CURVE ( 'NONE', #1218, #1649, #1980, .T. ) ;
#1189 = VECTOR ( 'NONE', #1238, 1000.000000000000000 ) ;
#1190 = CARTESIAN_POINT ( 'NONE',  ( -33.35158546959600301, -212.6691863341957003, 1.862756875788152300 ) ) ;
#1191 = DIRECTION ( 'NONE',  ( -1.106131730118013763E-15, 0.7071067811865475727, -0.7071067811865474617 ) ) ;
#1192 = PRESENTATION_STYLE_ASSIGNMENT (( #360 ) ) ;
#1193 = DIRECTION ( 'NONE',  ( 0.7071067811865627828, -0.7071067811865321406, 1.224836723013612937E-14 ) ) ;
#1194 = ORIENTED_EDGE ( 'NONE', *, *, #1623, .F. ) ;
#1195 = CARTESIAN_POINT ( 'NONE',  ( -24.60879313406300284, -223.4958217684005319, -13.79013369693512203 ) ) ;
#1196 = ORIENTED_EDGE ( 'NONE', *, *, #2181, .T. ) ;
#1197 = CARTESIAN_POINT ( 'NONE',  ( -26.80879313406303410, -219.5927419206604441, -45.81013369694241533 ) ) ;
#1198 = VERTEX_POINT ( 'NONE', #1761 ) ;
#1199 = CARTESIAN_POINT ( 'NONE',  ( -24.20879313406303268, -214.9000000003034074, -39.31013369693525306 ) ) ;
#1200 = CARTESIAN_POINT ( 'NONE',  ( -25.00975084983894803, -207.4758665688284225, 28.71904228404622472 ) ) ;
#1201 = ADVANCED_FACE ( 'NONE', ( #872 ), #1789, .T. ) ;
#1202 = DIRECTION ( 'NONE',  ( 0.7243183173091415350, -0.4743736390181063634, -0.5003325152487824168 ) ) ;
#1203 = CARTESIAN_POINT ( 'NONE',  ( -30.23276342597890221, -217.2230208331776851, 3.223970292093837564 ) ) ;
#1204 = ADVANCED_FACE ( 'NONE', ( #1049 ), #358, .T. ) ;
#1205 = FACE_OUTER_BOUND ( 'NONE', #2678, .T. ) ;
#1206 = CARTESIAN_POINT ( 'NONE',  ( -38.35158546959601011, -213.3917097363240316, -3.189177413830338370 ) ) ;
#1207 = CARTESIAN_POINT ( 'NONE',  ( -24.88792481817629110, -204.7159988348177251, -46.19805851495858207 ) ) ;
#1208 = VERTEX_POINT ( 'NONE', #1558 ) ;
#1209 = DIRECTION ( 'NONE',  ( 6.672963584753481990E-42, -1.000000000000000000, 1.001833646100948877E-26 ) ) ;
#1210 = ORIENTED_EDGE ( 'NONE', *, *, #1813, .T. ) ;
#1211 = DIRECTION ( 'NONE',  ( 0.9897199198086936711, 0.1430191607228661899, 0.000000000000000000 ) ) ;
#1212 = DIRECTION ( 'NONE',  ( 6.672963584753481990E-42, -1.000000000000000000, 1.001833646100948877E-26 ) ) ;
#1213 = LINE ( 'NONE', #1232, #1843 ) ;
#1214 = EDGE_CURVE ( 'NONE', #377, #166, #1943, .T. ) ;
#1215 = EDGE_CURVE ( 'NONE', #1952, #1594, #827, .T. ) ;
#1216 = COLOUR_RGB ( '',0.7921568627450980005, 0.8196078431372548767, 0.9333333333333333481 ) ;
#1217 = ORIENTED_EDGE ( 'NONE', *, *, #1511, .T. ) ;
#1218 = VERTEX_POINT ( 'NONE', #811 ) ;
#1219 = VERTEX_POINT ( 'NONE', #1501 ) ;
#1220 = DIRECTION ( 'NONE',  ( 7.821532472520555013E-16, 7.031447424553277163E-31, 1.000000000000000000 ) ) ;
#1221 = DIRECTION ( 'NONE',  ( 7.023104907070927881E-16, 1.000000000000000000, -1.002586184410081621E-26 ) ) ;
#1222 = CARTESIAN_POINT ( 'NONE',  ( -24.20879313406303268, -218.6733979511604389, 25.92000000000001236 ) ) ;
#1223 = AXIS2_PLACEMENT_3D ( 'NONE', #2360, #2397, #1054 ) ;
#1224 = CARTESIAN_POINT ( 'NONE',  ( -24.60879313406303837, -223.4958217684005035, 26.32000000000001805 ) ) ;
#1225 = CARTESIAN_POINT ( 'NONE',  ( -18.06666666681970668, -214.2333333336368071, -39.37680036360192304 ) ) ;
#1226 = ORIENTED_EDGE ( 'NONE', *, *, #655, .F. ) ;
#1227 = VECTOR ( 'NONE', #2439, 1000.000000000000114 ) ;
#1228 = CARTESIAN_POINT ( 'NONE',  ( -20.20879313406308597, -213.9000000003034074, -38.71013369693524453 ) ) ;
#1229 = CARTESIAN_POINT ( 'NONE',  ( -21.18165623816449283, -218.7745432746009158, -14.79013369693339897 ) ) ;
#1230 = VECTOR ( 'NONE', #1917, 1000.000000000000000 ) ;
#1231 = DIRECTION ( 'NONE',  ( 1.187460332363099247E-11, 1.000000000000000000, -1.383199686382452833E-14 ) ) ;
#1232 = CARTESIAN_POINT ( 'NONE',  ( -28.40879313388519734, -214.9000000003034074, -57.86969363844725223 ) ) ;
#1233 = VECTOR ( 'NONE', #907, 1000.000000000000114 ) ;
#1234 = AXIS2_PLACEMENT_3D ( 'NONE', #1892, #1044, #1212 ) ;
#1235 = VERTEX_POINT ( 'NONE', #1732 ) ;
#1236 = EDGE_LOOP ( 'NONE', ( #369, #2758, #1108 ) ) ;
#1237 = EDGE_CURVE ( 'NONE', #1999, #2693, #1532, .T. ) ;
#1238 = DIRECTION ( 'NONE',  ( 8.075019659248373363E-42, -1.000000000000000000, 1.001833646100949020E-26 ) ) ;
#1239 = EDGE_CURVE ( 'NONE', #1957, #1546, #2245, .T. ) ;
#1240 = CARTESIAN_POINT ( 'NONE',  ( -28.40879313388519734, -218.7970501492622759, -57.86969363844716696 ) ) ;
#1241 = DIRECTION ( 'NONE',  ( 0.7071067811865444641, -7.084033647788273331E-27, -0.7071067811865505703 ) ) ;
#1242 = CARTESIAN_POINT ( 'NONE',  ( -24.20879313406298294, -219.2794537025765749, 25.32000000000173756 ) ) ;
#1243 = CARTESIAN_POINT ( 'NONE',  ( -24.20879313406302913, -219.2794537025774275, -38.71013369693336870 ) ) ;
#1244 = LINE ( 'NONE', #2114, #2497 ) ;
#1245 = DIRECTION ( 'NONE',  ( -0.5476863184084899139, -0.6325182947996863536, -0.5476863184084947989 ) ) ;
#1246 = DIRECTION ( 'NONE',  ( -0.9897199198086943372, -0.1430191607228611106, 0.000000000000000000 ) ) ;
#1247 = ORIENTED_EDGE ( 'NONE', *, *, #617, .T. ) ;
#1248 = CARTESIAN_POINT ( 'NONE',  ( -21.20879313406309308, -214.9000000003034074, -13.79013369693512203 ) ) ;
#1249 = DIRECTION ( 'NONE',  ( 0.5773502691896184036, -0.5773502691896343908, 0.5773502691896243988 ) ) ;
#1250 = ADVANCED_FACE ( 'NONE', ( #381 ), #2518, .T. ) ;
#1251 = EDGE_CURVE ( 'NONE', #1585, #1402, #1574, .T. ) ;
#1252 = DIRECTION ( 'NONE',  ( -0.7071067811865505703, -9.614813431917902898E-17, -0.7071067811865444641 ) ) ;
#1253 = FACE_OUTER_BOUND ( 'NONE', #2383, .T. ) ;
#1254 = CARTESIAN_POINT ( 'NONE',  ( -24.60879313406304192, -223.8958217684005092, 0.4000000000000738520 ) ) ;
#1255 = B_SPLINE_CURVE_WITH_KNOTS ( 'NONE', 3,
 ( #336, #303, #2835, #1001 ),
 .UNSPECIFIED., .F., .F.,
 ( 4, 4 ),
 ( 0.000000000000000000, 0.001423898690427225855 ),
 .UNSPECIFIED. ) ;
#1256 = CYLINDRICAL_SURFACE ( 'NONE', #262, 62.70690678486599978 ) ;
#1257 = LINE ( 'NONE', #130, #2226 ) ;
#1258 = DIRECTION ( 'NONE',  ( 1.000000000000000000, 0.000000000000000000, -7.821532472520555013E-16 ) ) ;
#1259 = DIRECTION ( 'NONE',  ( 0.000000000000000000, 1.000000000000000000, -2.774698570883200943E-14 ) ) ;
#1260 = CARTESIAN_POINT ( 'NONE',  ( -18.40000000015293580, -214.9000000003034074, -57.86969363844725933 ) ) ;
#1261 = VECTOR ( 'NONE', #619, 1000.000000000000000 ) ;
#1262 = FACE_OUTER_BOUND ( 'NONE', #2591, .T. ) ;
#1263 = VERTEX_POINT ( 'NONE', #1588 ) ;
#1264 = CARTESIAN_POINT ( 'NONE',  ( -26.40879313406306039, -218.5460258671556062, -13.79013369693512381 ) ) ;
#1265 = CONICAL_SURFACE ( 'NONE', #317, 61.70690678486601399, 0.7853981633974239651 ) ;
#1266 = DIRECTION ( 'NONE',  ( -1.000000000000000000, -6.672963584753481990E-42, 0.000000000000000000 ) ) ;
#1267 = ADVANCED_FACE ( 'NONE', ( #461 ), #209, .F. ) ;
#1268 = EDGE_CURVE ( 'NONE', #145, #864, #931, .T. ) ;
#1269 = AXIS2_PLACEMENT_3D ( 'NONE', #2817, #1202, #2311 ) ;
#1270 = EDGE_LOOP ( 'NONE', ( #2223, #1089, #909, #2509 ) ) ;
#1271 = ORIENTED_EDGE ( 'NONE', *, *, #2798, .T. ) ;
#1272 = DIRECTION ( 'NONE',  ( 0.6707111612412655077, 0.3166908214217062922, 0.6707111612412888224 ) ) ;
#1273 = ADVANCED_FACE ( 'NONE', ( #2933 ), #1829, .T. ) ;
#1274 = VECTOR ( 'NONE', #19, 1000.000000000000000 ) ;
#1275 = ORIENTED_EDGE ( 'NONE', *, *, #2772, .T. ) ;
#1276 = DIRECTION ( 'NONE',  ( 8.075019659248373363E-42, -1.000000000000000000, 1.001833646100949020E-26 ) ) ;
#1277 = DIRECTION ( 'NONE',  ( -1.000000000000000000, 9.536272795868277950E-41, 1.071517966896626007E-14 ) ) ;
#1278 = AXIS2_PLACEMENT_3D ( 'NONE', #2013, #683, #1856 ) ;
#1279 = ORIENTED_EDGE ( 'NONE', *, *, #617, .F. ) ;
#1280 = ORIENTED_EDGE ( 'NONE', *, *, #1377, .T. ) ;
#1281 = LINE ( 'NONE', #1057, #2421 ) ;
#1282 = ORIENTED_EDGE ( 'NONE', *, *, #906, .T. ) ;
#1283 = CARTESIAN_POINT ( 'NONE',  ( -26.80879313406303410, -218.9897587435511639, -14.19013369693509397 ) ) ;
#1284 = CARTESIAN_POINT ( 'NONE',  ( -21.19075874309814722, -218.4368236237912413, -39.04350881387246375 ) ) ;
#1285 = CARTESIAN_POINT ( 'NONE',  ( -36.21301841814429423, -213.6754703633263546, -14.57324197785543163 ) ) ;
#1286 = EDGE_CURVE ( 'NONE', #1994, #518, #477, .T. ) ;
#1287 = EDGE_LOOP ( 'NONE', ( #1196, #2391, #2450, #1912 ) ) ;
#1288 = LINE ( 'NONE', #176, #1656 ) ;
#1289 = DIRECTION ( 'NONE',  ( 0.000000000000000000, -2.775557561562898609E-14, -1.000000000000000000 ) ) ;
#1290 = ORIENTED_EDGE ( 'NONE', *, *, #2273, .F. ) ;
#1291 = ORIENTED_EDGE ( 'NONE', *, *, #1430, .T. ) ;
#1292 = LINE ( 'NONE', #168, #555 ) ;
#1293 = DIRECTION ( 'NONE',  ( -0.1430191607228619988, 0.9897199198086942262, 0.000000000000000000 ) ) ;
#1294 = CARTESIAN_POINT ( 'NONE',  ( -20.20879313406308597, -214.9000000003034074, -14.79013369693513091 ) ) ;
#1295 = PLANE ( 'NONE',  #2511 ) ;
#1296 = CARTESIAN_POINT ( 'NONE',  ( -24.20879313406303268, -219.0774448240192953, 1.199990197273729686 ) ) ;
#1297 = VERTEX_POINT ( 'NONE', #243 ) ;
#1298 = ORIENTED_EDGE ( 'NONE', *, *, #2792, .F. ) ;
#1299 = DIRECTION ( 'NONE',  ( -8.075019659248373363E-42, 1.000000000000000000, -1.001833646100949020E-26 ) ) ;
#1300 = FACE_OUTER_BOUND ( 'NONE', #1055, .T. ) ;
#1301 = EDGE_CURVE ( 'NONE', #1966, #1444, #1384, .T. ) ;
#1302 = EDGE_CURVE ( 'NONE', #2268, #539, #2300, .T. ) ;
#1303 = ORIENTED_EDGE ( 'NONE', *, *, #557, .T. ) ;
#1304 = CARTESIAN_POINT ( 'NONE',  ( -27.58913886226992318, -219.5043861503838230, 1.239441484851534048 ) ) ;
#1305 = AXIS2_PLACEMENT_3D ( 'NONE', #834, #1241, #1478 ) ;
#1306 = CARTESIAN_POINT ( 'NONE',  ( -24.20879313406301492, -219.0774448240206596, -14.59012389420644240 ) ) ;
#1307 = DIRECTION ( 'NONE',  ( 0.7071067811865626718, -0.7071067811865322517, -9.185433182841028184E-17 ) ) ;
#1308 = VECTOR ( 'NONE', #875, 1000.000000000000000 ) ;
#1309 = ORIENTED_EDGE ( 'NONE', *, *, #557, .F. ) ;
#1310 = ORIENTED_EDGE ( 'NONE', *, *, #774, .T. ) ;
#1311 = CIRCLE ( 'NONE', #2786, 61.70690678486423053 ) ;
#1312 = DIRECTION ( 'NONE',  ( 6.672963584753481990E-42, -1.000000000000000000, 1.001833646100948877E-26 ) ) ;
#1313 = AXIS2_PLACEMENT_3D ( 'NONE', #2058, #2737, #446 ) ;
#1314 = ORIENTED_EDGE ( 'NONE', *, *, #2200, .T. ) ;
#1315 = CARTESIAN_POINT ( 'NONE',  ( -26.40879313406306039, -223.8958217684005092, -14.19013369693508686 ) ) ;
#1316 = VECTOR ( 'NONE', #2297, 1000.000000000000000 ) ;
#1317 = AXIS2_PLACEMENT_3D ( 'NONE', #308, #769, #89 ) ;
#1318 = LINE ( 'NONE', #936, #2352 ) ;
#1319 = ADVANCED_FACE ( 'NONE', ( #2724 ), #1620, .T. ) ;
#1320 = CARTESIAN_POINT ( 'NONE',  ( -33.40879313388518312, -212.2732983662722006, -10.20095628316280312 ) ) ;
#1321 = ORIENTED_EDGE ( 'NONE', *, *, #1301, .T. ) ;
#1322 = ADVANCED_FACE ( 'NONE', ( #255 ), #1820, .T. ) ;
#1323 = FACE_OUTER_BOUND ( 'NONE', #1166, .T. ) ;
#1324 = DIRECTION ( 'NONE',  ( -2.990902544508316686E-16, 1.001833646100948877E-26, 1.000000000000000000 ) ) ;
#1325 = B_SPLINE_CURVE_WITH_KNOTS ( 'NONE', 3,
 ( #1913, #2395, #2584, #347 ),
 .UNSPECIFIED., .F., .F.,
 ( 4, 4 ),
 ( 0.0008552778318230061906, 0.001782891678038669471 ),
 .UNSPECIFIED. ) ;
#1326 = DIRECTION ( 'NONE',  ( 6.672963584753481990E-42, -1.000000000000000000, 1.001833646100948733E-26 ) ) ;
#1327 = DIRECTION ( 'NONE',  ( 0.000000000000000000, 0.000000000000000000, -1.000000000000000000 ) ) ;
#1328 = LINE ( 'NONE', #2686, #31 ) ;
#1329 = CARTESIAN_POINT ( 'NONE',  ( -32.36725298776760695, -215.3810230990622188, 21.36154014611751251 ) ) ;
#1330 = ORIENTED_EDGE ( 'NONE', *, *, #37, .F. ) ;
#1331 = DIRECTION ( 'NONE',  ( -0.9897199198086945593, -0.1430191607228602779, 0.000000000000000000 ) ) ;
#1332 = CARTESIAN_POINT ( 'NONE',  ( -24.60879313406304192, -223.8958217684005092, 25.92000000000001236 ) ) ;
#1333 = EDGE_CURVE ( 'NONE', #1263, #1472, #1173, .T. ) ;
#1334 = CARTESIAN_POINT ( 'NONE',  ( -17.40000000015289672, -203.8893902868810812, 26.32000000000001805 ) ) ;
#1335 = PLANE ( 'NONE',  #2429 ) ;
#1336 = EDGE_CURVE ( 'NONE', #4, #1738, #197, .T. ) ;
#1337 = EDGE_CURVE ( 'NONE', #1863, #2790, #1406, .T. ) ;
#1338 = ORIENTED_EDGE ( 'NONE', *, *, #2918, .T. ) ;
#1339 = VERTEX_POINT ( 'NONE', #1601 ) ;
#1340 = CARTESIAN_POINT ( 'NONE',  ( -28.40879313388516181, -205.2772425462521255, -15.25289057278127913 ) ) ;
#1341 = ORIENTED_EDGE ( 'NONE', *, *, #66, .F. ) ;
#1342 = ORIENTED_EDGE ( 'NONE', *, *, #2454, .T. ) ;
#1343 = DIRECTION ( 'NONE',  ( 0.000000000000000000, 1.001833646100948877E-26, 1.000000000000000000 ) ) ;
#1344 = VERTEX_POINT ( 'NONE', #2755 ) ;
#1345 = ORIENTED_EDGE ( 'NONE', *, *, #2142, .F. ) ;
#1346 = CARTESIAN_POINT ( 'NONE',  ( -33.00879313331839171, -157.1930932154378979, 0.4000000000000735190 ) ) ;
#1347 = DIRECTION ( 'NONE',  ( -0.7071067811865444641, 7.084033647788273331E-27, 0.7071067811865505703 ) ) ;
#1348 = LINE ( 'NONE', #2263, #1274 ) ;
#1349 = CARTESIAN_POINT ( 'NONE',  ( -33.00879313331837750, -157.1930932154375569, 25.32000000000000384 ) ) ;
#1350 = ORIENTED_EDGE ( 'NONE', *, *, #883, .T. ) ;
#1351 = VERTEX_POINT ( 'NONE', #23 ) ;
#1352 = EDGE_CURVE ( 'NONE', #432, #273, #39, .T. ) ;
#1353 = ORIENTED_EDGE ( 'NONE', *, *, #2722, .T. ) ;
#1354 = ADVANCED_FACE ( 'NONE', ( #2700 ), #2463, .T. ) ;
#1355 = DIRECTION ( 'NONE',  ( -0.8009674851588526323, 0.5987078483854234578, 0.000000000000000000 ) ) ;
#1356 = LINE ( 'NONE', #234, #2323 ) ;
#1357 = VECTOR ( 'NONE', #2628, 1000.000000000000114 ) ;
#1358 = VERTEX_POINT ( 'NONE', #491 ) ;
#1359 = EDGE_CURVE ( 'NONE', #587, #972, #1396, .T. ) ;
#1360 = CARTESIAN_POINT ( 'NONE',  ( -26.40879313406302487, -223.8958217684005092, 25.92000000000001236 ) ) ;
#1361 = VECTOR ( 'NONE', #2344, 1000.000000000000114 ) ;
#1362 = CARTESIAN_POINT ( 'NONE',  ( -22.30000000011605010, -214.9000000003034074, -3.095066848467088683 ) ) ;
#1363 = VECTOR ( 'NONE', #2621, 1000.000000000000227 ) ;
#1364 = ORIENTED_EDGE ( 'NONE', *, *, #970, .T. ) ;
#1365 = FACE_OUTER_BOUND ( 'NONE', #2826, .T. ) ;
#1366 = CARTESIAN_POINT ( 'NONE',  ( -26.40879313406306395, -223.4958217684005319, -39.71013369693520190 ) ) ;
#1367 = VECTOR ( 'NONE', #2042, 1000.000000000000000 ) ;
#1368 = DIRECTION ( 'NONE',  ( -6.672963584753481990E-42, 1.000000000000000000, -1.001833646100948877E-26 ) ) ;
#1369 = ORIENTED_EDGE ( 'NONE', *, *, #415, .F. ) ;
#1370 = AXIS2_PLACEMENT_3D ( 'NONE', #2763, #975, #1687 ) ;
#1371 = CARTESIAN_POINT ( 'NONE',  ( -17.90000000015301040, -214.4000000003034927, -39.21013369693523032 ) ) ;
#1372 = APPLICATION_PROTOCOL_DEFINITION ( 'draft international standard', 'automotive_design', 1998, #1508 ) ;
#1373 = ORIENTED_EDGE ( 'NONE', *, *, #2499, .T. ) ;
#1374 = CARTESIAN_POINT ( 'NONE',  ( -28.75213851363396245, -212.4825335828715254, -38.36678831718636928 ) ) ;
#1375 = LINE ( 'NONE', #678, #612 ) ;
#1376 = FACE_OUTER_BOUND ( 'NONE', #2816, .T. ) ;
#1377 = EDGE_CURVE ( 'NONE', #2154, #1235, #314, .T. ) ;
#1378 = DIRECTION ( 'NONE',  ( 0.7071067811865443531, -0.7071067811865506814, -1.837086636568265541E-16 ) ) ;
#1379 = CARTESIAN_POINT ( 'NONE',  ( -33.35158546959602432, -212.6691863341957287, -10.20095628316280312 ) ) ;
#1380 = DIRECTION ( 'NONE',  ( -0.9897199198086941152, -0.1430191607228620265, 1.060502676270646587E-14 ) ) ;
#1381 = CARTESIAN_POINT ( 'NONE',  ( -27.40879313388515470, -218.6453701867814914, -13.79013369693512381 ) ) ;
#1382 = DIRECTION ( 'NONE',  ( 6.685199438412439531E-68, -1.001833646100949020E-26, -1.000000000000000000 ) ) ;
#1383 = CARTESIAN_POINT ( 'NONE',  ( -22.30000000011605010, -214.3000000003034131, -9.695066848467071452 ) ) ;
#1384 = LINE ( 'NONE', #900, #793 ) ;
#1385 = LINE ( 'NONE', #2313, #515 ) ;
#1386 = LINE ( 'NONE', #1831, #455 ) ;
#1387 = EDGE_LOOP ( 'NONE', ( #640, #1541, #1279, #242, #1942 ) ) ;
#1388 = ADVANCED_FACE ( 'NONE', ( #2096 ), #608, .T. ) ;
#1389 = LINE ( 'NONE', #2305, #2130 ) ;
#1390 = EDGE_CURVE ( 'NONE', #13, #451, #1427, .T. ) ;
#1391 = B_SPLINE_CURVE_WITH_KNOTS ( 'NONE', 3,
 ( #2553, #2376, #572, #1483 ),
 .UNSPECIFIED., .F., .F.,
 ( 4, 4 ),
 ( 0.000000000000000000, 0.0007189567897962909548 ),
 .UNSPECIFIED. ) ;
#1392 = DIRECTION ( 'NONE',  ( 8.075019659248373363E-42, -1.000000000000000000, 1.001833646100948877E-26 ) ) ;
#1393 = CARTESIAN_POINT ( 'NONE',  ( -38.01290516596160529, -212.9386141041113376, -3.189177413830338370 ) ) ;
#1394 = EDGE_LOOP ( 'NONE', ( #2387, #139, #1314, #2082, #1210, #1509, #187, #290 ) ) ;
#1395 = VERTEX_POINT ( 'NONE', #509 ) ;
#1396 = LINE ( 'NONE', #1340, #889 ) ;
#1397 = DIRECTION ( 'NONE',  ( -0.9897199198086941152, -0.1430191607228620265, 1.432814072492824672E-27 ) ) ;
#1398 = LINE ( 'NONE', #1254, #1895 ) ;
#1399 = CARTESIAN_POINT ( 'NONE',  ( -27.17909866223517668, -211.3730783574969507, -39.31013369693517490 ) ) ;
#1400 = VECTOR ( 'NONE', #1031, 1000.000000000000000 ) ;
#1401 = AXIS2_PLACEMENT_3D ( 'NONE', #2749, #1168, #1632 ) ;
#1402 = VERTEX_POINT ( 'NONE', #1415 ) ;
#1403 = FACE_OUTER_BOUND ( 'NONE', #1646, .T. ) ;
#1404 = EDGE_LOOP ( 'NONE', ( #160, #2648, #22 ) ) ;
#1405 = ORIENTED_EDGE ( 'NONE', *, *, #2204, .T. ) ;
#1406 = CIRCLE ( 'NONE', #2927, 2.999999999999997335 ) ;
#1407 = EDGE_CURVE ( 'NONE', #732, #1785, #2328, .T. ) ;
#1408 = ORIENTED_EDGE ( 'NONE', *, *, #2635, .T. ) ;
#1409 = DIRECTION ( 'NONE',  ( 0.1430191607228683270, -0.9897199198086933380, -0.000000000000000000 ) ) ;
#1410 = AXIS2_PLACEMENT_3D ( 'NONE', #1042, #142, #2668 ) ;
#1411 = CARTESIAN_POINT ( 'NONE',  ( -24.20879313406303268, -218.6733979511609789, -14.19013369693509397 ) ) ;
#1412 = EDGE_CURVE ( 'NONE', #1235, #387, #790, .T. ) ;
#1413 = CIRCLE ( 'NONE', #2185, 5.051934289618474239 ) ;
#1414 = ORIENTED_EDGE ( 'NONE', *, *, #1162, .T. ) ;
#1415 = CARTESIAN_POINT ( 'NONE',  ( -27.41084383865608842, -211.8086493581752450, 26.31794929522908433 ) ) ;
#1416 = CARTESIAN_POINT ( 'NONE',  ( -17.40000000015295356, -223.4958217684005319, -39.71013369693529427 ) ) ;
#1417 = VECTOR ( 'NONE', #2770, 1000.000000000000000 ) ;
#1418 = CARTESIAN_POINT ( 'NONE',  ( -26.80879313406303410, -218.9897587435480091, -39.31013369693523174 ) ) ;
#1419 = ORIENTED_EDGE ( 'NONE', *, *, #597, .T. ) ;
#1420 = ORIENTED_EDGE ( 'NONE', *, *, #2052, .T. ) ;
#1421 = CARTESIAN_POINT ( 'NONE',  ( -26.80879313406303410, -214.9000000003034074, 25.92000000000001236 ) ) ;
#1422 = PLANE ( 'NONE',  #1040 ) ;
#1423 = ORIENTED_EDGE ( 'NONE', *, *, #2869, .T. ) ;
#1424 = CARTESIAN_POINT ( 'NONE',  ( -26.40879313406302487, -218.5460258671550093, 26.32000000000001805 ) ) ;
#1425 = LINE ( 'NONE', #1383, #1938 ) ;
#1426 = EDGE_CURVE ( 'NONE', #1198, #693, #2606, .T. ) ;
#1427 = LINE ( 'NONE', #998, #1707 ) ;
#1428 = CARTESIAN_POINT ( 'NONE',  ( 4.028231956410756709, -212.9958217684004467, 1.862756875788122990 ) ) ;
#1429 = EDGE_CURVE ( 'NONE', #2539, #828, #534, .T. ) ;
#1430 = EDGE_CURVE ( 'NONE', #1670, #729, #102, .T. ) ;
#1431 = DIRECTION ( 'NONE',  ( -8.060240031541824294E-16, -1.001833646100948877E-26, -1.000000000000000000 ) ) ;
#1432 = VERTEX_POINT ( 'NONE', #1242 ) ;
#1433 = ORIENTED_EDGE ( 'NONE', *, *, #1352, .T. ) ;
#1434 = LINE ( 'NONE', #1421, #1469 ) ;
#1435 = CARTESIAN_POINT ( 'NONE',  ( -22.30000000011605010, -214.3000000003034131, -3.695066848467076337 ) ) ;
#1436 = LINE ( 'NONE', #2752, #2168 ) ;
#1437 = ORIENTED_EDGE ( 'NONE', *, *, #950, .T. ) ;
#1438 = ORIENTED_EDGE ( 'NONE', *, *, #1881, .T. ) ;
#1439 = DIRECTION ( 'NONE',  ( -0.9897199198086941152, -0.1430191607228620265, 7.741126491484141872E-16 ) ) ;
#1440 = DIRECTION ( 'NONE',  ( 0.7071067811865462405, -7.084033647788256112E-27, -0.7071067811865487940 ) ) ;
#1441 = LINE ( 'NONE', #1847, #839 ) ;
#1442 = VERTEX_POINT ( 'NONE', #569 ) ;
#1443 = CARTESIAN_POINT ( 'NONE',  ( -33.00879313331842724, -157.1930932154385232, -45.81013369694327508 ) ) ;
#1444 = VERTEX_POINT ( 'NONE', #2132 ) ;
#1445 = ADVANCED_FACE ( 'NONE', ( #771 ), #2339, .T. ) ;
#1446 = ADVANCED_FACE ( 'NONE', ( #1681 ), #1920, .T. ) ;
#1447 = CARTESIAN_POINT ( 'NONE',  ( -20.20879313406308597, -214.9000000003034074, -57.86969363844725933 ) ) ;
#1448 = ORIENTED_EDGE ( 'NONE', *, *, #287, .F. ) ;
#1449 = ADVANCED_FACE ( 'NONE', ( #1015 ), #2783, .T. ) ;
#1450 = ORIENTED_EDGE ( 'NONE', *, *, #794, .F. ) ;
#1451 = ORIENTED_EDGE ( 'NONE', *, *, #2213, .F. ) ;
#1452 = DIRECTION ( 'NONE',  ( -0.1430191607228619988, 0.9897199198086942262, -0.000000000000000000 ) ) ;
#1453 = DIRECTION ( 'NONE',  ( -0.7071067811865505703, -4.913169663710049937E-14, -0.7071067811865444641 ) ) ;
#1454 = AXIS2_PLACEMENT_3D ( 'NONE', #349, #2176, #1750 ) ;
#1455 = PLANE ( 'NONE',  #1223 ) ;
#1456 = VECTOR ( 'NONE', #1879, 1000.000000000000000 ) ;
#1457 = DIRECTION ( 'NONE',  ( -1.000000000000000000, 0.000000000000000000, 7.821532472520555013E-16 ) ) ;
#1458 = LINE ( 'NONE', #1039, #1893 ) ;
#1459 = VECTOR ( 'NONE', #807, 999.9999999999998863 ) ;
#1460 = EDGE_LOOP ( 'NONE', ( #662, #1871 ) ) ;
#1461 = AXIS2_PLACEMENT_3D ( 'NONE', #389, #2196, #1103 ) ;
#1462 = DIRECTION ( 'NONE',  ( 6.181236172043015771E-15, 0.7071067811865536790, 0.7071067811865414665 ) ) ;
#1463 = PLANE ( 'NONE',  #1910 ) ;
#1464 = ORIENTED_EDGE ( 'NONE', *, *, #1429, .F. ) ;
#1465 = AXIS2_PLACEMENT_3D ( 'NONE', #240, #2922, #2716 ) ;
#1466 = CARTESIAN_POINT ( 'NONE',  ( -18.40000000015306014, -210.5086122540769793, -39.71013369693528006 ) ) ;
#1467 = ORIENTED_EDGE ( 'NONE', *, *, #481, .T. ) ;
#1468 = LINE ( 'NONE', #537, #1361 ) ;
#1469 = VECTOR ( 'NONE', #987, 1000.000000000000000 ) ;
#1470 = VECTOR ( 'NONE', #431, 1000.000000000000000 ) ;
#1471 = ORIENTED_EDGE ( 'NONE', *, *, #598, .T. ) ;
#1472 = VERTEX_POINT ( 'NONE', #1028 ) ;
#1473 = DIRECTION ( 'NONE',  ( 0.9897199198086941152, 0.1430191607228620265, -7.741126491484141872E-16 ) ) ;
#1474 = CYLINDRICAL_SURFACE ( 'NONE', #1810, 5.051934289618475127 ) ;
#1475 = ADVANCED_FACE ( 'NONE', ( #285 ), #1933, .T. ) ;
#1476 = VERTEX_POINT ( 'NONE', #2589 ) ;
#1477 = DIRECTION ( 'NONE',  ( -1.922962686383563570E-16, -0.7071067811865534569, 0.7071067811865416886 ) ) ;
#1478 = DIRECTION ( 'NONE',  ( 6.672963584753481990E-42, -1.000000000000000000, 1.001833646100948877E-26 ) ) ;
#1479 = ORIENTED_EDGE ( 'NONE', *, *, #2886, .T. ) ;
#1480 = LINE ( 'NONE', #2653, #997 ) ;
#1481 = CARTESIAN_POINT ( 'NONE',  ( -20.20879313406308597, -218.5797054248191671, -14.79013369693513091 ) ) ;
#1482 = ORIENTED_EDGE ( 'NONE', *, *, #1882, .F. ) ;
#1483 = CARTESIAN_POINT ( 'NONE',  ( -26.40879313406306395, -218.5460258671524798, -39.71013369693520190 ) ) ;
#1484 = ORIENTED_EDGE ( 'NONE', *, *, #1359, .F. ) ;
#1485 = VERTEX_POINT ( 'NONE', #1667 ) ;
#1486 = VERTEX_POINT ( 'NONE', #2350 ) ;
#1487 = ORIENTED_EDGE ( 'NONE', *, *, #1412, .T. ) ;
#1488 = CARTESIAN_POINT ( 'NONE',  ( -26.80879313406303410, -219.1907579511532163, -14.39012885764443084 ) ) ;
#1489 = FACE_OUTER_BOUND ( 'NONE', #445, .T. ) ;
#1490 = FACE_OUTER_BOUND ( 'NONE', #2667, .T. ) ;
#1491 = EDGE_CURVE ( 'NONE', #117, #346, #967, .T. ) ;
#1492 = ADVANCED_FACE ( 'NONE', ( #2547 ), #2830, .T. ) ;
#1493 = DIRECTION ( 'NONE',  ( -0.1011298183867519601, 0.6998376667721328825, -0.7071067811865472397 ) ) ;
#1494 = PLANE ( 'NONE',  #1305 ) ;
#1495 = DIRECTION ( 'NONE',  ( 0.9897199198086942262, 0.1430191607228619988, 0.000000000000000000 ) ) ;
#1496 = EDGE_LOOP ( 'NONE', ( #1538, #1184, #1699, #795, #2136, #2266 ) ) ;
#1497 = LINE ( 'NONE', #2677, #1846 ) ;
#1498 = PLANE ( 'NONE',  #2660 ) ;
#1499 = ORIENTED_EDGE ( 'NONE', *, *, #1237, .F. ) ;
#1500 = ORIENTED_EDGE ( 'NONE', *, *, #1721, .F. ) ;
#1501 = CARTESIAN_POINT ( 'NONE',  ( -38.35158546959601722, -213.3917097363240032, -10.20095628316280312 ) ) ;
#1502 = PRODUCT_DEFINITION_SHAPE ( 'NONE', 'NONE',  #109 ) ;
#1503 = ORIENTED_EDGE ( 'NONE', *, *, #1517, .F. ) ;
#1504 = CARTESIAN_POINT ( 'NONE',  ( 4.028231956410742498, -212.9958217684004467, -15.25289057278130400 ) ) ;
#1505 = FACE_OUTER_BOUND ( 'NONE', #2578, .T. ) ;
#1506 = FACE_OUTER_BOUND ( 'NONE', #2744, .T. ) ;
#1507 = CARTESIAN_POINT ( 'NONE',  ( -24.20879313406303268, -223.4958217684005035, 0.8000000000000784262 ) ) ;
#1508 = APPLICATION_CONTEXT ( 'automotive_design' ) ;
#1509 = ORIENTED_EDGE ( 'NONE', *, *, #2581, .T. ) ;
#1510 = CARTESIAN_POINT ( 'NONE',  ( -26.40879313406306395, -223.4958217684005319, -39.71013369693520190 ) ) ;
#1511 = EDGE_CURVE ( 'NONE', #2493, #92, #1650, .T. ) ;
#1512 = VECTOR ( 'NONE', #2757, 1000.000000000000114 ) ;
#1513 = PRODUCT_DEFINITION_CONTEXT ( 'detailed design', #1664, 'design' ) ;
#1514 = CARTESIAN_POINT ( 'NONE',  ( -26.80879313406303410, -218.9897587435511639, -14.19013369693509397 ) ) ;
#1515 = AXIS2_PLACEMENT_3D ( 'NONE', #2120, #1927, #2854 ) ;
#1516 = CARTESIAN_POINT ( 'NONE',  ( -21.20879313406308597, -217.7612560154921653, 26.32000000000001805 ) ) ;
#1517 = EDGE_CURVE ( 'NONE', #681, #518, #634, .T. ) ;
#1518 = DIRECTION ( 'NONE',  ( -6.672963584753481990E-42, 1.000000000000000000, -1.001833646100948877E-26 ) ) ;
#1519 = VECTOR ( 'NONE', #218, 1000.000000000000000 ) ;
#1520 = ORIENTED_EDGE ( 'NONE', *, *, #1359, .T. ) ;
#1521 = AXIS2_PLACEMENT_3D ( 'NONE', #134, #1077, #2643 ) ;
#1522 = CARTESIAN_POINT ( 'NONE',  ( -24.34222990245459428, -218.5577007143760113, -39.44357046532680755 ) ) ;
#1523 = CARTESIAN_POINT ( 'NONE',  ( -33.00879313331840592, -157.1930932154381253, -14.79013369693511137 ) ) ;
#1524 = STYLED_ITEM ( 'NONE', ( #1816 ), #861 ) ;
#1525 = ORIENTED_EDGE ( 'NONE', *, *, #1881, .F. ) ;
#1526 = CARTESIAN_POINT ( 'NONE',  ( -37.02167913595820181, -214.9000000003034074, -13.34871234087835035 ) ) ;
#1527 = CARTESIAN_POINT ( 'NONE',  ( -33.30438512056056766, -212.9958217684004751, -15.25289057278128269 ) ) ;
#1528 = LINE ( 'NONE', #2438, #1568 ) ;
#1529 = EDGE_LOOP ( 'NONE', ( #1126, #205, #254, #2382, #1672, #215 ) ) ;
#1530 = ADVANCED_FACE ( 'NONE', ( #1776 ), #1058, .F. ) ;
#1531 = EDGE_CURVE ( 'NONE', #2165, #2308, #1480, .T. ) ;
#1532 = LINE ( 'NONE', #1745, #1227 ) ;
#1533 = ORIENTED_EDGE ( 'NONE', *, *, #1972, .T. ) ;
#1534 = CARTESIAN_POINT ( 'NONE',  ( -24.20879313406303268, -218.6733979511577672, -39.31013369693525306 ) ) ;
#1535 = LINE ( 'NONE', #2443, #329 ) ;
#1536 = VERTEX_POINT ( 'NONE', #1294 ) ;
#1537 = LINE ( 'NONE', #577, #884 ) ;
#1538 = ORIENTED_EDGE ( 'NONE', *, *, #2635, .F. ) ;
#1539 = CARTESIAN_POINT ( 'NONE',  ( 4.166153719611265238, -206.8435426791966734, 3.753846280235638488 ) ) ;
#1540 = DIRECTION ( 'NONE',  ( 8.075019659248373363E-42, -1.000000000000000000, 1.001833646100949020E-26 ) ) ;
#1541 = ORIENTED_EDGE ( 'NONE', *, *, #1903, .T. ) ;
#1542 = ORIENTED_EDGE ( 'NONE', *, *, #37, .T. ) ;
#1543 = CARTESIAN_POINT ( 'NONE',  ( -24.60879313406300284, -223.8958217684005092, -14.19013369693508686 ) ) ;
#1544 = CARTESIAN_POINT ( 'NONE',  ( -24.20879313406303268, -223.4958217684005035, 0.4000000000000739075 ) ) ;
#1545 = DIRECTION ( 'NONE',  ( -0.6707111612407787860, -0.3166908214238146613, 0.6707111612407800072 ) ) ;
#1546 = VERTEX_POINT ( 'NONE', #1527 ) ;
#1547 = PLANE ( 'NONE',  #1758 ) ;
#1548 = ORIENTED_EDGE ( 'NONE', *, *, #301, .T. ) ;
#1549 = EDGE_CURVE ( 'NONE', #117, #668, #1963, .T. ) ;
#1550 = VERTEX_POINT ( 'NONE', #1543 ) ;
#1551 = DIRECTION ( 'NONE',  ( -8.075019659248373363E-42, 1.000000000000000000, -1.001833646100949020E-26 ) ) ;
#1552 = PRESENTATION_LAYER_ASSIGNMENT (  '', '', ( #601 ) ) ;
#1553 = CARTESIAN_POINT ( 'NONE',  ( -33.35158546959600301, -212.6691863341957287, 1.862756875788149635 ) ) ;
#1554 = LINE ( 'NONE', #405, #2894 ) ;
#1555 = AXIS2_PLACEMENT_3D ( 'NONE', #212, #2037, #2940 ) ;
#1556 = VERTEX_POINT ( 'NONE', #825 ) ;
#1557 = AXIS2_PLACEMENT_3D ( 'NONE', #2674, #2248, #1276 ) ;
#1558 = CARTESIAN_POINT ( 'NONE',  ( -28.01290516596172253, -211.4935672998547602, -38.47632719320861128 ) ) ;
#1559 = VECTOR ( 'NONE', #1692, 1000.000000000000227 ) ;
#1560 = DIRECTION ( 'NONE',  ( -0.5773502691896057470, -0.5773502691896207351, 0.5773502691896508221 ) ) ;
#1561 = AXIS2_PLACEMENT_3D ( 'NONE', #2926, #2711, #2484 ) ;
#1562 = LINE ( 'NONE', #1121, #2024 ) ;
#1563 = VECTOR ( 'NONE', #2079, 1000.000000000000000 ) ;
#1564 = LINE ( 'NONE', #1329, #2878 ) ;
#1565 = EDGE_CURVE ( 'NONE', #1863, #273, #170, .T. ) ;
#1566 = CARTESIAN_POINT ( 'NONE',  ( -26.40879313406306039, -218.5460258671556062, -13.79013369693512381 ) ) ;
#1567 = EDGE_CURVE ( 'NONE', #2434, #1897, #1070, .T. ) ;
#1568 = VECTOR ( 'NONE', #600, 1000.000000000000000 ) ;
#1569 = CARTESIAN_POINT ( 'NONE',  ( -28.40879313388514760, -212.9958217684004751, 1.400000000000095612 ) ) ;
#1570 = CARTESIAN_POINT ( 'NONE',  ( -17.40000000015289672, -223.4958217684005035, 26.32000000000001805 ) ) ;
#1571 = CARTESIAN_POINT ( 'NONE',  ( -26.80879313406303410, -223.4958217684005035, -39.71013369693522321 ) ) ;
#1572 = ORIENTED_EDGE ( 'NONE', *, *, #2772, .F. ) ;
#1573 = ORIENTED_EDGE ( 'NONE', *, *, #2596, .F. ) ;
#1574 = LINE ( 'NONE', #2256, #1182 ) ;
#1575 = LINE ( 'NONE', #2090, #549 ) ;
#1576 = FACE_OUTER_BOUND ( 'NONE', #1287, .T. ) ;
#1577 = ORIENTED_EDGE ( 'NONE', *, *, #1167, .F. ) ;
#1578 = CARTESIAN_POINT ( 'NONE',  ( -20.20879313406308597, -217.2890843271044901, 1.400000000000081624 ) ) ;
#1579 = VERTEX_POINT ( 'NONE', #584 ) ;
#1580 = DIRECTION ( 'NONE',  ( 6.672963584753481990E-42, -1.000000000000000000, 1.001833646100948877E-26 ) ) ;
#1581 = FACE_OUTER_BOUND ( 'NONE', #1622, .T. ) ;
#1582 = EDGE_CURVE ( 'NONE', #149, #668, #1497, .T. ) ;
#1583 = EDGE_CURVE ( 'NONE', #2308, #2341, #2036, .T. ) ;
#1584 = CARTESIAN_POINT ( 'NONE',  ( -22.30000000011605010, -211.6000000003033961, -9.695066848467071452 ) ) ;
#1585 = VERTEX_POINT ( 'NONE', #2447 ) ;
#1586 = EDGE_CURVE ( 'NONE', #972, #4, #2182, .T. ) ;
#1587 = ORIENTED_EDGE ( 'NONE', *, *, #2098, .F. ) ;
#1588 = CARTESIAN_POINT ( 'NONE',  ( -28.35158546959606340, -211.9466629320674542, -15.25289057278127913 ) ) ;
#1589 = CARTESIAN_POINT ( 'NONE',  ( -33.40879313388519023, -212.2732983662722006, -14.85289057278123259 ) ) ;
#1590 = DIRECTION ( 'NONE',  ( -0.5508254793257212345, 0.7034440569815197941, 0.4491745206742807639 ) ) ;
#1591 = ORIENTED_EDGE ( 'NONE', *, *, #1011, .T. ) ;
#1592 = DIRECTION ( 'NONE',  ( 0.9897199198086958916, 0.1430191607228500361, 0.000000000000000000 ) ) ;
#1593 = CARTESIAN_POINT ( 'NONE',  ( -24.60879313406300284, -218.3255914873790005, -13.79013369693512203 ) ) ;
#1594 = VERTEX_POINT ( 'NONE', #375 ) ;
#1595 = CARTESIAN_POINT ( 'NONE',  ( -24.20879313406303268, -214.9000000003034074, 0.8000000000000784262 ) ) ;
#1596 = CARTESIAN_POINT ( 'NONE',  ( -21.20879313406309308, -217.7612560154927337, -13.79013369693512203 ) ) ;
#1597 = DIRECTION ( 'NONE',  ( 0.000000000000000000, -2.775557561562811834E-14, -1.000000000000000000 ) ) ;
#1598 = EDGE_CURVE ( 'NONE', #1263, #972, #837, .T. ) ;
#1599 = VECTOR ( 'NONE', #2843, 1000.000000000000227 ) ;
#1600 = ORIENTED_EDGE ( 'NONE', *, *, #2918, .F. ) ;
#1601 = CARTESIAN_POINT ( 'NONE',  ( -28.34984913630972159, -211.9443400186306974, 25.37894399757545827 ) ) ;
#1602 = VECTOR ( 'NONE', #1378, 1000.000000000000114 ) ;
#1603 = CARTESIAN_POINT ( 'NONE',  ( -38.13363046701054060, -214.9000000003034074, -11.35561790797652826 ) ) ;
#1604 = EDGE_CURVE ( 'NONE', #216, #440, #2140, .T. ) ;
#1605 = AXIS2_PLACEMENT_3D ( 'NONE', #164, #847, #629 ) ;
#1606 = ORIENTED_EDGE ( 'NONE', *, *, #69, .F. ) ;
#1607 = PLANE ( 'NONE',  #2415 ) ;
#1608 = CONICAL_SURFACE ( 'NONE', #1401, 61.70690678486601399, 0.7853981633974396193 ) ;
#1609 = CARTESIAN_POINT ( 'NONE',  ( -26.40879313406302487, -223.8958217684005092, 25.92000000000001236 ) ) ;
#1610 = AXIS2_PLACEMENT_3D ( 'NONE', #1712, #2769, #730 ) ;
#1611 = CARTESIAN_POINT ( 'NONE',  ( -27.41084383865612750, -211.8086493581752734, -39.70808299216421489 ) ) ;
#1612 = LINE ( 'NONE', #1207, #217 ) ;
#1613 = ORIENTED_EDGE ( 'NONE', *, *, #1968, .F. ) ;
#1614 = VECTOR ( 'NONE', #400, 1000.000000000000000 ) ;
#1615 = AXIS2_PLACEMENT_3D ( 'NONE', #438, #863, #2675 ) ;
#1616 = LINE ( 'NONE', #2067, #1762 ) ;
#1617 = FACE_OUTER_BOUND ( 'NONE', #1772, .T. ) ;
#1618 = AXIS2_PLACEMENT_3D ( 'NONE', #932, #1191, #177 ) ;
#1619 =( BOUNDED_CURVE ( )  B_SPLINE_CURVE ( 3, ( #2047, #1603, #1146, #492 ),
 .UNSPECIFIED., .F., .T. ) 
 B_SPLINE_CURVE_WITH_KNOTS ( ( 4, 4 ),
 ( 7.004891100167131889E-26, 0.6726735794200476848 ),
 .UNSPECIFIED. ) 
 CURVE ( )  GEOMETRIC_REPRESENTATION_ITEM ( )  RATIONAL_B_SPLINE_CURVE ( ( 1.000000000000000000, 0.9626466471244106149, 0.9626466471244106149, 1.000000000000000000 ) ) 
 REPRESENTATION_ITEM ( '' )  );
#1620 = PLANE ( 'NONE',  #1136 ) ;
#1621 = FACE_OUTER_BOUND ( 'NONE', #272, .T. ) ;
#1622 = EDGE_LOOP ( 'NONE', ( #1684, #350, #1996 ) ) ;
#1623 = EDGE_CURVE ( 'NONE', #2109, #1636, #2512, .T. ) ;
#1624 = ADVANCED_FACE ( 'NONE', ( #599 ), #1082, .F. ) ;
#1625 = DIRECTION ( 'NONE',  ( 7.092966786403880877E-16, 1.383246298583668343E-14, 1.000000000000000000 ) ) ;
#1626 = DIRECTION ( 'NONE',  ( 0.000000000000000000, 0.000000000000000000, 1.000000000000000000 ) ) ;
#1627 = DIRECTION ( 'NONE',  ( 0.7071067811865536790, 1.922962686383597343E-16, 0.7071067811865414665 ) ) ;
#1628 = ORIENTED_EDGE ( 'NONE', *, *, #2813, .T. ) ;
#1629 = DIRECTION ( 'NONE',  ( -2.990902544508316686E-16, 1.001833646100948877E-26, 1.000000000000000000 ) ) ;
#1630 = ORIENTED_EDGE ( 'NONE', *, *, #1755, .T. ) ;
#1631 = ORIENTED_EDGE ( 'NONE', *, *, #556, .F. ) ;
#1632 = DIRECTION ( 'NONE',  ( 0.000000000000000000, 1.000000000000000000, -2.774684650388324182E-14 ) ) ;
#1633 = ORIENTED_EDGE ( 'NONE', *, *, #1956, .F. ) ;
#1634 = CARTESIAN_POINT ( 'NONE',  ( -27.40879313388516181, -211.8104250268877422, 26.32000000000001805 ) ) ;
#1635 = FACE_OUTER_BOUND ( 'NONE', #2849, .T. ) ;
#1636 = VERTEX_POINT ( 'NONE', #1514 ) ;
#1637 = DIRECTION ( 'NONE',  ( 0.000000000000000000, 1.000000000000000000, -2.774684650388324814E-14 ) ) ;
#1638 = DIRECTION ( 'NONE',  ( -0.9897199198086941152, -0.1430191607228620265, 7.741126491484141872E-16 ) ) ;
#1639 = ORIENTED_EDGE ( 'NONE', *, *, #1683, .F. ) ;
#1640 = DIRECTION ( 'NONE',  ( 9.614813431917821547E-17, -0.7071067811865536790, -0.7071067811865414665 ) ) ;
#1641 = EDGE_CURVE ( 'NONE', #2022, #2165, #2084, .T. ) ;
#1642 = CARTESIAN_POINT ( 'NONE',  ( -26.40879313406306039, -223.4958217684005319, -13.79013369693512381 ) ) ;
#1643 = CARTESIAN_POINT ( 'NONE',  ( -18.00000000015290524, -210.0466556387371782, 25.92000000000001947 ) ) ;
#1644 = EDGE_CURVE ( 'NONE', #589, #1358, #2414, .T. ) ;
#1645 = ORIENTED_EDGE ( 'NONE', *, *, #1808, .F. ) ;
#1646 = EDGE_LOOP ( 'NONE', ( #1630, #1420, #155 ) ) ;
#1647 = CARTESIAN_POINT ( 'NONE',  ( -27.40879313388512628, -218.6453701867809229, 26.32000000000001805 ) ) ;
#1648 = B_SPLINE_CURVE_WITH_KNOTS ( 'NONE', 3,
 ( #1787, #1284, #2005, #2448 ),
 .UNSPECIFIED., .F., .F.,
 ( 4, 4 ),
 ( 0.000000000000000000, 0.001423898690427372656 ),
 .UNSPECIFIED. ) ;
#1649 = VERTEX_POINT ( 'NONE', #156 ) ;
#1650 = LINE ( 'NONE', #343, #1901 ) ;
#1651 = CARTESIAN_POINT ( 'NONE',  ( -28.40879313388514760, -212.0231968861839391, 1.862756875788148303 ) ) ;
#1652 = LINE ( 'NONE', #345, #2221 ) ;
#1653 = VECTOR ( 'NONE', #2128, 1000.000000000000114 ) ;
#1654 = ADVANCED_FACE ( 'NONE', ( #912 ), #223, .F. ) ;
#1655 = ORIENTED_EDGE ( 'NONE', *, *, #96, .F. ) ;
#1656 = VECTOR ( 'NONE', #2876, 1000.000000000000114 ) ;
#1657 = CARTESIAN_POINT ( 'NONE',  ( -26.40879313406302487, -214.9000000003034074, 0.4000000000000737410 ) ) ;
#1658 = AXIS2_PLACEMENT_3D ( 'NONE', #76, #114, #2085 ) ;
#1659 = CARTESIAN_POINT ( 'NONE',  ( -16.48351081087881553, -210.2316705962416279, 26.32000000000001805 ) ) ;
#1660 = ADVANCED_FACE ( 'NONE', ( #1323 ), #1141, .T. ) ;
#1661 = EDGE_CURVE ( 'NONE', #2434, #346, #2912, .T. ) ;
#1662 = CARTESIAN_POINT ( 'NONE',  ( -28.40879313388514760, -212.0231968861839391, 1.862756875788149635 ) ) ;
#1663 = CIRCLE ( 'NONE', #2228, 61.70690678486428737 ) ;
#1664 = APPLICATION_CONTEXT ( 'automotive_design' ) ;
#1665 = ORIENTED_EDGE ( 'NONE', *, *, #90, .F. ) ;
#1666 = AXIS2_PLACEMENT_3D ( 'NONE', #293, #724, #2585 ) ;
#1667 = CARTESIAN_POINT ( 'NONE',  ( -24.60879313406303837, -218.3255914873784604, 26.32000000000001805 ) ) ;
#1668 = PLANE ( 'NONE',  #1234 ) ;
#1669 = CIRCLE ( 'NONE', #1003, 62.70690678486598557 ) ;
#1670 = VERTEX_POINT ( 'NONE', #2053 ) ;
#1671 = ORIENTED_EDGE ( 'NONE', *, *, #706, .F. ) ;
#1672 = ORIENTED_EDGE ( 'NONE', *, *, #1859, .F. ) ;
#1673 = DIRECTION ( 'NONE',  ( 1.000000000000000000, -1.006753115791187886E-40, -1.071517966896626007E-14 ) ) ;
#1674 = ORIENTED_EDGE ( 'NONE', *, *, #2218, .F. ) ;
#1675 = LINE ( 'NONE', #541, #138 ) ;
#1676 = CARTESIAN_POINT ( 'NONE',  ( -24.20879313406303268, -218.6733979511604389, 25.92000000000001236 ) ) ;
#1677 = PLANE ( 'NONE',  #2275 ) ;
#1678 = EDGE_CURVE ( 'NONE', #1994, #546, #2044, .T. ) ;
#1679 = EDGE_CURVE ( 'NONE', #1999, #2056, #895, .T. ) ;
#1680 = DIRECTION ( 'NONE',  ( -0.7034440569815177957, -0.1016509586514417612, -0.7034440569815243460 ) ) ;
#1681 = FACE_OUTER_BOUND ( 'NONE', #1781, .T. ) ;
#1682 = DIRECTION ( 'NONE',  ( -0.6036029735798876805, 0.5208904880788663982, 0.6036029735798836837 ) ) ;
#1683 = EDGE_CURVE ( 'NONE', #440, #2449, #1828, .T. ) ;
#1684 = ORIENTED_EDGE ( 'NONE', *, *, #1237, .T. ) ;
#1685 = LINE ( 'NONE', #1697, #2733 ) ;
#1686 = CARTESIAN_POINT ( 'NONE',  ( -24.20879313406303268, -223.4958217684005035, 25.92000000000001236 ) ) ;
#1687 = DIRECTION ( 'NONE',  ( 0.000000000000000000, -1.000000000000000000, 2.777464970255965825E-14 ) ) ;
#1688 = LINE ( 'NONE', #1240, #1230 ) ;
#1689 = B_SPLINE_CURVE_WITH_KNOTS ( 'NONE', 3,
 ( #1851, #2574, #529, #1222 ),
 .UNSPECIFIED., .F., .F.,
 ( 4, 4 ),
 ( 3.103167691559091397E-17, 0.0008528209506235508077 ),
 .UNSPECIFIED. ) ;
#1690 = CARTESIAN_POINT ( 'NONE',  ( -28.50777117032882302, -211.5650777536693568, -49.81790486711114596 ) ) ;
#1691 = EDGE_CURVE ( 'NONE', #188, #1716, #1186, .T. ) ;
#1692 = DIRECTION ( 'NONE',  ( 0.9897199198086941152, 0.1430191607228620265, -1.060502676270646903E-14 ) ) ;
#1693 = DIRECTION ( 'NONE',  ( -6.672963584753481990E-42, 1.000000000000000000, 0.000000000000000000 ) ) ;
#1694 = ORIENTED_EDGE ( 'NONE', *, *, #1531, .T. ) ;
#1695 = LINE ( 'NONE', #2374, #1400 ) ;
#1696 = EDGE_CURVE ( 'NONE', #1966, #2555, #1616, .T. ) ;
#1697 = CARTESIAN_POINT ( 'NONE',  ( -22.60879313334340424, -214.9000000003034074, -38.71013369693527295 ) ) ;
#1698 = VECTOR ( 'NONE', #1540, 1000.000000000000000 ) ;
#1699 = ORIENTED_EDGE ( 'NONE', *, *, #970, .F. ) ;
#1700 = ORIENTED_EDGE ( 'NONE', *, *, #2582, .T. ) ;
#1701 = PLANE ( 'NONE',  #1515 ) ;
#1702 = DIRECTION ( 'NONE',  ( 0.000000000000000000, 1.000000000000000000, -2.777464970255965825E-14 ) ) ;
#1703 = VECTOR ( 'NONE', #1680, 1000.000000000000000 ) ;
#1704 = ORIENTED_EDGE ( 'NONE', *, *, #684, .F. ) ;
#1705 = VECTOR ( 'NONE', #2908, 1000.000000000000000 ) ;
#1706 = CARTESIAN_POINT ( 'NONE',  ( -33.00879313331837750, -157.1930932154375284, 26.32000000000001805 ) ) ;
#1707 = VECTOR ( 'NONE', #334, 1000.000000000000000 ) ;
#1708 = DIRECTION ( 'NONE',  ( -0.7071067811865504593, 0.000000000000000000, 0.7071067811865445751 ) ) ;
#1709 = ORIENTED_EDGE ( 'NONE', *, *, #1286, .F. ) ;
#1710 = VERTEX_POINT ( 'NONE', #1381 ) ;
#1711 = VECTOR ( 'NONE', #867, 1000.000000000000000 ) ;
#1712 = CARTESIAN_POINT ( 'NONE',  ( -33.00879313331842724, -157.1930932154385232, -45.81013369694327508 ) ) ;
#1713 = DIRECTION ( 'NONE',  ( 8.075019659248373363E-42, -1.000000000000000000, 1.001833646100949020E-26 ) ) ;
#1714 = LINE ( 'NONE', #172, #1941 ) ;
#1715 = VECTOR ( 'NONE', #1914, 1000.000000000000000 ) ;
#1716 = VERTEX_POINT ( 'NONE', #1584 ) ;
#1717 = ORIENTED_EDGE ( 'NONE', *, *, #1030, .T. ) ;
#1718 = CARTESIAN_POINT ( 'NONE',  ( -28.40879313388514760, -218.7970501492614233, 1.400000000000095612 ) ) ;
#1719 = AXIS2_PLACEMENT_3D ( 'NONE', #2576, #1890, #2802 ) ;
#1720 = EDGE_CURVE ( 'NONE', #805, #2610, #852, .T. ) ;
#1721 = EDGE_CURVE ( 'NONE', #1218, #1442, #1815, .T. ) ;
#1722 = EDGE_LOOP ( 'NONE', ( #1804, #28, #1353, #2102, #1749, #928 ) ) ;
#1723 = ORIENTED_EDGE ( 'NONE', *, *, #486, .T. ) ;
#1724 = CARTESIAN_POINT ( 'NONE',  ( -18.40000000015286830, -214.9000000003034074, 25.32000000000002871 ) ) ;
#1725 = CARTESIAN_POINT ( 'NONE',  ( -28.43775817161310826, -212.0619470938002280, -38.84545660738266548 ) ) ;
#1726 = ORIENTED_EDGE ( 'NONE', *, *, #2400, .F. ) ;
#1727 = DIRECTION ( 'NONE',  ( 6.672963584753481990E-42, -1.000000000000000000, 1.001833646100948733E-26 ) ) ;
#1728 = DIRECTION ( 'NONE',  ( 0.7034440569815177957, 0.1016509586514417612, -0.7034440569815243460 ) ) ;
#1729 = CARTESIAN_POINT ( 'NONE',  ( -36.43618604402191608, -226.6466397491931275, -3.189177413830338370 ) ) ;
#1730 = CARTESIAN_POINT ( 'NONE',  ( -24.40879313406303552, -223.6958217684004921, 25.92000000000001236 ) ) ;
#1731 = DIRECTION ( 'NONE',  ( 0.5683506747475797205, 0.000000000000000000, -0.8227864306817236351 ) ) ;
#1732 = CARTESIAN_POINT ( 'NONE',  ( -27.40879313388515826, -211.8104250268877706, -39.71013369693519479 ) ) ;
#1733 = EDGE_LOOP ( 'NONE', ( #1004, #745, #2041, #141 ) ) ;
#1734 = CARTESIAN_POINT ( 'NONE',  ( -26.80879313406301279, -219.5927419206600177, -14.79013369693338298 ) ) ;
#1735 = EDGE_CURVE ( 'NONE', #1716, #188, #418, .T. ) ;
#1736 = CARTESIAN_POINT ( 'NONE',  ( -26.40879313406302487, -223.4958217684005035, 26.32000000000001805 ) ) ;
#1737 = LINE ( 'NONE', #365, #1308 ) ;
#1738 = VERTEX_POINT ( 'NONE', #2495 ) ;
#1739 = ORIENTED_EDGE ( 'NONE', *, *, #2291, .F. ) ;
#1740 = ADVANCED_FACE ( 'NONE', ( #1170 ), #457, .F. ) ;
#1741 = LINE ( 'NONE', #1539, #2698 ) ;
#1742 = DIRECTION ( 'NONE',  ( -8.060240031541825280E-16, -1.164742409912037009E-16, -1.000000000000000000 ) ) ;
#1743 = FACE_OUTER_BOUND ( 'NONE', #2559, .T. ) ;
#1744 = VERTEX_POINT ( 'NONE', #1371 ) ;
#1745 = CARTESIAN_POINT ( 'NONE',  ( -26.40879313406306395, -223.4958217684005319, -39.71013369693520190 ) ) ;
#1746 = ORIENTED_EDGE ( 'NONE', *, *, #1683, .T. ) ;
#1747 = DIRECTION ( 'NONE',  ( 0.000000000000000000, 1.000000000000000000, -2.777495881037147127E-14 ) ) ;
#1748 = CARTESIAN_POINT ( 'NONE',  ( -24.47556387651688681, -218.4417660232454068, 26.18677074245386294 ) ) ;
#1749 = ORIENTED_EDGE ( 'NONE', *, *, #448, .T. ) ;
#1750 = DIRECTION ( 'NONE',  ( -6.672963584753481990E-42, 1.000000000000000000, -1.001833646100948877E-26 ) ) ;
#1751 = ORIENTED_EDGE ( 'NONE', *, *, #341, .F. ) ;
#1752 = CARTESIAN_POINT ( 'NONE',  ( -26.80879313406303410, -223.4958217684005604, -39.31013369693523174 ) ) ;
#1753 = LINE ( 'NONE', #2446, #1799 ) ;
#1754 = EDGE_CURVE ( 'NONE', #864, #2433, #1348, .T. ) ;
#1755 = EDGE_CURVE ( 'NONE', #1550, #2449, #2284, .T. ) ;
#1756 = ORIENTED_EDGE ( 'NONE', *, *, #1900, .F. ) ;
#1757 = CARTESIAN_POINT ( 'NONE',  ( -27.92826908161642763, -219.2117273776308650, 25.80052405226871315 ) ) ;
#1758 = AXIS2_PLACEMENT_3D ( 'NONE', #362, #1091, #1997 ) ;
#1759 = LINE ( 'NONE', #2208, #1812 ) ;
#1760 = ORIENTED_EDGE ( 'NONE', *, *, #238, .F. ) ;
#1761 = CARTESIAN_POINT ( 'NONE',  ( -26.80879313406298081, -219.5927419206594777, 25.32000000000170914 ) ) ;
#1762 = VECTOR ( 'NONE', #2732, 1000.000000000000000 ) ;
#1763 = CARTESIAN_POINT ( 'NONE',  ( -24.60879313406304192, -218.3255914873753625, 0.4000000000000738520 ) ) ;
#1764 = ORIENTED_EDGE ( 'NONE', *, *, #326, .F. ) ;
#1765 = AXIS2_PLACEMENT_3D ( 'NONE', #1, #921, #1112 ) ;
#1766 = LINE ( 'NONE', #829, #1801 ) ;
#1767 = CARTESIAN_POINT ( 'NONE',  ( -38.13363046701052639, -214.9000000003033790, -2.034515789016604348 ) ) ;
#1768 = ORIENTED_EDGE ( 'NONE', *, *, #394, .F. ) ;
#1769 = AXIS2_PLACEMENT_3D ( 'NONE', #616, #1324, #193 ) ;
#1770 = SURFACE_STYLE_FILL_AREA ( #219 ) ;
#1771 = EDGE_LOOP ( 'NONE', ( #278, #2567, #798, #1194, #1298, #1704 ) ) ;
#1772 = EDGE_LOOP ( 'NONE', ( #1875, #1764, #2055, #776 ) ) ;
#1773 = CARTESIAN_POINT ( 'NONE',  ( -24.60879313406300284, -218.3255914873790005, -13.79013369693512203 ) ) ;
#1774 = DIRECTION ( 'NONE',  ( 7.092966786403879890E-16, 1.383246298583668185E-14, 1.000000000000000000 ) ) ;
#1775 = ORIENTED_EDGE ( 'NONE', *, *, #410, .T. ) ;
#1776 = FACE_OUTER_BOUND ( 'NONE', #2773, .T. ) ;
#1777 = DIRECTION ( 'NONE',  ( 3.738628180635416196E-17, -1.001833646100948877E-26, -1.000000000000000000 ) ) ;
#1778 = EDGE_CURVE ( 'NONE', #1932, #587, #1855, .T. ) ;
#1779 = LINE ( 'NONE', #1967, #940 ) ;
#1780 = EDGE_CURVE ( 'NONE', #876, #603, #2900, .T. ) ;
#1781 = EDGE_LOOP ( 'NONE', ( #74, #859, #1930 ) ) ;
#1782 = PLANE ( 'NONE',  #1557 ) ;
#1783 = LINE ( 'NONE', #167, #787 ) ;
#1784 = CARTESIAN_POINT ( 'NONE',  ( -28.40879313388512983, -218.7970501492611106, 25.32000000000000739 ) ) ;
#1785 = VERTEX_POINT ( 'NONE', #1553 ) ;
#1786 = DIRECTION ( 'NONE',  ( -1.000000000000000000, -6.672963584753483264E-42, 6.685199438412440354E-68 ) ) ;
#1787 = CARTESIAN_POINT ( 'NONE',  ( -21.18165623816449283, -218.7745432746012284, -38.71013369693338291 ) ) ;
#1788 = ORIENTED_EDGE ( 'NONE', *, *, #146, .T. ) ;
#1789 = PLANE ( 'NONE',  #656 ) ;
#1790 = EDGE_CURVE ( 'NONE', #2605, #1585, #879, .T. ) ;
#1791 = ORIENTED_EDGE ( 'NONE', *, *, #2471, .T. ) ;
#1792 = FACE_OUTER_BOUND ( 'NONE', #2852, .T. ) ;
#1793 = VERTEX_POINT ( 'NONE', #1634 ) ;
#1794 = FACE_OUTER_BOUND ( 'NONE', #1387, .T. ) ;
#1795 = CIRCLE ( 'NONE', #497, 61.70690678486767666 ) ;
#1796 = ORIENTED_EDGE ( 'NONE', *, *, #1239, .F. ) ;
#1797 = CARTESIAN_POINT ( 'NONE',  ( -65.32795512415113137, -216.8857666691303336, -12.22885646191580733 ) ) ;
#1798 = B_SPLINE_CURVE_WITH_KNOTS ( 'NONE', 3,
 ( #1109, #396, #1522, #1534 ),
 .UNSPECIFIED., .F., .F.,
 ( 4, 4 ),
 ( 0.000000000000000000, 0.0006640552207824388644 ),
 .UNSPECIFIED. ) ;
#1799 = VECTOR ( 'NONE', #2666, 1000.000000000000000 ) ;
#1800 = ORIENTED_EDGE ( 'NONE', *, *, #2355, .F. ) ;
#1801 = VECTOR ( 'NONE', #162, 1000.000000000000000 ) ;
#1802 = DIRECTION ( 'NONE',  ( -6.672963584753481990E-42, 1.000000000000000000, -1.001833646100948877E-26 ) ) ;
#1803 = VECTOR ( 'NONE', #64, 1000.000000000000000 ) ;
#1804 = ORIENTED_EDGE ( 'NONE', *, *, #2343, .F. ) ;
#1805 = CARTESIAN_POINT ( 'NONE',  ( -28.35158546959597814, -211.9466629320674258, 1.862756875788148303 ) ) ;
#1806 = CIRCLE ( 'NONE', #2931, 5.051934289618485785 ) ;
#1807 = DIRECTION ( 'NONE',  ( -1.000000000000000000, -7.821532472520555999E-16, 7.821532472520555013E-16 ) ) ;
#1808 = EDGE_CURVE ( 'NONE', #1929, #2610, #741, .T. ) ;
#1809 = EDGE_CURVE ( 'NONE', #1219, #2457, #2781, .T. ) ;
#1810 = AXIS2_PLACEMENT_3D ( 'NONE', #119, #2381, #1246 ) ;
#1811 = CARTESIAN_POINT ( 'NONE',  ( -33.35158546959601722, -212.6691863341957287, -10.20095628316280312 ) ) ;
#1812 = VECTOR ( 'NONE', #1964, 1000.000000000000000 ) ;
#1813 = EDGE_CURVE ( 'NONE', #482, #2705, #2309, .T. ) ;
#1814 = DIRECTION ( 'NONE',  ( 1.000000000000000000, 0.000000000000000000, 3.738628180635416196E-17 ) ) ;
#1815 = LINE ( 'NONE', #430, #180 ) ;
#1816 = PRESENTATION_STYLE_ASSIGNMENT (( #1836 ) ) ;
#1817 = ORIENTED_EDGE ( 'NONE', *, *, #908, .T. ) ;
#1818 = ORIENTED_EDGE ( 'NONE', *, *, #2087, .F. ) ;
#1819 = ORIENTED_EDGE ( 'NONE', *, *, #1336, .T. ) ;
#1820 = PLANE ( 'NONE',  #1313 ) ;
#1821 = DIRECTION ( 'NONE',  ( -5.809055473540670219E-31, 0.7071067811865479058, 0.7071067811865472397 ) ) ;
#1822 = CARTESIAN_POINT ( 'NONE',  ( -27.75859624706305340, -219.3581497272105025, -39.03087116653362187 ) ) ;
#1823 = PLANE ( 'NONE',  #1605 ) ;
#1824 = ORIENTED_EDGE ( 'NONE', *, *, #758, .F. ) ;
#1825 = DIRECTION ( 'NONE',  ( -0.7071067811865460184, 0.000000000000000000, 0.7071067811865489050 ) ) ;
#1826 = ORIENTED_EDGE ( 'NONE', *, *, #2330, .F. ) ;
#1827 = EDGE_CURVE ( 'NONE', #2673, #1198, #2265, .T. ) ;
#1828 = LINE ( 'NONE', #1124, #2366 ) ;
#1829 = PLANE ( 'NONE',  #2650 ) ;
#1830 = DIRECTION ( 'NONE',  ( -1.198554720518949108E-41, 1.000000000000000000, -1.001833646100949020E-26 ) ) ;
#1831 = CARTESIAN_POINT ( 'NONE',  ( -24.20879313406303268, -219.2794537025775412, -45.81013369694241533 ) ) ;
#1832 = ORIENTED_EDGE ( 'NONE', *, *, #301, .F. ) ;
#1833 = CARTESIAN_POINT ( 'NONE',  ( -26.80879313406303410, -223.4958217684005604, -14.19013369693509397 ) ) ;
#1834 = VERTEX_POINT ( 'NONE', #759 ) ;
#1835 = CARTESIAN_POINT ( 'NONE',  ( -21.19075874309814722, -218.4368236237920939, -14.45675857999551361 ) ) ;
#1836 = SURFACE_STYLE_USAGE ( .BOTH. , #926 ) ;
#1837 = ADVANCED_FACE ( 'NONE', ( #2347 ), #1677, .T. ) ;
#1838 = ADVANCED_FACE ( 'NONE', ( #2575 ), #331, .T. ) ;
#1839 = EDGE_LOOP ( 'NONE', ( #120, #1464, #2907, #2026 ) ) ;
#1840 = DIRECTION ( 'NONE',  ( 0.7071067811865475727, -7.084033647788243198E-27, -0.7071067811865475727 ) ) ;
#1841 = AXIS2_PLACEMENT_3D ( 'NONE', #2, #910, #1774 ) ;
#1842 = DIRECTION ( 'NONE',  ( 1.000000000000000000, 0.000000000000000000, -8.060240031541825280E-16 ) ) ;
#1843 = VECTOR ( 'NONE', #1431, 1000.000000000000000 ) ;
#1844 = ORIENTED_EDGE ( 'NONE', *, *, #1720, .F. ) ;
#1845 = LINE ( 'NONE', #26, #2121 ) ;
#1846 = VECTOR ( 'NONE', #2405, 1000.000000000000000 ) ;
#1847 = CARTESIAN_POINT ( 'NONE',  ( -24.20879313406303268, -223.4958217684005319, -39.31013369693525306 ) ) ;
#1848 = VECTOR ( 'NONE', #1904, 999.9999999999998863 ) ;
#1849 = ORIENTED_EDGE ( 'NONE', *, *, #819, .F. ) ;
#1850 = DIRECTION ( 'NONE',  ( 0.4888429111811886107, 0.6539872130664982075, -0.5773502691896967853 ) ) ;
#1851 = CARTESIAN_POINT ( 'NONE',  ( -24.20879313406298294, -219.2794537025765749, 25.32000000000173756 ) ) ;
#1852 = CONICAL_SURFACE ( 'NONE', #1521, 61.70690678486595715, 0.7853981633974447263 ) ;
#1853 = CIRCLE ( 'NONE', #182, 62.70690678486598557 ) ;
#1854 = PLANE ( 'NONE',  #220 ) ;
#1855 = LINE ( 'NONE', #943, #848 ) ;
#1856 = DIRECTION ( 'NONE',  ( -7.023104907070927881E-16, -1.000000000000000000, 1.001833646100949020E-26 ) ) ;
#1857 = FACE_OUTER_BOUND ( 'NONE', #1460, .T. ) ;
#1858 =( GEOMETRIC_REPRESENTATION_CONTEXT ( 3 ) GLOBAL_UNCERTAINTY_ASSIGNED_CONTEXT ( ( #2283 ) ) GLOBAL_UNIT_ASSIGNED_CONTEXT ( ( #880, #665, #2285 ) ) REPRESENTATION_CONTEXT ( 'NONE', 'WORKASPACE' ) );
#1859 = EDGE_CURVE ( 'NONE', #1068, #2111, #1688, .T. ) ;
#1860 = DIRECTION ( 'NONE',  ( 0.000000000000000000, 0.000000000000000000, 1.000000000000000000 ) ) ;
#1861 = CARTESIAN_POINT ( 'NONE',  ( -20.20879313406308597, -217.2890843271049448, -38.71013369693524453 ) ) ;
#1862 = CARTESIAN_POINT ( 'NONE',  ( -32.36725298776778459, -215.3810230990627304, -18.74859355081775547 ) ) ;
#1863 = VERTEX_POINT ( 'NONE', #1435 ) ;
#1864 = EDGE_CURVE ( 'NONE', #898, #2673, #386, .T. ) ;
#1865 = CARTESIAN_POINT ( 'NONE',  ( -26.40879313406302487, -223.4958217684005035, 0.4000000000000737410 ) ) ;
#1866 = ORIENTED_EDGE ( 'NONE', *, *, #1987, .T. ) ;
#1867 = ORIENTED_EDGE ( 'NONE', *, *, #1827, .T. ) ;
#1868 = CARTESIAN_POINT ( 'NONE',  ( -26.84254166334174485, -211.7265270339462688, 26.88625147054343145 ) ) ;
#1869 = DIRECTION ( 'NONE',  ( 8.060240031541825280E-16, 1.164742409912037502E-16, 1.000000000000000000 ) ) ;
#1870 = ORIENTED_EDGE ( 'NONE', *, *, #238, .T. ) ;
#1871 = ORIENTED_EDGE ( 'NONE', *, *, #1691, .T. ) ;
#1872 = CARTESIAN_POINT ( 'NONE',  ( 4.028231956410756709, -212.9958217684004467, 1.862756875788122990 ) ) ;
#1873 = DIRECTION ( 'NONE',  ( 0.000000000000000000, -0.7071067811865486830, -0.7071067811865464625 ) ) ;
#1874 = ORIENTED_EDGE ( 'NONE', *, *, #2869, .F. ) ;
#1875 = ORIENTED_EDGE ( 'NONE', *, *, #820, .T. ) ;
#1876 = DIRECTION ( 'NONE',  ( 0.9897199198086941152, 0.1430191607228620265, -7.741126491484141872E-16 ) ) ;
#1877 = LINE ( 'NONE', #917, #1417 ) ;
#1878 = EDGE_CURVE ( 'NONE', #2457, #1344, #98, .T. ) ;
#1879 = DIRECTION ( 'NONE',  ( 6.685199438412439531E-68, -1.001833646100949020E-26, -1.000000000000000000 ) ) ;
#1880 = ORIENTED_EDGE ( 'NONE', *, *, #2430, .T. ) ;
#1881 = EDGE_CURVE ( 'NONE', #2296, #1395, #2801, .T. ) ;
#1882 = EDGE_CURVE ( 'NONE', #1023, #1999, #111, .T. ) ;
#1883 = EDGE_LOOP ( 'NONE', ( #2753, #658, #961, #2617, #1046, #85, #2078 ) ) ;
#1884 = ORIENTED_EDGE ( 'NONE', *, *, #597, .F. ) ;
#1885 = VERTEX_POINT ( 'NONE', #544 ) ;
#1886 = LINE ( 'NONE', #1657, #894 ) ;
#1887 = ORIENTED_EDGE ( 'NONE', *, *, #2655, .T. ) ;
#1888 = CARTESIAN_POINT ( 'NONE',  ( -51.04363995292701617, -214.9000000003034074, -29.43484681886384990 ) ) ;
#1889 = CARTESIAN_POINT ( 'NONE',  ( -20.20879313406308597, -217.2890843271046037, -14.79013369693513091 ) ) ;
#1890 = DIRECTION ( 'NONE',  ( 0.000000000000000000, 0.000000000000000000, 1.000000000000000000 ) ) ;
#1891 = CARTESIAN_POINT ( 'NONE',  ( -27.76285637581537458, -211.5038479759932102, -39.35607045500496071 ) ) ;
#1892 = CARTESIAN_POINT ( 'NONE',  ( -24.60879313406303837, -203.8893902868810812, 26.32000000000001805 ) ) ;
#1893 = VECTOR ( 'NONE', #2367, 1000.000000000000000 ) ;
#1894 = DIRECTION ( 'NONE',  ( -1.000000000000000000, 1.006753115791187886E-40, 1.071517966896626007E-14 ) ) ;
#1895 = VECTOR ( 'NONE', #2820, 1000.000000000000000 ) ;
#1896 = ORIENTED_EDGE ( 'NONE', *, *, #2101, .T. ) ;
#1897 = VERTEX_POINT ( 'NONE', #1014 ) ;
#1898 = ADVANCED_FACE ( 'NONE', ( #530 ), #310, .F. ) ;
#1899 = PLANE ( 'NONE',  #1317 ) ;
#1900 = EDGE_CURVE ( 'NONE', #273, #432, #2601, .T. ) ;
#1901 = VECTOR ( 'NONE', #2844, 1000.000000000000000 ) ;
#1902 = B_SPLINE_CURVE_WITH_KNOTS ( 'NONE', 3,
 ( #591, #151, #1748, #339 ),
 .UNSPECIFIED., .F., .F.,
 ( 4, 4 ),
 ( 0.000000000000000000, 0.0006640552207825387195 ),
 .UNSPECIFIED. ) ;
#1903 = EDGE_CURVE ( 'NONE', #589, #2541, #812, .T. ) ;
#1904 = DIRECTION ( 'NONE',  ( 2.775557561562892584E-17, -0.7071067811865660024, -0.7071067811865291430 ) ) ;
#1905 = AXIS2_PLACEMENT_3D ( 'NONE', #1346, #2472, #2261 ) ;
#1906 = ORIENTED_EDGE ( 'NONE', *, *, #1062, .T. ) ;
#1907 = AXIS2_PLACEMENT_3D ( 'NONE', #108, #1020, #1702 ) ;
#1908 = CARTESIAN_POINT ( 'NONE',  ( -26.40879313406302487, -223.8958217684005092, 25.92000000000001236 ) ) ;
#1909 = CARTESIAN_POINT ( 'NONE',  ( -28.01290516596165503, -211.4935672998547602, 25.08619349627352690 ) ) ;
#1910 = AXIS2_PLACEMENT_3D ( 'NONE', #286, #523, #2390 ) ;
#1911 = CARTESIAN_POINT ( 'NONE',  ( -17.40000000015295356, -213.9000000003034359, -39.71013369693529427 ) ) ;
#1912 = ORIENTED_EDGE ( 'NONE', *, *, #2719, .F. ) ;
#1913 = CARTESIAN_POINT ( 'NONE',  ( -27.92826908161645960, -219.2117273776314619, -14.30960964466643226 ) ) ;
#1914 = DIRECTION ( 'NONE',  ( 6.685199438412438707E-68, -1.001833646100949020E-26, -1.000000000000000000 ) ) ;
#1915 = ORIENTED_EDGE ( 'NONE', *, *, #194, .T. ) ;
#1916 = EDGE_CURVE ( 'NONE', #1785, #2286, #1806, .T. ) ;
#1917 = DIRECTION ( 'NONE',  ( 8.060240031541825280E-16, 1.429268509102310766E-14, 1.000000000000000000 ) ) ;
#1918 = EDGE_CURVE ( 'NONE', #2433, #433, #282, .T. ) ;
#1919 = EDGE_LOOP ( 'NONE', ( #2882, #726, #2734, #1226 ) ) ;
#1920 = PLANE ( 'NONE',  #1658 ) ;
#1921 = LINE ( 'NONE', #1416, #2000 ) ;
#1922 = FACE_OUTER_BOUND ( 'NONE', #878, .T. ) ;
#1923 = EDGE_LOOP ( 'NONE', ( #963, #614, #822 ) ) ;
#1924 = DIRECTION ( 'NONE',  ( 0.000000000000000000, 1.001833646100949020E-26, 1.000000000000000000 ) ) ;
#1925 = ORIENTED_EDGE ( 'NONE', *, *, #2942, .F. ) ;
#1926 = ORIENTED_EDGE ( 'NONE', *, *, #2257, .F. ) ;
#1927 = DIRECTION ( 'NONE',  ( -1.000000000000000000, 7.023104907070926895E-16, 8.060240031541825280E-16 ) ) ;
#1928 = CARTESIAN_POINT ( 'NONE',  ( -24.20879313406303268, -223.4958217684005319, -39.31013369693525306 ) ) ;
#1929 = VERTEX_POINT ( 'NONE', #1889 ) ;
#1930 = ORIENTED_EDGE ( 'NONE', *, *, #598, .F. ) ;
#1931 = CARTESIAN_POINT ( 'NONE',  ( -24.34222990245459428, -218.5577007143792514, -14.05669692854353414 ) ) ;
#1932 = VERTEX_POINT ( 'NONE', #1069 ) ;
#1933 = PLANE ( 'NONE',  #2031 ) ;
#1934 = FACE_OUTER_BOUND ( 'NONE', #1404, .T. ) ;
#1935 = EDGE_CURVE ( 'NONE', #2693, #145, #850, .T. ) ;
#1936 = EDGE_CURVE ( 'NONE', #920, #2150, #1080, .T. ) ;
#1937 = CARTESIAN_POINT ( 'NONE',  ( -21.20879313406306110, -218.5797054248195366, -39.71013369693525163 ) ) ;
#1938 = VECTOR ( 'NONE', #1873, 999.9999999999998863 ) ;
#1939 = CARTESIAN_POINT ( 'NONE',  ( -26.80879313406303410, -219.3917522973365806, -14.59012890429056597 ) ) ;
#1940 = CARTESIAN_POINT ( 'NONE',  ( -24.20879313406303268, -223.4958217684005319, -14.19013369693509397 ) ) ;
#1941 = VECTOR ( 'NONE', #2543, 1000.000000000000000 ) ;
#1942 = ORIENTED_EDGE ( 'NONE', *, *, #2200, .F. ) ;
#1943 =( BOUNDED_CURVE ( )  B_SPLINE_CURVE ( 3, ( #605, #1954, #2850, #2659 ),
 .UNSPECIFIED., .F., .T. ) 
 B_SPLINE_CURVE_WITH_KNOTS ( ( 4, 4 ),
 ( 6.141129478669743236, 7.039252226044590444 ),
 .UNSPECIFIED. ) 
 CURVE ( )  GEOMETRIC_REPRESENTATION_ITEM ( )  RATIONAL_B_SPLINE_CURVE ( ( 1.000000000000000000, 0.9339033171549833146, 0.9339033171549833146, 1.000000000000000000 ) ) 
 REPRESENTATION_ITEM ( '' )  );
#1944 = VECTOR ( 'NONE', #2202, 1000.000000000000227 ) ;
#1945 = ORIENTED_EDGE ( 'NONE', *, *, #2630, .F. ) ;
#1946 = DIRECTION ( 'NONE',  ( -7.023104907070927881E-16, -1.000000000000000000, 1.002586184410081621E-26 ) ) ;
#1947 = AXIS2_PLACEMENT_3D ( 'NONE', #637, #1326, #2893 ) ;
#1948 = AXIS2_PLACEMENT_3D ( 'NONE', #1260, #2178, #201 ) ;
#1949 = CARTESIAN_POINT ( 'NONE',  ( -26.54194284766450807, -218.6942672744072809, -13.92328341053657148 ) ) ;
#1950 = CARTESIAN_POINT ( 'NONE',  ( -24.20879313406303268, -218.6733979511577672, -39.31013369693525306 ) ) ;
#1951 = VECTOR ( 'NONE', #1551, 1000.000000000000000 ) ;
#1952 = VERTEX_POINT ( 'NONE', #1975 ) ;
#1953 = EDGE_CURVE ( 'NONE', #1716, #2790, #2417, .T. ) ;
#1954 = CARTESIAN_POINT ( 'NONE',  ( -34.88622368214602432, -212.9958217684004467, 1.862756875788149635 ) ) ;
#1955 = AXIS2_PLACEMENT_3D ( 'NONE', #253, #713, #699 ) ;
#1956 = EDGE_CURVE ( 'NONE', #403, #117, #1037, .T. ) ;
#1957 = VERTEX_POINT ( 'NONE', #1526 ) ;
#1958 = ORIENTED_EDGE ( 'NONE', *, *, #2719, .T. ) ;
#1959 = LINE ( 'NONE', #2432, #2560 ) ;
#1960 = DIRECTION ( 'NONE',  ( -5.699450384294496528E-16, -0.7071067811865474617, -0.7071067811865475727 ) ) ;
#1961 = CARTESIAN_POINT ( 'NONE',  ( -26.40879313406302487, -223.4958217684005035, 0.4000000000000737410 ) ) ;
#1962 = PLANE ( 'NONE',  #1948 ) ;
#1963 = LINE ( 'NONE', #1730, #1363 ) ;
#1964 = DIRECTION ( 'NONE',  ( 6.672963584753474343E-42, -1.000000000000000000, 1.001833646100948877E-26 ) ) ;
#1965 = ORIENTED_EDGE ( 'NONE', *, *, #1696, .T. ) ;
#1966 = VERTEX_POINT ( 'NONE', #2870 ) ;
#1967 = CARTESIAN_POINT ( 'NONE',  ( -26.40879313406306395, -214.9000000003034074, -39.71013369693520190 ) ) ;
#1968 = EDGE_CURVE ( 'NONE', #440, #92, #638, .T. ) ;
#1969 = ORIENTED_EDGE ( 'NONE', *, *, #2257, .T. ) ;
#1970 = LINE ( 'NONE', #1504, #1133 ) ;
#1971 = LINE ( 'NONE', #2612, #1189 ) ;
#1972 = EDGE_CURVE ( 'NONE', #175, #1885, #1741, .T. ) ;
#1973 = ADVANCED_FACE ( 'NONE', ( #371 ), #137, .F. ) ;
#1974 = ORIENTED_EDGE ( 'NONE', *, *, #1337, .T. ) ;
#1975 = CARTESIAN_POINT ( 'NONE',  ( -38.13363046701054060, -214.9000000003034074, -3.189177413830338370 ) ) ;
#1976 = FACE_OUTER_BOUND ( 'NONE', #2684, .T. ) ;
#1977 = CARTESIAN_POINT ( 'NONE',  ( -27.75859595271563762, -219.3581499812227378, -14.46939650453001391 ) ) ;
#1978 = DIRECTION ( 'NONE',  ( 1.000000000000000000, 0.000000000000000000, 3.777591184356044511E-17 ) ) ;
#1979 = ORIENTED_EDGE ( 'NONE', *, *, #1735, .F. ) ;
#1980 = LINE ( 'NONE', #2905, #2076 ) ;
#1981 = FACE_OUTER_BOUND ( 'NONE', #2551, .T. ) ;
#1982 = LINE ( 'NONE', #2855, #559 ) ;
#1983 = EDGE_CURVE ( 'NONE', #681, #1442, #2665, .T. ) ;
#1984 = ADVANCED_FACE ( 'NONE', ( #388 ), #631, .T. ) ;
#1985 = AXIS2_PLACEMENT_3D ( 'NONE', #1123, #2924, #1814 ) ;
#1986 = CARTESIAN_POINT ( 'NONE',  ( -33.00879313331842013, -157.1930932154384379, -39.71013369693513084 ) ) ;
#1987 = EDGE_CURVE ( 'NONE', #158, #1897, #1281, .T. ) ;
#1988 = CARTESIAN_POINT ( 'NONE',  ( -27.58913892102319565, -219.5043860996818239, -14.62957512604616639 ) ) ;
#1989 = VECTOR ( 'NONE', #493, 1000.000000000000000 ) ;
#1990 = CARTESIAN_POINT ( 'NONE',  ( -21.18165623816441467, -218.7745432746003189, 25.32000000000175532 ) ) ;
#1991 = VECTOR ( 'NONE', #422, 1000.000000000000000 ) ;
#1992 = CARTESIAN_POINT ( 'NONE',  ( -24.20879313406303268, -218.8754263344363267, 0.9999901011378514726 ) ) ;
#1993 = VECTOR ( 'NONE', #2435, 1000.000000000000114 ) ;
#1994 = VERTEX_POINT ( 'NONE', #153 ) ;
#1995 = VECTOR ( 'NONE', #2776, 1000.000000000000000 ) ;
#1996 = ORIENTED_EDGE ( 'NONE', *, *, #2829, .F. ) ;
#1997 = DIRECTION ( 'NONE',  ( -8.060240031541825280E-16, 0.000000000000000000, -1.000000000000000000 ) ) ;
#1998 = PLANE ( 'NONE',  #2190 ) ;
#1999 = VERTEX_POINT ( 'NONE', #1752 ) ;
#2000 = VECTOR ( 'NONE', #2149, 1000.000000000000000 ) ;
#2001 = DIRECTION ( 'NONE',  ( -6.672963584753481990E-42, 1.000000000000000000, -1.001833646100948877E-26 ) ) ;
#2002 = DIRECTION ( 'NONE',  ( -1.000000000000000000, -7.821532472520555999E-16, 7.821532472520555013E-16 ) ) ;
#2003 = ORIENTED_EDGE ( 'NONE', *, *, #1778, .T. ) ;
#2004 = CARTESIAN_POINT ( 'NONE',  ( -27.92826908161645960, -219.2117273776314619, -14.30960964466643226 ) ) ;
#2005 = CARTESIAN_POINT ( 'NONE',  ( -21.19980543217902635, -218.0990619883379509, -39.37684293400263158 ) ) ;
#2006 = EDGE_CURVE ( 'NONE', #603, #1579, #960, .T. ) ;
#2007 = CARTESIAN_POINT ( 'NONE',  ( -20.20879313406308597, -218.5797054248186271, 25.32000000000001450 ) ) ;
#2008 = ORIENTED_EDGE ( 'NONE', *, *, #722, .F. ) ;
#2009 = CARTESIAN_POINT ( 'NONE',  ( -28.40879313388516181, -212.9958217684004751, -14.79013369693513091 ) ) ;
#2010 = LINE ( 'NONE', #659, #1233 ) ;
#2011 = PLANE ( 'NONE',  #2921 ) ;
#2012 = CARTESIAN_POINT ( 'NONE',  ( -27.92826908161820398, -219.2117273776297282, 0.9194759477331562181 ) ) ;
#2013 = CARTESIAN_POINT ( 'NONE',  ( -17.40000000015290382, -214.9000000003034074, 25.32000000000000739 ) ) ;
#2014 = ORIENTED_EDGE ( 'NONE', *, *, #463, .F. ) ;
#2015 = EDGE_CURVE ( 'NONE', #898, #2434, #1292, .T. ) ;
#2016 = EDGE_CURVE ( 'NONE', #862, #966, #1663, .T. ) ;
#2017 = DIRECTION ( 'NONE',  ( -6.685199438412439531E-68, 1.001833646100949020E-26, 1.000000000000000000 ) ) ;
#2018 = EDGE_LOOP ( 'NONE', ( #2793, #2131, #79, #1756 ) ) ;
#2019 = LINE ( 'NONE', #2866, #2028 ) ;
#2020 = CARTESIAN_POINT ( 'NONE',  ( -24.60879313406300284, -223.4958217684005319, -13.79013369693512203 ) ) ;
#2021 = ORIENTED_EDGE ( 'NONE', *, *, #1099, .T. ) ;
#2022 = VERTEX_POINT ( 'NONE', #806 ) ;
#2023 = DIRECTION ( 'NONE',  ( 6.672963584753481990E-42, -1.000000000000000000, 1.001833646100948733E-26 ) ) ;
#2024 = VECTOR ( 'NONE', #1807, 1000.000000000000000 ) ;
#2025 = LINE ( 'NONE', #674, #2593 ) ;
#2026 = ORIENTED_EDGE ( 'NONE', *, *, #1062, .F. ) ;
#2027 = B_SPLINE_CURVE_WITH_KNOTS ( 'NONE', 3,
 ( #442, #473, #2751, #225 ),
 .UNSPECIFIED., .F., .F.,
 ( 4, 4 ),
 ( 0.000000000000000000, 0.0007189567897963686921 ),
 .UNSPECIFIED. ) ;
#2028 = VECTOR ( 'NONE', #2895, 1000.000000000000000 ) ;
#2029 = ORIENTED_EDGE ( 'NONE', *, *, #52, .F. ) ;
#2030 = DIRECTION ( 'NONE',  ( -4.718497801390114265E-42, 0.7071067811865524577, -0.7071067811865426878 ) ) ;
#2031 = AXIS2_PLACEMENT_3D ( 'NONE', #983, #762, #2579 ) ;
#2032 = ADVANCED_FACE ( 'NONE', ( #786 ), #2791, .T. ) ;
#2033 = ORIENTED_EDGE ( 'NONE', *, *, #521, .T. ) ;
#2034 = VERTEX_POINT ( 'NONE', #1248 ) ;
#2035 = PLANE ( 'NONE',  #411 ) ;
#2036 = CIRCLE ( 'NONE', #1410, 62.70690678486598557 ) ;
#2037 = DIRECTION ( 'NONE',  ( -0.5508254793257253423, 0.7034440569815187949, -0.4491745206742773222 ) ) ;
#2038 = EDGE_CURVE ( 'NONE', #1090, #482, #2618, .T. ) ;
#2039 = AXIS2_PLACEMENT_3D ( 'NONE', #244, #2059, #718 ) ;
#2040 = DIRECTION ( 'NONE',  ( 0.6707111612412822721, 0.3166908214216845874, 0.6707111612412822721 ) ) ;
#2041 = ORIENTED_EDGE ( 'NONE', *, *, #533, .F. ) ;
#2042 = DIRECTION ( 'NONE',  ( -7.023104907070927881E-16, -1.000000000000000000, 1.002586184410081477E-26 ) ) ;
#2043 = AXIS2_PLACEMENT_3D ( 'NONE', #1571, #266, #1382 ) ;
#2044 = LINE ( 'NONE', #2475, #1316 ) ;
#2045 = DIRECTION ( 'NONE',  ( -8.075019659248379735E-42, 1.000000000000000000, -1.001833646100948877E-26 ) ) ;
#2046 = CARTESIAN_POINT ( 'NONE',  ( -20.54212646739642523, -214.5666666669700930, 25.65333333333335375 ) ) ;
#2047 = CARTESIAN_POINT ( 'NONE',  ( -38.13363046701054060, -214.9000000003034074, -10.20095628316280312 ) ) ;
#2048 = CARTESIAN_POINT ( 'NONE',  ( -28.40879313388516181, -212.0231968861838823, -15.25289057278127913 ) ) ;
#2049 = ORIENTED_EDGE ( 'NONE', *, *, #1302, .T. ) ;
#2050 = ADVANCED_FACE ( 'NONE', ( #2401 ), #1962, .F. ) ;
#2051 = LINE ( 'NONE', #1122, #2890 ) ;
#2052 = EDGE_CURVE ( 'NONE', #2449, #2493, #2280, .T. ) ;
#2053 = CARTESIAN_POINT ( 'NONE',  ( -33.40879313388516181, -212.2732983662722006, 1.462756875788065569 ) ) ;
#2054 = SURFACE_STYLE_FILL_AREA ( #896 ) ;
#2055 = ORIENTED_EDGE ( 'NONE', *, *, #288, .F. ) ;
#2056 = VERTEX_POINT ( 'NONE', #1833 ) ;
#2057 = ORIENTED_EDGE ( 'NONE', *, *, #903, .F. ) ;
#2058 = CARTESIAN_POINT ( 'NONE',  ( -28.40879313388519734, -212.0231968861839391, -57.86969363844725223 ) ) ;
#2059 = DIRECTION ( 'NONE',  ( 0.000000000000000000, -2.775557561562898609E-14, -1.000000000000000000 ) ) ;
#2060 = CARTESIAN_POINT ( 'NONE',  ( 0.1309868370527184078, -214.9000000003034074, -35.12991366805097471 ) ) ;
#2061 = ORIENTED_EDGE ( 'NONE', *, *, #448, .F. ) ;
#2062 = ORIENTED_EDGE ( 'NONE', *, *, #394, .T. ) ;
#2063 = LINE ( 'NONE', #247, #419 ) ;
#2064 = ORIENTED_EDGE ( 'NONE', *, *, #2306, .T. ) ;
#2065 = ORIENTED_EDGE ( 'NONE', *, *, #989, .T. ) ;
#2066 = CARTESIAN_POINT ( 'NONE',  ( -28.35158546959601367, -211.9466629320674542, -15.25289057278127913 ) ) ;
#2067 = CARTESIAN_POINT ( 'NONE',  ( -20.20879313406308597, -217.2890843271044901, 0.4000000000000563660 ) ) ;
#2068 = DIRECTION ( 'NONE',  ( 0.000000000000000000, 1.000000000000000000, -2.777464970255965825E-14 ) ) ;
#2069 = CARTESIAN_POINT ( 'NONE',  ( -27.40879313388515470, -203.8893902868810812, -13.79013369693512381 ) ) ;
#2070 = EDGE_CURVE ( 'NONE', #1932, #1957, #2728, .T. ) ;
#2071 = CARTESIAN_POINT ( 'NONE',  ( -40.41761708095893368, -228.0889250080784905, -29.50353518587036206 ) ) ;
#2072 = VECTOR ( 'NONE', #757, 1000.000000000000000 ) ;
#2073 = CARTESIAN_POINT ( 'NONE',  ( 4.028231956410742498, -212.9958217684004467, -15.25289057278130400 ) ) ;
#2074 = AXIS2_PLACEMENT_3D ( 'NONE', #435, #1343, #902 ) ;
#2075 = DIRECTION ( 'NONE',  ( 1.000000000000000000, 0.000000000000000000, -1.068267646552779697E-14 ) ) ;
#2076 = VECTOR ( 'NONE', #623, 1000.000000000000000 ) ;
#2077 = VECTOR ( 'NONE', #611, 1000.000000000000000 ) ;
#2078 = ORIENTED_EDGE ( 'NONE', *, *, #410, .F. ) ;
#2079 = DIRECTION ( 'NONE',  ( 7.092966786403880877E-16, 1.383246298583668343E-14, 1.000000000000000000 ) ) ;
#2080 = ORIENTED_EDGE ( 'NONE', *, *, #2291, .T. ) ;
#2081 = AXIS2_PLACEMENT_3D ( 'NONE', #1379, #2236, #1592 ) ;
#2082 = ORIENTED_EDGE ( 'NONE', *, *, #2038, .T. ) ;
#2083 = DIRECTION ( 'NONE',  ( -0.1011298183867495870, 0.6998376667721729616, 0.7071067811865080488 ) ) ;
#2084 = B_SPLINE_CURVE_WITH_KNOTS ( 'NONE', 3,
 ( #2004, #1977, #1988, #2871 ),
 .UNSPECIFIED., .F., .F.,
 ( 4, 4 ),
 ( 0.005236158169578308298, 0.006061839373417028491 ),
 .UNSPECIFIED. ) ;
#2085 = DIRECTION ( 'NONE',  ( -0.7071067811865505703, 0.000000000000000000, -0.7071067811865444641 ) ) ;
#2086 = DIRECTION ( 'NONE',  ( -7.023104907070927881E-16, -1.000000000000000000, 1.001833646100949020E-26 ) ) ;
#2087 = EDGE_CURVE ( 'NONE', #2508, #2457, #610, .T. ) ;
#2088 = EDGE_CURVE ( 'NONE', #966, #229, #2458, .T. ) ;
#2089 = ORIENTED_EDGE ( 'NONE', *, *, #887, .T. ) ;
#2090 = CARTESIAN_POINT ( 'NONE',  ( -28.40879313388519734, -214.9000000003034074, -57.86969363844725223 ) ) ;
#2091 = ORIENTED_EDGE ( 'NONE', *, *, #69, .T. ) ;
#2092 = DIRECTION ( 'NONE',  ( 0.7071067811865505703, -2.775557561562891043E-17, 0.7071067811865444641 ) ) ;
#2093 = DIRECTION ( 'NONE',  ( -7.092966786403880877E-16, -1.383246298583668343E-14, -1.000000000000000000 ) ) ;
#2094 = ORIENTED_EDGE ( 'NONE', *, *, #1598, .T. ) ;
#2095 = CARTESIAN_POINT ( 'NONE',  ( -27.75481562224726773, -219.0234836992769942, 25.97397751163787660 ) ) ;
#2096 = FACE_OUTER_BOUND ( 'NONE', #2765, .T. ) ;
#2097 = CARTESIAN_POINT ( 'NONE',  ( -24.47556387651688325, -218.4417660232423088, 0.5332292575462335149 ) ) ;
#2098 = EDGE_CURVE ( 'NONE', #313, #876, #228, .T. ) ;
#2099 = PLANE ( 'NONE',  #1043 ) ;
#2100 = ORIENTED_EDGE ( 'NONE', *, *, #393, .T. ) ;
#2101 = EDGE_CURVE ( 'NONE', #387, #527, #877, .T. ) ;
#2102 = ORIENTED_EDGE ( 'NONE', *, *, #2218, .T. ) ;
#2103 = ORIENTED_EDGE ( 'NONE', *, *, #341, .T. ) ;
#2104 = FACE_OUTER_BOUND ( 'NONE', #2106, .T. ) ;
#2105 = DIRECTION ( 'NONE',  ( 1.000000000000000000, 1.198554720518949108E-41, -1.200752445709002554E-67 ) ) ;
#2106 = EDGE_LOOP ( 'NONE', ( #1271, #2139, #1874, #1005, #2779 ) ) ;
#2107 = CARTESIAN_POINT ( 'NONE',  ( 3.217412325562428954, -207.3847949943198046, 1.862756875788123656 ) ) ;
#2108 = SHAPE_DEFINITION_REPRESENTATION ( #1502, #861 ) ;
#2109 = VERTEX_POINT ( 'NONE', #1566 ) ;
#2110 = EDGE_LOOP ( 'NONE', ( #756, #2822, #1751, #2810, #594 ) ) ;
#2111 = VERTEX_POINT ( 'NONE', #1784 ) ;
#2112 = CARTESIAN_POINT ( 'NONE',  ( -26.80879313406303410, -219.5927419206604441, -45.81013369694241533 ) ) ;
#2113 = FACE_OUTER_BOUND ( 'NONE', #46, .T. ) ;
#2114 = CARTESIAN_POINT ( 'NONE',  ( -28.40879313388518312, -213.9000000003034074, -38.71013369693515216 ) ) ;
#2115 = ADVANCED_FACE ( 'NONE', ( #1137 ), #2692, .T. ) ;
#2116 = VECTOR ( 'NONE', #1249, 1000.000000000000000 ) ;
#2117 = ORIENTED_EDGE ( 'NONE', *, *, #950, .F. ) ;
#2118 = ORIENTED_EDGE ( 'NONE', *, *, #2483, .T. ) ;
#2119 = ORIENTED_EDGE ( 'NONE', *, *, #1130, .T. ) ;
#2120 = CARTESIAN_POINT ( 'NONE',  ( -17.40000000015297132, -214.9000000003034074, -57.86969363844726644 ) ) ;
#2121 = VECTOR ( 'NONE', #1193, 1000.000000000000114 ) ;
#2122 = LINE ( 'NONE', #59, #327 ) ;
#2123 = ADVANCED_FACE ( 'NONE', ( #1794 ), #2250, .F. ) ;
#2124 = CIRCLE ( 'NONE', #508, 4.651934289618400165 ) ;
#2125 = LINE ( 'NONE', #2809, #2730 ) ;
#2126 = DIRECTION ( 'NONE',  ( 0.5987078483854234578, 0.8009674851588525213, 0.000000000000000000 ) ) ;
#2127 = VECTOR ( 'NONE', #2126, 999.9999999999998863 ) ;
#2128 = DIRECTION ( 'NONE',  ( 0.5773502691896220673, 0.5773502691896265082, -0.5773502691896286176 ) ) ;
#2129 = ORIENTED_EDGE ( 'NONE', *, *, #2704, .T. ) ;
#2130 = VECTOR ( 'NONE', #1221, 1000.000000000000000 ) ;
#2131 = ORIENTED_EDGE ( 'NONE', *, *, #355, .F. ) ;
#2132 = CARTESIAN_POINT ( 'NONE',  ( -21.18165623816441467, -218.7745432746003189, 25.32000000000175532 ) ) ;
#2133 = CARTESIAN_POINT ( 'NONE',  ( -18.40000000015289316, -203.8893902868810812, 26.32000000000001805 ) ) ;
#2134 = ORIENTED_EDGE ( 'NONE', *, *, #2403, .T. ) ;
#2135 = FACE_BOUND ( 'NONE', #2916, .T. ) ;
#2136 = ORIENTED_EDGE ( 'NONE', *, *, #2016, .F. ) ;
#2137 = LINE ( 'NONE', #2066, #2836 ) ;
#2138 = DIRECTION ( 'NONE',  ( 0.7071067811865452413, 7.084033647788277636E-27, 0.7071067811865499042 ) ) ;
#2139 = ORIENTED_EDGE ( 'NONE', *, *, #1916, .T. ) ;
#2140 = B_SPLINE_CURVE_WITH_KNOTS ( 'NONE', 3,
 ( #404, #1306, #2637, #2225 ),
 .UNSPECIFIED., .F., .F.,
 ( 4, 4 ),
 ( 1.734723475976807094E-18, 0.0008528209506235985126 ),
 .UNSPECIFIED. ) ;
#2141 = DIRECTION ( 'NONE',  ( -0.7071067811865474617, -7.084033647788251807E-27, -0.7071067811865474617 ) ) ;
#2142 = EDGE_CURVE ( 'NONE', #1929, #2539, #2051, .T. ) ;
#2143 = ADVANCED_FACE ( 'NONE', ( #2492 ), #2368, .T. ) ;
#2144 = ORIENTED_EDGE ( 'NONE', *, *, #2829, .T. ) ;
#2145 = CARTESIAN_POINT ( 'NONE',  ( -26.54194284766449385, -218.6942672744066840, 26.18685028639855616 ) ) ;
#2146 = LINE ( 'NONE', #1225, #2116 ) ;
#2147 = ORIENTED_EDGE ( 'NONE', *, *, #2538, .T. ) ;
#2148 = CARTESIAN_POINT ( 'NONE',  ( -17.34279233586377345, -210.3558407984052678, -39.71013369693529427 ) ) ;
#2149 = DIRECTION ( 'NONE',  ( -1.000000000000000000, 9.536272795868277950E-41, 1.071517966896625849E-14 ) ) ;
#2150 = VERTEX_POINT ( 'NONE', #891 ) ;
#2151 = DIRECTION ( 'NONE',  ( 0.5987078483853319755, 0.8009674851589211331, -4.682812877698792293E-16 ) ) ;
#2152 = ORIENTED_EDGE ( 'NONE', *, *, #2520, .F. ) ;
#2153 = ORIENTED_EDGE ( 'NONE', *, *, #96, .T. ) ;
#2154 = VERTEX_POINT ( 'NONE', #1611 ) ;
#2155 = CARTESIAN_POINT ( 'NONE',  ( -25.14348267709509699, -218.2966033366828924, -46.45361637387738085 ) ) ;
#2156 = LINE ( 'NONE', #1725, #235 ) ;
#2157 = CARTESIAN_POINT ( 'NONE',  ( -17.40000000015296777, -210.3130791654646714, -57.86969363844726644 ) ) ;
#2158 = CARTESIAN_POINT ( 'NONE',  ( -28.40879313388512983, -212.9958217684004751, 25.32000000000005002 ) ) ;
#2159 = LINE ( 'NONE', #566, #77 ) ;
#2160 = EDGE_CURVE ( 'NONE', #1219, #378, #1413, .T. ) ;
#2161 = ORIENTED_EDGE ( 'NONE', *, *, #2917, .F. ) ;
#2162 = CARTESIAN_POINT ( 'NONE',  ( -27.58913892102315657, -219.5043860996812555, 25.48055857088893816 ) ) ;
#2163 = CARTESIAN_POINT ( 'NONE',  ( -31.43618604402193029, -225.9241163470648530, -15.25289057278127913 ) ) ;
#2164 = EDGE_CURVE ( 'NONE', #2109, #2296, #670, .T. ) ;
#2165 = VERTEX_POINT ( 'NONE', #1153 ) ;
#2166 = FACE_OUTER_BOUND ( 'NONE', #538, .T. ) ;
#2167 = DIRECTION ( 'NONE',  ( -2.643609338862449741E-17, 0.7071067811865415775, 0.7071067811865534569 ) ) ;
#2168 = VECTOR ( 'NONE', #714, 1000.000000000000114 ) ;
#2169 = VERTEX_POINT ( 'NONE', #2481 ) ;
#2170 = ORIENTED_EDGE ( 'NONE', *, *, #1154, .T. ) ;
#2171 = CARTESIAN_POINT ( 'NONE',  ( -26.80879313406303410, -223.4958217684005604, -39.71013369693522321 ) ) ;
#2172 = FACE_OUTER_BOUND ( 'NONE', #425, .T. ) ;
#2173 = VECTOR ( 'NONE', #1727, 1000.000000000000000 ) ;
#2174 = LINE ( 'NONE', #135, #2548 ) ;
#2175 = EDGE_LOOP ( 'NONE', ( #1177, #725, #2129, #1796, #785 ) ) ;
#2176 = DIRECTION ( 'NONE',  ( 0.7071067811865482389, 7.084033647788246068E-27, 0.7071067811865469066 ) ) ;
#2177 = VECTOR ( 'NONE', #1640, 1000.000000000000000 ) ;
#2178 = DIRECTION ( 'NONE',  ( -0.7071067811865500152, 0.7071067811865451302, 5.699450384223674568E-16 ) ) ;
#2179 = VECTOR ( 'NONE', #53, 1000.000000000000000 ) ;
#2180 = VECTOR ( 'NONE', #697, 1000.000000000000000 ) ;
#2181 = EDGE_CURVE ( 'NONE', #973, #2154, #2010, .T. ) ;
#2182 = LINE ( 'NONE', #353, #84 ) ;
#2183 = DIRECTION ( 'NONE',  ( -6.672963584753481990E-42, 1.000000000000000000, -1.001833646100948877E-26 ) ) ;
#2184 = EDGE_LOOP ( 'NONE', ( #1405, #2089, #1525 ) ) ;
#2185 = AXIS2_PLACEMENT_3D ( 'NONE', #1811, #2909, #2707 ) ;
#2186 = DIRECTION ( 'NONE',  ( -0.1430191607228620543, 0.9897199198086942262, 0.000000000000000000 ) ) ;
#2187 = ADVANCED_FACE ( 'NONE', ( #1365 ), #2701, .T. ) ;
#2188 = ADVANCED_FACE ( 'NONE', ( #190 ), #2292, .T. ) ;
#2189 = LINE ( 'NONE', #2007, #2697 ) ;
#2190 = AXIS2_PLACEMENT_3D ( 'NONE', #731, #1440, #1713 ) ;
#2191 = LINE ( 'NONE', #2715, #2460 ) ;
#2192 = LINE ( 'NONE', #2203, #514 ) ;
#2193 = CARTESIAN_POINT ( 'NONE',  ( -24.60879313406300994, -218.3255914873758741, -39.71013369693521611 ) ) ;
#2194 = DIRECTION ( 'NONE',  ( -6.685199438412440354E-68, 1.001833646100949020E-26, 1.000000000000000000 ) ) ;
#2195 = EDGE_LOOP ( 'NONE', ( #1628, #552, #2335 ) ) ;
#2196 = DIRECTION ( 'NONE',  ( 0.6533303093448724619, 0.7570729865021822436, -1.093558908184168496E-14 ) ) ;
#2197 = DIRECTION ( 'NONE',  ( 0.000000000000000000, 2.775557561562946571E-14, 1.000000000000000000 ) ) ;
#2198 = ORIENTED_EDGE ( 'NONE', *, *, #989, .F. ) ;
#2199 = CARTESIAN_POINT ( 'NONE',  ( -20.96196243532357784, -217.6447095477228970, -14.03696439567464083 ) ) ;
#2200 = EDGE_CURVE ( 'NONE', #2111, #1090, #417, .T. ) ;
#2201 = EDGE_CURVE ( 'NONE', #1649, #2268, #1389, .T. ) ;
#2202 = DIRECTION ( 'NONE',  ( 0.5478810027502798441, 0.8365562783371767175, -9.562449651033829668E-13 ) ) ;
#2203 = CARTESIAN_POINT ( 'NONE',  ( -21.18165623816449994, -218.7745432746013421, -45.81013369694242954 ) ) ;
#2204 = EDGE_CURVE ( 'NONE', #2296, #2056, #2122, .T. ) ;
#2205 = LINE ( 'NONE', #1961, #935 ) ;
#2206 = CARTESIAN_POINT ( 'NONE',  ( -27.75859624706300366, -219.3581497272099341, 1.079262530401594145 ) ) ;
#2207 = CARTESIAN_POINT ( 'NONE',  ( -22.60879313334359253, -203.8893902868810812, -13.79013369693512203 ) ) ;
#2208 = CARTESIAN_POINT ( 'NONE',  ( -24.60879313406300994, -223.8958217684005092, -39.71013369693521611 ) ) ;
#2209 = ORIENTED_EDGE ( 'NONE', *, *, #1352, .F. ) ;
#2210 = CARTESIAN_POINT ( 'NONE',  ( -34.88622368214603853, -212.9958217684004467, -15.25289057278127736 ) ) ;
#2211 = ORIENTED_EDGE ( 'NONE', *, *, #1390, .T. ) ;
#2212 = CYLINDRICAL_SURFACE ( 'NONE', #359, 2.999999999999997335 ) ;
#2213 = EDGE_CURVE ( 'NONE', #2925, #216, #956, .T. ) ;
#2214 = PLANE ( 'NONE',  #2426 ) ;
#2215 = ORIENTED_EDGE ( 'NONE', *, *, #1903, .F. ) ;
#2216 = ORIENTED_EDGE ( 'NONE', *, *, #18, .F. ) ;
#2217 = CIRCLE ( 'NONE', #2784, 2.999999999999997335 ) ;
#2218 = EDGE_CURVE ( 'NONE', #1402, #1339, #259, .T. ) ;
#2219 = DIRECTION ( 'NONE',  ( -1.071517966896625849E-14, -1.001833646100948877E-26, -1.000000000000000000 ) ) ;
#2220 = DIRECTION ( 'NONE',  ( 0.000000000000000000, 1.001833646100948877E-26, 1.000000000000000000 ) ) ;
#2221 = VECTOR ( 'NONE', #2353, 1000.000000000000000 ) ;
#2222 = DIRECTION ( 'NONE',  ( 6.672963584753481990E-42, -1.000000000000000000, 1.001833646100948877E-26 ) ) ;
#2223 = ORIENTED_EDGE ( 'NONE', *, *, #2142, .T. ) ;
#2224 = UNCERTAINTY_MEASURE_WITH_UNIT (LENGTH_MEASURE( 1.000000000000000082E-05 ), #673, 'distance_accuracy_value', 'NONE');
#2225 = CARTESIAN_POINT ( 'NONE',  ( -24.20879313406303268, -218.6733979511609789, -14.19013369693509397 ) ) ;
#2226 = VECTOR ( 'NONE', #525, 1000.000000000000000 ) ;
#2227 = DIRECTION ( 'NONE',  ( -0.6030498878332015700, 0.5221701500169542154, -0.6030498878331995716 ) ) ;
#2228 = AXIS2_PLACEMENT_3D ( 'NONE', #1986, #2219, #179 ) ;
#2229 = EDGE_LOOP ( 'NONE', ( #1965, #1419, #318, #2170 ) ) ;
#2230 = DIRECTION ( 'NONE',  ( 0.5773502691896258421, -0.5773502691896157391, -0.5773502691896357231 ) ) ;
#2231 = AXIS2_PLACEMENT_3D ( 'NONE', #2868, #2138, #2877 ) ;
#2232 = VECTOR ( 'NONE', #550, 1000.000000000000000 ) ;
#2233 = EDGE_LOOP ( 'NONE', ( #75, #502, #1739, #2629 ) ) ;
#2234 = CARTESIAN_POINT ( 'NONE',  ( -24.54566303853715681, -210.5631300958291661, -43.04700360140947168 ) ) ;
#2235 = COLOUR_RGB ( '',0.7921568627450980005, 0.8196078431372548767, 0.9333333333333333481 ) ;
#2236 = DIRECTION ( 'NONE',  ( 0.1430191607228513406, -0.9897199198086957805, -0.000000000000000000 ) ) ;
#2237 = ORIENTED_EDGE ( 'NONE', *, *, #1604, .F. ) ;
#2238 = EDGE_LOOP ( 'NONE', ( #300, #222, #483, #2754 ) ) ;
#2239 = ADVANCED_FACE ( 'NONE', ( #1403 ), #496, .T. ) ;
#2240 = EDGE_CURVE ( 'NONE', #676, #1486, #736, .T. ) ;
#2241 = ORIENTED_EDGE ( 'NONE', *, *, #374, .F. ) ;
#2242 = CARTESIAN_POINT ( 'NONE',  ( -27.75481562224845433, -219.0234836992752037, 0.7460224883634044568 ) ) ;
#2243 = PLANE ( 'NONE',  #373 ) ;
#2244 = ORIENTED_EDGE ( 'NONE', *, *, #1063, .F. ) ;
#2245 =( BOUNDED_CURVE ( )  B_SPLINE_CURVE ( 3, ( #2640, #1285, #2210, #1158 ),
 .UNSPECIFIED., .F., .T. ) 
 B_SPLINE_CURVE_WITH_KNOTS ( ( 4, 4 ),
 ( 5.527118388314583797, 6.425241135689431893 ),
 .UNSPECIFIED. ) 
 CURVE ( )  GEOMETRIC_REPRESENTATION_ITEM ( )  RATIONAL_B_SPLINE_CURVE ( ( 1.000000000000000000, 0.9339033171549833146, 0.9339033171549833146, 1.000000000000000000 ) ) 
 REPRESENTATION_ITEM ( '' )  );
#2246 = ORIENTED_EDGE ( 'NONE', *, *, #1115, .T. ) ;
#2247 = DIRECTION ( 'NONE',  ( -0.1430191607228620543, 0.9897199198086943372, 0.000000000000000000 ) ) ;
#2248 = DIRECTION ( 'NONE',  ( 0.7071067811865524577, 7.084033647788204455E-27, 0.7071067811865425767 ) ) ;
#2249 = ORIENTED_EDGE ( 'NONE', *, *, #2812, .T. ) ;
#2250 = PLANE ( 'NONE',  #1765 ) ;
#2251 = PLANE ( 'NONE',  #1985 ) ;
#2252 = ORIENTED_EDGE ( 'NONE', *, *, #1430, .F. ) ;
#2253 = DIRECTION ( 'NONE',  ( 1.187460332363099247E-11, 1.000000000000000000, -1.383199686382452833E-14 ) ) ;
#2254 = ORIENTED_EDGE ( 'NONE', *, *, #1721, .T. ) ;
#2255 = ORIENTED_EDGE ( 'NONE', *, *, #486, .F. ) ;
#2256 = CARTESIAN_POINT ( 'NONE',  ( -24.90697355083186437, -207.1025609567692243, 22.01834128710036254 ) ) ;
#2257 = EDGE_CURVE ( 'NONE', #2925, #2761, #1140, .T. ) ;
#2258 = CARTESIAN_POINT ( 'NONE',  ( -24.60879313406300284, -223.8958217684005092, -39.31013369693524595 ) ) ;
#2259 = ORIENTED_EDGE ( 'NONE', *, *, #2403, .F. ) ;
#2260 = DIRECTION ( 'NONE',  ( 7.092966786403880877E-16, 1.383246298583668343E-14, 1.000000000000000000 ) ) ;
#2261 = DIRECTION ( 'NONE',  ( 1.000000000000000000, 0.000000000000000000, 3.777591184356041429E-17 ) ) ;
#2262 = DIRECTION ( 'NONE',  ( 0.000000000000000000, 0.7071067811865567876, -0.7071067811865383579 ) ) ;
#2263 = CARTESIAN_POINT ( 'NONE',  ( -24.20879313406303268, -223.4958217684005319, -39.31013369693525306 ) ) ;
#2264 = FACE_OUTER_BOUND ( 'NONE', #1733, .T. ) ;
#2265 = B_SPLINE_CURVE_WITH_KNOTS ( 'NONE', 3,
 ( #50, #727, #1185, #73 ),
 .UNSPECIFIED., .F., .F.,
 ( 4, 4 ),
 ( 0.000000000000000000, 0.0008506401776745685806 ),
 .UNSPECIFIED. ) ;
#2266 = ORIENTED_EDGE ( 'NONE', *, *, #1115, .F. ) ;
#2267 = ADVANCED_FACE ( 'NONE', ( #2333 ), #2794, .T. ) ;
#2268 = VERTEX_POINT ( 'NONE', #1179 ) ;
#2269 = CARTESIAN_POINT ( 'NONE',  ( -21.20879313406309308, -203.8893902868810812, 0.4000000000000739631 ) ) ;
#2270 = DIRECTION ( 'NONE',  ( -8.060240031541825280E-16, 0.000000000000000000, -1.000000000000000000 ) ) ;
#2271 = VECTOR ( 'NONE', #1786, 1000.000000000000000 ) ;
#2272 = EDGE_CURVE ( 'NONE', #92, #805, #1097, .T. ) ;
#2273 = EDGE_CURVE ( 'NONE', #920, #313, #1886, .T. ) ;
#2274 = CARTESIAN_POINT ( 'NONE',  ( -26.40879313406306395, -218.5460258671524798, -39.71013369693520190 ) ) ;
#2275 = AXIS2_PLACEMENT_3D ( 'NONE', #1224, #2750, #2530 ) ;
#2276 = ORIENTED_EDGE ( 'NONE', *, *, #1956, .T. ) ;
#2277 = ORIENTED_EDGE ( 'NONE', *, *, #1251, .F. ) ;
#2278 = VECTOR ( 'NONE', #2533, 1000.000000000000000 ) ;
#2279 = LINE ( 'NONE', #467, #2690 ) ;
#2280 = LINE ( 'NONE', #2020, #2743 ) ;
#2281 = CIRCLE ( 'NONE', #1101, 61.70690678486427316 ) ;
#2282 = EDGE_LOOP ( 'NONE', ( #2049, #2299, #996, #80 ) ) ;
#2283 = UNCERTAINTY_MEASURE_WITH_UNIT (LENGTH_MEASURE( 1.000000000000000082E-05 ), #880, 'distance_accuracy_value', 'NONE');
#2284 = LINE ( 'NONE', #241, #892 ) ;
#2285 =( NAMED_UNIT ( * ) SI_UNIT ( $, .STERADIAN. ) SOLID_ANGLE_UNIT ( ) );
#2286 = VERTEX_POINT ( 'NONE', #1206 ) ;
#2287 = EDGE_LOOP ( 'NONE', ( #2369, #869, #1760, #1500, #129, #2911, #97 ) ) ;
#2288 = DIRECTION ( 'NONE',  ( 0.7071067811865505703, -0.7071067811865444641, 7.084033647788217369E-27 ) ) ;
#2289 = FACE_OUTER_BOUND ( 'NONE', #2229, .T. ) ;
#2290 = ORIENTED_EDGE ( 'NONE', *, *, #2885, .F. ) ;
#2291 = EDGE_CURVE ( 'NONE', #1897, #2673, #1434, .T. ) ;
#2292 = PLANE ( 'NONE',  #1615 ) ;
#2293 = ADVANCED_FACE ( 'NONE', ( #2104 ), #2345, .T. ) ;
#2294 = ORIENTED_EDGE ( 'NONE', *, *, #969, .F. ) ;
#2295 = PLANE ( 'NONE',  #2314 ) ;
#2296 = VERTEX_POINT ( 'NONE', #1642 ) ;
#2297 = DIRECTION ( 'NONE',  ( 1.000000000000000000, 6.672963584753483264E-42, -6.685199438412440354E-68 ) ) ;
#2298 = CARTESIAN_POINT ( 'NONE',  ( -26.80879313406303410, -223.8958217684005092, -14.19013369693509397 ) ) ;
#2299 = ORIENTED_EDGE ( 'NONE', *, *, #2565, .T. ) ;
#2300 = LINE ( 'NONE', #916, #2317 ) ;
#2301 = CARTESIAN_POINT ( 'NONE',  ( -20.20879313406308597, -217.2890843271044901, 1.400000000000081624 ) ) ;
#2302 = LINE ( 'NONE', #1862, #1512 ) ;
#2303 = PLANE ( 'NONE',  #843 ) ;
#2304 = ORIENTED_EDGE ( 'NONE', *, *, #1167, .T. ) ;
#2305 = CARTESIAN_POINT ( 'NONE',  ( -17.40000000015295711, -214.9000000003034074, -38.71013369693517348 ) ) ;
#2306 = EDGE_CURVE ( 'NONE', #346, #1485, #1675, .T. ) ;
#2307 = DIRECTION ( 'NONE',  ( 7.092966786403880877E-16, 1.383246298583668343E-14, 1.000000000000000000 ) ) ;
#2308 = VERTEX_POINT ( 'NONE', #2573 ) ;
#2309 = LINE ( 'NONE', #1662, #459 ) ;
#2310 = MECHANICAL_DESIGN_GEOMETRIC_PRESENTATION_REPRESENTATION (  '', ( #601 ), #543 ) ;
#2311 = DIRECTION ( 'NONE',  ( -0.5683506747483952903, 0.000000000000000000, -0.8227864306811603079 ) ) ;
#2312 = VECTOR ( 'NONE', #2141, 1000.000000000000114 ) ;
#2313 = CARTESIAN_POINT ( 'NONE',  ( -18.40000000015293224, -214.9000000003034074, -57.86969363844725933 ) ) ;
#2314 = AXIS2_PLACEMENT_3D ( 'NONE', #107, #263, #338 ) ;
#2315 = ORIENTED_EDGE ( 'NONE', *, *, #1549, .F. ) ;
#2316 = CARTESIAN_POINT ( 'NONE',  ( -26.80879313406301279, -219.5927419206600177, -14.79013369693338298 ) ) ;
#2317 = VECTOR ( 'NONE', #2500, 1000.000000000000000 ) ;
#2318 = ORIENTED_EDGE ( 'NONE', *, *, #1302, .F. ) ;
#2319 = AXIS2_PLACEMENT_3D ( 'NONE', #2365, #1025, #712 ) ;
#2320 = ORIENTED_EDGE ( 'NONE', *, *, #352, .F. ) ;
#2321 = DIRECTION ( 'NONE',  ( 0.7071067811865459074, 0.000000000000000000, -0.7071067811865491270 ) ) ;
#2322 = AXIS2_PLACEMENT_3D ( 'NONE', #453, #695, #2510 ) ;
#2323 = VECTOR ( 'NONE', #2086, 1000.000000000000000 ) ;
#2324 = DIRECTION ( 'NONE',  ( -0.9897199198086936711, -0.1430191607228663009, 0.000000000000000000 ) ) ;
#2325 = DIRECTION ( 'NONE',  ( 8.075019659248373363E-42, -1.000000000000000000, 1.001833646100949020E-26 ) ) ;
#2326 = EDGE_CURVE ( 'NONE', #1395, #145, #70, .T. ) ;
#2327 = ADVANCED_FACE ( 'NONE', ( #279 ), #1899, .T. ) ;
#2328 = LINE ( 'NONE', #1190, #414 ) ;
#2329 = LINE ( 'NONE', #2679, #2702 ) ;
#2330 = EDGE_CURVE ( 'NONE', #668, #346, #2063, .T. ) ;
#2331 = DIRECTION ( 'NONE',  ( 0.7071067811865426878, -0.000000000000000000, -0.7071067811865524577 ) ) ;
#2332 = EDGE_LOOP ( 'NONE', ( #2064, #2153, #1310, #2361, #2349, #632, #1342, #1247, #2065, #226, #2466 ) ) ;
#2333 = FACE_OUTER_BOUND ( 'NONE', #1045, .T. ) ;
#2334 = CARTESIAN_POINT ( 'NONE',  ( -26.40879313406306039, -223.8958217684005092, -39.31013369693523174 ) ) ;
#2335 = ORIENTED_EDGE ( 'NONE', *, *, #1754, .F. ) ;
#2336 = ORIENTED_EDGE ( 'NONE', *, *, #2582, .F. ) ;
#2337 = CARTESIAN_POINT ( 'NONE',  ( -26.80879313406303410, -218.9897587435506523, 25.92000000000001236 ) ) ;
#2338 = EDGE_CURVE ( 'NONE', #732, #729, #29, .T. ) ;
#2339 = PLANE ( 'NONE',  #1269 ) ;
#2340 = LINE ( 'NONE', #510, #95 ) ;
#2341 = VERTEX_POINT ( 'NONE', #484 ) ;
#2342 = ORIENTED_EDGE ( 'NONE', *, *, #1407, .F. ) ;
#2343 = EDGE_CURVE ( 'NONE', #1476, #1090, #1959, .T. ) ;
#2344 = DIRECTION ( 'NONE',  ( 0.5476863184084939107, 0.6325182947996794702, -0.5476863184084986846 ) ) ;
#2345 = CYLINDRICAL_SURFACE ( 'NONE', #1002, 5.051934289618489338 ) ;
#2346 = ORIENTED_EDGE ( 'NONE', *, *, #1063, .T. ) ;
#2347 = FACE_OUTER_BOUND ( 'NONE', #1923, .T. ) ;
#2348 =( NAMED_UNIT ( * ) PLANE_ANGLE_UNIT ( ) SI_UNIT ( $, .RADIAN. ) );
#2349 = ORIENTED_EDGE ( 'NONE', *, *, #2614, .T. ) ;
#2350 = CARTESIAN_POINT ( 'NONE',  ( -24.20879313406303268, -223.4958217684005035, 0.8000000000000784262 ) ) ;
#2351 = CARTESIAN_POINT ( 'NONE',  ( -24.60879313406304192, -218.3255914873753625, 0.4000000000000738520 ) ) ;
#2352 = VECTOR ( 'NONE', #1111, 1000.000000000000114 ) ;
#2353 = DIRECTION ( 'NONE',  ( -1.000000000000000000, -1.498193400648686194E-41, -2.990902544508316193E-16 ) ) ;
#2354 = VECTOR ( 'NONE', #2703, 1000.000000000000000 ) ;
#2355 = EDGE_CURVE ( 'NONE', #4, #13, #1971, .T. ) ;
#2356 = ADVANCED_FACE ( 'NONE', ( #385 ), #1474, .T. ) ;
#2357 = FACE_OUTER_BOUND ( 'NONE', #1134, .T. ) ;
#2358 = VECTOR ( 'NONE', #2478, 1000.000000000000114 ) ;
#2359 = DIRECTION ( 'NONE',  ( 0.000000000000000000, -1.000000000000000000, 0.000000000000000000 ) ) ;
#2360 = CARTESIAN_POINT ( 'NONE',  ( -22.60879313334359253, -223.4958217684005319, -13.79013369693512203 ) ) ;
#2361 = ORIENTED_EDGE ( 'NONE', *, *, #1678, .T. ) ;
#2362 = VERTEX_POINT ( 'NONE', #2627 ) ;
#2363 = VECTOR ( 'NONE', #41, 1000.000000000000000 ) ;
#2364 = PLANE ( 'NONE',  #1084 ) ;
#2365 = CARTESIAN_POINT ( 'NONE',  ( -22.30000000011605010, -214.9000000003034074, -6.695066848467074117 ) ) ;
#2366 = VECTOR ( 'NONE', #472, 1000.000000000000000 ) ;
#2367 = DIRECTION ( 'NONE',  ( 1.000000000000000000, 1.498193400648686449E-41, 2.990902544508316686E-16 ) ) ;
#2368 = CONICAL_SURFACE ( 'NONE', #2322, 61.70690678486601399, 0.7853981633974380649 ) ;
#2369 = ORIENTED_EDGE ( 'NONE', *, *, #1026, .F. ) ;
#2370 = DIRECTION ( 'NONE',  ( -5.667515401106600551E-46, 1.000000000000000000, -7.031447424553278039E-31 ) ) ;
#2371 = LINE ( 'NONE', #1428, #2938 ) ;
#2372 = VECTOR ( 'NONE', #1682, 1000.000000000000000 ) ;
#2373 = ORIENTED_EDGE ( 'NONE', *, *, #90, .T. ) ;
#2374 = CARTESIAN_POINT ( 'NONE',  ( -26.40879313406302487, -223.8958217684005092, 0.4000000000000739075 ) ) ;
#2375 = ORIENTED_EDGE ( 'NONE', *, *, #1696, .F. ) ;
#2376 = CARTESIAN_POINT ( 'NONE',  ( -26.67527740567376426, -218.8421772141020369, -39.44364942532449447 ) ) ;
#2377 = ORIENTED_EDGE ( 'NONE', *, *, #2706, .T. ) ;
#2378 = ORIENTED_EDGE ( 'NONE', *, *, #1011, .F. ) ;
#2379 = LINE ( 'NONE', #2155, #938 ) ;
#2380 = EDGE_CURVE ( 'NONE', #974, #2165, #1853, .T. ) ;
#2381 = DIRECTION ( 'NONE',  ( -0.1430191607228619988, 0.9897199198086942262, -0.000000000000000000 ) ) ;
#2382 = ORIENTED_EDGE ( 'NONE', *, *, #302, .F. ) ;
#2383 = EDGE_LOOP ( 'NONE', ( #2936, #2134, #233, #1826 ) ) ;
#2384 = ADVANCED_FACE ( 'NONE', ( #1489 ), #45, .F. ) ;
#2385 = CARTESIAN_POINT ( 'NONE',  ( -22.30000000011605010, -211.6000000003033961, -9.695066848467071452 ) ) ;
#2386 = LINE ( 'NONE', #581, #1599 ) ;
#2387 = ORIENTED_EDGE ( 'NONE', *, *, #88, .T. ) ;
#2388 = LINE ( 'NONE', #1690, #1703 ) ;
#2389 = DIRECTION ( 'NONE',  ( -7.092966786403880877E-16, -1.383246298583668343E-14, -1.000000000000000000 ) ) ;
#2390 = DIRECTION ( 'NONE',  ( -0.5683506747484436961, 0.000000000000000000, -0.8227864306811267792 ) ) ;
#2391 = ORIENTED_EDGE ( 'NONE', *, *, #857, .F. ) ;
#2392 = DIRECTION ( 'NONE',  ( -6.685199438412439531E-68, 1.001833646100949020E-26, 1.000000000000000000 ) ) ;
#2393 = ORIENTED_EDGE ( 'NONE', *, *, #2440, .T. ) ;
#2394 = ORIENTED_EDGE ( 'NONE', *, *, #1586, .F. ) ;
#2395 = CARTESIAN_POINT ( 'NONE',  ( -27.75481562224729970, -219.0234836992775627, -14.13615618529726881 ) ) ;
#2396 = CARTESIAN_POINT ( 'NONE',  ( -38.13363046701054060, -214.9000000003034074, -3.189177413830338370 ) ) ;
#2397 = DIRECTION ( 'NONE',  ( 2.114887471089985678E-16, 0.7071067811865291430, -0.7071067811865660024 ) ) ;
#2398 = ORIENTED_EDGE ( 'NONE', *, *, #1129, .T. ) ;
#2399 = PLANE ( 'NONE',  #1454 ) ;
#2400 = EDGE_CURVE ( 'NONE', #2761, #2610, #2192, .T. ) ;
#2401 = FACE_OUTER_BOUND ( 'NONE', #2557, .T. ) ;
#2402 = CARTESIAN_POINT ( 'NONE',  ( -17.40000000015295356, -213.9000000003034359, -39.71013369693529427 ) ) ;
#2403 = EDGE_CURVE ( 'NONE', #149, #1485, #1902, .T. ) ;
#2404 = ADVANCED_FACE ( 'NONE', ( #163 ), #1852, .T. ) ;
#2405 = DIRECTION ( 'NONE',  ( 6.672963584753481990E-42, -1.000000000000000000, 1.001833646100948877E-26 ) ) ;
#2406 = CARTESIAN_POINT ( 'NONE',  ( -24.20879313406303268, -223.8958217684005092, -14.19013369693509397 ) ) ;
#2407 = ORIENTED_EDGE ( 'NONE', *, *, #2524, .F. ) ;
#2408 = CARTESIAN_POINT ( 'NONE',  ( -38.40879313388516891, -212.9958217684004751, -39.71013369693524453 ) ) ;
#2409 = LINE ( 'NONE', #2199, #321 ) ;
#2410 = ORIENTED_EDGE ( 'NONE', *, *, #986, .T. ) ;
#2411 = CARTESIAN_POINT ( 'NONE',  ( -28.01290516596167635, -211.4935672998547602, 1.462756875788055355 ) ) ;
#2412 = DIRECTION ( 'NONE',  ( -0.7071067811865487940, -0.000000000000000000, -0.7071067811865463515 ) ) ;
#2413 = VECTOR ( 'NONE', #643, 1000.000000000000227 ) ;
#2414 = B_SPLINE_CURVE_WITH_KNOTS ( 'NONE', 3,
 ( #1757, #855, #2162, #123 ),
 .UNSPECIFIED., .F., .F.,
 ( 4, 4 ),
 ( 0.005236158169578268400, 0.006061839373417061451 ),
 .UNSPECIFIED. ) ;
#2415 = AXIS2_PLACEMENT_3D ( 'NONE', #2939, #1590, #1132 ) ;
#2416 = EDGE_LOOP ( 'NONE', ( #873, #1870, #1151, #460, #1503 ) ) ;
#2417 = LINE ( 'NONE', #2385, #323 ) ;
#2418 = DIRECTION ( 'NONE',  ( -8.060240031541825280E-16, -1.164742409912037502E-16, -1.000000000000000000 ) ) ;
#2419 = CARTESIAN_POINT ( 'NONE',  ( -27.40879313388516536, -218.6453701867783934, -39.71013369693519479 ) ) ;
#2420 = DIRECTION ( 'NONE',  ( -0.1011298183867353206, 0.6998376667720747069, -0.7071067811866071917 ) ) ;
#2421 = VECTOR ( 'NONE', #2194, 1000.000000000000000 ) ;
#2422 = DIRECTION ( 'NONE',  ( -1.000000000000000000, 0.000000000000000000, -2.990902544508316686E-16 ) ) ;
#2423 = CARTESIAN_POINT ( 'NONE',  ( -20.20879313406308597, -214.9000000003034074, 1.400000000000081624 ) ) ;
#2424 = EDGE_CURVE ( 'NONE', #1550, #2493, #1982, .T. ) ;
#2425 = ADVANCED_FACE ( 'NONE', ( #1505 ), #364, .F. ) ;
#2426 = AXIS2_PLACEMENT_3D ( 'NONE', #2073, #1821, #42 ) ;
#2427 = ORIENTED_EDGE ( 'NONE', *, *, #1780, .T. ) ;
#2428 = CARTESIAN_POINT ( 'NONE',  ( -24.60879313406300994, -223.4958217684005319, -39.71013369693521611 ) ) ;
#2429 = AXIS2_PLACEMENT_3D ( 'NONE', #2298, #913, #2476 ) ;
#2430 = EDGE_CURVE ( 'NONE', #166, #1952, #99, .T. ) ;
#2431 = CARTESIAN_POINT ( 'NONE',  ( -21.20879313406308597, -213.9000000003034074, 26.32000000000001805 ) ) ;
#2432 = CARTESIAN_POINT ( 'NONE',  ( -27.40879313388516181, -213.9000000003034074, 26.32000000000001805 ) ) ;
#2433 = VERTEX_POINT ( 'NONE', #1928 ) ;
#2434 = VERTEX_POINT ( 'NONE', #1736 ) ;
#2435 = DIRECTION ( 'NONE',  ( 0.5773502691896207351, 0.5773502691896242878, 0.5773502691896321704 ) ) ;
#2436 = CARTESIAN_POINT ( 'NONE',  ( -26.40879313406302487, -223.8958217684005092, 25.92000000000001236 ) ) ;
#2437 = CARTESIAN_POINT ( 'NONE',  ( -26.60879313406302771, -223.4958217684005035, 26.12000000000001521 ) ) ;
#2438 = CARTESIAN_POINT ( 'NONE',  ( -31.43618604402190897, -225.9241163470648246, 1.862756875788149635 ) ) ;
#2439 = DIRECTION ( 'NONE',  ( 0.7071067811865474617, 4.910394106148414470E-14, -0.7071067811865474617 ) ) ;
#2440 = EDGE_CURVE ( 'NONE', #1208, #1738, #2156, .T. ) ;
#2441 = ORIENTED_EDGE ( 'NONE', *, *, #1936, .T. ) ;
#2442 = LINE ( 'NONE', #198, #1944 ) ;
#2443 = CARTESIAN_POINT ( 'NONE',  ( -21.20879313406309308, -214.9000000003034074, -13.79013369693512203 ) ) ;
#2444 = LINE ( 'NONE', #200, #2413 ) ;
#2445 = CARTESIAN_POINT ( 'NONE',  ( -38.40879313388516181, -212.9958217684004751, -39.31013369693505410 ) ) ;
#2446 = CARTESIAN_POINT ( 'NONE',  ( -22.60879313334359253, -214.9000000003034074, 0.4000000000000739075 ) ) ;
#2447 = CARTESIAN_POINT ( 'NONE',  ( -27.17909866223516246, -211.3730783574969507, 25.92000000000001947 ) ) ;
#2448 = CARTESIAN_POINT ( 'NONE',  ( -21.20879313406306110, -217.7612560154895789, -39.71013369693525163 ) ) ;
#2449 = VERTEX_POINT ( 'NONE', #1940 ) ;
#2450 = ORIENTED_EDGE ( 'NONE', *, *, #2440, .F. ) ;
#2451 = DIRECTION ( 'NONE',  ( -6.672963584753474343E-42, 1.000000000000000000, -1.001833646100948877E-26 ) ) ;
#2452 = DIRECTION ( 'NONE',  ( 0.7071067811865475727, 7.084033647788251807E-27, 0.7071067811865475727 ) ) ;
#2453 = ADVANCED_FACE ( 'NONE', ( #2172 ), #2599, .F. ) ;
#2454 = EDGE_CURVE ( 'NONE', #1793, #1476, #1065, .T. ) ;
#2455 = EDGE_LOOP ( 'NONE', ( #2237, #2407, #1844, #2787, #1613 ) ) ;
#2456 = VECTOR ( 'NONE', #2879, 1000.000000000000000 ) ;
#2457 = VERTEX_POINT ( 'NONE', #325 ) ;
#2458 = LINE ( 'NONE', #2898, #1519 ) ;
#2459 = B_SPLINE_CURVE_WITH_KNOTS ( 'NONE', 3,
 ( #1950, #65, #772, #1243 ),
 .UNSPECIFIED., .F., .F.,
 ( 4, 4 ),
 ( 0.000000000000000000, 0.0008528209506286214044 ),
 .UNSPECIFIED. ) ;
#2460 = VECTOR ( 'NONE', #57, 1000.000000000000114 ) ;
#2461 = EDGE_LOOP ( 'NONE', ( #2494, #2441, #809 ) ) ;
#2462 = CARTESIAN_POINT ( 'NONE',  ( -27.40879313388511918, -218.6453701867778818, 0.4000000000000737410 ) ) ;
#2463 = CONICAL_SURFACE ( 'NONE', #2838, 61.70690678486599978, 0.7853981633974431720 ) ;
#2464 = FACE_OUTER_BOUND ( 'NONE', #976, .T. ) ;
#2465 = AXIS2_PLACEMENT_3D ( 'NONE', #2827, #595, #1946 ) ;
#2466 = ORIENTED_EDGE ( 'NONE', *, *, #1661, .T. ) ;
#2467 = AXIS2_PLACEMENT_3D ( 'NONE', #2501, #1830, #462 ) ;
#2468 = ORIENTED_EDGE ( 'NONE', *, *, #2799, .F. ) ;
#2469 = VECTOR ( 'NONE', #124, 1000.000000000000000 ) ;
#2470 = DIRECTION ( 'NONE',  ( -1.000000000000000000, -7.821532472520555999E-16, 7.821532472520555013E-16 ) ) ;
#2471 = EDGE_CURVE ( 'NONE', #1444, #1432, #946, .T. ) ;
#2472 = DIRECTION ( 'NONE',  ( 3.738628180635416196E-17, -1.001833646100948877E-26, -1.000000000000000000 ) ) ;
#2473 = DIRECTION ( 'NONE',  ( 8.060240031541825280E-16, 1.164742409912037502E-16, 1.000000000000000000 ) ) ;
#2474 = ADVANCED_FACE ( 'NONE', ( #1053 ), #2825, .T. ) ;
#2475 = CARTESIAN_POINT ( 'NONE',  ( -17.40000000015289672, -213.9000000003034359, 26.32000000000001805 ) ) ;
#2476 = DIRECTION ( 'NONE',  ( 6.672963584753481990E-42, -1.000000000000000000, 1.001833646100948877E-26 ) ) ;
#2477 = ORIENTED_EDGE ( 'NONE', *, *, #819, .T. ) ;
#2478 = DIRECTION ( 'NONE',  ( 0.4888429111812214178, 0.6539872130664953209, 0.5773502691896721384 ) ) ;
#2479 = CARTESIAN_POINT ( 'NONE',  ( -27.92826908161825372, -219.2117273776302682, -39.19065774920209577 ) ) ;
#2480 = DIRECTION ( 'NONE',  ( 0.6036029735798907891, -0.5208904880788518543, 0.6036029735798931206 ) ) ;
#2481 = CARTESIAN_POINT ( 'NONE',  ( -27.40879313388515470, -214.9000000003034074, -13.79013369693512381 ) ) ;
#2482 = PLANE ( 'NONE',  #357 ) ;
#2483 = EDGE_CURVE ( 'NONE', #2286, #1219, #2934, .T. ) ;
#2484 = DIRECTION ( 'NONE',  ( 0.000000000000000000, 0.000000000000000000, -1.000000000000000000 ) ) ;
#2485 = DIRECTION ( 'NONE',  ( -6.685199438412438707E-68, 1.001833646100949020E-26, 1.000000000000000000 ) ) ;
#2486 = ADVANCED_FACE ( 'NONE', ( #1300 ), #1174, .F. ) ;
#2487 = EDGE_CURVE ( 'NONE', #1358, #1579, #1375, .T. ) ;
#2488 = ORIENTED_EDGE ( 'NONE', *, *, #2098, .T. ) ;
#2489 = CARTESIAN_POINT ( 'NONE',  ( -24.20879313406303268, -223.4958217684005035, -39.71013369693522321 ) ) ;
#2490 = PLANE ( 'NONE',  #2842 ) ;
#2491 = CARTESIAN_POINT ( 'NONE',  ( -26.80879313406303410, -223.8958217684005092, -39.71013369693522321 ) ) ;
#2492 = FACE_OUTER_BOUND ( 'NONE', #914, .T. ) ;
#2493 = VERTEX_POINT ( 'NONE', #689 ) ;
#2494 = ORIENTED_EDGE ( 'NONE', *, *, #593, .T. ) ;
#2495 = CARTESIAN_POINT ( 'NONE',  ( -28.34984913630979619, -211.9443400186307258, -38.76907769451053554 ) ) ;
#2496 = AXIS2_PLACEMENT_3D ( 'NONE', #633, #2858, #402 ) ;
#2497 = VECTOR ( 'NONE', #2331, 1000.000000000000000 ) ;
#2498 = EDGE_CURVE ( 'NONE', #2150, #403, #703, .T. ) ;
#2499 = EDGE_CURVE ( 'NONE', #1594, #1957, #1619, .T. ) ;
#2500 = DIRECTION ( 'NONE',  ( 8.060240031541826266E-16, 1.164742409912037256E-16, 1.000000000000000000 ) ) ;
#2501 = CARTESIAN_POINT ( 'NONE',  ( -28.40879313388519734, -223.8958217684005092, -57.86969363844725223 ) ) ;
#2502 = AXIS2_PLACEMENT_3D ( 'NONE', #2269, #1840, #1802 ) ;
#2503 = ORIENTED_EDGE ( 'NONE', *, *, #1026, .T. ) ;
#2504 = VERTEX_POINT ( 'NONE', #11 ) ;
#2505 = ADVANCED_FACE ( 'NONE', ( #1621 ), #2490, .F. ) ;
#2506 = LINE ( 'NONE', #2742, #2550 ) ;
#2507 = AXIS2_PLACEMENT_3D ( 'NONE', #2107, #2083, #993 ) ;
#2508 = VERTEX_POINT ( 'NONE', #1589 ) ;
#2509 = ORIENTED_EDGE ( 'NONE', *, *, #2682, .T. ) ;
#2510 = DIRECTION ( 'NONE',  ( 0.000000000000000000, -1.000000000000000000, 2.775563159966081254E-14 ) ) ;
#2511 = AXIS2_PLACEMENT_3D ( 'NONE', #838, #2889, #808 ) ;
#2512 = B_SPLINE_CURVE_WITH_KNOTS ( 'NONE', 3,
 ( #1264, #1949, #183, #1283 ),
 .UNSPECIFIED., .F., .F.,
 ( 4, 4 ),
 ( 0.000000000000000000, 0.0007189567897963281429 ),
 .UNSPECIFIED. ) ;
#2513 = CARTESIAN_POINT ( 'NONE',  ( -26.80879313406303410, -223.4958217684005035, 0.8000000000000784262 ) ) ;
#2514 = ORIENTED_EDGE ( 'NONE', *, *, #2942, .T. ) ;
#2515 = DIRECTION ( 'NONE',  ( 0.000000000000000000, -1.001833646100948877E-26, -1.000000000000000000 ) ) ;
#2516 = CARTESIAN_POINT ( 'NONE',  ( -24.20879313406302913, -219.2794537025774275, -38.71013369693336870 ) ) ;
#2517 = ORIENTED_EDGE ( 'NONE', *, *, #1808, .T. ) ;
#2518 = PLANE ( 'NONE',  #2502 ) ;
#2519 = LINE ( 'NONE', #478, #93 ) ;
#2520 = EDGE_CURVE ( 'NONE', #1297, #1793, #2519, .T. ) ;
#2521 = DIRECTION ( 'NONE',  ( -1.071517966896625849E-14, -1.001833646100948877E-26, -1.000000000000000000 ) ) ;
#2522 = CARTESIAN_POINT ( 'NONE',  ( -28.40879313388518312, -212.0231968861838823, -38.71013369693515216 ) ) ;
#2523 = ORIENTED_EDGE ( 'NONE', *, *, #56, .T. ) ;
#2524 = EDGE_CURVE ( 'NONE', #2610, #216, #2935, .T. ) ;
#2525 = ORIENTED_EDGE ( 'NONE', *, *, #379, .T. ) ;
#2526 = DIRECTION ( 'NONE',  ( -6.672963584753481990E-42, 1.000000000000000000, -1.001833646100948877E-26 ) ) ;
#2527 = CARTESIAN_POINT ( 'NONE',  ( -33.00879313331842013, -157.1930932154384379, -39.71013369693513084 ) ) ;
#2528 = ORIENTED_EDGE ( 'NONE', *, *, #1047, .T. ) ;
#2529 = DIRECTION ( 'NONE',  ( 0.000000000000000000, -1.000000000000000000, 0.000000000000000000 ) ) ;
#2530 = DIRECTION ( 'NONE',  ( 0.7071067811865474617, 0.000000000000000000, -0.7071067811865474617 ) ) ;
#2531 = PLANE ( 'NONE',  #650 ) ;
#2532 = CARTESIAN_POINT ( 'NONE',  ( -22.30000000011605010, -214.9000000003034074, -6.695066848467074117 ) ) ;
#2533 = DIRECTION ( 'NONE',  ( 1.000000000000000000, 1.236009555535166498E-41, 3.738628180635415579E-17 ) ) ;
#2534 = CARTESIAN_POINT ( 'NONE',  ( -28.40879313388519734, -218.7970501492622759, -57.86969363844716696 ) ) ;
#2535 = ORIENTED_EDGE ( 'NONE', *, *, #1679, .F. ) ;
#2536 = ADVANCED_FACE ( 'NONE', ( #24 ), #2214, .F. ) ;
#2537 = CARTESIAN_POINT ( 'NONE',  ( -26.40879313406306039, -223.8958217684005092, -39.71013369693522321 ) ) ;
#2538 = EDGE_CURVE ( 'NONE', #2848, #681, #1385, .T. ) ;
#2539 = VERTEX_POINT ( 'NONE', #1861 ) ;
#2540 = VERTEX_POINT ( 'NONE', #55 ) ;
#2541 = VERTEX_POINT ( 'NONE', #968 ) ;
#2542 = DIRECTION ( 'NONE',  ( -7.821532472520555013E-16, -7.031447424553277163E-31, -1.000000000000000000 ) ) ;
#2543 = DIRECTION ( 'NONE',  ( -8.075019659248373363E-42, 1.000000000000000000, -1.001833646100948877E-26 ) ) ;
#2544 = CARTESIAN_POINT ( 'NONE',  ( -24.20879313406303268, -218.6733979511577672, -39.31013369693525306 ) ) ;
#2545 = ORIENTED_EDGE ( 'NONE', *, *, #1918, .T. ) ;
#2546 = ORIENTED_EDGE ( 'NONE', *, *, #88, .F. ) ;
#2547 = FACE_OUTER_BOUND ( 'NONE', #621, .T. ) ;
#2548 = VECTOR ( 'NONE', #1960, 1000.000000000000000 ) ;
#2549 = LINE ( 'NONE', #2569, #563 ) ;
#2550 = VECTOR ( 'NONE', #450, 1000.000000000000114 ) ;
#2551 = EDGE_LOOP ( 'NONE', ( #25, #2161, #2658, #132, #2198, #2215 ) ) ;
#2552 = VERTEX_POINT ( 'NONE', #271 ) ;
#2553 = CARTESIAN_POINT ( 'NONE',  ( -26.80879313406303410, -218.9897587435480091, -39.31013369693523174 ) ) ;
#2554 = VECTOR ( 'NONE', #1876, 1000.000000000000227 ) ;
#2555 = VERTEX_POINT ( 'NONE', #2301 ) ;
#2556 = AXIS2_PLACEMENT_3D ( 'NONE', #1872, #2542, #1457 ) ;
#2557 = EDGE_LOOP ( 'NONE', ( #307, #2254, #1116, #952, #2103, #2410 ) ) ;
#2558 = CARTESIAN_POINT ( 'NONE',  ( -33.00879313331840592, -157.1930932154380969, -13.79013369693512558 ) ) ;
#2559 = EDGE_LOOP ( 'NONE', ( #2304, #723, #1645 ) ) ;
#2560 = VECTOR ( 'NONE', #2412, 1000.000000000000000 ) ;
#2561 = ADVANCED_FACE ( 'NONE', ( #447 ), #2756, .F. ) ;
#2562 = VECTOR ( 'NONE', #2669, 1000.000000000000227 ) ;
#2563 = ORIENTED_EDGE ( 'NONE', *, *, #481, .F. ) ;
#2564 = DIRECTION ( 'NONE',  ( -8.060240031541825280E-16, -1.164742409912037009E-16, -1.000000000000000000 ) ) ;
#2565 = EDGE_CURVE ( 'NONE', #539, #1218, #1356, .T. ) ;
#2566 = ORIENTED_EDGE ( 'NONE', *, *, #1598, .F. ) ;
#2567 = ORIENTED_EDGE ( 'NONE', *, *, #2380, .F. ) ;
#2568 = DIRECTION ( 'NONE',  ( 0.1430191607228683270, -0.9897199198086933380, -0.000000000000000000 ) ) ;
#2569 = CARTESIAN_POINT ( 'NONE',  ( -32.65403023421097117, -212.1642315946576502, -33.83520212495930224 ) ) ;
#2570 = CARTESIAN_POINT ( 'NONE',  ( -24.20879313406303268, -223.4958217684005319, -39.71013369693522321 ) ) ;
#2571 = ORIENTED_EDGE ( 'NONE', *, *, #2087, .T. ) ;
#2572 = ORIENTED_EDGE ( 'NONE', *, *, #1187, .F. ) ;
#2573 = CARTESIAN_POINT ( 'NONE',  ( -27.41989147083998191, -219.6504413558535305, -38.71013369693340422 ) ) ;
#2574 = CARTESIAN_POINT ( 'NONE',  ( -24.20879313406298294, -219.0774448240201195, 25.52000980272869768 ) ) ;
#2575 = FACE_OUTER_BOUND ( 'NONE', #2780, .T. ) ;
#2576 = CARTESIAN_POINT ( 'NONE',  ( 0.000000000000000000, 0.000000000000000000, 0.000000000000000000 ) ) ;
#2577 = DIRECTION ( 'NONE',  ( 0.000000000000000000, -1.001833646100948733E-26, -1.000000000000000000 ) ) ;
#2578 = EDGE_LOOP ( 'NONE', ( #2241, #2427, #199, #2546, #2865 ) ) ;
#2579 = DIRECTION ( 'NONE',  ( -6.672963584753481990E-42, 1.000000000000000000, 0.000000000000000000 ) ) ;
#2580 = LINE ( 'NONE', #2133, #2800 ) ;
#2581 = EDGE_CURVE ( 'NONE', #2705, #1556, #1877, .T. ) ;
#2582 = EDGE_CURVE ( 'NONE', #805, #2034, #1535, .T. ) ;
#2583 = CARTESIAN_POINT ( 'NONE',  ( -22.60879313334361029, -214.9000000003034074, -57.86969363844725933 ) ) ;
#2584 = CARTESIAN_POINT ( 'NONE',  ( -27.58165441742309554, -218.8347001656059945, -13.96299498047306642 ) ) ;
#2585 = DIRECTION ( 'NONE',  ( 6.672963584753481990E-42, -1.000000000000000000, 1.001833646100948877E-26 ) ) ;
#2586 = CARTESIAN_POINT ( 'NONE',  ( -26.80879313406303410, -223.8958217684005092, -39.31013369693523174 ) ) ;
#2587 = CARTESIAN_POINT ( 'NONE',  ( -26.80879313406303410, -218.9897587435475259, 0.8000000000000784262 ) ) ;
#2588 = LINE ( 'NONE', #507, #408 ) ;
#2589 = CARTESIAN_POINT ( 'NONE',  ( -27.40879313388516181, -213.9000000003034074, 26.32000000000001805 ) ) ;
#2590 = CARTESIAN_POINT ( 'NONE',  ( -26.80879313406303410, -218.9897587435506523, 25.92000000000001236 ) ) ;
#2591 = EDGE_LOOP ( 'NONE', ( #2832, #1018, #1572, #1926, #110 ) ) ;
#2592 = ADVANCED_FACE ( 'NONE', ( #1093 ), #1998, .F. ) ;
#2593 = VECTOR ( 'NONE', #227, 1000.000000000000114 ) ;
#2594 = DIRECTION ( 'NONE',  ( -1.000000000000000000, -1.236009555535166498E-41, -3.738628180635416196E-17 ) ) ;
#2595 = AXIS2_PLACEMENT_3D ( 'NONE', #1315, #1560, #607 ) ;
#2596 = EDGE_CURVE ( 'NONE', #2605, #1339, #316, .T. ) ;
#2597 = CARTESIAN_POINT ( 'NONE',  ( -33.00879313331842724, -157.1930932154385232, -45.81013369694327508 ) ) ;
#2598 = VECTOR ( 'NONE', #1145, 1000.000000000000000 ) ;
#2599 = PLANE ( 'NONE',  #752 ) ;
#2600 = DIRECTION ( 'NONE',  ( -8.060240031541825280E-16, -1.164742409912037502E-16, -1.000000000000000000 ) ) ;
#2601 = CIRCLE ( 'NONE', #2319, 3.599999999999984990 ) ;
#2602 = LINE ( 'NONE', #280, #2072 ) ;
#2603 = DIRECTION ( 'NONE',  ( 0.000000000000000000, -2.775557561562927323E-14, -1.000000000000000000 ) ) ;
#2604 = VECTOR ( 'NONE', #256, 1000.000000000000000 ) ;
#2605 = VERTEX_POINT ( 'NONE', #1909 ) ;
#2606 = LINE ( 'NONE', #2112, #1803 ) ;
#2607 = DIRECTION ( 'NONE',  ( -0.5311441953356496048, -0.7105790103505467137, 0.4614794836289941582 ) ) ;
#2608 = ORIENTED_EDGE ( 'NONE', *, *, #794, .T. ) ;
#2609 = CARTESIAN_POINT ( 'NONE',  ( -22.60879313334359253, -223.4958217684005035, 0.4000000000000739075 ) ) ;
#2610 = VERTEX_POINT ( 'NONE', #1229 ) ;
#2611 = PLANE ( 'NONE',  #131 ) ;
#2612 = CARTESIAN_POINT ( 'NONE',  ( -28.40879313388518312, -212.9958217684004751, -38.71013369693515216 ) ) ;
#2613 = CARTESIAN_POINT ( 'NONE',  ( 15.11213355096479383, -234.6152760529549539, -7.192133551118015333 ) ) ;
#2614 = EDGE_CURVE ( 'NONE', #546, #1297, #2580, .T. ) ;
#2615 = EDGE_CURVE ( 'NONE', #603, #1068, #999, .T. ) ;
#2616 = ORIENTED_EDGE ( 'NONE', *, *, #1953, .T. ) ;
#2617 = ORIENTED_EDGE ( 'NONE', *, *, #428, .F. ) ;
#2618 = LINE ( 'NONE', #2158, #2652 ) ;
#2619 = ORIENTED_EDGE ( 'NONE', *, *, #2338, .F. ) ;
#2620 = EDGE_LOOP ( 'NONE', ( #2320, #1915, #2318, #1788 ) ) ;
#2621 = DIRECTION ( 'NONE',  ( 0.7071067811865444641, 0.7071067811865505703, 0.000000000000000000 ) ) ;
#2622 = CARTESIAN_POINT ( 'NONE',  ( -22.30000000011605010, -214.3000000003034131, -9.695066848467071452 ) ) ;
#2623 = PLANE ( 'NONE',  #991 ) ;
#2624 = ORIENTED_EDGE ( 'NONE', *, *, #463, .T. ) ;
#2625 = ORIENTED_EDGE ( 'NONE', *, *, #706, .T. ) ;
#2626 = CARTESIAN_POINT ( 'NONE',  ( -27.40879313388514760, -211.4062702837182428, -39.31013369693517490 ) ) ;
#2627 = CARTESIAN_POINT ( 'NONE',  ( -17.79588796807642836, -210.0171604947709341, -39.10602166485864473 ) ) ;
#2628 = DIRECTION ( 'NONE',  ( 0.6251553794895622351, -0.4672916680088732844, -0.6251553794895684524 ) ) ;
#2629 = ORIENTED_EDGE ( 'NONE', *, *, #1567, .F. ) ;
#2630 = EDGE_CURVE ( 'NONE', #1556, #377, #2371, .T. ) ;
#2631 = EDGE_CURVE ( 'NONE', #1175, #2693, #1921, .T. ) ;
#2632 = VERTEX_POINT ( 'NONE', #2831 ) ;
#2633 = CARTESIAN_POINT ( 'NONE',  ( -24.47556387651684773, -218.4417660232459468, -13.92336295448127892 ) ) ;
#2634 = CARTESIAN_POINT ( 'NONE',  ( -26.80879313406299502, -219.3917522973352163, 1.199995207357838822 ) ) ;
#2635 = EDGE_CURVE ( 'NONE', #2341, #1023, #929, .T. ) ;
#2636 = UNCERTAINTY_MEASURE_WITH_UNIT (LENGTH_MEASURE( 1.000000000000000082E-05 ), #2689, 'distance_accuracy_value', 'NONE');
#2637 = CARTESIAN_POINT ( 'NONE',  ( -24.20879313406303268, -218.8754263344388562, -14.39012379807171094 ) ) ;
#2638 = PLANE ( 'NONE',  #2747 ) ;
#2639 = ORIENTED_EDGE ( 'NONE', *, *, #813, .T. ) ;
#2640 = CARTESIAN_POINT ( 'NONE',  ( -37.02167913595820181, -214.9000000003034074, -13.34871234087835035 ) ) ;
#2641 = ORIENTED_EDGE ( 'NONE', *, *, #2240, .F. ) ;
#2642 = PLANE ( 'NONE',  #2595 ) ;
#2643 = DIRECTION ( 'NONE',  ( 0.000000000000000000, -1.000000000000000000, 2.775563159966083778E-14 ) ) ;
#2644 = AXIS2_PLACEMENT_3D ( 'NONE', #2527, #1180, #957 ) ;
#2645 = LINE ( 'NONE', #2613, #1357 ) ;
#2646 = CARTESIAN_POINT ( 'NONE',  ( -28.40879313388516181, -212.9958217684004467, -15.25289057278129334 ) ) ;
#2647 = VECTOR ( 'NONE', #2151, 999.9999999999998863 ) ;
#2648 = ORIENTED_EDGE ( 'NONE', *, *, #287, .T. ) ;
#2649 = CARTESIAN_POINT ( 'NONE',  ( -26.40879313406302487, -223.4958217684005035, 0.4000000000000737410 ) ) ;
#2650 = AXIS2_PLACEMENT_3D ( 'NONE', #2489, #2288, #2017 ) ;
#2651 = CARTESIAN_POINT ( 'NONE',  ( -33.35158546959601011, -212.6691863341957003, 1.862756875788152300 ) ) ;
#2652 = VECTOR ( 'NONE', #580, 1000.000000000000000 ) ;
#2653 = CARTESIAN_POINT ( 'NONE',  ( -27.41989147083998546, -219.6504413558536442, -45.81013369694241533 ) ) ;
#2654 = LINE ( 'NONE', #35, #1470 ) ;
#2655 = EDGE_CURVE ( 'NONE', #370, #488, #289, .T. ) ;
#2656 = VECTOR ( 'NONE', #1580, 1000.000000000000000 ) ;
#2657 = ORIENTED_EDGE ( 'NONE', *, *, #380, .F. ) ;
#2658 = ORIENTED_EDGE ( 'NONE', *, *, #1827, .F. ) ;
#2659 = CARTESIAN_POINT ( 'NONE',  ( -37.02167913595819471, -214.9000000003034074, -0.04142135611476509965 ) ) ;
#2660 = AXIS2_PLACEMENT_3D ( 'NONE', #2406, #354, #2183 ) ;
#2661 = FACE_OUTER_BOUND ( 'NONE', #2184, .T. ) ;
#2662 = CARTESIAN_POINT ( 'NONE',  ( -27.40879313388516181, -203.8893902868810812, 26.32000000000001805 ) ) ;
#2663 = EDGE_LOOP ( 'NONE', ( #2545, #1098, #2896, #161, #1746, #2346 ) ) ;
#2664 = ORIENTED_EDGE ( 'NONE', *, *, #2759, .F. ) ;
#2665 = LINE ( 'NONE', #351, #1993 ) ;
#2666 = DIRECTION ( 'NONE',  ( -1.000000000000000000, -7.047511934915657170E-42, -3.738628180635416196E-17 ) ) ;
#2667 = EDGE_LOOP ( 'NONE', ( #2294, #2336, #1577, #249 ) ) ;
#2668 = DIRECTION ( 'NONE',  ( 0.000000000000000000, -1.000000000000000000, 2.777464970255965825E-14 ) ) ;
#2669 = DIRECTION ( 'NONE',  ( 9.614813431917788267E-17, 0.7071067811865598962, -0.7071067811865351382 ) ) ;
#2670 = EDGE_CURVE ( 'NONE', #433, #2925, #2459, .T. ) ;
#2671 = ADVANCED_FACE ( 'NONE', ( #2113 ), #792, .T. ) ;
#2672 = DIRECTION ( 'NONE',  ( -0.8009674851589010380, 0.5987078483853587318, 5.758649765679543764E-16 ) ) ;
#2673 = VERTEX_POINT ( 'NONE', #2590 ) ;
#2674 = CARTESIAN_POINT ( 'NONE',  ( -28.40879313388518312, -212.9958217684004751, -38.71013369693515216 ) ) ;
#2675 = DIRECTION ( 'NONE',  ( -6.672963584753481990E-42, 1.000000000000000000, 0.000000000000000000 ) ) ;
#2676 = FACE_OUTER_BOUND ( 'NONE', #947, .T. ) ;
#2677 = CARTESIAN_POINT ( 'NONE',  ( -24.20879313406303268, -223.8958217684005092, 25.92000000000001236 ) ) ;
#2678 = EDGE_LOOP ( 'NONE', ( #711, #893, #1369, #2853 ) ) ;
#2679 = CARTESIAN_POINT ( 'NONE',  ( -29.90308459912656502, -209.6506625016497765, 23.82570853475862194 ) ) ;
#2680 = EDGE_LOOP ( 'NONE', ( #675, #823, #471, #2624, #476, #1817, #686, #1880, #783, #1373, #206, #1717, #21, #1350, #2735, #2862, #800, #2147 ) ) ;
#2681 = DIRECTION ( 'NONE',  ( -0.7071067811865535679, 0.000000000000000000, -0.7071067811865414665 ) ) ;
#2682 = EDGE_CURVE ( 'NONE', #1536, #1929, #299, .T. ) ;
#2683 = ORIENTED_EDGE ( 'NONE', *, *, #2016, .T. ) ;
#2684 = EDGE_LOOP ( 'NONE', ( #2657, #1887, #295, #2641 ) ) ;
#2685 = DIRECTION ( 'NONE',  ( -0.1011298183867496842, 0.6998376667721382116, 0.7071067811865423547 ) ) ;
#2686 = CARTESIAN_POINT ( 'NONE',  ( -18.06666666681956812, -214.2333333336367502, 25.98666666666667879 ) ) ;
#2687 = CLOSED_SHELL ( 'NONE', ( #2384, #773, #870, #2671, #2819, #1475, #2834, #2486, #501, #1530, #2760, #1654, #2536, #685, #1067, #2505, #831, #671, #340, #1898, #2561, #1048, #2050, #1267, #2592, #799, #495, #2293, #2356, #1322, #1838, #871, #1388, #524, #1319, #181, #2187, #1984, #2474, #248, #1150, #1149, #15, #721, #2115, #68, #1100, #429, #1446, #2906, #520, #2708, #1273, #1449, #1837, #126, #2267, #2327, #2453, #112, #1201, #669, #2941, #2867, #1119, #761, #2239, #195, #1660, #2188, #1492, #322, #927, #618, #2425, #2123, #38, #1740, #165, #1624, #719, #2143, #500, #740, #1354, #579, #1204, #464, #2851, #1445, #125, #2032, #735, #1250, #2404, #261, #2688, #624, #2914, #1973 ) ) ;
#2688 = ADVANCED_FACE ( 'NONE', ( #1934 ), #1463, .T. ) ;
#2689 =( LENGTH_UNIT ( ) NAMED_UNIT ( * ) SI_UNIT ( .MILLI., .METRE. ) );
#2690 = VECTOR ( 'NONE', #2920, 1000.000000000000114 ) ;
#2691 = ORIENTED_EDGE ( 'NONE', *, *, #2655, .F. ) ;
#2692 = PLANE ( 'NONE',  #1465 ) ;
#2693 = VERTEX_POINT ( 'NONE', #335 ) ;
#2694 = CARTESIAN_POINT ( 'NONE',  ( -28.01290516596170477, -211.4935672998547602, -15.25289057278127913 ) ) ;
#2695 = VECTOR ( 'NONE', #1299, 1000.000000000000000 ) ;
#2696 = DIRECTION ( 'NONE',  ( -6.685199438412440354E-68, 1.001833646100949020E-26, 1.000000000000000000 ) ) ;
#2697 = VECTOR ( 'NONE', #1312, 1000.000000000000000 ) ;
#2698 = VECTOR ( 'NONE', #1728, 1000.000000000000000 ) ;
#2699 = EDGE_LOOP ( 'NONE', ( #1155, #1022, #1303, #1408, #2897, #789 ) ) ;
#2700 = FACE_OUTER_BOUND ( 'NONE', #2455, .T. ) ;
#2701 = CONICAL_SURFACE ( 'NONE', #2081, 5.051934289618477791, 0.7853981633974899124 ) ;
#2702 = VECTOR ( 'NONE', #2227, 1000.000000000000114 ) ;
#2703 = DIRECTION ( 'NONE',  ( 1.000000000000000000, 9.669350386050856671E-42, 2.990902544508316686E-16 ) ) ;
#2704 = EDGE_CURVE ( 'NONE', #378, #1546, #1029, .T. ) ;
#2705 = VERTEX_POINT ( 'NONE', #1651 ) ;
#2706 = EDGE_CURVE ( 'NONE', #527, #319, #2340, .T. ) ;
#2707 = DIRECTION ( 'NONE',  ( -0.9897199198086958916, -0.1430191607228501471, 0.000000000000000000 ) ) ;
#2708 = ADVANCED_FACE ( 'NONE', ( #1253 ), #1668, .T. ) ;
#2709 = CARTESIAN_POINT ( 'NONE',  ( -26.80879313406303410, -223.8958217684005092, 25.92000000000001236 ) ) ;
#2710 = ORIENTED_EDGE ( 'NONE', *, *, #2799, .T. ) ;
#2711 = DIRECTION ( 'NONE',  ( 6.672963584753481990E-42, -1.000000000000000000, 1.001833646100948733E-26 ) ) ;
#2712 = ORIENTED_EDGE ( 'NONE', *, *, #1790, .T. ) ;
#2713 = DIRECTION ( 'NONE',  ( 0.000000000000000000, 0.000000000000000000, 1.000000000000000000 ) ) ;
#2714 = DIRECTION ( 'NONE',  ( -7.092966786403880877E-16, -1.383246298583668343E-14, -1.000000000000000000 ) ) ;
#2715 = CARTESIAN_POINT ( 'NONE',  ( -28.48337107496213250, -211.9636345637054831, -38.63555575585819923 ) ) ;
#2716 = DIRECTION ( 'NONE',  ( -6.672963584753481990E-42, 1.000000000000000000, -1.001833646100948877E-26 ) ) ;
#2717 = ORIENTED_EDGE ( 'NONE', *, *, #832, .F. ) ;
#2718 = LINE ( 'NONE', #1595, #692 ) ;
#2719 = EDGE_CURVE ( 'NONE', #973, #1208, #2549, .T. ) ;
#2720 = CARTESIAN_POINT ( 'NONE',  ( -21.19980543217904767, -218.0990619883399688, -14.12342445986653949 ) ) ;
#2721 = CARTESIAN_POINT ( 'NONE',  ( -24.60879313406300284, -223.8958217684005092, -13.79013369693512381 ) ) ;
#2722 = EDGE_CURVE ( 'NONE', #1793, #1402, #2329, .T. ) ;
#2723 = ORIENTED_EDGE ( 'NONE', *, *, #578, .T. ) ;
#2724 = FACE_OUTER_BOUND ( 'NONE', #1024, .T. ) ;
#2725 = CARTESIAN_POINT ( 'NONE',  ( -38.35158546959601722, -213.3917097363240032, -10.20095628316280312 ) ) ;
#2726 = EDGE_LOOP ( 'NONE', ( #1321, #30, #2639, #2375 ) ) ;
#2727 = DIRECTION ( 'NONE',  ( 1.000000000000000000, 6.672963584753481990E-42, -0.000000000000000000 ) ) ;
#2728 = LINE ( 'NONE', #16, #1050 ) ;
#2729 = CARTESIAN_POINT ( 'NONE',  ( -24.20879313406300071, -219.2794537025768591, 1.400000000001816458 ) ) ;
#2730 = VECTOR ( 'NONE', #1869, 1000.000000000000000 ) ;
#2731 = ORIENTED_EDGE ( 'NONE', *, *, #1162, .F. ) ;
#2732 = DIRECTION ( 'NONE',  ( 9.323538663915519746E-56, -1.397211081028244022E-14, -1.000000000000000000 ) ) ;
#2733 = VECTOR ( 'NONE', #1673, 1000.000000000000000 ) ;
#2734 = ORIENTED_EDGE ( 'NONE', *, *, #1333, .F. ) ;
#2735 = ORIENTED_EDGE ( 'NONE', *, *, #969, .T. ) ;
#2736 = AXIS2_PLACEMENT_3D ( 'NONE', #649, #173, #1518 ) ;
#2737 = DIRECTION ( 'NONE',  ( -0.8009674851589211331, 0.5987078483853318644, 5.758649765679737035E-16 ) ) ;
#2738 = CARTESIAN_POINT ( 'NONE',  ( -28.40879313388520089, -223.8958217684005092, 0.8000000000000784262 ) ) ;
#2739 = EDGE_CURVE ( 'NONE', #1579, #693, #1669, .T. ) ;
#2740 = VECTOR ( 'NONE', #2696, 1000.000000000000000 ) ;
#2741 = ORIENTED_EDGE ( 'NONE', *, *, #2581, .F. ) ;
#2742 = CARTESIAN_POINT ( 'NONE',  ( -47.04857310437045470, -214.9000000003034074, -33.42991366742041492 ) ) ;
#2743 = VECTOR ( 'NONE', #1825, 1000.000000000000114 ) ;
#2744 = EDGE_LOOP ( 'NONE', ( #1438, #571, #2892, #1341 ) ) ;
#2745 = AXIS2_PLACEMENT_3D ( 'NONE', #2558, #1629, #517 ) ;
#2746 = DIRECTION ( 'NONE',  ( -0.1430191607228619988, 0.9897199198086942262, -0.000000000000000000 ) ) ;
#2747 = AXIS2_PLACEMENT_3D ( 'NONE', #184, #1104, #1731 ) ;
#2748 = DIRECTION ( 'NONE',  ( 0.6533303093448793453, 0.7570729865021762484, -1.093558908184160608E-14 ) ) ;
#2749 = CARTESIAN_POINT ( 'NONE',  ( -33.00879313331840592, -157.1930932154380969, -13.79013369693512381 ) ) ;
#2750 = DIRECTION ( 'NONE',  ( 0.5773502691896273964, -0.5773502691896224004, 0.5773502691896273964 ) ) ;
#2751 = CARTESIAN_POINT ( 'NONE',  ( -26.54194284766447964, -218.6942672744036429, 0.5331497136015296290 ) ) ;
#2752 = CARTESIAN_POINT ( 'NONE',  ( -38.35158546959601011, -213.3917097363240316, -3.189177413830338370 ) ) ;
#2753 = ORIENTED_EDGE ( 'NONE', *, *, #146, .F. ) ;
#2754 = ORIENTED_EDGE ( 'NONE', *, *, #1661, .F. ) ;
#2755 = CARTESIAN_POINT ( 'NONE',  ( -38.01290516596160529, -212.9386141041113376, -3.189177413830338370 ) ) ;
#2756 = PLANE ( 'NONE',  #1618 ) ;
#2757 = DIRECTION ( 'NONE',  ( 0.6036029735798946749, -0.5208904880788455261, 0.6036029735798946749 ) ) ;
#2758 = ORIENTED_EDGE ( 'NONE', *, *, #288, .T. ) ;
#2759 = EDGE_CURVE ( 'NONE', #668, #1486, #421, .T. ) ;
#2760 = ADVANCED_FACE ( 'NONE', ( #2464 ), #2243, .F. ) ;
#2761 = VERTEX_POINT ( 'NONE', #157 ) ;
#2762 = DIRECTION ( 'NONE',  ( -1.000000000000000000, -6.672963584753481990E-42, 0.000000000000000000 ) ) ;
#2763 = CARTESIAN_POINT ( 'NONE',  ( -33.00879313331842013, -157.1930932154384095, -38.71013369693508821 ) ) ;
#2764 = CARTESIAN_POINT ( 'NONE',  ( -37.02167913595819471, -214.9000000003034074, -0.04142135611476509965 ) ) ;
#2765 = EDGE_LOOP ( 'NONE', ( #1723, #361, #1330, #104 ) ) ;
#2766 = ORIENTED_EDGE ( 'NONE', *, *, #2798, .F. ) ;
#2767 = CARTESIAN_POINT ( 'NONE',  ( -27.58165441742306712, -218.8347001656054260, 26.14713871646207721 ) ) ;
#2768 = CARTESIAN_POINT ( 'NONE',  ( -22.30000000011605010, -214.9000000003034074, -10.29506684846705866 ) ) ;
#2769 = DIRECTION ( 'NONE',  ( 7.092966786403880877E-16, 1.383246298583668343E-14, 1.000000000000000000 ) ) ;
#2770 = DIRECTION ( 'NONE',  ( 5.667515401106600551E-46, -1.000000000000000000, 7.031447424553278039E-31 ) ) ;
#2771 = LINE ( 'NONE', #1017, #2647 ) ;
#2772 = EDGE_CURVE ( 'NONE', #2761, #2540, #1648, .T. ) ;
#2773 = EDGE_LOOP ( 'NONE', ( #1217, #49, #1700, #231, #2062, #72, #1107, #1102 ) ) ;
#2774 = ORIENTED_EDGE ( 'NONE', *, *, #210, .T. ) ;
#2775 = EDGE_LOOP ( 'NONE', ( #560, #1665, #2393, #777, #2394, #2566 ) ) ;
#2776 = DIRECTION ( 'NONE',  ( -0.7034440569815221256, -0.1016509586514423996, -0.7034440569815197941 ) ) ;
#2777 = CARTESIAN_POINT ( 'NONE',  ( -17.40000000015289672, -223.4958217684005035, 26.32000000000001805 ) ) ;
#2778 = EDGE_CURVE ( 'NONE', #185, #370, #2281, .T. ) ;
#2779 = ORIENTED_EDGE ( 'NONE', *, *, #1214, .F. ) ;
#2780 = EDGE_LOOP ( 'NONE', ( #553, #2252, #2255, #2342 ) ) ;
#2781 = LINE ( 'NONE', #770, #2127 ) ;
#2782 = ORIENTED_EDGE ( 'NONE', *, *, #379, .F. ) ;
#2783 = PLANE ( 'NONE',  #363 ) ;
#2784 = AXIS2_PLACEMENT_3D ( 'NONE', #485, #2795, #1626 ) ;
#2785 = DIRECTION ( 'NONE',  ( -0.7034440569815162414, -0.1016509586514415114, 0.7034440569815259003 ) ) ;
#2786 = AXIS2_PLACEMENT_3D ( 'NONE', #933, #2521, #2075 ) ;
#2787 = ORIENTED_EDGE ( 'NONE', *, *, #2272, .F. ) ;
#2788 = CARTESIAN_POINT ( 'NONE',  ( -28.40879313388514760, -214.9000000003034074, 1.400000000000095612 ) ) ;
#2789 = AXIS2_PLACEMENT_3D ( 'NONE', #2532, #232, #2713 ) ;
#2790 = VERTEX_POINT ( 'NONE', #2622 ) ;
#2791 = CONICAL_SURFACE ( 'NONE', #700, 61.70690678486598557, 0.7853981633974517207 ) ;
#2792 = EDGE_CURVE ( 'NONE', #1710, #2109, #897, .T. ) ;
#2793 = ORIENTED_EDGE ( 'NONE', *, *, #1565, .F. ) ;
#2794 = PLANE ( 'NONE',  #1666 ) ;
#2795 = DIRECTION ( 'NONE',  ( 0.000000000000000000, -1.000000000000000000, 0.000000000000000000 ) ) ;
#2796 = EDGE_LOOP ( 'NONE', ( #1639, #372, #642, #905 ) ) ;
#2797 = AXIS2_PLACEMENT_3D ( 'NONE', #803, #2359, #609 ) ;
#2798 = EDGE_CURVE ( 'NONE', #377, #1785, #1528, .T. ) ;
#2799 = EDGE_CURVE ( 'NONE', #54, #1444, #573, .T. ) ;
#2800 = VECTOR ( 'NONE', #2805, 1000.000000000000000 ) ;
#2801 = LINE ( 'NONE', #296, #1848 ) ;
#2802 = DIRECTION ( 'NONE',  ( 1.000000000000000000, 0.000000000000000000, 0.000000000000000000 ) ) ;
#2803 = ORIENTED_EDGE ( 'NONE', *, *, #1780, .F. ) ;
#2804 = DIRECTION ( 'NONE',  ( 0.7071067811865506814, 0.000000000000000000, 0.7071067811865444641 ) ) ;
#2805 = DIRECTION ( 'NONE',  ( 7.023104907070927881E-16, 1.000000000000000000, -1.001833646100948877E-26 ) ) ;
#2806 = LINE ( 'NONE', #1447, #1456 ) ;
#2807 = CYLINDRICAL_SURFACE ( 'NONE', #178, 62.70690678486599978 ) ;
#2808 = DIRECTION ( 'NONE',  ( 0.5773502691896367223, -0.5773502691896066352, 0.5773502691896341688 ) ) ;
#2809 = CARTESIAN_POINT ( 'NONE',  ( -28.01290516596165503, -211.4935672998547602, 25.32000000000002160 ) ) ;
#2810 = ORIENTED_EDGE ( 'NONE', *, *, #1076, .F. ) ;
#2811 = DIRECTION ( 'NONE',  ( 0.7034440569815221256, 0.1016509586514423996, 0.7034440569815197941 ) ) ;
#2812 = EDGE_CURVE ( 'NONE', #583, #1175, #1759, .T. ) ;
#2813 = EDGE_CURVE ( 'NONE', #864, #1175, #647, .T. ) ;
#2814 = ORIENTED_EDGE ( 'NONE', *, *, #2759, .T. ) ;
#2815 = VERTEX_POINT ( 'NONE', #2423 ) ;
#2816 = EDGE_LOOP ( 'NONE', ( #2846, #1674, #2277, #2937 ) ) ;
#2817 = CARTESIAN_POINT ( 'NONE',  ( -20.20879313406308597, -217.2890843271049448, -38.71013369693524453 ) ) ;
#2818 = CARTESIAN_POINT ( 'NONE',  ( -24.20879313406303268, -218.6733979511573125, 0.8000000000000784262 ) ) ;
#2819 = ADVANCED_FACE ( 'NONE', ( #856 ), #1114, .T. ) ;
#2820 = DIRECTION ( 'NONE',  ( 6.672963584753481990E-42, -1.000000000000000000, 1.001833646100948877E-26 ) ) ;
#2821 =( NAMED_UNIT ( * ) PLANE_ANGLE_UNIT ( ) SI_UNIT ( $, .RADIAN. ) );
#2822 = ORIENTED_EDGE ( 'NONE', *, *, #428, .T. ) ;
#2823 = DIRECTION ( 'NONE',  ( 7.576776205558294140E-15, 0.7071067811865450192, 0.7071067811865500152 ) ) ;
#2824 = DIRECTION ( 'NONE',  ( 6.685199438412439531E-68, -1.001833646100949020E-26, -1.000000000000000000 ) ) ;
#2825 = PLANE ( 'NONE',  #663 ) ;
#2826 = EDGE_LOOP ( 'NONE', ( #764, #1818, #2008, #399 ) ) ;
#2827 = CARTESIAN_POINT ( 'NONE',  ( -18.40000000015304948, -203.8893902868810812, -39.71013369693528006 ) ) ;
#2828 = CARTESIAN_POINT ( 'NONE',  ( -26.40879313406302487, -223.4958217684005035, 0.4000000000000737410 ) ) ;
#2829 = EDGE_CURVE ( 'NONE', #1999, #145, #1554, .T. ) ;
#2830 = CYLINDRICAL_SURFACE ( 'NONE', #1610, 62.70690678486599978 ) ;
#2831 = CARTESIAN_POINT ( 'NONE',  ( -21.18165623816441823, -218.7745432746006600, 1.400000000001818679 ) ) ;
#2832 = ORIENTED_EDGE ( 'NONE', *, *, #737, .F. ) ;
#2833 = VECTOR ( 'NONE', #2093, 1000.000000000000000 ) ;
#2834 = ADVANCED_FACE ( 'NONE', ( #826 ), #1295, .F. ) ;
#2835 = CARTESIAN_POINT ( 'NONE',  ( -21.19980543217904412, -218.0990619883374677, 0.7332907629326449461 ) ) ;
#2836 = VECTOR ( 'NONE', #1473, 1000.000000000000227 ) ;
#2837 = FACE_OUTER_BOUND ( 'NONE', #2282, .T. ) ;
#2838 = AXIS2_PLACEMENT_3D ( 'NONE', #666, #717, #1637 ) ;
#2839 = CARTESIAN_POINT ( 'NONE',  ( -17.40000000015295356, -223.4958217684005319, -39.71013369693529427 ) ) ;
#2840 = AXIS2_PLACEMENT_3D ( 'NONE', #646, #2023, #682 ) ;
#2841 = CARTESIAN_POINT ( 'NONE',  ( -27.41989147083994638, -219.6504413558529905, 1.400000000001774936 ) ) ;
#2842 = AXIS2_PLACEMENT_3D ( 'NONE', #901, #1842, #2270 ) ;
#2843 = DIRECTION ( 'NONE',  ( 0.9897199198086941152, 0.1430191607228620265, -1.432814072492824851E-27 ) ) ;
#2844 = DIRECTION ( 'NONE',  ( -6.672963584753481990E-42, 1.000000000000000000, -1.001833646100948877E-26 ) ) ;
#2845 = CARTESIAN_POINT ( 'NONE',  ( -18.40000000015291803, -214.9000000003034074, -38.71013369693531558 ) ) ;
#2846 = ORIENTED_EDGE ( 'NONE', *, *, #2596, .T. ) ;
#2847 = LINE ( 'NONE', #2891, #1261 ) ;
#2848 = VERTEX_POINT ( 'NONE', #2845 ) ;
#2849 = EDGE_LOOP ( 'NONE', ( #2525, #977, #1768, #2057, #1824 ) ) ;
#2850 = CARTESIAN_POINT ( 'NONE',  ( -36.21301841814428712, -213.6754703633263262, 1.183108280862301687 ) ) ;
#2851 = ADVANCED_FACE ( 'NONE', ( #1743 ), #2638, .T. ) ;
#2852 = EDGE_LOOP ( 'NONE', ( #449, #2723, #1974, #982 ) ) ;
#2853 = ORIENTED_EDGE ( 'NONE', *, *, #2498, .F. ) ;
#2854 = DIRECTION ( 'NONE',  ( 8.060240031541825280E-16, 0.000000000000000000, 1.000000000000000000 ) ) ;
#2855 = CARTESIAN_POINT ( 'NONE',  ( -24.60879313406300284, -223.4958217684005319, -13.79013369693512203 ) ) ;
#2856 = DIRECTION ( 'NONE',  ( 6.672963584753481990E-42, -1.000000000000000000, 1.001833646100948733E-26 ) ) ;
#2857 = CARTESIAN_POINT ( 'NONE',  ( -27.58165441742369595, -218.8347001656035502, -39.53727241339665710 ) ) ;
#2858 = DIRECTION ( 'NONE',  ( 0.000000000000000000, 2.775557561562831082E-14, 1.000000000000000000 ) ) ;
#2859 = ORIENTED_EDGE ( 'NONE', *, *, #1754, .T. ) ;
#2860 = CARTESIAN_POINT ( 'NONE',  ( -22.60879313334361029, -214.9000000003034074, 25.32000000000002871 ) ) ;
#2861 = CARTESIAN_POINT ( 'NONE',  ( -24.60879313406300994, -223.6958217684004921, -39.51013369693524169 ) ) ;
#2862 = ORIENTED_EDGE ( 'NONE', *, *, #1125, .T. ) ;
#2863 = ORIENTED_EDGE ( 'NONE', *, *, #304, .T. ) ;
#2864 = CARTESIAN_POINT ( 'NONE',  ( -24.20879313406303268, -223.4958217684005319, -39.31013369693525306 ) ) ;
#2865 = ORIENTED_EDGE ( 'NONE', *, *, #283, .F. ) ;
#2866 = CARTESIAN_POINT ( 'NONE',  ( -26.80879313406303410, -223.8958217684005092, 0.8000000000000784262 ) ) ;
#2867 = ADVANCED_FACE ( 'NONE', ( #585 ), #1498, .T. ) ;
#2868 = CARTESIAN_POINT ( 'NONE',  ( -28.40879313388514760, -212.9958217684004751, 1.400000000000095612 ) ) ;
#2869 = EDGE_CURVE ( 'NONE', #1952, #2286, #2654, .T. ) ;
#2870 = CARTESIAN_POINT ( 'NONE',  ( -20.20879313406308597, -217.2890843271041490, 25.32000000000001450 ) ) ;
#2871 = CARTESIAN_POINT ( 'NONE',  ( -27.41989147083996414, -219.6504413558532463, -14.79013369693337765 ) ) ;
#2872 = CARTESIAN_POINT ( 'NONE',  ( -21.19075874309810814, -218.4368236237915539, 25.65337511693963535 ) ) ;
#2873 = ORIENTED_EDGE ( 'NONE', *, *, #593, .F. ) ;
#2874 = LINE ( 'NONE', #392, #269 ) ;
#2875 = ORIENTED_EDGE ( 'NONE', *, *, #2885, .T. ) ;
#2876 = DIRECTION ( 'NONE',  ( -0.6036029735798861262, 0.5208904880788555181, 0.6036029735798945639 ) ) ;
#2877 = DIRECTION ( 'NONE',  ( 8.075019659248373363E-42, -1.000000000000000000, 1.001833646100949020E-26 ) ) ;
#2878 = VECTOR ( 'NONE', #2480, 1000.000000000000114 ) ;
#2879 = DIRECTION ( 'NONE',  ( 0.7071067811865444641, 0.7071067811865505703, -2.478074198696110039E-16 ) ) ;
#2880 = AXIS2_PLACEMENT_3D ( 'NONE', #1911, #2823, #1894 ) ;
#2881 = ORIENTED_EDGE ( 'NONE', *, *, #2070, .T. ) ;
#2882 = ORIENTED_EDGE ( 'NONE', *, *, #722, .T. ) ;
#2883 = CARTESIAN_POINT ( 'NONE',  ( -24.60879313406304192, -223.8958217684005092, 26.32000000000108031 ) ) ;
#2884 = AXIS2_PLACEMENT_3D ( 'NONE', #298, #2568, #1211 ) ;
#2885 = EDGE_CURVE ( 'NONE', #864, #1550, #2928, .T. ) ;
#2886 = EDGE_CURVE ( 'NONE', #626, #313, #2027, .T. ) ;
#2887 = VECTOR ( 'NONE', #1209, 1000.000000000000000 ) ;
#2888 = CARTESIAN_POINT ( 'NONE',  ( -22.30000000011605010, -214.3000000003034131, -3.695066848467076337 ) ) ;
#2889 = DIRECTION ( 'NONE',  ( -1.198554720518949108E-41, 1.000000000000000000, -1.001833646100949020E-26 ) ) ;
#2890 = VECTOR ( 'NONE', #680, 1000.000000000000000 ) ;
#2891 = CARTESIAN_POINT ( 'NONE',  ( -28.40879313388519734, -223.8958217684005092, 25.92000000000001236 ) ) ;
#2892 = ORIENTED_EDGE ( 'NONE', *, *, #2424, .T. ) ;
#2893 = DIRECTION ( 'NONE',  ( 0.000000000000000000, 0.000000000000000000, -1.000000000000000000 ) ) ;
#2894 = VECTOR ( 'NONE', #1307, 1000.000000000000114 ) ;
#2895 = DIRECTION ( 'NONE',  ( 6.672963584753481990E-42, -1.000000000000000000, 1.001833646100948877E-26 ) ) ;
#2896 = ORIENTED_EDGE ( 'NONE', *, *, #2213, .T. ) ;
#2897 = ORIENTED_EDGE ( 'NONE', *, *, #1882, .T. ) ;
#2898 = CARTESIAN_POINT ( 'NONE',  ( -27.40879313388516536, -203.8893902868810812, -39.71013369693519479 ) ) ;
#2899 = ORIENTED_EDGE ( 'NONE', *, *, #1426, .F. ) ;
#2900 = B_SPLINE_CURVE_WITH_KNOTS ( 'NONE', 3,
 ( #2462, #420, #2242, #2012 ),
 .UNSPECIFIED., .F., .F.,
 ( 4, 4 ),
 ( 0.000000000000000000, 0.0009276138462188144055 ),
 .UNSPECIFIED. ) ;
#2901 = CARTESIAN_POINT ( 'NONE',  ( -13.54671402833875327, -192.1403071637492985, -15.25289057278129157 ) ) ;
#2902 = DIRECTION ( 'NONE',  ( 6.685199438412440354E-68, -1.001833646100949020E-26, -1.000000000000000000 ) ) ;
#2903 = EDGE_LOOP ( 'NONE', ( #2932, #337, #2468, #1655, #2259 ) ) ;
#2904 = VERTEX_POINT ( 'NONE', #204 ) ;
#2905 = CARTESIAN_POINT ( 'NONE',  ( -17.40000000015297132, -213.9000000003034359, -57.86969363844726644 ) ) ;
#2906 = ADVANCED_FACE ( 'NONE', ( #1617 ), #945, .T. ) ;
#2907 = ORIENTED_EDGE ( 'NONE', *, *, #1129, .F. ) ;
#2908 = DIRECTION ( 'NONE',  ( -0.5773502691896089667, 0.5773502691896392758, -0.5773502691896290617 ) ) ;
#2909 = DIRECTION ( 'NONE',  ( 0.1430191607228513406, -0.9897199198086957805, -0.000000000000000000 ) ) ;
#2910 = LINE ( 'NONE', #1569, #1698 ) ;
#2911 = ORIENTED_EDGE ( 'NONE', *, *, #194, .F. ) ;
#2912 = LINE ( 'NONE', #1570, #2180 ) ;
#2913 = CARTESIAN_POINT ( 'NONE',  ( -27.40879313388515826, -203.8893902868810812, -39.71013369693519479 ) ) ;
#2914 = ADVANCED_FACE ( 'NONE', ( #490 ), #7, .F. ) ;
#2915 = DIRECTION ( 'NONE',  ( 0.000000000000000000, -0.000000000000000000, 1.000000000000000000 ) ) ;
#2916 = EDGE_LOOP ( 'NONE', ( #1433, #292 ) ) ;
#2917 = EDGE_CURVE ( 'NONE', #1198, #1358, #276, .T. ) ;
#2918 = EDGE_CURVE ( 'NONE', #229, #1235, #1142, .T. ) ;
#2919 = DIRECTION ( 'NONE',  ( 0.000000000000000000, -2.775557561562811834E-14, -1.000000000000000000 ) ) ;
#2920 = DIRECTION ( 'NONE',  ( -0.7071067811865499042, 7.084033647788221674E-27, 0.7071067811865452413 ) ) ;
#2921 = AXIS2_PLACEMENT_3D ( 'NONE', #2709, #1347, #221 ) ;
#2922 = DIRECTION ( 'NONE',  ( -0.7071067811865445751, -7.084033647788280506E-27, -0.7071067811865504593 ) ) ;
#2923 = AXIS2_PLACEMENT_3D ( 'NONE', #885, #2452, #384 ) ;
#2924 = DIRECTION ( 'NONE',  ( -3.738628180635416196E-17, 1.001833646100948877E-26, 1.000000000000000000 ) ) ;
#2925 = VERTEX_POINT ( 'NONE', #2516 ) ;
#2926 = CARTESIAN_POINT ( 'NONE',  ( -22.30000000011605010, -211.6000000003033961, -6.695066848467074117 ) ) ;
#2927 = AXIS2_PLACEMENT_3D ( 'NONE', #688, #434, #1860 ) ;
#2928 = LINE ( 'NONE', #2721, #236 ) ;
#2929 = ORIENTED_EDGE ( 'NONE', *, *, #380, .T. ) ;
#2930 = PLANE ( 'NONE',  #988 ) ;
#2931 = AXIS2_PLACEMENT_3D ( 'NONE', #503, #1409, #2324 ) ;
#2932 = ORIENTED_EDGE ( 'NONE', *, *, #148, .F. ) ;
#2933 = FACE_OUTER_BOUND ( 'NONE', #1013, .T. ) ;
#2934 = LINE ( 'NONE', #2725, #2604 ) ;
#2935 = CIRCLE ( 'NONE', #2039, 62.70690678486598557 ) ;
#2936 = ORIENTED_EDGE ( 'NONE', *, *, #1582, .F. ) ;
#2937 = ORIENTED_EDGE ( 'NONE', *, *, #1790, .F. ) ;
#2938 = VECTOR ( 'NONE', #103, 1000.000000000000000 ) ;
#2939 = CARTESIAN_POINT ( 'NONE',  ( -65.32795512415114558, -216.8857666691303336, -12.22885646191580022 ) ) ;
#2940 = DIRECTION ( 'NONE',  ( 0.7034440569815162414, 0.1016509586514415253, -0.7034440569815259003 ) ) ;
#2941 = ADVANCED_FACE ( 'NONE', ( #2264 ), #1335, .T. ) ;
#2942 = EDGE_CURVE ( 'NONE', #152, #2632, #1143, .T. ) ;
#2943 = LINE ( 'NONE', #888, #739 ) ;
ENDSEC;
END-ISO-10303-21;
