ISO-10303-21;
HEADER;
FILE_DESCRIPTION (( 'STEP AP214' ),
    '1' );
FILE_NAME ('Mini BT - Hub_D2HW-v1.0.STEP',
    '2026-09-02T10:23:13',
    ( '' ),
    ( '' ),
    '',
    '',
    '' );
FILE_SCHEMA (( 'AUTOMOTIVE_DESIGN' ));
ENDSEC;

DATA;
#1 = CARTESIAN_POINT ( 'NONE',  ( 10.00000000000000000, -3.399999999999999911, 10.00000000000000000 ) ) ;
#2 = DIRECTION ( 'NONE',  ( 0.000000000000000000, 0.000000000000000000, 1.000000000000000000 ) ) ;
#3 = ORIENTED_EDGE ( 'NONE', *, *, #5022, .F. ) ;
#4 = DIRECTION ( 'NONE',  ( -0.2394571141604759923, -0.9709069422338770794, 0.000000000000000000 ) ) ;
#5 = EDGE_CURVE ( 'NONE', #4465, #933, #10121, .T. ) ;
#6 = DIRECTION ( 'NONE',  ( 0.9999999999999996669, -2.900003869181559613E-08, -9.993486524960645249E-17 ) ) ;
#7 = ORIENTED_EDGE ( 'NONE', *, *, #2210, .F. ) ;
#8 = DIRECTION ( 'NONE',  ( 0.6416822328233701134, 0.7669706070501101092, -5.104306999746031807E-16 ) ) ;
#9 = CARTESIAN_POINT ( 'NONE',  ( -0.3691178992383259971, 32.39368684833460321, 10.00000000000000000 ) ) ;
#10 = ORIENTED_EDGE ( 'NONE', *, *, #6446, .T. ) ;
#11 = ADVANCED_FACE ( 'NONE', ( #125 ), #2488, .F. ) ;
#12 = DIRECTION ( 'NONE',  ( -0.4999999999999879541, -0.7071067811865610064, -0.4999999999999929501 ) ) ;
#13 = CARTESIAN_POINT ( 'NONE',  ( 23.88908729652649754, 23.15916784755579982, 20.00000000000000000 ) ) ;
#14 = ORIENTED_EDGE ( 'NONE', *, *, #3783, .T. ) ;
#15 = ORIENTED_EDGE ( 'NONE', *, *, #3984, .F. ) ;
#16 = EDGE_CURVE ( 'NONE', #1013, #8563, #4264, .T. ) ;
#17 = CARTESIAN_POINT ( 'NONE',  ( 10.49917073099910070, 5.478793439228029527, 8.743260779068961597 ) ) ;
#18 = EDGE_CURVE ( 'NONE', #8410, #4266, #8824, .T. ) ;
#19 = VECTOR ( 'NONE', #9000, 999.9999999999998863 ) ;
#20 = ORIENTED_EDGE ( 'NONE', *, *, #4443, .T. ) ;
#21 = ADVANCED_FACE ( 'NONE', ( #5716, #3316 ), #7377, .T. ) ;
#22 = CARTESIAN_POINT ( 'NONE',  ( 10.00000000000000000, 2.000000000000000000, 10.00000000000000000 ) ) ;
#23 = EDGE_LOOP ( 'NONE', ( #9544, #331, #1867, #2021, #8558, #4374, #4528, #7634, #2944, #3389, #3044, #6088, #3624, #5156, #2485 ) ) ;
#24 = ORIENTED_EDGE ( 'NONE', *, *, #7478, .T. ) ;
#25 = ORIENTED_EDGE ( 'NONE', *, *, #2963, .F. ) ;
#26 = PLANE ( 'NONE',  #9959 ) ;
#27 = EDGE_LOOP ( 'NONE', ( #6190, #7626, #9387 ) ) ;
#28 = EDGE_CURVE ( 'NONE', #225, #1154, #6502, .T. ) ;
#29 = FACE_OUTER_BOUND ( 'NONE', #5399, .T. ) ;
#30 = EDGE_LOOP ( 'NONE', ( #6758, #2477, #5661, #3613, #4618, #3627 ) ) ;
#31 = LINE ( 'NONE', #9677, #1214 ) ;
#32 = ADVANCED_FACE ( 'NONE', ( #1913 ), #1029, .T. ) ;
#33 = VECTOR ( 'NONE', #5403, 1000.000000000000000 ) ;
#34 = CARTESIAN_POINT ( 'NONE',  ( 12.14051777502089990, 23.77204732843080137, 10.00000000000000000 ) ) ;
#35 = LINE ( 'NONE', #7171, #2151 ) ;
#36 = VECTOR ( 'NONE', #10234, 1000.000000000000000 ) ;
#37 = VERTEX_POINT ( 'NONE', #8212 ) ;
#38 = CARTESIAN_POINT ( 'NONE',  ( 7.098049509148090408, -4.950000000000000178, 13.34138323488209998 ) ) ;
#39 = CARTESIAN_POINT ( 'NONE',  ( 16.69983675174569981, 7.660623714451969768, 20.58892404827109956 ) ) ;
#40 = FACE_OUTER_BOUND ( 'NONE', #7415, .T. ) ;
#41 = CARTESIAN_POINT ( 'NONE',  ( 27.00000000000000000, 20.00000000000000000, 19.00000000000000000 ) ) ;
#42 = FACE_BOUND ( 'NONE', #7595, .T. ) ;
#43 = AXIS2_PLACEMENT_3D ( 'NONE', #804, #3989, #6389 ) ;
#44 = VECTOR ( 'NONE', #8780, 1000.000000000000000 ) ;
#45 = DIRECTION ( 'NONE',  ( 1.000000000000000000, 6.120826529420450260E-15, 5.551115123129629632E-17 ) ) ;
#46 = DIRECTION ( 'NONE',  ( 0.2394571141604759923, -0.9709069422338770794, 0.000000000000000000 ) ) ;
#47 = CARTESIAN_POINT ( 'NONE',  ( 18.91222850319089943, 25.98623286576599867, 23.33046606192939976 ) ) ;
#48 = EDGE_LOOP ( 'NONE', ( #7384, #5887, #3101, #5083, #6869 ) ) ;
#49 = DIRECTION ( 'NONE',  ( 0.000000000000000000, 1.000000000000000000, 0.000000000000000000 ) ) ;
#50 = VECTOR ( 'NONE', #8861, 1000.000000000000000 ) ;
#51 = DIRECTION ( 'NONE',  ( 0.7071067811865489050, 2.166727592983609725E-14, -0.7071067811865460184 ) ) ;
#52 = CARTESIAN_POINT ( 'NONE',  ( 7.243207753634520074, -3.399999999999999911, 13.06850476785990089 ) ) ;
#53 = CARTESIAN_POINT ( 'NONE',  ( 15.83363093161889879, 11.31062371445220194, 16.78822511256199945 ) ) ;
#54 = ORIENTED_EDGE ( 'NONE', *, *, #4317, .F. ) ;
#55 = LINE ( 'NONE', #8753, #3661 ) ;
#56 = CIRCLE ( 'NONE', #1401, 1.175000000000000488 ) ;
#57 = CARTESIAN_POINT ( 'NONE',  ( 10.00086248410122813, 22.27072372576054704, 8.957966961208260415 ) ) ;
#58 = ORIENTED_EDGE ( 'NONE', *, *, #8887, .T. ) ;
#59 = FACE_OUTER_BOUND ( 'NONE', #6510, .T. ) ;
#60 = VECTOR ( 'NONE', #4199, 1000.000000000000000 ) ;
#61 = DIRECTION ( 'NONE',  ( 0.000000000000000000, 0.000000000000000000, 1.000000000000000000 ) ) ;
#62 = FACE_BOUND ( 'NONE', #1182, .T. ) ;
#63 = DIRECTION ( 'NONE',  ( -0.5125766358075100060, 0.4288447525037468733, -0.7438799437236195411 ) ) ;
#64 = EDGE_LOOP ( 'NONE', ( #2523, #7627, #6508, #8622, #10106, #6330, #3673, #8106, #2015, #2216, #2267, #9872, #8461, #2764, #4600, #1821, #72, #3351, #6742, #8897, #3438, #3472, #1636, #1237, #6620, #1090 ) ) ;
#65 = DIRECTION ( 'NONE',  ( -2.900003869181453072E-08, 0.9999999999999995559, 2.558265117037456608E-12 ) ) ;
#66 = EDGE_CURVE ( 'NONE', #5719, #7159, #1758, .T. ) ;
#67 = CARTESIAN_POINT ( 'NONE',  ( 16.69983675174569981, 9.260623714451970301, 20.58892404827109956 ) ) ;
#68 = ORIENTED_EDGE ( 'NONE', *, *, #4443, .F. ) ;
#69 = VECTOR ( 'NONE', #7114, 1000.000000000000227 ) ;
#70 = DIRECTION ( 'NONE',  ( 0.000000000000000000, -1.000000000000000000, 0.000000000000000000 ) ) ;
#71 = CARTESIAN_POINT ( 'NONE',  ( 12.05806863357550007, 4.469855734418449522, 9.852131910345340415 ) ) ;
#72 = ORIENTED_EDGE ( 'NONE', *, *, #10149, .F. ) ;
#73 = EDGE_CURVE ( 'NONE', #6956, #5023, #6560, .T. ) ;
#74 = CARTESIAN_POINT ( 'NONE',  ( 8.433415663592310096, 0.000000000000000000, 14.13780600281379840 ) ) ;
#75 = VERTEX_POINT ( 'NONE', #4100 ) ;
#76 = ORIENTED_EDGE ( 'NONE', *, *, #3146, .T. ) ;
#77 = ORIENTED_EDGE ( 'NONE', *, *, #308, .T. ) ;
#78 = EDGE_CURVE ( 'NONE', #9496, #6445, #4046, .T. ) ;
#79 = PLANE ( 'NONE',  #9134 ) ;
#80 = ORIENTED_EDGE ( 'NONE', *, *, #4602, .T. ) ;
#81 = DIRECTION ( 'NONE',  ( -0.7071067811865473507, -0.000000000000000000, -0.7071067811865477948 ) ) ;
#82 =( NAMED_UNIT ( * ) SI_UNIT ( $, .STERADIAN. ) SOLID_ANGLE_UNIT ( ) );
#83 = EDGE_CURVE ( 'NONE', #8715, #2999, #5876, .T. ) ;
#84 = DIRECTION ( 'NONE',  ( 0.7071067811865450192, 8.656155890839421148E-15, -0.7071067811865500152 ) ) ;
#85 = ORIENTED_EDGE ( 'NONE', *, *, #9299, .T. ) ;
#86 = DIRECTION ( 'NONE',  ( 0.01519964077199899982, -0.9998844787876259854, 6.123233995736759873E-17 ) ) ;
#87 = DIRECTION ( 'NONE',  ( -0.2161664957215430061, 0.9763565158933841248, 0.000000000000000000 ) ) ;
#88 = CARTESIAN_POINT ( 'NONE',  ( 19.31222850319089801, 24.78242100814109961, 24.61552936208950015 ) ) ;
#89 = ORIENTED_EDGE ( 'NONE', *, *, #341, .T. ) ;
#90 = EDGE_CURVE ( 'NONE', #4505, #9595, #1885, .T. ) ;
#91 = CARTESIAN_POINT ( 'NONE',  ( -6.799268317534903794, 20.00050710952198330, 19.19609530620935800 ) ) ;
#92 = EDGE_CURVE ( 'NONE', #1767, #9709, #3370, .T. ) ;
#93 = FACE_BOUND ( 'NONE', #3522, .T. ) ;
#94 = FACE_BOUND ( 'NONE', #10309, .T. ) ;
#95 = CARTESIAN_POINT ( 'NONE',  ( -4.019966912477489274, 34.29377929006300008, 14.12500000000000000 ) ) ;
#96 = CARTESIAN_POINT ( 'NONE',  ( -3.891630465912810255, 34.14038516865299755, 14.12500000000000000 ) ) ;
#97 = ADVANCED_FACE ( 'NONE', ( #8100 ), #4992, .T. ) ;
#98 = DIRECTION ( 'NONE',  ( -0.9709069422338771904, -0.2394571141604752429, 0.000000000000000000 ) ) ;
#99 = EDGE_LOOP ( 'NONE', ( #9154, #4807, #9658, #10065 ) ) ;
#100 = CARTESIAN_POINT ( 'NONE',  ( 16.99983404255739927, 14.57802585008439955, 26.92792382272299889 ) ) ;
#101 = ADVANCED_FACE ( 'NONE', ( #245 ), #9766, .T. ) ;
#102 = LINE ( 'NONE', #218, #7928 ) ;
#103 = DIRECTION ( 'NONE',  ( 0.6546536707079756434, -0.3779644730092268645, 0.6546536707079787520 ) ) ;
#104 = CARTESIAN_POINT ( 'NONE',  ( 26.14425799464869726, 39.29642231178569745, 10.00000000000000000 ) ) ;
#105 = ORIENTED_EDGE ( 'NONE', *, *, #790, .T. ) ;
#106 = VERTEX_POINT ( 'NONE', #7212 ) ;
#107 = CYLINDRICAL_SURFACE ( 'NONE', #9297, 1.675000000000001599 ) ;
#108 = CARTESIAN_POINT ( 'NONE',  ( 18.91222850319089943, 23.77520398296610082, 27.16008042394100030 ) ) ;
#109 = ADVANCED_FACE ( 'NONE', ( #2644 ), #5827, .T. ) ;
#110 = DIRECTION ( 'NONE',  ( -0.7669706070501109973, 0.6416822328233690031, 0.000000000000000000 ) ) ;
#111 = CIRCLE ( 'NONE', #6115, 2.100000000000000089 ) ;
#112 = CARTESIAN_POINT ( 'NONE',  ( 5.336330475561219977, 38.90939483438229729, 10.00000000000000000 ) ) ;
#113 = CARTESIAN_POINT ( 'NONE',  ( 10.00059497485326787, 19.11430643083923187, 11.17222148795435643 ) ) ;
#114 = EDGE_LOOP ( 'NONE', ( #6174, #10186, #2187, #7721 ) ) ;
#115 = DIRECTION ( 'NONE',  ( -0.7669706070501114414, 0.6416822328233685591, 0.000000000000000000 ) ) ;
#116 = DIRECTION ( 'NONE',  ( 0.7071067811865490160, 3.976541677442609697E-16, -0.7071067811865460184 ) ) ;
#117 = ORIENTED_EDGE ( 'NONE', *, *, #671, .T. ) ;
#118 = CARTESIAN_POINT ( 'NONE',  ( 11.40322719998801837, 34.77259526158462677, 10.00000000000000000 ) ) ;
#119 = VECTOR ( 'NONE', #5572, 1000.000000000000114 ) ;
#120 = CARTESIAN_POINT ( 'NONE',  ( 16.38337394840110051, 3.899999999999999911, 24.75582880995339963 ) ) ;
#121 = ORIENTED_EDGE ( 'NONE', *, *, #3910, .T. ) ;
#122 = CARTESIAN_POINT ( 'NONE',  ( 15.81306367240909871, 43.56974815710489679, 10.00000000000000000 ) ) ;
#123 = CARTESIAN_POINT ( 'NONE',  ( 15.20061508947802942, 20.66205238419150447, 26.82576114448853488 ) ) ;
#124 = ORIENTED_EDGE ( 'NONE', *, *, #7546, .F. ) ;
#125 = FACE_OUTER_BOUND ( 'NONE', #3570, .T. ) ;
#126 = CARTESIAN_POINT ( 'NONE',  ( -1.361361703777529852, 40.03843193517609222, 0.000000000000000000 ) ) ;
#127 = VECTOR ( 'NONE', #3900, 1000.000000000000000 ) ;
#128 = CIRCLE ( 'NONE', #6798, 4.124999999999999112 ) ;
#129 = B_SPLINE_CURVE_WITH_KNOTS ( 'NONE', 3,
 ( #1745, #6433, #57, #848, #6490, #4922, #1687, #9649, #2475, #8813, #4091, #7199, #9591, #8037, #3251, #2531, #4862, #8090 ),
 .UNSPECIFIED., .F., .F.,
 ( 4, 2, 2, 1, 1, 1, 1, 2, 2, 2, 4 ),
 ( 0.000000000000000000, 0.2499999999999534817, 0.3749999999999301670, 0.4374999999999194533, 0.4687499999999141798, 0.4843749999999124589, 0.4921874999999116262, 0.4960937499999121814, 0.4999999999999127365, 0.7499999999999563682, 1.000000000000000000 ),
 .UNSPECIFIED. ) ;
#130 = ORIENTED_EDGE ( 'NONE', *, *, #6418, .F. ) ;
#131 = EDGE_CURVE ( 'NONE', #7318, #7612, #9818, .T. ) ;
#132 = DIRECTION ( 'NONE',  ( 0.6532814824381886210, -0.3826834323651057135, 0.6532814824381786289 ) ) ;
#133 = ORIENTED_EDGE ( 'NONE', *, *, #5257, .T. ) ;
#134 = VERTEX_POINT ( 'NONE', #7710 ) ;
#135 = EDGE_LOOP ( 'NONE', ( #2623, #3825, #6008, #9039, #348 ) ) ;
#136 = VECTOR ( 'NONE', #7725, 1000.000000000000227 ) ;
#137 = PLANE ( 'NONE',  #4647 ) ;
#138 = ORIENTED_EDGE ( 'NONE', *, *, #295, .F. ) ;
#139 = FILL_AREA_STYLE_COLOUR ( '', #8169 ) ;
#140 = PLANE ( 'NONE',  #1914 ) ;
#141 = AXIS2_PLACEMENT_3D ( 'NONE', #8230, #3644, #6870 ) ;
#142 = AXIS2_PLACEMENT_3D ( 'NONE', #6055, #2092, #1155 ) ;
#143 = EDGE_LOOP ( 'NONE', ( #7204, #10249, #3323, #8666 ) ) ;
#144 = CARTESIAN_POINT ( 'NONE',  ( 29.35854107291500270, 3.799999722973542937, 16.91715744354208084 ) ) ;
#145 = CARTESIAN_POINT ( 'NONE',  ( 10.00000000000000000, 0.000000000000000000, 5.875000000000000000 ) ) ;
#146 = VERTEX_POINT ( 'NONE', #4588 ) ;
#147 = DIRECTION ( 'NONE',  ( 0.4725688464794010613, -0.7071067811865472397, -0.5260025525956397718 ) ) ;
#148 = CARTESIAN_POINT ( 'NONE',  ( 11.67664670658679960, -2.600000000000000089, 14.37500000000000000 ) ) ;
#149 = PLANE ( 'NONE',  #3572 ) ;
#150 = LINE ( 'NONE', #8911, #247 ) ;
#151 = VECTOR ( 'NONE', #9187, 1000.000000000000000 ) ;
#152 = CARTESIAN_POINT ( 'NONE',  ( 27.35854122897934460, 29.25100135070063345, 18.91715728747773184 ) ) ;
#153 = ADVANCED_FACE ( 'NONE', ( #5928 ), #2753, .T. ) ;
#154 = EDGE_CURVE ( 'NONE', #8055, #9773, #2390, .T. ) ;
#155 = DIRECTION ( 'NONE',  ( 0.000000000000000000, -1.000000000000000000, 0.000000000000000000 ) ) ;
#156 = EDGE_CURVE ( 'NONE', #653, #966, #6045, .T. ) ;
#157 = LINE ( 'NONE', #9689, #3950 ) ;
#158 = CIRCLE ( 'NONE', #1665, 25.17500000000000426 ) ;
#159 = ORIENTED_EDGE ( 'NONE', *, *, #6100, .F. ) ;
#160 = CARTESIAN_POINT ( 'NONE',  ( 9.500000074505800640, 10.40000000000000036, 20.00000000000000000 ) ) ;
#161 = EDGE_CURVE ( 'NONE', #4060, #6322, #4575, .T. ) ;
#162 = DIRECTION ( 'NONE',  ( 0.000000000000000000, -1.000000000000000000, 0.000000000000000000 ) ) ;
#163 = LINE ( 'NONE', #5909, #3232 ) ;
#164 = LINE ( 'NONE', #8030, #10267 ) ;
#165 = VERTEX_POINT ( 'NONE', #6914 ) ;
#166 = EDGE_LOOP ( 'NONE', ( #10060, #9569, #6908, #2324 ) ) ;
#167 = CARTESIAN_POINT ( 'NONE',  ( 8.989458096344289828, 7.388975369041397734, 9.348840967949573866 ) ) ;
#168 = FACE_OUTER_BOUND ( 'NONE', #6582, .T. ) ;
#169 = PLANE ( 'NONE',  #2561 ) ;
#170 = AXIS2_PLACEMENT_3D ( 'NONE', #6599, #4857, #2686 ) ;
#171 = ORIENTED_EDGE ( 'NONE', *, *, #9585, .T. ) ;
#172 = DIRECTION ( 'NONE',  ( 0.7669706070501108863, 0.6416822328233688921, 0.000000000000000000 ) ) ;
#173 = EDGE_CURVE ( 'NONE', #4917, #933, #4518, .T. ) ;
#174 = EDGE_LOOP ( 'NONE', ( #9777, #9944, #9642, #2837, #3448 ) ) ;
#175 = CARTESIAN_POINT ( 'NONE',  ( 6.895968557644839514, 44.23788329113110507, 13.10569876504609965 ) ) ;
#176 = FACE_OUTER_BOUND ( 'NONE', #4323, .T. ) ;
#177 = EDGE_LOOP ( 'NONE', ( #397, #2766, #626 ) ) ;
#178 = CARTESIAN_POINT ( 'NONE',  ( 39.35854111252491094, 29.25100135070063345, 13.91715724633458962 ) ) ;
#179 = EDGE_CURVE ( 'NONE', #8440, #5408, #9292, .T. ) ;
#180 = VECTOR ( 'NONE', #3107, 1000.000000000000000 ) ;
#181 = LINE ( 'NONE', #3364, #3631 ) ;
#182 = VERTEX_POINT ( 'NONE', #3837 ) ;
#183 = LINE ( 'NONE', #9716, #1391 ) ;
#184 = DIRECTION ( 'NONE',  ( 0.000000000000000000, -1.000000000000000000, 0.000000000000000000 ) ) ;
#185 = VECTOR ( 'NONE', #336, 1000.000000000000000 ) ;
#186 = CARTESIAN_POINT ( 'NONE',  ( 13.10403144235520045, 44.23788329113110507, 13.10569876504609965 ) ) ;
#188 = DIRECTION ( 'NONE',  ( -0.6683132718461770594, 0.000000000000000000, 0.7438799437236210954 ) ) ;
#187 = PRESENTATION_LAYER_ASSIGNMENT (  '', '', ( #3840 ) ) ;
#189 = ORIENTED_EDGE ( 'NONE', *, *, #7429, .T. ) ;
#190 = DIRECTION ( 'NONE',  ( -0.6683132718461770594, 0.000000000000000000, 0.7438799437236210954 ) ) ;
#191 = VERTEX_POINT ( 'NONE', #1342 ) ;
#192 = ORIENTED_EDGE ( 'NONE', *, *, #241, .F. ) ;
#193 = ORIENTED_EDGE ( 'NONE', *, *, #5516, .F. ) ;
#194 = DIRECTION ( 'NONE',  ( -0.7071067811865500152, 1.236448081483690217E-14, -0.7071067811865450192 ) ) ;
#195 = ORIENTED_EDGE ( 'NONE', *, *, #6334, .T. ) ;
#196 =( LENGTH_UNIT ( ) NAMED_UNIT ( * ) SI_UNIT ( .MILLI., .METRE. ) );
#197 = CARTESIAN_POINT ( 'NONE',  ( -14.00000000000000000, 11.28430686604839828, 10.00000000000000000 ) ) ;
#198 = CARTESIAN_POINT ( 'NONE',  ( -11.47569850406383551, 0.000000000000000000, 14.80000001233967666 ) ) ;
#199 = ORIENTED_EDGE ( 'NONE', *, *, #8901, .F. ) ;
#200 = ORIENTED_EDGE ( 'NONE', *, *, #3038, .F. ) ;
#201 = CARTESIAN_POINT ( 'NONE',  ( 7.699741364543069899, -3.000000000000000000, 13.81473737689539938 ) ) ;
#202 = LINE ( 'NONE', #3393, #3642 ) ;
#203 = ORIENTED_EDGE ( 'NONE', *, *, #7826, .F. ) ;
#204 = AXIS2_PLACEMENT_3D ( 'NONE', #914, #4095, #5093 ) ;
#205 = LINE ( 'NONE', #3395, #8058 ) ;
#206 = CARTESIAN_POINT ( 'NONE',  ( 13.63536596715949933, 44.10683897943760456, 14.17500000000000071 ) ) ;
#207 = AXIS2_PLACEMENT_3D ( 'NONE', #2965, #1403, #7009 ) ;
#208 = FACE_OUTER_BOUND ( 'NONE', #392, .T. ) ;
#209 = CARTESIAN_POINT ( 'NONE',  ( 31.47569851645775429, 0.000000000000000000, 14.79999999999932569 ) ) ;
#210 = LINE ( 'NONE', #7241, #6992 ) ;
#211 = ADVANCED_FACE ( 'NONE', ( #10030 ), #7636, .F. ) ;
#212 = VECTOR ( 'NONE', #4210, 999.9999999999998863 ) ;
#213 = CARTESIAN_POINT ( 'NONE',  ( 8.639997686898309937, -5.200000000000000178, 15.07629903810570049 ) ) ;
#214 = CIRCLE ( 'NONE', #9688, 4.124999999999999112 ) ;
#215 = FACE_OUTER_BOUND ( 'NONE', #10075, .T. ) ;
#216 = ORIENTED_EDGE ( 'NONE', *, *, #6546, .F. ) ;
#217 = CARTESIAN_POINT ( 'NONE',  ( -6.000000000000000000, 11.35385599033019943, 20.00000000000000000 ) ) ;
#218 = CARTESIAN_POINT ( 'NONE',  ( 15.01993645344910000, 23.47718947202200113, 26.92792522093419905 ) ) ;
#219 = CARTESIAN_POINT ( 'NONE',  ( 16.31092802209069959, 7.660623714452159838, 16.31092802209009918 ) ) ;
#220 = CARTESIAN_POINT ( 'NONE',  ( 11.04600583977486572, 10.40000000000000036, 22.95399460725995411 ) ) ;
#221 = AXIS2_PLACEMENT_3D ( 'NONE', #1163, #4346, #7514 ) ;
#222 = ORIENTED_EDGE ( 'NONE', *, *, #9960, .F. ) ;
#223 = EDGE_CURVE ( 'NONE', #2223, #438, #9344, .T. ) ;
#224 = CIRCLE ( 'NONE', #8018, 2.999999932944768855 ) ;
#225 = VERTEX_POINT ( 'NONE', #650 ) ;
#226 = CARTESIAN_POINT ( 'NONE',  ( -6.799268317534903794, 20.00050710952198330, 19.19609530620935800 ) ) ;
#227 = ADVANCED_FACE ( 'NONE', ( #503 ), #2716, .F. ) ;
#228 = PLANE ( 'NONE',  #8213 ) ;
#229 = VERTEX_POINT ( 'NONE', #3640 ) ;
#230 = ADVANCED_FACE ( 'NONE', ( #553 ), #10073, .F. ) ;
#231 = DIRECTION ( 'NONE',  ( -0.9999999999999995559, -2.900003869181453072E-08, 0.000000000000000000 ) ) ;
#232 = ORIENTED_EDGE ( 'NONE', *, *, #2325, .F. ) ;
#233 = CARTESIAN_POINT ( 'NONE',  ( 19.28639494096999840, 24.79733602224339961, 24.64136292431040332 ) ) ;
#234 = AXIS2_PLACEMENT_3D ( 'NONE', #7764, #6941, #3084 ) ;
#235 = PLANE ( 'NONE',  #6209 ) ;
#236 = EDGE_LOOP ( 'NONE', ( #4445, #8221, #910, #6386, #3932, #7673, #6214, #9023, #924, #2767, #5954, #9089, #4715, #5833, #3188 ) ) ;
#237 = DIRECTION ( 'NONE',  ( 0.000000000000000000, -1.000000000000000000, 0.000000000000000000 ) ) ;
#238 = VECTOR ( 'NONE', #8508, 1000.000000000000114 ) ;
#239 = DIRECTION ( 'NONE',  ( 0.5705340520101082058, 0.4773345432410951439, -0.6683132718461771704 ) ) ;
#240 = ADVANCED_FACE ( 'NONE', ( #3055 ), #2080, .F. ) ;
#241 = EDGE_CURVE ( 'NONE', #7208, #4165, #6867, .T. ) ;
#242 = DIRECTION ( 'NONE',  ( -0.7071067811865450192, -8.656155890839430614E-15, 0.7071067811865500152 ) ) ;
#243 = CARTESIAN_POINT ( 'NONE',  ( 15.28562318937020059, 5.034314593714720232, 17.33623285481059995 ) ) ;
#244 = VECTOR ( 'NONE', #7122, 1000.000000000000000 ) ;
#245 = FACE_OUTER_BOUND ( 'NONE', #30, .T. ) ;
#246 = EDGE_CURVE ( 'NONE', #2852, #9908, #5350, .T. ) ;
#247 = VECTOR ( 'NONE', #4961, 1000.000000000000000 ) ;
#248 = CARTESIAN_POINT ( 'NONE',  ( -6.018495824796709748, 36.53321257393680099, 14.37500000000000000 ) ) ;
#249 = ORIENTED_EDGE ( 'NONE', *, *, #5714, .T. ) ;
#250 = FACE_OUTER_BOUND ( 'NONE', #5193, .T. ) ;
#251 = AXIS2_PLACEMENT_3D ( 'NONE', #8923, #1113, #2583 ) ;
#252 = EDGE_LOOP ( 'NONE', ( #3127, #5347, #9019, #8605 ) ) ;
#254 = VERTEX_POINT ( 'NONE', #7837 ) ;
#253 = VECTOR ( 'NONE', #3976, 1000.000000000000114 ) ;
#255 = ORIENTED_EDGE ( 'NONE', *, *, #878, .F. ) ;
#256 = DIRECTION ( 'NONE',  ( 0.000000000000000000, 0.000000000000000000, 1.000000000000000000 ) ) ;
#257 = EDGE_LOOP ( 'NONE', ( #2319, #9557, #6283, #5496 ) ) ;
#258 = EDGE_CURVE ( 'NONE', #9261, #7270, #2124, .T. ) ;
#259 = CARTESIAN_POINT ( 'NONE',  ( 26.84693570514319916, 35.84010237219740702, 13.06850476785990089 ) ) ;
#260 = ORIENTED_EDGE ( 'NONE', *, *, #9332, .F. ) ;
#261 = ORIENTED_EDGE ( 'NONE', *, *, #10272, .T. ) ;
#262 = DIRECTION ( 'NONE',  ( 0.9709069422338768574, 0.2394571141604759368, 0.000000000000000000 ) ) ;
#263 = CARTESIAN_POINT ( 'NONE',  ( -18.85854109944464696, 22.70771198066030294, 0.000000000000000000 ) ) ;
#264 = ORIENTED_EDGE ( 'NONE', *, *, #5629, .T. ) ;
#265 = CARTESIAN_POINT ( 'NONE',  ( 7.944088460047074918, 23.55912982169643755, 9.729929938681118884 ) ) ;
#266 = DIRECTION ( 'NONE',  ( 0.6416822328233690031, 0.7669706070501109973, 2.609890673131680046E-16 ) ) ;
#267 = DIRECTION ( 'NONE',  ( 0.000000000000000000, -5.551115123125779621E-17, -1.000000000000000000 ) ) ;
#268 = DIRECTION ( 'NONE',  ( -0.6416822328233690031, -0.7669706070501109973, 6.123233995736759873E-17 ) ) ;
#269 = CARTESIAN_POINT ( 'NONE',  ( 20.97783287275370157, 4.410623714452129640, 23.02844253819399967 ) ) ;
#270 = DIRECTION ( 'NONE',  ( 0.000000000000000000, -1.000000000000000000, 0.000000000000000000 ) ) ;
#271 = EDGE_LOOP ( 'NONE', ( #7607, #6391, #2761, #1916, #7824 ) ) ;
#272 = EDGE_CURVE ( 'NONE', #8903, #1752, #2553, .T. ) ;
#273 = CARTESIAN_POINT ( 'NONE',  ( 11.68410476065519887, 22.58792129481160060, 9.408762512076009443 ) ) ;
#274 = DIRECTION ( 'NONE',  ( 0.9709069422338768574, 0.2394571141604759368, 0.000000000000000000 ) ) ;
#275 = CARTESIAN_POINT ( 'NONE',  ( 17.33623285481120035, 5.034314593714749542, 15.28562318936960018 ) ) ;
#276 = DIRECTION ( 'NONE',  ( 0.000000000000000000, -1.000000000000000000, 0.000000000000000000 ) ) ;
#277 = ORIENTED_EDGE ( 'NONE', *, *, #654, .F. ) ;
#278 = VERTEX_POINT ( 'NONE', #8565 ) ;
#279 = DIRECTION ( 'NONE',  ( 0.7071067811865470176, -2.071311613106633476E-15, 0.7071067811865481278 ) ) ;
#280 = DIRECTION ( 'NONE',  ( 0.7071067811865462405, 9.773090005503139838E-16, 0.7071067811865487940 ) ) ;
#281 = LINE ( 'NONE', #6648, #885 ) ;
#282 = ORIENTED_EDGE ( 'NONE', *, *, #223, .F. ) ;
#283 = LINE ( 'NONE', #6650, #8388 ) ;
#284 = CARTESIAN_POINT ( 'NONE',  ( 22.41500593213920212, 4.410623714452160726, 21.47408327173609877 ) ) ;
#285 = EDGE_LOOP ( 'NONE', ( #5929, #439, #2822, #948 ) ) ;
#286 = EDGE_CURVE ( 'NONE', #8514, #4416, #6093, .T. ) ;
#287 = FACE_OUTER_BOUND ( 'NONE', #9927, .T. ) ;
#288 = DIRECTION ( 'NONE',  ( -0.7071067811865475727, 0.7071067811865475727, 0.000000000000000000 ) ) ;
#289 = CARTESIAN_POINT ( 'NONE',  ( 8.838635616310822840, 8.772679089706738154, 9.764385792606894654 ) ) ;
#290 = CARTESIAN_POINT ( 'NONE',  ( -8.768233619151651226, 36.57955347945889457, 12.23812521632610029 ) ) ;
#291 = AXIS2_PLACEMENT_3D ( 'NONE', #3184, #8639, #7919 ) ;
#292 = DIRECTION ( 'NONE',  ( 1.000000000000000000, 0.000000000000000000, 0.000000000000000000 ) ) ;
#293 = ADVANCED_FACE ( 'NONE', ( #6817 ), #9977, .T. ) ;
#294 = FACE_OUTER_BOUND ( 'NONE', #1127, .T. ) ;
#295 = EDGE_CURVE ( 'NONE', #2689, #8470, #8157, .T. ) ;
#296 = ORIENTED_EDGE ( 'NONE', *, *, #5202, .F. ) ;
#297 = ADVANCED_FACE ( 'NONE', ( #2435 ), #3210, .T. ) ;
#298 = AXIS2_PLACEMENT_3D ( 'NONE', #9308, #567, #2142 ) ;
#299 = CARTESIAN_POINT ( 'NONE',  ( 10.00000000000000000, -3.000000000000000000, 10.00000000000000000 ) ) ;
#300 = ORIENTED_EDGE ( 'NONE', *, *, #5865, .F. ) ;
#301 = ADVANCED_FACE ( 'NONE', ( #3262 ), #6706, .T. ) ;
#302 = ORIENTED_EDGE ( 'NONE', *, *, #6430, .T. ) ;
#303 = VERTEX_POINT ( 'NONE', #6289 ) ;
#304 = DIRECTION ( 'NONE',  ( 1.261617073437677851E-15, 0.000000000000000000, -1.000000000000000000 ) ) ;
#305 = ORIENTED_EDGE ( 'NONE', *, *, #3741, .T. ) ;
#306 = AXIS2_PLACEMENT_3D ( 'NONE', #7185, #46, #98 ) ;
#307 = AXIS2_PLACEMENT_3D ( 'NONE', #2054, #9225, #384 ) ;
#308 = EDGE_CURVE ( 'NONE', #813, #7667, #1054, .T. ) ;
#309 = ORIENTED_EDGE ( 'NONE', *, *, #2702, .F. ) ;
#310 = ORIENTED_EDGE ( 'NONE', *, *, #9661, .T. ) ;
#311 = CARTESIAN_POINT ( 'NONE',  ( 15.20600000000000129, -5.200000000000000178, 13.08675134594809819 ) ) ;
#312 = CARTESIAN_POINT ( 'NONE',  ( 11.60271463793222146, 4.426240917778955897, 9.552104972490592871 ) ) ;
#313 = TOROIDAL_SURFACE ( 'NONE', #4466, 24.00000000000069988, 1.175000000000000044 ) ;
#314 = EDGE_CURVE ( 'NONE', #278, #2004, #810, .T. ) ;
#315 = ORIENTED_EDGE ( 'NONE', *, *, #8129, .T. ) ;
#316 = CARTESIAN_POINT ( 'NONE',  ( 8.033463603236105754, 23.33100284071472785, 9.619504410497482283 ) ) ;
#317 = PLANE ( 'NONE',  #10117 ) ;
#318 = LINE ( 'NONE', #4176, #6731 ) ;
#319 = DIRECTION ( 'NONE',  ( 0.5773502691896251759, 0.5773502691896252870, 0.5773502691896267303 ) ) ;
#320 = VECTOR ( 'NONE', #899, 1000.000000000000114 ) ;
#321 = CARTESIAN_POINT ( 'NONE',  ( 38.85854111252491094, 4.700001121312770813, 0.000000000000000000 ) ) ;
#322 = ORIENTED_EDGE ( 'NONE', *, *, #1297, .T. ) ;
#323 = DIRECTION ( 'NONE',  ( -1.000000000000000000, 0.000000000000000000, 0.000000000000000000 ) ) ;
#324 = ORIENTED_EDGE ( 'NONE', *, *, #6968, .T. ) ;
#325 = CARTESIAN_POINT ( 'NONE',  ( 26.00000000000000000, 6.060623714452029631, 20.00000000000000000 ) ) ;
#326 = DIRECTION ( 'NONE',  ( -0.7071067811865500152, 7.511339080654519729E-16, -0.7071067811865450192 ) ) ;
#327 = VECTOR ( 'NONE', #329, 1000.000000000000000 ) ;
#328 = PLANE ( 'NONE',  #3727 ) ;
#329 = DIRECTION ( 'NONE',  ( 0.000000000000000000, 1.000000000000000000, -0.000000000000000000 ) ) ;
#330 = ORIENTED_EDGE ( 'NONE', *, *, #8811, .T. ) ;
#331 = ORIENTED_EDGE ( 'NONE', *, *, #9616, .F. ) ;
#332 = CARTESIAN_POINT ( 'NONE',  ( 14.36638437382770128, 4.910623714452030164, 18.25547167035309926 ) ) ;
#333 = CARTESIAN_POINT ( 'NONE',  ( 11.17499999999999893, 10.66305471978099995, 10.00000000000000000 ) ) ;
#334 = ORIENTED_EDGE ( 'NONE', *, *, #9005, .T. ) ;
#335 = AXIS2_PLACEMENT_3D ( 'NONE', #8313, #4365, #398 ) ;
#336 = DIRECTION ( 'NONE',  ( -0.7669706070501109973, -0.6416822328233690031, 0.000000000000000000 ) ) ;
#337 = DIRECTION ( 'NONE',  ( -0.3135493772198331697, -0.5733021862560180315, 0.7569751589577591311 ) ) ;
#338 = VECTOR ( 'NONE', #5696, 1000.000000000000000 ) ;
#339 = LINE ( 'NONE', #3527, #9037 ) ;
#340 = LINE ( 'NONE', #8299, #2058 ) ;
#341 = EDGE_CURVE ( 'NONE', #10025, #2579, #4104, .T. ) ;
#342 = EDGE_LOOP ( 'NONE', ( #2699, #4641, #6744, #7774 ) ) ;
#343 = CARTESIAN_POINT ( 'NONE',  ( 8.323353293413170206, -2.600000000000000089, 14.37500000000000000 ) ) ;
#344 = VECTOR ( 'NONE', #10287, 1000.000000000000000 ) ;
#345 = ORIENTED_EDGE ( 'NONE', *, *, #352, .F. ) ;
#346 = EDGE_CURVE ( 'NONE', #7136, #4131, #537, .T. ) ;
#347 = CARTESIAN_POINT ( 'NONE',  ( 12.04668366436405158, 23.53568712597006396, 10.28268470398447931 ) ) ;
#348 = ORIENTED_EDGE ( 'NONE', *, *, #2729, .F. ) ;
#349 = ORIENTED_EDGE ( 'NONE', *, *, #8748, .T. ) ;
#350 = CARTESIAN_POINT ( 'NONE',  ( 24.47588418930790155, 37.30229873345540170, 10.00000000000000000 ) ) ;
#351 = ORIENTED_EDGE ( 'NONE', *, *, #5575, .T. ) ;
#352 = EDGE_CURVE ( 'NONE', #3213, #7136, #6373, .T. ) ;
#353 = ADVANCED_FACE ( 'NONE', ( #7106, #5554 ), #8773, .F. ) ;
#354 = EDGE_CURVE ( 'NONE', #470, #9484, #867, .T. ) ;
#355 = ORIENTED_EDGE ( 'NONE', *, *, #8892, .F. ) ;
#356 = VERTEX_POINT ( 'NONE', #7946 ) ;
#357 = CARTESIAN_POINT ( 'NONE',  ( -10.47082295315080103, 35.67662275557450613, 2.500000000000000000 ) ) ;
#358 = CARTESIAN_POINT ( 'NONE',  ( 10.68772874508483461, 5.564608242371170910, 8.637119079643230890 ) ) ;
#359 = ORIENTED_EDGE ( 'NONE', *, *, #1996, .T. ) ;
#360 = DIRECTION ( 'NONE',  ( 0.000000000000000000, 0.000000000000000000, -1.000000000000000000 ) ) ;
#361 = DIRECTION ( 'NONE',  ( 0.000000000000000000, -1.000000000000000000, -5.623679171581209813E-16 ) ) ;
#362 = ADVANCED_FACE ( 'NONE', ( #3996 ), #7218, .T. ) ;
#363 = CARTESIAN_POINT ( 'NONE',  ( 10.62542897425306165, 10.77626170812226825, 10.99893024562537391 ) ) ;
#364 = PLANE ( 'NONE',  #9975 ) ;
#365 = EDGE_CURVE ( 'NONE', #2933, #8000, #2492, .T. ) ;
#366 = DIRECTION ( 'NONE',  ( 0.6416822328233690031, 0.7669706070501109973, 0.000000000000000000 ) ) ;
#367 = AXIS2_PLACEMENT_3D ( 'NONE', #676, #10206, #2297 ) ;
#368 = CARTESIAN_POINT ( 'NONE',  ( 24.01996691247749993, 34.29377929006300008, 14.12500000000000000 ) ) ;
#369 = AXIS2_PLACEMENT_3D ( 'NONE', #3501, #5991, #5890 ) ;
#370 = ORIENTED_EDGE ( 'NONE', *, *, #7096, .F. ) ;
#371 = CARTESIAN_POINT ( 'NONE',  ( 15.51881314101200005, 20.66205238419150092, 21.76994765900469986 ) ) ;
#372 = DIRECTION ( 'NONE',  ( -0.000000000000000000, 0.000000000000000000, 1.000000000000000000 ) ) ;
#373 = FACE_BOUND ( 'NONE', #3442, .T. ) ;
#374 = VERTEX_POINT ( 'NONE', #5666 ) ;
#375 = ORIENTED_EDGE ( 'NONE', *, *, #8245, .T. ) ;
#376 = DIRECTION ( 'NONE',  ( 0.5773502691896251759, 0.5773502691896252870, 0.5773502691896267303 ) ) ;
#377 = CARTESIAN_POINT ( 'NONE',  ( 9.923336460268769699, 13.99718353375900115, 8.827503645346459038 ) ) ;
#378 = CIRCLE ( 'NONE', #9342, 1.175000000000000711 ) ;
#379 = DIRECTION ( 'NONE',  ( -0.8164965809277267006, 0.5773502691896248429, 0.000000000000000000 ) ) ;
#380 = CARTESIAN_POINT ( 'NONE',  ( 19.29289417248839911, 8.705311857225998651, 23.88908825020029880 ) ) ;
#381 = CARTESIAN_POINT ( 'NONE',  ( 18.25547167035369966, 10.07312371445179977, 14.36638437382710087 ) ) ;
#382 = LINE ( 'NONE', #3575, #510 ) ;
#383 = AXIS2_PLACEMENT_3D ( 'NONE', #2424, #5650, #796 ) ;
#384 = DIRECTION ( 'NONE',  ( 0.9999999999993482991, -1.141635809792724148E-06, 0.000000000000000000 ) ) ;
#385 = AXIS2_PLACEMENT_3D ( 'NONE', #112, #2634, #1800 ) ;
#386 = VERTEX_POINT ( 'NONE', #8830 ) ;
#387 = LINE ( 'NONE', #3579, #9353 ) ;
#388 = VECTOR ( 'NONE', #9764, 1000.000000000000000 ) ;
#389 = ORIENTED_EDGE ( 'NONE', *, *, #7424, .F. ) ;
#390 = CARTESIAN_POINT ( 'NONE',  ( -9.358541061516552517, 3.800000845770423741, 16.91715745477786115 ) ) ;
#391 = VECTOR ( 'NONE', #4098, 1000.000000000000000 ) ;
#392 = EDGE_LOOP ( 'NONE', ( #446, #264, #3498, #402 ) ) ;
#393 = EDGE_CURVE ( 'NONE', #794, #7232, #756, .T. ) ;
#394 = AXIS2_PLACEMENT_3D ( 'NONE', #8021, #1503, #10296 ) ;
#395 = DIRECTION ( 'NONE',  ( -1.000000000000000000, 0.000000000000000000, 0.000000000000000000 ) ) ;
#396 = VERTEX_POINT ( 'NONE', #3940 ) ;
#397 = ORIENTED_EDGE ( 'NONE', *, *, #6741, .T. ) ;
#398 = DIRECTION ( 'NONE',  ( 0.7669706070501113304, 0.6416822328233686701, 0.000000000000000000 ) ) ;
#399 = ORIENTED_EDGE ( 'NONE', *, *, #10240, .T. ) ;
#400 = AXIS2_PLACEMENT_3D ( 'NONE', #4634, #7123, #5464 ) ;
#401 = SHAPE_DEFINITION_REPRESENTATION ( #6357, #7834 ) ;
#402 = ORIENTED_EDGE ( 'NONE', *, *, #2785, .T. ) ;
#403 = AXIS2_PLACEMENT_3D ( 'NONE', #4089, #1578, #3973 ) ;
#404 = EDGE_LOOP ( 'NONE', ( #6963, #1643, #9592, #1896 ) ) ;
#405 = VECTOR ( 'NONE', #7256, 999.9999999999998863 ) ;
#406 = CARTESIAN_POINT ( 'NONE',  ( 19.23161337281990058, 26.69381974359130183, 21.73739176651470117 ) ) ;
#407 = CARTESIAN_POINT ( 'NONE',  ( 10.64491324158033692, 5.673289228700283182, 8.594303576138734968 ) ) ;
#408 = ADVANCED_FACE ( 'NONE', ( #8057 ), #923, .F. ) ;
#409 = ORIENTED_EDGE ( 'NONE', *, *, #4507, .F. ) ;
#411 = ADVANCED_FACE ( 'NONE', ( #3320 ), #6507, .T. ) ;
#410 = DIRECTION ( 'NONE',  ( -0.9763565158933842358, -0.2161664957215430338, 0.000000000000000000 ) ) ;
#412 = CARTESIAN_POINT ( 'NONE',  ( 1.874935749645579852, 40.73361127667779868, 13.25447475379079876 ) ) ;
#413 = FACE_OUTER_BOUND ( 'NONE', #9883, .T. ) ;
#414 = CARTESIAN_POINT ( 'NONE',  ( 23.02844253819469955, 4.410623714452170496, 20.97783287275300168 ) ) ;
#415 = EDGE_CURVE ( 'NONE', #5147, #8164, #5722, .T. ) ;
#416 = LINE ( 'NONE', #5999, #5286 ) ;
#417 = EDGE_CURVE ( 'NONE', #6333, #9837, #3435, .T. ) ;
#418 = ORIENTED_EDGE ( 'NONE', *, *, #5971, .T. ) ;
#419 = CARTESIAN_POINT ( 'NONE',  ( 2.052248903235608601, 43.45525099426140514, 10.00000000000000000 ) ) ;
#420 = LINE ( 'NONE', #9156, #10242 ) ;
#422 = EDGE_CURVE ( 'NONE', #2856, #5993, #9724, .T. ) ;
#421 = DIRECTION ( 'NONE',  ( 0.6416822328233690031, 0.7669706070501109973, 0.000000000000000000 ) ) ;
#423 = EDGE_LOOP ( 'NONE', ( #4509, #2875, #591, #9495, #6846, #3833, #8067 ) ) ;
#424 = EDGE_LOOP ( 'NONE', ( #6591, #1260, #5499, #6816, #9823, #647, #4929 ) ) ;
#425 = CARTESIAN_POINT ( 'NONE',  ( 27.48703538195909957, 38.17299413324300161, 14.57728082833789962 ) ) ;
#426 = ORIENTED_EDGE ( 'NONE', *, *, #28, .F. ) ;
#427 = CYLINDRICAL_SURFACE ( 'NONE', #3738, 2.999999932944768855 ) ;
#428 = ADVANCED_FACE ( 'NONE', ( #2600 ), #3377, .F. ) ;
#429 = CARTESIAN_POINT ( 'NONE',  ( 9.863178205281233346, 15.06158733573372643, 8.831437085952122956 ) ) ;
#430 = CARTESIAN_POINT ( 'NONE',  ( -3.891630465912820025, 34.14038516865299755, 14.12500000000000000 ) ) ;
#431 = CARTESIAN_POINT ( 'NONE',  ( 10.00000000000000000, 0.5000000000000004441, 0.000000000000000000 ) ) ;
#433 = EDGE_CURVE ( 'NONE', #4481, #9833, #7383, .T. ) ;
#432 = DIRECTION ( 'NONE',  ( 0.7071067811865461294, 1.101411730778925368E-15, 0.7071067811865489050 ) ) ;
#434 = VERTEX_POINT ( 'NONE', #1088 ) ;
#435 = CARTESIAN_POINT ( 'NONE',  ( 23.00521870366319988, 4.910623714452089672, 19.11613140713659931 ) ) ;
#436 = ORIENTED_EDGE ( 'NONE', *, *, #3220, .F. ) ;
#437 = CARTESIAN_POINT ( 'NONE',  ( 1.938918127572808237, 33.02453524449802558, 10.00000000000000000 ) ) ;
#438 = VERTEX_POINT ( 'NONE', #1818 ) ;
#439 = ORIENTED_EDGE ( 'NONE', *, *, #10082, .F. ) ;
#440 = CARTESIAN_POINT ( 'NONE',  ( 11.94642832549780032, 23.27923086985084922, 10.40076287422770918 ) ) ;
#441 = VECTOR ( 'NONE', #2036, 1000.000000000000000 ) ;
#442 = CARTESIAN_POINT ( 'NONE',  ( 16.31092802209069959, 7.660623714452159838, 16.31092802209009918 ) ) ;
#443 = EDGE_LOOP ( 'NONE', ( #6674, #9494, #2182, #2438 ) ) ;
#444 = EDGE_LOOP ( 'NONE', ( #5190, #898, #8243, #5159 ) ) ;
#445 = LINE ( 'NONE', #8996, #151 ) ;
#446 = ORIENTED_EDGE ( 'NONE', *, *, #9665, .F. ) ;
#447 = EDGE_LOOP ( 'NONE', ( #8788, #8832, #7521, #6958 ) ) ;
#448 = B_SPLINE_CURVE_WITH_KNOTS ( 'NONE', 3,
 ( #9852, #8333, #2681, #7598, #7508 ),
 .UNSPECIFIED., .F., .F.,
 ( 4, 1, 4 ),
 ( 0.000000000000000000, 0.7878033142971752056, 1.000883547660071926 ),
 .UNSPECIFIED. ) ;
#449 = VECTOR ( 'NONE', #1353, 1000.000000000000114 ) ;
#450 = ORIENTED_EDGE ( 'NONE', *, *, #1468, .F. ) ;
#451 = PLANE ( 'NONE',  #7002 ) ;
#452 = CARTESIAN_POINT ( 'NONE',  ( 34.00000000000070344, 17.08409838298209849, 10.00000000000000000 ) ) ;
#453 = ORIENTED_EDGE ( 'NONE', *, *, #2956, .F. ) ;
#454 = AXIS2_PLACEMENT_3D ( 'NONE', #8236, #8856, #6637 ) ;
#455 = CARTESIAN_POINT ( 'NONE',  ( -5.887585101519320574, 38.98963406896560002, 10.00000000000000000 ) ) ;
#456 = CIRCLE ( 'NONE', #1969, 2.100000000000000533 ) ;
#457 = CYLINDRICAL_SURFACE ( 'NONE', #4248, 4.375000000000000000 ) ;
#458 = DIRECTION ( 'NONE',  ( -0.7071067811865475727, 0.000000000000000000, 0.7071067811865475727 ) ) ;
#459 = EDGE_CURVE ( 'NONE', #9548, #6713, #4269, .T. ) ;
#460 = CIRCLE ( 'NONE', #9788, 3.249999999999999556 ) ;
#461 = FACE_OUTER_BOUND ( 'NONE', #9940, .T. ) ;
#462 = VECTOR ( 'NONE', #7305, 1000.000000000000000 ) ;
#463 = CARTESIAN_POINT ( 'NONE',  ( 19.28639424186830098, 25.64366384225559869, 23.17548153839389968 ) ) ;
#464 = ORIENTED_EDGE ( 'NONE', *, *, #747, .F. ) ;
#465 = DIRECTION ( 'NONE',  ( 0.2394571141604754927, 0.9709069422338770794, -4.436814144323860170E-16 ) ) ;
#466 = CARTESIAN_POINT ( 'NONE',  ( 22.17978691243950351, 24.03643497181180066, 26.33344934007149973 ) ) ;
#467 = ADVANCED_FACE ( 'NONE', ( #250 ), #1033, .F. ) ;
#468 = FACE_OUTER_BOUND ( 'NONE', #2372, .T. ) ;
#469 = ORIENTED_EDGE ( 'NONE', *, *, #3193, .T. ) ;
#470 = VERTEX_POINT ( 'NONE', #4159 ) ;
#471 = CARTESIAN_POINT ( 'NONE',  ( 17.33623285481120035, 9.533580919533712006, 15.28562318936960018 ) ) ;
#472 = AXIS2_PLACEMENT_3D ( 'NONE', #1890, #5075, #839 ) ;
#473 = ADVANCED_FACE ( 'NONE', ( #975 ), #7328, .T. ) ;
#474 = EDGE_CURVE ( 'NONE', #4556, #809, #1540, .T. ) ;
#475 = ORIENTED_EDGE ( 'NONE', *, *, #9244, .T. ) ;
#476 = CARTESIAN_POINT ( 'NONE',  ( 10.18472846698980483, 9.368757463686042897, 8.839512982639183392 ) ) ;
#477 = EDGE_CURVE ( 'NONE', #7472, #1747, #6051, .T. ) ;
#478 = CARTESIAN_POINT ( 'NONE',  ( 9.769656890474610833, 16.09055895214146048, 8.840954993865711486 ) ) ;
#479 = FACE_OUTER_BOUND ( 'NONE', #5977, .T. ) ;
#480 = VECTOR ( 'NONE', #5175, 1000.000000000000000 ) ;
#481 = VECTOR ( 'NONE', #7014, 1000.000000000000114 ) ;
#482 = VERTEX_POINT ( 'NONE', #4762 ) ;
#483 = LINE ( 'NONE', #2793, #6345 ) ;
#484 = DIRECTION ( 'NONE',  ( 0.7669706070501109973, 0.6416822328233690031, 0.000000000000000000 ) ) ;
#485 = EDGE_LOOP ( 'NONE', ( #1939, #9198, #9968, #2009 ) ) ;
#486 = FACE_OUTER_BOUND ( 'NONE', #1230, .T. ) ;
#487 = EDGE_CURVE ( 'NONE', #3829, #10152, #7534, .T. ) ;
#488 = VECTOR ( 'NONE', #4059, 1000.000000000000000 ) ;
#489 = VERTEX_POINT ( 'NONE', #8816 ) ;
#490 = CARTESIAN_POINT ( 'NONE',  ( 19.72924294276119994, 31.62887638810719793, 10.00000000000000000 ) ) ;
#491 = EDGE_CURVE ( 'NONE', #1965, #1036, #1523, .T. ) ;
#492 = ORIENTED_EDGE ( 'NONE', *, *, #7531, .T. ) ;
#493 = CIRCLE ( 'NONE', #9647, 4.125000000000001776 ) ;
#494 = PLANE ( 'NONE',  #8274 ) ;
#495 = EDGE_LOOP ( 'NONE', ( #7267, #3182, #7571, #7169 ) ) ;
#496 = EDGE_LOOP ( 'NONE', ( #9111, #6065, #1140, #7731 ) ) ;
#497 = CARTESIAN_POINT ( 'NONE',  ( 0.1940000000000099978, 0.000000000000000000, 12.98675134594810032 ) ) ;
#498 = ORIENTED_EDGE ( 'NONE', *, *, #9206, .T. ) ;
#499 = ORIENTED_EDGE ( 'NONE', *, *, #9301, .T. ) ;
#500 = VECTOR ( 'NONE', #4383, 1000.000000000000000 ) ;
#501 = ORIENTED_EDGE ( 'NONE', *, *, #945, .F. ) ;
#502 = DIRECTION ( 'NONE',  ( 0.000000000000000000, 0.000000000000000000, -1.000000000000000000 ) ) ;
#503 = FACE_OUTER_BOUND ( 'NONE', #495, .T. ) ;
#504 = CARTESIAN_POINT ( 'NONE',  ( 11.05971141907129507, 4.782699328897747293, 9.009101753629673581 ) ) ;
#505 = ORIENTED_EDGE ( 'NONE', *, *, #10141, .F. ) ;
#506 = AXIS2_PLACEMENT_3D ( 'NONE', #8522, #6195, #1400 ) ;
#507 = DIRECTION ( 'NONE',  ( 0.7222382015498088892, -0.1781273446059149501, -0.6683132718461779476 ) ) ;
#508 = CARTESIAN_POINT ( 'NONE',  ( 13.65839009415729954, 41.83523786601629979, 14.37500000000000000 ) ) ;
#509 = CARTESIAN_POINT ( 'NONE',  ( 29.35854107291500270, 0.000000000000000000, 26.22427590715502177 ) ) ;
#510 = VECTOR ( 'NONE', #9912, 1000.000000000000000 ) ;
#511 = DIRECTION ( 'NONE',  ( 0.000000000000000000, 1.000000000000000000, 0.000000000000000000 ) ) ;
#512 = DIRECTION ( 'NONE',  ( -0.7071067811865500152, 7.511339080654519729E-16, -0.7071067811865450192 ) ) ;
#513 = ORIENTED_EDGE ( 'NONE', *, *, #5842, .F. ) ;
#514 = FACE_OUTER_BOUND ( 'NONE', #5737, .T. ) ;
#515 = CARTESIAN_POINT ( 'NONE',  ( 24.66043213023910141, 40.01632564148300020, 14.17500000000000071 ) ) ;
#516 = CARTESIAN_POINT ( 'NONE',  ( 9.929037555168930496, 4.440224015041702721, 11.97964722060930676 ) ) ;
#517 = EDGE_CURVE ( 'NONE', #8593, #2782, #7988, .T. ) ;
#518 = DIRECTION ( 'NONE',  ( -0.7438799437236197631, 0.000000000000000000, 0.6683132718461786137 ) ) ;
#519 = EDGE_LOOP ( 'NONE', ( #76, #6719, #3834, #1940, #4162, #7952 ) ) ;
#520 = ORIENTED_EDGE ( 'NONE', *, *, #131, .T. ) ;
#521 = DIRECTION ( 'NONE',  ( 0.5125766358075094509, -0.4288447525037482611, 0.7438799437236189860 ) ) ;
#522 = ORIENTED_EDGE ( 'NONE', *, *, #8306, .F. ) ;
#523 = CARTESIAN_POINT ( 'NONE',  ( 9.629360589789348168, 8.550686419463755072, 8.884987663859977403 ) ) ;
#524 = AXIS2_PLACEMENT_3D ( 'NONE', #6016, #578, #2048 ) ;
#525 = LINE ( 'NONE', #2931, #788 ) ;
#526 = PLANE ( 'NONE',  #7835 ) ;
#527 = ORIENTED_EDGE ( 'NONE', *, *, #3859, .F. ) ;
#528 = CYLINDRICAL_SURFACE ( 'NONE', #3024, 4.125000000000000000 ) ;
#529 = ADVANCED_FACE ( 'NONE', ( #5431 ), #10263, .F. ) ;
#530 = CARTESIAN_POINT ( 'NONE',  ( 14.50495123071400450, 3.800000153682468351, 34.80000000098205959 ) ) ;
#531 = ORIENTED_EDGE ( 'NONE', *, *, #6173, .T. ) ;
#532 = CARTESIAN_POINT ( 'NONE',  ( 23.52010055392689836, 38.62348284133749843, 14.12500000000000000 ) ) ;
#533 = EDGE_CURVE ( 'NONE', #4974, #7270, #7880, .T. ) ;
#534 = TOROIDAL_SURFACE ( 'NONE', #1529, 2.174999999999999822, 1.000000000000000000 ) ;
#535 = VERTEX_POINT ( 'NONE', #3142 ) ;
#536 = CARTESIAN_POINT ( 'NONE',  ( 34.55854145947857603, 29.25100135070063345, 7.500000000034249048 ) ) ;
#537 = CIRCLE ( 'NONE', #3705, 0.9999999999999991118 ) ;
#538 = ORIENTED_EDGE ( 'NONE', *, *, #1068, .T. ) ;
#539 = AXIS2_PLACEMENT_3D ( 'NONE', #7324, #859, #184 ) ;
#540 = ADVANCED_FACE ( 'NONE', ( #1474 ), #3197, .T. ) ;
#541 = EDGE_CURVE ( 'NONE', #191, #7472, #6997, .T. ) ;
#542 = CARTESIAN_POINT ( 'NONE',  ( 5.239551270189219956, -5.200000000000000178, 7.286949615946170411 ) ) ;
#543 = ORIENTED_EDGE ( 'NONE', *, *, #5802, .F. ) ;
#544 = ORIENTED_EDGE ( 'NONE', *, *, #7282, .T. ) ;
#545 = DIRECTION ( 'NONE',  ( 0.09129144313905063202, 0.8455691497875620355, -0.5260025525956397718 ) ) ;
#546 = EDGE_CURVE ( 'NONE', #6904, #2070, #8595, .T. ) ;
#547 = VECTOR ( 'NONE', #8868, 999.9999999999998863 ) ;
#548 = ORIENTED_EDGE ( 'NONE', *, *, #7478, .F. ) ;
#549 = AXIS2_PLACEMENT_3D ( 'NONE', #4651, #7822, #8760 ) ;
#550 = VERTEX_POINT ( 'NONE', #8648 ) ;
#551 = VECTOR ( 'NONE', #2149, 1000.000000000000227 ) ;
#552 = ORIENTED_EDGE ( 'NONE', *, *, #2370, .T. ) ;
#553 = FACE_OUTER_BOUND ( 'NONE', #2107, .T. ) ;
#554 = CARTESIAN_POINT ( 'NONE',  ( 9.298338746027141610, 7.189331700155960014, 9.040719426316790930 ) ) ;
#555 = ORIENTED_EDGE ( 'NONE', *, *, #592, .T. ) ;
#556 = CARTESIAN_POINT ( 'NONE',  ( 8.921925681363829241, 20.72866656732043467, 9.130477716644731956 ) ) ;
#557 = ADVANCED_FACE ( 'NONE', ( #1691 ), #9481, .F. ) ;
#558 = CARTESIAN_POINT ( 'NONE',  ( 21.86171593532237978, 20.66205238419162526, 17.68978592632117142 ) ) ;
#559 = LINE ( 'NONE', #3945, #4005 ) ;
#560 = AXIS2_PLACEMENT_3D ( 'NONE', #5692, #7304, #4971 ) ;
#561 = VECTOR ( 'NONE', #2817, 1000.000000000000000 ) ;
#562 = CARTESIAN_POINT ( 'NONE',  ( -4.732557082437239160, 37.60908697627539965, 10.00000000000000000 ) ) ;
#563 = ORIENTED_EDGE ( 'NONE', *, *, #2141, .T. ) ;
#564 = CARTESIAN_POINT ( 'NONE',  ( 10.00000000000000178, 24.22597971426971597, 10.70261676131250361 ) ) ;
#565 = ORIENTED_EDGE ( 'NONE', *, *, #4576, .T. ) ;
#566 = DIRECTION ( 'NONE',  ( -0.7071067811865475727, 0.7071067811865475727, 0.000000000000000000 ) ) ;
#567 = DIRECTION ( 'NONE',  ( 0.2394571141604754927, 0.9709069422338770794, -4.436814144323860170E-16 ) ) ;
#568 = DIRECTION ( 'NONE',  ( -0.2394571141604759368, 0.9709069422338768574, 0.000000000000000000 ) ) ;
#569 = CARTESIAN_POINT ( 'NONE',  ( 10.19653162436939908, 4.429207964088569760, 12.24714128915760014 ) ) ;
#570 = CARTESIAN_POINT ( 'NONE',  ( 7.859648254574486792, 23.77163213993198809, 10.01391047550116298 ) ) ;
#571 = VERTEX_POINT ( 'NONE', #851 ) ;
#572 = AXIS2_PLACEMENT_3D ( 'NONE', #8010, #985, #1600 ) ;
#573 = EDGE_LOOP ( 'NONE', ( #9723, #8891, #3164, #1349, #2695 ) ) ;
#574 = DIRECTION ( 'NONE',  ( -0.7196523924529688587, -0.2449802248585919440, 0.6496807858209688868 ) ) ;
#575 = CARTESIAN_POINT ( 'NONE',  ( 15.14008042630798911, 21.55161756315870747, 26.97769041434737858 ) ) ;
#576 = ADVANCED_FACE ( 'NONE', ( #2362 ), #7203, .T. ) ;
#577 = LINE ( 'NONE', #5327, #10281 ) ;
#578 = DIRECTION ( 'NONE',  ( -0.6416822328233690031, 0.7669706070501109973, -4.175825077010690242E-16 ) ) ;
#579 = ORIENTED_EDGE ( 'NONE', *, *, #1778, .F. ) ;
#580 = CARTESIAN_POINT ( 'NONE',  ( 23.00521870366319988, 4.910623714452089672, 19.11613140713649983 ) ) ;
#581 = CARTESIAN_POINT ( 'NONE',  ( 10.00025976505166803, 19.83142006463221207, 11.16469595267491499 ) ) ;
#582 = CARTESIAN_POINT ( 'NONE',  ( 8.092011232514929375, 27.47702896325389688, 20.00000000000000000 ) ) ;
#583 = VERTEX_POINT ( 'NONE', #5593 ) ;
#584 = CARTESIAN_POINT ( 'NONE',  ( 19.29289417248839911, 5.896023223725820550, 24.22202128868229920 ) ) ;
#585 = DIRECTION ( 'NONE',  ( -0.7071067811865473507, -2.050793297954772697E-08, 0.7071067811865473507 ) ) ;
#586 = VERTEX_POINT ( 'NONE', #637 ) ;
#587 = CYLINDRICAL_SURFACE ( 'NONE', #1463, 1.699999999999999289 ) ;
#588 = EDGE_CURVE ( 'NONE', #9382, #8091, #1582, .T. ) ;
#589 = DIRECTION ( 'NONE',  ( 2.312964686334536862E-15, 1.000000000000000000, 1.503427046117448881E-14 ) ) ;
#590 = VERTEX_POINT ( 'NONE', #744 ) ;
#591 = ORIENTED_EDGE ( 'NONE', *, *, #2196, .F. ) ;
#592 = EDGE_CURVE ( 'NONE', #3213, #482, #5370, .T. ) ;
#593 = LINE ( 'NONE', #4513, #7034 ) ;
#594 = DIRECTION ( 'NONE',  ( 0.7669706070501112194, 0.6416822328233686701, 0.000000000000000000 ) ) ;
#595 = ORIENTED_EDGE ( 'NONE', *, *, #5480, .F. ) ;
#596 = VERTEX_POINT ( 'NONE', #685 ) ;
#597 = EDGE_CURVE ( 'NONE', #4465, #2055, #10219, .T. ) ;
#598 = EDGE_CURVE ( 'NONE', #3137, #2077, #6273, .T. ) ;
#599 = ORIENTED_EDGE ( 'NONE', *, *, #1493, .T. ) ;
#600 = EDGE_CURVE ( 'NONE', #4733, #4725, #2053, .T. ) ;
#601 = DIRECTION ( 'NONE',  ( 1.000000000000000000, 0.000000000000000000, 0.000000000000000000 ) ) ;
#602 = CARTESIAN_POINT ( 'NONE',  ( 11.17305112370544506, 3.498507246040125640, 9.690171013550695989 ) ) ;
#603 = ORIENTED_EDGE ( 'NONE', *, *, #4063, .F. ) ;
#604 = CARTESIAN_POINT ( 'NONE',  ( 22.17991430594149804, 6.060623714452040289, 15.10884649407529956 ) ) ;
#605 = FACE_OUTER_BOUND ( 'NONE', #4940, .T. ) ;
#606 = VECTOR ( 'NONE', #6156, 1000.000000000000000 ) ;
#607 = EDGE_CURVE ( 'NONE', #8768, #3494, #1905, .T. ) ;
#608 = DIRECTION ( 'NONE',  ( -0.8944271909999161885, 0.4472135954999570950, 0.000000000000000000 ) ) ;
#609 = ORIENTED_EDGE ( 'NONE', *, *, #9248, .T. ) ;
#610 = EDGE_CURVE ( 'NONE', #2559, #10277, #4256, .T. ) ;
#611 = DIRECTION ( 'NONE',  ( 0.7071067811865500152, -7.511339080654519729E-16, 0.7071067811865450192 ) ) ;
#612 = ORIENTED_EDGE ( 'NONE', *, *, #6848, .F. ) ;
#613 = CARTESIAN_POINT ( 'NONE',  ( 3.804025169530429906, 41.62137317017089799, 14.37500000000000000 ) ) ;
#614 = VECTOR ( 'NONE', #2898, 1000.000000000000114 ) ;
#615 = LINE ( 'NONE', #9359, #6123 ) ;
#616 = CARTESIAN_POINT ( 'NONE',  ( 23.74757764702300022, 40.78006091066870198, 13.10569876504609965 ) ) ;
#617 = CARTESIAN_POINT ( 'NONE',  ( 9.211702133378777191, 4.552253803918556940, 11.26231179881916056 ) ) ;
#618 = CARTESIAN_POINT ( 'NONE',  ( -7.358541220828723972, 5.199999780968477481, 18.91715729557478909 ) ) ;
#619 = LINE ( 'NONE', #6981, #9720 ) ;
#620 = LINE ( 'NONE', #10147, #7141 ) ;
#621 = AXIS2_PLACEMENT_3D ( 'NONE', #5470, #1617, #6985 ) ;
#622 = CIRCLE ( 'NONE', #1457, 1.174999999999999156 ) ;
#623 = FACE_OUTER_BOUND ( 'NONE', #5536, .T. ) ;
#624 = DIRECTION ( 'NONE',  ( 1.000000000000000000, 0.000000000000000000, 0.000000000000000000 ) ) ;
#625 = CARTESIAN_POINT ( 'NONE',  ( 11.17500000000000071, 17.08409838298220151, 10.00000000000000000 ) ) ;
#626 = ORIENTED_EDGE ( 'NONE', *, *, #700, .T. ) ;
#627 = CARTESIAN_POINT ( 'NONE',  ( 10.44194173824209848, 7.660623714452159838, 12.49255140368249961 ) ) ;
#628 = CARTESIAN_POINT ( 'NONE',  ( 21.42205127018919697, 0.000000000000000000, 15.27141516370409846 ) ) ;
#629 = VECTOR ( 'NONE', #1405, 1000.000000000000114 ) ;
#630 = DIRECTION ( 'NONE',  ( 0.6488699952224916689, 0.1600323674314322597, 0.7438799437236192080 ) ) ;
#631 = ORIENTED_EDGE ( 'NONE', *, *, #6753, .F. ) ;
#632 = CARTESIAN_POINT ( 'NONE',  ( 13.18054020476309951, 41.95309113344990237, 13.59675238393000107 ) ) ;
#633 = CARTESIAN_POINT ( 'NONE',  ( 9.084166884877834747, 20.11936390816273956, 10.93077171900793587 ) ) ;
#634 = VERTEX_POINT ( 'NONE', #7468 ) ;
#635 = CARTESIAN_POINT ( 'NONE',  ( 26.01849582479669820, 36.53321257393680099, 14.37500000000000000 ) ) ;
#636 = CIRCLE ( 'NONE', #6482, 1.000000000000000000 ) ;
#637 = CARTESIAN_POINT ( 'NONE',  ( 28.99778893805630275, 33.64945218361569346, 20.00000000000000000 ) ) ;
#638 = ORIENTED_EDGE ( 'NONE', *, *, #66, .F. ) ;
#639 = DIRECTION ( 'NONE',  ( -0.6416822328233690031, 0.7669706070501109973, 0.000000000000000000 ) ) ;
#640 = ORIENTED_EDGE ( 'NONE', *, *, #3767, .T. ) ;
#641 = ORIENTED_EDGE ( 'NONE', *, *, #2434, .T. ) ;
#642 = AXIS2_PLACEMENT_3D ( 'NONE', #1783, #8179, #8075 ) ;
#643 = LINE ( 'NONE', #7679, #5071 ) ;
#644 = ADVANCED_FACE ( 'NONE', ( #5764 ), #9810, .T. ) ;
#645 = DIRECTION ( 'NONE',  ( -0.7071067811865473507, -2.050793297954772697E-08, 0.7071067811865473507 ) ) ;
#646 = ORIENTED_EDGE ( 'NONE', *, *, #4750, .T. ) ;
#647 = ORIENTED_EDGE ( 'NONE', *, *, #3921, .T. ) ;
#648 = VECTOR ( 'NONE', #7577, 1000.000000000000227 ) ;
#649 = ORIENTED_EDGE ( 'NONE', *, *, #2538, .T. ) ;
#650 = CARTESIAN_POINT ( 'NONE',  ( 17.33623285481120035, 4.910623714452089672, 15.28562318936960018 ) ) ;
#651 = ORIENTED_EDGE ( 'NONE', *, *, #2192, .T. ) ;
#652 = EDGE_CURVE ( 'NONE', #9261, #5658, #4147, .T. ) ;
#653 = VERTEX_POINT ( 'NONE', #2637 ) ;
#654 = EDGE_CURVE ( 'NONE', #8038, #5423, #8204, .T. ) ;
#655 = CARTESIAN_POINT ( 'NONE',  ( 8.715439979320771968, 21.42309495589552171, 9.214655354578363600 ) ) ;
#656 = VECTOR ( 'NONE', #7181, 999.9999999999998863 ) ;
#657 = DIRECTION ( 'NONE',  ( 1.000000000000000000, 0.000000000000000000, 0.000000000000000000 ) ) ;
#658 = EDGE_CURVE ( 'NONE', #2223, #7982, #2215, .T. ) ;
#659 = DIRECTION ( 'NONE',  ( -1.000000000000000000, 0.000000000000000000, 0.000000000000000000 ) ) ;
#660 = ORIENTED_EDGE ( 'NONE', *, *, #1418, .T. ) ;
#661 = CARTESIAN_POINT ( 'NONE',  ( -18.47569765483112647, 5.199999458581045175, 14.80000001233967666 ) ) ;
#662 = VECTOR ( 'NONE', #1728, 999.9999999999998863 ) ;
#663 = DIRECTION ( 'NONE',  ( 0.2294113790180311585, -0.9732344420444412059, -0.01360661587208335070 ) ) ;
#664 = EDGE_CURVE ( 'NONE', #6233, #1032, #3524, .T. ) ;
#665 = CARTESIAN_POINT ( 'NONE',  ( 17.06490943786019798, 43.46699539056329797, 14.76726265519569914 ) ) ;
#666 = CARTESIAN_POINT ( 'NONE',  ( 8.092011232514920493, 10.70798891649670281, 20.00000000000000000 ) ) ;
#667 = DIRECTION ( 'NONE',  ( 0.000000000000000000, 0.9774242027268758015, -0.2112863647368921072 ) ) ;
#668 = VECTOR ( 'NONE', #10029, 1000.000000000000000 ) ;
#669 = CARTESIAN_POINT ( 'NONE',  ( 19.72924294276119994, 31.62887638810719793, 10.00000000000000000 ) ) ;
#670 = FACE_OUTER_BOUND ( 'NONE', #1133, .T. ) ;
#671 = EDGE_CURVE ( 'NONE', #4660, #9586, #8874, .T. ) ;
#672 = CARTESIAN_POINT ( 'NONE',  ( 38.47569835886017131, 0.000000000000000000, 14.79999999999932569 ) ) ;
#673 = CARTESIAN_POINT ( 'NONE',  ( 3.085874051645269844, 41.03226790236440280, 14.37500000000000000 ) ) ;
#674 = DIRECTION ( 'NONE',  ( 0.01519964077199899809, -0.9998844787876258744, 6.123233995736761105E-17 ) ) ;
#675 = EDGE_LOOP ( 'NONE', ( #1227, #6858, #3999, #3975, #5872, #5105, #4816, #926 ) ) ;
#676 = CARTESIAN_POINT ( 'NONE',  ( 16.69983675174560034, 20.66205238419150092, 20.58892404827109956 ) ) ;
#677 = DIRECTION ( 'NONE',  ( 0.7669706070501108863, -0.6416822328233690031, 0.000000000000000000 ) ) ;
#678 = FACE_OUTER_BOUND ( 'NONE', #3899, .T. ) ;
#679 = CARTESIAN_POINT ( 'NONE',  ( 10.83033743032119922, 3.411334006946969755, 10.83071324771941946 ) ) ;
#680 = ORIENTED_EDGE ( 'NONE', *, *, #4485, .T. ) ;
#681 = AXIS2_PLACEMENT_3D ( 'NONE', #9835, #6421, #2462 ) ;
#682 = CARTESIAN_POINT ( 'NONE',  ( 10.27122216533468446, 3.411908720441388709, 11.15097153446845191 ) ) ;
#683 = ORIENTED_EDGE ( 'NONE', *, *, #1884, .F. ) ;
#684 = CARTESIAN_POINT ( 'NONE',  ( 19.29289417248839911, 8.705311857226009309, 23.18198146901380241 ) ) ;
#685 = CARTESIAN_POINT ( 'NONE',  ( 20.58892404827169997, 9.260623714452000499, 16.69983675174509941 ) ) ;
#686 = ORIENTED_EDGE ( 'NONE', *, *, #2893, .F. ) ;
#687 = CARTESIAN_POINT ( 'NONE',  ( 13.94297680989129873, 42.58902142084190245, 14.12500000000000000 ) ) ;
#688 = VECTOR ( 'NONE', #5473, 1000.000000000000000 ) ;
#689 = VECTOR ( 'NONE', #7825, 1000.000000000000000 ) ;
#690 = LINE ( 'NONE', #1477, #8113 ) ;
#691 = VECTOR ( 'NONE', #10039, 1000.000000000000000 ) ;
#692 = ORIENTED_EDGE ( 'NONE', *, *, #5137, .T. ) ;
#693 = DIRECTION ( 'NONE',  ( 0.6385467440491987556, 0.3556166754277189090, 0.6824916379135378408 ) ) ;
#694 = ORIENTED_EDGE ( 'NONE', *, *, #78, .T. ) ;
#695 = EDGE_LOOP ( 'NONE', ( #974, #8552, #8032, #5938 ) ) ;
#696 = AXIS2_PLACEMENT_3D ( 'NONE', #4154, #7325, #3432 ) ;
#697 = CARTESIAN_POINT ( 'NONE',  ( 11.43479861266149911, 4.247074001513030161, 9.895131040234169006 ) ) ;
#698 = VECTOR ( 'NONE', #5358, 1000.000000000000000 ) ;
#699 = ORIENTED_EDGE ( 'NONE', *, *, #6151, .F. ) ;
#700 = EDGE_CURVE ( 'NONE', #571, #1971, #8149, .T. ) ;
#701 = CARTESIAN_POINT ( 'NONE',  ( 29.35854107291500270, 46.44749149940778921, 16.91715744354208084 ) ) ;
#702 = VECTOR ( 'NONE', #8089, 1000.000000000000000 ) ;
#703 = VERTEX_POINT ( 'NONE', #2534 ) ;
#704 = AXIS2_PLACEMENT_3D ( 'NONE', #2310, #9594, #2746 ) ;
#705 = VERTEX_POINT ( 'NONE', #8928 ) ;
#706 = DIRECTION ( 'NONE',  ( -0.2394571141604750486, -0.9709069422338773014, 0.000000000000000000 ) ) ;
#707 = DIRECTION ( 'NONE',  ( 0.6488699952224908918, -0.1600323674314305944, 0.7438799437236202072 ) ) ;
#708 = VECTOR ( 'NONE', #6609, 1000.000000000000000 ) ;
#709 = CARTESIAN_POINT ( 'NONE',  ( 10.80973155359301074, 10.13722669142646993, 9.148502826269542254 ) ) ;
#710 = CARTESIAN_POINT ( 'NONE',  ( 5.193999999999999950, -5.200000000000000178, 7.313248654051839104 ) ) ;
#711 = ADVANCED_FACE ( 'NONE', ( #9708 ), #5819, .T. ) ;
#712 = ORIENTED_EDGE ( 'NONE', *, *, #8402, .T. ) ;
#713 = AXIS2_PLACEMENT_3D ( 'NONE', #750, #917, #5490 ) ;
#714 = CARTESIAN_POINT ( 'NONE',  ( 10.00000000000000178, 24.90693293502444305, 10.00000000000000000 ) ) ;
#715 = CARTESIAN_POINT ( 'NONE',  ( 19.29289417248839911, 6.464650642447939966, 22.87527219829519964 ) ) ;
#716 = CARTESIAN_POINT ( 'NONE',  ( 10.69823338638700072, 22.83106912283360046, 10.00000000000000000 ) ) ;
#717 = LINE ( 'NONE', #10241, #7628 ) ;
#718 = AXIS2_PLACEMENT_3D ( 'NONE', #3246, #9231, #4085 ) ;
#719 = DIRECTION ( 'NONE',  ( 0.9238793433343666095, 0.000000000000000000, -0.3826838890782569003 ) ) ;
#720 = CARTESIAN_POINT ( 'NONE',  ( 12.89399572803070093, 17.39999999999999858, 24.39476507198639865 ) ) ;
#721 = CARTESIAN_POINT ( 'NONE',  ( -27.37554167399071403, 13.21699976222425654, 8.517000574546006675 ) ) ;
#722 = VECTOR ( 'NONE', #4744, 1000.000000000000227 ) ;
#723 = DIRECTION ( 'NONE',  ( 0.8660254037844387076, 0.000000000000000000, 0.4999999999999998890 ) ) ;
#724 = EDGE_CURVE ( 'NONE', #7972, #4366, #3823, .T. ) ;
#725 = B_SPLINE_CURVE_WITH_KNOTS ( 'NONE', 3,
 ( #8575, #7903, #3901, #8674 ),
 .UNSPECIFIED., .F., .F.,
 ( 4, 4 ),
 ( 0.000000000000000000, 1.000000000000000000 ),
 .UNSPECIFIED. ) ;
#726 = AXIS2_PLACEMENT_3D ( 'NONE', #3335, #6583, #8074 ) ;
#727 = DIRECTION ( 'NONE',  ( 0.000000000000000000, 0.000000000000000000, 1.000000000000000000 ) ) ;
#728 = DIRECTION ( 'NONE',  ( -0.6416822328233690031, -0.7669706070501109973, 0.000000000000000000 ) ) ;
#729 = ORIENTED_EDGE ( 'NONE', *, *, #3271, .T. ) ;
#730 = DIRECTION ( 'NONE',  ( 0.000000000000000000, 0.000000000000000000, -1.000000000000000000 ) ) ;
#731 = ADVANCED_FACE ( 'NONE', ( #7317 ), #235, .T. ) ;
#732 = CIRCLE ( 'NONE', #5562, 4.125000000000000000 ) ;
#733 = CARTESIAN_POINT ( 'NONE',  ( 10.00005477175030499, 20.18920913234378034, 11.15791084647770681 ) ) ;
#734 = CARTESIAN_POINT ( 'NONE',  ( 26.00000000000000000, 20.10937626586250104, 20.00000000000000000 ) ) ;
#735 = CARTESIAN_POINT ( 'NONE',  ( 9.167890540719719539, 7.658415531205188920, 9.170408523492918462 ) ) ;
#736 = ORIENTED_EDGE ( 'NONE', *, *, #179, .T. ) ;
#737 = ORIENTED_EDGE ( 'NONE', *, *, #3500, .T. ) ;
#738 = DIRECTION ( 'NONE',  ( 2.900003869181453403E-08, -0.9999999999999996669, -2.558264100334657960E-12 ) ) ;
#739 = CARTESIAN_POINT ( 'NONE',  ( 28.62396271181390262, 27.33493213161889912, 2.500000000000000000 ) ) ;
#740 = CARTESIAN_POINT ( 'NONE',  ( 9.082145882294330619, 20.12733614008115524, 10.93002889495230612 ) ) ;
#741 = EDGE_CURVE ( 'NONE', #9953, #6713, #3423, .T. ) ;
#742 = VERTEX_POINT ( 'NONE', #4094 ) ;
#743 = CARTESIAN_POINT ( 'NONE',  ( 10.44194173824209848, 4.410623714452170496, 12.49255140368249961 ) ) ;
#744 = CARTESIAN_POINT ( 'NONE',  ( 12.62476494574767116, 39.41225477411919087, 10.00000000000000000 ) ) ;
#745 = VERTEX_POINT ( 'NONE', #1118 ) ;
#746 = DIRECTION ( 'NONE',  ( -0.7071067811865487940, -1.734723475976807726E-14, -0.7071067811865462405 ) ) ;
#747 = EDGE_CURVE ( 'NONE', #5552, #470, #224, .T. ) ;
#748 = DIRECTION ( 'NONE',  ( 0.000000000000000000, -1.000000000000000000, 0.000000000000000000 ) ) ;
#749 = ORIENTED_EDGE ( 'NONE', *, *, #2963, .T. ) ;
#750 = CARTESIAN_POINT ( 'NONE',  ( 4.713741978743980710, 41.43375288419030511, 10.00000000000000000 ) ) ;
#751 = DIRECTION ( 'NONE',  ( 1.224165305884090052E-14, -1.000000000000000000, 0.000000000000000000 ) ) ;
#752 = ORIENTED_EDGE ( 'NONE', *, *, #5631, .T. ) ;
#753 = ORIENTED_EDGE ( 'NONE', *, *, #7848, .T. ) ;
#754 = CARTESIAN_POINT ( 'NONE',  ( 11.11498666428519932, 3.633687051166369919, 10.45672147854310019 ) ) ;
#755 = ORIENTED_EDGE ( 'NONE', *, *, #2321, .F. ) ;
#756 = LINE ( 'NONE', #1704, #1221 ) ;
#757 = ORIENTED_EDGE ( 'NONE', *, *, #7072, .T. ) ;
#758 = DIRECTION ( 'NONE',  ( 0.5773502691896251759, -0.5773502691896252870, 0.5773502691896267303 ) ) ;
#759 = ORIENTED_EDGE ( 'NONE', *, *, #3895, .T. ) ;
#760 = CARTESIAN_POINT ( 'NONE',  ( 12.42184072556450047, 4.410623714452170496, 10.51265241636020065 ) ) ;
#761 = LINE ( 'NONE', #7112, #2514 ) ;
#762 = DIRECTION ( 'NONE',  ( 0.4999999999999879541, 0.7071067811865610064, 0.4999999999999929501 ) ) ;
#763 = DIRECTION ( 'NONE',  ( -0.6281421229565479214, 0.5733749105345468111, 0.5260025525956519843 ) ) ;
#764 = CARTESIAN_POINT ( 'NONE',  ( 26.85905875555110001, 10.36077658304859916, 22.96997145902449944 ) ) ;
#765 = EDGE_LOOP ( 'NONE', ( #1681, #1889, #5310, #2586 ) ) ;
#766 = CARTESIAN_POINT ( 'NONE',  ( 16.38337394840110051, 3.899999999999999911, 24.75582880995339963 ) ) ;
#767 = LINE ( 'NONE', #715, #9952 ) ;
#768 = ORIENTED_EDGE ( 'NONE', *, *, #8685, .F. ) ;
#769 = CYLINDRICAL_SURFACE ( 'NONE', #6942, 1.174999999999999156 ) ;
#770 = CARTESIAN_POINT ( 'NONE',  ( 7.879836664153059722, 23.72118204336938518, 10.13990902727535826 ) ) ;
#771 = VECTOR ( 'NONE', #4643, 1000.000000000000000 ) ;
#772 = LINE ( 'NONE', #2242, #244 ) ;
#773 = DIRECTION ( 'NONE',  ( -0.9709069422338771904, 0.2394571141604752984, 0.000000000000000000 ) ) ;
#774 = DIRECTION ( 'NONE',  ( 0.6683132718461772814, 0.000000000000000000, -0.7438799437236209844 ) ) ;
#775 = ADVANCED_FACE ( 'NONE', ( #176 ), #4865, .F. ) ;
#776 = CARTESIAN_POINT ( 'NONE',  ( 18.25547167035369966, 6.461666001407789572, 14.36638437382710087 ) ) ;
#777 = VECTOR ( 'NONE', #4459, 999.9999999999998863 ) ;
#778 = CARTESIAN_POINT ( 'NONE',  ( 10.83049959320002031, 3.411406589671690082, 10.83087619229226028 ) ) ;
#779 = CARTESIAN_POINT ( 'NONE',  ( 26.14425799464869726, 39.29642231178560507, 10.00000000000000000 ) ) ;
#780 = VERTEX_POINT ( 'NONE', #8093 ) ;
#781 = ADVANCED_FACE ( 'NONE', ( #961 ), #526, .T. ) ;
#782 = CARTESIAN_POINT ( 'NONE',  ( 8.825065030418986822, 9.116145328944391224, 9.999944857376176444 ) ) ;
#783 = LINE ( 'NONE', #3966, #1276 ) ;
#784 = CARTESIAN_POINT ( 'NONE',  ( 26.20168650407689981, 36.90147935403329882, 14.12500000000000000 ) ) ;
#785 = CARTESIAN_POINT ( 'NONE',  ( 10.45666829948980059, 3.633880468337749914, 11.11491684162280080 ) ) ;
#786 = ADVANCED_FACE ( 'NONE', ( #1364 ), #8504, .F. ) ;
#787 = ORIENTED_EDGE ( 'NONE', *, *, #8323, .T. ) ;
#788 = VECTOR ( 'NONE', #6116, 1000.000000000000000 ) ;
#789 = LINE ( 'NONE', #108, #5547 ) ;
#790 = EDGE_CURVE ( 'NONE', #4837, #9395, #1362, .T. ) ;
#791 = AXIS2_PLACEMENT_3D ( 'NONE', #9273, #4353, #5237 ) ;
#792 = PLANE ( 'NONE',  #9188 ) ;
#793 = EDGE_CURVE ( 'NONE', #9216, #1961, #9951, .T. ) ;
#794 = VERTEX_POINT ( 'NONE', #1266 ) ;
#795 = DIRECTION ( 'NONE',  ( 0.9709069422338768574, -0.2394571141604761311, 0.000000000000000000 ) ) ;
#796 = DIRECTION ( 'NONE',  ( -0.9709069422338771904, 0.2394571141604752984, 0.000000000000000000 ) ) ;
#797 = AXIS2_PLACEMENT_3D ( 'NONE', #8448, #4554, #6757 ) ;
#798 = ORIENTED_EDGE ( 'NONE', *, *, #6684, .T. ) ;
#799 = CARTESIAN_POINT ( 'NONE',  ( 11.30049755101722830, 4.396878128326745738, 11.30049735977713610 ) ) ;
#800 = DIRECTION ( 'NONE',  ( -0.7071067811865330288, 0.000000000000000000, 0.7071067811865621167 ) ) ;
#801 = EDGE_CURVE ( 'NONE', #8387, #2082, #1039, .T. ) ;
#802 = ORIENTED_EDGE ( 'NONE', *, *, #6748, .F. ) ;
#803 = CARTESIAN_POINT ( 'NONE',  ( -19.35854111226639418, 29.25100135070063345, 0.5000000128217441109 ) ) ;
#804 = CARTESIAN_POINT ( 'NONE',  ( 15.28625802125600153, 41.43375288419030511, 10.00000000000000000 ) ) ;
#805 = ORIENTED_EDGE ( 'NONE', *, *, #862, .F. ) ;
#806 = VECTOR ( 'NONE', #4242, 999.9999999999998863 ) ;
#807 = ADVANCED_FACE ( 'NONE', ( #2836 ), #9168, .T. ) ;
#808 = CARTESIAN_POINT ( 'NONE',  ( 11.85592442262450064, 4.676889742152179785, 9.128774637846209572 ) ) ;
#809 = VERTEX_POINT ( 'NONE', #7611 ) ;
#810 = LINE ( 'NONE', #7160, #2374 ) ;
#811 = VERTEX_POINT ( 'NONE', #5233 ) ;
#812 = CIRCLE ( 'NONE', #9120, 4.124999999999999112 ) ;
#813 = VERTEX_POINT ( 'NONE', #9222 ) ;
#814 = ORIENTED_EDGE ( 'NONE', *, *, #10145, .F. ) ;
#815 = DIRECTION ( 'NONE',  ( 0.7071067811865450192, 8.656155890839430614E-15, -0.7071067811865500152 ) ) ;
#816 = ORIENTED_EDGE ( 'NONE', *, *, #8002, .F. ) ;
#817 = CARTESIAN_POINT ( 'NONE',  ( 11.67664670658679960, -2.600000000000000089, 14.37500000000000000 ) ) ;
#818 = CARTESIAN_POINT ( 'NONE',  ( 10.67206408164308407, 19.06489774745064736, 11.01684558717884777 ) ) ;
#819 = VECTOR ( 'NONE', #9044, 1000.000000000000000 ) ;
#820 = FACE_OUTER_BOUND ( 'NONE', #7866, .T. ) ;
#821 = VERTEX_POINT ( 'NONE', #6891 ) ;
#822 = DIRECTION ( 'NONE',  ( 0.7222382015498088892, -0.1781273446059149501, 0.6683132718461779476 ) ) ;
#823 = CARTESIAN_POINT ( 'NONE',  ( 15.28625802125600153, 41.43375288419030511, 14.37500000000000000 ) ) ;
#824 = DIRECTION ( 'NONE',  ( 0.5705340520101069846, -0.4773345432410950329, 0.6683132718461780586 ) ) ;
#825 = VERTEX_POINT ( 'NONE', #7518 ) ;
#826 = LINE ( 'NONE', #3533, #3466 ) ;
#827 = AXIS2_PLACEMENT_3D ( 'NONE', #6256, #4636, #1414 ) ;
#828 = CARTESIAN_POINT ( 'NONE',  ( 24.01996691247749993, 34.29377929006300008, 14.12500000000000000 ) ) ;
#829 = DIRECTION ( 'NONE',  ( 0.000000000000000000, 0.000000000000000000, 1.000000000000000000 ) ) ;
#830 =( NAMED_UNIT ( * ) SI_UNIT ( $, .STERADIAN. ) SOLID_ANGLE_UNIT ( ) );
#831 = DIRECTION ( 'NONE',  ( -0.7071067811865460184, -1.110223024625102109E-14, 0.7071067811865490160 ) ) ;
#832 = CARTESIAN_POINT ( 'NONE',  ( 7.168097914175049823, -4.930084118726089707E-15, 20.00000000000000000 ) ) ;
#833 = AXIS2_PLACEMENT_3D ( 'NONE', #8376, #6683, #9844 ) ;
#834 = DIRECTION ( 'NONE',  ( 0.000000000000000000, -1.000000000000000000, 0.000000000000000000 ) ) ;
#835 = DIRECTION ( 'NONE',  ( -0.6416822328233690031, 0.7669706070501109973, 0.000000000000000000 ) ) ;
#836 = DIRECTION ( 'NONE',  ( 0.000000000000000000, 0.000000000000000000, -1.000000000000000000 ) ) ;
#837 = ORIENTED_EDGE ( 'NONE', *, *, #491, .T. ) ;
#838 = ADVANCED_FACE ( 'NONE', ( #4497 ), #1995, .T. ) ;
#839 = DIRECTION ( 'NONE',  ( -0.7071067811865461294, -1.101411730778925368E-15, -0.7071067811865489050 ) ) ;
#840 = LINE ( 'NONE', #8749, #3282 ) ;
#841 = FACE_OUTER_BOUND ( 'NONE', #1087, .T. ) ;
#842 = CARTESIAN_POINT ( 'NONE',  ( 11.31875683388376075, 4.411214692215755129, 11.72289822743466026 ) ) ;
#843 = EDGE_LOOP ( 'NONE', ( #277, #7575, #1290, #3133 ) ) ;
#844 = AXIS2_PLACEMENT_3D ( 'NONE', #2554, #2657, #5838 ) ;
#845 = CARTESIAN_POINT ( 'NONE',  ( -7.488982508087409506, 38.17136507962590031, 14.57499999999999929 ) ) ;
#846 = CARTESIAN_POINT ( 'NONE',  ( 26.75000000000000000, 21.35385599033020299, 0.2500000000000000000 ) ) ;
#847 = ORIENTED_EDGE ( 'NONE', *, *, #1360, .F. ) ;
#848 = CARTESIAN_POINT ( 'NONE',  ( 10.00084746981447559, 21.65620125047742661, 8.905623448647737916 ) ) ;
#849 = VERTEX_POINT ( 'NONE', #6840 ) ;
#850 = PLANE ( 'NONE',  #7405 ) ;
#851 = CARTESIAN_POINT ( 'NONE',  ( 19.29289417248839911, 4.910623714452020394, 22.82845593831140008 ) ) ;
#852 = ORIENTED_EDGE ( 'NONE', *, *, #3910, .F. ) ;
#853 = ADVANCED_FACE ( 'NONE', ( #479 ), #4682, .F. ) ;
#854 = CARTESIAN_POINT ( 'NONE',  ( 2.081218511098000157, 43.05040990784530663, 13.59675238393000107 ) ) ;
#855 = EDGE_CURVE ( 'NONE', #811, #3588, #9998, .T. ) ;
#856 = DIRECTION ( 'NONE',  ( -0.8234424308471784970, 0.000000000000000000, 0.5673998264720296891 ) ) ;
#857 = ORIENTED_EDGE ( 'NONE', *, *, #7669, .F. ) ;
#858 = LINE ( 'NONE', #3096, #8878 ) ;
#859 = DIRECTION ( 'NONE',  ( 0.6683132718461777255, 0.000000000000000000, -0.7438799437236206513 ) ) ;
#860 = DIRECTION ( 'NONE',  ( -0.6488699952224912249, 0.1600323674314309830, -0.7438799437236198742 ) ) ;
#861 = CARTESIAN_POINT ( 'NONE',  ( 9.171909500429631379, 7.656453010355879663, 9.166391985704839485 ) ) ;
#862 = EDGE_CURVE ( 'NONE', #1154, #6862, #2157, .T. ) ;
#863 = VECTOR ( 'NONE', #3815, 1000.000000000000114 ) ;
#864 = EDGE_CURVE ( 'NONE', #6138, #8055, #5328, .T. ) ;
#865 = AXIS2_PLACEMENT_3D ( 'NONE', #5941, #1973, #9096 ) ;
#866 = ORIENTED_EDGE ( 'NONE', *, *, #4565, .F. ) ;
#867 = LINE ( 'NONE', #1764, #8023 ) ;
#868 = ORIENTED_EDGE ( 'NONE', *, *, #3014, .T. ) ;
#869 = ADVANCED_FACE ( 'NONE', ( #8490 ), #2980, .F. ) ;
#870 = ORIENTED_EDGE ( 'NONE', *, *, #9070, .T. ) ;
#871 = VERTEX_POINT ( 'NONE', #3760 ) ;
#872 = CARTESIAN_POINT ( 'NONE',  ( 20.00000000000000000, 0.000000000000000000, 10.00000000000000000 ) ) ;
#873 = ORIENTED_EDGE ( 'NONE', *, *, #4825, .F. ) ;
#874 = VECTOR ( 'NONE', #1394, 1000.000000000000000 ) ;
#875 = DIRECTION ( 'NONE',  ( 1.000000000000000000, 0.000000000000000000, 0.000000000000000000 ) ) ;
#876 = AXIS2_PLACEMENT_3D ( 'NONE', #7183, #45, #9687 ) ;
#877 = LINE ( 'NONE', #4836, #9057 ) ;
#878 = EDGE_CURVE ( 'NONE', #9663, #3639, #7644, .T. ) ;
#879 = EDGE_LOOP ( 'NONE', ( #7105, #10057, #5250, #2264, #315 ) ) ;
#880 = CARTESIAN_POINT ( 'NONE',  ( 27.35854061064444309, 3.799999780968517538, 18.91715790581263690 ) ) ;
#881 = VECTOR ( 'NONE', #9076, 1000.000000000000000 ) ;
#882 = CARTESIAN_POINT ( 'NONE',  ( 21.46041177753740214, 5.960604014534240491, 22.42867742633789874 ) ) ;
#883 = PLANE ( 'NONE',  #8965 ) ;
#884 = EDGE_CURVE ( 'NONE', #6598, #3587, #2359, .T. ) ;
#885 = VECTOR ( 'NONE', #9163, 1000.000000000000114 ) ;
#886 = ORIENTED_EDGE ( 'NONE', *, *, #417, .T. ) ;
#887 = CARTESIAN_POINT ( 'NONE',  ( 0.1940000000000099978, -4.930084118726089707E-15, 4.426497308103719774 ) ) ;
#888 = CARTESIAN_POINT ( 'NONE',  ( -6.144257994648650190, 39.29642231178560507, 10.00000000000000000 ) ) ;
#889 = CARTESIAN_POINT ( 'NONE',  ( 8.315895239344820666, 22.58792129481160060, 10.59123748792399944 ) ) ;
#890 = CARTESIAN_POINT ( 'NONE',  ( 14.36638437382770128, 11.67312371445180119, 18.25547167035319873 ) ) ;
#891 = CARTESIAN_POINT ( 'NONE',  ( 23.88908920387530088, 5.960604014534339967, 20.00000000000000000 ) ) ;
#892 = CARTESIAN_POINT ( 'NONE',  ( -7.358542434722407322, 3.800000787762505716, 20.00000000000000355 ) ) ;
#893 = PRESENTATION_LAYER_ASSIGNMENT (  '', '', ( #7694 ) ) ;
#894 = UNCERTAINTY_MEASURE_WITH_UNIT (LENGTH_MEASURE( 1.000000000000000082E-05 ), #4166, 'distance_accuracy_value', 'NONE');
#895 = AXIS2_PLACEMENT_3D ( 'NONE', #122, #3312, #10224 ) ;
#896 = LINE ( 'NONE', #4079, #1049 ) ;
#897 = CARTESIAN_POINT ( 'NONE',  ( -5.281356837264140403, 39.49683200149669915, 14.12500000000000000 ) ) ;
#898 = ORIENTED_EDGE ( 'NONE', *, *, #459, .T. ) ;
#899 = DIRECTION ( 'NONE',  ( 0.6546536707079819717, -0.3779644730092170946, -0.6546536707079780859 ) ) ;
#900 = VECTOR ( 'NONE', #8127, 1000.000000000000000 ) ;
#901 = DIRECTION ( 'NONE',  ( 0.5705340520101069846, 0.4773345432410950329, 0.6683132718461780586 ) ) ;
#902 = CARTESIAN_POINT ( 'NONE',  ( 12.06360392150837590, 23.57856698772346604, 10.25688155352182029 ) ) ;
#903 = CYLINDRICAL_SURFACE ( 'NONE', #8957, 1.174999999999999156 ) ;
#904 = VECTOR ( 'NONE', #1148, 1000.000000000000000 ) ;
#905 = VERTEX_POINT ( 'NONE', #2791 ) ;
#906 = CARTESIAN_POINT ( 'NONE',  ( 28.00196372422529834, 37.22064946488769976, 13.06850476785990089 ) ) ;
#907 = CARTESIAN_POINT ( 'NONE',  ( 15.01993645344910000, 18.73407755025329990, 26.92792522093419905 ) ) ;
#908 = EDGE_CURVE ( 'NONE', #4205, #4009, #1218, .T. ) ;
#909 = CARTESIAN_POINT ( 'NONE',  ( 10.00000000000000000, 17.67038578926571901, 11.17500000000000249 ) ) ;
#910 = ORIENTED_EDGE ( 'NONE', *, *, #3487, .F. ) ;
#911 = FACE_OUTER_BOUND ( 'NONE', #3724, .T. ) ;
#912 = DIRECTION ( 'NONE',  ( 0.000000000000000000, 1.000000000000000000, 0.000000000000000000 ) ) ;
#913 = ORIENTED_EDGE ( 'NONE', *, *, #5252, .T. ) ;
#914 = CARTESIAN_POINT ( 'NONE',  ( -2.807510383967139589, 35.30817515512509885, 10.00000000000000000 ) ) ;
#915 = DIRECTION ( 'NONE',  ( 0.7071067811865487940, -2.050431505659692570E-08, -0.7071067811865459074 ) ) ;
#916 = ORIENTED_EDGE ( 'NONE', *, *, #6542, .F. ) ;
#917 = DIRECTION ( 'NONE',  ( -0.2394571141604759923, 0.9709069422338770794, -1.160069772669549703E-16 ) ) ;
#918 = CARTESIAN_POINT ( 'NONE',  ( 8.621161494727839880, 27.90907834314780089, 20.00000000000000000 ) ) ;
#919 = DIRECTION ( 'NONE',  ( 0.7071067811865450192, 0.000000000000000000, 0.7071067811865500152 ) ) ;
#920 = VERTEX_POINT ( 'NONE', #7970 ) ;
#921 = CARTESIAN_POINT ( 'NONE',  ( 9.408121700535321708, 7.300223938813970470, 8.931251895965429455 ) ) ;
#922 = ORIENTED_EDGE ( 'NONE', *, *, #9005, .F. ) ;
#923 = PLANE ( 'NONE',  #7022 ) ;
#924 = ORIENTED_EDGE ( 'NONE', *, *, #1883, .F. ) ;
#925 = EDGE_CURVE ( 'NONE', #5392, #6625, #10204, .T. ) ;
#926 = ORIENTED_EDGE ( 'NONE', *, *, #3853, .F. ) ;
#927 = ORIENTED_EDGE ( 'NONE', *, *, #9489, .T. ) ;
#928 = DIRECTION ( 'NONE',  ( -0.6683132718461772814, 0.000000000000000000, 0.7438799437236210954 ) ) ;
#929 = ORIENTED_EDGE ( 'NONE', *, *, #7367, .T. ) ;
#930 = EDGE_CURVE ( 'NONE', #7533, #535, #9415, .T. ) ;
#931 = EDGE_CURVE ( 'NONE', #634, #9396, #7808, .T. ) ;
#932 = CARTESIAN_POINT ( 'NONE',  ( 10.20000000000000107, -5.200000000000000178, 4.423033206488559799 ) ) ;
#933 = VERTEX_POINT ( 'NONE', #5523 ) ;
#934 = DIRECTION ( 'NONE',  ( -0.6416822328233690031, 0.7669706070501109973, 1.043956269252671944E-16 ) ) ;
#935 = CARTESIAN_POINT ( 'NONE',  ( 21.86171593532236912, 20.66205238419162882, 17.40694321384656718 ) ) ;
#936 = CARTESIAN_POINT ( 'NONE',  ( 23.18994544694839988, 38.37817313579390799, 14.37500000000000000 ) ) ;
#937 = ORIENTED_EDGE ( 'NONE', *, *, #6629, .T. ) ;
#938 = CARTESIAN_POINT ( 'NONE',  ( 11.60866792719989959, 8.859581427496580730, 15.49775522372539882 ) ) ;
#939 = PLANE ( 'NONE',  #726 ) ;
#940 = DIRECTION ( 'NONE',  ( -0.2161664957215430061, 0.9763565158933841248, 0.000000000000000000 ) ) ;
#941 = FACE_OUTER_BOUND ( 'NONE', #9919, .T. ) ;
#942 = ADVANCED_FACE ( 'NONE', ( #2350 ), #8745, .T. ) ;
#943 = CYLINDRICAL_SURFACE ( 'NONE', #7395, 1.175000000000000711 ) ;
#944 = DIRECTION ( 'NONE',  ( -0.6416822328233690031, 0.7669706070501109973, 1.697375820741379906E-16 ) ) ;
#945 = EDGE_CURVE ( 'NONE', #966, #653, #3366, .T. ) ;
#946 = LINE ( 'NONE', #4847, #1374 ) ;
#947 = LINE ( 'NONE', #9578, #972 ) ;
#948 = ORIENTED_EDGE ( 'NONE', *, *, #6460, .T. ) ;
#949 = LINE ( 'NONE', #2464, #6192 ) ;
#950 = TOROIDAL_SURFACE ( 'NONE', #5275, 24.00000000000000000, 1.175000000000000044 ) ;
#951 = CARTESIAN_POINT ( 'NONE',  ( -3.776773447056230193, 38.93027108415750348, 14.12500000000000000 ) ) ;
#952 = LINE ( 'NONE', #3348, #5907 ) ;
#953 = EDGE_LOOP ( 'NONE', ( #6486, #6284, #453, #7331 ) ) ;
#954 = ORIENTED_EDGE ( 'NONE', *, *, #354, .T. ) ;
#955 = CARTESIAN_POINT ( 'NONE',  ( 26.00000000000000355, 0.000000000000000000, 0.5000000000000000000 ) ) ;
#956 = FACE_OUTER_BOUND ( 'NONE', #7156, .T. ) ;
#957 = VECTOR ( 'NONE', #8082, 1000.000000000000000 ) ;
#958 = CARTESIAN_POINT ( 'NONE',  ( 17.34025825473160154, 38.24926131872759782, 13.06850476785990089 ) ) ;
#959 = EDGE_LOOP ( 'NONE', ( #2139, #9260, #2830, #2387, #6809, #7151, #8844, #4646, #8554 ) ) ;
#960 = DIRECTION ( 'NONE',  ( -0.6683132718461772814, 0.000000000000000000, 0.7438799437236210954 ) ) ;
#961 = FACE_OUTER_BOUND ( 'NONE', #3769, .T. ) ;
#962 = ORIENTED_EDGE ( 'NONE', *, *, #9816, .T. ) ;
#963 = CYLINDRICAL_SURFACE ( 'NONE', #2365, 1.399999999999999467 ) ;
#964 = AXIS2_PLACEMENT_3D ( 'NONE', #1664, #8846, #6466 ) ;
#965 = CARTESIAN_POINT ( 'NONE',  ( 2.694000000000000394, -2.700000000000000178, 12.98675134594810032 ) ) ;
#966 = VERTEX_POINT ( 'NONE', #4592 ) ;
#967 = DIRECTION ( 'NONE',  ( -0.6416822328233700024, 0.7669706070501101092, -4.625278731684319646E-17 ) ) ;
#968 = DIRECTION ( 'NONE',  ( 6.661338147750935298E-16, 6.788381263233187486E-16, 1.000000000000000000 ) ) ;
#969 = DIRECTION ( 'NONE',  ( -0.7535924180801727434, 0.000000000000000000, 0.6573419714365408284 ) ) ;
#970 = EDGE_LOOP ( 'NONE', ( #7917, #5246, #1989, #3005 ) ) ;
#971 = CARTESIAN_POINT ( 'NONE',  ( 12.44745179215759912, 42.13389449170280443, 13.25447475379079876 ) ) ;
#972 = VECTOR ( 'NONE', #4130, 1000.000000000000000 ) ;
#973 = CIRCLE ( 'NONE', #3952, 4.375000000000000888 ) ;
#974 = ORIENTED_EDGE ( 'NONE', *, *, #6612, .F. ) ;
#975 = FACE_OUTER_BOUND ( 'NONE', #3482, .T. ) ;
#976 = EDGE_LOOP ( 'NONE', ( #2384, #5106, #8944, #8173 ) ) ;
#977 = ADVANCED_FACE ( 'NONE', ( #1618 ), #5471, .F. ) ;
#978 = ORIENTED_EDGE ( 'NONE', *, *, #6354, .F. ) ;
#979 = EDGE_LOOP ( 'NONE', ( #2548, #1766 ) ) ;
#980 = VECTOR ( 'NONE', #7343, 1000.000000000000114 ) ;
#981 = CARTESIAN_POINT ( 'NONE',  ( 4.713741978743980710, 41.43375288419030511, 10.00000000000000000 ) ) ;
#982 = EDGE_LOOP ( 'NONE', ( #5601, #913, #2351, #8875 ) ) ;
#983 = SURFACE_STYLE_USAGE ( .BOTH. , #6514 ) ;
#984 = FACE_OUTER_BOUND ( 'NONE', #2017, .T. ) ;
#985 = DIRECTION ( 'NONE',  ( 0.9733245468662445887, 0.2294326185781341287, 0.000000000000000000 ) ) ;
#986 = CIRCLE ( 'NONE', #141, 4.125000000000000888 ) ;
#987 = CIRCLE ( 'NONE', #6141, 2.074999999999998401 ) ;
#988 = VERTEX_POINT ( 'NONE', #8540 ) ;
#989 = ORIENTED_EDGE ( 'NONE', *, *, #161, .F. ) ;
#990 = LINE ( 'NONE', #4170, #7195 ) ;
#991 = EDGE_CURVE ( 'NONE', #7426, #7652, #9996, .T. ) ;
#992 = DIRECTION ( 'NONE',  ( 0.000000000000000000, 0.000000000000000000, 1.000000000000000000 ) ) ;
#993 = EDGE_CURVE ( 'NONE', #9035, #988, #7865, .T. ) ;
#994 = ORIENTED_EDGE ( 'NONE', *, *, #5341, .F. ) ;
#996 = EDGE_CURVE ( 'NONE', #2936, #7353, #7075, .T. ) ;
#995 = PLANE ( 'NONE',  #3497 ) ;
#997 = CARTESIAN_POINT ( 'NONE',  ( 14.50495123071400450, 46.44749149940778921, 34.80000000098205959 ) ) ;
#998 = CYLINDRICAL_SURFACE ( 'NONE', #1562, 2.099999999999999645 ) ;
#999 = AXIS2_PLACEMENT_3D ( 'NONE', #9348, #7109, #9246 ) ;
#1000 = LINE ( 'NONE', #4846, #6678 ) ;
#1001 = FACE_OUTER_BOUND ( 'NONE', #177, .T. ) ;
#1002 = EDGE_CURVE ( 'NONE', #5508, #9623, #7916, .T. ) ;
#1003 = DIRECTION ( 'NONE',  ( 0.5000000000000008882, 0.000000000000000000, -0.8660254037844382635 ) ) ;
#1004 = EDGE_CURVE ( 'NONE', #8445, #229, #10159, .T. ) ;
#1005 = VECTOR ( 'NONE', #5588, 1000.000000000000227 ) ;
#1006 = ORIENTED_EDGE ( 'NONE', *, *, #7589, .F. ) ;
#1007 = CARTESIAN_POINT ( 'NONE',  ( 3.989551270189209742, -2.700000000000000178, 5.121886106485079360 ) ) ;
#1008 = LINE ( 'NONE', #4853, #9765 ) ;
#1009 = CARTESIAN_POINT ( 'NONE',  ( 26.84693570514319916, 35.84010237219740702, 13.06850476785990089 ) ) ;
#1011 = EDGE_CURVE ( 'NONE', #4772, #5023, #1702, .T. ) ;
#1010 = DIRECTION ( 'NONE',  ( -1.000000000000000000, 0.000000000000000000, 0.000000000000000000 ) ) ;
#1012 = ORIENTED_EDGE ( 'NONE', *, *, #7149, .F. ) ;
#1013 = VERTEX_POINT ( 'NONE', #3181 ) ;
#1014 = LINE ( 'NONE', #9069, #9142 ) ;
#1015 = DIRECTION ( 'NONE',  ( -0.6683132718461788357, 0.000000000000000000, -0.7438799437236197631 ) ) ;
#1016 = VECTOR ( 'NONE', #5627, 1000.000000000000114 ) ;
#1017 = EDGE_LOOP ( 'NONE', ( #3801, #1303, #6660, #6169 ) ) ;
#1018 = DIRECTION ( 'NONE',  ( 0.000000000000000000, -1.000000000000000000, 0.000000000000000000 ) ) ;
#1019 = ORIENTED_EDGE ( 'NONE', *, *, #241, .T. ) ;
#1020 = LINE ( 'NONE', #9861, #4908 ) ;
#1021 = DIRECTION ( 'NONE',  ( 0.2394571141604749931, 0.9709069422338770794, -3.520008686409984554E-18 ) ) ;
#1022 = DIRECTION ( 'NONE',  ( -0.7071067811865487940, -1.734723475976807726E-14, -0.7071067811865462405 ) ) ;
#1024 = ADVANCED_FACE ( 'NONE', ( #9525 ), #2409, .F. ) ;
#1023 = DIRECTION ( 'NONE',  ( 0.4297677889826362341, 0.5263521303370567450, 0.7336573331212729032 ) ) ;
#1025 = ORIENTED_EDGE ( 'NONE', *, *, #8935, .T. ) ;
#1026 = CARTESIAN_POINT ( 'NONE',  ( 7.860918237202460190, -0.2000000000000050071, -5.551115123125779744E-16 ) ) ;
#1027 = FACE_OUTER_BOUND ( 'NONE', #8263, .T. ) ;
#1028 = AXIS2_PLACEMENT_3D ( 'NONE', #7369, #237, #3424 ) ;
#1029 = PLANE ( 'NONE',  #6199 ) ;
#1030 = ORIENTED_EDGE ( 'NONE', *, *, #5273, .T. ) ;
#1031 = DIRECTION ( 'NONE',  ( 0.6416822328233680039, 0.7669706070501118855, -1.210989775961071679E-16 ) ) ;
#1032 = VERTEX_POINT ( 'NONE', #4020 ) ;
#1033 = CYLINDRICAL_SURFACE ( 'NONE', #6875, 4.125000000000000000 ) ;
#1034 = EDGE_LOOP ( 'NONE', ( #2805, #6274, #1963, #5867, #375 ) ) ;
#1035 = ORIENTED_EDGE ( 'NONE', *, *, #3767, .F. ) ;
#1036 = VERTEX_POINT ( 'NONE', #47 ) ;
#1037 = CARTESIAN_POINT ( 'NONE',  ( 10.74584236800278170, 20.66205238419149737, 22.08814571053867226 ) ) ;
#1038 = ORIENTED_EDGE ( 'NONE', *, *, #1883, .T. ) ;
#1039 = CIRCLE ( 'NONE', #524, 4.125000000000001776 ) ;
#1040 = EDGE_CURVE ( 'NONE', #2630, #4131, #3241, .T. ) ;
#1041 = CARTESIAN_POINT ( 'NONE',  ( 1.398763768416340092, 42.00662435112040072, 1.250000000000000000 ) ) ;
#1042 = EDGE_LOOP ( 'NONE', ( #9146, #9728, #2049, #7387, #9558 ) ) ;
#1043 = ORIENTED_EDGE ( 'NONE', *, *, #5102, .T. ) ;
#1044 = LINE ( 'NONE', #2022, #4206 ) ;
#1045 = LINE ( 'NONE', #9738, #2647 ) ;
#1046 = EDGE_LOOP ( 'NONE', ( #6903, #58, #1585, #7687 ) ) ;
#1047 = AXIS2_PLACEMENT_3D ( 'NONE', #1476, #8, #6383 ) ;
#1048 = CYLINDRICAL_SURFACE ( 'NONE', #2307, 4.375000000000000000 ) ;
#1049 = VECTOR ( 'NONE', #155, 1000.000000000000000 ) ;
#1050 = DIRECTION ( 'NONE',  ( 0.7745966692414827381, 0.4472135954999585383, -0.4472135954999585383 ) ) ;
#1051 = CARTESIAN_POINT ( 'NONE',  ( -5.688340717818250347, 36.28790286839329582, 14.12500000000000000 ) ) ;
#1052 = CARTESIAN_POINT ( 'NONE',  ( 20.20599999999999952, -4.930084118726089707E-15, 4.426497308103719774 ) ) ;
#1053 = EDGE_CURVE ( 'NONE', #5792, #3491, #5374, .T. ) ;
#1054 = CIRCLE ( 'NONE', #3383, 22.82500000000000639 ) ;
#1055 = PLANE ( 'NONE',  #2229 ) ;
#1056 = AXIS2_PLACEMENT_3D ( 'NONE', #7983, #2584, #4090 ) ;
#1057 = FACE_OUTER_BOUND ( 'NONE', #6070, .T. ) ;
#1058 = ORIENTED_EDGE ( 'NONE', *, *, #2011, .F. ) ;
#1059 = CARTESIAN_POINT ( 'NONE',  ( 6.875635454119120027, -5.200000000000000178, 13.47763873690789893 ) ) ;
#1060 = DIRECTION ( 'NONE',  ( 0.9709069422338770794, -0.2394571141604749931, 0.000000000000000000 ) ) ;
#1061 = CARTESIAN_POINT ( 'NONE',  ( 15.48551908595029936, 23.94593964004159758, 26.86435759122250033 ) ) ;
#1062 = DIRECTION ( 'NONE',  ( -0.7071067811865504593, -1.734723475976807094E-14, -0.7071067811865446862 ) ) ;
#1063 = VECTOR ( 'NONE', #9022, 1000.000000000000000 ) ;
#1064 = VERTEX_POINT ( 'NONE', #5417 ) ;
#1065 = VECTOR ( 'NONE', #3824, 1000.000000000000227 ) ;
#1066 = VERTEX_POINT ( 'NONE', #6213 ) ;
#1067 = CARTESIAN_POINT ( 'NONE',  ( 7.389997686898309937, -2.700000000000000178, 17.24136254756680131 ) ) ;
#1068 = EDGE_CURVE ( 'NONE', #9837, #1066, #2246, .T. ) ;
#1069 = CARTESIAN_POINT ( 'NONE',  ( 24.79953348120989887, 40.42147954394540932, 14.57499999999999929 ) ) ;
#1070 = EDGE_CURVE ( 'NONE', #386, #10018, #9579, .T. ) ;
#1071 = ORIENTED_EDGE ( 'NONE', *, *, #6983, .F. ) ;
#1072 = DIRECTION ( 'NONE',  ( 0.9180635796736430487, 0.1982165884057250083, -0.3433212020216809823 ) ) ;
#1073 = EDGE_CURVE ( 'NONE', #2127, #1486, #5208, .T. ) ;
#1074 = DIRECTION ( 'NONE',  ( -0.2394571141604749931, -0.9709069422338770794, 0.000000000000000000 ) ) ;
#1075 = CARTESIAN_POINT ( 'NONE',  ( 7.243207753634520074, -3.000000000000000000, 13.06850476785990089 ) ) ;
#1076 = AXIS2_PLACEMENT_3D ( 'NONE', #8604, #6234, #2172 ) ;
#1077 = CARTESIAN_POINT ( 'NONE',  ( 17.06621666087569977, 12.40000174164079993, 25.03867152242800387 ) ) ;
#1078 = PLANE ( 'NONE',  #8222 ) ;
#1079 = DIRECTION ( 'NONE',  ( 0.3239085577499879465, 0.6388472067006538690, -0.6978233965030800068 ) ) ;
#1080 = CIRCLE ( 'NONE', #9202, 2.099999999999996980 ) ;
#1081 = ADVANCED_FACE ( 'NONE', ( #4227 ), #1142, .F. ) ;
#1082 = DIRECTION ( 'NONE',  ( 0.8155522382312238028, 0.5786834598604327917, 0.000000000000000000 ) ) ;
#1083 = VECTOR ( 'NONE', #2515, 1000.000000000000000 ) ;
#1084 = ORIENTED_EDGE ( 'NONE', *, *, #546, .F. ) ;
#1085 = DIRECTION ( 'NONE',  ( 0.5125766358075094509, -0.4288447525037479280, 0.7438799437236193191 ) ) ;
#1086 = EDGE_CURVE ( 'NONE', #374, #3160, #5688, .T. ) ;
#1087 = EDGE_LOOP ( 'NONE', ( #2443, #4326, #1038, #2302 ) ) ;
#1088 = CARTESIAN_POINT ( 'NONE',  ( 10.19653162436939908, 4.429207964088569760, 12.24714128915760014 ) ) ;
#1090 = ORIENTED_EDGE ( 'NONE', *, *, #4867, .T. ) ;
#1089 = VECTOR ( 'NONE', #3571, 1000.000000000000114 ) ;
#1091 = ORIENTED_EDGE ( 'NONE', *, *, #3086, .F. ) ;
#1092 = DIRECTION ( 'NONE',  ( 0.6416822328233684480, 0.7669706070501115525, -8.351650154021386401E-16 ) ) ;
#1093 = ORIENTED_EDGE ( 'NONE', *, *, #3955, .T. ) ;
#1094 = ORIENTED_EDGE ( 'NONE', *, *, #1853, .F. ) ;
#1095 = ORIENTED_EDGE ( 'NONE', *, *, #1694, .F. ) ;
#1096 = CARTESIAN_POINT ( 'NONE',  ( 7.168097914175049823, -4.930084118726089707E-15, 20.00000000000000000 ) ) ;
#1097 = CARTESIAN_POINT ( 'NONE',  ( 11.42126083896191879, 4.461171280270822770, 9.370651173520284871 ) ) ;
#1098 = ORIENTED_EDGE ( 'NONE', *, *, #4182, .T. ) ;
#1099 = CYLINDRICAL_SURFACE ( 'NONE', #4325, 4.125000000000000000 ) ;
#1100 = CARTESIAN_POINT ( 'NONE',  ( -2.807510383967129819, 35.30817515512509885, 10.00000000000000000 ) ) ;
#1101 = CARTESIAN_POINT ( 'NONE',  ( 26.00000000000000000, 12.26494735952769943, 20.00000000000000000 ) ) ;
#1102 = DIRECTION ( 'NONE',  ( -0.7071067811865481278, -1.734723475976806148E-14, -0.7071067811865467956 ) ) ;
#1103 = CYLINDRICAL_SURFACE ( 'NONE', #306, 2.099999999999999645 ) ;
#1104 = ORIENTED_EDGE ( 'NONE', *, *, #1840, .T. ) ;
#1105 = CARTESIAN_POINT ( 'NONE',  ( 27.40351706694719880, 27.60514025127080018, 1.250000000000000000 ) ) ;
#1106 = CARTESIAN_POINT ( 'NONE',  ( 23.41373864822230288, 34.80097722259399973, 14.12500000000000000 ) ) ;
#1107 = LINE ( 'NONE', #1061, #7217 ) ;
#1108 = ADVANCED_FACE ( 'NONE', ( #8321 ), #451, .T. ) ;
#1109 = LINE ( 'NONE', #220, #8121 ) ;
#1110 = ORIENTED_EDGE ( 'NONE', *, *, #6682, .F. ) ;
#1111 = ORIENTED_EDGE ( 'NONE', *, *, #8306, .T. ) ;
#1112 = FACE_OUTER_BOUND ( 'NONE', #7001, .T. ) ;
#1113 = DIRECTION ( 'NONE',  ( 0.4537378581963293356, 0.5423301172158959682, -0.7071067811865479058 ) ) ;
#1114 =( BOUNDED_CURVE ( )  B_SPLINE_CURVE ( 3, ( #2244, #5415, #7967, #8739 ),
 .UNSPECIFIED., .F., .F. ) 
 B_SPLINE_CURVE_WITH_KNOTS ( ( 4, 4 ),
 ( 3.552730464644871411, 4.207930615518421291 ),
 .UNSPECIFIED. ) 
 CURVE ( )  GEOMETRIC_REPRESENTATION_ITEM ( )  RATIONAL_B_SPLINE_CURVE ( ( 1.000000000000000000, 0.9645448647839227618, 0.9645448647839227618, 1.000000000000000000 ) ) 
 REPRESENTATION_ITEM ( '' )  );
#1115 = ORIENTED_EDGE ( 'NONE', *, *, #2589, .F. ) ;
#1116 = CARTESIAN_POINT ( 'NONE',  ( 15.20061508947802942, 20.66205238419150447, 27.00276465776692802 ) ) ;
#1117 = ADVANCED_FACE ( 'NONE', ( #6675 ), #8367, .T. ) ;
#1118 = CARTESIAN_POINT ( 'NONE',  ( 17.34791057510209811, 43.19120517424039463, 14.12500000000000000 ) ) ;
#1119 = LINE ( 'NONE', #5705, #185 ) ;
#1120 = ADVANCED_FACE ( 'NONE', ( #5843 ), #9886, .T. ) ;
#1121 = EDGE_CURVE ( 'NONE', #6833, #10116, #7493, .T. ) ;
#1122 = FACE_OUTER_BOUND ( 'NONE', #5614, .T. ) ;
#1123 = CARTESIAN_POINT ( 'NONE',  ( 9.025838381887460571, 7.997691871648396678, 9.312460682324159578 ) ) ;
#1124 = DIRECTION ( 'NONE',  ( -0.1693217492262337476, 0.6865348827546697841, 0.7071067811865476838 ) ) ;
#1125 = EDGE_CURVE ( 'NONE', #3935, #6347, #1044, .T. ) ;
#1126 = CONICAL_SURFACE ( 'NONE', #4289, 3.349999999999999645, 0.7853981633974511656 ) ;
#1127 = EDGE_LOOP ( 'NONE', ( #7245, #2189, #5841, #4294 ) ) ;
#1128 = DIRECTION ( 'NONE',  ( -0.3239085577499879465, 0.6388472067006548682, 0.6978233965030790076 ) ) ;
#1129 = ORIENTED_EDGE ( 'NONE', *, *, #8935, .F. ) ;
#1130 = AXIS2_PLACEMENT_3D ( 'NONE', #1277, #2993, #7625 ) ;
#1131 = EDGE_CURVE ( 'NONE', #8573, #7250, #7443, .T. ) ;
#1132 = CARTESIAN_POINT ( 'NONE',  ( -4.732557082437239160, 37.60908697627539965, 10.00000000000000000 ) ) ;
#1133 = EDGE_LOOP ( 'NONE', ( #138, #6677, #85 ) ) ;
#1134 = VERTEX_POINT ( 'NONE', #357 ) ;
#1135 = CARTESIAN_POINT ( 'NONE',  ( 17.33623285481120035, 12.49812371445189996, 15.28562318936969788 ) ) ;
#1136 = EDGE_CURVE ( 'NONE', #7995, #813, #2027, .T. ) ;
#1137 = EDGE_LOOP ( 'NONE', ( #9666, #1335, #3981, #4951, #5201 ) ) ;
#1138 = CIRCLE ( 'NONE', #2128, 3.549999999999999822 ) ;
#1139 = AXIS2_PLACEMENT_3D ( 'NONE', #5437, #6279, #4710 ) ;
#1140 = ORIENTED_EDGE ( 'NONE', *, *, #3895, .F. ) ;
#1141 = ORIENTED_EDGE ( 'NONE', *, *, #8603, .T. ) ;
#1142 = PLANE ( 'NONE',  #6360 ) ;
#1143 = CARTESIAN_POINT ( 'NONE',  ( 10.57473460188403536, 5.851418081433107155, 8.524124936442436962 ) ) ;
#1144 = CIRCLE ( 'NONE', #7779, 1.175000000000000488 ) ;
#1145 = VERTEX_POINT ( 'NONE', #8797 ) ;
#1146 = PLANE ( 'NONE',  #1472 ) ;
#1147 = DIRECTION ( 'NONE',  ( -0.9709069422338768574, -0.2394571141604761311, 0.000000000000000000 ) ) ;
#1148 = DIRECTION ( 'NONE',  ( 0.000000000000000000, -1.000000000000000000, -0.000000000000000000 ) ) ;
#1149 = FACE_OUTER_BOUND ( 'NONE', #496, .T. ) ;
#1150 = VECTOR ( 'NONE', #9509, 1000.000000000000114 ) ;
#1151 = CARTESIAN_POINT ( 'NONE',  ( 19.59897423552542506, 20.66205238419157197, 15.42704422652422380 ) ) ;
#1152 = VERTEX_POINT ( 'NONE', #2768 ) ;
#1153 = CYLINDRICAL_SURFACE ( 'NONE', #2957, 4.125000000000000000 ) ;
#1154 = VERTEX_POINT ( 'NONE', #4277 ) ;
#1155 = DIRECTION ( 'NONE',  ( 0.7071067811865462405, 1.035655806553317724E-15, 0.7071067811865489050 ) ) ;
#1156 = LINE ( 'NONE', #5952, #8933 ) ;
#1157 = AXIS2_PLACEMENT_3D ( 'NONE', #5514, #1502, #6204 ) ;
#1158 = CARTESIAN_POINT ( 'NONE',  ( 15.48551908595029936, 23.94593964004159758, 26.86435759122250033 ) ) ;
#1159 = LINE ( 'NONE', #2781, #480 ) ;
#1160 = ORIENTED_EDGE ( 'NONE', *, *, #1370, .F. ) ;
#1161 = ORIENTED_EDGE ( 'NONE', *, *, #5448, .T. ) ;
#1162 = CARTESIAN_POINT ( 'NONE',  ( 5.336330475561219977, 38.90939483438229729, 10.00000000000000000 ) ) ;
#1163 = CARTESIAN_POINT ( 'NONE',  ( 16.72479530463840192, 12.50000000000000000, 24.89725016619069820 ) ) ;
#1164 = VERTEX_POINT ( 'NONE', #311 ) ;
#1165 = CARTESIAN_POINT ( 'NONE',  ( 16.24415902855599825, 3.700000000000000178, 24.33377117763370023 ) ) ;
#1166 = AXIS2_PLACEMENT_3D ( 'NONE', #981, #8896, #7224 ) ;
#1167 = EDGE_CURVE ( 'NONE', #4268, #2019, #5354, .T. ) ;
#1168 = DIRECTION ( 'NONE',  ( 1.000000000000000000, 6.120826529420450260E-15, 5.551115123129629632E-17 ) ) ;
#1169 = CARTESIAN_POINT ( 'NONE',  ( -6.201686504076940665, 36.90147935403329882, 14.12500000000000000 ) ) ;
#1170 = DIRECTION ( 'NONE',  ( -3.976532185853394610E-16, -1.000000000000000000, 0.000000000000000000 ) ) ;
#1171 = CARTESIAN_POINT ( 'NONE',  ( 16.31092802209069959, 7.660623714452159838, 16.31092802209009918 ) ) ;
#1172 = CARTESIAN_POINT ( 'NONE',  ( -8.999085392877820055, 36.64717865036819688, 12.38690120507079939 ) ) ;
#1173 = ORIENTED_EDGE ( 'NONE', *, *, #6081, .T. ) ;
#1174 = LINE ( 'NONE', #126, #9432 ) ;
#1175 = EDGE_CURVE ( 'NONE', #2077, #745, #4375, .T. ) ;
#1176 = VECTOR ( 'NONE', #9793, 1000.000000000000000 ) ;
#1177 = ORIENTED_EDGE ( 'NONE', *, *, #931, .T. ) ;
#1178 = EDGE_CURVE ( 'NONE', #2382, #2212, #4861, .T. ) ;
#1179 = ORIENTED_EDGE ( 'NONE', *, *, #991, .F. ) ;
#1180 = CARTESIAN_POINT ( 'NONE',  ( 11.68410476065519887, 22.58792129481160060, 10.59123748792399944 ) ) ;
#1181 = PLANE ( 'NONE',  #7448 ) ;
#1182 = EDGE_LOOP ( 'NONE', ( #7601, #5742, #6304, #6178, #6188 ) ) ;
#1183 = ORIENTED_EDGE ( 'NONE', *, *, #6476, .F. ) ;
#1184 = DIRECTION ( 'NONE',  ( 1.000000000000000000, 0.000000000000000000, -0.000000000000000000 ) ) ;
#1185 = ORIENTED_EDGE ( 'NONE', *, *, #9758, .T. ) ;
#1186 = ORIENTED_EDGE ( 'NONE', *, *, #3846, .T. ) ;
#1187 = EDGE_CURVE ( 'NONE', #1511, #7533, #8270, .T. ) ;
#1188 = EDGE_CURVE ( 'NONE', #5961, #8440, #1674, .T. ) ;
#1189 = ORIENTED_EDGE ( 'NONE', *, *, #7488, .F. ) ;
#1190 = ORIENTED_EDGE ( 'NONE', *, *, #1771, .F. ) ;
#1191 = ADVANCED_FACE ( 'NONE', ( #4421 ), #9786, .T. ) ;
#1192 = DIRECTION ( 'NONE',  ( -0.7669706070501109973, -0.6416822328233690031, 0.000000000000000000 ) ) ;
#1193 = CARTESIAN_POINT ( 'NONE',  ( 10.65538603165110842, 5.646705677237760845, 8.604776366209504701 ) ) ;
#1194 = ORIENTED_EDGE ( 'NONE', *, *, #9002, .T. ) ;
#1195 = CARTESIAN_POINT ( 'NONE',  ( -7.000000000000000000, 20.00000000000000000, 10.00000000000000000 ) ) ;
#1196 = VECTOR ( 'NONE', #2202, 1000.000000000000000 ) ;
#1197 = CARTESIAN_POINT ( 'NONE',  ( -10.10549045572330051, 34.02653001969330404, 18.99999999999995026 ) ) ;
#1198 = DIRECTION ( 'NONE',  ( 0.000000000000000000, -1.000000000000000000, 0.000000000000000000 ) ) ;
#1199 = EDGE_CURVE ( 'NONE', #4461, #4974, #1287, .T. ) ;
#1200 = DIRECTION ( 'NONE',  ( -0.7071067811865500152, 7.511339080654519729E-16, -0.7071067811865450192 ) ) ;
#1201 = ADVANCED_FACE ( 'NONE', ( #62, #10221 ), #3199, .T. ) ;
#1202 = AXIS2_PLACEMENT_3D ( 'NONE', #1007, #7354, #6593 ) ;
#1203 = PLANE ( 'NONE',  #5799 ) ;
#1204 = ORIENTED_EDGE ( 'NONE', *, *, #6888, .T. ) ;
#1205 = CARTESIAN_POINT ( 'NONE',  ( 14.36638437382770128, 8.859581427496529216, 18.25547167035309926 ) ) ;
#1206 = CARTESIAN_POINT ( 'NONE',  ( 20.97783287275370157, 10.91062371445209855, 23.02844253819399967 ) ) ;
#1207 = LINE ( 'NONE', #5365, #8538 ) ;
#1208 = LINE ( 'NONE', #3516, #4814 ) ;
#1209 = EDGE_LOOP ( 'NONE', ( #9302, #6017, #2062 ) ) ;
#1210 = ORIENTED_EDGE ( 'NONE', *, *, #7003, .F. ) ;
#1211 = DIRECTION ( 'NONE',  ( 0.000000000000000000, -1.000000000000000000, 0.000000000000000000 ) ) ;
#1212 = AXIS2_PLACEMENT_3D ( 'NONE', #74, #1538, #2326 ) ;
#1213 = DIRECTION ( 'NONE',  ( -0.2373387721500701542, -0.6912853762465912544, -0.6824916379135395061 ) ) ;
#1214 = VECTOR ( 'NONE', #3225, 1000.000000000000000 ) ;
#1215 = ORIENTED_EDGE ( 'NONE', *, *, #2675, .T. ) ;
#1216 = DIRECTION ( 'NONE',  ( 0.7222382015498078900, 0.1781273446059149501, 0.6683132718461789468 ) ) ;
#1217 = DIRECTION ( 'NONE',  ( 0.000000000000000000, -0.000000000000000000, 1.000000000000000000 ) ) ;
#1218 = LINE ( 'NONE', #4404, #7352 ) ;
#1219 = CARTESIAN_POINT ( 'NONE',  ( 1.845587557122819966, 41.55034492232280741, 13.06850476785990089 ) ) ;
#1220 = AXIS2_PLACEMENT_3D ( 'NONE', #3072, #3857, #8688 ) ;
#1221 = VECTOR ( 'NONE', #132, 1000.000000000000000 ) ;
#1222 = CARTESIAN_POINT ( 'NONE',  ( -4.732557082437239160, 37.60908697627539965, 10.00000000000000000 ) ) ;
#1223 = EDGE_LOOP ( 'NONE', ( #10285, #7956, #6247, #5292 ) ) ;
#1224 = EDGE_CURVE ( 'NONE', #3411, #9663, #6516, .T. ) ;
#1225 = CARTESIAN_POINT ( 'NONE',  ( 18.25547167035369966, 6.461666001407789572, 14.36638437382710087 ) ) ;
#1226 = AXIS2_PLACEMENT_3D ( 'NONE', #1172, #7523, #3625 ) ;
#1227 = ORIENTED_EDGE ( 'NONE', *, *, #4436, .F. ) ;
#1228 = CARTESIAN_POINT ( 'NONE',  ( 6.871177378254300194, 39.28793781724669287, 14.12500000000000000 ) ) ;
#1229 = VECTOR ( 'NONE', #81, 1000.000000000000000 ) ;
#1230 = EDGE_LOOP ( 'NONE', ( #2252, #6638, #10157, #5144, #4224 ) ) ;
#1231 = VECTOR ( 'NONE', #7624, 1000.000000000000000 ) ;
#1232 = CARTESIAN_POINT ( 'NONE',  ( 10.00000000000000000, 0.000000000000000000, 10.00000000000000000 ) ) ;
#1233 = ORIENTED_EDGE ( 'NONE', *, *, #10012, .F. ) ;
#1234 = ORIENTED_EDGE ( 'NONE', *, *, #5723, .F. ) ;
#1235 = DIRECTION ( 'NONE',  ( -7.930164461608261426E-16, 0.000000000000000000, -1.000000000000000000 ) ) ;
#1236 = ORIENTED_EDGE ( 'NONE', *, *, #7728, .F. ) ;
#1237 = ORIENTED_EDGE ( 'NONE', *, *, #3793, .F. ) ;
#1238 = AXIS2_PLACEMENT_3D ( 'NONE', #9115, #5814, #280 ) ;
#1239 = ORIENTED_EDGE ( 'NONE', *, *, #4047, .F. ) ;
#1240 = EDGE_CURVE ( 'NONE', #2063, #4071, #10004, .T. ) ;
#1241 = TOROIDAL_SURFACE ( 'NONE', #3896, 2.174999999999999822, 1.000000000000000000 ) ;
#1242 = CARTESIAN_POINT ( 'NONE',  ( 16.58048712375559930, 43.38047666567260308, 14.12500000000000000 ) ) ;
#1243 = DIRECTION ( 'NONE',  ( 8.410780489584519664E-16, 0.000000000000000000, -1.000000000000000000 ) ) ;
#1244 = ORIENTED_EDGE ( 'NONE', *, *, #154, .T. ) ;
#1245 = EDGE_CURVE ( 'NONE', #1371, #9396, #2079, .T. ) ;
#1246 = ADVANCED_FACE ( 'NONE', ( #3092 ), #7635, .F. ) ;
#1247 = DIRECTION ( 'NONE',  ( 0.000000000000000000, 0.000000000000000000, 1.000000000000000000 ) ) ;
#1248 = DIRECTION ( 'NONE',  ( -0.6416822328233690031, 0.7669706070501109973, -7.637047670381729146E-17 ) ) ;
#1249 = DIRECTION ( 'NONE',  ( -0.6416822328233690031, -0.7669706070501109973, 0.000000000000000000 ) ) ;
#1250 = DIRECTION ( 'NONE',  ( 0.000000000000000000, 0.000000000000000000, -1.000000000000000000 ) ) ;
#1251 = ADVANCED_FACE ( 'NONE', ( #7882 ), #6866, .F. ) ;
#1252 = CARTESIAN_POINT ( 'NONE',  ( -19.35854111226639418, 0.000000000000000000, 0.5000000128217441109 ) ) ;
#1253 = DIRECTION ( 'NONE',  ( -5.551115123125779621E-17, 0.000000000000000000, 1.000000000000000000 ) ) ;
#1254 = ORIENTED_EDGE ( 'NONE', *, *, #2385, .T. ) ;
#1255 = CARTESIAN_POINT ( 'NONE',  ( 15.28625802125600153, 41.43375288419030511, 10.00000000000000000 ) ) ;
#1256 = EDGE_CURVE ( 'NONE', #3053, #4110, #6092, .T. ) ;
#1257 = FACE_OUTER_BOUND ( 'NONE', #6726, .T. ) ;
#1258 = CARTESIAN_POINT ( 'NONE',  ( 9.593523249333136604, 4.424577454332253801, 11.64413291477351642 ) ) ;
#1259 = PLANE ( 'NONE',  #3977 ) ;
#1260 = ORIENTED_EDGE ( 'NONE', *, *, #533, .T. ) ;
#1261 = ORIENTED_EDGE ( 'NONE', *, *, #8468, .F. ) ;
#1262 = CARTESIAN_POINT ( 'NONE',  ( 15.01993645344910000, 21.98450825159810051, 26.92792522093419905 ) ) ;
#1263 = EDGE_CURVE ( 'NONE', #7652, #1961, #2425, .T. ) ;
#1264 = CARTESIAN_POINT ( 'NONE',  ( 16.31092802209069959, 7.660623714452159838, 16.31092802209009918 ) ) ;
#1265 = DIRECTION ( 'NONE',  ( 0.6488699952224916689, 0.1600323674314322597, 0.7438799437236192080 ) ) ;
#1266 = CARTESIAN_POINT ( 'NONE',  ( 22.86984943465849796, 6.019182658296999833, 20.81923976921680008 ) ) ;
#1267 = ORIENTED_EDGE ( 'NONE', *, *, #7101, .T. ) ;
#1268 = DIRECTION ( 'NONE',  ( 0.000000000000000000, 0.000000000000000000, 1.000000000000000000 ) ) ;
#1269 = LINE ( 'NONE', #4447, #6636 ) ;
#1270 = EDGE_LOOP ( 'NONE', ( #9320, #4107, #5608, #6767 ) ) ;
#1271 = DIRECTION ( 'NONE',  ( -0.6488699952224918910, -0.1600323674314316491, -0.7438799437236188750 ) ) ;
#1272 = ORIENTED_EDGE ( 'NONE', *, *, #5261, .T. ) ;
#1273 = DIRECTION ( 'NONE',  ( 0.000000000000000000, 0.000000000000000000, -1.000000000000000000 ) ) ;
#1274 = ORIENTED_EDGE ( 'NONE', *, *, #4611, .T. ) ;
#1275 = ORIENTED_EDGE ( 'NONE', *, *, #9957, .F. ) ;
#1276 = VECTOR ( 'NONE', #6262, 1000.000000000000114 ) ;
#1277 = CARTESIAN_POINT ( 'NONE',  ( 20.58892372918649727, 20.66205238419160040, 16.69983643266010276 ) ) ;
#1278 = ORIENTED_EDGE ( 'NONE', *, *, #4616, .F. ) ;
#1279 = ORIENTED_EDGE ( 'NONE', *, *, #3903, .F. ) ;
#1280 = DIRECTION ( 'NONE',  ( 0.7669706070501109973, 0.6416822328233690031, 0.000000000000000000 ) ) ;
#1281 = EDGE_LOOP ( 'NONE', ( #3097, #8085, #7576, #9945, #3943 ) ) ;
#1282 = ORIENTED_EDGE ( 'NONE', *, *, #6089, .T. ) ;
#1283 = CIRCLE ( 'NONE', #5795, 4.125000000000000000 ) ;
#1284 = B_SPLINE_CURVE_WITH_KNOTS ( 'NONE', 3,
 ( #4349, #5962, #9949, #2833, #5132, #10233, #3897, #1494, #6013, #6747, #8292, #523, #8487, #9165, #3707, #5230, #8392, #6837, #1992, #4441, #476, #3660, #2880, #10051, #2930, #6066, #9220, #6114, #9268, #2154, #4674, #7845, #709, #7061, #7515, #1714, #9617, #8727, #7231, #2501, #5506 ),
 .UNSPECIFIED., .F., .F.,
 ( 4, 2, 2, 2, 1, 1, 1, 2, 2, 2, 2, 1, 1, 1, 2, 2, 2, 2, 1, 1, 1, 2, 2, 2, 4 ),
 ( 0.000000000000000000, 0.1250000000000148215, 0.1875000000000232314, 0.2187500000000270062, 0.2343750000000292821, 0.2421875000000300315, 0.2460937500000302258, 0.2480468750000303646, 0.2500000000000304756, 0.3750000000000129896, 0.4375000000000042188, 0.4687499999999993339, 0.4843749999999969469, 0.4921874999999963363, 0.4960937499999957256, 0.4999999999999950595, 0.6249999999999945599, 0.6874999999999943379, 0.7187499999999946709, 0.7343749999999935607, 0.7421874999999927836, 0.7460937499999932276, 0.7499999999999936717, 0.8749999999999967804, 1.000000000000000000 ),
 .UNSPECIFIED. ) ;
#1285 = ORIENTED_EDGE ( 'NONE', *, *, #8245, .F. ) ;
#1286 = ADVANCED_FACE ( 'NONE', ( #5594 ), #8762, .F. ) ;
#1287 = LINE ( 'NONE', #3145, #3375 ) ;
#1288 = DIRECTION ( 'NONE',  ( 0.5000000000000091038, -0.7071067811865481278, 0.4999999999999900080 ) ) ;
#1289 = CARTESIAN_POINT ( 'NONE',  ( 10.81066264742613647, 5.266550746536638350, 8.760052981984523868 ) ) ;
#1290 = ORIENTED_EDGE ( 'NONE', *, *, #10141, .T. ) ;
#1291 = CIRCLE ( 'NONE', #621, 1.175000000000000711 ) ;
#1292 = DIRECTION ( 'NONE',  ( -0.6416822328233690031, 0.7669706070501109973, 0.000000000000000000 ) ) ;
#1293 = AXIS2_PLACEMENT_3D ( 'NONE', #2887, #9171, #5280 ) ;
#1294 = LINE ( 'NONE', #5978, #3054 ) ;
#1295 = CARTESIAN_POINT ( 'NONE',  ( 11.17500000000000604, 10.71077134368749562, 10.16284902472479423 ) ) ;
#1296 = DIRECTION ( 'NONE',  ( -0.5125766358075091178, 0.4288447525037478725, -0.7438799437236195411 ) ) ;
#1297 = EDGE_CURVE ( 'NONE', #8215, #3358, #5521, .T. ) ;
#1298 = VECTOR ( 'NONE', #8160, 1000.000000000000000 ) ;
#1299 = FACE_BOUND ( 'NONE', #8692, .T. ) ;
#1300 = ADVANCED_FACE ( 'NONE', ( #6438 ), #4187, .F. ) ;
#1301 = AXIS2_PLACEMENT_3D ( 'NONE', #6484, #8194, #1010 ) ;
#1302 = CARTESIAN_POINT ( 'NONE',  ( 13.65927759264089936, 5.034314593714809938, 11.60866792719929919 ) ) ;
#1303 = ORIENTED_EDGE ( 'NONE', *, *, #8561, .T. ) ;
#1304 = PLANE ( 'NONE',  #6962 ) ;
#1305 = EDGE_CURVE ( 'NONE', #5671, #1310, #3930, .T. ) ;
#1306 = ORIENTED_EDGE ( 'NONE', *, *, #7039, .F. ) ;
#1307 = DIRECTION ( 'NONE',  ( 0.6416822328233701134, 0.7669706070501101092, -5.104306999746031807E-16 ) ) ;
#1308 = CARTESIAN_POINT ( 'NONE',  ( 0.1940000000000099978, -4.930084118726089707E-15, 4.426497308103719774 ) ) ;
#1309 = VERTEX_POINT ( 'NONE', #8709 ) ;
#1310 = VERTEX_POINT ( 'NONE', #4764 ) ;
#1311 = CARTESIAN_POINT ( 'NONE',  ( -0.5647953146964951321, 36.92376563779299659, 13.06850476785990089 ) ) ;
#1312 = CARTESIAN_POINT ( 'NONE',  ( 20.87176644166120099, 20.66205238419160040, 16.41699372018539904 ) ) ;
#1313 = CONICAL_SURFACE ( 'NONE', #142, 3.349999999999999645, 0.7853981633974511656 ) ;
#1314 = EDGE_CURVE ( 'NONE', #2995, #9921, #2178, .T. ) ;
#1315 = CARTESIAN_POINT ( 'NONE',  ( 22.17991430594149804, 7.660623714452039934, 15.10884649407529956 ) ) ;
#1316 = EDGE_CURVE ( 'NONE', #9672, #10018, #3686, .T. ) ;
#1317 = PLANE ( 'NONE',  #3978 ) ;
#1318 = DIRECTION ( 'NONE',  ( -0.4537378581963293356, 0.5423301172158959682, -0.7071067811865479058 ) ) ;
#1319 = CIRCLE ( 'NONE', #7124, 4.125000000000001776 ) ;
#1320 = VECTOR ( 'NONE', #8438, 1000.000000000000227 ) ;
#1321 = ORIENTED_EDGE ( 'NONE', *, *, #2956, .T. ) ;
#1322 = DIRECTION ( 'NONE',  ( 0.5705340520101068735, -0.4773345432410939226, 0.6683132718461789468 ) ) ;
#1323 = ADVANCED_FACE ( 'NONE', ( #4040 ), #7205, .T. ) ;
#1324 = DIRECTION ( 'NONE',  ( 0.7071067811865475727, 0.000000000000000000, 0.7071067811865475727 ) ) ;
#1325 = VERTEX_POINT ( 'NONE', #2482 ) ;
#1326 = CARTESIAN_POINT ( 'NONE',  ( 4.207362930679697577, 34.71708851415645825, 10.00000000000000000 ) ) ;
#1327 = AXIS2_PLACEMENT_3D ( 'NONE', #1964, #1092, #9878 ) ;
#1328 = ORIENTED_EDGE ( 'NONE', *, *, #5556, .T. ) ;
#1329 = DIRECTION ( 'NONE',  ( 0.7669706070501099981, -0.6416822328233701134, 0.000000000000000000 ) ) ;
#1330 = ORIENTED_EDGE ( 'NONE', *, *, #8468, .T. ) ;
#1331 = ADVANCED_FACE ( 'NONE', ( #1804 ), #2545, .F. ) ;
#1332 = AXIS2_PLACEMENT_3D ( 'NONE', #5084, #4250, #7360 ) ;
#1333 = CARTESIAN_POINT ( 'NONE',  ( 10.07666353973159978, 13.99718353375900115, 11.17249635465359958 ) ) ;
#1334 = VERTEX_POINT ( 'NONE', #1906 ) ;
#1335 = ORIENTED_EDGE ( 'NONE', *, *, #9713, .T. ) ;
#1336 = CARTESIAN_POINT ( 'NONE',  ( 5.385382584426329444, 42.01138715251610023, 14.12500000000000000 ) ) ;
#1337 = CARTESIAN_POINT ( 'NONE',  ( 23.77339876642614414, 41.01922398257949709, 6.745525246209166603 ) ) ;
#1338 = ORIENTED_EDGE ( 'NONE', *, *, #1188, .F. ) ;
#1339 = ORIENTED_EDGE ( 'NONE', *, *, #8740, .F. ) ;
#1340 = VECTOR ( 'NONE', #10080, 1000.000000000000227 ) ;
#1341 = ORIENTED_EDGE ( 'NONE', *, *, #7046, .T. ) ;
#1342 = CARTESIAN_POINT ( 'NONE',  ( 15.38204086692022621, 41.82211566108389889, 5.875000000000000000 ) ) ;
#1343 = CARTESIAN_POINT ( 'NONE',  ( -19.35854111226639418, 0.000000000000000000, 13.91715725238439383 ) ) ;
#1344 = ORIENTED_EDGE ( 'NONE', *, *, #9781, .T. ) ;
#1345 = CARTESIAN_POINT ( 'NONE',  ( 9.567639426460365470, 17.76248771792056402, 8.904069309760556550 ) ) ;
#1346 = LINE ( 'NONE', #5355, #5899 ) ;
#1347 = LINE ( 'NONE', #3600, #8472 ) ;
#1348 = ADVANCED_FACE ( 'NONE', ( #287 ), #963, .F. ) ;
#1349 = ORIENTED_EDGE ( 'NONE', *, *, #1086, .F. ) ;
#1350 = DIRECTION ( 'NONE',  ( -0.2161664957215420624, -0.9763565158933844579, 0.000000000000000000 ) ) ;
#1351 = VERTEX_POINT ( 'NONE', #5870 ) ;
#1352 = FACE_OUTER_BOUND ( 'NONE', #9143, .T. ) ;
#1353 = DIRECTION ( 'NONE',  ( 0.5705340520101068735, -0.4773345432410939226, -0.6683132718461789468 ) ) ;
#1354 = CARTESIAN_POINT ( 'NONE',  ( 7.294547863372569552, 42.48224917673849887, 13.06850476785990089 ) ) ;
#1355 = CARTESIAN_POINT ( 'NONE',  ( 6.139997686898309937, -0.2000000000000050071, 19.40642605702790036 ) ) ;
#1356 = ORIENTED_EDGE ( 'NONE', *, *, #66, .T. ) ;
#1357 = ORIENTED_EDGE ( 'NONE', *, *, #996, .F. ) ;
#1358 = CARTESIAN_POINT ( 'NONE',  ( 9.600000149011600925, 10.40000000000000036, 21.50798891649668221 ) ) ;
#1359 = FACE_OUTER_BOUND ( 'NONE', #423, .T. ) ;
#1360 = EDGE_CURVE ( 'NONE', #374, #229, #6606, .T. ) ;
#1361 = CARTESIAN_POINT ( 'NONE',  ( 12.06433022203467331, 23.58040288291039488, 9.744642082887239098 ) ) ;
#1362 = CIRCLE ( 'NONE', #3539, 4.375000000000001776 ) ;
#1363 = CARTESIAN_POINT ( 'NONE',  ( 4.186936327590929707, 43.56974815710489679, 10.00000000000000000 ) ) ;
#1364 = FACE_OUTER_BOUND ( 'NONE', #5937, .T. ) ;
#1365 = EDGE_LOOP ( 'NONE', ( #5302, #4395, #2692, #6291, #1918 ) ) ;
#1366 = EDGE_CURVE ( 'NONE', #4249, #2055, #6652, .T. ) ;
#1367 = CARTESIAN_POINT ( 'NONE',  ( 20.20599999999999952, -0.2000000000000050071, 7.213248654051860775 ) ) ;
#1368 = LINE ( 'NONE', #5421, #3939 ) ;
#1369 = CARTESIAN_POINT ( 'NONE',  ( 3.085874051645269844, 41.03226790236440280, 14.37500000000000000 ) ) ;
#1370 = EDGE_CURVE ( 'NONE', #4505, #5006, #3473, .T. ) ;
#1371 = VERTEX_POINT ( 'NONE', #4202 ) ;
#1372 = LINE ( 'NONE', #584, #3881 ) ;
#1373 = ADVANCED_FACE ( 'NONE', ( #8817 ), #3363, .F. ) ;
#1374 = VECTOR ( 'NONE', #5800, 1000.000000000000000 ) ;
#1375 = ADVANCED_FACE ( 'NONE', ( #9710 ), #8251, .F. ) ;
#1376 = CARTESIAN_POINT ( 'NONE',  ( 9.082625438379617222, 20.12544491717538619, 10.93020517922678891 ) ) ;
#1377 = ORIENTED_EDGE ( 'NONE', *, *, #4720, .F. ) ;
#1378 = DIRECTION ( 'NONE',  ( 0.6488699952224920020, 0.1600323674314317046, 0.7438799437236189860 ) ) ;
#1379 = VECTOR ( 'NONE', #5447, 1000.000000000000227 ) ;
#1380 = ORIENTED_EDGE ( 'NONE', *, *, #7039, .T. ) ;
#1381 =( BOUNDED_CURVE ( )  B_SPLINE_CURVE ( 3, ( #7698, #564, #7850, #714 ),
 .UNSPECIFIED., .F., .T. ) 
 B_SPLINE_CURVE_WITH_KNOTS ( ( 4, 4 ),
 ( 5.371036084011109324, 6.283185307179586232 ),
 .UNSPECIFIED. ) 
 CURVE ( )  GEOMETRIC_REPRESENTATION_ITEM ( )  RATIONAL_B_SPLINE_CURVE ( ( 1.000000000000000000, 0.9318588388831992031, 0.9318588388831992031, 1.000000000000000000 ) ) 
 REPRESENTATION_ITEM ( '' )  );
#1382 = CIRCLE ( 'NONE', #5212, 1.600000000000000755 ) ;
#1383 = DIRECTION ( 'NONE',  ( 0.9709069422338768574, 0.2394571141604759368, 0.000000000000000000 ) ) ;
#1384 = ORIENTED_EDGE ( 'NONE', *, *, #3601, .T. ) ;
#1385 = EDGE_CURVE ( 'NONE', #434, #3419, #10165, .T. ) ;
#1386 = ORIENTED_EDGE ( 'NONE', *, *, #7826, .T. ) ;
#1387 = LINE ( 'NONE', #1337, #5479 ) ;
#1388 = AXIS2_PLACEMENT_3D ( 'NONE', #2889, #3671, #9227 ) ;
#1389 = ORIENTED_EDGE ( 'NONE', *, *, #7963, .T. ) ;
#1390 = EDGE_CURVE ( 'NONE', #4725, #4660, #9151, .T. ) ;
#1391 = VECTOR ( 'NONE', #8932, 1000.000000000000114 ) ;
#1392 = ORIENTED_EDGE ( 'NONE', *, *, #1068, .F. ) ;
#1393 = VECTOR ( 'NONE', #7134, 1000.000000000000000 ) ;
#1394 = DIRECTION ( 'NONE',  ( 0.000000000000000000, -1.000000000000000000, 0.000000000000000000 ) ) ;
#1395 = CARTESIAN_POINT ( 'NONE',  ( 11.80352215233219049, 4.430645020887717500, 9.752912486890560118 ) ) ;
#1397 = VERTEX_POINT ( 'NONE', #4150 ) ;
#1396 = VECTOR ( 'NONE', #3855, 1000.000000000000000 ) ;
#1398 = CARTESIAN_POINT ( 'NONE',  ( 8.315895239344820666, 22.58792129481160060, 9.408762512076009443 ) ) ;
#1399 = CARTESIAN_POINT ( 'NONE',  ( 4.713741978743983374, 41.43375288419030511, 5.625000000000000000 ) ) ;
#1400 = DIRECTION ( 'NONE',  ( -1.000000000000000000, 0.000000000000000000, 0.000000000000000000 ) ) ;
#1401 = AXIS2_PLACEMENT_3D ( 'NONE', #6830, #10091, #2144 ) ;
#1402 = VECTOR ( 'NONE', #8815, 1000.000000000000000 ) ;
#1403 = DIRECTION ( 'NONE',  ( 0.6416822328233690031, 0.7669706070501109973, -1.467044514453919102E-31 ) ) ;
#1404 = ORIENTED_EDGE ( 'NONE', *, *, #3146, .F. ) ;
#1405 = DIRECTION ( 'NONE',  ( -9.199760505998093129E-17, -0.7071067811865474617, 0.7071067811865474617 ) ) ;
#1406 = ORIENTED_EDGE ( 'NONE', *, *, #1710, .T. ) ;
#1407 = PLANE ( 'NONE',  #9450 ) ;
#1408 = FACE_OUTER_BOUND ( 'NONE', #7600, .T. ) ;
#1409 = LINE ( 'NONE', #3752, #2797 ) ;
#1410 = CARTESIAN_POINT ( 'NONE',  ( 9.117284229003006502, 4.642832710688701070, 11.16789389444339164 ) ) ;
#1411 = DIRECTION ( 'NONE',  ( 0.9709069422338770794, -0.2394571141604749931, 0.000000000000000000 ) ) ;
#1412 = VECTOR ( 'NONE', #763, 1000.000000000000114 ) ;
#1413 = CARTESIAN_POINT ( 'NONE',  ( 20.20599999999999952, -4.930084118726089707E-15, 4.426497308103719774 ) ) ;
#1414 = DIRECTION ( 'NONE',  ( 1.000000000000000000, 0.000000000000000000, 0.000000000000000000 ) ) ;
#1415 = LINE ( 'NONE', #7864, #4785 ) ;
#1416 = CARTESIAN_POINT ( 'NONE',  ( 15.20600000000000129, -5.200000000000000178, 7.313248654051839104 ) ) ;
#1417 = ORIENTED_EDGE ( 'NONE', *, *, #8879, .T. ) ;
#1418 = EDGE_CURVE ( 'NONE', #1351, #1064, #7841, .T. ) ;
#1419 = CARTESIAN_POINT ( 'NONE',  ( 11.98708079414599936, 39.56952835003689728, 13.06850476785990089 ) ) ;
#1420 = DIRECTION ( 'NONE',  ( 0.7071067811865462405, 1.035655806553317724E-15, 0.7071067811865489050 ) ) ;
#1421 = CARTESIAN_POINT ( 'NONE',  ( 10.73265149531650131, 4.409804780833190385, 11.78022561143110103 ) ) ;
#1422 = EDGE_LOOP ( 'NONE', ( #7272, #6803, #8242, #736 ) ) ;
#1423 = CARTESIAN_POINT ( 'NONE',  ( 9.124434016682158699, 19.95846142967522496, 10.94547764582413940 ) ) ;
#1424 = ORIENTED_EDGE ( 'NONE', *, *, #6669, .T. ) ;
#1425 = DIRECTION ( 'NONE',  ( 0.4537378581963297797, 0.5423301172158969674, 0.7071067811865467956 ) ) ;
#1426 = ADVANCED_FACE ( 'NONE', ( #8151, #8929 ), #2536, .T. ) ;
#1427 = B_SPLINE_CURVE_WITH_KNOTS ( 'NONE', 3,
 ( #3931, #9438, #7773, #6385 ),
 .UNSPECIFIED., .F., .F.,
 ( 4, 4 ),
 ( 0.000000000000000000, 1.000000000000000000 ),
 .UNSPECIFIED. ) ;
#1428 = ORIENTED_EDGE ( 'NONE', *, *, #3616, .T. ) ;
#1429 = EDGE_CURVE ( 'NONE', #254, #6572, #1119, .T. ) ;
#1430 = EDGE_CURVE ( 'NONE', #4003, #7076, #9615, .T. ) ;
#1431 = CARTESIAN_POINT ( 'NONE',  ( 10.00000014901159950, 17.05385599033019872, 20.00000000000000000 ) ) ;
#1432 = VERTEX_POINT ( 'NONE', #1075 ) ;
#1433 = CARTESIAN_POINT ( 'NONE',  ( 26.50000023425187479, 5.200000762866002546, 19.49999976574812521 ) ) ;
#1434 = ORIENTED_EDGE ( 'NONE', *, *, #1944, .F. ) ;
#1435 = ORIENTED_EDGE ( 'NONE', *, *, #7349, .F. ) ;
#1436 = ADVANCED_FACE ( 'NONE', ( #2747 ), #528, .F. ) ;
#1437 = EDGE_LOOP ( 'NONE', ( #10211, #345, #555, #9879 ) ) ;
#1438 = CARTESIAN_POINT ( 'NONE',  ( 10.20000000000000107, -4.001007654755840193, 17.36144390007739702 ) ) ;
#1439 = ADVANCED_FACE ( 'NONE', ( #4542 ), #5965, .T. ) ;
#1440 = ORIENTED_EDGE ( 'NONE', *, *, #541, .T. ) ;
#1441 = CARTESIAN_POINT ( 'NONE',  ( 15.38204086692021022, 41.82211566108390599, 5.625000000000000000 ) ) ;
#1442 = CARTESIAN_POINT ( 'NONE',  ( 9.115576867425327023, 10.09492349102402819, 10.77363032187352054 ) ) ;
#1443 = LINE ( 'NONE', #7335, #5494 ) ;
#1444 = VECTOR ( 'NONE', #901, 1000.000000000000114 ) ;
#1445 = CARTESIAN_POINT ( 'NONE',  ( -18.47569835231111313, 5.199999458581024747, 14.80000001233967666 ) ) ;
#1446 = EDGE_LOOP ( 'NONE', ( #7414, #3607, #6080, #1539, #2230, #6578, #5200, #6754, #9551, #9175, #9189 ) ) ;
#1447 = FACE_OUTER_BOUND ( 'NONE', #1708, .T. ) ;
#1448 = CARTESIAN_POINT ( 'NONE',  ( 8.200000149011609452, 10.59999999999999964, 25.00000029802320256 ) ) ;
#1449 = AXIS2_PLACEMENT_3D ( 'NONE', #1232, #4414, #2066 ) ;
#1450 = EDGE_LOOP ( 'NONE', ( #6400, #513, #9398, #989 ) ) ;
#1451 = DIRECTION ( 'NONE',  ( -0.2394571141604759645, 0.9709069422338769684, 0.000000000000000000 ) ) ;
#1452 = CARTESIAN_POINT ( 'NONE',  ( -8.997788938056260122, 33.64945218361569346, 20.00000000000000000 ) ) ;
#1453 = CARTESIAN_POINT ( 'NONE',  ( 15.28562318937020059, 11.31062371445220194, 17.33623285481059995 ) ) ;
#1454 = DIRECTION ( 'NONE',  ( 0.000000000000000000, -1.000000000000000000, 0.000000000000000000 ) ) ;
#1455 = DIRECTION ( 'NONE',  ( -0.8660254037844381525, 0.000000000000000000, -0.5000000000000007772 ) ) ;
#1456 = LINE ( 'NONE', #3236, #8991 ) ;
#1457 = AXIS2_PLACEMENT_3D ( 'NONE', #3866, #1515, #4805 ) ;
#1458 = PLANE ( 'NONE',  #3299 ) ;
#1459 = CARTESIAN_POINT ( 'NONE',  ( 11.56658433640770234, -3.399999999999999911, 14.13780600281379840 ) ) ;
#1460 = ORIENTED_EDGE ( 'NONE', *, *, #4492, .T. ) ;
#1461 = DIRECTION ( 'NONE',  ( -0.7071067811865450192, -8.656155890839430614E-15, 0.7071067811865500152 ) ) ;
#1462 = DIRECTION ( 'NONE',  ( 4.163336342344339985E-16, -1.000000000000000000, 0.000000000000000000 ) ) ;
#1463 = AXIS2_PLACEMENT_3D ( 'NONE', #536, #5191, #1273 ) ;
#1464 = DIRECTION ( 'NONE',  ( 0.7071067811865470176, 7.282241002660176625E-15, -0.7071067811865480168 ) ) ;
#1465 = CARTESIAN_POINT ( 'NONE',  ( 8.494304412933971093, 5.488214298161849136, 10.86685821886289993 ) ) ;
#1466 = ORIENTED_EDGE ( 'NONE', *, *, #8144, .T. ) ;
#1467 = CARTESIAN_POINT ( 'NONE',  ( 2.633485220016730022, 43.18661677444809754, 14.17500000000000071 ) ) ;
#1468 = EDGE_CURVE ( 'NONE', #933, #7187, #6842, .T. ) ;
#1469 = CARTESIAN_POINT ( 'NONE',  ( 8.835414459849046054, 5.064988614247381449, 10.17290693279257852 ) ) ;
#1470 = ORIENTED_EDGE ( 'NONE', *, *, #3923, .T. ) ;
#1471 = CARTESIAN_POINT ( 'NONE',  ( -14.00000000000000000, 11.28430686604839828, 10.00000000000000000 ) ) ;
#1472 = AXIS2_PLACEMENT_3D ( 'NONE', #455, #1292, #1247 ) ;
#1473 = AXIS2_PLACEMENT_3D ( 'NONE', #5362, #5510, #1554 ) ;
#1474 = FACE_OUTER_BOUND ( 'NONE', #7759, .T. ) ;
#1475 = ORIENTED_EDGE ( 'NONE', *, *, #6412, .T. ) ;
#1476 = CARTESIAN_POINT ( 'NONE',  ( 26.01592154808399826, 39.14302819037560255, 10.00000000000000000 ) ) ;
#1477 = CARTESIAN_POINT ( 'NONE',  ( 15.05797552145619811, 27.90907834314780089, 20.00000000000000000 ) ) ;
#1478 = ORIENTED_EDGE ( 'NONE', *, *, #9770, .F. ) ;
#1479 = ORIENTED_EDGE ( 'NONE', *, *, #10279, .F. ) ;
#1480 = ORIENTED_EDGE ( 'NONE', *, *, #2321, .T. ) ;
#1481 = EDGE_CURVE ( 'NONE', #1961, #1898, #7007, .T. ) ;
#1482 = CARTESIAN_POINT ( 'NONE',  ( 10.11530379532920065, 5.151086436309039840, 8.795237898869370241 ) ) ;
#1483 = AXIS2_PLACEMENT_3D ( 'NONE', #9643, #8867, #4918 ) ;
#1484 = VERTEX_POINT ( 'NONE', #5330 ) ;
#1485 = DIRECTION ( 'NONE',  ( 0.7071067811865489050, 3.976541677442609204E-16, -0.7071067811865460184 ) ) ;
#1486 = VERTEX_POINT ( 'NONE', #6019 ) ;
#1487 = CARTESIAN_POINT ( 'NONE',  ( 10.00000000000000000, -5.200000000000000178, 10.00000000000000000 ) ) ;
#1488 = EDGE_CURVE ( 'NONE', #7778, #3416, #1949, .T. ) ;
#1489 = ADVANCED_FACE ( 'NONE', ( #6071 ), #8396, .T. ) ;
#1490 = CARTESIAN_POINT ( 'NONE',  ( 9.621010765765575456, 10.51575522573126165, 11.11512779613685176 ) ) ;
#1491 = CIRCLE ( 'NONE', #7334, 4.125000000000001776 ) ;
#1492 = DIRECTION ( 'NONE',  ( 0.000000000000000000, 1.000000000000000000, 0.000000000000000000 ) ) ;
#1493 = EDGE_CURVE ( 'NONE', #583, #9672, #1997, .T. ) ;
#1494 = CARTESIAN_POINT ( 'NONE',  ( 9.592736073900718807, 8.489339733724069248, 8.897800684780849068 ) ) ;
#1495 = CARTESIAN_POINT ( 'NONE',  ( 22.17991430594139857, 9.260623714452039579, 15.10884649407539904 ) ) ;
#1496 = VERTEX_POINT ( 'NONE', #7717 ) ;
#1497 = AXIS2_PLACEMENT_3D ( 'NONE', #9056, #9102, #2087 ) ;
#1498 = CARTESIAN_POINT ( 'NONE',  ( 16.53425384513920093, 23.94594023867820098, 26.86435655435349901 ) ) ;
#1499 = ORIENTED_EDGE ( 'NONE', *, *, #4557, .F. ) ;
#1500 = LINE ( 'NONE', #6926, #4613 ) ;
#1501 = CARTESIAN_POINT ( 'NONE',  ( 6.485050200653300401, 34.25177603828559114, 10.00000000000000000 ) ) ;
#1502 = DIRECTION ( 'NONE',  ( -0.6903883132438828341, -0.1528527949900351235, 0.7071067811865480168 ) ) ;
#1503 = DIRECTION ( 'NONE',  ( 0.5000000000000168754, -0.7071067811865334729, 0.5000000000000031086 ) ) ;
#1504 = EDGE_CURVE ( 'NONE', #5694, #2949, #10001, .T. ) ;
#1505 = DIRECTION ( 'NONE',  ( -0.9725069832798668434, 0.000000000000000000, -0.2328737157171084649 ) ) ;
#1506 = DIRECTION ( 'NONE',  ( -5.337610695313252173E-15, 1.000000000000000000, 6.405132834375902450E-15 ) ) ;
#1507 = CARTESIAN_POINT ( 'NONE',  ( -4.475884189307890004, 37.30229873345540170, 10.00000000000000000 ) ) ;
#1508 = ADVANCED_FACE ( 'NONE', ( #4446 ), #3621, .F. ) ;
#1509 = CARTESIAN_POINT ( 'NONE',  ( -3.069139506829069663, 39.00077721084540627, 13.59675238393000107 ) ) ;
#1510 = DIRECTION ( 'NONE',  ( -0.7071067811865500152, 1.236448081483690217E-14, -0.7071067811865450192 ) ) ;
#1511 = VERTEX_POINT ( 'NONE', #9224 ) ;
#1512 = CARTESIAN_POINT ( 'NONE',  ( -19.35854111226639418, 5.199999433015132233, 0.5000000128217441109 ) ) ;
#1513 = CARTESIAN_POINT ( 'NONE',  ( 9.999968872764156913, 20.51090193892050806, 11.14950575692942003 ) ) ;
#1514 = CARTESIAN_POINT ( 'NONE',  ( -11.47569850406383551, 29.25100135070063345, 14.80000001233967666 ) ) ;
#1515 = DIRECTION ( 'NONE',  ( -0.6416822328233690031, -0.7669706070501109973, 0.000000000000000000 ) ) ;
#1516 = ORIENTED_EDGE ( 'NONE', *, *, #9834, .T. ) ;
#1517 = ORIENTED_EDGE ( 'NONE', *, *, #8444, .T. ) ;
#1518 = FACE_BOUND ( 'NONE', #6180, .T. ) ;
#1519 = CARTESIAN_POINT ( 'NONE',  ( 16.91688776961330021, 41.44357267821940383, 14.12500000000000000 ) ) ;
#1520 = VECTOR ( 'NONE', #1192, 1000.000000000000000 ) ;
#1521 = ORIENTED_EDGE ( 'NONE', *, *, #1705, .T. ) ;
#1522 = CARTESIAN_POINT ( 'NONE',  ( 13.51494979934670049, 34.25177603828559114, 10.00000000000000000 ) ) ;
#1523 = LINE ( 'NONE', #10163, #5539 ) ;
#1524 = VERTEX_POINT ( 'NONE', #4405 ) ;
#1525 = DIRECTION ( 'NONE',  ( -0.2394571141604759923, 0.9709069422338770794, 2.640006514806145080E-18 ) ) ;
#1526 = AXIS2_PLACEMENT_3D ( 'NONE', #6937, #2411, #4694 ) ;
#1527 = VECTOR ( 'NONE', #2838, 1000.000000000000227 ) ;
#1528 = DIRECTION ( 'NONE',  ( -0.7669706070501107753, -0.6416822328233691142, 0.000000000000000000 ) ) ;
#1529 = AXIS2_PLACEMENT_3D ( 'NONE', #3649, #9846, #2030 ) ;
#1530 = ORIENTED_EDGE ( 'NONE', *, *, #2006, .T. ) ;
#1531 = CARTESIAN_POINT ( 'NONE',  ( 15.44472223884509887, 11.53562374798010026, 17.49533190428550000 ) ) ;
#1532 = ORIENTED_EDGE ( 'NONE', *, *, #3509, .T. ) ;
#1533 = VERTEX_POINT ( 'NONE', #580 ) ;
#1534 = AXIS2_PLACEMENT_3D ( 'NONE', #10176, #10124, #3003 ) ;
#1535 = CARTESIAN_POINT ( 'NONE',  ( 9.169149532106040112, 7.660623714452170496, 9.169149532106040112 ) ) ;
#1536 = VECTOR ( 'NONE', #5676, 1000.000000000000000 ) ;
#1537 = ORIENTED_EDGE ( 'NONE', *, *, #5502, .T. ) ;
#1538 = DIRECTION ( 'NONE',  ( 0.000000000000000000, 0.000000000000000000, -1.000000000000000000 ) ) ;
#1539 = ORIENTED_EDGE ( 'NONE', *, *, #7158, .F. ) ;
#1540 = CIRCLE ( 'NONE', #3042, 4.375000000000000000 ) ;
#1541 = CARTESIAN_POINT ( 'NONE',  ( 9.830670609520447911, 8.969329539491161185, 21.73865937700553275 ) ) ;
#1542 = ORIENTED_EDGE ( 'NONE', *, *, #5973, .F. ) ;
#1543 = CARTESIAN_POINT ( 'NONE',  ( 22.86951259075933152, 20.66205238419161105, 12.43934858376493402 ) ) ;
#1544 = CARTESIAN_POINT ( 'NONE',  ( 25.88758510151929926, 38.98963406896560002, 10.00000000000000000 ) ) ;
#1545 = EDGE_CURVE ( 'NONE', #8733, #2742, #8492, .T. ) ;
#1546 = CIRCLE ( 'NONE', #3049, 4.125000000000001776 ) ;
#1547 = CARTESIAN_POINT ( 'NONE',  ( 10.10351043228836154, 21.76134183836238023, 20.00000000000000000 ) ) ;
#1548 = DIRECTION ( 'NONE',  ( 0.5705340520101069846, 0.4773345432410950329, 0.6683132718461780586 ) ) ;
#1549 = ORIENTED_EDGE ( 'NONE', *, *, #6965, .F. ) ;
#1550 = VECTOR ( 'NONE', #693, 999.9999999999998863 ) ;
#1551 = EDGE_CURVE ( 'NONE', #9068, #2852, #6544, .T. ) ;
#1552 = B_SPLINE_CURVE_WITH_KNOTS ( 'NONE', 3,
 ( #1333, #4510, #6130, #9920 ),
 .UNSPECIFIED., .F., .F.,
 ( 4, 4 ),
 ( 0.000000000000000000, 1.000000000000000000 ),
 .UNSPECIFIED. ) ;
#1553 = FACE_OUTER_BOUND ( 'NONE', #5103, .T. ) ;
#1554 = DIRECTION ( 'NONE',  ( 0.5125766358075094509, -0.4288447525037479280, 0.7438799437236193191 ) ) ;
#1555 = ADVANCED_FACE ( 'NONE', ( #4499 ), #6893, .F. ) ;
#1556 = VERTEX_POINT ( 'NONE', #10055 ) ;
#1557 = PLANE ( 'NONE',  #5131 ) ;
#1559 = EDGE_CURVE ( 'NONE', #6625, #9050, #2934, .T. ) ;
#1558 = CARTESIAN_POINT ( 'NONE',  ( 7.946668390514274094, 23.55304257753658348, 10.28044205879655770 ) ) ;
#1560 = DIRECTION ( 'NONE',  ( 0.000000000000000000, -1.000000000000000000, 0.000000000000000000 ) ) ;
#1561 = CARTESIAN_POINT ( 'NONE',  ( 12.75679224636549947, -3.399999999999999911, 13.06850476785990089 ) ) ;
#1562 = AXIS2_PLACEMENT_3D ( 'NONE', #9742, #6526, #2619 ) ;
#1563 = CARTESIAN_POINT ( 'NONE',  ( 18.95041765665819611, 3.800000024789007114, 24.93867154721705148 ) ) ;
#1564 = CARTESIAN_POINT ( 'NONE',  ( 18.93608555709259988, 25.33263842412269895, 24.46252484240010006 ) ) ;
#1565 = VECTOR ( 'NONE', #9071, 1000.000000000000114 ) ;
#1566 = EDGE_CURVE ( 'NONE', #7978, #5904, #6699, .T. ) ;
#1567 = CARTESIAN_POINT ( 'NONE',  ( 11.02566502901896328, 3.410413911020669708, 10.59209349046495952 ) ) ;
#1568 = DIRECTION ( 'NONE',  ( -0.2394571141604759368, 0.9709069422338768574, 0.000000000000000000 ) ) ;
#1569 = ORIENTED_EDGE ( 'NONE', *, *, #7242, .F. ) ;
#1570 = CARTESIAN_POINT ( 'NONE',  ( 14.48530593349581963, 9.964453336049501786, 11.60866792719930451 ) ) ;
#1571 = VECTOR ( 'NONE', #4093, 999.9999999999998863 ) ;
#1572 = CARTESIAN_POINT ( 'NONE',  ( 19.31222850319089801, 25.59891758906880099, 23.20131579971649671 ) ) ;
#1573 = CARTESIAN_POINT ( 'NONE',  ( -7.358541197943527123, 3.800000787763852195, 20.00000000000000355 ) ) ;
#1575 = EDGE_CURVE ( 'NONE', #6440, #4866, #382, .T. ) ;
#1574 = CARTESIAN_POINT ( 'NONE',  ( 8.796722635302209881, 5.042227440601130262, 10.34410360134959816 ) ) ;
#1576 = ORIENTED_EDGE ( 'NONE', *, *, #9893, .T. ) ;
#1577 = ORIENTED_EDGE ( 'NONE', *, *, #5039, .F. ) ;
#1578 = DIRECTION ( 'NONE',  ( 0.2394571141604754927, 0.9709069422338770794, -4.455611529446120404E-16 ) ) ;
#1579 = CARTESIAN_POINT ( 'NONE',  ( 8.825158607463672311, 5.419947421555061595, 9.999994863098823572 ) ) ;
#1580 = ORIENTED_EDGE ( 'NONE', *, *, #7531, .F. ) ;
#1581 = PLANE ( 'NONE',  #3422 ) ;
#1582 = LINE ( 'NONE', #3980, #6716 ) ;
#1583 = ORIENTED_EDGE ( 'NONE', *, *, #7096, .T. ) ;
#1584 = CARTESIAN_POINT ( 'NONE',  ( 15.10884649407599944, 7.660623714451950228, 22.17991430594079816 ) ) ;
#1585 = ORIENTED_EDGE ( 'NONE', *, *, #3684, .F. ) ;
#1586 = CARTESIAN_POINT ( 'NONE',  ( 6.341609905842699568, 41.83523786601629979, 14.37500000000000000 ) ) ;
#1587 = CARTESIAN_POINT ( 'NONE',  ( 12.92387056432700021, -3.000000000000000000, 13.25447475379079876 ) ) ;
#1588 = EDGE_LOOP ( 'NONE', ( #4988, #8746, #9916, #8320 ) ) ;
#1589 = CARTESIAN_POINT ( 'NONE',  ( 10.83033743032119922, 3.411334006946969755, 10.83071324771941946 ) ) ;
#1590 = ORIENTED_EDGE ( 'NONE', *, *, #1131, .F. ) ;
#1591 = CARTESIAN_POINT ( 'NONE',  ( 12.20703004107616252, 4.414646330301882138, 10.41075129419270162 ) ) ;
#1592 = ORIENTED_EDGE ( 'NONE', *, *, #1772, .T. ) ;
#1593 = ORIENTED_EDGE ( 'NONE', *, *, #4121, .T. ) ;
#1594 = ORIENTED_EDGE ( 'NONE', *, *, #4143, .F. ) ;
#1595 = CARTESIAN_POINT ( 'NONE',  ( 14.33440928252452373, 20.66205238419150803, 20.30270108804262108 ) ) ;
#1596 = ORIENTED_EDGE ( 'NONE', *, *, #8374, .F. ) ;
#1597 = LINE ( 'NONE', #817, #9523 ) ;
#1598 = DIRECTION ( 'NONE',  ( 0.5125766358075110052, -0.4288447525037465957, 0.7438799437236189860 ) ) ;
#1599 = EDGE_CURVE ( 'NONE', #8915, #2899, #483, .T. ) ;
#1600 = DIRECTION ( 'NONE',  ( -0.2294326185781341287, 0.9733245468662445887, 0.000000000000000000 ) ) ;
#1601 = ORIENTED_EDGE ( 'NONE', *, *, #6734, .T. ) ;
#1602 = DIRECTION ( 'NONE',  ( 0.7071067811865480168, -2.050431505659690254E-08, -0.7071067811865467956 ) ) ;
#1603 = DIRECTION ( 'NONE',  ( -0.000000000000000000, 1.000000000000000000, 0.000000000000000000 ) ) ;
#1604 = CARTESIAN_POINT ( 'NONE',  ( 20.00000000000000000, 0.000000000000000000, 0.5000000128217441109 ) ) ;
#1605 = ORIENTED_EDGE ( 'NONE', *, *, #4867, .F. ) ;
#1606 = DIRECTION ( 'NONE',  ( 0.8660254037844381525, 0.000000000000000000, -0.5000000000000007772 ) ) ;
#1607 = FACE_OUTER_BOUND ( 'NONE', #4943, .T. ) ;
#1608 = FACE_OUTER_BOUND ( 'NONE', #7308, .T. ) ;
#1609 = VECTOR ( 'NONE', #1060, 1000.000000000000227 ) ;
#1610 = FACE_OUTER_BOUND ( 'NONE', #1808, .T. ) ;
#1611 = CARTESIAN_POINT ( 'NONE',  ( 20.73034508542390242, 20.66205238419160040, 16.55841507642269761 ) ) ;
#1612 = FACE_OUTER_BOUND ( 'NONE', #5634, .T. ) ;
#1613 = ADVANCED_FACE ( 'NONE', ( #4642 ), #4801, .F. ) ;
#1614 = PLANE ( 'NONE',  #876 ) ;
#1615 = EDGE_CURVE ( 'NONE', #5238, #8258, #2982, .T. ) ;
#1616 = VECTOR ( 'NONE', #1723, 999.9999999999998863 ) ;
#1617 = DIRECTION ( 'NONE',  ( 0.000000000000000000, 1.000000000000000000, 0.000000000000000000 ) ) ;
#1618 = FACE_OUTER_BOUND ( 'NONE', #1450, .T. ) ;
#1619 = VERTEX_POINT ( 'NONE', #4749 ) ;
#1620 = CARTESIAN_POINT ( 'NONE',  ( -6.799148781361641802, 19.99999999999999645, 0.000000000000000000 ) ) ;
#1621 = CARTESIAN_POINT ( 'NONE',  ( 10.00000000000000000, -4.930084118726089707E-15, 10.00000000000000000 ) ) ;
#1622 = PLANE ( 'NONE',  #4243 ) ;
#1623 = CARTESIAN_POINT ( 'NONE',  ( 8.733320412363410057, 5.281418538388310324, 10.65000361232570114 ) ) ;
#1624 = EDGE_LOOP ( 'NONE', ( #3224, #3048, #3134, #4760 ) ) ;
#1625 = CARTESIAN_POINT ( 'NONE',  ( 15.49775522372589975, 8.859581427496641126, 11.60866792719929919 ) ) ;
#1626 = FACE_OUTER_BOUND ( 'NONE', #3413, .T. ) ;
#1627 = VECTOR ( 'NONE', #6845, 1000.000000000000114 ) ;
#1628 = EDGE_CURVE ( 'NONE', #4850, #4999, #2352, .T. ) ;
#1629 = DIRECTION ( 'NONE',  ( 1.387778780781445676E-15, 1.586032892321652285E-15, -1.000000000000000000 ) ) ;
#1630 = EDGE_CURVE ( 'NONE', #2055, #3416, #10102, .T. ) ;
#1631 = VERTEX_POINT ( 'NONE', #782 ) ;
#1632 = DIRECTION ( 'NONE',  ( 0.2394571141604749931, 0.9709069422338770794, 0.000000000000000000 ) ) ;
#1633 = ADVANCED_FACE ( 'NONE', ( #6261 ), #9418, .T. ) ;
#1634 = CARTESIAN_POINT ( 'NONE',  ( 15.81306367240909871, 43.56974815710489679, 10.00000000000000000 ) ) ;
#1635 = VECTOR ( 'NONE', #6945, 1000.000000000000000 ) ;
#1636 = ORIENTED_EDGE ( 'NONE', *, *, #8679, .F. ) ;
#1637 = DIRECTION ( 'NONE',  ( 0.7669706070501109973, -0.6416822328233690031, 0.000000000000000000 ) ) ;
#1638 = DIRECTION ( 'NONE',  ( -0.3099752105710859573, 0.8987940462991672597, -0.3099752105710732453 ) ) ;
#1639 = ORIENTED_EDGE ( 'NONE', *, *, #1551, .T. ) ;
#1640 = DIRECTION ( 'NONE',  ( -0.2394571141604759923, 0.9709069422338770794, -1.043956269252671944E-16 ) ) ;
#1641 = CARTESIAN_POINT ( 'NONE',  ( 7.900000000000000355, -4.930084118726089707E-15, 10.00000000000000000 ) ) ;
#1642 = ORIENTED_EDGE ( 'NONE', *, *, #5445, .T. ) ;
#1643 = ORIENTED_EDGE ( 'NONE', *, *, #9967, .T. ) ;
#1644 = CARTESIAN_POINT ( 'NONE',  ( 11.78039506151620053, 4.409873893546699897, 10.73273992414280009 ) ) ;
#1645 = ADVANCED_FACE ( 'NONE', ( #9321 ), #3965, .F. ) ;
#1646 = ORIENTED_EDGE ( 'NONE', *, *, #3938, .T. ) ;
#1647 = CARTESIAN_POINT ( 'NONE',  ( 12.24714128915749889, 4.429207964088809568, 10.19653162436669902 ) ) ;
#1648 = ORIENTED_EDGE ( 'NONE', *, *, #9840, .T. ) ;
#1649 = AXIS2_PLACEMENT_3D ( 'NONE', #5794, #8960, #8020 ) ;
#1650 = ORIENTED_EDGE ( 'NONE', *, *, #10145, .T. ) ;
#1651 = EDGE_LOOP ( 'NONE', ( #5343, #7631, #7573, #4941 ) ) ;
#1652 = DIRECTION ( 'NONE',  ( 0.000000000000000000, -1.000000000000000000, 0.000000000000000000 ) ) ;
#1653 = ORIENTED_EDGE ( 'NONE', *, *, #9139, .F. ) ;
#1654 = DIRECTION ( 'NONE',  ( 0.7438799437236206513, 0.000000000000000000, -0.6683132718461777255 ) ) ;
#1655 = CARTESIAN_POINT ( 'NONE',  ( 10.93463106753346281, 20.19302947014113769, 10.92385445930179166 ) ) ;
#1656 = CARTESIAN_POINT ( 'NONE',  ( 17.55720374763989966, 11.62312374798020009, 15.50659408219830127 ) ) ;
#1657 = CIRCLE ( 'NONE', #335, 1.174999999999999822 ) ;
#1658 = DIRECTION ( 'NONE',  ( -0.5125766358075055651, -0.4288447525037444863, -0.7438799437236238710 ) ) ;
#1659 = ORIENTED_EDGE ( 'NONE', *, *, #4158, .F. ) ;
#1660 = DIRECTION ( 'NONE',  ( -0.6416822328233690031, 0.7669706070501109973, 1.443385965324835722E-16 ) ) ;
#1661 = CARTESIAN_POINT ( 'NONE',  ( 7.209792090042210333, -4.700000000000000178, 13.10569876504609965 ) ) ;
#1662 = DIRECTION ( 'NONE',  ( -0.4725688464794020605, -0.7071067811865467956, -0.5260025525956394388 ) ) ;
#1663 = ORIENTED_EDGE ( 'NONE', *, *, #2337, .T. ) ;
#1664 = CARTESIAN_POINT ( 'NONE',  ( 15.02062763867369988, 20.66205238419150092, 22.26813316134300180 ) ) ;
#1665 = AXIS2_PLACEMENT_3D ( 'NONE', #5811, #9753, #8244 ) ;
#1666 = EDGE_CURVE ( 'NONE', #1747, #2077, #6170, .T. ) ;
#1667 = LINE ( 'NONE', #5682, #2158 ) ;
#1668 = CARTESIAN_POINT ( 'NONE',  ( 7.801805505180630540, 12.40000000000000036, 30.73787731711800220 ) ) ;
#1669 = DIRECTION ( 'NONE',  ( -1.000000000000000000, 0.000000000000000000, 0.000000000000000000 ) ) ;
#1670 = LINE ( 'NONE', #5798, #3166 ) ;
#1671 = CIRCLE ( 'NONE', #8325, 4.125000000000000000 ) ;
#1672 = DIRECTION ( 'NONE',  ( 0.000000000000000000, -1.000000000000000000, 0.000000000000000000 ) ) ;
#1673 = DIRECTION ( 'NONE',  ( 0.000000000000000000, 1.000000000000000000, 0.000000000000000000 ) ) ;
#1674 = LINE ( 'NONE', #3446, #7339 ) ;
#1675 = ORIENTED_EDGE ( 'NONE', *, *, #1224, .T. ) ;
#1676 = CARTESIAN_POINT ( 'NONE',  ( 10.71043056053173892, 19.30648193773954091, 8.993672675097617031 ) ) ;
#1677 = DIRECTION ( 'NONE',  ( 0.7050014123506215258, -0.07711042191074757302, 0.7050014123506245234 ) ) ;
#1678 = FACE_OUTER_BOUND ( 'NONE', #5529, .T. ) ;
#1679 = ADVANCED_FACE ( 'NONE', ( #5377 ), #6318, .T. ) ;
#1680 = PLANE ( 'NONE',  #9938 ) ;
#1681 = ORIENTED_EDGE ( 'NONE', *, *, #4260, .T. ) ;
#1682 = DIRECTION ( 'NONE',  ( 0.9709069422338768574, 0.2394571141604761311, 0.000000000000000000 ) ) ;
#1683 = FACE_BOUND ( 'NONE', #6940, .T. ) ;
#1684 = LINE ( 'NONE', #1743, #4706 ) ;
#1685 = EDGE_LOOP ( 'NONE', ( #3929, #6399, #14, #6537 ) ) ;
#1686 = DIRECTION ( 'NONE',  ( 0.000000000000000000, 0.000000000000000000, 1.000000000000000000 ) ) ;
#1687 = CARTESIAN_POINT ( 'NONE',  ( 10.00018378123429308, 20.94866674906609205, 8.865973482199493105 ) ) ;
#1688 = ORIENTED_EDGE ( 'NONE', *, *, #8556, .T. ) ;
#1689 = CARTESIAN_POINT ( 'NONE',  ( 26.53553390593300065, 24.18223985239109908, 19.46446609406699935 ) ) ;
#1690 = EDGE_CURVE ( 'NONE', #3201, #1767, #7918, .T. ) ;
#1691 = FACE_OUTER_BOUND ( 'NONE', #99, .T. ) ;
#1692 = CARTESIAN_POINT ( 'NONE',  ( 26.14425799464860134, 39.29642231178560507, 10.00000000000000000 ) ) ;
#1693 = EDGE_CURVE ( 'NONE', #9396, #8389, #4314, .T. ) ;
#1694 = EDGE_CURVE ( 'NONE', #1776, #2802, #3915, .T. ) ;
#1695 = CARTESIAN_POINT ( 'NONE',  ( 5.308485032486522925, 27.43865707737674242, 10.00000000000000000 ) ) ;
#1696 = ORIENTED_EDGE ( 'NONE', *, *, #2323, .F. ) ;
#1697 = VECTOR ( 'NONE', #2932, 1000.000000000000000 ) ;
#1698 = CARTESIAN_POINT ( 'NONE',  ( 14.50495123071400450, 0.000000000000000000, 34.80000000098205959 ) ) ;
#1699 = EDGE_CURVE ( 'NONE', #9382, #5322, #2248, .T. ) ;
#1700 = DIRECTION ( 'NONE',  ( 0.2394571141604759645, 0.9709069422338769684, 0.000000000000000000 ) ) ;
#1701 = CARTESIAN_POINT ( 'NONE',  ( 10.99458352955510065, 4.887485409158268901, 9.009903210213339619 ) ) ;
#1702 = CIRCLE ( 'NONE', #3691, 4.574999999999999289 ) ;
#1703 = VERTEX_POINT ( 'NONE', #1512 ) ;
#1704 = CARTESIAN_POINT ( 'NONE',  ( 23.10110314326309933, 5.883717372145480518, 21.05049347782140146 ) ) ;
#1705 = EDGE_CURVE ( 'NONE', #7985, #8728, #9333, .T. ) ;
#1706 = VERTEX_POINT ( 'NONE', #1419 ) ;
#1707 = VERTEX_POINT ( 'NONE', #3129 ) ;
#1708 = EDGE_LOOP ( 'NONE', ( #8061, #3083, #9185, #8761 ) ) ;
#1709 = CYLINDRICAL_SURFACE ( 'NONE', #9635, 3.250000000000000444 ) ;
#1710 = EDGE_CURVE ( 'NONE', #6862, #6347, #2544, .T. ) ;
#1711 = ORIENTED_EDGE ( 'NONE', *, *, #9248, .F. ) ;
#1712 = AXIS2_PLACEMENT_3D ( 'NONE', #3687, #7783, #601 ) ;
#1713 = PRESENTATION_STYLE_ASSIGNMENT (( #983 ) ) ;
#1714 = CARTESIAN_POINT ( 'NONE',  ( 10.82426614366784889, 10.15427489752362256, 9.162604883210828888 ) ) ;
#1715 = ORIENTED_EDGE ( 'NONE', *, *, #9934, .T. ) ;
#1716 = CARTESIAN_POINT ( 'NONE',  ( 8.433415663592310096, -3.000000000000000000, 14.13780600281379840 ) ) ;
#1717 = AXIS2_PLACEMENT_3D ( 'NONE', #5540, #4708, #6382 ) ;
#1718 = CARTESIAN_POINT ( 'NONE',  ( 13.12436454588090129, -5.200000000000000178, 13.47763873690789893 ) ) ;
#1719 = FACE_OUTER_BOUND ( 'NONE', #6403, .T. ) ;
#1720 =( BOUNDED_CURVE ( )  B_SPLINE_CURVE ( 2, ( #6212, #6366, #2408 ),
 .UNSPECIFIED., .F., .T. ) 
 B_SPLINE_CURVE_WITH_KNOTS ( ( 3, 3 ),
 ( 0.7278178157128979420, 0.9751315580300619068 ),
 .UNSPECIFIED. ) 
 CURVE ( )  GEOMETRIC_REPRESENTATION_ITEM ( )  RATIONAL_B_SPLINE_CURVE ( ( 1.577503677687569938, 1.577503677687579930, 1.510822096678470006 ) ) 
 REPRESENTATION_ITEM ( '' )  );
#1721 = TOROIDAL_SURFACE ( 'NONE', #7691, 24.00000000000000000, 1.175000000000000044 ) ;
#1722 = EDGE_LOOP ( 'NONE', ( #3565, #9726, #4767, #5375 ) ) ;
#1723 = DIRECTION ( 'NONE',  ( -0.9999999999999996669, 2.900003869181559613E-08, 0.000000000000000000 ) ) ;
#1724 = CARTESIAN_POINT ( 'NONE',  ( 13.29142678027438329, 20.66205238419149737, 19.54256129826707422 ) ) ;
#1725 = CARTESIAN_POINT ( 'NONE',  ( 20.87176644166120099, 20.66205238419160040, 16.41699372018539904 ) ) ;
#1726 = DIRECTION ( 'NONE',  ( 0.7071067811865475727, -0.7071067811865475727, 3.925231146709435452E-17 ) ) ;
#1727 = LINE ( 'NONE', #7180, #8050 ) ;
#1728 = DIRECTION ( 'NONE',  ( 0.9999999999999996669, -2.900003869181559613E-08, -9.993486524960645249E-17 ) ) ;
#1729 = CIRCLE ( 'NONE', #3719, 4.575000000000001066 ) ;
#1730 = VECTOR ( 'NONE', #6133, 1000.000000000000000 ) ;
#1731 = LINE ( 'NONE', #269, #1083 ) ;
#1732 = CARTESIAN_POINT ( 'NONE',  ( -7.551002677127489626, 37.59794383439559340, 13.59675238393000107 ) ) ;
#1733 = ORIENTED_EDGE ( 'NONE', *, *, #7501, .T. ) ;
#1734 = LINE ( 'NONE', #9747, #1979 ) ;
#1735 = VECTOR ( 'NONE', #2113, 1000.000000000000000 ) ;
#1736 = CARTESIAN_POINT ( 'NONE',  ( 22.96984943465849582, 5.960604014534310657, 20.91923976921680151 ) ) ;
#1737 = PLANE ( 'NONE',  #9874 ) ;
#1738 = DIRECTION ( 'NONE',  ( -0.6416822328233690031, -0.7669706070501109973, 0.000000000000000000 ) ) ;
#1739 = VERTEX_POINT ( 'NONE', #9527 ) ;
#1740 = VECTOR ( 'NONE', #10094, 1000.000000000000000 ) ;
#1741 = ORIENTED_EDGE ( 'NONE', *, *, #7297, .T. ) ;
#1742 = PLANE ( 'NONE',  #170 ) ;
#1743 = CARTESIAN_POINT ( 'NONE',  ( 24.68992571207250109, 39.99164997950740030, 14.17500000000000071 ) ) ;
#1744 = ORIENTED_EDGE ( 'NONE', *, *, #8201, .F. ) ;
#1745 = CARTESIAN_POINT ( 'NONE',  ( 10.00000000000000000, 23.00327610214520035, 9.070785334591098703 ) ) ;
#1746 = VECTOR ( 'NONE', #6600, 1000.000000000000114 ) ;
#1747 = VERTEX_POINT ( 'NONE', #8747 ) ;
#1748 = DIRECTION ( 'NONE',  ( 0.000000000000000000, -1.000000000000000000, 0.000000000000000000 ) ) ;
#1749 = EDGE_CURVE ( 'NONE', #1309, #5149, #8503, .T. ) ;
#1750 = CIRCLE ( 'NONE', #10207, 1.700000000000000844 ) ;
#1751 = DIRECTION ( 'NONE',  ( -0.7071067811865461294, -1.101411730778925368E-15, -0.7071067811865489050 ) ) ;
#1752 = VERTEX_POINT ( 'NONE', #6215 ) ;
#1753 = CARTESIAN_POINT ( 'NONE',  ( 10.32003713697703162, 6.232439592661848771, 8.475920289365168614 ) ) ;
#1754 = LINE ( 'NONE', #3666, #3475 ) ;
#1755 = VERTEX_POINT ( 'NONE', #8190 ) ;
#1756 = EDGE_CURVE ( 'NONE', #8728, #2174, #949, .T. ) ;
#1757 = DIRECTION ( 'NONE',  ( -0.2394571141604759368, 0.9709069422338768574, 0.000000000000000000 ) ) ;
#1758 = LINE ( 'NONE', #186, #4378 ) ;
#1759 = ADVANCED_FACE ( 'NONE', ( #8134 ), #5024, .T. ) ;
#1760 = DIRECTION ( 'NONE',  ( 0.9709069422338771904, -0.2394571141604749931, 0.000000000000000000 ) ) ;
#1761 = EDGE_CURVE ( 'NONE', #5559, #1013, #7300, .T. ) ;
#1762 = EDGE_LOOP ( 'NONE', ( #2684, #1856, #2474, #1817, #6756, #6060 ) ) ;
#1763 = EDGE_CURVE ( 'NONE', #8038, #6029, #2624, .T. ) ;
#1764 = CARTESIAN_POINT ( 'NONE',  ( 14.36638437382770128, 11.67312371445180119, 18.25547167035319873 ) ) ;
#1765 = EDGE_LOOP ( 'NONE', ( #5057, #192, #2320, #6422 ) ) ;
#1766 = ORIENTED_EDGE ( 'NONE', *, *, #3485, .T. ) ;
#1767 = VERTEX_POINT ( 'NONE', #3405 ) ;
#1768 = FACE_OUTER_BOUND ( 'NONE', #1967, .T. ) ;
#1769 = EDGE_LOOP ( 'NONE', ( #3268, #5234, #9385, #5549, #1278, #1177, #5449, #9832, #805, #3676, #1577, #2921, #7418, #2711, #2573 ) ) ;
#1770 = APPLICATION_PROTOCOL_DEFINITION ( 'draft international standard', 'automotive_design', 1998, #2937 ) ;
#1771 = EDGE_CURVE ( 'NONE', #9775, #3378, #3457, .T. ) ;
#1772 = EDGE_CURVE ( 'NONE', #3034, #813, #1734, .T. ) ;
#1773 = FACE_OUTER_BOUND ( 'NONE', #5669, .T. ) ;
#1774 = LINE ( 'NONE', #1547, #69 ) ;
#1775 = ORIENTED_EDGE ( 'NONE', *, *, #8039, .F. ) ;
#1776 = VERTEX_POINT ( 'NONE', #1845 ) ;
#1777 = CARTESIAN_POINT ( 'NONE',  ( 13.51474479829960096, 12.50000000000000000, 21.88719965985190186 ) ) ;
#1778 = EDGE_CURVE ( 'NONE', #3034, #8153, #10275, .T. ) ;
#1779 = CARTESIAN_POINT ( 'NONE',  ( 23.46192196911109562, 23.76560982558740065, 20.00000000000000000 ) ) ;
#1780 = DIRECTION ( 'NONE',  ( -0.7669706070501116635, -0.6416822328233680039, 0.000000000000000000 ) ) ;
#1781 = ORIENTED_EDGE ( 'NONE', *, *, #5502, .F. ) ;
#1782 = DIRECTION ( 'NONE',  ( -0.7071067811865474617, -8.656155890839414837E-15, 0.7071067811865474617 ) ) ;
#1783 = CARTESIAN_POINT ( 'NONE',  ( 1.609300595345109830, 43.14001262257410474, 14.37500000000000000 ) ) ;
#1784 = LINE ( 'NONE', #7498, #5898 ) ;
#1785 = CARTESIAN_POINT ( 'NONE',  ( 15.59270543079729876, 26.68468045380930320, 10.00000000000000000 ) ) ;
#1786 = CARTESIAN_POINT ( 'NONE',  ( 11.67664670658679960, -2.600000000000000089, 14.37500000000000000 ) ) ;
#1787 = DIRECTION ( 'NONE',  ( -0.1080908011631755705, 0.9882473159122703299, 0.1080908011631722121 ) ) ;
#1788 = DIRECTION ( 'NONE',  ( -0.5773502636090587226, -0.5773502803507596370, -0.5773502636090587226 ) ) ;
#1789 = ORIENTED_EDGE ( 'NONE', *, *, #5155, .F. ) ;
#1790 = CARTESIAN_POINT ( 'NONE',  ( 10.35039147541560034, 17.08409838298220151, 8.878460516095799449 ) ) ;
#1791 = CIRCLE ( 'NONE', #6622, 2.100000000000000089 ) ;
#1792 = CARTESIAN_POINT ( 'NONE',  ( 6.246267509371030258, 35.21994845389350104, 10.00000000000000000 ) ) ;
#1793 = DIRECTION ( 'NONE',  ( -0.6546536707079768647, 0.6546536707079768647, 0.3779644730092279747 ) ) ;
#1794 = LINE ( 'NONE', #53, #462 ) ;
#1795 = ORIENTED_EDGE ( 'NONE', *, *, #724, .F. ) ;
#1796 = EDGE_LOOP ( 'NONE', ( #5361, #5295, #6909, #6863 ) ) ;
#1797 = DIRECTION ( 'NONE',  ( 0.5705340520101068735, -0.4773345432410939226, -0.6683132718461789468 ) ) ;
#1798 = PRODUCT ( 'Mini BT - Hub_D2HW-v1.0', 'Mini BT - Hub_D2HW-v1.0', '', ( #5884 ) ) ;
#1799 = LINE ( 'NONE', #3520, #3418 ) ;
#1800 = DIRECTION ( 'NONE',  ( -0.9709069422338771904, -0.2394571141604752429, 0.000000000000000000 ) ) ;
#1801 = ORIENTED_EDGE ( 'NONE', *, *, #610, .T. ) ;
#1802 = DIRECTION ( 'NONE',  ( 0.000000000000000000, -1.000000000000000000, 0.000000000000000000 ) ) ;
#1803 = CARTESIAN_POINT ( 'NONE',  ( 16.19851642713189932, 38.53085185151779513, 14.12500000000000000 ) ) ;
#1804 = FACE_OUTER_BOUND ( 'NONE', #3538, .T. ) ;
#1805 = VECTOR ( 'NONE', #9847, 1000.000000000000227 ) ;
#1806 = VECTOR ( 'NONE', #8600, 1000.000000000000000 ) ;
#1807 = CARTESIAN_POINT ( 'NONE',  ( 13.68071784014870218, 17.39999999999999858, 25.58870660763379590 ) ) ;
#1808 = EDGE_LOOP ( 'NONE', ( #5157, #1583, #1244, #787 ) ) ;
#1809 = CARTESIAN_POINT ( 'NONE',  ( 8.825000609700856202, 8.968016894784758719, 9.895053740576701173 ) ) ;
#1810 = ADVANCED_FACE ( 'NONE', ( #7409 ), #5805, .F. ) ;
#1811 = LINE ( 'NONE', #13, #1887 ) ;
#1812 = DIRECTION ( 'NONE',  ( -0.7669706070501109973, 0.6416822328233690031, 0.000000000000000000 ) ) ;
#1813 = ORIENTED_EDGE ( 'NONE', *, *, #1599, .T. ) ;
#1814 = DIRECTION ( 'NONE',  ( -0.7071067811865481278, -1.734723475976806148E-14, -0.7071067811865467956 ) ) ;
#1815 = VECTOR ( 'NONE', #9768, 1000.000000000000000 ) ;
#1816 = CIRCLE ( 'NONE', #9436, 1.800000000000000044 ) ;
#1817 = ORIENTED_EDGE ( 'NONE', *, *, #3990, .F. ) ;
#1818 = CARTESIAN_POINT ( 'NONE',  ( 13.12436454588087820, -5.200000000000000178, 6.522361263092072647 ) ) ;
#1819 = ORIENTED_EDGE ( 'NONE', *, *, #7643, .F. ) ;
#1820 = VERTEX_POINT ( 'NONE', #9015 ) ;
#1821 = ORIENTED_EDGE ( 'NONE', *, *, #2843, .T. ) ;
#1822 = AXIS2_PLACEMENT_3D ( 'NONE', #2140, #9899, #6780 ) ;
#1823 = EDGE_CURVE ( 'NONE', #9930, #9663, #3772, .T. ) ;
#1824 = PLANE ( 'NONE',  #1166 ) ;
#1825 = ORIENTED_EDGE ( 'NONE', *, *, #9503, .F. ) ;
#1826 = PLANE ( 'NONE',  #7048 ) ;
#1827 = AXIS2_PLACEMENT_3D ( 'NONE', #8533, #7855, #7751 ) ;
#1828 = AXIS2_PLACEMENT_3D ( 'NONE', #1363, #7517, #7610 ) ;
#1829 = VERTEX_POINT ( 'NONE', #1059 ) ;
#1830 = ORIENTED_EDGE ( 'NONE', *, *, #588, .F. ) ;
#1831 = DIRECTION ( 'NONE',  ( 0.6416822328233700024, 0.7669706070501101092, 0.000000000000000000 ) ) ;
#1832 = VERTEX_POINT ( 'NONE', #4969 ) ;
#1833 = EDGE_CURVE ( 'NONE', #4420, #6991, #2680, .T. ) ;
#1834 = CARTESIAN_POINT ( 'NONE',  ( 7.859458730858206899, 23.77208845826582362, 9.999998502702666769 ) ) ;
#1835 = DIRECTION ( 'NONE',  ( -1.000000000000000000, 0.000000000000000000, 0.000000000000000000 ) ) ;
#1836 = CARTESIAN_POINT ( 'NONE',  ( 17.61113126469649970, 43.53827235300330045, 14.57499999999999929 ) ) ;
#1837 = CARTESIAN_POINT ( 'NONE',  ( 26.71840697096569883, 35.42610294125150006, 13.25447475379079876 ) ) ;
#1838 = AXIS2_PLACEMENT_3D ( 'NONE', #5346, #2221, #4608 ) ;
#1839 = CARTESIAN_POINT ( 'NONE',  ( 10.00000014901159950, 12.00000000000000000, 22.50000014901160128 ) ) ;
#1840 = EDGE_CURVE ( 'NONE', #9908, #6531, #7303, .T. ) ;
#1841 = CARTESIAN_POINT ( 'NONE',  ( 12.75679224636549947, 0.000000000000000000, 13.06850476785990089 ) ) ;
#1842 = CARTESIAN_POINT ( 'NONE',  ( 21.59505385545679701, 36.32257102018719763, 14.12500000000000000 ) ) ;
#1843 = AXIS2_PLACEMENT_3D ( 'NONE', #1162, #2929, #10095 ) ;
#1844 = ORIENTED_EDGE ( 'NONE', *, *, #5946, .T. ) ;
#1845 = CARTESIAN_POINT ( 'NONE',  ( 13.33190189808931869, 3.800000187735586010, 21.26293548116696996 ) ) ;
#1846 = EDGE_CURVE ( 'NONE', #3588, #2116, #4022, .T. ) ;
#1847 = DIRECTION ( 'NONE',  ( 1.000000000000000000, 0.000000000000000000, 0.000000000000000000 ) ) ;
#1848 = PLANE ( 'NONE',  #6889 ) ;
#1849 = CARTESIAN_POINT ( 'NONE',  ( 20.58892372918649727, 20.66205238419160040, 16.69983643266010276 ) ) ;
#1850 = ORIENTED_EDGE ( 'NONE', *, *, #8253, .F. ) ;
#1851 = ORIENTED_EDGE ( 'NONE', *, *, #2729, .T. ) ;
#1852 = DIRECTION ( 'NONE',  ( 0.7071067811865450192, 8.656155890839421148E-15, -0.7071067811865500152 ) ) ;
#1853 = EDGE_CURVE ( 'NONE', #5775, #8423, #4082, .T. ) ;
#1854 = CARTESIAN_POINT ( 'NONE',  ( 12.77692810692379943, 14.77692795791219993, 20.00000000000000000 ) ) ;
#1855 = AXIS2_PLACEMENT_3D ( 'NONE', #1929, #7693, #8276 ) ;
#1856 = ORIENTED_EDGE ( 'NONE', *, *, #415, .T. ) ;
#1857 = LINE ( 'NONE', #4254, #10046 ) ;
#1858 = DIRECTION ( 'NONE',  ( 0.7071067811865475727, -0.7071067811865475727, 3.925231146709435452E-17 ) ) ;
#1859 = CARTESIAN_POINT ( 'NONE',  ( 9.171909500429631379, 7.656453010355879663, 9.166391985704839485 ) ) ;
#1860 = DIRECTION ( 'NONE',  ( -0.7222382015498078900, -0.1781273446059149501, -0.6683132718461789468 ) ) ;
#1861 = ORIENTED_EDGE ( 'NONE', *, *, #3086, .T. ) ;
#1862 = CARTESIAN_POINT ( 'NONE',  ( 11.17500000000000071, 2.997183533758950080, 10.00000000000000000 ) ) ;
#1863 = LINE ( 'NONE', #5096, #5725 ) ;
#1864 = VECTOR ( 'NONE', #1268, 1000.000000000000000 ) ;
#1865 = DIRECTION ( 'NONE',  ( -0.2839806047153078383, 0.4002205590007418268, 0.8713085104018334359 ) ) ;
#1866 = DIRECTION ( 'NONE',  ( 0.2394571141604750486, -0.9709069422338773014, -6.123233995736761105E-17 ) ) ;
#1867 = ORIENTED_EDGE ( 'NONE', *, *, #1125, .F. ) ;
#1868 = DIRECTION ( 'NONE',  ( -1.000000000000000000, 0.000000000000000000, 0.000000000000000000 ) ) ;
#1869 = ORIENTED_EDGE ( 'NONE', *, *, #8108, .T. ) ;
#1870 = ORIENTED_EDGE ( 'NONE', *, *, #7593, .T. ) ;
#1871 = CARTESIAN_POINT ( 'NONE',  ( 27.11473807279949710, 37.96294249644819274, 14.17500000000000071 ) ) ;
#1872 = ORIENTED_EDGE ( 'NONE', *, *, #9245, .T. ) ;
#1873 = ORIENTED_EDGE ( 'NONE', *, *, #9568, .T. ) ;
#1874 = ORIENTED_EDGE ( 'NONE', *, *, #6663, .F. ) ;
#1875 = ADVANCED_FACE ( 'NONE', ( #6479 ), #5690, .F. ) ;
#1876 = DIRECTION ( 'NONE',  ( 0.7071067811865500152, -1.236448081483690217E-14, 0.7071067811865450192 ) ) ;
#1877 = CARTESIAN_POINT ( 'NONE',  ( 11.19061506072210399, 4.616202439179444283, 9.140005395280486056 ) ) ;
#1878 = VERTEX_POINT ( 'NONE', #325 ) ;
#1879 = AXIS2_PLACEMENT_3D ( 'NONE', #1620, #3863, #8638 ) ;
#1880 = DIRECTION ( 'NONE',  ( -0.9999999999999995559, -2.900003868580416029E-08, 0.000000000000000000 ) ) ;
#1881 = DIRECTION ( 'NONE',  ( 0.000000000000000000, -1.000000000000000000, 0.000000000000000000 ) ) ;
#1882 = LINE ( 'NONE', #9743, #5013 ) ;
#1883 = EDGE_CURVE ( 'NONE', #4533, #7327, #9107, .T. ) ;
#1884 = EDGE_CURVE ( 'NONE', #5241, #5621, #3652, .T. ) ;
#1885 = CIRCLE ( 'NONE', #10172, 4.125000000000000000 ) ;
#1886 = CARTESIAN_POINT ( 'NONE',  ( 2.441458423090826724, 3.800000503574890942, 15.00000000001025491 ) ) ;
#1887 = VECTOR ( 'NONE', #751, 1000.000000000000000 ) ;
#1888 = FACE_OUTER_BOUND ( 'NONE', #4501, .T. ) ;
#1889 = ORIENTED_EDGE ( 'NONE', *, *, #4301, .T. ) ;
#1890 = CARTESIAN_POINT ( 'NONE',  ( 15.51881314101200005, 20.66205238419150092, 21.76994765900469986 ) ) ;
#1891 = ADVANCED_FACE ( 'NONE', ( #514 ), #5950, .T. ) ;
#1892 = DIRECTION ( 'NONE',  ( -0.8660254037844382635, 2.511604934364665705E-08, -0.4999999999999998890 ) ) ;
#1893 = LINE ( 'NONE', #5078, #7704 ) ;
#1894 = DIRECTION ( 'NONE',  ( 0.7071067811865480168, 3.976541677442655056E-16, -0.7071067811865470176 ) ) ;
#1895 = EDGE_LOOP ( 'NONE', ( #3382, #8946, #6517, #8646, #1321 ) ) ;
#1896 = ORIENTED_EDGE ( 'NONE', *, *, #2240, .T. ) ;
#1897 = FACE_OUTER_BOUND ( 'NONE', #5438, .T. ) ;
#1898 = VERTEX_POINT ( 'NONE', #3608 ) ;
#1899 = AXIS2_PLACEMENT_3D ( 'NONE', #7473, #9815, #5874 ) ;
#1900 = DIRECTION ( 'NONE',  ( -6.120826529420450260E-15, 1.000000000000000000, 6.120826529420420283E-15 ) ) ;
#1901 = EDGE_CURVE ( 'NONE', #5352, #3034, #8138, .T. ) ;
#1902 = EDGE_LOOP ( 'NONE', ( #7885, #4823, #4881, #7623 ) ) ;
#1903 = DIRECTION ( 'NONE',  ( -0.2294113790180312140, 0.9732344420444413169, -0.01360661587208470552 ) ) ;
#1904 = VECTOR ( 'NONE', #8961, 1000.000000000000000 ) ;
#1905 = LINE ( 'NONE', #9653, #7860 ) ;
#1906 = CARTESIAN_POINT ( 'NONE',  ( 10.40000014901160164, 12.40000000000000036, 20.00000000000000000 ) ) ;
#1907 = EDGE_CURVE ( 'NONE', #7745, #303, #987, .T. ) ;
#1908 = VECTOR ( 'NONE', #9792, 1000.000000000000000 ) ;
#1909 = CARTESIAN_POINT ( 'NONE',  ( 9.649608524584401437, 17.08409838298220151, 11.12153948390419878 ) ) ;
#1910 = CARTESIAN_POINT ( 'NONE',  ( 24.47588418930788379, 37.30229873345540881, 5.875000000000000000 ) ) ;
#1911 = LINE ( 'NONE', #7374, #7868 ) ;
#1912 = AXIS2_PLACEMENT_3D ( 'NONE', #9064, #3293, #2521 ) ;
#1913 = FACE_OUTER_BOUND ( 'NONE', #5804, .T. ) ;
#1914 = AXIS2_PLACEMENT_3D ( 'NONE', #5563, #9456, #8839 ) ;
#1915 = LINE ( 'NONE', #7431, #9947 ) ;
#1916 = ORIENTED_EDGE ( 'NONE', *, *, #3723, .T. ) ;
#1918 = ORIENTED_EDGE ( 'NONE', *, *, #2434, .F. ) ;
#1917 = CIRCLE ( 'NONE', #4729, 1.175000000000000488 ) ;
#1919 = ORIENTED_EDGE ( 'NONE', *, *, #365, .F. ) ;
#1920 = CARTESIAN_POINT ( 'NONE',  ( 38.47569835886017131, 29.25100135070063345, 14.79999999999932569 ) ) ;
#1921 = ORIENTED_EDGE ( 'NONE', *, *, #10183, .F. ) ;
#1922 = ORIENTED_EDGE ( 'NONE', *, *, #1690, .F. ) ;
#1923 = DIRECTION ( 'NONE',  ( -0.2394571141604759368, 0.9709069422338768574, 0.000000000000000000 ) ) ;
#1924 = CARTESIAN_POINT ( 'NONE',  ( 10.81140621996152262, 5.264828901704063036, 8.760796554519911794 ) ) ;
#1925 = ORIENTED_EDGE ( 'NONE', *, *, #3002, .F. ) ;
#1926 = PLANE ( 'NONE',  #5983 ) ;
#1927 = PLANE ( 'NONE',  #2897 ) ;
#1928 = CARTESIAN_POINT ( 'NONE',  ( 31.47569886522849103, 5.200000907173475184, 14.79999965122858896 ) ) ;
#1929 = CARTESIAN_POINT ( 'NONE',  ( 24.98922997556660164, 37.91587521909539760, 10.00000000000000000 ) ) ;
#1930 = ADVANCED_FACE ( 'NONE', ( #3558 ), #6003, .F. ) ;
#1931 = CARTESIAN_POINT ( 'NONE',  ( -18.47569835231111313, 29.25100135070063345, 14.80000001233967666 ) ) ;
#1932 = CARTESIAN_POINT ( 'NONE',  ( 15.01993645344910000, 18.73407755025329990, 26.92792522093419905 ) ) ;
#1933 = ORIENTED_EDGE ( 'NONE', *, *, #1011, .T. ) ;
#1934 = ADVANCED_FACE ( 'NONE', ( #5173 ), #1935, .F. ) ;
#1935 = CYLINDRICAL_SURFACE ( 'NONE', #8295, 4.375000000000000000 ) ;
#1936 = CARTESIAN_POINT ( 'NONE',  ( 8.824666954042942990, 5.772268203741674597, 9.833588781836629877 ) ) ;
#1937 = CARTESIAN_POINT ( 'NONE',  ( 15.38204086692019956, 41.82211566108390599, 10.00000000000000000 ) ) ;
#1938 = CARTESIAN_POINT ( 'NONE',  ( -19.35854111226639418, 29.25100135070063345, 13.91715725238439383 ) ) ;
#1939 = ORIENTED_EDGE ( 'NONE', *, *, #9503, .T. ) ;
#1940 = ORIENTED_EDGE ( 'NONE', *, *, #6151, .T. ) ;
#1941 = CARTESIAN_POINT ( 'NONE',  ( 1.510347597298149935, 42.90961464145019733, 13.06850476785990089 ) ) ;
#1942 = EDGE_CURVE ( 'NONE', #8943, #9586, #4390, .T. ) ;
#1943 = DIRECTION ( 'NONE',  ( -0.9709069422338768574, -0.2394571141604759368, 0.000000000000000000 ) ) ;
#1944 = EDGE_CURVE ( 'NONE', #8870, #7893, #5121, .T. ) ;
#1945 = ORIENTED_EDGE ( 'NONE', *, *, #2671, .F. ) ;
#1946 = FACE_OUTER_BOUND ( 'NONE', #3883, .T. ) ;
#1947 = CARTESIAN_POINT ( 'NONE',  ( 10.40000014901160164, 12.40000000000000036, 22.50000014901160128 ) ) ;
#1948 = CARTESIAN_POINT ( 'NONE',  ( 10.23043593264904239, 16.09132717112439437, 8.840983993675155972 ) ) ;
#1949 = LINE ( 'NONE', #9170, #6037 ) ;
#1950 = CARTESIAN_POINT ( 'NONE',  ( 24.84941157808166423, 20.66205238419165724, 14.41924757108726318 ) ) ;
#1951 = EDGE_CURVE ( 'NONE', #7208, #191, #9278, .T. ) ;
#1952 = ADVANCED_FACE ( 'NONE', ( #7554 ), #9850, .F. ) ;
#1953 = CARTESIAN_POINT ( 'NONE',  ( 18.88908913927760125, 12.40000174164079993, 25.03867152242810334 ) ) ;
#1954 = AXIS2_PLACEMENT_3D ( 'NONE', #466, #3653, #6829 ) ;
#1955 = EDGE_CURVE ( 'NONE', #2045, #9216, #2034, .T. ) ;
#1956 = ORIENTED_EDGE ( 'NONE', *, *, #2185, .F. ) ;
#1957 = DIRECTION ( 'NONE',  ( -0.7438799437236206513, 0.000000000000000000, -0.6683132718461777255 ) ) ;
#1958 = ORIENTED_EDGE ( 'NONE', *, *, #9562, .T. ) ;
#1959 = AXIS2_PLACEMENT_3D ( 'NONE', #1132, #5150, #2507 ) ;
#1960 = FACE_OUTER_BOUND ( 'NONE', #3612, .T. ) ;
#1961 = VERTEX_POINT ( 'NONE', #2870 ) ;
#1962 = ADVANCED_FACE ( 'NONE', ( #2731 ), #1313, .F. ) ;
#1963 = ORIENTED_EDGE ( 'NONE', *, *, #2316, .T. ) ;
#1964 = CARTESIAN_POINT ( 'NONE',  ( 25.88758510151929926, 38.98963406896560002, 10.00000000000000000 ) ) ;
#1965 = VERTEX_POINT ( 'NONE', #5265 ) ;
#1966 = CARTESIAN_POINT ( 'NONE',  ( 0.000000000000000000, 0.000000000000000000, 0.000000000000000000 ) ) ;
#1967 = EDGE_LOOP ( 'NONE', ( #9129, #436, #4609, #1537 ) ) ;
#1968 = VECTOR ( 'NONE', #5567, 1000.000000000000114 ) ;
#1969 = AXIS2_PLACEMENT_3D ( 'NONE', #9, #4041, #1528 ) ;
#1970 = ADVANCED_FACE ( 'NONE', ( #8424 ), #1304, .F. ) ;
#1971 = VERTEX_POINT ( 'NONE', #6879 ) ;
#1972 = EDGE_LOOP ( 'NONE', ( #6701, #4693, #4698, #9043 ) ) ;
#1973 = DIRECTION ( 'NONE',  ( 3.700743415417179758E-16, -1.000000000000000000, 0.000000000000000000 ) ) ;
#1974 = DIRECTION ( 'NONE',  ( -0.2394571141604759923, 0.9709069422338770794, 2.640006514806145080E-18 ) ) ;
#1975 = VECTOR ( 'NONE', #7397, 1000.000000000000000 ) ;
#1976 = ORIENTED_EDGE ( 'NONE', *, *, #4545, .F. ) ;
#1977 = FACE_OUTER_BOUND ( 'NONE', #342, .T. ) ;
#1978 = CYLINDRICAL_SURFACE ( 'NONE', #1855, 4.125000000000000000 ) ;
#1979 = VECTOR ( 'NONE', #3243, 1000.000000000000000 ) ;
#1980 = LINE ( 'NONE', #414, #4872 ) ;
#1981 = DIRECTION ( 'NONE',  ( 0.000000000000000000, 0.000000000000000000, -1.000000000000000000 ) ) ;
#1982 = VERTEX_POINT ( 'NONE', #10042 ) ;
#1983 = EDGE_CURVE ( 'NONE', #7638, #794, #2922, .T. ) ;
#1984 = DIRECTION ( 'NONE',  ( -7.930164461608261426E-16, 0.000000000000000000, -1.000000000000000000 ) ) ;
#1985 = CARTESIAN_POINT ( 'NONE',  ( 12.53908176279749931, 0.5000000000000000000, 0.000000000000000000 ) ) ;
#1986 = VECTOR ( 'NONE', #9889, 1000.000000000000000 ) ;
#1987 = LINE ( 'NONE', #5316, #4991 ) ;
#1988 = ORIENTED_EDGE ( 'NONE', *, *, #1418, .F. ) ;
#1989 = ORIENTED_EDGE ( 'NONE', *, *, #9084, .T. ) ;
#1990 = DIRECTION ( 'NONE',  ( 0.6416822328233690031, 0.7669706070501109973, 2.609890673131680046E-16 ) ) ;
#1991 = CARTESIAN_POINT ( 'NONE',  ( 17.34025825473160154, 38.24926131872759782, 13.06850476785990089 ) ) ;
#1992 = CARTESIAN_POINT ( 'NONE',  ( 10.10970070425617706, 9.267932391317843965, 8.829890313375830857 ) ) ;
#1993 = AXIS2_PLACEMENT_3D ( 'NONE', #6243, #2328, #6191 ) ;
#1994 = DIRECTION ( 'NONE',  ( -0.9999999999993481881, -5.708179069916610168E-07, 9.886856143605620924E-07 ) ) ;
#1995 = PLANE ( 'NONE',  #6530 ) ;
#1996 = EDGE_CURVE ( 'NONE', #8814, #7092, #8474, .T. ) ;
#1997 = LINE ( 'NONE', #1219, #1527 ) ;
#1998 = DIRECTION ( 'NONE',  ( 0.6546536707079771977, 0.6546536707079771977, 0.3779644730092271421 ) ) ;
#1999 = ORIENTED_EDGE ( 'NONE', *, *, #8069, .T. ) ;
#2000 = B_SPLINE_CURVE_WITH_KNOTS ( 'NONE', 3,
 ( #7984, #909, #7254, #113, #7337, #581, #6171, #733, #7869, #4695, #3916, #1513, #7079, #2353, #9419, #5526, #6370 ),
 .UNSPECIFIED., .F., .F.,
 ( 4, 2, 2, 2, 1, 1, 1, 2, 2, 4 ),
 ( 0.000000000000000000, 0.2500000000000790479, 0.3750000000001193490, 0.4375000000001387224, 0.4687500000001476597, 0.4843750000001521006, 0.4921875000001543210, 0.4960937500001547096, 0.5000000000001549871, 1.000000000000000000 ),
 .UNSPECIFIED. ) ;
#2001 = CONICAL_SURFACE ( 'NONE', #3826, 4.424999999999999822, 0.7853981633974490562 ) ;
#2002 = DIRECTION ( 'NONE',  ( 0.6416822328233700024, 0.7669706070501101092, 0.000000000000000000 ) ) ;
#2003 = ADVANCED_FACE ( 'NONE', ( #1352 ), #3013, .F. ) ;
#2004 = VERTEX_POINT ( 'NONE', #10237 ) ;
#2005 = CARTESIAN_POINT ( 'NONE',  ( 21.36136170377750076, 40.03843193517609222, 0.000000000000000000 ) ) ;
#2006 = EDGE_CURVE ( 'NONE', #3308, #2856, #767, .T. ) ;
#2007 = VECTOR ( 'NONE', #8793, 1000.000000000000000 ) ;
#2008 = B_SPLINE_CURVE_WITH_KNOTS ( 'NONE', 3,
 ( #8551, #9539, #4758, #7818, #8703, #3870, #9478, #1423, #3037, #6177, #5535, #633, #1376, #740, #3924, #3136, #6325 ),
 .UNSPECIFIED., .F., .F.,
 ( 4, 2, 2, 1, 1, 1, 1, 1, 2, 2, 4 ),
 ( 0.000000000000000000, 0.2499999999998664402, 0.3749999999997996047, 0.4374999999997670752, 0.4687499999997498668, 0.4843749999997410960, 0.4921874999997377653, 0.4960937499997370437, 0.4980468749997376543, 0.4999999999997382094, 1.000000000000000000 ),
 .UNSPECIFIED. ) ;
#2009 = ORIENTED_EDGE ( 'NONE', *, *, #6210, .F. ) ;
#2010 = EDGE_CURVE ( 'NONE', #6770, #9191, #725, .T. ) ;
#2011 = EDGE_CURVE ( 'NONE', #146, #9826, #7700, .T. ) ;
#2012 = LINE ( 'NONE', #6902, #8939 ) ;
#2013 = ORIENTED_EDGE ( 'NONE', *, *, #4679, .F. ) ;
#2014 = VECTOR ( 'NONE', #1637, 1000.000000000000000 ) ;
#2015 = ORIENTED_EDGE ( 'NONE', *, *, #1761, .T. ) ;
#2016 = CARTESIAN_POINT ( 'NONE',  ( 8.825000000000001066, 11.63127874928194139, 10.00000000000000000 ) ) ;
#2017 = EDGE_LOOP ( 'NONE', ( #3590, #2635, #77, #10270, #9976, #10274, #6841, #6143 ) ) ;
#2018 = DIRECTION ( 'NONE',  ( 1.000000000000000000, 0.000000000000000000, 0.000000000000000000 ) ) ;
#2019 = VERTEX_POINT ( 'NONE', #10291 ) ;
#2020 = EDGE_CURVE ( 'NONE', #4834, #4457, #9358, .T. ) ;
#2021 = ORIENTED_EDGE ( 'NONE', *, *, #9893, .F. ) ;
#2022 = CARTESIAN_POINT ( 'NONE',  ( 17.33623285481120035, 5.034314593714749542, 15.28562318936960018 ) ) ;
#2023 = EDGE_CURVE ( 'NONE', #7503, #5006, #6312, .T. ) ;
#2024 = ORIENTED_EDGE ( 'NONE', *, *, #7025, .T. ) ;
#2025 = LINE ( 'NONE', #4474, #7791 ) ;
#2026 = CARTESIAN_POINT ( 'NONE',  ( 13.23190208582489902, 20.81210340033769768, 25.13989085330999629 ) ) ;
#2027 = CIRCLE ( 'NONE', #7176, 1.174999999999999822 ) ;
#2028 = CARTESIAN_POINT ( 'NONE',  ( 5.495048781010304140, 46.44749149940778921, 34.80000000098205959 ) ) ;
#2029 = CARTESIAN_POINT ( 'NONE',  ( -9.871152294372530278, 32.96809776823099725, 19.96215706103669874 ) ) ;
#2030 = DIRECTION ( 'NONE',  ( 0.9709069422338771904, -0.2394571141604749931, 0.000000000000000000 ) ) ;
#2031 = LINE ( 'NONE', #7594, #7770 ) ;
#2032 = AXIS2_PLACEMENT_3D ( 'NONE', #7567, #5235, #6796 ) ;
#2033 = ORIENTED_EDGE ( 'NONE', *, *, #3567, .F. ) ;
#2034 = LINE ( 'NONE', #6105, #7469 ) ;
#2035 = CIRCLE ( 'NONE', #7844, 4.375000000000000888 ) ;
#2036 = DIRECTION ( 'NONE',  ( 0.7669706070501109973, -0.6416822328233690031, 0.000000000000000000 ) ) ;
#2037 = CARTESIAN_POINT ( 'NONE',  ( 9.628448289521774228, 4.424994284285126867, 11.67905795496215404 ) ) ;
#2038 = CARTESIAN_POINT ( 'NONE',  ( -3.773206478813360576, 40.75861867304359976, 13.06850476785990089 ) ) ;
#2039 = VERTEX_POINT ( 'NONE', #1498 ) ;
#2040 = ORIENTED_EDGE ( 'NONE', *, *, #1070, .F. ) ;
#2041 = CARTESIAN_POINT ( 'NONE',  ( -2.521786244474910177, 42.32714570538659871, 2.500000000000000000 ) ) ;
#2042 = AXIS2_PLACEMENT_3D ( 'NONE', #7685, #4617, #3786 ) ;
#2043 = CARTESIAN_POINT ( 'NONE',  ( 11.94644752435495150, 23.27930503875992230, 9.599293772922074197 ) ) ;
#2044 = VECTOR ( 'NONE', #7153, 1000.000000000000000 ) ;
#2045 = VERTEX_POINT ( 'NONE', #3114 ) ;
#2046 = CARTESIAN_POINT ( 'NONE',  ( 34.55854145947857603, 5.200000996599055014, 5.800000000034249759 ) ) ;
#2047 = CARTESIAN_POINT ( 'NONE',  ( 10.00000014901159950, 12.00000000000000000, 20.00000000000000000 ) ) ;
#2048 = DIRECTION ( 'NONE',  ( 0.5125766358075056761, 0.4288447525037449304, 0.7438799437236236489 ) ) ;
#2049 = ORIENTED_EDGE ( 'NONE', *, *, #2197, .F. ) ;
#2050 = B_SPLINE_CURVE_WITH_KNOTS ( 'NONE', 3,
 ( #8431, #1809, #289, #10048, #1123, #5926 ),
 .UNSPECIFIED., .F., .F.,
 ( 4, 2, 4 ),
 ( 0.7160370143065747373, 0.8580185071532873131, 1.000000000000000000 ),
 .UNSPECIFIED. ) ;
#2051 = CARTESIAN_POINT ( 'NONE',  ( 21.14409280835900162, 36.69986538969509837, 13.59675238393000107 ) ) ;
#2052 = VECTOR ( 'NONE', #7023, 1000.000000000000000 ) ;
#2053 = CIRCLE ( 'NONE', #704, 2.099999999999999201 ) ;
#2054 = CARTESIAN_POINT ( 'NONE',  ( 18.06291873483139909, 23.64594111126740117, 27.03756012374149975 ) ) ;
#2055 = VERTEX_POINT ( 'NONE', #3170 ) ;
#2056 = FACE_OUTER_BOUND ( 'NONE', #2884, .T. ) ;
#2057 = ADVANCED_FACE ( 'NONE', ( #5410 ), #3951, .T. ) ;
#2058 = VECTOR ( 'NONE', #2002, 1000.000000000000114 ) ;
#2059 = ORIENTED_EDGE ( 'NONE', *, *, #4265, .F. ) ;
#2060 = DIRECTION ( 'NONE',  ( 0.000000000000000000, -0.000000000000000000, 1.000000000000000000 ) ) ;
#2061 = CIRCLE ( 'NONE', #7390, 1.175000000000000711 ) ;
#2062 = ORIENTED_EDGE ( 'NONE', *, *, #4002, .F. ) ;
#2063 = VERTEX_POINT ( 'NONE', #10189 ) ;
#2064 = CARTESIAN_POINT ( 'NONE',  ( 11.95275137590400938, 23.29552981601214867, 10.39454278963052403 ) ) ;
#2065 = AXIS2_PLACEMENT_3D ( 'NONE', #9006, #4232, #2510 ) ;
#2066 = DIRECTION ( 'NONE',  ( 0.000000000000000000, 0.000000000000000000, -1.000000000000000000 ) ) ;
#2067 = ORIENTED_EDGE ( 'NONE', *, *, #8942, .T. ) ;
#2068 = PLANE ( 'NONE',  #2225 ) ;
#2069 = LINE ( 'NONE', #4272, #5989 ) ;
#2070 = VERTEX_POINT ( 'NONE', #3750 ) ;
#2071 = VECTOR ( 'NONE', #5919, 1000.000000000000000 ) ;
#2072 = EDGE_CURVE ( 'NONE', #2742, #9371, #6974, .T. ) ;
#2073 = EDGE_LOOP ( 'NONE', ( #370, #929, #418, #7393 ) ) ;
#2074 = EDGE_CURVE ( 'NONE', #813, #7995, #5820, .T. ) ;
#2075 = EDGE_CURVE ( 'NONE', #5621, #1619, #636, .T. ) ;
#2076 = VECTOR ( 'NONE', #1943, 1000.000000000000227 ) ;
#2077 = VERTEX_POINT ( 'NONE', #4629 ) ;
#2078 = VECTOR ( 'NONE', #2257, 1000.000000000000000 ) ;
#2079 = LINE ( 'NONE', #9545, #6864 ) ;
#2080 = PLANE ( 'NONE',  #1712 ) ;
#2081 = CARTESIAN_POINT ( 'NONE',  ( 10.61269565320138319, 5.755066725921669679, 8.562085987759783023 ) ) ;
#2082 = VERTEX_POINT ( 'NONE', #10087 ) ;
#2083 = DIRECTION ( 'NONE',  ( -0.7071067811865455743, 0.7071067811865495711, 0.000000000000000000 ) ) ;
#2084 = ADVANCED_FACE ( 'NONE', ( #10140 ), #7796, .T. ) ;
#2085 = ADVANCED_FACE ( 'NONE', ( #2190 ), #3648, .F. ) ;
#2086 = CARTESIAN_POINT ( 'NONE',  ( 11.17499999999999893, 10.66305471978099995, 10.00000000000000000 ) ) ;
#2087 = DIRECTION ( 'NONE',  ( 0.5125766358075060092, 0.4288447525037434871, 0.7438799437236240930 ) ) ;
#2088 = EDGE_CURVE ( 'NONE', #4473, #8767, #3492, .T. ) ;
#2089 = DIRECTION ( 'NONE',  ( -0.7071067811865489050, -2.166727592983609725E-14, 0.7071067811865460184 ) ) ;
#2090 = PLANE ( 'NONE',  #4303 ) ;
#2091 = VERTEX_POINT ( 'NONE', #7117 ) ;
#2092 = DIRECTION ( 'NONE',  ( -0.7071067811865490160, -2.038491089455054850E-30, 0.7071067811865460184 ) ) ;
#2093 = LINE ( 'NONE', #8239, #6447 ) ;
#2094 = CARTESIAN_POINT ( 'NONE',  ( 16.99983404255739927, 23.47718947202649886, 26.92792382272299889 ) ) ;
#2095 = ORIENTED_EDGE ( 'NONE', *, *, #2406, .T. ) ;
#2096 = ORIENTED_EDGE ( 'NONE', *, *, #4241, .F. ) ;
#2097 = CARTESIAN_POINT ( 'NONE',  ( 11.60866792719989959, 6.461666001407779802, 15.49775522372529935 ) ) ;
#2098 = PLANE ( 'NONE',  #5003 ) ;
#2099 = CARTESIAN_POINT ( 'NONE',  ( 12.07222996777113977, 23.60037968193176283, 9.757868189038402917 ) ) ;
#2100 = ADVANCED_FACE ( 'NONE', ( #8529 ), #1407, .T. ) ;
#2101 = DIRECTION ( 'NONE',  ( 0.5705340520101068735, -0.4773345432410939226, 0.6683132718461789468 ) ) ;
#2102 = CARTESIAN_POINT ( 'NONE',  ( 31.47569851645775429, 29.25100135070063345, 14.79999999999932569 ) ) ;
#2103 = DIRECTION ( 'NONE',  ( 0.6488699952224910028, -0.1600323674314316769, 0.7438799437236196521 ) ) ;
#2104 = ORIENTED_EDGE ( 'NONE', *, *, #2456, .T. ) ;
#2105 = DIRECTION ( 'NONE',  ( 1.261617073437677851E-15, 1.682156097916903933E-15, -1.000000000000000000 ) ) ;
#2106 = DIRECTION ( 'NONE',  ( -0.2394571141604759923, 0.9709069422338770794, 0.000000000000000000 ) ) ;
#2107 = EDGE_LOOP ( 'NONE', ( #9347, #5830, #7741, #8528 ) ) ;
#2108 = PLANE ( 'NONE',  #6059 ) ;
#2109 = ORIENTED_EDGE ( 'NONE', *, *, #10268, .T. ) ;
#2110 = DIRECTION ( 'NONE',  ( -0.9238795396857059083, 2.679352139792316906E-08, -0.3826834150445083127 ) ) ;
#2111 = ORIENTED_EDGE ( 'NONE', *, *, #8906, .T. ) ;
#2112 = ADVANCED_FACE ( 'NONE', ( #8014 ), #3276, .F. ) ;
#2113 = DIRECTION ( 'NONE',  ( 0.000000000000000000, -1.000000000000000000, 0.000000000000000000 ) ) ;
#2114 = AXIS2_PLACEMENT_3D ( 'NONE', #1621, #9638, #1847 ) ;
#2115 = CARTESIAN_POINT ( 'NONE',  ( 5.724436980641110395, 12.40000000000000036, 20.34075255742729738 ) ) ;
#2116 = VERTEX_POINT ( 'NONE', #88 ) ;
#2117 = ORIENTED_EDGE ( 'NONE', *, *, #6753, .T. ) ;
#2118 = LINE ( 'NONE', #8456, #2740 ) ;
#2119 = DIRECTION ( 'NONE',  ( 0.000000000000000000, -1.000000000000000000, -0.000000000000000000 ) ) ;
#2120 = ORIENTED_EDGE ( 'NONE', *, *, #10071, .T. ) ;
#2121 = EDGE_LOOP ( 'NONE', ( #5880, #8985, #5863, #1516 ) ) ;
#2122 = AXIS2_PLACEMENT_3D ( 'NONE', #3173, #2758, #5933 ) ;
#2123 = ORIENTED_EDGE ( 'NONE', *, *, #7563, .F. ) ;
#2124 = LINE ( 'NONE', #6960, #874 ) ;
#2125 = CARTESIAN_POINT ( 'NONE',  ( 11.92172454188793651, 4.437260569987291348, 9.871114876446306141 ) ) ;
#2126 = ADVANCED_FACE ( 'NONE', ( #1719 ), #883, .F. ) ;
#2127 = VERTEX_POINT ( 'NONE', #4117 ) ;
#2128 = AXIS2_PLACEMENT_3D ( 'NONE', #7407, #5073, #7298 ) ;
#2129 = DIRECTION ( 'NONE',  ( 0.5125766358075058982, 0.4288447525037445973, 0.7438799437236237599 ) ) ;
#2130 = VECTOR ( 'NONE', #2537, 1000.000000000000227 ) ;
#2131 = B_SPLINE_CURVE_WITH_KNOTS ( 'NONE', 3,
 ( #569, #4392, #9212, #3561, #516, #8477, #6783, #6881, #2924, #6005, #9157, #2037, #5223, #1258, #4434, #6107, #3753, #6928, #6306, #4790, #617, #7067, #1410, #6361, #6251, #7120, #8577, #6979, #9407, #10239, #7962, #4014, #3118, #9463, #5461, #10294, #3174 ),
 .UNSPECIFIED., .F., .F.,
 ( 4, 1, 1, 1, 1, 2, 2, 1, 1, 1, 1, 1, 2, 2, 1, 1, 1, 1, 2, 2, 1, 1, 1, 1, 2, 2, 4 ),
 ( 0.000000000000000000, 0.06250000000006672440, 0.09375000000010058621, 0.1093750000001175171, 0.1171875000001259964, 0.1210937500001302430, 0.1250000000001344758, 0.1875000000002143286, 0.2187500000002542411, 0.2343750000002741973, 0.2421875000002841893, 0.2460937500002917944, 0.2480468750002927103, 0.2500000000002935985, 0.3750000000002395306, 0.4375000000002120526, 0.4687500000001974532, 0.4843750000001911249, 0.4921875000001880163, 0.5000000000001848521, 0.6250000000001477707, 0.6875000000001288969, 0.7187500000001193490, 0.7343750000001146860, 0.7421875000001114664, 0.7500000000001082467, 1.000000000000000000 ),
 .UNSPECIFIED. ) ;
#2132 = CARTESIAN_POINT ( 'NONE',  ( 9.413887572095612555, 10.38929825167195276, 11.02118605438171350 ) ) ;
#2133 = FACE_OUTER_BOUND ( 'NONE', #285, .T. ) ;
#2134 = ADVANCED_FACE ( 'NONE', ( #4070 ), #5678, .F. ) ;
#2135 = CIRCLE ( 'NONE', #3124, 4.375000000000000000 ) ;
#2136 = CARTESIAN_POINT ( 'NONE',  ( 29.35854107291500270, 3.799999722949733094, 26.22427590704591793 ) ) ;
#2137 = EDGE_CURVE ( 'NONE', #4619, #2763, #8843, .T. ) ;
#2138 = DIRECTION ( 'NONE',  ( 0.4173717632814258338, 0.6000049794738798736, 0.6824916379135368416 ) ) ;
#2139 = ORIENTED_EDGE ( 'NONE', *, *, #5706, .F. ) ;
#2140 = CARTESIAN_POINT ( 'NONE',  ( 10.00000000000000000, 22.70771198066030294, 20.00000000000000000 ) ) ;
#2141 = EDGE_CURVE ( 'NONE', #6613, #9252, #2397, .T. ) ;
#2142 = DIRECTION ( 'NONE',  ( 0.6488699952224908918, -0.1600323674314305944, 0.7438799437236202072 ) ) ;
#2143 = LINE ( 'NONE', #7750, #8756 ) ;
#2144 = DIRECTION ( 'NONE',  ( -0.9709069422338768574, 0.2394571141604761311, 0.000000000000000000 ) ) ;
#2146 = EDGE_CURVE ( 'NONE', #5023, #9705, #7959, .T. ) ;
#2145 = CARTESIAN_POINT ( 'NONE',  ( 20.58892404827169997, 6.060623714452000321, 16.69983675174509941 ) ) ;
#2147 = ORIENTED_EDGE ( 'NONE', *, *, #2881, .T. ) ;
#2148 = ORIENTED_EDGE ( 'NONE', *, *, #8301, .T. ) ;
#2149 = DIRECTION ( 'NONE',  ( 0.9709069422338770794, -0.2394571141604749931, 0.000000000000000000 ) ) ;
#2150 = DIRECTION ( 'NONE',  ( -0.7535924180801727434, 0.000000000000000000, 0.6573419714365408284 ) ) ;
#2151 = VECTOR ( 'NONE', #2447, 1000.000000000000000 ) ;
#2152 = CARTESIAN_POINT ( 'NONE',  ( 11.96127898302516712, 23.31751477785493165, 9.613992821630857222 ) ) ;
#2153 = ORIENTED_EDGE ( 'NONE', *, *, #2020, .F. ) ;
#2154 = CARTESIAN_POINT ( 'NONE',  ( 10.72110975544104861, 10.03312289179343963, 9.071861145147016359 ) ) ;
#2155 = EDGE_CURVE ( 'NONE', #8589, #5163, #35, .T. ) ;
#2156 = CARTESIAN_POINT ( 'NONE',  ( 23.94768135373719886, 6.060623714452020749, 20.05859405721049882 ) ) ;
#2157 = LINE ( 'NONE', #381, #3017 ) ;
#2158 = VECTOR ( 'NONE', #940, 1000.000000000000114 ) ;
#2159 = ORIENTED_EDGE ( 'NONE', *, *, #8966, .F. ) ;
#2160 = DIRECTION ( 'NONE',  ( 0.000000000000000000, -1.000000000000000000, 0.000000000000000000 ) ) ;
#2162 = EDGE_CURVE ( 'NONE', #6521, #7053, #5618, .T. ) ;
#2161 = LINE ( 'NONE', #2935, #2640 ) ;
#2163 = ORIENTED_EDGE ( 'NONE', *, *, #6351, .T. ) ;
#2164 = AXIS2_PLACEMENT_3D ( 'NONE', #4322, #8264, #2762 ) ;
#2165 = ORIENTED_EDGE ( 'NONE', *, *, #8129, .F. ) ;
#2166 = FACE_OUTER_BOUND ( 'NONE', #4192, .T. ) ;
#2167 = ORIENTED_EDGE ( 'NONE', *, *, #9556, .T. ) ;
#2168 = CIRCLE ( 'NONE', #6164, 1.175000000000000488 ) ;
#2169 = DIRECTION ( 'NONE',  ( 0.000000000000000000, -1.000000000000000000, 0.000000000000000000 ) ) ;
#2170 = ORIENTED_EDGE ( 'NONE', *, *, #1630, .T. ) ;
#2171 = VERTEX_POINT ( 'NONE', #3708 ) ;
#2172 = DIRECTION ( 'NONE',  ( 0.5125766358075094509, -0.4288447525037482611, 0.7438799437236189860 ) ) ;
#2173 = DIRECTION ( 'NONE',  ( -0.6037480552203909889, 0.7971751914213059953, 0.000000000000000000 ) ) ;
#2174 = VERTEX_POINT ( 'NONE', #6068 ) ;
#2175 = EDGE_LOOP ( 'NONE', ( #699, #6161, #8774, #6485 ) ) ;
#2176 = CARTESIAN_POINT ( 'NONE',  ( 10.83049959320002031, 3.411406589671690082, 10.83087619229226028 ) ) ;
#2177 = CIRCLE ( 'NONE', #1497, 4.124999999999999112 ) ;
#2178 = B_SPLINE_CURVE_WITH_KNOTS ( 'NONE', 3,
 ( #7935, #799, #4817, #7990, #4653 ),
 .UNSPECIFIED., .F., .F.,
 ( 4, 1, 4 ),
 ( 0.01605774285809070251, 0.5714285714285709528, 0.9999534801536769102 ),
 .UNSPECIFIED. ) ;
#2179 = ORIENTED_EDGE ( 'NONE', *, *, #6959, .F. ) ;
#2180 = CARTESIAN_POINT ( 'NONE',  ( 12.95728622791933482, -4.950000000000000178, 6.708331249022977616 ) ) ;
#2181 = CARTESIAN_POINT ( 'NONE',  ( 11.70514853753259743, 4.425639678509011077, 9.654538872090965285 ) ) ;
#2182 = ORIENTED_EDGE ( 'NONE', *, *, #9499, .T. ) ;
#2183 = LINE ( 'NONE', #3058, #6815 ) ;
#2184 = DIRECTION ( 'NONE',  ( -0.6416822328233690031, 0.7669706070501109973, 0.000000000000000000 ) ) ;
#2185 = EDGE_CURVE ( 'NONE', #8784, #9050, #6749, .T. ) ;
#2186 = DIRECTION ( 'NONE',  ( -0.6416822328233690031, 0.7669706070501109973, -4.640279090678210644E-16 ) ) ;
#2187 = ORIENTED_EDGE ( 'NONE', *, *, #7765, .F. ) ;
#2188 = FACE_OUTER_BOUND ( 'NONE', #3075, .T. ) ;
#2189 = ORIENTED_EDGE ( 'NONE', *, *, #1390, .T. ) ;
#2190 = FACE_OUTER_BOUND ( 'NONE', #7832, .T. ) ;
#2191 = CARTESIAN_POINT ( 'NONE',  ( 5.066309087930360278, 43.78662997584820005, 14.79874920733140087 ) ) ;
#2192 = EDGE_CURVE ( 'NONE', #9595, #1066, #9167, .T. ) ;
#2193 = LINE ( 'NONE', #2241, #9449 ) ;
#2194 = PLANE ( 'NONE',  #400 ) ;
#2195 = CYLINDRICAL_SURFACE ( 'NONE', #8316, 3.250000000000000444 ) ;
#2196 = EDGE_CURVE ( 'NONE', #2039, #6271, #577, .T. ) ;
#2197 = EDGE_CURVE ( 'NONE', #2091, #8463, #6794, .T. ) ;
#2198 = VECTOR ( 'NONE', #2712, 1000.000000000000227 ) ;
#2199 = CARTESIAN_POINT ( 'NONE',  ( -2.618178459731280050, 39.37807158035329991, 13.06850476785990089 ) ) ;
#2200 = ADVANCED_FACE ( 'NONE', ( #3759 ), #2745, .T. ) ;
#2201 = CARTESIAN_POINT ( 'NONE',  ( -2.233361407650049646, 39.17849452565919677, 13.25447475379090001 ) ) ;
#2202 = DIRECTION ( 'NONE',  ( 4.163336342344339985E-16, -1.000000000000000000, 0.000000000000000000 ) ) ;
#2203 = ORIENTED_EDGE ( 'NONE', *, *, #1256, .T. ) ;
#2204 = DIRECTION ( 'NONE',  ( -1.000000000000000000, 0.000000000000000000, 0.000000000000000000 ) ) ;
#2205 = DIRECTION ( 'NONE',  ( -0.6416822328233690031, -0.7669706070501109973, 0.000000000000000000 ) ) ;
#2206 = FACE_OUTER_BOUND ( 'NONE', #9243, .T. ) ;
#2207 = AXIS2_PLACEMENT_3D ( 'NONE', #3103, #10229, #9493 ) ;
#2208 = ORIENTED_EDGE ( 'NONE', *, *, #2476, .T. ) ;
#2209 = CARTESIAN_POINT ( 'NONE',  ( 4.091153481926750324, 43.95811093399839820, 10.00000000000000000 ) ) ;
#2210 = EDGE_CURVE ( 'NONE', #1820, #2760, #7629, .T. ) ;
#2211 = FACE_OUTER_BOUND ( 'NONE', #9045, .T. ) ;
#2212 = VERTEX_POINT ( 'NONE', #5963 ) ;
#2213 = CARTESIAN_POINT ( 'NONE',  ( 20.81923976921749997, 6.019182658296910127, 22.86984943465780162 ) ) ;
#2214 = ADVANCED_FACE ( 'NONE', ( #9221 ), #6934, .T. ) ;
#2215 = CIRCLE ( 'NONE', #9346, 4.174999999999999822 ) ;
#2216 = ORIENTED_EDGE ( 'NONE', *, *, #16, .T. ) ;
#2217 = VECTOR ( 'NONE', #822, 1000.000000000000000 ) ;
#2218 = CARTESIAN_POINT ( 'NONE',  ( 10.00000000000000000, 23.00327610214520035, 10.92921466540890130 ) ) ;
#2219 = VERTEX_POINT ( 'NONE', #2047 ) ;
#2220 = ORIENTED_EDGE ( 'NONE', *, *, #6480, .F. ) ;
#2221 = DIRECTION ( 'NONE',  ( 0.7071067811865450192, 8.656155890839430614E-15, -0.7071067811865500152 ) ) ;
#2222 = VECTOR ( 'NONE', #2697, 1000.000000000000000 ) ;
#2223 = VERTEX_POINT ( 'NONE', #4444 ) ;
#2224 = ORIENTED_EDGE ( 'NONE', *, *, #1628, .T. ) ;
#2225 = AXIS2_PLACEMENT_3D ( 'NONE', #5247, #2996, #8406 ) ;
#2226 = ORIENTED_EDGE ( 'NONE', *, *, #477, .T. ) ;
#2227 = AXIS2_PLACEMENT_3D ( 'NONE', #2026, #2318, #361 ) ;
#2228 = CARTESIAN_POINT ( 'NONE',  ( 38.85854111252491094, 22.70771198066030294, 0.000000000000000000 ) ) ;
#2230 = ORIENTED_EDGE ( 'NONE', *, *, #3659, .F. ) ;
#2229 = AXIS2_PLACEMENT_3D ( 'NONE', #6528, #9744, #5750 ) ;
#2231 = CARTESIAN_POINT ( 'NONE',  ( 8.285172088062317641, 35.72280839363053673, 10.00000000000000000 ) ) ;
#2232 = LINE ( 'NONE', #3795, #4662 ) ;
#2233 = VECTOR ( 'NONE', #2786, 1000.000000000000114 ) ;
#2234 = AXIS2_PLACEMENT_3D ( 'NONE', #9429, #1425, #2361 ) ;
#2235 = CARTESIAN_POINT ( 'NONE',  ( 8.315895239344820666, 22.58792129481160060, 9.408762512076009443 ) ) ;
#2236 = VERTEX_POINT ( 'NONE', #5232 ) ;
#2237 = CARTESIAN_POINT ( 'NONE',  ( 4.186936327590929707, 43.56974815710489679, 10.00000000000000000 ) ) ;
#2238 = CARTESIAN_POINT ( 'NONE',  ( 4.373327601294618283, 33.73095681498655551, 10.00000000000000000 ) ) ;
#2239 = LINE ( 'NONE', #6976, #9771 ) ;
#2240 = EDGE_CURVE ( 'NONE', #1334, #7145, #2882, .T. ) ;
#2241 = CARTESIAN_POINT ( 'NONE',  ( -7.240126480275930199, 33.05111811476779593, 21.58676541446130059 ) ) ;
#2242 = CARTESIAN_POINT ( 'NONE',  ( 7.860918237202460190, -4.930084118726089707E-15, -5.551115123125779744E-16 ) ) ;
#2243 = LINE ( 'NONE', #7802, #10038 ) ;
#2244 = CARTESIAN_POINT ( 'NONE',  ( 11.60866792719989959, 6.461666001407779802, 15.49775522372529935 ) ) ;
#2245 = DIRECTION ( 'NONE',  ( 0.000000000000000000, 1.000000000000000000, 0.000000000000000000 ) ) ;
#2246 = LINE ( 'NONE', #1459, #5873 ) ;
#2247 = ORIENTED_EDGE ( 'NONE', *, *, #3867, .T. ) ;
#2248 = LINE ( 'NONE', #5582, #7174 ) ;
#2249 = FACE_BOUND ( 'NONE', #2705, .T. ) ;
#2250 = EDGE_CURVE ( 'NONE', #5394, #3248, #10052, .T. ) ;
#2251 = CARTESIAN_POINT ( 'NONE',  ( 9.168404106443849955, 7.657895958593879726, 9.169894957768669030 ) ) ;
#2252 = ORIENTED_EDGE ( 'NONE', *, *, #7242, .T. ) ;
#2253 = LINE ( 'NONE', #8446, #6216 ) ;
#2254 = EDGE_CURVE ( 'NONE', #5581, #6770, #4979, .T. ) ;
#2255 = CARTESIAN_POINT ( 'NONE',  ( 10.01371044015841605, 3.435713604363659357, 11.18349358595667375 ) ) ;
#2256 = ORIENTED_EDGE ( 'NONE', *, *, #2419, .F. ) ;
#2257 = DIRECTION ( 'NONE',  ( 0.000000000000000000, 1.000000000000000000, 0.000000000000000000 ) ) ;
#2258 = CARTESIAN_POINT ( 'NONE',  ( 27.00000000000000000, 5.200000777390314965, 9.999999999962138730 ) ) ;
#2259 = CARTESIAN_POINT ( 'NONE',  ( 10.00000000000000000, 45.41542396132060588, 10.00000000000000000 ) ) ;
#2260 = EDGE_CURVE ( 'NONE', #9623, #1145, #7126, .T. ) ;
#2261 = ADVANCED_FACE ( 'NONE', ( #3662 ), #1317, .T. ) ;
#2262 = LINE ( 'NONE', #7150, #6287 ) ;
#2263 = ORIENTED_EDGE ( 'NONE', *, *, #9437, .T. ) ;
#2264 = ORIENTED_EDGE ( 'NONE', *, *, #6412, .F. ) ;
#2265 = LINE ( 'NONE', #9390, #1550 ) ;
#2266 = ADVANCED_FACE ( 'NONE', ( #4496 ), #7660, .T. ) ;
#2267 = ORIENTED_EDGE ( 'NONE', *, *, #4108, .T. ) ;
#2268 = ORIENTED_EDGE ( 'NONE', *, *, #2378, .F. ) ;
#2269 = CARTESIAN_POINT ( 'NONE',  ( 9.169149532106040112, 7.660623714452170496, 9.169149532106040112 ) ) ;
#2270 = ORIENTED_EDGE ( 'NONE', *, *, #3793, .T. ) ;
#2271 = VECTOR ( 'NONE', #1677, 1000.000000000000114 ) ;
#2272 = CARTESIAN_POINT ( 'NONE',  ( 16.33198593937652277, 20.66205238419150447, 25.41154758211542841 ) ) ;
#2273 = EDGE_CURVE ( 'NONE', #9826, #6598, #525, .T. ) ;
#2274 = VERTEX_POINT ( 'NONE', #9269 ) ;
#2275 = DIRECTION ( 'NONE',  ( -0.5773502636090570572, -0.5773502803507605252, -0.5773502636090596107 ) ) ;
#2276 = ADVANCED_FACE ( 'NONE', ( #7713, #4350 ), #3573, .T. ) ;
#2277 = LINE ( 'NONE', #8571, #2841 ) ;
#2278 = AXIS2_PLACEMENT_3D ( 'NONE', #2313, #4604, #10222 ) ;
#2279 = PLANE ( 'NONE',  #3555 ) ;
#2280 = ORIENTED_EDGE ( 'NONE', *, *, #4423, .F. ) ;
#2281 = CARTESIAN_POINT ( 'NONE',  ( 4.325468175810490479, -2.989376285547959977, 11.39653598767529985 ) ) ;
#2282 = CARTESIAN_POINT ( 'NONE',  ( -6.684272334251664560, 19.51265837211004239, 2.297084168219018174 ) ) ;
#2283 = AXIS2_PLACEMENT_3D ( 'NONE', #5543, #1638, #800 ) ;
#2284 = CARTESIAN_POINT ( 'NONE',  ( 16.98605971197406461, 20.66205238419149737, 22.67150880501757015 ) ) ;
#2285 = DIRECTION ( 'NONE',  ( 0.9709069422338768574, 0.2394571141604759368, 0.000000000000000000 ) ) ;
#2286 = CARTESIAN_POINT ( 'NONE',  ( 8.075798851780877641, 23.22183746703920804, 10.42170141378612591 ) ) ;
#2287 = DIRECTION ( 'NONE',  ( -0.7071067811865450192, -8.656155890839411682E-15, 0.7071067811865500152 ) ) ;
#2288 = PLANE ( 'NONE',  #6894 ) ;
#2289 = B_SPLINE_CURVE_WITH_KNOTS ( 'NONE', 3,
 ( #4096, #4151, #8152, #1909 ),
 .UNSPECIFIED., .F., .F.,
 ( 4, 4 ),
 ( 0.000000000000000000, 1.000000000000000000 ),
 .UNSPECIFIED. ) ;
#2290 = DIRECTION ( 'NONE',  ( -0.6416822328233690031, 0.7669706070501109973, 1.043956269252671944E-16 ) ) ;
#2291 = VECTOR ( 'NONE', #7795, 1000.000000000000000 ) ;
#2292 = VECTOR ( 'NONE', #8494, 1000.000000000000000 ) ;
#2293 = ADVANCED_FACE ( 'NONE', ( #7128 ), #6258, .T. ) ;
#2294 = LINE ( 'NONE', #3912, #8949 ) ;
#2295 = DIRECTION ( 'NONE',  ( 0.8660254037844385966, 0.000000000000000000, 0.5000000000000001110 ) ) ;
#2296 = ORIENTED_EDGE ( 'NONE', *, *, #5802, .T. ) ;
#2297 = DIRECTION ( 'NONE',  ( 0.7071067811865464625, -2.071311613106634660E-15, 0.7071067811865485719 ) ) ;
#2298 = LINE ( 'NONE', #4751, #8099 ) ;
#2299 = LINE ( 'NONE', #1514, #1393 ) ;
#2300 = CARTESIAN_POINT ( 'NONE',  ( 8.945807949784839508, 4.726914470901141030, 11.80193029913669989 ) ) ;
#2301 = ORIENTED_EDGE ( 'NONE', *, *, #346, .T. ) ;
#2302 = ORIENTED_EDGE ( 'NONE', *, *, #7609, .F. ) ;
#2303 = LINE ( 'NONE', #5532, #547 ) ;
#2304 = DIRECTION ( 'NONE',  ( -0.6416822328233690031, 0.7669706070501109973, 0.000000000000000000 ) ) ;
#2305 = ORIENTED_EDGE ( 'NONE', *, *, #5143, .F. ) ;
#2306 = CARTESIAN_POINT ( 'NONE',  ( -6.299148781361640914, 4.699999798916274507, 0.000000000000000000 ) ) ;
#2307 = AXIS2_PLACEMENT_3D ( 'NONE', #2509, #4231, #2565 ) ;
#2308 = VECTOR ( 'NONE', #6828, 1000.000000000000227 ) ;
#2309 = ADVANCED_FACE ( 'NONE', ( #7757 ), #1458, .F. ) ;
#2310 = CARTESIAN_POINT ( 'NONE',  ( 13.75373249062899994, 35.21994845389350104, 10.00000000000000000 ) ) ;
#2311 = EDGE_LOOP ( 'NONE', ( #3818, #2040, #2280, #599 ) ) ;
#2312 = CARTESIAN_POINT ( 'NONE',  ( 20.32392817848780098, 20.66205238419160040, 16.96483198335879905 ) ) ;
#2313 = CARTESIAN_POINT ( 'NONE',  ( 16.69983675174560034, 20.66205238419150092, 20.58892404827109956 ) ) ;
#2314 = ORIENTED_EDGE ( 'NONE', *, *, #7663, .T. ) ;
#2315 = AXIS2_PLACEMENT_3D ( 'NONE', #5670, #4888, #928 ) ;
#2316 = EDGE_CURVE ( 'NONE', #9991, #4652, #3073, .T. ) ;
#2317 = DIRECTION ( 'NONE',  ( -1.000000000000000000, 0.000000000000000000, 0.000000000000000000 ) ) ;
#2318 = DIRECTION ( 'NONE',  ( 0.7071067811865490160, 3.976541677442611176E-16, -0.7071067811865461294 ) ) ;
#2319 = ORIENTED_EDGE ( 'NONE', *, *, #8962, .T. ) ;
#2320 = ORIENTED_EDGE ( 'NONE', *, *, #6081, .F. ) ;
#2321 = EDGE_CURVE ( 'NONE', #4131, #482, #1291, .T. ) ;
#2322 = CARTESIAN_POINT ( 'NONE',  ( 9.169894957652370948, 7.657895959019429988, 9.168404106559709277 ) ) ;
#2323 = EDGE_CURVE ( 'NONE', #9979, #182, #5450, .T. ) ;
#2324 = ORIENTED_EDGE ( 'NONE', *, *, #5143, .T. ) ;
#2325 = EDGE_CURVE ( 'NONE', #3378, #356, #8690, .T. ) ;
#2326 = DIRECTION ( 'NONE',  ( 0.000000000000000000, -1.000000000000000000, 0.000000000000000000 ) ) ;
#2327 = ORIENTED_EDGE ( 'NONE', *, *, #8820, .T. ) ;
#2328 = DIRECTION ( 'NONE',  ( 0.000000000000000000, -1.000000000000000000, 0.000000000000000000 ) ) ;
#2329 = EDGE_LOOP ( 'NONE', ( #4911, #8954, #5099, #6012 ) ) ;
#2330 = CARTESIAN_POINT ( 'NONE',  ( -7.488982508087409506, 38.17136507962590031, 14.57499999999999929 ) ) ;
#2331 = VECTOR ( 'NONE', #4178, 1000.000000000000000 ) ;
#2332 = PLANE ( 'NONE',  #5334 ) ;
#2333 = EDGE_CURVE ( 'NONE', #871, #8772, #7074, .T. ) ;
#2334 = DIRECTION ( 'NONE',  ( -0.7071067811865489050, -3.486305596842089684E-32, 0.7071067811865460184 ) ) ;
#2335 = CARTESIAN_POINT ( 'NONE',  ( 19.31613152305061831, 20.66205238419156487, 15.42704422652423091 ) ) ;
#2336 = ORIENTED_EDGE ( 'NONE', *, *, #6831, .F. ) ;
#2337 = EDGE_CURVE ( 'NONE', #825, #7318, #10302, .T. ) ;
#2338 = LINE ( 'NONE', #9404, #2809 ) ;
#2339 = AXIS2_PLACEMENT_3D ( 'NONE', #1966, #9972, #2018 ) ;
#2340 = DIRECTION ( 'NONE',  ( -0.6488699952224920020, -0.1600323674314317046, -0.7438799437236189860 ) ) ;
#2341 = LINE ( 'NONE', #3751, #7094 ) ;
#2342 = LINE ( 'NONE', #5513, #6395 ) ;
#2343 = CARTESIAN_POINT ( 'NONE',  ( 8.066725233510249282, 23.24530303743134496, 10.41330783790115966 ) ) ;
#2344 = LINE ( 'NONE', #5515, #10193 ) ;
#2345 = AXIS2_PLACEMENT_3D ( 'NONE', #8441, #5186, #4352 ) ;
#2346 = CARTESIAN_POINT ( 'NONE',  ( 22.17991430594149804, 6.060623714452040289, 15.10884649407529956 ) ) ;
#2347 = CARTESIAN_POINT ( 'NONE',  ( 10.51265241636080106, 7.660623714452159838, 12.42184072556390007 ) ) ;
#2348 = CARTESIAN_POINT ( 'NONE',  ( 17.05797552145619989, 12.40000174164079993, 25.03867152242800387 ) ) ;
#2349 = CARTESIAN_POINT ( 'NONE',  ( 22.87485135286059901, 39.68485982317339733, 13.06850476785990089 ) ) ;
#2350 = FACE_OUTER_BOUND ( 'NONE', #7225, .T. ) ;
#2351 = ORIENTED_EDGE ( 'NONE', *, *, #1488, .T. ) ;
#2352 = LINE ( 'NONE', #3028, #3374 ) ;
#2353 = CARTESIAN_POINT ( 'NONE',  ( 9.999969724623266387, 20.53934091604880408, 11.14864340101185824 ) ) ;
#2354 = DIRECTION ( 'NONE',  ( -0.6355433650282369396, -0.4383711467890769597, -0.6355433650282369396 ) ) ;
#2355 = CARTESIAN_POINT ( 'NONE',  ( 8.814563817518550337, 6.303975069983570378, 9.671870207941209330 ) ) ;
#2356 = VERTEX_POINT ( 'NONE', #5416 ) ;
#2357 = ORIENTED_EDGE ( 'NONE', *, *, #2370, .F. ) ;
#2358 = DIRECTION ( 'NONE',  ( 0.8161842732536050971, 0.2390910846442189097, -0.5260025525956462111 ) ) ;
#2359 = CIRCLE ( 'NONE', #7674, 4.375000000000000888 ) ;
#2360 = ORIENTED_EDGE ( 'NONE', *, *, #2023, .T. ) ;
#2361 = DIRECTION ( 'NONE',  ( 0.7669706070501109973, -0.6416822328233690031, 0.000000000000000000 ) ) ;
#2362 = FACE_OUTER_BOUND ( 'NONE', #7676, .T. ) ;
#2363 = ORIENTED_EDGE ( 'NONE', *, *, #7157, .T. ) ;
#2364 = CARTESIAN_POINT ( 'NONE',  ( -14.55854136924701336, 0.000000000000000000, 7.500000010607793755 ) ) ;
#2365 = AXIS2_PLACEMENT_3D ( 'NONE', #7259, #4258, #1022 ) ;
#2366 = FACE_OUTER_BOUND ( 'NONE', #3584, .T. ) ;
#2367 = CIRCLE ( 'NONE', #8850, 1.400000000000000799 ) ;
#2368 = ORIENTED_EDGE ( 'NONE', *, *, #8886, .F. ) ;
#2369 = DIRECTION ( 'NONE',  ( 0.7071067811865451302, 0.000000000000000000, 0.7071067811865500152 ) ) ;
#2370 = EDGE_CURVE ( 'NONE', #2630, #9921, #5101, .T. ) ;
#2371 = CARTESIAN_POINT ( 'NONE',  ( 20.73034508542390242, 20.66205238419160040, 16.55841507642269761 ) ) ;
#2372 = EDGE_LOOP ( 'NONE', ( #8831, #2581, #8356, #6608 ) ) ;
#2373 = EDGE_LOOP ( 'NONE', ( #694, #3765, #2363, #5485 ) ) ;
#2374 = VECTOR ( 'NONE', #3888, 1000.000000000000114 ) ;
#2375 = CARTESIAN_POINT ( 'NONE',  ( 11.34237090181949981, 4.457038087333559773, 9.426580805236429939 ) ) ;
#2376 = AXIS2_PLACEMENT_3D ( 'NONE', #6353, #1660, #8904 ) ;
#2377 = EDGE_LOOP ( 'NONE', ( #9281, #5531, #310, #737, #6231, #1186, #9098 ) ) ;
#2378 = EDGE_CURVE ( 'NONE', #3378, #8870, #2294, .T. ) ;
#2379 = DIRECTION ( 'NONE',  ( -1.224646799147353207E-16, -0.000000000000000000, -1.000000000000000000 ) ) ;
#2380 = ORIENTED_EDGE ( 'NONE', *, *, #3604, .T. ) ;
#2381 = VECTOR ( 'NONE', #9645, 999.9999999999998863 ) ;
#2382 = VERTEX_POINT ( 'NONE', #10247 ) ;
#2383 = VECTOR ( 'NONE', #6329, 999.9999999999998863 ) ;
#2384 = ORIENTED_EDGE ( 'NONE', *, *, #8257, .F. ) ;
#2385 = EDGE_CURVE ( 'NONE', #2995, #2689, #8317, .T. ) ;
#2386 = DIRECTION ( 'NONE',  ( 0.000000000000000000, 0.000000000000000000, -1.000000000000000000 ) ) ;
#2387 = ORIENTED_EDGE ( 'NONE', *, *, #9388, .T. ) ;
#2388 = DIRECTION ( 'NONE',  ( 0.6416822328233690031, -0.7669706070501109973, 0.000000000000000000 ) ) ;
#2389 = ADVANCED_FACE ( 'NONE', ( #3962 ), #5373, .T. ) ;
#2390 = LINE ( 'NONE', #1656, #3547 ) ;
#2391 = AXIS2_PLACEMENT_3D ( 'NONE', #4141, #10257, #6488 ) ;
#2392 = DIRECTION ( 'NONE',  ( -5.551115123125779621E-17, 0.000000000000000000, 1.000000000000000000 ) ) ;
#2393 = ORIENTED_EDGE ( 'NONE', *, *, #9117, .T. ) ;
#2394 = LINE ( 'NONE', #201, #10174 ) ;
#2395 = VECTOR ( 'NONE', #2928, 1000.000000000000114 ) ;
#2396 = LINE ( 'NONE', #5509, #6462 ) ;
#2397 = LINE ( 'NONE', #8787, #5300 ) ;
#2398 = EDGE_LOOP ( 'NONE', ( #6761, #7365, #7486, #359, #7537 ) ) ;
#2399 = EDGE_CURVE ( 'NONE', #4366, #9391, #1720, .T. ) ;
#2400 = DIRECTION ( 'NONE',  ( -0.2394571141604759923, 0.9709069422338770794, -1.043956269252671944E-16 ) ) ;
#2401 = EDGE_CURVE ( 'NONE', #7777, #3053, #7969, .T. ) ;
#2402 = LINE ( 'NONE', #7121, #5826 ) ;
#2403 = VECTOR ( 'NONE', #3283, 1000.000000000000114 ) ;
#2404 = DIRECTION ( 'NONE',  ( 0.5125766358075087847, -0.4288447525037478170, 0.7438799437236197631 ) ) ;
#2405 = LINE ( 'NONE', #721, #6671 ) ;
#2406 = EDGE_CURVE ( 'NONE', #8423, #9038, #1415, .T. ) ;
#2407 = VECTOR ( 'NONE', #6586, 1000.000000000000000 ) ;
#2408 = CARTESIAN_POINT ( 'NONE',  ( 11.70005419238291466, 17.39999999999999858, 23.60804295986800483 ) ) ;
#2409 = CYLINDRICAL_SURFACE ( 'NONE', #5512, 1.699999999999999289 ) ;
#2410 = ORIENTED_EDGE ( 'NONE', *, *, #10059, .T. ) ;
#2411 = DIRECTION ( 'NONE',  ( -0.7071067811865450192, -8.656155890839430614E-15, 0.7071067811865500152 ) ) ;
#2412 = B_SPLINE_CURVE_WITH_KNOTS ( 'NONE', 3,
 ( #1398, #6293, #5451, #655, #3942, #4574, #556, #9295, #4724, #5500, #5405, #9452, #6096, #8464, #7840, #4621, #1345, #3743 ),
 .UNSPECIFIED., .F., .F.,
 ( 4, 2, 2, 1, 1, 1, 1, 2, 2, 2, 4 ),
 ( 0.000000000000000000, 0.2500000000000545675, 0.3750000000000816014, 0.4375000000000950906, 0.4687500000001018630, 0.4843750000001054157, 0.4921875000001070810, 0.4960937500001071920, 0.5000000000001072475, 0.7500000000000536238, 1.000000000000000000 ),
 .UNSPECIFIED. ) ;
#2413 = DIRECTION ( 'NONE',  ( 0.2394571141604768805, 0.9709069422338766353, 1.160069772669549456E-15 ) ) ;
#2414 = FACE_BOUND ( 'NONE', #3771, .T. ) ;
#2415 = CARTESIAN_POINT ( 'NONE',  ( 9.300418540909840104, 4.503665159892489278, 11.32694434031500030 ) ) ;
#2416 = ORIENTED_EDGE ( 'NONE', *, *, #4099, .F. ) ;
#2417 = DIRECTION ( 'NONE',  ( -0.7569751589577601303, -0.5733021862560175874, 0.3135493772198319484 ) ) ;
#2418 = DIRECTION ( 'NONE',  ( 0.000000000000000000, -1.000000000000000000, 0.000000000000000000 ) ) ;
#2419 = EDGE_CURVE ( 'NONE', #8784, #9953, #4019, .T. ) ;
#2420 = PLANE ( 'NONE',  #3580 ) ;
#2421 = ORIENTED_EDGE ( 'NONE', *, *, #5575, .F. ) ;
#2422 = ORIENTED_EDGE ( 'NONE', *, *, #2072, .F. ) ;
#2423 = LINE ( 'NONE', #3926, #5912 ) ;
#2424 = CARTESIAN_POINT ( 'NONE',  ( 15.90884651807330030, 43.95811093399839820, 10.00000000000000000 ) ) ;
#2425 = LINE ( 'NONE', #8650, #9500 ) ;
#2426 = FACE_OUTER_BOUND ( 'NONE', #1223, .T. ) ;
#2427 = ORIENTED_EDGE ( 'NONE', *, *, #3029, .F. ) ;
#2428 = LINE ( 'NONE', #9440, #3568 ) ;
#2429 = LINE ( 'NONE', #1641, #2044 ) ;
#2430 = ORIENTED_EDGE ( 'NONE', *, *, #7792, .F. ) ;
#2431 = ORIENTED_EDGE ( 'NONE', *, *, #1840, .F. ) ;
#2432 = DIRECTION ( 'NONE',  ( 0.7071067811865470176, 7.282241002660179780E-15, -0.7071067811865480168 ) ) ;
#2433 = ORIENTED_EDGE ( 'NONE', *, *, #9124, .F. ) ;
#2434 = EDGE_CURVE ( 'NONE', #4160, #4138, #5966, .T. ) ;
#2435 = FACE_OUTER_BOUND ( 'NONE', #3679, .T. ) ;
#2436 = VERTEX_POINT ( 'NONE', #8132 ) ;
#2437 = ORIENTED_EDGE ( 'NONE', *, *, #3340, .T. ) ;
#2438 = ORIENTED_EDGE ( 'NONE', *, *, #5858, .T. ) ;
#2439 = DIRECTION ( 'NONE',  ( -0.3099752105710859573, 0.8987940462991672597, -0.3099752105710732453 ) ) ;
#2440 = ORIENTED_EDGE ( 'NONE', *, *, #2250, .F. ) ;
#2441 = CARTESIAN_POINT ( 'NONE',  ( 11.47086021675976220, 22.01326519315401953, 10.71048789069402218 ) ) ;
#2442 = DIRECTION ( 'NONE',  ( 0.000000000000000000, 6.651958409392690315E-15, -1.000000000000000000 ) ) ;
#2443 = ORIENTED_EDGE ( 'NONE', *, *, #6100, .T. ) ;
#2444 = LINE ( 'NONE', #4838, #1536 ) ;
#2445 = EDGE_CURVE ( 'NONE', #4994, #5987, #4910, .T. ) ;
#2446 = CARTESIAN_POINT ( 'NONE',  ( 17.06621666087569977, 3.899999999999999911, 25.03867152242800387 ) ) ;
#2447 = DIRECTION ( 'NONE',  ( 0.000000000000000000, -1.000000000000000000, 0.000000000000000000 ) ) ;
#2448 = EDGE_LOOP ( 'NONE', ( #6091, #8105, #2153, #4553, #3702 ) ) ;
#2449 = CARTESIAN_POINT ( 'NONE',  ( 22.08597988812070056, 4.910623714452070132, 20.03537022267910217 ) ) ;
#2450 = LINE ( 'NONE', #5623, #9210 ) ;
#2451 = CARTESIAN_POINT ( 'NONE',  ( 27.35854122897934460, 3.800000284364106307, 18.91715728747773184 ) ) ;
#2452 = VECTOR ( 'NONE', #6424, 1000.000000000000227 ) ;
#2453 = CARTESIAN_POINT ( 'NONE',  ( -4.475884189307890004, 37.30229873345540170, 14.37500000000000000 ) ) ;
#2454 = CARTESIAN_POINT ( 'NONE',  ( 10.20000000000000107, -5.200000000000000178, 15.97696679351140148 ) ) ;
#2455 = DIRECTION ( 'NONE',  ( 1.000000000000000000, 0.000000000000000000, 0.000000000000000000 ) ) ;
#2456 = EDGE_CURVE ( 'NONE', #10041, #5980, #9797, .T. ) ;
#2457 = EDGE_CURVE ( 'NONE', #7219, #4917, #8914, .T. ) ;
#2458 = CARTESIAN_POINT ( 'NONE',  ( 8.323353293413170206, -2.600000000000000089, 14.37500000000000000 ) ) ;
#2459 = EDGE_CURVE ( 'NONE', #9636, #9855, #6420, .T. ) ;
#2460 = AXIS2_PLACEMENT_3D ( 'NONE', #9680, #2564, #3333 ) ;
#2461 = CARTESIAN_POINT ( 'NONE',  ( 13.73114881282369915, 44.49520175633109886, 14.57499999999999929 ) ) ;
#2462 = DIRECTION ( 'NONE',  ( -5.363993858512410985E-15, 1.000000000000000000, 0.000000000000000000 ) ) ;
#2463 = VERTEX_POINT ( 'NONE', #8079 ) ;
#2464 = CARTESIAN_POINT ( 'NONE',  ( 13.83622378018623422, 20.66205238419150803, 21.08372930285553082 ) ) ;
#2465 = EDGE_CURVE ( 'NONE', #8153, #7995, #947, .T. ) ;
#2466 = CYLINDRICAL_SURFACE ( 'NONE', #2114, 2.099999999999999645 ) ;
#2467 = DIRECTION ( 'NONE',  ( 2.312964686334536862E-15, 1.000000000000000000, 1.503427046117448881E-14 ) ) ;
#2468 = CARTESIAN_POINT ( 'NONE',  ( 17.96760371056329930, 6.060623714451910615, 25.03867152242810334 ) ) ;
#2469 = ORIENTED_EDGE ( 'NONE', *, *, #7228, .T. ) ;
#2470 = CARTESIAN_POINT ( 'NONE',  ( 21.41041177753740143, 5.989893336415580194, 22.37867742633790158 ) ) ;
#2471 = VECTOR ( 'NONE', #9318, 1000.000000000000114 ) ;
#2472 = AXIS2_PLACEMENT_3D ( 'NONE', #8045, #1023, #4259 ) ;
#2473 = LINE ( 'NONE', #3135, #6562 ) ;
#2474 = ORIENTED_EDGE ( 'NONE', *, *, #4428, .F. ) ;
#2475 = CARTESIAN_POINT ( 'NONE',  ( 9.999991302346931121, 20.64834364584899618, 8.854843222118788049 ) ) ;
#2476 = EDGE_CURVE ( 'NONE', #10152, #9391, #1138, .T. ) ;
#2477 = ORIENTED_EDGE ( 'NONE', *, *, #855, .T. ) ;
#2478 = PLANE ( 'NONE',  #7052 ) ;
#2479 = CARTESIAN_POINT ( 'NONE',  ( 14.72524206837590022, 24.01610856768479962, 26.36865570475459819 ) ) ;
#2480 = VECTOR ( 'NONE', #4069, 1000.000000000000114 ) ;
#2481 = VERTEX_POINT ( 'NONE', #6529 ) ;
#2482 = CARTESIAN_POINT ( 'NONE',  ( 27.00000000000000000, 29.25212759416849906, 0.5000000000000000000 ) ) ;
#2483 = EDGE_CURVE ( 'NONE', #2901, #6625, #157, .T. ) ;
#2484 = FACE_OUTER_BOUND ( 'NONE', #7648, .T. ) ;
#2485 = ORIENTED_EDGE ( 'NONE', *, *, #1983, .F. ) ;
#2486 = CARTESIAN_POINT ( 'NONE',  ( 10.00000015764685202, 5.200000284396058881, 7.500000000013828938 ) ) ;
#2487 = CARTESIAN_POINT ( 'NONE',  ( -18.47569835231111313, 0.000000000000000000, 14.80000001233967666 ) ) ;
#2488 = CYLINDRICAL_SURFACE ( 'NONE', #8207, 2.099999999999999645 ) ;
#2489 = AXIS2_PLACEMENT_3D ( 'NONE', #7246, #6423, #8916 ) ;
#2490 = CARTESIAN_POINT ( 'NONE',  ( 11.29119788515490086, 4.158122290046049940, 10.52480200934939880 ) ) ;
#2491 = ORIENTED_EDGE ( 'NONE', *, *, #9665, .T. ) ;
#2492 = LINE ( 'NONE', #4722, #7012 ) ;
#2493 = ORIENTED_EDGE ( 'NONE', *, *, #5505, .T. ) ;
#2494 = AXIS2_PLACEMENT_3D ( 'NONE', #6832, #9943, #9158 ) ;
#2495 = ORIENTED_EDGE ( 'NONE', *, *, #3144, .F. ) ;
#2496 = ORIENTED_EDGE ( 'NONE', *, *, #7162, .T. ) ;
#2497 = DIRECTION ( 'NONE',  ( 0.9709069422338771904, -0.2394571141604750208, 0.000000000000000000 ) ) ;
#2498 = VERTEX_POINT ( 'NONE', #2572 ) ;
#2499 = CARTESIAN_POINT ( 'NONE',  ( 15.01993645344910000, 21.98450825159810051, 26.92792522093419905 ) ) ;
#2500 = VECTOR ( 'NONE', #9730, 1000.000000000000114 ) ;
#2501 = CARTESIAN_POINT ( 'NONE',  ( 11.17500000000000782, 10.61465424609438024, 9.834817107942123826 ) ) ;
#2502 = VERTEX_POINT ( 'NONE', #2622 ) ;
#2503 = CARTESIAN_POINT ( 'NONE',  ( 24.47588418930790155, 37.30229873345540170, 10.00000000000000000 ) ) ;
#2504 = CARTESIAN_POINT ( 'NONE',  ( 13.75141111856290088, 41.81229586705480017, 14.12500000000000000 ) ) ;
#2505 = DIRECTION ( 'NONE',  ( 5.947623346206195330E-16, 0.000000000000000000, -1.000000000000000000 ) ) ;
#2506 = EDGE_LOOP ( 'NONE', ( #9331, #6618, #10228, #5935 ) ) ;
#2507 = DIRECTION ( 'NONE',  ( 0.000000000000000000, 0.000000000000000000, 1.000000000000000000 ) ) ;
#2508 = VECTOR ( 'NONE', #7071, 1000.000000000000114 ) ;
#2509 = CARTESIAN_POINT ( 'NONE',  ( -4.475884189307890004, 37.30229873345540170, 10.00000000000000000 ) ) ;
#2510 = DIRECTION ( 'NONE',  ( 0.000000000000000000, 0.000000000000000000, 1.000000000000000000 ) ) ;
#2511 = DIRECTION ( 'NONE',  ( 0.000000000000000000, -1.000000000000000000, 0.000000000000000000 ) ) ;
#2512 = CARTESIAN_POINT ( 'NONE',  ( 13.65927759264089936, 6.321080919534009190, 11.60866792719929919 ) ) ;
#2513 = ADVANCED_FACE ( 'NONE', ( #1057 ), #5751, .T. ) ;
#2514 = VECTOR ( 'NONE', #6245, 1000.000000000000114 ) ;
#2515 = DIRECTION ( 'NONE',  ( 0.7071067811865500152, -5.046468293750710615E-15, 0.7071067811865450192 ) ) ;
#2516 = CARTESIAN_POINT ( 'NONE',  ( 17.36651477998329796, 43.18661677444809754, 14.17500000000000071 ) ) ;
#2517 = ORIENTED_EDGE ( 'NONE', *, *, #6002, .T. ) ;
#2518 = EDGE_CURVE ( 'NONE', #3737, #5411, #7351, .T. ) ;
#2519 = CARTESIAN_POINT ( 'NONE',  ( 21.30121579892779948, 23.63407865753270087, 22.62654206635259868 ) ) ;
#2520 = DIRECTION ( 'NONE',  ( -0.9709069422338771904, -0.2394571141604751874, 0.000000000000000000 ) ) ;
#2521 = DIRECTION ( 'NONE',  ( 0.000000000000000000, 0.000000000000000000, -1.000000000000000000 ) ) ;
#2522 = FACE_OUTER_BOUND ( 'NONE', #976, .T. ) ;
#2523 = ORIENTED_EDGE ( 'NONE', *, *, #2947, .T. ) ;
#2524 = ADVANCED_FACE ( 'NONE', ( #215 ), #4080, .T. ) ;
#2525 = VERTEX_POINT ( 'NONE', #3403 ) ;
#2526 = CARTESIAN_POINT ( 'NONE',  ( 15.02062763867369988, 20.66205238419150092, 22.26813316134300180 ) ) ;
#2527 = CARTESIAN_POINT ( 'NONE',  ( 18.25547167035379914, 23.61062371445099828, 14.36638437382729983 ) ) ;
#2528 = ADVANCED_FACE ( 'NONE', ( #8967 ), #5632, .T. ) ;
#2529 = LINE ( 'NONE', #5699, #702 ) ;
#2530 = EDGE_CURVE ( 'NONE', #9855, #3477, #5021, .T. ) ;
#2531 = CARTESIAN_POINT ( 'NONE',  ( 10.00054036855527961, 18.25014463516239260, 8.824444736433438408 ) ) ;
#2532 = VERTEX_POINT ( 'NONE', #3455 ) ;
#2533 = LINE ( 'NONE', #3469, #405 ) ;
#2534 = CARTESIAN_POINT ( 'NONE',  ( 31.47569851645775429, 5.200000907173464526, 14.79999999999932569 ) ) ;
#2535 = ORIENTED_EDGE ( 'NONE', *, *, #5258, .T. ) ;
#2536 = PLANE ( 'NONE',  #1028 ) ;
#2537 = DIRECTION ( 'NONE',  ( -0.9709069422338768574, -0.2394571141604759368, 0.000000000000000000 ) ) ;
#2538 = EDGE_CURVE ( 'NONE', #2212, #2382, #6946, .T. ) ;
#2539 = ORIENTED_EDGE ( 'NONE', *, *, #3156, .F. ) ;
#2540 = AXIS2_PLACEMENT_3D ( 'NONE', #1096, #7396, #8175 ) ;
#2541 = FACE_OUTER_BOUND ( 'NONE', #7632, .T. ) ;
#2542 = CARTESIAN_POINT ( 'NONE',  ( 15.28625802125600153, 41.43375288419030511, 10.00000000000000000 ) ) ;
#2543 = CARTESIAN_POINT ( 'NONE',  ( 13.51494979934670049, 34.25177603828559114, 10.00000000000000000 ) ) ;
#2544 = CIRCLE ( 'NONE', #2708, 2.999999932944768855 ) ;
#2545 = CONICAL_SURFACE ( 'NONE', #9681, 4.375000000000001776, 0.7853981633974518317 ) ;
#2546 = ORIENTED_EDGE ( 'NONE', *, *, #6672, .T. ) ;
#2547 = DIRECTION ( 'NONE',  ( -1.863867409562341178E-16, 0.000000000000000000, 1.000000000000000000 ) ) ;
#2548 = ORIENTED_EDGE ( 'NONE', *, *, #5763, .T. ) ;
#2549 = VERTEX_POINT ( 'NONE', #2677 ) ;
#2550 = ORIENTED_EDGE ( 'NONE', *, *, #4921, .T. ) ;
#2551 = CARTESIAN_POINT ( 'NONE',  ( 20.20599999999999952, -0.2000000000000050071, 15.97350269189619709 ) ) ;
#2552 = ORIENTED_EDGE ( 'NONE', *, *, #8718, .F. ) ;
#2553 = CIRCLE ( 'NONE', #1534, 4.374999999999999112 ) ;
#2554 = CARTESIAN_POINT ( 'NONE',  ( 15.80165585348659896, 20.66205238419150092, 21.48710494653009917 ) ) ;
#2555 = VECTOR ( 'NONE', #1018, 1000.000000000000000 ) ;
#2556 = CARTESIAN_POINT ( 'NONE',  ( -9.229937166603990661, 36.71480382127749920, 12.53567719381550027 ) ) ;
#2557 = DIRECTION ( 'NONE',  ( 0.9999999999993481881, 5.708179069916610168E-07, -9.886856143605620924E-07 ) ) ;
#2558 = ORIENTED_EDGE ( 'NONE', *, *, #5266, .T. ) ;
#2559 = VERTEX_POINT ( 'NONE', #9011 ) ;
#2560 = CARTESIAN_POINT ( 'NONE',  ( -7.358541220828723972, 3.800000845758516377, 18.91715729557478909 ) ) ;
#2561 = AXIS2_PLACEMENT_3D ( 'NONE', #3922, #2304, #2 ) ;
#2562 = DIRECTION ( 'NONE',  ( 0.6416822328233690031, 0.7669706070501109973, 2.320139545339104829E-16 ) ) ;
#2563 = ORIENTED_EDGE ( 'NONE', *, *, #8069, .F. ) ;
#2564 = DIRECTION ( 'NONE',  ( 0.000000000000000000, -1.000000000000000000, 0.000000000000000000 ) ) ;
#2565 = DIRECTION ( 'NONE',  ( 1.387778780781445676E-15, 1.586032892321652285E-15, -1.000000000000000000 ) ) ;
#2566 = DIRECTION ( 'NONE',  ( -8.562890349502529846E-16, -1.000000000000000000, -6.123233995736759873E-17 ) ) ;
#2567 = DIRECTION ( 'NONE',  ( 0.2394571141604759923, 0.9709069422338770794, 0.000000000000000000 ) ) ;
#2568 = CARTESIAN_POINT ( 'NONE',  ( -19.35854111226639418, 29.25100135070063345, 13.91715725238439383 ) ) ;
#2569 = VECTOR ( 'NONE', #3854, 1000.000000000000000 ) ;
#2570 = VECTOR ( 'NONE', #8712, 1000.000000000000114 ) ;
#2571 = LINE ( 'NONE', #2458, #9880 ) ;
#2572 = CARTESIAN_POINT ( 'NONE',  ( -4.475884189307930860, 37.30229873345536618, 5.875000000000000000 ) ) ;
#2573 = ORIENTED_EDGE ( 'NONE', *, *, #4251, .F. ) ;
#2574 = ADVANCED_FACE ( 'NONE', ( #1888 ), #1103, .F. ) ;
#2575 = DIRECTION ( 'NONE',  ( 5.589694649448180229E-15, -1.000000000000000000, -6.651958409392690315E-15 ) ) ;
#2576 = AXIS2_PLACEMENT_3D ( 'NONE', #7586, #6048, #9890 ) ;
#2577 = CARTESIAN_POINT ( 'NONE',  ( 15.47782371258439937, 42.21047843797740029, 10.00000000000000000 ) ) ;
#2578 = LINE ( 'NONE', #6535, #4559 ) ;
#2579 = VERTEX_POINT ( 'NONE', #3289 ) ;
#2580 = CIRCLE ( 'NONE', #5389, 2.099999999999999201 ) ;
#2581 = ORIENTED_EDGE ( 'NONE', *, *, #8555, .T. ) ;
#2582 = CARTESIAN_POINT ( 'NONE',  ( 8.584007902118608868, 6.576450918831295844, 10.00138461489127728 ) ) ;
#2583 = DIRECTION ( 'NONE',  ( -0.8416279803464539189, 0.000000000000000000, -0.5400577216353349419 ) ) ;
#2584 = DIRECTION ( 'NONE',  ( 0.2394571141604754927, 0.9709069422338770794, -4.436814144323860170E-16 ) ) ;
#2585 = TOROIDAL_SURFACE ( 'NONE', #1220, 24.00000000000069988, 1.175000000000000044 ) ;
#2586 = ORIENTED_EDGE ( 'NONE', *, *, #6208, .T. ) ;
#2587 = DIRECTION ( 'NONE',  ( 5.589694649448180229E-15, -1.000000000000000000, -6.651958409392690315E-15 ) ) ;
#2588 = CARTESIAN_POINT ( 'NONE',  ( 13.36823081975341587, 17.40000000000000568, 24.86900016370920241 ) ) ;
#2589 = EDGE_CURVE ( 'NONE', #4418, #5987, #9634, .T. ) ;
#2590 = DIRECTION ( 'NONE',  ( 1.189018079076661722E-16, -2.932503883896880517E-17, -1.000000000000000000 ) ) ;
#2591 = DIRECTION ( 'NONE',  ( -0.7071067811865475727, -0.7071067811865475727, 0.000000000000000000 ) ) ;
#2592 = EDGE_LOOP ( 'NONE', ( #4788, #9746, #4359, #10216, #1404, #4566, #8339, #2604, #1830, #6153, #8637, #5780, #3592, #5249, #9533, #4460, #5108 ) ) ;
#2593 = FACE_OUTER_BOUND ( 'NONE', #7216, .T. ) ;
#2594 = VERTEX_POINT ( 'NONE', #3650 ) ;
#2595 = DIRECTION ( 'NONE',  ( -0.7071067811865474617, 0.7071067811865474617, 0.000000000000000000 ) ) ;
#2596 = LINE ( 'NONE', #6504, #6292 ) ;
#2597 = EDGE_CURVE ( 'NONE', #821, #10261, #6877, .T. ) ;
#2598 = EDGE_CURVE ( 'NONE', #4268, #6712, #3510, .T. ) ;
#2599 = ORIENTED_EDGE ( 'NONE', *, *, #925, .T. ) ;
#2600 = FACE_OUTER_BOUND ( 'NONE', #8409, .T. ) ;
#2601 = EDGE_LOOP ( 'NONE', ( #4593, #1141, #4415, #7200, #4021, #9305, #8003, #5695, #3651, #8999, #8314, #5886, #8177, #3153, #6836, #6027, #6720, #7476, #9805, #4092 ) ) ;
#2602 = EDGE_CURVE ( 'NONE', #1013, #3152, #3556, .T. ) ;
#2603 = VERTEX_POINT ( 'NONE', #5309 ) ;
#2604 = ORIENTED_EDGE ( 'NONE', *, *, #7593, .F. ) ;
#2605 = FACE_OUTER_BOUND ( 'NONE', #9311, .T. ) ;
#2606 = ORIENTED_EDGE ( 'NONE', *, *, #1086, .T. ) ;
#2607 = CARTESIAN_POINT ( 'NONE',  ( 10.93130149180111843, 20.18004578932267279, 10.92508490566044621 ) ) ;
#2608 = DIRECTION ( 'NONE',  ( 0.6416822328233690031, 0.7669706070501109973, 2.609890673131680046E-16 ) ) ;
#2609 = EDGE_CURVE ( 'NONE', #8110, #2274, #5263, .T. ) ;
#2610 = ORIENTED_EDGE ( 'NONE', *, *, #7082, .T. ) ;
#2611 = EDGE_LOOP ( 'NONE', ( #7341, #54, #2256, #7164 ) ) ;
#2612 = FACE_OUTER_BOUND ( 'NONE', #10135, .T. ) ;
#2613 = LINE ( 'NONE', #5791, #5455 ) ;
#2614 = ADVANCED_FACE ( 'NONE', ( #10040 ), #8422, .T. ) ;
#2615 = ORIENTED_EDGE ( 'NONE', *, *, #4612, .T. ) ;
#2616 = CARTESIAN_POINT ( 'NONE',  ( 7.859481533767283423, 23.77205036691032092, 9.958536071536853385 ) ) ;
#2617 = PLANE ( 'NONE',  #1649 ) ;
#2618 = PLANE ( 'NONE',  #2065 ) ;
#2619 = DIRECTION ( 'NONE',  ( -0.9709069422338771904, -0.2394571141604752429, 0.000000000000000000 ) ) ;
#2620 = DIRECTION ( 'NONE',  ( 0.000000000000000000, -1.000000000000000000, 0.000000000000000000 ) ) ;
#2621 = LINE ( 'NONE', #8131, #3412 ) ;
#2622 = CARTESIAN_POINT ( 'NONE',  ( 5.495048781010304140, 3.800000414969992413, 34.80000000098205959 ) ) ;
#2623 = ORIENTED_EDGE ( 'NONE', *, *, #3736, .F. ) ;
#2624 = LINE ( 'NONE', #217, #5203 ) ;
#2625 = CIRCLE ( 'NONE', #3458, 1.175000000000000711 ) ;
#2626 = LINE ( 'NONE', #5026, #1609 ) ;
#2627 = DIRECTION ( 'NONE',  ( -1.000000000000000000, 0.000000000000000000, 0.000000000000000000 ) ) ;
#2628 = DIRECTION ( 'NONE',  ( -0.9852709077549542949, 0.000000000000000000, -0.1710006968749785417 ) ) ;
#2629 = ORIENTED_EDGE ( 'NONE', *, *, #9084, .F. ) ;
#2630 = VERTEX_POINT ( 'NONE', #5170 ) ;
#2631 = CARTESIAN_POINT ( 'NONE',  ( 27.10360859827260072, 36.14689061501750444, 13.06850476785990089 ) ) ;
#2632 = LINE ( 'NONE', #5086, #1565 ) ;
#2633 = CIRCLE ( 'NONE', #4297, 4.125000000000001776 ) ;
#2634 = DIRECTION ( 'NONE',  ( -0.2394571141604759923, 0.9709069422338770794, 0.000000000000000000 ) ) ;
#2635 = ORIENTED_EDGE ( 'NONE', *, *, #2074, .F. ) ;
#2636 = LINE ( 'NONE', #4924, #60 ) ;
#2637 = CARTESIAN_POINT ( 'NONE',  ( 21.97975617404311777, 31.04615415940587653, 10.00000000000000000 ) ) ;
#2638 = CARTESIAN_POINT ( 'NONE',  ( 9.408121700535321708, 7.300223938813970470, 8.931251895965429455 ) ) ;
#2639 = VECTOR ( 'NONE', #9745, 1000.000000000000000 ) ;
#2640 = VECTOR ( 'NONE', #484, 1000.000000000000000 ) ;
#2641 = DIRECTION ( 'NONE',  ( -0.6416822328233690031, 0.7669706070501109973, -4.640279090678210644E-16 ) ) ;
#2642 = DIRECTION ( 'NONE',  ( 0.000000000000000000, -0.000000000000000000, 1.000000000000000000 ) ) ;
#2643 = LINE ( 'NONE', #7428, #2222 ) ;
#2644 = FACE_OUTER_BOUND ( 'NONE', #1209, .T. ) ;
#2645 = EDGE_CURVE ( 'NONE', #3201, #5646, #9939, .T. ) ;
#2646 = CARTESIAN_POINT ( 'NONE',  ( 7.900000000000042100, 2.000000000000000000, 10.00000000000000000 ) ) ;
#2647 = VECTOR ( 'NONE', #992, 1000.000000000000000 ) ;
#2648 = ORIENTED_EDGE ( 'NONE', *, *, #3271, .F. ) ;
#2649 = CARTESIAN_POINT ( 'NONE',  ( 12.16168829138660001, -4.700000000000000178, 13.60315538533689939 ) ) ;
#2650 = ORIENTED_EDGE ( 'NONE', *, *, #658, .T. ) ;
#2651 = EDGE_CURVE ( 'NONE', #3557, #4413, #2031, .T. ) ;
#2652 = VERTEX_POINT ( 'NONE', #2920 ) ;
#2653 = EDGE_LOOP ( 'NONE', ( #7786, #9488, #1873, #9827 ) ) ;
#2654 = CARTESIAN_POINT ( 'NONE',  ( -5.976356515893386678, 20.00258603600356011, 20.00000000000000355 ) ) ;
#2655 = ORIENTED_EDGE ( 'NONE', *, *, #10214, .T. ) ;
#2656 = ADVANCED_FACE ( 'NONE', ( #8280 ), #1203, .F. ) ;
#2657 = DIRECTION ( 'NONE',  ( 0.7071067811865480168, 3.976541677442655056E-16, -0.7071067811865470176 ) ) ;
#2658 = ADVANCED_FACE ( 'NONE', ( #6735 ), #1153, .F. ) ;
#2659 = EDGE_CURVE ( 'NONE', #3935, #1371, #4630, .T. ) ;
#2660 = FACE_OUTER_BOUND ( 'NONE', #5715, .T. ) ;
#2661 = AXIS2_PLACEMENT_3D ( 'NONE', #6584, #6524, #3280 ) ;
#2662 = AXIS2_PLACEMENT_3D ( 'NONE', #2102, #2790, #8393 ) ;
#2663 = ORIENTED_EDGE ( 'NONE', *, *, #4668, .T. ) ;
#2664 = ORIENTED_EDGE ( 'NONE', *, *, #9139, .T. ) ;
#2665 = CARTESIAN_POINT ( 'NONE',  ( 12.34034310934619860, 43.55076347908740075, 1.250000000000000000 ) ) ;
#2666 = LINE ( 'NONE', #8731, #8442 ) ;
#2667 = ORIENTED_EDGE ( 'NONE', *, *, #4381, .T. ) ;
#2668 = CARTESIAN_POINT ( 'NONE',  ( 8.024881569394608505, 23.35306085139815124, 9.628455748226423694 ) ) ;
#2669 = PLANE ( 'NONE',  #6656 ) ;
#2670 = DIRECTION ( 'NONE',  ( 0.6416822328233695583, 0.7669706070501104422, 1.583490152225949196E-17 ) ) ;
#2671 = EDGE_CURVE ( 'NONE', #966, #3814, #9604, .T. ) ;
#2672 = CARTESIAN_POINT ( 'NONE',  ( 11.01797868978206019, 10.77342930702926971, 10.59432337466298435 ) ) ;
#2673 = AXIS2_PLACEMENT_3D ( 'NONE', #5303, #706, #10077 ) ;
#2674 = LINE ( 'NONE', #2512, #9468 ) ;
#2675 = EDGE_CURVE ( 'NONE', #3091, #3716, #6686, .T. ) ;
#2676 = CARTESIAN_POINT ( 'NONE',  ( -6.144257994648650190, 39.29642231178560507, 10.00000000000000000 ) ) ;
#2677 = CARTESIAN_POINT ( 'NONE',  ( 25.76182293166739967, 36.22642433111679594, 14.37500000000000000 ) ) ;
#2678 = VECTOR ( 'NONE', #1852, 1000.000000000000000 ) ;
#2679 = ORIENTED_EDGE ( 'NONE', *, *, #1566, .F. ) ;
#2680 = LINE ( 'NONE', #5857, #5153 ) ;
#2681 = CARTESIAN_POINT ( 'NONE',  ( 10.68880135885525107, 4.411699290273724650, 12.10725883910178879 ) ) ;
#2682 = FACE_OUTER_BOUND ( 'NONE', #7408, .T. ) ;
#2683 = PLANE ( 'NONE',  #4977 ) ;
#2684 = ORIENTED_EDGE ( 'NONE', *, *, #5125, .T. ) ;
#2685 = EDGE_LOOP ( 'NONE', ( #2955, #8415, #5712, #5128 ) ) ;
#2686 = DIRECTION ( 'NONE',  ( -6.120826529420450260E-15, 1.000000000000000000, 0.000000000000000000 ) ) ;
#2687 = FACE_OUTER_BOUND ( 'NONE', #10282, .T. ) ;
#2688 = AXIS2_PLACEMENT_3D ( 'NONE', #3745, #10132, #657 ) ;
#2689 = VERTEX_POINT ( 'NONE', #7552 ) ;
#2690 = LINE ( 'NONE', #1689, #2908 ) ;
#2691 = CARTESIAN_POINT ( 'NONE',  ( 13.68071784014870040, 17.39999999999999858, 25.58870660763379590 ) ) ;
#2692 = ORIENTED_EDGE ( 'NONE', *, *, #7376, .F. ) ;
#2693 = DIRECTION ( 'NONE',  ( 0.000000000000000000, -0.9776325903347651280, 0.2103200378360020328 ) ) ;
#2694 = DIRECTION ( 'NONE',  ( 0.000000000000000000, -2.558264100334658768E-12, 1.000000000000000000 ) ) ;
#2695 = ORIENTED_EDGE ( 'NONE', *, *, #4112, .F. ) ;
#2696 = DIRECTION ( 'NONE',  ( 1.000000000000000000, 0.000000000000000000, 0.000000000000000000 ) ) ;
#2697 = DIRECTION ( 'NONE',  ( -0.6416822328233690031, 0.7669706070501109973, 0.000000000000000000 ) ) ;
#2698 = CARTESIAN_POINT ( 'NONE',  ( 10.00000000000000000, -2.600000000000000089, 14.37500000000000000 ) ) ;
#2699 = ORIENTED_EDGE ( 'NONE', *, *, #793, .T. ) ;
#2700 = FACE_OUTER_BOUND ( 'NONE', #10164, .T. ) ;
#2701 = ORIENTED_EDGE ( 'NONE', *, *, #474, .T. ) ;
#2702 = EDGE_CURVE ( 'NONE', #7219, #8593, #416, .T. ) ;
#2703 = CARTESIAN_POINT ( 'NONE',  ( 11.78758995393369524, 22.86469336587434142, 10.52952262467090527 ) ) ;
#2704 = VERTEX_POINT ( 'NONE', #4338 ) ;
#2705 = EDGE_LOOP ( 'NONE', ( #5281, #10139 ) ) ;
#2706 = CARTESIAN_POINT ( 'NONE',  ( -6.144257994648659960, 39.29642231178560507, 10.00000000000000000 ) ) ;
#2707 = ORIENTED_EDGE ( 'NONE', *, *, #6208, .F. ) ;
#2708 = AXIS2_PLACEMENT_3D ( 'NONE', #4594, #7760, #7078 ) ;
#2709 = VECTOR ( 'NONE', #7186, 1000.000000000000000 ) ;
#2710 = ORIENTED_EDGE ( 'NONE', *, *, #588, .T. ) ;
#2711 = ORIENTED_EDGE ( 'NONE', *, *, #2197, .T. ) ;
#2712 = DIRECTION ( 'NONE',  ( 0.9709069422338770794, -0.2394571141604749931, 0.000000000000000000 ) ) ;
#2713 = CARTESIAN_POINT ( 'NONE',  ( 11.36410172978159849, 4.487587692026632880, 9.313492064339980558 ) ) ;
#2714 = EDGE_CURVE ( 'NONE', #10225, #1152, #2867, .T. ) ;
#2715 = ORIENTED_EDGE ( 'NONE', *, *, #7291, .F. ) ;
#2716 = CONICAL_SURFACE ( 'NONE', #5530, 1.875000000000000666, 0.7853981633974469467 ) ;
#2717 = CARTESIAN_POINT ( 'NONE',  ( 8.315895239344820666, 22.58792129481160060, 9.408762512076009443 ) ) ;
#2719 = ADVANCED_FACE ( 'NONE', ( #9251 ), #2090, .F. ) ;
#2718 = CARTESIAN_POINT ( 'NONE',  ( 20.20599999999999952, -4.930084118726089707E-15, 15.97350269189619709 ) ) ;
#2720 = CONICAL_SURFACE ( 'NONE', #8513, 4.375000000000000888, 0.7853981633974532750 ) ;
#2721 = CARTESIAN_POINT ( 'NONE',  ( 10.00000000000000000, 17.08409838298220151, 10.00000000000000000 ) ) ;
#2722 = CARTESIAN_POINT ( 'NONE',  ( 10.00000000000000000, -3.000000000000000000, 5.875000000000000000 ) ) ;
#2723 = LINE ( 'NONE', #5945, #3669 ) ;
#2724 = AXIS2_PLACEMENT_3D ( 'NONE', #2542, #1700, #4875 ) ;
#2725 = LINE ( 'NONE', #1151, #10167 ) ;
#2726 = AXIS2_PLACEMENT_3D ( 'NONE', #5008, #86, #5565 ) ;
#2727 = EDGE_CURVE ( 'NONE', #2171, #1036, #4429, .T. ) ;
#2728 = CARTESIAN_POINT ( 'NONE',  ( 24.98922997556660164, 37.91587521909539760, 10.00000000000000000 ) ) ;
#2729 = EDGE_CURVE ( 'NONE', #3995, #1767, #10137, .T. ) ;
#2730 = ORIENTED_EDGE ( 'NONE', *, *, #4260, .F. ) ;
#2731 = FACE_OUTER_BOUND ( 'NONE', #9676, .T. ) ;
#2732 = LINE ( 'NONE', #9016, #10088 ) ;
#2733 = FACE_OUTER_BOUND ( 'NONE', #8146, .T. ) ;
#2735 = EDGE_CURVE ( 'NONE', #8399, #5387, #7116, .T. ) ;
#2734 = CARTESIAN_POINT ( 'NONE',  ( 13.65927759264089936, 10.28693283518969892, 11.60866792719929919 ) ) ;
#2736 = AXIS2_PLACEMENT_3D ( 'NONE', #5282, #738, #3920 ) ;
#2737 = VERTEX_POINT ( 'NONE', #9357 ) ;
#2738 = ORIENTED_EDGE ( 'NONE', *, *, #7683, .T. ) ;
#2739 = DIRECTION ( 'NONE',  ( 0.000000000000000000, -1.000000000000000000, 0.000000000000000000 ) ) ;
#2740 = VECTOR ( 'NONE', #3150, 1000.000000000000000 ) ;
#2741 = CARTESIAN_POINT ( 'NONE',  ( 11.56658433640770234, -3.399999999999999911, 14.13780600281379840 ) ) ;
#2742 = VERTEX_POINT ( 'NONE', #6200 ) ;
#2743 = CARTESIAN_POINT ( 'NONE',  ( 19.15544081103699980, 26.47004129909189984, 21.75748952977410156 ) ) ;
#2744 = AXIS2_PLACEMENT_3D ( 'NONE', #9409, #2287, #7069 ) ;
#2745 = PLANE ( 'NONE',  #2662 ) ;
#2746 = DIRECTION ( 'NONE',  ( -0.9709069422338771904, 0.2394571141604752984, 0.000000000000000000 ) ) ;
#2747 = FACE_OUTER_BOUND ( 'NONE', #6411, .T. ) ;
#2749 = EDGE_CURVE ( 'NONE', #4998, #8857, #4734, .T. ) ;
#2748 = CARTESIAN_POINT ( 'NONE',  ( 17.88424061023306777, 20.66205238419151513, 21.77332790675857410 ) ) ;
#2750 = CARTESIAN_POINT ( 'NONE',  ( 14.65576545647155626, 33.97041392914702129, 10.00000000000000000 ) ) ;
#2751 = CARTESIAN_POINT ( 'NONE',  ( 9.600000149011600925, 10.40000000000000036, 20.00000000000000000 ) ) ;
#2752 = VECTOR ( 'NONE', #9258, 1000.000000000000000 ) ;
#2753 = PLANE ( 'NONE',  #9026 ) ;
#2754 = VECTOR ( 'NONE', #1072, 1000.000000000000000 ) ;
#2755 = EDGE_LOOP ( 'NONE', ( #7561, #4198, #3541, #4157 ) ) ;
#2756 = LINE ( 'NONE', #4309, #1298 ) ;
#2757 = ORIENTED_EDGE ( 'NONE', *, *, #1699, .T. ) ;
#2758 = DIRECTION ( 'NONE',  ( -0.7071067811865500152, 1.237815013031120106E-14, -0.7071067811865450192 ) ) ;
#2760 = VERTEX_POINT ( 'NONE', #8574 ) ;
#2759 = CIRCLE ( 'NONE', #3722, 4.125000000000001776 ) ;
#2761 = ORIENTED_EDGE ( 'NONE', *, *, #6612, .T. ) ;
#2762 = DIRECTION ( 'NONE',  ( 0.6488699952224912249, -0.1600323674314305389, 0.7438799437236199852 ) ) ;
#2763 = VERTEX_POINT ( 'NONE', #766 ) ;
#2764 = ORIENTED_EDGE ( 'NONE', *, *, #2916, .T. ) ;
#2765 = ADVANCED_FACE ( 'NONE', ( #1447 ), #3112, .F. ) ;
#2766 = ORIENTED_EDGE ( 'NONE', *, *, #5681, .T. ) ;
#2767 = ORIENTED_EDGE ( 'NONE', *, *, #5824, .F. ) ;
#2768 = CARTESIAN_POINT ( 'NONE',  ( 10.00000000000000000, 45.41542396132060588, 17.50000000000000000 ) ) ;
#2769 = CARTESIAN_POINT ( 'NONE',  ( 10.87360493424376173, 5.121394308108075499, 8.822995268802154456 ) ) ;
#2770 = VERTEX_POINT ( 'NONE', #10236 ) ;
#2771 = CARTESIAN_POINT ( 'NONE',  ( 7.821998569203628904, 9.309903516621341524, 20.00000000000000000 ) ) ;
#2772 = DIRECTION ( 'NONE',  ( -0.7071067811865475727, -2.050793297954773359E-08, 0.7071067811865472397 ) ) ;
#2773 = DIRECTION ( 'NONE',  ( 0.5125766358075056761, 0.4288447525037449304, 0.7438799437236236489 ) ) ;
#2774 = ADVANCED_FACE ( 'NONE', ( #6355, #2188 ), #6248, .T. ) ;
#2775 = CARTESIAN_POINT ( 'NONE',  ( 22.80998067896980075, 6.019182658296999833, 20.87910852490549729 ) ) ;
#2776 = DIRECTION ( 'NONE',  ( 0.6416822328233680039, 0.7669706070501118855, -1.210989775961071926E-16 ) ) ;
#2777 = ORIENTED_EDGE ( 'NONE', *, *, #10213, .F. ) ;
#2778 = CARTESIAN_POINT ( 'NONE',  ( 21.93087310773850263, 12.50000000000000000, 21.95821609613679826 ) ) ;
#2779 = CARTESIAN_POINT ( 'NONE',  ( 25.08211245356309860, 36.79510080092430258, 14.12500000000000000 ) ) ;
#2780 = EDGE_CURVE ( 'NONE', #9392, #2995, #9546, .T. ) ;
#2781 = CARTESIAN_POINT ( 'NONE',  ( 15.20600000000000129, -5.200000000000000178, 7.213248654051860775 ) ) ;
#2782 = VERTEX_POINT ( 'NONE', #3949 ) ;
#2783 = EDGE_LOOP ( 'NONE', ( #133, #9354, #7684, #5439 ) ) ;
#2784 = LINE ( 'NONE', #6835, #7641 ) ;
#2785 = EDGE_CURVE ( 'NONE', #7442, #3098, #2396, .T. ) ;
#2786 = DIRECTION ( 'NONE',  ( -0.7071067811865474617, -0.7071067811865474617, 0.000000000000000000 ) ) ;
#2787 = EDGE_CURVE ( 'NONE', #7715, #4998, #5360, .T. ) ;
#2788 = DIRECTION ( 'NONE',  ( -0.7071067811865500152, 1.236448081483694162E-14, -0.7071067811865450192 ) ) ;
#2789 = EDGE_CURVE ( 'NONE', #586, #1556, #2338, .T. ) ;
#2790 = DIRECTION ( 'NONE',  ( 0.7071067811865474617, 0.000000000000000000, 0.7071067811865476838 ) ) ;
#2791 = CARTESIAN_POINT ( 'NONE',  ( 3.178895076050910262, 41.05520990132589532, 14.12500000000000000 ) ) ;
#2792 = ORIENTED_EDGE ( 'NONE', *, *, #2072, .T. ) ;
#2793 = CARTESIAN_POINT ( 'NONE',  ( -6.718406970965739688, 35.42610294125150006, 13.25447475379079876 ) ) ;
#2794 = DIRECTION ( 'NONE',  ( 0.000000000000000000, -1.000000000000000000, 0.000000000000000000 ) ) ;
#2795 = ORIENTED_EDGE ( 'NONE', *, *, #7158, .T. ) ;
#2796 = DIRECTION ( 'NONE',  ( 0.6488699952224917800, 0.1600323674314322042, 0.7438799437236189860 ) ) ;
#2797 = VECTOR ( 'NONE', #6927, 999.9999999999998863 ) ;
#2798 = EDGE_CURVE ( 'NONE', #225, #7638, #5458, .T. ) ;
#2799 = ORIENTED_EDGE ( 'NONE', *, *, #352, .T. ) ;
#2800 = CARTESIAN_POINT ( 'NONE',  ( 1.874935749645579852, 40.73361127667779868, 13.25447475379079876 ) ) ;
#2801 = EDGE_CURVE ( 'NONE', #7737, #9586, #1381, .T. ) ;
#2802 = VERTEX_POINT ( 'NONE', #8527 ) ;
#2803 = CIRCLE ( 'NONE', #3287, 2.074999999999998401 ) ;
#2804 = DIRECTION ( 'NONE',  ( -0.7071067811865500152, 1.236448081483694162E-14, -0.7071067811865450192 ) ) ;
#2805 = ORIENTED_EDGE ( 'NONE', *, *, #7149, .T. ) ;
#2806 = ORIENTED_EDGE ( 'NONE', *, *, #7781, .T. ) ;
#2807 = EDGE_LOOP ( 'NONE', ( #9095, #9526, #6503, #4561 ) ) ;
#2808 = ORIENTED_EDGE ( 'NONE', *, *, #7669, .T. ) ;
#2809 = VECTOR ( 'NONE', #1350, 1000.000000000000000 ) ;
#2810 = AXIS2_PLACEMENT_3D ( 'NONE', #4972, #5080, #8241 ) ;
#2811 = VERTEX_POINT ( 'NONE', #3800 ) ;
#2812 = DIRECTION ( 'NONE',  ( 0.6416822328233690031, -0.7669706070501109973, 6.123233995736759873E-17 ) ) ;
#2813 = DIRECTION ( 'NONE',  ( -0.6488699952224911138, -0.1600323674314319544, -0.7438799437236196521 ) ) ;
#2814 = ORIENTED_EDGE ( 'NONE', *, *, #3838, .F. ) ;
#2815 = DIRECTION ( 'NONE',  ( -1.000000000000000000, 0.000000000000000000, 0.000000000000000000 ) ) ;
#2816 = DIRECTION ( 'NONE',  ( 0.000000000000000000, -1.000000000000000000, -1.224165305884082006E-14 ) ) ;
#2817 = DIRECTION ( 'NONE',  ( 0.7669706070501109973, -0.6416822328233690031, 0.000000000000000000 ) ) ;
#2818 = CARTESIAN_POINT ( 'NONE',  ( 7.859458730858206899, 23.77208845826582362, 9.999998502702666769 ) ) ;
#2819 = AXIS2_PLACEMENT_3D ( 'NONE', #5808, #1894, #7651 ) ;
#2820 = AXIS2_PLACEMENT_3D ( 'NONE', #7457, #465, #8283 ) ;
#2821 = CARTESIAN_POINT ( 'NONE',  ( 4.139044904758839571, 43.76392954555159776, 10.00000000000000000 ) ) ;
#2822 = ORIENTED_EDGE ( 'NONE', *, *, #314, .F. ) ;
#2823 = CARTESIAN_POINT ( 'NONE',  ( 15.12065831512469671, 5.850066951314419228, 11.60866792719927432 ) ) ;
#2824 = ORIENTED_EDGE ( 'NONE', *, *, #7306, .T. ) ;
#2825 = DIRECTION ( 'NONE',  ( -0.7071067811865489050, 0.000000000000000000, 0.7071067811865460184 ) ) ;
#2826 = DIRECTION ( 'NONE',  ( -0.5125766358075100060, 0.4288447525037477615, -0.7438799437236189860 ) ) ;
#2827 = EDGE_CURVE ( 'NONE', #2782, #5904, #8673, .T. ) ;
#2828 = CARTESIAN_POINT ( 'NONE',  ( 12.24714128915749889, 4.429207964088809568, 10.19653162436669902 ) ) ;
#2829 = ORIENTED_EDGE ( 'NONE', *, *, #8184, .T. ) ;
#2830 = ORIENTED_EDGE ( 'NONE', *, *, #517, .T. ) ;
#2831 = PLANE ( 'NONE',  #8466 ) ;
#2832 = CARTESIAN_POINT ( 'NONE',  ( 12.14051777502088925, 23.77204732843077650, 9.955667800664365075 ) ) ;
#2833 = CARTESIAN_POINT ( 'NONE',  ( 9.457111671639662376, 8.251681471217791497, 8.956928901492835493 ) ) ;
#2834 = VECTOR ( 'NONE', #6954, 1000.000000000000000 ) ;
#2835 = CARTESIAN_POINT ( 'NONE',  ( 20.20599999999999952, -4.930084118726089707E-15, 15.97350269189619709 ) ) ;
#2836 = FACE_OUTER_BOUND ( 'NONE', #3540, .T. ) ;
#2837 = ORIENTED_EDGE ( 'NONE', *, *, #7423, .T. ) ;
#2838 = DIRECTION ( 'NONE',  ( -0.2394571141604759368, 0.9709069422338768574, 0.000000000000000000 ) ) ;
#2839 = EDGE_CURVE ( 'NONE', #550, #3557, #6972, .T. ) ;
#2840 = FACE_OUTER_BOUND ( 'NONE', #1685, .T. ) ;
#2841 = VECTOR ( 'NONE', #4779, 1000.000000000000000 ) ;
#2842 = LINE ( 'NONE', #9173, #5889 ) ;
#2843 = EDGE_CURVE ( 'NONE', #3162, #9986, #9458, .T. ) ;
#2844 = ORIENTED_EDGE ( 'NONE', *, *, #4921, .F. ) ;
#2845 = PLANE ( 'NONE',  #797 ) ;
#2846 = ORIENTED_EDGE ( 'NONE', *, *, #1245, .T. ) ;
#2847 = ADVANCED_FACE ( 'NONE', ( #1553 ), #2967, .F. ) ;
#2848 = EDGE_CURVE ( 'NONE', #4449, #4473, #9678, .T. ) ;
#2849 = CARTESIAN_POINT ( 'NONE',  ( 15.70277916592350032, 23.34593976405739824, 27.21076753793460057 ) ) ;
#2850 = CYLINDRICAL_SURFACE ( 'NONE', #9254, 1.175000000000000711 ) ;
#2851 = VECTOR ( 'NONE', #4927, 1000.000000000000000 ) ;
#2852 = VERTEX_POINT ( 'NONE', #6628 ) ;
#2853 = PLANE ( 'NONE',  #5229 ) ;
#2854 = DIRECTION ( 'NONE',  ( -2.631847366267809955E-15, -1.000000000000000000, -1.487350042510860161E-14 ) ) ;
#2855 = EDGE_CURVE ( 'NONE', #8382, #7456, #1045, .T. ) ;
#2856 = VERTEX_POINT ( 'NONE', #8176 ) ;
#2857 = MECHANICAL_DESIGN_GEOMETRIC_PRESENTATION_REPRESENTATION (  '', ( #3840 ), #4508 ) ;
#2858 = ORIENTED_EDGE ( 'NONE', *, *, #3354, .T. ) ;
#2859 = DIRECTION ( 'NONE',  ( 0.000000000000000000, -1.000000000000000000, 0.000000000000000000 ) ) ;
#2860 = FACE_OUTER_BOUND ( 'NONE', #8601, .T. ) ;
#2861 = ORIENTED_EDGE ( 'NONE', *, *, #7077, .F. ) ;
#2862 = CARTESIAN_POINT ( 'NONE',  ( 14.66366952443880578, 38.90939483438219781, 5.875000000000000000 ) ) ;
#2863 = VECTOR ( 'NONE', #262, 1000.000000000000227 ) ;
#2864 = DIRECTION ( 'NONE',  ( 0.2394571141604778242, 0.9709069422338764133, -3.453153041483682278E-17 ) ) ;
#2865 = FACE_OUTER_BOUND ( 'NONE', #443, .T. ) ;
#2866 = B_SPLINE_CURVE_WITH_KNOTS ( 'NONE', 3,
 ( #1834, #2616, #5793, #7446, #6631, #4230, #8959, #5014, #8178, #7399, #265, #8229, #3449, #2668, #316, #4902, #6679, #7289, #9839, #2717 ),
 .UNSPECIFIED., .F., .F.,
 ( 4, 2, 1, 1, 1, 2, 2, 1, 1, 1, 2, 2, 4 ),
 ( 0.5254219059524951607, 0.5847441677084213030, 0.6144052985863839300, 0.6292358640253659097, 0.6366511467448565664, 0.6403587881046034491, 0.6440664294643503318, 0.7033886912202866881, 0.7330498220982534230, 0.7478803875372367349, 0.7552956702567300562, 0.7627109529762233775, 1.000000000000000000 ),
 .UNSPECIFIED. ) ;
#2867 = LINE ( 'NONE', #6053, #4140 ) ;
#2868 = AXIS2_PLACEMENT_3D ( 'NONE', #5542, #3877, #2909 ) ;
#2869 = VERTEX_POINT ( 'NONE', #145 ) ;
#2870 = CARTESIAN_POINT ( 'NONE',  ( -3.799219885829320020, 41.25838705449029931, 13.40325074253560089 ) ) ;
#2871 = VECTOR ( 'NONE', #5118, 1000.000000000000114 ) ;
#2872 = CARTESIAN_POINT ( 'NONE',  ( -8.027592556015676450, 37.19920722726244833, 6.894301234953853275 ) ) ;
#2873 = DIRECTION ( 'NONE',  ( 0.2394571141604749931, -0.9709069422338770794, 0.000000000000000000 ) ) ;
#2874 = VERTEX_POINT ( 'NONE', #935 ) ;
#2875 = ORIENTED_EDGE ( 'NONE', *, *, #6724, .F. ) ;
#2876 = CARTESIAN_POINT ( 'NONE',  ( -7.022140119126849989, 12.40000000000000036, 20.00000000000000000 ) ) ;
#2877 = VECTOR ( 'NONE', #4470, 1000.000000000000000 ) ;
#2878 = CIRCLE ( 'NONE', #2726, 1.175000000000000488 ) ;
#2879 = ORIENTED_EDGE ( 'NONE', *, *, #2020, .T. ) ;
#2880 = CARTESIAN_POINT ( 'NONE',  ( 10.21283992926129791, 9.405880520437849057, 8.844434237904545526 ) ) ;
#2881 = EDGE_CURVE ( 'NONE', #8814, #1134, #202, .T. ) ;
#2882 = LINE ( 'NONE', #1947, #5828 ) ;
#2883 = CARTESIAN_POINT ( 'NONE',  ( 10.00000000000000000, -4.950000000000000178, 10.00000000000000000 ) ) ;
#2884 = EDGE_LOOP ( 'NONE', ( #7662, #7529, #954, #927 ) ) ;
#2885 = DIRECTION ( 'NONE',  ( -0.6416822328233700024, 0.7669706070501099981, -4.625278731684319029E-17 ) ) ;
#2886 = VECTOR ( 'NONE', #1900, 1000.000000000000000 ) ;
#2887 = CARTESIAN_POINT ( 'NONE',  ( 4.186936327590940365, 43.56974815710489679, 10.00000000000000000 ) ) ;
#2888 = ORIENTED_EDGE ( 'NONE', *, *, #6953, .F. ) ;
#2889 = CARTESIAN_POINT ( 'NONE',  ( 16.31092799574890151, 14.08562371445150063, 16.31092804843200028 ) ) ;
#2890 = VECTOR ( 'NONE', #9126, 1000.000000000000114 ) ;
#2891 = EDGE_LOOP ( 'NONE', ( #5390, #5834, #9238, #4438, #3941, #10205 ) ) ;
#2892 = CARTESIAN_POINT ( 'NONE',  ( 25.88758510151932768, 38.98963406896557160, 5.875000000000000000 ) ) ;
#2893 = EDGE_CURVE ( 'NONE', #2463, #4511, #8842, .T. ) ;
#2894 = CIRCLE ( 'NONE', #8697, 1.000000000000000888 ) ;
#2895 = ORIENTED_EDGE ( 'NONE', *, *, #7226, .T. ) ;
#2896 = CARTESIAN_POINT ( 'NONE',  ( 2.608024162251060041, 40.91441463493080022, 13.59675238393000107 ) ) ;
#2897 = AXIS2_PLACEMENT_3D ( 'NONE', #1100, #4959, #5115 ) ;
#2898 = DIRECTION ( 'NONE',  ( -0.8660254037844381525, 0.000000000000000000, 0.5000000000000007772 ) ) ;
#2899 = VERTEX_POINT ( 'NONE', #4897 ) ;
#2900 = CARTESIAN_POINT ( 'NONE',  ( 12.44745179215759912, 42.13389449170280443, 13.25447475379079876 ) ) ;
#2901 = VERTEX_POINT ( 'NONE', #4010 ) ;
#2902 = VECTOR ( 'NONE', #8327, 1000.000000000000000 ) ;
#2903 = VERTEX_POINT ( 'NONE', #6461 ) ;
#2904 = EDGE_CURVE ( 'NONE', #6280, #1755, #4172, .T. ) ;
#2905 = ADVANCED_FACE ( 'NONE', ( #3331 ), #6520, .T. ) ;
#2906 = ORIENTED_EDGE ( 'NONE', *, *, #9858, .F. ) ;
#2907 = EDGE_CURVE ( 'NONE', #4449, #7439, #2964, .T. ) ;
#2908 = VECTOR ( 'NONE', #5035, 1000.000000000000000 ) ;
#2909 = DIRECTION ( 'NONE',  ( -1.000000000000000000, 0.000000000000000000, 0.000000000000000000 ) ) ;
#2910 = DIRECTION ( 'NONE',  ( 0.000000000000000000, -0.5773502691896177375, -0.8164965809277316966 ) ) ;
#2911 = CARTESIAN_POINT ( 'NONE',  ( 11.17494800264730159, 3.443602466735860013, 9.999632669074420832 ) ) ;
#2912 = VERTEX_POINT ( 'NONE', #9621 ) ;
#2913 = CARTESIAN_POINT ( 'NONE',  ( -4.970467071170209472, 40.01770260018309955, 14.65669891998780017 ) ) ;
#2914 = LINE ( 'NONE', #558, #3734 ) ;
#2915 = CARTESIAN_POINT ( 'NONE',  ( 7.168097914175049823, -4.930084118726089707E-15, 20.00000000000000000 ) ) ;
#2916 = EDGE_CURVE ( 'NONE', #6566, #6280, #5741, .T. ) ;
#2917 = DIRECTION ( 'NONE',  ( -0.4537378581963293356, 0.5423301172158959682, -0.7071067811865479058 ) ) ;
#2918 = EDGE_LOOP ( 'NONE', ( #5188, #8265, #729, #3439 ) ) ;
#2919 = EDGE_CURVE ( 'NONE', #10116, #5287, #2613, .T. ) ;
#2920 = CARTESIAN_POINT ( 'NONE',  ( -18.85854109944464696, 0.5000000128217441109, 0.000000000000000000 ) ) ;
#2921 = ORIENTED_EDGE ( 'NONE', *, *, #6414, .F. ) ;
#2922 = LINE ( 'NONE', #3848, #4155 ) ;
#2923 = DIRECTION ( 'NONE',  ( -0.8760771675199356956, 0.000000000000000000, 0.4821709204734838106 ) ) ;
#2924 = CARTESIAN_POINT ( 'NONE',  ( 9.878957752783783519, 4.437735650880864746, 11.92956741822416333 ) ) ;
#2925 = LINE ( 'NONE', #9259, #8137 ) ;
#2926 = VERTEX_POINT ( 'NONE', #2504 ) ;
#2927 = EDGE_LOOP ( 'NONE', ( #5840, #10017 ) ) ;
#2928 = DIRECTION ( 'NONE',  ( 0.5705340520101069846, -0.4773345432410950329, 0.6683132718461780586 ) ) ;
#2929 = DIRECTION ( 'NONE',  ( -0.2394571141604759923, 0.9709069422338770794, -1.369216381907949927E-17 ) ) ;
#2930 = CARTESIAN_POINT ( 'NONE',  ( 10.22037411711110266, 9.415785310318339540, 8.845844982515265187 ) ) ;
#2931 = CARTESIAN_POINT ( 'NONE',  ( 6.851296211178349971, 42.37292895575309615, 13.81473737689539938 ) ) ;
#2932 = DIRECTION ( 'NONE',  ( 0.5705340520101077617, 0.4773345432410947553, -0.6683132718461777255 ) ) ;
#2933 = VERTEX_POINT ( 'NONE', #1718 ) ;
#2934 = LINE ( 'NONE', #1367, #1864 ) ;
#2935 = CARTESIAN_POINT ( 'NONE',  ( -3.869655925052709833, 37.80949666598639425, 14.12500000000000000 ) ) ;
#2936 = VERTEX_POINT ( 'NONE', #8905 ) ;
#2937 = APPLICATION_CONTEXT ( 'automotive_design' ) ;
#2938 = CARTESIAN_POINT ( 'NONE',  ( -10.10549045572330051, 34.02653001969330404, 0.000000000000000000 ) ) ;
#2939 = ORIENTED_EDGE ( 'NONE', *, *, #2675, .F. ) ;
#2940 = CARTESIAN_POINT ( 'NONE',  ( -2.361505566601919792, 39.07128333753330196, 13.06850476785990089 ) ) ;
#2941 = VERTEX_POINT ( 'NONE', #34 ) ;
#2942 = VECTOR ( 'NONE', #8476, 1000.000000000000114 ) ;
#2943 = CARTESIAN_POINT ( 'NONE',  ( -14.55854136924701336, 29.25100135070063345, 7.500000010607793755 ) ) ;
#2944 = ORIENTED_EDGE ( 'NONE', *, *, #3085, .F. ) ;
#2945 = ORIENTED_EDGE ( 'NONE', *, *, #258, .T. ) ;
#2946 = CARTESIAN_POINT ( 'NONE',  ( -1.144092808358960101, 36.69986538969509837, 13.59675238393000107 ) ) ;
#2947 = EDGE_CURVE ( 'NONE', #1397, #6132, #7283, .T. ) ;
#2948 = CARTESIAN_POINT ( 'NONE',  ( 29.35854107291500270, 3.799999722949733094, 26.22427590715502177 ) ) ;
#2949 = VERTEX_POINT ( 'NONE', #8070 ) ;
#2950 = VERTEX_POINT ( 'NONE', #2446 ) ;
#2951 = VECTOR ( 'NONE', #3279, 1000.000000000000114 ) ;
#2952 = EDGE_LOOP ( 'NONE', ( #4057, #5491, #9286, #3187, #8122 ) ) ;
#2953 = DIRECTION ( 'NONE',  ( 0.7071067811865475727, 0.000000000000000000, 0.7071067811865475727 ) ) ;
#2954 = CARTESIAN_POINT ( 'NONE',  ( 10.11530379532920065, 5.151086436309039840, 8.795237898869370241 ) ) ;
#2955 = ORIENTED_EDGE ( 'NONE', *, *, #5846, .T. ) ;
#2956 = EDGE_CURVE ( 'NONE', #7250, #1820, #5010, .T. ) ;
#2957 = AXIS2_PLACEMENT_3D ( 'NONE', #2728, #2776, #3606 ) ;
#2958 = EDGE_CURVE ( 'NONE', #2652, #9775, #5677, .T. ) ;
#2959 = DIRECTION ( 'NONE',  ( 0.7071067811865450192, 8.656155890839421148E-15, -0.7071067811865500152 ) ) ;
#2960 = CIRCLE ( 'NONE', #9105, 2.999999932944768855 ) ;
#2961 = LINE ( 'NONE', #1399, #4068 ) ;
#2962 = CARTESIAN_POINT ( 'NONE',  ( 10.46299965552817035, 20.66205238419149737, 22.08814571053865805 ) ) ;
#2963 = EDGE_CURVE ( 'NONE', #8091, #2559, #2666, .T. ) ;
#2964 = CIRCLE ( 'NONE', #6473, 4.375000000000000888 ) ;
#2965 = CARTESIAN_POINT ( 'NONE',  ( 24.47588418930790155, 37.30229873345540170, 10.00000000000000000 ) ) ;
#2966 = ORIENTED_EDGE ( 'NONE', *, *, #6129, .F. ) ;
#2967 = CYLINDRICAL_SURFACE ( 'NONE', #5976, 1.699999999999999289 ) ;
#2968 = ORIENTED_EDGE ( 'NONE', *, *, #9960, .T. ) ;
#2969 = DIRECTION ( 'NONE',  ( 0.9709069422338768574, 0.2394571141604759368, 0.000000000000000000 ) ) ;
#2970 = EDGE_CURVE ( 'NONE', #7982, #1829, #8786, .T. ) ;
#2971 = DIRECTION ( 'NONE',  ( -0.2394571141604759923, -0.9709069422338770794, -6.123233995736759873E-17 ) ) ;
#2972 = LINE ( 'NONE', #5314, #2942 ) ;
#2973 = CARTESIAN_POINT ( 'NONE',  ( 3.801483572868140204, 38.53085185151779513, 14.12500000000000000 ) ) ;
#2974 = ORIENTED_EDGE ( 'NONE', *, *, #6166, .T. ) ;
#2975 = CARTESIAN_POINT ( 'NONE',  ( -7.358541220828723972, 5.199999780968477481, 18.91715729551327740 ) ) ;
#2976 = CARTESIAN_POINT ( 'NONE',  ( 10.35039147541560034, 17.08409838298220151, 8.878460516095799449 ) ) ;
#2977 = VECTOR ( 'NONE', #9941, 1000.000000000000114 ) ;
#2978 = EDGE_CURVE ( 'NONE', #3308, #2532, #8013, .T. ) ;
#2979 = DIRECTION ( 'NONE',  ( 0.000000000000000000, 0.000000000000000000, -1.000000000000000000 ) ) ;
#2980 = CYLINDRICAL_SURFACE ( 'NONE', #4031, 1.175000000000000711 ) ;
#2981 = ORIENTED_EDGE ( 'NONE', *, *, #2137, .T. ) ;
#2982 = LINE ( 'NONE', #7973, #6849 ) ;
#2983 = DIRECTION ( 'NONE',  ( 3.719247132494260211E-15, -6.877659200328461137E-15, 1.000000000000000000 ) ) ;
#2984 = CARTESIAN_POINT ( 'NONE',  ( 10.82825277276021936, 4.150595750387674698, 11.08271529600552086 ) ) ;
#2985 = ORIENTED_EDGE ( 'NONE', *, *, #10015, .T. ) ;
#2986 = CARTESIAN_POINT ( 'NONE',  ( 6.341609905842699568, 41.83523786601629979, 14.37500000000000000 ) ) ;
#2987 = AXIS2_PLACEMENT_3D ( 'NONE', #7497, #9004, #1880 ) ;
#2988 = LINE ( 'NONE', #5481, #10013 ) ;
#2989 = EDGE_LOOP ( 'NONE', ( #7118, #9735, #631, #3868 ) ) ;
#2990 = DIRECTION ( 'NONE',  ( 0.6416822328233700024, 0.7669706070501099981, 0.000000000000000000 ) ) ;
#2991 = VERTEX_POINT ( 'NONE', #7234 ) ;
#2992 = VECTOR ( 'NONE', #10245, 1000.000000000000000 ) ;
#2993 = DIRECTION ( 'NONE',  ( -0.7071067811865450192, -8.656155890839421148E-15, 0.7071067811865500152 ) ) ;
#2994 = ORIENTED_EDGE ( 'NONE', *, *, #5357, .T. ) ;
#2995 = VERTEX_POINT ( 'NONE', #5992 ) ;
#2996 = DIRECTION ( 'NONE',  ( 0.000000000000000000, 0.000000000000000000, -1.000000000000000000 ) ) ;
#2997 = CARTESIAN_POINT ( 'NONE',  ( 22.49003430077939925, 39.48528276847929419, 13.25447475379079876 ) ) ;
#2998 = ORIENTED_EDGE ( 'NONE', *, *, #6853, .T. ) ;
#2999 = VERTEX_POINT ( 'NONE', #8271 ) ;
#3000 = AXIS2_PLACEMENT_3D ( 'NONE', #3285, #8182, #4907 ) ;
#3001 = EDGE_LOOP ( 'NONE', ( #5558, #8547, #7671, #1392 ) ) ;
#3002 = EDGE_CURVE ( 'NONE', #1829, #438, #8607, .T. ) ;
#3003 = DIRECTION ( 'NONE',  ( 0.6488699952224902257, -0.1600323674314333700, 0.7438799437236200962 ) ) ;
#3004 = CARTESIAN_POINT ( 'NONE',  ( 11.17494184595640583, 3.443871450937840528, 9.998103276757856150 ) ) ;
#3005 = ORIENTED_EDGE ( 'NONE', *, *, #9838, .F. ) ;
#3006 = DIRECTION ( 'NONE',  ( 0.6683132718461770594, 0.000000000000000000, -0.7438799437236210954 ) ) ;
#3007 = CARTESIAN_POINT ( 'NONE',  ( 8.910867730882227278, 9.715651546151661933, 10.45563423866080832 ) ) ;
#3008 = DIRECTION ( 'NONE',  ( 0.6416822328233690031, -0.7669706070501109973, 0.000000000000000000 ) ) ;
#3009 = CARTESIAN_POINT ( 'NONE',  ( 20.10608090079839982, 4.910623714452030164, 22.01526921000139936 ) ) ;
#3010 = ADVANCED_FACE ( 'NONE', ( #3595 ), #313, .F. ) ;
#3011 = ORIENTED_EDGE ( 'NONE', *, *, #7740, .F. ) ;
#3012 = DIRECTION ( 'NONE',  ( -0.7071067811865450192, -8.656155890839411682E-15, 0.7071067811865500152 ) ) ;
#3013 = CYLINDRICAL_SURFACE ( 'NONE', #5637, 3.250000000000000444 ) ;
#3014 = EDGE_CURVE ( 'NONE', #8387, #4652, #9145, .T. ) ;
#3015 = LINE ( 'NONE', #6202, #449 ) ;
#3016 = LINE ( 'NONE', #9360, #4773 ) ;
#3017 = VECTOR ( 'NONE', #7566, 1000.000000000000000 ) ;
#3018 = CARTESIAN_POINT ( 'NONE',  ( 23.66671998276110145, 41.36924245477310080, 17.50000000000000000 ) ) ;
#3019 = CARTESIAN_POINT ( 'NONE',  ( 13.54403406699667656, 3.800000181582438685, 21.77506782910802841 ) ) ;
#3020 = CARTESIAN_POINT ( 'NONE',  ( -3.263427660797530105, 38.31669459851750048, 14.12500000000000000 ) ) ;
#3021 = CARTESIAN_POINT ( 'NONE',  ( 11.87026846830446303, 23.08267100964017260, 9.526312468229193087 ) ) ;
#3022 = ADVANCED_FACE ( 'NONE', ( #6042 ), #6818, .T. ) ;
#3023 = ADVANCED_FACE ( 'NONE', ( #2860 ), #3641, .F. ) ;
#3024 = AXIS2_PLACEMENT_3D ( 'NONE', #3665, #2885, #2105 ) ;
#3025 = CARTESIAN_POINT ( 'NONE',  ( 11.14405291195215852, 3.413168878310432586, 10.30700439301430293 ) ) ;
#3026 = CARTESIAN_POINT ( 'NONE',  ( 15.90884651807330030, 43.95811093399839820, 10.00000000000000000 ) ) ;
#3027 = ORIENTED_EDGE ( 'NONE', *, *, #10009, .F. ) ;
#3028 = CARTESIAN_POINT ( 'NONE',  ( 27.51859291598619706, 12.94302021704099914, 20.44752510412009983 ) ) ;
#3029 = EDGE_CURVE ( 'NONE', #4003, #8470, #6707, .T. ) ;
#3030 = LINE ( 'NONE', #7189, #1444 ) ;
#3031 = CARTESIAN_POINT ( 'NONE',  ( 8.542443705048238911, 6.585352389698810427, 9.966798174990330494 ) ) ;
#3032 = ORIENTED_EDGE ( 'NONE', *, *, #3470, .T. ) ;
#3033 = AXIS2_PLACEMENT_3D ( 'NONE', #9241, #2953, #6041 ) ;
#3034 = VERTEX_POINT ( 'NONE', #3787 ) ;
#3035 = CARTESIAN_POINT ( 'NONE',  ( -7.701569158983329721, 34.73392816538039796, 0.000000000000000000 ) ) ;
#3036 = VECTOR ( 'NONE', #585, 1000.000000000000114 ) ;
#3037 = CARTESIAN_POINT ( 'NONE',  ( 9.102706868972244791, 20.04578470927594935, 10.93756538651009080 ) ) ;
#3038 = EDGE_CURVE ( 'NONE', #5387, #8642, #4572, .T. ) ;
#3039 = EDGE_LOOP ( 'NONE', ( #25, #1870, #6659, #5269 ) ) ;
#3040 = CARTESIAN_POINT ( 'NONE',  ( -14.55854136924701514, 5.199999572201753573, 5.800000010607793577 ) ) ;
#3041 = AXIS2_PLACEMENT_3D ( 'NONE', #9860, #1015, #6647 ) ;
#3042 = AXIS2_PLACEMENT_3D ( 'NONE', #299, #3488, #190 ) ;
#3043 = DIRECTION ( 'NONE',  ( -0.8660254037844383745, 2.511349109204123607E-08, 0.4999999999999998335 ) ) ;
#3044 = ORIENTED_EDGE ( 'NONE', *, *, #9299, .F. ) ;
#3045 = EDGE_CURVE ( 'NONE', #7076, #2630, #5568, .T. ) ;
#3046 = VECTOR ( 'NONE', #6575, 1000.000000000000000 ) ;
#3047 = PLANE ( 'NONE',  #5960 ) ;
#3048 = ORIENTED_EDGE ( 'NONE', *, *, #5070, .T. ) ;
#3049 = AXIS2_PLACEMENT_3D ( 'NONE', #6221, #9379, #8590 ) ;
#3050 = ORIENTED_EDGE ( 'NONE', *, *, #5981, .F. ) ;
#3051 = ORIENTED_EDGE ( 'NONE', *, *, #2659, .T. ) ;
#3052 = CARTESIAN_POINT ( 'NONE',  ( 10.95599855657506083, 4.150635573917284660, 10.95498089164481925 ) ) ;
#3053 = VERTEX_POINT ( 'NONE', #9242 ) ;
#3054 = VECTOR ( 'NONE', #4361, 999.9999999999998863 ) ;
#3055 = FACE_OUTER_BOUND ( 'NONE', #5446, .T. ) ;
#3057 = VERTEX_POINT ( 'NONE', #7054 ) ;
#3056 = AXIS2_PLACEMENT_3D ( 'NONE', #7293, #2567, #3338 ) ;
#3058 = CARTESIAN_POINT ( 'NONE',  ( 24.94659860520190264, 40.29843822232739825, 14.57499999999999929 ) ) ;
#3059 = CARTESIAN_POINT ( 'NONE',  ( 9.855131207866003606, 10.62275197866886955, 11.17716158559312767 ) ) ;
#3060 = CARTESIAN_POINT ( 'NONE',  ( -7.318740356558864235, 19.99999999999999645, 18.68125964344113399 ) ) ;
#3061 = ADVANCED_FACE ( 'NONE', ( #8769 ), #8015, .F. ) ;
#3062 = AXIS2_PLACEMENT_3D ( 'NONE', #2741, #5760, #5130 ) ;
#3063 = LINE ( 'NONE', #2136, #4878 ) ;
#3064 = EDGE_LOOP ( 'NONE', ( #8833, #9613, #9141, #6813, #8159 ) ) ;
#3065 = DIRECTION ( 'NONE',  ( -1.224165305884090052E-14, 1.000000000000000000, 0.000000000000000000 ) ) ;
#3066 = CARTESIAN_POINT ( 'NONE',  ( -6.139301764916059945, 35.91060849888530271, 13.59675238393000107 ) ) ;
#3067 = DIRECTION ( 'NONE',  ( 0.7669706070501108863, -0.6416822328233690031, 0.000000000000000000 ) ) ;
#3068 = CARTESIAN_POINT ( 'NONE',  ( 8.154002876611025741, 23.01828777542352356, 10.48682905072067584 ) ) ;
#3069 = PLANE ( 'NONE',  #2744 ) ;
#3070 = CARTESIAN_POINT ( 'NONE',  ( 13.68325738999159924, 44.30102036788439790, 14.37500000000000000 ) ) ;
#3071 = CARTESIAN_POINT ( 'NONE',  ( 18.88908634285239785, 11.55027452128530108, 25.03867152242810334 ) ) ;
#3072 = CARTESIAN_POINT ( 'NONE',  ( 34.00000000000070344, 17.08409838298209849, 10.00000000000000000 ) ) ;
#3073 = LINE ( 'NONE', #1509, #2471 ) ;
#3074 = CARTESIAN_POINT ( 'NONE',  ( 30.47082295315080103, 35.67662275557450613, 10.00000000000000000 ) ) ;
#3075 = EDGE_LOOP ( 'NONE', ( #9679, #7836, #3964, #2563, #7211 ) ) ;
#3076 = EDGE_CURVE ( 'NONE', #8224, #4579, #6646, .T. ) ;
#3077 = CARTESIAN_POINT ( 'NONE',  ( 39.35854111252491094, 0.000000000000000000, 13.91715724633458962 ) ) ;
#3078 = CARTESIAN_POINT ( 'NONE',  ( 10.40000014901159986, 12.40000000000000036, 22.30798891649668647 ) ) ;
#3079 = CARTESIAN_POINT ( 'NONE',  ( 3.801483572868140204, 38.53085185151779513, 14.12500000000000000 ) ) ;
#3080 = CARTESIAN_POINT ( 'NONE',  ( 9.169149531811390474, 7.660623713935390100, 9.169149532400680869 ) ) ;
#3081 = EDGE_LOOP ( 'NONE', ( #6288, #8562, #8080, #4240 ) ) ;
#3082 = ADVANCED_FACE ( 'NONE', ( #294 ), #5628, .T. ) ;
#3083 = ORIENTED_EDGE ( 'NONE', *, *, #5835, .T. ) ;
#3084 = DIRECTION ( 'NONE',  ( 0.5125766358075060092, 0.4288447525037434871, 0.7438799437236240930 ) ) ;
#3085 = EDGE_CURVE ( 'NONE', #4003, #6138, #460, .T. ) ;
#3086 = EDGE_CURVE ( 'NONE', #8141, #3332, #3433, .T. ) ;
#3087 = LINE ( 'NONE', #9427, #3036 ) ;
#3088 = EDGE_LOOP ( 'NONE', ( #5492, #2431 ) ) ;
#3089 = LINE ( 'NONE', #3138, #4255 ) ;
#3090 = CARTESIAN_POINT ( 'NONE',  ( 39.35854111252491094, 0.000000000000000000, 0.000000000000000000 ) ) ;
#3091 = VERTEX_POINT ( 'NONE', #4211 ) ;
#3092 = FACE_OUTER_BOUND ( 'NONE', #6183, .T. ) ;
#3093 = DIRECTION ( 'NONE',  ( 0.6683132718461777255, 0.000000000000000000, -0.7438799437236206513 ) ) ;
#3094 = EDGE_CURVE ( 'NONE', #7737, #8708, #1144, .T. ) ;
#3095 = EDGE_LOOP ( 'NONE', ( #2327, #1084, #3205, #4714 ) ) ;
#3096 = CARTESIAN_POINT ( 'NONE',  ( 15.70277916592350032, 23.34593976405739824, 27.21076753793460057 ) ) ;
#3097 = ORIENTED_EDGE ( 'NONE', *, *, #2530, .F. ) ;
#3098 = VERTEX_POINT ( 'NONE', #7380 ) ;
#3099 = ADVANCED_FACE ( 'NONE', ( #7326 ), #5877, .F. ) ;
#3100 = CARTESIAN_POINT ( 'NONE',  ( 9.610083531968690806, 6.259459804842370190, 8.845163948610990090 ) ) ;
#3101 = ORIENTED_EDGE ( 'NONE', *, *, #5056, .F. ) ;
#3102 = AXIS2_PLACEMENT_3D ( 'NONE', #3610, #4483, #3514 ) ;
#3103 = CARTESIAN_POINT ( 'NONE',  ( 6.485050200653300401, 34.25177603828559114, 10.00000000000000000 ) ) ;
#3104 = VERTEX_POINT ( 'NONE', #248 ) ;
#3105 = DIRECTION ( 'NONE',  ( 0.6416822328233680039, 0.7669706070501118855, 0.000000000000000000 ) ) ;
#3106 = CARTESIAN_POINT ( 'NONE',  ( 8.860161902605952378, 9.507365087861948894, 10.29101679762088928 ) ) ;
#3107 = DIRECTION ( 'NONE',  ( -0.7071067811865450192, -8.656155890839421148E-15, 0.7071067811865500152 ) ) ;
#3108 = VECTOR ( 'NONE', #4120, 1000.000000000000114 ) ;
#3109 = CARTESIAN_POINT ( 'NONE',  ( 1.477904097537030115, 42.90161302307869562, 13.10569876504609965 ) ) ;
#3110 = DIRECTION ( 'NONE',  ( -0.5125766358075095619, 0.4288447525037482055, -0.7438799437236189860 ) ) ;
#3111 = EDGE_LOOP ( 'NONE', ( #4257, #6512, #6242, #1715 ) ) ;
#3112 = PLANE ( 'NONE',  #9103 ) ;
#3113 = AXIS2_PLACEMENT_3D ( 'NONE', #6167, #3343, #5855 ) ;
#3114 = CARTESIAN_POINT ( 'NONE',  ( -4.660432130239140491, 40.01632564148300020, 14.17500000000000071 ) ) ;
#3115 = VECTOR ( 'NONE', #915, 1000.000000000000114 ) ;
#3116 = ORIENTED_EDGE ( 'NONE', *, *, #5204, .F. ) ;
#3117 = DIRECTION ( 'NONE',  ( -0.6532814824381999452, 0.3826834323650668557, -0.6532814824381899532 ) ) ;
#3118 = CARTESIAN_POINT ( 'NONE',  ( 8.756834707268168927, 5.273990148421427548, 10.80744437270855762 ) ) ;
#3119 = CARTESIAN_POINT ( 'NONE',  ( 7.375235054252352818, 39.41225477411929745, 10.00000000000000000 ) ) ;
#3120 = CARTESIAN_POINT ( 'NONE',  ( 13.51494979934670049, 34.25177603828559114, 10.00000000000000000 ) ) ;
#3121 = CARTESIAN_POINT ( 'NONE',  ( 7.860918237202460190, 0.5000000000000004441, -5.551115123125779744E-16 ) ) ;
#3122 = CARTESIAN_POINT ( 'NONE',  ( 6.863525057883710367, 44.22988167275949678, 13.06850476785990089 ) ) ;
#3123 = DIRECTION ( 'NONE',  ( 5.947623346206195330E-16, 0.000000000000000000, -1.000000000000000000 ) ) ;
#3124 = AXIS2_PLACEMENT_3D ( 'NONE', #5100, #7477, #188 ) ;
#3125 = DIRECTION ( 'NONE',  ( 2.113436893093974384E-08, 0.000000000000000000, 0.9999999999999997780 ) ) ;
#3126 = CARTESIAN_POINT ( 'NONE',  ( 0.1940000000000099978, -0.2000000000000050071, 12.98675134594810032 ) ) ;
#3127 = ORIENTED_EDGE ( 'NONE', *, *, #2530, .T. ) ;
#3128 = EDGE_CURVE ( 'NONE', #8767, #9279, #3307, .T. ) ;
#3129 = CARTESIAN_POINT ( 'NONE',  ( 28.00196372422529834, 37.22064946488769976, 13.06850476785990089 ) ) ;
#3130 = CARTESIAN_POINT ( 'NONE',  ( 31.47569851645775429, 0.000000000000000000, 14.79999999999932569 ) ) ;
#3131 = PLANE ( 'NONE',  #4551 ) ;
#3132 = CARTESIAN_POINT ( 'NONE',  ( 11.52051138524020146, 4.411166879301135602, 11.52120704723271949 ) ) ;
#3133 = ORIENTED_EDGE ( 'NONE', *, *, #8378, .F. ) ;
#3134 = ORIENTED_EDGE ( 'NONE', *, *, #8886, .T. ) ;
#3135 = CARTESIAN_POINT ( 'NONE',  ( 16.91412594835469818, 41.03226790236440280, 14.37500000000000000 ) ) ;
#3136 = CARTESIAN_POINT ( 'NONE',  ( 8.530013755892897009, 22.01090999236742363, 10.71097663281587309 ) ) ;
#3137 = VERTEX_POINT ( 'NONE', #8885 ) ;
#3138 = CARTESIAN_POINT ( 'NONE',  ( -6.239027408177475920, 13.11951370408882411, -12.61951369126708045 ) ) ;
#3139 = CIRCLE ( 'NONE', #8971, 1.400000000000000799 ) ;
#3140 = AXIS2_PLACEMENT_3D ( 'NONE', #9950, #6015, #1265 ) ;
#3141 = EDGE_CURVE ( 'NONE', #8430, #9636, #5829, .T. ) ;
#3142 = CARTESIAN_POINT ( 'NONE',  ( 30.47082295315080103, 35.67662275557450613, 2.500000000000000000 ) ) ;
#3143 = ORIENTED_EDGE ( 'NONE', *, *, #8373, .T. ) ;
#3144 = EDGE_CURVE ( 'NONE', #2127, #9669, #1174, .T. ) ;
#3145 = CARTESIAN_POINT ( 'NONE',  ( 23.88908920387530088, 17.60385599033020299, 20.00000000000000000 ) ) ;
#3146 = EDGE_CURVE ( 'NONE', #3535, #5163, #2756, .T. ) ;
#3147 = LINE ( 'NONE', #3985, #4966 ) ;
#3148 = ORIENTED_EDGE ( 'NONE', *, *, #5133, .F. ) ;
#3149 = VECTOR ( 'NONE', #6907, 1000.000000000000114 ) ;
#3150 = DIRECTION ( 'NONE',  ( 0.000000000000000000, -1.000000000000000000, 0.000000000000000000 ) ) ;
#3151 = CARTESIAN_POINT ( 'NONE',  ( 15.20600000000000129, -5.200000000000000178, 7.313248654051839104 ) ) ;
#3152 = VERTEX_POINT ( 'NONE', #9820 ) ;
#3153 = ORIENTED_EDGE ( 'NONE', *, *, #2378, .T. ) ;
#3154 = CARTESIAN_POINT ( 'NONE',  ( 23.85946208442049965, 20.66205238419160040, 13.42929807742610038 ) ) ;
#3155 = ADVANCED_FACE ( 'NONE', ( #2700 ), #5930, .T. ) ;
#3156 = EDGE_CURVE ( 'NONE', #9395, #1752, #9083, .T. ) ;
#3157 = VECTOR ( 'NONE', #3614, 1000.000000000000114 ) ;
#3158 = ORIENTED_EDGE ( 'NONE', *, *, #5708, .F. ) ;
#3159 = DIRECTION ( 'NONE',  ( 0.000000000000000000, 0.000000000000000000, -1.000000000000000000 ) ) ;
#3160 = VERTEX_POINT ( 'NONE', #5145 ) ;
#3161 = EDGE_CURVE ( 'NONE', #5176, #1432, #2596, .T. ) ;
#3162 = VERTEX_POINT ( 'NONE', #4156 ) ;
#3163 = CARTESIAN_POINT ( 'NONE',  ( 10.00000000000000178, 24.22597971426972308, 9.297383238687498164 ) ) ;
#3164 = ORIENTED_EDGE ( 'NONE', *, *, #4274, .F. ) ;
#3165 = CARTESIAN_POINT ( 'NONE',  ( 16.14946431826669837, 41.63284416965159096, 14.12500000000000000 ) ) ;
#3166 = VECTOR ( 'NONE', #319, 1000.000000000000114 ) ;
#3167 = DIRECTION ( 'NONE',  ( 1.000000000000000000, 0.000000000000000000, 2.419120705443520107E-15 ) ) ;
#3168 = CARTESIAN_POINT ( 'NONE',  ( 10.00000014901159950, 11.40000000000000036, 25.00000029802320256 ) ) ;
#3169 = DIRECTION ( 'NONE',  ( -0.7053785312778478866, 0.6458122956933520786, 0.2921773542620789699 ) ) ;
#3170 = CARTESIAN_POINT ( 'NONE',  ( 39.35854111252491094, 0.000000000000000000, 13.91715724633458962 ) ) ;
#3171 = EDGE_CURVE ( 'NONE', #590, #4725, #1915, .T. ) ;
#3172 = ORIENTED_EDGE ( 'NONE', *, *, #10201, .T. ) ;
#3173 = CARTESIAN_POINT ( 'NONE',  ( 16.31092799574890151, 14.08562371445150063, 16.31092804843200028 ) ) ;
#3174 = CARTESIAN_POINT ( 'NONE',  ( 8.443327685366348589, 6.056384414448349851, 10.49393734990159999 ) ) ;
#3175 = DIRECTION ( 'NONE',  ( -0.7669706070501109973, 0.6416822328233690031, 0.000000000000000000 ) ) ;
#3176 = DIRECTION ( 'NONE',  ( 0.9709069422338768574, 0.2394571141604759368, 0.000000000000000000 ) ) ;
#3177 = AXIS2_PLACEMENT_3D ( 'NONE', #7470, #4868, #4986 ) ;
#3178 = FACE_OUTER_BOUND ( 'NONE', #5151, .T. ) ;
#3179 = DIRECTION ( 'NONE',  ( 0.7222382015498078900, 0.1781273446059149501, -0.6683132718461789468 ) ) ;
#3180 = CARTESIAN_POINT ( 'NONE',  ( -4.475884189307890004, 37.30229873345540170, 10.00000000000000000 ) ) ;
#3181 = CARTESIAN_POINT ( 'NONE',  ( 8.400000149011610517, 10.40000000000000036, 20.00000000000000000 ) ) ;
#3182 = ORIENTED_EDGE ( 'NONE', *, *, #9047, .T. ) ;
#3183 = DIRECTION ( 'NONE',  ( 0.000000000000000000, -1.000000000000000000, -0.000000000000000000 ) ) ;
#3184 = CARTESIAN_POINT ( 'NONE',  ( 10.00000000000000000, 2.000000000000000000, 10.00000000000000000 ) ) ;
#3185 = LINE ( 'NONE', #6371, #3406 ) ;
#3186 = CARTESIAN_POINT ( 'NONE',  ( 11.31186708666743890, 4.405118873961139769, 11.31190016412760002 ) ) ;
#3187 = ORIENTED_EDGE ( 'NONE', *, *, #10200, .F. ) ;
#3188 = ORIENTED_EDGE ( 'NONE', *, *, #3622, .F. ) ;
#3189 = DIRECTION ( 'NONE',  ( 0.7071067811865490160, 3.976541677442609697E-16, -0.7071067811865460184 ) ) ;
#3190 = PRESENTATION_STYLE_ASSIGNMENT (( #7139 ) ) ;
#3191 = DIRECTION ( 'NONE',  ( 0.2394571141604778519, 0.9709069422338765243, 0.000000000000000000 ) ) ;
#3192 = VECTOR ( 'NONE', #1923, 1000.000000000000227 ) ;
#3193 = EDGE_CURVE ( 'NONE', #5337, #9654, #2135, .T. ) ;
#3194 = CARTESIAN_POINT ( 'NONE',  ( 9.212797429016868378, 3.879607715538127000, 10.87828240754154940 ) ) ;
#3195 = ORIENTED_EDGE ( 'NONE', *, *, #4301, .F. ) ;
#3196 = DIRECTION ( 'NONE',  ( 0.000000000000000000, 0.000000000000000000, -1.000000000000000000 ) ) ;
#3197 = PLANE ( 'NONE',  #9698 ) ;
#3198 = ORIENTED_EDGE ( 'NONE', *, *, #6226, .F. ) ;
#3199 = PLANE ( 'NONE',  #4212 ) ;
#3200 = CARTESIAN_POINT ( 'NONE',  ( -5.668105590371760094, 19.76682887348359685, 1.250000000000000000 ) ) ;
#3201 = VERTEX_POINT ( 'NONE', #3372 ) ;
#3202 = CARTESIAN_POINT ( 'NONE',  ( 8.092011232514929375, 21.75990769049899853, 20.00000000000000000 ) ) ;
#3203 = DIRECTION ( 'NONE',  ( -0.8944271909999161885, -0.4472135954999570950, 0.000000000000000000 ) ) ;
#3204 = ORIENTED_EDGE ( 'NONE', *, *, #10240, .F. ) ;
#3205 = ORIENTED_EDGE ( 'NONE', *, *, #8654, .F. ) ;
#3206 = EDGE_CURVE ( 'NONE', #8000, #8110, #8937, .T. ) ;
#3207 = CARTESIAN_POINT ( 'NONE',  ( 11.48649101436740061, 4.405130392746724688, 11.13731921624619936 ) ) ;
#3208 = AXIS2_PLACEMENT_3D ( 'NONE', #6519, #5738, #3330 ) ;
#3209 = ORIENTED_EDGE ( 'NONE', *, *, #9065, .F. ) ;
#3210 = PLANE ( 'NONE',  #7370 ) ;
#3211 = ORIENTED_EDGE ( 'NONE', *, *, #9328, .F. ) ;
#3212 = AXIS2_PLACEMENT_3D ( 'NONE', #7924, #4919, #4756 ) ;
#3213 = VERTEX_POINT ( 'NONE', #2646 ) ;
#3214 = ORIENTED_EDGE ( 'NONE', *, *, #1846, .F. ) ;
#3215 = CARTESIAN_POINT ( 'NONE',  ( 19.48250854753910133, 27.13951150489390329, 23.37159584406470003 ) ) ;
#3216 = ORIENTED_EDGE ( 'NONE', *, *, #5906, .T. ) ;
#3217 = CIRCLE ( 'NONE', #8369, 1.700000000000000844 ) ;
#3218 = EDGE_CURVE ( 'NONE', #1971, #9484, #8990, .T. ) ;
#3219 = CARTESIAN_POINT ( 'NONE',  ( -6.243549475621350098, 12.40000000000000036, 18.12031328071134340 ) ) ;
#3220 = EDGE_CURVE ( 'NONE', #5238, #1152, #6804, .T. ) ;
#3221 = ADVANCED_FACE ( 'NONE', ( #10061 ), #7108, .T. ) ;
#3222 = CIRCLE ( 'NONE', #9041, 3.149999999999999467 ) ;
#3223 = CARTESIAN_POINT ( 'NONE',  ( 21.04854355087229933, 10.91062371445209855, 22.95773186007539834 ) ) ;
#3224 = ORIENTED_EDGE ( 'NONE', *, *, #6023, .F. ) ;
#3225 = DIRECTION ( 'NONE',  ( 0.000000000000000000, 0.000000000000000000, 1.000000000000000000 ) ) ;
#3226 = DIRECTION ( 'NONE',  ( 0.000000000000000000, -1.000000000000000000, 0.000000000000000000 ) ) ;
#3227 = DIRECTION ( 'NONE',  ( 0.000000000000000000, 0.000000000000000000, 1.000000000000000000 ) ) ;
#3228 = ORIENTED_EDGE ( 'NONE', *, *, #16, .F. ) ;
#3229 = DIRECTION ( 'NONE',  ( 0.000000000000000000, 0.5968526937643650054, -0.8023508347015169129 ) ) ;
#3230 = DIRECTION ( 'NONE',  ( -0.7071067811865450192, -8.656155890839430614E-15, 0.7071067811865500152 ) ) ;
#3231 = DIRECTION ( 'NONE',  ( -0.2394571141604759645, 0.9709069422338769684, 0.000000000000000000 ) ) ;
#3232 = VECTOR ( 'NONE', #9853, 1000.000000000000227 ) ;
#3233 = LINE ( 'NONE', #2453, #9538 ) ;
#3234 = EDGE_CURVE ( 'NONE', #6445, #6539, #5285, .T. ) ;
#3235 = FACE_OUTER_BOUND ( 'NONE', #5251, .T. ) ;
#3236 = CARTESIAN_POINT ( 'NONE',  ( 21.36041177753740072, 6.019182658296929667, 22.32867742633790087 ) ) ;
#3237 = VECTOR ( 'NONE', #1216, 1000.000000000000000 ) ;
#3238 = ADVANCED_FACE ( 'NONE', ( #3674 ), #587, .F. ) ;
#3239 = CARTESIAN_POINT ( 'NONE',  ( 19.33397868482663284, 20.66205238419157553, 15.97488248969763625 ) ) ;
#3240 = DIRECTION ( 'NONE',  ( 0.9709069422338770794, -0.2394571141604749931, 0.000000000000000000 ) ) ;
#3241 = LINE ( 'NONE', #625, #1196 ) ;
#3242 = ORIENTED_EDGE ( 'NONE', *, *, #2798, .T. ) ;
#3243 = DIRECTION ( 'NONE',  ( 0.6416822328233690031, -0.7669706070501109973, 0.000000000000000000 ) ) ;
#3244 = TOROIDAL_SURFACE ( 'NONE', #4083, 24.00000000000000000, 1.175000000000000044 ) ;
#3245 = LINE ( 'NONE', #5754, #6775 ) ;
#3246 = CARTESIAN_POINT ( 'NONE',  ( -2.679173937402460126, 35.15478103371500396, 10.00000000000000000 ) ) ;
#3247 = CARTESIAN_POINT ( 'NONE',  ( 26.53553390593310368, 6.060623714452029631, 19.46446609406689987 ) ) ;
#3248 = VERTEX_POINT ( 'NONE', #3721 ) ;
#3249 = DIRECTION ( 'NONE',  ( 0.000000000000000000, 0.000000000000000000, 1.000000000000000000 ) ) ;
#3250 = FACE_OUTER_BOUND ( 'NONE', #6437, .T. ) ;
#3251 = CARTESIAN_POINT ( 'NONE',  ( 10.00061602468576183, 19.40243575455313518, 8.828890000605218447 ) ) ;
#3252 = EDGE_LOOP ( 'NONE', ( #6135, #4926, #4973, #4968, #4938, #6617, #8968, #3314 ) ) ;
#3253 = CARTESIAN_POINT ( 'NONE',  ( 13.94297680989129873, 42.58902142084190245, 14.12500000000000000 ) ) ;
#3254 = CARTESIAN_POINT ( 'NONE',  ( 4.522176287415599738, 42.21047843797740029, 10.00000000000000000 ) ) ;
#3255 = CARTESIAN_POINT ( 'NONE',  ( 24.08958771125750076, 38.14702417744470608, 14.37500000000000000 ) ) ;
#3256 = ORIENTED_EDGE ( 'NONE', *, *, #341, .F. ) ;
#3257 = DIRECTION ( 'NONE',  ( -4.308582930751620918E-10, 2.558252622130288140E-12, -1.000000000000000000 ) ) ;
#3258 = CARTESIAN_POINT ( 'NONE',  ( 14.07796175957059859, 0.2230298368728469705, 20.00000000000000000 ) ) ;
#3259 = DIRECTION ( 'NONE',  ( -5.551115123125549742E-17, -6.651958409392690315E-15, 1.000000000000000000 ) ) ;
#3260 = CARTESIAN_POINT ( 'NONE',  ( 12.40386465571380015, 4.421353297848390262, 9.808655970218360665 ) ) ;
#3261 = ORIENTED_EDGE ( 'NONE', *, *, #8677, .T. ) ;
#3262 = FACE_OUTER_BOUND ( 'NONE', #9752, .T. ) ;
#3263 = ORIENTED_EDGE ( 'NONE', *, *, #5085, .F. ) ;
#3264 = ADVANCED_FACE ( 'NONE', ( #5242 ), #2845, .T. ) ;
#3265 = EDGE_LOOP ( 'NONE', ( #1210, #2263, #3749, #9345 ) ) ;
#3266 = ORIENTED_EDGE ( 'NONE', *, *, #1053, .F. ) ;
#3267 = DIRECTION ( 'NONE',  ( -0.7071067811865330288, 0.000000000000000000, 0.7071067811865621167 ) ) ;
#3268 = ORIENTED_EDGE ( 'NONE', *, *, #9307, .F. ) ;
#3269 = CARTESIAN_POINT ( 'NONE',  ( 34.00000000000000000, 11.28430686604839828, 10.00000000000000000 ) ) ;
#3270 = DIRECTION ( 'NONE',  ( 3.900382690946170019E-15, -1.000000000000000000, -8.341270367894680803E-15 ) ) ;
#3271 = EDGE_CURVE ( 'NONE', #7524, #8153, #4148, .T. ) ;
#3272 = FACE_OUTER_BOUND ( 'NONE', #2073, .T. ) ;
#3273 = ORIENTED_EDGE ( 'NONE', *, *, #2483, .T. ) ;
#3274 = EDGE_CURVE ( 'NONE', #7777, #3535, #6079, .T. ) ;
#3275 = CARTESIAN_POINT ( 'NONE',  ( 27.02214011912690239, 17.39999999999999858, 20.00000000000000000 ) ) ;
#3276 = CYLINDRICAL_SURFACE ( 'NONE', #4472, 4.375000000000000000 ) ;
#3277 = EDGE_CURVE ( 'NONE', #2579, #1334, #4506, .T. ) ;
#3278 = VERTEX_POINT ( 'NONE', #2213 ) ;
#3279 = DIRECTION ( 'NONE',  ( 0.7153183596414739442, 0.001807112594145855386, 0.6987963785709704334 ) ) ;
#3281 = ADVANCED_FACE ( 'NONE', ( #6179 ), #6899, .T. ) ;
#3280 = DIRECTION ( 'NONE',  ( -2.286247677450875227E-31, 0.000000000000000000, -1.000000000000000000 ) ) ;
#3282 = VECTOR ( 'NONE', #51, 1000.000000000000114 ) ;
#3283 = DIRECTION ( 'NONE',  ( -0.6546536707079830819, 0.3779644730092240890, -0.6546536707079729789 ) ) ;
#3284 = CARTESIAN_POINT ( 'NONE',  ( 18.88908634285239785, 12.50000000000000000, 25.03867152242810334 ) ) ;
#3285 = CARTESIAN_POINT ( 'NONE',  ( 20.20599999999999952, -4.930084118726089707E-15, 4.426497308103719774 ) ) ;
#3286 = DIRECTION ( 'NONE',  ( 0.000000000000000000, -1.000000000000000000, 0.000000000000000000 ) ) ;
#3287 = AXIS2_PLACEMENT_3D ( 'NONE', #6056, #9211, #5267 ) ;
#3288 = ADVANCED_FACE ( 'NONE', ( #2166 ), #9229, .F. ) ;
#3289 = CARTESIAN_POINT ( 'NONE',  ( 13.23190208582489902, 12.40000000000000036, 20.00000000000000000 ) ) ;
#3290 = ORIENTED_EDGE ( 'NONE', *, *, #2904, .F. ) ;
#3291 = DIRECTION ( 'NONE',  ( -2.811839585790609837E-16, 1.000000000000000000, 2.811839585790590115E-16 ) ) ;
#3292 = DIRECTION ( 'NONE',  ( 0.2394571141604750486, 0.9709069422338773014, -3.640434989708340360E-17 ) ) ;
#3293 = DIRECTION ( 'NONE',  ( 0.7071067811865475727, -0.7071067811865475727, 0.000000000000000000 ) ) ;
#3295 = EDGE_CURVE ( 'NONE', #5845, #4619, #3628, .T. ) ;
#3294 = FACE_OUTER_BOUND ( 'NONE', #3265, .T. ) ;
#3296 = EDGE_LOOP ( 'NONE', ( #1098, #2220, #7820, #4377 ) ) ;
#3297 = ORIENTED_EDGE ( 'NONE', *, *, #6975, .T. ) ;
#3298 = FACE_OUTER_BOUND ( 'NONE', #5270, .T. ) ;
#3299 = AXIS2_PLACEMENT_3D ( 'NONE', #673, #727, #624 ) ;
#3300 = DIRECTION ( 'NONE',  ( 3.012339197550599217E-15, -0.4999999999999998890, 0.8660254037844387076 ) ) ;
#3301 = AXIS2_PLACEMENT_3D ( 'NONE', #8096, #4204, #5710 ) ;
#3302 = FACE_OUTER_BOUND ( 'NONE', #5721, .T. ) ;
#3303 = DIRECTION ( 'NONE',  ( -0.5125766358075097839, 0.4288447525037474839, -0.7438799437236192080 ) ) ;
#3304 = ORIENTED_EDGE ( 'NONE', *, *, #8743, .F. ) ;
#3305 = LINE ( 'NONE', #9651, #5749 ) ;
#3306 = DIRECTION ( 'NONE',  ( -0.7071067811865469066, -2.050431504776088976E-08, -0.7071067811865479058 ) ) ;
#3307 = CIRCLE ( 'NONE', #10264, 4.374999999999999112 ) ;
#3308 = VERTEX_POINT ( 'NONE', #8400 ) ;
#3309 = DIRECTION ( 'NONE',  ( 0.2394571141604750486, 0.9709069422338773014, 4.640279090678211014E-17 ) ) ;
#3310 = CARTESIAN_POINT ( 'NONE',  ( 4.713741978743980710, 41.43375288419030511, 14.37500000000000000 ) ) ;
#3311 = ORIENTED_EDGE ( 'NONE', *, *, #246, .F. ) ;
#3312 = DIRECTION ( 'NONE',  ( -0.2394571141604754927, -0.9709069422338770794, 4.585954764847000458E-16 ) ) ;
#3313 = LINE ( 'NONE', #7940, #6376 ) ;
#3314 = ORIENTED_EDGE ( 'NONE', *, *, #308, .F. ) ;
#3315 = AXIS2_PLACEMENT_3D ( 'NONE', #6415, #4015, #5625 ) ;
#3316 = FACE_OUTER_BOUND ( 'NONE', #7110, .T. ) ;
#3317 = VECTOR ( 'NONE', #3291, 1000.000000000000000 ) ;
#3318 = DIRECTION ( 'NONE',  ( 0.2394571141604778519, 0.9709069422338765243, 0.000000000000000000 ) ) ;
#3319 = ORIENTED_EDGE ( 'NONE', *, *, #6090, .F. ) ;
#3320 = FACE_OUTER_BOUND ( 'NONE', #7166, .T. ) ;
#3321 = EDGE_LOOP ( 'NONE', ( #9479, #1339, #8008, #8507 ) ) ;
#3322 = VECTOR ( 'NONE', #7639, 999.9999999999998863 ) ;
#3323 = ORIENTED_EDGE ( 'NONE', *, *, #8811, .F. ) ;
#3324 = VERTEX_POINT ( 'NONE', #3583 ) ;
#3325 = CARTESIAN_POINT ( 'NONE',  ( 23.77677344705620044, 38.93027108415750348, 14.12500000000000000 ) ) ;
#3326 = ORIENTED_EDGE ( 'NONE', *, *, #3711, .F. ) ;
#3327 = FILL_AREA_STYLE ('',( #139 ) ) ;
#3328 = ADVANCED_FACE ( 'NONE', ( #7572 ), #9962, .F. ) ;
#3329 = ORIENTED_EDGE ( 'NONE', *, *, #6480, .T. ) ;
#3330 = DIRECTION ( 'NONE',  ( -0.5125766358075057871, -0.4288447525037433761, -0.7438799437236243151 ) ) ;
#3331 = FACE_OUTER_BOUND ( 'NONE', #27, .T. ) ;
#3332 = VERTEX_POINT ( 'NONE', #2892 ) ;
#3333 = DIRECTION ( 'NONE',  ( 0.000000000000000000, 0.000000000000000000, -1.000000000000000000 ) ) ;
#3334 = VECTOR ( 'NONE', #7858, 1000.000000000000000 ) ;
#3335 = CARTESIAN_POINT ( 'NONE',  ( -11.47569850406383551, 29.25100135070063345, 14.80000001233967666 ) ) ;
#3336 = LINE ( 'NONE', #9683, #8300 ) ;
#3337 = CARTESIAN_POINT ( 'NONE',  ( 23.02844253819469955, 4.910623714452070132, 20.97783287275300168 ) ) ;
#3338 = DIRECTION ( 'NONE',  ( -0.9709069422338771904, 0.2394571141604752984, 0.000000000000000000 ) ) ;
#3339 = LINE ( 'NONE', #1786, #2331 ) ;
#3340 = EDGE_CURVE ( 'NONE', #9732, #6317, #9330, .T. ) ;
#3341 = VECTOR ( 'NONE', #2388, 1000.000000000000000 ) ;
#3342 = FACE_OUTER_BOUND ( 'NONE', #3064, .T. ) ;
#3343 = DIRECTION ( 'NONE',  ( 0.6416822328233690031, 0.7669706070501109973, 2.609890673131680046E-16 ) ) ;
#3344 = ORIENTED_EDGE ( 'NONE', *, *, #5612, .T. ) ;
#3345 = CARTESIAN_POINT ( 'NONE',  ( 11.57469496584458035, 22.29308136587139444, 9.347578474914710611 ) ) ;
#3346 = VECTOR ( 'NONE', #5821, 1000.000000000000000 ) ;
#3347 = LINE ( 'NONE', #9692, #3774 ) ;
#3348 = CARTESIAN_POINT ( 'NONE',  ( 6.130058060617892046, 44.46097087373539836, 10.00000000000000000 ) ) ;
#3349 = PLANE ( 'NONE',  #2810 ) ;
#3350 = ORIENTED_EDGE ( 'NONE', *, *, #2023, .F. ) ;
#3351 = ORIENTED_EDGE ( 'NONE', *, *, #2789, .F. ) ;
#3352 = CARTESIAN_POINT ( 'NONE',  ( 8.832742122209117142, 7.115139389398104974, 9.554854069103454250 ) ) ;
#3353 = DIRECTION ( 'NONE',  ( 5.589694649448180229E-15, -1.000000000000000000, -6.651958409392690315E-15 ) ) ;
#3354 = EDGE_CURVE ( 'NONE', #3587, #2236, #9215, .T. ) ;
#3355 = DIRECTION ( 'NONE',  ( -0.4537378581963297797, 0.5423301172158969674, 0.7071067811865467956 ) ) ;
#3356 = ADVANCED_FACE ( 'NONE', ( #8553 ), #4357, .F. ) ;
#3357 = ORIENTED_EDGE ( 'NONE', *, *, #6460, .F. ) ;
#3358 = VERTEX_POINT ( 'NONE', #8705 ) ;
#3359 = CARTESIAN_POINT ( 'NONE',  ( 4.522176287415603291, 42.21047843797740029, 5.875000000000000000 ) ) ;
#3360 = ADVANCED_FACE ( 'NONE', ( #3822 ), #1581, .T. ) ;
#3361 = DIRECTION ( 'NONE',  ( 0.6683132718461770594, 0.000000000000000000, -0.7438799437236212064 ) ) ;
#3362 = ORIENTED_EDGE ( 'NONE', *, *, #1187, .F. ) ;
#3363 = CYLINDRICAL_SURFACE ( 'NONE', #8199, 2.099999999999996980 ) ;
#3364 = CARTESIAN_POINT ( 'NONE',  ( 0.2260351890624049953, 42.59286158348050577, 11.94729894023779870 ) ) ;
#3365 = ORIENTED_EDGE ( 'NONE', *, *, #1853, .T. ) ;
#3366 = CIRCLE ( 'NONE', #8341, 2.099999999999996980 ) ;
#3367 = DIRECTION ( 'NONE',  ( -0.5125766358075085627, -0.4288447525037463182, -0.7438799437236208734 ) ) ;
#3368 = LINE ( 'NONE', #67, #8035 ) ;
#3369 = ADVANCED_FACE ( 'NONE', ( #10162 ), #2478, .T. ) ;
#3370 = LINE ( 'NONE', #8934, #8512 ) ;
#3371 = ORIENTED_EDGE ( 'NONE', *, *, #3853, .T. ) ;
#3372 = CARTESIAN_POINT ( 'NONE',  ( 5.740387435165139607, 43.95287953976159656, 14.17500000000000071 ) ) ;
#3373 = EDGE_CURVE ( 'NONE', #2652, #4886, #3089, .T. ) ;
#3374 = VECTOR ( 'NONE', #10250, 1000.000000000000114 ) ;
#3375 = VECTOR ( 'NONE', #7045, 1000.000000000000000 ) ;
#3376 = ORIENTED_EDGE ( 'NONE', *, *, #8805, .F. ) ;
#3377 = PLANE ( 'NONE',  #5216 ) ;
#3378 = VERTEX_POINT ( 'NONE', #2306 ) ;
#3379 = ORIENTED_EDGE ( 'NONE', *, *, #5430, .T. ) ;
#3380 = ORIENTED_EDGE ( 'NONE', *, *, #5448, .F. ) ;
#3381 = LINE ( 'NONE', #1595, #10288 ) ;
#3382 = ORIENTED_EDGE ( 'NONE', *, *, #2210, .T. ) ;
#3383 = AXIS2_PLACEMENT_3D ( 'NONE', #4054, #6448, #4882 ) ;
#3384 = CARTESIAN_POINT ( 'NONE',  ( 10.42605270142113305, 17.71028276179372440, 11.09790139626452898 ) ) ;
#3385 = B_SPLINE_CURVE_WITH_KNOTS ( 'NONE', 3,
 ( #4033, #7198, #3467, #8812 ),
 .UNSPECIFIED., .F., .F.,
 ( 4, 4 ),
 ( 0.000000000000000000, 1.000000000000000000 ),
 .UNSPECIFIED. ) ;
#3386 = DIRECTION ( 'NONE',  ( 0.000000000000000000, 0.000000000000000000, -1.000000000000000000 ) ) ;
#3387 = DIRECTION ( 'NONE',  ( 0.5125766358075094509, -0.4288447525037482611, 0.7438799437236189860 ) ) ;
#3388 = ORIENTED_EDGE ( 'NONE', *, *, #1545, .F. ) ;
#3389 = ORIENTED_EDGE ( 'NONE', *, *, #3029, .T. ) ;
#3390 = CARTESIAN_POINT ( 'NONE',  ( 13.51474479829960096, 3.899999999999999911, 21.88719965985190186 ) ) ;
#3391 = AXIS2_PLACEMENT_3D ( 'NONE', #6431, #7926, #7980 ) ;
#3392 = VECTOR ( 'NONE', #6567, 1000.000000000000000 ) ;
#3393 = CARTESIAN_POINT ( 'NONE',  ( -6.888551235238489667, 19.49662075383159987, 2.500000000000000000 ) ) ;
#3394 = ORIENTED_EDGE ( 'NONE', *, *, #4317, .T. ) ;
#3395 = CARTESIAN_POINT ( 'NONE',  ( 16.19851642713189932, 38.53085185151779513, 14.12500000000000000 ) ) ;
#3396 = FACE_OUTER_BOUND ( 'NONE', #5939, .T. ) ;
#3397 = DIRECTION ( 'NONE',  ( -1.000000000000000000, 0.000000000000000000, 0.000000000000000000 ) ) ;
#3398 = LINE ( 'NONE', #5797, #9046 ) ;
#3399 = CARTESIAN_POINT ( 'NONE',  ( 26.50000000000000000, 4.700000762914601005, 0.000000000000000000 ) ) ;
#3400 = AXIS2_PLACEMENT_3D ( 'NONE', #8348, #4990, #9867 ) ;
#3401 = VECTOR ( 'NONE', #8009, 1000.000000000000000 ) ;
#3402 = LINE ( 'NONE', #3239, #3576 ) ;
#3403 = CARTESIAN_POINT ( 'NONE',  ( -5.945013610947599503, 36.59469111121330087, 14.12500000000000000 ) ) ;
#3404 = ORIENTED_EDGE ( 'NONE', *, *, #4423, .T. ) ;
#3405 = CARTESIAN_POINT ( 'NONE',  ( 5.793438228549979918, 44.37794951499359541, 14.57499999999999929 ) ) ;
#3406 = VECTOR ( 'NONE', #2354, 1000.000000000000114 ) ;
#3407 = CARTESIAN_POINT ( 'NONE',  ( 27.35854120656069810, 3.800000787763852195, 20.00000000000000000 ) ) ;
#3408 = DIRECTION ( 'NONE',  ( 0.000000000000000000, 0.7071067811865475727, 0.7071067811865475727 ) ) ;
#3409 = ADVANCED_FACE ( 'NONE', ( #6225 ), #4601, .T. ) ;
#3410 = DIRECTION ( 'NONE',  ( 1.261617073437677851E-15, 1.682156097916903933E-15, -1.000000000000000000 ) ) ;
#3411 = VERTEX_POINT ( 'NONE', #5483 ) ;
#3412 = VECTOR ( 'NONE', #3286, 1000.000000000000000 ) ;
#3413 = EDGE_LOOP ( 'NONE', ( #1160, #9137, #2974, #2360 ) ) ;
#3414 = LINE ( 'NONE', #9857, #338 ) ;
#3415 = DIRECTION ( 'NONE',  ( -0.6546536707079756434, 0.3779644730092268645, -0.6546536707079787520 ) ) ;
#3416 = VERTEX_POINT ( 'NONE', #8647 ) ;
#3417 = CARTESIAN_POINT ( 'NONE',  ( 16.70257410312995461, 38.40653489464519055, 10.00000000000000000 ) ) ;
#3418 = VECTOR ( 'NONE', #4978, 1000.000000000000000 ) ;
#3419 = VERTEX_POINT ( 'NONE', #743 ) ;
#3420 = PLANE ( 'NONE',  #6743 ) ;
#3421 = EDGE_CURVE ( 'NONE', #7995, #10069, #8714, .T. ) ;
#3422 = AXIS2_PLACEMENT_3D ( 'NONE', #7931, #7143, #4761 ) ;
#3423 = LINE ( 'NONE', #8250, #4707 ) ;
#3424 = DIRECTION ( 'NONE',  ( 0.000000000000000000, 0.000000000000000000, -1.000000000000000000 ) ) ;
#3425 = EDGE_CURVE ( 'NONE', #4660, #4149, #1917, .T. ) ;
#3426 = EDGE_CURVE ( 'NONE', #2039, #8423, #5592, .T. ) ;
#3427 = CARTESIAN_POINT ( 'NONE',  ( 11.79161676646709900, -5.200000000000000178, 14.67500000000000071 ) ) ;
#3428 = VERTEX_POINT ( 'NONE', #635 ) ;
#3429 = FACE_OUTER_BOUND ( 'NONE', #7569, .T. ) ;
#3430 = LINE ( 'NONE', #5142, #7385 ) ;
#3431 = EDGE_CURVE ( 'NONE', #5911, #1739, #9541, .T. ) ;
#3432 = DIRECTION ( 'NONE',  ( 0.000000000000000000, 0.4999999999999994449, -0.8660254037844389297 ) ) ;
#3433 = LINE ( 'NONE', #6565, #5812 ) ;
#3434 = EDGE_LOOP ( 'NONE', ( #1095, #7330, #10235, #3304 ) ) ;
#3435 = LINE ( 'NONE', #2649, #7379 ) ;
#3436 = EDGE_CURVE ( 'NONE', #8011, #1747, #2423, .T. ) ;
#3437 = ORIENTED_EDGE ( 'NONE', *, *, #7434, .F. ) ;
#3438 = ORIENTED_EDGE ( 'NONE', *, *, #6430, .F. ) ;
#3439 = ORIENTED_EDGE ( 'NONE', *, *, #9235, .T. ) ;
#3440 = PLANE ( 'NONE',  #4997 ) ;
#3441 = ADVANCED_FACE ( 'NONE', ( #4813, #7986 ), #850, .T. ) ;
#3442 = EDGE_LOOP ( 'NONE', ( #3204, #1825, #1976, #7767, #4103 ) ) ;
#3443 = LINE ( 'NONE', #9783, #3046 ) ;
#3444 = ORIENTED_EDGE ( 'NONE', *, *, #9192, .F. ) ;
#3445 = VERTEX_POINT ( 'NONE', #3040 ) ;
#3446 = CARTESIAN_POINT ( 'NONE',  ( 14.21670783179619946, 0.000000000000000000, 14.13780600281379840 ) ) ;
#3447 = DIRECTION ( 'NONE',  ( 0.000000000000000000, 1.000000000000000000, 0.000000000000000000 ) ) ;
#3448 = ORIENTED_EDGE ( 'NONE', *, *, #314, .T. ) ;
#3449 = CARTESIAN_POINT ( 'NONE',  ( 8.005565777549621842, 23.40260304489299514, 9.649504941346412679 ) ) ;
#3450 = LINE ( 'NONE', #7178, #5465 ) ;
#3451 = CARTESIAN_POINT ( 'NONE',  ( 19.29289417248839911, 5.160604014534200701, 23.18198146901380241 ) ) ;
#3452 = DIRECTION ( 'NONE',  ( 0.7669706070501108863, -0.6416822328233690031, 0.000000000000000000 ) ) ;
#3453 = DIRECTION ( 'NONE',  ( -0.2394571141604759923, 0.9709069422338770794, -1.043956269252671944E-16 ) ) ;
#3454 = CARTESIAN_POINT ( 'NONE',  ( 10.00000000000000000, 22.70771198066030294, 0.000000000000000000 ) ) ;
#3455 = CARTESIAN_POINT ( 'NONE',  ( 20.91923976921749784, 5.960604014534220951, 22.96984943465779949 ) ) ;
#3456 = VERTEX_POINT ( 'NONE', #7090 ) ;
#3457 = LINE ( 'NONE', #8801, #806 ) ;
#3458 = AXIS2_PLACEMENT_3D ( 'NONE', #5806, #7355, #9748 ) ;
#3459 = FACE_OUTER_BOUND ( 'NONE', #2175, .T. ) ;
#3460 = DIRECTION ( 'NONE',  ( -0.7071067811865461294, -1.101411730778925368E-15, -0.7071067811865489050 ) ) ;
#3461 = FACE_OUTER_BOUND ( 'NONE', #3111, .T. ) ;
#3462 = ORIENTED_EDGE ( 'NONE', *, *, #7024, .F. ) ;
#3463 = ORIENTED_EDGE ( 'NONE', *, *, #9782, .T. ) ;
#3464 = CARTESIAN_POINT ( 'NONE',  ( 10.00000000000000000, 17.08409838298220151, 10.00000000000000000 ) ) ;
#3465 = CARTESIAN_POINT ( 'NONE',  ( 13.40510716658200074, 0.000000000000000000, 0.5000000000000000000 ) ) ;
#3466 = VECTOR ( 'NONE', #1606, 1000.000000000000114 ) ;
#3467 = CARTESIAN_POINT ( 'NONE',  ( 9.999999999999902300, 12.19083772114060160, 8.824999999999999289 ) ) ;
#3468 = VERTEX_POINT ( 'NONE', #6327 ) ;
#3469 = CARTESIAN_POINT ( 'NONE',  ( 7.265127827109629344, -4.700000000000000178, 13.15541324895119857 ) ) ;
#3470 = EDGE_CURVE ( 'NONE', #182, #7136, #9480, .T. ) ;
#3471 = CARTESIAN_POINT ( 'NONE',  ( 13.37332344206219936, 12.50000000000000000, 21.54577830361460045 ) ) ;
#3472 = ORIENTED_EDGE ( 'NONE', *, *, #1575, .F. ) ;
#3473 = LINE ( 'NONE', #5652, #3346 ) ;
#3474 = AXIS2_PLACEMENT_3D ( 'NONE', #4539, #1217, #6839 ) ;
#3475 = VECTOR ( 'NONE', #8298, 999.9999999999998863 ) ;
#3476 = CARTESIAN_POINT ( 'NONE',  ( 27.00000000000000000, 20.00000000000000000, 2.500000000000000000 ) ) ;
#3477 = VERTEX_POINT ( 'NONE', #7201 ) ;
#3478 = ADVANCED_FACE ( 'NONE', ( #59 ), #1241, .T. ) ;
#3479 = FACE_OUTER_BOUND ( 'NONE', #9819, .T. ) ;
#3480 = PLANE ( 'NONE',  #8040 ) ;
#3481 = DIRECTION ( 'NONE',  ( -1.000000000000000000, 0.000000000000000000, 0.000000000000000000 ) ) ;
#3482 = EDGE_LOOP ( 'NONE', ( #9729, #8826, #4873, #1380 ) ) ;
#3483 = DIRECTION ( 'NONE',  ( -0.6683132718461777255, 0.000000000000000000, 0.7438799437236206513 ) ) ;
#3484 = AXIS2_PLACEMENT_3D ( 'NONE', #3275, #1603, #9787 ) ;
#3485 = EDGE_CURVE ( 'NONE', #2594, #3701, #1750, .T. ) ;
#3486 = ORIENTED_EDGE ( 'NONE', *, *, #8206, .T. ) ;
#3487 = EDGE_CURVE ( 'NONE', #5993, #8410, #7821, .T. ) ;
#3488 = DIRECTION ( 'NONE',  ( 0.000000000000000000, -1.000000000000000000, 0.000000000000000000 ) ) ;
#3489 = LINE ( 'NONE', #9873, #8534 ) ;
#3490 = ORIENTED_EDGE ( 'NONE', *, *, #5723, .T. ) ;
#3491 = VERTEX_POINT ( 'NONE', #7041 ) ;
#3492 = CIRCLE ( 'NONE', #1473, 4.374999999999999112 ) ;
#3493 = CARTESIAN_POINT ( 'NONE',  ( 27.35854120656069810, 5.200000787762439458, 20.00000000000000000 ) ) ;
#3494 = VERTEX_POINT ( 'NONE', #8092 ) ;
#3495 = EDGE_CURVE ( 'NONE', #2116, #7053, #1020, .T. ) ;
#3496 = ADVANCED_FACE ( 'NONE', ( #8147 ), #3420, .F. ) ;
#3497 = AXIS2_PLACEMENT_3D ( 'NONE', #8126, #7346, #4957 ) ;
#3498 = ORIENTED_EDGE ( 'NONE', *, *, #7412, .F. ) ;
#3499 = ORIENTED_EDGE ( 'NONE', *, *, #2827, .T. ) ;
#3500 = EDGE_CURVE ( 'NONE', #2737, #821, #5709, .T. ) ;
#3501 = CARTESIAN_POINT ( 'NONE',  ( 34.55854145947857603, 0.000000000000000000, 7.500000000034249048 ) ) ;
#3502 = CARTESIAN_POINT ( 'NONE',  ( 11.62419809776330304, 4.425133712892355575, 9.573588432321683328 ) ) ;
#3503 = ORIENTED_EDGE ( 'NONE', *, *, #4550, .F. ) ;
#3504 = DIRECTION ( 'NONE',  ( -0.5417138000466739101, 0.000000000000000000, 0.8405630011123449430 ) ) ;
#3505 = FACE_BOUND ( 'NONE', #5544, .T. ) ;
#3506 = CIRCLE ( 'NONE', #8307, 1.174999999999999156 ) ;
#3507 = DIRECTION ( 'NONE',  ( 0.6546536707079797512, 0.3779644730092269200, -0.6546536707079747552 ) ) ;
#3508 = LINE ( 'NONE', #3603, #6709 ) ;
#3509 = EDGE_CURVE ( 'NONE', #10170, #9709, #8203, .T. ) ;
#3510 = LINE ( 'NONE', #9897, #8277 ) ;
#3511 = AXIS2_PLACEMENT_3D ( 'NONE', #8457, #3189, #7138 ) ;
#3512 = ORIENTED_EDGE ( 'NONE', *, *, #1481, .F. ) ;
#3513 = DIRECTION ( 'NONE',  ( -1.000000000000000000, 0.000000000000000000, 0.000000000000000000 ) ) ;
#3514 = DIRECTION ( 'NONE',  ( 0.5125766358075094509, -0.4288447525037482611, 0.7438799437236189860 ) ) ;
#3515 = CARTESIAN_POINT ( 'NONE',  ( 15.24705127018919981, -5.200000000000000178, 13.06305038405380081 ) ) ;
#3516 = CARTESIAN_POINT ( 'NONE',  ( 2.950337824801944731, 43.67674882485984256, 10.00000000000000000 ) ) ;
#3517 = ORIENTED_EDGE ( 'NONE', *, *, #4430, .T. ) ;
#3518 = ORIENTED_EDGE ( 'NONE', *, *, #1942, .T. ) ;
#3519 = DIRECTION ( 'NONE',  ( -0.3535533905932730647, -0.7071067811865476838, 0.6123724356957946924 ) ) ;
#3520 = CARTESIAN_POINT ( 'NONE',  ( 10.00000000000000000, 0.5000000000000004441, 0.000000000000000000 ) ) ;
#3521 = VECTOR ( 'NONE', #6823, 1000.000000000000114 ) ;
#3522 = EDGE_LOOP ( 'NONE', ( #121, #4828, #7479, #7040, #3404 ) ) ;
#3523 = CARTESIAN_POINT ( 'NONE',  ( 4.617959133079780898, 41.82211566108390599, 5.625000000000000000 ) ) ;
#3524 = LINE ( 'NONE', #284, #9520 ) ;
#3525 = CARTESIAN_POINT ( 'NONE',  ( 15.86095509524120040, 43.76392954555159776, 10.00000000000000000 ) ) ;
#3526 = CARTESIAN_POINT ( 'NONE',  ( -4.732557082437239160, 37.60908697627539965, 10.00000000000000000 ) ) ;
#3527 = CARTESIAN_POINT ( 'NONE',  ( 15.28562318937020059, 9.248123714451891075, 17.33623285481059995 ) ) ;
#3528 = ADVANCED_FACE ( 'NONE', ( #911 ), #4299, .F. ) ;
#3529 = FACE_OUTER_BOUND ( 'NONE', #7445, .T. ) ;
#3530 = CARTESIAN_POINT ( 'NONE',  ( -7.103608598272559860, 36.14689061501750444, 13.06850476785990089 ) ) ;
#3531 = ORIENTED_EDGE ( 'NONE', *, *, #3038, .T. ) ;
#3532 = CARTESIAN_POINT ( 'NONE',  ( 12.04831717422901072, 23.53983262141374055, 10.28030381153658901 ) ) ;
#3533 = CARTESIAN_POINT ( 'NONE',  ( 2.739551270189199972, -0.2000000000000050071, 2.956822597023989641 ) ) ;
#3534 = ORIENTED_EDGE ( 'NONE', *, *, #415, .F. ) ;
#3535 = VERTEX_POINT ( 'NONE', #7366 ) ;
#3536 = EDGE_CURVE ( 'NONE', #4850, #8336, #2690, .T. ) ;
#3537 = CARTESIAN_POINT ( 'NONE',  ( 19.72924294276119994, 31.62887638810719793, 10.00000000000000000 ) ) ;
#3538 = EDGE_LOOP ( 'NONE', ( #5605, #6787, #937, #638 ) ) ;
#3539 = AXIS2_PLACEMENT_3D ( 'NONE', #5964, #8394, #2103 ) ;
#3540 = EDGE_LOOP ( 'NONE', ( #4656, #8195, #3821, #2495 ) ) ;
#3541 = ORIENTED_EDGE ( 'NONE', *, *, #3903, .T. ) ;
#3542 = EDGE_CURVE ( 'NONE', #4776, #1832, #3305, .T. ) ;
#3543 = CARTESIAN_POINT ( 'NONE',  ( 2.987329384722530179, 41.83193545511299760, 14.12500000000000000 ) ) ;
#3544 = DIRECTION ( 'NONE',  ( 0.000000000000000000, -1.000000000000000000, 0.000000000000000000 ) ) ;
#3545 = ORIENTED_EDGE ( 'NONE', *, *, #4602, .F. ) ;
#3546 = EDGE_CURVE ( 'NONE', #7982, #2274, #2533, .T. ) ;
#3547 = VECTOR ( 'NONE', #762, 1000.000000000000000 ) ;
#3548 = CARTESIAN_POINT ( 'NONE',  ( 22.95773186007599875, 4.410623714452170496, 21.04854355087159945 ) ) ;
#3549 = CARTESIAN_POINT ( 'NONE',  ( 18.05862959721300243, 41.16198214542920653, 13.06850476785990089 ) ) ;
#3550 = CARTESIAN_POINT ( 'NONE',  ( 10.54689356123085275, 10.76907549016851640, 11.04368065607877192 ) ) ;
#3551 = CARTESIAN_POINT ( 'NONE',  ( 38.85854111252491094, 22.70771198066030294, 0.000000000000000000 ) ) ;
#3552 = EDGE_CURVE ( 'NONE', #9428, #4515, #7466, .T. ) ;
#3553 = VECTOR ( 'NONE', #5036, 1000.000000000000114 ) ;
#3554 = DIRECTION ( 'NONE',  ( -0.7669706070501114414, 0.6416822328233685591, 0.000000000000000000 ) ) ;
#3555 = AXIS2_PLACEMENT_3D ( 'NONE', #3898, #6149, #4675 ) ;
#3556 = LINE ( 'NONE', #5948, #10256 ) ;
#3557 = VERTEX_POINT ( 'NONE', #8981 ) ;
#3558 = FACE_OUTER_BOUND ( 'NONE', #1137, .T. ) ;
#3559 = EDGE_CURVE ( 'NONE', #3755, #1755, #4146, .T. ) ;
#3560 = LINE ( 'NONE', #9108, #6269 ) ;
#3561 = CARTESIAN_POINT ( 'NONE',  ( 9.981792343682279522, 4.441870019140828241, 12.03240200912265934 ) ) ;
#3562 = FACE_OUTER_BOUND ( 'NONE', #6036, .T. ) ;
#3563 = CIRCLE ( 'NONE', #4056, 4.125000000000001776 ) ;
#3564 = ORIENTED_EDGE ( 'NONE', *, *, #8566, .T. ) ;
#3565 = ORIENTED_EDGE ( 'NONE', *, *, #10284, .F. ) ;
#3566 = DIRECTION ( 'NONE',  ( 1.209560352721759856E-15, -0.8660254037844387076, -0.4999999999999998890 ) ) ;
#3567 = EDGE_CURVE ( 'NONE', #7092, #4763, #2636, .T. ) ;
#3568 = VECTOR ( 'NONE', #6335, 1000.000000000000114 ) ;
#3569 = LINE ( 'NONE', #7362, #1746 ) ;
#3570 = EDGE_LOOP ( 'NONE', ( #4615, #6762, #3032, #6971 ) ) ;
#3571 = DIRECTION ( 'NONE',  ( 0.6355433650282369396, 0.4383711467890769597, 0.6355433650282369396 ) ) ;
#3572 = AXIS2_PLACEMENT_3D ( 'NONE', #3337, #6525, #2816 ) ;
#3573 = PLANE ( 'NONE',  #9936 ) ;
#3574 = CARTESIAN_POINT ( 'NONE',  ( 10.13691883524352910, 15.06330431207817355, 8.831443430935387084 ) ) ;
#3575 = CARTESIAN_POINT ( 'NONE',  ( -6.037032755040620202, 36.12655446224179911, 20.00000000000000000 ) ) ;
#3576 = VECTOR ( 'NONE', #5686, 1000.000000000000000 ) ;
#3577 = FACE_OUTER_BOUND ( 'NONE', #4319, .T. ) ;
#3578 = EDGE_LOOP ( 'NONE', ( #8597, #9813, #2888, #3886 ) ) ;
#3579 = CARTESIAN_POINT ( 'NONE',  ( 9.216707831796149719, -2.600000000000000089, 14.13780600281379840 ) ) ;
#3580 = AXIS2_PLACEMENT_3D ( 'NONE', #5534, #10259, #9589 ) ;
#3581 = AXIS2_PLACEMENT_3D ( 'NONE', #9757, #9808, #5818 ) ;
#3582 = ORIENTED_EDGE ( 'NONE', *, *, #6341, .T. ) ;
#3583 = CARTESIAN_POINT ( 'NONE',  ( 10.07666353973159978, 13.99718353375900115, 11.17249635465359958 ) ) ;
#3584 = EDGE_LOOP ( 'NONE', ( #3664, #5879, #7949, #2648 ) ) ;
#3585 = LINE ( 'NONE', #8308, #1231 ) ;
#3586 = CARTESIAN_POINT ( 'NONE',  ( 8.824999999999999289, 17.08409838298220151, 10.00000000000000000 ) ) ;
#3587 = VERTEX_POINT ( 'NONE', #3523 ) ;
#3588 = VERTEX_POINT ( 'NONE', #233 ) ;
#3589 = DIRECTION ( 'NONE',  ( -0.7438799437236206513, 0.000000000000000000, -0.6683132718461777255 ) ) ;
#3590 = ORIENTED_EDGE ( 'NONE', *, *, #3421, .F. ) ;
#3591 = ORIENTED_EDGE ( 'NONE', *, *, #598, .F. ) ;
#3592 = ORIENTED_EDGE ( 'NONE', *, *, #533, .F. ) ;
#3593 = EDGE_CURVE ( 'NONE', #3716, #5552, #1857, .T. ) ;
#3594 = DIRECTION ( 'NONE',  ( -0.6488699952224910028, 0.1600323674314301781, -0.7438799437236200962 ) ) ;
#3595 = FACE_OUTER_BOUND ( 'NONE', #3836, .T. ) ;
#3596 = ORIENTED_EDGE ( 'NONE', *, *, #4947, .T. ) ;
#3597 = CARTESIAN_POINT ( 'NONE',  ( 20.11595104871250683, 3.799999990988495391, 24.93867151341659749 ) ) ;
#3598 = PLANE ( 'NONE',  #2227 ) ;
#3599 = CARTESIAN_POINT ( 'NONE',  ( 14.36638437382770128, 8.859581427496529216, 18.25547167035309926 ) ) ;
#3600 = CARTESIAN_POINT ( 'NONE',  ( -19.35854111226639418, 29.25100135070063345, 0.5000000128217441109 ) ) ;
#3601 = EDGE_CURVE ( 'NONE', #2760, #4748, #283, .T. ) ;
#3602 = ADVANCED_FACE ( 'NONE', ( #5702 ), #6696, .F. ) ;
#3603 = CARTESIAN_POINT ( 'NONE',  ( 11.39653598767590026, 6.060623714451930155, 18.46760379954079667 ) ) ;
#3604 = EDGE_CURVE ( 'NONE', #3456, #2436, #5089, .T. ) ;
#3605 = ORIENTED_EDGE ( 'NONE', *, *, #179, .F. ) ;
#3606 = DIRECTION ( 'NONE',  ( 0.000000000000000000, 0.000000000000000000, -1.000000000000000000 ) ) ;
#3607 = ORIENTED_EDGE ( 'NONE', *, *, #7991, .T. ) ;
#3608 = CARTESIAN_POINT ( 'NONE',  ( -8.489296103467983912, 37.33445756908098190, 6.596749257464431970 ) ) ;
#3609 = EDGE_CURVE ( 'NONE', #8237, #2869, #732, .T. ) ;
#3610 = CARTESIAN_POINT ( 'NONE',  ( 22.80751038396710229, 35.30817515512509885, 10.00000000000000000 ) ) ;
#3611 = DIRECTION ( 'NONE',  ( -0.6416822328233690031, -0.7669706070501109973, -2.038202117709779789E-16 ) ) ;
#3612 = EDGE_LOOP ( 'NONE', ( #6458, #6198, #1517, #8355 ) ) ;
#3613 = ORIENTED_EDGE ( 'NONE', *, *, #3495, .T. ) ;
#3614 = DIRECTION ( 'NONE',  ( 0.5705340520101066515, -0.4773345432410946998, -0.6683132718461786137 ) ) ;
#3615 = CARTESIAN_POINT ( 'NONE',  ( 12.08269222618249650, 23.62679762570714104, 9.776455376028231115 ) ) ;
#3616 = EDGE_CURVE ( 'NONE', #5226, #1145, #7315, .T. ) ;
#3617 = CARTESIAN_POINT ( 'NONE',  ( 1.779152903981390255, 41.12197405357139246, 13.25447475379079876 ) ) ;
#3618 = VECTOR ( 'NONE', #6880, 1000.000000000000114 ) ;
#3619 = DIRECTION ( 'NONE',  ( -6.120826529420450260E-15, 1.000000000000000000, 6.120826529420410028E-15 ) ) ;
#3620 = CARTESIAN_POINT ( 'NONE',  ( -4.996288190573380028, 40.25686567209389466, 14.80547490873260053 ) ) ;
#3621 = CYLINDRICAL_SURFACE ( 'NONE', #2345, 4.125000000000000000 ) ;
#3622 = EDGE_CURVE ( 'NONE', #8287, #6521, #9909, .T. ) ;
#3623 = CARTESIAN_POINT ( 'NONE',  ( 8.208383233532938306, -5.200000000000000178, 14.67500000000000071 ) ) ;
#3624 = ORIENTED_EDGE ( 'NONE', *, *, #3659, .T. ) ;
#3625 = DIRECTION ( 'NONE',  ( -0.9852709077549526295, 0.000000000000000000, 0.1710006968749884226 ) ) ;
#3626 = AXIS2_PLACEMENT_3D ( 'NONE', #5363, #7016, #9406 ) ;
#3627 = ORIENTED_EDGE ( 'NONE', *, *, #2727, .T. ) ;
#3628 = LINE ( 'NONE', #10008, #7560 ) ;
#3629 = AXIS2_PLACEMENT_3D ( 'NONE', #9369, #3811, #3125 ) ;
#3630 = ORIENTED_EDGE ( 'NONE', *, *, #2337, .F. ) ;
#3631 = VECTOR ( 'NONE', #1860, 1000.000000000000000 ) ;
#3632 = FACE_OUTER_BOUND ( 'NONE', #9999, .T. ) ;
#3633 = ORIENTED_EDGE ( 'NONE', *, *, #3859, .T. ) ;
#3634 = CARTESIAN_POINT ( 'NONE',  ( -7.754896269453883662, 37.94888962285652667, 10.00000000000000000 ) ) ;
#3635 = ORIENTED_EDGE ( 'NONE', *, *, #7101, .F. ) ;
#3636 = ORIENTED_EDGE ( 'NONE', *, *, #1693, .F. ) ;
#3637 = VECTOR ( 'NONE', #2138, 1000.000000000000114 ) ;
#3638 = AXIS2_PLACEMENT_3D ( 'NONE', #6642, #8804, #4292 ) ;
#3639 = VERTEX_POINT ( 'NONE', #5274 ) ;
#3640 = CARTESIAN_POINT ( 'NONE',  ( 12.94026628993038663, 44.69025901499720277, 6.596749257464417759 ) ) ;
#3641 = CYLINDRICAL_SURFACE ( 'NONE', #8130, 4.125000000000000000 ) ;
#3642 = VECTOR ( 'NONE', #87, 1000.000000000000114 ) ;
#3643 = ORIENTED_EDGE ( 'NONE', *, *, #10071, .F. ) ;
#3644 = DIRECTION ( 'NONE',  ( 0.2394571141604754927, 0.9709069422338770794, -4.436814144323860170E-16 ) ) ;
#3645 = CARTESIAN_POINT ( 'NONE',  ( 13.23190208582489902, -0.2000000000000050071, 20.00000000000000000 ) ) ;
#3646 = EDGE_CURVE ( 'NONE', #4138, #9371, #4493, .T. ) ;
#3647 = CIRCLE ( 'NONE', #6310, 4.175000000000001599 ) ;
#3648 = CONICAL_SURFACE ( 'NONE', #5467, 4.375000000000000888, 0.7853981633974532750 ) ;
#3649 = CARTESIAN_POINT ( 'NONE',  ( 13.51494979934670049, 34.25177603828559114, 10.00000000000000000 ) ) ;
#3650 = CARTESIAN_POINT ( 'NONE',  ( 34.55854145947857603, 5.200000996590357083, 9.200000000034249226 ) ) ;
#3651 = ORIENTED_EDGE ( 'NONE', *, *, #5900, .F. ) ;
#3652 = LINE ( 'NONE', #419, #2308 ) ;
#3653 = DIRECTION ( 'NONE',  ( 0.6218758237538278832, 0.7616392257849268210, -0.1821432117215331381 ) ) ;
#3654 = CIRCLE ( 'NONE', #1838, 3.249999999999999556 ) ;
#3655 = CARTESIAN_POINT ( 'NONE',  ( 8.433415663592310096, 0.000000000000000000, 14.13780600281379840 ) ) ;
#3656 = ORIENTED_EDGE ( 'NONE', *, *, #2088, .F. ) ;
#3657 = ORIENTED_EDGE ( 'NONE', *, *, #6090, .T. ) ;
#3658 = DIRECTION ( 'NONE',  ( -2.844015089247539971E-10, -1.000000000000000000, 0.000000000000000000 ) ) ;
#3659 = EDGE_CURVE ( 'NONE', #1032, #7232, #4401, .T. ) ;
#3660 = CARTESIAN_POINT ( 'NONE',  ( 10.20444561307323106, 9.394827469480105719, 8.842898553201141709 ) ) ;
#3661 = VECTOR ( 'NONE', #10310, 1000.000000000000000 ) ;
#3662 = FACE_OUTER_BOUND ( 'NONE', #10076, .T. ) ;
#3663 = DIRECTION ( 'NONE',  ( -0.6488699952224910028, 0.1600323674314316769, -0.7438799437236198742 ) ) ;
#3664 = ORIENTED_EDGE ( 'NONE', *, *, #7838, .F. ) ;
#3665 = CARTESIAN_POINT ( 'NONE',  ( -4.989229975566590092, 37.91587521909539760, 10.00000000000000000 ) ) ;
#3666 = CARTESIAN_POINT ( 'NONE',  ( 10.22297949192429911, -1.358051135436619816, -1.387778780781450113E-16 ) ) ;
#3667 = ADVANCED_FACE ( 'NONE', ( #8436 ), #7608, .T. ) ;
#3668 = ORIENTED_EDGE ( 'NONE', *, *, #2476, .F. ) ;
#3669 = VECTOR ( 'NONE', #3507, 1000.000000000000114 ) ;
#3670 = APPLICATION_CONTEXT ( 'automotive_design' ) ;
#3671 = DIRECTION ( 'NONE',  ( -0.7071067811865500152, 1.237815013031120106E-14, -0.7071067811865450192 ) ) ;
#3672 = EDGE_CURVE ( 'NONE', #2236, #146, #7564, .T. ) ;
#3673 = ORIENTED_EDGE ( 'NONE', *, *, #7925, .T. ) ;
#3674 = FACE_OUTER_BOUND ( 'NONE', #4066, .T. ) ;
#3675 = CARTESIAN_POINT ( 'NONE',  ( 23.94768135373709939, 23.61062371445099828, 20.05859405721059829 ) ) ;
#3676 = ORIENTED_EDGE ( 'NONE', *, *, #8247, .F. ) ;
#3677 = ADVANCED_FACE ( 'NONE', ( #1946 ), #427, .F. ) ;
#3678 = AXIS2_PLACEMENT_3D ( 'NONE', #9272, #8344, #9954 ) ;
#3679 = EDGE_LOOP ( 'NONE', ( #7617, #5862, #7506, #2945 ) ) ;
#3680 = FACE_OUTER_BOUND ( 'NONE', #10003, .T. ) ;
#3681 = CARTESIAN_POINT ( 'NONE',  ( 3.085874051645269844, 41.03226790236440280, 14.37500000000000000 ) ) ;
#3682 = EDGE_LOOP ( 'NONE', ( #9925, #8305, #9898, #3297 ) ) ;
#3683 = ORIENTED_EDGE ( 'NONE', *, *, #4627, .F. ) ;
#3684 = EDGE_CURVE ( 'NONE', #4999, #4363, #8234, .T. ) ;
#3685 = ORIENTED_EDGE ( 'NONE', *, *, #2445, .T. ) ;
#3686 = LINE ( 'NONE', #854, #689 ) ;
#3687 = CARTESIAN_POINT ( 'NONE',  ( 13.65839009415729954, 41.83523786601629979, 14.37500000000000000 ) ) ;
#3688 = DIRECTION ( 'NONE',  ( 0.000000000000000000, 0.000000000000000000, 1.000000000000000000 ) ) ;
#3689 = EDGE_LOOP ( 'NONE', ( #4229, #1384, #4437, #2440 ) ) ;
#3690 = CARTESIAN_POINT ( 'NONE',  ( 21.19687210916189457, 36.65570784405414884, 10.00000000000000000 ) ) ;
#3691 = AXIS2_PLACEMENT_3D ( 'NONE', #779, #7129, #6367 ) ;
#3692 = CARTESIAN_POINT ( 'NONE',  ( 2.652089424897849934, 43.19120517424039463, 14.12500000000000000 ) ) ;
#3693 = FACE_OUTER_BOUND ( 'NONE', #2755, .T. ) ;
#3694 = DIRECTION ( 'NONE',  ( 0.000000000000000000, 0.000000000000000000, 1.000000000000000000 ) ) ;
#3695 = AXIS2_PLACEMENT_3D ( 'NONE', #1584, #4469, #4709 ) ;
#3696 = ORIENTED_EDGE ( 'NONE', *, *, #6831, .T. ) ;
#3697 = DIRECTION ( 'NONE',  ( 0.6416822328233701134, -0.7669706070501099981, 0.000000000000000000 ) ) ;
#3698 = AXIS2_PLACEMENT_3D ( 'NONE', #1886, #4387, #4479 ) ;
#3699 = CARTESIAN_POINT ( 'NONE',  ( 8.979864735899006689, 6.895128356513292367, 9.398542448235748026 ) ) ;
#3700 = CARTESIAN_POINT ( 'NONE',  ( 5.193999999999999950, -5.200000000000000178, 7.313248654051839104 ) ) ;
#3701 = VERTEX_POINT ( 'NONE', #2046 ) ;
#3702 = ORIENTED_EDGE ( 'NONE', *, *, #6853, .F. ) ;
#3703 = CARTESIAN_POINT ( 'NONE',  ( 15.43109297578529926, 38.72012334294999647, 14.12500000000000000 ) ) ;
#3704 = DIRECTION ( 'NONE',  ( -0.7071067811865481278, -1.734723475976806148E-14, -0.7071067811865467956 ) ) ;
#3705 = AXIS2_PLACEMENT_3D ( 'NONE', #4829, #2379, #5603 ) ;
#3706 = ORIENTED_EDGE ( 'NONE', *, *, #6414, .T. ) ;
#3707 = CARTESIAN_POINT ( 'NONE',  ( 9.736701163498933553, 8.728365969474111807, 8.849720215898930320 ) ) ;
#3708 = CARTESIAN_POINT ( 'NONE',  ( 19.28639424186830098, 25.64366384225559869, 23.17548153839389968 ) ) ;
#3709 = CARTESIAN_POINT ( 'NONE',  ( -6.839135546069820215, 37.08526772105440017, 1.250000000000000000 ) ) ;
#3710 = EDGE_LOOP ( 'NONE', ( #2679, #10068, #5053, #3362, #2730 ) ) ;
#3711 = EDGE_CURVE ( 'NONE', #7076, #6712, #1284, .T. ) ;
#3712 = DIRECTION ( 'NONE',  ( -0.5125766358075055651, -0.4288447525037442642, -0.7438799437236238710 ) ) ;
#3713 = MECHANICAL_DESIGN_GEOMETRIC_PRESENTATION_REPRESENTATION (  '', ( #7694 ), #8217 ) ;
#3714 = VECTOR ( 'NONE', #61, 1000.000000000000000 ) ;
#3715 = DIRECTION ( 'NONE',  ( 0.7071067811865490160, 3.976541677442609697E-16, -0.7071067811865460184 ) ) ;
#3716 = VERTEX_POINT ( 'NONE', #8782 ) ;
#3717 = CARTESIAN_POINT ( 'NONE',  ( 11.56658433640770234, 0.000000000000000000, 14.13780600281379840 ) ) ;
#3718 = ADVANCED_FACE ( 'NONE', ( #4950 ), #5674, .F. ) ;
#3719 = AXIS2_PLACEMENT_3D ( 'NONE', #2209, #6847, #1271 ) ;
#3720 = ORIENTED_EDGE ( 'NONE', *, *, #477, .F. ) ;
#3721 = CARTESIAN_POINT ( 'NONE',  ( 2.037153248451200049, 40.77361936853569802, 13.06850476785990089 ) ) ;
#3722 = AXIS2_PLACEMENT_3D ( 'NONE', #9734, #2608, #3387 ) ;
#3723 = EDGE_CURVE ( 'NONE', #4776, #5961, #7279, .T. ) ;
#3724 = EDGE_LOOP ( 'NONE', ( #8698, #5779, #5752, #1646 ) ) ;
#3725 = ADVANCED_FACE ( 'NONE', ( #29 ), #4078, .F. ) ;
#3726 = ADVANCED_FACE ( 'NONE', ( #820 ), #140, .F. ) ;
#3727 = AXIS2_PLACEMENT_3D ( 'NONE', #7248, #9639, #5860 ) ;
#3728 = DIRECTION ( 'NONE',  ( 0.000000000000000000, -1.000000000000000000, 0.000000000000000000 ) ) ;
#3729 = ORIENTED_EDGE ( 'NONE', *, *, #6854, .T. ) ;
#3730 = EDGE_LOOP ( 'NONE', ( #9042, #3261, #3490, #4145, #9014 ) ) ;
#3731 = DIRECTION ( 'NONE',  ( -1.000000000000000000, -5.589694649448180229E-15, 0.000000000000000000 ) ) ;
#3732 = DIRECTION ( 'NONE',  ( 0.6416822328233690031, -0.7669706070501109973, 0.000000000000000000 ) ) ;
#3733 = EDGE_LOOP ( 'NONE', ( #2777, #1988 ) ) ;
#3734 = VECTOR ( 'NONE', #6145, 1000.000000000000000 ) ;
#3735 = ORIENTED_EDGE ( 'NONE', *, *, #3128, .F. ) ;
#3736 = EDGE_CURVE ( 'NONE', #2704, #3995, #877, .T. ) ;
#3737 = VERTEX_POINT ( 'NONE', #4008 ) ;
#3738 = AXIS2_PLACEMENT_3D ( 'NONE', #1264, #2788, #7658 ) ;
#3739 = CARTESIAN_POINT ( 'NONE',  ( 9.310958812555561792, 11.63866600204717372, 11.17418784565342094 ) ) ;
#3740 = DIRECTION ( 'NONE',  ( -0.7071067811865467956, -0.000000000000000000, -0.7071067811865483499 ) ) ;
#3741 = EDGE_CURVE ( 'NONE', #5428, #5775, #4892, .T. ) ;
#3742 = VERTEX_POINT ( 'NONE', #932 ) ;
#3743 = CARTESIAN_POINT ( 'NONE',  ( 9.649608524584401437, 17.08409838298220151, 8.878460516095799449 ) ) ;
#3744 = CARTESIAN_POINT ( 'NONE',  ( 8.960173010012020711, 9.839803361045364127, 10.55819339213219621 ) ) ;
#3745 = CARTESIAN_POINT ( 'NONE',  ( 34.00000000000000000, 11.28430686604839828, 10.00000000000000000 ) ) ;
#3746 = CARTESIAN_POINT ( 'NONE',  ( 23.88908920387530088, 3.800000787763852195, 20.00000000000000000 ) ) ;
#3747 = ORIENTED_EDGE ( 'NONE', *, *, #3218, .F. ) ;
#3748 = DIRECTION ( 'NONE',  ( 0.000000000000000000, 1.000000000000000000, 0.000000000000000000 ) ) ;
#3749 = ORIENTED_EDGE ( 'NONE', *, *, #5218, .T. ) ;
#3750 = CARTESIAN_POINT ( 'NONE',  ( 18.22084709601859842, 41.12197405357139246, 13.25447475379079876 ) ) ;
#3751 = CARTESIAN_POINT ( 'NONE',  ( 21.09424347782210063, 5.858089215499240332, 23.14485314326240228 ) ) ;
#3752 = CARTESIAN_POINT ( 'NONE',  ( 19.31222850319100104, 11.36895201411960166, 24.08977251333929814 ) ) ;
#3753 = CARTESIAN_POINT ( 'NONE',  ( 9.586370365742562072, 4.424695058952446303, 11.63698003118294011 ) ) ;
#3754 = DIRECTION ( 'NONE',  ( 0.7071067811865489050, 3.976541677442609204E-16, -0.7071067811865460184 ) ) ;
#3755 = VERTEX_POINT ( 'NONE', #7168 ) ;
#3756 = DIRECTION ( 'NONE',  ( 0.7669706070501099981, -0.6416822328233701134, 0.000000000000000000 ) ) ;
#3757 = CARTESIAN_POINT ( 'NONE',  ( 15.20061508947802942, 20.66205238419150447, 27.00276465776692802 ) ) ;
#3758 = B_SPLINE_CURVE_WITH_KNOTS ( 'NONE', 3,
 ( #5578, #4538, #7862, #3961 ),
 .UNSPECIFIED., .F., .F.,
 ( 4, 4 ),
 ( 0.000000000000000000, 1.000000000000000000 ),
 .UNSPECIFIED. ) ;
#3759 = FACE_OUTER_BOUND ( 'NONE', #1762, .T. ) ;
#3760 = CARTESIAN_POINT ( 'NONE',  ( -2.233361407650049646, 39.17849452565919677, 13.25447475379090001 ) ) ;
#3761 = ORIENTED_EDGE ( 'NONE', *, *, #2401, .T. ) ;
#3762 = DIRECTION ( 'NONE',  ( 0.9709069422338770794, -0.2394571141604749931, 0.000000000000000000 ) ) ;
#3763 = CARTESIAN_POINT ( 'NONE',  ( 6.246267509371030258, 35.21994845389350104, 10.00000000000000000 ) ) ;
#3764 = DIRECTION ( 'NONE',  ( -0.7222382015498078900, -0.1781273446059149501, -0.6683132718461789468 ) ) ;
#3765 = ORIENTED_EDGE ( 'NONE', *, *, #3234, .T. ) ;
#3766 = LINE ( 'NONE', #2938, #5059 ) ;
#3767 = EDGE_CURVE ( 'NONE', #2063, #4581, #4730, .T. ) ;
#3768 = DIRECTION ( 'NONE',  ( -0.9709069422338770794, 0.2394571141604749931, 0.000000000000000000 ) ) ;
#3769 = EDGE_LOOP ( 'NONE', ( #8072, #8302, #1012, #8659 ) ) ;
#3770 = CARTESIAN_POINT ( 'NONE',  ( 10.00000000000000000, 42.84051189585739650, 20.00000000000000000 ) ) ;
#3771 = EDGE_LOOP ( 'NONE', ( #651, #349, #6078, #1417, #7649 ) ) ;
#3772 = B_SPLINE_CURVE_WITH_KNOTS ( 'NONE', 3,
 ( #273, #3345, #5753, #6533, #4912, #7188, #9691, #9799, #6639, #8081, #8969, #9581, #5635, #1676, #9637, #1790 ),
 .UNSPECIFIED., .F., .F.,
 ( 4, 2, 2, 1, 1, 1, 1, 2, 2, 4 ),
 ( 0.000000000000000000, 0.2500000000000094369, 0.3750000000000131561, 0.4375000000000149880, 0.4687500000000151545, 0.4843750000000159872, 0.4921875000000163758, 0.4960937500000165423, 0.5000000000000167644, 1.000000000000000000 ),
 .UNSPECIFIED. ) ;
#3773 = ADVANCED_FACE ( 'NONE', ( #3272 ), #4065, .F. ) ;
#3774 = VECTOR ( 'NONE', #4188, 1000.000000000000000 ) ;
#3775 = DIRECTION ( 'NONE',  ( 0.000000000000000000, -1.000000000000000000, 0.000000000000000000 ) ) ;
#3776 = ORIENTED_EDGE ( 'NONE', *, *, #3193, .F. ) ;
#3777 = ORIENTED_EDGE ( 'NONE', *, *, #18, .T. ) ;
#3778 = CARTESIAN_POINT ( 'NONE',  ( 23.60775511738789945, 11.34288672048960045, 19.71866782086119940 ) ) ;
#3779 = LINE ( 'NONE', #8807, #7633 ) ;
#3780 = VERTEX_POINT ( 'NONE', #8115 ) ;
#3781 = ORIENTED_EDGE ( 'NONE', *, *, #9002, .F. ) ;
#3782 = ADVANCED_FACE ( 'NONE', ( #9674 ), #3244, .F. ) ;
#3783 = EDGE_CURVE ( 'NONE', #6104, #9038, #6407, .T. ) ;
#3784 = CIRCLE ( 'NONE', #5444, 4.125000000000000000 ) ;
#3785 = ORIENTED_EDGE ( 'NONE', *, *, #2260, .F. ) ;
#3786 = DIRECTION ( 'NONE',  ( 1.000000000000000000, 0.000000000000000000, 0.000000000000000000 ) ) ;
#3787 = CARTESIAN_POINT ( 'NONE',  ( -0.6304334060451066701, 30.87489976453969831, 10.00000000000000000 ) ) ;
#3788 = ORIENTED_EDGE ( 'NONE', *, *, #3373, .F. ) ;
#3789 = VECTOR ( 'NONE', #270, 1000.000000000000000 ) ;
#3790 = CYLINDRICAL_SURFACE ( 'NONE', #2673, 1.175000000000000488 ) ;
#3791 = AXIS2_PLACEMENT_3D ( 'NONE', #5595, #9598, #5653 ) ;
#3792 = EDGE_CURVE ( 'NONE', #9922, #5893, #5613, .T. ) ;
#3793 = EDGE_CURVE ( 'NONE', #6029, #9223, #1774, .T. ) ;
#3794 = CARTESIAN_POINT ( 'NONE',  ( 9.176721197783734851, 10.17447626202161359, 10.84153550467874538 ) ) ;
#3795 = CARTESIAN_POINT ( 'NONE',  ( -3.776773447056230193, 38.93027108415750348, 14.12500000000000000 ) ) ;
#3796 = EDGE_CURVE ( 'NONE', #4568, #2704, #7338, .T. ) ;
#3797 = VECTOR ( 'NONE', #3740, 999.9999999999998863 ) ;
#3798 = FACE_OUTER_BOUND ( 'NONE', #843, .T. ) ;
#3799 = ORIENTED_EDGE ( 'NONE', *, *, #2254, .T. ) ;
#3800 = CARTESIAN_POINT ( 'NONE',  ( -8.027592556015660463, 37.19920722726249807, 13.10569876504609965 ) ) ;
#3801 = ORIENTED_EDGE ( 'NONE', *, *, #4367, .T. ) ;
#3802 = DIRECTION ( 'NONE',  ( 0.7071067811865450192, 8.656155890839430614E-15, -0.7071067811865500152 ) ) ;
#3803 = FACE_OUTER_BOUND ( 'NONE', #9877, .T. ) ;
#3804 = CARTESIAN_POINT ( 'NONE',  ( -7.358541220828723972, 3.800000787765239529, 18.91715729546566394 ) ) ;
#3805 = DIRECTION ( 'NONE',  ( -0.7196523924529730776, 0.2449802248585850606, -0.6496807858209669995 ) ) ;
#3806 = ADVANCED_FACE ( 'NONE', ( #3947 ), #10289, .F. ) ;
#3807 = CARTESIAN_POINT ( 'NONE',  ( 11.17500000000000249, 11.28430686604840005, 10.00000000000000000 ) ) ;
#3808 = FACE_OUTER_BOUND ( 'NONE', #8711, .T. ) ;
#3809 = AXIS2_PLACEMENT_3D ( 'NONE', #8859, #2575, #4852 ) ;
#3810 = EDGE_CURVE ( 'NONE', #6301, #8141, #2759, .T. ) ;
#3811 = DIRECTION ( 'NONE',  ( -0.9999999999999997780, 0.000000000000000000, 2.113436893093974384E-08 ) ) ;
#3812 = CARTESIAN_POINT ( 'NONE',  ( -9.358541061516554294, 46.44749149940778921, 26.22427590696688426 ) ) ;
#3813 = VECTOR ( 'NONE', #7400, 1000.000000000000000 ) ;
#3814 = VERTEX_POINT ( 'NONE', #5786 ) ;
#3815 = DIRECTION ( 'NONE',  ( -0.7071067811865474617, 0.000000000000000000, 0.7071067811865474617 ) ) ;
#3816 = CARTESIAN_POINT ( 'NONE',  ( 12.09999999999995879, 2.000000000000000000, 10.00000000000000000 ) ) ;
#3817 = CARTESIAN_POINT ( 'NONE',  ( 10.95599855657506083, 4.150635573917284660, 10.95498089164481925 ) ) ;
#3818 = ORIENTED_EDGE ( 'NONE', *, *, #1316, .T. ) ;
#3819 = CARTESIAN_POINT ( 'NONE',  ( 16.49705127018919981, -2.700000000000000178, 15.22811389351489986 ) ) ;
#3820 = CARTESIAN_POINT ( 'NONE',  ( 3.297425896870070705, 38.40653489464529713, 10.00000000000000000 ) ) ;
#3821 = ORIENTED_EDGE ( 'NONE', *, *, #5382, .T. ) ;
#3822 = FACE_OUTER_BOUND ( 'NONE', #765, .T. ) ;
#3823 =( BOUNDED_CURVE ( )  B_SPLINE_CURVE ( 2, ( #2691, #2588, #8983 ),
 .UNSPECIFIED., .F., .T. ) 
 B_SPLINE_CURVE_WITH_KNOTS ( ( 3, 3 ),
 ( 0.4805040733891359772, 0.7278178157129009396 ),
 .UNSPECIFIED. ) 
 CURVE ( )  GEOMETRIC_REPRESENTATION_ITEM ( )  RATIONAL_B_SPLINE_CURVE ( ( 1.510822096674860004, 1.577503677687559946, 1.577503677687569938 ) ) 
 REPRESENTATION_ITEM ( '' )  );
#3824 = DIRECTION ( 'NONE',  ( 0.2394571141604749931, 0.9709069422338770794, -3.640434989708339127E-17 ) ) ;
#3825 = ORIENTED_EDGE ( 'NONE', *, *, #5649, .F. ) ;
#3826 = AXIS2_PLACEMENT_3D ( 'NONE', #7911, #7020, #774 ) ;
#3827 = EDGE_CURVE ( 'NONE', #4110, #8399, #6576, .T. ) ;
#3828 = CARTESIAN_POINT ( 'NONE',  ( -6.799148781361640026, 28.34494539931398904, 0.5000000000000002220 ) ) ;
#3829 = VERTEX_POINT ( 'NONE', #2499 ) ;
#3830 = ORIENTED_EDGE ( 'NONE', *, *, #9291, .F. ) ;
#3831 = CARTESIAN_POINT ( 'NONE',  ( 13.65927759264089936, 5.034314593714809938, 11.60866792719929919 ) ) ;
#3832 = CARTESIAN_POINT ( 'NONE',  ( 11.70005419238291466, 17.39999999999999858, 23.60804295986800483 ) ) ;
#3833 = ORIENTED_EDGE ( 'NONE', *, *, #491, .F. ) ;
#3834 = ORIENTED_EDGE ( 'NONE', *, *, #4627, .T. ) ;
#3835 = CIRCLE ( 'NONE', #5180, 4.174999999999999822 ) ;
#3836 = EDGE_LOOP ( 'NONE', ( #6237, #4320, #9237, #1675 ) ) ;
#3837 = CARTESIAN_POINT ( 'NONE',  ( 12.09999999999999964, 0.000000000000000000, 10.00000000000000000 ) ) ;
#3838 = EDGE_CURVE ( 'NONE', #8715, #3737, #1597, .T. ) ;
#3839 = ORIENTED_EDGE ( 'NONE', *, *, #1749, .F. ) ;
#3840 = STYLED_ITEM ( 'NONE', ( #1713 ), #7834 ) ;
#3841 = FACE_OUTER_BOUND ( 'NONE', #7329, .T. ) ;
#3842 = CARTESIAN_POINT ( 'NONE',  ( 8.828936421402167056, 9.260122245764522475, 10.10375178371709204 ) ) ;
#3843 = CARTESIAN_POINT ( 'NONE',  ( 12.63966450204680037, 44.76439715687979515, 17.50000000000000000 ) ) ;
#3844 = DIRECTION ( 'NONE',  ( -0.8416279803464539189, 0.000000000000000000, 0.5400577216353349419 ) ) ;
#3845 = ORIENTED_EDGE ( 'NONE', *, *, #2598, .T. ) ;
#3846 = EDGE_CURVE ( 'NONE', #10261, #742, #8725, .T. ) ;
#3847 = DIRECTION ( 'NONE',  ( 0.9709069422338768574, 0.2394571141604759368, 0.000000000000000000 ) ) ;
#3848 = CARTESIAN_POINT ( 'NONE',  ( 22.63409573796169738, 5.685776583048850696, 20.58348607252000306 ) ) ;
#3849 = EDGE_CURVE ( 'NONE', #596, #4999, #4004, .T. ) ;
#3850 = CARTESIAN_POINT ( 'NONE',  ( 10.00000014901159950, 10.80000000000000071, 20.00000000000000000 ) ) ;
#3851 = VECTOR ( 'NONE', #728, 1000.000000000000000 ) ;
#3853 = EDGE_CURVE ( 'NONE', #988, #4268, #6573, .T. ) ;
#3852 = CARTESIAN_POINT ( 'NONE',  ( 27.00000000000000000, 5.200000770165250863, 0.5000000000000000000 ) ) ;
#3854 = DIRECTION ( 'NONE',  ( 0.7222382015498088892, -0.1781273446059149501, -0.6683132718461779476 ) ) ;
#3855 = DIRECTION ( 'NONE',  ( -2.113436893093974384E-08, 2.557651202817933734E-12, -0.9999999999999997780 ) ) ;
#3856 = DIRECTION ( 'NONE',  ( 0.000000000000000000, -1.000000000000000000, 0.000000000000000000 ) ) ;
#3857 = DIRECTION ( 'NONE',  ( 0.000000000000000000, 0.000000000000000000, 1.000000000000000000 ) ) ;
#3858 = AXIS2_PLACEMENT_3D ( 'NONE', #2312, #5486, #746 ) ;
#3859 = EDGE_CURVE ( 'NONE', #8011, #3137, #4062, .T. ) ;
#3860 = DIRECTION ( 'NONE',  ( 1.000000000000000000, 0.000000000000000000, 0.000000000000000000 ) ) ;
#3861 = DIRECTION ( 'NONE',  ( 0.6546536707079777528, 0.6546536707079777528, -0.3779644730092253657 ) ) ;
#3862 = EDGE_LOOP ( 'NONE', ( #4337, #2163, #3914, #8610 ) ) ;
#3863 = DIRECTION ( 'NONE',  ( 1.000000000000000000, 0.000000000000000000, 0.000000000000000000 ) ) ;
#3864 = CARTESIAN_POINT ( 'NONE',  ( -6.799148781361640026, 19.99999999999999645, 2.303897603957321127 ) ) ;
#3865 = DIRECTION ( 'NONE',  ( 0.000000000000000000, -1.000000000000000000, 0.000000000000000000 ) ) ;
#3867 = EDGE_CURVE ( 'NONE', #9433, #3445, #3217, .T. ) ;
#3866 = CARTESIAN_POINT ( 'NONE',  ( 19.72924294276119994, 31.62887638810719793, 10.00000000000000000 ) ) ;
#3868 = ORIENTED_EDGE ( 'NONE', *, *, #2137, .F. ) ;
#3869 = AXIS2_PLACEMENT_3D ( 'NONE', #7417, #6548, #172 ) ;
#3870 = CARTESIAN_POINT ( 'NONE',  ( 9.205953647222965941, 19.61695368747749413, 10.97461989129114635 ) ) ;
#3871 = ORIENTED_EDGE ( 'NONE', *, *, #5009, .F. ) ;
#3872 = DIRECTION ( 'NONE',  ( -6.120826529420450260E-15, 1.000000000000000000, 6.120826529420420283E-15 ) ) ;
#3873 = VECTOR ( 'NONE', #4738, 1000.000000000000114 ) ;
#3874 = VECTOR ( 'NONE', #6436, 1000.000000000000227 ) ;
#3875 = CARTESIAN_POINT ( 'NONE',  ( 11.96508754090320004, 44.72477672990360276, 12.27633746986299990 ) ) ;
#3876 = ORIENTED_EDGE ( 'NONE', *, *, #156, .F. ) ;
#3877 = DIRECTION ( 'NONE',  ( -8.562890349502529846E-16, -1.000000000000000000, -6.123233995736759873E-17 ) ) ;
#3878 = DIRECTION ( 'NONE',  ( 1.000000000000000000, 1.396679990490020130E-15, 0.000000000000000000 ) ) ;
#3879 = ORIENTED_EDGE ( 'NONE', *, *, #4720, .T. ) ;
#3880 = LINE ( 'NONE', #7209, #5892 ) ;
#3881 = VECTOR ( 'NONE', #10158, 1000.000000000000000 ) ;
#3882 = EDGE_LOOP ( 'NONE', ( #7881, #2059, #1179, #1789, #8758 ) ) ;
#3883 = EDGE_LOOP ( 'NONE', ( #6883, #8926, #3148, #464 ) ) ;
#3884 = AXIS2_PLACEMENT_3D ( 'NONE', #803, #2369, #5545 ) ;
#3885 = CARTESIAN_POINT ( 'NONE',  ( 9.350729485051928691, 7.242241995541830235, 8.988937858226661248 ) ) ;
#3886 = ORIENTED_EDGE ( 'NONE', *, *, #6341, .F. ) ;
#3887 = AXIS2_PLACEMENT_3D ( 'NONE', #9055, #1881, #9842 ) ;
#3888 = DIRECTION ( 'NONE',  ( 0.5705340520101068735, -0.4773345432410939226, -0.6683132718461789468 ) ) ;
#3890 = EDGE_LOOP ( 'NONE', ( #1285, #8351, #6807, #7839 ) ) ;
#3889 = VECTOR ( 'NONE', #8181, 1000.000000000000000 ) ;
#3891 = CARTESIAN_POINT ( 'NONE',  ( 12.49255140368310002, 4.410623714452170496, 10.44194173824149807 ) ) ;
#3892 = DIRECTION ( 'NONE',  ( -0.7669706070501115525, -0.6416822328233681150, 0.000000000000000000 ) ) ;
#3893 = VECTOR ( 'NONE', #4122, 1000.000000000000000 ) ;
#3894 = DIRECTION ( 'NONE',  ( -0.8416279803464475906, 0.000000000000000000, -0.5400577216353448229 ) ) ;
#3895 = EDGE_CURVE ( 'NONE', #3137, #6568, #7111, .T. ) ;
#3896 = AXIS2_PLACEMENT_3D ( 'NONE', #5537, #9383, #5647 ) ;
#3897 = CARTESIAN_POINT ( 'NONE',  ( 9.567290730901850893, 8.446060840840711847, 8.907426600945260731 ) ) ;
#3898 = CARTESIAN_POINT ( 'NONE',  ( -6.500000000000000000, 11.35385599033019943, 19.50000000000000000 ) ) ;
#3899 = EDGE_LOOP ( 'NONE', ( #531, #8331, #9389, #5541 ) ) ;
#3900 = DIRECTION ( 'NONE',  ( -1.000000000000000000, -0.000000000000000000, -0.000000000000000000 ) ) ;
#3901 = CARTESIAN_POINT ( 'NONE',  ( 9.992656023577749735, 12.43299280024645093, 8.825007847023856655 ) ) ;
#3902 = FACE_BOUND ( 'NONE', #135, .T. ) ;
#3903 = EDGE_CURVE ( 'NONE', #4511, #9395, #593, .T. ) ;
#3904 = DIRECTION ( 'NONE',  ( 0.000000000000000000, -1.000000000000000000, 0.000000000000000000 ) ) ;
#3905 = DIRECTION ( 'NONE',  ( -0.7669706070501109973, -0.6416822328233690031, 0.000000000000000000 ) ) ;
#3906 = LINE ( 'NONE', #5517, #5236 ) ;
#3907 = CARTESIAN_POINT ( 'NONE',  ( 15.01993645344910000, 23.47718947202200113, 26.92792522093419905 ) ) ;
#3908 = EDGE_CURVE ( 'NONE', #6991, #5333, #6906, .T. ) ;
#3909 = LINE ( 'NONE', #6313, #8686 ) ;
#3910 = EDGE_CURVE ( 'NONE', #386, #3468, #9284, .T. ) ;
#3911 = EDGE_CURVE ( 'NONE', #4149, #2941, #643, .T. ) ;
#3912 = CARTESIAN_POINT ( 'NONE',  ( -6.299148781361640914, 30.65797729785606052, 0.000000000000000000 ) ) ;
#3913 = DIRECTION ( 'NONE',  ( -0.7669706070501114414, 0.6416822328233685591, 0.000000000000000000 ) ) ;
#3914 = ORIENTED_EDGE ( 'NONE', *, *, #996, .T. ) ;
#3915 = LINE ( 'NONE', #8542, #688 ) ;
#3916 = CARTESIAN_POINT ( 'NONE',  ( 9.999969200023697269, 20.48410435067412649, 11.15030477931984798 ) ) ;
#3917 = DIRECTION ( 'NONE',  ( -0.9999999999999995559, -2.900003869181453072E-08, 0.000000000000000000 ) ) ;
#3918 = CARTESIAN_POINT ( 'NONE',  ( 9.169149531860879776, 7.660623713885319930, 9.169149532351189791 ) ) ;
#3919 = ORIENTED_EDGE ( 'NONE', *, *, #741, .T. ) ;
#3920 = DIRECTION ( 'NONE',  ( -0.9999999999999995559, -2.900003868580416029E-08, 0.000000000000000000 ) ) ;
#3921 = EDGE_CURVE ( 'NONE', #1878, #2091, #9338, .T. ) ;
#3922 = CARTESIAN_POINT ( 'NONE',  ( -4.475884189307890004, 37.30229873345540170, 10.00000000000000000 ) ) ;
#3923 = EDGE_CURVE ( 'NONE', #1486, #8870, #6033, .T. ) ;
#3924 = CARTESIAN_POINT ( 'NONE',  ( 8.809438359853867695, 21.20137598120501110, 10.82971336059410916 ) ) ;
#3925 = ORIENTED_EDGE ( 'NONE', *, *, #7361, .F. ) ;
#3926 = CARTESIAN_POINT ( 'NONE',  ( 12.80123498229159829, 42.87061195363209976, 13.06850476785990089 ) ) ;
#3927 = EDGE_CURVE ( 'NONE', #4363, #8336, #10169, .T. ) ;
#3928 = DIRECTION ( 'NONE',  ( -0.7071067811865490160, -3.976541677442609697E-16, 0.7071067811865460184 ) ) ;
#3929 = ORIENTED_EDGE ( 'NONE', *, *, #2196, .T. ) ;
#3930 = LINE ( 'NONE', #9482, #2014 ) ;
#3931 = CARTESIAN_POINT ( 'NONE',  ( 10.00000000000000000, 11.28430686604839828, 11.17499999999999893 ) ) ;
#3932 = ORIENTED_EDGE ( 'NONE', *, *, #3218, .T. ) ;
#3933 = FACE_OUTER_BOUND ( 'NONE', #5210, .T. ) ;
#3934 = DIRECTION ( 'NONE',  ( 0.2394571141604750486, 0.9709069422338773014, -3.520008686409985325E-18 ) ) ;
#3935 = VERTEX_POINT ( 'NONE', #3831 ) ;
#3936 = ORIENTED_EDGE ( 'NONE', *, *, #8677, .F. ) ;
#3937 = CARTESIAN_POINT ( 'NONE',  ( 9.169985586883688811, 7.657987648289459770, 9.168313477328378980 ) ) ;
#3938 = EDGE_CURVE ( 'NONE', #920, #4160, #8526, .T. ) ;
#3939 = VECTOR ( 'NONE', #8587, 1000.000000000000000 ) ;
#3940 = CARTESIAN_POINT ( 'NONE',  ( 9.923336460268869175, 13.99718353375900115, 11.17249635465350011 ) ) ;
#3941 = ORIENTED_EDGE ( 'NONE', *, *, #6030, .T. ) ;
#3942 = CARTESIAN_POINT ( 'NONE',  ( 8.778338221512221651, 21.22058775950281628, 9.188133540079833850 ) ) ;
#3943 = ORIENTED_EDGE ( 'NONE', *, *, #7501, .F. ) ;
#3944 = DIRECTION ( 'NONE',  ( -0.2394571141604759368, 0.9709069422338768574, 1.705833612411384868E-17 ) ) ;
#3945 = CARTESIAN_POINT ( 'NONE',  ( 26.00000000000000000, 21.35385599033020299, 20.00000000000000000 ) ) ;
#3946 = AXIS2_PLACEMENT_3D ( 'NONE', #38, #147, #3229 ) ;
#3947 = FACE_OUTER_BOUND ( 'NONE', #2807, .T. ) ;
#3948 = DIRECTION ( 'NONE',  ( 0.9999999999995112798, 0.000000000000000000, -9.886856506134235806E-07 ) ) ;
#3949 = CARTESIAN_POINT ( 'NONE',  ( 27.00000000000000000, 5.200000762865995441, 19.00000000000000000 ) ) ;
#3950 = VECTOR ( 'NONE', #5687, 1000.000000000000114 ) ;
#3951 = PLANE ( 'NONE',  #8449 ) ;
#3952 = AXIS2_PLACEMENT_3D ( 'NONE', #3526, #2641, #6700 ) ;
#3953 = ORIENTED_EDGE ( 'NONE', *, *, #6098, .T. ) ;
#3954 = DIRECTION ( 'NONE',  ( 0.5705340520101077617, 0.4773345432410947553, -0.6683132718461777255 ) ) ;
#3955 = EDGE_CURVE ( 'NONE', #9496, #535, #6952, .T. ) ;
#3956 = CARTESIAN_POINT ( 'NONE',  ( 7.865308973978891949, 23.75747067855218120, 10.07143933773262567 ) ) ;
#3957 = CARTESIAN_POINT ( 'NONE',  ( 19.21147698348709909, 11.66146028973620119, 25.03867152242810334 ) ) ;
#3958 = FACE_OUTER_BOUND ( 'NONE', #5757, .T. ) ;
#3959 = CARTESIAN_POINT ( 'NONE',  ( 10.20000000000000107, -5.200000000000000178, 10.00000000000000000 ) ) ;
#3960 = CARTESIAN_POINT ( 'NONE',  ( 11.68410476065519887, 22.58792129481160060, 9.408762512076009443 ) ) ;
#3961 = CARTESIAN_POINT ( 'NONE',  ( 9.923336460268869175, 13.99718353375900115, 11.17249635465350011 ) ) ;
#3962 = FACE_OUTER_BOUND ( 'NONE', #3986, .T. ) ;
#3963 = CARTESIAN_POINT ( 'NONE',  ( 27.04544845793257579, 38.54244568821824402, 10.00000000000000000 ) ) ;
#3964 = ORIENTED_EDGE ( 'NONE', *, *, #7545, .F. ) ;
#3965 = PLANE ( 'NONE',  #1879 ) ;
#3966 = CARTESIAN_POINT ( 'NONE',  ( 2.388868735303519841, 43.53827235300330045, 14.57499999999999929 ) ) ;
#3967 = AXIS2_PLACEMENT_3D ( 'NONE', #1604, #4011, #8732 ) ;
#3968 = DIRECTION ( 'NONE',  ( -0.6416822328233700024, -0.7669706070501101092, 0.000000000000000000 ) ) ;
#3969 = EDGE_CURVE ( 'NONE', #9252, #8046, #2265, .T. ) ;
#3970 = CARTESIAN_POINT ( 'NONE',  ( 8.786247553442219527, 4.939593994054090942, 10.20746980570489981 ) ) ;
#3971 = VERTEX_POINT ( 'NONE', #4462 ) ;
#3972 = FILL_AREA_STYLE_COLOUR ( '', #8873 ) ;
#3973 = DIRECTION ( 'NONE',  ( -0.6488699952224906697, 0.1600323674314316491, -0.7438799437236200962 ) ) ;
#3974 = CARTESIAN_POINT ( 'NONE',  ( 9.883826334911098854, 3.461618906207433621, 11.17615132371457776 ) ) ;
#3975 = ORIENTED_EDGE ( 'NONE', *, *, #1823, .T. ) ;
#3976 = DIRECTION ( 'NONE',  ( 0.7014638221057378775, -0.7062407426558687806, 0.09577327231381715933 ) ) ;
#3977 = AXIS2_PLACEMENT_3D ( 'NONE', #4435, #7599, #4486 ) ;
#3978 = AXIS2_PLACEMENT_3D ( 'NONE', #380, #1168, #8342 ) ;
#3979 = ADVANCED_FACE ( 'NONE', ( #10066 ), #2853, .F. ) ;
#3980 = CARTESIAN_POINT ( 'NONE',  ( 14.50495030317707368, 3.800000153682494997, 34.80000053649575165 ) ) ;
#3981 = ORIENTED_EDGE ( 'NONE', *, *, #4947, .F. ) ;
#3982 = DIRECTION ( 'NONE',  ( 0.2394571141604759645, 0.9709069422338769684, 0.000000000000000000 ) ) ;
#3983 = ADVANCED_FACE ( 'NONE', ( #3680 ), #2068, .T. ) ;
#3984 = EDGE_CURVE ( 'NONE', #1752, #10101, #6859, .T. ) ;
#3985 = CARTESIAN_POINT ( 'NONE',  ( 18.52209590246300053, 42.90161302307859614, 13.10569876504609965 ) ) ;
#3986 = EDGE_LOOP ( 'NONE', ( #8042, #7035, #6061, #3273, #9690 ) ) ;
#3987 = VECTOR ( 'NONE', #2275, 999.9999999999998863 ) ;
#3988 = CARTESIAN_POINT ( 'NONE',  ( 5.721783230284009925, 43.94829113996929948, 14.12500000000000000 ) ) ;
#3989 = DIRECTION ( 'NONE',  ( 0.2394571141604754927, 0.9709069422338770794, -4.408265136144295133E-16 ) ) ;
#3990 = EDGE_CURVE ( 'NONE', #703, #7011, #2118, .T. ) ;
#3991 = ORIENTED_EDGE ( 'NONE', *, *, #6472, .T. ) ;
#3992 = CARTESIAN_POINT ( 'NONE',  ( 10.23133736059950039, 5.249437714126149679, 8.802942984361632028 ) ) ;
#3993 = B_SPLINE_CURVE_WITH_KNOTS ( 'NONE', 3,
 ( #4221, #3384, #5732, #818, #4006, #5002, #8781, #4111, #6621, #4945, #2607, #1655, #7276, #8111, #2441, #7167 ),
 .UNSPECIFIED., .F., .F.,
 ( 4, 2, 2, 1, 1, 1, 1, 2, 2, 4 ),
 ( 0.000000000000000000, 0.2500000000000018319, 0.3750000000000027756, 0.4375000000000031641, 0.4687500000000023315, 0.4843750000000019984, 0.4921875000000019984, 0.4960937500000017764, 0.5000000000000015543, 1.000000000000000000 ),
 .UNSPECIFIED. ) ;
#3994 = VECTOR ( 'NONE', #376, 1000.000000000000114 ) ;
#3995 = VERTEX_POINT ( 'NONE', #9549 ) ;
#3996 = FACE_OUTER_BOUND ( 'NONE', #6326, .T. ) ;
#3997 = ADVANCED_FACE ( 'NONE', ( #2541 ), #6063, .F. ) ;
#3998 = ORIENTED_EDGE ( 'NONE', *, *, #4880, .T. ) ;
#3999 = ORIENTED_EDGE ( 'NONE', *, *, #6802, .T. ) ;
#4000 = ORIENTED_EDGE ( 'NONE', *, *, #2839, .F. ) ;
#4001 = DIRECTION ( 'NONE',  ( -0.5705340520101069846, 0.4773345432410950329, -0.6683132718461780586 ) ) ;
#4002 = EDGE_CURVE ( 'NONE', #6104, #9789, #858, .T. ) ;
#4003 = VERTEX_POINT ( 'NONE', #5597 ) ;
#4004 = LINE ( 'NONE', #6404, #44 ) ;
#4005 = VECTOR ( 'NONE', #10182, 1000.000000000000000 ) ;
#4006 = CARTESIAN_POINT ( 'NONE',  ( 10.72461141423208630, 19.31178824672878136, 10.99889410293928549 ) ) ;
#4007 = DIRECTION ( 'NONE',  ( -0.6416822328233690031, -0.7669706070501109973, 0.000000000000000000 ) ) ;
#4008 = CARTESIAN_POINT ( 'NONE',  ( 12.92387056432700021, -2.600000000000000089, 13.25447475379079876 ) ) ;
#4009 = VERTEX_POINT ( 'NONE', #4045 ) ;
#4010 = CARTESIAN_POINT ( 'NONE',  ( 12.53908176279749931, -0.2000000000000050071, -5.551115123125779744E-16 ) ) ;
#4011 = DIRECTION ( 'NONE',  ( -0.000000000000000000, 0.7071067811865475727, 0.7071067811865475727 ) ) ;
#4012 = ORIENTED_EDGE ( 'NONE', *, *, #5258, .F. ) ;
#4013 = FACE_OUTER_BOUND ( 'NONE', #1972, .T. ) ;
#4014 = CARTESIAN_POINT ( 'NONE',  ( 8.764366602152842134, 5.256628013301826385, 10.81497626759323438 ) ) ;
#4015 = DIRECTION ( 'NONE',  ( -0.7071067811865480168, -8.751096975251759328E-30, 0.7071067811865470176 ) ) ;
#4016 = DIRECTION ( 'NONE',  ( 0.6355433650282369396, 0.4383711467890769597, 0.6355433650282369396 ) ) ;
#4017 = CARTESIAN_POINT ( 'NONE',  ( 11.60866792719989959, 5.034314593714769970, 13.65927759264029895 ) ) ;
#4018 = LINE ( 'NONE', #832, #4494 ) ;
#4019 = LINE ( 'NONE', #10099, #6286 ) ;
#4020 = CARTESIAN_POINT ( 'NONE',  ( 22.96984943465849582, 4.410623714452170496, 20.91923976921680151 ) ) ;
#4021 = ORIENTED_EDGE ( 'NONE', *, *, #6328, .F. ) ;
#4022 = LINE ( 'NONE', #2519, #320 ) ;
#4023 = CARTESIAN_POINT ( 'NONE',  ( 18.05862959721300243, 41.16198214542920653, 13.06850476785990089 ) ) ;
#4024 = DIRECTION ( 'NONE',  ( -0.7071067811865500152, 1.236448081483694162E-14, -0.7071067811865450192 ) ) ;
#4025 = CARTESIAN_POINT ( 'NONE',  ( 9.168102008959259308, 7.658201589541909549, 9.170197055253201057 ) ) ;
#4026 = ORIENTED_EDGE ( 'NONE', *, *, #8402, .F. ) ;
#4027 = FACE_OUTER_BOUND ( 'NONE', #4723, .T. ) ;
#4028 = CARTESIAN_POINT ( 'NONE',  ( 16.99983544077009867, 12.40000174164079993, 26.92792522093560237 ) ) ;
#4029 = AXIS2_PLACEMENT_3D ( 'NONE', #627, #1461, #6988 ) ;
#4030 = CARTESIAN_POINT ( 'NONE',  ( -10.47082295315080103, 35.67662275557450613, 17.50000000000000000 ) ) ;
#4031 = AXIS2_PLACEMENT_3D ( 'NONE', #5135, #4540, #7714 ) ;
#4032 = ORIENTED_EDGE ( 'NONE', *, *, #9192, .T. ) ;
#4033 = CARTESIAN_POINT ( 'NONE',  ( 10.07666353973150031, 13.99718353375900115, 8.827503645346419958 ) ) ;
#4034 = CARTESIAN_POINT ( 'NONE',  ( -1.595053855456769920, 36.32257102018719763, 14.12500000000000000 ) ) ;
#4035 = ORIENTED_EDGE ( 'NONE', *, *, #10136, .T. ) ;
#4036 = DIRECTION ( 'NONE',  ( -2.900003869181453072E-08, 0.9999999999999995559, 2.558265117037456608E-12 ) ) ;
#4037 = EDGE_CURVE ( 'NONE', #2760, #5394, #4061, .T. ) ;
#4038 = DIRECTION ( 'NONE',  ( 0.7745966692414768540, 0.6324555320336838760, 0.000000000000000000 ) ) ;
#4039 = EDGE_LOOP ( 'NONE', ( #816, #7375, #4137, #8717, #10072, #3683, #5457, #1605, #7724 ) ) ;
#4040 = FACE_OUTER_BOUND ( 'NONE', #4364, .T. ) ;
#4041 = DIRECTION ( 'NONE',  ( 0.6416822328233690031, -0.7669706070501109973, 0.000000000000000000 ) ) ;
#4042 = VECTOR ( 'NONE', #5854, 999.9999999999998863 ) ;
#4043 = ORIENTED_EDGE ( 'NONE', *, *, #4946, .T. ) ;
#4044 = EDGE_CURVE ( 'NONE', #7270, #8615, #2428, .T. ) ;
#4045 = CARTESIAN_POINT ( 'NONE',  ( 10.20000000000000107, -1.369540881398779941, -5.551115123125779744E-16 ) ) ;
#4046 = LINE ( 'NONE', #7265, #9859 ) ;
#4047 = EDGE_CURVE ( 'NONE', #5581, #3411, #2061, .T. ) ;
#4048 = VECTOR ( 'NONE', #4200, 1000.000000000000000 ) ;
#4049 = CARTESIAN_POINT ( 'NONE',  ( 11.47355340716259953, 5.150049775031889432, 8.497993433222360338 ) ) ;
#4050 = EDGE_CURVE ( 'NONE', #3971, #5640, #3880, .T. ) ;
#4051 = VECTOR ( 'NONE', #1602, 1000.000000000000000 ) ;
#4052 = ORIENTED_EDGE ( 'NONE', *, *, #5029, .T. ) ;
#4053 = ADVANCED_FACE ( 'NONE', ( #9659, #9485 ), #9600, .T. ) ;
#4054 = CARTESIAN_POINT ( 'NONE',  ( -14.00000000000000000, 11.28430686604839828, 10.00000000000000000 ) ) ;
#4055 = VERTEX_POINT ( 'NONE', #3988 ) ;
#4056 = AXIS2_PLACEMENT_3D ( 'NONE', #6655, #5043, #2796 ) ;
#4057 = ORIENTED_EDGE ( 'NONE', *, *, #4182, .F. ) ;
#4058 = VERTEX_POINT ( 'NONE', #6441 ) ;
#4059 = DIRECTION ( 'NONE',  ( -0.6416822328233690031, 0.7669706070501109973, 0.000000000000000000 ) ) ;
#4060 = VERTEX_POINT ( 'NONE', #5656 ) ;
#4061 = CIRCLE ( 'NONE', #6219, 4.125000000000000888 ) ;
#4062 = LINE ( 'NONE', #6454, #5731 ) ;
#4063 = EDGE_CURVE ( 'NONE', #5322, #2559, #5713, .T. ) ;
#4064 = VECTOR ( 'NONE', #1454, 1000.000000000000000 ) ;
#4065 = PLANE ( 'NONE',  #5402 ) ;
#4066 = EDGE_LOOP ( 'NONE', ( #260, #7063, #2535, #649 ) ) ;
#4067 = EDGE_CURVE ( 'NONE', #5694, #9826, #8047, .T. ) ;
#4068 = VECTOR ( 'NONE', #3944, 1000.000000000000227 ) ;
#4069 = DIRECTION ( 'NONE',  ( 0.7071067811865489050, 2.166727592983609725E-14, -0.7071067811865460184 ) ) ;
#4070 = FACE_OUTER_BOUND ( 'NONE', #7083, .T. ) ;
#4071 = VERTEX_POINT ( 'NONE', #7939 ) ;
#4072 = CARTESIAN_POINT ( 'NONE',  ( -4.921889006673099587, 33.53919055104709912, 13.06850476785990089 ) ) ;
#4073 = DIRECTION ( 'NONE',  ( 0.2394571141604749931, 0.9709069422338770794, 0.000000000000000000 ) ) ;
#4074 = FACE_OUTER_BOUND ( 'NONE', #3001, .T. ) ;
#4075 = CARTESIAN_POINT ( 'NONE',  ( 18.21262948814289828, 26.26360221186519794, 22.10171678466850054 ) ) ;
#4076 = DIRECTION ( 'NONE',  ( -0.7071067811865486830, -1.734723475976807410E-14, -0.7071067811865464625 ) ) ;
#4077 = DIRECTION ( 'NONE',  ( 0.000000000000000000, 0.000000000000000000, 1.000000000000000000 ) ) ;
#4078 = CONICAL_SURFACE ( 'NONE', #5398, 4.375000000000001776, 0.7853981633974503884 ) ;
#4079 = CARTESIAN_POINT ( 'NONE',  ( 27.00000000000000000, 21.35385599033020299, 0.5000000000000000000 ) ) ;
#4080 = PLANE ( 'NONE',  #4454 ) ;
#4081 = ORIENTED_EDGE ( 'NONE', *, *, #6843, .T. ) ;
#4082 = LINE ( 'NONE', #100, #3317 ) ;
#4083 = AXIS2_PLACEMENT_3D ( 'NONE', #9563, #7899, #6352 ) ;
#4084 = CARTESIAN_POINT ( 'NONE',  ( 13.12882262174569981, 39.28793781724669287, 14.12500000000000000 ) ) ;
#4085 = DIRECTION ( 'NONE',  ( 7.359432928386454459E-16, 0.000000000000000000, -1.000000000000000000 ) ) ;
#4086 = DIRECTION ( 'NONE',  ( -0.3826829756518390080, -3.673844713697430700E-16, 0.9238797216879770513 ) ) ;
#4087 = ORIENTED_EDGE ( 'NONE', *, *, #597, .T. ) ;
#4088 = CARTESIAN_POINT ( 'NONE',  ( 20.20599999999999952, -4.930084118726089707E-15, 15.97350269189619709 ) ) ;
#4089 = CARTESIAN_POINT ( 'NONE',  ( 15.90884651807330030, 43.95811093399839820, 10.00000000000000000 ) ) ;
#4090 = DIRECTION ( 'NONE',  ( 0.6488699952224908918, -0.1600323674314305944, 0.7438799437236202072 ) ) ;
#4091 = CARTESIAN_POINT ( 'NONE',  ( 9.999973616149677724, 20.57580508291638921, 8.852493477827232837 ) ) ;
#4092 = ORIENTED_EDGE ( 'NONE', *, *, #8191, .F. ) ;
#4093 = DIRECTION ( 'NONE',  ( 0.2894986245040770401, 0.7996948549747679991, 0.5260025525956431025 ) ) ;
#4094 = CARTESIAN_POINT ( 'NONE',  ( 15.70277916592350032, 12.39999999999999147, 27.21076753793460057 ) ) ;
#4095 = DIRECTION ( 'NONE',  ( -0.6416822328233690031, 0.7669706070501109973, 0.000000000000000000 ) ) ;
#4096 = CARTESIAN_POINT ( 'NONE',  ( 9.923336460268869175, 13.99718353375900115, 11.17249635465350011 ) ) ;
#4097 = EDGE_LOOP ( 'NONE', ( #7809, #4275, #1267, #683 ) ) ;
#4098 = DIRECTION ( 'NONE',  ( -5.623679171581180231E-16, 1.000000000000000000, 0.000000000000000000 ) ) ;
#4099 = EDGE_CURVE ( 'NONE', #2949, #2356, #4398, .T. ) ;
#4100 = CARTESIAN_POINT ( 'NONE',  ( 16.38337394840110051, 12.40000000000000036, 24.75582880995339963 ) ) ;
#4101 = ORIENTED_EDGE ( 'NONE', *, *, #2659, .F. ) ;
#4102 = CARTESIAN_POINT ( 'NONE',  ( 9.171668101648281279, 7.656208572034869597, 9.166633557831872281 ) ) ;
#4103 = ORIENTED_EDGE ( 'NONE', *, *, #9206, .F. ) ;
#4104 = LINE ( 'NONE', #6396, #5707 ) ;
#4105 = ORIENTED_EDGE ( 'NONE', *, *, #2399, .F. ) ;
#4106 = VERTEX_POINT ( 'NONE', #7050 ) ;
#4107 = ORIENTED_EDGE ( 'NONE', *, *, #6843, .F. ) ;
#4108 = EDGE_CURVE ( 'NONE', #8563, #8107, #4768, .T. ) ;
#4109 = FACE_OUTER_BOUND ( 'NONE', #4358, .T. ) ;
#4110 = VERTEX_POINT ( 'NONE', #7262 ) ;
#4111 = CARTESIAN_POINT ( 'NONE',  ( 10.89127459541446363, 20.02202263102164537, 10.93977766422118947 ) ) ;
#4112 = EDGE_CURVE ( 'NONE', #5719, #374, #6886, .T. ) ;
#4113 = CARTESIAN_POINT ( 'NONE',  ( 16.69983675174569981, 6.060623714451959465, 20.58892404827109956 ) ) ;
#4114 = ORIENTED_EDGE ( 'NONE', *, *, #6252, .T. ) ;
#4115 = DIRECTION ( 'NONE',  ( 0.5125766358075060092, 0.4288447525037434871, 0.7438799437236240930 ) ) ;
#4116 = CARTESIAN_POINT ( 'NONE',  ( 23.81036417488029855, 25.11582349565670214, 19.92127687835380101 ) ) ;
#4117 = CARTESIAN_POINT ( 'NONE',  ( -1.361361703777529852, 40.03843193517609222, 0.000000000000000000 ) ) ;
#4118 = ORIENTED_EDGE ( 'NONE', *, *, #741, .F. ) ;
#4119 = EDGE_CURVE ( 'NONE', #8602, #8168, #8653, .T. ) ;
#4120 = DIRECTION ( 'NONE',  ( 0.5705340520101069846, 0.4773345432410950329, 0.6683132718461780586 ) ) ;
#4121 = EDGE_CURVE ( 'NONE', #5668, #6668, #4712, .T. ) ;
#4122 = DIRECTION ( 'NONE',  ( -0.6416822328233690031, 0.7669706070501109973, 1.443385965324835722E-16 ) ) ;
#4123 = CARTESIAN_POINT ( 'NONE',  ( 13.51474479829960096, 12.40000000000000036, 21.88719965985190186 ) ) ;
#4124 = CIRCLE ( 'NONE', #291, 2.099999999999999645 ) ;
#4125 = FACE_OUTER_BOUND ( 'NONE', #23, .T. ) ;
#4126 = DIRECTION ( 'NONE',  ( 0.000000000000000000, 1.000000000000000000, 0.000000000000000000 ) ) ;
#4127 = DIRECTION ( 'NONE',  ( 0.7438799437236197631, 0.000000000000000000, -0.6683132718461786137 ) ) ;
#4128 = ADVANCED_FACE ( 'NONE', ( #3933 ), #7097, .F. ) ;
#4129 = DIRECTION ( 'NONE',  ( -0.9940715557477197706, -0.1087278347678649754, 0.000000000000000000 ) ) ;
#4130 = DIRECTION ( 'NONE',  ( 0.6416822328233690031, -0.7669706070501109973, 0.000000000000000000 ) ) ;
#4131 = VERTEX_POINT ( 'NONE', #1862 ) ;
#4132 = DIRECTION ( 'NONE',  ( -0.7071067811865480168, -7.282240949126130265E-15, 0.7071067811865470176 ) ) ;
#4133 = ADVANCED_FACE ( 'NONE', ( #6558 ), #5095, .T. ) ;
#4134 = DIRECTION ( 'NONE',  ( 0.000000000000000000, 0.000000000000000000, -1.000000000000000000 ) ) ;
#4135 = DIRECTION ( 'NONE',  ( 0.6488699952224910028, 0.1600323674314317601, -0.7438799437236198742 ) ) ;
#4136 = FACE_OUTER_BOUND ( 'NONE', #8997, .T. ) ;
#4137 = ORIENTED_EDGE ( 'NONE', *, *, #4750, .F. ) ;
#4138 = VERTEX_POINT ( 'NONE', #5042 ) ;
#4139 = LINE ( 'NONE', #2631, #8154 ) ;
#4140 = VECTOR ( 'NONE', #3694, 1000.000000000000000 ) ;
#4141 = CARTESIAN_POINT ( 'NONE',  ( 20.00000000000000000, 0.000000000000000000, 10.00000000000000000 ) ) ;
#4142 = VECTOR ( 'NONE', #2694, 1000.000000000000000 ) ;
#4143 = EDGE_CURVE ( 'NONE', #8902, #8943, #2894, .T. ) ;
#4144 = DIRECTION ( 'NONE',  ( 2.811839585790609837E-16, -1.000000000000000000, -2.811839585790590115E-16 ) ) ;
#4145 = ORIENTED_EDGE ( 'NONE', *, *, #1305, .T. ) ;
#4146 = LINE ( 'NONE', #2743, #2754 ) ;
#4147 = LINE ( 'NONE', #6550, #3553 ) ;
#4148 = CIRCLE ( 'NONE', #7950, 1.000000000000000000 ) ;
#4149 = VERTEX_POINT ( 'NONE', #2750 ) ;
#4150 = CARTESIAN_POINT ( 'NONE',  ( -7.358541197943527123, 5.199999780965709917, 20.00000000000000355 ) ) ;
#4151 = CARTESIAN_POINT ( 'NONE',  ( 9.863178205281327493, 15.06158733573291109, 11.16856291404788415 ) ) ;
#4152 = CARTESIAN_POINT ( 'NONE',  ( -4.989229975566584763, 37.91587521909540470, 5.875000000000000000 ) ) ;
#4153 = VECTOR ( 'NONE', #7460, 1000.000000000000000 ) ;
#4154 = CARTESIAN_POINT ( 'NONE',  ( 19.11222850319090227, 23.60199890220920338, 27.06008042394099888 ) ) ;
#4155 = VECTOR ( 'NONE', #6201, 1000.000000000000114 ) ;
#4156 = CARTESIAN_POINT ( 'NONE',  ( 23.88908729652659702, 11.53693785340050049, 20.00000000000000000 ) ) ;
#4157 = ORIENTED_EDGE ( 'NONE', *, *, #3156, .T. ) ;
#4158 = EDGE_CURVE ( 'NONE', #1631, #7076, #2050, .T. ) ;
#4159 = CARTESIAN_POINT ( 'NONE',  ( 14.36638437382770128, 6.461666001407739834, 18.25547167035309926 ) ) ;
#4160 = VERTEX_POINT ( 'NONE', #1910 ) ;
#4161 = VECTOR ( 'NONE', #1280, 1000.000000000000000 ) ;
#4162 = ORIENTED_EDGE ( 'NONE', *, *, #3827, .F. ) ;
#4163 = VERTEX_POINT ( 'NONE', #2097 ) ;
#4164 = CARTESIAN_POINT ( 'NONE',  ( 20.63043340604508913, 30.87489976453973384, 10.00000000000000000 ) ) ;
#4165 = VERTEX_POINT ( 'NONE', #4989 ) ;
#4166 =( LENGTH_UNIT ( ) NAMED_UNIT ( * ) SI_UNIT ( .MILLI., .METRE. ) );
#4167 = AXIS2_PLACEMENT_3D ( 'NONE', #4088, #9806, #2739 ) ;
#4168 = CARTESIAN_POINT ( 'NONE',  ( -6.015921548083990267, 39.14302819037560255, 10.00000000000000000 ) ) ;
#4169 = ORIENTED_EDGE ( 'NONE', *, *, #8206, .F. ) ;
#4170 = CARTESIAN_POINT ( 'NONE',  ( 10.00000000000000000, 0.000000000000000000, 5.875000000000000000 ) ) ;
#4171 = EDGE_CURVE ( 'NONE', #9279, #3491, #5319, .T. ) ;
#4172 = LINE ( 'NONE', #4116, #980 ) ;
#4173 = ORIENTED_EDGE ( 'NONE', *, *, #5853, .F. ) ;
#4174 = VECTOR ( 'NONE', #4234, 1000.000000000000000 ) ;
#4175 = LINE ( 'NONE', #206, #10280 ) ;
#4176 = CARTESIAN_POINT ( 'NONE',  ( 9.144367294881000419, 1.240999658941852601, -0.7409996589418522683 ) ) ;
#4177 = LINE ( 'NONE', #209, #2407 ) ;
#4178 = DIRECTION ( 'NONE',  ( 0.000000000000000000, -1.000000000000000000, 0.000000000000000000 ) ) ;
#4179 = EDGE_CURVE ( 'NONE', #4344, #3057, #8210, .T. ) ;
#4180 = ADVANCED_FACE ( 'NONE', ( #2593 ), #1078, .T. ) ;
#4181 = PLANE ( 'NONE',  #6732 ) ;
#4182 = EDGE_CURVE ( 'NONE', #2926, #7436, #4262, .T. ) ;
#4183 = DIRECTION ( 'NONE',  ( 0.000000000000000000, -1.000000000000000000, 0.000000000000000000 ) ) ;
#4184 = VERTEX_POINT ( 'NONE', #4306 ) ;
#4185 = DIRECTION ( 'NONE',  ( -1.000000000000000000, 0.000000000000000000, 0.000000000000000000 ) ) ;
#4186 = ADVANCED_FACE ( 'NONE', ( #3479 ), #9217, .F. ) ;
#4187 = CONICAL_SURFACE ( 'NONE', #1047, 4.375000000000000888, 0.7853981633974503884 ) ;
#4188 = DIRECTION ( 'NONE',  ( -0.8660254037844387076, 0.000000000000000000, 0.4999999999999998890 ) ) ;
#4189 = FACE_OUTER_BOUND ( 'NONE', #10127, .T. ) ;
#4190 = FACE_OUTER_BOUND ( 'NONE', #9849, .T. ) ;
#4191 = ORIENTED_EDGE ( 'NONE', *, *, #7367, .F. ) ;
#4192 = EDGE_LOOP ( 'NONE', ( #8248, #3518, #9442, #6615, #7538, #4996 ) ) ;
#4193 = CARTESIAN_POINT ( 'NONE',  ( 9.169149532050450802, 7.660623714533939754, 9.169149532161529947 ) ) ;
#4194 = FACE_OUTER_BOUND ( 'NONE', #9274, .T. ) ;
#4195 = EDGE_LOOP ( 'NONE', ( #6118, #7273, #8765, #3830, #9271 ) ) ;
#4196 = CARTESIAN_POINT ( 'NONE',  ( 29.35854107291500270, 0.000000000000000000, 26.22427590715502177 ) ) ;
#4197 = EDGE_CURVE ( 'NONE', #7530, #2082, #9031, .T. ) ;
#4198 = ORIENTED_EDGE ( 'NONE', *, *, #6472, .F. ) ;
#4199 = DIRECTION ( 'NONE',  ( -0.000000000000000000, -0.000000000000000000, 1.000000000000000000 ) ) ;
#4200 = DIRECTION ( 'NONE',  ( -5.551115123125549742E-17, -6.651958409392690315E-15, 1.000000000000000000 ) ) ;
#4201 = ORIENTED_EDGE ( 'NONE', *, *, #6663, .T. ) ;
#4202 = CARTESIAN_POINT ( 'NONE',  ( 15.49775522372589975, 6.461666001407849969, 11.60866792719929919 ) ) ;
#4203 = EDGE_CURVE ( 'NONE', #4700, #8602, #339, .T. ) ;
#4204 = DIRECTION ( 'NONE',  ( -0.2394571141604759923, -0.9709069422338770794, 0.000000000000000000 ) ) ;
#4205 = VERTEX_POINT ( 'NONE', #1026 ) ;
#4206 = VECTOR ( 'NONE', #1876, 1000.000000000000000 ) ;
#4207 = CARTESIAN_POINT ( 'NONE',  ( 39.35854111252491094, 5.200001135796266105, 13.91715724633458962 ) ) ;
#4208 = DIRECTION ( 'NONE',  ( 0.08654648343634226137, -0.2980052199850608541, -0.9506327340600355669 ) ) ;
#4209 = ORIENTED_EDGE ( 'NONE', *, *, #2483, .F. ) ;
#4210 = DIRECTION ( 'NONE',  ( -0.5773502691896257311, 0.5773502691896257311, -0.5773502691896257311 ) ) ;
#4211 = CARTESIAN_POINT ( 'NONE',  ( 20.03537022267980205, 4.910623714452030164, 22.08597988812010016 ) ) ;
#4212 = AXIS2_PLACEMENT_3D ( 'NONE', #2259, #3982, #7147 ) ;
#4213 = VERTEX_POINT ( 'NONE', #5271 ) ;
#4214 = DIRECTION ( 'NONE',  ( 0.2894986245040659933, 0.7996948549747787682, -0.5260025525956326664 ) ) ;
#4215 = EDGE_LOOP ( 'NONE', ( #1071, #8225, #2111, #8976 ) ) ;
#4216 = ORIENTED_EDGE ( 'NONE', *, *, #3908, .T. ) ;
#4217 = EDGE_LOOP ( 'NONE', ( #4981, #5007, #10, #1594 ) ) ;
#4218 = CARTESIAN_POINT ( 'NONE',  ( 17.33623285481120035, 10.28693283518959944, 15.28562318936960018 ) ) ;
#4219 = ORIENTED_EDGE ( 'NONE', *, *, #5681, .F. ) ;
#4220 = VECTOR ( 'NONE', #8049, 1000.000000000000000 ) ;
#4221 = CARTESIAN_POINT ( 'NONE',  ( 10.35039147541560034, 17.08409838298220151, 11.12153948390419878 ) ) ;
#4222 = CIRCLE ( 'NONE', #385, 2.099999999999999645 ) ;
#4223 = DIRECTION ( 'NONE',  ( -0.9725069832798671765, 0.000000000000000000, 0.2328737157171075489 ) ) ;
#4224 = ORIENTED_EDGE ( 'NONE', *, *, #8201, .T. ) ;
#4225 = EDGE_LOOP ( 'NONE', ( #9560, #2655, #2829, #1653 ) ) ;
#4226 = AXIS2_PLACEMENT_3D ( 'NONE', #7433, #4214, #9772 ) ;
#4227 = FACE_OUTER_BOUND ( 'NONE', #3095, .T. ) ;
#4228 = CARTESIAN_POINT ( 'NONE',  ( 8.012919205853998861, 39.56952835003689728, 13.06850476785990089 ) ) ;
#4229 = ORIENTED_EDGE ( 'NONE', *, *, #4037, .F. ) ;
#4230 = CARTESIAN_POINT ( 'NONE',  ( 7.910225175890897020, 23.64467660204105215, 9.790401681006368761 ) ) ;
#4231 = DIRECTION ( 'NONE',  ( -0.6416822328233690031, 0.7669706070501109973, -7.637047670381729146E-17 ) ) ;
#4232 = DIRECTION ( 'NONE',  ( -0.6416822328233690031, 0.7669706070501109973, 0.000000000000000000 ) ) ;
#4233 = FACE_OUTER_BOUND ( 'NONE', #4097, .T. ) ;
#4234 = DIRECTION ( 'NONE',  ( 5.551115123125779621E-17, 0.000000000000000000, -1.000000000000000000 ) ) ;
#4235 = EDGE_CURVE ( 'NONE', #5980, #10109, #7654, .T. ) ;
#4236 = CIRCLE ( 'NONE', #3212, 2.099999999999999645 ) ;
#4237 = PRODUCT_DEFINITION_CONTEXT ( 'detailed design', #3670, 'design' ) ;
#4238 = DIRECTION ( 'NONE',  ( -0.7669706070501116635, -0.6416822328233680039, 0.000000000000000000 ) ) ;
#4239 = DIRECTION ( 'NONE',  ( 0.5705340520101069846, 0.4773345432410950329, 0.6683132718461780586 ) ) ;
#4240 = ORIENTED_EDGE ( 'NONE', *, *, #2260, .T. ) ;
#4241 = EDGE_CURVE ( 'NONE', #1776, #3971, #183, .T. ) ;
#4242 = DIRECTION ( 'NONE',  ( 0.9999999999999996669, 2.900003869181453734E-08, 0.000000000000000000 ) ) ;
#4243 = AXIS2_PLACEMENT_3D ( 'NONE', #4854, #1464, #10307 ) ;
#4244 = LINE ( 'NONE', #7410, #7440 ) ;
#4245 = CYLINDRICAL_SURFACE ( 'NONE', #5553, 2.999999932944768855 ) ;
#4246 = FACE_OUTER_BOUND ( 'NONE', #1437, .T. ) ;
#4247 = ORIENTED_EDGE ( 'NONE', *, *, #7228, .F. ) ;
#4248 = AXIS2_PLACEMENT_3D ( 'NONE', #6873, #2864, #9200 ) ;
#4249 = VERTEX_POINT ( 'NONE', #4207 ) ;
#4250 = DIRECTION ( 'NONE',  ( 0.6488699952224908918, 0.1600323674314318989, 0.7438799437236198742 ) ) ;
#4251 = EDGE_CURVE ( 'NONE', #596, #8463, #7206, .T. ) ;
#4252 = PLANE ( 'NONE',  #221 ) ;
#4253 = ADVANCED_FACE ( 'NONE', ( #3429 ), #9356, .T. ) ;
#4254 = CARTESIAN_POINT ( 'NONE',  ( 15.28562318937020059, 9.533580919533680031, 17.33623285481059995 ) ) ;
#4255 = VECTOR ( 'NONE', #6272, 1000.000000000000114 ) ;
#4256 = LINE ( 'NONE', #5869, #881 ) ;
#4257 = ORIENTED_EDGE ( 'NONE', *, *, #5645, .T. ) ;
#4258 = DIRECTION ( 'NONE',  ( 0.7071067811865470176, 7.282241002660179780E-15, -0.7071067811865480168 ) ) ;
#4259 = DIRECTION ( 'NONE',  ( 0.7745944529011842272, -0.6324582464753821798, 0.000000000000000000 ) ) ;
#4260 = EDGE_CURVE ( 'NONE', #5904, #1511, #9410, .T. ) ;
#4261 = EDGE_CURVE ( 'NONE', #7307, #2901, #7752, .T. ) ;
#4262 = LINE ( 'NONE', #9262, #551 ) ;
#4263 = CARTESIAN_POINT ( 'NONE',  ( 7.294547863372569552, 42.48224917673849887, 13.06850476785990089 ) ) ;
#4264 = LINE ( 'NONE', #9602, #4869 ) ;
#4265 = EDGE_CURVE ( 'NONE', #7652, #2045, #5367, .T. ) ;
#4266 = VERTEX_POINT ( 'NONE', #9364 ) ;
#4267 = CARTESIAN_POINT ( 'NONE',  ( 9.301766613613040136, 22.83106912283360046, 10.00000000000000000 ) ) ;
#4268 = VERTEX_POINT ( 'NONE', #3807 ) ;
#4269 = LINE ( 'NONE', #8104, #9864 ) ;
#4270 = ORIENTED_EDGE ( 'NONE', *, *, #6848, .T. ) ;
#4271 = ORIENTED_EDGE ( 'NONE', *, *, #9434, .F. ) ;
#4272 = CARTESIAN_POINT ( 'NONE',  ( 19.31222850319100104, 8.705311857225998651, 24.61552936208940068 ) ) ;
#4273 = VERTEX_POINT ( 'NONE', #3121 ) ;
#4274 = EDGE_CURVE ( 'NONE', #3160, #4418, #619, .T. ) ;
#4275 = ORIENTED_EDGE ( 'NONE', *, *, #6401, .T. ) ;
#4276 = EDGE_LOOP ( 'NONE', ( #3319, #80, #2858, #199 ) ) ;
#4277 = CARTESIAN_POINT ( 'NONE',  ( 18.25547167035369966, 4.910623714452089672, 14.36638437382699962 ) ) ;
#4278 = CARTESIAN_POINT ( 'NONE',  ( 11.48158923452779234, 4.441907147884224472, 9.430979569086170855 ) ) ;
#4279 = ORIENTED_EDGE ( 'NONE', *, *, #10149, .T. ) ;
#4280 = FACE_OUTER_BOUND ( 'NONE', #5349, .T. ) ;
#4281 = CARTESIAN_POINT ( 'NONE',  ( -6.000000000000021316, 19.99999999999999645, 20.00000000000000355 ) ) ;
#4282 = CARTESIAN_POINT ( 'NONE',  ( 10.30250282734580303, 10.73364819864480602, 11.13620911606144226 ) ) ;
#4283 = CARTESIAN_POINT ( 'NONE',  ( 34.00000000000000000, 11.28430686604839828, 10.00000000000000000 ) ) ;
#4284 = DIRECTION ( 'NONE',  ( -0.9999999999999995559, -2.900003869181453072E-08, 2.553803268686617991E-15 ) ) ;
#4285 = CARTESIAN_POINT ( 'NONE',  ( 8.208383233532938306, -5.200000000000000178, 14.67500000000000071 ) ) ;
#4286 = ORIENTED_EDGE ( 'NONE', *, *, #9957, .T. ) ;
#4287 = ADVANCED_FACE ( 'NONE', ( #6309 ), #2194, .T. ) ;
#4288 = DIRECTION ( 'NONE',  ( 0.000000000000000000, -0.9774242027268759125, 0.2112863647368919684 ) ) ;
#4289 = AXIS2_PLACEMENT_3D ( 'NONE', #9323, #10251, #1420 ) ;
#4290 = CARTESIAN_POINT ( 'NONE',  ( 9.065004776536644826, 7.279524053515181947, 9.273294287736749908 ) ) ;
#4291 = LINE ( 'NONE', #4914, #9048 ) ;
#4292 = DIRECTION ( 'NONE',  ( 0.9999999999999995559, 2.900003869181453072E-08, 0.000000000000000000 ) ) ;
#4293 = VERTEX_POINT ( 'NONE', #3019 ) ;
#4294 = ORIENTED_EDGE ( 'NONE', *, *, #9499, .F. ) ;
#4295 = PLANE ( 'NONE',  #7489 ) ;
#4296 = LINE ( 'NONE', #1069, #8863 ) ;
#4297 = AXIS2_PLACEMENT_3D ( 'NONE', #7961, #2400, #5743 ) ;
#4298 = ORIENTED_EDGE ( 'NONE', *, *, #9884, .T. ) ;
#4299 = CYLINDRICAL_SURFACE ( 'NONE', #3581, 4.125000000000000000 ) ;
#4300 = CARTESIAN_POINT ( 'NONE',  ( 16.31092802209069959, 7.660623714452159838, 16.31092802209009918 ) ) ;
#4301 = EDGE_CURVE ( 'NONE', #1511, #586, #10244, .T. ) ;
#4302 = CARTESIAN_POINT ( 'NONE',  ( 9.829875794421473856, 6.756686769299354189, 8.635214709048057102 ) ) ;
#4303 = AXIS2_PLACEMENT_3D ( 'NONE', #9060, #7505, #8381 ) ;
#4304 = VECTOR ( 'NONE', #3764, 1000.000000000000000 ) ;
#4305 = PLANE ( 'NONE',  #5452 ) ;
#4306 = CARTESIAN_POINT ( 'NONE',  ( 22.52178624447489952, 42.32714570538659871, 17.50000000000000000 ) ) ;
#4307 = DIRECTION ( 'NONE',  ( -0.2394571141604759923, 0.9709069422338770794, -1.060859887963359976E-16 ) ) ;
#4308 = DIRECTION ( 'NONE',  ( 0.5705340520101068735, -0.4773345432410939226, 0.6683132718461789468 ) ) ;
#4309 = CARTESIAN_POINT ( 'NONE',  ( -9.358541679960541870, 3.800000845770437508, 16.91715683644297386 ) ) ;
#4310 = VECTOR ( 'NONE', #3318, 999.9999999999998863 ) ;
#4311 = ADVANCED_FACE ( 'NONE', ( #3958 ), #4686, .F. ) ;
#4312 = ORIENTED_EDGE ( 'NONE', *, *, #8901, .T. ) ;
#4313 = EDGE_CURVE ( 'NONE', #9669, #254, #7070, .T. ) ;
#4314 =( BOUNDED_CURVE ( )  B_SPLINE_CURVE ( 3, ( #7029, #6369, #1570, #10305 ),
 .UNSPECIFIED., .F., .T. ) 
 B_SPLINE_CURVE_WITH_KNOTS ( ( 4, 4 ),
 ( 0.4111378110550891751, 1.066337961928645051 ),
 .UNSPECIFIED. ) 
 CURVE ( )  GEOMETRIC_REPRESENTATION_ITEM ( )  RATIONAL_B_SPLINE_CURVE ( ( 1.000000000000000000, 0.9645448647839219847, 0.9645448647839219847, 1.000000000000000000 ) ) 
 REPRESENTATION_ITEM ( '' )  );
#4315 = ORIENTED_EDGE ( 'NONE', *, *, #801, .T. ) ;
#4316 = CARTESIAN_POINT ( 'NONE',  ( 11.85562908761594336, 23.04342170334664885, 10.47961911438754967 ) ) ;
#4317 = EDGE_CURVE ( 'NONE', #9953, #6625, #8631, .T. ) ;
#4318 = CARTESIAN_POINT ( 'NONE',  ( 24.67512857300900109, 40.00402993402769880, 14.12500000000000000 ) ) ;
#4319 = EDGE_LOOP ( 'NONE', ( #9756, #3499, #2707, #4279, #8459, #6765, #4936, #6427 ) ) ;
#4320 = ORIENTED_EDGE ( 'NONE', *, *, #6405, .F. ) ;
#4321 = AXIS2_PLACEMENT_3D ( 'NONE', #9253, #8238, #1984 ) ;
#4322 = CARTESIAN_POINT ( 'NONE',  ( 14.66366952443880045, 38.90939483438219781, 10.00000000000000000 ) ) ;
#4323 = EDGE_LOOP ( 'NONE', ( #6921, #8398, #1104, #9282 ) ) ;
#4324 = EDGE_CURVE ( 'NONE', #5392, #3742, #2243, .T. ) ;
#4325 = AXIS2_PLACEMENT_3D ( 'NONE', #10035, #5944, #360 ) ;
#4326 = ORIENTED_EDGE ( 'NONE', *, *, #8135, .F. ) ;
#4327 = ORIENTED_EDGE ( 'NONE', *, *, #8053, .T. ) ;
#4328 = DIRECTION ( 'NONE',  ( 0.1616725370998009503, 0.7302243324596527918, -0.6638029941417618041 ) ) ;
#4329 = CARTESIAN_POINT ( 'NONE',  ( 10.64978338276955050, 5.660927159055246349, 8.599173717327950328 ) ) ;
#4330 = EDGE_CURVE ( 'NONE', #1397, #8589, #10297, .T. ) ;
#4331 = ORIENTED_EDGE ( 'NONE', *, *, #3085, .T. ) ;
#4332 = CARTESIAN_POINT ( 'NONE',  ( -6.299148781361640914, 28.39963353224525022, 0.000000000000000000 ) ) ;
#4333 = CARTESIAN_POINT ( 'NONE',  ( -3.446618340077780118, 38.68496137861399831, 14.37500000000000000 ) ) ;
#4334 = AXIS2_PLACEMENT_3D ( 'NONE', #7894, #7787, #2129 ) ;
#4335 = CARTESIAN_POINT ( 'NONE',  ( 20.11595104291249925, 3.899999999999999911, 25.03867152242810334 ) ) ;
#4336 = DIRECTION ( 'NONE',  ( -1.000000000000000000, -2.028202529129435312E-14, 2.114974861910923210E-14 ) ) ;
#4337 = ORIENTED_EDGE ( 'NONE', *, *, #2855, .T. ) ;
#4338 = CARTESIAN_POINT ( 'NONE',  ( 1.122573253783839986, 43.22596285299960073, 13.40325074253560089 ) ) ;
#4339 = ORIENTED_EDGE ( 'NONE', *, *, #3220, .T. ) ;
#4340 = DIRECTION ( 'NONE',  ( 0.5125766358075077855, 0.4288447525037469843, 0.7438799437236209844 ) ) ;
#4341 = LINE ( 'NONE', #2779, #441 ) ;
#4342 = DIRECTION ( 'NONE',  ( 0.000000000000000000, -1.000000000000000000, 0.000000000000000000 ) ) ;
#4343 = ORIENTED_EDGE ( 'NONE', *, *, #3500, .F. ) ;
#4344 = VERTEX_POINT ( 'NONE', #4586 ) ;
#4345 = DIRECTION ( 'NONE',  ( 0.7071067811865470176, 8.656155890839470057E-15, -0.7071067811865480168 ) ) ;
#4346 = DIRECTION ( 'NONE',  ( -0.3826834323650891156, 0.000000000000000000, 0.9238795325112871826 ) ) ;
#4347 = VECTOR ( 'NONE', #7500, 1000.000000000000114 ) ;
#4348 = CARTESIAN_POINT ( 'NONE',  ( 7.076129435672969592, -2.600000000000000089, 13.25447475379079876 ) ) ;
#4349 = CARTESIAN_POINT ( 'NONE',  ( 9.169149532050450802, 7.660623714533939754, 9.169149532161529947 ) ) ;
#4350 = FACE_OUTER_BOUND ( 'NONE', #174, .T. ) ;
#4351 = DIRECTION ( 'NONE',  ( 0.5125766358075090068, 0.4288447525037473174, -0.7438799437236199852 ) ) ;
#4352 = DIRECTION ( 'NONE',  ( 8.410780489584519664E-16, 0.000000000000000000, -1.000000000000000000 ) ) ;
#4353 = DIRECTION ( 'NONE',  ( 0.6416822328233690031, -0.7669706070501109973, 0.000000000000000000 ) ) ;
#4354 = DIRECTION ( 'NONE',  ( 0.7222382015498088892, -0.1781273446059149501, -0.6683132718461779476 ) ) ;
#4355 = ADVANCED_FACE ( 'NONE', ( #7019 ), #2288, .T. ) ;
#4356 = ORIENTED_EDGE ( 'NONE', *, *, #5419, .T. ) ;
#4357 = PLANE ( 'NONE',  #4567 ) ;
#4358 = EDGE_LOOP ( 'NONE', ( #1234, #1663, #520, #9675 ) ) ;
#4359 = ORIENTED_EDGE ( 'NONE', *, *, #9948, .F. ) ;
#4360 = VECTOR ( 'NONE', #1510, 1000.000000000000000 ) ;
#4361 = DIRECTION ( 'NONE',  ( -0.7438799437236206513, 0.000000000000000000, -0.6683132718461777255 ) ) ;
#4362 = FACE_OUTER_BOUND ( 'NONE', #695, .T. ) ;
#4363 = VERTEX_POINT ( 'NONE', #2346 ) ;
#4364 = EDGE_LOOP ( 'NONE', ( #8881, #3591, #527, #8656 ) ) ;
#4365 = DIRECTION ( 'NONE',  ( 0.6416822328233690031, -0.7669706070501109973, 0.000000000000000000 ) ) ;
#4366 = VERTEX_POINT ( 'NONE', #720 ) ;
#4367 = EDGE_CURVE ( 'NONE', #8652, #10025, #3906, .T. ) ;
#4368 = ORIENTED_EDGE ( 'NONE', *, *, #1504, .F. ) ;
#4369 = EDGE_CURVE ( 'NONE', #4725, #4733, #2580, .T. ) ;
#4370 = VECTOR ( 'NONE', #4328, 1000.000000000000227 ) ;
#4371 = ADVANCED_FACE ( 'NONE', ( #3178 ), #6364, .F. ) ;
#4372 = AXIS2_PLACEMENT_3D ( 'NONE', #9009, #8278, #7453 ) ;
#4373 = VERTEX_POINT ( 'NONE', #1358 ) ;
#4374 = ORIENTED_EDGE ( 'NONE', *, *, #9194, .F. ) ;
#4375 = LINE ( 'NONE', #1242, #2198 ) ;
#4376 = CARTESIAN_POINT ( 'NONE',  ( 10.80800374693770749, 5.272710815226498760, 8.757394081496098437 ) ) ;
#4377 = ORIENTED_EDGE ( 'NONE', *, *, #7197, .T. ) ;
#4378 = VECTOR ( 'NONE', #6443, 1000.000000000000114 ) ;
#4379 = DIRECTION ( 'NONE',  ( -0.9999999999999992228, 2.900003869174139141E-08, 2.900003627262068727E-08 ) ) ;
#4380 = AXIS2_PLACEMENT_3D ( 'NONE', #7233, #6579, #9288 ) ;
#4381 = EDGE_CURVE ( 'NONE', #7145, #10261, #7965, .T. ) ;
#4382 = LINE ( 'NONE', #6773, #561 ) ;
#4383 = DIRECTION ( 'NONE',  ( -0.000000000000000000, -0.000000000000000000, 1.000000000000000000 ) ) ;
#4384 = ADVANCED_FACE ( 'NONE', ( #4233 ), #998, .F. ) ;
#4385 = CIRCLE ( 'NONE', #7555, 4.175000000000000711 ) ;
#4386 = VECTOR ( 'NONE', #5049, 1000.000000000000000 ) ;
#4387 = DIRECTION ( 'NONE',  ( 2.900003869181559282E-08, 0.9999999999999995559, 2.558252622130287736E-12 ) ) ;
#4388 = CARTESIAN_POINT ( 'NONE',  ( 18.06108187242720930, 33.02453524449802558, 10.00000000000000000 ) ) ;
#4389 = ORIENTED_EDGE ( 'NONE', *, *, #2735, .T. ) ;
#4390 = LINE ( 'NONE', #6688, #4637 ) ;
#4391 = DIRECTION ( 'NONE',  ( 1.000000000000000000, 0.000000000000000000, 0.000000000000000000 ) ) ;
#4392 = CARTESIAN_POINT ( 'NONE',  ( 10.15323185202582756, 4.435784773039231688, 12.20384151746620383 ) ) ;
#4393 = DIRECTION ( 'NONE',  ( 0.7071067811865467956, 0.000000000000000000, 0.7071067811865483499 ) ) ;
#4394 = VECTOR ( 'NONE', #4016, 1000.000000000000114 ) ;
#4395 = ORIENTED_EDGE ( 'NONE', *, *, #9012, .F. ) ;
#4396 = ORIENTED_EDGE ( 'NONE', *, *, #1070, .T. ) ;
#4397 = DIRECTION ( 'NONE',  ( 0.000000000000000000, 0.000000000000000000, -1.000000000000000000 ) ) ;
#4398 = CIRCLE ( 'NONE', #713, 4.375000000000000888 ) ;
#4399 = FACE_OUTER_BOUND ( 'NONE', #2506, .T. ) ;
#4400 = ORIENTED_EDGE ( 'NONE', *, *, #9315, .T. ) ;
#4401 = LINE ( 'NONE', #9116, #5091 ) ;
#4402 = VECTOR ( 'NONE', #9626, 1000.000000000000000 ) ;
#4403 = DIRECTION ( 'NONE',  ( -0.7071067811865500152, 7.511339080654519729E-16, -0.7071067811865450192 ) ) ;
#4404 = CARTESIAN_POINT ( 'NONE',  ( 6.772371450397169923, 0.3442733934026449560, -5.551115123125779744E-16 ) ) ;
#4405 = CARTESIAN_POINT ( 'NONE',  ( 27.10004163002970046, 37.97523820390350124, 14.12500000000000000 ) ) ;
#4406 = AXIS2_PLACEMENT_3D ( 'NONE', #1785, #268, #3452 ) ;
#4407 = DIRECTION ( 'NONE',  ( 0.5125766358075060092, 0.4288447525037434871, 0.7438799437236240930 ) ) ;
#4408 = DIRECTION ( 'NONE',  ( 0.7071067811865400232, 8.656155890839430614E-15, -0.7071067811865550112 ) ) ;
#4409 = VECTOR ( 'NONE', #5785, 1000.000000000000000 ) ;
#4410 = AXIS2_PLACEMENT_3D ( 'NONE', #9024, #6549, #115 ) ;
#4411 = ORIENTED_EDGE ( 'NONE', *, *, #5858, .F. ) ;
#4412 = DIRECTION ( 'NONE',  ( -0.9709069422338768574, -0.2394571141604761311, 0.000000000000000000 ) ) ;
#4413 = VERTEX_POINT ( 'NONE', #8852 ) ;
#4414 = DIRECTION ( 'NONE',  ( 0.000000000000000000, -1.000000000000000000, 0.000000000000000000 ) ) ;
#4415 = ORIENTED_EDGE ( 'NONE', *, *, #173, .T. ) ;
#4416 = VERTEX_POINT ( 'NONE', #2454 ) ;
#4417 = CARTESIAN_POINT ( 'NONE',  ( -1.361361703777539844, 40.03843193517609222, 20.00000000000000000 ) ) ;
#4418 = VERTEX_POINT ( 'NONE', #8738 ) ;
#4419 = ORIENTED_EDGE ( 'NONE', *, *, #6871, .T. ) ;
#4420 = VERTEX_POINT ( 'NONE', #95 ) ;
#4421 = FACE_OUTER_BOUND ( 'NONE', #2783, .T. ) ;
#4422 = CARTESIAN_POINT ( 'NONE',  ( 10.63381720736917124, 5.701454487830062590, 8.583207541927569295 ) ) ;
#4423 = EDGE_CURVE ( 'NONE', #583, #386, #150, .T. ) ;
#4424 = EDGE_LOOP ( 'NONE', ( #8268, #2981, #3998, #5177 ) ) ;
#4425 = DIRECTION ( 'NONE',  ( 5.589694649448180229E-15, -1.000000000000000000, -6.651958409392690315E-15 ) ) ;
#4426 = LINE ( 'NONE', #5260, #4347 ) ;
#4427 = CARTESIAN_POINT ( 'NONE',  ( 15.28625802125600686, 41.43375288419030511, 5.625000000000000000 ) ) ;
#4428 = EDGE_CURVE ( 'NONE', #7011, #8164, #4177, .T. ) ;
#4429 = LINE ( 'NONE', #463, #6797 ) ;
#4430 = EDGE_CURVE ( 'NONE', #5329, #590, #6072, .T. ) ;
#4431 = VERTEX_POINT ( 'NONE', #5747 ) ;
#4432 = DIRECTION ( 'NONE',  ( -0.2373387721500540559, 0.6912853762466089069, 0.6824916379135271827 ) ) ;
#4433 = PLANE ( 'NONE',  #1954 ) ;
#4434 = CARTESIAN_POINT ( 'NONE',  ( 9.589199266239027963, 4.424633369113761816, 11.63980893167940422 ) ) ;
#4436 = EDGE_CURVE ( 'NONE', #780, #988, #8884, .T. ) ;
#4435 = CARTESIAN_POINT ( 'NONE',  ( 20.11595104291249925, 3.700000000000000178, 24.83867152242810050 ) ) ;
#4437 = ORIENTED_EDGE ( 'NONE', *, *, #7563, .T. ) ;
#4438 = ORIENTED_EDGE ( 'NONE', *, *, #6532, .T. ) ;
#4439 = LINE ( 'NONE', #6788, #8810 ) ;
#4440 = CARTESIAN_POINT ( 'NONE',  ( 12.13386482685897150, 23.75537645900509176, 9.911601679803956344 ) ) ;
#4441 = CARTESIAN_POINT ( 'NONE',  ( 10.14478240802067255, 9.315499237860660031, 8.833550900685684937 ) ) ;
#4442 = CIRCLE ( 'NONE', #7268, 4.374999999999999112 ) ;
#4443 = EDGE_CURVE ( 'NONE', #75, #2763, #3398, .T. ) ;
#4444 = CARTESIAN_POINT ( 'NONE',  ( 12.79020790995778967, -4.700000000000000178, 6.894301234953882584 ) ) ;
#4445 = ORIENTED_EDGE ( 'NONE', *, *, #5102, .F. ) ;
#4446 = FACE_OUTER_BOUND ( 'NONE', #3689, .T. ) ;
#4448 = EDGE_CURVE ( 'NONE', #7327, #4163, #8963, .T. ) ;
#4447 = CARTESIAN_POINT ( 'NONE',  ( 23.94768135373719886, 4.910623714452089672, 20.05859405721049882 ) ) ;
#4449 = VERTEX_POINT ( 'NONE', #1837 ) ;
#4450 = CARTESIAN_POINT ( 'NONE',  ( 13.23190208582489902, 3.899999999999999911, 20.00000000000000000 ) ) ;
#4451 = AXIS2_PLACEMENT_3D ( 'NONE', #2943, #3728, #5342 ) ;
#4452 = ORIENTED_EDGE ( 'NONE', *, *, #5957, .F. ) ;
#4453 = DIRECTION ( 'NONE',  ( 0.000000000000000000, 0.000000000000000000, -1.000000000000000000 ) ) ;
#4454 = AXIS2_PLACEMENT_3D ( 'NONE', #5803, #8796, #1673 ) ;
#4455 = ORIENTED_EDGE ( 'NONE', *, *, #8532, .F. ) ;
#4456 = TOROIDAL_SURFACE ( 'NONE', #3791, 2.174999999999999822, 1.000000000000000000 ) ;
#4457 = VERTEX_POINT ( 'NONE', #1051 ) ;
#4458 = CARTESIAN_POINT ( 'NONE',  ( 11.97837798306704293, 23.36151701249844237, 10.36884318094348600 ) ) ;
#4459 = DIRECTION ( 'NONE',  ( 0.2394571141604778519, 0.9709069422338765243, -3.453153041483682278E-17 ) ) ;
#4460 = ORIENTED_EDGE ( 'NONE', *, *, #3295, .T. ) ;
#4461 = VERTEX_POINT ( 'NONE', #891 ) ;
#4462 = CARTESIAN_POINT ( 'NONE',  ( 13.23190208582489902, 3.899999999999999911, 21.20435694737729904 ) ) ;
#4463 = LINE ( 'NONE', #3634, #5166 ) ;
#4464 = ORIENTED_EDGE ( 'NONE', *, *, #9781, .F. ) ;
#4465 = VERTEX_POINT ( 'NONE', #4792 ) ;
#4466 = AXIS2_PLACEMENT_3D ( 'NONE', #452, #3688, #8322 ) ;
#4467 = TOROIDAL_SURFACE ( 'NONE', #1301, 24.00000000000000000, 1.175000000000000044 ) ;
#4468 = ORIENTED_EDGE ( 'NONE', *, *, #2325, .T. ) ;
#4469 = DIRECTION ( 'NONE',  ( 0.7071067811865450192, 8.656155890839430614E-15, -0.7071067811865500152 ) ) ;
#4470 = DIRECTION ( 'NONE',  ( 0.000000000000000000, -1.000000000000000000, 0.000000000000000000 ) ) ;
#4471 = CARTESIAN_POINT ( 'NONE',  ( 10.49393734990720084, 6.056384414440669772, 8.443327685366879720 ) ) ;
#4472 = AXIS2_PLACEMENT_3D ( 'NONE', #7235, #6463, #2505 ) ;
#4473 = VERTEX_POINT ( 'NONE', #7403 ) ;
#4474 = CARTESIAN_POINT ( 'NONE',  ( 12.04697011711559895, 44.49858886797049706, 12.12756148111819954 ) ) ;
#4475 = DIRECTION ( 'NONE',  ( 0.000000000000000000, -1.000000000000000000, 0.000000000000000000 ) ) ;
#4476 = VECTOR ( 'NONE', #4342, 1000.000000000000000 ) ;
#4477 = VECTOR ( 'NONE', #4403, 1000.000000000000000 ) ;
#4478 = ADVANCED_FACE ( 'NONE', ( #4906 ), #4555, .F. ) ;
#4479 = DIRECTION ( 'NONE',  ( 5.876704661882986320E-20, 2.558252622130287332E-12, -1.000000000000000000 ) ) ;
#4480 = CARTESIAN_POINT ( 'NONE',  ( 14.48530593349585160, 5.356794092854970657, 11.60866792719927432 ) ) ;
#4481 = VERTEX_POINT ( 'NONE', #4017 ) ;
#4482 = CARTESIAN_POINT ( 'NONE',  ( -3.189945446948430074, 38.37817313579390799, 14.37500000000000000 ) ) ;
#4483 = DIRECTION ( 'NONE',  ( 0.6416822328233690031, 0.7669706070501109973, 2.609890673131680046E-16 ) ) ;
#4484 = CIRCLE ( 'NONE', #4334, 4.375000000000000888 ) ;
#4485 = EDGE_CURVE ( 'NONE', #2950, #7945, #1727, .T. ) ;
#4486 = DIRECTION ( 'NONE',  ( -1.000000000000000000, 2.419120705443520107E-15, 0.000000000000000000 ) ) ;
#4487 = ORIENTED_EDGE ( 'NONE', *, *, #6252, .F. ) ;
#4488 = ORIENTED_EDGE ( 'NONE', *, *, #793, .F. ) ;
#4489 = CARTESIAN_POINT ( 'NONE',  ( 22.49003430077939925, 39.48528276847929419, 13.25447475379079876 ) ) ;
#4490 = FACE_OUTER_BOUND ( 'NONE', #953, .T. ) ;
#4491 = ADVANCED_FACE ( 'NONE', ( #3235 ), #943, .F. ) ;
#4492 = EDGE_CURVE ( 'NONE', #5428, #9751, #4845, .T. ) ;
#4493 = LINE ( 'NONE', #5182, #6897 ) ;
#4494 = VECTOR ( 'NONE', #5577, 1000.000000000000000 ) ;
#4495 = ADVANCED_FACE ( 'NONE', ( #5684 ), #9843, .F. ) ;
#4496 = FACE_OUTER_BOUND ( 'NONE', #3039, .T. ) ;
#4497 = FACE_OUTER_BOUND ( 'NONE', #7028, .T. ) ;
#4498 = ORIENTED_EDGE ( 'NONE', *, *, #7852, .F. ) ;
#4499 = FACE_OUTER_BOUND ( 'NONE', #8931, .T. ) ;
#4500 = DIRECTION ( 'NONE',  ( 0.2394571141604754927, 0.9709069422338770794, -4.436814144323860170E-16 ) ) ;
#4501 = EDGE_LOOP ( 'NONE', ( #4799, #1030, #9471, #4824 ) ) ;
#4502 = VECTOR ( 'NONE', #5685, 1000.000000000000227 ) ;
#4503 = LINE ( 'NONE', #10058, #4543 ) ;
#4504 = EDGE_CURVE ( 'NONE', #703, #4431, #9101, .T. ) ;
#4505 = VERTEX_POINT ( 'NONE', #2722 ) ;
#4506 = LINE ( 'NONE', #8350, #7888 ) ;
#4507 = EDGE_CURVE ( 'NONE', #1484, #8288, #5165, .T. ) ;
#4508 =( GEOMETRIC_REPRESENTATION_CONTEXT ( 3 ) GLOBAL_UNCERTAINTY_ASSIGNED_CONTEXT ( ( #894 ) ) GLOBAL_UNIT_ASSIGNED_CONTEXT ( ( #4166, #6455, #7953 ) ) REPRESENTATION_CONTEXT ( 'NONE', 'WORKASPACE' ) );
#4509 = ORIENTED_EDGE ( 'NONE', *, *, #7927, .F. ) ;
#4510 = CARTESIAN_POINT ( 'NONE',  ( 10.13691883524306725, 15.06330431211166321, 11.16855656906433758 ) ) ;
#4511 = VERTEX_POINT ( 'NONE', #508 ) ;
#4512 = ORIENTED_EDGE ( 'NONE', *, *, #1314, .T. ) ;
#4513 = CARTESIAN_POINT ( 'NONE',  ( 13.65839009415729954, 41.83523786601629979, 14.37500000000000000 ) ) ;
#4514 = DIRECTION ( 'NONE',  ( 0.6385467440491900959, -0.3556166754277280129, -0.6824916379135410605 ) ) ;
#4515 = VERTEX_POINT ( 'NONE', #1197 ) ;
#4516 = ORIENTED_EDGE ( 'NONE', *, *, #3908, .F. ) ;
#4517 = ORIENTED_EDGE ( 'NONE', *, *, #1996, .F. ) ;
#4518 = LINE ( 'NONE', #2228, #10010 ) ;
#4519 = CARTESIAN_POINT ( 'NONE',  ( 9.170640750767660165, 7.655169716787789902, 9.167660024422088938 ) ) ;
#4520 = EDGE_LOOP ( 'NONE', ( #3781, #3228, #10212 ) ) ;
#4521 = ORIENTED_EDGE ( 'NONE', *, *, #5971, .F. ) ;
#4522 = CARTESIAN_POINT ( 'NONE',  ( -7.693963988259650222, 37.99986831993880543, 14.57499999999999929 ) ) ;
#4523 = AXIS2_PLACEMENT_3D ( 'NONE', #5633, #7541, #3594 ) ;
#4524 = CARTESIAN_POINT ( 'NONE',  ( 8.825022061711763399, 9.126602397793302401, 10.00743716949819984 ) ) ;
#4525 = CARTESIAN_POINT ( 'NONE',  ( 17.01267061527750002, 41.83193545511289813, 14.12500000000000000 ) ) ;
#4526 = LINE ( 'NONE', #710, #36 ) ;
#4527 = CARTESIAN_POINT ( 'NONE',  ( 23.02844253819469955, 4.910623714452070132, 20.97783287275300168 ) ) ;
#4528 = ORIENTED_EDGE ( 'NONE', *, *, #154, .F. ) ;
#4529 = CARTESIAN_POINT ( 'NONE',  ( 10.51265241636080106, 7.660623714452159838, 12.42184072556390007 ) ) ;
#4530 = CARTESIAN_POINT ( 'NONE',  ( 30.47082295315080103, 35.67662275557450613, 17.50000000000000000 ) ) ;
#4531 = CARTESIAN_POINT ( 'NONE',  ( 10.35039147541560034, 17.08409838298220151, 11.12153948390419878 ) ) ;
#4532 = CARTESIAN_POINT ( 'NONE',  ( 8.058154095793511829, 23.26744715569833133, 10.40522913041378850 ) ) ;
#4533 = VERTEX_POINT ( 'NONE', #3599 ) ;
#4534 = ORIENTED_EDGE ( 'NONE', *, *, #8994, .T. ) ;
#4535 = CARTESIAN_POINT ( 'NONE',  ( 12.53908176279749931, -4.930084118726089707E-15, -5.551115123125779744E-16 ) ) ;
#4536 = CARTESIAN_POINT ( 'NONE',  ( 10.00000000000000178, -2.600000000000000089, 5.625000000000000000 ) ) ;
#4537 = VECTOR ( 'NONE', #7281, 1000.000000000000114 ) ;
#4538 = CARTESIAN_POINT ( 'NONE',  ( 9.992656023573941226, 12.43299280031799192, 11.17499215297613979 ) ) ;
#4539 = CARTESIAN_POINT ( 'NONE',  ( 5.495048781010304140, 46.44749149940778921, 34.80000000098205959 ) ) ;
#4540 = DIRECTION ( 'NONE',  ( 4.163336342344339985E-16, -1.000000000000000000, 0.000000000000000000 ) ) ;
#4541 = ORIENTED_EDGE ( 'NONE', *, *, #1430, .T. ) ;
#4542 = FACE_OUTER_BOUND ( 'NONE', #9088, .T. ) ;
#4543 = VECTOR ( 'NONE', #9326, 1000.000000000000000 ) ;
#4544 = DIRECTION ( 'NONE',  ( -0.6416822328233690031, -0.7669706070501109973, 6.123233995736759873E-17 ) ) ;
#4545 = EDGE_CURVE ( 'NONE', #7612, #1524, #4382, .T. ) ;
#4546 = PLANE ( 'NONE',  #9425 ) ;
#4547 = VECTOR ( 'NONE', #7323, 1000.000000000000000 ) ;
#4548 = ORIENTED_EDGE ( 'NONE', *, *, #4158, .T. ) ;
#4549 = DIRECTION ( 'NONE',  ( 0.7222382015498093333, -0.1781273446059150611, 0.6683132718461773925 ) ) ;
#4550 = EDGE_CURVE ( 'NONE', #2502, #10277, #9149, .T. ) ;
#4551 = AXIS2_PLACEMENT_3D ( 'NONE', #4804, #5584, #8750 ) ;
#4552 = CARTESIAN_POINT ( 'NONE',  ( 10.00000000000000000, 42.84051189585739650, 20.00000000000000000 ) ) ;
#4553 = ORIENTED_EDGE ( 'NONE', *, *, #5183, .F. ) ;
#4554 = DIRECTION ( 'NONE',  ( 0.000000000000000000, -0.7071067811865490160, -0.7071067811865461294 ) ) ;
#4555 = CONICAL_SURFACE ( 'NONE', #6227, 1.599999999999999645, 0.7853981633974291832 ) ;
#4556 = VERTEX_POINT ( 'NONE', #7499 ) ;
#4557 = EDGE_CURVE ( 'NONE', #3814, #780, #5213, .T. ) ;
#4558 = ADVANCED_FACE ( 'NONE', ( #5116 ), #457, .F. ) ;
#4559 = VECTOR ( 'NONE', #103, 1000.000000000000227 ) ;
#4560 = CARTESIAN_POINT ( 'NONE',  ( 10.00000000000000000, 17.08409838298220151, 10.00000000000000000 ) ) ;
#4561 = ORIENTED_EDGE ( 'NONE', *, *, #7925, .F. ) ;
#4562 = ORIENTED_EDGE ( 'NONE', *, *, #161, .T. ) ;
#4563 = CARTESIAN_POINT ( 'NONE',  ( -4.447659945505029633, 20.03703699313549791, 0.000000000000000000 ) ) ;
#4564 = CARTESIAN_POINT ( 'NONE',  ( 25.76182293166739967, 36.22642433111679594, 14.37500000000000000 ) ) ;
#4565 = EDGE_CURVE ( 'NONE', #6712, #1631, #6984, .T. ) ;
#4566 = ORIENTED_EDGE ( 'NONE', *, *, #3274, .F. ) ;
#4567 = AXIS2_PLACEMENT_3D ( 'NONE', #2800, #5975, #9130 ) ;
#4568 = VERTEX_POINT ( 'NONE', #6296 ) ;
#4569 = VERTEX_POINT ( 'NONE', #2330 ) ;
#4570 = VECTOR ( 'NONE', #8900, 1000.000000000000000 ) ;
#4571 = CARTESIAN_POINT ( 'NONE',  ( 15.66023449724929861, 20.66205238419150092, 21.62852630276740129 ) ) ;
#4572 = LINE ( 'NONE', #1343, #3797 ) ;
#4573 = ORIENTED_EDGE ( 'NONE', *, *, #5020, .T. ) ;
#4574 = CARTESIAN_POINT ( 'NONE',  ( 8.873868772415445250, 20.89609570662864257, 9.149503848918936200 ) ) ;
#4575 =( BOUNDED_CURVE ( )  B_SPLINE_CURVE ( 3, ( #4665, #5254, #3739, #6240 ),
 .UNSPECIFIED., .F., .T. ) 
 B_SPLINE_CURVE_WITH_KNOTS ( ( 4, 4 ),
 ( 0.000000000000000000, 1.569616467267083593 ),
 .UNSPECIFIED. ) 
 CURVE ( )  GEOMETRIC_REPRESENTATION_ITEM ( )  RATIONAL_B_SPLINE_CURVE ( ( 1.000000000000000000, 0.8050158676374683520, 0.8050158676374683520, 1.000000000000000000 ) ) 
 REPRESENTATION_ITEM ( '' )  );
#4576 = EDGE_CURVE ( 'NONE', #7978, #1325, #1346, .T. ) ;
#4577 = DIRECTION ( 'NONE',  ( -1.000000000000000000, -5.922425206997721564E-16, -4.884981308350685622E-15 ) ) ;
#4578 = CARTESIAN_POINT ( 'NONE',  ( 10.14237949192430044, -1.687140788874630148, 20.00000000000000000 ) ) ;
#4579 = VERTEX_POINT ( 'NONE', #1543 ) ;
#4580 = DIRECTION ( 'NONE',  ( 0.000000000000000000, -1.000000000000000000, 0.000000000000000000 ) ) ;
#4581 = VERTEX_POINT ( 'NONE', #9296 ) ;
#4582 = CARTESIAN_POINT ( 'NONE',  ( 21.59505385545679701, 36.32257102018719763, 14.12500000000000000 ) ) ;
#4583 = DIRECTION ( 'NONE',  ( -0.7222382015498078900, -0.1781273446059149501, 0.6683132718461789468 ) ) ;
#4584 = DIRECTION ( 'NONE',  ( 0.6416822328233690031, 0.7669706070501109973, 2.546063731112064928E-16 ) ) ;
#4585 = DIRECTION ( 'NONE',  ( 0.5125766358075060092, 0.4288447525037434871, 0.7438799437236240930 ) ) ;
#4586 = CARTESIAN_POINT ( 'NONE',  ( 13.12882262174569981, 39.28793781724669287, 14.12500000000000000 ) ) ;
#4587 = LINE ( 'NONE', #7753, #7981 ) ;
#4588 = CARTESIAN_POINT ( 'NONE',  ( 2.990091205981080247, 41.42063067925789710, 14.37500000000000000 ) ) ;
#4589 = CARTESIAN_POINT ( 'NONE',  ( 11.94148436039793104, 23.26650116179052574, 9.594493200651523779 ) ) ;
#4590 = EDGE_CURVE ( 'NONE', #2689, #8992, #4726, .T. ) ;
#4591 = DIRECTION ( 'NONE',  ( 0.3535533905932761733, -0.7071067811865471286, -0.6123724356957935822 ) ) ;
#4592 = CARTESIAN_POINT ( 'NONE',  ( 18.75847962443350525, 33.74121953726330503, 10.00000000000000178 ) ) ;
#4593 = ORIENTED_EDGE ( 'NONE', *, *, #3792, .F. ) ;
#4594 = CARTESIAN_POINT ( 'NONE',  ( 16.31092802209069959, 7.660623714452159838, 16.31092802209009918 ) ) ;
#4595 = DIRECTION ( 'NONE',  ( 0.000000000000000000, 0.000000000000000000, 1.000000000000000000 ) ) ;
#4596 = CARTESIAN_POINT ( 'NONE',  ( 9.166391487978598818, 7.656451934588189623, 9.171911537815971016 ) ) ;
#4597 = ORIENTED_EDGE ( 'NONE', *, *, #4590, .F. ) ;
#4598 = LINE ( 'NONE', #3717, #9195 ) ;
#4599 = CARTESIAN_POINT ( 'NONE',  ( 8.825648706367461571, 5.240349392864199096, 10.08484472893277406 ) ) ;
#4600 = ORIENTED_EDGE ( 'NONE', *, *, #5385, .T. ) ;
#4601 = PLANE ( 'NONE',  #2234 ) ;
#4602 = EDGE_CURVE ( 'NONE', #2356, #3587, #2961, .T. ) ;
#4603 = EDGE_LOOP ( 'NONE', ( #1129, #1282, #5765, #8218 ) ) ;
#4604 = DIRECTION ( 'NONE',  ( -0.7071067811865480168, -8.656155890839410104E-15, 0.7071067811865470176 ) ) ;
#4605 = ORIENTED_EDGE ( 'NONE', *, *, #10059, .F. ) ;
#4606 = EDGE_CURVE ( 'NONE', #2874, #5227, #2914, .T. ) ;
#4607 = CARTESIAN_POINT ( 'NONE',  ( 17.76933580570350202, 6.060623714451979893, 20.00000000000000000 ) ) ;
#4608 = DIRECTION ( 'NONE',  ( -5.337610695313252962E-15, 1.000000000000000000, 6.405132834375904028E-15 ) ) ;
#4609 = ORIENTED_EDGE ( 'NONE', *, *, #1615, .T. ) ;
#4610 = ORIENTED_EDGE ( 'NONE', *, *, #4428, .T. ) ;
#4611 = EDGE_CURVE ( 'NONE', #8237, #2903, #5326, .T. ) ;
#4612 = EDGE_CURVE ( 'NONE', #6322, #396, #3758, .T. ) ;
#4613 = VECTOR ( 'NONE', #10142, 999.9999999999998863 ) ;
#4614 = B_SPLINE_CURVE_WITH_KNOTS ( 'NONE', 3,
 ( #4193, #167, #3352, #2582, #8922, #9905 ),
 .UNSPECIFIED., .F., .F.,
 ( 4, 2, 4 ),
 ( 0.000000000000000000, 0.5000000000000000000, 1.000000000000000000 ),
 .UNSPECIFIED. ) ;
#4615 = ORIENTED_EDGE ( 'NONE', *, *, #5357, .F. ) ;
#4616 = EDGE_CURVE ( 'NONE', #634, #5772, #9367, .T. ) ;
#4617 = DIRECTION ( 'NONE',  ( 0.000000000000000000, 0.000000000000000000, 1.000000000000000000 ) ) ;
#4618 = ORIENTED_EDGE ( 'NONE', *, *, #5425, .T. ) ;
#4619 = VERTEX_POINT ( 'NONE', #8689 ) ;
#4620 = VECTOR ( 'NONE', #9414, 1000.000000000000114 ) ;
#4621 = CARTESIAN_POINT ( 'NONE',  ( 9.465295056023858677, 18.36900712871958063, 8.936866853665545563 ) ) ;
#4622 = CIRCLE ( 'NONE', #8771, 2.099999999999999645 ) ;
#4623 = CARTESIAN_POINT ( 'NONE',  ( 9.036555797187563854, 9.976610849704849571, 10.67317342310512096 ) ) ;
#4624 = CARTESIAN_POINT ( 'NONE',  ( -4.533619719843416718, 40.64395500071467637, 10.00000000000000000 ) ) ;
#4625 = EDGE_CURVE ( 'NONE', #811, #2039, #5372, .T. ) ;
#4626 = AXIS2_PLACEMENT_3D ( 'NONE', #5209, #3544, #10031 ) ;
#4627 = EDGE_CURVE ( 'NONE', #8589, #7715, #6165, .T. ) ;
#4628 = CARTESIAN_POINT ( 'NONE',  ( 11.50293136031242014, 4.410473422245765107, 11.50357115502771954 ) ) ;
#4629 = CARTESIAN_POINT ( 'NONE',  ( 14.27821676971600162, 43.94829113996929948, 14.12500000000000000 ) ) ;
#4630 =( BOUNDED_CURVE ( )  B_SPLINE_CURVE ( 3, ( #1302, #4480, #2823, #9985 ),
 .UNSPECIFIED., .F., .T. ) 
 B_SPLINE_CURVE_WITH_KNOTS ( ( 4, 4 ),
 ( 5.216847345250953616, 5.872047496124513266 ),
 .UNSPECIFIED. ) 
 CURVE ( )  GEOMETRIC_REPRESENTATION_ITEM ( )  RATIONAL_B_SPLINE_CURVE ( ( 1.000000000000000000, 0.9645448647839215406, 0.9645448647839215406, 1.000000000000000000 ) ) 
 REPRESENTATION_ITEM ( '' )  );
#4631 = CARTESIAN_POINT ( 'NONE',  ( 1.241520375566604217, 33.74121953726341872, 10.00000000000000000 ) ) ;
#4632 = DIRECTION ( 'NONE',  ( 0.9999999999999996669, 2.900003869181453734E-08, 0.000000000000000000 ) ) ;
#4633 = FACE_OUTER_BOUND ( 'NONE', #236, .T. ) ;
#4634 = CARTESIAN_POINT ( 'NONE',  ( 9.299999999999998934, -4.950000000000000178, 14.42500000000000071 ) ) ;
#4635 = VECTOR ( 'NONE', #2815, 1000.000000000000000 ) ;
#4636 = DIRECTION ( 'NONE',  ( -0.000000000000000000, 0.000000000000000000, 1.000000000000000000 ) ) ;
#4637 = VECTOR ( 'NONE', #7596, 1000.000000000000227 ) ;
#4638 = CARTESIAN_POINT ( 'NONE',  ( -9.358541061516554294, 46.44749149940778921, 26.22427590696688426 ) ) ;
#4639 = DIRECTION ( 'NONE',  ( 0.000000000000000000, 1.000000000000000000, 0.000000000000000000 ) ) ;
#4640 = VECTOR ( 'NONE', #194, 1000.000000000000000 ) ;
#4641 = ORIENTED_EDGE ( 'NONE', *, *, #1263, .F. ) ;
#4642 = FACE_OUTER_BOUND ( 'NONE', #1046, .T. ) ;
#4643 = DIRECTION ( 'NONE',  ( 0.8660254037844387076, 0.000000000000000000, -0.4999999999999998890 ) ) ;
#4644 = CARTESIAN_POINT ( 'NONE',  ( 17.34025825473160154, 38.24926131872759782, 13.06850476785990089 ) ) ;
#4645 = CARTESIAN_POINT ( 'NONE',  ( 9.167057681361459487, 7.655781793405009417, 9.171243848197208948 ) ) ;
#4646 = ORIENTED_EDGE ( 'NONE', *, *, #5324, .F. ) ;
#4647 = AXIS2_PLACEMENT_3D ( 'NONE', #3325, #6511, #4942 ) ;
#4648 = DIRECTION ( 'NONE',  ( -0.7071067811865500152, 1.237815013031120106E-14, -0.7071067811865450192 ) ) ;
#4649 = EDGE_LOOP ( 'NONE', ( #3706, #5571, #9230, #2795 ) ) ;
#4650 = DIRECTION ( 'NONE',  ( -0.9999999999999995559, -2.900003868580416029E-08, 0.000000000000000000 ) ) ;
#4651 = CARTESIAN_POINT ( 'NONE',  ( 7.825000000000000178, 2.997183533758950080, 10.00000000000000000 ) ) ;
#4652 = VERTEX_POINT ( 'NONE', #2199 ) ;
#4653 = CARTESIAN_POINT ( 'NONE',  ( 10.83049959320002031, 3.411406589671690082, 10.83087619229226028 ) ) ;
#4654 = AXIS2_PLACEMENT_3D ( 'NONE', #2470, #5641, #6086 ) ;
#4655 = CARTESIAN_POINT ( 'NONE',  ( 27.10360859827260072, 36.14689061501750444, 13.06850476785990089 ) ) ;
#4656 = ORIENTED_EDGE ( 'NONE', *, *, #1073, .T. ) ;
#4657 = DIRECTION ( 'NONE',  ( -0.7222382015498088892, 0.1781273446059149501, -0.6683132718461779476 ) ) ;
#4658 = ADVANCED_FACE ( 'NONE', ( #623 ), #4181, .T. ) ;
#4659 = CARTESIAN_POINT ( 'NONE',  ( -4.475884189307882899, 37.30229873345540170, 5.625000000000000000 ) ) ;
#4660 = VERTEX_POINT ( 'NONE', #8854 ) ;
#4661 = ORIENTED_EDGE ( 'NONE', *, *, #5, .F. ) ;
#4663 = CARTESIAN_POINT ( 'NONE',  ( 9.169149532106031231, 7.660623714452170496, 9.169149532106040112 ) ) ;
#4662 = VECTOR ( 'NONE', #3008, 1000.000000000000000 ) ;
#4664 = ORIENTED_EDGE ( 'NONE', *, *, #3593, .F. ) ;
#4665 = CARTESIAN_POINT ( 'NONE',  ( 8.825000000000001066, 11.63127874928194139, 10.00000000000000000 ) ) ;
#4666 = AXIS2_PLACEMENT_3D ( 'NONE', #2665, #7093, #5253 ) ;
#4667 = ORIENTED_EDGE ( 'NONE', *, *, #5663, .T. ) ;
#4668 = EDGE_CURVE ( 'NONE', #4413, #8480, #9576, .T. ) ;
#4669 = ADVANCED_FACE ( 'NONE', ( #4909 ), #4796, .F. ) ;
#4670 = LINE ( 'NONE', #5353, #3987 ) ;
#4671 = CARTESIAN_POINT ( 'NONE',  ( 9.231218936213029025, 10.23311925974996939, 10.89170253971853164 ) ) ;
#4672 = DIRECTION ( 'NONE',  ( 0.6683132718461770594, 0.000000000000000000, -0.7438799437236212064 ) ) ;
#4673 = EDGE_CURVE ( 'NONE', #7456, #4416, #6419, .T. ) ;
#4674 = CARTESIAN_POINT ( 'NONE',  ( 10.75455687471694866, 10.07247937058118481, 9.098511274544087257 ) ) ;
#4675 = DIRECTION ( 'NONE',  ( 0.000000000000000000, 1.000000000000000000, 0.000000000000000000 ) ) ;
#4676 = ORIENTED_EDGE ( 'NONE', *, *, #3495, .F. ) ;
#4677 = DIRECTION ( 'NONE',  ( -5.551115123125779621E-17, 0.000000000000000000, 1.000000000000000000 ) ) ;
#4678 = DIRECTION ( 'NONE',  ( -1.000000000000000000, 0.000000000000000000, 0.000000000000000000 ) ) ;
#4679 = EDGE_CURVE ( 'NONE', #2999, #2436, #2571, .T. ) ;
#4680 = CARTESIAN_POINT ( 'NONE',  ( 15.81306367240908628, 43.56974815710489679, 5.875000000000000000 ) ) ;
#4681 = ADVANCED_FACE ( 'NONE', ( #3342 ), #1055, .T. ) ;
#4682 = CONICAL_SURFACE ( 'NONE', #6187, 4.375000000000001776, 0.7853981633974518317 ) ;
#4683 = DIRECTION ( 'NONE',  ( 0.9709069422338768574, 0.2394571141604761311, 0.000000000000000000 ) ) ;
#4684 = LINE ( 'NONE', #7703, #5158 ) ;
#4685 = CARTESIAN_POINT ( 'NONE',  ( -4.921889006673099587, 33.53919055104709912, 13.06850476785990089 ) ) ;
#4686 = PLANE ( 'NONE',  #8537 ) ;
#4687 = DIRECTION ( 'NONE',  ( 0.7071067811865450192, 8.656155890839430614E-15, -0.7071067811865500152 ) ) ;
#4688 = EDGE_CURVE ( 'NONE', #8480, #7353, #2621, .T. ) ;
#4689 = DIRECTION ( 'NONE',  ( 0.5125766358075060092, 0.4288447525037434871, 0.7438799437236240930 ) ) ;
#4690 = VECTOR ( 'NONE', #8043, 1000.000000000000114 ) ;
#4691 = DIRECTION ( 'NONE',  ( 0.000000000000000000, 0.000000000000000000, -1.000000000000000000 ) ) ;
#4692 = CARTESIAN_POINT ( 'NONE',  ( -5.887585101519320574, 38.98963406896560002, 10.00000000000000000 ) ) ;
#4693 = ORIENTED_EDGE ( 'NONE', *, *, #2970, .F. ) ;
#4694 = DIRECTION ( 'NONE',  ( -6.505213034913027393E-15, 1.000000000000000000, 6.505213034913027393E-15 ) ) ;
#4695 = CARTESIAN_POINT ( 'NONE',  ( 9.999975162422638064, 20.42157067700849993, 11.15210398053721619 ) ) ;
#4696 = CARTESIAN_POINT ( 'NONE',  ( 10.00000015764685202, 5.200000284413966334, 0.5000000128230234209 ) ) ;
#4697 = CARTESIAN_POINT ( 'NONE',  ( 21.36136170377750076, 40.03843193517609222, 20.00000000000000000 ) ) ;
#4698 = ORIENTED_EDGE ( 'NONE', *, *, #3546, .T. ) ;
#4699 = CLOSED_SHELL ( 'NONE', ( #3782, #9913, #1024, #2847, #9460, #775, #6142, #1508, #529, #467, #7789, #6538, #4384, #557, #1373, #7467, #8730, #6861, #4558, #1875, #7914, #10000, #3082, #3221, #7220, #4186, #3288, #7898, #8353, #8757, #8318, #3023, #7213, #10078, #3478, #4491, #7677, #9767, #3725, #4851, #1331, #7336, #227, #1962, #5400, #1348, #408, #1930, #1375, #3718, #4732, #1645, #3061, #3496, #3726, #8763, #6039, #5783, #6282, #6160, #1251, #4478, #7729, #9058, #540, #9577, #9080, #1201, #6616, #7480, #9109, #8488, #428, #8669, #2528, #4944, #2614, #2276, #5902, #3773, #5924, #2905, #9646, #9316, #3667, #711, #2214, #7010, #644, #3806, #5988, #2057, #7987, #8623, #2524, #2765, #2719, #1679, #5520, #8825, #7907, #1120, #9505, #5659, #9445, #7656, #6276, #7146, #7780, #5207, #1613, #1891, #7539, #5969, #807, #6905, #1191, #6736, #2513, #2389, #1759, #7597, #1633, #7944, #9712, #6388, #9895, #2003, #8254, #9717, #9010, #6222, #1117, #3677, #5729, #1300, #576, #853, #7438, #4355, #473, #2085, #2084, #8663, #5570, #3997, #8794, #4960, #4287, #2100, #786, #7614, #10253, #869, #4819, #2774, #8858, #7591, #10113, #3010, #5016, #6913, #977, #8360, #6806, #8364, #2658, #97, #10026, #1323, #9177, #3022, #10032, #6295, #1286, #7240, #781, #1436, #3155, #8619, #6670, #5776, #7913, #7487, #8947, #4495, #9264, #11, #6277, #8611, #7622, #6211, #4253, #4870, #301, #5312, #9028, #9203, #1081, #240, #4899, #1934, #9430, #2309, #3356, #2112, #1970, #2656, #5790, #6658, #211, #1246, #9516, #3099, #3602, #7932, #2574, #4669, #5369, #6900, #6728, #362, #21, #9074, #6557, #1426, #8282, #7030, #6028, #3528, #731, #8266, #5393, #5307, #3281, #6264, #9652, #9633, #4133, #3983, #838, #5079, #9352, #5771, #4681, #6710, #8501, #4963, #3264, #6555, #6474, #7581, #353, #10070, #2126, #4371, #6561, #7801, #153, #8363, #8421, #7805, #2261, #9477, #6043, #10198, #8497, #6766, #8007, #3409, #8123, #109, #8296, #3979, #1810, #4311, #8569, #1489, #9644, #32, #230, #8186, #3360, #7976, #1108, #7420, #101, #4765, #8700, #1952, #9417, #6290, #1439, #4658, #5566, #8485, #7285, #6491, #2293, #7666, #4053, #297, #2200, #9133, #293, #4180, #3238, #3441, #4806, #3369, #5959, #2266, #942, #411, #1555, #10098, #8304, #2134, #4128, #3328 ) ) ;
#4700 = VERTEX_POINT ( 'NONE', #5630 ) ;
#4701 = SURFACE_STYLE_FILL_AREA ( #7875 ) ;
#4702 = VECTOR ( 'NONE', #8785, 999.9999999999998863 ) ;
#4703 = CARTESIAN_POINT ( 'NONE',  ( 23.89994357210569831, 27.90907834314780089, 20.00000000000000000 ) ) ;
#4704 = ORIENTED_EDGE ( 'NONE', *, *, #10012, .T. ) ;
#4705 = CARTESIAN_POINT ( 'NONE',  ( 16.61867121474200104, 25.16415667487400043, 20.50775851126760330 ) ) ;
#4706 = VECTOR ( 'NONE', #110, 1000.000000000000000 ) ;
#4707 = VECTOR ( 'NONE', #5703, 1000.000000000000114 ) ;
#4708 = DIRECTION ( 'NONE',  ( 0.2394571141604750486, 0.9709069422338773014, -3.520008686409985325E-18 ) ) ;
#4709 = DIRECTION ( 'NONE',  ( -5.421010862427522959E-15, 1.000000000000000000, 6.505213034913027393E-15 ) ) ;
#4710 = DIRECTION ( 'NONE',  ( -0.9709069422338768574, 0.2394571141604761311, 0.000000000000000000 ) ) ;
#4711 = ORIENTED_EDGE ( 'NONE', *, *, #908, .T. ) ;
#4712 = LINE ( 'NONE', #7886, #2570 ) ;
#4713 = VECTOR ( 'NONE', #4549, 1000.000000000000000 ) ;
#4714 = ORIENTED_EDGE ( 'NONE', *, *, #6542, .T. ) ;
#4715 = ORIENTED_EDGE ( 'NONE', *, *, #5425, .F. ) ;
#4716 = VECTOR ( 'NONE', #3731, 1000.000000000000000 ) ;
#4717 = CARTESIAN_POINT ( 'NONE',  ( 10.94004091271686008, 3.632825270542110019, 10.72040113630004043 ) ) ;
#4718 = ORIENTED_EDGE ( 'NONE', *, *, #8892, .T. ) ;
#4719 = EDGE_LOOP ( 'NONE', ( #5931, #5736, #3486, #4312 ) ) ;
#4720 = EDGE_CURVE ( 'NONE', #3419, #6233, #1731, .T. ) ;
#4721 = CIRCLE ( 'NONE', #7391, 1.175000000000000488 ) ;
#4722 = CARTESIAN_POINT ( 'NONE',  ( 12.58459632796940042, -5.200000000000000178, 13.96257487047980028 ) ) ;
#4723 = EDGE_LOOP ( 'NONE', ( #3311, #7314, #5837, #195 ) ) ;
#4724 = CARTESIAN_POINT ( 'NONE',  ( 9.006207438043272617, 20.41956219448736221, 9.098219242534293372 ) ) ;
#4725 = VERTEX_POINT ( 'NONE', #4965 ) ;
#4726 = LINE ( 'NONE', #760, #10197 ) ;
#4727 = DIRECTION ( 'NONE',  ( 0.6416822328233684480, 0.7669706070501115525, -8.351650154021386401E-16 ) ) ;
#4728 = AXIS2_PLACEMENT_3D ( 'NONE', #7253, #8755, #1629 ) ;
#4729 = AXIS2_PLACEMENT_3D ( 'NONE', #1522, #4, #795 ) ;
#4730 = LINE ( 'NONE', #4113, #8550 ) ;
#4731 = LINE ( 'NONE', #7900, #9029 ) ;
#4732 = ADVANCED_FACE ( 'NONE', ( #8795 ), #8742, .T. ) ;
#4733 = VERTEX_POINT ( 'NONE', #8078 ) ;
#4734 = LINE ( 'NONE', #9508, #2291 ) ;
#4735 = DIRECTION ( 'NONE',  ( 0.6416822328233690031, -0.7669706070501109973, 6.123233995736759873E-17 ) ) ;
#4736 = ORIENTED_EDGE ( 'NONE', *, *, #9682, .T. ) ;
#4737 = LINE ( 'NONE', #2191, #5283 ) ;
#4738 = DIRECTION ( 'NONE',  ( 0.6416822328233700024, 0.7669706070501101092, 0.000000000000000000 ) ) ;
#4739 = CARTESIAN_POINT ( 'NONE',  ( 7.898707134134501651, 23.67391793809501266, 10.18725293258244768 ) ) ;
#4740 = CARTESIAN_POINT ( 'NONE',  ( 13.75373249062899994, 35.21994845389350104, 10.00000000000000000 ) ) ;
#4741 = DIRECTION ( 'NONE',  ( 0.000000000000000000, 0.000000000000000000, -1.000000000000000000 ) ) ;
#4742 = CARTESIAN_POINT ( 'NONE',  ( 11.56658433640770234, -2.600000000000000089, 14.13780600281379840 ) ) ;
#4743 = EDGE_CURVE ( 'NONE', #1982, #4579, #3402, .T. ) ;
#4744 = DIRECTION ( 'NONE',  ( -0.6546536707079791961, -0.3779644730092271421, 0.6546536707079750883 ) ) ;
#4745 = EDGE_CURVE ( 'NONE', #590, #5329, #9355, .T. ) ;
#4746 = CARTESIAN_POINT ( 'NONE',  ( 10.93879300545862243, 3.411392072174515899, 10.72230187090793230 ) ) ;
#4747 = DIRECTION ( 'NONE',  ( -0.6488699952224906697, 0.1600323674314316491, -0.7438799437236200962 ) ) ;
#4748 = VERTEX_POINT ( 'NONE', #8185 ) ;
#4749 = CARTESIAN_POINT ( 'NONE',  ( 5.344234543528492587, 33.97041392914703550, 10.00000000000000000 ) ) ;
#4750 = EDGE_CURVE ( 'NONE', #8857, #1703, #946, .T. ) ;
#4751 = CARTESIAN_POINT ( 'NONE',  ( 8.824999999999999289, 17.08409838298220151, 10.00000000000000000 ) ) ;
#4752 = CYLINDRICAL_SURFACE ( 'NONE', #718, 4.125000000000000000 ) ;
#4753 = CARTESIAN_POINT ( 'NONE',  ( 9.210325024501608837, 4.014601638357169655, 10.98581264621079967 ) ) ;
#4754 = ORIENTED_EDGE ( 'NONE', *, *, #2780, .F. ) ;
#4755 = ORIENTED_EDGE ( 'NONE', *, *, #4616, .T. ) ;
#4756 = DIRECTION ( 'NONE',  ( 1.000000000000000000, 0.000000000000000000, 0.000000000000000000 ) ) ;
#4757 = DIRECTION ( 'NONE',  ( 0.000000000000000000, -1.000000000000000000, 0.000000000000000000 ) ) ;
#4758 = CARTESIAN_POINT ( 'NONE',  ( 9.479630109000177995, 18.28267212304890066, 11.06773137066824475 ) ) ;
#4759 = EDGE_CURVE ( 'NONE', #1325, #8593, #896, .T. ) ;
#4760 = ORIENTED_EDGE ( 'NONE', *, *, #2518, .F. ) ;
#4761 = DIRECTION ( 'NONE',  ( -0.2161664957215420901, -0.9763565158933844579, 0.000000000000000000 ) ) ;
#4762 = CARTESIAN_POINT ( 'NONE',  ( 8.824999999999999289, 2.997183533758950080, 10.00000000000000000 ) ) ;
#4763 = VERTEX_POINT ( 'NONE', #7243 ) ;
#4764 = CARTESIAN_POINT ( 'NONE',  ( 25.94501361094760128, 36.59469111121330087, 14.12500000000000000 ) ) ;
#4765 = ADVANCED_FACE ( 'NONE', ( #1001 ), #1614, .F. ) ;
#4766 = LINE ( 'NONE', #1431, #1806 ) ;
#4767 = ORIENTED_EDGE ( 'NONE', *, *, #7003, .T. ) ;
#4768 = LINE ( 'NONE', #3202, #391 ) ;
#4769 = FACE_OUTER_BOUND ( 'NONE', #1422, .T. ) ;
#4770 = ORIENTED_EDGE ( 'NONE', *, *, #6476, .T. ) ;
#4771 = CARTESIAN_POINT ( 'NONE',  ( 9.387289296198309430, 7.279101115034020353, 8.952236453367978797 ) ) ;
#4772 = VERTEX_POINT ( 'NONE', #6589 ) ;
#4773 = VECTOR ( 'NONE', #568, 1000.000000000000227 ) ;
#4774 = ORIENTED_EDGE ( 'NONE', *, *, #6669, .F. ) ;
#4775 = ORIENTED_EDGE ( 'NONE', *, *, #5433, .T. ) ;
#4776 = VERTEX_POINT ( 'NONE', #1841 ) ;
#4777 = FACE_OUTER_BOUND ( 'NONE', #4832, .T. ) ;
#4778 = EDGE_LOOP ( 'NONE', ( #7706, #1110, #1341, #3668, #8335, #216, #978, #6999, #1194, #2148, #2491, #4985, #10062, #2667 ) ) ;
#4779 = DIRECTION ( 'NONE',  ( 0.000000000000000000, -1.000000000000000000, 0.000000000000000000 ) ) ;
#4780 = AXIS2_PLACEMENT_3D ( 'NONE', #9256, #8530, #10043 ) ;
#4781 = CARTESIAN_POINT ( 'NONE',  ( 14.92847514475790049, 0.000000000000000000, 11.11743119008349900 ) ) ;
#4782 = VERTEX_POINT ( 'NONE', #5019 ) ;
#4783 = LINE ( 'NONE', #8841, #2217 ) ;
#4784 = DIRECTION ( 'NONE',  ( -0.9709069422338770794, 0.2394571141604749931, 0.000000000000000000 ) ) ;
#4785 = VECTOR ( 'NONE', #7807, 1000.000000000000227 ) ;
#4786 = DIRECTION ( 'NONE',  ( -0.5705340520101066515, 0.4773345432410946998, 0.6683132718461786137 ) ) ;
#4787 = CIRCLE ( 'NONE', #1293, 4.175000000000000711 ) ;
#4788 = ORIENTED_EDGE ( 'NONE', *, *, #10183, .T. ) ;
#4789 = PLANE ( 'NONE',  #2460 ) ;
#4790 = CARTESIAN_POINT ( 'NONE',  ( 9.349863765442075092, 4.461455902898658898, 11.40047343088245135 ) ) ;
#4791 = CARTESIAN_POINT ( 'NONE',  ( 15.51543289325813468, 20.66205238419152579, 19.40452018978363569 ) ) ;
#4792 = CARTESIAN_POINT ( 'NONE',  ( 39.35854111252491094, 0.000000000000000000, 0.5000000000000004441 ) ) ;
#4793 = LINE ( 'NONE', #6365, #2508 ) ;
#4794 = EDGE_CURVE ( 'NONE', #4579, #8224, #2367, .T. ) ;
#4795 = VECTOR ( 'NONE', #9869, 1000.000000000000114 ) ;
#4796 = CYLINDRICAL_SURFACE ( 'NONE', #7042, 2.099999999999998757 ) ;
#4797 = CARTESIAN_POINT ( 'NONE',  ( 11.65805248935772553, 4.410300009750688588, 11.34866909918880928 ) ) ;
#4798 = DIRECTION ( 'NONE',  ( 0.000000000000000000, -1.000000000000000000, 0.000000000000000000 ) ) ;
#4799 = ORIENTED_EDGE ( 'NONE', *, *, #6401, .F. ) ;
#4800 = EDGE_CURVE ( 'NONE', #1032, #8992, #1980, .T. ) ;
#4801 = CYLINDRICAL_SURFACE ( 'NONE', #1526, 1.599999999999999867 ) ;
#4802 = CARTESIAN_POINT ( 'NONE',  ( -9.358541061516554294, 0.000000000000000000, 26.22427590696688426 ) ) ;
#4803 = VECTOR ( 'NONE', #6890, 1000.000000000000000 ) ;
#4804 = CARTESIAN_POINT ( 'NONE',  ( 10.00000000000000000, -3.000000000000000000, 10.00000000000000000 ) ) ;
#4805 = DIRECTION ( 'NONE',  ( 0.7669706070501108863, -0.6416822328233690031, 0.000000000000000000 ) ) ;
#4806 = ADVANCED_FACE ( 'NONE', ( #9205 ), #9894, .T. ) ;
#4807 = ORIENTED_EDGE ( 'NONE', *, *, #8685, .T. ) ;
#4808 = PLANE ( 'NONE',  #4654 ) ;
#4809 = PLANE ( 'NONE',  #2391 ) ;
#4810 = LINE ( 'NONE', #6489, #2381 ) ;
#4811 = EDGE_CURVE ( 'NONE', #2770, #794, #5262, .T. ) ;
#4812 = EDGE_LOOP ( 'NONE', ( #3545, #2416, #3729, #5654 ) ) ;
#4813 = FACE_OUTER_BOUND ( 'NONE', #959, .T. ) ;
#4814 = VECTOR ( 'NONE', #2873, 1000.000000000000227 ) ;
#4815 = DIRECTION ( 'NONE',  ( 0.6488699952224908918, -0.1600323674314305944, 0.7438799437236202072 ) ) ;
#4816 = ORIENTED_EDGE ( 'NONE', *, *, #7271, .T. ) ;
#4817 = CARTESIAN_POINT ( 'NONE',  ( 10.95399684465893309, 4.142333262063132793, 10.95299202273146477 ) ) ;
#4818 = CARTESIAN_POINT ( 'NONE',  ( -14.55854136924701336, 0.000000000000000000, 7.500000010607793755 ) ) ;
#4819 = ADVANCED_FACE ( 'NONE', ( #1299, #9984 ), #5947, .T. ) ;
#4820 = EDGE_LOOP ( 'NONE', ( #8005, #5990, #5301, #3256, #9918, #6035, #5727, #612, #305, #4173, #7526, #8752 ) ) ;
#4821 = AXIS2_PLACEMENT_3D ( 'NONE', #350, #9776, #1235 ) ;
#4822 = DIRECTION ( 'NONE',  ( 2.419120705443520107E-15, 0.000000000000000000, -1.000000000000000000 ) ) ;
#4823 = ORIENTED_EDGE ( 'NONE', *, *, #2602, .F. ) ;
#4824 = ORIENTED_EDGE ( 'NONE', *, *, #7229, .T. ) ;
#4825 = EDGE_CURVE ( 'NONE', #8288, #2063, #3508, .T. ) ;
#4826 = CARTESIAN_POINT ( 'NONE',  ( 9.169149532106040112, 7.660623714452170496, 9.169149532106040112 ) ) ;
#4827 = CIRCLE ( 'NONE', #9462, 1.400000000000000799 ) ;
#4828 = ORIENTED_EDGE ( 'NONE', *, *, #6953, .T. ) ;
#4829 = CARTESIAN_POINT ( 'NONE',  ( 12.17500000000000071, 2.997183533758950080, 10.00000000000000000 ) ) ;
#4830 = ORIENTED_EDGE ( 'NONE', *, *, #1305, .F. ) ;
#4831 = EDGE_LOOP ( 'NONE', ( #1596, #3011, #9492, #10161, #2421 ) ) ;
#4832 = EDGE_LOOP ( 'NONE', ( #7734, #5932, #2966, #6368, #9804 ) ) ;
#4833 = FACE_OUTER_BOUND ( 'NONE', #271, .T. ) ;
#4834 = VERTEX_POINT ( 'NONE', #6776 ) ;
#4835 = AXIS2_PLACEMENT_3D ( 'NONE', #4525, #9150, #1198 ) ;
#4836 = CARTESIAN_POINT ( 'NONE',  ( -0.1292956546907789994, 42.91721141340150325, 12.24485091772720224 ) ) ;
#4837 = VERTEX_POINT ( 'NONE', #4427 ) ;
#4838 = CARTESIAN_POINT ( 'NONE',  ( 14.36638437382770128, 6.461666001407739834, 18.25547167035309926 ) ) ;
#4839 = DIRECTION ( 'NONE',  ( -0.4725688464794009502, -0.7071067811865477948, 0.5260025525956388837 ) ) ;
#4840 = ORIENTED_EDGE ( 'NONE', *, *, #1488, .F. ) ;
#4841 = FACE_OUTER_BOUND ( 'NONE', #5758, .T. ) ;
#4842 = FACE_OUTER_BOUND ( 'NONE', #4225, .T. ) ;
#4843 = CARTESIAN_POINT ( 'NONE',  ( -19.35854111226639418, 0.000000000000000000, 13.91715725238439383 ) ) ;
#4844 = CARTESIAN_POINT ( 'NONE',  ( 17.00763806463768191, 3.800000081129693452, 24.93867160355770096 ) ) ;
#4845 = LINE ( 'NONE', #3284, #7550 ) ;
#4846 = CARTESIAN_POINT ( 'NONE',  ( -14.55854136924701336, 29.25100135070063345, 9.200000010607794820 ) ) ;
#4847 = CARTESIAN_POINT ( 'NONE',  ( -19.35854111226639418, 5.199999433016411210, 1.276021485200791603E-08 ) ) ;
#4848 = CARTESIAN_POINT ( 'NONE',  ( 12.92387056432700021, -2.600000000000000089, 13.25447475379079876 ) ) ;
#4849 = CARTESIAN_POINT ( 'NONE',  ( 30.98622431491810048, 38.00452965984349873, 15.38383993185759913 ) ) ;
#4850 = VERTEX_POINT ( 'NONE', #7592 ) ;
#4851 = ADVANCED_FACE ( 'NONE', ( #461 ), #2720, .F. ) ;
#4852 = DIRECTION ( 'NONE',  ( 0.000000000000000000, 6.651958409392690315E-15, -1.000000000000000000 ) ) ;
#4853 = CARTESIAN_POINT ( 'NONE',  ( 12.42184072556450047, 4.410623714452170496, 10.51265241636020065 ) ) ;
#4854 = CARTESIAN_POINT ( 'NONE',  ( 23.85946208442049965, 20.66205238419160040, 13.42929807742610038 ) ) ;
#4855 = DIRECTION ( 'NONE',  ( -0.6416822328233700024, 0.7669706070501099981, -4.625278731684319029E-17 ) ) ;
#4856 = EDGE_LOOP ( 'NONE', ( #8953, #4043, #4923, #7579 ) ) ;
#4857 = DIRECTION ( 'NONE',  ( 1.000000000000000000, 6.120826529420450260E-15, 5.551115123129629632E-17 ) ) ;
#4858 = FACE_OUTER_BOUND ( 'NONE', #9343, .T. ) ;
#4859 = B_SPLINE_SURFACE_WITH_KNOTS ( 'NONE', 3, 3, ( 
 ( #9324, #7921, #4596, #9531, #3031, #9376, #6265, #7871, #7977, #842, #3132 ),
 ( #3080, #735, #9421, #7033, #5380, #1465, #2300, #8546, #1421, #8588, #3186 ),
 ( #3918, #4025, #4645, #7762, #6218, #1623, #2415, #5476, #5585, #2984, #3817 ),
 ( #8641, #6990, #10155, #5528, #2355, #1574, #4753, #6321, #785, #7135, #7081 ),
 ( #7191, #2251, #5422, #10210, #8751, #3970, #10254, #6172, #7813, #10308, #679 ) ),
 .UNSPECIFIED., .F., .F., .F.,
 ( 4, 1, 4 ),
 ( 4, 2, 1, 1, 1, 1, 1, 4 ),
 ( 0.000000000000000000, 0.5714285714285709528, 1.000000000000000000 ),
 ( -0.001006164608977844210, 0.000000000000000000, 0.1706867749887389929, 0.3413735499774789850, 0.5120603249662180056, 0.6827470999549569708, 0.7680904874493270640, 0.8534338749436970462 ),
 .UNSPECIFIED. ) ;
#4860 = LINE ( 'NONE', #8701, #7402 ) ;
#4861 = CIRCLE ( 'NONE', #369, 1.699999999999999289 ) ;
#4862 = CARTESIAN_POINT ( 'NONE',  ( 9.999999999999996447, 17.67041187600990426, 8.825000000000001066 ) ) ;
#4863 = EDGE_LOOP ( 'NONE', ( #3925, #9287, #2469 ) ) ;
#4864 = DIRECTION ( 'NONE',  ( 0.000000000000000000, 6.651958409392690315E-15, -1.000000000000000000 ) ) ;
#4865 = CYLINDRICAL_SURFACE ( 'NONE', #9491, 3.149999999999999467 ) ;
#4866 = VERTEX_POINT ( 'NONE', #5072 ) ;
#4867 = EDGE_CURVE ( 'NONE', #8038, #1397, #5998, .T. ) ;
#4868 = DIRECTION ( 'NONE',  ( -0.7071067811865450192, -8.656155890839430614E-15, 0.7071067811865500152 ) ) ;
#4869 = VECTOR ( 'NONE', #2595, 1000.000000000000114 ) ;
#4870 = ADVANCED_FACE ( 'NONE', ( #2865 ), #534, .T. ) ;
#4871 = CARTESIAN_POINT ( 'NONE',  ( 9.000000149011610162, 10.40000000000000036, 25.00000029802320256 ) ) ;
#4872 = VECTOR ( 'NONE', #1200, 1000.000000000000000 ) ;
#4873 = ORIENTED_EDGE ( 'NONE', *, *, #3736, .T. ) ;
#4874 = DIRECTION ( 'NONE',  ( -0.8660254037844385966, -0.000000000000000000, 0.4999999999999998890 ) ) ;
#4875 = DIRECTION ( 'NONE',  ( 0.000000000000000000, 0.000000000000000000, -1.000000000000000000 ) ) ;
#4876 = AXIS2_PLACEMENT_3D ( 'NONE', #3471, #5922, #7368 ) ;
#4877 = CARTESIAN_POINT ( 'NONE',  ( 9.298338746027141610, 7.189331700155960014, 9.040719426316790930 ) ) ;
#4878 = VECTOR ( 'NONE', #8469, 1000.000000000000000 ) ;
#4879 = EDGE_CURVE ( 'NONE', #4998, #5387, #8420, .T. ) ;
#4880 = EDGE_CURVE ( 'NONE', #2763, #489, #8380, .T. ) ;
#4881 = ORIENTED_EDGE ( 'NONE', *, *, #1761, .F. ) ;
#4882 = DIRECTION ( 'NONE',  ( -1.000000000000000000, 0.000000000000000000, 0.000000000000000000 ) ) ;
#4883 = ORIENTED_EDGE ( 'NONE', *, *, #7856, .T. ) ;
#4884 = EDGE_CURVE ( 'NONE', #8110, #1829, #9152, .T. ) ;
#4885 = AXIS2_PLACEMENT_3D ( 'NONE', #5697, #9424, #8754 ) ;
#4886 = VERTEX_POINT ( 'NONE', #1252 ) ;
#4887 = ORIENTED_EDGE ( 'NONE', *, *, #83, .F. ) ;
#4888 = DIRECTION ( 'NONE',  ( 0.000000000000000000, -1.000000000000000000, 0.000000000000000000 ) ) ;
#4889 = ORIENTED_EDGE ( 'NONE', *, *, #5853, .T. ) ;
#4890 = VECTOR ( 'NONE', #4874, 1000.000000000000227 ) ;
#4891 = CIRCLE ( 'NONE', #2576, 4.375000000000000888 ) ;
#4892 = LINE ( 'NONE', #8066, #5920 ) ;
#4893 = EDGE_CURVE ( 'NONE', #482, #4131, #378, .T. ) ;
#4894 = ORIENTED_EDGE ( 'NONE', *, *, #1316, .F. ) ;
#4895 = CYLINDRICAL_SURFACE ( 'NONE', #2376, 4.125000000000000000 ) ;
#4896 = VECTOR ( 'NONE', #574, 1000.000000000000227 ) ;
#4897 = CARTESIAN_POINT ( 'NONE',  ( -6.975079864095089732, 35.73289118407149800, 13.25447475379079876 ) ) ;
#4898 = DIRECTION ( 'NONE',  ( -0.7325378163287431521, 0.6532814824381871777, 0.1913417161825430313 ) ) ;
#4899 = ADVANCED_FACE ( 'NONE', ( #3693 ), #6685, .F. ) ;
#4900 = EDGE_LOOP ( 'NONE', ( #2380, #2013, #4887, #8517 ) ) ;
#4901 = FACE_OUTER_BOUND ( 'NONE', #5291, .T. ) ;
#4902 = CARTESIAN_POINT ( 'NONE',  ( 8.039252241572631519, 23.31611396580613160, 9.613552483435135798 ) ) ;
#4903 = DIRECTION ( 'NONE',  ( -0.7071067811865481278, -1.734723475976806148E-14, -0.7071067811865467956 ) ) ;
#4904 = PLANE ( 'NONE',  #7037 ) ;
#4905 = CIRCLE ( 'NONE', #3391, 4.125000000000000000 ) ;
#4906 = FACE_OUTER_BOUND ( 'NONE', #6955, .T. ) ;
#4907 = DIRECTION ( 'NONE',  ( 0.000000000000000000, 1.000000000000000000, 0.000000000000000000 ) ) ;
#4908 = VECTOR ( 'NONE', #9706, 1000.000000000000000 ) ;
#4909 = FACE_OUTER_BOUND ( 'NONE', #8094, .T. ) ;
#4910 = LINE ( 'NONE', #2461, #8434 ) ;
#4911 = ORIENTED_EDGE ( 'NONE', *, *, #9796, .F. ) ;
#4912 = CARTESIAN_POINT ( 'NONE',  ( 11.18475039726053133, 21.09942545418638105, 9.173099943394889877 ) ) ;
#4913 = PLANE ( 'NONE',  #5951 ) ;
#4914 = CARTESIAN_POINT ( 'NONE',  ( 5.193999999999999950, -5.200000000000000178, 13.08675134594809819 ) ) ;
#4915 = CARTESIAN_POINT ( 'NONE',  ( 16.31699133008299896, 12.39999999998657820, 27.21076693067189822 ) ) ;
#4916 = ORIENTED_EDGE ( 'NONE', *, *, #4743, .F. ) ;
#4917 = VERTEX_POINT ( 'NONE', #321 ) ;
#4918 = DIRECTION ( 'NONE',  ( 3.965082230804130713E-16, 0.000000000000000000, -1.000000000000000000 ) ) ;
#4919 = DIRECTION ( 'NONE',  ( 0.000000000000000000, 1.000000000000000000, 0.000000000000000000 ) ) ;
#4920 = DIRECTION ( 'NONE',  ( 0.000000000000000000, -0.9103671194838998115, -0.4138015318514263741 ) ) ;
#4921 = EDGE_CURVE ( 'NONE', #1982, #4955, #2725, .T. ) ;
#4922 = CARTESIAN_POINT ( 'NONE',  ( 10.00035967627142419, 21.11562525565224746, 8.873796042651241223 ) ) ;
#4923 = ORIENTED_EDGE ( 'NONE', *, *, #8108, .F. ) ;
#4924 = CARTESIAN_POINT ( 'NONE',  ( -6.799148781361641802, 19.99999999999999645, 0.000000000000000000 ) ) ;
#4925 = CARTESIAN_POINT ( 'NONE',  ( -6.499999910776837808, 5.199999805864719882, 19.50000008922316397 ) ) ;
#4926 = ORIENTED_EDGE ( 'NONE', *, *, #3421, .T. ) ;
#4927 = DIRECTION ( 'NONE',  ( 0.000000000000000000, -1.000000000000000000, 0.000000000000000000 ) ) ;
#4928 = CARTESIAN_POINT ( 'NONE',  ( 12.70545213662740025, 42.48224917673849887, 13.06850476785990089 ) ) ;
#4929 = ORIENTED_EDGE ( 'NONE', *, *, #9322, .T. ) ;
#4930 = DIRECTION ( 'NONE',  ( -0.9096483835923543371, 0.1748441954726480674, -0.3767881706441160716 ) ) ;
#4931 = LINE ( 'NONE', #123, #5533 ) ;
#4932 = ORIENTED_EDGE ( 'NONE', *, *, #5835, .F. ) ;
#4933 = DIRECTION ( 'NONE',  ( 0.7222382015498078900, 0.1781273446059149501, -0.6683132718461789468 ) ) ;
#4934 = EDGE_CURVE ( 'NONE', #8871, #165, #5700, .T. ) ;
#4935 = DIRECTION ( 'NONE',  ( 0.000000000000000000, 1.000000000000000000, 0.000000000000000000 ) ) ;
#4936 = ORIENTED_EDGE ( 'NONE', *, *, #7556, .T. ) ;
#4937 = DIRECTION ( 'NONE',  ( -1.000000000000000000, 0.000000000000000000, -1.863867409562341178E-16 ) ) ;
#4938 = ORIENTED_EDGE ( 'NONE', *, *, #7963, .F. ) ;
#4939 = EDGE_CURVE ( 'NONE', #8772, #5768, #2035, .T. ) ;
#4940 = EDGE_LOOP ( 'NONE', ( #4270, #9181, #6224, #8995, #7389, #409, #5030, #7682 ) ) ;
#4941 = ORIENTED_EDGE ( 'NONE', *, *, #1690, .T. ) ;
#4942 = DIRECTION ( 'NONE',  ( 0.000000000000000000, -0.8663452214004265795, 0.4994456500527817977 ) ) ;
#4943 = EDGE_LOOP ( 'NONE', ( #1043, #9721, #7261, #640 ) ) ;
#4944 = ADVANCED_FACE ( 'NONE', ( #10185, #5407 ), #10134, .T. ) ;
#4945 = CARTESIAN_POINT ( 'NONE',  ( 10.92630567814359210, 20.16053135332092694, 10.92692934437111063 ) ) ;
#4946 = EDGE_CURVE ( 'NONE', #742, #8362, #5306, .T. ) ;
#4947 = EDGE_CURVE ( 'NONE', #8514, #5778, #7062, .T. ) ;
#4948 = VECTOR ( 'NONE', #326, 1000.000000000000000 ) ;
#4949 = DIRECTION ( 'NONE',  ( 0.000000000000000000, 0.000000000000000000, -1.000000000000000000 ) ) ;
#4950 = FACE_OUTER_BOUND ( 'NONE', #2398, .T. ) ;
#4951 = ORIENTED_EDGE ( 'NONE', *, *, #5384, .F. ) ;
#4952 = EDGE_LOOP ( 'NONE', ( #302, #4339, #171, #9498 ) ) ;
#4953 = DIRECTION ( 'NONE',  ( 0.000000000000000000, 1.000000000000000000, 0.000000000000000000 ) ) ;
#4954 = CARTESIAN_POINT ( 'NONE',  ( -7.358541197943527123, 29.25100135070063345, 20.00000000000000355 ) ) ;
#4955 = VERTEX_POINT ( 'NONE', #2335 ) ;
#4956 = FACE_BOUND ( 'NONE', #1034, .T. ) ;
#4957 = DIRECTION ( 'NONE',  ( 0.000000000000000000, -1.000000000000000000, 0.000000000000000000 ) ) ;
#4958 = AXIS2_PLACEMENT_3D ( 'NONE', #716, #2971, #5511 ) ;
#4959 = DIRECTION ( 'NONE',  ( -0.6416822328233690031, 0.7669706070501109973, 0.000000000000000000 ) ) ;
#4960 = ADVANCED_FACE ( 'NONE', ( #7695 ), #6101, .T. ) ;
#4961 = DIRECTION ( 'NONE',  ( 0.7222382015498078900, 0.1781273446059149501, 0.6683132718461789468 ) ) ;
#4962 = DIRECTION ( 'NONE',  ( 0.000000000000000000, -1.000000000000000000, 0.000000000000000000 ) ) ;
#4963 = ADVANCED_FACE ( 'NONE', ( #3798 ), #2279, .T. ) ;
#4964 = VECTOR ( 'NONE', #1788, 1000.000000000000114 ) ;
#4965 = CARTESIAN_POINT ( 'NONE',  ( 11.71482791193760242, 35.72280839363055804, 10.00000000000000000 ) ) ;
#4966 = VECTOR ( 'NONE', #6332, 1000.000000000000114 ) ;
#4967 = CARTESIAN_POINT ( 'NONE',  ( 12.53908176279749931, -4.930084118726089707E-15, -5.551115123125779744E-16 ) ) ;
#4968 = ORIENTED_EDGE ( 'NONE', *, *, #5218, .F. ) ;
#4969 = CARTESIAN_POINT ( 'NONE',  ( 12.75679224636549947, -2.600000000000000089, 13.06850476785990089 ) ) ;
#4970 = DIRECTION ( 'NONE',  ( 0.7669706070501109973, -0.6416822328233690031, 0.000000000000000000 ) ) ;
#4971 = DIRECTION ( 'NONE',  ( 0.000000000000000000, -0.9776325903347649060, -0.2103200378360029765 ) ) ;
#4972 = CARTESIAN_POINT ( 'NONE',  ( 14.66366952443880045, 38.90939483438219781, 10.00000000000000000 ) ) ;
#4973 = ORIENTED_EDGE ( 'NONE', *, *, #8608, .F. ) ;
#4974 = VERTEX_POINT ( 'NONE', #3746 ) ;
#4975 = DIRECTION ( 'NONE',  ( -1.000000000000000000, 0.000000000000000000, 0.000000000000000000 ) ) ;
#4976 = AXIS2_PLACEMENT_3D ( 'NONE', #2543, #6705, #1760 ) ;
#4977 = AXIS2_PLACEMENT_3D ( 'NONE', #8919, #6596, #2628 ) ;
#4978 = DIRECTION ( 'NONE',  ( -1.000000000000000000, 0.000000000000000000, 0.000000000000000000 ) ) ;
#4979 = B_SPLINE_CURVE_WITH_KNOTS ( 'NONE', 3,
 ( #7565, #478, #429, #8293 ),
 .UNSPECIFIED., .F., .F.,
 ( 4, 4 ),
 ( 0.000000000000000000, 1.000000000000000000 ),
 .UNSPECIFIED. ) ;
#4980 = FACE_OUTER_BOUND ( 'NONE', #2918, .T. ) ;
#4981 = ORIENTED_EDGE ( 'NONE', *, *, #7229, .F. ) ;
#4982 = CARTESIAN_POINT ( 'NONE',  ( 15.20061508947805251, 20.21556349941269914, 27.00276465776693513 ) ) ;
#4983 = CARTESIAN_POINT ( 'NONE',  ( 14.76803086094849427, 44.23947304313696094, 10.00000000000000000 ) ) ;
#4984 = VECTOR ( 'NONE', #3748, 1000.000000000000000 ) ;
#4985 = ORIENTED_EDGE ( 'NONE', *, *, #6844, .F. ) ;
#4986 = DIRECTION ( 'NONE',  ( -5.337610695313252173E-15, 1.000000000000000000, 6.405132834375902450E-15 ) ) ;
#4987 = DIRECTION ( 'NONE',  ( 0.000000000000000000, 0.000000000000000000, -1.000000000000000000 ) ) ;
#4988 = ORIENTED_EDGE ( 'NONE', *, *, #6911, .F. ) ;
#4989 = CARTESIAN_POINT ( 'NONE',  ( 18.48965240270180033, 42.90961464145019733, 13.06850476785990089 ) ) ;
#4990 = DIRECTION ( 'NONE',  ( -1.000000000000000000, 0.000000000000000000, 0.000000000000000000 ) ) ;
#4991 = VECTOR ( 'NONE', #5268, 1000.000000000000227 ) ;
#4992 = PLANE ( 'NONE',  #6552 ) ;
#4993 = CARTESIAN_POINT ( 'NONE',  ( 9.299999999999998934, -5.200000000000000178, 14.67500000000000071 ) ) ;
#4994 = VERTEX_POINT ( 'NONE', #7846 ) ;
#4995 = DIRECTION ( 'NONE',  ( 0.6416822328233695583, 0.7669706070501104422, 1.583490152225949196E-17 ) ) ;
#4996 = ORIENTED_EDGE ( 'NONE', *, *, #8483, .F. ) ;
#4997 = AXIS2_PLACEMENT_3D ( 'NONE', #1920, #256, #1184 ) ;
#4998 = VERTEX_POINT ( 'NONE', #1445 ) ;
#4999 = VERTEX_POINT ( 'NONE', #1495 ) ;
#5000 = CARTESIAN_POINT ( 'NONE',  ( 10.00000000000000178, 24.90693293502444305, 10.00000000000000000 ) ) ;
#5001 = ORIENTED_EDGE ( 'NONE', *, *, #9522, .T. ) ;
#5002 = CARTESIAN_POINT ( 'NONE',  ( 10.80435693554227328, 19.66210067781454640, 10.97095292905998143 ) ) ;
#5003 = AXIS2_PLACEMENT_3D ( 'NONE', #9161, #6062, #2150 ) ;
#5004 = PRODUCT_RELATED_PRODUCT_CATEGORY ( 'part', '', ( #1798 ) ) ;
#5005 = DIRECTION ( 'NONE',  ( 0.5705340520101069846, 0.4773345432410950329, 0.6683132718461780586 ) ) ;
#5006 = VERTEX_POINT ( 'NONE', #6920 ) ;
#5007 = ORIENTED_EDGE ( 'NONE', *, *, #2075, .T. ) ;
#5008 = CARTESIAN_POINT ( 'NONE',  ( 9.997227490903009439, 11.64909824457640042, 10.00000000000000000 ) ) ;
#5009 = EDGE_CURVE ( 'NONE', #571, #3091, #9250, .T. ) ;
#5010 = LINE ( 'NONE', #4228, #1975 ) ;
#5011 = EDGE_CURVE ( 'NONE', #5524, #6613, #6718, .T. ) ;
#5012 = VERTEX_POINT ( 'NONE', #2235 ) ;
#5013 = VECTOR ( 'NONE', #4127, 1000.000000000000114 ) ;
#5014 = CARTESIAN_POINT ( 'NONE',  ( 7.923548114555577726, 23.61104589239489826, 9.765431215550616884 ) ) ;
#5016 = ADVANCED_FACE ( 'NONE', ( #10083 ), #1721, .F. ) ;
#5015 = CARTESIAN_POINT ( 'NONE',  ( 16.91412594835469818, 41.03226790236440280, 14.37500000000000000 ) ) ;
#5017 = CARTESIAN_POINT ( 'NONE',  ( 22.06251440070269965, 39.45181593714779922, 20.00000000000000000 ) ) ;
#5018 = LINE ( 'NONE', #96, #2007 ) ;
#5019 = CARTESIAN_POINT ( 'NONE',  ( -8.489296103468010557, 37.33445756908099611, 13.40325074253560089 ) ) ;
#5020 = EDGE_CURVE ( 'NONE', #5147, #9382, #3063, .T. ) ;
#5021 = LINE ( 'NONE', #897, #5617 ) ;
#5022 = EDGE_CURVE ( 'NONE', #7264, #2936, #9300, .T. ) ;
#5023 = VERTEX_POINT ( 'NONE', #5456 ) ;
#5024 = PLANE ( 'NONE',  #1202 ) ;
#5025 = VECTOR ( 'NONE', #7613, 1000.000000000000000 ) ;
#5026 = CARTESIAN_POINT ( 'NONE',  ( 12.63966450204680037, 44.76439715687979515, 2.500000000000000000 ) ) ;
#5027 = DIRECTION ( 'NONE',  ( 0.2992206464242089803, -0.8263476234040721957, 0.4770918255932710683 ) ) ;
#5029 = EDGE_CURVE ( 'NONE', #8382, #7353, #4526, .T. ) ;
#5028 = CYLINDRICAL_SURFACE ( 'NONE', #5813, 4.125000000000000000 ) ;
#5030 = ORIENTED_EDGE ( 'NONE', *, *, #5848, .T. ) ;
#5031 = EDGE_LOOP ( 'NONE', ( #7559, #2808, #6545, #2539 ) ) ;
#5032 = DIRECTION ( 'NONE',  ( -0.000000000000000000, 0.000000000000000000, 1.000000000000000000 ) ) ;
#5033 = DIRECTION ( 'NONE',  ( 0.2394571141604759923, -0.9709069422338770794, 1.019101058854889895E-16 ) ) ;
#5034 = ORIENTED_EDGE ( 'NONE', *, *, #7856, .F. ) ;
#5035 = DIRECTION ( 'NONE',  ( 6.120826529420440005E-15, -1.000000000000000000, -6.120826529420440005E-15 ) ) ;
#5036 = DIRECTION ( 'NONE',  ( -0.9999999999999995559, -2.900003869181453072E-08, 0.000000000000000000 ) ) ;
#5037 = CARTESIAN_POINT ( 'NONE',  ( 9.170529362271659934, 7.658537783909610042, 9.167769701940420290 ) ) ;
#5039 = EDGE_CURVE ( 'NONE', #2770, #1533, #6300, .T. ) ;
#5038 = LINE ( 'NONE', #3310, #2130 ) ;
#5040 = ORIENTED_EDGE ( 'NONE', *, *, #930, .T. ) ;
#5041 = VECTOR ( 'NONE', #10151, 1000.000000000000114 ) ;
#5042 = CARTESIAN_POINT ( 'NONE',  ( 22.36150556660190247, 39.07128333753330196, 13.06850476785990089 ) ) ;
#5043 = DIRECTION ( 'NONE',  ( -0.2394571141604759923, 0.9709069422338770794, -1.043956269252671944E-16 ) ) ;
#5044 = DIRECTION ( 'NONE',  ( 0.000000000000000000, -1.000000000000000000, 0.000000000000000000 ) ) ;
#5045 = DIRECTION ( 'NONE',  ( -0.7071067811865500152, 7.511339080654519729E-16, -0.7071067811865450192 ) ) ;
#5046 = AXIS2_PLACEMENT_3D ( 'NONE', #9373, #2204, #5525 ) ;
#5047 = AXIS2_PLACEMENT_3D ( 'NONE', #3254, #1525, #6331 ) ;
#5048 = ORIENTED_EDGE ( 'NONE', *, *, #8002, .T. ) ;
#5049 = DIRECTION ( 'NONE',  ( 3.579185509607550877E-15, -0.5773502691896159611, -0.8164965809277330289 ) ) ;
#5050 = ORIENTED_EDGE ( 'NONE', *, *, #1559, .T. ) ;
#5051 = ORIENTED_EDGE ( 'NONE', *, *, #5009, .T. ) ;
#5052 = FACE_OUTER_BOUND ( 'NONE', #9619, .T. ) ;
#5053 = ORIENTED_EDGE ( 'NONE', *, *, #930, .F. ) ;
#5054 = AXIS2_PLACEMENT_3D ( 'NONE', #7113, #4007, #6139 ) ;
#5055 = VECTOR ( 'NONE', #608, 1000.000000000000114 ) ;
#5056 = EDGE_CURVE ( 'NONE', #2899, #3104, #5507, .T. ) ;
#5057 = ORIENTED_EDGE ( 'NONE', *, *, #5480, .T. ) ;
#5058 = ORIENTED_EDGE ( 'NONE', *, *, #9956, .T. ) ;
#5059 = VECTOR ( 'NONE', #9275, 1000.000000000000000 ) ;
#5060 = VECTOR ( 'NONE', #1074, 1000.000000000000227 ) ;
#5061 = CARTESIAN_POINT ( 'NONE',  ( 6.103753926907759642, 39.09866632581450574, 14.12500000000000000 ) ) ;
#5062 = CARTESIAN_POINT ( 'NONE',  ( 11.24607020486155484, 4.562819990152578775, 9.195460539419933355 ) ) ;
#5064 = ORIENTED_EDGE ( 'NONE', *, *, #8174, .F. ) ;
#5063 = VECTOR ( 'NONE', #1757, 1000.000000000000227 ) ;
#5065 = LINE ( 'NONE', #3597, #9801 ) ;
#5066 = CARTESIAN_POINT ( 'NONE',  ( 22.27752045326070274, 23.91673631892800245, 26.16660774978619841 ) ) ;
#5067 = CARTESIAN_POINT ( 'NONE',  ( 10.42578154772420795, 10.75340134994525876, 11.09602431241956211 ) ) ;
#5068 = DIRECTION ( 'NONE',  ( 0.6488699952224917800, 0.1600323674314322042, 0.7438799437236189860 ) ) ;
#5069 = VECTOR ( 'NONE', #667, 1000.000000000000227 ) ;
#5070 = EDGE_CURVE ( 'NONE', #9654, #809, #4731, .T. ) ;
#5071 = VECTOR ( 'NONE', #7829, 1000.000000000000227 ) ;
#5072 = CARTESIAN_POINT ( 'NONE',  ( -1.361361703777539844, 40.03843193517609222, 20.00000000000000000 ) ) ;
#5073 = DIRECTION ( 'NONE',  ( -0.7071067811865490160, -3.976541677442609697E-16, 0.7071067811865460184 ) ) ;
#5074 = EDGE_LOOP ( 'NONE', ( #7490, #5110, #9715, #10054 ) ) ;
#5075 = DIRECTION ( 'NONE',  ( 0.7071067811865490160, 3.976541677442609697E-16, -0.7071067811865460184 ) ) ;
#5076 = VECTOR ( 'NONE', #3865, 1000.000000000000000 ) ;
#5077 = DIRECTION ( 'NONE',  ( 1.000000000000000000, 0.000000000000000000, 0.000000000000000000 ) ) ;
#5078 = CARTESIAN_POINT ( 'NONE',  ( 15.00000000000000000, 0.5000000000000000000, 0.000000000000000000 ) ) ;
#5079 = ADVANCED_FACE ( 'NONE', ( #2612 ), #4895, .F. ) ;
#5080 = DIRECTION ( 'NONE',  ( 0.2394571141604759645, 0.9709069422338769684, 0.000000000000000000 ) ) ;
#5081 = VERTEX_POINT ( 'NONE', #9507 ) ;
#5082 = VECTOR ( 'NONE', #1249, 1000.000000000000000 ) ;
#5083 = ORIENTED_EDGE ( 'NONE', *, *, #8051, .F. ) ;
#5084 = CARTESIAN_POINT ( 'NONE',  ( 6.341609905842699568, 41.83523786601629979, 14.37500000000000000 ) ) ;
#5085 = EDGE_CURVE ( 'NONE', #2436, #4556, #2394, .T. ) ;
#5086 = CARTESIAN_POINT ( 'NONE',  ( 16.38337394840110051, 3.899999999999999911, 24.75582880995339963 ) ) ;
#5087 = EDGE_CURVE ( 'NONE', #489, #4293, #8068, .T. ) ;
#5088 = ORIENTED_EDGE ( 'NONE', *, *, #2074, .T. ) ;
#5089 = LINE ( 'NONE', #8249, #1402 ) ;
#5090 = EDGE_CURVE ( 'NONE', #7439, #4106, #8209, .T. ) ;
#5091 = VECTOR ( 'NONE', #8340, 1000.000000000000000 ) ;
#5092 = DIRECTION ( 'NONE',  ( 0.000000000000000000, -1.000000000000000000, 0.000000000000000000 ) ) ;
#5093 = DIRECTION ( 'NONE',  ( -0.7669706070501115525, -0.6416822328233681150, 0.000000000000000000 ) ) ;
#5094 = LINE ( 'NONE', #7471, #3115 ) ;
#5095 = PLANE ( 'NONE',  #6384 ) ;
#5096 = CARTESIAN_POINT ( 'NONE',  ( 8.012919205853998861, 39.56952835003689728, 13.06850476785990089 ) ) ;
#5097 = EDGE_CURVE ( 'NONE', #6322, #7667, #2878, .T. ) ;
#5098 = CARTESIAN_POINT ( 'NONE',  ( 18.15441244287719869, 41.55034492232280741, 13.06850476785990089 ) ) ;
#5099 = ORIENTED_EDGE ( 'NONE', *, *, #2848, .T. ) ;
#5100 = CARTESIAN_POINT ( 'NONE',  ( 10.00000000000000000, -2.600000000000000089, 10.00000000000000000 ) ) ;
#5101 = B_SPLINE_CURVE_WITH_KNOTS ( 'NONE', 3,
 ( #10150, #6314, #3025, #1567, #4746, #778 ),
 .UNSPECIFIED., .F., .F.,
 ( 4, 2, 4 ),
 ( 0.000000000000000000, 0.5000000000000000000, 1.000000000000000000 ),
 .UNSPECIFIED. ) ;
#5102 = EDGE_CURVE ( 'NONE', #4581, #8287, #1382, .T. ) ;
#5103 = EDGE_LOOP ( 'NONE', ( #9160, #1648, #322, #10120 ) ) ;
#5104 = ORIENTED_EDGE ( 'NONE', *, *, #9124, .T. ) ;
#5105 = ORIENTED_EDGE ( 'NONE', *, *, #5321, .T. ) ;
#5106 = ORIENTED_EDGE ( 'NONE', *, *, #4557, .T. ) ;
#5107 = CARTESIAN_POINT ( 'NONE',  ( 15.47782371258439937, 42.21047843797740029, 10.00000000000000000 ) ) ;
#5108 = ORIENTED_EDGE ( 'NONE', *, *, #7788, .T. ) ;
#5109 = ORIENTED_EDGE ( 'NONE', *, *, #9166, .T. ) ;
#5110 = ORIENTED_EDGE ( 'NONE', *, *, #4067, .F. ) ;
#5111 = CARTESIAN_POINT ( 'NONE',  ( -6.037032755040610432, 36.12655446224179911, 0.000000000000000000 ) ) ;
#5112 = CARTESIAN_POINT ( 'NONE',  ( 11.64290671241732689, 4.424526111709757181, 9.592297046975698294 ) ) ;
#5113 = ORIENTED_EDGE ( 'NONE', *, *, #4203, .T. ) ;
#5114 = LINE ( 'NONE', #9054, #6494 ) ;
#5115 = DIRECTION ( 'NONE',  ( 0.000000000000000000, 0.000000000000000000, 1.000000000000000000 ) ) ;
#5116 = FACE_OUTER_BOUND ( 'NONE', #5031, .T. ) ;
#5117 = PLANE ( 'NONE',  #8634 ) ;
#5118 = DIRECTION ( 'NONE',  ( -0.7071067811865460184, 0.000000000000000000, -0.7071067811865489050 ) ) ;
#5119 = DIRECTION ( 'NONE',  ( 4.163336342344339985E-16, -1.000000000000000000, 0.000000000000000000 ) ) ;
#5120 = ORIENTED_EDGE ( 'NONE', *, *, #9446, .T. ) ;
#5121 = LINE ( 'NONE', #8383, #2977 ) ;
#5122 = CIRCLE ( 'NONE', #3102, 4.125000000000001776 ) ;
#5123 = CARTESIAN_POINT ( 'NONE',  ( 16.82110492394910040, 41.05520990132589532, 14.12500000000000000 ) ) ;
#5124 = DIRECTION ( 'NONE',  ( 0.2394571141604759645, 0.9709069422338769684, 0.000000000000000000 ) ) ;
#5125 = EDGE_CURVE ( 'NONE', #8615, #5147, #9620, .T. ) ;
#5126 = CARTESIAN_POINT ( 'NONE',  ( -6.799148781361641802, 11.35385599033019943, 19.20085121863835909 ) ) ;
#5127 = ORIENTED_EDGE ( 'NONE', *, *, #1136, .T. ) ;
#5128 = ORIENTED_EDGE ( 'NONE', *, *, #2589, .T. ) ;
#5129 = CARTESIAN_POINT ( 'NONE',  ( 6.863525057883710367, 44.22988167275949678, 13.06850476785990089 ) ) ;
#5130 = DIRECTION ( 'NONE',  ( -0.7438799437236196521, 0.000000000000000000, 0.6683132718461787247 ) ) ;
#5131 = AXIS2_PLACEMENT_3D ( 'NONE', #5412, #1451, #6155 ) ;
#5132 = CARTESIAN_POINT ( 'NONE',  ( 9.495448582017600003, 8.320727354043333079, 8.938110274368350261 ) ) ;
#5133 = EDGE_CURVE ( 'NONE', #470, #4163, #2444, .T. ) ;
#5134 = DIRECTION ( 'NONE',  ( -5.551115123125779621E-17, 0.000000000000000000, 1.000000000000000000 ) ) ;
#5135 = CARTESIAN_POINT ( 'NONE',  ( 10.00000000000000000, 17.08409838298220151, 10.00000000000000000 ) ) ;
#5136 = CARTESIAN_POINT ( 'NONE',  ( 16.65841268632020444, 14.57802585008439955, 27.06934537669739882 ) ) ;
#5137 = EDGE_CURVE ( 'NONE', #7159, #4994, #4783, .T. ) ;
#5138 = VECTOR ( 'NONE', #6778, 1000.000000000000114 ) ;
#5139 = EDGE_CURVE ( 'NONE', #489, #8652, #7170, .T. ) ;
#5140 = VECTOR ( 'NONE', #1998, 1000.000000000000227 ) ;
#5141 = DIRECTION ( 'NONE',  ( -0.7071067811865500152, 1.236448081483694162E-14, -0.7071067811865450192 ) ) ;
#5142 = CARTESIAN_POINT ( 'NONE',  ( 21.36136170377750076, 40.03843193517609222, 20.00000000000000000 ) ) ;
#5143 = EDGE_CURVE ( 'NONE', #1134, #6572, #31, .T. ) ;
#5144 = ORIENTED_EDGE ( 'NONE', *, *, #6339, .T. ) ;
#5145 = CARTESIAN_POINT ( 'NONE',  ( 18.52209590246300053, 42.90161302307859614, 13.10569876504609965 ) ) ;
#5146 = VECTOR ( 'NONE', #1831, 1000.000000000000114 ) ;
#5147 = VERTEX_POINT ( 'NONE', #144 ) ;
#5148 = EDGE_CURVE ( 'NONE', #8107, #5348, #6409, .T. ) ;
#5149 = VERTEX_POINT ( 'NONE', #9737 ) ;
#5150 = DIRECTION ( 'NONE',  ( -0.6416822328233690031, 0.7669706070501109973, 0.000000000000000000 ) ) ;
#5151 = EDGE_LOOP ( 'NONE', ( #492, #7055, #2165, #8405 ) ) ;
#5152 = ORIENTED_EDGE ( 'NONE', *, *, #4879, .F. ) ;
#5153 = VECTOR ( 'NONE', #8027, 1000.000000000000000 ) ;
#5154 = CARTESIAN_POINT ( 'NONE',  ( -4.799533481209899755, 40.42147954394540932, 14.57499999999999929 ) ) ;
#5155 = EDGE_CURVE ( 'NONE', #2811, #7426, #8855, .T. ) ;
#5156 = ORIENTED_EDGE ( 'NONE', *, *, #393, .F. ) ;
#5157 = ORIENTED_EDGE ( 'NONE', *, *, #4119, .T. ) ;
#5158 = VECTOR ( 'NONE', #3754, 1000.000000000000114 ) ;
#5159 = ORIENTED_EDGE ( 'NONE', *, *, #6328, .T. ) ;
#5160 = ORIENTED_EDGE ( 'NONE', *, *, #3810, .F. ) ;
#5161 = DIRECTION ( 'NONE',  ( -0.2394571141604785458, -0.9709069422338763022, 0.000000000000000000 ) ) ;
#5162 = CARTESIAN_POINT ( 'NONE',  ( 10.79439388739241323, 5.304458942559897139, 8.743784221950800628 ) ) ;
#5163 = VERTEX_POINT ( 'NONE', #2560 ) ;
#5164 = LINE ( 'NONE', #8326, #7784 ) ;
#5165 = LINE ( 'NONE', #5896, #2902 ) ;
#5166 = VECTOR ( 'NONE', #6034, 1000.000000000000000 ) ;
#5167 = CARTESIAN_POINT ( 'NONE',  ( -5.887585101519330344, 38.98963406896560002, 10.00000000000000000 ) ) ;
#5168 = B_SPLINE_CURVE_WITH_KNOTS ( 'NONE', 3,
 ( #7017, #10192, #6307, #3068, #9464, #9408, #2286, #2343, #4532, #8681, #1558, #4739, #770, #10092, #3956, #10295, #6362, #9514, #8736, #570, #6929, #9310 ),
 .UNSPECIFIED., .F., .F.,
 ( 4, 2, 1, 1, 2, 2, 2, 1, 2, 2, 1, 2, 4 ),
 ( 0.000000000000000000, 0.1313554764881190717, 0.1970332147321799399, 0.2298720838542106237, 0.2462915184152278392, 0.2627109529762450824, 0.3940664294643716481, 0.4597441677084349587, 0.4925830368304663365, 0.5007927541109735703, 0.5090024713914806931, 0.5172121886719879269, 0.5254219059524951607 ),
 .UNSPECIFIED. ) ;
#5169 = DIRECTION ( 'NONE',  ( 0.000000000000000000, 0.000000000000000000, -1.000000000000000000 ) ) ;
#5170 = CARTESIAN_POINT ( 'NONE',  ( 11.17494800264730159, 3.443602466735860013, 9.999632669074420832 ) ) ;
#5171 = AXIS2_PLACEMENT_3D ( 'NONE', #5178, #8337, #3658 ) ;
#5172 = EDGE_LOOP ( 'NONE', ( #5152, #7657, #4298, #200 ) ) ;
#5173 = FACE_OUTER_BOUND ( 'NONE', #6235, .T. ) ;
#5174 = CARTESIAN_POINT ( 'NONE',  ( 26.01592154808399826, 39.14302819037560255, 10.00000000000000000 ) ) ;
#5175 = DIRECTION ( 'NONE',  ( 0.000000000000000000, 0.000000000000000000, -1.000000000000000000 ) ) ;
#5176 = VERTEX_POINT ( 'NONE', #1716 ) ;
#5177 = ORIENTED_EDGE ( 'NONE', *, *, #5087, .T. ) ;
#5178 = CARTESIAN_POINT ( 'NONE',  ( 16.00988524800330026, 16.65605170016879910, 27.21076723430319788 ) ) ;
#5179 = LINE ( 'NONE', #8338, #2886 ) ;
#5180 = AXIS2_PLACEMENT_3D ( 'NONE', #6967, #1492, #4672 ) ;
#5181 = EDGE_LOOP ( 'NONE', ( #5064, #1440, #2226, #8408 ) ) ;
#5182 = CARTESIAN_POINT ( 'NONE',  ( 22.81246661369970141, 38.69398896802539412, 13.59675238393000107 ) ) ;
#5183 = EDGE_CURVE ( 'NONE', #2498, #4834, #214, .T. ) ;
#5184 = DIRECTION ( 'NONE',  ( -0.7071067811865454633, 0.7071067811865494601, 0.000000000000000000 ) ) ;
#5185 = CARTESIAN_POINT ( 'NONE',  ( 23.02844253819460008, 10.91062371445219981, 20.97783287275300168 ) ) ;
#5186 = DIRECTION ( 'NONE',  ( -0.2394571141604759923, 0.9709069422338770794, -1.369216381907949927E-17 ) ) ;
#5187 = CARTESIAN_POINT ( 'NONE',  ( 7.243207753634520074, 0.000000000000000000, 13.06850476785990089 ) ) ;
#5188 = ORIENTED_EDGE ( 'NONE', *, *, #1901, .F. ) ;
#5189 = CARTESIAN_POINT ( 'NONE',  ( 4.091153481926750324, 43.95811093399839820, 10.00000000000000000 ) ) ;
#5190 = ORIENTED_EDGE ( 'NONE', *, *, #10272, .F. ) ;
#5191 = DIRECTION ( 'NONE',  ( 0.000000000000000000, -1.000000000000000000, 0.000000000000000000 ) ) ;
#5192 = EDGE_CURVE ( 'NONE', #2869, #8102, #990, .T. ) ;
#5193 = EDGE_LOOP ( 'NONE', ( #6665, #5264, #641, #193 ) ) ;
#5194 = AXIS2_PLACEMENT_3D ( 'NONE', #3026, #10303, #4747 ) ;
#5195 = CARTESIAN_POINT ( 'NONE',  ( 11.88800596430108669, 23.12798102983821735, 10.45406662812025722 ) ) ;
#5196 = CARTESIAN_POINT ( 'NONE',  ( 16.17344827886328673, 3.800000105322594912, 24.40448193312693803 ) ) ;
#5197 = ORIENTED_EDGE ( 'NONE', *, *, #7297, .F. ) ;
#5198 = ORIENTED_EDGE ( 'NONE', *, *, #4197, .F. ) ;
#5199 = DIRECTION ( 'NONE',  ( 0.7669706070501108863, -0.6416822328233690031, 0.000000000000000000 ) ) ;
#5200 = ORIENTED_EDGE ( 'NONE', *, *, #10268, .F. ) ;
#5201 = ORIENTED_EDGE ( 'NONE', *, *, #4235, .F. ) ;
#5202 = EDGE_CURVE ( 'NONE', #5081, #634, #8520, .T. ) ;
#5203 = VECTOR ( 'NONE', #49, 1000.000000000000000 ) ;
#5204 = EDGE_CURVE ( 'NONE', #9921, #5220, #9085, .T. ) ;
#5205 = AXIS2_PLACEMENT_3D ( 'NONE', #118, #2590, #9811 ) ;
#5206 = EDGE_LOOP ( 'NONE', ( #2422, #3388, #8116, #9537 ) ) ;
#5207 = ADVANCED_FACE ( 'NONE', ( #2211 ), #7088, .F. ) ;
#5208 = LINE ( 'NONE', #5111, #1520 ) ;
#5209 = CARTESIAN_POINT ( 'NONE',  ( 10.00000000000000000, -5.200000000000000178, 10.00000000000000000 ) ) ;
#5210 = EDGE_LOOP ( 'NONE', ( #6186, #3027, #6434, #5243 ) ) ;
#5211 = FACE_OUTER_BOUND ( 'NONE', #3882, .T. ) ;
#5212 = AXIS2_PLACEMENT_3D ( 'NONE', #7957, #8729, #9564 ) ;
#5213 = LINE ( 'NONE', #8375, #5082 ) ;
#5214 = PLANE ( 'NONE',  #7496 ) ;
#5215 = EDGE_CURVE ( 'NONE', #4266, #3308, #2988, .T. ) ;
#5216 = AXIS2_PLACEMENT_3D ( 'NONE', #8216, #6614, #8940 ) ;
#5217 = CARTESIAN_POINT ( 'NONE',  ( 23.85946208442049965, 20.66205238419160040, 13.42929807742610038 ) ) ;
#5218 = EDGE_CURVE ( 'NONE', #2912, #8708, #2008, .T. ) ;
#5219 = DIRECTION ( 'NONE',  ( -0.9999999999999995559, -2.900003869181453072E-08, 0.000000000000000000 ) ) ;
#5220 = VERTEX_POINT ( 'NONE', #1579 ) ;
#5221 = DIRECTION ( 'NONE',  ( 0.7071067811865459074, -3.344045254895052353E-15, 0.7071067811865492381 ) ) ;
#5222 = CARTESIAN_POINT ( 'NONE',  ( 11.60866792719989959, 8.859581427496580730, 15.49775522372539882 ) ) ;
#5223 = CARTESIAN_POINT ( 'NONE',  ( 9.603454235753366319, 4.424573098860940412, 11.65406390119374258 ) ) ;
#5224 = DIRECTION ( 'NONE',  ( 0.7222382015498093333, -0.1781273446059150611, 0.6683132718461773925 ) ) ;
#5225 = VECTOR ( 'NONE', #7018, 1000.000000000000000 ) ;
#5226 = VERTEX_POINT ( 'NONE', #10215 ) ;
#5227 = VERTEX_POINT ( 'NONE', #5336 ) ;
#5228 = DIRECTION ( 'NONE',  ( -0.9709069422338768574, -0.2394571141604759368, 0.000000000000000000 ) ) ;
#5229 = AXIS2_PLACEMENT_3D ( 'NONE', #3778, #10118, #9186 ) ;
#5230 = CARTESIAN_POINT ( 'NONE',  ( 9.840338888767780290, 8.885881912667784377, 8.831635091944747273 ) ) ;
#5231 = VECTOR ( 'NONE', #10252, 1000.000000000000000 ) ;
#5232 = CARTESIAN_POINT ( 'NONE',  ( 1.779152903981390255, 41.12197405357139246, 13.25447475379079876 ) ) ;
#5233 = CARTESIAN_POINT ( 'NONE',  ( 18.91222850319089943, 25.31886454763050054, 24.48638189630179696 ) ) ;
#5234 = ORIENTED_EDGE ( 'NONE', *, *, #5385, .F. ) ;
#5235 = DIRECTION ( 'NONE',  ( 0.7071067811865490160, 3.976541677442609697E-16, -0.7071067811865460184 ) ) ;
#5236 = VECTOR ( 'NONE', #8683, 999.9999999999998863 ) ;
#5237 = DIRECTION ( 'NONE',  ( -0.7669706070501107753, -0.6416822328233691142, 0.000000000000000000 ) ) ;
#5238 = VERTEX_POINT ( 'NONE', #4552 ) ;
#5239 = PLANE ( 'NONE',  #1388 ) ;
#5240 = VECTOR ( 'NONE', #8899, 1000.000000000000114 ) ;
#5241 = VERTEX_POINT ( 'NONE', #3820 ) ;
#5242 = FACE_OUTER_BOUND ( 'NONE', #444, .T. ) ;
#5243 = ORIENTED_EDGE ( 'NONE', *, *, #2958, .F. ) ;
#5244 = CARTESIAN_POINT ( 'NONE',  ( 12.02734871852451093, 23.48656619645070620, 10.30983510215075860 ) ) ;
#5245 = CARTESIAN_POINT ( 'NONE',  ( 15.28625802125600686, 41.43375288419030511, 5.625000000000000000 ) ) ;
#5246 = ORIENTED_EDGE ( 'NONE', *, *, #1370, .T. ) ;
#5247 = CARTESIAN_POINT ( 'NONE',  ( -1.466717408892100005, 36.16917689877709563, 14.12500000000000000 ) ) ;
#5248 = DIRECTION ( 'NONE',  ( 6.120826529420450260E-15, -1.000000000000000000, -6.120826529420410028E-15 ) ) ;
#5249 = ORIENTED_EDGE ( 'NONE', *, *, #7991, .F. ) ;
#5250 = ORIENTED_EDGE ( 'NONE', *, *, #7548, .F. ) ;
#5251 = EDGE_LOOP ( 'NONE', ( #2357, #9994, #7889, #8026, #3116 ) ) ;
#5252 = EDGE_CURVE ( 'NONE', #4249, #7778, #3087, .T. ) ;
#5253 = DIRECTION ( 'NONE',  ( -0.9725069832798675096, 0.000000000000000000, -0.2328737157171058836 ) ) ;
#5254 = CARTESIAN_POINT ( 'NONE',  ( 8.825000000000002842, 11.63127874928194139, 10.68765533145251290 ) ) ;
#5255 = CARTESIAN_POINT ( 'NONE',  ( 10.77435739060431708, 5.351859737704199205, 8.723747725162711575 ) ) ;
#5256 = EDGE_LOOP ( 'NONE', ( #5986, #9555, #8086, #2224 ) ) ;
#5257 = EDGE_CURVE ( 'NONE', #6445, #9020, #7723, .T. ) ;
#5258 = EDGE_CURVE ( 'NONE', #3701, #2212, #6943, .T. ) ;
#5259 = CARTESIAN_POINT ( 'NONE',  ( -19.35854111226639418, 5.199999432980807690, 13.91715725238439383 ) ) ;
#5260 = CARTESIAN_POINT ( 'NONE',  ( 24.92188900667309781, 33.53919055104709912, 13.06850476785990089 ) ) ;
#5261 = EDGE_CURVE ( 'NONE', #6539, #4184, #9704, .T. ) ;
#5262 = LINE ( 'NONE', #2775, #7184 ) ;
#5263 = LINE ( 'NONE', #4285, #5138 ) ;
#5264 = ORIENTED_EDGE ( 'NONE', *, *, #6026, .T. ) ;
#5265 = CARTESIAN_POINT ( 'NONE',  ( 17.84578844341229953, 26.60194232135370029, 22.26402600215079985 ) ) ;
#5266 = EDGE_CURVE ( 'NONE', #3494, #4058, #8675, .T. ) ;
#5267 = DIRECTION ( 'NONE',  ( 0.7071067811865459074, -3.344045254895052353E-15, 0.7071067811865492381 ) ) ;
#5268 = DIRECTION ( 'NONE',  ( -0.2394571141604759368, 0.9709069422338768574, 0.000000000000000000 ) ) ;
#5269 = ORIENTED_EDGE ( 'NONE', *, *, #610, .F. ) ;
#5270 = EDGE_LOOP ( 'NONE', ( #8269, #3776, #8166, #2701 ) ) ;
#5271 = CARTESIAN_POINT ( 'NONE',  ( 7.390330709036760481, 42.09388639984500458, 13.06850476785990089 ) ) ;
#5272 = DIRECTION ( 'NONE',  ( -2.631847366267809955E-15, -1.000000000000000000, -1.487350042510860161E-14 ) ) ;
#5273 = EDGE_CURVE ( 'NONE', #8511, #5241, #4222, .T. ) ;
#5274 = CARTESIAN_POINT ( 'NONE',  ( 10.07666353973150031, 13.99718353375900115, 8.827503645346419958 ) ) ;
#5275 = AXIS2_PLACEMENT_3D ( 'NONE', #197, #3386, #8531 ) ;
#5276 = CARTESIAN_POINT ( 'NONE',  ( 2.659741745268429547, 38.24926131872759782, 13.06850476785990089 ) ) ;
#5277 = CARTESIAN_POINT ( 'NONE',  ( 15.86095509524120040, 43.76392954555159776, 10.00000000000000000 ) ) ;
#5278 = ORIENTED_EDGE ( 'NONE', *, *, #2970, .T. ) ;
#5279 = DIRECTION ( 'NONE',  ( 0.000000000000000000, -1.000000000000000000, 0.000000000000000000 ) ) ;
#5280 = DIRECTION ( 'NONE',  ( -0.6488699952224918910, -0.1600323674314317879, -0.7438799437236190970 ) ) ;
#5281 = ORIENTED_EDGE ( 'NONE', *, *, #8183, .F. ) ;
#5282 = CARTESIAN_POINT ( 'NONE',  ( 34.55854145947857603, 5.200000996594705605, 7.500000000034249048 ) ) ;
#5283 = VECTOR ( 'NONE', #4583, 1000.000000000000000 ) ;
#5284 = ORIENTED_EDGE ( 'NONE', *, *, #7736, .T. ) ;
#5285 = LINE ( 'NONE', #2005, #136 ) ;
#5286 = VECTOR ( 'NONE', #5219, 1000.000000000000114 ) ;
#5287 = VERTEX_POINT ( 'NONE', #6601 ) ;
#5288 = CIRCLE ( 'NONE', #791, 2.100000000000000533 ) ;
#5289 = DIRECTION ( 'NONE',  ( 0.7222382015498078900, 0.1781273446059149501, 0.6683132718461789468 ) ) ;
#5290 = FACE_BOUND ( 'NONE', #7874, .T. ) ;
#5291 = EDGE_LOOP ( 'NONE', ( #9439, #7483, #4755, #5782, #6136, #9553, #5113, #8980 ) ) ;
#5292 = ORIENTED_EDGE ( 'NONE', *, *, #10126, .T. ) ;
#5293 = LINE ( 'NONE', #8509, #3149 ) ;
#5294 = ORIENTED_EDGE ( 'NONE', *, *, #6672, .F. ) ;
#5295 = ORIENTED_EDGE ( 'NONE', *, *, #7609, .T. ) ;
#5296 = AXIS2_PLACEMENT_3D ( 'NONE', #343, #3483, #4935 ) ;
#5297 = ORIENTED_EDGE ( 'NONE', *, *, #8556, .F. ) ;
#5298 = CARTESIAN_POINT ( 'NONE',  ( 12.10850061844016068, 4.411796013967177466, 10.68973740026268082 ) ) ;
#5299 = CARTESIAN_POINT ( 'NONE',  ( 11.86396012565874081, 4.433972078205873579, 9.813350460217113991 ) ) ;
#5300 = VECTOR ( 'NONE', #4786, 1000.000000000000114 ) ;
#5301 = ORIENTED_EDGE ( 'NONE', *, *, #3277, .F. ) ;
#5302 = ORIENTED_EDGE ( 'NONE', *, *, #3938, .F. ) ;
#5303 = CARTESIAN_POINT ( 'NONE',  ( 15.90884651807330030, 43.95811093399839820, 10.00000000000000000 ) ) ;
#5304 = LINE ( 'NONE', #509, #500 ) ;
#5305 = VECTOR ( 'NONE', #518, 1000.000000000000114 ) ;
#5306 = LINE ( 'NONE', #6970, #6038 ) ;
#5307 = ADVANCED_FACE ( 'NONE', ( #9755 ), #8925, .T. ) ;
#5308 = ORIENTED_EDGE ( 'NONE', *, *, #2651, .F. ) ;
#5309 = CARTESIAN_POINT ( 'NONE',  ( 25.68834071781819617, 36.28790286839329582, 14.12500000000000000 ) ) ;
#5310 = ORIENTED_EDGE ( 'NONE', *, *, #2789, .T. ) ;
#5311 = DIRECTION ( 'NONE',  ( -5.337610695313252173E-15, 1.000000000000000000, 6.405132834375902450E-15 ) ) ;
#5312 = ADVANCED_FACE ( 'NONE', ( #4980 ), #8352, .T. ) ;
#5313 = CARTESIAN_POINT ( 'NONE',  ( 26.14425799464869726, 39.29642231178569745, 10.00000000000000000 ) ) ;
#5314 = CARTESIAN_POINT ( 'NONE',  ( 10.20000000000000107, -3.926776905860059674, 2.952841814208269966 ) ) ;
#5315 = VECTOR ( 'NONE', #3589, 999.9999999999998863 ) ;
#5316 = CARTESIAN_POINT ( 'NONE',  ( 3.801483572868140204, 38.53085185151779513, 14.12500000000000000 ) ) ;
#5317 = VERTEX_POINT ( 'NONE', #5816 ) ;
#5318 = ORIENTED_EDGE ( 'NONE', *, *, #4688, .T. ) ;
#5319 = LINE ( 'NONE', #4489, #2395 ) ;
#5320 = CARTESIAN_POINT ( 'NONE',  ( 12.75679224636549947, -3.000000000000000000, 13.06850476785990089 ) ) ;
#5321 = EDGE_CURVE ( 'NONE', #3639, #5317, #3385, .T. ) ;
#5322 = VERTEX_POINT ( 'NONE', #4196 ) ;
#5323 = DIRECTION ( 'NONE',  ( -0.4999999999999994449, -0.7071067811865484609, 0.4999999999999994449 ) ) ;
#5324 = EDGE_CURVE ( 'NONE', #7778, #703, #8979, .T. ) ;
#5325 = CIRCLE ( 'NONE', #827, 1.000000000000000888 ) ;
#5326 = LINE ( 'NONE', #6697, #2071 ) ;
#5327 = CARTESIAN_POINT ( 'NONE',  ( 18.06291839234059893, 23.94594111126729885, 26.86435504298490073 ) ) ;
#5328 = LINE ( 'NONE', #5185, #6855 ) ;
#5329 = VERTEX_POINT ( 'NONE', #3417 ) ;
#5330 = CARTESIAN_POINT ( 'NONE',  ( 17.96760371056319627, 11.23247449339499937, 25.03867152242810334 ) ) ;
#5331 = EDGE_CURVE ( 'NONE', #8000, #6024, #281, .T. ) ;
#5332 = CARTESIAN_POINT ( 'NONE',  ( 26.18307142208039906, 27.87534837092270124, 0.000000000000000000 ) ) ;
#5333 = VERTEX_POINT ( 'NONE', #6064 ) ;
#5334 = AXIS2_PLACEMENT_3D ( 'NONE', #5504, #5454, #3167 ) ;
#5335 = DIRECTION ( 'NONE',  ( -0.8944271909999162995, -0.4472135954999571505, 0.000000000000000000 ) ) ;
#5336 = CARTESIAN_POINT ( 'NONE',  ( 21.86171593532237623, 20.66205238419162526, 17.97262863879596750 ) ) ;
#5337 = VERTEX_POINT ( 'NONE', #4348 ) ;
#5338 = DIRECTION ( 'NONE',  ( 0.5705340520101069846, 0.4773345432410950329, -0.6683132718461780586 ) ) ;
#5339 = CIRCLE ( 'NONE', #844, 1.675000000000000488 ) ;
#5340 = ORIENTED_EDGE ( 'NONE', *, *, #1710, .F. ) ;
#5341 = EDGE_CURVE ( 'NONE', #2852, #2737, #4931, .T. ) ;
#5342 = DIRECTION ( 'NONE',  ( 0.000000000000000000, 0.000000000000000000, -1.000000000000000000 ) ) ;
#5343 = ORIENTED_EDGE ( 'NONE', *, *, #92, .T. ) ;
#5344 = ORIENTED_EDGE ( 'NONE', *, *, #5324, .T. ) ;
#5345 = CARTESIAN_POINT ( 'NONE',  ( 27.70156915898330041, 34.73392816538039796, 0.000000000000000000 ) ) ;
#5346 = CARTESIAN_POINT ( 'NONE',  ( 12.49255140368310002, 7.660623714452179378, 10.44194173824149807 ) ) ;
#5347 = ORIENTED_EDGE ( 'NONE', *, *, #10156, .T. ) ;
#5348 = VERTEX_POINT ( 'NONE', #918 ) ;
#5349 = EDGE_LOOP ( 'NONE', ( #9896, #4597, #7887, #4754, #4247, #3879, #6127 ) ) ;
#5350 = LINE ( 'NONE', #2272, #5883 ) ;
#5351 = CARTESIAN_POINT ( 'NONE',  ( 11.91175112118333956, 4.436687134878887662, 9.861141455741714523 ) ) ;
#5352 = VERTEX_POINT ( 'NONE', #7996 ) ;
#5353 = CARTESIAN_POINT ( 'NONE',  ( 21.00000012089867951, -0.7999992756728622201, -5.499999879101342692 ) ) ;
#5354 = CIRCLE ( 'NONE', #865, 1.175000000000000711 ) ;
#5355 = CARTESIAN_POINT ( 'NONE',  ( 27.00000000000000000, 22.98745229353680131, 1.854212906570869901 ) ) ;
#5356 = FACE_OUTER_BOUND ( 'NONE', #10304, .T. ) ;
#5357 = EDGE_CURVE ( 'NONE', #9979, #3213, #2429, .T. ) ;
#5358 = DIRECTION ( 'NONE',  ( 0.7071067811865400232, 8.656155890839430614E-15, -0.7071067811865550112 ) ) ;
#5359 = ORIENTED_EDGE ( 'NONE', *, *, #6793, .T. ) ;
#5360 = LINE ( 'NONE', #661, #1968 ) ;
#5361 = ORIENTED_EDGE ( 'NONE', *, *, #433, .T. ) ;
#5362 = CARTESIAN_POINT ( 'NONE',  ( 24.73255708243719653, 37.60908697627539965, 10.00000000000000000 ) ) ;
#5363 = CARTESIAN_POINT ( 'NONE',  ( 22.52178624447489952, 42.32714570538659871, 10.00000000000000000 ) ) ;
#5364 = CARTESIAN_POINT ( 'NONE',  ( 26.14425799464869726, 39.29642231178560507, 10.00000000000000000 ) ) ;
#5365 = CARTESIAN_POINT ( 'NONE',  ( 21.68284195880569953, 7.252993170098430475, 17.79375466227899949 ) ) ;
#5366 = FACE_OUTER_BOUND ( 'NONE', #8924, .T. ) ;
#5367 = LINE ( 'NONE', #9312, #1740 ) ;
#5368 = LINE ( 'NONE', #8632, #656 ) ;
#5369 = ADVANCED_FACE ( 'NONE', ( #4769 ), #9660, .T. ) ;
#5370 = CIRCLE ( 'NONE', #549, 0.9999999999999991118 ) ;
#5371 = AXIS2_PLACEMENT_3D ( 'NONE', #6197, #8524, #3110 ) ;
#5372 = LINE ( 'NONE', #1564, #722 ) ;
#5373 = PLANE ( 'NONE',  #9423 ) ;
#5374 = LINE ( 'NONE', #7758, #5041 ) ;
#5375 = ORIENTED_EDGE ( 'NONE', *, *, #7522, .F. ) ;
#5376 = EDGE_CURVE ( 'NONE', #4071, #8287, #3368, .T. ) ;
#5377 = FACE_OUTER_BOUND ( 'NONE', #3710, .T. ) ;
#5378 = VECTOR ( 'NONE', #7668, 1000.000000000000227 ) ;
#5379 = CARTESIAN_POINT ( 'NONE',  ( 5.336330475561219977, 38.90939483438229729, 10.00000000000000000 ) ) ;
#5380 = CARTESIAN_POINT ( 'NONE',  ( 8.616530187015809972, 6.526240808589440334, 9.910716920431140053 ) ) ;
#5381 = AXIS2_PLACEMENT_3D ( 'NONE', #2486, #65, #3257 ) ;
#5382 = EDGE_CURVE ( 'NONE', #1134, #9669, #3313, .T. ) ;
#5383 = ORIENTED_EDGE ( 'NONE', *, *, #10133, .F. ) ;
#5384 = EDGE_CURVE ( 'NONE', #10109, #8514, #6559, .T. ) ;
#5385 = EDGE_CURVE ( 'NONE', #6280, #3162, #1811, .T. ) ;
#5386 = VECTOR ( 'NONE', #719, 999.9999999999998863 ) ;
#5387 = VERTEX_POINT ( 'NONE', #2487 ) ;
#5388 = DIRECTION ( 'NONE',  ( 1.000000000000000000, 0.000000000000000000, 0.000000000000000000 ) ) ;
#5389 = AXIS2_PLACEMENT_3D ( 'NONE', #4740, #7910, #773 ) ;
#5390 = ORIENTED_EDGE ( 'NONE', *, *, #1942, .F. ) ;
#5391 = CARTESIAN_POINT ( 'NONE',  ( 10.00000000000000000, -2.600000000000000089, 10.00000000000000000 ) ) ;
#5392 = VERTEX_POINT ( 'NONE', #3151 ) ;
#5393 = ADVANCED_FACE ( 'NONE', ( #7098 ), #6442, .F. ) ;
#5394 = VERTEX_POINT ( 'NONE', #9486 ) ;
#5395 = DIRECTION ( 'NONE',  ( 0.2161664957215430061, -0.9763565158933841248, 0.000000000000000000 ) ) ;
#5396 = FACE_OUTER_BOUND ( 'NONE', #9888, .T. ) ;
#5397 = ORIENTED_EDGE ( 'NONE', *, *, #4668, .F. ) ;
#5398 = AXIS2_PLACEMENT_3D ( 'NONE', #4168, #7954, #1658 ) ;
#5399 = EDGE_LOOP ( 'NONE', ( #9233, #2546, #4286, #5564 ) ) ;
#5400 = ADVANCED_FACE ( 'NONE', ( #9601 ), #7527, .F. ) ;
#5401 = ORIENTED_EDGE ( 'NONE', *, *, #6418, .T. ) ;
#5402 = AXIS2_PLACEMENT_3D ( 'NONE', #3223, #6457, #2442 ) ;
#5403 = DIRECTION ( 'NONE',  ( 0.4725688464794007282, -0.7071067811865470176, -0.5260025525956402159 ) ) ;
#5404 = ORIENTED_EDGE ( 'NONE', *, *, #459, .F. ) ;
#5405 = CARTESIAN_POINT ( 'NONE',  ( 9.026247799429372165, 20.34391077828074756, 9.090680361810681731 ) ) ;
#5406 = CARTESIAN_POINT ( 'NONE',  ( 15.01993645344910000, 12.39999999999999147, 26.92792522093419905 ) ) ;
#5407 = FACE_OUTER_BOUND ( 'NONE', #879, .T. ) ;
#5408 = VERTEX_POINT ( 'NONE', #8713 ) ;
#5409 = DIRECTION ( 'NONE',  ( -0.2394571141604759645, 0.9709069422338769684, 0.000000000000000000 ) ) ;
#5410 = FACE_OUTER_BOUND ( 'NONE', #4520, .T. ) ;
#5411 = VERTEX_POINT ( 'NONE', #1587 ) ;
#5412 = CARTESIAN_POINT ( 'NONE',  ( -2.521786244474910177, 42.32714570538659871, 10.00000000000000000 ) ) ;
#5413 = PLANE ( 'NONE',  #1827 ) ;
#5414 = DIRECTION ( 'NONE',  ( 0.5000000000000091038, -0.7071067811865481278, 0.4999999999999900080 ) ) ;
#5415 = CARTESIAN_POINT ( 'NONE',  ( 11.60866792719992446, 5.850066951314373043, 15.12065831512406611 ) ) ;
#5416 = CARTESIAN_POINT ( 'NONE',  ( 4.713741978743983374, 41.43375288419030511, 5.625000000000000000 ) ) ;
#5417 = CARTESIAN_POINT ( 'NONE',  ( -4.418148658772401483, 33.96064246619599913, 10.00000000000000000 ) ) ;
#5418 = ORIENTED_EDGE ( 'NONE', *, *, #7726, .F. ) ;
#5419 = EDGE_CURVE ( 'NONE', #6904, #4837, #9034, .T. ) ;
#5420 = CARTESIAN_POINT ( 'NONE',  ( 30.47082295315080103, 35.67662275557450613, 10.00000000000000000 ) ) ;
#5421 = CARTESIAN_POINT ( 'NONE',  ( 15.01993645344910000, 17.39999999999999858, 26.92792522093419905 ) ) ;
#5422 = CARTESIAN_POINT ( 'NONE',  ( 9.167659883500171247, 7.655168310014659916, 9.170641979389330345 ) ) ;
#5423 = VERTEX_POINT ( 'NONE', #8988 ) ;
#5424 = LINE ( 'NONE', #3035, #9707 ) ;
#5425 = EDGE_CURVE ( 'NONE', #7053, #2171, #7474, .T. ) ;
#5426 = CIRCLE ( 'NONE', #8419, 4.574999999999999289 ) ;
#5427 = CARTESIAN_POINT ( 'NONE',  ( 9.636165372638117788, 3.551570647764744404, 11.12056704781254801 ) ) ;
#5428 = VERTEX_POINT ( 'NONE', #1953 ) ;
#5429 = DIRECTION ( 'NONE',  ( -0.6355433650282369396, -0.4383711467890769597, -0.6355433650282369396 ) ) ;
#5430 = EDGE_CURVE ( 'NONE', #9548, #4465, #6022, .T. ) ;
#5431 = FACE_OUTER_BOUND ( 'NONE', #8219, .T. ) ;
#5432 = ORIENTED_EDGE ( 'NONE', *, *, #3470, .F. ) ;
#5433 = EDGE_CURVE ( 'NONE', #6862, #1371, #5825, .T. ) ;
#5434 = DIRECTION ( 'NONE',  ( -5.363993858512381008E-15, 1.000000000000000000, 6.877659200328480858E-15 ) ) ;
#5435 = EDGE_CURVE ( 'NONE', #7638, #1533, #8211, .T. ) ;
#5436 = CIRCLE ( 'NONE', #6933, 1.174999999999999156 ) ;
#5437 = CARTESIAN_POINT ( 'NONE',  ( 15.90884651807330030, 43.95811093399839820, 10.00000000000000000 ) ) ;
#5438 = EDGE_LOOP ( 'NONE', ( #9990, #3596, #1330, #6150, #8835 ) ) ;
#5439 = ORIENTED_EDGE ( 'NONE', *, *, #3234, .F. ) ;
#5440 = DIRECTION ( 'NONE',  ( 0.9709069422338768574, 0.2394571141604759368, 0.000000000000000000 ) ) ;
#5441 = ORIENTED_EDGE ( 'NONE', *, *, #3990, .T. ) ;
#5442 = ORIENTED_EDGE ( 'NONE', *, *, #7993, .F. ) ;
#5443 = CARTESIAN_POINT ( 'NONE',  ( 10.54980033548329921, 4.377565485979469706, 8.942313912779919605 ) ) ;
#5444 = AXIS2_PLACEMENT_3D ( 'NONE', #5391, #3775, #6949 ) ;
#5445 = EDGE_CURVE ( 'NONE', #1820, #4213, #1863, .T. ) ;
#5446 = EDGE_LOOP ( 'NONE', ( #1688, #916, #7432, #3991 ) ) ;
#5447 = DIRECTION ( 'NONE',  ( 0.2394571141604749931, 0.9709069422338770794, 0.000000000000000000 ) ) ;
#5448 = EDGE_CURVE ( 'NONE', #7877, #5943, #2643, .T. ) ;
#5449 = ORIENTED_EDGE ( 'NONE', *, *, #1245, .F. ) ;
#5450 = CIRCLE ( 'NONE', #6635, 2.099999999999999645 ) ;
#5451 = CARTESIAN_POINT ( 'NONE',  ( 8.532145956944898302, 21.99027025081255715, 9.295823378062282316 ) ) ;
#5452 = AXIS2_PLACEMENT_3D ( 'NONE', #965, #2591, #288 ) ;
#5453 = CARTESIAN_POINT ( 'NONE',  ( 9.086099923576176352, 10.05386999441165941, 10.73864507275010993 ) ) ;
#5454 = DIRECTION ( 'NONE',  ( -2.419120705443520107E-15, 0.000000000000000000, 1.000000000000000000 ) ) ;
#5455 = VECTOR ( 'NONE', #8955, 1000.000000000000000 ) ;
#5456 = CARTESIAN_POINT ( 'NONE',  ( 23.79921988582929870, 41.25838705449029931, 13.40325074253560089 ) ) ;
#5457 = ORIENTED_EDGE ( 'NONE', *, *, #4330, .F. ) ;
#5458 = LINE ( 'NONE', #4527, #8120 ) ;
#5459 = DIRECTION ( 'NONE',  ( -0.6683132718461772814, 0.000000000000000000, 0.7438799437236210954 ) ) ;
#5460 = CARTESIAN_POINT ( 'NONE',  ( 5.193999999999999950, -5.200000000000000178, 13.08675134594809819 ) ) ;
#5461 = CARTESIAN_POINT ( 'NONE',  ( 8.641953868378799086, 5.542241868576054387, 10.69256353381920022 ) ) ;
#5462 = CARTESIAN_POINT ( 'NONE',  ( 10.20000000000000107, -1.715951042912469804, 20.00000000000000000 ) ) ;
#5463 = LINE ( 'NONE', #3957, #6381 ) ;
#5464 = DIRECTION ( 'NONE',  ( 0.000000000000000000, 0.7071067811865470176, -0.7071067811865480168 ) ) ;
#5465 = VECTOR ( 'NONE', #7238, 1000.000000000000227 ) ;
#5466 = CARTESIAN_POINT ( 'NONE',  ( -5.375526453616969569, 37.07114977510610032, 14.37500000000000000 ) ) ;
#5467 = AXIS2_PLACEMENT_3D ( 'NONE', #9405, #7065, #2340 ) ;
#5468 = DIRECTION ( 'NONE',  ( 0.000000000000000000, -1.000000000000000000, 0.000000000000000000 ) ) ;
#5469 = DIRECTION ( 'NONE',  ( 2.631847366267809955E-15, 1.000000000000000000, 1.487350042510860161E-14 ) ) ;
#5470 = CARTESIAN_POINT ( 'NONE',  ( 10.00000000000000000, 2.997183533758950080, 10.00000000000000000 ) ) ;
#5471 = PLANE ( 'NONE',  #6702 ) ;
#5472 = ORIENTED_EDGE ( 'NONE', *, *, #417, .F. ) ;
#5473 = DIRECTION ( 'NONE',  ( -2.555832558841275431E-12, 2.558251679546734034E-12, -1.000000000000000000 ) ) ;
#5474 = FACE_OUTER_BOUND ( 'NONE', #7154, .T. ) ;
#5475 = CARTESIAN_POINT ( 'NONE',  ( 12.14051777502089990, 23.77204732843080137, 10.00000000000000000 ) ) ;
#5476 = CARTESIAN_POINT ( 'NONE',  ( 9.899229614988838577, 4.249463432770659743, 11.43117229561189951 ) ) ;
#5477 = ORIENTED_EDGE ( 'NONE', *, *, #6023, .T. ) ;
#5478 = LINE ( 'NONE', #907, #5717 ) ;
#5479 = VECTOR ( 'NONE', #545, 1000.000000000000000 ) ;
#5480 = EDGE_CURVE ( 'NONE', #745, #4165, #1911, .T. ) ;
#5481 = CARTESIAN_POINT ( 'NONE',  ( 19.29289417248839911, 10.60265592861300021, 24.59619503138690177 ) ) ;
#5482 = ORIENTED_EDGE ( 'NONE', *, *, #4884, .F. ) ;
#5483 = CARTESIAN_POINT ( 'NONE',  ( 10.00000000000000000, 17.08409838298220151, 8.824999999999999289 ) ) ;
#5484 = DIRECTION ( 'NONE',  ( 0.6281421229565401498, 0.5733749105345663510, -0.5260025525956399939 ) ) ;
#5485 = ORIENTED_EDGE ( 'NONE', *, *, #3955, .F. ) ;
#5486 = DIRECTION ( 'NONE',  ( 0.7071067811865470176, 7.282241002660179780E-15, -0.7071067811865480168 ) ) ;
#5487 = VECTOR ( 'NONE', #3179, 1000.000000000000000 ) ;
#5488 = PLANE ( 'NONE',  #2283 ) ;
#5489 = ORIENTED_EDGE ( 'NONE', *, *, #9127, .F. ) ;
#5490 = DIRECTION ( 'NONE',  ( 0.6488699952224920020, 0.1600323674314317046, 0.7438799437236189860 ) ) ;
#5491 = ORIENTED_EDGE ( 'NONE', *, *, #5645, .F. ) ;
#5492 = ORIENTED_EDGE ( 'NONE', *, *, #6334, .F. ) ;
#5493 = EDGE_CURVE ( 'NONE', #5226, #583, #3563, .T. ) ;
#5495 = CARTESIAN_POINT ( 'NONE',  ( 10.97365545262789865, 3.723043155263709991, 9.244901555657360603 ) ) ;
#5494 = VECTOR ( 'NONE', #3270, 1000.000000000000000 ) ;
#5496 = ORIENTED_EDGE ( 'NONE', *, *, #6684, .F. ) ;
#5497 = DIRECTION ( 'NONE',  ( -2.631847366267809955E-15, -1.000000000000000000, -1.487350042510860161E-14 ) ) ;
#5498 = ORIENTED_EDGE ( 'NONE', *, *, #1040, .F. ) ;
#5499 = ORIENTED_EDGE ( 'NONE', *, *, #258, .F. ) ;
#5500 = CARTESIAN_POINT ( 'NONE',  ( 9.020237800043132026, 20.36669338153442510, 9.092935834603908418 ) ) ;
#5501 = ORIENTED_EDGE ( 'NONE', *, *, #5649, .T. ) ;
#5502 = EDGE_CURVE ( 'NONE', #8258, #4184, #3430, .T. ) ;
#5503 = CARTESIAN_POINT ( 'NONE',  ( 9.103676333703750956, 10.07871977274326269, 10.75981052742941557 ) ) ;
#5504 = CARTESIAN_POINT ( 'NONE',  ( 20.11595104291249925, 12.50000000000000000, 25.03867152242810334 ) ) ;
#5505 = EDGE_CURVE ( 'NONE', #6571, #2811, #7570, .T. ) ;
#5506 = CARTESIAN_POINT ( 'NONE',  ( 11.17499999999999893, 10.66305471978099995, 10.00000000000000000 ) ) ;
#5507 = LINE ( 'NONE', #8671, #9349 ) ;
#5508 = VERTEX_POINT ( 'NONE', #4263 ) ;
#5509 = CARTESIAN_POINT ( 'NONE',  ( 10.00000014901159950, 10.80000000000000071, 25.00000029802320256 ) ) ;
#5510 = DIRECTION ( 'NONE',  ( 0.6416822328233690031, 0.7669706070501109973, 7.424446545085129734E-16 ) ) ;
#5511 = DIRECTION ( 'NONE',  ( -0.9709069422338768574, 0.2394571141604761311, 0.000000000000000000 ) ) ;
#5512 = AXIS2_PLACEMENT_3D ( 'NONE', #5580, #4798, #836 ) ;
#5513 = CARTESIAN_POINT ( 'NONE',  ( 1.698085161116940078, 40.79299067332800632, 20.00000000000000000 ) ) ;
#5514 = CARTESIAN_POINT ( 'NONE',  ( -6.400372977291800325, 19.60470400169240079, 19.50000000000000000 ) ) ;
#5515 = CARTESIAN_POINT ( 'NONE',  ( 4.954359778937469372, 43.75901964853709813, 14.12500000000000000 ) ) ;
#5516 = EDGE_CURVE ( 'NONE', #8733, #4138, #340, .T. ) ;
#5517 = CARTESIAN_POINT ( 'NONE',  ( 11.60664261898080163, 12.40000000000000036, 17.28063350014669908 ) ) ;
#5518 = CARTESIAN_POINT ( 'NONE',  ( 6.245827060178510415, 42.22360064290980119, 14.37500000000000000 ) ) ;
#5519 = CARTESIAN_POINT ( 'NONE',  ( 4.713741978743980710, 41.43375288419030511, 10.00000000000000000 ) ) ;
#5520 = ADVANCED_FACE ( 'NONE', ( #8156 ), #3480, .T. ) ;
#5521 = CIRCLE ( 'NONE', #7659, 1.699999999999999289 ) ;
#5522 = DIRECTION ( 'NONE',  ( 0.6416822328233680039, 0.7669706070501118855, 0.000000000000000000 ) ) ;
#5523 = CARTESIAN_POINT ( 'NONE',  ( 38.85854111252491094, 0.5000000000000004441, 0.000000000000000000 ) ) ;
#5524 = VERTEX_POINT ( 'NONE', #8256 ) ;
#5525 = DIRECTION ( 'NONE',  ( 0.000000000000000000, 0.000000000000000000, 1.000000000000000000 ) ) ;
#5526 = CARTESIAN_POINT ( 'NONE',  ( 9.999999999999984013, 22.30061545138982382, 11.05943545577322418 ) ) ;
#5527 = LINE ( 'NONE', #4696, #7210 ) ;
#5528 = CARTESIAN_POINT ( 'NONE',  ( 9.025072866179579378, 7.205346158695630443, 9.314102964335281953 ) ) ;
#5529 = EDGE_LOOP ( 'NONE', ( #6764, #7255 ) ) ;
#5530 = AXIS2_PLACEMENT_3D ( 'NONE', #4571, #8515, #7004 ) ;
#5531 = ORIENTED_EDGE ( 'NONE', *, *, #6546, .T. ) ;
#5532 = CARTESIAN_POINT ( 'NONE',  ( 19.45732273755699993, 25.12434574422610112, 21.58751824112859907 ) ) ;
#5533 = VECTOR ( 'NONE', #968, 1000.000000000000000 ) ;
#5534 = CARTESIAN_POINT ( 'NONE',  ( 26.20168650407689981, 36.90147935403329882, 14.12500000000000000 ) ) ;
#5535 = CARTESIAN_POINT ( 'NONE',  ( 9.086479822636835735, 20.11023175066927493, 10.93162145028713184 ) ) ;
#5536 = EDGE_LOOP ( 'NONE', ( #2270, #1819, #2067, #505 ) ) ;
#5537 = CARTESIAN_POINT ( 'NONE',  ( 10.00000000000000000, 2.997183533758950080, 10.00000000000000000 ) ) ;
#5538 = VECTOR ( 'NONE', #5468, 1000.000000000000000 ) ;
#5539 = VECTOR ( 'NONE', #7144, 1000.000000000000114 ) ;
#5540 = CARTESIAN_POINT ( 'NONE',  ( 14.66366952443880045, 38.90939483438219781, 10.00000000000000000 ) ) ;
#5541 = ORIENTED_EDGE ( 'NONE', *, *, #2250, .T. ) ;
#5542 = CARTESIAN_POINT ( 'NONE',  ( 10.00000000000000000, 17.08409838298220151, 10.00000000000000000 ) ) ;
#5543 = CARTESIAN_POINT ( 'NONE',  ( 18.12767751050859744, 11.34288672048950097, 25.19874542774060089 ) ) ;
#5544 = EDGE_LOOP ( 'NONE', ( #7948, #1275, #3512, #4488, #7847 ) ) ;
#5545 = DIRECTION ( 'NONE',  ( 0.000000000000000000, -1.000000000000000000, 0.000000000000000000 ) ) ;
#5546 = DIRECTION ( 'NONE',  ( -0.7071067811865486830, -1.734723475976807410E-14, -0.7071067811865464625 ) ) ;
#5547 = VECTOR ( 'NONE', #3300, 1000.000000000000000 ) ;
#5548 = EDGE_LOOP ( 'NONE', ( #4676, #609, #324, #6394 ) ) ;
#5549 = ORIENTED_EDGE ( 'NONE', *, *, #6129, .T. ) ;
#5550 = AXIS2_PLACEMENT_3D ( 'NONE', #3269, #9561, #875 ) ;
#5551 = CARTESIAN_POINT ( 'NONE',  ( 9.171245486574068906, 7.655780382980569954, 9.167055813882679871 ) ) ;
#5552 = VERTEX_POINT ( 'NONE', #243 ) ;
#5553 = AXIS2_PLACEMENT_3D ( 'NONE', #219, #6641, #6483 ) ;
#5554 = FACE_OUTER_BOUND ( 'NONE', #3088, .T. ) ;
#5555 = ORIENTED_EDGE ( 'NONE', *, *, #1167, .F. ) ;
#5556 = EDGE_CURVE ( 'NONE', #9709, #6668, #6569, .T. ) ;
#5558 = ORIENTED_EDGE ( 'NONE', *, *, #8805, .T. ) ;
#5557 = VECTOR ( 'NONE', #7296, 1000.000000000000000 ) ;
#5559 = VERTEX_POINT ( 'NONE', #2751 ) ;
#5560 = CARTESIAN_POINT ( 'NONE',  ( 10.51265241636080106, 7.660623714452159838, 12.42184072556390007 ) ) ;
#5561 = CARTESIAN_POINT ( 'NONE',  ( 10.00000000000000000, 45.41542396132060588, 2.500000000000000000 ) ) ;
#5562 = AXIS2_PLACEMENT_3D ( 'NONE', #8872, #1748, #960 ) ;
#5563 = CARTESIAN_POINT ( 'NONE',  ( 20.97783287275370157, 4.560623714452030519, 23.02844253819399967 ) ) ;
#5564 = ORIENTED_EDGE ( 'NONE', *, *, #5663, .F. ) ;
#5565 = DIRECTION ( 'NONE',  ( 0.9998844787876258744, 0.01519964077199930340, 0.000000000000000000 ) ) ;
#5566 = ADVANCED_FACE ( 'NONE', ( #3529 ), #6704, .T. ) ;
#5567 = DIRECTION ( 'NONE',  ( -0.9999999999999995559, -2.900003869181453072E-08, 0.000000000000000000 ) ) ;
#5568 = B_SPLINE_CURVE_WITH_KNOTS ( 'NONE', 3,
 ( #10125, #9293, #4519, #554, #6915, #2954, #6140, #7739, #602, #3004, #2911 ),
 .UNSPECIFIED., .F., .F.,
 ( 4, 2, 1, 1, 1, 1, 1, 4 ),
 ( 0.000000000000000000, 0.001469700835566907548, 0.2507912074861549656, 0.5001127141367436302, 0.6247734674620231132, 0.7494342207873173622, 0.9987557274379057493, 1.000000000000000000 ),
 .UNSPECIFIED. ) ;
#5569 = CARTESIAN_POINT ( 'NONE',  ( 12.41751801000789968, -4.950000000000000178, 13.77660488454889887 ) ) ;
#5570 = ADVANCED_FACE ( 'NONE', ( #1027 ), #5927, .T. ) ;
#5571 = ORIENTED_EDGE ( 'NONE', *, *, #4811, .T. ) ;
#5572 = DIRECTION ( 'NONE',  ( -0.5705340520101069846, 0.4773345432410950329, -0.6683132718461780586 ) ) ;
#5573 = LINE ( 'NONE', #7906, #9368 ) ;
#5575 = EDGE_CURVE ( 'NONE', #6850, #5408, #387, .T. ) ;
#5574 = CARTESIAN_POINT ( 'NONE',  ( 13.23190208582489902, 12.50000000000000000, 21.20435694737729904 ) ) ;
#5576 = DIRECTION ( 'NONE',  ( 0.000000000000000000, -1.000000000000000000, 0.000000000000000000 ) ) ;
#5577 = DIRECTION ( 'NONE',  ( 0.000000000000000000, -1.000000000000000000, 0.000000000000000000 ) ) ;
#5578 = CARTESIAN_POINT ( 'NONE',  ( 9.998613665376460347, 11.64911931636470044, 11.17499918215990107 ) ) ;
#5579 = CARTESIAN_POINT ( 'NONE',  ( 10.00000000000000000, 0.000000000000000000, 10.00000000000000000 ) ) ;
#5580 = CARTESIAN_POINT ( 'NONE',  ( 34.55854145947857603, 29.25100135070063345, 7.500000000034249048 ) ) ;
#5581 = VERTEX_POINT ( 'NONE', #9958 ) ;
#5582 = CARTESIAN_POINT ( 'NONE',  ( 29.35854107291500270, 46.44749149940778921, 26.22427590715502177 ) ) ;
#5583 = CARTESIAN_POINT ( 'NONE',  ( 39.35854111252491094, 5.200001135812788000, 0.5000000000000004441 ) ) ;
#5584 = DIRECTION ( 'NONE',  ( 0.000000000000000000, -1.000000000000000000, 0.000000000000000000 ) ) ;
#5586 = EDGE_CURVE ( 'NONE', #3755, #5911, #2842, .T. ) ;
#5585 = CARTESIAN_POINT ( 'NONE',  ( 10.52472318226589998, 4.157883348868409712, 11.29120843551359954 ) ) ;
#5587 = EDGE_LOOP ( 'NONE', ( #814, #1639, #8776, #6630, #9132 ) ) ;
#5588 = DIRECTION ( 'NONE',  ( -0.2394571141604759368, 0.9709069422338768574, 0.000000000000000000 ) ) ;
#5589 = CARTESIAN_POINT ( 'NONE',  ( 23.18994544694839988, 38.37817313579390799, 14.37500000000000000 ) ) ;
#5590 = CARTESIAN_POINT ( 'NONE',  ( 20.20599999999999952, -0.2000000000000050071, 4.426497308103719774 ) ) ;
#5591 = ORIENTED_EDGE ( 'NONE', *, *, #1944, .T. ) ;
#5592 = LINE ( 'NONE', #7768, #253 ) ;
#5593 = CARTESIAN_POINT ( 'NONE',  ( 1.941370402787010008, 41.16198214542920653, 13.06850476785990089 ) ) ;
#5594 = FACE_OUTER_BOUND ( 'NONE', #3081, .T. ) ;
#5595 = CARTESIAN_POINT ( 'NONE',  ( 0.2707570572388169894, 31.62887638810719793, 10.00000000000000000 ) ) ;
#5596 = ORIENTED_EDGE ( 'NONE', *, *, #2651, .T. ) ;
#5597 = CARTESIAN_POINT ( 'NONE',  ( 10.49393734990720084, 6.056384414440669772, 8.443327685366879720 ) ) ;
#5598 = ORIENTED_EDGE ( 'NONE', *, *, #5900, .T. ) ;
#5599 = ORIENTED_EDGE ( 'NONE', *, *, #6497, .F. ) ;
#5600 = CARTESIAN_POINT ( 'NONE',  ( 11.31186708666743890, 4.405118873961139769, 11.31190016412760002 ) ) ;
#5601 = ORIENTED_EDGE ( 'NONE', *, *, #1366, .F. ) ;
#5602 = AXIS2_PLACEMENT_3D ( 'NONE', #5379, #9473, #4595 ) ;
#5603 = DIRECTION ( 'NONE',  ( -1.000000000000000000, 0.000000000000000000, 0.000000000000000000 ) ) ;
#5604 = ORIENTED_EDGE ( 'NONE', *, *, #1575, .T. ) ;
#5605 = ORIENTED_EDGE ( 'NONE', *, *, #4112, .T. ) ;
#5606 = ORIENTED_EDGE ( 'NONE', *, *, #7792, .T. ) ;
#5607 = CARTESIAN_POINT ( 'NONE',  ( -0.5647953146964960203, 36.92376563779299659, 13.06850476785990089 ) ) ;
#5608 = ORIENTED_EDGE ( 'NONE', *, *, #2333, .T. ) ;
#5609 = DIRECTION ( 'NONE',  ( 2.900003869181453403E-08, -0.9999999999999996669, -2.558264100334657960E-12 ) ) ;
#5610 = DIRECTION ( 'NONE',  ( 1.226634733346701529E-16, 0.7071067811865460184, -0.7071067811865489050 ) ) ;
#5611 = CIRCLE ( 'NONE', #1130, 1.800000000000000044 ) ;
#5612 = EDGE_CURVE ( 'NONE', #5961, #6850, #4598, .T. ) ;
#5613 = LINE ( 'NONE', #5735, #4570 ) ;
#5614 = EDGE_LOOP ( 'NONE', ( #6577, #6374, #6054, #4704 ) ) ;
#5615 = CARTESIAN_POINT ( 'NONE',  ( 8.638388909670650762, 27.92314446854679844, 20.00000000000000000 ) ) ;
#5616 = DIRECTION ( 'NONE',  ( 0.000000000000000000, -1.000000000000000000, -0.000000000000000000 ) ) ;
#5617 = VECTOR ( 'NONE', #7244, 1000.000000000000000 ) ;
#5618 = LINE ( 'NONE', #9997, #7955 ) ;
#5619 = AXIS2_PLACEMENT_3D ( 'NONE', #6230, #3093, #748 ) ;
#5620 = DIRECTION ( 'NONE',  ( 0.6416822328233690031, -0.7669706070501109973, 0.000000000000000000 ) ) ;
#5621 = VERTEX_POINT ( 'NONE', #1326 ) ;
#5622 = LINE ( 'NONE', #91, #2951 ) ;
#5623 = CARTESIAN_POINT ( 'NONE',  ( 12.79020790995780033, -4.700000000000000178, 13.10569876504609965 ) ) ;
#5624 = PRODUCT_DEFINITION ( 'UNKNOWN', '', #7823, #4237 ) ;
#5625 = DIRECTION ( 'NONE',  ( 0.7071067811865465735, -3.700743415417187153E-15, 0.7071067811865484609 ) ) ;
#5626 = CARTESIAN_POINT ( 'NONE',  ( 10.55624107117329835, 6.120427513949779907, 17.62730888303810062 ) ) ;
#5627 = DIRECTION ( 'NONE',  ( -2.070351172966033714E-08, -2.558864502975874379E-12, 0.9999999999999997780 ) ) ;
#5628 = TOROIDAL_SURFACE ( 'NONE', #4976, 2.174999999999999822, 1.000000000000000000 ) ;
#5629 = EDGE_CURVE ( 'NONE', #4373, #5559, #4503, .T. ) ;
#5630 = CARTESIAN_POINT ( 'NONE',  ( 15.28562318937020059, 10.28693283518959944, 17.33623285481059995 ) ) ;
#5631 = EDGE_CURVE ( 'NONE', #8814, #4515, #3766, .T. ) ;
#5632 = PLANE ( 'NONE',  #9266 ) ;
#5633 = CARTESIAN_POINT ( 'NONE',  ( 15.81306367240909871, 43.56974815710489679, 10.00000000000000000 ) ) ;
#5634 = EDGE_LOOP ( 'NONE', ( #3172, #6896, #8894, #1183 ) ) ;
#5635 = CARTESIAN_POINT ( 'NONE',  ( 10.91465822493221438, 20.11466514323225496, 9.068779323428588057 ) ) ;
#5636 = CARTESIAN_POINT ( 'NONE',  ( 27.42186205856670256, 29.20598589749339880, 0.9218620585666699174 ) ) ;
#5637 = AXIS2_PLACEMENT_3D ( 'NONE', #4529, #3802, #5311 ) ;
#5638 = CARTESIAN_POINT ( 'NONE',  ( 22.80751038396710229, 35.30817515512509885, 10.00000000000000000 ) ) ;
#5639 = FACE_OUTER_BOUND ( 'NONE', #2377, .T. ) ;
#5640 = VERTEX_POINT ( 'NONE', #4450 ) ;
#5641 = DIRECTION ( 'NONE',  ( 0.2705980500730678640, 0.9238795325112958423, 0.2705980500730980620 ) ) ;
#5642 = DIRECTION ( 'NONE',  ( 0.000000000000000000, 6.651958409392690315E-15, -1.000000000000000000 ) ) ;
#5643 = EDGE_CURVE ( 'NONE', #4652, #7530, #8693, .T. ) ;
#5644 = PLANE ( 'NONE',  #7021 ) ;
#5645 = EDGE_CURVE ( 'NONE', #4058, #2926, #8548, .T. ) ;
#5646 = VERTEX_POINT ( 'NONE', #1467 ) ;
#5647 = DIRECTION ( 'NONE',  ( -1.000000000000000000, 0.000000000000000000, 0.000000000000000000 ) ) ;
#5648 = VECTOR ( 'NONE', #6253, 1000.000000000000000 ) ;
#5649 = EDGE_CURVE ( 'NONE', #6668, #2704, #1729, .T. ) ;
#5650 = DIRECTION ( 'NONE',  ( -0.2394571141604759923, -0.9709069422338770794, 0.000000000000000000 ) ) ;
#5651 = ORIENTED_EDGE ( 'NONE', *, *, #3622, .T. ) ;
#5652 = CARTESIAN_POINT ( 'NONE',  ( 10.00000000000000000, -3.399999999999999911, 5.875000000000000000 ) ) ;
#5653 = DIRECTION ( 'NONE',  ( 0.7669706070501108863, 0.6416822328233688921, 0.000000000000000000 ) ) ;
#5654 = ORIENTED_EDGE ( 'NONE', *, *, #884, .T. ) ;
#5655 = VECTOR ( 'NONE', #8109, 1000.000000000000000 ) ;
#5656 = CARTESIAN_POINT ( 'NONE',  ( 8.825000000000001066, 11.63127874928194139, 10.00000000000000000 ) ) ;
#5657 = CARTESIAN_POINT ( 'NONE',  ( 14.66366952443880045, 38.90939483438219781, 10.00000000000000000 ) ) ;
#5658 = VERTEX_POINT ( 'NONE', #7722 ) ;
#5659 = ADVANCED_FACE ( 'NONE', ( #486 ), #2108, .T. ) ;
#5660 = CARTESIAN_POINT ( 'NONE',  ( 10.00000000000000000, -4.930084118726089707E-15, 10.00000000000000000 ) ) ;
#5661 = ORIENTED_EDGE ( 'NONE', *, *, #1846, .T. ) ;
#5662 = CARTESIAN_POINT ( 'NONE',  ( 9.314070476226129713, 7.205207890803969839, 9.025217622354459124 ) ) ;
#5663 = EDGE_CURVE ( 'NONE', #2811, #4782, #10005, .T. ) ;
#5664 = VECTOR ( 'NONE', #7194, 1000.000000000000114 ) ;
#5665 = EDGE_LOOP ( 'NONE', ( #8866, #2710, #749, #603 ) ) ;
#5666 = CARTESIAN_POINT ( 'NONE',  ( 13.10403144235517736, 44.23788329113112638, 6.894301234953836399 ) ) ;
#5667 = ORIENTED_EDGE ( 'NONE', *, *, #28, .T. ) ;
#5668 = VERTEX_POINT ( 'NONE', #8496 ) ;
#5669 = EDGE_LOOP ( 'NONE', ( #1601, #8775, #9641, #1478 ) ) ;
#5670 = CARTESIAN_POINT ( 'NONE',  ( 10.00000000000000000, -4.700000000000000178, 10.00000000000000000 ) ) ;
#5671 = VERTEX_POINT ( 'NONE', #532 ) ;
#5672 = DIRECTION ( 'NONE',  ( 0.7222382015498093333, -0.1781273446059150611, 0.6683132718461773925 ) ) ;
#5673 = TOROIDAL_SURFACE ( 'NONE', #833, 2.174999999999999822, 1.000000000000000000 ) ;
#5674 = PLANE ( 'NONE',  #572 ) ;
#5675 = ORIENTED_EDGE ( 'NONE', *, *, #7291, .T. ) ;
#5676 = DIRECTION ( 'NONE',  ( -0.7071067811865500152, 1.236448081483690217E-14, -0.7071067811865450192 ) ) ;
#5677 = LINE ( 'NONE', #263, #7615 ) ;
#5678 = PLANE ( 'NONE',  #3967 ) ;
#5679 = ORIENTED_EDGE ( 'NONE', *, *, #4545, .T. ) ;
#5680 = CARTESIAN_POINT ( 'NONE',  ( -3.747577647022969582, 40.78006091066870198, 13.10569876504609965 ) ) ;
#5681 = EDGE_CURVE ( 'NONE', #5993, #571, #1372, .T. ) ;
#5682 = CARTESIAN_POINT ( 'NONE',  ( -5.912194719345109206, 19.71278724955320172, 20.00000000000000000 ) ) ;
#5683 = LINE ( 'NONE', #7401, #900 ) ;
#5684 = FACE_OUTER_BOUND ( 'NONE', #2891, .T. ) ;
#5685 = DIRECTION ( 'NONE',  ( 0.2394571141604749931, 0.9709069422338770794, 0.000000000000000000 ) ) ;
#5686 = DIRECTION ( 'NONE',  ( 0.7071067811865470176, 7.282241002660179780E-15, -0.7071067811865480168 ) ) ;
#5687 = DIRECTION ( 'NONE',  ( 0.8660254037844381525, 0.000000000000000000, 0.5000000000000007772 ) ) ;
#5688 = CIRCLE ( 'NONE', #4523, 4.174999999999999822 ) ;
#5689 = ORIENTED_EDGE ( 'NONE', *, *, #6210, .T. ) ;
#5690 = CYLINDRICAL_SURFACE ( 'NONE', #4321, 4.375000000000000000 ) ;
#5691 = FACE_OUTER_BOUND ( 'NONE', #5181, .T. ) ;
#5692 = CARTESIAN_POINT ( 'NONE',  ( 2.987329384722530179, 41.83193545511299760, 14.12500000000000000 ) ) ;
#5693 = CARTESIAN_POINT ( 'NONE',  ( 16.69983675174569981, 9.260623714451970301, 20.58892404827109956 ) ) ;
#5694 = VERTEX_POINT ( 'NONE', #2986 ) ;
#5695 = ORIENTED_EDGE ( 'NONE', *, *, #908, .F. ) ;
#5696 = DIRECTION ( 'NONE',  ( -0.3826834323650961656, -0.6532814824381862895, -0.6532814824381862895 ) ) ;
#5697 = CARTESIAN_POINT ( 'NONE',  ( -6.718406970965739688, 35.42610294125150006, 13.25447475379079876 ) ) ;
#5698 = VECTOR ( 'NONE', #7132, 999.9999999999998863 ) ;
#5699 = CARTESIAN_POINT ( 'NONE',  ( -19.35854111226639418, 0.000000000000000000, 1.282174366679100785E-08 ) ) ;
#5700 = CIRCLE ( 'NONE', #6547, 2.099999999999996980 ) ;
#5701 = ORIENTED_EDGE ( 'NONE', *, *, #8808, .T. ) ;
#5702 = FACE_OUTER_BOUND ( 'NONE', #7287, .T. ) ;
#5703 = DIRECTION ( 'NONE',  ( -0.8660254037844381525, 0.000000000000000000, -0.5000000000000007772 ) ) ;
#5704 = EDGE_LOOP ( 'NONE', ( #6951, #2247 ) ) ;
#5705 = CARTESIAN_POINT ( 'NONE',  ( -7.641238337099040656, 38.04398097986710070, 17.50000000000000000 ) ) ;
#5706 = EDGE_CURVE ( 'NONE', #7219, #4249, #2253, .T. ) ;
#5707 = VECTOR ( 'NONE', #8661, 1000.000000000000000 ) ;
#5708 = EDGE_CURVE ( 'NONE', #1486, #1134, #5424, .T. ) ;
#5709 =( BOUNDED_CURVE ( )  B_SPLINE_CURVE ( 3, ( #1116, #4982, #6603, #5762 ),
 .UNSPECIFIED., .F., .T. ) 
 B_SPLINE_CURVE_WITH_KNOTS ( ( 4, 4 ),
 ( 3.141592653589763806, 3.389026306127265187 ),
 .UNSPECIFIED. ) 
 CURVE ( )  GEOMETRIC_REPRESENTATION_ITEM ( )  RATIONAL_B_SPLINE_CURVE ( ( 1.000000000000000000, 0.9949045531229090411, 0.9949045531229090411, 1.000000000000000000 ) ) 
 REPRESENTATION_ITEM ( '' )  );
#5710 = DIRECTION ( 'NONE',  ( -0.9709069422338771904, 0.2394571141604752984, 0.000000000000000000 ) ) ;
#5711 = VECTOR ( 'NONE', #9402, 1000.000000000000000 ) ;
#5712 = ORIENTED_EDGE ( 'NONE', *, *, #4274, .T. ) ;
#5713 = LINE ( 'NONE', #1698, #4890 ) ;
#5714 = EDGE_CURVE ( 'NONE', #4213, #4748, #1546, .T. ) ;
#5715 = EDGE_LOOP ( 'NONE', ( #7051, #6644, #1274, #2806 ) ) ;
#5716 = FACE_BOUND ( 'NONE', #2952, .T. ) ;
#5717 = VECTOR ( 'NONE', #4144, 1000.000000000000000 ) ;
#5718 = VECTOR ( 'NONE', #7091, 1000.000000000000000 ) ;
#5719 = VERTEX_POINT ( 'NONE', #7816 ) ;
#5720 = DIRECTION ( 'NONE',  ( -0.8234424308471790521, 0.000000000000000000, 0.5673998264720291340 ) ) ;
#5721 = EDGE_LOOP ( 'NONE', ( #5679, #5689, #4830, #4534 ) ) ;
#5722 = LINE ( 'NONE', #701, #8687 ) ;
#5723 = EDGE_CURVE ( 'NONE', #825, #5671, #6075, .T. ) ;
#5724 = ORIENTED_EDGE ( 'NONE', *, *, #6354, .T. ) ;
#5725 = VECTOR ( 'NONE', #5972, 1000.000000000000227 ) ;
#5726 = ORIENTED_EDGE ( 'NONE', *, *, #5706, .T. ) ;
#5727 = ORIENTED_EDGE ( 'NONE', *, *, #7716, .F. ) ;
#5728 = DIRECTION ( 'NONE',  ( -5.337610695313252173E-15, 1.000000000000000000, 6.405132834375902450E-15 ) ) ;
#5729 = ADVANCED_FACE ( 'NONE', ( #2056 ), #5239, .F. ) ;
#5730 = ORIENTED_EDGE ( 'NONE', *, *, #3838, .T. ) ;
#5731 = VECTOR ( 'NONE', #5672, 1000.000000000000000 ) ;
#5732 = CARTESIAN_POINT ( 'NONE',  ( 10.52001759967950179, 18.28420825397428473, 11.06779339778214322 ) ) ;
#5733 = VECTOR ( 'NONE', #6729, 1000.000000000000000 ) ;
#5734 = CARTESIAN_POINT ( 'NONE',  ( 18.12506425035439861, 40.73361127667779868, 13.25447475379079876 ) ) ;
#5735 = CARTESIAN_POINT ( 'NONE',  ( 26.50000000000000000, 21.35385599033020299, 0.000000000000000000 ) ) ;
#5736 = ORIENTED_EDGE ( 'NONE', *, *, #9393, .F. ) ;
#5737 = EDGE_LOOP ( 'NONE', ( #565, #9856, #9668, #1093, #10050 ) ) ;
#5738 = DIRECTION ( 'NONE',  ( 0.6416822328233690031, -0.7669706070501109973, -1.019101058854889895E-16 ) ) ;
#5739 = AXIS2_PLACEMENT_3D ( 'NONE', #6475, #7968, #8913 ) ;
#5740 = VECTOR ( 'NONE', #7406, 1000.000000000000114 ) ;
#5741 = LINE ( 'NONE', #1779, #9114 ) ;
#5742 = ORIENTED_EDGE ( 'NONE', *, *, #6629, .F. ) ;
#5743 = DIRECTION ( 'NONE',  ( 0.6488699952224917800, 0.1600323674314322042, 0.7438799437236189860 ) ) ;
#5744 = CARTESIAN_POINT ( 'NONE',  ( -2.679173937402457462, 35.15478103371500396, 5.875000000000000000 ) ) ;
#5745 = CARTESIAN_POINT ( 'NONE',  ( 20.69313176126119913, 37.07715975920299911, 13.06850476785990089 ) ) ;
#5746 = VECTOR ( 'NONE', #5005, 1000.000000000000114 ) ;
#5747 = CARTESIAN_POINT ( 'NONE',  ( 27.35854122897934104, 5.200000787765211463, 18.91715728747773184 ) ) ;
#5748 = LINE ( 'NONE', #6471, #1016 ) ;
#5749 = VECTOR ( 'NONE', #1802, 1000.000000000000000 ) ;
#5750 = DIRECTION ( 'NONE',  ( 0.000000000000000000, 1.000000000000000000, 0.000000000000000000 ) ) ;
#5751 = PLANE ( 'NONE',  #6126 ) ;
#5752 = ORIENTED_EDGE ( 'NONE', *, *, #10082, .T. ) ;
#5753 = CARTESIAN_POINT ( 'NONE',  ( 11.44987440470133677, 21.94003600517288177, 9.287302419333217429 ) ) ;
#5754 = CARTESIAN_POINT ( 'NONE',  ( 23.66671998276110145, 41.36924245477310080, 2.500000000000000000 ) ) ;
#5755 = CARTESIAN_POINT ( 'NONE',  ( 23.88908729652640162, 27.80638332588600292, 20.00000000000000000 ) ) ;
#5756 = CARTESIAN_POINT ( 'NONE',  ( 13.12882262174569981, 39.28793781724669287, 14.12500000000000000 ) ) ;
#5757 = EDGE_LOOP ( 'NONE', ( #9214, #9871, #3871, #4219, #5882 ) ) ;
#5758 = EDGE_LOOP ( 'NONE', ( #9451, #7960, #6110, #9082, #222 ) ) ;
#5759 = FACE_OUTER_BOUND ( 'NONE', #6779, .T. ) ;
#5760 = DIRECTION ( 'NONE',  ( -0.6683132718461788357, 0.000000000000000000, -0.7438799437236197631 ) ) ;
#5761 = EDGE_LOOP ( 'NONE', ( #6260, #1254, #7484, #2427, #4541, #9881, #552 ) ) ;
#5762 = CARTESIAN_POINT ( 'NONE',  ( 15.01993645344910000, 19.33959651678490133, 26.92792522093419905 ) ) ;
#5763 = EDGE_CURVE ( 'NONE', #3701, #2594, #7202, .T. ) ;
#5764 = FACE_OUTER_BOUND ( 'NONE', #404, .T. ) ;
#5765 = ORIENTED_EDGE ( 'NONE', *, *, #8051, .T. ) ;
#5766 = DIRECTION ( 'NONE',  ( 0.6488699952224898926, -0.1600323674314312050, -0.7438799437236208734 ) ) ;
#5767 = PLANE ( 'NONE',  #6948 ) ;
#5768 = VERTEX_POINT ( 'NONE', #8643 ) ;
#5769 = CARTESIAN_POINT ( 'NONE',  ( 13.23190208582489902, -4.930084118726089707E-15, 20.00000000000000000 ) ) ;
#5770 = CARTESIAN_POINT ( 'NONE',  ( 19.29289417248839911, 6.060623714451939925, 23.91838480196840067 ) ) ;
#5771 = ADVANCED_FACE ( 'NONE', ( #168, #1683, #1518 ), #4809, .T. ) ;
#5772 = VERTEX_POINT ( 'NONE', #2527 ) ;
#5773 = CARTESIAN_POINT ( 'NONE',  ( 12.49255140368310002, 7.660623714452179378, 10.44194173824149807 ) ) ;
#5774 = EDGE_CURVE ( 'NONE', #182, #9979, #4236, .T. ) ;
#5775 = VERTEX_POINT ( 'NONE', #4028 ) ;
#5776 = ADVANCED_FACE ( 'NONE', ( #1626 ), #7084, .F. ) ;
#5777 = DIRECTION ( 'NONE',  ( -8.410780489584519664E-16, 0.000000000000000000, -1.000000000000000000 ) ) ;
#5778 = VERTEX_POINT ( 'NONE', #8034 ) ;
#5779 = ORIENTED_EDGE ( 'NONE', *, *, #7381, .F. ) ;
#5780 = ORIENTED_EDGE ( 'NONE', *, *, #4044, .F. ) ;
#5781 = LINE ( 'NONE', #6763, #819 ) ;
#5782 = ORIENTED_EDGE ( 'NONE', *, *, #10218, .T. ) ;
#5783 = ADVANCED_FACE ( 'NONE', ( #4858 ), #9588, .F. ) ;
#5784 = EDGE_CURVE ( 'NONE', #1036, #811, #789, .T. ) ;
#5785 = DIRECTION ( 'NONE',  ( -1.000000000000000000, 0.000000000000000000, 0.000000000000000000 ) ) ;
#5786 = CARTESIAN_POINT ( 'NONE',  ( 18.82805247947732852, 32.38285301167464780, 10.00000000000000000 ) ) ;
#5787 = ORIENTED_EDGE ( 'NONE', *, *, #5848, .F. ) ;
#5788 = ORIENTED_EDGE ( 'NONE', *, *, #9372, .T. ) ;
#5789 = DIRECTION ( 'NONE',  ( 0.6416822328233690031, 0.7669706070501109973, 2.320139545339104829E-16 ) ) ;
#5790 = ADVANCED_FACE ( 'NONE', ( #6323 ), #9535, .F. ) ;
#5791 = CARTESIAN_POINT ( 'NONE',  ( 18.85041768144719754, 8.455311857226080363, 25.03867152242810334 ) ) ;
#5792 = VERTEX_POINT ( 'NONE', #5589 ) ;
#5793 = CARTESIAN_POINT ( 'NONE',  ( 7.865344050601221326, 23.75745334358564520, 9.917279609903566495 ) ) ;
#5794 = CARTESIAN_POINT ( 'NONE',  ( 22.85998067896979791, 5.989893336415650360, 20.92910852490549800 ) ) ;
#5795 = AXIS2_PLACEMENT_3D ( 'NONE', #9280, #2169, #9335 ) ;
#5796 = LINE ( 'NONE', #5017, #4402 ) ;
#5797 = CARTESIAN_POINT ( 'NONE',  ( 16.38337394840110051, 12.50000000000000000, 24.75582880995339963 ) ) ;
#5798 = CARTESIAN_POINT ( 'NONE',  ( 10.33067055984990645, 12.33067041083830695, 22.23865932733499307 ) ) ;
#5799 = AXIS2_PLACEMENT_3D ( 'NONE', #9207, #8330, #6103 ) ;
#5800 = DIRECTION ( 'NONE',  ( 0.000000000000000000, 2.558264100334658768E-12, -1.000000000000000000 ) ) ;
#5801 = VECTOR ( 'NONE', #8984, 1000.000000000000000 ) ;
#5802 = EDGE_CURVE ( 'NONE', #1965, #3755, #2303, .T. ) ;
#5803 = CARTESIAN_POINT ( 'NONE',  ( 14.94905937335030011, 12.50000000000000000, 23.32151423490270048 ) ) ;
#5804 = EDGE_LOOP ( 'NONE', ( #3214, #1233, #1094, #7747, #1460, #7998, #1711 ) ) ;
#5805 = PLANE ( 'NONE',  #3809 ) ;
#5806 = CARTESIAN_POINT ( 'NONE',  ( 10.00000000000000000, 11.28430686604839828, 10.00000000000000000 ) ) ;
#5807 = FACE_OUTER_BOUND ( 'NONE', #5256, .T. ) ;
#5808 = CARTESIAN_POINT ( 'NONE',  ( 15.80165585348659896, 20.66205238419150092, 21.48710494653009917 ) ) ;
#5809 = ORIENTED_EDGE ( 'NONE', *, *, #4235, .T. ) ;
#5810 = ORIENTED_EDGE ( 'NONE', *, *, #1263, .T. ) ;
#5811 = CARTESIAN_POINT ( 'NONE',  ( 34.00000000000000000, 11.28430686604839828, 10.00000000000000000 ) ) ;
#5812 = VECTOR ( 'NONE', #1031, 999.9999999999998863 ) ;
#5813 = AXIS2_PLACEMENT_3D ( 'NONE', #9018, #4855, #3410 ) ;
#5814 = DIRECTION ( 'NONE',  ( -0.7071067811865490160, -3.976541677442609697E-16, 0.7071067811865460184 ) ) ;
#5815 = MANIFOLD_SOLID_BREP ( 'Chanfrein4', #4699 ) ;
#5816 = CARTESIAN_POINT ( 'NONE',  ( 10.00000000000000000, 11.28430686604839828, 8.824999999999999289 ) ) ;
#5817 = ORIENTED_EDGE ( 'NONE', *, *, #3274, .T. ) ;
#5818 = DIRECTION ( 'NONE',  ( -8.410780489584519664E-16, 0.000000000000000000, -1.000000000000000000 ) ) ;
#5819 = PLANE ( 'NONE',  #4876 ) ;
#5820 = CIRCLE ( 'NONE', #9121, 1.174999999999999822 ) ;
#5821 = DIRECTION ( 'NONE',  ( 0.000000000000000000, -1.000000000000000000, 0.000000000000000000 ) ) ;
#5822 = LINE ( 'NONE', #9865, #5801 ) ;
#5823 = ORIENTED_EDGE ( 'NONE', *, *, #6682, .T. ) ;
#5824 = EDGE_CURVE ( 'NONE', #1739, #4533, #8088, .T. ) ;
#5825 = LINE ( 'NONE', #1225, #388 ) ;
#5826 = VECTOR ( 'NONE', #8578, 999.9999999999998863 ) ;
#5827 = PLANE ( 'NONE',  #7525 ) ;
#5828 = VECTOR ( 'NONE', #5134, 1000.000000000000000 ) ;
#5829 = LINE ( 'NONE', #3530, #4795 ) ;
#5830 = ORIENTED_EDGE ( 'NONE', *, *, #5039, .T. ) ;
#5831 = DIRECTION ( 'NONE',  ( -0.7438799437236197631, 0.000000000000000000, 0.6683132718461786137 ) ) ;
#5832 = AXIS2_PLACEMENT_3D ( 'NONE', #3215, #2439, #3267 ) ;
#5833 = ORIENTED_EDGE ( 'NONE', *, *, #2162, .F. ) ;
#5834 = ORIENTED_EDGE ( 'NONE', *, *, #6446, .F. ) ;
#5835 = EDGE_CURVE ( 'NONE', #4071, #1484, #8630, .T. ) ;
#5836 = LINE ( 'NONE', #4417, #648 ) ;
#5837 = ORIENTED_EDGE ( 'NONE', *, *, #8549, .T. ) ;
#5838 = DIRECTION ( 'NONE',  ( 0.7071067811865464625, -2.071311613106634660E-15, 0.7071067811865485719 ) ) ;
#5839 = AXIS2_PLACEMENT_3D ( 'NONE', #7630, #2417, #2173 ) ;
#5840 = ORIENTED_EDGE ( 'NONE', *, *, #5774, .T. ) ;
#5841 = ORIENTED_EDGE ( 'NONE', *, *, #3425, .T. ) ;
#5842 = EDGE_CURVE ( 'NONE', #7667, #9191, #9519, .T. ) ;
#5843 = FACE_OUTER_BOUND ( 'NONE', #8117, .T. ) ;
#5844 = CARTESIAN_POINT ( 'NONE',  ( 11.15046395272471713, 4.662616655710269953, 9.099854287283099197 ) ) ;
#5845 = VERTEX_POINT ( 'NONE', #4844 ) ;
#5846 = EDGE_CURVE ( 'NONE', #5987, #8445, #10194, .T. ) ;
#5847 = VECTOR ( 'NONE', #6874, 1000.000000000000000 ) ;
#5848 = EDGE_CURVE ( 'NONE', #1484, #9751, #5463, .T. ) ;
#5849 = LINE ( 'NONE', #5015, #3813 ) ;
#5850 = PLANE ( 'NONE',  #8377 ) ;
#5851 = CARTESIAN_POINT ( 'NONE',  ( 10.96357616749540220, 10.77956070927344534, 10.67914083130167491 ) ) ;
#5852 = LINE ( 'NONE', #152, #1176 ) ;
#5853 = EDGE_CURVE ( 'NONE', #8362, #5775, #10243, .T. ) ;
#5854 = DIRECTION ( 'NONE',  ( -0.7438799437236206513, 0.000000000000000000, -0.6683132718461777255 ) ) ;
#5855 = DIRECTION ( 'NONE',  ( 0.5125766358075094509, -0.4288447525037482611, 0.7438799437236189860 ) ) ;
#5856 = ORIENTED_EDGE ( 'NONE', *, *, #9796, .T. ) ;
#5857 = CARTESIAN_POINT ( 'NONE',  ( -3.413738648222309990, 34.80097722259399973, 14.12500000000000000 ) ) ;
#5858 = EDGE_CURVE ( 'NONE', #4149, #4660, #8882, .T. ) ;
#5859 = LINE ( 'NONE', #1106, #7277 ) ;
#5860 = DIRECTION ( 'NONE',  ( -1.224165305884090052E-14, 1.000000000000000000, 0.000000000000000000 ) ) ;
#5861 = DIRECTION ( 'NONE',  ( -1.000000000000000000, 0.000000000000000000, 0.000000000000000000 ) ) ;
#5862 = ORIENTED_EDGE ( 'NONE', *, *, #9845, .F. ) ;
#5863 = ORIENTED_EDGE ( 'NONE', *, *, #7492, .T. ) ;
#5864 = CARTESIAN_POINT ( 'NONE',  ( 15.83363093161889879, 4.910623714452049704, 16.78822511256189642 ) ) ;
#5865 = EDGE_CURVE ( 'NONE', #7092, #7893, #7179, .T. ) ;
#5866 = CARTESIAN_POINT ( 'NONE',  ( -6.839135546069830873, 37.08526772105440017, 18.75000000000000000 ) ) ;
#5867 = ORIENTED_EDGE ( 'NONE', *, *, #5643, .T. ) ;
#5868 = DIRECTION ( 'NONE',  ( -0.2394571141604759368, 0.9709069422338768574, -1.369216381907949619E-17 ) ) ;
#5869 = CARTESIAN_POINT ( 'NONE',  ( 5.495048781010304140, 0.000000000000000000, 34.80000000098205959 ) ) ;
#5870 = CARTESIAN_POINT ( 'NONE',  ( -1.196872109161938535, 36.65570784405414173, 10.00000000000000000 ) ) ;
#5871 = PLANE ( 'NONE',  #10258 ) ;
#5872 = ORIENTED_EDGE ( 'NONE', *, *, #878, .T. ) ;
#5873 = VECTOR ( 'NONE', #4639, 1000.000000000000000 ) ;
#5874 = DIRECTION ( 'NONE',  ( 0.7669706070501112194, 0.6416822328233686701, 0.000000000000000000 ) ) ;
#5875 = DIRECTION ( 'NONE',  ( 0.9709069422338768574, 0.2394571141604759368, 0.000000000000000000 ) ) ;
#5876 = LINE ( 'NONE', #2698, #9341 ) ;
#5877 = PLANE ( 'NONE',  #5296 ) ;
#5878 = ORIENTED_EDGE ( 'NONE', *, *, #6018, .F. ) ;
#5879 = ORIENTED_EDGE ( 'NONE', *, *, #1901, .T. ) ;
#5880 = ORIENTED_EDGE ( 'NONE', *, *, #2006, .F. ) ;
#5881 = CARTESIAN_POINT ( 'NONE',  ( 10.00000000000000000, 23.00327610214520035, 9.070785334591098703 ) ) ;
#5882 = ORIENTED_EDGE ( 'NONE', *, *, #422, .F. ) ;
#5883 = VECTOR ( 'NONE', #1485, 1000.000000000000114 ) ;
#5884 = PRODUCT_CONTEXT ( 'NONE', #2937, 'mechanical' ) ;
#5885 = AXIS2_PLACEMENT_3D ( 'NONE', #2503, #5789, #8118 ) ;
#5886 = ORIENTED_EDGE ( 'NONE', *, *, #2958, .T. ) ;
#5887 = ORIENTED_EDGE ( 'NONE', *, *, #9731, .F. ) ;
#5888 = EDGE_CURVE ( 'NONE', #10018, #4055, #2344, .T. ) ;
#5889 = VECTOR ( 'NONE', #4208, 1000.000000000000227 ) ;
#5890 = DIRECTION ( 'NONE',  ( 0.000000000000000000, 0.000000000000000000, -1.000000000000000000 ) ) ;
#5891 = CARTESIAN_POINT ( 'NONE',  ( 11.63507867331423640, 4.424741235463082845, 9.584469007872609581 ) ) ;
#5893 = VERTEX_POINT ( 'NONE', #9363 ) ;
#5892 = VECTOR ( 'NONE', #4822, 1000.000000000000000 ) ;
#5894 = DIRECTION ( 'NONE',  ( -0.8161842732536059852, 0.2390910846442330651, -0.5260025525956382175 ) ) ;
#5895 = CARTESIAN_POINT ( 'NONE',  ( 13.23190208582489902, -4.930084118726089707E-15, 20.00000000000000000 ) ) ;
#5896 = CARTESIAN_POINT ( 'NONE',  ( 17.96760371056329930, 4.755311857226089955, 25.03867152242810334 ) ) ;
#5897 = CARTESIAN_POINT ( 'NONE',  ( -3.520100553926880149, 38.62348284133749843, 14.12500000000000000 ) ) ;
#5898 = VECTOR ( 'NONE', #2670, 999.9999999999998863 ) ;
#5899 = VECTOR ( 'NONE', #8667, 1000.000000000000227 ) ;
#5900 = EDGE_CURVE ( 'NONE', #4273, #4205, #772, .T. ) ;
#5901 = CARTESIAN_POINT ( 'NONE',  ( -7.358540500463551126, 5.199999780965729457, 20.00000000000000355 ) ) ;
#5902 = ADVANCED_FACE ( 'NONE', ( #1610 ), #6363, .T. ) ;
#5903 = CARTESIAN_POINT ( 'NONE',  ( 20.97783287275370157, 4.910623714452030164, 23.02844253819399967 ) ) ;
#5904 = VERTEX_POINT ( 'NONE', #41 ) ;
#5905 = DIRECTION ( 'NONE',  ( -0.7071067811865500152, 1.236448081483690217E-14, -0.7071067811865450192 ) ) ;
#5906 = EDGE_CURVE ( 'NONE', #7877, #705, #3233, .T. ) ;
#5907 = VECTOR ( 'NONE', #9693, 1000.000000000000227 ) ;
#5908 = DIRECTION ( 'NONE',  ( -0.7745966692414817389, 0.4472135954999588714, -0.4472135954999598706 ) ) ;
#5909 = CARTESIAN_POINT ( 'NONE',  ( 6.057023190108680843, 42.58902142084190245, 14.12500000000000000 ) ) ;
#5910 = CARTESIAN_POINT ( 'NONE',  ( -6.846935705143209816, 35.84010237219740702, 13.06850476785990089 ) ) ;
#5911 = VERTEX_POINT ( 'NONE', #4075 ) ;
#5912 = VECTOR ( 'NONE', #1632, 1000.000000000000227 ) ;
#5913 = VERTEX_POINT ( 'NONE', #4685 ) ;
#5914 = FACE_OUTER_BOUND ( 'NONE', #5548, .T. ) ;
#5915 = CARTESIAN_POINT ( 'NONE',  ( 1.698085161116940078, 40.79299067332800632, 0.000000000000000000 ) ) ;
#5916 = EDGE_CURVE ( 'NONE', #1878, #5658, #9515, .T. ) ;
#5917 = EDGE_LOOP ( 'NONE', ( #4271, #10255, #3371, #6492, #5606, #5284, #9769, #9003 ) ) ;
#5918 = CARTESIAN_POINT ( 'NONE',  ( 18.95994255672460227, 10.81954986821519960, 22.84902985325000202 ) ) ;
#5919 = DIRECTION ( 'NONE',  ( 0.000000000000000000, -1.000000000000000000, 0.000000000000000000 ) ) ;
#5920 = VECTOR ( 'NONE', #2334, 1000.000000000000114 ) ;
#5921 = CARTESIAN_POINT ( 'NONE',  ( 12.16168829138660001, -3.000000000000000000, 13.60315538533689939 ) ) ;
#5922 = DIRECTION ( 'NONE',  ( -0.9238795325112876267, 0.000000000000000000, 0.3826834323650878389 ) ) ;
#5923 = CARTESIAN_POINT ( 'NONE',  ( -6.144257994648659960, 39.29642231178560507, 10.00000000000000000 ) ) ;
#5924 = ADVANCED_FACE ( 'NONE', ( #94, #4633 ), #3069, .F. ) ;
#5925 = CARTESIAN_POINT ( 'NONE',  ( 16.31699133008299896, 14.57802585008439955, 27.21076693067179875 ) ) ;
#5926 = CARTESIAN_POINT ( 'NONE',  ( 9.169149532050450802, 7.660623714533939754, 9.169149532161529947 ) ) ;
#5927 = PLANE ( 'NONE',  #1226 ) ;
#5928 = FACE_OUTER_BOUND ( 'NONE', #257, .T. ) ;
#5929 = ORIENTED_EDGE ( 'NONE', *, *, #9012, .T. ) ;
#5930 = PLANE ( 'NONE',  #7464 ) ;
#5931 = ORIENTED_EDGE ( 'NONE', *, *, #3672, .T. ) ;
#5932 = ORIENTED_EDGE ( 'NONE', *, *, #10218, .F. ) ;
#5933 = DIRECTION ( 'NONE',  ( -0.7071067811865450192, 0.000000000000000000, 0.7071067811865500152 ) ) ;
#5934 = ORIENTED_EDGE ( 'NONE', *, *, #4430, .F. ) ;
#5935 = ORIENTED_EDGE ( 'NONE', *, *, #3542, .T. ) ;
#5936 = CARTESIAN_POINT ( 'NONE',  ( 7.243207753634520074, -4.700000000000000178, 13.06850476785990089 ) ) ;
#5937 = EDGE_LOOP ( 'NONE', ( #282, #2650, #5278, #9219 ) ) ;
#5938 = ORIENTED_EDGE ( 'NONE', *, *, #3542, .F. ) ;
#5939 = EDGE_LOOP ( 'NONE', ( #10175, #1306, #1851, #1922 ) ) ;
#5940 = ORIENTED_EDGE ( 'NONE', *, *, #1493, .F. ) ;
#5941 = CARTESIAN_POINT ( 'NONE',  ( 10.00000000000000000, 11.28430686604839828, 10.00000000000000000 ) ) ;
#5942 = DIRECTION ( 'NONE',  ( 0.6416822328233690031, -0.7669706070501109973, 0.000000000000000000 ) ) ;
#5943 = VERTEX_POINT ( 'NONE', #4333 ) ;
#5944 = DIRECTION ( 'NONE',  ( 0.000000000000000000, -1.000000000000000000, 0.000000000000000000 ) ) ;
#5945 = CARTESIAN_POINT ( 'NONE',  ( 19.34536023405100025, 24.83137965007660242, 24.58239763122940147 ) ) ;
#5946 = EDGE_CURVE ( 'NONE', #8258, #586, #5796, .T. ) ;
#5947 = PLANE ( 'NONE',  #9504 ) ;
#5948 = CARTESIAN_POINT ( 'NONE',  ( 8.400000149011610517, 10.40000000000000036, 25.00000029802320256 ) ) ;
#5949 = ORIENTED_EDGE ( 'NONE', *, *, #8437, .T. ) ;
#5950 = PLANE ( 'NONE',  #8783 ) ;
#5951 = AXIS2_PLACEMENT_3D ( 'NONE', #951, #4134, #162 ) ;
#5952 = CARTESIAN_POINT ( 'NONE',  ( -9.358541989147955320, 3.800000845746636990, 26.22427537139864739 ) ) ;
#5953 = CARTESIAN_POINT ( 'NONE',  ( -14.55854136924701336, 29.25100135070063345, 5.800000010607794465 ) ) ;
#5954 = ORIENTED_EDGE ( 'NONE', *, *, #3431, .F. ) ;
#5955 = ORIENTED_EDGE ( 'NONE', *, *, #7429, .F. ) ;
#5956 = DIRECTION ( 'NONE',  ( -1.000000000000000000, -2.552434577866340208E-15, -2.419120705443520107E-15 ) ) ;
#5957 = EDGE_CURVE ( 'NONE', #4413, #4273, #318, .T. ) ;
#5958 = CARTESIAN_POINT ( 'NONE',  ( 4.186936327590940365, 43.56974815710489679, 10.00000000000000000 ) ) ;
#5959 = ADVANCED_FACE ( 'NONE', ( #6681 ), #5850, .T. ) ;
#5960 = AXIS2_PLACEMENT_3D ( 'NONE', #4655, #63, #856 ) ;
#5961 = VERTEX_POINT ( 'NONE', #6469 ) ;
#5962 = CARTESIAN_POINT ( 'NONE',  ( 9.251970550568657359, 7.855418941675265110, 9.086328513642959237 ) ) ;
#5963 = CARTESIAN_POINT ( 'NONE',  ( 34.55854145947857603, 0.000000000000000000, 5.800000000034249759 ) ) ;
#5964 = CARTESIAN_POINT ( 'NONE',  ( 15.28625802125600153, 41.43375288419030511, 10.00000000000000000 ) ) ;
#5965 = PLANE ( 'NONE',  #6014 ) ;
#5966 = CIRCLE ( 'NONE', #3113, 4.125000000000001776 ) ;
#5967 = CIRCLE ( 'NONE', #10097, 4.125000000000000888 ) ;
#5968 = CARTESIAN_POINT ( 'NONE',  ( 24.73255708243725692, 37.60908697627534991, 5.875000000000000000 ) ) ;
#5969 = ADVANCED_FACE ( 'NONE', ( #3505, #7347 ), #2618, .T. ) ;
#5970 = ORIENTED_EDGE ( 'NONE', *, *, #73, .T. ) ;
#5971 = EDGE_CURVE ( 'NONE', #1309, #6138, #5683, .T. ) ;
#5972 = DIRECTION ( 'NONE',  ( -0.2394571141604759368, 0.9709069422338768574, 0.000000000000000000 ) ) ;
#5973 = EDGE_CURVE ( 'NONE', #6613, #2991, #8851, .T. ) ;
#5974 = ORIENTED_EDGE ( 'NONE', *, *, #7838, .T. ) ;
#5975 = DIRECTION ( 'NONE',  ( -0.6488699952224908918, -0.1600323674314318989, 0.7438799437236198742 ) ) ;
#5976 = AXIS2_PLACEMENT_3D ( 'NONE', #6152, #4580, #7746 ) ;
#5977 = EDGE_LOOP ( 'NONE', ( #847, #2606, #753, #9580 ) ) ;
#5978 = CARTESIAN_POINT ( 'NONE',  ( 10.00999460700580102, 0.000000000000000000, 15.55422896311339898 ) ) ;
#5979 = CARTESIAN_POINT ( 'NONE',  ( -9.358541061516554294, 3.800000845746610345, 26.22427590696688426 ) ) ;
#5980 = VERTEX_POINT ( 'NONE', #5895 ) ;
#5981 = EDGE_CURVE ( 'NONE', #6947, #6220, #9718, .T. ) ;
#5982 = ORIENTED_EDGE ( 'NONE', *, *, #4606, .F. ) ;
#5983 = AXIS2_PLACEMENT_3D ( 'NONE', #1195, #410, #9931 ) ;
#5984 = AXIS2_PLACEMENT_3D ( 'NONE', #6154, #6249, #9306 ) ;
#5985 = CARTESIAN_POINT ( 'NONE',  ( 9.310958812555055530, 11.63866600204715951, 8.825812154347133287 ) ) ;
#5986 = ORIENTED_EDGE ( 'NONE', *, *, #3684, .T. ) ;
#5987 = VERTEX_POINT ( 'NONE', #1836 ) ;
#5988 = ADVANCED_FACE ( 'NONE', ( #208 ), #4904, .T. ) ;
#5989 = VECTOR ( 'NONE', #5248, 1000.000000000000000 ) ;
#5990 = ORIENTED_EDGE ( 'NONE', *, *, #2240, .F. ) ;
#5991 = DIRECTION ( 'NONE',  ( 0.000000000000000000, -1.000000000000000000, 0.000000000000000000 ) ) ;
#5992 = CARTESIAN_POINT ( 'NONE',  ( 11.50293136031242014, 4.410473422245765107, 11.50357115502771954 ) ) ;
#5993 = VERTEX_POINT ( 'NONE', #3451 ) ;
#5994 = LINE ( 'NONE', #6680, #4635 ) ;
#5995 = CARTESIAN_POINT ( 'NONE',  ( 4.091153481926750324, 43.95811093399839820, 10.00000000000000000 ) ) ;
#5996 = VECTOR ( 'NONE', #3249, 1000.000000000000000 ) ;
#5997 = DIRECTION ( 'NONE',  ( 0.000000000000000000, -1.000000000000000000, 0.000000000000000000 ) ) ;
#5998 = LINE ( 'NONE', #5901, #9174 ) ;
#5999 = CARTESIAN_POINT ( 'NONE',  ( 10.00000015764685202, 5.200000284413966334, 0.5000000000012797541 ) ) ;
#6000 = AXIS2_PLACEMENT_3D ( 'NONE', #6885, #3566, #8482 ) ;
#6001 = ORIENTED_EDGE ( 'NONE', *, *, #7082, .F. ) ;
#6002 = EDGE_CURVE ( 'NONE', #2171, #5911, #9741, .T. ) ;
#6003 = PLANE ( 'NONE',  #1822 ) ;
#6004 = FACE_OUTER_BOUND ( 'NONE', #9140, .T. ) ;
#6005 = CARTESIAN_POINT ( 'NONE',  ( 9.794598788203996875, 4.432700063957934589, 11.84520845364437491 ) ) ;
#6006 = CARTESIAN_POINT ( 'NONE',  ( 25.88758510151929926, 38.98963406896560002, 10.00000000000000000 ) ) ;
#6007 = ORIENTED_EDGE ( 'NONE', *, *, #2855, .F. ) ;
#6008 = ORIENTED_EDGE ( 'NONE', *, *, #5556, .F. ) ;
#6009 = CARTESIAN_POINT ( 'NONE',  ( 19.29177742122699968, 6.060623714451919497, 25.03867152242810334 ) ) ;
#6010 = CARTESIAN_POINT ( 'NONE',  ( 12.02736448693892157, 23.48666716512160946, 9.689330867449342577 ) ) ;
#6011 = VECTOR ( 'NONE', #8077, 1000.000000000000000 ) ;
#6012 = ORIENTED_EDGE ( 'NONE', *, *, #2088, .T. ) ;
#6013 = CARTESIAN_POINT ( 'NONE',  ( 9.605235155623415011, 8.510447585213510635, 8.893240599812356706 ) ) ;
#6014 = AXIS2_PLACEMENT_3D ( 'NONE', #7519, #9077, #5279 ) ;
#6015 = DIRECTION ( 'NONE',  ( -0.2394571141604759923, 0.9709069422338770794, -1.043956269252671944E-16 ) ) ;
#6016 = CARTESIAN_POINT ( 'NONE',  ( -5.887585101519330344, 38.98963406896560002, 10.00000000000000000 ) ) ;
#6017 = ORIENTED_EDGE ( 'NONE', *, *, #7172, .F. ) ;
#6018 = EDGE_CURVE ( 'NONE', #9038, #2039, #6633, .T. ) ;
#6019 = CARTESIAN_POINT ( 'NONE',  ( -7.701569158983329721, 34.73392816538039796, 0.000000000000000000 ) ) ;
#6020 = CARTESIAN_POINT ( 'NONE',  ( 15.38204086692019956, 41.82211566108390599, 10.00000000000000000 ) ) ;
#6021 = ORIENTED_EDGE ( 'NONE', *, *, #7993, .T. ) ;
#6022 = LINE ( 'NONE', #9079, #708 ) ;
#6023 = EDGE_CURVE ( 'NONE', #9654, #3737, #7549, .T. ) ;
#6024 = VERTEX_POINT ( 'NONE', #9791 ) ;
#6025 = CARTESIAN_POINT ( 'NONE',  ( 10.00000052222433666, 4.700000271592234213, 0.000000000000000000 ) ) ;
#6026 = EDGE_CURVE ( 'NONE', #8495, #4160, #1784, .T. ) ;
#6027 = ORIENTED_EDGE ( 'NONE', *, *, #1073, .F. ) ;
#6028 = ADVANCED_FACE ( 'NONE', ( #8076, #941 ), #1927, .T. ) ;
#6029 = VERTEX_POINT ( 'NONE', #4281 ) ;
#6030 = EDGE_CURVE ( 'NONE', #5012, #7382, #4721, .T. ) ;
#6031 = CARTESIAN_POINT ( 'NONE',  ( 14.05156657004992837, 20.66205238419150803, 20.30270108804262108 ) ) ;
#6032 = ORIENTED_EDGE ( 'NONE', *, *, #6975, .F. ) ;
#6033 = LINE ( 'NONE', #4563, #9532 ) ;
#6034 = DIRECTION ( 'NONE',  ( 0.6416822328233690031, -0.7669706070501109973, 0.000000000000000000 ) ) ;
#6035 = ORIENTED_EDGE ( 'NONE', *, *, #6098, .F. ) ;
#6036 = EDGE_LOOP ( 'NONE', ( #4026, #922, #8525, #7775, #8064 ) ) ;
#6037 = VECTOR ( 'NONE', #2160, 1000.000000000000000 ) ;
#6038 = VECTOR ( 'NONE', #3948, 1000.000000000000114 ) ;
#6039 = ADVANCED_FACE ( 'NONE', ( #4125 ), #149, .F. ) ;
#6040 = VERTEX_POINT ( 'NONE', #412 ) ;
#6041 = DIRECTION ( 'NONE',  ( 0.7071067811865474617, 0.000000000000000000, -0.7071067811865474617 ) ) ;
#6042 = FACE_OUTER_BOUND ( 'NONE', #3578, .T. ) ;
#6043 = ADVANCED_FACE ( 'NONE', ( #6772 ), #3598, .F. ) ;
#6044 = VERTEX_POINT ( 'NONE', #4659 ) ;
#6045 = CIRCLE ( 'NONE', #5054, 2.099999999999996980 ) ;
#6046 = LINE ( 'NONE', #8371, #1986 ) ;
#6047 = AXIS2_PLACEMENT_3D ( 'NONE', #10260, #4648, #7929 ) ;
#6048 = DIRECTION ( 'NONE',  ( -0.2394571141604759923, 0.9709069422338770794, -1.160069772669549703E-16 ) ) ;
#6049 = FACE_OUTER_BOUND ( 'NONE', #4217, .T. ) ;
#6050 = VECTOR ( 'NONE', #723, 1000.000000000000000 ) ;
#6051 = CIRCLE ( 'NONE', #10023, 4.125000000000000000 ) ;
#6052 = DIRECTION ( 'NONE',  ( -1.000000000000000000, 0.000000000000000000, 0.000000000000000000 ) ) ;
#6053 = CARTESIAN_POINT ( 'NONE',  ( 10.00000000000000000, 45.41542396132060588, 10.00000000000000000 ) ) ;
#6054 = ORIENTED_EDGE ( 'NONE', *, *, #3426, .T. ) ;
#6055 = CARTESIAN_POINT ( 'NONE',  ( 12.83180737250309988, 20.66205238419150092, 24.45695342751359647 ) ) ;
#6056 = CARTESIAN_POINT ( 'NONE',  ( 15.51881314101200005, 20.66205238419150092, 21.76994765900469986 ) ) ;
#6057 = CARTESIAN_POINT ( 'NONE',  ( 24.47588418930790155, 37.30229873345540170, 14.37500000000000000 ) ) ;
#6058 = DIRECTION ( 'NONE',  ( 0.000000000000000000, 0.000000000000000000, -1.000000000000000000 ) ) ;
#6059 = AXIS2_PLACEMENT_3D ( 'NONE', #3819, #6993, #5335 ) ;
#6060 = ORIENTED_EDGE ( 'NONE', *, *, #9845, .T. ) ;
#6061 = ORIENTED_EDGE ( 'NONE', *, *, #8065, .T. ) ;
#6062 = DIRECTION ( 'NONE',  ( -0.6488699952224911138, -0.1600323674314319544, -0.7438799437236196521 ) ) ;
#6063 = CONICAL_SURFACE ( 'NONE', #8044, 4.375000000000001776, 0.7853981633974503884 ) ;
#6064 = CARTESIAN_POINT ( 'NONE',  ( -0.6931317612611690437, 37.07715975920299911, 13.06850476785990089 ) ) ;
#6065 = ORIENTED_EDGE ( 'NONE', *, *, #7863, .T. ) ;
#6066 = CARTESIAN_POINT ( 'NONE',  ( 10.33964648892133376, 9.572186397250485257, 8.869006418537262348 ) ) ;
#6067 = VECTOR ( 'NONE', #7812, 1000.000000000000000 ) ;
#6068 = CARTESIAN_POINT ( 'NONE',  ( 14.61725199499913153, 20.66205238419150803, 20.30270108804263529 ) ) ;
#6069 = DIRECTION ( 'NONE',  ( 0.5125766358075090068, 0.4288447525037473174, -0.7438799437236199852 ) ) ;
#6070 = EDGE_LOOP ( 'NONE', ( #4118, #3394, #4209, #6506, #389 ) ) ;
#6071 = FACE_OUTER_BOUND ( 'NONE', #9053, .T. ) ;
#6072 = CIRCLE ( 'NONE', #3056, 2.099999999999999201 ) ;
#6073 = DIRECTION ( 'NONE',  ( 2.811839585790609837E-16, -1.000000000000000000, -2.811839585790590115E-16 ) ) ;
#6074 = ORIENTED_EDGE ( 'NONE', *, *, #2947, .F. ) ;
#6075 = LINE ( 'NONE', #7036, #9528 ) ;
#6076 = AXIS2_PLACEMENT_3D ( 'NONE', #888, #5620, #1780 ) ;
#6077 = VECTOR ( 'NONE', #3872, 1000.000000000000000 ) ;
#6078 = ORIENTED_EDGE ( 'NONE', *, *, #3161, .T. ) ;
#6079 = LINE ( 'NONE', #390, #1635 ) ;
#6080 = ORIENTED_EDGE ( 'NONE', *, *, #1199, .F. ) ;
#6081 = EDGE_CURVE ( 'NONE', #6568, #7208, #7830, .T. ) ;
#6082 = CARTESIAN_POINT ( 'NONE',  ( 20.91923976921749784, 4.410623714452140298, 22.96984943465779949 ) ) ;
#6083 = DIRECTION ( 'NONE',  ( 0.7071067811865450192, 8.656155890839416415E-15, -0.7071067811865500152 ) ) ;
#6084 = EDGE_LOOP ( 'NONE', ( #8395, #3380, #3216, #4327 ) ) ;
#6085 = CARTESIAN_POINT ( 'NONE',  ( 25.53867161140690101, 6.060623714452040289, 18.46760379954070075 ) ) ;
#6086 = DIRECTION ( 'NONE',  ( 0.7071067811865869857, 0.000000000000000000, -0.7071067811865080488 ) ) ;
#6087 = ORIENTED_EDGE ( 'NONE', *, *, #3969, .T. ) ;
#6088 = ORIENTED_EDGE ( 'NONE', *, *, #4800, .F. ) ;
#6089 = EDGE_CURVE ( 'NONE', #6044, #5768, #8372, .T. ) ;
#6090 = EDGE_CURVE ( 'NONE', #2356, #6040, #4891, .T. ) ;
#6091 = ORIENTED_EDGE ( 'NONE', *, *, #3340, .F. ) ;
#6092 = LINE ( 'NONE', #8411, #668 ) ;
#6093 = LINE ( 'NONE', #1438, #7688 ) ;
#6094 = CARTESIAN_POINT ( 'NONE',  ( 11.92800214703459893, 4.437623070741899767, 9.877392481592972118 ) ) ;
#6095 = ORIENTED_EDGE ( 'NONE', *, *, #8056, .F. ) ;
#6096 = CARTESIAN_POINT ( 'NONE',  ( 9.032611494367808191, 20.31971817219103826, 9.088296004497586011 ) ) ;
#6097 = EDGE_CURVE ( 'NONE', #8440, #8237, #1294, .T. ) ;
#6098 = EDGE_CURVE ( 'NONE', #75, #8652, #3489, .T. ) ;
#6099 = CARTESIAN_POINT ( 'NONE',  ( 6.057023190108680843, 42.58902142084190245, 14.12500000000000000 ) ) ;
#6100 = EDGE_CURVE ( 'NONE', #9833, #4700, #3585, .T. ) ;
#6101 = PLANE ( 'NONE',  #7853 ) ;
#6102 = ORIENTED_EDGE ( 'NONE', *, *, #4606, .T. ) ;
#6103 = DIRECTION ( 'NONE',  ( 1.000000000000000000, 0.000000000000000000, 0.000000000000000000 ) ) ;
#6104 = VERTEX_POINT ( 'NONE', #2849 ) ;
#6105 = CARTESIAN_POINT ( 'NONE',  ( -4.660432130239140491, 40.01632564148300020, 14.17500000000000071 ) ) ;
#6106 = FACE_OUTER_BOUND ( 'NONE', #1624, .T. ) ;
#6107 = CARTESIAN_POINT ( 'NONE',  ( 9.587483597080691311, 4.424668847672806216, 11.63809326252106935 ) ) ;
#6108 = CARTESIAN_POINT ( 'NONE',  ( -11.47569850406383551, 0.000000000000000000, 14.80000001233967666 ) ) ;
#6109 = ORIENTED_EDGE ( 'NONE', *, *, #2780, .T. ) ;
#6110 = ORIENTED_EDGE ( 'NONE', *, *, #658, .F. ) ;
#6111 = DIRECTION ( 'NONE',  ( 1.000000000000000000, 0.000000000000000000, -0.000000000000000000 ) ) ;
#6112 = CARTESIAN_POINT ( 'NONE',  ( 12.10149583091171976, 23.67416595481075348, 9.813868516284111720 ) ) ;
#6113 = EDGE_CURVE ( 'NONE', #106, #2941, #9314, .T. ) ;
#6114 = CARTESIAN_POINT ( 'NONE',  ( 10.60350388786092246, 9.893850024367774054, 8.990178154848175396 ) ) ;
#6115 = AXIS2_PLACEMENT_3D ( 'NONE', #1792, #6481, #2520 ) ;
#6116 = DIRECTION ( 'NONE',  ( 0.7222382015498078900, 0.1781273446059149501, -0.6683132718461789468 ) ) ;
#6117 = DIRECTION ( 'NONE',  ( -0.8416279803464539189, 0.000000000000000000, 0.5400577216353349419 ) ) ;
#6118 = ORIENTED_EDGE ( 'NONE', *, *, #9307, .T. ) ;
#6119 = DIRECTION ( 'NONE',  ( 0.3826838890782569003, -1.521754801927238862E-16, 0.9238793433343666095 ) ) ;
#6120 = CARTESIAN_POINT ( 'NONE',  ( 10.00000000000000000, -2.600000000000000089, 5.875000000000000000 ) ) ;
#6121 = ORIENTED_EDGE ( 'NONE', *, *, #7670, .F. ) ;
#6122 = CARTESIAN_POINT ( 'NONE',  ( -8.027592556015660463, 37.19920722726249807, 13.10569876504609965 ) ) ;
#6123 = VECTOR ( 'NONE', #8576, 1000.000000000000227 ) ;
#6124 = ORIENTED_EDGE ( 'NONE', *, *, #1772, .F. ) ;
#6125 = DIRECTION ( 'NONE',  ( -1.856096904578908900E-15, 0.7174664021346505161, -0.6965931106520936167 ) ) ;
#6126 = AXIS2_PLACEMENT_3D ( 'NONE', #4967, #1003, #4183 ) ;
#6127 = ORIENTED_EDGE ( 'NONE', *, *, #664, .T. ) ;
#6128 = VECTOR ( 'NONE', #8880, 1000.000000000000000 ) ;
#6129 = EDGE_CURVE ( 'NONE', #1755, #5772, #3185, .T. ) ;
#6130 = CARTESIAN_POINT ( 'NONE',  ( 10.23043593265311735, 16.09132717115799593, 11.15901600632357926 ) ) ;
#6131 = EDGE_LOOP ( 'NONE', ( #6737, #2024, #10128, #2433 ) ) ;
#6132 = VERTEX_POINT ( 'NONE', #1573 ) ;
#6133 = DIRECTION ( 'NONE',  ( 0.7071067811865500152, -7.511339080654519729E-16, 0.7071067811865450192 ) ) ;
#6134 = CARTESIAN_POINT ( 'NONE',  ( 25.72227182413170254, 12.26494735952769943, 20.27772817586829746 ) ) ;
#6135 = ORIENTED_EDGE ( 'NONE', *, *, #1136, .F. ) ;
#6136 = ORIENTED_EDGE ( 'NONE', *, *, #5824, .T. ) ;
#6137 = AXIS2_PLACEMENT_3D ( 'NONE', #490, #2990, #1329 ) ;
#6138 = VERTEX_POINT ( 'NONE', #6320 ) ;
#6139 = DIRECTION ( 'NONE',  ( -0.7669706070501114414, 0.6416822328233685591, 0.000000000000000000 ) ) ;
#6140 = CARTESIAN_POINT ( 'NONE',  ( 10.54980033548329921, 4.377565485979469706, 8.942313912779919605 ) ) ;
#6141 = AXIS2_PLACEMENT_3D ( 'NONE', #371, #8332, #5221 ) ;
#6142 = ADVANCED_FACE ( 'NONE', ( #8803 ), #4752, .F. ) ;
#6143 = ORIENTED_EDGE ( 'NONE', *, *, #6532, .F. ) ;
#6144 = LINE ( 'NONE', #6917, #7316 ) ;
#6145 = DIRECTION ( 'NONE',  ( -1.693090112553363724E-14, 4.494505098833526992E-15, 1.000000000000000000 ) ) ;
#6146 = CARTESIAN_POINT ( 'NONE',  ( 15.70277916592350032, 18.73407755025329990, 27.21076753793460057 ) ) ;
#6147 = CIRCLE ( 'NONE', #2819, 1.675000000000000488 ) ;
#6148 = EDGE_CURVE ( 'NONE', #5337, #4556, #9420, .T. ) ;
#6149 = DIRECTION ( 'NONE',  ( -0.7071067811865480168, 0.000000000000000000, 0.7071067811865470176 ) ) ;
#6150 = ORIENTED_EDGE ( 'NONE', *, *, #6351, .F. ) ;
#6151 = EDGE_CURVE ( 'NONE', #7715, #8399, #2299, .T. ) ;
#6152 = CARTESIAN_POINT ( 'NONE',  ( -14.55854136924701336, 29.25100135070063345, 7.500000010607793755 ) ) ;
#6153 = ORIENTED_EDGE ( 'NONE', *, *, #5020, .F. ) ;
#6154 = CARTESIAN_POINT ( 'NONE',  ( 5.148191664142760082, 44.01281783778129864, 14.94752519607609997 ) ) ;
#6155 = DIRECTION ( 'NONE',  ( 0.000000000000000000, 0.000000000000000000, 1.000000000000000000 ) ) ;
#6156 = DIRECTION ( 'NONE',  ( 0.7222382015498078900, 0.1781273446059149501, -0.6683132718461789468 ) ) ;
#6157 = VECTOR ( 'NONE', #7690, 1000.000000000000227 ) ;
#6158 = LINE ( 'NONE', #6057, #2752 ) ;
#6160 = ADVANCED_FACE ( 'NONE', ( #1678 ), #1622, .F. ) ;
#6159 = LINE ( 'NONE', #3018, #9628 ) ;
#6161 = ORIENTED_EDGE ( 'NONE', *, *, #2787, .T. ) ;
#6162 = CARTESIAN_POINT ( 'NONE',  ( 28.62396271181390262, 27.33493213161889912, 19.00000000000000000 ) ) ;
#6163 = CARTESIAN_POINT ( 'NONE',  ( 10.89733727618711256, 11.69733712717550311, 22.80532604367219918 ) ) ;
#6164 = AXIS2_PLACEMENT_3D ( 'NONE', #6428, #6860, #1682 ) ;
#6165 = LINE ( 'NONE', #10301, #7879 ) ;
#6166 = EDGE_CURVE ( 'NONE', #1432, #7503, #7870, .T. ) ;
#6167 = CARTESIAN_POINT ( 'NONE',  ( 24.47588418930790155, 37.30229873345540170, 10.00000000000000000 ) ) ;
#6168 = DIRECTION ( 'NONE',  ( -0.2394571141604759923, 0.9709069422338770794, -1.160069772669549703E-16 ) ) ;
#6169 = ORIENTED_EDGE ( 'NONE', *, *, #5139, .T. ) ;
#6170 = LINE ( 'NONE', #7867, #8845 ) ;
#6171 = CARTESIAN_POINT ( 'NONE',  ( 10.00016736288526786, 19.97459564767112994, 11.16235985039689105 ) ) ;
#6173 = EDGE_CURVE ( 'NONE', #3248, #905, #9530, .T. ) ;
#6172 = CARTESIAN_POINT ( 'NONE',  ( 9.836184005404959407, 3.421888472610639997, 11.24120217751030104 ) ) ;
#6174 = ORIENTED_EDGE ( 'NONE', *, *, #9585, .F. ) ;
#6175 = VECTOR ( 'NONE', #6918, 1000.000000000000000 ) ;
#6176 = DIRECTION ( 'NONE',  ( -0.7196523924529729666, 0.2449802248585880027, 0.6496807858209660003 ) ) ;
#6177 = CARTESIAN_POINT ( 'NONE',  ( 9.091881976996475601, 20.08884884976806973, 10.93360358513685782 ) ) ;
#6178 = ORIENTED_EDGE ( 'NONE', *, *, #5846, .F. ) ;
#6179 = FACE_OUTER_BOUND ( 'NONE', #9276, .T. ) ;
#6180 = EDGE_LOOP ( 'NONE', ( #4498, #9774 ) ) ;
#6181 = LINE ( 'NONE', #6808, #7936 ) ;
#6182 = ORIENTED_EDGE ( 'NONE', *, *, #6113, .F. ) ;
#6183 = EDGE_LOOP ( 'NONE', ( #6708, #7398, #5730, #9882 ) ) ;
#6184 = CARTESIAN_POINT ( 'NONE',  ( 8.433415663592310096, -4.700000000000000178, 14.13780600281379840 ) ) ;
#6185 = ORIENTED_EDGE ( 'NONE', *, *, #2192, .F. ) ;
#6186 = ORIENTED_EDGE ( 'NONE', *, *, #3373, .T. ) ;
#6187 = AXIS2_PLACEMENT_3D ( 'NONE', #5277, #8439, #3663 ) ;
#6188 = ORIENTED_EDGE ( 'NONE', *, *, #2445, .F. ) ;
#6189 = CARTESIAN_POINT ( 'NONE',  ( 18.15441244287719869, 41.55034492232280741, 13.06850476785990089 ) ) ;
#6190 = ORIENTED_EDGE ( 'NONE', *, *, #7046, .F. ) ;
#6191 = DIRECTION ( 'NONE',  ( -0.6683132718461772814, 0.000000000000000000, 0.7438799437236210954 ) ) ;
#6192 = VECTOR ( 'NONE', #4132, 1000.000000000000000 ) ;
#6193 = VECTOR ( 'NONE', #8691, 1000.000000000000000 ) ;
#6194 = CARTESIAN_POINT ( 'NONE',  ( 8.825004392069018877, 9.121358343737270502, 10.00371325963466695 ) ) ;
#6195 = DIRECTION ( 'NONE',  ( 4.163336342344339985E-16, -1.000000000000000000, 0.000000000000000000 ) ) ;
#6196 = EDGE_CURVE ( 'NONE', #356, #1703, #5527, .T. ) ;
#6197 = CARTESIAN_POINT ( 'NONE',  ( 25.88758510151929926, 38.98963406896560002, 10.00000000000000000 ) ) ;
#6198 = ORIENTED_EDGE ( 'NONE', *, *, #8876, .F. ) ;
#6199 = AXIS2_PLACEMENT_3D ( 'NONE', #9662, #919, #70 ) ;
#6200 = CARTESIAN_POINT ( 'NONE',  ( 21.59505385545679701, 36.32257102018719763, 14.12500000000000000 ) ) ;
#6201 = DIRECTION ( 'NONE',  ( 0.5000000000000002220, 0.7071067811865472397, 0.5000000000000002220 ) ) ;
#6202 = CARTESIAN_POINT ( 'NONE',  ( 26.49678784444590107, 36.13305187900410687, 13.81473737689539938 ) ) ;
#6203 = DIRECTION ( 'NONE',  ( -0.9180635796736430487, -0.1982165884057250083, 0.3433212020216809823 ) ) ;
#6204 = DIRECTION ( 'NONE',  ( -0.2161664957215420901, 0.9763565158933844579, 0.000000000000000000 ) ) ;
#6205 = CARTESIAN_POINT ( 'NONE',  ( 17.24257485973680204, 43.62917030552379316, 14.91603864394040002 ) ) ;
#6206 = DIRECTION ( 'NONE',  ( 0.000000000000000000, 0.000000000000000000, 1.000000000000000000 ) ) ;
#6207 = DIRECTION ( 'NONE',  ( -0.5773502747711815042, 0.5773502580265181816, 0.5773502747711775074 ) ) ;
#6208 = EDGE_CURVE ( 'NONE', #1556, #5904, #9583, .T. ) ;
#6209 = AXIS2_PLACEMENT_3D ( 'NONE', #1803, #9025, #5092 ) ;
#6210 = EDGE_CURVE ( 'NONE', #1524, #1310, #7080, .T. ) ;
#6211 = ADVANCED_FACE ( 'NONE', ( #2414, #6425 ), #3131, .F. ) ;
#6212 = CARTESIAN_POINT ( 'NONE',  ( 12.89399572803070093, 17.39999999999999858, 24.39476507198639865 ) ) ;
#6213 = CARTESIAN_POINT ( 'NONE',  ( 11.56658433640770234, -3.000000000000000000, 14.13780600281379840 ) ) ;
#6214 = ORIENTED_EDGE ( 'NONE', *, *, #5133, .T. ) ;
#6215 = CARTESIAN_POINT ( 'NONE',  ( 12.54323463782180070, 42.52225726859639821, 13.25447475379079876 ) ) ;
#6216 = VECTOR ( 'NONE', #10107, 1000.000000000000000 ) ;
#6217 = LINE ( 'NONE', #7031, #7087 ) ;
#6218 = CARTESIAN_POINT ( 'NONE',  ( 8.731719526147809773, 6.419398342807980384, 9.798710855196100411 ) ) ;
#6219 = AXIS2_PLACEMENT_3D ( 'NONE', #6281, #1640, #8098 ) ;
#6220 = VERTEX_POINT ( 'NONE', #7975 ) ;
#6221 = CARTESIAN_POINT ( 'NONE',  ( 4.713741978743980710, 41.43375288419030511, 10.00000000000000000 ) ) ;
#6222 = ADVANCED_FACE ( 'NONE', ( #841 ), #8451, .F. ) ;
#6223 = AXIS2_PLACEMENT_3D ( 'NONE', #2721, #2566, #3397 ) ;
#6224 = ORIENTED_EDGE ( 'NONE', *, *, #10079, .F. ) ;
#6225 = FACE_OUTER_BOUND ( 'NONE', #10168, .T. ) ;
#6226 = EDGE_CURVE ( 'NONE', #165, #8871, #1080, .T. ) ;
#6227 = AXIS2_PLACEMENT_3D ( 'NONE', #1611, #831, #4076 ) ;
#6228 = CARTESIAN_POINT ( 'NONE',  ( 15.47782371258440470, 42.21047843797740029, 5.875000000000000000 ) ) ;
#6229 = ORIENTED_EDGE ( 'NONE', *, *, #7872, .T. ) ;
#6230 = CARTESIAN_POINT ( 'NONE',  ( 7.243207753634520074, -3.399999999999999911, 13.06850476785990089 ) ) ;
#6231 = ORIENTED_EDGE ( 'NONE', *, *, #2597, .T. ) ;
#6232 = VECTOR ( 'NONE', #3415, 1000.000000000000227 ) ;
#6233 = VERTEX_POINT ( 'NONE', #6082 ) ;
#6234 = DIRECTION ( 'NONE',  ( 0.6416822328233690031, 0.7669706070501109973, 2.609890673131680046E-16 ) ) ;
#6235 = EDGE_LOOP ( 'NONE', ( #857, #6451, #7333, #2610 ) ) ;
#6236 = AXIS2_PLACEMENT_3D ( 'NONE', #6851, #7620, #4412 ) ;
#6237 = ORIENTED_EDGE ( 'NONE', *, *, #1823, .F. ) ;
#6238 = CARTESIAN_POINT ( 'NONE',  ( 11.08374434038990053, 4.150675397446890180, 10.82724648728414074 ) ) ;
#6239 = ORIENTED_EDGE ( 'NONE', *, *, #5087, .F. ) ;
#6240 = CARTESIAN_POINT ( 'NONE',  ( 9.998613665376460347, 11.64911931636470044, 11.17499918215990107 ) ) ;
#6241 = ORIENTED_EDGE ( 'NONE', *, *, #993, .T. ) ;
#6242 = ORIENTED_EDGE ( 'NONE', *, *, #8437, .F. ) ;
#6243 = CARTESIAN_POINT ( 'NONE',  ( 10.00000000000000000, -3.000000000000000000, 10.00000000000000000 ) ) ;
#6244 = CARTESIAN_POINT ( 'NONE',  ( 8.825987994701483430, 9.188917107037443799, 10.05202202598199790 ) ) ;
#6245 = DIRECTION ( 'NONE',  ( -0.3826834395407734957, 1.110019806968917124E-08, -0.9238795295390211937 ) ) ;
#6246 = CARTESIAN_POINT ( 'NONE',  ( 0.1940000000000099978, -4.930084118726089707E-15, 15.97350269189619709 ) ) ;
#6247 = ORIENTED_EDGE ( 'NONE', *, *, #3161, .F. ) ;
#6248 = PLANE ( 'NONE',  #7284 ) ;
#6249 = DIRECTION ( 'NONE',  ( -0.6281421229565382625, 0.5733749105345731234, -0.5260025525956348869 ) ) ;
#6250 = PLANE ( 'NONE',  #3626 ) ;
#6251 = CARTESIAN_POINT ( 'NONE',  ( 9.095962016491272450, 4.667228293243474546, 11.14657168193165937 ) ) ;
#6252 = EDGE_CURVE ( 'NONE', #3057, #6687, #7032, .T. ) ;
#6253 = DIRECTION ( 'NONE',  ( -0.7071067811865480168, -7.282240949126130265E-15, 0.7071067811865470176 ) ) ;
#6254 = DIRECTION ( 'NONE',  ( -0.2394571141604759923, -0.9709069422338770794, 0.000000000000000000 ) ) ;
#6255 = DIRECTION ( 'NONE',  ( 0.1693217492262338586, 0.6865348827546737809, -0.7071067811865437980 ) ) ;
#6256 = CARTESIAN_POINT ( 'NONE',  ( 21.39740401309519058, 30.23321753171637027, 10.00000000000000000 ) ) ;
#6257 = CARTESIAN_POINT ( 'NONE',  ( 9.814997686898319529, 0.000000000000000000, 21.52818829629969954 ) ) ;
#6258 = PLANE ( 'NONE',  #3629 ) ;
#6259 = DIRECTION ( 'NONE',  ( -0.5000000000000001110, -0.000000000000000000, 0.8660254037844385966 ) ) ;
#6260 = ORIENTED_EDGE ( 'NONE', *, *, #1314, .F. ) ;
#6261 = FACE_OUTER_BOUND ( 'NONE', #8473, .T. ) ;
#6262 = DIRECTION ( 'NONE',  ( 0.4173717632814330503, -0.6000049794738712139, -0.6824916379135401723 ) ) ;
#6263 = CARTESIAN_POINT ( 'NONE',  ( 16.31092802209069959, 7.660623714452159838, 16.31092802209009918 ) ) ;
#6264 = ADVANCED_FACE ( 'NONE', ( #678 ), #10209, .T. ) ;
#6265 = CARTESIAN_POINT ( 'NONE',  ( 8.675126684222050244, 4.712569506713309764, 12.01337502156689929 ) ) ;
#6266 = ORIENTED_EDGE ( 'NONE', *, *, #4330, .T. ) ;
#6267 = DIRECTION ( 'NONE',  ( 0.5705340520101068735, -0.4773345432410939226, 0.6683132718461789468 ) ) ;
#6268 = FACE_BOUND ( 'NONE', #2448, .T. ) ;
#6269 = VECTOR ( 'NONE', #9942, 1000.000000000000114 ) ;
#6270 = CARTESIAN_POINT ( 'NONE',  ( 9.060868073826620517, 4.120761046315484677, 10.71670524480801490 ) ) ;
#6271 = VERTEX_POINT ( 'NONE', #1158 ) ;
#6272 = DIRECTION ( 'NONE',  ( -0.5773502691896283956, -0.5773502691896245098, 0.5773502691896245098 ) ) ;
#6273 = LINE ( 'NONE', #3253, #3874 ) ;
#6274 = ORIENTED_EDGE ( 'NONE', *, *, #9255, .T. ) ;
#6275 = CARTESIAN_POINT ( 'NONE',  ( 12.92387056432700021, -2.600000000000000089, 13.25447475379079876 ) ) ;
#6276 = ADVANCED_FACE ( 'NONE', ( #2733 ), #4245, .F. ) ;
#6277 = ADVANCED_FACE ( 'NONE', ( #8285, #9802 ), #1848, .F. ) ;
#6278 = CIRCLE ( 'NONE', #4958, 1.175000000000000488 ) ;
#6279 = DIRECTION ( 'NONE',  ( -0.2394571141604750486, -0.9709069422338773014, 0.000000000000000000 ) ) ;
#6280 = VERTEX_POINT ( 'NONE', #5755 ) ;
#6281 = CARTESIAN_POINT ( 'NONE',  ( 5.336330475561219977, 38.90939483438229729, 10.00000000000000000 ) ) ;
#6282 = ADVANCED_FACE ( 'NONE', ( #5807 ), #328, .T. ) ;
#6283 = ORIENTED_EDGE ( 'NONE', *, *, #6624, .T. ) ;
#6284 = ORIENTED_EDGE ( 'NONE', *, *, #5445, .F. ) ;
#6285 = CARTESIAN_POINT ( 'NONE',  ( 10.79592292095409967, 5.741565795872149991, 8.352396687081769855 ) ) ;
#6286 = VECTOR ( 'NONE', #2979, 1000.000000000000000 ) ;
#6287 = VECTOR ( 'NONE', #639, 1000.000000000000000 ) ;
#6288 = ORIENTED_EDGE ( 'NONE', *, *, #3616, .F. ) ;
#6289 = CARTESIAN_POINT ( 'NONE',  ( 16.98605971197407527, 20.66205238419149381, 23.23719422996678219 ) ) ;
#6290 = ADVANCED_FACE ( 'NONE', ( #2682 ), #1737, .F. ) ;
#6291 = ORIENTED_EDGE ( 'NONE', *, *, #3646, .F. ) ;
#6292 = VECTOR ( 'NONE', #1957, 999.9999999999998863 ) ;
#6293 = CARTESIAN_POINT ( 'NONE',  ( 8.417308504629916754, 22.31463059006244265, 9.352050286241011534 ) ) ;
#6294 = TOROIDAL_SURFACE ( 'NONE', #7302, 2.174999999999999822, 1.000000000000000000 ) ;
#6295 = ADVANCED_FACE ( 'NONE', ( #8193 ), #8973, .T. ) ;
#6296 = CARTESIAN_POINT ( 'NONE',  ( 1.477904097537030115, 42.90161302307869562, 13.10569876504609965 ) ) ;
#6297 = LINE ( 'NONE', #3060, #6175 ) ;
#6298 = DIRECTION ( 'NONE',  ( 0.7222382015498078900, 0.1781273446059149501, 0.6683132718461789468 ) ) ;
#6299 = AXIS2_PLACEMENT_3D ( 'NONE', #6303, #9459, #5459 ) ;
#6300 = LINE ( 'NONE', #764, #6872 ) ;
#6301 = VERTEX_POINT ( 'NONE', #1009 ) ;
#6302 = CARTESIAN_POINT ( 'NONE',  ( 27.00000000000000000, 21.35385599033020299, 19.00000000000000000 ) ) ;
#6303 = CARTESIAN_POINT ( 'NONE',  ( 10.00000000000000000, -4.700000000000000178, 10.00000000000000000 ) ) ;
#6304 = ORIENTED_EDGE ( 'NONE', *, *, #1004, .F. ) ;
#6305 = FACE_OUTER_BOUND ( 'NONE', #114, .T. ) ;
#6306 = CARTESIAN_POINT ( 'NONE',  ( 9.486319015138830579, 4.427672521953054385, 11.53692868057921395 ) ) ;
#6307 = CARTESIAN_POINT ( 'NONE',  ( 8.218646221585196088, 22.84823811985384978, 10.53343661180589841 ) ) ;
#6308 = DIRECTION ( 'NONE',  ( 0.9709069422338768574, -0.2394571141604761311, 0.000000000000000000 ) ) ;
#6309 = FACE_OUTER_BOUND ( 'NONE', #2653, .T. ) ;
#6310 = AXIS2_PLACEMENT_3D ( 'NONE', #9110, #3611, #6740 ) ;
#6311 = CARTESIAN_POINT ( 'NONE',  ( 24.79953348120989887, 40.42147954394540932, 14.57499999999999929 ) ) ;
#6312 = CIRCLE ( 'NONE', #6299, 4.125000000000000000 ) ;
#6313 = CARTESIAN_POINT ( 'NONE',  ( 7.552548207842380457, 42.13389449170290391, 13.25447475379079876 ) ) ;
#6314 = CARTESIAN_POINT ( 'NONE',  ( 11.17556158478776851, 3.416813755647273076, 10.15209666305738700 ) ) ;
#6315 = DIRECTION ( 'NONE',  ( 0.8944271909999149672, -0.4472135954999599816, 0.000000000000000000 ) ) ;
#6316 = AXIS2_PLACEMENT_3D ( 'NONE', #2706, #3732, #594 ) ;
#6317 = VERTEX_POINT ( 'NONE', #7356 ) ;
#6318 = PLANE ( 'NONE',  #7182 ) ;
#6319 = PLANE ( 'NONE',  #5602 ) ;
#6320 = CARTESIAN_POINT ( 'NONE',  ( 12.49255137962540019, 10.91062371445219981, 10.44194171418389949 ) ) ;
#6321 = CARTESIAN_POINT ( 'NONE',  ( 9.862824854613860381, 3.669703900029590127, 11.22695956848899890 ) ) ;
#6322 = VERTEX_POINT ( 'NONE', #9017 ) ;
#6323 = FACE_OUTER_BOUND ( 'NONE', #9447, .T. ) ;
#6324 = FACE_OUTER_BOUND ( 'NONE', #8559, .T. ) ;
#6325 = CARTESIAN_POINT ( 'NONE',  ( 8.315895239344820666, 22.58792129481160060, 10.59123748792399944 ) ) ;
#6326 = EDGE_LOOP ( 'NONE', ( #351, #3605, #1338, #3344 ) ) ;
#6327 = CARTESIAN_POINT ( 'NONE',  ( 6.152806035772869997, 42.20065864394830868, 14.12500000000000000 ) ) ;
#6328 = EDGE_CURVE ( 'NONE', #7307, #7187, #1893, .T. ) ;
#6329 = DIRECTION ( 'NONE',  ( 0.2394571141604778519, 0.9709069422338765243, 0.000000000000000000 ) ) ;
#6330 = ORIENTED_EDGE ( 'NONE', *, *, #6789, .T. ) ;
#6331 = DIRECTION ( 'NONE',  ( 8.410780489584519664E-16, 0.000000000000000000, -1.000000000000000000 ) ) ;
#6332 = DIRECTION ( 'NONE',  ( 0.6281421229565372633, 0.5733749105345671282, 0.5260025525956422143 ) ) ;
#6333 = VERTEX_POINT ( 'NONE', #6690 ) ;
#6334 = EDGE_CURVE ( 'NONE', #6531, #9908, #3222, .T. ) ;
#6335 = DIRECTION ( 'NONE',  ( 2.070351172966033714E-08, 2.557651202786273477E-12, -0.9999999999999997780 ) ) ;
#6336 = DIRECTION ( 'NONE',  ( 0.7669706070501109973, 0.6416822328233690031, 0.000000000000000000 ) ) ;
#6337 = ORIENTED_EDGE ( 'NONE', *, *, #6964, .T. ) ;
#6338 = ORIENTED_EDGE ( 'NONE', *, *, #9166, .F. ) ;
#6339 = EDGE_CURVE ( 'NONE', #4416, #1164, #8083, .T. ) ;
#6340 = CARTESIAN_POINT ( 'NONE',  ( 12.06415315229819996, 4.409644157088570715, 10.85370729980740023 ) ) ;
#6341 = EDGE_CURVE ( 'NONE', #4055, #3468, #163, .T. ) ;
#6342 = EDGE_LOOP ( 'NONE', ( #4516, #5058, #2437, #7580 ) ) ;
#6343 = EDGE_CURVE ( 'NONE', #6271, #6104, #1107, .T. ) ;
#6344 = DIRECTION ( 'NONE',  ( 0.000000000000000000, 1.000000000000000000, 0.000000000000000000 ) ) ;
#6345 = VECTOR ( 'NONE', #10153, 1000.000000000000000 ) ;
#6346 = ORIENTED_EDGE ( 'NONE', *, *, #6196, .F. ) ;
#6347 = VERTEX_POINT ( 'NONE', #275 ) ;
#6348 = DIRECTION ( 'NONE',  ( -1.000000000000000000, 2.219514597388220786E-15, 6.661338147750935298E-16 ) ) ;
#6349 = ORIENTED_EDGE ( 'NONE', *, *, #3485, .F. ) ;
#6350 = CARTESIAN_POINT ( 'NONE',  ( 6.895968557644839514, 44.23788329113110507, 13.10569876504609965 ) ) ;
#6351 = EDGE_CURVE ( 'NONE', #7456, #2936, #4291, .T. ) ;
#6352 = DIRECTION ( 'NONE',  ( -1.000000000000000000, 0.000000000000000000, 0.000000000000000000 ) ) ;
#6353 = CARTESIAN_POINT ( 'NONE',  ( -2.679173937402460126, 35.15478103371500396, 10.00000000000000000 ) ) ;
#6354 = EDGE_CURVE ( 'NONE', #8107, #9789, #2578, .T. ) ;
#6355 = FACE_BOUND ( 'NONE', #10226, .T. ) ;
#6356 = DIRECTION ( 'NONE',  ( -0.7071067811865475727, -0.7071067811865475727, -3.925231146709437917E-17 ) ) ;
#6357 = PRODUCT_DEFINITION_SHAPE ( 'NONE', 'NONE',  #5624 ) ;
#6358 = ORIENTED_EDGE ( 'NONE', *, *, #6784, .F. ) ;
#6359 = DIRECTION ( 'NONE',  ( -2.164934898019053676E-15, -2.132918991764684350E-15, 1.000000000000000000 ) ) ;
#6360 = AXIS2_PLACEMENT_3D ( 'NONE', #7582, #8226, #5161 ) ;
#6361 = CARTESIAN_POINT ( 'NONE',  ( 9.104453336925882212, 4.657378303156238353, 11.15506300236626558 ) ) ;
#6362 = CARTESIAN_POINT ( 'NONE',  ( 7.862962020250290784, 23.76334407645531854, 10.05557474917146976 ) ) ;
#6363 = PLANE ( 'NONE',  #394 ) ;
#6364 = PLANE ( 'NONE',  #6580 ) ;
#6365 = CARTESIAN_POINT ( 'NONE',  ( 20.00000095367500208, 6.060623714451949695, 23.88908825020029880 ) ) ;
#6366 = CARTESIAN_POINT ( 'NONE',  ( 12.41976063632060878, 17.40000000000000568, 23.92052998027618571 ) ) ;
#6367 = DIRECTION ( 'NONE',  ( -0.5125766358075097839, 0.4288447525037474839, -0.7438799437236192080 ) ) ;
#6368 = ORIENTED_EDGE ( 'NONE', *, *, #3559, .F. ) ;
#6369 = CARTESIAN_POINT ( 'NONE',  ( 15.12065831512467007, 9.471180477590058544, 11.60866792719930096 ) ) ;
#6370 = CARTESIAN_POINT ( 'NONE',  ( 10.00000000000000000, 23.00327610214520035, 10.92921466540890130 ) ) ;
#6371 = CARTESIAN_POINT ( 'NONE',  ( 23.11270473093900080, 26.96093927772649934, 19.22361743441249970 ) ) ;
#6372 = CARTESIAN_POINT ( 'NONE',  ( 4.186936327590929707, 43.56974815710489679, 10.00000000000000000 ) ) ;
#6373 = CIRCLE ( 'NONE', #7192, 2.099999999999999645 ) ;
#6374 = ORIENTED_EDGE ( 'NONE', *, *, #4625, .T. ) ;
#6375 = CARTESIAN_POINT ( 'NONE',  ( 11.00614538113402041, 4.410791782036265651, 11.92649069607609924 ) ) ;
#6376 = VECTOR ( 'NONE', #6336, 1000.000000000000000 ) ;
#6377 = FACE_OUTER_BOUND ( 'NONE', #6819, .T. ) ;
#6378 = CARTESIAN_POINT ( 'NONE',  ( 9.518140131624045708, 3.614504309366074697, 11.07320612668609705 ) ) ;
#6379 = ORIENTED_EDGE ( 'NONE', *, *, #6911, .T. ) ;
#6380 = DIRECTION ( 'NONE',  ( -1.000000000000000000, 0.000000000000000000, 0.000000000000000000 ) ) ;
#6381 = VECTOR ( 'NONE', #8579, 1000.000000000000000 ) ;
#6382 = DIRECTION ( 'NONE',  ( 1.261617073437677851E-15, 0.000000000000000000, -1.000000000000000000 ) ) ;
#6383 = DIRECTION ( 'NONE',  ( -0.5125766358075100060, 0.4288447525037477615, -0.7438799437236189860 ) ) ;
#6384 = AXIS2_PLACEMENT_3D ( 'NONE', #1311, #3367, #7427 ) ;
#6385 = CARTESIAN_POINT ( 'NONE',  ( 10.07666353973159978, 13.99718353375900115, 11.17249635465359958 ) ) ;
#6386 = ORIENTED_EDGE ( 'NONE', *, *, #6741, .F. ) ;
#6387 = CARTESIAN_POINT ( 'NONE',  ( 10.00000000000000000, 17.08409838298220151, 10.00000000000000000 ) ) ;
#6388 = ADVANCED_FACE ( 'NONE', ( #4189 ), #7459, .T. ) ;
#6389 = DIRECTION ( 'NONE',  ( 0.6488699952224910028, -0.1600323674314316769, 0.7438799437236196521 ) ) ;
#6390 = AXIS2_PLACEMENT_3D ( 'NONE', #3120, #6254, #6308 ) ;
#6391 = ORIENTED_EDGE ( 'NONE', *, *, #3609, .T. ) ;
#6392 = AXIS2_PLACEMENT_3D ( 'NONE', #3454, #8024, #1672 ) ;
#6393 = CARTESIAN_POINT ( 'NONE',  ( 9.170197055090119065, 7.658201589919520380, 9.168102009121948726 ) ) ;
#6394 = ORIENTED_EDGE ( 'NONE', *, *, #2162, .T. ) ;
#6395 = VECTOR ( 'NONE', #2285, 1000.000000000000227 ) ;
#6396 = CARTESIAN_POINT ( 'NONE',  ( 13.23190208582489902, 12.40000000000000036, 21.38466788060700097 ) ) ;
#6397 = ORIENTED_EDGE ( 'NONE', *, *, #5586, .F. ) ;
#6399 = ORIENTED_EDGE ( 'NONE', *, *, #6343, .T. ) ;
#6398 = VECTOR ( 'NONE', #1560, 1000.000000000000000 ) ;
#6400 = ORIENTED_EDGE ( 'NONE', *, *, #9239, .F. ) ;
#6401 = EDGE_CURVE ( 'NONE', #8511, #8902, #952, .T. ) ;
#6402 = LINE ( 'NONE', #9559, #5655 ) ;
#6403 = EDGE_LOOP ( 'NONE', ( #6229, #3211, #1475, #9340 ) ) ;
#6404 = CARTESIAN_POINT ( 'NONE',  ( 22.17991430594139857, 9.260623714452039579, 15.10884649407539904 ) ) ;
#6405 = EDGE_CURVE ( 'NONE', #7382, #9930, #56, .T. ) ;
#6406 = VECTOR ( 'NONE', #8670, 1000.000000000000114 ) ;
#6407 = LINE ( 'NONE', #6515, #9892 ) ;
#6408 = EDGE_LOOP ( 'NONE', ( #7137, #7930, #7511, #5120 ) ) ;
#6409 = LINE ( 'NONE', #5615, #4702 ) ;
#6410 = CARTESIAN_POINT ( 'NONE',  ( 23.25338640592839923, 41.71505598405939708, 12.76387127421019940 ) ) ;
#6411 = EDGE_LOOP ( 'NONE', ( #5198, #7236, #6834, #4315 ) ) ;
#6412 = EDGE_CURVE ( 'NONE', #2549, #5792, #6158, .T. ) ;
#6413 = LINE ( 'NONE', #4072, #3108 ) ;
#6414 = EDGE_CURVE ( 'NONE', #4461, #2770, #1207, .T. ) ;
#6415 = CARTESIAN_POINT ( 'NONE',  ( 15.66023449724929861, 20.66205238419150092, 21.62852630276740129 ) ) ;
#6416 = CARTESIAN_POINT ( 'NONE',  ( 10.00000000000000000, 17.08409838298220151, 10.00000000000000000 ) ) ;
#6417 = FACE_OUTER_BOUND ( 'NONE', #675, .T. ) ;
#6418 = EDGE_CURVE ( 'NONE', #434, #5149, #2131, .T. ) ;
#6419 = LINE ( 'NONE', #213, #5557 ) ;
#6420 = LINE ( 'NONE', #1732, #8112 ) ;
#6421 = DIRECTION ( 'NONE',  ( 1.000000000000000000, 5.363993858512410985E-15, -3.996802888650560390E-15 ) ) ;
#6422 = ORIENTED_EDGE ( 'NONE', *, *, #7863, .F. ) ;
#6423 = DIRECTION ( 'NONE',  ( 0.6416822328233690031, -0.7669706070501109973, 0.000000000000000000 ) ) ;
#6424 = DIRECTION ( 'NONE',  ( 0.2394571141604749931, 0.9709069422338770794, 0.000000000000000000 ) ) ;
#6425 = FACE_OUTER_BOUND ( 'NONE', #7681, .T. ) ;
#6426 = DIRECTION ( 'NONE',  ( 0.7071067811865465735, 0.000000000000000000, 0.7071067811865485719 ) ) ;
#6427 = ORIENTED_EDGE ( 'NONE', *, *, #5916, .T. ) ;
#6428 = CARTESIAN_POINT ( 'NONE',  ( 6.485050200653300401, 34.25177603828559114, 10.00000000000000000 ) ) ;
#6429 = DIRECTION ( 'NONE',  ( 0.000000000000000000, 0.000000000000000000, -1.000000000000000000 ) ) ;
#6430 = EDGE_CURVE ( 'NONE', #4866, #5238, #2342, .T. ) ;
#6431 = CARTESIAN_POINT ( 'NONE',  ( 10.00000000000000000, 0.000000000000000000, 10.00000000000000000 ) ) ;
#6432 = CARTESIAN_POINT ( 'NONE',  ( 34.55854145947857603, 29.25100135070063345, 5.800000000034249759 ) ) ;
#6433 = CARTESIAN_POINT ( 'NONE',  ( 10.00000000000000178, 22.65196564032981996, 9.005678620629419484 ) ) ;
#6434 = ORIENTED_EDGE ( 'NONE', *, *, #9782, .F. ) ;
#6435 = CARTESIAN_POINT ( 'NONE',  ( 12.09999999999999964, -4.930084118726089707E-15, 10.00000000000000000 ) ) ;
#6436 = DIRECTION ( 'NONE',  ( 0.2394571141604749931, 0.9709069422338770794, 0.000000000000000000 ) ) ;
#6437 = EDGE_LOOP ( 'NONE', ( #6021, #4081, #1025, #5197, #8454 ) ) ;
#6438 = FACE_OUTER_BOUND ( 'NONE', #3682, .T. ) ;
#6439 = FACE_OUTER_BOUND ( 'NONE', #7462, .T. ) ;
#6440 = VERTEX_POINT ( 'NONE', #1452 ) ;
#6441 = CARTESIAN_POINT ( 'NONE',  ( 12.60966929096320044, 42.09388639984500458, 13.06850476785990089 ) ) ;
#6442 = CYLINDRICAL_SURFACE ( 'NONE', #7536, 4.125000000000000000 ) ;
#6443 = DIRECTION ( 'NONE',  ( -0.2894986245040710449, 0.7996948549747732171, 0.5260025525956382175 ) ) ;
#6444 = CARTESIAN_POINT ( 'NONE',  ( 11.33219109189430185, 5.106008747256820079, 8.718269131903049640 ) ) ;
#6445 = VERTEX_POINT ( 'NONE', #8628 ) ;
#6446 = EDGE_CURVE ( 'NONE', #1619, #8943, #7712, .T. ) ;
#6447 = VECTOR ( 'NONE', #8385, 1000.000000000000114 ) ;
#6448 = DIRECTION ( 'NONE',  ( 0.000000000000000000, 0.000000000000000000, -1.000000000000000000 ) ) ;
#6449 = ORIENTED_EDGE ( 'NONE', *, *, #2465, .T. ) ;
#6450 = EDGE_LOOP ( 'NONE', ( #9739, #7, #1642, #249 ) ) ;
#6451 = ORIENTED_EDGE ( 'NONE', *, *, #5419, .F. ) ;
#6452 = CARTESIAN_POINT ( 'NONE',  ( 12.34034310934619860, 43.55076347908740075, 18.75000000000000000 ) ) ;
#6453 = ORIENTED_EDGE ( 'NONE', *, *, #1430, .F. ) ;
#6454 = CARTESIAN_POINT ( 'NONE',  ( 13.27632305042730110, 42.34145391034339667, 13.59675238393000107 ) ) ;
#6455 =( NAMED_UNIT ( * ) PLANE_ANGLE_UNIT ( ) SI_UNIT ( $, .RADIAN. ) );
#6456 = VECTOR ( 'NONE', #1782, 1000.000000000000114 ) ;
#6457 = DIRECTION ( 'NONE',  ( -5.589694649448180229E-15, 1.000000000000000000, 6.651958409392690315E-15 ) ) ;
#6458 = ORIENTED_EDGE ( 'NONE', *, *, #9840, .F. ) ;
#6459 = DIRECTION ( 'NONE',  ( -0.7438799437236206513, 0.000000000000000000, -0.6683132718461777255 ) ) ;
#6460 = EDGE_CURVE ( 'NONE', #278, #2603, #8680, .T. ) ;
#6461 = CARTESIAN_POINT ( 'NONE',  ( 7.243207753634520074, -2.600000000000000089, 13.06850476785990089 ) ) ;
#6462 = VECTOR ( 'NONE', #4677, 1000.000000000000000 ) ;
#6463 = DIRECTION ( 'NONE',  ( -0.2394571141604759923, 0.9709069422338770794, 1.705833612411385176E-17 ) ) ;
#6464 = VECTOR ( 'NONE', #239, 999.9999999999998863 ) ;
#6465 = ORIENTED_EDGE ( 'NONE', *, *, #1504, .T. ) ;
#6466 = DIRECTION ( 'NONE',  ( 0.7071067811865470176, -2.071311613106633476E-15, 0.7071067811865481278 ) ) ;
#6467 = LINE ( 'NONE', #5744, #3893 ) ;
#6468 = FACE_OUTER_BOUND ( 'NONE', #4603, .T. ) ;
#6469 = CARTESIAN_POINT ( 'NONE',  ( 11.56658433640770234, 0.000000000000000000, 14.13780600281379840 ) ) ;
#6470 = CARTESIAN_POINT ( 'NONE',  ( 11.60866792719989959, 7.061144857929970264, 15.49775522372529935 ) ) ;
#6471 = CARTESIAN_POINT ( 'NONE',  ( 27.35854122897934460, 5.200000787765210575, 18.91715728741618818 ) ) ;
#6472 = EDGE_CURVE ( 'NONE', #4511, #10101, #5573, .T. ) ;
#6473 = AXIS2_PLACEMENT_3D ( 'NONE', #6581, #2562, #7958 ) ;
#6474 = ADVANCED_FACE ( 'NONE', ( #1607 ), #7177, .F. ) ;
#6475 = CARTESIAN_POINT ( 'NONE',  ( 14.66366952443880045, 38.90939483438219781, 10.00000000000000000 ) ) ;
#6476 = EDGE_CURVE ( 'NONE', #3780, #2933, #2450, .T. ) ;
#6477 = DIRECTION ( 'NONE',  ( 0.5125766358075086737, -0.4288447525037477059, -0.7438799437236198742 ) ) ;
#6478 = ORIENTED_EDGE ( 'NONE', *, *, #2457, .F. ) ;
#6479 = FACE_OUTER_BOUND ( 'NONE', #7553, .T. ) ;
#6480 = EDGE_CURVE ( 'NONE', #3057, #7436, #205, .T. ) ;
#6481 = DIRECTION ( 'NONE',  ( 0.2394571141604759923, -0.9709069422338770794, 0.000000000000000000 ) ) ;
#6482 = AXIS2_PLACEMENT_3D ( 'NONE', #2238, #6925, #4678 ) ;
#6483 = DIRECTION ( 'NONE',  ( 2.312964686334536862E-15, 1.000000000000000000, 1.503427046117448881E-14 ) ) ;
#6484 = CARTESIAN_POINT ( 'NONE',  ( -14.00000000000000000, 17.08409838298220151, 10.00000000000000000 ) ) ;
#6485 = ORIENTED_EDGE ( 'NONE', *, *, #2735, .F. ) ;
#6486 = ORIENTED_EDGE ( 'NONE', *, *, #6959, .T. ) ;
#6487 = PLANE ( 'NONE',  #4167 ) ;
#6488 = DIRECTION ( 'NONE',  ( 0.000000000000000000, 0.000000000000000000, -1.000000000000000000 ) ) ;
#6489 = CARTESIAN_POINT ( 'NONE',  ( 14.20656177145000143, 44.37794951499359541, 14.57499999999999929 ) ) ;
#6490 = CARTESIAN_POINT ( 'NONE',  ( 10.00068285746471908, 21.44422322116166058, 8.891358573412349031 ) ) ;
#6491 = ADVANCED_FACE ( 'NONE', ( #6523 ), #939, .T. ) ;
#6492 = ORIENTED_EDGE ( 'NONE', *, *, #1167, .T. ) ;
#6493 = CARTESIAN_POINT ( 'NONE',  ( -6.688954603018130385, 19.53252201291957491, 19.20263812178775709 ) ) ;
#6494 = VECTOR ( 'NONE', #6771, 1000.000000000000000 ) ;
#6495 = CARTESIAN_POINT ( 'NONE',  ( 19.29289417248839911, 4.910623714452020394, 23.42341005513780061 ) ) ;
#6496 = DIRECTION ( 'NONE',  ( 0.000000000000000000, -1.000000000000000000, 0.000000000000000000 ) ) ;
#6497 = EDGE_CURVE ( 'NONE', #10093, #2498, #6467, .T. ) ;
#6498 = CYLINDRICAL_SURFACE ( 'NONE', #3301, 2.099999999999999201 ) ;
#6499 = ORIENTED_EDGE ( 'NONE', *, *, #8428, .F. ) ;
#6500 = CIRCLE ( 'NONE', #999, 4.375000000000000000 ) ;
#6501 = DIRECTION ( 'NONE',  ( -0.5125766358075055651, -0.4288447525037444863, -0.7438799437236238710 ) ) ;
#6502 = LINE ( 'NONE', #7430, #4220 ) ;
#6503 = ORIENTED_EDGE ( 'NONE', *, *, #2785, .F. ) ;
#6504 = CARTESIAN_POINT ( 'NONE',  ( 7.243207753634520074, -3.000000000000000000, 13.06850476785990089 ) ) ;
#6505 = VECTOR ( 'NONE', #645, 1000.000000000000114 ) ;
#6506 = ORIENTED_EDGE ( 'NONE', *, *, #4261, .F. ) ;
#6507 = PLANE ( 'NONE',  #6563 ) ;
#6508 = ORIENTED_EDGE ( 'NONE', *, *, #8743, .T. ) ;
#6509 = ORIENTED_EDGE ( 'NONE', *, *, #9047, .F. ) ;
#6510 = EDGE_LOOP ( 'NONE', ( #2861, #2301, #1480, #9193 ) ) ;
#6511 = DIRECTION ( 'NONE',  ( 0.5125766358075096729, -0.4288447525037470953, -0.7438799437236196521 ) ) ;
#6512 = ORIENTED_EDGE ( 'NONE', *, *, #7197, .F. ) ;
#6513 = CIRCLE ( 'NONE', #7815, 2.099999999999998312 ) ;
#6514 = SURFACE_SIDE_STYLE ('',( #9778 ) ) ;
#6515 = CARTESIAN_POINT ( 'NONE',  ( 18.06291907732209978, 23.34594111126749993, 27.21076520449820180 ) ) ;
#6516 = CIRCLE ( 'NONE', #2868, 1.175000000000000711 ) ;
#6517 = ORIENTED_EDGE ( 'NONE', *, *, #6592, .T. ) ;
#6518 = EDGE_LOOP ( 'NONE', ( #3463, #6346, #232, #1190 ) ) ;
#6519 = CARTESIAN_POINT ( 'NONE',  ( -5.887585101519320574, 38.98963406896560002, 10.00000000000000000 ) ) ;
#6520 = PLANE ( 'NONE',  #3484 ) ;
#6521 = VERTEX_POINT ( 'NONE', #8848 ) ;
#6522 = FACE_BOUND ( 'NONE', #7057, .T. ) ;
#6523 = FACE_OUTER_BOUND ( 'NONE', #519, .T. ) ;
#6524 = DIRECTION ( 'NONE',  ( 0.6416822328233690031, 0.7669706070501109973, -1.467044514453919102E-31 ) ) ;
#6525 = DIRECTION ( 'NONE',  ( 0.7071067811865450192, 8.656155890839416415E-15, -0.7071067811865500152 ) ) ;
#6526 = DIRECTION ( 'NONE',  ( 0.2394571141604759923, -0.9709069422338770794, 0.000000000000000000 ) ) ;
#6527 = FACE_OUTER_BOUND ( 'NONE', #2611, .T. ) ;
#6528 = CARTESIAN_POINT ( 'NONE',  ( 27.00000000000000000, 20.00000000000000000, 10.00000000000000000 ) ) ;
#6529 = CARTESIAN_POINT ( 'NONE',  ( 17.00990879401890155, 41.42063067925789710, 14.37500000000000000 ) ) ;
#6530 = AXIS2_PLACEMENT_3D ( 'NONE', #430, #6069, #6795 ) ;
#6531 = VERTEX_POINT ( 'NONE', #1724 ) ;
#6532 = EDGE_CURVE ( 'NONE', #10069, #5012, #2866, .T. ) ;
#6533 = CARTESIAN_POINT ( 'NONE',  ( 11.25229724005076548, 21.32078410171527239, 9.201117429482319920 ) ) ;
#6534 = DIRECTION ( 'NONE',  ( 0.7014660959026480791, 0.7062384362320940356, -0.09577362626288761505 ) ) ;
#6535 = CARTESIAN_POINT ( 'NONE',  ( 14.52060403078980144, 23.76547918065950071, 26.42859279827489871 ) ) ;
#6536 = DIRECTION ( 'NONE',  ( -0.7071067811865500152, 1.236448081483690217E-14, -0.7071067811865450192 ) ) ;
#6537 = ORIENTED_EDGE ( 'NONE', *, *, #6018, .T. ) ;
#6538 = ADVANCED_FACE ( 'NONE', ( #4842 ), #8019, .F. ) ;
#6539 = VERTEX_POINT ( 'NONE', #8036 ) ;
#6540 = LINE ( 'NONE', #5864, #2678 ) ;
#6541 =( NAMED_UNIT ( * ) PLANE_ANGLE_UNIT ( ) SI_UNIT ( $, .RADIAN. ) );
#6542 = EDGE_CURVE ( 'NONE', #2463, #2481, #2473, .T. ) ;
#6543 = LINE ( 'NONE', #5915, #2076 ) ;
#6544 = CIRCLE ( 'NONE', #2032, 3.149999999999999467 ) ;
#6545 = ORIENTED_EDGE ( 'NONE', *, *, #272, .T. ) ;
#6546 = EDGE_CURVE ( 'NONE', #9789, #3829, #5478, .T. ) ;
#6547 = AXIS2_PLACEMENT_3D ( 'NONE', #7502, #366, #3554 ) ;
#6548 = DIRECTION ( 'NONE',  ( -0.6416822328233690031, 0.7669706070501109973, 0.000000000000000000 ) ) ;
#6549 = DIRECTION ( 'NONE',  ( -0.6416822328233690031, -0.7669706070501109973, 0.000000000000000000 ) ) ;
#6550 = CARTESIAN_POINT ( 'NONE',  ( 27.35854190404064568, 5.200000787762462551, 20.00000000000000000 ) ) ;
#6551 = EDGE_LOOP ( 'NONE', ( #7732, #7771, #2123, #7222, #2179 ) ) ;
#6552 = AXIS2_PLACEMENT_3D ( 'NONE', #5098, #860, #969 ) ;
#6553 = LINE ( 'NONE', #9714, #6128 ) ;
#6554 = VECTOR ( 'NONE', #3768, 1000.000000000000227 ) ;
#6555 = ADVANCED_FACE ( 'NONE', ( #6377 ), #5644, .T. ) ;
#6556 = ORIENTED_EDGE ( 'NONE', *, *, #1178, .F. ) ;
#6557 = ADVANCED_FACE ( 'NONE', ( #6268, #3250 ), #169, .T. ) ;
#6558 = FACE_OUTER_BOUND ( 'NONE', #6342, .T. ) ;
#6559 = LINE ( 'NONE', #3258, #9180 ) ;
#6560 = LINE ( 'NONE', #6610, #8672 ) ;
#6561 = ADVANCED_FACE ( 'NONE', ( #3302 ), #2420, .T. ) ;
#6562 = VECTOR ( 'NONE', #3191, 999.9999999999998863 ) ;
#6563 = AXIS2_PLACEMENT_3D ( 'NONE', #9667, #4937, #2547 ) ;
#6564 = ORIENTED_EDGE ( 'NONE', *, *, #8253, .T. ) ;
#6565 = CARTESIAN_POINT ( 'NONE',  ( 24.98922997556660164, 37.91587521909539760, 5.875000000000000000 ) ) ;
#6566 = VERTEX_POINT ( 'NONE', #4703 ) ;
#6567 = DIRECTION ( 'NONE',  ( -5.363993858512381008E-15, 1.000000000000000000, 6.877659200328480858E-15 ) ) ;
#6568 = VERTEX_POINT ( 'NONE', #1519 ) ;
#6569 = CIRCLE ( 'NONE', #10028, 4.575000000000001066 ) ;
#6570 = ORIENTED_EDGE ( 'NONE', *, *, #4880, .F. ) ;
#6571 = VERTEX_POINT ( 'NONE', #9426 ) ;
#6572 = VERTEX_POINT ( 'NONE', #4030 ) ;
#6573 = CIRCLE ( 'NONE', #5550, 22.82499999999999929 ) ;
#6574 = VECTOR ( 'NONE', #3968, 1000.000000000000114 ) ;
#6575 = DIRECTION ( 'NONE',  ( 0.7071067811865470176, 7.282241002660179780E-15, -0.7071067811865480168 ) ) ;
#6576 = LINE ( 'NONE', #198, #1229 ) ;
#6577 = ORIENTED_EDGE ( 'NONE', *, *, #855, .F. ) ;
#6578 = ORIENTED_EDGE ( 'NONE', *, *, #664, .F. ) ;
#6579 = DIRECTION ( 'NONE',  ( -0.7071067811865500152, 1.236448081483694162E-14, -0.7071067811865450192 ) ) ;
#6580 = AXIS2_PLACEMENT_3D ( 'NONE', #9517, #2404, #8481 ) ;
#6581 = CARTESIAN_POINT ( 'NONE',  ( 24.47588418930790155, 37.30229873345540170, 10.00000000000000000 ) ) ;
#6582 = EDGE_LOOP ( 'NONE', ( #5404, #3379, #4087, #2170, #4419, #4610, #2120, #7699, #1801, #2496, #2203, #8921, #4389, #3531, #1424, #9184, #5596, #2663, #5788, #3696, #2104, #7689, #6717, #3919 ) ) ;
#6583 = DIRECTION ( 'NONE',  ( -0.7071067811865477948, 0.000000000000000000, 0.7071067811865473507 ) ) ;
#6584 = CARTESIAN_POINT ( 'NONE',  ( 24.73255708243719653, 37.60908697627539965, 10.00000000000000000 ) ) ;
#6585 = CARTESIAN_POINT ( 'NONE',  ( 16.31699133008299896, 23.34594011466069929, 27.21076693067179875 ) ) ;
#6586 = DIRECTION ( 'NONE',  ( -0.7071067811865476838, 0.000000000000000000, 0.7071067811865474617 ) ) ;
#6587 = DIRECTION ( 'NONE',  ( -0.6416822328233690031, 0.7669706070501109973, 0.000000000000000000 ) ) ;
#6588 = AXIS2_PLACEMENT_3D ( 'NONE', #9917, #8500, #1378 ) ;
#6589 = CARTESIAN_POINT ( 'NONE',  ( 23.79921988582931291, 41.25838705449026378, 6.596749257464441740 ) ) ;
#6590 = CARTESIAN_POINT ( 'NONE',  ( 44.86111145699388203, 10.70257163984113902, 6.002570344468971086 ) ) ;
#6591 = ORIENTED_EDGE ( 'NONE', *, *, #1199, .T. ) ;
#6592 = EDGE_CURVE ( 'NONE', #5394, #8573, #4860, .T. ) ;
#6593 = DIRECTION ( 'NONE',  ( 0.000000000000000000, 0.6546536707079756434, -0.7559289460184557274 ) ) ;
#6594 = CYLINDRICAL_SURFACE ( 'NONE', #8267, 4.125000000000000000 ) ;
#6595 = DIRECTION ( 'NONE',  ( 1.000000000000000000, 0.000000000000000000, 0.000000000000000000 ) ) ;
#6596 = DIRECTION ( 'NONE',  ( 0.09129144313905039609, 0.8455691497875621465, -0.5260025525956398829 ) ) ;
#6597 = ORIENTED_EDGE ( 'NONE', *, *, #3206, .F. ) ;
#6598 = VERTEX_POINT ( 'NONE', #8644 ) ;
#6599 = CARTESIAN_POINT ( 'NONE',  ( 19.31222850319100104, 8.705311857225998651, 23.90842258090289718 ) ) ;
#6600 = DIRECTION ( 'NONE',  ( -0.5000000000000002220, -0.7071067811865472397, -0.5000000000000002220 ) ) ;
#6601 = CARTESIAN_POINT ( 'NONE',  ( 18.85041768144719754, 6.060623714451930155, 25.03867152242810334 ) ) ;
#6602 = ORIENTED_EDGE ( 'NONE', *, *, #5, .T. ) ;
#6603 = CARTESIAN_POINT ( 'NONE',  ( 15.14008042630800333, 19.77248720522429437, 26.97769041434738213 ) ) ;
#6604 = CARTESIAN_POINT ( 'NONE',  ( 10.20000014901160057, 12.20000000000000107, 22.50000014901160128 ) ) ;
#6605 = EDGE_CURVE ( 'NONE', #535, #7978, #7876, .T. ) ;
#6606 = LINE ( 'NONE', #9655, #4690 ) ;
#6607 = CARTESIAN_POINT ( 'NONE',  ( 27.48898250808739618, 38.17136507962590031, 14.57499999999999929 ) ) ;
#6608 = ORIENTED_EDGE ( 'NONE', *, *, #7643, .T. ) ;
#6609 = DIRECTION ( 'NONE',  ( 1.000000000000000000, 0.000000000000000000, 0.000000000000000000 ) ) ;
#6610 = CARTESIAN_POINT ( 'NONE',  ( 23.74757764702300022, 40.78006091066870198, 13.10569876504609965 ) ) ;
#6611 = DIRECTION ( 'NONE',  ( -0.2394571141604759368, -0.9709069422338768574, 0.000000000000000000 ) ) ;
#6612 = EDGE_CURVE ( 'NONE', #2869, #4776, #4905, .T. ) ;
#6613 = VERTEX_POINT ( 'NONE', #7085 ) ;
#6614 = DIRECTION ( 'NONE',  ( -0.5125766358075087847, 0.4288447525037478170, 0.7438799437236197631 ) ) ;
#6615 = ORIENTED_EDGE ( 'NONE', *, *, #3094, .T. ) ;
#6616 = ADVANCED_FACE ( 'NONE', ( #6324 ), #792, .T. ) ;
#6617 = ORIENTED_EDGE ( 'NONE', *, *, #4612, .F. ) ;
#6618 = ORIENTED_EDGE ( 'NONE', *, *, #5612, .F. ) ;
#6619 = FACE_OUTER_BOUND ( 'NONE', #6950, .T. ) ;
#6620 = ORIENTED_EDGE ( 'NONE', *, *, #1763, .F. ) ;
#6621 = CARTESIAN_POINT ( 'NONE',  ( 10.91463933840896772, 20.11472520848713685, 10.93122425669694842 ) ) ;
#6622 = AXIS2_PLACEMENT_3D ( 'NONE', #3763, #8493, #7719 ) ;
#6623 = LINE ( 'NONE', #2556, #5746 ) ;
#6624 = EDGE_CURVE ( 'NONE', #9252, #7386, #1684, .T. ) ;
#6625 = VERTEX_POINT ( 'NONE', #5590 ) ;
#6626 = EDGE_LOOP ( 'NONE', ( #6349, #8004, #6865, #4012 ) ) ;
#6627 = DIRECTION ( 'NONE',  ( -1.000000000000000000, 0.000000000000000000, 0.000000000000000000 ) ) ;
#6628 = CARTESIAN_POINT ( 'NONE',  ( 15.20061508947802054, 20.66205238419150447, 26.54291843201393064 ) ) ;
#6629 = EDGE_CURVE ( 'NONE', #229, #7159, #10021, .T. ) ;
#6630 = ORIENTED_EDGE ( 'NONE', *, *, #9661, .F. ) ;
#6631 = CARTESIAN_POINT ( 'NONE',  ( 7.893729879936027594, 23.68623663994302575, 9.825583563688940814 ) ) ;
#6632 = PLANE ( 'NONE',  #642 ) ;
#6633 = LINE ( 'NONE', #6585, #8048 ) ;
#6634 = DIRECTION ( 'NONE',  ( -0.5125766358075055651, -0.4288447525037442642, -0.7438799437236238710 ) ) ;
#6635 = AXIS2_PLACEMENT_3D ( 'NONE', #5579, #2245, #3860 ) ;
#6636 = VECTOR ( 'NONE', #8696, 1000.000000000000000 ) ;
#6637 = DIRECTION ( 'NONE',  ( 0.000000000000000000, 0.000000000000000000, -1.000000000000000000 ) ) ;
#6638 = ORIENTED_EDGE ( 'NONE', *, *, #5384, .T. ) ;
#6639 = CARTESIAN_POINT ( 'NONE',  ( 10.94260659004828184, 20.22423142724781897, 9.079107566320752554 ) ) ;
#6640 = PLANE ( 'NONE',  #7756 ) ;
#6641 = DIRECTION ( 'NONE',  ( -0.7071067811865500152, 1.236448081483694162E-14, -0.7071067811865450192 ) ) ;
#6642 = CARTESIAN_POINT ( 'NONE',  ( 10.00000052222433666, 4.700000284413977880, 0.000000000000000000 ) ) ;
#6643 = EDGE_LOOP ( 'NONE', ( #4035, #124, #4487, #3329 ) ) ;
#6644 = ORIENTED_EDGE ( 'NONE', *, *, #3609, .F. ) ;
#6645 = CARTESIAN_POINT ( 'NONE',  ( 15.62667239870538261, 33.73095681498656262, 10.00000000000000000 ) ) ;
#6646 = CIRCLE ( 'NONE', #9611, 1.400000000000000799 ) ;
#6647 = DIRECTION ( 'NONE',  ( -0.7438799437236196521, 0.000000000000000000, 0.6683132718461787247 ) ) ;
#6648 = CARTESIAN_POINT ( 'NONE',  ( 11.79161676646709900, -5.200000000000000178, 14.67500000000000071 ) ) ;
#6649 = EDGE_LOOP ( 'NONE', ( #1872, #5048, #7394, #2033, #10115 ) ) ;
#6650 = CARTESIAN_POINT ( 'NONE',  ( 5.336330475561223530, 38.90939483438229729, 5.875000000000000000 ) ) ;
#6651 = VECTOR ( 'NONE', #824, 1000.000000000000114 ) ;
#6652 = LINE ( 'NONE', #178, #2851 ) ;
#6653 = LINE ( 'NONE', #9812, #4142 ) ;
#6654 = CARTESIAN_POINT ( 'NONE',  ( 39.35854111252491094, 29.25100135070063345, 0.000000000000000000 ) ) ;
#6655 = CARTESIAN_POINT ( 'NONE',  ( 4.617959133079789780, 41.82211566108390599, 10.00000000000000000 ) ) ;
#6656 = AXIS2_PLACEMENT_3D ( 'NONE', #9572, #3231, #829 ) ;
#6657 = DIRECTION ( 'NONE',  ( 0.09129144313906399633, 0.8455691497875630347, 0.5260025525956359971 ) ) ;
#6658 = ADVANCED_FACE ( 'NONE', ( #7140 ), #9536, .F. ) ;
#6659 = ORIENTED_EDGE ( 'NONE', *, *, #4550, .T. ) ;
#6660 = ORIENTED_EDGE ( 'NONE', *, *, #7488, .T. ) ;
#6661 = DIRECTION ( 'NONE',  ( 0.000000000000000000, -1.000000000000000000, -0.000000000000000000 ) ) ;
#6662 = AXIS2_PLACEMENT_3D ( 'NONE', #5107, #6714, #304 ) ;
#6663 = EDGE_CURVE ( 'NONE', #4994, #849, #4810, .T. ) ;
#6664 = CARTESIAN_POINT ( 'NONE',  ( 11.93945557021569925, 23.26124475460659724, 10.40753780172465603 ) ) ;
#6665 = ORIENTED_EDGE ( 'NONE', *, *, #9573, .F. ) ;
#6666 = EDGE_LOOP ( 'NONE', ( #501, #7512, #8541, #4464 ) ) ;
#6667 = FACE_OUTER_BOUND ( 'NONE', #7619, .T. ) ;
#6668 = VERTEX_POINT ( 'NONE', #8869 ) ;
#6669 = EDGE_CURVE ( 'NONE', #8642, #4886, #2529, .T. ) ;
#6670 = ADVANCED_FACE ( 'NONE', ( #956 ), #7465, .T. ) ;
#6671 = VECTOR ( 'NONE', #6207, 1000.000000000000000 ) ;
#6672 = EDGE_CURVE ( 'NONE', #7426, #1898, #9807, .T. ) ;
#6673 = ORIENTED_EDGE ( 'NONE', *, *, #3911, .T. ) ;
#6674 = ORIENTED_EDGE ( 'NONE', *, *, #1390, .F. ) ;
#6675 = FACE_OUTER_BOUND ( 'NONE', #1796, .T. ) ;
#6676 = CARTESIAN_POINT ( 'NONE',  ( -2.874851352860619880, 39.68485982317339733, 13.06850476785990089 ) ) ;
#6677 = ORIENTED_EDGE ( 'NONE', *, *, #4590, .T. ) ;
#6678 = VECTOR ( 'NONE', #2620, 1000.000000000000000 ) ;
#6679 = CARTESIAN_POINT ( 'NONE',  ( 8.042869675789896533, 23.30680185786459901, 9.609895146007140454 ) ) ;
#6680 = CARTESIAN_POINT ( 'NONE',  ( 9.216707831796149719, -3.000000000000000000, 14.13780600281379840 ) ) ;
#6681 = FACE_OUTER_BOUND ( 'NONE', #5665, .T. ) ;
#6682 = EDGE_CURVE ( 'NONE', #7972, #821, #9725, .T. ) ;
#6683 = DIRECTION ( 'NONE',  ( -0.2394571141604768805, 0.9709069422338766353, 0.000000000000000000 ) ) ;
#6684 = EDGE_CURVE ( 'NONE', #9705, #7386, #4296, .T. ) ;
#6685 = PLANE ( 'NONE',  #4372 ) ;
#6686 = LINE ( 'NONE', #5903, #8596 ) ;
#6687 = VERTEX_POINT ( 'NONE', #1991 ) ;
#6688 = CARTESIAN_POINT ( 'NONE',  ( 5.231969139051556361, 44.23947304313696094, 10.00000000000000000 ) ) ;
#6689 = CARTESIAN_POINT ( 'NONE',  ( 23.77320647881330018, 40.75861867304359976, 13.06850476785990089 ) ) ;
#6690 = CARTESIAN_POINT ( 'NONE',  ( 12.75679224636549947, -4.700000000000000178, 13.06850476785990089 ) ) ;
#6691 = LINE ( 'NONE', #10044, #5305 ) ;
#6692 = EDGE_LOOP ( 'NONE', ( #1091, #5160, #2167, #399 ) ) ;
#6693 = ORIENTED_EDGE ( 'NONE', *, *, #2457, .T. ) ;
#6694 = CYLINDRICAL_SURFACE ( 'NONE', #1483, 4.375000000000000000 ) ;
#6695 = LINE ( 'NONE', #6746, #6232 ) ;
#6696 = CYLINDRICAL_SURFACE ( 'NONE', #4410, 2.099999999999996980 ) ;
#6697 = CARTESIAN_POINT ( 'NONE',  ( 7.243207753634520074, 0.000000000000000000, 13.06850476785990089 ) ) ;
#6698 = DIRECTION ( 'NONE',  ( -0.7071067811865500152, 1.236448081483694162E-14, -0.7071067811865450192 ) ) ;
#6699 = LINE ( 'NONE', #9863, #5025 ) ;
#6700 = DIRECTION ( 'NONE',  ( 0.5125766358075058982, 0.4288447525037445973, 0.7438799437236237599 ) ) ;
#6701 = ORIENTED_EDGE ( 'NONE', *, *, #4884, .T. ) ;
#6702 = AXIS2_PLACEMENT_3D ( 'NONE', #8636, #674, #6986 ) ;
#6703 = DIRECTION ( 'NONE',  ( 2.631847366267809955E-15, 1.000000000000000000, 1.487350042510860161E-14 ) ) ;
#6704 = PLANE ( 'NONE',  #3400 ) ;
#6705 = DIRECTION ( 'NONE',  ( 0.2394571141604750486, 0.9709069422338773014, 0.000000000000000000 ) ) ;
#6706 = TOROIDAL_SURFACE ( 'NONE', #2207, 2.174999999999999822, 1.000000000000000000 ) ;
#6707 = B_SPLINE_CURVE_WITH_KNOTS ( 'NONE', 3,
 ( #4471, #9197, #6723, #1143, #2081, #4422, #407, #4329, #9887, #1193, #358, #7637, #5255, #5162, #8413, #4376, #1289, #1924, #2769, #6868, #504, #9001, #7583, #7542, #6769, #5844, #1877, #5062, #9097, #9929, #2713, #8227, #1097, #4278, #7444, #312, #3502, #5891, #9052, #5112, #7494, #6961, #2181, #1395, #5299, #10074, #5351, #2125, #6094, #7686, #8516, #8462 ),
 .UNSPECIFIED., .F., .F.,
 ( 4, 1, 1, 1, 1, 1, 2, 2, 1, 1, 1, 1, 2, 2, 1, 1, 1, 1, 2, 2, 1, 1, 2, 2, 1, 1, 1, 1, 1, 2, 2, 1, 1, 1, 1, 2, 2, 4 ),
 ( 0.000000000000000000, 0.06250000000001942890, 0.09375000000002937928, 0.1093750000000343059, 0.1171875000000372202, 0.1210937500000386774, 0.1230468750000395517, 0.1250000000000404399, 0.1875000000000648925, 0.2187500000000770772, 0.2343750000000822120, 0.2421875000000847933, 0.2460937500000863476, 0.2500000000000879297, 0.3750000000001462164, 0.4375000000001754152, 0.4687500000001886824, 0.4843750000001953437, 0.4921875000001989520, 0.5000000000002026157, 0.5625000000002260414, 0.5937500000002372547, 0.6093750000002431388, 0.6250000000002491340, 0.6875000000002711165, 0.7187500000002814415, 0.7343750000002864375, 0.7421875000002878808, 0.7460937500002886580, 0.7480468750002879919, 0.7500000000002872147, 0.8125000000002077227, 0.8437500000001678657, 0.8593750000001479927, 0.8671875000001387779, 0.8710937500001342260, 0.8750000000001296740, 1.000000000000000000 ),
 .UNSPECIFIED. ) ;
#6708 = ORIENTED_EDGE ( 'NONE', *, *, #8582, .T. ) ;
#6709 = VECTOR ( 'NONE', #9059, 1000.000000000000000 ) ;
#6710 = ADVANCED_FACE ( 'NONE', ( #2687 ), #228, .T. ) ;
#6711 = LINE ( 'NONE', #8908, #1616 ) ;
#6712 = VERTEX_POINT ( 'NONE', #333 ) ;
#6713 = VERTEX_POINT ( 'NONE', #3465 ) ;
#6714 = DIRECTION ( 'NONE',  ( 0.2394571141604750486, 0.9709069422338773014, -3.640434989708340360E-17 ) ) ;
#6715 = VERTEX_POINT ( 'NONE', #8145 ) ;
#6716 = VECTOR ( 'NONE', #3043, 1000.000000000000114 ) ;
#6717 = ORIENTED_EDGE ( 'NONE', *, *, #2419, .T. ) ;
#6718 = CIRCLE ( 'NONE', #5371, 4.175000000000001599 ) ;
#6719 = ORIENTED_EDGE ( 'NONE', *, *, #2155, .F. ) ;
#6720 = ORIENTED_EDGE ( 'NONE', *, *, #6734, .F. ) ;
#6721 = VECTOR ( 'NONE', #9915, 1000.000000000000000 ) ;
#6722 = DIRECTION ( 'NONE',  ( -0.1051279606292573887, -0.9944587029605268524, 0.000000000000000000 ) ) ;
#6723 = CARTESIAN_POINT ( 'NONE',  ( 10.51594072732230778, 6.000628309768873514, 8.465331061880712937 ) ) ;
#6724 = EDGE_CURVE ( 'NONE', #6271, #5348, #6695, .T. ) ;
#6726 = EDGE_LOOP ( 'NONE', ( #2517, #6397, #543, #837, #8450 ) ) ;
#6725 = AXIS2_PLACEMENT_3D ( 'NONE', #7373, #242, #9763 ) ;
#6728 = ADVANCED_FACE ( 'NONE', ( #4399 ), #9906, .T. ) ;
#6727 = CARTESIAN_POINT ( 'NONE',  ( -2.490034300779400134, 39.48528276847929419, 13.25447475379090001 ) ) ;
#6729 = DIRECTION ( 'NONE',  ( 0.7222382015498088892, -0.1781273446059149501, -0.6683132718461779476 ) ) ;
#6730 = CARTESIAN_POINT ( 'NONE',  ( 13.75417293982149936, 42.22360064290980119, 14.37500000000000000 ) ) ;
#6731 = VECTOR ( 'NONE', #1050, 999.9999999999998863 ) ;
#6732 = AXIS2_PLACEMENT_3D ( 'NONE', #7350, #1787, #4129 ) ;
#6733 = DIRECTION ( 'NONE',  ( 0.7071067811865470176, 7.282241002660179780E-15, -0.7071067811865480168 ) ) ;
#6734 = EDGE_CURVE ( 'NONE', #9020, #2127, #6543, .T. ) ;
#6735 = FACE_OUTER_BOUND ( 'NONE', #6692, .T. ) ;
#6736 = ADVANCED_FACE ( 'NONE', ( #9702 ), #9754, .T. ) ;
#6737 = ORIENTED_EDGE ( 'NONE', *, *, #4934, .T. ) ;
#6738 = DIRECTION ( 'NONE',  ( 0.6903883132438838333, -0.1528527949900358451, -0.7071067811865469066 ) ) ;
#6739 = CARTESIAN_POINT ( 'NONE',  ( -5.761822931667360592, 36.22642433111679594, 14.37500000000000000 ) ) ;
#6741 = EDGE_CURVE ( 'NONE', #1971, #5993, #5179, .T. ) ;
#6740 = DIRECTION ( 'NONE',  ( -0.5125766358075095619, 0.4288447525037482055, -0.7438799437236189860 ) ) ;
#6742 = ORIENTED_EDGE ( 'NONE', *, *, #5946, .F. ) ;
#6743 = AXIS2_PLACEMENT_3D ( 'NONE', #8927, #2587, #4864 ) ;
#6744 = ORIENTED_EDGE ( 'NONE', *, *, #4265, .T. ) ;
#6745 = CYLINDRICAL_SURFACE ( 'NONE', #1843, 4.125000000000000000 ) ;
#6746 = CARTESIAN_POINT ( 'NONE',  ( 14.92988010596210025, 24.26673795471010209, 26.30871861123430122 ) ) ;
#6747 = CARTESIAN_POINT ( 'NONE',  ( 9.619408366052461190, 8.534143120784767333, 8.888331750547457943 ) ) ;
#6748 = EDGE_CURVE ( 'NONE', #4273, #550, #1799, .T. ) ;
#6749 = LINE ( 'NONE', #2835, #4803 ) ;
#6750 = CARTESIAN_POINT ( 'NONE',  ( 10.07666353973150031, 13.99718353375900115, 8.827503645346419958 ) ) ;
#6751 = CARTESIAN_POINT ( 'NONE',  ( 6.341609905842699568, 41.83523786601629979, 14.37500000000000000 ) ) ;
#6753 = EDGE_CURVE ( 'NONE', #2763, #2950, #2632, .T. ) ;
#6752 = CARTESIAN_POINT ( 'NONE',  ( 26.50000000000000000, 21.35385599033020299, 19.50000000000000000 ) ) ;
#6754 = ORIENTED_EDGE ( 'NONE', *, *, #2978, .F. ) ;
#6755 = DIRECTION ( 'NONE',  ( -0.6488699952224918910, -0.1600323674314316491, -0.7438799437236188750 ) ) ;
#6756 = ORIENTED_EDGE ( 'NONE', *, *, #4504, .T. ) ;
#6757 = DIRECTION ( 'NONE',  ( 0.000000000000000000, 0.7071067811865460184, -0.7071067811865489050 ) ) ;
#6758 = ORIENTED_EDGE ( 'NONE', *, *, #5784, .T. ) ;
#6759 = CARTESIAN_POINT ( 'NONE',  ( 11.73784113932756945, 22.73273127363206925, 10.56118708343043444 ) ) ;
#6760 = DIRECTION ( 'NONE',  ( -0.7669706070501109973, -0.6416822328233690031, 0.000000000000000000 ) ) ;
#6761 = ORIENTED_EDGE ( 'NONE', *, *, #8942, .F. ) ;
#6762 = ORIENTED_EDGE ( 'NONE', *, *, #5774, .F. ) ;
#6763 = CARTESIAN_POINT ( 'NONE',  ( 24.53361971984336876, 40.64395500071467637, 10.00000000000000000 ) ) ;
#6764 = ORIENTED_EDGE ( 'NONE', *, *, #4794, .F. ) ;
#6765 = ORIENTED_EDGE ( 'NONE', *, *, #3536, .T. ) ;
#6766 = ADVANCED_FACE ( 'NONE', ( #4194 ), #4252, .T. ) ;
#6767 = ORIENTED_EDGE ( 'NONE', *, *, #4939, .T. ) ;
#6768 = DIRECTION ( 'NONE',  ( 0.3571630678255628966, -0.03775704795061857189, 0.9332786016573438870 ) ) ;
#6769 = CARTESIAN_POINT ( 'NONE',  ( 11.14822307692097425, 4.665274822376255237, 9.097613411479352763 ) ) ;
#6770 = VERTEX_POINT ( 'NONE', #377 ) ;
#6771 = DIRECTION ( 'NONE',  ( 0.6416822328233690031, -0.7669706070501109973, 0.000000000000000000 ) ) ;
#6772 = FACE_OUTER_BOUND ( 'NONE', #4778, .T. ) ;
#6773 = CARTESIAN_POINT ( 'NONE',  ( 26.49381336577449986, 38.48243613643460037, 14.12500000000000000 ) ) ;
#6774 = FACE_OUTER_BOUND ( 'NONE', #7005, .T. ) ;
#6775 = VECTOR ( 'NONE', #4970, 1000.000000000000000 ) ;
#6776 = CARTESIAN_POINT ( 'NONE',  ( -6.590262812013859772, 35.53331412937740197, 13.06850476785990089 ) ) ;
#6777 = ORIENTED_EDGE ( 'NONE', *, *, #2316, .F. ) ;
#6778 = DIRECTION ( 'NONE',  ( 0.2615536815956009398, 0.6824916379135299582, -0.6824916379135309574 ) ) ;
#6779 = EDGE_LOOP ( 'NONE', ( #1569, #1956, #3462, #5809 ) ) ;
#6780 = DIRECTION ( 'NONE',  ( 0.000000000000000000, -1.000000000000000000, 0.000000000000000000 ) ) ;
#6781 = CIRCLE ( 'NONE', #2278, 1.675000000000000488 ) ;
#6782 = CARTESIAN_POINT ( 'NONE',  ( 10.00000000000000000, 23.00327610214520035, 9.070785334591098703 ) ) ;
#6783 = CARTESIAN_POINT ( 'NONE',  ( 9.889946419556650881, 4.438346856730314371, 11.94055608499702892 ) ) ;
#6784 = EDGE_CURVE ( 'NONE', #3278, #3091, #3569, .T. ) ;
#6785 = FACE_OUTER_BOUND ( 'NONE', #6408, .T. ) ;
#6786 = ORIENTED_EDGE ( 'NONE', *, *, #7548, .T. ) ;
#6787 = ORIENTED_EDGE ( 'NONE', *, *, #1360, .T. ) ;
#6788 = CARTESIAN_POINT ( 'NONE',  ( 9.299999999999998934, -4.700000000000000178, 14.17500000000000071 ) ) ;
#6789 = EDGE_CURVE ( 'NONE', #1334, #2219, #8978, .T. ) ;
#6790 = CARTESIAN_POINT ( 'NONE',  ( 12.06752016118247717, 23.58847174256555945, 9.749928901589100860 ) ) ;
#6791 = VECTOR ( 'NONE', #6856, 1000.000000000000000 ) ;
#6792 = DIRECTION ( 'NONE',  ( -0.7071067811865450192, -8.656155890839430614E-15, 0.7071067811865500152 ) ) ;
#6793 = EDGE_CURVE ( 'NONE', #4568, #5668, #4385, .T. ) ;
#6794 = LINE ( 'NONE', #2156, #4477 ) ;
#6795 = DIRECTION ( 'NONE',  ( 0.000000000000000000, -0.8663452214004265795, -0.4994456500527817977 ) ) ;
#6796 = DIRECTION ( 'NONE',  ( 0.7071067811865461294, 1.101411730778925368E-15, 0.7071067811865489050 ) ) ;
#6797 = VECTOR ( 'NONE', #3169, 1000.000000000000114 ) ;
#6798 = AXIS2_PLACEMENT_3D ( 'NONE', #1222, #8397, #4407 ) ;
#6799 = LINE ( 'NONE', #5332, #2292 ) ;
#6800 = ORIENTED_EDGE ( 'NONE', *, *, #8309, .F. ) ;
#6801 = DIRECTION ( 'NONE',  ( -1.000000000000000000, 0.000000000000000000, 0.000000000000000000 ) ) ;
#6802 = EDGE_CURVE ( 'NONE', #2941, #9930, #9821, .T. ) ;
#6803 = ORIENTED_EDGE ( 'NONE', *, *, #4611, .F. ) ;
#6804 = LINE ( 'NONE', #3770, #8290 ) ;
#6805 = VECTOR ( 'NONE', #4839, 1000.000000000000227 ) ;
#6806 = ADVANCED_FACE ( 'NONE', ( #7127 ), #2585, .F. ) ;
#6807 = ORIENTED_EDGE ( 'NONE', *, *, #10006, .T. ) ;
#6808 = CARTESIAN_POINT ( 'NONE',  ( 1.099442375715749876, 43.22025802891269564, 2.500000000000000000 ) ) ;
#6809 = ORIENTED_EDGE ( 'NONE', *, *, #652, .F. ) ;
#6810 = AXIS2_PLACEMENT_3D ( 'NONE', #1938, #7510, #4393 ) ;
#6811 = VECTOR ( 'NONE', #5905, 1000.000000000000000 ) ;
#6812 = CARTESIAN_POINT ( 'NONE',  ( 9.998613665375520654, 11.64911931636470044, 8.825000817840150447 ) ) ;
#6813 = ORIENTED_EDGE ( 'NONE', *, *, #1566, .T. ) ;
#6814 = ORIENTED_EDGE ( 'NONE', *, *, #7606, .T. ) ;
#6815 = VECTOR ( 'NONE', #9399, 1000.000000000000000 ) ;
#6816 = ORIENTED_EDGE ( 'NONE', *, *, #652, .T. ) ;
#6817 = FACE_OUTER_BOUND ( 'NONE', #982, .T. ) ;
#6818 = PLANE ( 'NONE',  #9443 ) ;
#6819 = EDGE_LOOP ( 'NONE', ( #6887, #4718, #8312, #2895 ) ) ;
#6820 = FACE_OUTER_BOUND ( 'NONE', #970, .T. ) ;
#6821 = CARTESIAN_POINT ( 'NONE',  ( -4.475884189307883787, 37.30229873345540170, 5.625000000000000000 ) ) ;
#6822 = VECTOR ( 'NONE', #1797, 1000.000000000000114 ) ;
#6823 = DIRECTION ( 'NONE',  ( 0.1616725370998009781, -0.7302243324596517926, 0.6638029941417629143 ) ) ;
#6824 = CARTESIAN_POINT ( 'NONE',  ( 10.00000000000000000, 2.997183533758950080, 10.00000000000000000 ) ) ;
#6825 = DIRECTION ( 'NONE',  ( 1.000000000000000000, 0.000000000000000000, 0.000000000000000000 ) ) ;
#6826 = AXIS2_PLACEMENT_3D ( 'NONE', #8853, #944, #6634 ) ;
#6827 = ORIENTED_EDGE ( 'NONE', *, *, #2839, .T. ) ;
#6828 = DIRECTION ( 'NONE',  ( 0.2394571141604759368, -0.9709069422338768574, 0.000000000000000000 ) ) ;
#6829 = DIRECTION ( 'NONE',  ( -0.2810846377148305542, 0.000000000000000000, -0.9596829822606642857 ) ) ;
#6830 = CARTESIAN_POINT ( 'NONE',  ( 10.69823338638700072, 22.83106912283360046, 10.00000000000000000 ) ) ;
#6831 = EDGE_CURVE ( 'NONE', #7264, #10041, #7861, .T. ) ;
#6832 = CARTESIAN_POINT ( 'NONE',  ( 20.05859405721119870, 6.060623714451949695, 23.94768135373649898 ) ) ;
#6833 = VERTEX_POINT ( 'NONE', #1563 ) ;
#6834 = ORIENTED_EDGE ( 'NONE', *, *, #3014, .F. ) ;
#6835 = CARTESIAN_POINT ( 'NONE',  ( 1.099442375715749876, 43.22025802891269564, 17.50000000000000000 ) ) ;
#6836 = ORIENTED_EDGE ( 'NONE', *, *, #3923, .F. ) ;
#6837 = CARTESIAN_POINT ( 'NONE',  ( 10.03852458440139372, 9.170242779975607661, 8.824668323671687631 ) ) ;
#6838 = VECTOR ( 'NONE', #8297, 1000.000000000000000 ) ;
#6839 = DIRECTION ( 'NONE',  ( 1.000000000000000000, 0.000000000000000000, -0.000000000000000000 ) ) ;
#6840 = CARTESIAN_POINT ( 'NONE',  ( 14.25961256483490125, 43.95287953976159656, 14.17500000000000071 ) ) ;
#6841 = ORIENTED_EDGE ( 'NONE', *, *, #8906, .F. ) ;
#6842 = LINE ( 'NONE', #431, #7363 ) ;
#6843 = EDGE_CURVE ( 'NONE', #871, #6044, #8358, .T. ) ;
#6844 = EDGE_CURVE ( 'NONE', #1496, #3098, #8633, .T. ) ;
#6845 = DIRECTION ( 'NONE',  ( 0.5705340520101068735, -0.4773345432410939226, -0.6683132718461789468 ) ) ;
#6846 = ORIENTED_EDGE ( 'NONE', *, *, #5784, .F. ) ;
#6847 = DIRECTION ( 'NONE',  ( -0.2394571141604759923, 0.9709069422338770794, -1.060859887963359976E-16 ) ) ;
#6848 = EDGE_CURVE ( 'NONE', #5428, #7945, #7804, .T. ) ;
#6849 = VECTOR ( 'NONE', #3762, 1000.000000000000227 ) ;
#6850 = VERTEX_POINT ( 'NONE', #4742 ) ;
#6851 = CARTESIAN_POINT ( 'NONE',  ( 4.091153481926750324, 43.95811093399839820, 10.00000000000000000 ) ) ;
#6852 = ORIENTED_EDGE ( 'NONE', *, *, #2010, .T. ) ;
#6853 = EDGE_CURVE ( 'NONE', #6317, #2498, #7378, .T. ) ;
#6854 = EDGE_CURVE ( 'NONE', #2949, #6598, #3909, .T. ) ;
#6855 = VECTOR ( 'NONE', #6935, 1000.000000000000000 ) ;
#6856 = DIRECTION ( 'NONE',  ( 4.163336342344339985E-16, -1.000000000000000000, 0.000000000000000000 ) ) ;
#6857 = ORIENTED_EDGE ( 'NONE', *, *, #5321, .F. ) ;
#6858 = ORIENTED_EDGE ( 'NONE', *, *, #9434, .T. ) ;
#6859 = LINE ( 'NONE', #10019, #7543 ) ;
#6860 = DIRECTION ( 'NONE',  ( 0.2394571141604759923, -0.9709069422338770794, 0.000000000000000000 ) ) ;
#6861 = ADVANCED_FACE ( 'NONE', ( #7073 ), #10246, .F. ) ;
#6862 = VERTEX_POINT ( 'NONE', #776 ) ;
#6863 = ORIENTED_EDGE ( 'NONE', *, *, #9785, .T. ) ;
#6864 = VECTOR ( 'NONE', #5434, 1000.000000000000000 ) ;
#6865 = ORIENTED_EDGE ( 'NONE', *, *, #1178, .T. ) ;
#6866 = CYLINDRICAL_SURFACE ( 'NONE', #3858, 1.399999999999999467 ) ;
#6867 = LINE ( 'NONE', #6189, #1379 ) ;
#6868 = CARTESIAN_POINT ( 'NONE',  ( 10.96154463249533784, 4.941700380247310065, 8.910934967053719902 ) ) ;
#6869 = ORIENTED_EDGE ( 'NONE', *, *, #4939, .F. ) ;
#6870 = DIRECTION ( 'NONE',  ( 0.6488699952224912249, -0.1600323674314305389, 0.7438799437236199852 ) ) ;
#6871 = EDGE_CURVE ( 'NONE', #3416, #7011, #10299, .T. ) ;
#6872 = VECTOR ( 'NONE', #9457, 1000.000000000000114 ) ;
#6873 = CARTESIAN_POINT ( 'NONE',  ( 15.28625802125600153, 41.43375288419030511, 10.00000000000000000 ) ) ;
#6874 = DIRECTION ( 'NONE',  ( -1.000000000000000000, 0.000000000000000000, -2.419120705443520107E-15 ) ) ;
#6875 = AXIS2_PLACEMENT_3D ( 'NONE', #8163, #4995, #5777 ) ;
#6876 = DIRECTION ( 'NONE',  ( -0.6488699952224920020, -0.1600323674314317046, -0.7438799437236189860 ) ) ;
#6877 = LINE ( 'NONE', #1932, #9779 ) ;
#6878 = ORIENTED_EDGE ( 'NONE', *, *, #2273, .T. ) ;
#6879 = CARTESIAN_POINT ( 'NONE',  ( 19.29289417248839911, 4.910623714452030164, 23.18198146901380241 ) ) ;
#6880 = DIRECTION ( 'NONE',  ( -0.5705340520101069846, -0.4773345432410950329, -0.6683132718461780586 ) ) ;
#6881 = CARTESIAN_POINT ( 'NONE',  ( 9.882001573714406462, 4.437908397027373830, 11.93261123915478628 ) ) ;
#6882 = PLANE ( 'NONE',  #2494 ) ;
#6883 = ORIENTED_EDGE ( 'NONE', *, *, #8309, .T. ) ;
#6884 = ORIENTED_EDGE ( 'NONE', *, *, #5215, .T. ) ;
#6885 = CARTESIAN_POINT ( 'NONE',  ( 20.11595104291249925, 26.13466786615810022, 23.07336909962860005 ) ) ;
#6886 = CIRCLE ( 'NONE', #895, 4.174999999999999822 ) ;
#6887 = ORIENTED_EDGE ( 'NONE', *, *, #4759, .T. ) ;
#6888 = EDGE_CURVE ( 'NONE', #4782, #4569, #6623, .T. ) ;
#6889 = AXIS2_PLACEMENT_3D ( 'NONE', #1937, #5124, #7411 ) ;
#6890 = DIRECTION ( 'NONE',  ( 0.000000000000000000, -1.000000000000000000, 0.000000000000000000 ) ) ;
#6891 = CARTESIAN_POINT ( 'NONE',  ( 15.01993645344910000, 19.33959651678490133, 26.92792522093419905 ) ) ;
#6892 = ORIENTED_EDGE ( 'NONE', *, *, #8603, .F. ) ;
#6893 = PLANE ( 'NONE',  #3678 ) ;
#6894 = AXIS2_PLACEMENT_3D ( 'NONE', #3070, #6255, #1505 ) ;
#6895 = CARTESIAN_POINT ( 'NONE',  ( 25.76182293166739967, 36.22642433111679594, 14.37500000000000000 ) ) ;
#6896 = ORIENTED_EDGE ( 'NONE', *, *, #223, .T. ) ;
#6897 = VECTOR ( 'NONE', #2101, 1000.000000000000114 ) ;
#6898 = ORIENTED_EDGE ( 'NONE', *, *, #9694, .F. ) ;
#6899 = PLANE ( 'NONE',  #9885 ) ;
#6900 = ADVANCED_FACE ( 'NONE', ( #2660 ), #8114, .F. ) ;
#6901 = ORIENTED_EDGE ( 'NONE', *, *, #7670, .T. ) ;
#6902 = CARTESIAN_POINT ( 'NONE',  ( -7.437291095130309948, 37.69308007711869379, 14.17500000000000071 ) ) ;
#6903 = ORIENTED_EDGE ( 'NONE', *, *, #4251, .T. ) ;
#6904 = VERTEX_POINT ( 'NONE', #5734 ) ;
#6905 = ADVANCED_FACE ( 'NONE', ( #1773 ), #1826, .T. ) ;
#6906 = LINE ( 'NONE', #2946, #9711 ) ;
#6907 = DIRECTION ( 'NONE',  ( -0.6355433650282369396, -0.4383711467890769597, -0.6355433650282369396 ) ) ;
#6908 = ORIENTED_EDGE ( 'NONE', *, *, #5382, .F. ) ;
#6909 = ORIENTED_EDGE ( 'NONE', *, *, #4448, .T. ) ;
#6910 = EDGE_CURVE ( 'NONE', #1310, #6301, #7392, .T. ) ;
#6911 = EDGE_CURVE ( 'NONE', #2874, #8224, #3443, .T. ) ;
#6912 = ORIENTED_EDGE ( 'NONE', *, *, #1429, .T. ) ;
#6913 = ADVANCED_FACE ( 'NONE', ( #984 ), #950, .F. ) ;
#6914 = CARTESIAN_POINT ( 'NONE',  ( 24.41814865877235619, 33.96064246619600624, 10.00000000000000000 ) ) ;
#6915 = CARTESIAN_POINT ( 'NONE',  ( 9.610083531968690806, 6.259459804842370190, 8.845163948610990090 ) ) ;
#6916 = ORIENTED_EDGE ( 'NONE', *, *, #1224, .F. ) ;
#6917 = CARTESIAN_POINT ( 'NONE',  ( -7.276024169449100576, 22.02305375712660407, 0.2276984053468007474 ) ) ;
#6918 = DIRECTION ( 'NONE',  ( -0.7071067811865469066, -0.000000000000000000, -0.7071067811865482389 ) ) ;
#6919 = EDGE_CURVE ( 'NONE', #6566, #1965, #2143, .T. ) ;
#6920 = CARTESIAN_POINT ( 'NONE',  ( 10.00000000000000000, -4.700000000000000178, 5.875000000000000000 ) ) ;
#6921 = ORIENTED_EDGE ( 'NONE', *, *, #8125, .F. ) ;
#6922 = EDGE_CURVE ( 'NONE', #3742, #4009, #2972, .T. ) ;
#6923 = CARTESIAN_POINT ( 'NONE',  ( -5.999999999999996447, 0.5000000000000015543, -1.040834086253349550E-15 ) ) ;
#6924 = ORIENTED_EDGE ( 'NONE', *, *, #9562, .F. ) ;
#6925 = DIRECTION ( 'NONE',  ( 1.189018079076661722E-16, 2.932503883896904552E-17, -1.000000000000000000 ) ) ;
#6926 = CARTESIAN_POINT ( 'NONE',  ( 7.243207753634520074, -2.600000000000000089, 13.06850476785990089 ) ) ;
#6927 = DIRECTION ( 'NONE',  ( 2.048076322934719762E-15, -0.3260341397825189946, -0.9453579955214178598 ) ) ;
#6928 = CARTESIAN_POINT ( 'NONE',  ( 9.586849580640215862, 4.424679055258747162, 11.63745924608059390 ) ) ;
#6929 = CARTESIAN_POINT ( 'NONE',  ( 7.859482316553293657, 23.77204692449389256, 10.00573644741906065 ) ) ;
#6930 = ORIENTED_EDGE ( 'NONE', *, *, #6226, .T. ) ;
#6931 = CARTESIAN_POINT ( 'NONE',  ( -2.521786244474910177, 42.32714570538659871, 10.00000000000000000 ) ) ;
#6932 = LINE ( 'NONE', #6163, #3994 ) ;
#6933 = AXIS2_PLACEMENT_3D ( 'NONE', #7761, #4544, #677 ) ;
#6934 = PLANE ( 'NONE',  #8455 ) ;
#6935 = DIRECTION ( 'NONE',  ( 0.7071067811865500152, -7.511339080654519729E-16, 0.7071067811865450192 ) ) ;
#6936 = ORIENTED_EDGE ( 'NONE', *, *, #6497, .T. ) ;
#6937 = CARTESIAN_POINT ( 'NONE',  ( 22.17991430594149804, 7.660623714452039934, 15.10884649407529956 ) ) ;
#6938 = PLANE ( 'NONE',  #9249 ) ;
#6939 = DIRECTION ( 'NONE',  ( 2.312964686334536862E-15, 1.000000000000000000, 1.503427046117448881E-14 ) ) ;
#6940 = EDGE_LOOP ( 'NONE', ( #9903, #6556 ) ) ;
#6941 = DIRECTION ( 'NONE',  ( -0.6416822328233690031, 0.7669706070501109973, 1.043956269252671944E-16 ) ) ;
#6942 = AXIS2_PLACEMENT_3D ( 'NONE', #5313, #8678, #3067 ) ;
#6943 = LINE ( 'NONE', #6432, #2555 ) ;
#6944 = ORIENTED_EDGE ( 'NONE', *, *, #1756, .T. ) ;
#6945 = DIRECTION ( 'NONE',  ( 1.863867409562341178E-16, 2.558251605422084949E-12, -1.000000000000000000 ) ) ;
#6946 = CIRCLE ( 'NONE', #454, 1.699999999999999289 ) ;
#6947 = VERTEX_POINT ( 'NONE', #4531 ) ;
#6948 = AXIS2_PLACEMENT_3D ( 'NONE', #4871, #7320, #4987 ) ;
#6949 = DIRECTION ( 'NONE',  ( -0.6683132718461772814, 0.000000000000000000, 0.7438799437236210954 ) ) ;
#6950 = EDGE_LOOP ( 'NONE', ( #9475, #10086, #1019, #24 ) ) ;
#6951 = ORIENTED_EDGE ( 'NONE', *, *, #8876, .T. ) ;
#6952 = LINE ( 'NONE', #5345, #238 ) ;
#6953 = EDGE_CURVE ( 'NONE', #3468, #5508, #10090, .T. ) ;
#6954 = DIRECTION ( 'NONE',  ( 0.000000000000000000, -1.000000000000000000, 0.000000000000000000 ) ) ;
#6955 = EDGE_LOOP ( 'NONE', ( #5982, #8062, #2550, #1111 ) ) ;
#6956 = VERTEX_POINT ( 'NONE', #616 ) ;
#6957 = VECTOR ( 'NONE', #4784, 1000.000000000000227 ) ;
#6958 = ORIENTED_EDGE ( 'NONE', *, *, #8373, .F. ) ;
#6959 = EDGE_CURVE ( 'NONE', #9049, #4213, #7702, .T. ) ;
#6960 = CARTESIAN_POINT ( 'NONE',  ( 27.35854120656069810, 29.25100135070063345, 20.00000000000000000 ) ) ;
#6961 = CARTESIAN_POINT ( 'NONE',  ( 11.65940372231040989, 4.424175851768880285, 9.608794056868781297 ) ) ;
#6962 = AXIS2_PLACEMENT_3D ( 'NONE', #4482, #4340, #3697 ) ;
#6963 = ORIENTED_EDGE ( 'NONE', *, *, #9900, .F. ) ;
#6964 = EDGE_CURVE ( 'NONE', #5163, #6132, #10143, .T. ) ;
#6965 = EDGE_CURVE ( 'NONE', #7250, #9049, #3016, .T. ) ;
#6966 = DIRECTION ( 'NONE',  ( 0.000000000000000000, -1.000000000000000000, 0.000000000000000000 ) ) ;
#6967 = CARTESIAN_POINT ( 'NONE',  ( 10.00000000000000000, -4.700000000000000178, 10.00000000000000000 ) ) ;
#6968 = EDGE_CURVE ( 'NONE', #37, #6521, #1409, .T. ) ;
#6969 = AXIS2_PLACEMENT_3D ( 'NONE', #6006, #421, #6058 ) ;
#6970 = CARTESIAN_POINT ( 'NONE',  ( -7.022132989922241997, 12.40000000000000036, 27.21079000572915874 ) ) ;
#6971 = ORIENTED_EDGE ( 'NONE', *, *, #7077, .T. ) ;
#6972 = LINE ( 'NONE', #6923, #629 ) ;
#6973 = ORIENTED_EDGE ( 'NONE', *, *, #4143, .T. ) ;
#6974 = LINE ( 'NONE', #4582, #1150 ) ;
#6975 = EDGE_CURVE ( 'NONE', #2991, #4772, #5426, .T. ) ;
#6976 = CARTESIAN_POINT ( 'NONE',  ( 13.23190208582489902, 3.899999999999999911, 21.20435694737729904 ) ) ;
#6977 = DIRECTION ( 'NONE',  ( 2.113436893093974384E-08, -2.558864502944213718E-12, 0.9999999999999997780 ) ) ;
#6978 = CIRCLE ( 'NONE', #2315, 4.125000000000000000 ) ;
#6979 = CARTESIAN_POINT ( 'NONE',  ( 8.953843864845980605, 4.865087252234710391, 11.00445353028636752 ) ) ;
#6980 = LINE ( 'NONE', #7908, #9283 ) ;
#6981 = CARTESIAN_POINT ( 'NONE',  ( 16.88724401598359748, 43.30482047560280279, 14.61848666645090056 ) ) ;
#6982 = CARTESIAN_POINT ( 'NONE',  ( -18.85854109944464696, 4.699999434693411082, 0.000000000000000000 ) ) ;
#6983 = EDGE_CURVE ( 'NONE', #7382, #3411, #129, .T. ) ;
#6984 = B_SPLINE_CURVE_WITH_KNOTS ( 'NONE', 3,
 ( #2086, #1295, #8417, #2672, #5851, #7640, #9007, #363, #3550, #5067, #8232, #4282, #7450, #7692, #3059, #1490, #7059, #2132, #7896, #4671, #3794, #8570, #1442, #5503, #7842, #5453, #10130, #4623, #3744, #3007, #3106, #10181, #9400, #3842, #6244, #8465, #9453, #4524, #6194, #9350, #8617 ),
 .UNSPECIFIED., .F., .F.,
 ( 4, 2, 2, 2, 2, 2, 2, 2, 2, 2, 2, 2, 2, 1, 2, 2, 2, 1, 1, 1, 1, 2, 4 ),
 ( 0.000000000000000000, 0.08950462678831649921, 0.1342569401824749153, 0.1790092535766333592, 0.2237615669707918031, 0.2461377236678713998, 0.2685138803649509964, 0.3580185071532704377, 0.4027708205474302416, 0.4475231339415901566, 0.4922754473357499605, 0.4978694865100200539, 0.5034635256842902029, 0.5146516040328315000, 0.5370277607299148714, 0.6265323875182451374, 0.6712847009124097708, 0.6936608576094922540, 0.7048489359580334401, 0.7104429751323037001, 0.7132399947194388856, 0.7146385045130068114, 0.7160370143065747373 ),
 .UNSPECIFIED. ) ;
#6985 = DIRECTION ( 'NONE',  ( -1.000000000000000000, 0.000000000000000000, 0.000000000000000000 ) ) ;
#6986 = DIRECTION ( 'NONE',  ( 0.000000000000000000, -6.123941440876519877E-17, -1.000000000000000000 ) ) ;
#6987 = ORIENTED_EDGE ( 'NONE', *, *, #8053, .F. ) ;
#6988 = DIRECTION ( 'NONE',  ( -5.337610695313252173E-15, 1.000000000000000000, 6.405132834375902450E-15 ) ) ;
#6989 = DIRECTION ( 'NONE',  ( 0.7071067811865450192, 8.656155890839421148E-15, -0.7071067811865500152 ) ) ;
#6990 = CARTESIAN_POINT ( 'NONE',  ( 9.168313477198489991, 7.657987647878290005, 9.169985587013959716 ) ) ;
#6991 = VERTEX_POINT ( 'NONE', #4034 ) ;
#6992 = VECTOR ( 'NONE', #6587, 1000.000000000000000 ) ;
#6993 = DIRECTION ( 'NONE',  ( 0.3535533905932730647, -0.7071067811865476838, 0.6123724356957946924 ) ) ;
#6994 = CARTESIAN_POINT ( 'NONE',  ( 8.877232551486311962, 4.725612720091604935, 10.35450321537082630 ) ) ;
#6995 = EDGE_LOOP ( 'NONE', ( #7705, #2792, #9973, #3357 ) ) ;
#6996 = DIRECTION ( 'NONE',  ( -4.308582930751620918E-10, 2.558252622130288140E-12, -1.000000000000000000 ) ) ;
#6997 = LINE ( 'NONE', #6228, #1065 ) ;
#6998 = CYLINDRICAL_SURFACE ( 'NONE', #1139, 1.175000000000000488 ) ;
#6999 = ORIENTED_EDGE ( 'NONE', *, *, #4108, .F. ) ;
#7000 = ORIENTED_EDGE ( 'NONE', *, *, #9380, .T. ) ;
#7001 = EDGE_LOOP ( 'NONE', ( #203, #6944, #1479, #10027 ) ) ;
#7002 = AXIS2_PLACEMENT_3D ( 'NONE', #406, #6768, #6722 ) ;
#7003 = EDGE_CURVE ( 'NONE', #6220, #7737, #2000, .T. ) ;
#7004 = DIRECTION ( 'NONE',  ( 0.7071067811865465735, -3.700743415417187153E-15, 0.7071067811865484609 ) ) ;
#7005 = EDGE_LOOP ( 'NONE', ( #10230, #3582, #852, #4396 ) ) ;
#7006 = LINE ( 'NONE', #4522, #9809 ) ;
#7007 = CIRCLE ( 'NONE', #8645, 4.575000000000001066 ) ;
#7008 = LINE ( 'NONE', #2962, #7148 ) ;
#7009 = DIRECTION ( 'NONE',  ( -2.286247677450875227E-31, 0.000000000000000000, -1.000000000000000000 ) ) ;
#7010 = ADVANCED_FACE ( 'NONE', ( #9375 ), #1126, .F. ) ;
#7011 = VERTEX_POINT ( 'NONE', #3130 ) ;
#7012 = VECTOR ( 'NONE', #7892, 1000.000000000000114 ) ;
#7013 = DIRECTION ( 'NONE',  ( 0.000000000000000000, 0.000000000000000000, 1.000000000000000000 ) ) ;
#7014 = DIRECTION ( 'NONE',  ( 0.5705340520101066515, 0.4773345432410946998, 0.6683132718461786137 ) ) ;
#7015 = VECTOR ( 'NONE', #4953, 1000.000000000000000 ) ;
#7016 = DIRECTION ( 'NONE',  ( 0.6416822328233690031, 0.7669706070501109973, 0.000000000000000000 ) ) ;
#7017 = CARTESIAN_POINT ( 'NONE',  ( 8.315895239344820666, 22.58792129481160060, 10.59123748792399944 ) ) ;
#7018 = DIRECTION ( 'NONE',  ( -2.631847366267809955E-15, -1.000000000000000000, -1.487350042510860161E-14 ) ) ;
#7019 = FACE_OUTER_BOUND ( 'NONE', #8895, .T. ) ;
#7020 = DIRECTION ( 'NONE',  ( 0.000000000000000000, -1.000000000000000000, 0.000000000000000000 ) ) ;
#7021 = AXIS2_PLACEMENT_3D ( 'NONE', #846, #7311, #4757 ) ;
#7022 = AXIS2_PLACEMENT_3D ( 'NONE', #10278, #3159, #7269 ) ;
#7023 = DIRECTION ( 'NONE',  ( -1.000000000000000000, -4.549778566513079796E-16, -2.419120705443520107E-15 ) ) ;
#7024 = EDGE_CURVE ( 'NONE', #5980, #8784, #7133, .T. ) ;
#7025 = EDGE_CURVE ( 'NONE', #165, #653, #8694, .T. ) ;
#7026 = CARTESIAN_POINT ( 'NONE',  ( 11.92705054263371878, 4.410803266151464896, 11.00666507554283946 ) ) ;
#7027 = DIRECTION ( 'NONE',  ( -0.5125766358075057871, -0.4288447525037433761, -0.7438799437236243151 ) ) ;
#7028 = EDGE_LOOP ( 'NONE', ( #8142, #4883, #2879, #2906 ) ) ;
#7029 = CARTESIAN_POINT ( 'NONE',  ( 15.49775522372589975, 8.859581427496641126, 11.60866792719929919 ) ) ;
#7030 = ADVANCED_FACE ( 'NONE', ( #2249, #10306 ), #6319, .T. ) ;
#7031 = CARTESIAN_POINT ( 'NONE',  ( 15.55078821914429987, 10.91062371445219981, 16.50538240008730284 ) ) ;
#7032 = LINE ( 'NONE', #4644, #6067 ) ;
#7033 = CARTESIAN_POINT ( 'NONE',  ( 8.952134974067169182, 7.278985202045520353, 9.387141053761441256 ) ) ;
#7034 = VECTOR ( 'NONE', #4657, 1000.000000000000000 ) ;
#7035 = ORIENTED_EDGE ( 'NONE', *, *, #6922, .T. ) ;
#7036 = CARTESIAN_POINT ( 'NONE',  ( 23.06913950682909942, 39.00077721084540627, 13.59675238393000107 ) ) ;
#7037 = AXIS2_PLACEMENT_3D ( 'NONE', #9684, #1726, #267 ) ;
#7038 = DIRECTION ( 'NONE',  ( 6.120826529420450260E-15, -1.000000000000000000, -6.120826529420420283E-15 ) ) ;
#7039 = EDGE_CURVE ( 'NONE', #3995, #5646, #783, .T. ) ;
#7040 = ORIENTED_EDGE ( 'NONE', *, *, #5493, .T. ) ;
#7041 = CARTESIAN_POINT ( 'NONE',  ( 23.44661834007779788, 38.68496137861399831, 14.37500000000000000 ) ) ;
#7042 = AXIS2_PLACEMENT_3D ( 'NONE', #2676, #9795, #4238 ) ;
#7043 = DIRECTION ( 'NONE',  ( 0.7071067811865462405, 9.773090005503139838E-16, 0.7071067811865487940 ) ) ;
#7044 = ORIENTED_EDGE ( 'NONE', *, *, #9245, .F. ) ;
#7045 = DIRECTION ( 'NONE',  ( 0.000000000000000000, -1.000000000000000000, 0.000000000000000000 ) ) ;
#7046 = EDGE_CURVE ( 'NONE', #7972, #9391, #1368, .T. ) ;
#7047 = FACE_OUTER_BOUND ( 'NONE', #8349, .T. ) ;
#7048 = AXIS2_PLACEMENT_3D ( 'NONE', #1041, #9733, #4223 ) ;
#7049 = ORIENTED_EDGE ( 'NONE', *, *, #3354, .F. ) ;
#7050 = CARTESIAN_POINT ( 'NONE',  ( 22.23336140764999769, 39.17849452565919677, 13.25447475379079876 ) ) ;
#7051 = ORIENTED_EDGE ( 'NONE', *, *, #5192, .F. ) ;
#7052 = AXIS2_PLACEMENT_3D ( 'NONE', #10217, #10262, #8759 ) ;
#7053 = VERTEX_POINT ( 'NONE', #1572 ) ;
#7054 = CARTESIAN_POINT ( 'NONE',  ( 16.19851642713189932, 38.53085185151779513, 14.12500000000000000 ) ) ;
#7055 = ORIENTED_EDGE ( 'NONE', *, *, #2848, .F. ) ;
#7056 = DIRECTION ( 'NONE',  ( 0.9999999999999997780, 0.000000000000000000, 2.070351172966034045E-08 ) ) ;
#7057 = EDGE_LOOP ( 'NONE', ( #3376, #5472, #2629, #3350, #5489 ) ) ;
#7058 = LINE ( 'NONE', #10231, #10122 ) ;
#7059 = CARTESIAN_POINT ( 'NONE',  ( 9.549687680548268887, 10.47695924523405608, 11.08791890817177972 ) ) ;
#7060 = CARTESIAN_POINT ( 'NONE',  ( 18.85041768144719754, 3.899999999999999911, 25.03867152242810334 ) ) ;
#7061 = CARTESIAN_POINT ( 'NONE',  ( 10.81736608846317615, 10.14618155747342421, 9.155873125100562504 ) ) ;
#7062 = LINE ( 'NONE', #4578, #5055 ) ;
#7063 = ORIENTED_EDGE ( 'NONE', *, *, #5763, .F. ) ;
#7064 = CARTESIAN_POINT ( 'NONE',  ( -18.47569835231111313, 0.000000000000000000, 14.80000001233967666 ) ) ;
#7065 = DIRECTION ( 'NONE',  ( -0.2394571141604759923, 0.9709069422338770794, -1.160069772669551922E-16 ) ) ;
#7066 = CARTESIAN_POINT ( 'NONE',  ( 24.47588418930790155, 37.30229873345540170, 5.625000000000000000 ) ) ;
#7067 = CARTESIAN_POINT ( 'NONE',  ( 9.147880357159529296, 4.610498743574346747, 11.19849002259991089 ) ) ;
#7068 = LINE ( 'NONE', #8629, #5648 ) ;
#7069 = DIRECTION ( 'NONE',  ( -1.224165305884090052E-14, 1.000000000000000000, 0.000000000000000000 ) ) ;
#7070 = LINE ( 'NONE', #6931, #7709 ) ;
#7071 = DIRECTION ( 'NONE',  ( 0.7071067811865489050, 8.656155890839419570E-15, -0.7071067811865460184 ) ) ;
#7072 = EDGE_CURVE ( 'NONE', #5220, #482, #2298, .T. ) ;
#7073 = FACE_OUTER_BOUND ( 'NONE', #4276, .T. ) ;
#7074 = LINE ( 'NONE', #2201, #7452 ) ;
#7075 = LINE ( 'NONE', #3126, #6193 ) ;
#7076 = VERTEX_POINT ( 'NONE', #8544 ) ;
#7077 = EDGE_CURVE ( 'NONE', #7136, #3213, #4124, .T. ) ;
#7078 = DIRECTION ( 'NONE',  ( 2.312964686334536862E-15, 1.000000000000000000, 1.503427046117448881E-14 ) ) ;
#7079 = CARTESIAN_POINT ( 'NONE',  ( 9.999969180280523062, 20.52876644295015041, 11.14896677176664852 ) ) ;
#7080 = LINE ( 'NONE', #784, #6574 ) ;
#7081 = CARTESIAN_POINT ( 'NONE',  ( 10.83032118525095910, 3.632857506737339648, 10.83010036347999971 ) ) ;
#7082 = EDGE_CURVE ( 'NONE', #2070, #8903, #4442, .T. ) ;
#7083 = EDGE_LOOP ( 'NONE', ( #6827, #1435, #3788, #2552 ) ) ;
#7084 = CYLINDRICAL_SURFACE ( 'NONE', #8523, 4.125000000000000000 ) ;
#7085 = CARTESIAN_POINT ( 'NONE',  ( 28.02759255601569777, 37.19920722726249807, 13.10569876504609965 ) ) ;
#7086 = EDGE_CURVE ( 'NONE', #988, #780, #5436, .T. ) ;
#7087 = VECTOR ( 'NONE', #6989, 1000.000000000000000 ) ;
#7088 = PLANE ( 'NONE',  #6047 ) ;
#7089 = ORIENTED_EDGE ( 'NONE', *, *, #3672, .F. ) ;
#7090 = CARTESIAN_POINT ( 'NONE',  ( 11.67664670658679960, -3.000000000000000000, 14.37500000000000000 ) ) ;
#7091 = DIRECTION ( 'NONE',  ( 0.000000000000000000, -2.558264100334658768E-12, 1.000000000000000000 ) ) ;
#7092 = VERTEX_POINT ( 'NONE', #3864 ) ;
#7093 = DIRECTION ( 'NONE',  ( 0.1693217492262328594, 0.6865348827546697841, -0.7071067811865480168 ) ) ;
#7094 = VECTOR ( 'NONE', #3117, 1000.000000000000227 ) ;
#7095 = FACE_OUTER_BOUND ( 'NONE', #10223, .T. ) ;
#7096 = EDGE_CURVE ( 'NONE', #8168, #8055, #6217, .T. ) ;
#7097 = PLANE ( 'NONE',  #3884 ) ;
#7098 = FACE_OUTER_BOUND ( 'NONE', #3321, .T. ) ;
#7099 = ORIENTED_EDGE ( 'NONE', *, *, #1175, .F. ) ;
#7100 = ORIENTED_EDGE ( 'NONE', *, *, #1481, .T. ) ;
#7101 = EDGE_CURVE ( 'NONE', #8902, #5621, #1791, .T. ) ;
#7102 = CARTESIAN_POINT ( 'NONE',  ( 11.23863473752230036, 3.424654708124149849, 9.836625447657040056 ) ) ;
#7103 = VECTOR ( 'NONE', #5522, 999.9999999999998863 ) ;
#7104 = VECTOR ( 'NONE', #6073, 1000.000000000000000 ) ;
#7105 = ORIENTED_EDGE ( 'NONE', *, *, #2907, .T. ) ;
#7106 = FACE_BOUND ( 'NONE', #8150, .T. ) ;
#7107 = ORIENTED_EDGE ( 'NONE', *, *, #1385, .F. ) ;
#7108 = TOROIDAL_SURFACE ( 'NONE', #6137, 2.174999999999999822, 1.000000000000000000 ) ;
#7109 = DIRECTION ( 'NONE',  ( 0.000000000000000000, -1.000000000000000000, 0.000000000000000000 ) ) ;
#7110 = EDGE_LOOP ( 'NONE', ( #9378, #4356, #105, #1279, #686 ) ) ;
#7111 = LINE ( 'NONE', #3165, #10033 ) ;
#7112 = CARTESIAN_POINT ( 'NONE',  ( 13.57938934188711144, 3.800000180556912799, 21.86042301137482724 ) ) ;
#7113 = CARTESIAN_POINT ( 'NONE',  ( 20.36911789923830085, 32.39368684833460321, 10.00000000000000000 ) ) ;
#7114 = DIRECTION ( 'NONE',  ( 0.9940715557477196596, 0.1087278347678649615, 0.000000000000000000 ) ) ;
#7115 = DIRECTION ( 'NONE',  ( 0.000000000000000000, -1.000000000000000000, 0.000000000000000000 ) ) ;
#7116 = LINE ( 'NONE', #7064, #127 ) ;
#7117 = CARTESIAN_POINT ( 'NONE',  ( 23.88908825020099869, 6.060623714452020749, 20.00000000000000000 ) ) ;
#7118 = ORIENTED_EDGE ( 'NONE', *, *, #3295, .F. ) ;
#7119 = CYLINDRICAL_SURFACE ( 'NONE', #4451, 1.699999999999999289 ) ;
#7120 = CARTESIAN_POINT ( 'NONE',  ( 9.090830142894851917, 4.673343552051301586, 11.14143980833523706 ) ) ;
#7121 = CARTESIAN_POINT ( 'NONE',  ( 12.92387056432700021, -3.000000000000000000, 13.25447475379079876 ) ) ;
#7122 = DIRECTION ( 'NONE',  ( 0.000000000000000000, -1.000000000000000000, 0.000000000000000000 ) ) ;
#7123 = DIRECTION ( 'NONE',  ( 0.000000000000000000, -0.7071067811865480168, -0.7071067811865470176 ) ) ;
#7124 = AXIS2_PLACEMENT_3D ( 'NONE', #9740, #266, #8790 ) ;
#7125 = CARTESIAN_POINT ( 'NONE',  ( 19.90871565843829671, 11.55027452128530108, 24.01904220684210145 ) ) ;
#7126 = CIRCLE ( 'NONE', #1828, 4.125000000000000888 ) ;
#7127 = FACE_OUTER_BOUND ( 'NONE', #1722, .T. ) ;
#7128 = FACE_OUTER_BOUND ( 'NONE', #8189, .T. ) ;
#7129 = DIRECTION ( 'NONE',  ( 0.6416822328233690031, 0.7669706070501109973, 2.546063731112064928E-16 ) ) ;
#7130 = VECTOR ( 'NONE', #4514, 1000.000000000000114 ) ;
#7131 = EDGE_LOOP ( 'NONE', ( #752, #4605, #2305, #9290 ) ) ;
#7132 = DIRECTION ( 'NONE',  ( 0.09051680717457642744, 0.7252667590597402514, 0.6824916379135361755 ) ) ;
#7133 = LINE ( 'NONE', #628, #771 ) ;
#7134 = DIRECTION ( 'NONE',  ( 0.000000000000000000, -1.000000000000000000, 0.000000000000000000 ) ) ;
#7135 = CARTESIAN_POINT ( 'NONE',  ( 10.72060145778506168, 3.632889742932569721, 10.93979959065991991 ) ) ;
#7136 = VERTEX_POINT ( 'NONE', #3816 ) ;
#7137 = ORIENTED_EDGE ( 'NONE', *, *, #8741, .F. ) ;
#7138 = DIRECTION ( 'NONE',  ( -0.7071067811865461294, -1.101411730778925368E-15, -0.7071067811865489050 ) ) ;
#7139 = SURFACE_STYLE_USAGE ( .BOTH. , #8699 ) ;
#7140 = FACE_OUTER_BOUND ( 'NONE', #1270, .T. ) ;
#7141 = VECTOR ( 'NONE', #9365, 1000.000000000000000 ) ;
#7142 = EDGE_LOOP ( 'NONE', ( #10045, #8097, #2296, #9336, #3290 ) ) ;
#7143 = DIRECTION ( 'NONE',  ( 0.6903883132438869419, -0.1528527949900360394, 0.7071067811865439090 ) ) ;
#7144 = DIRECTION ( 'NONE',  ( 0.6546536707079830819, -0.3779644730092240890, 0.6546536707079729789 ) ) ;
#7145 = VERTEX_POINT ( 'NONE', #3078 ) ;
#7146 = ADVANCED_FACE ( 'NONE', ( #5474 ), #6938, .T. ) ;
#7147 = DIRECTION ( 'NONE',  ( 0.000000000000000000, 0.000000000000000000, -1.000000000000000000 ) ) ;
#7148 = VECTOR ( 'NONE', #4577, 1000.000000000000000 ) ;
#7149 = EDGE_CURVE ( 'NONE', #8430, #2525, #3030, .T. ) ;
#7150 = CARTESIAN_POINT ( 'NONE',  ( -4.793552560108429894, 33.38579642963709659, 13.06850476785990089 ) ) ;
#7151 = ORIENTED_EDGE ( 'NONE', *, *, #9907, .F. ) ;
#7152 = DIRECTION ( 'NONE',  ( -0.6416822328233711126, 0.7669706070501092210, 2.227333963525540794E-15 ) ) ;
#7153 = DIRECTION ( 'NONE',  ( 0.000000000000000000, 1.000000000000000000, 0.000000000000000000 ) ) ;
#7154 = EDGE_LOOP ( 'NONE', ( #1576, #3051, #2846, #9961 ) ) ;
#7155 = CARTESIAN_POINT ( 'NONE',  ( 9.169149532106040112, 7.660623714452170496, 9.169149532106040112 ) ) ;
#7156 = EDGE_LOOP ( 'NONE', ( #886, #538, #6185, #7901 ) ) ;
#7157 = EDGE_CURVE ( 'NONE', #6539, #535, #3245, .T. ) ;
#7158 = EDGE_CURVE ( 'NONE', #7232, #4461, #840, .T. ) ;
#7159 = VERTEX_POINT ( 'NONE', #7247 ) ;
#7160 = CARTESIAN_POINT ( 'NONE',  ( 24.92188900667309781, 33.53919055104709912, 13.06850476785990089 ) ) ;
#7161 = ORIENTED_EDGE ( 'NONE', *, *, #4369, .T. ) ;
#7162 = EDGE_CURVE ( 'NONE', #10277, #3053, #8802, .T. ) ;
#7163 = ORIENTED_EDGE ( 'NONE', *, *, #9239, .T. ) ;
#7164 = ORIENTED_EDGE ( 'NONE', *, *, #2185, .T. ) ;
#7165 = FACE_BOUND ( 'NONE', #2927, .T. ) ;
#7166 = EDGE_LOOP ( 'NONE', ( #7223, #5817, #499, #7535 ) ) ;
#7167 = CARTESIAN_POINT ( 'NONE',  ( 11.68410476065519887, 22.58792129481160060, 10.59123748792399944 ) ) ;
#7168 = CARTESIAN_POINT ( 'NONE',  ( 18.21184262806900023, 26.26631160455340108, 22.11035971172509917 ) ) ;
#7169 = ORIENTED_EDGE ( 'NONE', *, *, #7663, .F. ) ;
#7170 = LINE ( 'NONE', #1777, #7015 ) ;
#7171 = CARTESIAN_POINT ( 'NONE',  ( -7.358541220828723972, 29.25100135070063345, 18.91715729557478909 ) ) ;
#7172 = EDGE_CURVE ( 'NONE', #9789, #6271, #102, .T. ) ;
#7173 = ORIENTED_EDGE ( 'NONE', *, *, #7086, .T. ) ;
#7174 = VECTOR ( 'NONE', #3183, 1000.000000000000000 ) ;
#7175 = CARTESIAN_POINT ( 'NONE',  ( 11.60866792719989959, 9.964453336049476917, 14.48530593349524054 ) ) ;
#7176 = AXIS2_PLACEMENT_3D ( 'NONE', #9928, #2812, #9051 ) ;
#7177 = CYLINDRICAL_SURFACE ( 'NONE', #10177, 1.600000000000000755 ) ;
#7178 = CARTESIAN_POINT ( 'NONE',  ( 17.94775109676444202, 43.45525099426140514, 10.00000000000000000 ) ) ;
#7179 = LINE ( 'NONE', #9574, #5069 ) ;
#7180 = CARTESIAN_POINT ( 'NONE',  ( 17.06621666087569977, 12.50000000000000000, 25.03867152242800387 ) ) ;
#7181 = DIRECTION ( 'NONE',  ( 0.5705340520101082058, 0.4773345432410951439, -0.6683132718461771704 ) ) ;
#7182 = AXIS2_PLACEMENT_3D ( 'NONE', #5420, #7810, #730 ) ;
#7183 = CARTESIAN_POINT ( 'NONE',  ( 19.29289417248839911, 8.705311857225998651, 23.88908825020029880 ) ) ;
#7184 = VECTOR ( 'NONE', #2089, 1000.000000000000114 ) ;
#7185 = CARTESIAN_POINT ( 'NONE',  ( 4.091153481926750324, 43.95811093399839820, 10.00000000000000000 ) ) ;
#7186 = DIRECTION ( 'NONE',  ( 0.000000000000000000, 0.000000000000000000, -1.000000000000000000 ) ) ;
#7187 = VERTEX_POINT ( 'NONE', #8860 ) ;
#7188 = CARTESIAN_POINT ( 'NONE',  ( 11.08281007774586158, 20.74477522849740652, 9.132547361047796741 ) ) ;
#7189 = CARTESIAN_POINT ( 'NONE',  ( -6.846935705143220474, 35.84010237219740702, 13.06850476785990089 ) ) ;
#7190 = CARTESIAN_POINT ( 'NONE',  ( 12.14051777502088569, 23.77204732843077295, 10.07919319480306264 ) ) ;
#7191 = CARTESIAN_POINT ( 'NONE',  ( 9.169149531931591213, 7.660623713813800251, 9.169149532280490789 ) ) ;
#7192 = AXIS2_PLACEMENT_3D ( 'NONE', #22, #6344, #9448 ) ;
#7193 = ORIENTED_EDGE ( 'NONE', *, *, #931, .F. ) ;
#7194 = DIRECTION ( 'NONE',  ( 0.6416822328233700024, 0.7669706070501101092, 0.000000000000000000 ) ) ;
#7195 = VECTOR ( 'NONE', #7342, 1000.000000000000000 ) ;
#7196 = DIRECTION ( 'NONE',  ( -0.2161664957215420624, -0.9763565158933844579, 0.000000000000000000 ) ) ;
#7197 = EDGE_CURVE ( 'NONE', #4344, #2926, #7974, .T. ) ;
#7198 = CARTESIAN_POINT ( 'NONE',  ( 10.02562716047079938, 13.09417668731474116, 8.824166637539436309 ) ) ;
#7199 = CARTESIAN_POINT ( 'NONE',  ( 9.999971544189332207, 20.56125435944928270, 8.852035540615666775 ) ) ;
#7200 = ORIENTED_EDGE ( 'NONE', *, *, #1468, .T. ) ;
#7201 = CARTESIAN_POINT ( 'NONE',  ( -4.675128573008960231, 40.00402993402769880, 14.12500000000000000 ) ) ;
#7202 = CIRCLE ( 'NONE', #2736, 1.700000000000000844 ) ;
#7203 = PLANE ( 'NONE',  #8361 ) ;
#7204 = ORIENTED_EDGE ( 'NONE', *, *, #5085, .T. ) ;
#7205 = PLANE ( 'NONE',  #9172 ) ;
#7206 = CIRCLE ( 'NONE', #6725, 1.599999999999999867 ) ;
#7207 = LINE ( 'NONE', #3255, #8599 ) ;
#7208 = VERTEX_POINT ( 'NONE', #4023 ) ;
#7209 = CARTESIAN_POINT ( 'NONE',  ( 13.23190208582489902, 3.899999999999999911, 22.76933576121399838 ) ) ;
#7210 = VECTOR ( 'NONE', #3917, 1000.000000000000114 ) ;
#7211 = ORIENTED_EDGE ( 'NONE', *, *, #6793, .F. ) ;
#7212 = CARTESIAN_POINT ( 'NONE',  ( 11.68410476065519887, 22.58792129481160060, 10.59123748792399944 ) ) ;
#7213 = ADVANCED_FACE ( 'NONE', ( #5691 ), #6594, .F. ) ;
#7214 = VECTOR ( 'NONE', #2772, 999.9999999999998863 ) ;
#7215 = CARTESIAN_POINT ( 'NONE',  ( 9.170529362271659934, 7.658537783909610042, 9.167769701940420290 ) ) ;
#7216 = EDGE_LOOP ( 'NONE', ( #7544, #5001, #5726, #7340 ) ) ;
#7217 = VECTOR ( 'NONE', #5027, 1000.000000000000114 ) ;
#7218 = PLANE ( 'NONE',  #1212 ) ;
#7219 = VERTEX_POINT ( 'NONE', #5583 ) ;
#7220 = ADVANCED_FACE ( 'NONE', ( #9582 ), #2466, .F. ) ;
#7222 = ORIENTED_EDGE ( 'NONE', *, *, #5714, .F. ) ;
#7221 = VECTOR ( 'NONE', #9073, 1000.000000000000227 ) ;
#7223 = ORIENTED_EDGE ( 'NONE', *, *, #2401, .F. ) ;
#7224 = DIRECTION ( 'NONE',  ( 0.000000000000000000, 0.000000000000000000, 1.000000000000000000 ) ) ;
#7225 = EDGE_LOOP ( 'NONE', ( #3503, #2824, #3761, #9179 ) ) ;
#7226 = EDGE_CURVE ( 'NONE', #5893, #1325, #8917, .T. ) ;
#7227 = CARTESIAN_POINT ( 'NONE',  ( 26.00000000000000711, 0.2499999999999990286, 0.2500000000000009992 ) ) ;
#7228 = EDGE_CURVE ( 'NONE', #3419, #9392, #1008, .T. ) ;
#7229 = EDGE_CURVE ( 'NONE', #5621, #8902, #111, .T. ) ;
#7230 = AXIS2_PLACEMENT_3D ( 'NONE', #3168, #9506, #2392 ) ;
#7231 = CARTESIAN_POINT ( 'NONE',  ( 11.13981702554428743, 10.54836804330796873, 9.675431622790590325 ) ) ;
#7232 = VERTEX_POINT ( 'NONE', #1736 ) ;
#7233 = CARTESIAN_POINT ( 'NONE',  ( 16.31092802209069959, 7.660623714452159838, 16.31092802209009918 ) ) ;
#7234 = CARTESIAN_POINT ( 'NONE',  ( 28.48929610346799990, 37.33445756908099611, 13.40325074253560089 ) ) ;
#7235 = CARTESIAN_POINT ( 'NONE',  ( 4.713741978743980710, 41.43375288419030511, 10.00000000000000000 ) ) ;
#7236 = ORIENTED_EDGE ( 'NONE', *, *, #5643, .F. ) ;
#7237 = FACE_OUTER_BOUND ( 'NONE', #48, .T. ) ;
#7238 = DIRECTION ( 'NONE',  ( -0.2394571141604759368, -0.9709069422338768574, 0.000000000000000000 ) ) ;
#7239 = CARTESIAN_POINT ( 'NONE',  ( 26.00000000000000000, 22.03078398549520145, 20.00000000000000000 ) ) ;
#7240 = ADVANCED_FACE ( 'NONE', ( #8136 ), #4913, .T. ) ;
#7241 = CARTESIAN_POINT ( 'NONE',  ( -1.466717408892100005, 36.16917689877709563, 14.12500000000000000 ) ) ;
#7242 = EDGE_CURVE ( 'NONE', #9050, #10109, #3347, .T. ) ;
#7243 = CARTESIAN_POINT ( 'NONE',  ( -6.799148781361641802, 19.99999999999999645, 19.20085121863835553 ) ) ;
#7244 = DIRECTION ( 'NONE',  ( 0.7669706070501109973, 0.6416822328233690031, 0.000000000000000000 ) ) ;
#7245 = ORIENTED_EDGE ( 'NONE', *, *, #4369, .F. ) ;
#7246 = CARTESIAN_POINT ( 'NONE',  ( 0.2707570572388189878, 31.62887638810719793, 10.00000000000000000 ) ) ;
#7247 = CARTESIAN_POINT ( 'NONE',  ( 12.94026628993039907, 44.69025901499720277, 13.40325074253560089 ) ) ;
#7248 = CARTESIAN_POINT ( 'NONE',  ( 25.53867161140679798, 27.01062371445209820, 18.46760379954089615 ) ) ;
#7249 = DIRECTION ( 'NONE',  ( 0.6488699952224898926, -0.1600323674314312050, -0.7438799437236208734 ) ) ;
#7250 = VERTEX_POINT ( 'NONE', #8970 ) ;
#7251 = ORIENTED_EDGE ( 'NONE', *, *, #5090, .F. ) ;
#7252 = FACE_OUTER_BOUND ( 'NONE', #7696, .T. ) ;
#7253 = CARTESIAN_POINT ( 'NONE',  ( -4.475884189307890004, 37.30229873345540170, 10.00000000000000000 ) ) ;
#7254 = CARTESIAN_POINT ( 'NONE',  ( 10.00053911741294677, 18.25010120394169633, 11.17555522912202370 ) ) ;
#7255 = ORIENTED_EDGE ( 'NONE', *, *, #3076, .F. ) ;
#7256 = DIRECTION ( 'NONE',  ( 0.7438799437236206513, 0.000000000000000000, 0.6683132718461777255 ) ) ;
#7257 = CARTESIAN_POINT ( 'NONE',  ( 10.00000000000000000, -4.700000000000000178, 10.00000000000000000 ) ) ;
#7258 = ORIENTED_EDGE ( 'NONE', *, *, #9437, .F. ) ;
#7259 = CARTESIAN_POINT ( 'NONE',  ( 20.32392817848780098, 20.66205238419160040, 16.96483198335879905 ) ) ;
#7260 = FACE_OUTER_BOUND ( 'NONE', #2989, .T. ) ;
#7261 = ORIENTED_EDGE ( 'NONE', *, *, #1240, .F. ) ;
#7262 = CARTESIAN_POINT ( 'NONE',  ( -9.358541061516554294, 0.000000000000000000, 16.91715745488696143 ) ) ;
#7263 = DIRECTION ( 'NONE',  ( 0.7071067811865450192, 8.656155890839421148E-15, -0.7071067811865500152 ) ) ;
#7264 = VERTEX_POINT ( 'NONE', #8192 ) ;
#7265 = CARTESIAN_POINT ( 'NONE',  ( 22.06251440070269965, 39.45181593714779922, 0.000000000000000000 ) ) ;
#7266 = DIRECTION ( 'NONE',  ( 0.7071067811865450192, 8.656155890839430614E-15, -0.7071067811865500152 ) ) ;
#7267 = ORIENTED_EDGE ( 'NONE', *, *, #10279, .T. ) ;
#7268 = AXIS2_PLACEMENT_3D ( 'NONE', #9529, #2413, #7811 ) ;
#7269 = DIRECTION ( 'NONE',  ( 0.000000000000000000, -1.000000000000000000, 0.000000000000000000 ) ) ;
#7270 = VERTEX_POINT ( 'NONE', #3407 ) ;
#7271 = EDGE_CURVE ( 'NONE', #5317, #4268, #2625, .T. ) ;
#7272 = ORIENTED_EDGE ( 'NONE', *, *, #7504, .T. ) ;
#7273 = ORIENTED_EDGE ( 'NONE', *, *, #3849, .T. ) ;
#7274 = CARTESIAN_POINT ( 'NONE',  ( 26.59026281201390063, 35.53331412937740197, 13.06850476785990089 ) ) ;
#7275 = EDGE_LOOP ( 'NONE', ( #6509, #3143, #2314, #189 ) ) ;
#7276 = CARTESIAN_POINT ( 'NONE',  ( 10.93591628831825346, 20.19803512350943464, 10.92337918586055601 ) ) ;
#7277 = VECTOR ( 'NONE', #9988, 1000.000000000000000 ) ;
#7278 = EDGE_CURVE ( 'NONE', #10225, #6539, #2626, .T. ) ;
#7279 = LINE ( 'NONE', #4781, #6406 ) ;
#7280 = ORIENTED_EDGE ( 'NONE', *, *, #5376, .T. ) ;
#7281 = DIRECTION ( 'NONE',  ( 0.1913417161825428925, -0.6532814824381857344, -0.7325378163287445954 ) ) ;
#7282 = EDGE_CURVE ( 'NONE', #905, #9049, #4244, .T. ) ;
#7283 = LINE ( 'NONE', #4954, #8777 ) ;
#7284 = AXIS2_PLACEMENT_3D ( 'NONE', #2237, #5409, #7013 ) ;
#7285 = ADVANCED_FACE ( 'NONE', ( #3459 ), #6640, .T. ) ;
#7286 = AXIS2_PLACEMENT_3D ( 'NONE', #5756, #7249, #8974 ) ;
#7287 = EDGE_LOOP ( 'NONE', ( #9403, #6930, #5104, #7763 ) ) ;
#7288 = CARTESIAN_POINT ( 'NONE',  ( 11.60866792719989959, 10.28693283518969892, 13.65927759264029895 ) ) ;
#7289 = CARTESIAN_POINT ( 'NONE',  ( 8.117842467560279829, 23.11369167902183364, 9.534953116390720851 ) ) ;
#7291 = EDGE_CURVE ( 'NONE', #4106, #9279, #3560, .T. ) ;
#7290 = FACE_OUTER_BOUND ( 'NONE', #4649, .T. ) ;
#7292 = DIRECTION ( 'NONE',  ( 0.8660254037844385966, 0.000000000000000000, -0.4999999999999999445 ) ) ;
#7293 = CARTESIAN_POINT ( 'NONE',  ( 14.66366952443880045, 38.90939483438219781, 10.00000000000000000 ) ) ;
#7294 = LINE ( 'NONE', #2568, #9147 ) ;
#7295 = VECTOR ( 'NONE', #5942, 1000.000000000000000 ) ;
#7296 = DIRECTION ( 'NONE',  ( 0.8660254037844387076, 0.000000000000000000, 0.4999999999999998890 ) ) ;
#7297 = EDGE_CURVE ( 'NONE', #705, #8915, #7557, .T. ) ;
#7298 = DIRECTION ( 'NONE',  ( 0.7071067811865462405, 9.773090005503139838E-16, 0.7071067811865487940 ) ) ;
#7299 = ORIENTED_EDGE ( 'NONE', *, *, #6405, .T. ) ;
#7300 = LINE ( 'NONE', #160, #8346 ) ;
#7301 = DIRECTION ( 'NONE',  ( 1.261617073437677851E-15, 0.000000000000000000, -1.000000000000000000 ) ) ;
#7302 = AXIS2_PLACEMENT_3D ( 'NONE', #7413, #276, #5861 ) ;
#7303 = CIRCLE ( 'NONE', #472, 3.149999999999999467 ) ;
#7304 = DIRECTION ( 'NONE',  ( 0.6488699952224910028, 0.1600323674314317601, -0.7438799437236198742 ) ) ;
#7306 = EDGE_CURVE ( 'NONE', #2502, #7777, #1156, .T. ) ;
#7305 = DIRECTION ( 'NONE',  ( -0.7071067811865450192, -8.656155890839421148E-15, 0.7071067811865500152 ) ) ;
#7307 = VERTEX_POINT ( 'NONE', #1985 ) ;
#7308 = EDGE_LOOP ( 'NONE', ( #3656, #1580, #8162, #8806, #3735 ) ) ;
#7309 = DIRECTION ( 'NONE',  ( 0.6416822328233680039, 0.7669706070501118855, 0.000000000000000000 ) ) ;
#7310 = CARTESIAN_POINT ( 'NONE',  ( 23.94768135373719886, 4.910623714452089672, 20.05859405721049882 ) ) ;
#7311 = DIRECTION ( 'NONE',  ( 0.7071067811865490160, 0.000000000000000000, -0.7071067811865461294 ) ) ;
#7312 = ORIENTED_EDGE ( 'NONE', *, *, #422, .T. ) ;
#7313 = DIRECTION ( 'NONE',  ( -0.6488699952224912249, 0.1600323674314309830, -0.7438799437236198742 ) ) ;
#7314 = ORIENTED_EDGE ( 'NONE', *, *, #1551, .F. ) ;
#7315 = LINE ( 'NONE', #3359, #7221 ) ;
#7316 = VECTOR ( 'NONE', #7742, 1000.000000000000000 ) ;
#7317 = FACE_OUTER_BOUND ( 'NONE', #3296, .T. ) ;
#7318 = VERTEX_POINT ( 'NONE', #6689 ) ;
#7319 = DIRECTION ( 'NONE',  ( -0.6488699952224910028, 0.1600323674314316769, -0.7438799437236198742 ) ) ;
#7320 = DIRECTION ( 'NONE',  ( 0.000000000000000000, -1.000000000000000000, 0.000000000000000000 ) ) ;
#7321 = ORIENTED_EDGE ( 'NONE', *, *, #5204, .T. ) ;
#7322 = AXIS2_PLACEMENT_3D ( 'NONE', #6645, #5032, #9700 ) ;
#7323 = DIRECTION ( 'NONE',  ( 0.000000000000000000, -1.000000000000000000, 0.000000000000000000 ) ) ;
#7324 = CARTESIAN_POINT ( 'NONE',  ( 7.243207753634520074, 0.000000000000000000, 13.06850476785990089 ) ) ;
#7325 = DIRECTION ( 'NONE',  ( 0.7071067811865391350, 0.6123724356958021309, 0.3535533905932776721 ) ) ;
#7326 = FACE_OUTER_BOUND ( 'NONE', #143, .T. ) ;
#7327 = VERTEX_POINT ( 'NONE', #5222 ) ;
#7328 = PLANE ( 'NONE',  #4226 ) ;
#7329 = EDGE_LOOP ( 'NONE', ( #8347, #8447, #117, #7344, #7299, #9067 ) ) ;
#7330 = ORIENTED_EDGE ( 'NONE', *, *, #4241, .T. ) ;
#7331 = ORIENTED_EDGE ( 'NONE', *, *, #6965, .T. ) ;
#7332 = LINE ( 'NONE', #4218, #4640 ) ;
#7333 = ORIENTED_EDGE ( 'NONE', *, *, #546, .T. ) ;
#7334 = AXIS2_PLACEMENT_3D ( 'NONE', #1544, #4727, #1598 ) ;
#7335 = CARTESIAN_POINT ( 'NONE',  ( 20.91923976921749784, 4.485623714452089850, 22.96984943465779949 ) ) ;
#7336 = ADVANCED_FACE ( 'NONE', ( #6004 ), #7590, .F. ) ;
#7337 = CARTESIAN_POINT ( 'NONE',  ( 10.00049860137132995, 19.40148067646710572, 11.17031083280305381 ) ) ;
#7338 = LINE ( 'NONE', #3109, #1412 ) ;
#7339 = VECTOR ( 'NONE', #6627, 1000.000000000000000 ) ;
#7340 = ORIENTED_EDGE ( 'NONE', *, *, #1366, .T. ) ;
#7341 = ORIENTED_EDGE ( 'NONE', *, *, #1559, .F. ) ;
#7342 = DIRECTION ( 'NONE',  ( 0.000000000000000000, -1.000000000000000000, 0.000000000000000000 ) ) ;
#7343 = DIRECTION ( 'NONE',  ( -0.02923399551395959584, -0.9991450080006298862, -0.02923399551397159665 ) ) ;
#7344 = ORIENTED_EDGE ( 'NONE', *, *, #9123, .T. ) ;
#7345 = DIRECTION ( 'NONE',  ( 0.4725688464794009502, -0.7071067811865477948, 0.5260025525956388837 ) ) ;
#7346 = DIRECTION ( 'NONE',  ( 0.000000000000000000, 0.000000000000000000, -1.000000000000000000 ) ) ;
#7347 = FACE_OUTER_BOUND ( 'NONE', #166, .T. ) ;
#7348 = LINE ( 'NONE', #892, #662 ) ;
#7349 = EDGE_CURVE ( 'NONE', #4886, #3557, #420, .T. ) ;
#7350 = CARTESIAN_POINT ( 'NONE',  ( -15.12120589911332402, 18.15802021529855281, 27.71955722417864010 ) ) ;
#7351 = LINE ( 'NONE', #4848, #3789 ) ;
#7352 = VECTOR ( 'NONE', #6315, 999.9999999999998863 ) ;
#7353 = VERTEX_POINT ( 'NONE', #8426 ) ;
#7354 = DIRECTION ( 'NONE',  ( -0.3535533905932760068, -0.7071067811865481278, -0.6123724356957926940 ) ) ;
#7355 = DIRECTION ( 'NONE',  ( 3.700743415417179758E-16, -1.000000000000000000, 0.000000000000000000 ) ) ;
#7356 = CARTESIAN_POINT ( 'NONE',  ( -2.361505566601929562, 39.07128333753330196, 13.06850476785990089 ) ) ;
#7357 = CARTESIAN_POINT ( 'NONE',  ( 15.36135780968630016, 18.73407755025329990, 27.06934637943440336 ) ) ;
#7358 = ORIENTED_EDGE ( 'NONE', *, *, #2714, .T. ) ;
#7359 = ORIENTED_EDGE ( 'NONE', *, *, #10009, .T. ) ;
#7360 = DIRECTION ( 'NONE',  ( 0.2394571141604764086, -0.9709069422338767463, 0.000000000000000000 ) ) ;
#7361 = EDGE_CURVE ( 'NONE', #434, #9392, #448, .T. ) ;
#7362 = CARTESIAN_POINT ( 'NONE',  ( 20.52161422916690015, 5.598276583048790833, 22.57222389460719825 ) ) ;
#7363 = VECTOR ( 'NONE', #9122, 1000.000000000000000 ) ;
#7364 = CARTESIAN_POINT ( 'NONE',  ( 38.47569905634011178, 5.200001110173751329, 14.79999999999932569 ) ) ;
#7365 = ORIENTED_EDGE ( 'NONE', *, *, #3552, .T. ) ;
#7366 = CARTESIAN_POINT ( 'NONE',  ( -9.358541061516552517, 3.800000845758516377, 16.91715745488696143 ) ) ;
#7367 = EDGE_CURVE ( 'NONE', #8168, #1309, #9901, .T. ) ;
#7368 = DIRECTION ( 'NONE',  ( 0.000000000000000000, 1.000000000000000000, 0.000000000000000000 ) ) ;
#7369 = CARTESIAN_POINT ( 'NONE',  ( 10.00000000000000000, -2.600000000000000089, 10.00000000000000000 ) ) ;
#7370 = AXIS2_PLACEMENT_3D ( 'NONE', #8719, #7056, #8001 ) ;
#7371 = CARTESIAN_POINT ( 'NONE',  ( 7.209792090042210333, -4.700000000000000178, 13.10569876504609965 ) ) ;
#7372 = VECTOR ( 'NONE', #1686, 1000.000000000000000 ) ;
#7373 = CARTESIAN_POINT ( 'NONE',  ( 20.58892404827169997, 7.660623714451999966, 16.69983675174509941 ) ) ;
#7374 = CARTESIAN_POINT ( 'NONE',  ( 18.48965240270180033, 42.90961464145019733, 13.06850476785990089 ) ) ;
#7375 = ORIENTED_EDGE ( 'NONE', *, *, #6196, .T. ) ;
#7376 = EDGE_CURVE ( 'NONE', #9371, #2603, #4341, .T. ) ;
#7377 = PLANE ( 'NONE',  #2724 ) ;
#7378 = CIRCLE ( 'NONE', #8890, 4.124999999999999112 ) ;
#7379 = VECTOR ( 'NONE', #5831, 1000.000000000000114 ) ;
#7380 = CARTESIAN_POINT ( 'NONE',  ( 10.00000014901159950, 10.79999999999999005, 21.90798891649668434 ) ) ;
#7381 = EDGE_CURVE ( 'NONE', #2004, #8495, #5122, .T. ) ;
#7382 = VERTEX_POINT ( 'NONE', #6782 ) ;
#7383 = LINE ( 'NONE', #9824, #3392 ) ;
#7384 = ORIENTED_EDGE ( 'NONE', *, *, #9758, .F. ) ;
#7385 = VECTOR ( 'NONE', #1079, 1000.000000000000114 ) ;
#7386 = VERTEX_POINT ( 'NONE', #515 ) ;
#7387 = ORIENTED_EDGE ( 'NONE', *, *, #3921, .F. ) ;
#7388 = CARTESIAN_POINT ( 'NONE',  ( 10.00000000000000178, 24.90693293502468109, 9.629770730095721376 ) ) ;
#7389 = ORIENTED_EDGE ( 'NONE', *, *, #9631, .T. ) ;
#7390 = AXIS2_PLACEMENT_3D ( 'NONE', #6387, #8766, #2317 ) ;
#7391 = AXIS2_PLACEMENT_3D ( 'NONE', #7449, #8275, #1147 ) ;
#7392 = LINE ( 'NONE', #259, #5240 ) ;
#7393 = ORIENTED_EDGE ( 'NONE', *, *, #864, .T. ) ;
#7394 = ORIENTED_EDGE ( 'NONE', *, *, #8378, .T. ) ;
#7395 = AXIS2_PLACEMENT_3D ( 'NONE', #6416, #8791, #1669 ) ;
#7396 = DIRECTION ( 'NONE',  ( -0.4999999999999998890, 0.000000000000000000, 0.8660254037844387076 ) ) ;
#7397 = DIRECTION ( 'NONE',  ( 0.7222382015498078900, 0.1781273446059149501, -0.6683132718461789468 ) ) ;
#7398 = ORIENTED_EDGE ( 'NONE', *, *, #9851, .F. ) ;
#7399 = CARTESIAN_POINT ( 'NONE',  ( 7.928290752439997036, 23.59906251141651268, 9.757077684444920962 ) ) ;
#7400 = DIRECTION ( 'NONE',  ( 0.7222382015498088892, -0.1781273446059149501, -0.6683132718461779476 ) ) ;
#7401 = CARTESIAN_POINT ( 'NONE',  ( 12.42184070150669939, 10.91062371445219981, 10.51265239230250081 ) ) ;
#7402 = VECTOR ( 'NONE', #8809, 1000.000000000000000 ) ;
#7403 = CARTESIAN_POINT ( 'NONE',  ( 26.97507986409510039, 35.73289118407149800, 13.25447475379079876 ) ) ;
#7404 = CARTESIAN_POINT ( 'NONE',  ( 4.617959133079789780, 41.82211566108390599, 10.00000000000000000 ) ) ;
#7405 = AXIS2_PLACEMENT_3D ( 'NONE', #7878, #4036, #6996 ) ;
#7406 = DIRECTION ( 'NONE',  ( -0.8660254037844381525, 0.000000000000000000, 0.5000000000000007772 ) ) ;
#7407 = CARTESIAN_POINT ( 'NONE',  ( 12.69038601626580132, 20.66205238419150092, 24.59837478375089859 ) ) ;
#7408 = EDGE_LOOP ( 'NONE', ( #4000, #802, #4452, #5308 ) ) ;
#7409 = FACE_OUTER_BOUND ( 'NONE', #1042, .T. ) ;
#7410 = CARTESIAN_POINT ( 'NONE',  ( 5.481165430090519486, 41.62302437562259882, 14.12500000000000000 ) ) ;
#7411 = DIRECTION ( 'NONE',  ( 0.000000000000000000, 0.000000000000000000, -1.000000000000000000 ) ) ;
#7412 = EDGE_CURVE ( 'NONE', #7442, #5559, #2093, .T. ) ;
#7413 = CARTESIAN_POINT ( 'NONE',  ( 10.00000000000000000, 2.997183533758950080, 10.00000000000000000 ) ) ;
#7414 = ORIENTED_EDGE ( 'NONE', *, *, #1121, .F. ) ;
#7415 = EDGE_LOOP ( 'NONE', ( #7794, #1058, #7089, #7049, #7934 ) ) ;
#7416 = DIRECTION ( 'NONE',  ( -0.7071067811865480168, -7.282240949126130265E-15, 0.7071067811865470176 ) ) ;
#7417 = CARTESIAN_POINT ( 'NONE',  ( 0.2707570572388169894, 31.62887638810719793, 10.00000000000000000 ) ) ;
#7418 = ORIENTED_EDGE ( 'NONE', *, *, #9322, .F. ) ;
#7419 = DIRECTION ( 'NONE',  ( 2.631847366267809955E-15, 1.000000000000000000, 1.487350042510860161E-14 ) ) ;
#7420 = ADVANCED_FACE ( 'NONE', ( #1257 ), #4433, .T. ) ;
#7421 = DIRECTION ( 'NONE',  ( 0.7071067811865489050, 8.656155890839419570E-15, -0.7071067811865460184 ) ) ;
#7422 = DIRECTION ( 'NONE',  ( 0.000000000000000000, 0.000000000000000000, -1.000000000000000000 ) ) ;
#7423 = EDGE_CURVE ( 'NONE', #2742, #278, #5859, .T. ) ;
#7424 = EDGE_CURVE ( 'NONE', #6713, #7307, #2732, .T. ) ;
#7425 = FACE_OUTER_BOUND ( 'NONE', #1902, .T. ) ;
#7426 = VERTEX_POINT ( 'NONE', #2872 ) ;
#7427 = DIRECTION ( 'NONE',  ( -0.8234424308471798293, 0.000000000000000000, 0.5673998264720280238 ) ) ;
#7428 = CARTESIAN_POINT ( 'NONE',  ( -3.189945446948430074, 38.37817313579390799, 14.37500000000000000 ) ) ;
#7429 = EDGE_CURVE ( 'NONE', #303, #7745, #2803, .T. ) ;
#7430 = CARTESIAN_POINT ( 'NONE',  ( 17.28319983305129881, 4.910623714452089672, 15.33865621112939870 ) ) ;
#7431 = CARTESIAN_POINT ( 'NONE',  ( 13.86994193938215858, 44.46097087373539836, 10.00000000000000000 ) ) ;
#7432 = ORIENTED_EDGE ( 'NONE', *, *, #2893, .T. ) ;
#7433 = CARTESIAN_POINT ( 'NONE',  ( 0.04836976718581269957, 42.75503649844100096, 12.09607492898249959 ) ) ;
#7434 = EDGE_CURVE ( 'NONE', #5220, #7076, #9131, .T. ) ;
#7435 = ORIENTED_EDGE ( 'NONE', *, *, #4171, .T. ) ;
#7436 = VERTEX_POINT ( 'NONE', #5123 ) ;
#7437 = LINE ( 'NONE', #8407, #4161 ) ;
#7438 = ADVANCED_FACE ( 'NONE', ( #8284 ), #9461, .T. ) ;
#7439 = VERTEX_POINT ( 'NONE', #7066 ) ;
#7440 = VECTOR ( 'NONE', #274, 1000.000000000000227 ) ;
#7441 = ORIENTED_EDGE ( 'NONE', *, *, #2075, .F. ) ;
#7442 = VERTEX_POINT ( 'NONE', #3850 ) ;
#7443 = LINE ( 'NONE', #5061, #2863 ) ;
#7444 = CARTESIAN_POINT ( 'NONE',  ( 11.56085848335321131, 4.429744327664399961, 9.510248817911586272 ) ) ;
#7445 = EDGE_LOOP ( 'NONE', ( #646, #7359, #4774, #7797 ) ) ;
#7446 = CARTESIAN_POINT ( 'NONE',  ( 7.882821076870870414, 23.71363022447482649, 9.856041395148560369 ) ) ;
#7447 = CARTESIAN_POINT ( 'NONE',  ( 24.73255708243720719, 37.60908697627539254, 5.625000000000000000 ) ) ;
#7448 = AXIS2_PLACEMENT_3D ( 'NONE', #887, #8017, #9624 ) ;
#7449 = CARTESIAN_POINT ( 'NONE',  ( 9.301766613613040136, 22.83106912283360046, 10.00000000000000000 ) ) ;
#7450 = CARTESIAN_POINT ( 'NONE',  ( 10.25560013321023867, 10.72493531526592569, 11.14777109911741526 ) ) ;
#7451 = DIRECTION ( 'NONE',  ( 5.363993858512381008E-15, -1.000000000000000000, -6.877659200328480858E-15 ) ) ;
#7452 = VECTOR ( 'NONE', #835, 1000.000000000000000 ) ;
#7453 = DIRECTION ( 'NONE',  ( 0.2394571141604785458, 0.9709069422338763022, 0.000000000000000000 ) ) ;
#7454 = CIRCLE ( 'NONE', #9267, 3.149999999999999467 ) ;
#7455 = DIRECTION ( 'NONE',  ( 9.392680989640196628E-17, -7.858340924968667375E-17, -1.000000000000000000 ) ) ;
#7456 = VERTEX_POINT ( 'NONE', #5460 ) ;
#7457 = CARTESIAN_POINT ( 'NONE',  ( 15.38204086692019956, 41.82211566108390599, 10.00000000000000000 ) ) ;
#7458 = CARTESIAN_POINT ( 'NONE',  ( 9.169149532050450802, 7.660623714533939754, 9.169149532161529947 ) ) ;
#7459 = PLANE ( 'NONE',  #1912 ) ;
#7460 = DIRECTION ( 'NONE',  ( -0.8660254037844387076, 0.000000000000000000, -0.4999999999999998890 ) ) ;
#7461 = ORIENTED_EDGE ( 'NONE', *, *, #9713, .F. ) ;
#7462 = EDGE_LOOP ( 'NONE', ( #4411, #6673, #6182, #9164, #10064, #9924 ) ) ;
#7463 = DIRECTION ( 'NONE',  ( -8.562890349502529846E-16, -1.000000000000000000, -6.123233995736759873E-17 ) ) ;
#7464 = AXIS2_PLACEMENT_3D ( 'NONE', #9722, #8101, #5720 ) ;
#7465 = PLANE ( 'NONE',  #3062 ) ;
#7466 = LINE ( 'NONE', #6493, #8060 ) ;
#7467 = ADVANCED_FACE ( 'NONE', ( #6106 ), #7749, .F. ) ;
#7468 = CARTESIAN_POINT ( 'NONE',  ( 18.25547167035369966, 8.859581427496580730, 14.36638437382710087 ) ) ;
#7469 = VECTOR ( 'NONE', #4432, 1000.000000000000000 ) ;
#7470 = CARTESIAN_POINT ( 'NONE',  ( 10.44194173824209848, 7.660623714452159838, 12.49255140368249961 ) ) ;
#7471 = CARTESIAN_POINT ( 'NONE',  ( 21.93087298159946030, 3.799999938363312513, 21.95821622227584058 ) ) ;
#7472 = VERTEX_POINT ( 'NONE', #4680 ) ;
#7473 = CARTESIAN_POINT ( 'NONE',  ( -6.144257994648659960, 39.29642231178560507, 10.00000000000000000 ) ) ;
#7474 = LINE ( 'NONE', #9032, #6721 ) ;
#7475 = VECTOR ( 'NONE', #2083, 1000.000000000000114 ) ;
#7476 = ORIENTED_EDGE ( 'NONE', *, *, #5257, .F. ) ;
#7477 = DIRECTION ( 'NONE',  ( 0.000000000000000000, -1.000000000000000000, 0.000000000000000000 ) ) ;
#7478 = EDGE_CURVE ( 'NONE', #4165, #7472, #8591, .T. ) ;
#7479 = ORIENTED_EDGE ( 'NONE', *, *, #9974, .T. ) ;
#7480 = ADVANCED_FACE ( 'NONE', ( #7701, #1408 ), #6250, .T. ) ;
#7481 = VECTOR ( 'NONE', #2959, 1000.000000000000000 ) ;
#7482 = PLANE ( 'NONE',  #2122 ) ;
#7483 = ORIENTED_EDGE ( 'NONE', *, *, #5202, .T. ) ;
#7484 = ORIENTED_EDGE ( 'NONE', *, *, #295, .T. ) ;
#7485 = DIRECTION ( 'NONE',  ( -0.6416822328233690031, -0.7669706070501109973, 0.000000000000000000 ) ) ;
#7486 = ORIENTED_EDGE ( 'NONE', *, *, #5631, .F. ) ;
#7487 = ADVANCED_FACE ( 'NONE', ( #3803 ), #769, .F. ) ;
#7488 = EDGE_CURVE ( 'NONE', #3971, #489, #2239, .T. ) ;
#7489 = AXIS2_PLACEMENT_3D ( 'NONE', #1067, #3519, #8197 ) ;
#7490 = ORIENTED_EDGE ( 'NONE', *, *, #2011, .T. ) ;
#7491 = VERTEX_POINT ( 'NONE', #2284 ) ;
#7492 = EDGE_CURVE ( 'NONE', #2532, #3278, #2341, .T. ) ;
#7493 = LINE ( 'NONE', #9144, #19 ) ;
#7494 = CARTESIAN_POINT ( 'NONE',  ( 11.64563456544434494, 4.424464934801734195, 9.595024900002716350 ) ) ;
#7495 = ORIENTED_EDGE ( 'NONE', *, *, #4745, .F. ) ;
#7496 = AXIS2_PLACEMENT_3D ( 'NONE', #9247, #1296, #9201 ) ;
#7497 = CARTESIAN_POINT ( 'NONE',  ( -14.55854136924701336, 5.199999572197404163, 7.500000010607793755 ) ) ;
#7498 = CARTESIAN_POINT ( 'NONE',  ( 22.80751038396709873, 35.30817515512509885, 5.875000000000000000 ) ) ;
#7499 = CARTESIAN_POINT ( 'NONE',  ( 7.076129435672969592, -3.000000000000000000, 13.25447475379079876 ) ) ;
#7500 = DIRECTION ( 'NONE',  ( 0.6416822328233700024, 0.7669706070501101092, 0.000000000000000000 ) ) ;
#7501 = EDGE_CURVE ( 'NONE', #3477, #8387, #8475, .T. ) ;
#7502 = CARTESIAN_POINT ( 'NONE',  ( 22.80751038396710229, 35.30817515512509885, 10.00000000000000000 ) ) ;
#7503 = VERTEX_POINT ( 'NONE', #10089 ) ;
#7504 = EDGE_CURVE ( 'NONE', #5408, #2903, #1500, .T. ) ;
#7505 = DIRECTION ( 'NONE',  ( 1.000000000000000000, 0.000000000000000000, 2.419120705443520107E-15 ) ) ;
#7506 = ORIENTED_EDGE ( 'NONE', *, *, #9907, .T. ) ;
#7507 = CARTESIAN_POINT ( 'NONE',  ( -1.397404013095174369, 30.23321753171637027, 10.00000000000000000 ) ) ;
#7508 = CARTESIAN_POINT ( 'NONE',  ( 11.00614538113402041, 4.410791782036265651, 11.92649069607609924 ) ) ;
#7509 = DIRECTION ( 'NONE',  ( -0.6532814824381886210, 0.3826834323651057135, -0.6532814824381786289 ) ) ;
#7510 = DIRECTION ( 'NONE',  ( -0.7071067811865483499, 0.000000000000000000, 0.7071067811865467956 ) ) ;
#7511 = ORIENTED_EDGE ( 'NONE', *, *, #10079, .T. ) ;
#7512 = ORIENTED_EDGE ( 'NONE', *, *, #2671, .T. ) ;
#7513 = FACE_OUTER_BOUND ( 'NONE', #4820, .T. ) ;
#7514 = DIRECTION ( 'NONE',  ( 0.000000000000000000, 1.000000000000000000, 0.000000000000000000 ) ) ;
#7515 = CARTESIAN_POINT ( 'NONE',  ( 10.82243184482120668, 10.15212339662694419, 9.160807909879356004 ) ) ;
#7516 = AXIS2_PLACEMENT_3D ( 'NONE', #4692, #9370, #7027 ) ;
#7517 = DIRECTION ( 'NONE',  ( -0.2394571141604759923, 0.9709069422338770794, -1.043956269252671944E-16 ) ) ;
#7518 = CARTESIAN_POINT ( 'NONE',  ( 22.61817845973130048, 39.37807158035329991, 13.06850476785990089 ) ) ;
#7519 = CARTESIAN_POINT ( 'NONE',  ( -6.299148781361640914, 22.70771198066030294, 0.000000000000000000 ) ) ;
#7520 = CARTESIAN_POINT ( 'NONE',  ( 1.171947520522653718, 32.38285301167461228, 10.00000000000000000 ) ) ;
#7521 = ORIENTED_EDGE ( 'NONE', *, *, #8545, .T. ) ;
#7522 = EDGE_CURVE ( 'NONE', #106, #7737, #6278, .T. ) ;
#7523 = DIRECTION ( 'NONE',  ( -0.09129144313905535046, 0.8455691497875633678, -0.5260025525956372183 ) ) ;
#7524 = VERTEX_POINT ( 'NONE', #4631 ) ;
#7525 = AXIS2_PLACEMENT_3D ( 'NONE', #8989, #1865, #1082 ) ;
#7526 = ORIENTED_EDGE ( 'NONE', *, *, #4946, .F. ) ;
#7527 = CONICAL_SURFACE ( 'NONE', #8366, 1.599999999999999645, 0.7853981633974291832 ) ;
#7528 = LINE ( 'NONE', #5245, #777 ) ;
#7529 = ORIENTED_EDGE ( 'NONE', *, *, #747, .T. ) ;
#7530 = VERTEX_POINT ( 'NONE', #10238 ) ;
#7531 = EDGE_CURVE ( 'NONE', #3428, #4473, #3015, .T. ) ;
#7532 = FACE_OUTER_BOUND ( 'NONE', #2329, .T. ) ;
#7533 = VERTEX_POINT ( 'NONE', #4530 ) ;
#7534 = CIRCLE ( 'NONE', #10179, 3.549999999999999822 ) ;
#7535 = ORIENTED_EDGE ( 'NONE', *, *, #1256, .F. ) ;
#7536 = AXIS2_PLACEMENT_3D ( 'NONE', #5657, #3934, #10271 ) ;
#7537 = ORIENTED_EDGE ( 'NONE', *, *, #3567, .T. ) ;
#7538 = ORIENTED_EDGE ( 'NONE', *, *, #8608, .T. ) ;
#7539 = ADVANCED_FACE ( 'NONE', ( #3902, #6305 ), #1557, .T. ) ;
#7540 = AXIS2_PLACEMENT_3D ( 'NONE', #7310, #3353, #5642 ) ;
#7541 = DIRECTION ( 'NONE',  ( -0.2394571141604754927, -0.9709069422338770794, 4.585954764847000458E-16 ) ) ;
#7542 = CARTESIAN_POINT ( 'NONE',  ( 11.14150119221650037, 4.673316203964509086, 9.090891526774882436 ) ) ;
#7544 = ORIENTED_EDGE ( 'NONE', *, *, #597, .F. ) ;
#7543 = VECTOR ( 'NONE', #9234, 1000.000000000000000 ) ;
#7545 = EDGE_CURVE ( 'NONE', #10170, #3201, #4737, .T. ) ;
#7546 = EDGE_CURVE ( 'NONE', #6687, #6715, #615, .T. ) ;
#7547 = LINE ( 'NONE', #9148, #3322 ) ;
#7548 = EDGE_CURVE ( 'NONE', #5792, #4106, #7798, .T. ) ;
#7549 = CIRCLE ( 'NONE', #3887, 4.375000000000000000 ) ;
#7550 = VECTOR ( 'NONE', #2511, 1000.000000000000000 ) ;
#7551 = DIRECTION ( 'NONE',  ( 0.2394571141604759645, 0.9709069422338769684, 0.000000000000000000 ) ) ;
#7552 = CARTESIAN_POINT ( 'NONE',  ( 11.92705054263371878, 4.410803266151464896, 11.00666507554283946 ) ) ;
#7553 = EDGE_LOOP ( 'NONE', ( #7251, #5856, #7923, #2715 ) ) ;
#7554 = FACE_OUTER_BOUND ( 'NONE', #1446, .T. ) ;
#7555 = AXIS2_PLACEMENT_3D ( 'NONE', #5958, #5033, #8198 ) ;
#7556 = EDGE_CURVE ( 'NONE', #8336, #1878, #8734, .T. ) ;
#7557 = LINE ( 'NONE', #6739, #3618 ) ;
#7558 = PLANE ( 'NONE',  #6969 ) ;
#7559 = ORIENTED_EDGE ( 'NONE', *, *, #790, .F. ) ;
#7560 = VECTOR ( 'NONE', #2110, 1000.000000000000000 ) ;
#7561 = ORIENTED_EDGE ( 'NONE', *, *, #3984, .T. ) ;
#7562 = LINE ( 'NONE', #425, #3157 ) ;
#7563 = EDGE_CURVE ( 'NONE', #4748, #3248, #2633, .T. ) ;
#7564 = LINE ( 'NONE', #3617, #3237 ) ;
#7565 = CARTESIAN_POINT ( 'NONE',  ( 9.649608524584401437, 17.08409838298220151, 8.878460516095799449 ) ) ;
#7566 = DIRECTION ( 'NONE',  ( 2.631847366267809955E-15, 1.000000000000000000, 1.487350042510860161E-14 ) ) ;
#7567 = CARTESIAN_POINT ( 'NONE',  ( 12.97322872874040200, 20.66205238419150092, 24.31553207127630145 ) ) ;
#7568 = LINE ( 'NONE', #6895, #1627 ) ;
#7569 = EDGE_LOOP ( 'NONE', ( #1945, #3876, #1344, #5109 ) ) ;
#7570 = LINE ( 'NONE', #290, #2890 ) ;
#7571 = ORIENTED_EDGE ( 'NONE', *, *, #1907, .T. ) ;
#7572 = FACE_OUTER_BOUND ( 'NONE', #6518, .T. ) ;
#7573 = ORIENTED_EDGE ( 'NONE', *, *, #7545, .T. ) ;
#7574 = LINE ( 'NONE', #3586, #6791 ) ;
#7575 = ORIENTED_EDGE ( 'NONE', *, *, #1763, .T. ) ;
#7576 = ORIENTED_EDGE ( 'NONE', *, *, #10006, .F. ) ;
#7577 = DIRECTION ( 'NONE',  ( -0.3239085577499851154, 0.6388472067006562005, -0.6978233965030792296 ) ) ;
#7578 = EDGE_LOOP ( 'NONE', ( #9511, #9329, #4052, #8920, #4711 ) ) ;
#7579 = ORIENTED_EDGE ( 'NONE', *, *, #3783, .F. ) ;
#7580 = ORIENTED_EDGE ( 'NONE', *, *, #9070, .F. ) ;
#7581 = ADVANCED_FACE ( 'NONE', ( #8789 ), #8073, .F. ) ;
#7582 = CARTESIAN_POINT ( 'NONE',  ( 16.91412594835469818, 41.03226790236440280, 14.37500000000000000 ) ) ;
#7583 = CARTESIAN_POINT ( 'NONE',  ( 11.13139859048099289, 4.685604356099069001, 9.080788925039373183 ) ) ;
#7584 = EDGE_LOOP ( 'NONE', ( #6032, #7814, #7891, #10112, #8279 ) ) ;
#7585 = FACE_OUTER_BOUND ( 'NONE', #7131, .T. ) ;
#7586 = CARTESIAN_POINT ( 'NONE',  ( 4.713741978743980710, 41.43375288419030511, 10.00000000000000000 ) ) ;
#7587 = DIRECTION ( 'NONE',  ( 0.2394571141604750486, -0.9709069422338773014, 0.000000000000000000 ) ) ;
#7588 = FACE_OUTER_BOUND ( 'NONE', #8202, .T. ) ;
#7589 = EDGE_CURVE ( 'NONE', #7353, #4205, #826, .T. ) ;
#7590 = CONICAL_SURFACE ( 'NONE', #9590, 4.375000000000000888, 0.7853981633974503884 ) ;
#7591 = ADVANCED_FACE ( 'NONE', ( #6522, #4841 ), #4789, .T. ) ;
#7592 = CARTESIAN_POINT ( 'NONE',  ( 26.53553390593300065, 12.26494735952769943, 19.46446609406699935 ) ) ;
#7593 = EDGE_CURVE ( 'NONE', #8091, #2502, #6711, .T. ) ;
#7594 = CARTESIAN_POINT ( 'NONE',  ( 20.00000000000000000, 0.000000000000000000, 0.5000000000000004441 ) ) ;
#7595 = EDGE_LOOP ( 'NONE', ( #6597, #1919, #2159, #1925, #5482 ) ) ;
#7596 = DIRECTION ( 'NONE',  ( 0.2394571141604749931, -0.9709069422338770794, 0.000000000000000000 ) ) ;
#7597 = ADVANCED_FACE ( 'NONE', ( #8310 ), #1181, .T. ) ;
#7598 = CARTESIAN_POINT ( 'NONE',  ( 10.95069345505037894, 4.411114343494237033, 11.95905860837002521 ) ) ;
#7599 = DIRECTION ( 'NONE',  ( -1.710576655327897816E-15, -0.7071067811865475727, 0.7071067811865475727 ) ) ;
#7600 = EDGE_LOOP ( 'NONE', ( #5040, #9416, #1272, #4455 ) ) ;
#7601 = ORIENTED_EDGE ( 'NONE', *, *, #5137, .F. ) ;
#7602 = CARTESIAN_POINT ( 'NONE',  ( 22.80751038396710229, 35.30817515512509885, 10.00000000000000000 ) ) ;
#7603 = CARTESIAN_POINT ( 'NONE',  ( 11.94343039389672256, 23.27152293402359007, 9.596366077133922090 ) ) ;
#7604 = VECTOR ( 'NONE', #8539, 1000.000000000000000 ) ;
#7605 = VECTOR ( 'NONE', #9483, 1000.000000000000227 ) ;
#7606 = EDGE_CURVE ( 'NONE', #5913, #4420, #6413, .T. ) ;
#7607 = ORIENTED_EDGE ( 'NONE', *, *, #6097, .T. ) ;
#7608 = PLANE ( 'NONE',  #7718 ) ;
#7609 = EDGE_CURVE ( 'NONE', #9833, #7327, #7817, .T. ) ;
#7610 = DIRECTION ( 'NONE',  ( 0.6488699952224916689, 0.1600323674314322597, 0.7438799437236192080 ) ) ;
#7611 = CARTESIAN_POINT ( 'NONE',  ( 10.00000000000000178, -3.000000000000000000, 5.625000000000000000 ) ) ;
#7612 = VERTEX_POINT ( 'NONE', #4318 ) ;
#7613 = DIRECTION ( 'NONE',  ( 0.000000000000000000, 0.000000000000000000, 1.000000000000000000 ) ) ;
#7614 = ADVANCED_FACE ( 'NONE', ( #4013 ), #9570, .T. ) ;
#7615 = VECTOR ( 'NONE', #3447, 1000.000000000000000 ) ;
#7616 = CARTESIAN_POINT ( 'NONE',  ( 5.336330475561219977, 38.90939483438229729, 10.00000000000000000 ) ) ;
#7617 = ORIENTED_EDGE ( 'NONE', *, *, #4044, .T. ) ;
#7618 = DIRECTION ( 'NONE',  ( 0.000000000000000000, -1.000000000000000000, 0.000000000000000000 ) ) ;
#7619 = EDGE_LOOP ( 'NONE', ( #6124, #8401, #6449, #5127 ) ) ;
#7620 = DIRECTION ( 'NONE',  ( 0.2394571141604750486, -0.9709069422338773014, 0.000000000000000000 ) ) ;
#7621 = ORIENTED_EDGE ( 'NONE', *, *, #5331, .T. ) ;
#7622 = ADVANCED_FACE ( 'NONE', ( #4956, #7237 ), #8124, .F. ) ;
#7623 = ORIENTED_EDGE ( 'NONE', *, *, #5629, .F. ) ;
#7624 = DIRECTION ( 'NONE',  ( 0.7071067811865500152, -1.236448081483690217E-14, 0.7071067811865450192 ) ) ;
#7625 = DIRECTION ( 'NONE',  ( -0.7071067811865504593, -1.734723475976807094E-14, -0.7071067811865446862 ) ) ;
#7626 = ORIENTED_EDGE ( 'NONE', *, *, #724, .T. ) ;
#7627 = ORIENTED_EDGE ( 'NONE', *, *, #9948, .T. ) ;
#7628 = VECTOR ( 'NONE', #4632, 999.9999999999998863 ) ;
#7629 = CIRCLE ( 'NONE', #3140, 4.125000000000000888 ) ;
#7630 = CARTESIAN_POINT ( 'NONE',  ( 13.51474479829960096, 3.899999999999999911, 21.88719965985190186 ) ) ;
#7631 = ORIENTED_EDGE ( 'NONE', *, *, #3509, .F. ) ;
#7632 = EDGE_LOOP ( 'NONE', ( #5294, #9736, #5810, #7100 ) ) ;
#7633 = VECTOR ( 'NONE', #2119, 1000.000000000000000 ) ;
#7634 = ORIENTED_EDGE ( 'NONE', *, *, #864, .F. ) ;
#7635 = PLANE ( 'NONE',  #9983 ) ;
#7636 = PLANE ( 'NONE',  #2042 ) ;
#7637 = CARTESIAN_POINT ( 'NONE',  ( 10.73086633294229131, 5.456934082349478743, 8.680256667500685808 ) ) ;
#7638 = VERTEX_POINT ( 'NONE', #2449 ) ;
#7639 = DIRECTION ( 'NONE',  ( -0.7438799437236206513, 0.000000000000000000, -0.6683132718461777255 ) ) ;
#7640 = CARTESIAN_POINT ( 'NONE',  ( 10.84150555452256803, 10.78476752653648951, 10.82557840391686810 ) ) ;
#7641 = VECTOR ( 'NONE', #5228, 1000.000000000000227 ) ;
#7642 = DIRECTION ( 'NONE',  ( 0.000000000000000000, -1.000000000000000000, 0.000000000000000000 ) ) ;
#7643 = EDGE_CURVE ( 'NONE', #9428, #9223, #5622, .T. ) ;
#7644 = B_SPLINE_CURVE_WITH_KNOTS ( 'NONE', 3,
 ( #9119, #1948, #3574, #6750 ),
 .UNSPECIFIED., .F., .F.,
 ( 4, 4 ),
 ( 0.000000000000000000, 1.000000000000000000 ),
 .UNSPECIFIED. ) ;
#7645 = CARTESIAN_POINT ( 'NONE',  ( 16.10273767231869968, 3.899999999999999911, 24.47519253387099880 ) ) ;
#7646 = DIRECTION ( 'NONE',  ( 2.811839585790609837E-16, -1.000000000000000000, -2.811839585790590115E-16 ) ) ;
#7647 = CIRCLE ( 'NONE', #10300, 4.125000000000001776 ) ;
#7648 = EDGE_LOOP ( 'NONE', ( #300, #4517, #2147, #3158, #1470, #5591 ) ) ;
#7649 = ORIENTED_EDGE ( 'NONE', *, *, #90, .T. ) ;
#7650 = CARTESIAN_POINT ( 'NONE',  ( 8.860137652755433635, 6.141338793826615294, 9.679081797162451650 ) ) ;
#7651 = DIRECTION ( 'NONE',  ( 0.7071067811865464625, -2.071311613106634660E-15, 0.7071067811865485719 ) ) ;
#7652 = VERTEX_POINT ( 'NONE', #5680 ) ;
#7653 = ORIENTED_EDGE ( 'NONE', *, *, #8125, .T. ) ;
#7654 = LINE ( 'NONE', #5769, #4547 ) ;
#7655 = PLANE ( 'NONE',  #5171 ) ;
#7656 = ADVANCED_FACE ( 'NONE', ( #4901 ), #7482, .F. ) ;
#7657 = ORIENTED_EDGE ( 'NONE', *, *, #2749, .T. ) ;
#7658 = DIRECTION ( 'NONE',  ( 2.312964686334536862E-15, 1.000000000000000000, 1.503427046117448881E-14 ) ) ;
#7659 = AXIS2_PLACEMENT_3D ( 'NONE', #2364, #9240, #502 ) ;
#7660 = PLANE ( 'NONE',  #3474 ) ;
#7661 = DIRECTION ( 'NONE',  ( 0.5666511637220797981, -0.7898216301251169691, 0.2347088648494459751 ) ) ;
#7662 = ORIENTED_EDGE ( 'NONE', *, *, #3593, .T. ) ;
#7663 = EDGE_CURVE ( 'NONE', #7491, #303, #9087, .T. ) ;
#7664 = DIRECTION ( 'NONE',  ( -0.6416822328233690031, 0.7669706070501109973, 1.697375820741379906E-16 ) ) ;
#7665 = CARTESIAN_POINT ( 'NONE',  ( 29.35854107291500270, 0.000000000000000000, 16.91715744354207729 ) ) ;
#7666 = ADVANCED_FACE ( 'NONE', ( #1960 ), #7119, .F. ) ;
#7667 = VERTEX_POINT ( 'NONE', #10016 ) ;
#7668 = DIRECTION ( 'NONE',  ( -0.8161842732536040979, 0.2390910846442290127, 0.5260025525956429915 ) ) ;
#7669 = EDGE_CURVE ( 'NONE', #4837, #8903, #7528, .T. ) ;
#7670 = EDGE_CURVE ( 'NONE', #4060, #1631, #7574, .T. ) ;
#7671 = ORIENTED_EDGE ( 'NONE', *, *, #8748, .F. ) ;
#7672 = DIRECTION ( 'NONE',  ( 2.050612401368057962E-08, -0.7071067811874530706, 0.7071067811856416307 ) ) ;
#7673 = ORIENTED_EDGE ( 'NONE', *, *, #354, .F. ) ;
#7674 = AXIS2_PLACEMENT_3D ( 'NONE', #8343, #6168, #9911 ) ;
#7675 = LINE ( 'NONE', #542, #614 ) ;
#7676 = EDGE_LOOP ( 'NONE', ( #5701, #1356, #692, #4201 ) ) ;
#7677 = ADVANCED_FACE ( 'NONE', ( #3632 ), #2850, .F. ) ;
#7678 = ORIENTED_EDGE ( 'NONE', *, *, #4934, .F. ) ;
#7679 = CARTESIAN_POINT ( 'NONE',  ( 17.04966217519810456, 43.67674882485984256, 10.00000000000000000 ) ) ;
#7680 = LINE ( 'NONE', #7979, #2834 ) ;
#7681 = EDGE_LOOP ( 'NONE', ( #10007, #8196, #2368, #8506, #3263 ) ) ;
#7682 = ORIENTED_EDGE ( 'NONE', *, *, #4492, .F. ) ;
#7683 = EDGE_CURVE ( 'NONE', #2045, #6571, #2012, .T. ) ;
#7684 = ORIENTED_EDGE ( 'NONE', *, *, #7278, .T. ) ;
#7685 = CARTESIAN_POINT ( 'NONE',  ( 11.67664670658679960, -2.600000000000000089, 14.37500000000000000 ) ) ;
#7686 = CARTESIAN_POINT ( 'NONE',  ( 12.05659421179615443, 4.445069703385922999, 10.00598454635452228 ) ) ;
#7687 = ORIENTED_EDGE ( 'NONE', *, *, #3849, .F. ) ;
#7688 = VECTOR ( 'NONE', #9397, 1000.000000000000114 ) ;
#7689 = ORIENTED_EDGE ( 'NONE', *, *, #7024, .T. ) ;
#7690 = DIRECTION ( 'NONE',  ( -0.2394571141604759368, 0.9709069422338768574, 0.000000000000000000 ) ) ;
#7691 = AXIS2_PLACEMENT_3D ( 'NONE', #7793, #8621, #659 ) ;
#7692 = CARTESIAN_POINT ( 'NONE',  ( 10.03099515419663845, 10.67742263506269929, 11.18870647574454047 ) ) ;
#7693 = DIRECTION ( 'NONE',  ( 0.6416822328233680039, 0.7669706070501118855, -1.210989775961071926E-16 ) ) ;
#7694 = STYLED_ITEM ( 'NONE', ( #3190 ), #5815 ) ;
#7695 = FACE_OUTER_BOUND ( 'NONE', #10011, .T. ) ;
#7696 = EDGE_LOOP ( 'NONE', ( #6878, #9092, #4368, #8585 ) ) ;
#7697 = VECTOR ( 'NONE', #967, 1000.000000000000114 ) ;
#7698 = CARTESIAN_POINT ( 'NONE',  ( 10.00000000000000000, 23.00327610214520035, 10.92921466540890130 ) ) ;
#7699 = ORIENTED_EDGE ( 'NONE', *, *, #4063, .T. ) ;
#7700 = LINE ( 'NONE', #613, #9618 ) ;
#7701 = FACE_BOUND ( 'NONE', #7584, .T. ) ;
#7702 = LINE ( 'NONE', #9257, #9093 ) ;
#7703 = CARTESIAN_POINT ( 'NONE',  ( 11.87721321790128037, 20.66205238419149737, 20.95677486064017003 ) ) ;
#7704 = VECTOR ( 'NONE', #6595, 1000.000000000000000 ) ;
#7705 = ORIENTED_EDGE ( 'NONE', *, *, #7423, .F. ) ;
#7706 = ORIENTED_EDGE ( 'NONE', *, *, #2597, .F. ) ;
#7707 = DIRECTION ( 'NONE',  ( -0.7222382015498088892, 0.1781273446059149501, 0.6683132718461779476 ) ) ;
#7708 = CARTESIAN_POINT ( 'NONE',  ( 10.00000000000000178, 24.90693293502444305, 10.00000000000000000 ) ) ;
#7709 = VECTOR ( 'NONE', #6206, 1000.000000000000000 ) ;
#7710 = CARTESIAN_POINT ( 'NONE',  ( 3.085874051645269844, 41.03226790236440280, 14.37500000000000000 ) ) ;
#7711 = CARTESIAN_POINT ( 'NONE',  ( 11.95094866558948965, 23.29091037413567733, 9.603691193889963174 ) ) ;
#7712 = CIRCLE ( 'NONE', #7884, 1.175000000000000488 ) ;
#7713 = FACE_BOUND ( 'NONE', #8888, .T. ) ;
#7714 = DIRECTION ( 'NONE',  ( -1.000000000000000000, 0.000000000000000000, 0.000000000000000000 ) ) ;
#7715 = VERTEX_POINT ( 'NONE', #8404 ) ;
#7716 = EDGE_CURVE ( 'NONE', #7945, #75, #9966, .T. ) ;
#7717 = CARTESIAN_POINT ( 'NONE',  ( 10.00000014901159950, 12.00000000000000000, 21.90798891649668434 ) ) ;
#7718 = AXIS2_PLACEMENT_3D ( 'NONE', #1165, #5323, #379 ) ;
#7719 = DIRECTION ( 'NONE',  ( -0.9709069422338771904, -0.2394571141604751874, 0.000000000000000000 ) ) ;
#7720 = CARTESIAN_POINT ( 'NONE',  ( 15.20600000000000129, -5.200000000000000178, 13.08675134594809819 ) ) ;
#7721 = ORIENTED_EDGE ( 'NONE', *, *, #4313, .T. ) ;
#7722 = CARTESIAN_POINT ( 'NONE',  ( 26.00000000000000355, 5.200000748364694836, 20.00000000000000000 ) ) ;
#7723 = LINE ( 'NONE', #10160, #6554 ) ;
#7724 = ORIENTED_EDGE ( 'NONE', *, *, #654, .T. ) ;
#7725 = DIRECTION ( 'NONE',  ( 0.3239085577499899449, 0.6388472067006528698, 0.6978233965030798958 ) ) ;
#7726 = EDGE_CURVE ( 'NONE', #3742, #8382, #7675, .T. ) ;
#7727 = ORIENTED_EDGE ( 'NONE', *, *, #4565, .T. ) ;
#7728 = EDGE_CURVE ( 'NONE', #5227, #4955, #5611, .T. ) ;
#7729 = ADVANCED_FACE ( 'NONE', ( #5290, #8505 ), #494, .F. ) ;
#7730 = CARTESIAN_POINT ( 'NONE',  ( 38.47569835886017131, 5.200001110173731789, 14.79999999999932569 ) ) ;
#7731 = ORIENTED_EDGE ( 'NONE', *, *, #598, .T. ) ;
#7732 = ORIENTED_EDGE ( 'NONE', *, *, #7282, .F. ) ;
#7733 = LINE ( 'NONE', #1433, #6505 ) ;
#7734 = ORIENTED_EDGE ( 'NONE', *, *, #3431, .T. ) ;
#7735 = ORIENTED_EDGE ( 'NONE', *, *, #8740, .T. ) ;
#7736 = EDGE_CURVE ( 'NONE', #3324, #6947, #1552, .T. ) ;
#7737 = VERTEX_POINT ( 'NONE', #2218 ) ;
#7738 = CARTESIAN_POINT ( 'NONE',  ( 23.63021907830820112, 5.794507720763319547, 19.74113178178160055 ) ) ;
#7739 = CARTESIAN_POINT ( 'NONE',  ( 10.97365545262789865, 3.723043155263709991, 9.244901555657360603 ) ) ;
#7740 = EDGE_CURVE ( 'NONE', #8102, #1832, #1283, .T. ) ;
#7741 = ORIENTED_EDGE ( 'NONE', *, *, #5435, .F. ) ;
#7742 = DIRECTION ( 'NONE',  ( 0.02498474465032096692, -0.1059930598188278394, 0.9940529331001446423 ) ) ;
#7743 = DIRECTION ( 'NONE',  ( -2.811839585790609837E-16, 1.000000000000000000, 2.811839585790590115E-16 ) ) ;
#7744 = CARTESIAN_POINT ( 'NONE',  ( -7.565627541694979641, 37.84647419852869632, 14.37500000000000000 ) ) ;
#7745 = VERTEX_POINT ( 'NONE', #6031 ) ;
#7746 = DIRECTION ( 'NONE',  ( 0.000000000000000000, 0.000000000000000000, -1.000000000000000000 ) ) ;
#7747 = ORIENTED_EDGE ( 'NONE', *, *, #3741, .F. ) ;
#7748 = DIRECTION ( 'NONE',  ( 0.7669706070501112194, 0.6416822328233686701, 0.000000000000000000 ) ) ;
#7749 = CYLINDRICAL_SURFACE ( 'NONE', #4780, 4.375000000000000000 ) ;
#7750 = CARTESIAN_POINT ( 'NONE',  ( 19.30778593460260240, 26.91759818809070026, 21.71729400325520487 ) ) ;
#7751 = DIRECTION ( 'NONE',  ( 0.8155500129968945577, -0.5786865959228406631, 0.000000000000000000 ) ) ;
#7752 = LINE ( 'NONE', #4535, #6398 ) ;
#7753 = CARTESIAN_POINT ( 'NONE',  ( 24.47588418930789800, 37.30229873345540170, 5.625000000000000000 ) ) ;
#7754 = DIRECTION ( 'NONE',  ( 0.4537378581963351643, 0.5423301172159029626, -0.7071067811865386910 ) ) ;
#7755 = CARTESIAN_POINT ( 'NONE',  ( 18.25547167035369966, 10.07312371445179977, 14.36638437382710087 ) ) ;
#7756 = AXIS2_PLACEMENT_3D ( 'NONE', #9800, #372, #4391 ) ;
#7757 = FACE_OUTER_BOUND ( 'NONE', #5074, .T. ) ;
#7758 = CARTESIAN_POINT ( 'NONE',  ( 23.18994544694839988, 38.37817313579390799, 14.37500000000000000 ) ) ;
#7759 = EDGE_LOOP ( 'NONE', ( #7831, #9228, #5724, #9294 ) ) ;
#7760 = DIRECTION ( 'NONE',  ( -0.7071067811865500152, 1.236448081483694162E-14, -0.7071067811865450192 ) ) ;
#7761 = CARTESIAN_POINT ( 'NONE',  ( 15.59270543079729876, 26.68468045380930320, 10.00000000000000000 ) ) ;
#7762 = CARTESIAN_POINT ( 'NONE',  ( 8.988482104477620638, 7.241897442166529864, 9.351129399244230811 ) ) ;
#7763 = ORIENTED_EDGE ( 'NONE', *, *, #945, .T. ) ;
#7764 = CARTESIAN_POINT ( 'NONE',  ( -4.732557082437239160, 37.60908697627539965, 10.00000000000000000 ) ) ;
#7765 = EDGE_CURVE ( 'NONE', #9669, #10225, #6181, .T. ) ;
#7766 = CARTESIAN_POINT ( 'NONE',  ( 8.941522136794160858, 4.398631089520859128, 10.54060909610167229 ) ) ;
#7767 = ORIENTED_EDGE ( 'NONE', *, *, #131, .F. ) ;
#7768 = CARTESIAN_POINT ( 'NONE',  ( 16.53425384513920093, 23.94594023867820098, 26.86435655435349901 ) ) ;
#7769 = DIRECTION ( 'NONE',  ( 0.000000000000000000, -0.6760101281907516801, -0.7368923303872306763 ) ) ;
#7770 = VECTOR ( 'NONE', #6825, 1000.000000000000000 ) ;
#7771 = ORIENTED_EDGE ( 'NONE', *, *, #6173, .F. ) ;
#7772 = CIRCLE ( 'NONE', #8435, 1.699999999999999289 ) ;
#7773 = CARTESIAN_POINT ( 'NONE',  ( 10.02562716047085267, 13.09417668731521545, 11.17583336246056547 ) ) ;
#7774 = ORIENTED_EDGE ( 'NONE', *, *, #1955, .T. ) ;
#7775 = ORIENTED_EDGE ( 'NONE', *, *, #2141, .F. ) ;
#7776 = CARTESIAN_POINT ( 'NONE',  ( 23.26342766079750035, 38.31669459851740100, 14.12500000000000000 ) ) ;
#7777 = VERTEX_POINT ( 'NONE', #5979 ) ;
#7778 = VERTEX_POINT ( 'NONE', #7730 ) ;
#7779 = AXIS2_PLACEMENT_3D ( 'NONE', #4267, #1866, #8303 ) ;
#7780 = ADVANCED_FACE ( 'NONE', ( #9183 ), #9135, .F. ) ;
#7781 = EDGE_CURVE ( 'NONE', #2903, #8102, #3784, .T. ) ;
#7782 = ORIENTED_EDGE ( 'NONE', *, *, #10214, .F. ) ;
#7783 = DIRECTION ( 'NONE',  ( 0.000000000000000000, 0.000000000000000000, 1.000000000000000000 ) ) ;
#7784 = VECTOR ( 'NONE', #507, 1000.000000000000000 ) ;
#7785 = VECTOR ( 'NONE', #663, 1000.000000000000114 ) ;
#7786 = ORIENTED_EDGE ( 'NONE', *, *, #3206, .T. ) ;
#7787 = DIRECTION ( 'NONE',  ( -0.6416822328233690031, 0.7669706070501109973, 9.280558181356409702E-17 ) ) ;
#7788 = EDGE_CURVE ( 'NONE', #4619, #4293, #10114, .T. ) ;
#7789 = ADVANCED_FACE ( 'NONE', ( #4362 ), #8354, .F. ) ;
#7790 = CARTESIAN_POINT ( 'NONE',  ( 15.28625802125600153, 41.43375288419030511, 10.00000000000000000 ) ) ;
#7791 = VECTOR ( 'NONE', #9199, 1000.000000000000000 ) ;
#7792 = EDGE_CURVE ( 'NONE', #2019, #3324, #1427, .T. ) ;
#7793 = CARTESIAN_POINT ( 'NONE',  ( -14.00000000000000000, 17.08409838298220151, 10.00000000000000000 ) ) ;
#7794 = ORIENTED_EDGE ( 'NONE', *, *, #2273, .F. ) ;
#7795 = DIRECTION ( 'NONE',  ( -0.7071067811865466846, -2.050431504776088314E-08, -0.7071067811865481278 ) ) ;
#7796 = PLANE ( 'NONE',  #5984 ) ;
#7797 = ORIENTED_EDGE ( 'NONE', *, *, #9884, .F. ) ;
#7798 = LINE ( 'NONE', #7905, #119 ) ;
#7799 = CIRCLE ( 'NONE', #1993, 4.125000000000000000 ) ;
#7800 = DIRECTION ( 'NONE',  ( -0.6416822328233690031, 0.7669706070501109973, 1.043956269252671944E-16 ) ) ;
#7801 = ADVANCED_FACE ( 'NONE', ( #7827 ), #3047, .T. ) ;
#7802 = CARTESIAN_POINT ( 'NONE',  ( 11.32698961120949832, -5.200000000000000178, 5.073700961894310524 ) ) ;
#7803 = CARTESIAN_POINT ( 'NONE',  ( 11.56658433640770234, -4.700000000000000178, 14.13780600281379840 ) ) ;
#7804 = LINE ( 'NONE', #2348, #2052 ) ;
#7805 = ADVANCED_FACE ( 'NONE', ( #7095 ), #5488, .F. ) ;
#7806 = VECTOR ( 'NONE', #5956, 1000.000000000000000 ) ;
#7807 = DIRECTION ( 'NONE',  ( -0.9096480967377309490, -0.1748436732863249687, 0.3767891054863030664 ) ) ;
#7808 = LINE ( 'NONE', #9470, #4360 ) ;
#7809 = ORIENTED_EDGE ( 'NONE', *, *, #8183, .T. ) ;
#7810 = DIRECTION ( 'NONE',  ( 0.9763565158933844579, -0.2161664957215420901, 0.000000000000000000 ) ) ;
#7811 = DIRECTION ( 'NONE',  ( 0.6488699952224902257, -0.1600323674314333700, 0.7438799437236200962 ) ) ;
#7812 = DIRECTION ( 'NONE',  ( 0.7222382015498088892, -0.1781273446059149501, -0.6683132718461779476 ) ) ;
#7813 = CARTESIAN_POINT ( 'NONE',  ( 10.45974020920199976, 3.409717902306820037, 11.11354183256270112 ) ) ;
#7814 = ORIENTED_EDGE ( 'NONE', *, *, #9682, .F. ) ;
#7815 = AXIS2_PLACEMENT_3D ( 'NONE', #9298, #2184, #3892 ) ;
#7816 = CARTESIAN_POINT ( 'NONE',  ( 13.10403144235520045, 44.23788329113110507, 13.10569876504609965 ) ) ;
#7817 =( BOUNDED_CURVE ( )  B_SPLINE_CURVE ( 3, ( #7288, #7175, #9875, #938 ),
 .UNSPECIFIED., .F., .T. ) 
 B_SPLINE_CURVE_WITH_KNOTS ( ( 4, 4 ),
 ( 2.075254691661137407, 2.730454842534716153 ),
 .UNSPECIFIED. ) 
 CURVE ( )  GEOMETRIC_REPRESENTATION_ITEM ( )  RATIONAL_B_SPLINE_CURVE ( ( 1.000000000000000000, 0.9645448647839194312, 0.9645448647839194312, 1.000000000000000000 ) ) 
 REPRESENTATION_ITEM ( '' )  );
#7818 = CARTESIAN_POINT ( 'NONE',  ( 9.331997749540217768, 19.04330826820737954, 11.01829367473931143 ) ) ;
#7819 = AXIS2_PLACEMENT_3D ( 'NONE', #9760, #7422, #6496 ) ;
#7820 = ORIENTED_EDGE ( 'NONE', *, *, #4179, .F. ) ;
#7821 = LINE ( 'NONE', #684, #6077 ) ;
#7822 = DIRECTION ( 'NONE',  ( 0.000000000000000000, 0.000000000000000000, 1.000000000000000000 ) ) ;
#7823 = PRODUCT_DEFINITION_FORMATION_WITH_SPECIFIED_SOURCE ( 'ANY', '', #1798, .NOT_KNOWN. ) ;
#7824 = ORIENTED_EDGE ( 'NONE', *, *, #1188, .T. ) ;
#7825 = DIRECTION ( 'NONE',  ( 0.7222382015498078900, 0.1781273446059149501, 0.6683132718461789468 ) ) ;
#7826 = EDGE_CURVE ( 'NONE', #8728, #7985, #6781, .T. ) ;
#7827 = FACE_OUTER_BOUND ( 'NONE', #485, .T. ) ;
#7828 = ORIENTED_EDGE ( 'NONE', *, *, #3487, .T. ) ;
#7829 = DIRECTION ( 'NONE',  ( -0.2394571141604749931, -0.9709069422338770794, 0.000000000000000000 ) ) ;
#7830 = LINE ( 'NONE', #3549, #5733 ) ;
#7831 = ORIENTED_EDGE ( 'NONE', *, *, #6724, .T. ) ;
#7832 = EDGE_LOOP ( 'NONE', ( #9963, #1999, #1532, #1328 ) ) ;
#7833 = CARTESIAN_POINT ( 'NONE',  ( 10.83032118525095910, 3.632857506737339648, 10.83010036347999971 ) ) ;
#7834 = ADVANCED_BREP_SHAPE_REPRESENTATION ( 'Mini BT - Hub_D2HW-v1.0', ( #5815, #2339 ), #8329 ) ;
#7835 = AXIS2_PLACEMENT_3D ( 'NONE', #1169, #4351, #8294 ) ;
#7836 = ORIENTED_EDGE ( 'NONE', *, *, #2645, .F. ) ;
#7837 = CARTESIAN_POINT ( 'NONE',  ( -2.521786244474910177, 42.32714570538659871, 17.50000000000000000 ) ) ;
#7838 = EDGE_CURVE ( 'NONE', #5352, #7524, #456, .T. ) ;
#7839 = ORIENTED_EDGE ( 'NONE', *, *, #3141, .F. ) ;
#7840 = CARTESIAN_POINT ( 'NONE',  ( 9.251337959539149836, 19.44343793851067659, 9.008964838694598853 ) ) ;
#7841 = CIRCLE ( 'NONE', #204, 2.099999999999998312 ) ;
#7842 = CARTESIAN_POINT ( 'NONE',  ( 9.099103585502605895, 10.07232311121534885, 10.75435858425692004 ) ) ;
#7843 = LINE ( 'NONE', #9454, #344 ) ;
#7844 = AXIS2_PLACEMENT_3D ( 'NONE', #562, #2186, #8572 ) ;
#7845 = CARTESIAN_POINT ( 'NONE',  ( 10.79166805837794385, 10.11603725276692600, 9.131531188018755074 ) ) ;
#7846 = CARTESIAN_POINT ( 'NONE',  ( 14.20656177145000143, 44.37794951499359541, 14.57499999999999929 ) ) ;
#7847 = ORIENTED_EDGE ( 'NONE', *, *, #8951, .F. ) ;
#7848 = EDGE_CURVE ( 'NONE', #3160, #8445, #3147, .T. ) ;
#7849 = AXIS2_PLACEMENT_3D ( 'NONE', #7738, #1288, #2910 ) ;
#7850 = CARTESIAN_POINT ( 'NONE',  ( 10.00000000000000178, 24.90693293502468109, 10.37022926990427685 ) ) ;
#7851 = DIRECTION ( 'NONE',  ( -1.667197200375010339E-15, 0.2810846377148170094, -0.9596829822606681715 ) ) ;
#7852 = EDGE_CURVE ( 'NONE', #3358, #8215, #7772, .T. ) ;
#7853 = AXIS2_PLACEMENT_3D ( 'NONE', #7744, #2917, #3844 ) ;
#7854 = DIRECTION ( 'NONE',  ( 0.3826834323650878389, 0.000000000000000000, 0.9238795325112876267 ) ) ;
#7856 = EDGE_CURVE ( 'NONE', #5913, #4834, #2262, .T. ) ;
#7855 = DIRECTION ( 'NONE',  ( 0.2839820753888609439, 0.4002193707371637377, 0.8713085768799615494 ) ) ;
#7857 = CARTESIAN_POINT ( 'NONE',  ( 27.64438256372340064, 33.18873281217160098, 21.22181504019550147 ) ) ;
#7858 = DIRECTION ( 'NONE',  ( 0.7669706070501109973, 0.6416822328233690031, 0.000000000000000000 ) ) ;
#7859 = VECTOR ( 'NONE', #7196, 1000.000000000000000 ) ;
#7860 = VECTOR ( 'NONE', #1021, 1000.000000000000227 ) ;
#7861 = LINE ( 'NONE', #6257, #6050 ) ;
#7862 = CARTESIAN_POINT ( 'NONE',  ( 9.967505633908647411, 13.21568087278275883, 11.17538435100834349 ) ) ;
#7863 = EDGE_CURVE ( 'NONE', #745, #6568, #7994, .T. ) ;
#7864 = CARTESIAN_POINT ( 'NONE',  ( 16.99983404255739927, 23.47718947202649886, 26.92792382272299889 ) ) ;
#7865 = LINE ( 'NONE', #3963, #3851 ) ;
#7866 = EDGE_LOOP ( 'NONE', ( #1377, #7107, #5401, #3839, #4191, #10220, #10273, #159, #8975, #6800, #4664, #2939, #6358, #10292, #2109 ) ) ;
#7867 = CARTESIAN_POINT ( 'NONE',  ( 13.70734585591609900, 44.08908640636440168, 13.59675238393000107 ) ) ;
#7868 = VECTOR ( 'NONE', #4354, 1000.000000000000000 ) ;
#7869 = CARTESIAN_POINT ( 'NONE',  ( 10.00000542314633378, 20.29647828462674752, 11.15544958597831382 ) ) ;
#7870 = LINE ( 'NONE', #52, #5076 ) ;
#7872 = EDGE_CURVE ( 'NONE', #3491, #3428, #7207, .T. ) ;
#7871 = CARTESIAN_POINT ( 'NONE',  ( 9.807375849195970829, 4.419237941279240189, 12.40815416777400060 ) ) ;
#7873 = VECTOR ( 'NONE', #5440, 1000.000000000000227 ) ;
#7874 = EDGE_LOOP ( 'NONE', ( #522, #1236 ) ) ;
#7875 = FILL_AREA_STYLE ('',( #3972 ) ) ;
#7876 = LINE ( 'NONE', #739, #7859 ) ;
#7877 = VERTEX_POINT ( 'NONE', #10269 ) ;
#7878 = CARTESIAN_POINT ( 'NONE',  ( 10.00000015764685202, 5.200000284396058881, 7.500000000013828938 ) ) ;
#7879 = VECTOR ( 'NONE', #9317, 1000.000000000000000 ) ;
#7880 = LINE ( 'NONE', #9384, #8031 ) ;
#7881 = ORIENTED_EDGE ( 'NONE', *, *, #7683, .F. ) ;
#7882 = FACE_OUTER_BOUND ( 'NONE', #1588, .T. ) ;
#7883 = PLANE ( 'NONE',  #5619 ) ;
#7884 = AXIS2_PLACEMENT_3D ( 'NONE', #1501, #9513, #4683 ) ;
#7885 = ORIENTED_EDGE ( 'NONE', *, *, #8301, .F. ) ;
#7886 = CARTESIAN_POINT ( 'NONE',  ( 1.300238675660436938, 43.06378793803908422, 6.745525246209166603 ) ) ;
#7887 = ORIENTED_EDGE ( 'NONE', *, *, #2385, .F. ) ;
#7888 = VECTOR ( 'NONE', #10110, 1000.000000000000000 ) ;
#7889 = ORIENTED_EDGE ( 'NONE', *, *, #4893, .F. ) ;
#7890 = CARTESIAN_POINT ( 'NONE',  ( 9.959878394870749219, 6.589145430632910916, 8.543963421421349125 ) ) ;
#7891 = ORIENTED_EDGE ( 'NONE', *, *, #8962, .F. ) ;
#7892 = DIRECTION ( 'NONE',  ( -0.7438799437236197631, 0.000000000000000000, 0.6683132718461786137 ) ) ;
#7893 = VERTEX_POINT ( 'NONE', #3828 ) ;
#7894 = CARTESIAN_POINT ( 'NONE',  ( -4.475884189307890004, 37.30229873345540170, 10.00000000000000000 ) ) ;
#7895 = ORIENTED_EDGE ( 'NONE', *, *, #4050, .F. ) ;
#7896 = CARTESIAN_POINT ( 'NONE',  ( 9.349802377479962345, 10.34053025457514075, 10.98152982381953535 ) ) ;
#7897 = CYLINDRICAL_SURFACE ( 'NONE', #506, 1.175000000000000711 ) ;
#7898 = ADVANCED_FACE ( 'NONE', ( #6439 ), #6998, .F. ) ;
#7899 = DIRECTION ( 'NONE',  ( 0.000000000000000000, 0.000000000000000000, -1.000000000000000000 ) ) ;
#7900 = CARTESIAN_POINT ( 'NONE',  ( 10.00000000000000178, -2.600000000000000089, 5.625000000000000000 ) ) ;
#7901 = ORIENTED_EDGE ( 'NONE', *, *, #9838, .T. ) ;
#7902 = CARTESIAN_POINT ( 'NONE',  ( 11.34815321206318650, 4.410365774821235263, 11.65844446935033574 ) ) ;
#7903 = CARTESIAN_POINT ( 'NONE',  ( 9.967505633912621121, 13.21568087271121783, 8.824615648991397165 ) ) ;
#7904 = ORIENTED_EDGE ( 'NONE', *, *, #8566, .F. ) ;
#7905 = CARTESIAN_POINT ( 'NONE',  ( 23.18994544694839988, 38.37817313579390799, 14.37500000000000000 ) ) ;
#7906 = CARTESIAN_POINT ( 'NONE',  ( 13.65839009415729954, 41.83523786601629979, 14.37500000000000000 ) ) ;
#7907 = ADVANCED_FACE ( 'NONE', ( #2484 ), #8710, .T. ) ;
#7908 = CARTESIAN_POINT ( 'NONE',  ( 14.56810690337090186, 42.02285815199680030, 14.37500000000000000 ) ) ;
#7909 = DIRECTION ( 'NONE',  ( 0.9998844787876258744, 0.01519964077199930340, 0.000000000000000000 ) ) ;
#7910 = DIRECTION ( 'NONE',  ( -0.2394571141604759923, -0.9709069422338770794, 0.000000000000000000 ) ) ;
#7911 = CARTESIAN_POINT ( 'NONE',  ( 10.00000000000000000, -4.950000000000000178, 10.00000000000000000 ) ) ;
#7912 = DIRECTION ( 'NONE',  ( -0.2394571141604759923, 0.9709069422338770794, 1.705833612411385176E-17 ) ) ;
#7913 = ADVANCED_FACE ( 'NONE', ( #2426 ), #7883, .T. ) ;
#7914 = ADVANCED_FACE ( 'NONE', ( #2366 ), #4456, .T. ) ;
#7915 = DIRECTION ( 'NONE',  ( -0.000000000000000000, 1.000000000000000000, 0.000000000000000000 ) ) ;
#7916 = LINE ( 'NONE', #8584, #8188 ) ;
#7917 = ORIENTED_EDGE ( 'NONE', *, *, #90, .F. ) ;
#7918 = LINE ( 'NONE', #9472, #5698 ) ;
#7919 = DIRECTION ( 'NONE',  ( 1.000000000000000000, 0.000000000000000000, 0.000000000000000000 ) ) ;
#7920 = CARTESIAN_POINT ( 'NONE',  ( 7.076129435672969592, -2.600000000000000089, 13.25447475379079876 ) ) ;
#7921 = CARTESIAN_POINT ( 'NONE',  ( 9.167769701725649867, 7.658537783584020708, 9.170529362487059188 ) ) ;
#7922 = EDGE_LOOP ( 'NONE', ( #5498, #8133, #3437, #757, #755 ) ) ;
#7923 = ORIENTED_EDGE ( 'NONE', *, *, #3128, .T. ) ;
#7924 = CARTESIAN_POINT ( 'NONE',  ( 10.00000000000000000, 0.000000000000000000, 10.00000000000000000 ) ) ;
#7925 = EDGE_CURVE ( 'NONE', #2219, #7442, #4766, .T. ) ;
#7926 = DIRECTION ( 'NONE',  ( 0.000000000000000000, -1.000000000000000000, 0.000000000000000000 ) ) ;
#7927 = EDGE_CURVE ( 'NONE', #5348, #6566, #690, .T. ) ;
#7928 = VECTOR ( 'NONE', #6534, 1000.000000000000114 ) ;
#7929 = DIRECTION ( 'NONE',  ( -0.7071067811865450192, 0.000000000000000000, 0.7071067811865500152 ) ) ;
#7930 = ORIENTED_EDGE ( 'NONE', *, *, #1121, .T. ) ;
#7931 = CARTESIAN_POINT ( 'NONE',  ( 28.13578445386719906, 27.44301537947960057, 19.50000000000000000 ) ) ;
#7932 = ADVANCED_FACE ( 'NONE', ( #7047 ), #6498, .F. ) ;
#7933 = DIRECTION ( 'NONE',  ( -0.4297662518847529811, 0.5263540128930259687, 0.7336568829175799111 ) ) ;
#7934 = ORIENTED_EDGE ( 'NONE', *, *, #884, .F. ) ;
#7935 = CARTESIAN_POINT ( 'NONE',  ( 11.50293136031242014, 4.410473422245765107, 11.50357115502771954 ) ) ;
#7936 = VECTOR ( 'NONE', #1383, 1000.000000000000227 ) ;
#7937 = DIRECTION ( 'NONE',  ( 0.000000000000000000, -1.000000000000000000, 0.000000000000000000 ) ) ;
#7938 = EDGE_LOOP ( 'NONE', ( #8721, #89, #1775, #7895 ) ) ;
#7939 = CARTESIAN_POINT ( 'NONE',  ( 15.10884649407599944, 9.260623714451948985, 22.17991430594090119 ) ) ;
#7940 = CARTESIAN_POINT ( 'NONE',  ( -7.641238337099040656, 38.04398097986710070, 2.500000000000000000 ) ) ;
#7941 = EDGE_LOOP ( 'NONE', ( #2968, #4770, #9608, #7621 ) ) ;
#7942 = CARTESIAN_POINT ( 'NONE',  ( 9.672207530949661347, 6.306173813569550646, 8.812503439080609624 ) ) ;
#7943 = AXIS2_PLACEMENT_3D ( 'NONE', #368, #1981, #8471 ) ;
#7944 = ADVANCED_FACE ( 'NONE', ( #8930 ), #4305, .T. ) ;
#7945 = VERTEX_POINT ( 'NONE', #1077 ) ;
#7946 = CARTESIAN_POINT ( 'NONE',  ( -6.799148781361641802, 5.199999804488648181, 0.5000000000000004441 ) ) ;
#7947 = EDGE_LOOP ( 'NONE', ( #1696, #2994, #2799, #5432 ) ) ;
#7948 = ORIENTED_EDGE ( 'NONE', *, *, #6888, .F. ) ;
#7949 = ORIENTED_EDGE ( 'NONE', *, *, #1778, .T. ) ;
#7950 = AXIS2_PLACEMENT_3D ( 'NONE', #437, #2060, #5388 ) ;
#7951 = CARTESIAN_POINT ( 'NONE',  ( 10.00000000000000000, 42.84051189585739650, 0.000000000000000000 ) ) ;
#7952 = ORIENTED_EDGE ( 'NONE', *, *, #9301, .F. ) ;
#7953 =( NAMED_UNIT ( * ) SI_UNIT ( $, .STERADIAN. ) SOLID_ANGLE_UNIT ( ) );
#7954 = DIRECTION ( 'NONE',  ( -0.6416822328233711126, 0.7669706070501092210, 2.227333963525540794E-15 ) ) ;
#7955 = VECTOR ( 'NONE', #3619, 1000.000000000000000 ) ;
#7956 = ORIENTED_EDGE ( 'NONE', *, *, #6166, .F. ) ;
#7957 = CARTESIAN_POINT ( 'NONE',  ( 16.69983675174569981, 7.660623714451969768, 20.58892404827109956 ) ) ;
#7958 = DIRECTION ( 'NONE',  ( 0.5125766358075100060, -0.4288447525037477615, 0.7438799437236189860 ) ) ;
#7959 = LINE ( 'NONE', #6410, #6651 ) ;
#7960 = ORIENTED_EDGE ( 'NONE', *, *, #3546, .F. ) ;
#7961 = CARTESIAN_POINT ( 'NONE',  ( 4.713741978743980710, 41.43375288419030511, 10.00000000000000000 ) ) ;
#7962 = CARTESIAN_POINT ( 'NONE',  ( 8.775640230994556035, 5.230813049829702521, 10.82624989643494828 ) ) ;
#7963 = EDGE_CURVE ( 'NONE', #396, #2912, #2289, .T. ) ;
#7964 = FACE_OUTER_BOUND ( 'NONE', #7275, .T. ) ;
#7965 = LINE ( 'NONE', #9627, #1908 ) ;
#7966 = CONICAL_SURFACE ( 'NONE', #3315, 1.875000000000000666, 0.7853981633974469467 ) ;
#7967 = CARTESIAN_POINT ( 'NONE',  ( 11.60866792719992446, 5.356794092854940459, 14.48530593349522633 ) ) ;
#7968 = DIRECTION ( 'NONE',  ( 0.2394571141604759923, 0.9709069422338770794, 0.000000000000000000 ) ) ;
#7969 = LINE ( 'NONE', #4638, #7604 ) ;
#7970 = CARTESIAN_POINT ( 'NONE',  ( 26.59026281201390063, 35.53331412937740197, 13.06850476785990089 ) ) ;
#7971 = VECTOR ( 'NONE', #2854, 1000.000000000000000 ) ;
#7972 = VERTEX_POINT ( 'NONE', #1807 ) ;
#7973 = CARTESIAN_POINT ( 'NONE',  ( 12.04102171664560039, 42.33712980129509873, 20.00000000000000000 ) ) ;
#7974 = LINE ( 'NONE', #4084, #2452 ) ;
#7975 = CARTESIAN_POINT ( 'NONE',  ( 10.00000000000000000, 17.08409838298220151, 11.17499999999999893 ) ) ;
#7976 = ADVANCED_FACE ( 'NONE', ( #1122 ), #8208, .T. ) ;
#7977 = CARTESIAN_POINT ( 'NONE',  ( 10.85362584415970133, 4.409931034576309195, 12.06385438101900220 ) ) ;
#7978 = VERTEX_POINT ( 'NONE', #3476 ) ;
#7979 = CARTESIAN_POINT ( 'NONE',  ( 34.55854145947857603, 29.25100135070063345, 9.200000000034249226 ) ) ;
#7980 = DIRECTION ( 'NONE',  ( -0.6683132718461772814, 0.000000000000000000, 0.7438799437236210954 ) ) ;
#7981 = VECTOR ( 'NONE', #8581, 1000.000000000000114 ) ;
#7982 = VERTEX_POINT ( 'NONE', #7371 ) ;
#7983 = CARTESIAN_POINT ( 'NONE',  ( 15.28625802125600153, 41.43375288419030511, 10.00000000000000000 ) ) ;
#7984 = CARTESIAN_POINT ( 'NONE',  ( 10.00000000000000000, 17.08409838298220151, 11.17499999999999893 ) ) ;
#7985 = VERTEX_POINT ( 'NONE', #2748 ) ;
#7986 = FACE_BOUND ( 'NONE', #979, .T. ) ;
#7987 = ADVANCED_FACE ( 'NONE', ( #7425 ), #5767, .T. ) ;
#7988 = LINE ( 'NONE', #2258, #5718 ) ;
#7989 = ORIENTED_EDGE ( 'NONE', *, *, #5139, .F. ) ;
#7990 = CARTESIAN_POINT ( 'NONE',  ( 10.83033287873311501, 3.632905680079773880, 10.83011198282811272 ) ) ;
#7991 = EDGE_CURVE ( 'NONE', #6833, #4974, #5094, .T. ) ;
#7992 = AXIS2_PLACEMENT_3D ( 'NONE', #4283, #4077, #2455 ) ;
#7993 = EDGE_CURVE ( 'NONE', #7877, #871, #9027, .T. ) ;
#7994 = LINE ( 'NONE', #8764, #7605 ) ;
#7995 = VERTEX_POINT ( 'NONE', #1695 ) ;
#7996 = CARTESIAN_POINT ( 'NONE',  ( -1.979756174043236561, 31.04615415940580192, 10.00000000000000000 ) ) ;
#7997 = EDGE_CURVE ( 'NONE', #5646, #4568, #181, .T. ) ;
#7998 = ORIENTED_EDGE ( 'NONE', *, *, #9694, .T. ) ;
#7999 = CARTESIAN_POINT ( 'NONE',  ( 9.804080768514010558, 6.415077151291080249, 8.725505025550740257 ) ) ;
#8000 = VERTEX_POINT ( 'NONE', #3427 ) ;
#8001 = DIRECTION ( 'NONE',  ( 2.070351172966034045E-08, 0.000000000000000000, -0.9999999999999997780 ) ) ;
#8002 = EDGE_CURVE ( 'NONE', #356, #5423, #6653, .T. ) ;
#8003 = ORIENTED_EDGE ( 'NONE', *, *, #8065, .F. ) ;
#8004 = ORIENTED_EDGE ( 'NONE', *, *, #9332, .T. ) ;
#8005 = ORIENTED_EDGE ( 'NONE', *, *, #4381, .F. ) ;
#8006 = CARTESIAN_POINT ( 'NONE',  ( 16.31699133008299896, 23.34594011466069929, 27.21076693067189822 ) ) ;
#8007 = ADVANCED_FACE ( 'NONE', ( #7260 ), #5871, .T. ) ;
#8008 = ORIENTED_EDGE ( 'NONE', *, *, #7546, .T. ) ;
#8009 = DIRECTION ( 'NONE',  ( 0.9238797216879586216, 0.000000000000000000, 0.3826829756518835279 ) ) ;
#8010 = CARTESIAN_POINT ( 'NONE',  ( -6.799148781361641802, 19.99999999999999645, 0.000000000000000000 ) ) ;
#8011 = VERTEX_POINT ( 'NONE', #4928 ) ;
#8012 = CARTESIAN_POINT ( 'NONE',  ( -4.475884189307890004, 37.30229873345540170, 10.00000000000000000 ) ) ;
#8013 = LINE ( 'NONE', #882, #2480 ) ;
#8014 = FACE_OUTER_BOUND ( 'NONE', #4812, .T. ) ;
#8015 = B_SPLINE_SURFACE_WITH_KNOTS ( 'NONE', 3, 3, ( 
 ( #8827, #9603, #6340, #3260, #8716, #4049, #6285, #7890, #921, #861, #7215, #7155 ),
 ( #5600, #3207, #1644, #71, #808, #6444, #8052, #10276, #4771, #4102, #9490, #4826 ),
 ( #3052, #6238, #2490, #697, #2375, #1701, #17, #7999, #3885, #5551, #6393, #4663 ),
 ( #7833, #4717, #754, #9394, #8657, #10173, #3992, #7942, #5662, #9552, #3937, #2269 ),
 ( #1589, #8609, #10227, #7102, #5495, #5443, #1482, #3100, #4877, #9444, #2322, #1535 ) ),
 .UNSPECIFIED., .F., .F., .F.,
 ( 4, 1, 4 ),
 ( 4, 1, 1, 1, 1, 1, 1, 2, 4 ),
 ( 0.000000000000000000, 0.5714285714285709528, 1.000000000000000000 ),
 ( 0.8534338749436970462, 0.9387772624380670283, 1.024120649932440008, 1.194807424921179972, 1.280150812415550066, 1.365494199909909945, 1.536180974898650131, 1.706867749887389873, 1.707873914574870033 ),
 .UNSPECIFIED. ) ;
#8016 = ORIENTED_EDGE ( 'NONE', *, *, #3711, .T. ) ;
#8017 = DIRECTION ( 'NONE',  ( -0.5000000000000008882, 0.000000000000000000, -0.8660254037844382635 ) ) ;
#8018 = AXIS2_PLACEMENT_3D ( 'NONE', #4300, #6698, #9862 ) ;
#8019 = CYLINDRICAL_SURFACE ( 'NONE', #6076, 2.099999999999998757 ) ;
#8020 = DIRECTION ( 'NONE',  ( 0.7071067811865849873, 0.000000000000000000, -0.7071067811865101582 ) ) ;
#8021 = CARTESIAN_POINT ( 'NONE',  ( 15.69220957538160199, 11.11062371445220087, 16.64680375632470088 ) ) ;
#8022 = CARTESIAN_POINT ( 'NONE',  ( 11.98708079414599936, 39.56952835003689728, 13.06850476785990089 ) ) ;
#8023 = VECTOR ( 'NONE', #5497, 1000.000000000000000 ) ;
#8024 = DIRECTION ( 'NONE',  ( 0.000000000000000000, 0.000000000000000000, -1.000000000000000000 ) ) ;
#8025 = DIRECTION ( 'NONE',  ( 0.000000000000000000, -0.8663452214004263574, 0.4994456500527822418 ) ) ;
#8026 = ORIENTED_EDGE ( 'NONE', *, *, #7072, .F. ) ;
#8027 = DIRECTION ( 'NONE',  ( 0.7669706070501109973, 0.6416822328233690031, 0.000000000000000000 ) ) ;
#8028 = DIRECTION ( 'NONE',  ( 0.7071067811865450192, 8.656155890839421148E-15, -0.7071067811865500152 ) ) ;
#8029 = DIRECTION ( 'NONE',  ( 0.6416822328233690031, 0.7669706070501109973, 0.000000000000000000 ) ) ;
#8030 = CARTESIAN_POINT ( 'NONE',  ( 15.28562318937020059, 5.034314593714720232, 17.33623285481059995 ) ) ;
#8031 = VECTOR ( 'NONE', #6, 999.9999999999998863 ) ;
#8032 = ORIENTED_EDGE ( 'NONE', *, *, #7740, .T. ) ;
#8033 = CARTESIAN_POINT ( 'NONE',  ( -14.55854136924701514, 5.199999572193055641, 9.200000010607794820 ) ) ;
#8034 = CARTESIAN_POINT ( 'NONE',  ( 7.168097914175049823, -0.2000000000000050071, 20.00000000000000000 ) ) ;
#8035 = VECTOR ( 'NONE', #7263, 1000.000000000000000 ) ;
#8036 = CARTESIAN_POINT ( 'NONE',  ( 22.52178624447489952, 42.32714570538659871, 2.500000000000000000 ) ) ;
#8037 = CARTESIAN_POINT ( 'NONE',  ( 9.999928154489252208, 19.97506213288243160, 8.833928249878375993 ) ) ;
#8038 = VERTEX_POINT ( 'NONE', #9657 ) ;
#8039 = EDGE_CURVE ( 'NONE', #5640, #2579, #6553, .T. ) ;
#8040 = AXIS2_PLACEMENT_3D ( 'NONE', #9817, #1124, #5875 ) ;
#8041 = CARTESIAN_POINT ( 'NONE',  ( 14.10459957863889890, 20.66205238419150092, 23.18416122137779922 ) ) ;
#8042 = ORIENTED_EDGE ( 'NONE', *, *, #4324, .T. ) ;
#8043 = DIRECTION ( 'NONE',  ( -0.2894986245040751527, 0.7996948549747699975, -0.5260025525956408821 ) ) ;
#8044 = AXIS2_PLACEMENT_3D ( 'NONE', #8822, #7152, #6501 ) ;
#8045 = CARTESIAN_POINT ( 'NONE',  ( 19.14072289557179829, 25.08200903709969865, 24.52246123681470280 ) ) ;
#8046 = VERTEX_POINT ( 'NONE', #6607 ) ;
#8047 = LINE ( 'NONE', #1586, #5063 ) ;
#8048 = VECTOR ( 'NONE', #8231, 1000.000000000000000 ) ;
#8049 = DIRECTION ( 'NONE',  ( 0.7071067811865450192, 8.656155890839421148E-15, -0.7071067811865500152 ) ) ;
#8050 = VECTOR ( 'NONE', #4126, 1000.000000000000000 ) ;
#8051 = EDGE_CURVE ( 'NONE', #5768, #2899, #973, .T. ) ;
#8052 = CARTESIAN_POINT ( 'NONE',  ( 10.71081658689939786, 5.663803034015160165, 8.516956121587030637 ) ) ;
#8053 = EDGE_CURVE ( 'NONE', #705, #3104, #5822, .T. ) ;
#8054 = ORIENTED_EDGE ( 'NONE', *, *, #700, .F. ) ;
#8055 = VERTEX_POINT ( 'NONE', #8819 ) ;
#8056 = EDGE_CURVE ( 'NONE', #5694, #134, #5038, .T. ) ;
#8057 = FACE_OUTER_BOUND ( 'NONE', #64, .T. ) ;
#8058 = VECTOR ( 'NONE', #4073, 1000.000000000000227 ) ;
#8059 = ORIENTED_EDGE ( 'NONE', *, *, #3171, .T. ) ;
#8061 = ORIENTED_EDGE ( 'NONE', *, *, #1240, .T. ) ;
#8060 = VECTOR ( 'NONE', #1903, 999.9999999999998863 ) ;
#8062 = ORIENTED_EDGE ( 'NONE', *, *, #8660, .T. ) ;
#8063 = PLANE ( 'NONE',  #5832 ) ;
#8064 = ORIENTED_EDGE ( 'NONE', *, *, #5011, .F. ) ;
#8065 = EDGE_CURVE ( 'NONE', #4009, #2901, #1754, .T. ) ;
#8066 = CARTESIAN_POINT ( 'NONE',  ( 18.83831307185650061, 12.40000174164079993, 25.08944758984920043 ) ) ;
#8067 = ORIENTED_EDGE ( 'NONE', *, *, #6919, .F. ) ;
#8068 = LINE ( 'NONE', #3390, #4537 ) ;
#8069 = EDGE_CURVE ( 'NONE', #5668, #10170, #4787, .T. ) ;
#8070 = CARTESIAN_POINT ( 'NONE',  ( 7.552548207842380457, 42.13389449170290391, 13.25447475379079876 ) ) ;
#8071 = DIRECTION ( 'NONE',  ( 0.000000000000000000, 0.5968526937643650054, -0.8023508347015169129 ) ) ;
#8072 = ORIENTED_EDGE ( 'NONE', *, *, #2459, .T. ) ;
#8073 = CYLINDRICAL_SURFACE ( 'NONE', #964, 1.675000000000001599 ) ;
#8074 = DIRECTION ( 'NONE',  ( 0.7071067811865473507, 0.000000000000000000, 0.7071067811865477948 ) ) ;
#8075 = DIRECTION ( 'NONE',  ( -0.9725069832798669545, 0.000000000000000000, 0.2328737157171079930 ) ) ;
#8076 = FACE_BOUND ( 'NONE', #3733, .T. ) ;
#8077 = DIRECTION ( 'NONE',  ( 0.000000000000000000, -1.000000000000000000, 0.000000000000000000 ) ) ;
#8078 = CARTESIAN_POINT ( 'NONE',  ( 15.79263706932032463, 34.71708851415645825, 10.00000000000000000 ) ) ;
#8079 = CARTESIAN_POINT ( 'NONE',  ( 16.91412594835469818, 41.03226790236440280, 14.37500000000000000 ) ) ;
#8080 = ORIENTED_EDGE ( 'NONE', *, *, #1002, .T. ) ;
#8081 = CARTESIAN_POINT ( 'NONE',  ( 10.92782821049413577, 20.16652265616819051, 9.073635143040723605 ) ) ;
#8082 = DIRECTION ( 'NONE',  ( -0.8660254037844385966, -0.000000000000000000, -0.5000000000000001110 ) ) ;
#8083 = LINE ( 'NONE', #3515, #50 ) ;
#8084 = FACE_OUTER_BOUND ( 'NONE', #8429, .T. ) ;
#8085 = ORIENTED_EDGE ( 'NONE', *, *, #2459, .F. ) ;
#8086 = ORIENTED_EDGE ( 'NONE', *, *, #3536, .F. ) ;
#8087 = DIRECTION ( 'NONE',  ( 0.000000000000000000, 1.000000000000000000, 0.000000000000000000 ) ) ;
#8088 = LINE ( 'NONE', #890, #5225 ) ;
#8089 = DIRECTION ( 'NONE',  ( -0.000000000000000000, -0.000000000000000000, -1.000000000000000000 ) ) ;
#8090 = CARTESIAN_POINT ( 'NONE',  ( 10.00000000000000000, 17.08409838298220151, 8.824999999999999289 ) ) ;
#8091 = VERTEX_POINT ( 'NONE', #530 ) ;
#8092 = CARTESIAN_POINT ( 'NONE',  ( 15.28625802125604416, 41.43375288419029090, 5.875000000000000000 ) ) ;
#8093 = CARTESIAN_POINT ( 'NONE',  ( 14.69151496751343444, 27.43865707737674242, 10.00000000000000000 ) ) ;
#8094 = EDGE_LOOP ( 'NONE', ( #7782, #660, #2664, #5974 ) ) ;
#8095 = DIRECTION ( 'NONE',  ( -0.6416822328233690031, -0.7669706070501109973, 0.000000000000000000 ) ) ;
#8096 = CARTESIAN_POINT ( 'NONE',  ( 15.90884651807330030, 43.95811093399839820, 10.00000000000000000 ) ) ;
#8097 = ORIENTED_EDGE ( 'NONE', *, *, #6919, .T. ) ;
#8098 = DIRECTION ( 'NONE',  ( 0.6488699952224916689, 0.1600323674314322597, 0.7438799437236192080 ) ) ;
#8099 = VECTOR ( 'NONE', #1462, 1000.000000000000000 ) ;
#8100 = FACE_OUTER_BOUND ( 'NONE', #1765, .T. ) ;
#8101 = DIRECTION ( 'NONE',  ( -0.5125766358075094509, -0.4288447525037470398, -0.7438799437236198742 ) ) ;
#8102 = VERTEX_POINT ( 'NONE', #6120 ) ;
#8103 = VECTOR ( 'NONE', #8557, 1000.000000000000114 ) ;
#8104 = CARTESIAN_POINT ( 'NONE',  ( 15.00000000000000000, 0.000000000000000000, 0.5000000000000000000 ) ) ;
#8105 = ORIENTED_EDGE ( 'NONE', *, *, #8144, .F. ) ;
#8106 = ORIENTED_EDGE ( 'NONE', *, *, #7412, .T. ) ;
#8107 = VERTEX_POINT ( 'NONE', #582 ) ;
#8108 = EDGE_CURVE ( 'NONE', #9038, #8362, #9955, .T. ) ;
#8109 = DIRECTION ( 'NONE',  ( 0.7071067811865500152, -5.046468293750710615E-15, 0.7071067811865450192 ) ) ;
#8110 = VERTEX_POINT ( 'NONE', #3623 ) ;
#8111 = CARTESIAN_POINT ( 'NONE',  ( 11.19944666878087070, 21.22218101469877283, 10.82580409747646044 ) ) ;
#8112 = VECTOR ( 'NONE', #4239, 1000.000000000000114 ) ;
#8113 = VECTOR ( 'NONE', #3878, 1000.000000000000000 ) ;
#8114 = CYLINDRICAL_SURFACE ( 'NONE', #8384, 4.125000000000000000 ) ;
#8115 = CARTESIAN_POINT ( 'NONE',  ( 12.79020790995780033, -4.700000000000000178, 13.10569876504609965 ) ) ;
#8116 = ORIENTED_EDGE ( 'NONE', *, *, #5516, .T. ) ;
#8117 = EDGE_LOOP ( 'NONE', ( #1261, #7461, #2336, #9325 ) ) ;
#8118 = DIRECTION ( 'NONE',  ( 0.5125766358075100060, -0.4288447525037477615, 0.7438799437236189860 ) ) ;
#8119 = DIRECTION ( 'NONE',  ( -0.1051279606292579855, -0.9944587029605268524, 0.000000000000000000 ) ) ;
#8120 = VECTOR ( 'NONE', #611, 1000.000000000000000 ) ;
#8121 = VECTOR ( 'NONE', #6426, 1000.000000000000000 ) ;
#8122 = ORIENTED_EDGE ( 'NONE', *, *, #10136, .F. ) ;
#8123 = ADVANCED_FACE ( 'NONE', ( #2840 ), #9914, .T. ) ;
#8124 = PLANE ( 'NONE',  #1959 ) ;
#8125 = EDGE_CURVE ( 'NONE', #2852, #9068, #7454, .T. ) ;
#8126 = CARTESIAN_POINT ( 'NONE',  ( 8.433415663592310096, -3.399999999999999911, 14.13780600281379840 ) ) ;
#8127 = DIRECTION ( 'NONE',  ( 0.7071067811865450192, 8.656155890839421148E-15, -0.7071067811865500152 ) ) ;
#8128 = PLANE ( 'NONE',  #3000 ) ;
#8129 = EDGE_CURVE ( 'NONE', #2549, #4449, #7568, .T. ) ;
#8130 = AXIS2_PLACEMENT_3D ( 'NONE', #9836, #1974, #1243 ) ;
#8131 = CARTESIAN_POINT ( 'NONE',  ( 0.1940000000000099978, -4.930084118726089707E-15, 4.426497308103719774 ) ) ;
#8132 = CARTESIAN_POINT ( 'NONE',  ( 8.323353293413170206, -3.000000000000000000, 14.37500000000000000 ) ) ;
#8133 = ORIENTED_EDGE ( 'NONE', *, *, #3045, .F. ) ;
#8134 = FACE_OUTER_BOUND ( 'NONE', #7578, .T. ) ;
#8135 = EDGE_CURVE ( 'NONE', #4533, #4700, #2960, .T. ) ;
#8136 = FACE_OUTER_BOUND ( 'NONE', #252, .T. ) ;
#8137 = VECTOR ( 'NONE', #5224, 1000.000000000000000 ) ;
#8138 = CIRCLE ( 'NONE', #10111, 1.000000000000000000 ) ;
#8139 = CARTESIAN_POINT ( 'NONE',  ( 10.00000000000000000, 0.5000000000000004441, 0.000000000000000000 ) ) ;
#8140 = PLANE ( 'NONE',  #3638 ) ;
#8141 = VERTEX_POINT ( 'NONE', #5968 ) ;
#8142 = ORIENTED_EDGE ( 'NONE', *, *, #7606, .F. ) ;
#8143 = LINE ( 'NONE', #906, #6822 ) ;
#8144 = EDGE_CURVE ( 'NONE', #4457, #9732, #2161, .T. ) ;
#8145 = CARTESIAN_POINT ( 'NONE',  ( 17.96284675154879906, 40.77361936853569802, 13.06850476785990089 ) ) ;
#8146 = EDGE_LOOP ( 'NONE', ( #2393, #3636, #7193, #296 ) ) ;
#8147 = FACE_OUTER_BOUND ( 'NONE', #8799, .T. ) ;
#8148 = VECTOR ( 'NONE', #9285, 1000.000000000000114 ) ;
#8149 = LINE ( 'NONE', #6495, #4048 ) ;
#8150 = EDGE_LOOP ( 'NONE', ( #5955, #8722 ) ) ;
#8151 = FACE_BOUND ( 'NONE', #4831, .T. ) ;
#8152 = CARTESIAN_POINT ( 'NONE',  ( 9.769656890474696098, 16.09055895214064691, 11.15904500613431694 ) ) ;
#8153 = VERTEX_POINT ( 'NONE', #7520 ) ;
#8154 = VECTOR ( 'NONE', #7309, 999.9999999999998863 ) ;
#8155 = DIRECTION ( 'NONE',  ( -0.000000000000000000, 0.000000000000000000, -1.000000000000000000 ) ) ;
#8156 = FACE_OUTER_BOUND ( 'NONE', #4952, .T. ) ;
#8157 = B_SPLINE_CURVE_WITH_KNOTS ( 'NONE', 3,
 ( #9196, #8412, #5298, #1591, #1647 ),
 .UNSPECIFIED., .F., .F.,
 ( 4, 1, 4 ),
 ( -0.002090372810234379652, 0.2116278994153109883, 0.9998235244420359269 ),
 .UNSPECIFIED. ) ;
#8158 = DIRECTION ( 'NONE',  ( 0.000000000000000000, 1.000000000000000000, 0.000000000000000000 ) ) ;
#8159 = ORIENTED_EDGE ( 'NONE', *, *, #2827, .F. ) ;
#8160 = DIRECTION ( 'NONE',  ( 0.7071067811865475727, -2.050793297071324943E-08, 0.7071067811865472397 ) ) ;
#8161 = AXIS2_PLACEMENT_3D ( 'NONE', #7404, #3453, #5068 ) ;
#8162 = ORIENTED_EDGE ( 'NONE', *, *, #7872, .F. ) ;
#8163 = CARTESIAN_POINT ( 'NONE',  ( 22.80751038396710229, 35.30817515512509885, 10.00000000000000000 ) ) ;
#8164 = VERTEX_POINT ( 'NONE', #7665 ) ;
#8165 = ORIENTED_EDGE ( 'NONE', *, *, #7434, .T. ) ;
#8166 = ORIENTED_EDGE ( 'NONE', *, *, #6148, .T. ) ;
#8167 = CARTESIAN_POINT ( 'NONE',  ( 23.20174416712210075, 41.23672984023779264, 12.46631929672079941 ) ) ;
#8168 = VERTEX_POINT ( 'NONE', #10056 ) ;
#8169 = COLOUR_RGB ( '',0.7921568627450980005, 0.8196078431372548767, 0.9333333333333333481 ) ;
#8170 = DIRECTION ( 'NONE',  ( 0.000000000000000000, -1.000000000000000000, 0.000000000000000000 ) ) ;
#8171 = VECTOR ( 'NONE', #1322, 1000.000000000000114 ) ;
#8172 = ORIENTED_EDGE ( 'NONE', *, *, #1187, .T. ) ;
#8173 = ORIENTED_EDGE ( 'NONE', *, *, #993, .F. ) ;
#8174 = EDGE_CURVE ( 'NONE', #191, #8011, #9605, .T. ) ;
#8175 = DIRECTION ( 'NONE',  ( 0.000000000000000000, 1.000000000000000000, 0.000000000000000000 ) ) ;
#8176 = CARTESIAN_POINT ( 'NONE',  ( 19.29289417248839911, 6.019182658296859501, 24.39619503138679946 ) ) ;
#8177 = ORIENTED_EDGE ( 'NONE', *, *, #1771, .T. ) ;
#8178 = CARTESIAN_POINT ( 'NONE',  ( 7.926350815348344625, 23.60396519705335194, 9.760452086164635332 ) ) ;
#8179 = DIRECTION ( 'NONE',  ( -0.1693217492262339974, 0.6865348827546717825, -0.7071067811865457964 ) ) ;
#8180 = DIRECTION ( 'NONE',  ( 0.5000000000000000000, 0.000000000000000000, 0.8660254037844387076 ) ) ;
#8181 = DIRECTION ( 'NONE',  ( 5.363993858512381008E-15, -1.000000000000000000, -6.877659200328480858E-15 ) ) ;
#8182 = DIRECTION ( 'NONE',  ( 1.000000000000000000, 0.000000000000000000, 0.000000000000000000 ) ) ;
#8183 = EDGE_CURVE ( 'NONE', #5241, #8511, #4622, .T. ) ;
#8184 = EDGE_CURVE ( 'NONE', #7524, #5352, #5288, .T. ) ;
#8185 = CARTESIAN_POINT ( 'NONE',  ( 4.713741978744003802, 41.43375288419030511, 5.875000000000000000 ) ) ;
#8186 = ADVANCED_FACE ( 'NONE', ( #3577 ), #4546, .T. ) ;
#8187 = CARTESIAN_POINT ( 'NONE',  ( -7.358541197943527123, 0.000000000000000000, 20.00000000000000355 ) ) ;
#8188 = VECTOR ( 'NONE', #1568, 1000.000000000000227 ) ;
#8189 = EDGE_LOOP ( 'NONE', ( #6337, #6074, #6266, #9061 ) ) ;
#8190 = CARTESIAN_POINT ( 'NONE',  ( 23.87983233121369864, 27.49007170891950125, 19.99074503468730057 ) ) ;
#8191 = EDGE_CURVE ( 'NONE', #5893, #9496, #6799, .T. ) ;
#8192 = CARTESIAN_POINT ( 'NONE',  ( 0.1940000000000099978, -4.930084118726089707E-15, 15.97350269189619709 ) ) ;
#8193 = FACE_OUTER_BOUND ( 'NONE', #2311, .T. ) ;
#8194 = DIRECTION ( 'NONE',  ( 0.000000000000000000, 0.000000000000000000, -1.000000000000000000 ) ) ;
#8195 = ORIENTED_EDGE ( 'NONE', *, *, #5708, .T. ) ;
#8196 = ORIENTED_EDGE ( 'NONE', *, *, #8582, .F. ) ;
#8197 = DIRECTION ( 'NONE',  ( -0.8944271909999162995, 0.4472135954999571505, 0.000000000000000000 ) ) ;
#8198 = DIRECTION ( 'NONE',  ( -0.6488699952224918910, -0.1600323674314317879, -0.7438799437236190970 ) ) ;
#8199 = AXIS2_PLACEMENT_3D ( 'NONE', #1692, #8095, #9596 ) ;
#8200 = DIRECTION ( 'NONE',  ( -0.7535924180801727434, 0.000000000000000000, 0.6573419714365408284 ) ) ;
#8201 = EDGE_CURVE ( 'NONE', #1164, #9050, #9125, .T. ) ;
#8202 = EDGE_LOOP ( 'NONE', ( #6602, #9971, #6478, #8779 ) ) ;
#8203 = LINE ( 'NONE', #175, #1571 ) ;
#8204 = LINE ( 'NONE', #4925, #8865 ) ;
#8205 = CARTESIAN_POINT ( 'NONE',  ( 9.169149532050450802, 7.660623714533939754, 9.169149532161529947 ) ) ;
#8206 = EDGE_CURVE ( 'NONE', #134, #6040, #8345, .T. ) ;
#8207 = AXIS2_PLACEMENT_3D ( 'NONE', #5660, #8158, #292 ) ;
#8208 = PLANE ( 'NONE',  #2472 ) ;
#8209 = CIRCLE ( 'NONE', #5885, 4.375000000000000888 ) ;
#8210 = LINE ( 'NONE', #3703, #9870 ) ;
#8211 = LINE ( 'NONE', #435, #9868 ) ;
#8212 = CARTESIAN_POINT ( 'NONE',  ( 19.31222850319100104, 11.55027452128530108, 24.61552936208950015 ) ) ;
#8213 = AXIS2_PLACEMENT_3D ( 'NONE', #5866, #3355, #8291 ) ;
#8214 = DIRECTION ( 'NONE',  ( -5.337610695313252962E-15, 1.000000000000000000, 6.405132834375904028E-15 ) ) ;
#8215 = VERTEX_POINT ( 'NONE', #10105 ) ;
#8216 = CARTESIAN_POINT ( 'NONE',  ( 22.23336140764999769, 39.17849452565919677, 13.25447475379079876 ) ) ;
#8217 =( GEOMETRIC_REPRESENTATION_CONTEXT ( 3 ) GLOBAL_UNCERTAINTY_ASSIGNED_CONTEXT ( ( #9935 ) ) GLOBAL_UNIT_ASSIGNED_CONTEXT ( ( #9701, #6541, #830 ) ) REPRESENTATION_CONTEXT ( 'NONE', 'WORKASPACE' ) );
#8218 = ORIENTED_EDGE ( 'NONE', *, *, #1599, .F. ) ;
#8219 = EDGE_LOOP ( 'NONE', ( #3444, #8479, #2558, #9876 ) ) ;
#8220 = CYLINDRICAL_SURFACE ( 'NONE', #6662, 4.125000000000000000 ) ;
#8221 = ORIENTED_EDGE ( 'NONE', *, *, #9065, .T. ) ;
#8222 = AXIS2_PLACEMENT_3D ( 'NONE', #6654, #6111, #8155 ) ;
#8223 = VECTOR ( 'NONE', #5289, 1000.000000000000000 ) ;
#8224 = VERTEX_POINT ( 'NONE', #1950 ) ;
#8225 = ORIENTED_EDGE ( 'NONE', *, *, #6030, .F. ) ;
#8226 = DIRECTION ( 'NONE',  ( 0.6488699952224902257, -0.1600323674314332312, 0.7438799437236202072 ) ) ;
#8227 = CARTESIAN_POINT ( 'NONE',  ( 11.37521866202139975, 4.482135200544359321, 9.324608996579778264 ) ) ;
#8228 = ORIENTED_EDGE ( 'NONE', *, *, #2406, .F. ) ;
#8229 = CARTESIAN_POINT ( 'NONE',  ( 7.969789877901495956, 23.49398633979826911, 9.692242694782702728 ) ) ;
#8230 = CARTESIAN_POINT ( 'NONE',  ( 14.66366952443880045, 38.90939483438219781, 10.00000000000000000 ) ) ;
#8231 = DIRECTION ( 'NONE',  ( 0.2992235309300958490, 0.8263466692383816259, -0.4770916691542188004 ) ) ;
#8232 = CARTESIAN_POINT ( 'NONE',  ( 10.38485554288258506, 10.74736083432207145, 11.11101994900446677 ) ) ;
#8233 = CARTESIAN_POINT ( 'NONE',  ( 7.900000000000000355, 0.000000000000000000, 10.00000000000000000 ) ) ;
#8234 = CIRCLE ( 'NONE', #8543, 1.599999999999999867 ) ;
#8235 = CARTESIAN_POINT ( 'NONE',  ( 6.930971191186550584, -5.200000000000000178, 13.52735322081299962 ) ) ;
#8236 = CARTESIAN_POINT ( 'NONE',  ( 34.55854145947857603, 0.000000000000000000, 7.500000000034249048 ) ) ;
#8237 = VERTEX_POINT ( 'NONE', #5187 ) ;
#8238 = DIRECTION ( 'NONE',  ( 0.6416822328233700024, 0.7669706070501099981, 1.042968395227669875E-16 ) ) ;
#8239 = CARTESIAN_POINT ( 'NONE',  ( 12.87692810692380085, 13.67692795791220028, 20.00000000000000000 ) ) ;
#8240 = DIRECTION ( 'NONE',  ( 0.7071067811865490160, 3.976541677442609697E-16, -0.7071067811865460184 ) ) ;
#8241 = DIRECTION ( 'NONE',  ( 0.000000000000000000, 0.000000000000000000, -1.000000000000000000 ) ) ;
#8242 = ORIENTED_EDGE ( 'NONE', *, *, #6097, .F. ) ;
#8243 = ORIENTED_EDGE ( 'NONE', *, *, #7424, .T. ) ;
#8244 = DIRECTION ( 'NONE',  ( 1.000000000000000000, 0.000000000000000000, 0.000000000000000000 ) ) ;
#8245 = EDGE_CURVE ( 'NONE', #7530, #8430, #128, .T. ) ;
#8246 = CARTESIAN_POINT ( 'NONE',  ( -8.258444329741827517, 37.26683239817171511, 6.745525246209144399 ) ) ;
#8247 = EDGE_CURVE ( 'NONE', #1533, #1154, #1269, .T. ) ;
#8248 = ORIENTED_EDGE ( 'NONE', *, *, #9380, .F. ) ;
#8249 = CARTESIAN_POINT ( 'NONE',  ( 10.83832335329340069, -3.000000000000000000, 14.37500000000000000 ) ) ;
#8250 = CARTESIAN_POINT ( 'NONE',  ( 17.50198961120950258, 0.000000000000000000, 2.865336182244010210 ) ) ;
#8251 = PLANE ( 'NONE',  #7819 ) ;
#8252 = CARTESIAN_POINT ( 'NONE',  ( -3.189945446948430074, 38.37817313579390799, 14.37500000000000000 ) ) ;
#8253 = EDGE_CURVE ( 'NONE', #1145, #9672, #5967, .T. ) ;
#8254 = ADVANCED_FACE ( 'NONE', ( #2206 ), #4859, .F. ) ;
#8255 = CARTESIAN_POINT ( 'NONE',  ( 8.596772800011983406, 34.77259526158463387, 10.00000000000000000 ) ) ;
#8256 = CARTESIAN_POINT ( 'NONE',  ( 23.74757764702296825, 40.78006091066872330, 6.894301234953891466 ) ) ;
#8257 = EDGE_CURVE ( 'NONE', #3814, #9035, #622, .T. ) ;
#8258 = VERTEX_POINT ( 'NONE', #4697 ) ;
#8259 = CARTESIAN_POINT ( 'NONE',  ( 20.05859405721119870, 4.910623714452030164, 23.94768135373649898 ) ) ;
#8260 = EDGE_LOOP ( 'NONE', ( #10123, #6102, #8655, #2844 ) ) ;
#8261 = DIRECTION ( 'NONE',  ( -0.7071067811865460184, 0.000000000000000000, -0.7071067811865489050 ) ) ;
#8262 = EDGE_LOOP ( 'NONE', ( #5397, #10265, #5598, #1006, #8370 ) ) ;
#8263 = EDGE_LOOP ( 'NONE', ( #2493, #4667, #1204, #4400 ) ) ;
#8264 = DIRECTION ( 'NONE',  ( 0.2394571141604754927, 0.9709069422338770794, -4.436814144323860170E-16 ) ) ;
#8265 = ORIENTED_EDGE ( 'NONE', *, *, #8184, .F. ) ;
#8266 = ADVANCED_FACE ( 'NONE', ( #3461 ), #9640, .T. ) ;
#8267 = AXIS2_PLACEMENT_3D ( 'NONE', #2577, #3292, #7301 ) ;
#8268 = ORIENTED_EDGE ( 'NONE', *, *, #7788, .F. ) ;
#8269 = ORIENTED_EDGE ( 'NONE', *, *, #5070, .F. ) ;
#8270 = LINE ( 'NONE', #4849, #4370 ) ;
#8271 = CARTESIAN_POINT ( 'NONE',  ( 8.323353293413170206, -2.600000000000000089, 14.37500000000000000 ) ) ;
#8272 = ORIENTED_EDGE ( 'NONE', *, *, #10015, .F. ) ;
#8273 = FACE_BOUND ( 'NONE', #1281, .T. ) ;
#8274 = AXIS2_PLACEMENT_3D ( 'NONE', #3675, #6083, #8452 ) ;
#8275 = DIRECTION ( 'NONE',  ( 0.2394571141604750486, -0.9709069422338773014, -6.123233995736761105E-17 ) ) ;
#8276 = DIRECTION ( 'NONE',  ( 0.000000000000000000, 0.000000000000000000, -1.000000000000000000 ) ) ;
#8277 = VECTOR ( 'NONE', #5119, 1000.000000000000000 ) ;
#8278 = DIRECTION ( 'NONE',  ( -0.6488699952224902257, 0.1600323674314332312, 0.7438799437236202072 ) ) ;
#8279 = ORIENTED_EDGE ( 'NONE', *, *, #1011, .F. ) ;
#8280 = FACE_OUTER_BOUND ( 'NONE', #6084, .T. ) ;
#8281 = ORIENTED_EDGE ( 'NONE', *, *, #5888, .F. ) ;
#8282 = ADVANCED_FACE ( 'NONE', ( #9584, #4190 ), #3349, .T. ) ;
#8283 = DIRECTION ( 'NONE',  ( 0.6488699952224912249, -0.1600323674314305389, 0.7438799437236199852 ) ) ;
#8284 = FACE_OUTER_BOUND ( 'NONE', #2685, .T. ) ;
#8285 = FACE_BOUND ( 'NONE', #9784, .T. ) ;
#8286 = FACE_OUTER_BOUND ( 'NONE', #9606, .T. ) ;
#8287 = VERTEX_POINT ( 'NONE', #5693 ) ;
#8288 = VERTEX_POINT ( 'NONE', #2468 ) ;
#8289 = PLANE ( 'NONE',  #6000 ) ;
#8290 = VECTOR ( 'NONE', #6125, 1000.000000000000000 ) ;
#8291 = DIRECTION ( 'NONE',  ( 0.7669706070501109973, 0.6416822328233690031, 0.000000000000000000 ) ) ;
#8292 = CARTESIAN_POINT ( 'NONE',  ( 9.626390708817321951, 8.545758315778803293, 8.885976324209554633 ) ) ;
#8293 = CARTESIAN_POINT ( 'NONE',  ( 9.923336460268769699, 13.99718353375900115, 8.827503645346459038 ) ) ;
#8294 = DIRECTION ( 'NONE',  ( 0.000000000000000000, -0.8663452214004265795, -0.4994456500527817977 ) ) ;
#8295 = AXIS2_PLACEMENT_3D ( 'NONE', #1255, #9987, #9209 ) ;
#8296 = ADVANCED_FACE ( 'NONE', ( #5639 ), #1680, .T. ) ;
#8297 = DIRECTION ( 'NONE',  ( 0.7222382015498078900, 0.1781273446059149501, -0.6683132718461789468 ) ) ;
#8298 = DIRECTION ( 'NONE',  ( 0.8944271909999149672, 0.4472135954999599816, 0.000000000000000000 ) ) ;
#8299 = CARTESIAN_POINT ( 'NONE',  ( 20.69313176126119913, 37.07715975920299911, 13.06850476785990089 ) ) ;
#8300 = VECTOR ( 'NONE', #1835, 1000.000000000000000 ) ;
#8301 = EDGE_CURVE ( 'NONE', #3152, #4373, #1109, .T. ) ;
#8302 = ORIENTED_EDGE ( 'NONE', *, *, #8800, .T. ) ;
#8303 = DIRECTION ( 'NONE',  ( -0.9709069422338768574, -0.2394571141604761311, 0.000000000000000000 ) ) ;
#8304 = ADVANCED_FACE ( 'NONE', ( #4136 ), #8140, .F. ) ;
#8305 = ORIENTED_EDGE ( 'NONE', *, *, #5011, .T. ) ;
#8306 = EDGE_CURVE ( 'NONE', #4955, #5227, #1816, .T. ) ;
#8307 = AXIS2_PLACEMENT_3D ( 'NONE', #3537, #7485, #5199 ) ;
#8308 = CARTESIAN_POINT ( 'NONE',  ( 15.28562318937020059, 10.28693283518959944, 17.33623285481059995 ) ) ;
#8309 = EDGE_CURVE ( 'NONE', #5552, #4481, #164, .T. ) ;
#8310 = FACE_OUTER_BOUND ( 'NONE', #8262, .T. ) ;
#8311 = ORIENTED_EDGE ( 'NONE', *, *, #1749, .T. ) ;
#8312 = ORIENTED_EDGE ( 'NONE', *, *, #3792, .T. ) ;
#8313 = CARTESIAN_POINT ( 'NONE',  ( 0.2707570572388189878, 31.62887638810719793, 10.00000000000000000 ) ) ;
#8314 = ORIENTED_EDGE ( 'NONE', *, *, #8718, .T. ) ;
#8315 = ORIENTED_EDGE ( 'NONE', *, *, #5183, .T. ) ;
#8316 = AXIS2_PLACEMENT_3D ( 'NONE', #2347, #4687, #1506 ) ;
#8317 = B_SPLINE_CURVE_WITH_KNOTS ( 'NONE', 3,
 ( #8744, #4797, #8583, #7026 ),
 .UNSPECIFIED., .F., .F.,
 ( 4, 4 ),
 ( 0.000000000000000000, 1.000000000000000000 ),
 .UNSPECIFIED. ) ;
#8318 = ADVANCED_FACE ( 'NONE', ( #8862 ), #5028, .F. ) ;
#8319 = ORIENTED_EDGE ( 'NONE', *, *, #862, .T. ) ;
#8320 = ORIENTED_EDGE ( 'NONE', *, *, #4794, .T. ) ;
#8321 = FACE_OUTER_BOUND ( 'NONE', #7142, .T. ) ;
#8322 = DIRECTION ( 'NONE',  ( 1.000000000000000000, 0.000000000000000000, 0.000000000000000000 ) ) ;
#8323 = EDGE_CURVE ( 'NONE', #9773, #8602, #1794, .T. ) ;
#8324 = ORIENTED_EDGE ( 'NONE', *, *, #6339, .F. ) ;
#8325 = AXIS2_PLACEMENT_3D ( 'NONE', #7790, #8668, #707 ) ;
#8326 = CARTESIAN_POINT ( 'NONE',  ( 17.61537794501879972, 41.27130236641460215, 13.81473737689539938 ) ) ;
#8327 = DIRECTION ( 'NONE',  ( 1.224165305884090052E-14, -1.000000000000000000, 2.961403638349820390E-29 ) ) ;
#8328 = CARTESIAN_POINT ( 'NONE',  ( 13.23190208582489902, 12.40000000000000036, 21.20435694737729904 ) ) ;
#8329 =( GEOMETRIC_REPRESENTATION_CONTEXT ( 3 ) GLOBAL_UNCERTAINTY_ASSIGNED_CONTEXT ( ( #9630 ) ) GLOBAL_UNIT_ASSIGNED_CONTEXT ( ( #196, #8948, #82 ) ) REPRESENTATION_CONTEXT ( 'NONE', 'WORKASPACE' ) );
#8330 = DIRECTION ( 'NONE',  ( 0.000000000000000000, 0.000000000000000000, 1.000000000000000000 ) ) ;
#8331 = ORIENTED_EDGE ( 'NONE', *, *, #8414, .F. ) ;
#8332 = DIRECTION ( 'NONE',  ( -0.7071067811865490160, -3.976541677442609697E-16, 0.7071067811865460184 ) ) ;
#8333 = CARTESIAN_POINT ( 'NONE',  ( 10.41018249475946078, 4.414035425719856853, 12.20668082494634810 ) ) ;
#8334 = LINE ( 'NONE', #5953, #4476 ) ;
#8335 = ORIENTED_EDGE ( 'NONE', *, *, #487, .F. ) ;
#8336 = VERTEX_POINT ( 'NONE', #3247 ) ;
#8337 = DIRECTION ( 'NONE',  ( 9.886856143607232404E-07, -2.811836805763871305E-16, 0.9999999999995112798 ) ) ;
#8338 = CARTESIAN_POINT ( 'NONE',  ( 19.29289417248839911, 8.705311857226009309, 23.18198146901380241 ) ) ;
#8339 = ORIENTED_EDGE ( 'NONE', *, *, #7306, .F. ) ;
#8340 = DIRECTION ( 'NONE',  ( -6.120826529420450260E-15, 1.000000000000000000, 6.120826529420420283E-15 ) ) ;
#8341 = AXIS2_PLACEMENT_3D ( 'NONE', #9319, #10248, #3913 ) ;
#8342 = DIRECTION ( 'NONE',  ( -6.120826529420450260E-15, 1.000000000000000000, 0.000000000000000000 ) ) ;
#8343 = CARTESIAN_POINT ( 'NONE',  ( 4.617959133079789780, 41.82211566108390599, 10.00000000000000000 ) ) ;
#8344 = DIRECTION ( 'NONE',  ( -0.000000000000000000, 0.7071067811865475727, 0.7071067811865475727 ) ) ;
#8345 = LINE ( 'NONE', #1369, #4304 ) ;
#8346 = VECTOR ( 'NONE', #4185, 1000.000000000000000 ) ;
#8347 = ORIENTED_EDGE ( 'NONE', *, *, #3911, .F. ) ;
#8348 = CARTESIAN_POINT ( 'NONE',  ( -19.35854111226639418, 29.25100135070063345, 1.282174366679100785E-08 ) ) ;
#8349 = EDGE_LOOP ( 'NONE', ( #768, #3517, #8059, #7161 ) ) ;
#8350 = CARTESIAN_POINT ( 'NONE',  ( 1.488929940436580113, 12.40000000000000036, 20.00000000000000000 ) ) ;
#8351 = ORIENTED_EDGE ( 'NONE', *, *, #4197, .T. ) ;
#8352 = TOROIDAL_SURFACE ( 'NONE', #3869, 2.174999999999999822, 1.000000000000000000 ) ;
#8353 = ADVANCED_FACE ( 'NONE', ( #2522 ), #903, .F. ) ;
#8354 = CYLINDRICAL_SURFACE ( 'NONE', #1449, 4.125000000000000000 ) ;
#8355 = ORIENTED_EDGE ( 'NONE', *, *, #7852, .T. ) ;
#8356 = ORIENTED_EDGE ( 'NONE', *, *, #3552, .F. ) ;
#8357 = LINE ( 'NONE', #1135, #7971 ) ;
#8358 = CIRCLE ( 'NONE', #9696, 4.375000000000000888 ) ;
#8359 = ORIENTED_EDGE ( 'NONE', *, *, #1955, .F. ) ;
#8360 = ADVANCED_FACE ( 'NONE', ( #3294 ), #4467, .F. ) ;
#8361 = AXIS2_PLACEMENT_3D ( 'NONE', #3875, #5484, #7769 ) ;
#8362 = VERTEX_POINT ( 'NONE', #4915 ) ;
#8363 = ADVANCED_FACE ( 'NONE', ( #8084 ), #2683, .T. ) ;
#8364 = ADVANCED_FACE ( 'NONE', ( #4246 ), #6294, .T. ) ;
#8365 = ORIENTED_EDGE ( 'NONE', *, *, #2333, .F. ) ;
#8366 = AXIS2_PLACEMENT_3D ( 'NONE', #2371, #8823, #5546 ) ;
#8367 = PLANE ( 'NONE',  #681 ) ;
#8368 = DIRECTION ( 'NONE',  ( -0.7535924180801727434, 0.000000000000000000, 0.6573419714365408284 ) ) ;
#8370 = ORIENTED_EDGE ( 'NONE', *, *, #4688, .F. ) ;
#8369 = AXIS2_PLACEMENT_3D ( 'NONE', #10286, #5609, #8836 ) ;
#8371 = CARTESIAN_POINT ( 'NONE',  ( 9.216707831796149719, -4.700000000000000178, 14.13780600281379840 ) ) ;
#8372 = LINE ( 'NONE', #6821, #9362 ) ;
#8373 = EDGE_CURVE ( 'NONE', #2174, #7491, #6147, .T. ) ;
#8374 = EDGE_CURVE ( 'NONE', #1832, #6850, #6691, .T. ) ;
#8375 = CARTESIAN_POINT ( 'NONE',  ( 25.24306753136481873, 40.05039893535315798, 10.00000000000000000 ) ) ;
#8376 = CARTESIAN_POINT ( 'NONE',  ( 6.485050200653300401, 34.25177603828559114, 10.00000000000000000 ) ) ;
#8377 = AXIS2_PLACEMENT_3D ( 'NONE', #997, #8180, #7292 ) ;
#8378 = EDGE_CURVE ( 'NONE', #5423, #4763, #8386, .T. ) ;
#8379 = AXIS2_PLACEMENT_3D ( 'NONE', #5995, #7587, #9981 ) ;
#8380 = LINE ( 'NONE', #7645, #2871 ) ;
#8381 = DIRECTION ( 'NONE',  ( -2.419120705443520107E-15, 0.000000000000000000, 1.000000000000000000 ) ) ;
#8382 = VERTEX_POINT ( 'NONE', #3700 ) ;
#8383 = CARTESIAN_POINT ( 'NONE',  ( -6.608578464240963513, 28.36578926898489428, 0.3094296828793224319 ) ) ;
#8384 = AXIS2_PLACEMENT_3D ( 'NONE', #8952, #8170, #4949 ) ;
#8385 = DIRECTION ( 'NONE',  ( -0.7071067811865474617, -0.7071067811865474617, 0.000000000000000000 ) ) ;
#8386 = LINE ( 'NONE', #5126, #327 ) ;
#8387 = VERTEX_POINT ( 'NONE', #2038 ) ;
#8388 = VECTOR ( 'NONE', #5868, 1000.000000000000227 ) ;
#8389 = VERTEX_POINT ( 'NONE', #2734 ) ;
#8390 = CARTESIAN_POINT ( 'NONE',  ( -8.001963724225289454, 37.22064946488769976, 13.06850476785990089 ) ) ;
#8391 = CARTESIAN_POINT ( 'NONE',  ( 12.14051777502089990, 23.77204732843080137, 10.00000000000000000 ) ) ;
#8392 = CARTESIAN_POINT ( 'NONE',  ( 9.989716870257682402, 9.101708481405278661, 8.823987642732266323 ) ) ;
#8393 = DIRECTION ( 'NONE',  ( 0.7071067811865476838, 0.000000000000000000, -0.7071067811865474617 ) ) ;
#8394 = DIRECTION ( 'NONE',  ( 0.2394571141604754927, 0.9709069422338770794, -4.408265136144295133E-16 ) ) ;
#8395 = ORIENTED_EDGE ( 'NONE', *, *, #9731, .T. ) ;
#8396 = PLANE ( 'NONE',  #8847 ) ;
#8397 = DIRECTION ( 'NONE',  ( -0.6416822328233690031, 0.7669706070501109973, 1.043956269252671944E-16 ) ) ;
#8398 = ORIENTED_EDGE ( 'NONE', *, *, #246, .T. ) ;
#8399 = VERTEX_POINT ( 'NONE', #6108 ) ;
#8400 = CARTESIAN_POINT ( 'NONE',  ( 19.29289417248839911, 5.960604014534170325, 24.59619503138680230 ) ) ;
#8401 = ORIENTED_EDGE ( 'NONE', *, *, #9235, .F. ) ;
#8402 = EDGE_CURVE ( 'NONE', #6956, #5524, #3647, .T. ) ;
#8403 = CARTESIAN_POINT ( 'NONE',  ( 12.05452675921680772, 23.55557514595307111, 10.27094743939624522 ) ) ;
#8404 = CARTESIAN_POINT ( 'NONE',  ( -11.47569850406383551, 5.199999661581290233, 14.80000001233967666 ) ) ;
#8405 = ORIENTED_EDGE ( 'NONE', *, *, #9328, .T. ) ;
#8406 = DIRECTION ( 'NONE',  ( 0.000000000000000000, -1.000000000000000000, 0.000000000000000000 ) ) ;
#8407 = CARTESIAN_POINT ( 'NONE',  ( -5.338785346692420219, 37.10188904374439289, 14.12500000000000000 ) ) ;
#8408 = ORIENTED_EDGE ( 'NONE', *, *, #3436, .F. ) ;
#8409 = EDGE_LOOP ( 'NONE', ( #6786, #5675, #7435, #3266 ) ) ;
#8410 = VERTEX_POINT ( 'NONE', #9902 ) ;
#8411 = CARTESIAN_POINT ( 'NONE',  ( -9.358541061516552517, 0.000000000000000000, 16.91715745488696498 ) ) ;
#8412 = CARTESIAN_POINT ( 'NONE',  ( 11.96010615038188618, 4.411070220836383449, 10.95228348669354368 ) ) ;
#8413 = CARTESIAN_POINT ( 'NONE',  ( 10.80398487777573102, 5.282042639282332530, 8.753375212334120192 ) ) ;
#8414 = EDGE_CURVE ( 'NONE', #8573, #905, #1987, .T. ) ;
#8415 = ORIENTED_EDGE ( 'NONE', *, *, #7848, .F. ) ;
#8416 = LINE ( 'NONE', #2771, #7475 ) ;
#8417 = CARTESIAN_POINT ( 'NONE',  ( 11.14051667399619383, 10.74432956848787235, 10.33963254028643597 ) ) ;
#8418 = PLANE ( 'NONE',  #4835 ) ;
#8419 = AXIS2_PLACEMENT_3D ( 'NONE', #5364, #4584, #3303 ) ;
#8420 = LINE ( 'NONE', #1931, #691 ) ;
#8421 = ADVANCED_FACE ( 'NONE', ( #8286 ), #6882, .F. ) ;
#8422 = PLANE ( 'NONE',  #7943 ) ;
#8423 = VERTEX_POINT ( 'NONE', #2094 ) ;
#8424 = FACE_OUTER_BOUND ( 'NONE', #8510, .T. ) ;
#8425 = VECTOR ( 'NONE', #3954, 1000.000000000000000 ) ;
#8426 = CARTESIAN_POINT ( 'NONE',  ( 0.1940000000000099978, -0.2000000000000050071, 4.426497308103719774 ) ) ;
#8428 = EDGE_CURVE ( 'NONE', #1164, #5392, #1159, .T. ) ;
#8427 = CARTESIAN_POINT ( 'NONE',  ( 22.80751038396710229, 35.30817515512509885, 5.875000000000000000 ) ) ;
#8429 = EDGE_LOOP ( 'NONE', ( #4736, #1542, #563, #6087 ) ) ;
#8430 = VERTEX_POINT ( 'NONE', #5910 ) ;
#8431 = CARTESIAN_POINT ( 'NONE',  ( 8.825065030418986822, 9.116145328944391224, 9.999944857376176444 ) ) ;
#8432 = LINE ( 'NONE', #471, #9814 ) ;
#8433 = CARTESIAN_POINT ( 'NONE',  ( 12.11393993060692154, 23.70539870640428859, 9.846311705721484842 ) ) ;
#8434 = VECTOR ( 'NONE', #3240, 1000.000000000000227 ) ;
#8435 = AXIS2_PLACEMENT_3D ( 'NONE', #4818, #7937, #9386 ) ;
#8436 = FACE_OUTER_BOUND ( 'NONE', #4424, .T. ) ;
#8437 = EDGE_CURVE ( 'NONE', #1706, #4344, #2925, .T. ) ;
#8438 = DIRECTION ( 'NONE',  ( -0.2394571141604759368, 0.9709069422338768574, 0.000000000000000000 ) ) ;
#8439 = DIRECTION ( 'NONE',  ( 0.2394571141604750486, 0.9709069422338773014, 4.640279090678211014E-17 ) ) ;
#8440 = VERTEX_POINT ( 'NONE', #3655 ) ;
#8441 = CARTESIAN_POINT ( 'NONE',  ( 5.336330475561219977, 38.90939483438229729, 10.00000000000000000 ) ) ;
#8442 = VECTOR ( 'NONE', #5616, 1000.000000000000000 ) ;
#8444 = EDGE_CURVE ( 'NONE', #3445, #3358, #8334, .T. ) ;
#8443 = DIRECTION ( 'NONE',  ( 0.6488699952224912249, -0.1600323674314305389, 0.7438799437236199852 ) ) ;
#8445 = VERTEX_POINT ( 'NONE', #9989 ) ;
#8446 = CARTESIAN_POINT ( 'NONE',  ( 39.35854111252491094, 5.200001135814067865, -6.152881042688546821E-11 ) ) ;
#8447 = ORIENTED_EDGE ( 'NONE', *, *, #3425, .F. ) ;
#8448 = CARTESIAN_POINT ( 'NONE',  ( 15.00000000000000000, 0.2500000000000000000, 0.2500000000000000000 ) ) ;
#8449 = AXIS2_PLACEMENT_3D ( 'NONE', #1448, #6356, #566 ) ;
#8450 = ORIENTED_EDGE ( 'NONE', *, *, #2727, .F. ) ;
#8451 = CYLINDRICAL_SURFACE ( 'NONE', #8702, 2.999999932944768855 ) ;
#8452 = DIRECTION ( 'NONE',  ( 0.000000000000000000, -1.000000000000000000, -1.224165305884082006E-14 ) ) ;
#8453 = ORIENTED_EDGE ( 'NONE', *, *, #7271, .F. ) ;
#8454 = ORIENTED_EDGE ( 'NONE', *, *, #5906, .F. ) ;
#8455 = AXIS2_PLACEMENT_3D ( 'NONE', #9075, #8489, #5184 ) ;
#8456 = CARTESIAN_POINT ( 'NONE',  ( 31.47569851645775429, 29.25100135070063345, 14.79999999999932569 ) ) ;
#8457 = CARTESIAN_POINT ( 'NONE',  ( 14.10459957863889890, 20.66205238419150092, 23.18416122137779922 ) ) ;
#8458 = ORIENTED_EDGE ( 'NONE', *, *, #8532, .T. ) ;
#8459 = ORIENTED_EDGE ( 'NONE', *, *, #9291, .T. ) ;
#8460 = AXIS2_PLACEMENT_3D ( 'NONE', #1487, #6966, #3006 ) ;
#8461 = ORIENTED_EDGE ( 'NONE', *, *, #7927, .T. ) ;
#8462 = CARTESIAN_POINT ( 'NONE',  ( 12.24714128915749889, 4.429207964088809568, 10.19653162436669902 ) ) ;
#8463 = VERTEX_POINT ( 'NONE', #2145 ) ;
#8464 = CARTESIAN_POINT ( 'NONE',  ( 9.139665223358296231, 19.91144329360827925, 9.048256199309424375 ) ) ;
#8465 = CARTESIAN_POINT ( 'NONE',  ( 8.825247367966793988, 9.152711369112793705, 10.02603896968473229 ) ) ;
#8466 = AXIS2_PLACEMENT_3D ( 'NONE', #2876, #1211, #4397 ) ;
#8467 = LINE ( 'NONE', #4335, #5847 ) ;
#8468 = EDGE_CURVE ( 'NONE', #5778, #2936, #8478, .T. ) ;
#8469 = DIRECTION ( 'NONE',  ( 0.000000000000000000, -2.558251605427490300E-12, 1.000000000000000000 ) ) ;
#8470 = VERTEX_POINT ( 'NONE', #2828 ) ;
#8471 = DIRECTION ( 'NONE',  ( 0.000000000000000000, -1.000000000000000000, 0.000000000000000000 ) ) ;
#8472 = VECTOR ( 'NONE', #5997, 1000.000000000000000 ) ;
#8473 = EDGE_LOOP ( 'NONE', ( #1357, #3, #9159, #5318 ) ) ;
#8474 = LINE ( 'NONE', #2282, #7785 ) ;
#8475 = LINE ( 'NONE', #8626, #8425 ) ;
#8476 = DIRECTION ( 'NONE',  ( -5.035498325101872496E-16, 0.6546536707079761985, -0.7559289460184552834 ) ) ;
#8477 = CARTESIAN_POINT ( 'NONE',  ( 9.901802421197544390, 4.438974048845699905, 11.95241208663792243 ) ) ;
#8478 = LINE ( 'NONE', #1355, #4153 ) ;
#8479 = ORIENTED_EDGE ( 'NONE', *, *, #607, .T. ) ;
#8480 = VERTEX_POINT ( 'NONE', #1308 ) ;
#8481 = DIRECTION ( 'NONE',  ( -0.6416822328233701134, -0.7669706070501099981, 0.000000000000000000 ) ) ;
#8482 = DIRECTION ( 'NONE',  ( 0.000000000000000000, 0.4999999999999998890, -0.8660254037844387076 ) ) ;
#8483 = EDGE_CURVE ( 'NONE', #1619, #10069, #1208, .T. ) ;
#8484 = CARTESIAN_POINT ( 'NONE',  ( 12.06204884255179444, 23.57462888162756798, 9.740941332028745236 ) ) ;
#8485 = ADVANCED_FACE ( 'NONE', ( #9854 ), #9066, .T. ) ;
#8486 = ORIENTED_EDGE ( 'NONE', *, *, #5493, .F. ) ;
#8487 = CARTESIAN_POINT ( 'NONE',  ( 9.631335476235731718, 8.553960747025547207, 8.884333136163219180 ) ) ;
#8488 = ADVANCED_FACE ( 'NONE', ( #373, #3562 ), #7558, .T. ) ;
#8489 = DIRECTION ( 'NONE',  ( -0.7071067811865495711, -0.7071067811865455743, -1.710576655327908860E-15 ) ) ;
#8490 = FACE_OUTER_BOUND ( 'NONE', #7922, .T. ) ;
#8491 = EDGE_LOOP ( 'NONE', ( #3534, #4573, #2757, #3643 ) ) ;
#8492 = LINE ( 'NONE', #2051, #8171 ) ;
#8493 = DIRECTION ( 'NONE',  ( 0.2394571141604759923, -0.9709069422338770794, 0.000000000000000000 ) ) ;
#8494 = DIRECTION ( 'NONE',  ( 0.2161664957215420624, 0.9763565158933844579, 0.000000000000000000 ) ) ;
#8495 = VERTEX_POINT ( 'NONE', #8427 ) ;
#8496 = CARTESIAN_POINT ( 'NONE',  ( 1.477904097536968386, 42.90161302307865299, 6.894301234953839064 ) ) ;
#8497 = ADVANCED_FACE ( 'NONE', ( #6785 ), #1259, .T. ) ;
#8498 = CARTESIAN_POINT ( 'NONE',  ( 9.306268240140042280, 3.778370968553445675, 10.95202999338345151 ) ) ;
#8499 = ORIENTED_EDGE ( 'NONE', *, *, #9858, .T. ) ;
#8500 = DIRECTION ( 'NONE',  ( -0.2394571141604759923, 0.9709069422338770794, -1.160069772669549703E-16 ) ) ;
#8501 = ADVANCED_FACE ( 'NONE', ( #468 ), #9213, .T. ) ;
#8502 = ORIENTED_EDGE ( 'NONE', *, *, #8820, .F. ) ;
#8503 = CIRCLE ( 'NONE', #4029, 3.250000000000000444 ) ;
#8504 = CONICAL_SURFACE ( 'NONE', #9013, 4.424999999999999822, 0.7853981633974490562 ) ;
#8505 = FACE_OUTER_BOUND ( 'NONE', #1769, .T. ) ;
#8506 = ORIENTED_EDGE ( 'NONE', *, *, #474, .F. ) ;
#8507 = ORIENTED_EDGE ( 'NONE', *, *, #10200, .T. ) ;
#8508 = DIRECTION ( 'NONE',  ( 0.7196523924529719674, 0.2449802248585880304, 0.6496807858209669995 ) ) ;
#8509 = CARTESIAN_POINT ( 'NONE',  ( 25.45397607292149900, 12.61633247106770028, 21.56488877639490198 ) ) ;
#8510 = EDGE_LOOP ( 'NONE', ( #1185, #8365, #5442, #1161 ) ) ;
#8511 = VERTEX_POINT ( 'NONE', #3119 ) ;
#8512 = VECTOR ( 'NONE', #4933, 1000.000000000000000 ) ;
#8513 = AXIS2_PLACEMENT_3D ( 'NONE', #2821, #9937, #6876 ) ;
#8514 = VERTEX_POINT ( 'NONE', #5462 ) ;
#8515 = DIRECTION ( 'NONE',  ( -0.7071067811865480168, -8.751096975251759328E-30, 0.7071067811865470176 ) ) ;
#8516 = CARTESIAN_POINT ( 'NONE',  ( 12.16167501605215939, 4.442189449345872454, 10.11106535061052902 ) ) ;
#8517 = ORIENTED_EDGE ( 'NONE', *, *, #9851, .T. ) ;
#8518 = AXIS2_PLACEMENT_3D ( 'NONE', #8889, #9554, #9607 ) ;
#8519 = CARTESIAN_POINT ( 'NONE',  ( 7.625865857778104662, 34.53313814742415389, 10.00000000000000000 ) ) ;
#8520 = CIRCLE ( 'NONE', #4380, 2.999999932944768855 ) ;
#8521 = DIRECTION ( 'NONE',  ( 0.7071067811865450192, 8.656155890839421148E-15, -0.7071067811865500152 ) ) ;
#8522 = CARTESIAN_POINT ( 'NONE',  ( 10.00000000000000000, 17.08409838298220151, 10.00000000000000000 ) ) ;
#8523 = AXIS2_PLACEMENT_3D ( 'NONE', #1, #2418, #6429 ) ;
#8524 = DIRECTION ( 'NONE',  ( -0.6416822328233690031, -0.7669706070501109973, -2.038202117709779789E-16 ) ) ;
#8525 = ORIENTED_EDGE ( 'NONE', *, *, #6624, .F. ) ;
#8526 = CIRCLE ( 'NONE', #1076, 4.125000000000001776 ) ;
#8527 = CARTESIAN_POINT ( 'NONE',  ( 13.33190129806108004, 3.800000787763859744, 20.00000000000000000 ) ) ;
#8528 = ORIENTED_EDGE ( 'NONE', *, *, #1983, .T. ) ;
#8529 = FACE_OUTER_BOUND ( 'NONE', #7941, .T. ) ;
#8530 = DIRECTION ( 'NONE',  ( 0.000000000000000000, -1.000000000000000000, 0.000000000000000000 ) ) ;
#8531 = DIRECTION ( 'NONE',  ( -1.000000000000000000, 0.000000000000000000, 0.000000000000000000 ) ) ;
#8532 = EDGE_CURVE ( 'NONE', #7533, #4184, #6159, .T. ) ;
#8533 = CARTESIAN_POINT ( 'NONE',  ( 16.53425384513920093, 23.94594023867820098, 26.86435655435349901 ) ) ;
#8534 = VECTOR ( 'NONE', #8261, 1000.000000000000114 ) ;
#8535 = CARTESIAN_POINT ( 'NONE',  ( 20.73108127544339752, 5.794507720763249381, 22.64026958464640060 ) ) ;
#8536 = CARTESIAN_POINT ( 'NONE',  ( 17.33623285481120035, 11.31062371445220194, 15.28562318936960018 ) ) ;
#8537 = AXIS2_PLACEMENT_3D ( 'NONE', #8535, #5414, #9465 ) ;
#8538 = VECTOR ( 'NONE', #7509, 1000.000000000000000 ) ;
#8539 = DIRECTION ( 'NONE',  ( 0.000000000000000000, -1.000000000000000000, -0.000000000000000000 ) ) ;
#8540 = CARTESIAN_POINT ( 'NONE',  ( 16.49389589408119150, 25.93070383024182490, 10.00000000000000000 ) ) ;
#8541 = ORIENTED_EDGE ( 'NONE', *, *, #8257, .T. ) ;
#8542 = CARTESIAN_POINT ( 'NONE',  ( 13.33190189809316806, 3.800000187731733092, 22.76933576121450997 ) ) ;
#8543 = AXIS2_PLACEMENT_3D ( 'NONE', #1315, #6792, #9995 ) ;
#8544 = CARTESIAN_POINT ( 'NONE',  ( 9.169149532050450802, 7.660623714533939754, 9.169149532161529947 ) ) ;
#8545 = EDGE_CURVE ( 'NONE', #7985, #7491, #7068, .T. ) ;
#8546 = CARTESIAN_POINT ( 'NONE',  ( 9.852979246564249394, 4.470570924432670346, 12.05930442665150082 ) ) ;
#8547 = ORIENTED_EDGE ( 'NONE', *, *, #10126, .F. ) ;
#8548 = LINE ( 'NONE', #632, #4713 ) ;
#8549 = EDGE_CURVE ( 'NONE', #9068, #6531, #4684, .T. ) ;
#8550 = VECTOR ( 'NONE', #84, 1000.000000000000000 ) ;
#8551 = CARTESIAN_POINT ( 'NONE',  ( 9.649608524584401437, 17.08409838298220151, 11.12153948390419878 ) ) ;
#8552 = ORIENTED_EDGE ( 'NONE', *, *, #5192, .T. ) ;
#8553 = FACE_OUTER_BOUND ( 'NONE', #4719, .T. ) ;
#8554 = ORIENTED_EDGE ( 'NONE', *, *, #5252, .F. ) ;
#8555 = EDGE_CURVE ( 'NONE', #6440, #4515, #2193, .T. ) ;
#8556 = EDGE_CURVE ( 'NONE', #10101, #2481, #6980, .T. ) ;
#8557 = DIRECTION ( 'NONE',  ( -0.7071067956878460681, 2.050793339121436518E-08, -0.7071067666852483002 ) ) ;
#8558 = ORIENTED_EDGE ( 'NONE', *, *, #9117, .F. ) ;
#8559 = EDGE_LOOP ( 'NONE', ( #334, #5970, #9697, #798 ) ) ;
#8560 = LINE ( 'NONE', #497, #5996 ) ;
#8561 = EDGE_CURVE ( 'NONE', #10025, #3971, #10144, .T. ) ;
#8562 = ORIENTED_EDGE ( 'NONE', *, *, #9974, .F. ) ;
#8563 = VERTEX_POINT ( 'NONE', #666 ) ;
#8564 = ORIENTED_EDGE ( 'NONE', *, *, #73, .F. ) ;
#8565 = CARTESIAN_POINT ( 'NONE',  ( 24.01996691247749993, 34.29377929006300008, 14.12500000000000000 ) ) ;
#8566 = EDGE_CURVE ( 'NONE', #5333, #10093, #812, .T. ) ;
#8567 = EDGE_LOOP ( 'NONE', ( #8502, #5297, #15, #9904, #6001 ) ) ;
#8568 = LINE ( 'NONE', #604, #7481 ) ;
#8569 = ADVANCED_FACE ( 'NONE', ( #5366 ), #5413, .T. ) ;
#8570 = CARTESIAN_POINT ( 'NONE',  ( 9.121614067175132234, 10.10294820172197916, 10.78047848689920230 ) ) ;
#8571 = CARTESIAN_POINT ( 'NONE',  ( 8.433415663592310096, -3.399999999999999911, 14.13780600281379840 ) ) ;
#8572 = DIRECTION ( 'NONE',  ( 0.5125766358075058982, 0.4288447525037445973, 0.7438799437236237599 ) ) ;
#8573 = VERTEX_POINT ( 'NONE', #2973 ) ;
#8574 = CARTESIAN_POINT ( 'NONE',  ( 5.336330475561223530, 38.90939483438229729, 5.875000000000000000 ) ) ;
#8575 = CARTESIAN_POINT ( 'NONE',  ( 9.923336460268769699, 13.99718353375900115, 8.827503645346459038 ) ) ;
#8576 = DIRECTION ( 'NONE',  ( 0.2394571141604749931, 0.9709069422338770794, 0.000000000000000000 ) ) ;
#8577 = CARTESIAN_POINT ( 'NONE',  ( 9.035316040874496579, 4.740733659077686291, 11.08592570631487995 ) ) ;
#8578 = DIRECTION ( 'NONE',  ( -0.7438799437236206513, 0.000000000000000000, 0.6683132718461777255 ) ) ;
#8579 = DIRECTION ( 'NONE',  ( 0.9453579955214129749, 0.3260341397825329834, 2.286935101022439993E-15 ) ) ;
#8580 = DIRECTION ( 'NONE',  ( 0.000000000000000000, -1.000000000000000000, 0.000000000000000000 ) ) ;
#8581 = DIRECTION ( 'NONE',  ( 0.6416822328233700024, 0.7669706070501101092, 1.042968395227669998E-16 ) ) ;
#8582 = EDGE_CURVE ( 'NONE', #5411, #3456, #2402, .T. ) ;
#8583 = CARTESIAN_POINT ( 'NONE',  ( 11.79923347974346548, 4.410696271181659966, 11.18249450021457925 ) ) ;
#8584 = CARTESIAN_POINT ( 'NONE',  ( 7.198765017708380398, 42.87061195363209976, 13.06850476785990089 ) ) ;
#8585 = ORIENTED_EDGE ( 'NONE', *, *, #4067, .T. ) ;
#8586 = DIRECTION ( 'NONE',  ( 0.7222382015498093333, -0.1781273446059150611, 0.6683132718461773925 ) ) ;
#8587 = DIRECTION ( 'NONE',  ( -0.7071067811865465735, 0.000000000000000000, -0.7071067811865485719 ) ) ;
#8588 = CARTESIAN_POINT ( 'NONE',  ( 11.13724315896750028, 4.405107355175554851, 11.48648111200896160 ) ) ;
#8589 = VERTEX_POINT ( 'NONE', #618 ) ;
#8590 = DIRECTION ( 'NONE',  ( 0.6488699952224917800, 0.1600323674314322042, 0.7438799437236189860 ) ) ;
#8591 = CIRCLE ( 'NONE', #298, 4.125000000000000000 ) ;
#8592 = CARTESIAN_POINT ( 'NONE',  ( 10.39834277627327097, 3.411862409582596900, 11.11253908804196477 ) ) ;
#8593 = VERTEX_POINT ( 'NONE', #3852 ) ;
#8594 = CARTESIAN_POINT ( 'NONE',  ( 34.55854145947857603, 5.200000996594705605, 7.500000000034249048 ) ) ;
#8595 = LINE ( 'NONE', #9543, #2383 ) ;
#8596 = VECTOR ( 'NONE', #512, 1000.000000000000000 ) ;
#8597 = ORIENTED_EDGE ( 'NONE', *, *, #9828, .T. ) ;
#8598 = DIRECTION ( 'NONE',  ( -0.09129144313906004116, 0.8455691497875635898, 0.5260025525956356640 ) ) ;
#8599 = VECTOR ( 'NONE', #8651, 1000.000000000000000 ) ;
#8600 = DIRECTION ( 'NONE',  ( 0.000000000000000000, -1.000000000000000000, 0.000000000000000000 ) ) ;
#8601 = EDGE_LOOP ( 'NONE', ( #8486, #1428, #6564, #5940 ) ) ;
#8602 = VERTEX_POINT ( 'NONE', #1453 ) ;
#8603 = EDGE_CURVE ( 'NONE', #9922, #4917, #717, .T. ) ;
#8604 = CARTESIAN_POINT ( 'NONE',  ( 24.47588418930790155, 37.30229873345540170, 10.00000000000000000 ) ) ;
#8605 = ORIENTED_EDGE ( 'NONE', *, *, #8800, .F. ) ;
#8606 = ORIENTED_EDGE ( 'NONE', *, *, #9956, .F. ) ;
#8607 = CIRCLE ( 'NONE', #4626, 4.674999999999999822 ) ;
#8608 = EDGE_CURVE ( 'NONE', #8708, #10069, #5168, .T. ) ;
#8609 = CARTESIAN_POINT ( 'NONE',  ( 10.93933653533205863, 3.411271482366304841, 10.72175891154360095 ) ) ;
#8610 = ORIENTED_EDGE ( 'NONE', *, *, #5029, .F. ) ;
#8611 = ADVANCED_FACE ( 'NONE', ( #93, #40 ), #2669, .F. ) ;
#8612 = CARTESIAN_POINT ( 'NONE',  ( 8.433415663592310096, 0.000000000000000000, 14.13780600281379840 ) ) ;
#8613 = VECTOR ( 'NONE', #3904, 1000.000000000000000 ) ;
#8614 = AXIS2_PLACEMENT_3D ( 'NONE', #2778, #9155, #2825 ) ;
#8615 = VERTEX_POINT ( 'NONE', #2451 ) ;
#8616 = DIRECTION ( 'NONE',  ( 0.7669706070501109973, 0.6416822328233690031, 0.000000000000000000 ) ) ;
#8617 = CARTESIAN_POINT ( 'NONE',  ( 8.825065030418986822, 9.116145328944391224, 9.999944857376176444 ) ) ;
#8618 = CARTESIAN_POINT ( 'NONE',  ( 10.18015694305356789, 20.66205238419149737, 22.08814571053865805 ) ) ;
#8619 = ADVANCED_FACE ( 'NONE', ( #4074 ), #995, .T. ) ;
#8620 = CIRCLE ( 'NONE', #1327, 4.125000000000001776 ) ;
#8621 = DIRECTION ( 'NONE',  ( 0.000000000000000000, 0.000000000000000000, -1.000000000000000000 ) ) ;
#8622 = ORIENTED_EDGE ( 'NONE', *, *, #8039, .T. ) ;
#8623 = ADVANCED_FACE ( 'NONE', ( #7964 ), #7966, .F. ) ;
#8624 = CARTESIAN_POINT ( 'NONE',  ( 1.561409172513019916, 43.33419401102089807, 14.57499999999999929 ) ) ;
#8625 = CARTESIAN_POINT ( 'NONE',  ( 4.407294569202660384, 26.68468045380930320, 10.00000000000000000 ) ) ;
#8626 = CARTESIAN_POINT ( 'NONE',  ( -3.773206478813349918, 40.75861867304359976, 13.06850476785990089 ) ) ;
#8627 = CIRCLE ( 'NONE', #10131, 1.175000000000000711 ) ;
#8628 = CARTESIAN_POINT ( 'NONE',  ( 21.36136170377750076, 40.03843193517609222, 0.000000000000000000 ) ) ;
#8629 = CARTESIAN_POINT ( 'NONE',  ( 16.20503149716116909, 20.66205238419149737, 23.45253701983046923 ) ) ;
#8630 = LINE ( 'NONE', #5626, #4394 ) ;
#8631 = LINE ( 'NONE', #1413, #8706 ) ;
#8632 = CARTESIAN_POINT ( 'NONE',  ( -2.968326320428579912, 39.08512207354660006, 13.81473737689539938 ) ) ;
#8633 = LINE ( 'NONE', #9412, #5538 ) ;
#8634 = AXIS2_PLACEMENT_3D ( 'NONE', #6099, #1250, #4475 ) ;
#8635 = DIRECTION ( 'NONE',  ( 0.000000000000000000, 0.6546536707079767536, -0.7559289460184547282 ) ) ;
#8636 = CARTESIAN_POINT ( 'NONE',  ( 9.997227490903020097, 11.64909824457640042, 10.00000000000000000 ) ) ;
#8637 = ORIENTED_EDGE ( 'NONE', *, *, #5125, .F. ) ;
#8638 = DIRECTION ( 'NONE',  ( 0.000000000000000000, 0.000000000000000000, -1.000000000000000000 ) ) ;
#8639 = DIRECTION ( 'NONE',  ( 0.000000000000000000, 1.000000000000000000, 0.000000000000000000 ) ) ;
#8640 = CARTESIAN_POINT ( 'NONE',  ( 12.07196518647571892, 23.59969355495343990, 10.24272458648890094 ) ) ;
#8641 = CARTESIAN_POINT ( 'NONE',  ( 9.169149531910379736, 7.660623713835249760, 9.169149532301700489 ) ) ;
#8642 = VERTEX_POINT ( 'NONE', #4843 ) ;
#8643 = CARTESIAN_POINT ( 'NONE',  ( -4.732557082437208962, 37.60908697627542097, 5.625000000000000000 ) ) ;
#8644 = CARTESIAN_POINT ( 'NONE',  ( 7.456765362178200185, 42.52225726859639821, 13.25447475379079876 ) ) ;
#8645 = AXIS2_PLACEMENT_3D ( 'NONE', #5923, #7664, #3712 ) ;
#8646 = ORIENTED_EDGE ( 'NONE', *, *, #1131, .T. ) ;
#8647 = CARTESIAN_POINT ( 'NONE',  ( 38.47569835886017131, 0.000000000000000000, 14.79999999999932569 ) ) ;
#8648 = CARTESIAN_POINT ( 'NONE',  ( -5.999999999999996447, 0.5000000000000004441, 0.000000000000000000 ) ) ;
#8649 = ORIENTED_EDGE ( 'NONE', *, *, #83, .T. ) ;
#8650 = CARTESIAN_POINT ( 'NONE',  ( -3.747577647022969582, 40.78006091066870198, 13.10569876504609965 ) ) ;
#8651 = DIRECTION ( 'NONE',  ( 0.7669706070501109973, -0.6416822328233690031, 0.000000000000000000 ) ) ;
#8652 = VERTEX_POINT ( 'NONE', #4123 ) ;
#8653 = LINE ( 'NONE', #1531, #10187 ) ;
#8654 = EDGE_CURVE ( 'NONE', #2463, #6904, #5849, .T. ) ;
#8655 = ORIENTED_EDGE ( 'NONE', *, *, #7728, .T. ) ;
#8656 = ORIENTED_EDGE ( 'NONE', *, *, #3436, .T. ) ;
#8657 = CARTESIAN_POINT ( 'NONE',  ( 11.03384628844480098, 3.942852518204589707, 9.342916048981509292 ) ) ;
#8658 = VECTOR ( 'NONE', #7661, 1000.000000000000114 ) ;
#8659 = ORIENTED_EDGE ( 'NONE', *, *, #3141, .T. ) ;
#8660 = EDGE_CURVE ( 'NONE', #2874, #1982, #3139, .T. ) ;
#8661 = DIRECTION ( 'NONE',  ( 2.419120705443520107E-15, 0.000000000000000000, -1.000000000000000000 ) ) ;
#8662 = ORIENTED_EDGE ( 'NONE', *, *, #1833, .T. ) ;
#8663 = ADVANCED_FACE ( 'NONE', ( #3396 ), #6632, .T. ) ;
#8664 = EDGE_CURVE ( 'NONE', #4418, #849, #4175, .T. ) ;
#8665 = LINE ( 'NONE', #1541, #9455 ) ;
#8666 = ORIENTED_EDGE ( 'NONE', *, *, #4679, .T. ) ;
#8667 = DIRECTION ( 'NONE',  ( 0.000000000000000000, 0.9774242027268760236, -0.2112863647368909970 ) ) ;
#8668 = DIRECTION ( 'NONE',  ( 0.2394571141604754927, 0.9709069422338770794, -4.436814144323860170E-16 ) ) ;
#8669 = ADVANCED_FACE ( 'NONE', ( #9625, #1608 ), #8849, .F. ) ;
#8670 = DIRECTION ( 'NONE',  ( -0.7438799437236197631, 0.000000000000000000, 0.6683132718461786137 ) ) ;
#8671 = CARTESIAN_POINT ( 'NONE',  ( -6.975079864095089732, 35.73289118407149800, 13.25447475379079876 ) ) ;
#8672 = VECTOR ( 'NONE', #6657, 1000.000000000000000 ) ;
#8673 = LINE ( 'NONE', #6302, #4984 ) ;
#8674 = CARTESIAN_POINT ( 'NONE',  ( 9.998613665375520654, 11.64911931636470044, 8.825000817840150447 ) ) ;
#8675 = CIRCLE ( 'NONE', #1056, 4.125000000000000000 ) ;
#8676 = ORIENTED_EDGE ( 'NONE', *, *, #4099, .T. ) ;
#8677 = EDGE_CURVE ( 'NONE', #8141, #825, #1319, .T. ) ;
#8678 = DIRECTION ( 'NONE',  ( -0.6416822328233690031, -0.7669706070501109973, 0.000000000000000000 ) ) ;
#8679 = EDGE_CURVE ( 'NONE', #9223, #6440, #1667, .T. ) ;
#8680 = LINE ( 'NONE', #828, #3873 ) ;
#8681 = CARTESIAN_POINT ( 'NONE',  ( 7.992273056101433681, 23.43733031054216553, 10.34055843913074035 ) ) ;
#8682 = DIRECTION ( 'NONE',  ( 0.01519964077199899982, -0.9998844787876259854, 6.123233995736759873E-17 ) ) ;
#8683 = DIRECTION ( 'NONE',  ( -0.3826834323650878389, 0.000000000000000000, -0.9238795325112876267 ) ) ;
#8684 = LINE ( 'NONE', #1561, #6011 ) ;
#8685 = EDGE_CURVE ( 'NONE', #5329, #4733, #3450, .T. ) ;
#8686 = VECTOR ( 'NONE', #10199, 1000.000000000000227 ) ;
#8687 = VECTOR ( 'NONE', #6661, 1000.000000000000000 ) ;
#8688 = DIRECTION ( 'NONE',  ( 1.000000000000000000, 0.000000000000000000, 0.000000000000000000 ) ) ;
#8689 = CARTESIAN_POINT ( 'NONE',  ( 16.49550587513034472, 3.800000095982086545, 24.72653951618453760 ) ) ;
#8690 = LINE ( 'NONE', #9469, #4620 ) ;
#8691 = DIRECTION ( 'NONE',  ( 0.000000000000000000, 0.000000000000000000, -1.000000000000000000 ) ) ;
#8692 = EDGE_LOOP ( 'NONE', ( #595, #7099, #10084, #3720, #548 ) ) ;
#8693 = CIRCLE ( 'NONE', #234, 4.124999999999999112 ) ;
#8694 = LINE ( 'NONE', #10208, #10081 ) ;
#8695 = CARTESIAN_POINT ( 'NONE',  ( 12.11923942695719880, 23.71899539419843705, 10.15744223294786686 ) ) ;
#8696 = DIRECTION ( 'NONE',  ( -0.7071067811865500152, 7.511339080654519729E-16, -0.7071067811865450192 ) ) ;
#8697 = AXIS2_PLACEMENT_3D ( 'NONE', #8255, #2642, #2696 ) ;
#8698 = ORIENTED_EDGE ( 'NONE', *, *, #6026, .F. ) ;
#8699 = SURFACE_SIDE_STYLE ('',( #4701 ) ) ;
#8700 = ADVANCED_FACE ( 'NONE', ( #7290 ), #2617, .T. ) ;
#8701 = CARTESIAN_POINT ( 'NONE',  ( 3.230612659068289982, 38.39005658512270003, 13.59675238393000107 ) ) ;
#8702 = AXIS2_PLACEMENT_3D ( 'NONE', #6263, #4024, #2467 ) ;
#8703 = CARTESIAN_POINT ( 'NONE',  ( 9.281560535752005237, 19.28167848754110025, 11.00106587098437672 ) ) ;
#8704 = ORIENTED_EDGE ( 'NONE', *, *, #6968, .F. ) ;
#8705 = CARTESIAN_POINT ( 'NONE',  ( -14.55854136924701336, 0.000000000000000000, 5.800000010607794465 ) ) ;
#8706 = VECTOR ( 'NONE', #8580, 1000.000000000000000 ) ;
#8707 = DIRECTION ( 'NONE',  ( 0.2394571141604754927, 0.9709069422338770794, -4.436814144323860170E-16 ) ) ;
#8708 = VERTEX_POINT ( 'NONE', #889 ) ;
#8709 = CARTESIAN_POINT ( 'NONE',  ( 10.44194171418439865, 10.91062371445219981, 12.49255137962479978 ) ) ;
#8710 = PLANE ( 'NONE',  #8950 ) ;
#8711 = EDGE_LOOP ( 'NONE', ( #8324, #9208, #6007, #5418, #9136, #6499 ) ) ;
#8712 = DIRECTION ( 'NONE',  ( -0.6281421229565419262, 0.5733749105345632424, -0.5260025525956409931 ) ) ;
#8713 = CARTESIAN_POINT ( 'NONE',  ( 8.433415663592310096, -2.600000000000000089, 14.13780600281379840 ) ) ;
#8714 = CIRCLE ( 'NONE', #8893, 25.17500000000000426 ) ;
#8715 = VERTEX_POINT ( 'NONE', #148 ) ;
#8716 = CARTESIAN_POINT ( 'NONE',  ( 12.09993723446310021, 4.649532698602190095, 8.899903425177202010 ) ) ;
#8717 = ORIENTED_EDGE ( 'NONE', *, *, #2749, .F. ) ;
#8718 = EDGE_CURVE ( 'NONE', #550, #2652, #3336, .T. ) ;
#8719 = CARTESIAN_POINT ( 'NONE',  ( 27.35854122897934460, 29.25100135070063345, 18.91715728747773184 ) ) ;
#8720 = EDGE_LOOP ( 'NONE', ( #7495, #5934 ) ) ;
#8721 = ORIENTED_EDGE ( 'NONE', *, *, #8561, .F. ) ;
#8722 = ORIENTED_EDGE ( 'NONE', *, *, #1907, .F. ) ;
#8723 = CARTESIAN_POINT ( 'NONE',  ( 6.248588881437060039, 41.81229586705480017, 14.12500000000000000 ) ) ;
#8724 = ORIENTED_EDGE ( 'NONE', *, *, #9377, .T. ) ;
#8725 = LINE ( 'NONE', #3219, #3401 ) ;
#8726 = CARTESIAN_POINT ( 'NONE',  ( 15.33865618478839998, 23.61062371445099828, 17.28319985939269898 ) ) ;
#8727 = CARTESIAN_POINT ( 'NONE',  ( 11.01706320417242857, 10.38002417953556566, 9.391633398415491385 ) ) ;
#8728 = VERTEX_POINT ( 'NONE', #4791 ) ;
#8729 = DIRECTION ( 'NONE',  ( 0.7071067811865450192, 8.656155890839430614E-15, -0.7071067811865500152 ) ) ;
#8730 = ADVANCED_FACE ( 'NONE', ( #6468 ), #1048, .F. ) ;
#8731 = CARTESIAN_POINT ( 'NONE',  ( 14.50495123071400450, 46.44749149940778921, 34.80000000098205959 ) ) ;
#8732 = DIRECTION ( 'NONE',  ( 1.000000000000000000, 0.000000000000000000, 0.000000000000000000 ) ) ;
#8733 = VERTEX_POINT ( 'NONE', #5745 ) ;
#8734 = LINE ( 'NONE', #9512, #6456 ) ;
#8735 = DIRECTION ( 'NONE',  ( 0.2394571141604778519, 0.9709069422338765243, 0.000000000000000000 ) ) ;
#8736 = CARTESIAN_POINT ( 'NONE',  ( 7.860311385006859553, 23.76997420383658977, 10.02781129752836264 ) ) ;
#8737 = CARTESIAN_POINT ( 'NONE',  ( 9.997227490903009439, 11.64909824457640042, 10.00000000000000000 ) ) ;
#8738 = CARTESIAN_POINT ( 'NONE',  ( 17.36651477998329796, 43.18661677444809754, 14.17500000000000071 ) ) ;
#8739 = CARTESIAN_POINT ( 'NONE',  ( 11.60866792719989959, 5.034314593714769970, 13.65927759264029895 ) ) ;
#8740 = EDGE_CURVE ( 'NONE', #6687, #8768, #986, .T. ) ;
#8741 = EDGE_CURVE ( 'NONE', #6833, #5845, #5065, .T. ) ;
#8742 = PLANE ( 'NONE',  #6392 ) ;
#8743 = EDGE_CURVE ( 'NONE', #2802, #5640, #8416, .T. ) ;
#8744 = CARTESIAN_POINT ( 'NONE',  ( 11.50293136031242014, 4.410473422245765107, 11.50357115502771954 ) ) ;
#8745 = PLANE ( 'NONE',  #9848 ) ;
#8746 = ORIENTED_EDGE ( 'NONE', *, *, #9565, .F. ) ;
#8747 = CARTESIAN_POINT ( 'NONE',  ( 13.13647494211630118, 44.22988167275949678, 13.06850476785990089 ) ) ;
#8748 = EDGE_CURVE ( 'NONE', #1066, #5176, #5994, .T. ) ;
#8749 = CARTESIAN_POINT ( 'NONE',  ( 22.90998067896980217, 5.960604014534310657, 20.97910852490550226 ) ) ;
#8750 = DIRECTION ( 'NONE',  ( 0.000000000000000000, 0.000000000000000000, -1.000000000000000000 ) ) ;
#8751 = CARTESIAN_POINT ( 'NONE',  ( 8.844791764073550056, 6.254499674390100239, 9.614270615651449248 ) ) ;
#8752 = ORIENTED_EDGE ( 'NONE', *, *, #3846, .F. ) ;
#8753 = CARTESIAN_POINT ( 'NONE',  ( 23.88908920387530088, 17.60385599033020299, 20.00000000000000000 ) ) ;
#8754 = DIRECTION ( 'NONE',  ( -0.6416822328233690031, 0.7669706070501109973, 0.000000000000000000 ) ) ;
#8755 = DIRECTION ( 'NONE',  ( -0.6416822328233690031, 0.7669706070501109973, -7.637047670381729146E-17 ) ) ;
#8756 = VECTOR ( 'NONE', #6203, 1000.000000000000000 ) ;
#8757 = ADVANCED_FACE ( 'NONE', ( #6820 ), #1099, .F. ) ;
#8758 = ORIENTED_EDGE ( 'NONE', *, *, #5505, .F. ) ;
#8759 = DIRECTION ( 'NONE',  ( 0.000000000000000000, 0.000000000000000000, -1.000000000000000000 ) ) ;
#8760 = DIRECTION ( 'NONE',  ( 1.000000000000000000, 0.000000000000000000, 0.000000000000000000 ) ) ;
#8761 = ORIENTED_EDGE ( 'NONE', *, *, #4825, .T. ) ;
#8762 = CYLINDRICAL_SURFACE ( 'NONE', #5047, 4.125000000000000000 ) ;
#8763 = ADVANCED_FACE ( 'NONE', ( #4280 ), #9980, .F. ) ;
#8764 = CARTESIAN_POINT ( 'NONE',  ( 17.01267061527750002, 41.83193545511289813, 14.12500000000000000 ) ) ;
#8765 = ORIENTED_EDGE ( 'NONE', *, *, #1628, .F. ) ;
#8766 = DIRECTION ( 'NONE',  ( -8.562890349502529846E-16, -1.000000000000000000, -6.123233995736759873E-17 ) ) ;
#8767 = VERTEX_POINT ( 'NONE', #7447 ) ;
#8768 = VERTEX_POINT ( 'NONE', #2862 ) ;
#8769 = FACE_OUTER_BOUND ( 'NONE', #5761, .T. ) ;
#8770 = AXIS2_PLACEMENT_3D ( 'NONE', #4388, #7455, #323 ) ;
#8771 = AXIS2_PLACEMENT_3D ( 'NONE', #7616, #2106, #10002 ) ;
#8772 = VERTEX_POINT ( 'NONE', #6727 ) ;
#8773 = PLANE ( 'NONE',  #8518 ) ;
#8774 = ORIENTED_EDGE ( 'NONE', *, *, #4879, .T. ) ;
#8775 = ORIENTED_EDGE ( 'NONE', *, *, #3144, .T. ) ;
#8776 = ORIENTED_EDGE ( 'NONE', *, *, #5341, .T. ) ;
#8777 = VECTOR ( 'NONE', #3226, 1000.000000000000000 ) ;
#8778 = FACE_OUTER_BOUND ( 'NONE', #4863, .T. ) ;
#8779 = ORIENTED_EDGE ( 'NONE', *, *, #9522, .F. ) ;
#8780 = DIRECTION ( 'NONE',  ( 0.7071067811865450192, 8.656155890839421148E-15, -0.7071067811865500152 ) ) ;
#8781 = CARTESIAN_POINT ( 'NONE',  ( 10.84446287902408024, 19.83225300663624324, 10.95672825680612128 ) ) ;
#8782 = CARTESIAN_POINT ( 'NONE',  ( 15.28562318937020059, 4.910623714452049704, 17.33623285481059995 ) ) ;
#8783 = AXIS2_PLACEMENT_3D ( 'NONE', #1105, #6738, #4288 ) ;
#8784 = VERTEX_POINT ( 'NONE', #2718 ) ;
#8785 = DIRECTION ( 'NONE',  ( 0.7745966692414768540, 0.6324555320336839870, 0.000000000000000000 ) ) ;
#8786 = LINE ( 'NONE', #1661, #6805 ) ;
#8787 = CARTESIAN_POINT ( 'NONE',  ( 27.02533183450669796, 38.03774379142440409, 14.27972885084839838 ) ) ;
#8788 = ORIENTED_EDGE ( 'NONE', *, *, #1756, .F. ) ;
#8789 = FACE_OUTER_BOUND ( 'NONE', #447, .T. ) ;
#8790 = DIRECTION ( 'NONE',  ( 0.5125766358075094509, -0.4288447525037482611, 0.7438799437236189860 ) ) ;
#8791 = DIRECTION ( 'NONE',  ( 4.163336342344339985E-16, -1.000000000000000000, 0.000000000000000000 ) ) ;
#8792 = AXIS2_PLACEMENT_3D ( 'NONE', #3548, #4425, #9841 ) ;
#8793 = DIRECTION ( 'NONE',  ( -0.6416822328233690031, 0.7669706070501109973, 0.000000000000000000 ) ) ;
#8794 = ADVANCED_FACE ( 'NONE', ( #1977 ), #317, .T. ) ;
#8795 = FACE_OUTER_BOUND ( 'NONE', #2601, .T. ) ;
#8796 = DIRECTION ( 'NONE',  ( -0.7071067811865490160, 0.000000000000000000, 0.7071067811865461294 ) ) ;
#8797 = CARTESIAN_POINT ( 'NONE',  ( 4.186936327590920826, 43.56974815710489679, 5.875000000000000000 ) ) ;
#8798 = CIRCLE ( 'NONE', #8460, 4.674999999999999822 ) ;
#8799 = EDGE_LOOP ( 'NONE', ( #1215, #9441, #3747, #8054, #5051 ) ) ;
#8800 = EDGE_CURVE ( 'NONE', #9855, #2525, #5114, .T. ) ;
#8801 = CARTESIAN_POINT ( 'NONE',  ( 10.00000052222433666, 4.700000271592230661, 0.000000000000000000 ) ) ;
#8802 = LINE ( 'NONE', #4802, #957 ) ;
#8803 = FACE_OUTER_BOUND ( 'NONE', #10034, .T. ) ;
#8804 = DIRECTION ( 'NONE',  ( 2.050612401368057962E-08, -0.7071067811874530706, 0.7071067811856417418 ) ) ;
#8805 = EDGE_CURVE ( 'NONE', #9837, #9337, #6046, .T. ) ;
#8806 = ORIENTED_EDGE ( 'NONE', *, *, #4171, .F. ) ;
#8807 = CARTESIAN_POINT ( 'NONE',  ( -9.358541061516552517, 46.44749149940778921, 16.91715745488696498 ) ) ;
#8808 = EDGE_CURVE ( 'NONE', #849, #5719, #2025, .T. ) ;
#8809 = DIRECTION ( 'NONE',  ( 0.7222382015498078900, 0.1781273446059149501, 0.6683132718461789468 ) ) ;
#8810 = VECTOR ( 'NONE', #9113, 1000.000000000000000 ) ;
#8811 = EDGE_CURVE ( 'NONE', #2999, #5337, #7547, .T. ) ;
#8812 = CARTESIAN_POINT ( 'NONE',  ( 10.00000000000000000, 11.28430686604839828, 8.824999999999999289 ) ) ;
#8813 = CARTESIAN_POINT ( 'NONE',  ( 9.999977456264220521, 20.59761035429659870, 8.853186159466226002 ) ) ;
#8814 = VERTEX_POINT ( 'NONE', #9099 ) ;
#8815 = DIRECTION ( 'NONE',  ( -1.000000000000000000, 0.000000000000000000, 0.000000000000000000 ) ) ;
#8816 = CARTESIAN_POINT ( 'NONE',  ( 13.51474479829960096, 3.899999999999999911, 21.88719965985190186 ) ) ;
#8817 = FACE_OUTER_BOUND ( 'NONE', #6131, .T. ) ;
#8818 = CIRCLE ( 'NONE', #8161, 4.125000000000001776 ) ;
#8819 = CARTESIAN_POINT ( 'NONE',  ( 17.05339014233659967, 10.91062371445219981, 15.00278047689499950 ) ) ;
#8820 = EDGE_CURVE ( 'NONE', #2481, #2070, #5164, .T. ) ;
#8821 = ORIENTED_EDGE ( 'NONE', *, *, #5430, .F. ) ;
#8822 = CARTESIAN_POINT ( 'NONE',  ( -6.015921548083990267, 39.14302819037560255, 10.00000000000000000 ) ) ;
#8823 = DIRECTION ( 'NONE',  ( -0.7071067811865460184, -1.110223024625102109E-14, 0.7071067811865490160 ) ) ;
#8824 = LINE ( 'NONE', #5770, #9686 ) ;
#8825 = ADVANCED_FACE ( 'NONE', ( #7585 ), #1926, .T. ) ;
#8826 = ORIENTED_EDGE ( 'NONE', *, *, #3796, .T. ) ;
#8827 = CARTESIAN_POINT ( 'NONE',  ( 11.52051138524020146, 4.411166879301135602, 11.52120704723271949 ) ) ;
#8828 =( BOUNDED_CURVE ( )  B_SPLINE_CURVE ( 3, ( #1262, #575, #9263, #3757 ),
 .UNSPECIFIED., .F., .T. ) 
 B_SPLINE_CURVE_WITH_KNOTS ( ( 4, 4 ),
 ( 2.894159001052265090, 3.141592653589763806 ),
 .UNSPECIFIED. ) 
 CURVE ( )  GEOMETRIC_REPRESENTATION_ITEM ( )  RATIONAL_B_SPLINE_CURVE ( ( 1.000000000000000000, 0.9949045531229092632, 0.9949045531229092632, 1.000000000000000000 ) ) 
 REPRESENTATION_ITEM ( '' )  );
#8829 = ORIENTED_EDGE ( 'NONE', *, *, #4179, .T. ) ;
#8830 = CARTESIAN_POINT ( 'NONE',  ( 3.083112230386720221, 41.44357267821940383, 14.12500000000000000 ) ) ;
#8831 = ORIENTED_EDGE ( 'NONE', *, *, #8679, .T. ) ;
#8832 = ORIENTED_EDGE ( 'NONE', *, *, #1705, .F. ) ;
#8833 = ORIENTED_EDGE ( 'NONE', *, *, #517, .F. ) ;
#8834 = LINE ( 'NONE', #8167, #9289 ) ;
#8835 = ORIENTED_EDGE ( 'NONE', *, *, #4673, .T. ) ;
#8836 = DIRECTION ( 'NONE',  ( -0.9999999999999995559, -2.900003868580416029E-08, 0.000000000000000000 ) ) ;
#8837 = LINE ( 'NONE', #7227, #9831 ) ;
#8838 = AXIS2_PLACEMENT_3D ( 'NONE', #3709, #1318, #6117 ) ;
#8839 = DIRECTION ( 'NONE',  ( -1.224165305884090052E-14, 1.000000000000000000, 0.000000000000000000 ) ) ;
#8840 = ORIENTED_EDGE ( 'NONE', *, *, #7361, .T. ) ;
#8841 = CARTESIAN_POINT ( 'NONE',  ( 11.88320496469079934, 44.95096459183670135, 12.42511345860770078 ) ) ;
#8842 = LINE ( 'NONE', #823, #6957 ) ;
#8843 = LINE ( 'NONE', #9567, #9794 ) ;
#8844 = ORIENTED_EDGE ( 'NONE', *, *, #4504, .F. ) ;
#8845 = VECTOR ( 'NONE', #8586, 1000.000000000000000 ) ;
#8846 = DIRECTION ( 'NONE',  ( -0.7071067811865480168, -7.282240949126130265E-15, 0.7071067811865470176 ) ) ;
#8847 = AXIS2_PLACEMENT_3D ( 'NONE', #5136, #6119, #1170 ) ;
#8848 = CARTESIAN_POINT ( 'NONE',  ( 19.31222850319100104, 11.06254193271939812, 23.20131579971639724 ) ) ;
#8849 = PLANE ( 'NONE',  #2661 ) ;
#8850 = AXIS2_PLACEMENT_3D ( 'NONE', #5217, #6733, #1102 ) ;
#8851 = LINE ( 'NONE', #8910, #1904 ) ;
#8852 = CARTESIAN_POINT ( 'NONE',  ( 6.994892833418028033, 0.000000000000000000, 0.5000000000000013323 ) ) ;
#8853 = CARTESIAN_POINT ( 'NONE',  ( -6.144257994648659960, 39.29642231178560507, 10.00000000000000000 ) ) ;
#8854 = CARTESIAN_POINT ( 'NONE',  ( 12.37413414222194419, 34.53313814742413967, 10.00000000000000000 ) ) ;
#8855 = CIRCLE ( 'NONE', #3208, 4.174999999999999822 ) ;
#8856 = DIRECTION ( 'NONE',  ( 0.000000000000000000, -1.000000000000000000, 0.000000000000000000 ) ) ;
#8857 = VERTEX_POINT ( 'NONE', #5259 ) ;
#8858 = ADVANCED_FACE ( 'NONE', ( #8273, #5211 ), #1146, .T. ) ;
#8859 = CARTESIAN_POINT ( 'NONE',  ( 25.53867161140690101, 6.060623714452040289, 18.46760379954070075 ) ) ;
#8860 = CARTESIAN_POINT ( 'NONE',  ( 26.00000000000000711, 0.5000000000000000000, 0.000000000000000000 ) ) ;
#8861 = DIRECTION ( 'NONE',  ( 0.8660254037844387076, 0.000000000000000000, -0.4999999999999998890 ) ) ;
#8862 = FACE_OUTER_BOUND ( 'NONE', #3890, .T. ) ;
#8863 = VECTOR ( 'NONE', #1213, 1000.000000000000114 ) ;
#8864 = ORIENTED_EDGE ( 'NONE', *, *, #3076, .T. ) ;
#8865 = VECTOR ( 'NONE', #3306, 1000.000000000000000 ) ;
#8866 = ORIENTED_EDGE ( 'NONE', *, *, #1699, .F. ) ;
#8867 = DIRECTION ( 'NONE',  ( 0.000000000000000000, -1.000000000000000000, 0.000000000000000000 ) ) ;
#8868 = DIRECTION ( 'NONE',  ( 0.7041366048927437671, -0.6456144563600106911, -0.2955902829747418803 ) ) ;
#8869 = CARTESIAN_POINT ( 'NONE',  ( 1.122573253783819558, 43.22596285299959362, 6.596749257464422200 ) ) ;
#8870 = VERTEX_POINT ( 'NONE', #4332 ) ;
#8871 = VERTEX_POINT ( 'NONE', #3690 ) ;
#8872 = CARTESIAN_POINT ( 'NONE',  ( 10.00000000000000000, 0.000000000000000000, 10.00000000000000000 ) ) ;
#8873 = COLOUR_RGB ( '',0.7921568627450980005, 0.8196078431372548767, 0.9333333333333333481 ) ;
#8874 = LINE ( 'NONE', #4983, #5060 ) ;
#8875 = ORIENTED_EDGE ( 'NONE', *, *, #1630, .F. ) ;
#8876 = EDGE_CURVE ( 'NONE', #3445, #9433, #8982, .T. ) ;
#8877 = CARTESIAN_POINT ( 'NONE',  ( 10.49393734990720084, 6.056384414440669772, 8.443327685366879720 ) ) ;
#8878 = VECTOR ( 'NONE', #4930, 1000.000000000000114 ) ;
#8879 = EDGE_CURVE ( 'NONE', #1432, #4505, #7799, .T. ) ;
#8880 = DIRECTION ( 'NONE',  ( 0.000000000000000000, 1.000000000000000000, 0.000000000000000000 ) ) ;
#8881 = ORIENTED_EDGE ( 'NONE', *, *, #1666, .T. ) ;
#8882 = CIRCLE ( 'NONE', #6390, 1.175000000000000488 ) ;
#8883 = DIRECTION ( 'NONE',  ( -0.6683132718461772814, 0.000000000000000000, 0.7438799437236210954 ) ) ;
#8884 = CIRCLE ( 'NONE', #4406, 1.174999999999999156 ) ;
#8885 = CARTESIAN_POINT ( 'NONE',  ( 13.84719396422710069, 42.20065864394830868, 14.12500000000000000 ) ) ;
#8886 = EDGE_CURVE ( 'NONE', #809, #5411, #6500, .T. ) ;
#8887 = EDGE_CURVE ( 'NONE', #8463, #4363, #8568, .T. ) ;
#8888 = EDGE_LOOP ( 'NONE', ( #7678, #3198 ) ) ;
#8889 = CARTESIAN_POINT ( 'NONE',  ( 15.51881314101200005, 20.66205238419150092, 21.76994765900469986 ) ) ;
#8890 = AXIS2_PLACEMENT_3D ( 'NONE', #1507, #2290, #4689 ) ;
#8891 = ORIENTED_EDGE ( 'NONE', *, *, #8664, .F. ) ;
#8892 = EDGE_CURVE ( 'NONE', #8593, #9922, #4670, .T. ) ;
#8894 = ORIENTED_EDGE ( 'NONE', *, *, #8966, .T. ) ;
#8893 = AXIS2_PLACEMENT_3D ( 'NONE', #1471, #3196, #6380 ) ;
#8895 = EDGE_LOOP ( 'NONE', ( #9094, #1874, #3685, #1115 ) ) ;
#8896 = DIRECTION ( 'NONE',  ( -0.2394571141604759645, 0.9709069422338769684, 0.000000000000000000 ) ) ;
#8897 = ORIENTED_EDGE ( 'NONE', *, *, #1615, .F. ) ;
#8898 =( BOUNDED_CURVE ( )  B_SPLINE_CURVE ( 3, ( #5000, #7388, #3163, #5881 ),
 .UNSPECIFIED., .F., .T. ) 
 B_SPLINE_CURVE_WITH_KNOTS ( ( 4, 4 ),
 ( 0.000000000000000000, 0.9121492231684733554 ),
 .UNSPECIFIED. ) 
 CURVE ( )  GEOMETRIC_REPRESENTATION_ITEM ( )  RATIONAL_B_SPLINE_CURVE ( ( 1.000000000000000000, 0.9318588388831996472, 0.9318588388831996472, 1.000000000000000000 ) ) 
 REPRESENTATION_ITEM ( '' )  );
#8899 = DIRECTION ( 'NONE',  ( 0.5705340520101068735, -0.4773345432410939226, -0.6683132718461789468 ) ) ;
#8900 = DIRECTION ( 'NONE',  ( 0.000000000000000000, 1.000000000000000000, 0.000000000000000000 ) ) ;
#8901 = EDGE_CURVE ( 'NONE', #6040, #2236, #10283, .T. ) ;
#8902 = VERTEX_POINT ( 'NONE', #2231 ) ;
#8903 = VERTEX_POINT ( 'NONE', #1441 ) ;
#8904 = DIRECTION ( 'NONE',  ( 7.359432928386454459E-16, 0.000000000000000000, -1.000000000000000000 ) ) ;
#8905 = CARTESIAN_POINT ( 'NONE',  ( 0.1940000000000099978, -0.2000000000000050071, 15.97350269189619709 ) ) ;
#8906 = EDGE_CURVE ( 'NONE', #5012, #5581, #2412, .T. ) ;
#8907 = ORIENTED_EDGE ( 'NONE', *, *, #7736, .F. ) ;
#8908 = CARTESIAN_POINT ( 'NONE',  ( 5.495047544231412395, 3.800000414970028384, 34.80000000098205959 ) ) ;
#8909 = DIRECTION ( 'NONE',  ( 0.7071067811865470176, 8.656155890839470057E-15, -0.7071067811865480168 ) ) ;
#8910 = CARTESIAN_POINT ( 'NONE',  ( 28.02759255601569777, 37.19920722726249807, 13.10569876504609965 ) ) ;
#8911 = CARTESIAN_POINT ( 'NONE',  ( 2.512241316586869999, 41.30277741182429452, 13.59675238393000107 ) ) ;
#8912 = LINE ( 'NONE', #8022, #4502 ) ;
#8913 = DIRECTION ( 'NONE',  ( -0.9709069422338771904, 0.2394571141604752984, 0.000000000000000000 ) ) ;
#8914 = LINE ( 'NONE', #6590, #4964 ) ;
#8915 = VERTEX_POINT ( 'NONE', #10129 ) ;
#8916 = DIRECTION ( 'NONE',  ( 0.7669706070501113304, 0.6416822328233686701, 0.000000000000000000 ) ) ;
#8917 = LINE ( 'NONE', #5636, #2271 ) ;
#8918 = CARTESIAN_POINT ( 'NONE',  ( 15.51881314101200005, 20.66205238419150092, 21.76994765900469986 ) ) ;
#8919 = CARTESIAN_POINT ( 'NONE',  ( 27.25618360823290232, 38.10536896233369930, 14.42850483959309926 ) ) ;
#8920 = ORIENTED_EDGE ( 'NONE', *, *, #7589, .T. ) ;
#8921 = ORIENTED_EDGE ( 'NONE', *, *, #3827, .T. ) ;
#8922 = CARTESIAN_POINT ( 'NONE',  ( 8.490855404344920032, 6.311819585105734376, 10.24092273598056835 ) ) ;
#8923 = CARTESIAN_POINT ( 'NONE',  ( 22.86461719173190232, 40.41052919596050685, 1.250000000000000000 ) ) ;
#8924 = EDGE_LOOP ( 'NONE', ( #8228, #8998, #5878 ) ) ;
#8925 = PLANE ( 'NONE',  #9866 ) ;
#8926 = ORIENTED_EDGE ( 'NONE', *, *, #9785, .F. ) ;
#8927 = CARTESIAN_POINT ( 'NONE',  ( 21.04854355087229933, 4.910623714452030164, 22.95773186007529887 ) ) ;
#8928 = CARTESIAN_POINT ( 'NONE',  ( -5.761822931667360592, 36.22642433111679594, 14.37500000000000000 ) ) ;
#8929 = FACE_OUTER_BOUND ( 'NONE', #9609, .T. ) ;
#8930 = FACE_OUTER_BOUND ( 'NONE', #3862, .T. ) ;
#8931 = EDGE_LOOP ( 'NONE', ( #261, #450, #4661, #8821 ) ) ;
#8932 = DIRECTION ( 'NONE',  ( -0.6532814824381850682, 0.6532814824381919516, -0.3826834323650889491 ) ) ;
#8933 = VECTOR ( 'NONE', #1892, 1000.000000000000227 ) ;
#8934 = CARTESIAN_POINT ( 'NONE',  ( 5.230074240355170545, 44.23900569971429775, 15.09630118482080086 ) ) ;
#8935 = EDGE_CURVE ( 'NONE', #6044, #8915, #4484, .T. ) ;
#8936 = ORIENTED_EDGE ( 'NONE', *, *, #8174, .T. ) ;
#8937 = LINE ( 'NONE', #4993, #1815 ) ;
#8938 = ORIENTED_EDGE ( 'NONE', *, *, #8414, .T. ) ;
#8939 = VECTOR ( 'NONE', #6760, 1000.000000000000000 ) ;
#8940 = DIRECTION ( 'NONE',  ( 0.6416822328233701134, 0.7669706070501099981, 0.000000000000000000 ) ) ;
#8941 = ORIENTED_EDGE ( 'NONE', *, *, #7278, .F. ) ;
#8942 = EDGE_CURVE ( 'NONE', #9428, #4763, #6144, .T. ) ;
#8943 = VERTEX_POINT ( 'NONE', #8519 ) ;
#8944 = ORIENTED_EDGE ( 'NONE', *, *, #4436, .T. ) ;
#8945 = FACE_BOUND ( 'NONE', #6551, .T. ) ;
#8946 = ORIENTED_EDGE ( 'NONE', *, *, #4037, .T. ) ;
#8947 = ADVANCED_FACE ( 'NONE', ( #3841 ), #3790, .F. ) ;
#8948 =( NAMED_UNIT ( * ) PLANE_ANGLE_UNIT ( ) SI_UNIT ( $, .RADIAN. ) );
#8949 = VECTOR ( 'NONE', #7915, 1000.000000000000000 ) ;
#8950 = AXIS2_PLACEMENT_3D ( 'NONE', #3200, #10166, #9547 ) ;
#8951 = EDGE_CURVE ( 'NONE', #4569, #9216, #7006, .T. ) ;
#8952 = CARTESIAN_POINT ( 'NONE',  ( 10.00000000000000000, 0.000000000000000000, 10.00000000000000000 ) ) ;
#8953 = ORIENTED_EDGE ( 'NONE', *, *, #10191, .F. ) ;
#8954 = ORIENTED_EDGE ( 'NONE', *, *, #2907, .F. ) ;
#8955 = DIRECTION ( 'NONE',  ( 4.440887676948530505E-15, 1.000000000000000000, 1.074304332985520106E-29 ) ) ;
#8956 = VECTOR ( 'NONE', #10085, 1000.000000000000227 ) ;
#8957 = AXIS2_PLACEMENT_3D ( 'NONE', #104, #1738, #9695 ) ;
#8958 = ORIENTED_EDGE ( 'NONE', *, *, #8428, .T. ) ;
#8959 = CARTESIAN_POINT ( 'NONE',  ( 7.919410841168406101, 23.62149536470208488, 9.772907250557596015 ) ) ;
#8960 = DIRECTION ( 'NONE',  ( 0.2705980500730952309, 0.9238795325112802992, 0.2705980500731238747 ) ) ;
#8961 = DIRECTION ( 'NONE',  ( 0.8161842732536096490, 0.2390910846442239057, 0.5260025525956367742 ) ) ;
#8962 = EDGE_CURVE ( 'NONE', #9705, #8046, #2183, .T. ) ;
#8963 = LINE ( 'NONE', #6470, #3889 ) ;
#8964 = LINE ( 'NONE', #1839, #4174 ) ;
#8965 = AXIS2_PLACEMENT_3D ( 'NONE', #936, #3227, #9622 ) ;
#8966 = EDGE_CURVE ( 'NONE', #438, #2933, #8798, .T. ) ;
#8967 = FACE_OUTER_BOUND ( 'NONE', #5206, .T. ) ;
#8968 = ORIENTED_EDGE ( 'NONE', *, *, #5097, .T. ) ;
#8969 = CARTESIAN_POINT ( 'NONE',  ( 10.92150261563525504, 20.14165734357574777, 9.071300846770983028 ) ) ;
#8970 = CARTESIAN_POINT ( 'NONE',  ( 6.871177378254300194, 39.28793781724669287, 14.12500000000000000 ) ) ;
#8971 = AXIS2_PLACEMENT_3D ( 'NONE', #1725, #8909, #4903 ) ;
#8972 = VECTOR ( 'NONE', #9910, 1000.000000000000114 ) ;
#8973 = PLANE ( 'NONE',  #560 ) ;
#8974 = DIRECTION ( 'NONE',  ( 0.000000000000000000, -0.9776325903347651280, 0.2103200378360020328 ) ) ;
#8975 = ORIENTED_EDGE ( 'NONE', *, *, #433, .F. ) ;
#8976 = ORIENTED_EDGE ( 'NONE', *, *, #4047, .T. ) ;
#8977 = PLANE ( 'NONE',  #1332 ) ;
#8978 = LINE ( 'NONE', #1854, #2233 ) ;
#8979 = LINE ( 'NONE', #7364, #9510 ) ;
#8980 = ORIENTED_EDGE ( 'NONE', *, *, #8323, .F. ) ;
#8981 = CARTESIAN_POINT ( 'NONE',  ( -6.000000000000001776, 0.000000000000000000, 0.5000000000000004441 ) ) ;
#8982 = CIRCLE ( 'NONE', #2987, 1.700000000000000844 ) ;
#8983 = CARTESIAN_POINT ( 'NONE',  ( 12.89399572803070093, 17.39999999999999858, 24.39476507198639865 ) ) ;
#8984 = DIRECTION ( 'NONE',  ( -0.6416822328233690031, 0.7669706070501109973, 0.000000000000000000 ) ) ;
#8985 = ORIENTED_EDGE ( 'NONE', *, *, #2978, .T. ) ;
#8986 = AXIS2_PLACEMENT_3D ( 'NONE', #3959, #3856, #4741 ) ;
#8987 = DIRECTION ( 'NONE',  ( 0.9709069422338770794, -0.2394571141604749931, 0.000000000000000000 ) ) ;
#8988 = CARTESIAN_POINT ( 'NONE',  ( -6.799148781361641802, 5.199999808776806454, 19.20085121863835909 ) ) ;
#8989 = CARTESIAN_POINT ( 'NONE',  ( 15.70277916592350032, 23.34593976405739824, 27.21076753793460057 ) ) ;
#8990 = LINE ( 'NONE', #8259, #10104 ) ;
#8991 = VECTOR ( 'NONE', #9466, 1000.000000000000114 ) ;
#8992 = VERTEX_POINT ( 'NONE', #3891 ) ;
#8993 = CARTESIAN_POINT ( 'NONE',  ( 19.29289417248839911, 5.896023223725820550, 24.22202128868229920 ) ) ;
#8994 = EDGE_CURVE ( 'NONE', #5671, #7612, #7058, .T. ) ;
#8995 = ORIENTED_EDGE ( 'NONE', *, *, #2919, .T. ) ;
#8996 = CARTESIAN_POINT ( 'NONE',  ( -6.799148781361641802, 5.421010862427522170E-17, 0.5000000000000004441 ) ) ;
#8997 = EDGE_LOOP ( 'NONE', ( #355, #309, #6693, #6892 ) ) ;
#8998 = ORIENTED_EDGE ( 'NONE', *, *, #3426, .F. ) ;
#8999 = ORIENTED_EDGE ( 'NONE', *, *, #6748, .T. ) ;
#9000 = DIRECTION ( 'NONE',  ( -0.5773502691896271743, 0.5773502691896260641, 0.5773502691896241767 ) ) ;
#9001 = CARTESIAN_POINT ( 'NONE',  ( 11.10768743034654982, 4.715859269344962357, 9.057077764904933659 ) ) ;
#9002 = EDGE_CURVE ( 'NONE', #8563, #3152, #8665, .T. ) ;
#9003 = ORIENTED_EDGE ( 'NONE', *, *, #6113, .T. ) ;
#9005 = EDGE_CURVE ( 'NONE', #7386, #6956, #8834, .T. ) ;
#9004 = DIRECTION ( 'NONE',  ( 2.900003869181453403E-08, -0.9999999999999996669, -2.558264100334657960E-12 ) ) ;
#9006 = CARTESIAN_POINT ( 'NONE',  ( -10.47082295315080103, 35.67662275557450613, 10.00000000000000000 ) ) ;
#9007 = CARTESIAN_POINT ( 'NONE',  ( 10.77274169730041464, 10.78410772630625303, 10.88988387260006796 ) ) ;
#9008 = CARTESIAN_POINT ( 'NONE',  ( 17.74619950174962568, 20.66205238419150447, 23.99733401974233260 ) ) ;
#9009 = CARTESIAN_POINT ( 'NONE',  ( 12.44745179215759912, 42.13389449170280443, 13.25447475379079876 ) ) ;
#9010 = ADVANCED_FACE ( 'NONE', ( #8778 ), #1709, .F. ) ;
#9011 = CARTESIAN_POINT ( 'NONE',  ( 14.50495123071400450, 0.000000000000000000, 34.80000000098205959 ) ) ;
#9012 = EDGE_CURVE ( 'NONE', #2603, #920, #9497, .T. ) ;
#9013 = AXIS2_PLACEMENT_3D ( 'NONE', #2883, #9270, #10100 ) ;
#9014 = ORIENTED_EDGE ( 'NONE', *, *, #6910, .T. ) ;
#9015 = CARTESIAN_POINT ( 'NONE',  ( 8.012919205853998861, 39.56952835003689728, 13.06850476785990089 ) ) ;
#9016 = CARTESIAN_POINT ( 'NONE',  ( 13.45056231471520114, -0.02624354201075339635, 0.5262435420107530737 ) ) ;
#9017 = CARTESIAN_POINT ( 'NONE',  ( 9.998613665376460347, 11.64911931636470044, 11.17499918215990107 ) ) ;
#9018 = CARTESIAN_POINT ( 'NONE',  ( -4.989229975566590092, 37.91587521909539760, 10.00000000000000000 ) ) ;
#9019 = ORIENTED_EDGE ( 'NONE', *, *, #9255, .F. ) ;
#9020 = VERTEX_POINT ( 'NONE', #7951 ) ;
#9021 = CARTESIAN_POINT ( 'NONE',  ( 27.70156915898330041, 34.73392816538039796, 0.000000000000000000 ) ) ;
#9022 = DIRECTION ( 'NONE',  ( -0.8161842732536050971, 0.2390910846442290683, -0.5260025525956415482 ) ) ;
#9023 = ORIENTED_EDGE ( 'NONE', *, *, #4448, .F. ) ;
#9024 = CARTESIAN_POINT ( 'NONE',  ( 26.14425799464860134, 39.29642231178560507, 10.00000000000000000 ) ) ;
#9025 = DIRECTION ( 'NONE',  ( 0.000000000000000000, 0.000000000000000000, -1.000000000000000000 ) ) ;
#9026 = AXIS2_PLACEMENT_3D ( 'NONE', #9081, #7754, #3894 ) ;
#9028 = ADVANCED_FACE ( 'NONE', ( #7165, #4833 ), #26, .T. ) ;
#9027 = LINE ( 'NONE', #8252, #6464 ) ;
#9029 = VECTOR ( 'NONE', #7115, 1000.000000000000000 ) ;
#9030 = ORIENTED_EDGE ( 'NONE', *, *, #8555, .F. ) ;
#9031 = LINE ( 'NONE', #4152, #7697 ) ;
#9032 = CARTESIAN_POINT ( 'NONE',  ( 23.75657215011510104, 17.90108858630030042, 27.64565944664060382 ) ) ;
#9033 = CARTESIAN_POINT ( 'NONE',  ( 24.22416752591109912, 40.38132430353559954, 13.59675238393000107 ) ) ;
#9034 = CIRCLE ( 'NONE', #43, 4.375000000000001776 ) ;
#9035 = VERTEX_POINT ( 'NONE', #4164 ) ;
#9036 = DIRECTION ( 'NONE',  ( 0.6416822328233690031, 0.7669706070501109973, 7.424446545085129734E-16 ) ) ;
#9037 = VECTOR ( 'NONE', #6703, 1000.000000000000000 ) ;
#9038 = VERTEX_POINT ( 'NONE', #8006 ) ;
#9039 = ORIENTED_EDGE ( 'NONE', *, *, #92, .F. ) ;
#9040 = CARTESIAN_POINT ( 'NONE',  ( 12.03622769171381890, 23.50914752389244811, 10.29782888180676359 ) ) ;
#9041 = AXIS2_PLACEMENT_3D ( 'NONE', #8918, #8240, #3460 ) ;
#9042 = ORIENTED_EDGE ( 'NONE', *, *, #3810, .T. ) ;
#9043 = ORIENTED_EDGE ( 'NONE', *, *, #2609, .F. ) ;
#9044 = DIRECTION ( 'NONE',  ( -0.6416822328233690031, -0.7669706070501109973, 0.000000000000000000 ) ) ;
#9045 = EDGE_LOOP ( 'NONE', ( #9830, #5667, #8319, #1406 ) ) ;
#9046 = VECTOR ( 'NONE', #5576, 1000.000000000000000 ) ;
#9047 = EDGE_CURVE ( 'NONE', #2174, #7745, #3381, .T. ) ;
#9048 = VECTOR ( 'NONE', #1793, 1000.000000000000114 ) ;
#9049 = VERTEX_POINT ( 'NONE', #8723 ) ;
#9050 = VERTEX_POINT ( 'NONE', #2551 ) ;
#9051 = DIRECTION ( 'NONE',  ( 0.7669706070501112194, 0.6416822328233686701, 0.000000000000000000 ) ) ;
#9052 = CARTESIAN_POINT ( 'NONE',  ( 11.63977152975793317, 4.424607557639257394, 9.589161864316308126 ) ) ;
#9053 = EDGE_LOOP ( 'NONE', ( #4889, #3365, #2095, #1869 ) ) ;
#9054 = CARTESIAN_POINT ( 'NONE',  ( -6.201686504076940665, 36.90147935403329882, 14.12500000000000000 ) ) ;
#9055 = CARTESIAN_POINT ( 'NONE',  ( 10.00000000000000000, -2.600000000000000089, 10.00000000000000000 ) ) ;
#9056 = CARTESIAN_POINT ( 'NONE',  ( -2.807510383967139589, 35.30817515512509885, 10.00000000000000000 ) ) ;
#9057 = VECTOR ( 'NONE', #6298, 1000.000000000000000 ) ;
#9058 = ADVANCED_FACE ( 'NONE', ( #4777 ), #8063, .F. ) ;
#9059 = DIRECTION ( 'NONE',  ( -0.7071067811865500152, 7.636414420838560095E-16, -0.7071067811865450192 ) ) ;
#9060 = CARTESIAN_POINT ( 'NONE',  ( 13.23190208582489902, 12.50000000000000000, 22.76933576121399838 ) ) ;
#9061 = ORIENTED_EDGE ( 'NONE', *, *, #2155, .T. ) ;
#9062 = DIRECTION ( 'NONE',  ( 9.392680989640208954E-17, 7.858340924968655049E-17, -1.000000000000000000 ) ) ;
#9063 = CARTESIAN_POINT ( 'NONE',  ( 8.825158607463672311, 5.419947421555061595, 9.999994863098823572 ) ) ;
#9064 = CARTESIAN_POINT ( 'NONE',  ( 17.70599999999999952, -2.700000000000000178, 7.213248654051860775 ) ) ;
#9065 = EDGE_CURVE ( 'NONE', #4581, #8410, #6402, .T. ) ;
#9066 = PLANE ( 'NONE',  #6810 ) ;
#9067 = ORIENTED_EDGE ( 'NONE', *, *, #6802, .F. ) ;
#9068 = VERTEX_POINT ( 'NONE', #1037 ) ;
#9069 = CARTESIAN_POINT ( 'NONE',  ( 39.35854111252491094, 29.25100135070063345, 0.5000000000000004441 ) ) ;
#9070 = EDGE_CURVE ( 'NONE', #5333, #6317, #9671, .T. ) ;
#9071 = DIRECTION ( 'NONE',  ( 0.9238795325112870716, 0.000000000000000000, 0.3826834323650890601 ) ) ;
#9072 = ORIENTED_EDGE ( 'NONE', *, *, #2598, .F. ) ;
#9073 = DIRECTION ( 'NONE',  ( -0.2394571141604759368, 0.9709069422338768574, 2.640006514806144695E-18 ) ) ;
#9074 = ADVANCED_FACE ( 'NONE', ( #8945, #2605 ), #1824, .T. ) ;
#9075 = CARTESIAN_POINT ( 'NONE',  ( 13.43190208582490008, 3.700000000000000178, 22.76933576121399838 ) ) ;
#9076 = DIRECTION ( 'NONE',  ( -1.000000000000000000, -0.000000000000000000, -0.000000000000000000 ) ) ;
#9077 = DIRECTION ( 'NONE',  ( -0.7071067811865475727, -0.000000000000000000, -0.7071067811865475727 ) ) ;
#9078 = CARTESIAN_POINT ( 'NONE',  ( 12.97322872874040200, 20.66205238419150092, 24.31553207127630145 ) ) ;
#9079 = CARTESIAN_POINT ( 'NONE',  ( 20.00000000000000000, 0.000000000000000000, 0.5000000000000004441 ) ) ;
#9080 = ADVANCED_FACE ( 'NONE', ( #1768 ), #79, .T. ) ;
#9081 = CARTESIAN_POINT ( 'NONE',  ( 24.81826215863719653, 40.14504410091739572, 14.37500000000000000 ) ) ;
#9082 = ORIENTED_EDGE ( 'NONE', *, *, #10201, .F. ) ;
#9083 = LINE ( 'NONE', #971, #4310 ) ;
#9084 = EDGE_CURVE ( 'NONE', #5006, #6333, #6978, .T. ) ;
#9085 = B_SPLINE_CURVE_WITH_KNOTS ( 'NONE', 3,
 ( #2176, #10108, #9381, #8592, #682, #2255, #3974, #5427, #6378, #8498, #3194, #6270, #7766, #6994, #1469, #4599, #9327 ),
 .UNSPECIFIED., .F., .F.,
 ( 4, 2, 2, 2, 2, 2, 1, 2, 4 ),
 ( 0.000000000000000000, 0.08386980995590669063, 0.1677396199118133813, 0.2516094298677200580, 0.3354792398236267625, 0.4193490497795334671, 0.5032188597354401161, 0.5870886696913468761, 0.6709584796472535251 ),
 .UNSPECIFIED. ) ;
#9086 = ORIENTED_EDGE ( 'NONE', *, *, #8951, .T. ) ;
#9087 = LINE ( 'NONE', #10293, #9932 ) ;
#9088 = EDGE_LOOP ( 'NONE', ( #2268, #4468, #7044, #1434 ) ) ;
#9089 = ORIENTED_EDGE ( 'NONE', *, *, #6002, .F. ) ;
#9090 = CYLINDRICAL_SURFACE ( 'NONE', #4821, 4.375000000000000000 ) ;
#9091 = ORIENTED_EDGE ( 'NONE', *, *, #2465, .F. ) ;
#9092 = ORIENTED_EDGE ( 'NONE', *, *, #6854, .F. ) ;
#9093 = VECTOR ( 'NONE', #9309, 1000.000000000000000 ) ;
#9094 = ORIENTED_EDGE ( 'NONE', *, *, #8664, .T. ) ;
#9095 = ORIENTED_EDGE ( 'NONE', *, *, #9967, .F. ) ;
#9096 = DIRECTION ( 'NONE',  ( -1.000000000000000000, 0.000000000000000000, 0.000000000000000000 ) ) ;
#9097 = CARTESIAN_POINT ( 'NONE',  ( 11.31412845660770650, 4.515421019062812569, 9.263518791166088562 ) ) ;
#9098 = ORIENTED_EDGE ( 'NONE', *, *, #10191, .T. ) ;
#9099 = CARTESIAN_POINT ( 'NONE',  ( -10.10549045572330051, 34.02653001969330404, 2.500000000000040412 ) ) ;
#9100 = VECTOR ( 'NONE', #10063, 1000.000000000000114 ) ;
#9101 = LINE ( 'NONE', #1928, #7214 ) ;
#9102 = DIRECTION ( 'NONE',  ( -0.6416822328233690031, 0.7669706070501109973, 1.043956269252671944E-16 ) ) ;
#9103 = AXIS2_PLACEMENT_3D ( 'NONE', #2281, #3012, #3065 ) ;
#9104 = CARTESIAN_POINT ( 'NONE',  ( 15.81306367240909871, 43.56974815710489679, 10.00000000000000000 ) ) ;
#9105 = AXIS2_PLACEMENT_3D ( 'NONE', #1171, #5141, #6939 ) ;
#9106 = ORIENTED_EDGE ( 'NONE', *, *, #8660, .F. ) ;
#9107 = LINE ( 'NONE', #1205, #6811 ) ;
#9108 = CARTESIAN_POINT ( 'NONE',  ( 22.23336140764999769, 39.17849452565919677, 13.25447475379079876 ) ) ;
#9109 = ADVANCED_FACE ( 'NONE', ( #4109 ), #137, .T. ) ;
#9110 = CARTESIAN_POINT ( 'NONE',  ( 25.88758510151929926, 38.98963406896560002, 10.00000000000000000 ) ) ;
#9111 = ORIENTED_EDGE ( 'NONE', *, *, #1175, .T. ) ;
#9112 = ORIENTED_EDGE ( 'NONE', *, *, #1125, .T. ) ;
#9113 = DIRECTION ( 'NONE',  ( 1.000000000000000000, 0.000000000000000000, 0.000000000000000000 ) ) ;
#9114 = VECTOR ( 'NONE', #8119, 999.9999999999998863 ) ;
#9115 = CARTESIAN_POINT ( 'NONE',  ( 12.69038601626580132, 20.66205238419150092, 24.59837478375089859 ) ) ;
#9116 = CARTESIAN_POINT ( 'NONE',  ( 22.96984943465849582, 8.705311857226039507, 20.91923976921680151 ) ) ;
#9117 = EDGE_CURVE ( 'NONE', #5081, #8389, #7332, .T. ) ;
#9118 = CARTESIAN_POINT ( 'NONE',  ( 22.80751038396710229, 35.30817515512509885, 10.00000000000000000 ) ) ;
#9119 = CARTESIAN_POINT ( 'NONE',  ( 10.35039147541560034, 17.08409838298220151, 8.878460516095799449 ) ) ;
#9120 = AXIS2_PLACEMENT_3D ( 'NONE', #9361, #7800, #4585 ) ;
#9121 = AXIS2_PLACEMENT_3D ( 'NONE', #8625, #4735, #7748 ) ;
#9122 = DIRECTION ( 'NONE',  ( -1.000000000000000000, 0.000000000000000000, 0.000000000000000000 ) ) ;
#9123 = EDGE_CURVE ( 'NONE', #9586, #7382, #8898, .T. ) ;
#9124 = EDGE_CURVE ( 'NONE', #8871, #966, #5781, .T. ) ;
#9125 = LINE ( 'NONE', #7720, #5140 ) ;
#9126 = DIRECTION ( 'NONE',  ( -0.5705340520101069846, -0.4773345432410950329, -0.6683132718461780586 ) ) ;
#9127 = EDGE_CURVE ( 'NONE', #9337, #7503, #9923, .T. ) ;
#9128 = CIRCLE ( 'NONE', #2164, 4.125000000000000888 ) ;
#9129 = ORIENTED_EDGE ( 'NONE', *, *, #10133, .T. ) ;
#9130 = DIRECTION ( 'NONE',  ( -0.2394571141604764086, 0.9709069422338767463, 0.000000000000000000 ) ) ;
#9131 = B_SPLINE_CURVE_WITH_KNOTS ( 'NONE', 3,
 ( #9063, #1936, #7650, #3699, #4290, #7458 ),
 .UNSPECIFIED., .F., .F.,
 ( 4, 2, 4 ),
 ( 0.6709584796472535251, 0.8354792398236268181, 1.000000000000000000 ),
 .UNSPECIFIED. ) ;
#9132 = ORIENTED_EDGE ( 'NONE', *, *, #487, .T. ) ;
#9133 = ADVANCED_FACE ( 'NONE', ( #5052 ), #3440, .T. ) ;
#9134 = AXIS2_PLACEMENT_3D ( 'NONE', #6452, #9612, #2497 ) ;
#9135 = CYLINDRICAL_SURFACE ( 'NONE', #9597, 2.999999932944768855 ) ;
#9136 = ORIENTED_EDGE ( 'NONE', *, *, #4324, .F. ) ;
#9137 = ORIENTED_EDGE ( 'NONE', *, *, #8879, .F. ) ;
#9138 = CARTESIAN_POINT ( 'NONE',  ( 8.825000000000001066, 11.63127874928193961, 9.312344668547927640 ) ) ;
#9139 = EDGE_CURVE ( 'NONE', #1064, #5352, #4463, .T. ) ;
#9140 = EDGE_LOOP ( 'NONE', ( #712, #8724, #1933, #8564 ) ) ;
#9141 = ORIENTED_EDGE ( 'NONE', *, *, #4576, .F. ) ;
#9142 = VECTOR ( 'NONE', #8087, 1000.000000000000000 ) ;
#9143 = EDGE_LOOP ( 'NONE', ( #6453, #4331, #4521, #8311, #6924, #1659, #866, #3326 ) ) ;
#9144 = CARTESIAN_POINT ( 'NONE',  ( 18.72149171712180049, 4.028925964325379638, 25.16759748675339736 ) ) ;
#9145 = LINE ( 'NONE', #6676, #7295 ) ;
#9146 = ORIENTED_EDGE ( 'NONE', *, *, #3927, .F. ) ;
#9147 = VECTOR ( 'NONE', #4962, 1000.000000000000000 ) ;
#9148 = CARTESIAN_POINT ( 'NONE',  ( 8.323353293413170206, -2.600000000000000089, 14.37500000000000000 ) ) ;
#9149 = LINE ( 'NONE', #2028, #904 ) ;
#9150 = DIRECTION ( 'NONE',  ( 0.000000000000000000, 0.000000000000000000, -1.000000000000000000 ) ) ;
#9151 = CIRCLE ( 'NONE', #5205, 1.000000000000000888 ) ;
#9152 = LINE ( 'NONE', #8235, #4042 ) ;
#9153 = CARTESIAN_POINT ( 'NONE',  ( 1.657192018177209958, 42.94583123412729719, 14.17500000000000071 ) ) ;
#9154 = ORIENTED_EDGE ( 'NONE', *, *, #4745, .T. ) ;
#9155 = DIRECTION ( 'NONE',  ( -0.7071067811865461294, 0.000000000000000000, -0.7071067811865490160 ) ) ;
#9156 = CARTESIAN_POINT ( 'NONE',  ( 20.00000000000000000, 0.000000000000000000, 0.5000000128217441109 ) ) ;
#9157 = CARTESIAN_POINT ( 'NONE',  ( 9.698964720770472780, 4.427556240600728721, 11.74957438621084727 ) ) ;
#9158 = DIRECTION ( 'NONE',  ( 0.000000000000000000, 6.651958409392690315E-15, -1.000000000000000000 ) ) ;
#9159 = ORIENTED_EDGE ( 'NONE', *, *, #9372, .F. ) ;
#9160 = ORIENTED_EDGE ( 'NONE', *, *, #3867, .F. ) ;
#9161 = CARTESIAN_POINT ( 'NONE',  ( 8.012919205853998861, 39.56952835003689728, 13.06850476785990089 ) ) ;
#9162 = CARTESIAN_POINT ( 'NONE',  ( 11.99716178234949382, 23.40955146290875533, 9.652832062363996712 ) ) ;
#9163 = DIRECTION ( 'NONE',  ( -0.2615536815956049921, 0.6824916379135290700, -0.6824916379135301803 ) ) ;
#9164 = ORIENTED_EDGE ( 'NONE', *, *, #7522, .T. ) ;
#9165 = CARTESIAN_POINT ( 'NONE',  ( 9.631687200672105931, 8.554544282444638270, 8.884216161766744335 ) ) ;
#9166 = EDGE_CURVE ( 'NONE', #9035, #3814, #3506, .T. ) ;
#9167 = LINE ( 'NONE', #5921, #8972 ) ;
#9168 = PLANE ( 'NONE',  #8838 ) ;
#9169 = ORIENTED_EDGE ( 'NONE', *, *, #8247, .T. ) ;
#9170 = CARTESIAN_POINT ( 'NONE',  ( 38.47569835886017131, 29.25100135070063345, 14.79999999999932569 ) ) ;
#9171 = DIRECTION ( 'NONE',  ( 0.2394571141604759923, -0.9709069422338770794, 1.019101058854889895E-16 ) ) ;
#9172 = AXIS2_PLACEMENT_3D ( 'NONE', #687, #5766, #2693 ) ;
#9173 = CARTESIAN_POINT ( 'NONE',  ( 18.02334873381060021, 26.91535200682060136, 24.18079006242030360 ) ) ;
#9174 = VECTOR ( 'NONE', #4284, 1000.000000000000114 ) ;
#9175 = ORIENTED_EDGE ( 'NONE', *, *, #9816, .F. ) ;
#9176 = DIRECTION ( 'NONE',  ( 0.9999999999999995559, 2.900003869181453072E-08, 0.000000000000000000 ) ) ;
#9177 = ADVANCED_FACE ( 'NONE', ( #6619 ), #8220, .F. ) ;
#9178 = VECTOR ( 'NONE', #4308, 1000.000000000000114 ) ;
#9179 = ORIENTED_EDGE ( 'NONE', *, *, #7162, .F. ) ;
#9180 = VECTOR ( 'NONE', #3203, 1000.000000000000114 ) ;
#9181 = ORIENTED_EDGE ( 'NONE', *, *, #4485, .F. ) ;
#9182 = CARTESIAN_POINT ( 'NONE',  ( 11.92280733677499782, 23.21822544226305496, 10.42321843350899968 ) ) ;
#9183 = FACE_OUTER_BOUND ( 'NONE', #9650, .T. ) ;
#9184 = ORIENTED_EDGE ( 'NONE', *, *, #7349, .T. ) ;
#9185 = ORIENTED_EDGE ( 'NONE', *, *, #4507, .T. ) ;
#9186 = DIRECTION ( 'NONE',  ( -0.7071067811865330288, 0.000000000000000000, 0.7071067811865621167 ) ) ;
#9187 = DIRECTION ( 'NONE',  ( 0.000000000000000000, -1.000000000000000000, 0.000000000000000000 ) ) ;
#9188 = AXIS2_PLACEMENT_3D ( 'NONE', #9476, #2358, #4920 ) ;
#9189 = ORIENTED_EDGE ( 'NONE', *, *, #2919, .F. ) ;
#9190 = AXIS2_PLACEMENT_3D ( 'NONE', #6604, #1858, #9759 ) ;
#9191 = VERTEX_POINT ( 'NONE', #9970 ) ;
#9192 = EDGE_CURVE ( 'NONE', #8768, #1706, #9128, .T. ) ;
#9193 = ORIENTED_EDGE ( 'NONE', *, *, #592, .F. ) ;
#9194 = EDGE_CURVE ( 'NONE', #9773, #5081, #8357, .T. ) ;
#9195 = VECTOR ( 'NONE', #7618, 1000.000000000000000 ) ;
#9196 = CARTESIAN_POINT ( 'NONE',  ( 11.92705054263371878, 4.410803266151464896, 11.00666507554283946 ) ) ;
#9197 = CARTESIAN_POINT ( 'NONE',  ( 10.49490865439443610, 6.053964249450197954, 8.444298988952841256 ) ) ;
#9198 = ORIENTED_EDGE ( 'NONE', *, *, #9556, .F. ) ;
#9199 = DIRECTION ( 'NONE',  ( -0.7222382015498088892, 0.1781273446059149501, -0.6683132718461779476 ) ) ;
#9200 = DIRECTION ( 'NONE',  ( 1.189524669241239066E-15, 0.000000000000000000, -1.000000000000000000 ) ) ;
#9201 = DIRECTION ( 'NONE',  ( -0.8234424308471790521, 0.000000000000000000, 0.5673998264720291340 ) ) ;
#9202 = AXIS2_PLACEMENT_3D ( 'NONE', #5638, #8029, #10014 ) ;
#9203 = ADVANCED_FACE ( 'NONE', ( #7532 ), #9090, .F. ) ;
#9204 = AXIS2_PLACEMENT_3D ( 'NONE', #669, #10195, #3756 ) ;
#9205 = FACE_OUTER_BOUND ( 'NONE', #2592, .T. ) ;
#9206 = EDGE_CURVE ( 'NONE', #3332, #7318, #8620, .T. ) ;
#9207 = CARTESIAN_POINT ( 'NONE',  ( -5.761822931667360592, 36.22642433111679594, 14.37500000000000000 ) ) ;
#9208 = ORIENTED_EDGE ( 'NONE', *, *, #4673, .F. ) ;
#9209 = DIRECTION ( 'NONE',  ( 1.189524669241239066E-15, 0.000000000000000000, -1.000000000000000000 ) ) ;
#9210 = VECTOR ( 'NONE', #7345, 1000.000000000000227 ) ;
#9211 = DIRECTION ( 'NONE',  ( -0.7071067811865490160, -3.976541677442609697E-16, 0.7071067811865460184 ) ) ;
#9212 = CARTESIAN_POINT ( 'NONE',  ( 10.08044000299129550, 4.441746314167542842, 12.13104966843166999 ) ) ;
#9213 = PLANE ( 'NONE',  #1157 ) ;
#9214 = ORIENTED_EDGE ( 'NONE', *, *, #9834, .F. ) ;
#9215 = CIRCLE ( 'NONE', #6588, 4.375000000000000888 ) ;
#9216 = VERTEX_POINT ( 'NONE', #5154 ) ;
#9217 = CYLINDRICAL_SURFACE ( 'NONE', #1899, 1.174999999999999822 ) ;
#9218 = LINE ( 'NONE', #6009, #7806 ) ;
#9219 = ORIENTED_EDGE ( 'NONE', *, *, #3002, .T. ) ;
#9220 = CARTESIAN_POINT ( 'NONE',  ( 10.45067421802743546, 9.709475426550591592, 8.908741022652430175 ) ) ;
#9221 = FACE_OUTER_BOUND ( 'NONE', #3434, .T. ) ;
#9222 = CARTESIAN_POINT ( 'NONE',  ( 3.506104105918760094, 25.93070383024182490, 10.00000000000000000 ) ) ;
#9223 = VERTEX_POINT ( 'NONE', #2654 ) ;
#9224 = CARTESIAN_POINT ( 'NONE',  ( 30.10549045572330229, 34.02653001969330404, 19.00000000000000000 ) ) ;
#9225 = DIRECTION ( 'NONE',  ( 5.708179048967808257E-07, 0.5000000000000409672, 0.8660254037842269881 ) ) ;
#9226 = ORIENTED_EDGE ( 'NONE', *, *, #1951, .T. ) ;
#9227 = DIRECTION ( 'NONE',  ( -0.7071067811865450192, 0.000000000000000000, 0.7071067811865500152 ) ) ;
#9228 = ORIENTED_EDGE ( 'NONE', *, *, #5148, .F. ) ;
#9229 = CYLINDRICAL_SURFACE ( 'NONE', #6236, 1.175000000000000488 ) ;
#9230 = ORIENTED_EDGE ( 'NONE', *, *, #393, .T. ) ;
#9231 = DIRECTION ( 'NONE',  ( -0.6416822328233690031, 0.7669706070501109973, 1.443385965324835722E-16 ) ) ;
#9232 = DIRECTION ( 'NONE',  ( 4.163336342344339985E-16, -1.000000000000000000, 0.000000000000000000 ) ) ;
#9233 = ORIENTED_EDGE ( 'NONE', *, *, #5155, .T. ) ;
#9234 = DIRECTION ( 'NONE',  ( 0.7222382015498088892, -0.1781273446059149501, 0.6683132718461779476 ) ) ;
#9235 = EDGE_CURVE ( 'NONE', #8153, #3034, #1657, .T. ) ;
#9236 = LINE ( 'NONE', #4564, #5664 ) ;
#9237 = ORIENTED_EDGE ( 'NONE', *, *, #6983, .T. ) ;
#9238 = ORIENTED_EDGE ( 'NONE', *, *, #8483, .T. ) ;
#9239 = EDGE_CURVE ( 'NONE', #9191, #4060, #9614, .T. ) ;
#9240 = DIRECTION ( 'NONE',  ( 0.000000000000000000, -1.000000000000000000, 0.000000000000000000 ) ) ;
#9241 = CARTESIAN_POINT ( 'NONE',  ( 39.35854111252491094, 29.25100135070063345, 13.91715724633458962 ) ) ;
#9242 = CARTESIAN_POINT ( 'NONE',  ( -9.358541061516554294, 0.000000000000000000, 26.22427590696688426 ) ) ;
#9243 = EDGE_LOOP ( 'NONE', ( #6109, #4512, #7321, #8165, #1958, #130, #8840 ) ) ;
#9244 = EDGE_CURVE ( 'NONE', #4866, #254, #5836, .T. ) ;
#9245 = EDGE_CURVE ( 'NONE', #7893, #356, #445, .T. ) ;
#9246 = DIRECTION ( 'NONE',  ( -0.6683132718461770594, 0.000000000000000000, 0.7438799437236210954 ) ) ;
#9247 = CARTESIAN_POINT ( 'NONE',  ( 24.92188900667309781, 33.53919055104709912, 13.06850476785990089 ) ) ;
#9248 = EDGE_CURVE ( 'NONE', #2116, #37, #2069, .T. ) ;
#9249 = AXIS2_PLACEMENT_3D ( 'NONE', #10103, #2983, #10154 ) ;
#9250 = LINE ( 'NONE', #3009, #698 ) ;
#9251 = FACE_OUTER_BOUND ( 'NONE', #7938, .T. ) ;
#9252 = VERTEX_POINT ( 'NONE', #1871 ) ;
#9253 = CARTESIAN_POINT ( 'NONE',  ( 24.47588418930790155, 37.30229873345540170, 10.00000000000000000 ) ) ;
#9254 = AXIS2_PLACEMENT_3D ( 'NONE', #4560, #9232, #395 ) ;
#9255 = EDGE_CURVE ( 'NONE', #2525, #9991, #7437, .T. ) ;
#9256 = CARTESIAN_POINT ( 'NONE',  ( 10.00000000000000000, -2.600000000000000089, 10.00000000000000000 ) ) ;
#9257 = CARTESIAN_POINT ( 'NONE',  ( 7.390330709036760481, 42.09388639984500458, 13.06850476785990089 ) ) ;
#9258 = DIRECTION ( 'NONE',  ( -0.7669706070501109973, 0.6416822328233690031, 0.000000000000000000 ) ) ;
#9259 = CARTESIAN_POINT ( 'NONE',  ( 12.55795170794589843, 39.42873308364180218, 13.59675238393000107 ) ) ;
#9260 = ORIENTED_EDGE ( 'NONE', *, *, #2702, .T. ) ;
#9261 = VERTEX_POINT ( 'NONE', #3493 ) ;
#9262 = CARTESIAN_POINT ( 'NONE',  ( 16.05368147260259803, 41.24448139275809666, 14.12500000000000000 ) ) ;
#9263 = CARTESIAN_POINT ( 'NONE',  ( 15.20061508947804185, 21.10854126897031335, 27.00276465776693868 ) ) ;
#9264 = ADVANCED_FACE ( 'NONE', ( #6667 ), #9829, .F. ) ;
#9265 = CARTESIAN_POINT ( 'NONE',  ( 11.98124663055204131, 23.36882502669045181, 9.634758667860552350 ) ) ;
#9266 = AXIS2_PLACEMENT_3D ( 'NONE', #1842, #6477, #8025 ) ;
#9267 = AXIS2_PLACEMENT_3D ( 'NONE', #9078, #3715, #432 ) ;
#9268 = CARTESIAN_POINT ( 'NONE',  ( 10.65217868306121751, 9.951715065951340478, 9.020943301702734729 ) ) ;
#9269 = CARTESIAN_POINT ( 'NONE',  ( 8.400000000000000355, -4.700000000000000178, 14.17500000000000071 ) ) ;
#9270 = DIRECTION ( 'NONE',  ( 0.000000000000000000, -1.000000000000000000, 0.000000000000000000 ) ) ;
#9271 = ORIENTED_EDGE ( 'NONE', *, *, #2843, .F. ) ;
#9272 = CARTESIAN_POINT ( 'NONE',  ( 20.00000000000000000, 0.000000000000000000, 0.5000000000000004441 ) ) ;
#9273 = CARTESIAN_POINT ( 'NONE',  ( -0.3691178992383259971, 32.39368684833460321, 10.00000000000000000 ) ) ;
#9274 = EDGE_LOOP ( 'NONE', ( #9703, #20, #2117, #680 ) ) ;
#9275 = DIRECTION ( 'NONE',  ( -0.000000000000000000, -0.000000000000000000, 1.000000000000000000 ) ) ;
#9276 = EDGE_LOOP ( 'NONE', ( #544, #1549, #1590, #8938 ) ) ;
#9277 = DIRECTION ( 'NONE',  ( 0.000000000000000000, -1.000000000000000000, 0.000000000000000000 ) ) ;
#9278 = CIRCLE ( 'NONE', #2820, 4.125000000000000888 ) ;
#9279 = VERTEX_POINT ( 'NONE', #2997 ) ;
#9280 = CARTESIAN_POINT ( 'NONE',  ( 10.00000000000000000, -2.600000000000000089, 10.00000000000000000 ) ) ;
#9281 = ORIENTED_EDGE ( 'NONE', *, *, #4002, .T. ) ;
#9282 = ORIENTED_EDGE ( 'NONE', *, *, #8549, .F. ) ;
#9283 = VECTOR ( 'NONE', #1411, 1000.000000000000227 ) ;
#9284 = LINE ( 'NONE', #1336, #7873 ) ;
#9285 = DIRECTION ( 'NONE',  ( 0.7071067811865474617, 1.056127029282249510E-14, -0.7071067811865474617 ) ) ;
#9286 = ORIENTED_EDGE ( 'NONE', *, *, #5266, .F. ) ;
#9287 = ORIENTED_EDGE ( 'NONE', *, *, #1385, .T. ) ;
#9288 = DIRECTION ( 'NONE',  ( 2.312964686334536862E-15, 1.000000000000000000, 1.503427046117448881E-14 ) ) ;
#9289 = VECTOR ( 'NONE', #4001, 1000.000000000000114 ) ;
#9290 = ORIENTED_EDGE ( 'NONE', *, *, #2881, .F. ) ;
#9291 = EDGE_CURVE ( 'NONE', #9986, #4850, #9339, .T. ) ;
#9292 = LINE ( 'NONE', #8612, #2877 ) ;
#9293 = CARTESIAN_POINT ( 'NONE',  ( 9.169894957652370948, 7.657895959019429988, 9.168404106559709277 ) ) ;
#9294 = ORIENTED_EDGE ( 'NONE', *, *, #7172, .T. ) ;
#9295 = CARTESIAN_POINT ( 'NONE',  ( 8.978125129305032814, 20.52413931352766951, 9.108867283854953811 ) ) ;
#9296 = CARTESIAN_POINT ( 'NONE',  ( 16.69983675174569981, 6.060623714451959465, 20.58892404827109956 ) ) ;
#9297 = AXIS2_PLACEMENT_3D ( 'NONE', #2526, #7416, #279 ) ;
#9298 = CARTESIAN_POINT ( 'NONE',  ( -2.807510383967139589, 35.30817515512509885, 10.00000000000000000 ) ) ;
#9299 = EDGE_CURVE ( 'NONE', #8992, #8470, #3654, .T. ) ;
#9300 = LINE ( 'NONE', #6246, #5711 ) ;
#9301 = EDGE_CURVE ( 'NONE', #3535, #4110, #3779, .T. ) ;
#9302 = ORIENTED_EDGE ( 'NONE', *, *, #6343, .F. ) ;
#9303 = CARTESIAN_POINT ( 'NONE',  ( 19.24864021494310151, 9.936545007919779238, 20.00000000000000000 ) ) ;
#9304 = TOROIDAL_SURFACE ( 'NONE', #2688, 24.00000000000000000, 1.175000000000000044 ) ;
#9305 = ORIENTED_EDGE ( 'NONE', *, *, #4261, .T. ) ;
#9306 = DIRECTION ( 'NONE',  ( -0.6420199822533110279, 0.000000000000000000, 0.7666879041614379497 ) ) ;
#9307 = EDGE_CURVE ( 'NONE', #3162, #596, #5293, .T. ) ;
#9308 = CARTESIAN_POINT ( 'NONE',  ( 15.81306367240909871, 43.56974815710489679, 10.00000000000000000 ) ) ;
#9309 = DIRECTION ( 'NONE',  ( 0.7222382015498078900, 0.1781273446059149501, -0.6683132718461789468 ) ) ;
#9310 = CARTESIAN_POINT ( 'NONE',  ( 7.859458730858206899, 23.77208845826582362, 9.999998502702666769 ) ) ;
#9311 = EDGE_LOOP ( 'NONE', ( #6465, #8676, #3657, #4169, #6095 ) ) ;
#9312 = CARTESIAN_POINT ( 'NONE',  ( -4.944645951767039804, 39.77853952827230444, 14.50792293124309928 ) ) ;
#9313 = PLANE ( 'NONE',  #8986 ) ;
#9314 = B_SPLINE_CURVE_WITH_KNOTS ( 'NONE', 3,
 ( #1180, #6759, #2703, #4316, #5195, #9182, #6664, #440, #9965, #2064, #4458, #9825, #5244, #9040, #347, #3532, #8403, #902, #8640, #8695, #7190, #5475 ),
 .UNSPECIFIED., .F., .F.,
 ( 4, 2, 1, 1, 1, 2, 2, 2, 2, 2, 1, 2, 4 ),
 ( 0.000000000000000000, 0.2500000000000017208, 0.3750000000000036082, 0.4375000000000045519, 0.4687500000000090483, 0.4843750000000106581, 0.5000000000000123235, 0.6250000000000240918, 0.6875000000000298650, 0.7031250000000294209, 0.7187500000000289768, 0.7500000000000279776, 1.000000000000000000 ),
 .UNSPECIFIED. ) ;
#9315 = EDGE_CURVE ( 'NONE', #4569, #6571, #10067, .T. ) ;
#9316 = ADVANCED_FACE ( 'NONE', ( #5396 ), #10119, .T. ) ;
#9317 = DIRECTION ( 'NONE',  ( -0.7071067811865472397, -2.050431504776089968E-08, -0.7071067811865475727 ) ) ;
#9318 = DIRECTION ( 'NONE',  ( 0.5705340520101069846, 0.4773345432410950329, -0.6683132718461780586 ) ) ;
#9319 = CARTESIAN_POINT ( 'NONE',  ( 20.36911789923830085, 32.39368684833460321, 10.00000000000000000 ) ) ;
#9320 = ORIENTED_EDGE ( 'NONE', *, *, #6089, .F. ) ;
#9321 = FACE_OUTER_BOUND ( 'NONE', #6649, .T. ) ;
#9322 = EDGE_CURVE ( 'NONE', #2091, #4461, #55, .T. ) ;
#9323 = CARTESIAN_POINT ( 'NONE',  ( 12.83180737250309988, 20.66205238419150092, 24.45695342751359647 ) ) ;
#9324 = CARTESIAN_POINT ( 'NONE',  ( 9.169149531783121532, 7.660623713964000103, 9.169149532428960470 ) ) ;
#9325 = ORIENTED_EDGE ( 'NONE', *, *, #5022, .T. ) ;
#9326 = DIRECTION ( 'NONE',  ( 5.551115123125779621E-17, 0.000000000000000000, -1.000000000000000000 ) ) ;
#9327 = CARTESIAN_POINT ( 'NONE',  ( 8.825158607463672311, 5.419947421555061595, 9.999994863098823572 ) ) ;
#9328 = EDGE_CURVE ( 'NONE', #2549, #3428, #9236, .T. ) ;
#9329 = ORIENTED_EDGE ( 'NONE', *, *, #7726, .T. ) ;
#9330 = LINE ( 'NONE', #2940, #9727 ) ;
#9331 = ORIENTED_EDGE ( 'NONE', *, *, #8374, .T. ) ;
#9332 = EDGE_CURVE ( 'NONE', #2594, #2382, #7680, .T. ) ;
#9333 = CIRCLE ( 'NONE', #367, 1.675000000000000488 ) ;
#9334 = VECTOR ( 'NONE', #3861, 999.9999999999998863 ) ;
#9335 = DIRECTION ( 'NONE',  ( -0.6683132718461772814, 0.000000000000000000, 0.7438799437236210954 ) ) ;
#9336 = ORIENTED_EDGE ( 'NONE', *, *, #3559, .T. ) ;
#9337 = VERTEX_POINT ( 'NONE', #6184 ) ;
#9338 = LINE ( 'NONE', #4607, #4716 ) ;
#9339 = LINE ( 'NONE', #6134, #8148 ) ;
#9340 = ORIENTED_EDGE ( 'NONE', *, *, #1053, .T. ) ;
#9341 = VECTOR ( 'NONE', #3481, 1000.000000000000000 ) ;
#9342 = AXIS2_PLACEMENT_3D ( 'NONE', #6824, #511, #6052 ) ;
#9343 = EDGE_LOOP ( 'NONE', ( #9169, #426, #3242, #9670 ) ) ;
#9344 = LINE ( 'NONE', #2180, #33 ) ;
#9345 = ORIENTED_EDGE ( 'NONE', *, *, #3094, .F. ) ;
#9346 = AXIS2_PLACEMENT_3D ( 'NONE', #7257, #912, #3361 ) ;
#9347 = ORIENTED_EDGE ( 'NONE', *, *, #4811, .F. ) ;
#9348 = CARTESIAN_POINT ( 'NONE',  ( 10.00000000000000000, -3.000000000000000000, 10.00000000000000000 ) ) ;
#9349 = VECTOR ( 'NONE', #1548, 1000.000000000000114 ) ;
#9350 = CARTESIAN_POINT ( 'NONE',  ( 8.824999994014513405, 9.117569970295706483, 10.00102682100795271 ) ) ;
#9351 = LINE ( 'NONE', #3843, #1340 ) ;
#9352 = ADVANCED_FACE ( 'NONE', ( #4027 ), #10020, .F. ) ;
#9353 = VECTOR ( 'NONE', #6801, 1000.000000000000000 ) ;
#9354 = ORIENTED_EDGE ( 'NONE', *, *, #9770, .T. ) ;
#9355 = CIRCLE ( 'NONE', #5739, 2.099999999999999201 ) ;
#9356 = TOROIDAL_SURFACE ( 'NONE', #9204, 2.174999999999999822, 1.000000000000000000 ) ;
#9357 = CARTESIAN_POINT ( 'NONE',  ( 15.20061508947802942, 20.66205238419150447, 27.00276465776692802 ) ) ;
#9358 = LINE ( 'NONE', #3066, #481 ) ;
#9359 = CARTESIAN_POINT ( 'NONE',  ( 17.34025825473160154, 38.24926131872759782, 13.06850476785990089 ) ) ;
#9360 = CARTESIAN_POINT ( 'NONE',  ( 6.871177378254300194, 39.28793781724669287, 14.12500000000000000 ) ) ;
#9361 = CARTESIAN_POINT ( 'NONE',  ( -2.807510383967139589, 35.30817515512509885, 10.00000000000000000 ) ) ;
#9362 = VECTOR ( 'NONE', #1248, 1000.000000000000000 ) ;
#9363 = CARTESIAN_POINT ( 'NONE',  ( 26.50000000000000000, 29.30681572709979932, 0.000000000000000000 ) ) ;
#9364 = CARTESIAN_POINT ( 'NONE',  ( 19.29289417248839911, 6.060623714451939925, 24.59619503138690177 ) ) ;
#9365 = DIRECTION ( 'NONE',  ( -1.237397936385939201E-15, 0.7174664021346505161, 0.6965931106520936167 ) ) ;
#9366 = VECTOR ( 'NONE', #10146, 1000.000000000000000 ) ;
#9367 = LINE ( 'NONE', #7755, #9542 ) ;
#9368 = VECTOR ( 'NONE', #8735, 999.9999999999998863 ) ;
#9369 = CARTESIAN_POINT ( 'NONE',  ( -7.358541220828723972, 29.25100135070063345, 18.91715729557478909 ) ) ;
#9370 = DIRECTION ( 'NONE',  ( 0.6416822328233690031, -0.7669706070501109973, -1.019101058854889895E-16 ) ) ;
#9371 = VERTEX_POINT ( 'NONE', #7776 ) ;
#9372 = EDGE_CURVE ( 'NONE', #8480, #7264, #8560, .T. ) ;
#9373 = CARTESIAN_POINT ( 'NONE',  ( 0.1940000000000099978, -4.930084118726089707E-15, 15.97350269189619709 ) ) ;
#9374 = AXIS2_PLACEMENT_3D ( 'NONE', #6025, #7672, #9176 ) ;
#9375 = FACE_OUTER_BOUND ( 'NONE', #5587, .T. ) ;
#9376 = CARTESIAN_POINT ( 'NONE',  ( 8.317641635031950642, 5.579836281206610238, 10.94841474028419981 ) ) ;
#9377 = EDGE_CURVE ( 'NONE', #5524, #4772, #1387, .T. ) ;
#9378 = ORIENTED_EDGE ( 'NONE', *, *, #8654, .T. ) ;
#9379 = DIRECTION ( 'NONE',  ( -0.2394571141604759923, 0.9709069422338770794, -1.043956269252671944E-16 ) ) ;
#9380 = EDGE_CURVE ( 'NONE', #8943, #1619, #2168, .T. ) ;
#9381 = CARTESIAN_POINT ( 'NONE',  ( 10.63191487504256472, 3.410939990182668247, 10.99816538556234491 ) ) ;
#9382 = VERTEX_POINT ( 'NONE', #2948 ) ;
#9383 = DIRECTION ( 'NONE',  ( 0.000000000000000000, -1.000000000000000000, 0.000000000000000000 ) ) ;
#9384 = CARTESIAN_POINT ( 'NONE',  ( -7.358542434722407322, 3.800000787762505716, 20.00000000000000355 ) ) ;
#9385 = ORIENTED_EDGE ( 'NONE', *, *, #2904, .T. ) ;
#9386 = DIRECTION ( 'NONE',  ( 0.000000000000000000, 0.000000000000000000, -1.000000000000000000 ) ) ;
#9387 = ORIENTED_EDGE ( 'NONE', *, *, #2399, .T. ) ;
#9388 = EDGE_CURVE ( 'NONE', #2782, #5658, #7733, .T. ) ;
#9389 = ORIENTED_EDGE ( 'NONE', *, *, #6592, .F. ) ;
#9390 = CARTESIAN_POINT ( 'NONE',  ( 27.11473807279949710, 37.96294249644819274, 14.17500000000000071 ) ) ;
#9391 = VERTEX_POINT ( 'NONE', #3832 ) ;
#9392 = VERTEX_POINT ( 'NONE', #6375 ) ;
#9393 = EDGE_CURVE ( 'NONE', #134, #146, #9534, .T. ) ;
#9394 = CARTESIAN_POINT ( 'NONE',  ( 11.22728286099750150, 3.670936063275469952, 9.861535385596088332 ) ) ;
#9395 = VERTEX_POINT ( 'NONE', #2900 ) ;
#9396 = VERTEX_POINT ( 'NONE', #1625 ) ;
#9397 = DIRECTION ( 'NONE',  ( 1.678499441700630493E-16, -0.6546536707079771977, -0.7559289460184543952 ) ) ;
#9398 = ORIENTED_EDGE ( 'NONE', *, *, #5097, .F. ) ;
#9399 = DIRECTION ( 'NONE',  ( 0.7669706070501109973, -0.6416822328233690031, 0.000000000000000000 ) ) ;
#9400 = CARTESIAN_POINT ( 'NONE',  ( 8.833939313643647040, 9.319087215321070872, 10.14759247480220239 ) ) ;
#9401 = LINE ( 'NONE', #6146, #9822 ) ;
#9402 = DIRECTION ( 'NONE',  ( 0.000000000000000000, -1.000000000000000000, 0.000000000000000000 ) ) ;
#9403 = ORIENTED_EDGE ( 'NONE', *, *, #7025, .F. ) ;
#9404 = CARTESIAN_POINT ( 'NONE',  ( 27.64760619592049906, 27.55109862734040149, 20.00000000000000000 ) ) ;
#9405 = CARTESIAN_POINT ( 'NONE',  ( 4.139044904758839571, 43.76392954555159776, 10.00000000000000000 ) ) ;
#9406 = DIRECTION ( 'NONE',  ( 0.000000000000000000, 0.000000000000000000, -1.000000000000000000 ) ) ;
#9407 = CARTESIAN_POINT ( 'NONE',  ( 8.853369172107250051, 5.061292026681440070, 10.90397883754764052 ) ) ;
#9408 = CARTESIAN_POINT ( 'NONE',  ( 8.089596958516985126, 23.18611803698632556, 10.43422562469634940 ) ) ;
#9409 = CARTESIAN_POINT ( 'NONE',  ( 20.05859405721119870, 4.910623714452030164, 23.94768135373649898 ) ) ;
#9410 = LINE ( 'NONE', #6162, #9366 ) ;
#9411 = CARTESIAN_POINT ( 'NONE',  ( 7.059733710069649781, 44.69025901499720277, 13.40325074253560089 ) ) ;
#9412 = CARTESIAN_POINT ( 'NONE',  ( 10.00000014901159950, 11.40000000000000036, 21.90798891649668434 ) ) ;
#9413 = AXIS2_PLACEMENT_3D ( 'NONE', #665, #10190, #2923 ) ;
#9414 = DIRECTION ( 'NONE',  ( -0.5773502747711788397, 0.5773502580265195139, 0.5773502747711788397 ) ) ;
#9415 = LINE ( 'NONE', #3074, #2709 ) ;
#9416 = ORIENTED_EDGE ( 'NONE', *, *, #7157, .F. ) ;
#9417 = ADVANCED_FACE ( 'NONE', ( #9587 ), #4808, .T. ) ;
#9418 = PLANE ( 'NONE',  #5046 ) ;
#9419 = CARTESIAN_POINT ( 'NONE',  ( 10.00004289252775003, 21.47964841776667555, 11.11960322083390018 ) ) ;
#9420 = LINE ( 'NONE', #7920, #1735 ) ;
#9421 = CARTESIAN_POINT ( 'NONE',  ( 9.166633974095699244, 7.656209045935969293, 9.171668709742519354 ) ) ;
#9422 = ORIENTED_EDGE ( 'NONE', *, *, #9828, .F. ) ;
#9423 = AXIS2_PLACEMENT_3D ( 'NONE', #9524, #4591, #8635 ) ;
#9424 = DIRECTION ( 'NONE',  ( -0.5125766358075091178, -0.4288447525037467623, 0.7438799437236202072 ) ) ;
#9425 = AXIS2_PLACEMENT_3D ( 'NONE', #6752, #1324, #2794 ) ;
#9426 = CARTESIAN_POINT ( 'NONE',  ( -7.114738072799500657, 37.96294249644819274, 14.17500000000000071 ) ) ;
#9427 = CARTESIAN_POINT ( 'NONE',  ( 39.35854146129564413, 5.200001135778474115, 13.91715689756385643 ) ) ;
#9428 = VERTEX_POINT ( 'NONE', #226 ) ;
#9429 = CARTESIAN_POINT ( 'NONE',  ( 22.86461719173190232, 40.41052919596050685, 18.75000000000000000 ) ) ;
#9430 = ADVANCED_FACE ( 'NONE', ( #7252 ), #8977, .F. ) ;
#9431 = CARTESIAN_POINT ( 'NONE',  ( 12.69038601626580132, 20.66205238419150092, 24.59837478375089859 ) ) ;
#9432 = VECTOR ( 'NONE', #1128, 1000.000000000000114 ) ;
#9433 = VERTEX_POINT ( 'NONE', #8033 ) ;
#9434 = EDGE_CURVE ( 'NONE', #780, #2941, #158, .T. ) ;
#9435 = DIRECTION ( 'NONE',  ( 0.000000000000000000, -1.000000000000000000, 0.000000000000000000 ) ) ;
#9436 = AXIS2_PLACEMENT_3D ( 'NONE', #1849, #9750, #1062 ) ;
#9437 = EDGE_CURVE ( 'NONE', #6220, #2912, #8627, .T. ) ;
#9438 = CARTESIAN_POINT ( 'NONE',  ( 9.999999999999902300, 12.19083772114107767, 11.17500000000000071 ) ) ;
#9439 = ORIENTED_EDGE ( 'NONE', *, *, #9194, .T. ) ;
#9440 = CARTESIAN_POINT ( 'NONE',  ( 27.35854120656069810, 3.799999780965734875, 19.99999999989092458 ) ) ;
#9441 = ORIENTED_EDGE ( 'NONE', *, *, #9489, .F. ) ;
#9442 = ORIENTED_EDGE ( 'NONE', *, *, #2801, .F. ) ;
#9443 = AXIS2_PLACEMENT_3D ( 'NONE', #9978, #2813, #8368 ) ;
#9444 = CARTESIAN_POINT ( 'NONE',  ( 9.170640750767660165, 7.655169716787789902, 9.167660024422088938 ) ) ;
#9445 = ADVANCED_FACE ( 'NONE', ( #5759 ), #6487, .T. ) ;
#9446 = EDGE_CURVE ( 'NONE', #2950, #5845, #3414, .T. ) ;
#9447 = EDGE_LOOP ( 'NONE', ( #9599, #6987, #1741, #1813 ) ) ;
#9448 = DIRECTION ( 'NONE',  ( 1.000000000000000000, 0.000000000000000000, 0.000000000000000000 ) ) ;
#9449 = VECTOR ( 'NONE', #3805, 1000.000000000000114 ) ;
#9450 = AXIS2_PLACEMENT_3D ( 'NONE', #5569, #1662, #8071 ) ;
#9451 = ORIENTED_EDGE ( 'NONE', *, *, #9568, .F. ) ;
#9452 = CARTESIAN_POINT ( 'NONE',  ( 9.030253717735744701, 20.32869467821639731, 9.089178694656945723 ) ) ;
#9453 = CARTESIAN_POINT ( 'NONE',  ( 8.825061836051100173, 9.134457708010195631, 10.01302135924698078 ) ) ;
#9454 = CARTESIAN_POINT ( 'NONE',  ( 17.96284675154879906, 40.77361936853569802, 13.06850476785990089 ) ) ;
#9455 = VECTOR ( 'NONE', #758, 1000.000000000000114 ) ;
#9456 = DIRECTION ( 'NONE',  ( -0.7071067811865450192, -8.656155890839411682E-15, 0.7071067811865500152 ) ) ;
#9457 = DIRECTION ( 'NONE',  ( -0.5000000000000002220, -0.7071067811865472397, -0.5000000000000002220 ) ) ;
#9458 = LINE ( 'NONE', #9303, #8956 ) ;
#9459 = DIRECTION ( 'NONE',  ( 0.000000000000000000, -1.000000000000000000, 0.000000000000000000 ) ) ;
#9460 = ADVANCED_FACE ( 'NONE', ( #1112 ), #107, .F. ) ;
#9461 = PLANE ( 'NONE',  #9413 ) ;
#9462 = AXIS2_PLACEMENT_3D ( 'NONE', #1312, #4345, #3704 ) ;
#9463 = CARTESIAN_POINT ( 'NONE',  ( 8.752632496726931777, 5.283747355691186698, 10.80324216216732403 ) ) ;
#9464 = CARTESIAN_POINT ( 'NONE',  ( 8.123095146413863432, 23.09912242904181312, 10.46298356734764567 ) ) ;
#9465 = DIRECTION ( 'NONE',  ( 0.000000000000000000, -0.5773502691896177375, -0.8164965809277316966 ) ) ;
#9466 = DIRECTION ( 'NONE',  ( -0.7071067811865489050, -2.166727592983609725E-14, 0.7071067811865460184 ) ) ;
#9467 = DIRECTION ( 'NONE',  ( 0.5125766358075058982, 0.4288447525037445973, 0.7438799437236237599 ) ) ;
#9468 = VECTOR ( 'NONE', #7451, 1000.000000000000000 ) ;
#9469 = CARTESIAN_POINT ( 'NONE',  ( -0.8660990660099183724, -0.7330497588628782646, -5.433049715351722320 ) ) ;
#9470 = CARTESIAN_POINT ( 'NONE',  ( 18.25547167035369966, 8.859581427496580730, 14.36638437382710087 ) ) ;
#9471 = ORIENTED_EDGE ( 'NONE', *, *, #1884, .T. ) ;
#9472 = CARTESIAN_POINT ( 'NONE',  ( 5.740387435165139607, 43.95287953976159656, 14.17500000000000071 ) ) ;
#9473 = DIRECTION ( 'NONE',  ( -0.2394571141604759645, 0.9709069422338769684, 0.000000000000000000 ) ) ;
#9474 = DIRECTION ( 'NONE',  ( -0.2394571141604759923, 0.9709069422338770794, -1.043956269252671944E-16 ) ) ;
#9475 = ORIENTED_EDGE ( 'NONE', *, *, #541, .F. ) ;
#9476 = CARTESIAN_POINT ( 'NONE',  ( 23.22756528652530150, 41.47589291214860197, 12.61509528546550030 ) ) ;
#9477 = ADVANCED_FACE ( 'NONE', ( #5914 ), #1742, .T. ) ;
#9478 = CARTESIAN_POINT ( 'NONE',  ( 9.168157224290514051, 19.77902167924163024, 10.96124486128281994 ) ) ;
#9479 = ORIENTED_EDGE ( 'NONE', *, *, #607, .F. ) ;
#9480 = LINE ( 'NONE', #6435, #2078 ) ;
#9481 = CYLINDRICAL_SURFACE ( 'NONE', #383, 2.099999999999999201 ) ;
#9482 = CARTESIAN_POINT ( 'NONE',  ( 25.33878534669240068, 37.10188904374430052, 14.12500000000000000 ) ) ;
#9483 = DIRECTION ( 'NONE',  ( -0.2394571141604749931, -0.9709069422338770794, 0.000000000000000000 ) ) ;
#9484 = VERTEX_POINT ( 'NONE', #332 ) ;
#9485 = FACE_BOUND ( 'NONE', #5704, .T. ) ;
#9486 = CARTESIAN_POINT ( 'NONE',  ( 2.659741745268429547, 38.24926131872759782, 13.06850476785990089 ) ) ;
#9487 = ORIENTED_EDGE ( 'NONE', *, *, #1833, .F. ) ;
#9488 = ORIENTED_EDGE ( 'NONE', *, *, #2609, .T. ) ;
#9489 = EDGE_CURVE ( 'NONE', #9484, #3716, #6540, .T. ) ;
#9490 = CARTESIAN_POINT ( 'NONE',  ( 9.170408523296558201, 7.658415531549579214, 9.167890540915518471 ) ) ;
#9491 = AXIS2_PLACEMENT_3D ( 'NONE', #8041, #116, #1751 ) ;
#9492 = ORIENTED_EDGE ( 'NONE', *, *, #7781, .F. ) ;
#9493 = DIRECTION ( 'NONE',  ( 0.9709069422338767463, 0.2394571141604768805, 0.000000000000000000 ) ) ;
#9494 = ORIENTED_EDGE ( 'NONE', *, *, #600, .F. ) ;
#9495 = ORIENTED_EDGE ( 'NONE', *, *, #4625, .F. ) ;
#9496 = VERTEX_POINT ( 'NONE', #9021 ) ;
#9497 = LINE ( 'NONE', #7274, #2500 ) ;
#9498 = ORIENTED_EDGE ( 'NONE', *, *, #9244, .F. ) ;
#9499 = EDGE_CURVE ( 'NONE', #4733, #4149, #9964, .T. ) ;
#9500 = VECTOR ( 'NONE', #8598, 1000.000000000000114 ) ;
#9501 = DIRECTION ( 'NONE',  ( 0.9709069422338770794, -0.2394571141604749931, 0.000000000000000000 ) ) ;
#9502 = LINE ( 'NONE', #4624, #3341 ) ;
#9503 = EDGE_CURVE ( 'NONE', #1524, #1707, #8143, .T. ) ;
#9504 = AXIS2_PLACEMENT_3D ( 'NONE', #9104, #7551, #5169 ) ;
#9505 = ADVANCED_FACE ( 'NONE', ( #1897 ), #4295, .T. ) ;
#9506 = DIRECTION ( 'NONE',  ( -1.000000000000000000, 0.000000000000000000, -5.551115123125779621E-17 ) ) ;
#9507 = CARTESIAN_POINT ( 'NONE',  ( 17.33623285481120035, 10.28693283518959944, 15.28562318936960018 ) ) ;
#9508 = CARTESIAN_POINT ( 'NONE',  ( -19.35854076355716558, 5.199999432980818348, 13.91715760109362243 ) ) ;
#9509 = DIRECTION ( 'NONE',  ( 0.6416822328233700024, 0.7669706070501101092, 0.000000000000000000 ) ) ;
#9510 = VECTOR ( 'NONE', #231, 1000.000000000000114 ) ;
#9511 = ORIENTED_EDGE ( 'NONE', *, *, #6922, .F. ) ;
#9512 = CARTESIAN_POINT ( 'NONE',  ( 26.51776695296659980, 6.060623714452029631, 19.48223304703340375 ) ) ;
#9513 = DIRECTION ( 'NONE',  ( 0.2394571141604759923, -0.9709069422338770794, 0.000000000000000000 ) ) ;
#9514 = CARTESIAN_POINT ( 'NONE',  ( 7.861305799208230027, 23.76748775084674392, 10.04170366003835468 ) ) ;
#9515 = LINE ( 'NONE', #7239, #4064 ) ;
#9516 = ADVANCED_FACE ( 'NONE', ( #3298 ), #6694, .F. ) ;
#9517 = CARTESIAN_POINT ( 'NONE',  ( 25.76182293166739967, 36.22642433111679594, 14.37500000000000000 ) ) ;
#9518 = CARTESIAN_POINT ( 'NONE',  ( 11.60866792719989959, 10.28693283518969892, 13.65927759264029895 ) ) ;
#9519 = CIRCLE ( 'NONE', #10184, 1.175000000000000488 ) ;
#9520 = VECTOR ( 'NONE', #7421, 1000.000000000000114 ) ;
#9521 = DIRECTION ( 'NONE',  ( -0.6416822328233690031, 0.7669706070501109973, 9.280558181356409702E-17 ) ) ;
#9522 = EDGE_CURVE ( 'NONE', #4465, #7219, #1014, .T. ) ;
#9523 = VECTOR ( 'NONE', #1654, 999.9999999999998863 ) ;
#9524 = CARTESIAN_POINT ( 'NONE',  ( 12.57698961120960135, -2.700000000000000178, 2.908637452433219917 ) ) ;
#9525 = FACE_OUTER_BOUND ( 'NONE', #6626, .T. ) ;
#9526 = ORIENTED_EDGE ( 'NONE', *, *, #6844, .T. ) ;
#9527 = CARTESIAN_POINT ( 'NONE',  ( 14.36638437382779898, 23.61062371445099828, 18.25547167035329821 ) ) ;
#9528 = VECTOR ( 'NONE', #6267, 1000.000000000000114 ) ;
#9529 = CARTESIAN_POINT ( 'NONE',  ( 15.38204086692019956, 41.82211566108390599, 10.00000000000000000 ) ) ;
#9530 = LINE ( 'NONE', #2896, #8223 ) ;
#9531 = CARTESIAN_POINT ( 'NONE',  ( 8.931373439920569979, 7.300486240027799667, 9.407624655452899276 ) ) ;
#9532 = VECTOR ( 'NONE', #5395, 1000.000000000000114 ) ;
#9533 = ORIENTED_EDGE ( 'NONE', *, *, #8741, .T. ) ;
#9534 = LINE ( 'NONE', #3681, #1005 ) ;
#9535 = PLANE ( 'NONE',  #4885 ) ;
#9536 = CYLINDRICAL_SURFACE ( 'NONE', #4728, 4.375000000000000000 ) ;
#9537 = ORIENTED_EDGE ( 'NONE', *, *, #3646, .T. ) ;
#9538 = VECTOR ( 'NONE', #3905, 1000.000000000000000 ) ;
#9539 = CARTESIAN_POINT ( 'NONE',  ( 9.573400645692066391, 17.71480694830763269, 11.09773061091612334 ) ) ;
#9540 = ORIENTED_EDGE ( 'NONE', *, *, #6871, .F. ) ;
#9541 = LINE ( 'NONE', #4705, #9550 ) ;
#9542 = VECTOR ( 'NONE', #5469, 1000.000000000000000 ) ;
#9543 = CARTESIAN_POINT ( 'NONE',  ( 18.12506425035439861, 40.73361127667779868, 13.25447475379079876 ) ) ;
#9544 = ORIENTED_EDGE ( 'NONE', *, *, #2798, .F. ) ;
#9545 = CARTESIAN_POINT ( 'NONE',  ( 15.49775522372589975, 8.260102570974410696, 11.60866792719929919 ) ) ;
#9546 = B_SPLINE_CURVE_WITH_KNOTS ( 'NONE', 3,
 ( #10188, #10290, #7902, #4628 ),
 .UNSPECIFIED., .F., .F.,
 ( 4, 4 ),
 ( 0.000000000000000000, 1.000000000000000000 ),
 .UNSPECIFIED. ) ;
#9547 = DIRECTION ( 'NONE',  ( -0.7155148186039712588, 0.000000000000000000, 0.6985975553622602030 ) ) ;
#9548 = VERTEX_POINT ( 'NONE', #955 ) ;
#9549 = CARTESIAN_POINT ( 'NONE',  ( 2.388868735303519841, 43.53827235300330045, 14.57499999999999929 ) ) ;
#9550 = VECTOR ( 'NONE', #5429, 1000.000000000000114 ) ;
#9551 = ORIENTED_EDGE ( 'NONE', *, *, #5215, .F. ) ;
#9552 = CARTESIAN_POINT ( 'NONE',  ( 9.170822245646718329, 7.655352904154979932, 9.167478759828728840 ) ) ;
#9553 = ORIENTED_EDGE ( 'NONE', *, *, #8135, .T. ) ;
#9554 = DIRECTION ( 'NONE',  ( 0.7071067811865490160, 3.976541677442611176E-16, -0.7071067811865461294 ) ) ;
#9555 = ORIENTED_EDGE ( 'NONE', *, *, #3927, .T. ) ;
#9556 = EDGE_CURVE ( 'NONE', #6301, #1707, #4139, .T. ) ;
#9557 = ORIENTED_EDGE ( 'NONE', *, *, #3969, .F. ) ;
#9558 = ORIENTED_EDGE ( 'NONE', *, *, #7556, .F. ) ;
#9559 = CARTESIAN_POINT ( 'NONE',  ( 20.05859405721119870, 6.060623714451949695, 23.94768135373649898 ) ) ;
#9560 = ORIENTED_EDGE ( 'NONE', *, *, #10213, .T. ) ;
#9561 = DIRECTION ( 'NONE',  ( 0.000000000000000000, 0.000000000000000000, 1.000000000000000000 ) ) ;
#9562 = EDGE_CURVE ( 'NONE', #7076, #5149, #4614, .T. ) ;
#9563 = CARTESIAN_POINT ( 'NONE',  ( -14.00000000000000000, 11.28430686604839828, 10.00000000000000000 ) ) ;
#9564 = DIRECTION ( 'NONE',  ( -6.505213034913023449E-15, 1.000000000000000000, 6.505213034913023449E-15 ) ) ;
#9565 = EDGE_CURVE ( 'NONE', #1982, #2874, #4827, .T. ) ;
#9566 = CARTESIAN_POINT ( 'NONE',  ( 26.71840697096569883, 35.42610294125150006, 13.25447475379079876 ) ) ;
#9567 = CARTESIAN_POINT ( 'NONE',  ( 16.83190208582489689, 3.500000000000000000, 24.63867152242800174 ) ) ;
#9568 = EDGE_CURVE ( 'NONE', #2274, #6024, #4439, .T. ) ;
#9569 = ORIENTED_EDGE ( 'NONE', *, *, #4313, .F. ) ;
#9570 = PLANE ( 'NONE',  #3946 ) ;
#9571 = DIRECTION ( 'NONE',  ( -6.505213034913023449E-15, 1.000000000000000000, 6.505213034913023449E-15 ) ) ;
#9573 = EDGE_CURVE ( 'NONE', #8495, #8733, #493, .T. ) ;
#9572 = CARTESIAN_POINT ( 'NONE',  ( 4.617959133079789780, 41.82211566108390599, 10.00000000000000000 ) ) ;
#9574 = CARTESIAN_POINT ( 'NONE',  ( -6.799148781361640026, 19.99488522820107406, 2.305003246253510163 ) ) ;
#9575 = CARTESIAN_POINT ( 'NONE',  ( 11.68410476065519887, 22.58792129481160060, 9.408762512076009443 ) ) ;
#9576 = LINE ( 'NONE', #9632, #5740 ) ;
#9577 = ADVANCED_FACE ( 'NONE', ( #1359 ), #8289, .F. ) ;
#9578 = CARTESIAN_POINT ( 'NONE',  ( -5.243067531364778766, 40.05039893535305850, 10.00000000000000000 ) ) ;
#9579 = LINE ( 'NONE', #3543, #3192 ) ;
#9580 = ORIENTED_EDGE ( 'NONE', *, *, #1004, .T. ) ;
#9581 = CARTESIAN_POINT ( 'NONE',  ( 10.91728741840034189, 20.12505091547802749, 9.069747117990340612 ) ) ;
#9582 = FACE_OUTER_BOUND ( 'NONE', #7947, .T. ) ;
#9583 = LINE ( 'NONE', #734, #5231 ) ;
#9585 = EDGE_CURVE ( 'NONE', #1152, #254, #2784, .T. ) ;
#9584 = FACE_BOUND ( 'NONE', #8720, .T. ) ;
#9586 = VERTEX_POINT ( 'NONE', #7708 ) ;
#9587 = FACE_OUTER_BOUND ( 'NONE', #2121, .T. ) ;
#9588 = PLANE ( 'NONE',  #7540 ) ;
#9589 = DIRECTION ( 'NONE',  ( 0.000000000000000000, -1.000000000000000000, 0.000000000000000000 ) ) ;
#9590 = AXIS2_PLACEMENT_3D ( 'NONE', #5174, #1307, #2826 ) ;
#9591 = CARTESIAN_POINT ( 'NONE',  ( 9.999970873088589229, 20.55561439436088733, 8.851859222522097781 ) ) ;
#9592 = ORIENTED_EDGE ( 'NONE', *, *, #6789, .F. ) ;
#9593 = DIRECTION ( 'NONE',  ( 2.900003869181453403E-08, -0.9999999999999996669, -2.558264100334657960E-12 ) ) ;
#9594 = DIRECTION ( 'NONE',  ( -0.2394571141604759923, -0.9709069422338770794, 0.000000000000000000 ) ) ;
#9595 = VERTEX_POINT ( 'NONE', #5320 ) ;
#9596 = DIRECTION ( 'NONE',  ( -0.7669706070501114414, 0.6416822328233685591, 0.000000000000000000 ) ) ;
#9597 = AXIS2_PLACEMENT_3D ( 'NONE', #442, #2804, #589 ) ;
#9598 = DIRECTION ( 'NONE',  ( -0.6416822328233690031, 0.7669706070501109973, 0.000000000000000000 ) ) ;
#9599 = ORIENTED_EDGE ( 'NONE', *, *, #5056, .T. ) ;
#9600 = PLANE ( 'NONE',  #5381 ) ;
#9601 = FACE_OUTER_BOUND ( 'NONE', #8260, .T. ) ;
#9602 = CARTESIAN_POINT ( 'NONE',  ( 5.623072116593630376, 13.17692803241799915, 20.00000000000000000 ) ) ;
#9603 = CARTESIAN_POINT ( 'NONE',  ( 11.72226593659659954, 4.411119066386510745, 11.31951586703080004 ) ) ;
#9604 = CIRCLE ( 'NONE', #8770, 1.000000000000000888 ) ;
#9605 = CIRCLE ( 'NONE', #9780, 4.125000000000000888 ) ;
#9606 = EDGE_LOOP ( 'NONE', ( #10178, #3209, #1035, #873, #9798, #962 ) ) ;
#9607 = DIRECTION ( 'NONE',  ( 0.000000000000000000, -1.000000000000000000, -5.623679171581209813E-16 ) ) ;
#9608 = ORIENTED_EDGE ( 'NONE', *, *, #365, .T. ) ;
#9609 = EDGE_LOOP ( 'NONE', ( #8649, #330, #469, #5477, #2814 ) ) ;
#9610 = EDGE_LOOP ( 'NONE', ( #9699, #8941, #7358, #5383 ) ) ;
#9611 = AXIS2_PLACEMENT_3D ( 'NONE', #3154, #2432, #1814 ) ;
#9612 = DIRECTION ( 'NONE',  ( 0.1693217492262330814, 0.6865348827546698951, 0.7071067811865477948 ) ) ;
#9613 = ORIENTED_EDGE ( 'NONE', *, *, #4759, .F. ) ;
#9614 =( BOUNDED_CURVE ( )  B_SPLINE_CURVE ( 3, ( #6812, #5985, #9138, #2016 ),
 .UNSPECIFIED., .F., .T. ) 
 B_SPLINE_CURVE_WITH_KNOTS ( ( 4, 4 ),
 ( 4.713568839913309994, 6.283185307179586232 ),
 .UNSPECIFIED. ) 
 CURVE ( )  GEOMETRIC_REPRESENTATION_ITEM ( )  RATIONAL_B_SPLINE_CURVE ( ( 1.000000000000000000, 0.8050158676376586442, 0.8050158676376586442, 1.000000000000000000 ) ) 
 REPRESENTATION_ITEM ( '' )  );
#9615 = B_SPLINE_CURVE_WITH_KNOTS ( 'NONE', 3,
 ( #8877, #1753, #4302, #2638, #1859, #5037, #8205 ),
 .UNSPECIFIED., .F., .F.,
 ( 4, 1, 2, 4 ),
 ( 4.623210007843000006E-05, 0.3445804206195603459, 0.9961590730667241322, 1.000000000000000000 ),
 .UNSPECIFIED. ) ;
#9616 = EDGE_CURVE ( 'NONE', #6347, #225, #8432, .T. ) ;
#9617 = CARTESIAN_POINT ( 'NONE',  ( 10.92971684590231618, 10.27796651854957943, 9.267200587391860367 ) ) ;
#9618 = VECTOR ( 'NONE', #2969, 1000.000000000000227 ) ;
#9619 = EDGE_LOOP ( 'NONE', ( #4840, #5344, #5441, #9540 ) ) ;
#9620 = LINE ( 'NONE', #880, #4051 ) ;
#9621 = CARTESIAN_POINT ( 'NONE',  ( 9.649608524584401437, 17.08409838298220151, 11.12153948390419878 ) ) ;
#9622 = DIRECTION ( 'NONE',  ( 1.000000000000000000, 0.000000000000000000, 0.000000000000000000 ) ) ;
#9623 = VERTEX_POINT ( 'NONE', #5129 ) ;
#9624 = DIRECTION ( 'NONE',  ( -0.8660254037844381525, 0.000000000000000000, 0.5000000000000007772 ) ) ;
#9625 = FACE_BOUND ( 'NONE', #3730, .T. ) ;
#9626 = DIRECTION ( 'NONE',  ( 0.7669706070501109973, -0.6416822328233690031, 0.000000000000000000 ) ) ;
#9627 = CARTESIAN_POINT ( 'NONE',  ( 0.5349355566940556805, 12.40000000000000036, 12.44292432417911520 ) ) ;
#9628 = VECTOR ( 'NONE', #3175, 1000.000000000000000 ) ;
#9629 = CARTESIAN_POINT ( 'NONE',  ( -7.100041630029680029, 37.97523820390350124, 14.12500000000000000 ) ) ;
#9630 = UNCERTAINTY_MEASURE_WITH_UNIT (LENGTH_MEASURE( 1.000000000000000082E-05 ), #196, 'distance_accuracy_value', 'NONE');
#9631 = EDGE_CURVE ( 'NONE', #5287, #8288, #9218, .T. ) ;
#9632 = CARTESIAN_POINT ( 'NONE',  ( 6.414551270189189580, 0.000000000000000000, 0.8350603577520999687 ) ) ;
#9633 = ADVANCED_FACE ( 'NONE', ( #4490 ), #2098, .T. ) ;
#9634 = LINE ( 'NONE', #2516, #3637 ) ;
#9635 = AXIS2_PLACEMENT_3D ( 'NONE', #5560, #815, #5728 ) ;
#9636 = VERTEX_POINT ( 'NONE', #8390 ) ;
#9637 = CARTESIAN_POINT ( 'NONE',  ( 10.49698208243296449, 18.29730563643104446, 8.924258367898687538 ) ) ;
#9638 = DIRECTION ( 'NONE',  ( 0.000000000000000000, 1.000000000000000000, 0.000000000000000000 ) ) ;
#9639 = DIRECTION ( 'NONE',  ( -0.7071067811865450192, -8.656155890839411682E-15, 0.7071067811865500152 ) ) ;
#9640 = PLANE ( 'NONE',  #7286 ) ;
#9641 = ORIENTED_EDGE ( 'NONE', *, *, #7765, .T. ) ;
#9642 = ORIENTED_EDGE ( 'NONE', *, *, #1545, .T. ) ;
#9643 = CARTESIAN_POINT ( 'NONE',  ( 10.00000000000000000, -2.600000000000000089, 10.00000000000000000 ) ) ;
#9644 = ADVANCED_FACE ( 'NONE', ( #10049 ), #7655, .T. ) ;
#9645 = DIRECTION ( 'NONE',  ( 0.09051680717455833081, -0.7252667590597462466, -0.6824916379135321787 ) ) ;
#9646 = ADVANCED_FACE ( 'NONE', ( #7513 ), #2831, .T. ) ;
#9647 = AXIS2_PLACEMENT_3D ( 'NONE', #7602, #1990, #521 ) ;
#9648 = CARTESIAN_POINT ( 'NONE',  ( 22.52178624447489952, 42.32714570538659871, 10.00000000000000000 ) ) ;
#9649 = CARTESIAN_POINT ( 'NONE',  ( 10.00003666588604290, 20.74922769163040925, 8.858323579897884770 ) ) ;
#9650 = EDGE_LOOP ( 'NONE', ( #9112, #5340, #4775, #4101 ) ) ;
#9651 = CARTESIAN_POINT ( 'NONE',  ( 12.75679224636549947, 0.000000000000000000, 13.06850476785990089 ) ) ;
#9652 = ADVANCED_FACE ( 'NONE', ( #9992 ), #6745, .F. ) ;
#9653 = CARTESIAN_POINT ( 'NONE',  ( 14.66366952443880578, 38.90939483438219781, 5.875000000000000000 ) ) ;
#9654 = VERTEX_POINT ( 'NONE', #4536 ) ;
#9655 = CARTESIAN_POINT ( 'NONE',  ( 13.02214886614279976, 44.46407115306411129, 6.745525246209162162 ) ) ;
#9656 = TOROIDAL_SURFACE ( 'NONE', #7992, 24.00000000000000000, 1.175000000000000044 ) ;
#9657 = CARTESIAN_POINT ( 'NONE',  ( -6.000000000000000000, 5.199999808776806454, 20.00000000000000000 ) ) ;
#9658 = ORIENTED_EDGE ( 'NONE', *, *, #600, .T. ) ;
#9659 = FACE_OUTER_BOUND ( 'NONE', #4039, .T. ) ;
#9660 = PLANE ( 'NONE',  #539 ) ;
#9661 = EDGE_CURVE ( 'NONE', #3829, #2737, #8828, .T. ) ;
#9662 = CARTESIAN_POINT ( 'NONE',  ( 21.38908634285239785, 12.50000000000000000, 22.53867152242809979 ) ) ;
#9663 = VERTEX_POINT ( 'NONE', #2976 ) ;
#9664 = CARTESIAN_POINT ( 'NONE',  ( 24.73255708243719653, 37.60908697627539965, 10.00000000000000000 ) ) ;
#9665 = EDGE_CURVE ( 'NONE', #4373, #3098, #6932, .T. ) ;
#9666 = ORIENTED_EDGE ( 'NONE', *, *, #2456, .F. ) ;
#9667 = CARTESIAN_POINT ( 'NONE',  ( -9.358541061516552517, 46.44749149940778921, 16.91715745488696498 ) ) ;
#9668 = ORIENTED_EDGE ( 'NONE', *, *, #8191, .T. ) ;
#9669 = VERTEX_POINT ( 'NONE', #2041 ) ;
#9670 = ORIENTED_EDGE ( 'NONE', *, *, #5435, .T. ) ;
#9671 = LINE ( 'NONE', #5607, #488 ) ;
#9672 = VERTEX_POINT ( 'NONE', #1941 ) ;
#9673 = CARTESIAN_POINT ( 'NONE',  ( 5.495048781010304140, 0.000000000000000000, 34.80000000098205959 ) ) ;
#9674 = FACE_OUTER_BOUND ( 'NONE', #3252, .T. ) ;
#9675 = ORIENTED_EDGE ( 'NONE', *, *, #8994, .F. ) ;
#9676 = EDGE_LOOP ( 'NONE', ( #7653, #1650, #2208, #4105, #1795, #5823, #4343, #994 ) ) ;
#9677 = CARTESIAN_POINT ( 'NONE',  ( -10.47082295315080103, 35.67662275557450613, 10.00000000000000000 ) ) ;
#9678 = LINE ( 'NONE', #9566, #5146 ) ;
#9679 = ORIENTED_EDGE ( 'NONE', *, *, #7997, .F. ) ;
#9680 = CARTESIAN_POINT ( 'NONE',  ( 10.00000000000000000, -4.700000000000000178, 10.00000000000000000 ) ) ;
#9681 = AXIS2_PLACEMENT_3D ( 'NONE', #3525, #3309, #7319 ) ;
#9682 = EDGE_CURVE ( 'NONE', #8046, #2991, #7562, .T. ) ;
#9683 = CARTESIAN_POINT ( 'NONE',  ( 10.00000000000000000, 0.5000000128217441109, 0.000000000000000000 ) ) ;
#9684 = CARTESIAN_POINT ( 'NONE',  ( 9.800000149011610873, 10.59999999999999964, 25.00000029802320256 ) ) ;
#9685 = CARTESIAN_POINT ( 'NONE',  ( 10.83049959320002031, 3.411406589671690082, 10.83087619229226028 ) ) ;
#9686 = VECTOR ( 'NONE', #3259, 1000.000000000000000 ) ;
#9687 = DIRECTION ( 'NONE',  ( -6.120826529420450260E-15, 1.000000000000000000, 0.000000000000000000 ) ) ;
#9688 = AXIS2_PLACEMENT_3D ( 'NONE', #8012, #934, #4115 ) ;
#9689 = CARTESIAN_POINT ( 'NONE',  ( 13.82698961120959957, -0.2000000000000050071, 0.7435739429721239802 ) ) ;
#9690 = ORIENTED_EDGE ( 'NONE', *, *, #925, .F. ) ;
#9691 = CARTESIAN_POINT ( 'NONE',  ( 11.03168807320253109, 20.56179841073408809, 9.112639950442334325 ) ) ;
#9692 = CARTESIAN_POINT ( 'NONE',  ( 17.74705127018919981, -0.2000000000000050071, 17.39317740297600423 ) ) ;
#9693 = DIRECTION ( 'NONE',  ( 0.2394571141604759368, -0.9709069422338768574, 0.000000000000000000 ) ) ;
#9694 = EDGE_CURVE ( 'NONE', #9751, #37, #9946, .T. ) ;
#9695 = DIRECTION ( 'NONE',  ( 0.7669706070501108863, -0.6416822328233690031, 0.000000000000000000 ) ) ;
#9696 = AXIS2_PLACEMENT_3D ( 'NONE', #3180, #9521, #9467 ) ;
#9697 = ORIENTED_EDGE ( 'NONE', *, *, #2146, .T. ) ;
#9698 = AXIS2_PLACEMENT_3D ( 'NONE', #2479, #7933, #4038 ) ;
#9699 = ORIENTED_EDGE ( 'NONE', *, *, #5261, .F. ) ;
#9700 = DIRECTION ( 'NONE',  ( 1.000000000000000000, 0.000000000000000000, 0.000000000000000000 ) ) ;
#9701 =( LENGTH_UNIT ( ) NAMED_UNIT ( * ) SI_UNIT ( .MILLI., .METRE. ) );
#9702 = FACE_OUTER_BOUND ( 'NONE', #2373, .T. ) ;
#9703 = ORIENTED_EDGE ( 'NONE', *, *, #7716, .T. ) ;
#9704 = LINE ( 'NONE', #9648, #7372 ) ;
#9705 = VERTEX_POINT ( 'NONE', #6311 ) ;
#9706 = DIRECTION ( 'NONE',  ( -3.012339197550599217E-15, 0.4999999999999998890, -0.8660254037844387076 ) ) ;
#9707 = VECTOR ( 'NONE', #6176, 1000.000000000000000 ) ;
#9708 = FACE_OUTER_BOUND ( 'NONE', #1017, .T. ) ;
#9709 = VERTEX_POINT ( 'NONE', #9411 ) ;
#9710 = FACE_OUTER_BOUND ( 'NONE', #424, .T. ) ;
#9711 = VECTOR ( 'NONE', #9969, 1000.000000000000114 ) ;
#9712 = ADVANCED_FACE ( 'NONE', ( #42, #3808 ), #9313, .T. ) ;
#9713 = EDGE_CURVE ( 'NONE', #10041, #5778, #4018, .T. ) ;
#9714 = CARTESIAN_POINT ( 'NONE',  ( 13.23190208582489902, 17.60385599033020299, 20.00000000000000000 ) ) ;
#9715 = ORIENTED_EDGE ( 'NONE', *, *, #8056, .T. ) ;
#9716 = CARTESIAN_POINT ( 'NONE',  ( 13.63190208582489937, 3.500000000000000000, 21.43867152242799889 ) ) ;
#9717 = ADVANCED_FACE ( 'NONE', ( #670 ), #2195, .F. ) ;
#9718 = CIRCLE ( 'NONE', #6223, 1.175000000000000711 ) ;
#9719 = CARTESIAN_POINT ( 'NONE',  ( 10.00000000000000000, -3.000000000000000000, 10.00000000000000000 ) ) ;
#9720 = VECTOR ( 'NONE', #7707, 1000.000000000000000 ) ;
#9721 = ORIENTED_EDGE ( 'NONE', *, *, #5376, .F. ) ;
#9722 = CARTESIAN_POINT ( 'NONE',  ( -2.874851352860619880, 39.68485982317339733, 13.06850476786000037 ) ) ;
#9723 = ORIENTED_EDGE ( 'NONE', *, *, #8808, .F. ) ;
#9724 = LINE ( 'NONE', #8993, #4386 ) ;
#9725 = CIRCLE ( 'NONE', #1238, 3.549999999999999822 ) ;
#9726 = ORIENTED_EDGE ( 'NONE', *, *, #5981, .T. ) ;
#9728 = ORIENTED_EDGE ( 'NONE', *, *, #8887, .F. ) ;
#9727 = VECTOR ( 'NONE', #5338, 1000.000000000000114 ) ;
#9729 = ORIENTED_EDGE ( 'NONE', *, *, #7997, .T. ) ;
#9730 = DIRECTION ( 'NONE',  ( 0.5705340520101068735, -0.4773345432410939226, -0.6683132718461789468 ) ) ;
#9731 = EDGE_CURVE ( 'NONE', #3104, #5943, #10196, .T. ) ;
#9732 = VERTEX_POINT ( 'NONE', #3020 ) ;
#9733 = DIRECTION ( 'NONE',  ( -0.1693217492262340806, 0.6865348827546697841, -0.7071067811865476838 ) ) ;
#9734 = CARTESIAN_POINT ( 'NONE',  ( 24.73255708243719653, 37.60908697627539965, 10.00000000000000000 ) ) ;
#9735 = ORIENTED_EDGE ( 'NONE', *, *, #9446, .F. ) ;
#9736 = ORIENTED_EDGE ( 'NONE', *, *, #991, .T. ) ;
#9737 = CARTESIAN_POINT ( 'NONE',  ( 8.443327685366348589, 6.056384414448349851, 10.49393734990159999 ) ) ;
#9738 = CARTESIAN_POINT ( 'NONE',  ( 5.193999999999999950, -5.200000000000000178, 12.98675134594810032 ) ) ;
#9739 = ORIENTED_EDGE ( 'NONE', *, *, #3601, .F. ) ;
#9740 = CARTESIAN_POINT ( 'NONE',  ( 24.73255708243719653, 37.60908697627539965, 10.00000000000000000 ) ) ;
#9741 = LINE ( 'NONE', #5066, #2403 ) ;
#9742 = CARTESIAN_POINT ( 'NONE',  ( 4.091153481926750324, 43.95811093399839820, 10.00000000000000000 ) ) ;
#9743 = CARTESIAN_POINT ( 'NONE',  ( 12.25043969204630123, -4.700000000000000178, 13.59063489861800100 ) ) ;
#9744 = DIRECTION ( 'NONE',  ( 1.000000000000000000, 0.000000000000000000, 0.000000000000000000 ) ) ;
#9745 = DIRECTION ( 'NONE',  ( 1.000000000000000000, 0.000000000000000000, -9.993486524960648947E-17 ) ) ;
#9746 = ORIENTED_EDGE ( 'NONE', *, *, #1694, .T. ) ;
#9747 = CARTESIAN_POINT ( 'NONE',  ( -7.045448457932540265, 38.54244568821814454, 10.00000000000000000 ) ) ;
#9748 = DIRECTION ( 'NONE',  ( -1.000000000000000000, 0.000000000000000000, 0.000000000000000000 ) ) ;
#9749 = DIRECTION ( 'NONE',  ( 0.000000000000000000, -0.9776325903347649060, -0.2103200378360029765 ) ) ;
#9750 = DIRECTION ( 'NONE',  ( -0.7071067811865450192, -8.656155890839421148E-15, 0.7071067811865500152 ) ) ;
#9751 = VERTEX_POINT ( 'NONE', #3071 ) ;
#9752 = EDGE_LOOP ( 'NONE', ( #7441, #3635, #6973, #7000 ) ) ;
#9753 = DIRECTION ( 'NONE',  ( 0.000000000000000000, 0.000000000000000000, 1.000000000000000000 ) ) ;
#9754 = PLANE ( 'NONE',  #251 ) ;
#9755 = FACE_OUTER_BOUND ( 'NONE', #6643, .T. ) ;
#9756 = ORIENTED_EDGE ( 'NONE', *, *, #9388, .F. ) ;
#9757 = CARTESIAN_POINT ( 'NONE',  ( 22.80751038396710229, 35.30817515512509885, 10.00000000000000000 ) ) ;
#9758 = EDGE_CURVE ( 'NONE', #5943, #8772, #5368, .T. ) ;
#9759 = DIRECTION ( 'NONE',  ( 0.000000000000000000, -5.551115123125779621E-17, -1.000000000000000000 ) ) ;
#9760 = CARTESIAN_POINT ( 'NONE',  ( 10.00000000000000000, 22.70771198066030294, 20.00000000000000000 ) ) ;
#9761 = DIRECTION ( 'NONE',  ( -0.8773551979613604113, 0.4798414911303336972, 0.000000000000000000 ) ) ;
#9762 = ORIENTED_EDGE ( 'NONE', *, *, #10156, .F. ) ;
#9763 = DIRECTION ( 'NONE',  ( -6.505213034913027393E-15, 1.000000000000000000, 6.505213034913027393E-15 ) ) ;
#9764 = DIRECTION ( 'NONE',  ( -0.7071067811865500152, 1.236448081483690217E-14, -0.7071067811865450192 ) ) ;
#9765 = VECTOR ( 'NONE', #8028, 1000.000000000000000 ) ;
#9766 = PLANE ( 'NONE',  #696 ) ;
#9767 = ADVANCED_FACE ( 'NONE', ( #1612 ), #2001, .F. ) ;
#9768 = DIRECTION ( 'NONE',  ( -1.000000000000000000, 0.000000000000000000, 0.000000000000000000 ) ) ;
#9769 = ORIENTED_EDGE ( 'NONE', *, *, #10284, .T. ) ;
#9770 = EDGE_CURVE ( 'NONE', #9020, #10225, #620, .T. ) ;
#9771 = VECTOR ( 'NONE', #7854, 999.9999999999998863 ) ;
#9772 = DIRECTION ( 'NONE',  ( -0.8760771675199345854, 0.000000000000000000, -0.4821709204734856979 ) ) ;
#9773 = VERTEX_POINT ( 'NONE', #8536 ) ;
#9774 = ORIENTED_EDGE ( 'NONE', *, *, #1297, .F. ) ;
#9775 = VERTEX_POINT ( 'NONE', #6982 ) ;
#9776 = DIRECTION ( 'NONE',  ( 0.6416822328233700024, 0.7669706070501099981, 1.042968395227669875E-16 ) ) ;
#9777 = ORIENTED_EDGE ( 'NONE', *, *, #7381, .T. ) ;
#9778 = SURFACE_STYLE_FILL_AREA ( #3327 ) ;
#9779 = VECTOR ( 'NONE', #7646, 1000.000000000000000 ) ;
#9780 = AXIS2_PLACEMENT_3D ( 'NONE', #6020, #4500, #8443 ) ;
#9781 = EDGE_CURVE ( 'NONE', #653, #9035, #5325, .T. ) ;
#9782 = EDGE_CURVE ( 'NONE', #9775, #1703, #2405, .T. ) ;
#9783 = CARTESIAN_POINT ( 'NONE',  ( 21.31387767214896911, 20.66205238419162171, 17.95478147701996363 ) ) ;
#9784 = EDGE_LOOP ( 'NONE', ( #759, #1173, #9226, #8936, #3633 ) ) ;
#9785 = EDGE_CURVE ( 'NONE', #4163, #4481, #1114, .T. ) ;
#9786 = PLANE ( 'NONE',  #4666 ) ;
#9787 = DIRECTION ( 'NONE',  ( 1.000000000000000000, 0.000000000000000000, 0.000000000000000000 ) ) ;
#9788 = AXIS2_PLACEMENT_3D ( 'NONE', #5773, #7266, #8214 ) ;
#9789 = VERTEX_POINT ( 'NONE', #3907 ) ;
#9790 = DIRECTION ( 'NONE',  ( -0.9709069422338770794, 0.2394571141604749931, 0.000000000000000000 ) ) ;
#9791 = CARTESIAN_POINT ( 'NONE',  ( 11.59999999999999964, -4.700000000000000178, 14.17500000000000071 ) ) ;
#9792 = DIRECTION ( 'NONE',  ( 0.7071067811865465735, 0.000000000000000000, 0.7071067811865485719 ) ) ;
#9793 = DIRECTION ( 'NONE',  ( 0.000000000000000000, -1.000000000000000000, 0.000000000000000000 ) ) ;
#9794 = VECTOR ( 'NONE', #4898, 1000.000000000000227 ) ;
#9795 = DIRECTION ( 'NONE',  ( 0.6416822328233690031, -0.7669706070501109973, 0.000000000000000000 ) ) ;
#9796 = EDGE_CURVE ( 'NONE', #7439, #8767, #4587, .T. ) ;
#9797 = LINE ( 'NONE', #8187, #2639 ) ;
#9798 = ORIENTED_EDGE ( 'NONE', *, *, #9631, .F. ) ;
#9799 = CARTESIAN_POINT ( 'NONE',  ( 10.97223053472466425, 20.33840794818128117, 9.090153826824270311 ) ) ;
#9800 = CARTESIAN_POINT ( 'NONE',  ( -18.47569835231111313, 29.25100135070063345, 14.80000001233967666 ) ) ;
#9801 = VECTOR ( 'NONE', #4379, 1000.000000000000000 ) ;
#9802 = FACE_OUTER_BOUND ( 'NONE', #8567, .T. ) ;
#9803 = DIRECTION ( 'NONE',  ( -9.600230340635420498E-16, 1.000000000000000000, 0.000000000000000000 ) ) ;
#9804 = ORIENTED_EDGE ( 'NONE', *, *, #5586, .T. ) ;
#9805 = ORIENTED_EDGE ( 'NONE', *, *, #78, .F. ) ;
#9806 = DIRECTION ( 'NONE',  ( 0.4999999999999998890, 0.000000000000000000, 0.8660254037844387076 ) ) ;
#9807 = LINE ( 'NONE', #8246, #1063 ) ;
#9808 = DIRECTION ( 'NONE',  ( 0.6416822328233695583, 0.7669706070501104422, 1.583490152225949196E-17 ) ) ;
#9809 = VECTOR ( 'NONE', #8616, 1000.000000000000000 ) ;
#9810 = PLANE ( 'NONE',  #9190 ) ;
#9811 = DIRECTION ( 'NONE',  ( -1.000000000000000000, 0.000000000000000000, 0.000000000000000000 ) ) ;
#9812 = CARTESIAN_POINT ( 'NONE',  ( -6.799148781361641802, 5.199999797239276411, -3.786230920366841757E-11 ) ) ;
#9813 = ORIENTED_EDGE ( 'NONE', *, *, #1002, .F. ) ;
#9814 = VECTOR ( 'NONE', #5272, 1000.000000000000000 ) ;
#9815 = DIRECTION ( 'NONE',  ( 0.6416822328233690031, -0.7669706070501109973, 0.000000000000000000 ) ) ;
#9816 = EDGE_CURVE ( 'NONE', #5287, #4266, #4793, .T. ) ;
#9817 = CARTESIAN_POINT ( 'NONE',  ( 1.398763768416340092, 42.00662435112040072, 18.75000000000000000 ) ) ;
#9818 = LINE ( 'NONE', #9033, #9178 ) ;
#9819 = EDGE_LOOP ( 'NONE', ( #579, #1592, #5088, #9091 ) ) ;
#9820 = CARTESIAN_POINT ( 'NONE',  ( 8.400000149011610517, 10.40000000000000036, 20.30798891649669002 ) ) ;
#9821 = B_SPLINE_CURVE_WITH_KNOTS ( 'NONE', 3,
 ( #8391, #2832, #4440, #8433, #6112, #3615, #2099, #6790, #1361, #8484, #10148, #6010, #9162, #9265, #2152, #7711, #2043, #7603, #4589, #3021, #9993, #3960 ),
 .UNSPECIFIED., .F., .F.,
 ( 4, 2, 1, 1, 1, 2, 2, 2, 1, 1, 1, 2, 2, 4 ),
 ( 0.000000000000000000, 0.1250000000000048017, 0.1875000000000087153, 0.2187500000000101308, 0.2343750000000104361, 0.2421875000000113520, 0.2500000000000122680, 0.3750000000000073830, 0.4375000000000036637, 0.4687500000000017764, 0.4843750000000003331, 0.4921874999999996114, 0.4999999999999988898, 1.000000000000000000 ),
 .UNSPECIFIED. ) ;
#9822 = VECTOR ( 'NONE', #7743, 1000.000000000000000 ) ;
#9823 = ORIENTED_EDGE ( 'NONE', *, *, #5916, .F. ) ;
#9824 = CARTESIAN_POINT ( 'NONE',  ( 11.60866792719989959, 6.321080919534009190, 13.65927759264029895 ) ) ;
#9825 = CARTESIAN_POINT ( 'NONE',  ( 11.99918698118560378, 23.41477456583723793, 10.34551288419978476 ) ) ;
#9826 = VERTEX_POINT ( 'NONE', #5518 ) ;
#9827 = ORIENTED_EDGE ( 'NONE', *, *, #5331, .F. ) ;
#9828 = EDGE_CURVE ( 'NONE', #4055, #9623, #10298, .T. ) ;
#9829 = CYLINDRICAL_SURFACE ( 'NONE', #6316, 1.174999999999999822 ) ;
#9830 = ORIENTED_EDGE ( 'NONE', *, *, #9616, .T. ) ;
#9831 = VECTOR ( 'NONE', #5610, 1000.000000000000114 ) ;
#9832 = ORIENTED_EDGE ( 'NONE', *, *, #5433, .F. ) ;
#9833 = VERTEX_POINT ( 'NONE', #9518 ) ;
#9834 = EDGE_CURVE ( 'NONE', #3278, #2856, #1456, .T. ) ;
#9835 = CARTESIAN_POINT ( 'NONE',  ( 11.60866792719989959, 7.660623714452109212, 14.47245039100489983 ) ) ;
#9836 = CARTESIAN_POINT ( 'NONE',  ( 4.522176287415599738, 42.21047843797740029, 10.00000000000000000 ) ) ;
#9837 = VERTEX_POINT ( 'NONE', #7803 ) ;
#9838 = EDGE_CURVE ( 'NONE', #9595, #6333, #8684, .T. ) ;
#9839 = CARTESIAN_POINT ( 'NONE',  ( 8.208913643304963870, 22.87621766013159430, 9.468588654324211262 ) ) ;
#9840 = EDGE_CURVE ( 'NONE', #9433, #8215, #1000, .T. ) ;
#9841 = DIRECTION ( 'NONE',  ( 0.000000000000000000, 6.651958409392690315E-15, -1.000000000000000000 ) ) ;
#9842 = DIRECTION ( 'NONE',  ( -0.6683132718461770594, 0.000000000000000000, 0.7438799437236210954 ) ) ;
#9843 = CYLINDRICAL_SURFACE ( 'NONE', #8379, 1.175000000000000488 ) ;
#9844 = DIRECTION ( 'NONE',  ( 0.9709069422338767463, 0.2394571141604768805, 0.000000000000000000 ) ) ;
#9845 = EDGE_CURVE ( 'NONE', #4431, #8615, #5852, .T. ) ;
#9846 = DIRECTION ( 'NONE',  ( 0.2394571141604750486, 0.9709069422338773014, 0.000000000000000000 ) ) ;
#9847 = DIRECTION ( 'NONE',  ( -0.9709069422338768574, -0.2394571141604759368, 0.000000000000000000 ) ) ;
#9848 = AXIS2_PLACEMENT_3D ( 'NONE', #3812, #6259, #2295 ) ;
#9849 = EDGE_LOOP ( 'NONE', ( #7735, #4032, #5949, #8829, #4114 ) ) ;
#9850 = PLANE ( 'NONE',  #8614 ) ;
#9851 = EDGE_CURVE ( 'NONE', #8715, #3456, #3339, .T. ) ;
#9852 = CARTESIAN_POINT ( 'NONE',  ( 10.19653162436939908, 4.429207964088569760, 12.24714128915760014 ) ) ;
#9853 = DIRECTION ( 'NONE',  ( 0.2394571141604759368, -0.9709069422338768574, 0.000000000000000000 ) ) ;
#9854 = FACE_OUTER_BOUND ( 'NONE', #5172, .T. ) ;
#9855 = VERTEX_POINT ( 'NONE', #9629 ) ;
#9856 = ORIENTED_EDGE ( 'NONE', *, *, #7226, .F. ) ;
#9857 = CARTESIAN_POINT ( 'NONE',  ( 17.06621666087569977, 3.899999999999999911, 25.03867152242800387 ) ) ;
#9858 = EDGE_CURVE ( 'NONE', #4420, #4457, #5018, .T. ) ;
#9859 = VECTOR ( 'NONE', #1812, 1000.000000000000000 ) ;
#9860 = CARTESIAN_POINT ( 'NONE',  ( 11.56658433640770234, 0.000000000000000000, 14.13780600281379840 ) ) ;
#9861 = CARTESIAN_POINT ( 'NONE',  ( 19.31222850319089801, 23.42879382145229883, 26.96008042394099746 ) ) ;
#9862 = DIRECTION ( 'NONE',  ( 2.312964686334536862E-15, 1.000000000000000000, 1.503427046117448881E-14 ) ) ;
#9863 = CARTESIAN_POINT ( 'NONE',  ( 27.00000000000000000, 20.00000000000000000, 10.00000000000000000 ) ) ;
#9864 = VECTOR ( 'NONE', #1868, 1000.000000000000000 ) ;
#9865 = CARTESIAN_POINT ( 'NONE',  ( -5.761822931667360592, 36.22642433111679594, 14.37500000000000000 ) ) ;
#9866 = AXIS2_PLACEMENT_3D ( 'NONE', #958, #7313, #8200 ) ;
#9867 = DIRECTION ( 'NONE',  ( 0.000000000000000000, 0.000000000000000000, 1.000000000000000000 ) ) ;
#9868 = VECTOR ( 'NONE', #4408, 1000.000000000000000 ) ;
#9869 = DIRECTION ( 'NONE',  ( -0.6416822328233700024, 0.7669706070501101092, 0.000000000000000000 ) ) ;
#9870 = VECTOR ( 'NONE', #8987, 1000.000000000000227 ) ;
#9871 = ORIENTED_EDGE ( 'NONE', *, *, #6784, .T. ) ;
#9872 = ORIENTED_EDGE ( 'NONE', *, *, #5148, .T. ) ;
#9873 = CARTESIAN_POINT ( 'NONE',  ( 8.625880941505389643, 12.40000000000000036, 16.99833580305769942 ) ) ;
#9874 = AXIS2_PLACEMENT_3D ( 'NONE', #8139, #3408, #2627 ) ;
#9875 = CARTESIAN_POINT ( 'NONE',  ( 11.60866792719990315, 9.471180477590008806, 15.12065831512410519 ) ) ;
#9876 = ORIENTED_EDGE ( 'NONE', *, *, #9934, .F. ) ;
#9877 = EDGE_LOOP ( 'NONE', ( #1499, #6338, #6241, #7173 ) ) ;
#9878 = DIRECTION ( 'NONE',  ( 0.5125766358075110052, -0.4288447525037465957, 0.7438799437236189860 ) ) ;
#9879 = ORIENTED_EDGE ( 'NONE', *, *, #4893, .T. ) ;
#9880 = VECTOR ( 'NONE', #834, 1000.000000000000000 ) ;
#9881 = ORIENTED_EDGE ( 'NONE', *, *, #3045, .T. ) ;
#9882 = ORIENTED_EDGE ( 'NONE', *, *, #2518, .T. ) ;
#9883 = EDGE_LOOP ( 'NONE', ( #3936, #1861, #498, #3630 ) ) ;
#9884 = EDGE_CURVE ( 'NONE', #8857, #8642, #7294, .T. ) ;
#9885 = AXIS2_PLACEMENT_3D ( 'NONE', #1228, #4453, #9277 ) ;
#9886 = PLANE ( 'NONE',  #2540 ) ;
#9887 = CARTESIAN_POINT ( 'NONE',  ( 10.65305563199699179, 5.652621058335506987, 8.602445966555388068 ) ) ;
#9888 = EDGE_LOOP ( 'NONE', ( #1921, #6239, #1189, #2096 ) ) ;
#9889 = DIRECTION ( 'NONE',  ( -1.000000000000000000, 0.000000000000000000, 0.000000000000000000 ) ) ;
#9890 = DIRECTION ( 'NONE',  ( 0.6488699952224920020, 0.1600323674314317046, 0.7438799437236189860 ) ) ;
#9891 = CARTESIAN_POINT ( 'NONE',  ( -2.807510383967168899, 35.30817515512507754, 5.875000000000000000 ) ) ;
#9892 = VECTOR ( 'NONE', #2557, 1000.000000000000114 ) ;
#9893 = EDGE_CURVE ( 'NONE', #8389, #3935, #2674, .T. ) ;
#9894 = PLANE ( 'NONE',  #3698 ) ;
#9895 = ADVANCED_FACE ( 'NONE', ( #6527 ), #8128, .T. ) ;
#9896 = ORIENTED_EDGE ( 'NONE', *, *, #4800, .T. ) ;
#9897 = CARTESIAN_POINT ( 'NONE',  ( 11.17500000000000071, 17.08409838298220151, 10.00000000000000000 ) ) ;
#9898 = ORIENTED_EDGE ( 'NONE', *, *, #5973, .T. ) ;
#9899 = DIRECTION ( 'NONE',  ( 0.000000000000000000, 0.000000000000000000, -1.000000000000000000 ) ) ;
#9900 = EDGE_CURVE ( 'NONE', #1496, #7145, #1670, .T. ) ;
#9901 = LINE ( 'NONE', #1206, #4948 ) ;
#9902 = CARTESIAN_POINT ( 'NONE',  ( 19.29289417248839911, 6.060623714451949695, 23.18198146901380241 ) ) ;
#9903 = ORIENTED_EDGE ( 'NONE', *, *, #2538, .F. ) ;
#9904 = ORIENTED_EDGE ( 'NONE', *, *, #272, .F. ) ;
#9905 = CARTESIAN_POINT ( 'NONE',  ( 8.443327685366348589, 6.056384414448349851, 10.49393734990159999 ) ) ;
#9906 = PLANE ( 'NONE',  #3041 ) ;
#9907 = EDGE_CURVE ( 'NONE', #4431, #9261, #5748, .T. ) ;
#9908 = VERTEX_POINT ( 'NONE', #9008 ) ;
#9909 = LINE ( 'NONE', #5918, #1089 ) ;
#9910 = DIRECTION ( 'NONE',  ( -0.7438799437236197631, 0.000000000000000000, 0.6683132718461786137 ) ) ;
#9911 = DIRECTION ( 'NONE',  ( 0.6488699952224920020, 0.1600323674314317046, 0.7438799437236189860 ) ) ;
#9912 = DIRECTION ( 'NONE',  ( 0.7669706070501109973, 0.6416822328233690031, 0.000000000000000000 ) ) ;
#9913 = ADVANCED_FACE ( 'NONE', ( #6417 ), #9656, .F. ) ;
#9914 = PLANE ( 'NONE',  #307 ) ;
#9915 = DIRECTION ( 'NONE',  ( -0.4472135954999681418, 0.7745966692414791854, -0.4472135954999551521 ) ) ;
#9916 = ORIENTED_EDGE ( 'NONE', *, *, #4743, .T. ) ;
#9917 = CARTESIAN_POINT ( 'NONE',  ( 4.617959133079789780, 41.82211566108390599, 10.00000000000000000 ) ) ;
#9918 = ORIENTED_EDGE ( 'NONE', *, *, #4367, .F. ) ;
#9919 = EDGE_LOOP ( 'NONE', ( #6814, #8662, #4216, #3564, #2985 ) ) ;
#9920 = CARTESIAN_POINT ( 'NONE',  ( 10.35039147541560034, 17.08409838298220151, 11.12153948390419878 ) ) ;
#9921 = VERTEX_POINT ( 'NONE', #9685 ) ;
#9922 = VERTEX_POINT ( 'NONE', #3399 ) ;
#9923 = LINE ( 'NONE', #5936, #5315 ) ;
#9924 = ORIENTED_EDGE ( 'NONE', *, *, #671, .F. ) ;
#9925 = ORIENTED_EDGE ( 'NONE', *, *, #9377, .F. ) ;
#9926 = VECTOR ( 'NONE', #6977, 1000.000000000000114 ) ;
#9927 = EDGE_LOOP ( 'NONE', ( #9106, #6379, #8864, #4916 ) ) ;
#9928 = CARTESIAN_POINT ( 'NONE',  ( 4.407294569202660384, 26.68468045380930320, 10.00000000000000000 ) ) ;
#9929 = CARTESIAN_POINT ( 'NONE',  ( 11.34401640383823384, 4.498295864190394511, 9.293406738396610578 ) ) ;
#9930 = VERTEX_POINT ( 'NONE', #9575 ) ;
#9931 = DIRECTION ( 'NONE',  ( -0.2161664957215430338, 0.9763565158933842358, 0.000000000000000000 ) ) ;
#9932 = VECTOR ( 'NONE', #6359, 1000.000000000000000 ) ;
#9933 = DIRECTION ( 'NONE',  ( -0.6416822328233690031, 0.7669706070501109973, -4.175825077010690242E-16 ) ) ;
#9934 = EDGE_CURVE ( 'NONE', #1706, #4058, #8912, .T. ) ;
#9935 = UNCERTAINTY_MEASURE_WITH_UNIT (LENGTH_MEASURE( 1.000000000000000082E-05 ), #9701, 'distance_accuracy_value', 'NONE');
#9936 = AXIS2_PLACEMENT_3D ( 'NONE', #9118, #10203, #4691 ) ;
#9937 = DIRECTION ( 'NONE',  ( -0.2394571141604759923, 0.9709069422338770794, -1.160069772669551922E-16 ) ) ;
#9938 = AXIS2_PLACEMENT_3D ( 'NONE', #7357, #4086, #9803 ) ;
#9939 = LINE ( 'NONE', #9153, #1805 ) ;
#9940 = EDGE_LOOP ( 'NONE', ( #5359, #1593, #5501, #10047 ) ) ;
#9941 = DIRECTION ( 'NONE',  ( -0.7050014123506237462, -0.07711042191073481933, 0.7050014123506237462 ) ) ;
#9942 = DIRECTION ( 'NONE',  ( 0.6416822328233700024, 0.7669706070501101092, 0.000000000000000000 ) ) ;
#9943 = DIRECTION ( 'NONE',  ( 5.589694649448180229E-15, -1.000000000000000000, -6.651958409392690315E-15 ) ) ;
#9944 = ORIENTED_EDGE ( 'NONE', *, *, #9573, .T. ) ;
#9945 = ORIENTED_EDGE ( 'NONE', *, *, #801, .F. ) ;
#9946 = LINE ( 'NONE', #7125, #2992 ) ;
#9947 = VECTOR ( 'NONE', #6611, 1000.000000000000227 ) ;
#9948 = EDGE_CURVE ( 'NONE', #6132, #2802, #7348, .T. ) ;
#9949 = CARTESIAN_POINT ( 'NONE',  ( 9.337727717604028754, 8.027532784269560295, 9.025104806446689665 ) ) ;
#9950 = CARTESIAN_POINT ( 'NONE',  ( 5.336330475561219977, 38.90939483438229729, 10.00000000000000000 ) ) ;
#9951 = LINE ( 'NONE', #3620, #1697 ) ;
#9952 = VECTOR ( 'NONE', #7851, 1000.000000000000114 ) ;
#9953 = VERTEX_POINT ( 'NONE', #1052 ) ;
#9954 = DIRECTION ( 'NONE',  ( 1.000000000000000000, 0.000000000000000000, 0.000000000000000000 ) ) ;
#9955 = LINE ( 'NONE', #5925, #7104 ) ;
#9956 = EDGE_CURVE ( 'NONE', #6991, #9732, #210, .T. ) ;
#9957 = EDGE_CURVE ( 'NONE', #1898, #4782, #10138, .T. ) ;
#9958 = CARTESIAN_POINT ( 'NONE',  ( 9.649608524584401437, 17.08409838298220151, 8.878460516095799449 ) ) ;
#9959 = AXIS2_PLACEMENT_3D ( 'NONE', #872, #1652, #2386 ) ;
#9960 = EDGE_CURVE ( 'NONE', #6024, #3780, #1882, .T. ) ;
#9961 = ORIENTED_EDGE ( 'NONE', *, *, #1693, .T. ) ;
#9962 = PLANE ( 'NONE',  #9374 ) ;
#9963 = ORIENTED_EDGE ( 'NONE', *, *, #4121, .F. ) ;
#9964 = CIRCLE ( 'NONE', #7322, 1.000000000000000888 ) ;
#9965 = CARTESIAN_POINT ( 'NONE',  ( 11.95104068419111520, 23.29112143555015635, 10.39623414755028463 ) ) ;
#9966 = LINE ( 'NONE', #2115, #9100 ) ;
#9967 = EDGE_CURVE ( 'NONE', #1496, #2219, #8964, .T. ) ;
#9968 = ORIENTED_EDGE ( 'NONE', *, *, #6910, .F. ) ;
#9969 = DIRECTION ( 'NONE',  ( 0.5705340520101069846, 0.4773345432410950329, -0.6683132718461780586 ) ) ;
#9970 = CARTESIAN_POINT ( 'NONE',  ( 9.998613665375520654, 11.64911931636470044, 8.825000817840150447 ) ) ;
#9971 = ORIENTED_EDGE ( 'NONE', *, *, #173, .F. ) ;
#9972 = DIRECTION ( 'NONE',  ( 0.000000000000000000, 0.000000000000000000, 1.000000000000000000 ) ) ;
#9973 = ORIENTED_EDGE ( 'NONE', *, *, #7376, .T. ) ;
#9974 = EDGE_CURVE ( 'NONE', #5508, #5226, #8818, .T. ) ;
#9975 = AXIS2_PLACEMENT_3D ( 'NONE', #3551, #458, #7642 ) ;
#9976 = ORIENTED_EDGE ( 'NONE', *, *, #2010, .F. ) ;
#9977 = PLANE ( 'NONE',  #3033 ) ;
#9978 = CARTESIAN_POINT ( 'NONE',  ( 7.198765017708380398, 42.87061195363209976, 13.06850476785990089 ) ) ;
#9979 = VERTEX_POINT ( 'NONE', #8233 ) ;
#9980 = PLANE ( 'NONE',  #8792 ) ;
#9981 = DIRECTION ( 'NONE',  ( -0.9709069422338768574, -0.2394571141604761311, 0.000000000000000000 ) ) ;
#9982 = LINE ( 'NONE', #2029, #3521 ) ;
#9983 = AXIS2_PLACEMENT_3D ( 'NONE', #6275, #10266, #9435 ) ;
#9984 = FACE_OUTER_BOUND ( 'NONE', #573, .T. ) ;
#9985 = CARTESIAN_POINT ( 'NONE',  ( 15.49775522372589975, 6.461666001407849969, 11.60866792719929919 ) ) ;
#9986 = VERTEX_POINT ( 'NONE', #1101 ) ;
#9987 = DIRECTION ( 'NONE',  ( 0.2394571141604778242, 0.9709069422338764133, -3.453153041483682278E-17 ) ) ;
#9988 = DIRECTION ( 'NONE',  ( 0.7669706070501109973, -0.6416822328233690031, 0.000000000000000000 ) ) ;
#9989 = CARTESIAN_POINT ( 'NONE',  ( 18.87742674621620154, 43.22596285299960073, 13.40325074253560089 ) ) ;
#9990 = ORIENTED_EDGE ( 'NONE', *, *, #286, .F. ) ;
#9991 = VERTEX_POINT ( 'NONE', #5897 ) ;
#9992 = FACE_OUTER_BOUND ( 'NONE', #6450, .T. ) ;
#9993 = CARTESIAN_POINT ( 'NONE',  ( 11.78412203540488790, 22.85745005346658232, 9.464694073465578228 ) ) ;
#9994 = ORIENTED_EDGE ( 'NONE', *, *, #1040, .T. ) ;
#9995 = DIRECTION ( 'NONE',  ( -6.505213034913027393E-15, 1.000000000000000000, 6.505213034913027393E-15 ) ) ;
#9996 = CIRCLE ( 'NONE', #7516, 4.174999999999999822 ) ;
#9997 = CARTESIAN_POINT ( 'NONE',  ( 19.31222850319100104, 8.705311857226009309, 23.20131579971639724 ) ) ;
#9998 = LINE ( 'NONE', #10053, #8658 ) ;
#9999 = EDGE_LOOP ( 'NONE', ( #5555, #3845, #7727, #6121, #4562, #2615, #1389, #7258, #3050, #8907, #2430 ) ) ;
#10000 = ADVANCED_FACE ( 'NONE', ( #6049 ), #5673, .T. ) ;
#10001 = LINE ( 'NONE', #6751, #6838 ) ;
#10002 = DIRECTION ( 'NONE',  ( -0.9709069422338771904, -0.2394571141604752429, 0.000000000000000000 ) ) ;
#10003 = EDGE_LOOP ( 'NONE', ( #9487, #8499, #1466, #8606 ) ) ;
#10004 = CIRCLE ( 'NONE', #3695, 1.599999999999999867 ) ;
#10005 = LINE ( 'NONE', #6122, #5378 ) ;
#10006 = EDGE_CURVE ( 'NONE', #2082, #9636, #7647, .T. ) ;
#10007 = ORIENTED_EDGE ( 'NONE', *, *, #3604, .F. ) ;
#10008 = CARTESIAN_POINT ( 'NONE',  ( 16.41015061364674565, 3.800000098457484210, 24.69118421113288875 ) ) ;
#10009 = EDGE_CURVE ( 'NONE', #1703, #4886, #1347, .T. ) ;
#10010 = VECTOR ( 'NONE', #2859, 1000.000000000000000 ) ;
#10011 = EDGE_LOOP ( 'NONE', ( #9086, #8359, #2738, #10022 ) ) ;
#10012 = EDGE_CURVE ( 'NONE', #8423, #3588, #2723, .T. ) ;
#10013 = VECTOR ( 'NONE', #7038, 1000.000000000000000 ) ;
#10014 = DIRECTION ( 'NONE',  ( -0.7669706070501114414, 0.6416822328233685591, 0.000000000000000000 ) ) ;
#10015 = EDGE_CURVE ( 'NONE', #10093, #5913, #2177, .T. ) ;
#10016 = CARTESIAN_POINT ( 'NONE',  ( 8.822363228327557039, 11.63123866666930084, 10.00000000000000000 ) ) ;
#10017 = ORIENTED_EDGE ( 'NONE', *, *, #2323, .T. ) ;
#10018 = VERTEX_POINT ( 'NONE', #3692 ) ;
#10019 = CARTESIAN_POINT ( 'NONE',  ( 12.54323463782180070, 42.52225726859639821, 13.25447475379079876 ) ) ;
#10020 = CYLINDRICAL_SURFACE ( 'NONE', #3511, 3.149999999999999467 ) ;
#10021 = CIRCLE ( 'NONE', #403, 4.575000000000001066 ) ;
#10022 = ORIENTED_EDGE ( 'NONE', *, *, #9315, .F. ) ;
#10023 = AXIS2_PLACEMENT_3D ( 'NONE', #1634, #8707, #4815 ) ;
#10024 = APPLICATION_PROTOCOL_DEFINITION ( 'draft international standard', 'automotive_design', 1998, #3670 ) ;
#10025 = VERTEX_POINT ( 'NONE', #8328 ) ;
#10026 = ADVANCED_FACE ( 'NONE', ( #1149 ), #8418, .T. ) ;
#10027 = ORIENTED_EDGE ( 'NONE', *, *, #8545, .F. ) ;
#10028 = AXIS2_PLACEMENT_3D ( 'NONE', #5189, #4307, #6755 ) ;
#10029 = DIRECTION ( 'NONE',  ( 1.863867409562341178E-16, -0.000000000000000000, -1.000000000000000000 ) ) ;
#10030 = FACE_OUTER_BOUND ( 'NONE', #4900, .T. ) ;
#10031 = DIRECTION ( 'NONE',  ( 0.6683132718461770594, 0.000000000000000000, -0.7438799437236210954 ) ) ;
#10032 = ADVANCED_FACE ( 'NONE', ( #6774 ), #5117, .T. ) ;
#10034 = EDGE_LOOP ( 'NONE', ( #8272, #6936, #8315, #5034 ) ) ;
#10033 = VECTOR ( 'NONE', #9501, 1000.000000000000227 ) ;
#10035 = CARTESIAN_POINT ( 'NONE',  ( 10.00000000000000000, -3.399999999999999911, 10.00000000000000000 ) ) ;
#10036 = FACE_OUTER_BOUND ( 'NONE', #5917, .T. ) ;
#10037 = AXIS2_PLACEMENT_3D ( 'NONE', #3079, #4135, #9749 ) ;
#10038 = VECTOR ( 'NONE', #1455, 1000.000000000000114 ) ;
#10039 = DIRECTION ( 'NONE',  ( 0.000000000000000000, -1.000000000000000000, 0.000000000000000000 ) ) ;
#10040 = FACE_OUTER_BOUND ( 'NONE', #6995, .T. ) ;
#10041 = VERTEX_POINT ( 'NONE', #2915 ) ;
#10042 = CARTESIAN_POINT ( 'NONE',  ( 19.88181694800003640, 20.66205238419158263, 15.42704422652423446 ) ) ;
#10043 = DIRECTION ( 'NONE',  ( 3.965082230804130713E-16, 0.000000000000000000, -1.000000000000000000 ) ) ;
#10044 = CARTESIAN_POINT ( 'NONE',  ( 12.16168829138660001, -2.600000000000000089, 13.60315538533689939 ) ) ;
#10045 = ORIENTED_EDGE ( 'NONE', *, *, #2916, .F. ) ;
#10046 = VECTOR ( 'NONE', #7419, 1000.000000000000000 ) ;
#10047 = ORIENTED_EDGE ( 'NONE', *, *, #3796, .F. ) ;
#10048 = CARTESIAN_POINT ( 'NONE',  ( 8.938408008730140963, 8.287516578138554024, 9.473403636075088841 ) ) ;
#10049 = FACE_OUTER_BOUND ( 'NONE', #4856, .T. ) ;
#10050 = ORIENTED_EDGE ( 'NONE', *, *, #6605, .T. ) ;
#10051 = CARTESIAN_POINT ( 'NONE',  ( 10.21842360753830725, 9.413222596927843355, 8.845476637878146420 ) ) ;
#10052 = LINE ( 'NONE', #5276, #1320 ) ;
#10053 = CARTESIAN_POINT ( 'NONE',  ( 19.59176679976430080, 24.37169620228269906, 24.76784900061840133 ) ) ;
#10054 = ORIENTED_EDGE ( 'NONE', *, *, #9393, .T. ) ;
#10055 = CARTESIAN_POINT ( 'NONE',  ( 26.00000000000000000, 20.10937626586250104, 20.00000000000000000 ) ) ;
#10056 = CARTESIAN_POINT ( 'NONE',  ( 15.00278047689559990, 10.91062371445209855, 17.05339014233599926 ) ) ;
#10057 = ORIENTED_EDGE ( 'NONE', *, *, #5090, .T. ) ;
#10058 = CARTESIAN_POINT ( 'NONE',  ( 9.600000149011600925, 10.40000000000000036, 25.00000029802320256 ) ) ;
#10059 = EDGE_CURVE ( 'NONE', #6572, #4515, #9982, .T. ) ;
#10060 = ORIENTED_EDGE ( 'NONE', *, *, #1429, .F. ) ;
#10061 = FACE_OUTER_BOUND ( 'NONE', #6666, .T. ) ;
#10062 = ORIENTED_EDGE ( 'NONE', *, *, #9900, .T. ) ;
#10063 = DIRECTION ( 'NONE',  ( -0.9238795325112870716, 0.000000000000000000, -0.3826834323650890601 ) ) ;
#10064 = ORIENTED_EDGE ( 'NONE', *, *, #2801, .T. ) ;
#10065 = ORIENTED_EDGE ( 'NONE', *, *, #3171, .F. ) ;
#10066 = FACE_OUTER_BOUND ( 'NONE', #4195, .T. ) ;
#10067 = LINE ( 'NONE', #845, #7130 ) ;
#10068 = ORIENTED_EDGE ( 'NONE', *, *, #6605, .F. ) ;
#10069 = VERTEX_POINT ( 'NONE', #2818 ) ;
#10070 = ADVANCED_FACE ( 'NONE', ( #2133 ), #5214, .T. ) ;
#10071 = EDGE_CURVE ( 'NONE', #8164, #5322, #5304, .T. ) ;
#10072 = ORIENTED_EDGE ( 'NONE', *, *, #2787, .F. ) ;
#10073 = PLANE ( 'NONE',  #7849 ) ;
#10074 = CARTESIAN_POINT ( 'NONE',  ( 11.89699190380370553, 4.435841703397153779, 9.846382238362075157 ) ) ;
#10075 = EDGE_LOOP ( 'NONE', ( #3953, #7989, #6570, #68 ) ) ;
#10076 = EDGE_LOOP ( 'NONE', ( #3777, #6884, #1530, #7312, #7828 ) ) ;
#10077 = DIRECTION ( 'NONE',  ( -0.9709069422338768574, 0.2394571141604761311, 0.000000000000000000 ) ) ;
#10078 = ADVANCED_FACE ( 'NONE', ( #413 ), #1978, .F. ) ;
#10079 = EDGE_CURVE ( 'NONE', #10116, #2950, #8467, .T. ) ;
#10080 = DIRECTION ( 'NONE',  ( -0.9709069422338770794, 0.2394571141604749931, 0.000000000000000000 ) ) ;
#10081 = VECTOR ( 'NONE', #2205, 1000.000000000000000 ) ;
#10082 = EDGE_CURVE ( 'NONE', #2004, #920, #4426, .T. ) ;
#10083 = FACE_OUTER_BOUND ( 'NONE', #4215, .T. ) ;
#10084 = ORIENTED_EDGE ( 'NONE', *, *, #1666, .F. ) ;
#10085 = DIRECTION ( 'NONE',  ( 0.9453579955214131969, 0.3260341397825320953, 0.000000000000000000 ) ) ;
#10086 = ORIENTED_EDGE ( 'NONE', *, *, #1951, .F. ) ;
#10087 = CARTESIAN_POINT ( 'NONE',  ( -5.887585101519333897, 38.98963406896559292, 5.875000000000000000 ) ) ;
#10088 = VECTOR ( 'NONE', #5908, 1000.000000000000114 ) ;
#10089 = CARTESIAN_POINT ( 'NONE',  ( 7.243207753634520074, -4.700000000000000178, 13.06850476785990089 ) ) ;
#10090 = LINE ( 'NONE', #1354, #606 ) ;
#10091 = DIRECTION ( 'NONE',  ( -0.2394571141604759923, -0.9709069422338770794, -6.123233995736759873E-17 ) ) ;
#10092 = CARTESIAN_POINT ( 'NONE',  ( 7.868805379184452775, 23.74872868727610253, 10.09165502726264485 ) ) ;
#10093 = VERTEX_POINT ( 'NONE', #9891 ) ;
#10094 = DIRECTION ( 'NONE',  ( -0.5705340520101077617, -0.4773345432410947553, 0.6683132718461777255 ) ) ;
#10095 = DIRECTION ( 'NONE',  ( 8.410780489584519664E-16, 0.000000000000000000, -1.000000000000000000 ) ) ;
#10096 = VECTOR ( 'NONE', #3847, 1000.000000000000227 ) ;
#10097 = AXIS2_PLACEMENT_3D ( 'NONE', #6372, #9474, #630 ) ;
#10098 = ADVANCED_FACE ( 'NONE', ( #7588 ), #364, .F. ) ;
#10099 = CARTESIAN_POINT ( 'NONE',  ( 20.20599999999999952, 0.000000000000000000, 7.213248654051860775 ) ) ;
#10100 = DIRECTION ( 'NONE',  ( 0.6683132718461772814, 0.000000000000000000, -0.7438799437236209844 ) ) ;
#10101 = VERTEX_POINT ( 'NONE', #6730 ) ;
#10102 = LINE ( 'NONE', #3077, #863 ) ;
#10103 = CARTESIAN_POINT ( 'NONE',  ( 14.47245039100540076, 7.660623714452159838, 11.60866792719929919 ) ) ;
#10104 = VECTOR ( 'NONE', #5045, 1000.000000000000000 ) ;
#10105 = CARTESIAN_POINT ( 'NONE',  ( -14.55854136924701336, 0.000000000000000000, 9.200000010607794820 ) ) ;
#10106 = ORIENTED_EDGE ( 'NONE', *, *, #3277, .T. ) ;
#10107 = DIRECTION ( 'NONE',  ( 0.000000000000000000, -2.558264100334658768E-12, 1.000000000000000000 ) ) ;
#10108 = CARTESIAN_POINT ( 'NONE',  ( 10.73881113185200498, 3.411526763868747203, 10.92220142133592020 ) ) ;
#10109 = VERTEX_POINT ( 'NONE', #3645 ) ;
#10110 = DIRECTION ( 'NONE',  ( -1.000000000000000000, 0.000000000000000000, 0.000000000000000000 ) ) ;
#10111 = AXIS2_PLACEMENT_3D ( 'NONE', #7507, #9062, #3513 ) ;
#10112 = ORIENTED_EDGE ( 'NONE', *, *, #2146, .F. ) ;
#10113 = ADVANCED_FACE ( 'NONE', ( #10036 ), #9304, .F. ) ;
#10114 = LINE ( 'NONE', #5196, #8103 ) ;
#10115 = ORIENTED_EDGE ( 'NONE', *, *, #5865, .T. ) ;
#10116 = VERTEX_POINT ( 'NONE', #7060 ) ;
#10117 = AXIS2_PLACEMENT_3D ( 'NONE', #2913, #5894, #3504 ) ;
#10118 = DIRECTION ( 'NONE',  ( -0.3099752105710859573, 0.8987940462991672597, -0.3099752105710732453 ) ) ;
#10119 = PLANE ( 'NONE',  #5839 ) ;
#10120 = ORIENTED_EDGE ( 'NONE', *, *, #8444, .F. ) ;
#10121 = LINE ( 'NONE', #10171, #212 ) ;
#10122 = VECTOR ( 'NONE', #3105, 999.9999999999998863 ) ;
#10123 = ORIENTED_EDGE ( 'NONE', *, *, #9565, .T. ) ;
#10124 = DIRECTION ( 'NONE',  ( 0.2394571141604768805, 0.9709069422338766353, 1.160069772669549456E-15 ) ) ;
#10125 = CARTESIAN_POINT ( 'NONE',  ( 9.169149532050450802, 7.660623714533939754, 9.169149532161529947 ) ) ;
#10126 = EDGE_CURVE ( 'NONE', #5176, #9337, #2277, .T. ) ;
#10127 = EDGE_LOOP ( 'NONE', ( #8958, #2599, #5050, #1744 ) ) ;
#10128 = ORIENTED_EDGE ( 'NONE', *, *, #156, .T. ) ;
#10129 = CARTESIAN_POINT ( 'NONE',  ( -6.718406970965739688, 35.42610294125150006, 13.25447475379079876 ) ) ;
#10130 = CARTESIAN_POINT ( 'NONE',  ( 9.060572322177234739, 10.01627442530587153, 10.70668720793529438 ) ) ;
#10131 = AXIS2_PLACEMENT_3D ( 'NONE', #3464, #7463, #4975 ) ;
#10132 = DIRECTION ( 'NONE',  ( 0.000000000000000000, 0.000000000000000000, 1.000000000000000000 ) ) ;
#10133 = EDGE_CURVE ( 'NONE', #4184, #1152, #9351, .T. ) ;
#10134 = PLANE ( 'NONE',  #207 ) ;
#10135 = EDGE_LOOP ( 'NONE', ( #5599, #7904, #870, #2998 ) ) ;
#10136 = EDGE_CURVE ( 'NONE', #7436, #6715, #7843, .T. ) ;
#10137 = LINE ( 'NONE', #8624, #10096 ) ;
#10138 = CIRCLE ( 'NONE', #6826, 4.575000000000001066 ) ;
#10139 = ORIENTED_EDGE ( 'NONE', *, *, #5273, .F. ) ;
#10140 = FACE_OUTER_BOUND ( 'NONE', #1651, .T. ) ;
#10141 = EDGE_CURVE ( 'NONE', #6029, #4763, #6297, .T. ) ;
#10142 = DIRECTION ( 'NONE',  ( -0.7438799437236206513, 0.000000000000000000, -0.6683132718461777255 ) ) ;
#10143 = LINE ( 'NONE', #3804, #9926 ) ;
#10145 = EDGE_CURVE ( 'NONE', #9068, #10152, #7008, .T. ) ;
#10144 = LINE ( 'NONE', #5574, #8613 ) ;
#10146 = DIRECTION ( 'NONE',  ( 0.2161664957215420624, 0.9763565158933844579, 0.000000000000000000 ) ) ;
#10147 = CARTESIAN_POINT ( 'NONE',  ( 10.00000000000000000, 42.84051189585739650, 0.000000000000000000 ) ) ;
#10148 = CARTESIAN_POINT ( 'NONE',  ( 12.04532789323526387, 23.53229516748994854, 9.714133183260752702 ) ) ;
#10149 = EDGE_CURVE ( 'NONE', #1556, #9986, #559, .T. ) ;
#10150 = CARTESIAN_POINT ( 'NONE',  ( 11.17494800264730159, 3.443602466735860013, 9.999632669074420832 ) ) ;
#10151 = DIRECTION ( 'NONE',  ( 0.6416822328233700024, 0.7669706070501101092, 0.000000000000000000 ) ) ;
#10152 = VERTEX_POINT ( 'NONE', #8618 ) ;
#10153 = DIRECTION ( 'NONE',  ( -0.6416822328233690031, 0.7669706070501109973, 0.000000000000000000 ) ) ;
#10154 = DIRECTION ( 'NONE',  ( 0.000000000000000000, -1.000000000000000000, -6.877659200328461137E-15 ) ) ;
#10156 = EDGE_CURVE ( 'NONE', #3477, #9991, #2232, .T. ) ;
#10155 = CARTESIAN_POINT ( 'NONE',  ( 9.167479353217769855, 7.655352336274470204, 9.170822112950011373 ) ) ;
#10157 = ORIENTED_EDGE ( 'NONE', *, *, #286, .T. ) ;
#10158 = DIRECTION ( 'NONE',  ( 3.579185509607550877E-15, -0.5773502691896159611, -0.8164965809277330289 ) ) ;
#10159 = CIRCLE ( 'NONE', #5194, 4.575000000000001066 ) ;
#10160 = CARTESIAN_POINT ( 'NONE',  ( 12.04102171664560039, 42.33712980129509873, 0.000000000000000000 ) ) ;
#10161 = ORIENTED_EDGE ( 'NONE', *, *, #7504, .F. ) ;
#10162 = FACE_OUTER_BOUND ( 'NONE', #8491, .T. ) ;
#10163 = CARTESIAN_POINT ( 'NONE',  ( 22.08205337161830428, 24.15613362469549941, 26.50029093035670158 ) ) ;
#10164 = EDGE_LOOP ( 'NONE', ( #1733, #868, #6777, #9762 ) ) ;
#10165 = CIRCLE ( 'NONE', #3177, 3.250000000000000444 ) ;
#10166 = DIRECTION ( 'NONE',  ( -0.6903883132438831671, -0.1528527949900360672, -0.7071067811865475727 ) ) ;
#10167 = VECTOR ( 'NONE', #4336, 1000.000000000000000 ) ;
#10168 = EDGE_LOOP ( 'NONE', ( #8458, #1781, #1844, #3195, #8172 ) ) ;
#10169 = LINE ( 'NONE', #6085, #1730 ) ;
#10170 = VERTEX_POINT ( 'NONE', #6350 ) ;
#10171 = CARTESIAN_POINT ( 'NONE',  ( 32.90569407501661203, 6.452847037508305128, -5.952847037508304240 ) ) ;
#10172 = AXIS2_PLACEMENT_3D ( 'NONE', #9719, #5044, #8883 ) ;
#10173 = CARTESIAN_POINT ( 'NONE',  ( 10.66546200032460057, 4.530436159270049501, 9.001185946185550790 ) ) ;
#10174 = VECTOR ( 'NONE', #6459, 999.9999999999998863 ) ;
#10175 = ORIENTED_EDGE ( 'NONE', *, *, #2645, .T. ) ;
#10176 = CARTESIAN_POINT ( 'NONE',  ( 15.38204086692019956, 41.82211566108390599, 10.00000000000000000 ) ) ;
#10177 = AXIS2_PLACEMENT_3D ( 'NONE', #39, #3230, #9571 ) ;
#10178 = ORIENTED_EDGE ( 'NONE', *, *, #18, .F. ) ;
#10179 = AXIS2_PLACEMENT_3D ( 'NONE', #9431, #3928, #7043 ) ;
#10180 = CARTESIAN_POINT ( 'NONE',  ( 1.874935749645579852, 40.73361127667779868, 13.25447475379079876 ) ) ;
#10181 = CARTESIAN_POINT ( 'NONE',  ( 8.847125755628898247, 9.434259812440512150, 10.23437198681185833 ) ) ;
#10182 = DIRECTION ( 'NONE',  ( 0.000000000000000000, -1.000000000000000000, 0.000000000000000000 ) ) ;
#10183 = EDGE_CURVE ( 'NONE', #4293, #1776, #761, .T. ) ;
#10184 = AXIS2_PLACEMENT_3D ( 'NONE', #8737, #8682, #7909 ) ;
#10185 = FACE_BOUND ( 'NONE', #1365, .T. ) ;
#10186 = ORIENTED_EDGE ( 'NONE', *, *, #2714, .F. ) ;
#10187 = VECTOR ( 'NONE', #12, 1000.000000000000000 ) ;
#10188 = CARTESIAN_POINT ( 'NONE',  ( 11.00614538113402041, 4.410791782036265651, 11.92649069607609924 ) ) ;
#10189 = CARTESIAN_POINT ( 'NONE',  ( 15.10884649407599944, 6.060623714451949695, 22.17991430594079816 ) ) ;
#10190 = DIRECTION ( 'NONE',  ( -0.2894986245040652717, 0.7996948549747782131, -0.5260025525956339987 ) ) ;
#10191 = EDGE_CURVE ( 'NONE', #742, #6104, #9401, .T. ) ;
#10192 = CARTESIAN_POINT ( 'NONE',  ( 8.265511098465983864, 22.72369758926628336, 10.56306171853140086 ) ) ;
#10193 = VECTOR ( 'NONE', #3176, 1000.000000000000227 ) ;
#10194 = LINE ( 'NONE', #6205, #2569 ) ;
#10195 = DIRECTION ( 'NONE',  ( 0.6416822328233700024, 0.7669706070501099981, 0.000000000000000000 ) ) ;
#10196 = LINE ( 'NONE', #5466, #3334 ) ;
#10197 = VECTOR ( 'NONE', #8521, 1000.000000000000000 ) ;
#10198 = ADVANCED_FACE ( 'NONE', ( #605 ), #2332, .T. ) ;
#10199 = DIRECTION ( 'NONE',  ( -0.2394571141604759368, 0.9709069422338768574, 0.000000000000000000 ) ) ;
#10200 = EDGE_CURVE ( 'NONE', #6715, #3494, #1671, .T. ) ;
#10201 = EDGE_CURVE ( 'NONE', #3780, #2223, #3835, .T. ) ;
#10202 = AXIS2_PLACEMENT_3D ( 'NONE', #5519, #7912, #3123 ) ;
#10203 = DIRECTION ( 'NONE',  ( 0.6416822328233690031, 0.7669706070501109973, 0.000000000000000000 ) ) ;
#10204 = LINE ( 'NONE', #1416, #9334 ) ;
#10205 = ORIENTED_EDGE ( 'NONE', *, *, #9123, .F. ) ;
#10206 = DIRECTION ( 'NONE',  ( -0.7071067811865480168, -8.656155890839410104E-15, 0.7071067811865470176 ) ) ;
#10207 = AXIS2_PLACEMENT_3D ( 'NONE', #8594, #9593, #4650 ) ;
#10208 = CARTESIAN_POINT ( 'NONE',  ( 27.75489626945383037, 37.94888962285652667, 10.00000000000000000 ) ) ;
#10209 = PLANE ( 'NONE',  #10037 ) ;
#10210 = CARTESIAN_POINT ( 'NONE',  ( 9.040753879234999957, 7.189674709435509570, 9.298039018660661625 ) ) ;
#10211 = ORIENTED_EDGE ( 'NONE', *, *, #346, .F. ) ;
#10212 = ORIENTED_EDGE ( 'NONE', *, *, #2602, .T. ) ;
#10213 = EDGE_CURVE ( 'NONE', #1064, #1351, #6513, .T. ) ;
#10214 = EDGE_CURVE ( 'NONE', #1351, #7524, #9502, .T. ) ;
#10215 = CARTESIAN_POINT ( 'NONE',  ( 4.617959133079780898, 41.82211566108390599, 5.875000000000000000 ) ) ;
#10216 = ORIENTED_EDGE ( 'NONE', *, *, #6964, .F. ) ;
#10217 = CARTESIAN_POINT ( 'NONE',  ( 29.35854107291500270, 46.44749149940778921, 26.22427590715502177 ) ) ;
#10218 = EDGE_CURVE ( 'NONE', #5772, #1739, #10232, .T. ) ;
#10219 = LINE ( 'NONE', #3090, #3714 ) ;
#10220 = ORIENTED_EDGE ( 'NONE', *, *, #4119, .F. ) ;
#10221 = FACE_OUTER_BOUND ( 'NONE', #9610, .T. ) ;
#10222 = DIRECTION ( 'NONE',  ( 0.7071067811865464625, -2.071311613106634660E-15, 0.7071067811865485719 ) ) ;
#10223 = EDGE_LOOP ( 'NONE', ( #4932, #7280, #5651, #8704, #6898, #5787 ) ) ;
#10224 = DIRECTION ( 'NONE',  ( -0.6488699952224910028, 0.1600323674314301781, -0.7438799437236200962 ) ) ;
#10225 = VERTEX_POINT ( 'NONE', #5561 ) ;
#10226 = EDGE_LOOP ( 'NONE', ( #9422, #8281, #4894, #1850, #3785 ) ) ;
#10227 = CARTESIAN_POINT ( 'NONE',  ( 11.11373483926719885, 3.409342754822840327, 10.45981581550780071 ) ) ;
#10228 = ORIENTED_EDGE ( 'NONE', *, *, #3723, .F. ) ;
#10229 = DIRECTION ( 'NONE',  ( -0.2394571141604768805, 0.9709069422338766353, 0.000000000000000000 ) ) ;
#10230 = ORIENTED_EDGE ( 'NONE', *, *, #5888, .T. ) ;
#10231 = CARTESIAN_POINT ( 'NONE',  ( 23.77677344705620044, 38.93027108415750348, 14.12500000000000000 ) ) ;
#10232 = LINE ( 'NONE', #8726, #180 ) ;
#10233 = CARTESIAN_POINT ( 'NONE',  ( 9.549730069031808100, 8.415790659045841338, 8.914517978056098357 ) ) ;
#10234 = DIRECTION ( 'NONE',  ( -0.6546536707079775308, 0.6546536707079775308, -0.3779644730092257543 ) ) ;
#10235 = ORIENTED_EDGE ( 'NONE', *, *, #4050, .T. ) ;
#10236 = CARTESIAN_POINT ( 'NONE',  ( 23.78908825020099727, 6.019182658297029143, 19.90000095367430077 ) ) ;
#10237 = CARTESIAN_POINT ( 'NONE',  ( 24.92188900667309781, 33.53919055104709912, 13.06850476785990089 ) ) ;
#10238 = CARTESIAN_POINT ( 'NONE',  ( -4.732557082437258700, 37.60908697627538544, 5.875000000000000000 ) ) ;
#10239 = CARTESIAN_POINT ( 'NONE',  ( 8.801775870561517223, 5.172175809512357780, 10.85238553600190770 ) ) ;
#10240 = EDGE_CURVE ( 'NONE', #1707, #3332, #1491, .T. ) ;
#10241 = CARTESIAN_POINT ( 'NONE',  ( 10.00000052222433666, 4.700000284413974327, 0.000000000000000000 ) ) ;
#10242 = VECTOR ( 'NONE', #5077, 1000.000000000000000 ) ;
#10243 = LINE ( 'NONE', #1668, #5386 ) ;
#10244 = LINE ( 'NONE', #7857, #4896 ) ;
#10245 = DIRECTION ( 'NONE',  ( 0.7071067811865500152, 1.216707747184810167E-14, -0.7071067811865450192 ) ) ;
#10246 = CYLINDRICAL_SURFACE ( 'NONE', #10202, 4.375000000000000000 ) ;
#10247 = CARTESIAN_POINT ( 'NONE',  ( 34.55854145947857603, 0.000000000000000000, 9.200000000034249226 ) ) ;
#10248 = DIRECTION ( 'NONE',  ( -0.6416822328233690031, -0.7669706070501109973, 0.000000000000000000 ) ) ;
#10249 = ORIENTED_EDGE ( 'NONE', *, *, #6148, .F. ) ;
#10250 = DIRECTION ( 'NONE',  ( -0.6355433650282369396, -0.4383711467890769597, -0.6355433650282369396 ) ) ;
#10251 = DIRECTION ( 'NONE',  ( -0.7071067811865490160, -2.038491089455054850E-30, 0.7071067811865460184 ) ) ;
#10252 = DIRECTION ( 'NONE',  ( 0.7050014123506250785, -0.07711042191071061647, -0.7050014123506250785 ) ) ;
#10253 = ADVANCED_FACE ( 'NONE', ( #5356 ), #7897, .F. ) ;
#10254 = CARTESIAN_POINT ( 'NONE',  ( 9.097594349304090500, 3.805475904332100257, 10.90101586488119878 ) ) ;
#10255 = ORIENTED_EDGE ( 'NONE', *, *, #7086, .F. ) ;
#10256 = VECTOR ( 'NONE', #1253, 1000.000000000000000 ) ;
#10257 = DIRECTION ( 'NONE',  ( 0.000000000000000000, -1.000000000000000000, 0.000000000000000000 ) ) ;
#10258 = AXIS2_PLACEMENT_3D ( 'NONE', #120, #337, #9761 ) ;
#10259 = DIRECTION ( 'NONE',  ( 0.000000000000000000, 0.000000000000000000, -1.000000000000000000 ) ) ;
#10260 = CARTESIAN_POINT ( 'NONE',  ( 16.31092799574890151, 14.08562371445150063, 16.31092804843200028 ) ) ;
#10261 = VERTEX_POINT ( 'NONE', #5406 ) ;
#10262 = DIRECTION ( 'NONE',  ( 1.000000000000000000, 0.000000000000000000, 0.000000000000000000 ) ) ;
#10263 = CYLINDRICAL_SURFACE ( 'NONE', #1717, 4.125000000000000000 ) ;
#10264 = AXIS2_PLACEMENT_3D ( 'NONE', #9664, #9036, #1085 ) ;
#10265 = ORIENTED_EDGE ( 'NONE', *, *, #5957, .T. ) ;
#10266 = DIRECTION ( 'NONE',  ( 0.6683132718461777255, 0.000000000000000000, 0.7438799437236206513 ) ) ;
#10267 = VECTOR ( 'NONE', #6536, 1000.000000000000000 ) ;
#10268 = EDGE_CURVE ( 'NONE', #2532, #6233, #1443, .T. ) ;
#10269 = CARTESIAN_POINT ( 'NONE',  ( -3.189945446948430074, 38.37817313579390799, 14.37500000000000000 ) ) ;
#10270 = ORIENTED_EDGE ( 'NONE', *, *, #5842, .T. ) ;
#10271 = DIRECTION ( 'NONE',  ( 1.261617073437677851E-15, 0.000000000000000000, -1.000000000000000000 ) ) ;
#10272 = EDGE_CURVE ( 'NONE', #9548, #7187, #8837, .T. ) ;
#10273 = ORIENTED_EDGE ( 'NONE', *, *, #4203, .F. ) ;
#10274 = ORIENTED_EDGE ( 'NONE', *, *, #2254, .F. ) ;
#10275 = CIRCLE ( 'NONE', #2489, 1.174999999999999822 ) ;
#10276 = CARTESIAN_POINT ( 'NONE',  ( 9.908542242003090195, 6.524927399806090378, 8.614984114208269261 ) ) ;
#10277 = VERTEX_POINT ( 'NONE', #9673 ) ;
#10278 = CARTESIAN_POINT ( 'NONE',  ( 10.00000000000000000, 22.70771198066030294, 20.00000000000000000 ) ) ;
#10279 = EDGE_CURVE ( 'NONE', #7491, #2174, #5339, .T. ) ;
#10280 = VECTOR ( 'NONE', #9790, 1000.000000000000227 ) ;
#10281 = VECTOR ( 'NONE', #1994, 1000.000000000000114 ) ;
#10282 = EDGE_LOOP ( 'NONE', ( #9030, #5604, #475, #6912, #2410 ) ) ;
#10283 = LINE ( 'NONE', #10180, #6157 ) ;
#10284 = EDGE_CURVE ( 'NONE', #6947, #106, #3993, .T. ) ;
#10285 = ORIENTED_EDGE ( 'NONE', *, *, #9127, .T. ) ;
#10286 = CARTESIAN_POINT ( 'NONE',  ( -14.55854136924701336, 5.199999572197404163, 7.500000010607793755 ) ) ;
#10287 = DIRECTION ( 'NONE',  ( 0.7222382015498088892, -0.1781273446059149501, -0.6683132718461779476 ) ) ;
#10288 = VECTOR ( 'NONE', #6348, 1000.000000000000000 ) ;
#10289 = PLANE ( 'NONE',  #7230 ) ;
#10290 = CARTESIAN_POINT ( 'NONE',  ( 11.18218055990816140, 4.410838942792978834, 11.79941371668562944 ) ) ;
#10291 = CARTESIAN_POINT ( 'NONE',  ( 10.00000000000000000, 11.28430686604839828, 11.17499999999999893 ) ) ;
#10292 = ORIENTED_EDGE ( 'NONE', *, *, #7492, .F. ) ;
#10293 = CARTESIAN_POINT ( 'NONE',  ( 16.98605971197407527, 20.66205238419149381, 22.95435151749217795 ) ) ;
#10294 = CARTESIAN_POINT ( 'NONE',  ( 8.539970230590361311, 5.797176498628523689, 10.59057989603076244 ) ) ;
#10295 = CARTESIAN_POINT ( 'NONE',  ( 7.864948727464845746, 23.75837168845629321, 10.06943303758467678 ) ) ;
#10296 = DIRECTION ( 'NONE',  ( 0.000000000000000000, -0.5773502691896358341, -0.8164965809277189290 ) ) ;
#10297 = LINE ( 'NONE', #2975, #1396 ) ;
#10298 = LINE ( 'NONE', #3122, #5487 ) ;
#10299 = LINE ( 'NONE', #672, #4409 ) ;
#10300 = AXIS2_PLACEMENT_3D ( 'NONE', #5167, #9933, #2773 ) ;
#10301 = CARTESIAN_POINT ( 'NONE',  ( -11.47569815535461046, 5.199999661581300003, 14.80000036104890171 ) ) ;
#10302 = LINE ( 'NONE', #2349, #7103 ) ;
#10303 = DIRECTION ( 'NONE',  ( 0.2394571141604754927, 0.9709069422338770794, -4.455611529446120404E-16 ) ) ;
#10304 = EDGE_LOOP ( 'NONE', ( #9072, #8453, #6857, #255, #6916, #1239, #3799, #6852, #7163, #6901, #4548, #8016 ) ) ;
#10305 = CARTESIAN_POINT ( 'NONE',  ( 13.65927759264089936, 10.28693283518969892, 11.60866792719929919 ) ) ;
#10306 = FACE_OUTER_BOUND ( 'NONE', #1895, .T. ) ;
#10307 = DIRECTION ( 'NONE',  ( 0.000000000000000000, -1.000000000000000000, -1.029864399043146009E-14 ) ) ;
#10308 = CARTESIAN_POINT ( 'NONE',  ( 10.72133832531034159, 3.411396531527635112, 10.93966758389521843 ) ) ;
#10309 = EDGE_LOOP ( 'NONE', ( #1521, #1386 ) ) ;
#10310 = DIRECTION ( 'NONE',  ( 0.000000000000000000, -1.000000000000000000, 0.000000000000000000 ) ) ;
ENDSEC;
END-ISO-10303-21;
