ISO-10303-21;
HEADER;
FILE_DESCRIPTION (( 'STEP AP214' ),
    '1' );
FILE_NAME ('Idler Hub.STEP',
    '2026-09-02T09:59:12',
    ( '' ),
    ( '' ),
    '',
    '',
    '' );
FILE_SCHEMA (( 'AUTOMOTIVE_DESIGN' ));
ENDSEC;

DATA;
#1 = ORIENTED_EDGE ( 'NONE', *, *, #815, .F. ) ;
#2 = CARTESIAN_POINT ( 'NONE',  ( -37.50000000000000000, -8.852684170680761966, 9.099999999999997868 ) ) ;
#3 = CARTESIAN_POINT ( 'NONE',  ( -15.81897801938938031, 3.471532970915944816, 8.381021980610613653 ) ) ;
#4 = VERTEX_POINT ( 'NONE', #1163 ) ;
#5 = CARTESIAN_POINT ( 'NONE',  ( 11.50000000000000000, -2.000000000000000000, -7.299999999999998934 ) ) ;
#6 = EDGE_CURVE ( 'NONE', #816, #948, #668, .T. ) ;
#7 = ORIENTED_EDGE ( 'NONE', *, *, #906, .F. ) ;
#8 = DIRECTION ( 'NONE',  ( 1.000000000000000000, 0.000000000000000000, -0.000000000000000000 ) ) ;
#9 = VERTEX_POINT ( 'NONE', #1031 ) ;
#10 = CARTESIAN_POINT ( 'NONE',  ( 11.50000000000000000, -2.000000000000000000, -7.299999999999998934 ) ) ;
#11 = CARTESIAN_POINT ( 'NONE',  ( -22.46483846904465054, 3.769343417595175882, 9.099999999999999645 ) ) ;
#12 = AXIS2_PLACEMENT_3D ( 'NONE', #982, #991, #592 ) ;
#13 = CARTESIAN_POINT ( 'NONE',  ( -37.13711765785947705, -18.82245058621213829, 5.465424334247220628 ) ) ;
#14 = DIRECTION ( 'NONE',  ( 0.000000000000000000, 1.000000000000000000, -2.168404344971008868E-16 ) ) ;
#15 = EDGE_CURVE ( 'NONE', #1535, #967, #1498, .T. ) ;
#16 = CARTESIAN_POINT ( 'NONE',  ( -11.50000000000000000, 2.000000000000000000, -7.299999999999999822 ) ) ;
#17 = AXIS2_PLACEMENT_3D ( 'NONE', #523, #1012, #759 ) ;
#18 = ORIENTED_EDGE ( 'NONE', *, *, #1341, .T. ) ;
#19 = VECTOR ( 'NONE', #988, 1000.000000000000000 ) ;
#20 = LINE ( 'NONE', #609, #19 ) ;
#21 = DIRECTION ( 'NONE',  ( 0.000000000000000000, 0.5126291889850509431, 0.8586101062767249603 ) ) ;
#22 = DIRECTION ( 'NONE',  ( 0.8551000160155852736, 0.5182297553866964668, -0.01555259598879423291 ) ) ;
#23 = DIRECTION ( 'NONE',  ( -0.4553660118908274823, -0.7650382934398002321, -0.4553660118908315901 ) ) ;
#24 = CARTESIAN_POINT ( 'NONE',  ( -11.50000000000000000, -2.000000000000000000, -7.299999999999998934 ) ) ;
#25 = EDGE_CURVE ( 'NONE', #723, #948, #1266, .T. ) ;
#26 = EDGE_LOOP ( 'NONE', ( #1481, #1518, #18, #243 ) ) ;
#27 = ADVANCED_FACE ( 'NONE', ( #1185 ), #253, .T. ) ;
#28 = CYLINDRICAL_SURFACE ( 'NONE', #1008, 7.099999999999995204 ) ;
#29 = LINE ( 'NONE', #765, #354 ) ;
#30 = CARTESIAN_POINT ( 'NONE',  ( -15.50000000000000000, 0.000000000000000000, 0.000000000000000000 ) ) ;
#31 = CARTESIAN_POINT ( 'NONE',  ( -15.50000000000000000, 2.000000000000000000, -7.299999999999999822 ) ) ;
#32 = CARTESIAN_POINT ( 'NONE',  ( 37.10000000000000142, -16.69567394495088308, 9.099999999999997868 ) ) ;
#33 = EDGE_CURVE ( 'NONE', #490, #732, #1211, .T. ) ;
#34 = DIRECTION ( 'NONE',  ( -1.000000000000000000, -0.000000000000000000, -0.000000000000000000 ) ) ;
#35 = CARTESIAN_POINT ( 'NONE',  ( -37.81360399168749353, 0.000000000000000000, 5.899999999999997691 ) ) ;
#36 = CARTESIAN_POINT ( 'NONE',  ( 15.50000000000000000, -10.59811303959341622, 3.300000000000000711 ) ) ;
#37 = LINE ( 'NONE', #32, #624 ) ;
#38 = AXIS2_PLACEMENT_3D ( 'NONE', #76, #98, #564 ) ;
#39 =( GEOMETRIC_REPRESENTATION_CONTEXT ( 3 ) GLOBAL_UNCERTAINTY_ASSIGNED_CONTEXT ( ( #966 ) ) GLOBAL_UNIT_ASSIGNED_CONTEXT ( ( #551, #1041, #425 ) ) REPRESENTATION_CONTEXT ( 'NONE', 'WORKASPACE' ) );
#40 = AXIS2_PLACEMENT_3D ( 'NONE', #1212, #1195, #116 ) ;
#41 = ORIENTED_EDGE ( 'NONE', *, *, #221, .F. ) ;
#42 = VECTOR ( 'NONE', #1275, 1000.000000000000000 ) ;
#43 = CARTESIAN_POINT ( 'NONE',  ( 37.50000000000000000, -16.46862289700625226, 8.700000000000001066 ) ) ;
#44 = DIRECTION ( 'NONE',  ( -0.000000000000000000, 0.000000000000000000, 1.000000000000000000 ) ) ;
#45 = EDGE_LOOP ( 'NONE', ( #1316, #582, #312, #1040 ) ) ;
#46 = CARTESIAN_POINT ( 'NONE',  ( 15.50000000000000000, 0.000000000000000000, 7.099999999999999645 ) ) ;
#47 = ORIENTED_EDGE ( 'NONE', *, *, #1426, .F. ) ;
#48 = DIRECTION ( 'NONE',  ( -1.000000000000000000, -0.000000000000000000, -0.000000000000000000 ) ) ;
#49 = ADVANCED_FACE ( 'NONE', ( #1096 ), #358, .T. ) ;
#50 = ORIENTED_EDGE ( 'NONE', *, *, #1014, .T. ) ;
#51 = VERTEX_POINT ( 'NONE', #858 ) ;
#52 = LINE ( 'NONE', #535, #647 ) ;
#53 = ORIENTED_EDGE ( 'NONE', *, *, #274, .F. ) ;
#54 = ORIENTED_EDGE ( 'NONE', *, *, #1120, .F. ) ;
#55 = AXIS2_PLACEMENT_3D ( 'NONE', #1502, #1106, #789 ) ;
#56 = DIRECTION ( 'NONE',  ( 0.000000000000000000, -1.000000000000000000, -1.483076431948111267E-16 ) ) ;
#57 = AXIS2_PLACEMENT_3D ( 'NONE', #1189, #826, #208 ) ;
#58 = DIRECTION ( 'NONE',  ( -0.7069476191640248208, 0.02121620881821784099, 0.7069476191640358120 ) ) ;
#59 = AXIS2_PLACEMENT_3D ( 'NONE', #737, #730, #612 ) ;
#60 = DIRECTION ( 'NONE',  ( 1.000000000000000000, -0.000000000000000000, -0.000000000000000000 ) ) ;
#61 = EDGE_LOOP ( 'NONE', ( #777, #547, #1398, #54 ) ) ;
#62 = DIRECTION ( 'NONE',  ( 0.000000000000000000, 1.000000000000000000, 1.483076431948111267E-16 ) ) ;
#63 = ORIENTED_EDGE ( 'NONE', *, *, #1026, .F. ) ;
#64 = CARTESIAN_POINT ( 'NONE',  ( 15.50000000000000000, -8.306629139140781604, 2.586486486486486047 ) ) ;
#65 = EDGE_CURVE ( 'NONE', #784, #1548, #131, .T. ) ;
#66 = PLANE ( 'NONE',  #626 ) ;
#67 = DIRECTION ( 'NONE',  ( -0.000000000000000000, 1.000000000000000000, 1.483076431948111267E-16 ) ) ;
#68 = ORIENTED_EDGE ( 'NONE', *, *, #33, .T. ) ;
#69 = ORIENTED_EDGE ( 'NONE', *, *, #119, .T. ) ;
#70 = LINE ( 'NONE', #558, #403 ) ;
#71 = VERTEX_POINT ( 'NONE', #367 ) ;
#72 = FACE_OUTER_BOUND ( 'NONE', #1027, .T. ) ;
#73 = EDGE_CURVE ( 'NONE', #1436, #835, #744, .T. ) ;
#74 = CARTESIAN_POINT ( 'NONE',  ( -11.50000000000000000, -2.000000000000000000, -7.299999999999998934 ) ) ;
#75 = DIRECTION ( 'NONE',  ( 0.000000000000000000, -1.000000000000000000, 0.000000000000000000 ) ) ;
#76 = CARTESIAN_POINT ( 'NONE',  ( -37.10000000000002274, -1.515454428613338125E-15, 9.099999999999999645 ) ) ;
#77 = UNCERTAINTY_MEASURE_WITH_UNIT (LENGTH_MEASURE( 1.000000000000000082E-05 ), #170, 'distance_accuracy_value', 'NONE');
#78 = ORIENTED_EDGE ( 'NONE', *, *, #281, .F. ) ;
#79 = VECTOR ( 'NONE', #323, 1000.000000000000000 ) ;
#80 = ORIENTED_EDGE ( 'NONE', *, *, #1028, .F. ) ;
#81 = CARTESIAN_POINT ( 'NONE',  ( -15.50000000000000000, 0.000000000000000000, 0.000000000000000000 ) ) ;
#82 = AXIS2_PLACEMENT_3D ( 'NONE', #390, #505, #130 ) ;
#83 = CARTESIAN_POINT ( 'NONE',  ( -11.50000000000000000, 2.000000000000000000, -6.812488532100439365 ) ) ;
#84 = VECTOR ( 'NONE', #1310, 1000.000000000000000 ) ;
#85 = CIRCLE ( 'NONE', #82, 2.000000000000000000 ) ;
#86 = EDGE_CURVE ( 'NONE', #349, #199, #308, .T. ) ;
#87 = DIRECTION ( 'NONE',  ( 0.000000000000000000, 1.000000000000000000, 1.483076431948111267E-16 ) ) ;
#88 = AXIS2_PLACEMENT_3D ( 'NONE', #417, #181, #1034 ) ;
#89 = EDGE_CURVE ( 'NONE', #1520, #284, #1453, .T. ) ;
#90 = VERTEX_POINT ( 'NONE', #628 ) ;
#91 = DIRECTION ( 'NONE',  ( 0.7071067811865530128, 0.4999999999999973355, 0.4999999999999950595 ) ) ;
#92 = ORIENTED_EDGE ( 'NONE', *, *, #960, .F. ) ;
#93 = ORIENTED_EDGE ( 'NONE', *, *, #1471, .F. ) ;
#94 = CARTESIAN_POINT ( 'NONE',  ( -37.50000000000000000, -18.61210268055192785, 5.499999999999998224 ) ) ;
#95 = DIRECTION ( 'NONE',  ( 1.000000000000000000, 0.000000000000000000, 0.000000000000000000 ) ) ;
#96 = ORIENTED_EDGE ( 'NONE', *, *, #851, .F. ) ;
#97 = EDGE_CURVE ( 'NONE', #877, #122, #185, .T. ) ;
#98 = DIRECTION ( 'NONE',  ( 0.7071067811865505703, 1.048693402048454209E-16, -0.7071067811865444641 ) ) ;
#99 = ORIENTED_EDGE ( 'NONE', *, *, #1006, .T. ) ;
#100 = DIRECTION ( 'NONE',  ( -1.000000000000000000, 0.000000000000000000, 0.000000000000000000 ) ) ;
#101 = ORIENTED_EDGE ( 'NONE', *, *, #128, .F. ) ;
#102 = CARTESIAN_POINT ( 'NONE',  ( -15.50000000000000000, -8.975522268926756198, 8.699999999999995737 ) ) ;
#103 = EDGE_LOOP ( 'NONE', ( #1371, #479, #522, #1370 ) ) ;
#104 = CARTESIAN_POINT ( 'NONE',  ( -11.49999999999999645, 7.225416114969381235E-16, -5.899999999999996803 ) ) ;
#105 = FACE_OUTER_BOUND ( 'NONE', #125, .T. ) ;
#106 = EDGE_CURVE ( 'NONE', #569, #708, #1458, .T. ) ;
#107 = ORIENTED_EDGE ( 'NONE', *, *, #97, .T. ) ;
#108 = FACE_OUTER_BOUND ( 'NONE', #941, .T. ) ;
#109 = ORIENTED_EDGE ( 'NONE', *, *, #268, .T. ) ;
#110 = DIRECTION ( 'NONE',  ( -0.000000000000000000, 0.7071067811865491270, 0.7071067811865459074 ) ) ;
#111 = CYLINDRICAL_SURFACE ( 'NONE', #112, 12.50000000000000000 ) ;
#112 = AXIS2_PLACEMENT_3D ( 'NONE', #1534, #220, #456 ) ;
#113 = VERTEX_POINT ( 'NONE', #223 ) ;
#114 = VECTOR ( 'NONE', #949, 1000.000000000000000 ) ;
#115 = DIRECTION ( 'NONE',  ( 1.000000000000000000, 0.000000000000000000, 0.000000000000000000 ) ) ;
#116 = DIRECTION ( 'NONE',  ( 0.000000000000000000, 1.000000000000000000, 2.711134958529216305E-16 ) ) ;
#117 = ORIENTED_EDGE ( 'NONE', *, *, #741, .T. ) ;
#118 = DIRECTION ( 'NONE',  ( -1.000000000000000000, -0.000000000000000000, -0.000000000000000000 ) ) ;
#119 = EDGE_CURVE ( 'NONE', #317, #422, #430, .T. ) ;
#120 = DIRECTION ( 'NONE',  ( 0.7071067811865414665, 0.000000000000000000, -0.7071067811865536790 ) ) ;
#121 = CARTESIAN_POINT ( 'NONE',  ( -15.10000000000000142, -23.39358159306924634, 5.299999999999997158 ) ) ;
#122 = VERTEX_POINT ( 'NONE', #104 ) ;
#123 = CARTESIAN_POINT ( 'NONE',  ( 37.10000000000000142, -8.569714114251423709, 9.099999999999997868 ) ) ;
#124 = PLANE ( 'NONE',  #40 ) ;
#125 = EDGE_LOOP ( 'NONE', ( #1175, #294, #611, #1164 ) ) ;
#126 = LINE ( 'NONE', #1440, #1260 ) ;
#127 = DIRECTION ( 'NONE',  ( -1.000000000000000000, -0.000000000000000000, -0.000000000000000000 ) ) ;
#128 = EDGE_CURVE ( 'NONE', #157, #812, #471, .T. ) ;
#129 = DIRECTION ( 'NONE',  ( -0.7071067811865540120, 1.917061913887900514E-16, -0.7071067811865410224 ) ) ;
#130 = DIRECTION ( 'NONE',  ( 0.000000000000000000, 0.000000000000000000, -1.000000000000000000 ) ) ;
#131 = LINE ( 'NONE', #1547, #700 ) ;
#132 = LINE ( 'NONE', #613, #1138 ) ;
#133 = ORIENTED_EDGE ( 'NONE', *, *, #166, .T. ) ;
#134 = CARTESIAN_POINT ( 'NONE',  ( -11.50000000000000000, -2.000000000000000000, -6.812488532100439365 ) ) ;
#135 = CARTESIAN_POINT ( 'NONE',  ( -37.10000000000002274, -8.861194749468214837, 8.816418071529785294 ) ) ;
#136 = ADVANCED_FACE ( 'NONE', ( #720 ), #410, .F. ) ;
#137 = VECTOR ( 'NONE', #944, 1000.000000000000114 ) ;
#138 = CARTESIAN_POINT ( 'NONE',  ( 37.50000000000000000, -9.524704719832522315, 8.700000000000001066 ) ) ;
#139 = DIRECTION ( 'NONE',  ( 0.000000000000000000, 1.000000000000000000, 1.483076431948111267E-16 ) ) ;
#140 = VECTOR ( 'NONE', #392, 1000.000000000000114 ) ;
#141 = CARTESIAN_POINT ( 'NONE',  ( -37.10000000000002274, -11.32077735846792521, 5.299999999999999822 ) ) ;
#142 = EDGE_CURVE ( 'NONE', #732, #723, #604, .T. ) ;
#143 = MECHANICAL_DESIGN_GEOMETRIC_PRESENTATION_REPRESENTATION (  '', ( #825 ), #39 ) ;
#144 = EDGE_LOOP ( 'NONE', ( #1292, #1114, #1320, #107 ) ) ;
#145 = VECTOR ( 'NONE', #167, 1000.000000000000000 ) ;
#146 = DIRECTION ( 'NONE',  ( 0.000000000000000000, 0.000000000000000000, 1.000000000000000000 ) ) ;
#147 = DIRECTION ( 'NONE',  ( -2.114141600489081714E-15, -0.7071067811865505703, -0.7071067811865444641 ) ) ;
#148 = CARTESIAN_POINT ( 'NONE',  ( -15.10000000000000142, -8.688543122549557296, 2.705405405405405972 ) ) ;
#149 = CARTESIAN_POINT ( 'NONE',  ( -37.50000000000000000, -11.57238091319153384, 5.699999999999980638 ) ) ;
#150 = EDGE_CURVE ( 'NONE', #310, #943, #385, .T. ) ;
#151 = CARTESIAN_POINT ( 'NONE',  ( -11.50000000000000000, 2.000000000000000000, -6.812488532100439365 ) ) ;
#152 = FACE_OUTER_BOUND ( 'NONE', #202, .T. ) ;
#153 = DIRECTION ( 'NONE',  ( 0.000000000000000000, 0.000000000000000000, 1.000000000000000000 ) ) ;
#154 = ORIENTED_EDGE ( 'NONE', *, *, #281, .T. ) ;
#155 =( BOUNDED_CURVE ( )  B_SPLINE_CURVE ( 3, ( #950, #330, #710, #102 ),
 .UNSPECIFIED., .F., .T. ) 
 B_SPLINE_CURVE_WITH_KNOTS ( ( 4, 4 ),
 ( 0.7879311175147009072, 0.8009846876655528636 ),
 .UNSPECIFIED. ) 
 CURVE ( )  GEOMETRIC_REPRESENTATION_ITEM ( )  RATIONAL_B_SPLINE_CURVE ( ( 1.000000000000000000, 0.9999858004092671004, 0.9999858004092671004, 1.000000000000000000 ) ) 
 REPRESENTATION_ITEM ( '' )  );
#156 = EDGE_CURVE ( 'NONE', #1307, #239, #1226, .T. ) ;
#157 = VERTEX_POINT ( 'NONE', #31 ) ;
#158 = FACE_OUTER_BOUND ( 'NONE', #144, .T. ) ;
#159 = DIRECTION ( 'NONE',  ( -1.000000000000000000, -0.000000000000000000, -0.000000000000000000 ) ) ;
#160 = CIRCLE ( 'NONE', #17, 5.899999999999999467 ) ;
#161 = VECTOR ( 'NONE', #849, 1000.000000000000000 ) ;
#162 = ORIENTED_EDGE ( 'NONE', *, *, #1026, .T. ) ;
#163 = CIRCLE ( 'NONE', #1103, 7.099999999999996092 ) ;
#164 = CARTESIAN_POINT ( 'NONE',  ( -37.50000000000000000, -9.524704719832481459, 8.700000000000018829 ) ) ;
#165 = DIRECTION ( 'NONE',  ( 0.000000000000000000, -0.7071067811865513475, -0.7071067811865436870 ) ) ;
#166 = EDGE_CURVE ( 'NONE', #819, #920, #518, .T. ) ;
#167 = DIRECTION ( 'NONE',  ( 0.000000000000000000, -1.000000000000000000, -1.483076431948111267E-16 ) ) ;
#168 = CARTESIAN_POINT ( 'NONE',  ( -15.50000000000000000, 9.701828996322955589, 2.601828996322948839 ) ) ;
#169 = EDGE_CURVE ( 'NONE', #778, #122, #1264, .T. ) ;
#170 =( LENGTH_UNIT ( ) NAMED_UNIT ( * ) SI_UNIT ( .MILLI., .METRE. ) );
#171 = ORIENTED_EDGE ( 'NONE', *, *, #1493, .T. ) ;
#172 = ORIENTED_EDGE ( 'NONE', *, *, #1157, .T. ) ;
#173 = FACE_BOUND ( 'NONE', #797, .T. ) ;
#174 = CARTESIAN_POINT ( 'NONE',  ( -11.50000000000000000, 5.899999999999996803, 0.000000000000000000 ) ) ;
#175 = DIRECTION ( 'NONE',  ( -0.7071067811865531239, -1.048693402048450635E-16, 0.7071067811865420216 ) ) ;
#176 = VERTEX_POINT ( 'NONE', #665 ) ;
#177 = EDGE_CURVE ( 'NONE', #422, #411, #1177, .T. ) ;
#178 = ORIENTED_EDGE ( 'NONE', *, *, #754, .T. ) ;
#179 = CIRCLE ( 'NONE', #1117, 2.400000000000004352 ) ;
#180 = AXIS2_PLACEMENT_3D ( 'NONE', #1210, #1465, #379 ) ;
#181 = DIRECTION ( 'NONE',  ( 1.000000000000000000, 0.000000000000000000, 0.000000000000000000 ) ) ;
#182 = AXIS2_PLACEMENT_3D ( 'NONE', #846, #616, #747 ) ;
#183 = ORIENTED_EDGE ( 'NONE', *, *, #1303, .T. ) ;
#184 = FACE_OUTER_BOUND ( 'NONE', #1187, .T. ) ;
#185 = CIRCLE ( 'NONE', #1297, 5.899999999999996803 ) ;
#186 = SURFACE_SIDE_STYLE ('',( #1274 ) ) ;
#187 = AXIS2_PLACEMENT_3D ( 'NONE', #554, #309, #95 ) ;
#188 = CARTESIAN_POINT ( 'NONE',  ( 11.50000000000000000, 2.000000000000000000, -6.812488532100439365 ) ) ;
#189 = ORIENTED_EDGE ( 'NONE', *, *, #370, .T. ) ;
#190 = LINE ( 'NONE', #680, #79 ) ;
#191 = EDGE_CURVE ( 'NONE', #587, #773, #1054, .T. ) ;
#192 = VERTEX_POINT ( 'NONE', #197 ) ;
#193 = CARTESIAN_POINT ( 'NONE',  ( 37.50000000000000000, -15.97014797674692055, 9.534902915121811873 ) ) ;
#194 = ORIENTED_EDGE ( 'NONE', *, *, #925, .F. ) ;
#195 = CARTESIAN_POINT ( 'NONE',  ( 37.50000000000000000, -2.644376689745856382E-14, 8.700000000000002842 ) ) ;
#196 = DIRECTION ( 'NONE',  ( 0.000000000000000000, -0.5126291889850510541, -0.8586101062767249603 ) ) ;
#197 = CARTESIAN_POINT ( 'NONE',  ( -15.50000000000000000, -10.59811303959341622, 5.700000000000005507 ) ) ;
#198 = ORIENTED_EDGE ( 'NONE', *, *, #722, .F. ) ;
#199 = VERTEX_POINT ( 'NONE', #1525 ) ;
#200 = ADVANCED_FACE ( 'NONE', ( #924 ), #449, .T. ) ;
#201 = FACE_OUTER_BOUND ( 'NONE', #1180, .T. ) ;
#202 = EDGE_LOOP ( 'NONE', ( #1100, #681, #1172, #1244, #590 ) ) ;
#203 = LINE ( 'NONE', #570, #926 ) ;
#204 = DIRECTION ( 'NONE',  ( 0.000000000000000000, 0.000000000000000000, -1.000000000000000000 ) ) ;
#205 = CARTESIAN_POINT ( 'NONE',  ( 37.20127099605334564, -18.78603537954697345, 5.401270996053341378 ) ) ;
#206 = ORIENTED_EDGE ( 'NONE', *, *, #25, .F. ) ;
#207 = EDGE_LOOP ( 'NONE', ( #746, #913, #1150, #538, #322, #603 ) ) ;
#208 = DIRECTION ( 'NONE',  ( 0.000000000000000000, 8.881784197001252323E-16, 1.000000000000000000 ) ) ;
#209 = ORIENTED_EDGE ( 'NONE', *, *, #1207, .T. ) ;
#210 = DIRECTION ( 'NONE',  ( -0.000000000000000000, -0.000000000000000000, -1.000000000000000000 ) ) ;
#211 = VECTOR ( 'NONE', #1015, 1000.000000000000000 ) ;
#212 = EDGE_CURVE ( 'NONE', #1380, #526, #573, .T. ) ;
#213 = CARTESIAN_POINT ( 'NONE',  ( -15.50000000000000000, 3.603657992645936670, 8.699999999999997513 ) ) ;
#214 = VECTOR ( 'NONE', #1417, 1000.000000000000000 ) ;
#215 = ORIENTED_EDGE ( 'NONE', *, *, #1448, .T. ) ;
#216 = ORIENTED_EDGE ( 'NONE', *, *, #1374, .F. ) ;
#217 = DIRECTION ( 'NONE',  ( 0.000000000000000000, -0.5126291889850509431, -0.8586101062767249603 ) ) ;
#218 = ORIENTED_EDGE ( 'NONE', *, *, #65, .T. ) ;
#219 = CARTESIAN_POINT ( 'NONE',  ( -22.46483846904465054, 3.769343417595175882, 9.099999999999999645 ) ) ;
#220 = DIRECTION ( 'NONE',  ( 1.000000000000000000, 0.000000000000000000, 0.000000000000000000 ) ) ;
#221 = EDGE_CURVE ( 'NONE', #844, #526, #1079, .T. ) ;
#222 = ORIENTED_EDGE ( 'NONE', *, *, #106, .F. ) ;
#223 = CARTESIAN_POINT ( 'NONE',  ( -37.50000000000000000, -18.25975900839454980, 5.699999999999979750 ) ) ;
#224 = DIRECTION ( 'NONE',  ( -1.000000000000000000, -0.000000000000000000, -0.000000000000000000 ) ) ;
#225 = ORIENTED_EDGE ( 'NONE', *, *, #550, .F. ) ;
#226 = LINE ( 'NONE', #1286, #543 ) ;
#227 = CARTESIAN_POINT ( 'NONE',  ( 15.10000000000000142, -11.32077735846792521, 5.299999999999999822 ) ) ;
#228 = ORIENTED_EDGE ( 'NONE', *, *, #169, .T. ) ;
#229 = DIRECTION ( 'NONE',  ( 0.000000000000000000, 0.000000000000000000, 1.000000000000000000 ) ) ;
#230 = CARTESIAN_POINT ( 'NONE',  ( 15.50000000000000000, -10.59811303959341622, 3.300000000000000711 ) ) ;
#231 = VERTEX_POINT ( 'NONE', #934 ) ;
#232 = EDGE_CURVE ( 'NONE', #732, #1329, #1393, .T. ) ;
#233 = CARTESIAN_POINT ( 'NONE',  ( -15.50000000000000000, -8.306629139140781604, 2.586486486486486047 ) ) ;
#234 = DIRECTION ( 'NONE',  ( 0.000000000000000000, 0.000000000000000000, 1.000000000000000000 ) ) ;
#235 = AXIS2_PLACEMENT_3D ( 'NONE', #1090, #954, #745 ) ;
#236 = DIRECTION ( 'NONE',  ( 0.000000000000000000, 0.000000000000000000, 1.000000000000000000 ) ) ;
#237 = AXIS2_PLACEMENT_3D ( 'NONE', #610, #864, #1087 ) ;
#238 = AXIS2_PLACEMENT_3D ( 'NONE', #30, #511, #760 ) ;
#239 = VERTEX_POINT ( 'NONE', #205 ) ;
#240 = AXIS2_PLACEMENT_3D ( 'NONE', #1524, #829, #1425 ) ;
#241 = DIRECTION ( 'NONE',  ( 0.000000000000000000, 0.000000000000000000, -1.000000000000000000 ) ) ;
#242 = DIRECTION ( 'NONE',  ( 0.3677325740915318719, -0.7535931096648997851, -0.5448579438877647618 ) ) ;
#243 = ORIENTED_EDGE ( 'NONE', *, *, #259, .T. ) ;
#244 = DIRECTION ( 'NONE',  ( 0.000000000000000000, 0.000000000000000000, 1.000000000000000000 ) ) ;
#245 = EDGE_CURVE ( 'NONE', #1380, #176, #884, .T. ) ;
#246 = DIRECTION ( 'NONE',  ( 0.000000000000000000, -0.000000000000000000, -1.000000000000000000 ) ) ;
#247 = PLANE ( 'NONE',  #622 ) ;
#248 = ORIENTED_EDGE ( 'NONE', *, *, #583, .F. ) ;
#249 = ADVANCED_FACE ( 'NONE', ( #1488 ), #686, .T. ) ;
#250 = CARTESIAN_POINT ( 'NONE',  ( 37.10000000000000142, -8.852684170680761966, 9.099999999999997868 ) ) ;
#251 = CARTESIAN_POINT ( 'NONE',  ( -37.50000000000000000, -11.57238091319153384, 5.699999999999980638 ) ) ;
#252 = EDGE_CURVE ( 'NONE', #1353, #952, #1128, .T. ) ;
#253 = PLANE ( 'NONE',  #59 ) ;
#254 = CARTESIAN_POINT ( 'NONE',  ( 11.50000000000000355, 0.000000000000000000, 0.000000000000000000 ) ) ;
#255 = VERTEX_POINT ( 'NONE', #563 ) ;
#256 = CARTESIAN_POINT ( 'NONE',  ( -11.49999999999999645, 0.000000000000000000, 5.899999999999996803 ) ) ;
#257 = CARTESIAN_POINT ( 'NONE',  ( -15.10000000000000320, 6.434671708797591982, 6.434671708797572443 ) ) ;
#258 = VECTOR ( 'NONE', #1404, 1000.000000000000000 ) ;
#259 = EDGE_CURVE ( 'NONE', #643, #1443, #1036, .T. ) ;
#260 = VECTOR ( 'NONE', #58, 1000.000000000000114 ) ;
#261 = CIRCLE ( 'NONE', #1513, 7.099999999999999645 ) ;
#262 = PLANE ( 'NONE',  #1101 ) ;
#263 = VECTOR ( 'NONE', #437, 1000.000000000000000 ) ;
#264 = VERTEX_POINT ( 'NONE', #546 ) ;
#265 = VECTOR ( 'NONE', #60, 1000.000000000000000 ) ;
#266 = DIRECTION ( 'NONE',  ( -1.000000000000000000, -0.000000000000000000, -0.000000000000000000 ) ) ;
#267 = CARTESIAN_POINT ( 'NONE',  ( -15.50000000000000000, 0.000000000000000000, 7.099999999999995204 ) ) ;
#268 = EDGE_CURVE ( 'NONE', #943, #334, #1146, .T. ) ;
#269 = FACE_OUTER_BOUND ( 'NONE', #972, .T. ) ;
#270 = ORIENTED_EDGE ( 'NONE', *, *, #156, .F. ) ;
#271 = FACE_OUTER_BOUND ( 'NONE', #432, .T. ) ;
#272 = CARTESIAN_POINT ( 'NONE',  ( -11.50000000000000000, 2.000000000000000000, -7.299999999999999822 ) ) ;
#273 = LINE ( 'NONE', #552, #1022 ) ;
#274 = EDGE_CURVE ( 'NONE', #920, #255, #1043, .T. ) ;
#275 = DIRECTION ( 'NONE',  ( -1.000000000000000000, -0.000000000000000000, -0.000000000000000000 ) ) ;
#276 = PLANE ( 'NONE',  #598 ) ;
#277 = VECTOR ( 'NONE', #965, 1000.000000000000000 ) ;
#278 = CIRCLE ( 'NONE', #497, 12.50000000000000000 ) ;
#279 = ORIENTED_EDGE ( 'NONE', *, *, #289, .T. ) ;
#280 = VECTOR ( 'NONE', #1379, 1000.000000000000000 ) ;
#281 = EDGE_CURVE ( 'NONE', #113, #816, #791, .T. ) ;
#282 = PLANE ( 'NONE',  #567 ) ;
#283 = LINE ( 'NONE', #1140, #1073 ) ;
#284 = VERTEX_POINT ( 'NONE', #213 ) ;
#285 = ORIENTED_EDGE ( 'NONE', *, *, #327, .T. ) ;
#286 = CARTESIAN_POINT ( 'NONE',  ( 37.50000000000000000, -17.28834153251366601, 8.107332412437218139 ) ) ;
#287 = ADVANCED_FACE ( 'NONE', ( #702 ), #783, .T. ) ;
#288 = DIRECTION ( 'NONE',  ( 0.000000000000000000, 1.000000000000000000, -2.168404344971008868E-16 ) ) ;
#289 = EDGE_CURVE ( 'NONE', #71, #4, #1505, .T. ) ;
#290 = PRESENTATION_STYLE_ASSIGNMENT (( #909 ) ) ;
#291 = DIRECTION ( 'NONE',  ( 1.000000000000000000, 0.000000000000000000, 0.000000000000000000 ) ) ;
#292 = EDGE_LOOP ( 'NONE', ( #1400, #945, #361, #470 ) ) ;
#293 = CARTESIAN_POINT ( 'NONE',  ( 37.50000000000000000, -2.669883732802536309E-14, 5.700000000000001066 ) ) ;
#294 = ORIENTED_EDGE ( 'NONE', *, *, #150, .F. ) ;
#295 = FACE_OUTER_BOUND ( 'NONE', #45, .T. ) ;
#296 = FILL_AREA_STYLE_COLOUR ( '', #955 ) ;
#297 = CARTESIAN_POINT ( 'NONE',  ( -15.50000000000000000, 6.151828996322970866, 6.151828996322952214 ) ) ;
#298 = DIRECTION ( 'NONE',  ( 0.7071067811865433539, 0.5000000000000037748, 0.5000000000000022204 ) ) ;
#299 = EDGE_CURVE ( 'NONE', #1548, #757, #1336, .T. ) ;
#300 = ORIENTED_EDGE ( 'NONE', *, *, #464, .T. ) ;
#301 = FACE_OUTER_BOUND ( 'NONE', #1091, .T. ) ;
#302 = AXIS2_PLACEMENT_3D ( 'NONE', #424, #305, #1399 ) ;
#303 = VERTEX_POINT ( 'NONE', #345 ) ;
#304 = AXIS2_PLACEMENT_3D ( 'NONE', #412, #684, #474 ) ;
#305 = DIRECTION ( 'NONE',  ( -1.000000000000000000, -0.000000000000000000, 0.000000000000000000 ) ) ;
#306 = CARTESIAN_POINT ( 'NONE',  ( 11.50000000000000000, 2.000000000000000000, -7.099999999999999645 ) ) ;
#307 = CARTESIAN_POINT ( 'NONE',  ( 37.50000000000000000, -9.524704719832522315, 8.700000000000002842 ) ) ;
#308 = CIRCLE ( 'NONE', #755, 7.099999999999996092 ) ;
#309 = DIRECTION ( 'NONE',  ( 0.000000000000000000, 0.9995499737451866151, -0.02999749966242036200 ) ) ;
#310 = VERTEX_POINT ( 'NONE', #1302 ) ;
#311 = DIRECTION ( 'NONE',  ( 0.000000000000000000, 0.7071067811865459074, -0.7071067811865491270 ) ) ;
#312 = ORIENTED_EDGE ( 'NONE', *, *, #15, .T. ) ;
#313 = ORIENTED_EDGE ( 'NONE', *, *, #489, .T. ) ;
#314 = CARTESIAN_POINT ( 'NONE',  ( 14.96722081824076156, -8.848699333939610057, 9.232779181759243059 ) ) ;
#315 = PLANE ( 'NONE',  #882 ) ;
#316 = DIRECTION ( 'NONE',  ( 0.000000000000000000, 1.000000000000000000, 2.711134958529216305E-16 ) ) ;
#317 = VERTEX_POINT ( 'NONE', #1208 ) ;
#318 = VERTEX_POINT ( 'NONE', #1427 ) ;
#319 = EDGE_CURVE ( 'NONE', #1081, #303, #727, .T. ) ;
#320 = ORIENTED_EDGE ( 'NONE', *, *, #1227, .T. ) ;
#321 = CYLINDRICAL_SURFACE ( 'NONE', #853, 5.899999999999997691 ) ;
#322 = ORIENTED_EDGE ( 'NONE', *, *, #1240, .F. ) ;
#323 = DIRECTION ( 'NONE',  ( -1.000000000000000000, -0.000000000000000000, -0.000000000000000000 ) ) ;
#324 = ORIENTED_EDGE ( 'NONE', *, *, #1234, .T. ) ;
#325 = ORIENTED_EDGE ( 'NONE', *, *, #690, .T. ) ;
#326 = CIRCLE ( 'NONE', #355, 12.50000000000000000 ) ;
#327 = EDGE_CURVE ( 'NONE', #303, #999, #1441, .T. ) ;
#328 = CARTESIAN_POINT ( 'NONE',  ( 11.50000000000000000, 2.000000000000000000, -7.299999999999999822 ) ) ;
#329 = VECTOR ( 'NONE', #1237, 1000.000000000000000 ) ;
#330 = CARTESIAN_POINT ( 'NONE',  ( -15.42213894464621582, -8.899556932425397804, 8.777861055353787023 ) ) ;
#331 = AXIS2_PLACEMENT_3D ( 'NONE', #1533, #1542, #717 ) ;
#332 = ORIENTED_EDGE ( 'NONE', *, *, #1416, .T. ) ;
#333 = CARTESIAN_POINT ( 'NONE',  ( 37.13711765785946284, -18.74962017288180860, 5.337117657859462128 ) ) ;
#334 = VERTEX_POINT ( 'NONE', #1093 ) ;
#335 = DIRECTION ( 'NONE',  ( 0.000000000000000000, -1.000000000000000000, -2.711134958529216305E-16 ) ) ;
#336 = ORIENTED_EDGE ( 'NONE', *, *, #347, .T. ) ;
#337 = LINE ( 'NONE', #838, #627 ) ;
#338 = LINE ( 'NONE', #486, #1293 ) ;
#339 = EDGE_CURVE ( 'NONE', #51, #407, #278, .T. ) ;
#340 = ORIENTED_EDGE ( 'NONE', *, *, #925, .T. ) ;
#341 = CARTESIAN_POINT ( 'NONE',  ( -15.23449069481263152, -11.25781342410755492, 5.434490694812634359 ) ) ;
#342 = DIRECTION ( 'NONE',  ( -1.000000000000000000, -0.000000000000000000, -0.000000000000000000 ) ) ;
#343 = ORIENTED_EDGE ( 'NONE', *, *, #1063, .T. ) ;
#344 = CARTESIAN_POINT ( 'NONE',  ( 37.10000000000000142, -18.78382470180727282, 5.602525837797007746 ) ) ;
#345 = CARTESIAN_POINT ( 'NONE',  ( 15.50000000000000000, -2.000000000000000000, -7.299999999999998934 ) ) ;
#346 = ORIENTED_EDGE ( 'NONE', *, *, #1334, .T. ) ;
#347 = EDGE_CURVE ( 'NONE', #526, #255, #990, .T. ) ;
#348 = FACE_OUTER_BOUND ( 'NONE', #1088, .T. ) ;
#349 = VERTEX_POINT ( 'NONE', #1192 ) ;
#350 = MECHANICAL_DESIGN_GEOMETRIC_PRESENTATION_REPRESENTATION (  '', ( #1098 ), #431 ) ;
#351 = ORIENTED_EDGE ( 'NONE', *, *, #883, .F. ) ;
#352 = DIRECTION ( 'NONE',  ( 0.000000000000000000, 0.000000000000000000, 1.000000000000000000 ) ) ;
#353 = CARTESIAN_POINT ( 'NONE',  ( -22.46483846904465054, 6.434671708797591982, 6.434671708797572443 ) ) ;
#354 = VECTOR ( 'NONE', #1349, 1000.000000000000000 ) ;
#355 = AXIS2_PLACEMENT_3D ( 'NONE', #642, #1002, #1351 ) ;
#356 = ORIENTED_EDGE ( 'NONE', *, *, #89, .T. ) ;
#357 = CONICAL_SURFACE ( 'NONE', #1243, 12.50000000000000000, 0.7853981633974528309 ) ;
#358 = PLANE ( 'NONE',  #1143 ) ;
#359 = VECTOR ( 'NONE', #794, 1000.000000000000227 ) ;
#360 = EDGE_CURVE ( 'NONE', #711, #643, #338, .T. ) ;
#361 = ORIENTED_EDGE ( 'NONE', *, *, #427, .T. ) ;
#362 = CARTESIAN_POINT ( 'NONE',  ( -15.50000000000000000, -10.59811303959341622, 3.300000000000000711 ) ) ;
#363 = EDGE_CURVE ( 'NONE', #999, #1443, #589, .T. ) ;
#364 = B_SPLINE_CURVE_WITH_KNOTS ( 'NONE', 3,
 ( #149, #636, #525, #141 ),
 .UNSPECIFIED., .F., .F.,
 ( 4, 4 ),
 ( 0.000000000000000000, 0.0006191157797613638198 ),
 .UNSPECIFIED. ) ;
#365 = CARTESIAN_POINT ( 'NONE',  ( -15.50000000000000000, 1.999999999999983569, -6.812488532100439365 ) ) ;
#366 = CARTESIAN_POINT ( 'NONE',  ( -11.49999999999999645, 0.000000000000000000, 0.000000000000000000 ) ) ;
#367 = CARTESIAN_POINT ( 'NONE',  ( 11.50000000000000000, -2.000000000000000000, -6.812488532100439365 ) ) ;
#368 = DIRECTION ( 'NONE',  ( 0.4426490035314713523, -0.7798228769055108867, -0.4426490035314751825 ) ) ;
#369 = ORIENTED_EDGE ( 'NONE', *, *, #232, .T. ) ;
#370 = EDGE_CURVE ( 'NONE', #122, #877, #1221, .T. ) ;
#371 = PLANE ( 'NONE',  #1295 ) ;
#372 = CARTESIAN_POINT ( 'NONE',  ( -11.50000000000000000, 2.000000000000000000, -7.299999999999999822 ) ) ;
#373 = DIRECTION ( 'NONE',  ( -1.000000000000000000, -0.000000000000000000, -0.000000000000000000 ) ) ;
#374 = ORIENTED_EDGE ( 'NONE', *, *, #1504, .T. ) ;
#375 = ORIENTED_EDGE ( 'NONE', *, *, #608, .F. ) ;
#376 = CARTESIAN_POINT ( 'NONE',  ( 15.10000000000000142, -8.852684170680761966, 9.099999999999997868 ) ) ;
#377 = ADVANCED_FACE ( 'NONE', ( #1319 ), #1202, .T. ) ;
#378 = CARTESIAN_POINT ( 'NONE',  ( -15.50000000000000000, 7.099999999999995204, 0.000000000000000000 ) ) ;
#379 = DIRECTION ( 'NONE',  ( 0.000000000000000000, 0.000000000000000000, 1.000000000000000000 ) ) ;
#380 = CIRCLE ( 'NONE', #902, 7.099999999999999645 ) ;
#381 = AXIS2_PLACEMENT_3D ( 'NONE', #24, #1459, #998 ) ;
#382 = CARTESIAN_POINT ( 'NONE',  ( 37.10000000000000142, -18.78382470180727282, 5.602525837797005970 ) ) ;
#383 = AXIS2_PLACEMENT_3D ( 'NONE', #907, #779, #1236 ) ;
#384 = ORIENTED_EDGE ( 'NONE', *, *, #1267, .F. ) ;
#385 = CIRCLE ( 'NONE', #1200, 2.400000000000004352 ) ;
#386 = VECTOR ( 'NONE', #298, 999.9999999999998863 ) ;
#387 = ORIENTED_EDGE ( 'NONE', *, *, #319, .T. ) ;
#388 = CARTESIAN_POINT ( 'NONE',  ( -37.81360399168749353, 0.000000000000000000, 7.099999999999999645 ) ) ;
#389 = CARTESIAN_POINT ( 'NONE',  ( -15.50000000000000000, -8.306629139140781604, 2.586486486486486047 ) ) ;
#390 = CARTESIAN_POINT ( 'NONE',  ( -15.10000000000000142, -10.59811303959341622, 3.300000000000000711 ) ) ;
#391 = CARTESIAN_POINT ( 'NONE',  ( 15.10000000000000142, 3.769343417595175882, 9.099999999999999645 ) ) ;
#392 = DIRECTION ( 'NONE',  ( 0.000000000000000000, -0.7071067811865459074, 0.7071067811865491270 ) ) ;
#393 = EDGE_LOOP ( 'NONE', ( #1413, #1423, #1358, #1287, #375 ) ) ;
#394 = FACE_OUTER_BOUND ( 'NONE', #61, .T. ) ;
#395 = FACE_OUTER_BOUND ( 'NONE', #557, .T. ) ;
#396 = DIRECTION ( 'NONE',  ( 1.000000000000000000, 0.000000000000000000, 0.000000000000000000 ) ) ;
#397 = FACE_OUTER_BOUND ( 'NONE', #1540, .T. ) ;
#398 = ADVANCED_FACE ( 'NONE', ( #1452 ), #839, .F. ) ;
#399 = ORIENTED_EDGE ( 'NONE', *, *, #15, .F. ) ;
#400 = FACE_OUTER_BOUND ( 'NONE', #1491, .T. ) ;
#401 = ORIENTED_EDGE ( 'NONE', *, *, #805, .T. ) ;
#402 = LINE ( 'NONE', #372, #1323 ) ;
#403 = VECTOR ( 'NONE', #1279, 999.9999999999998863 ) ;
#404 = VERTEX_POINT ( 'NONE', #251 ) ;
#405 = AXIS2_PLACEMENT_3D ( 'NONE', #174, #1160, #845 ) ;
#406 = EDGE_CURVE ( 'NONE', #959, #1443, #463, .T. ) ;
#407 = VERTEX_POINT ( 'NONE', #135 ) ;
#408 = DIRECTION ( 'NONE',  ( -1.000000000000000000, 0.000000000000000000, 0.000000000000000000 ) ) ;
#409 = ADVANCED_FACE ( 'NONE', ( #1068 ), #111, .F. ) ;
#410 = CONICAL_SURFACE ( 'NONE', #1076, 12.50000000000000000, 0.7853981633974482790 ) ;
#411 = VERTEX_POINT ( 'NONE', #1553 ) ;
#412 = CARTESIAN_POINT ( 'NONE',  ( -37.81360399168749353, 0.000000000000000000, 0.000000000000000000 ) ) ;
#413 =( NAMED_UNIT ( * ) SI_UNIT ( $, .STERADIAN. ) SOLID_ANGLE_UNIT ( ) );
#414 = DIRECTION ( 'NONE',  ( 0.000000000000000000, -0.000000000000000000, -1.000000000000000000 ) ) ;
#415 = FACE_OUTER_BOUND ( 'NONE', #416, .T. ) ;
#416 = EDGE_LOOP ( 'NONE', ( #1526, #963, #216, #1257 ) ) ;
#417 = CARTESIAN_POINT ( 'NONE',  ( -15.50000000000000000, 0.000000000000000000, 0.000000000000000000 ) ) ;
#418 = FACE_OUTER_BOUND ( 'NONE', #1510, .T. ) ;
#419 = ADVANCED_BREP_SHAPE_REPRESENTATION ( 'Idler Hub', ( #639, #1167 ), #900 ) ;
#420 = EDGE_CURVE ( 'NONE', #1329, #1520, #155, .T. ) ;
#421 = DIRECTION ( 'NONE',  ( 0.000000000000000000, 0.000000000000000000, -1.000000000000000000 ) ) ;
#422 = VERTEX_POINT ( 'NONE', #1543 ) ;
#423 = EDGE_LOOP ( 'NONE', ( #343, #1408, #1311, #178 ) ) ;
#424 = CARTESIAN_POINT ( 'NONE',  ( -37.50000000000000000, -2.515349040166370287E-14, -2.602085213965210642E-14 ) ) ;
#425 =( NAMED_UNIT ( * ) SI_UNIT ( $, .STERADIAN. ) SOLID_ANGLE_UNIT ( ) );
#426 = CARTESIAN_POINT ( 'NONE',  ( -15.10000000000000142, 3.769343417595175882, 9.099999999999999645 ) ) ;
#427 = EDGE_CURVE ( 'NONE', #1461, #457, #467, .T. ) ;
#428 = DIRECTION ( 'NONE',  ( 1.000000000000000000, 0.000000000000000000, 0.000000000000000000 ) ) ;
#429 = CARTESIAN_POINT ( 'NONE',  ( 11.50000000000000000, -2.000000000000000000, -6.812488532100439365 ) ) ;
#430 =( BOUNDED_CURVE ( )  B_SPLINE_CURVE ( 3, ( #591, #1312, #341, #1070 ),
 .UNSPECIFIED., .F., .F. ) 
 B_SPLINE_CURVE_WITH_KNOTS ( ( 4, 4 ),
 ( 4.238893468234632422, 4.274531544994463417 ),
 .UNSPECIFIED. ) 
 CURVE ( )  GEOMETRIC_REPRESENTATION_ITEM ( )  RATIONAL_B_SPLINE_CURVE ( ( 1.000000000000000000, 0.9998941634242021204, 0.9998941634242021204, 1.000000000000000000 ) ) 
 REPRESENTATION_ITEM ( '' )  );
#431 =( GEOMETRIC_REPRESENTATION_CONTEXT ( 3 ) GLOBAL_UNCERTAINTY_ASSIGNED_CONTEXT ( ( #1508 ) ) GLOBAL_UNIT_ASSIGNED_CONTEXT ( ( #536, #1514, #413 ) ) REPRESENTATION_CONTEXT ( 'NONE', 'WORKASPACE' ) );
#432 = EDGE_LOOP ( 'NONE', ( #346, #1522, #1156, #1198, #78 ) ) ;
#433 = LINE ( 'NONE', #804, #694 ) ;
#434 = AXIS2_PLACEMENT_3D ( 'NONE', #1332, #118, #244 ) ;
#435 = VERTEX_POINT ( 'NONE', #962 ) ;
#436 = CIRCLE ( 'NONE', #1446, 8.699999999999995737 ) ;
#437 = DIRECTION ( 'NONE',  ( 0.000000000000000000, 1.000000000000000000, 2.711134958529216305E-16 ) ) ;
#438 = ORIENTED_EDGE ( 'NONE', *, *, #339, .F. ) ;
#439 = LINE ( 'NONE', #1402, #1419 ) ;
#440 = CARTESIAN_POINT ( 'NONE',  ( -37.10000000000002984, -18.78382470180727282, 5.602525837797007746 ) ) ;
#441 = DIRECTION ( 'NONE',  ( 0.000000000000000000, 0.000000000000000000, 1.000000000000000000 ) ) ;
#442 = ORIENTED_EDGE ( 'NONE', *, *, #1493, .F. ) ;
#443 = EDGE_CURVE ( 'NONE', #1548, #157, #402, .T. ) ;
#444 = CARTESIAN_POINT ( 'NONE',  ( 15.10000000000000142, 0.000000000000000000, 0.000000000000000000 ) ) ;
#445 = EDGE_LOOP ( 'NONE', ( #454, #1213, #814, #1203 ) ) ;
#446 = CARTESIAN_POINT ( 'NONE',  ( 15.50000000000000000, 2.000000000000000000, -7.299999999999999822 ) ) ;
#447 = ORIENTED_EDGE ( 'NONE', *, *, #981, .T. ) ;
#448 = DIRECTION ( 'NONE',  ( 0.000000000000000000, 1.000000000000000000, -2.168404344971008868E-16 ) ) ;
#449 = PLANE ( 'NONE',  #187 ) ;
#450 = ORIENTED_EDGE ( 'NONE', *, *, #73, .F. ) ;
#451 = ADVANCED_FACE ( 'NONE', ( #1479, #1342 ), #654, .F. ) ;
#452 = ORIENTED_EDGE ( 'NONE', *, *, #795, .T. ) ;
#453 = CARTESIAN_POINT ( 'NONE',  ( -37.10000000000002274, -23.39358159306924634, 5.299999999999997158 ) ) ;
#454 = ORIENTED_EDGE ( 'NONE', *, *, #363, .T. ) ;
#455 = CARTESIAN_POINT ( 'NONE',  ( -15.10000000000000142, -8.852684170680761966, 9.099999999999997868 ) ) ;
#456 = DIRECTION ( 'NONE',  ( 0.000000000000000000, 0.000000000000000000, -1.000000000000000000 ) ) ;
#457 = VERTEX_POINT ( 'NONE', #43 ) ;
#458 = CARTESIAN_POINT ( 'NONE',  ( 37.10000000000000853, -18.68587068227276404, 5.299999999999996270 ) ) ;
#459 = ORIENTED_EDGE ( 'NONE', *, *, #1207, .F. ) ;
#460 = DIRECTION ( 'NONE',  ( 0.000000000000000000, -0.7071067811865444641, 0.7071067811865505703 ) ) ;
#461 = VECTOR ( 'NONE', #919, 1000.000000000000000 ) ;
#462 = ORIENTED_EDGE ( 'NONE', *, *, #274, .T. ) ;
#463 = CIRCLE ( 'NONE', #879, 7.099999999999999645 ) ;
#464 = EDGE_CURVE ( 'NONE', #487, #192, #179, .T. ) ;
#465 = PLANE ( 'NONE',  #240 ) ;
#466 = VECTOR ( 'NONE', #335, 1000.000000000000000 ) ;
#467 = LINE ( 'NONE', #1080, #697 ) ;
#468 = VECTOR ( 'NONE', #964, 1000.000000000000000 ) ;
#469 = AXIS2_PLACEMENT_3D ( 'NONE', #1375, #291, #441 ) ;
#470 = ORIENTED_EDGE ( 'NONE', *, *, #769, .T. ) ;
#471 = LINE ( 'NONE', #1082, #904 ) ;
#472 = LINE ( 'NONE', #834, #277 ) ;
#473 = ORIENTED_EDGE ( 'NONE', *, *, #574, .T. ) ;
#474 = DIRECTION ( 'NONE',  ( 0.000000000000000000, 0.000000000000000000, 1.000000000000000000 ) ) ;
#475 = DIRECTION ( 'NONE',  ( -0.5182924423057794217, -0.8552034519625785203, 0.000000000000000000 ) ) ;
#476 = LINE ( 'NONE', #969, #114 ) ;
#477 = EDGE_CURVE ( 'NONE', #778, #435, #160, .T. ) ;
#478 = DIRECTION ( 'NONE',  ( 0.000000000000000000, -1.000000000000000000, -1.483076431948111267E-16 ) ) ;
#479 = ORIENTED_EDGE ( 'NONE', *, *, #1133, .F. ) ;
#480 = DIRECTION ( 'NONE',  ( -1.000000000000000000, 0.000000000000000000, 0.000000000000000000 ) ) ;
#481 = DIRECTION ( 'NONE',  ( 0.000000000000000000, -1.000000000000000000, 2.168404344971008868E-16 ) ) ;
#482 =( BOUNDED_CURVE ( )  B_SPLINE_CURVE ( 3, ( #738, #333, #458, #1083 ),
 .UNSPECIFIED., .F., .T. ) 
 B_SPLINE_CURVE_WITH_KNOTS ( ( 4, 4 ),
 ( 2.087072417003965619, 3.141592653589793116 ),
 .UNSPECIFIED. ) 
 CURVE ( )  GEOMETRIC_REPRESENTATION_ITEM ( )  RATIONAL_B_SPLINE_CURVE ( ( 1.000000000000000000, 0.9094592878747753684, 0.9094592878747753684, 1.000000000000000000 ) ) 
 REPRESENTATION_ITEM ( '' )  );
#483 = ORIENTED_EDGE ( 'NONE', *, *, #1255, .T. ) ;
#484 = DIRECTION ( 'NONE',  ( 0.000000000000000000, 1.000000000000000000, 2.711134958529216305E-16 ) ) ;
#485 = CARTESIAN_POINT ( 'NONE',  ( -15.10000000000000142, 0.000000000000000000, -9.099999999999999645 ) ) ;
#486 = CARTESIAN_POINT ( 'NONE',  ( 11.50000000000000000, 2.000000000000000000, -7.299999999999999822 ) ) ;
#487 = VERTEX_POINT ( 'NONE', #389 ) ;
#488 = PLANE ( 'NONE',  #12 ) ;
#489 = EDGE_CURVE ( 'NONE', #334, #587, #887, .T. ) ;
#490 = VERTEX_POINT ( 'NONE', #1476 ) ;
#491 = CARTESIAN_POINT ( 'NONE',  ( -37.10000000000002274, -8.861194749468214837, 8.816418071529785294 ) ) ;
#492 = EDGE_LOOP ( 'NONE', ( #1495, #1339, #739, #693 ) ) ;
#493 = CIRCLE ( 'NONE', #1362, 2.000000000000000000 ) ;
#494 = LINE ( 'NONE', #1201, #1325 ) ;
#495 = VECTOR ( 'NONE', #1306, 1000.000000000000000 ) ;
#496 = CARTESIAN_POINT ( 'NONE',  ( 15.50000000000000000, 2.000000000000000000, -7.299999999999999822 ) ) ;
#497 = AXIS2_PLACEMENT_3D ( 'NONE', #847, #601, #617 ) ;
#498 = AXIS2_PLACEMENT_3D ( 'NONE', #94, #1059, #204 ) ;
#499 = DIRECTION ( 'NONE',  ( -1.000000000000000000, -0.000000000000000000, -0.000000000000000000 ) ) ;
#500 = CARTESIAN_POINT ( 'NONE',  ( -37.50000000000000000, 0.000000000000000000, 0.000000000000000000 ) ) ;
#501 = ORIENTED_EDGE ( 'NONE', *, *, #524, .F. ) ;
#502 = ADVANCED_FACE ( 'NONE', ( #152 ), #282, .F. ) ;
#503 = DIRECTION ( 'NONE',  ( 0.000000000000000000, 0.000000000000000000, 1.000000000000000000 ) ) ;
#504 = DIRECTION ( 'NONE',  ( -1.000000000000000000, -0.000000000000000000, 0.000000000000000000 ) ) ;
#505 = DIRECTION ( 'NONE',  ( -1.000000000000000000, -0.000000000000000000, -0.000000000000000000 ) ) ;
#506 = CARTESIAN_POINT ( 'NONE',  ( -11.49999999999999645, 0.000000000000000000, 0.000000000000000000 ) ) ;
#507 = CARTESIAN_POINT ( 'NONE',  ( -37.10000000000002274, -16.29567394495087740, 9.099999999999997868 ) ) ;
#508 = ORIENTED_EDGE ( 'NONE', *, *, #1209, .F. ) ;
#509 = CARTESIAN_POINT ( 'NONE',  ( -37.81360399168749353, 0.000000000000000000, 0.000000000000000000 ) ) ;
#510 = CARTESIAN_POINT ( 'NONE',  ( -37.10000000000002274, -23.39358159306924634, 5.299999999999997158 ) ) ;
#511 = DIRECTION ( 'NONE',  ( -1.000000000000000000, -0.000000000000000000, -0.000000000000000000 ) ) ;
#512 = CARTESIAN_POINT ( 'NONE',  ( 37.10000000000000142, -16.29567394495087740, 9.099999999999997868 ) ) ;
#513 = DIRECTION ( 'NONE',  ( 0.7071067811865414665, 0.000000000000000000, 0.7071067811865536790 ) ) ;
#514 = CARTESIAN_POINT ( 'NONE',  ( 37.50000000000000000, 0.000000000000000000, 0.000000000000000000 ) ) ;
#515 = ADVANCED_FACE ( 'NONE', ( #395 ), #276, .T. ) ;
#516 = VECTOR ( 'NONE', #1507, 1000.000000000000227 ) ;
#517 = CARTESIAN_POINT ( 'NONE',  ( 15.50000000000000000, -10.59811303959341622, 5.700000000000005507 ) ) ;
#518 = LINE ( 'NONE', #391, #728 ) ;
#519 = PRESENTATION_LAYER_ASSIGNMENT (  '', '', ( #825 ) ) ;
#520 = CIRCLE ( 'NONE', #238, 7.099999999999995204 ) ;
#521 = VECTOR ( 'NONE', #641, 1000.000000000000114 ) ;
#522 = ORIENTED_EDGE ( 'NONE', *, *, #815, .T. ) ;
#523 = CARTESIAN_POINT ( 'NONE',  ( 11.50000000000000355, 0.000000000000000000, 0.000000000000000000 ) ) ;
#524 = EDGE_CURVE ( 'NONE', #4, #959, #380, .T. ) ;
#525 = CARTESIAN_POINT ( 'NONE',  ( -37.23308794989958415, -11.40542112531668018, 5.433087949899557678 ) ) ;
#526 = VERTEX_POINT ( 'NONE', #257 ) ;
#527 = DIRECTION ( 'NONE',  ( 0.000000000000000000, -1.000000000000000000, -2.711134958529216305E-16 ) ) ;
#528 = DIRECTION ( 'NONE',  ( 0.000000000000000000, -0.7071067811865459074, 0.7071067811865491270 ) ) ;
#529 = EDGE_CURVE ( 'NONE', #711, #999, #775, .T. ) ;
#530 = ORIENTED_EDGE ( 'NONE', *, *, #150, .T. ) ;
#531 = ADVANCED_FACE ( 'NONE', ( #271 ), #625, .T. ) ;
#532 = ORIENTED_EDGE ( 'NONE', *, *, #1094, .F. ) ;
#533 = CARTESIAN_POINT ( 'NONE',  ( -37.50000000000000000, -9.524704719832481459, 8.700000000000018829 ) ) ;
#534 = EDGE_LOOP ( 'NONE', ( #1229, #688, #1285, #1497 ) ) ;
#535 = CARTESIAN_POINT ( 'NONE',  ( -37.50000000000000000, -2.669883732802535993E-14, 5.699999999999983302 ) ) ;
#536 =( LENGTH_UNIT ( ) NAMED_UNIT ( * ) SI_UNIT ( .MILLI., .METRE. ) );
#537 = CIRCLE ( 'NONE', #235, 9.099999999999999645 ) ;
#538 = ORIENTED_EDGE ( 'NONE', *, *, #252, .F. ) ;
#539 = AXIS2_PLACEMENT_3D ( 'NONE', #306, #1272, #798 ) ;
#540 = VECTOR ( 'NONE', #894, 1000.000000000000000 ) ;
#541 = EDGE_CURVE ( 'NONE', #231, #1461, #1467, .T. ) ;
#542 = ORIENTED_EDGE ( 'NONE', *, *, #420, .T. ) ;
#543 = VECTOR ( 'NONE', #1521, 1000.000000000000000 ) ;
#544 = VECTOR ( 'NONE', #1105, 1000.000000000000000 ) ;
#545 = PLANE ( 'NONE',  #405 ) ;
#546 = CARTESIAN_POINT ( 'NONE',  ( 15.10000000000000142, -8.688543122549557296, 2.705405405405405972 ) ) ;
#547 = ORIENTED_EDGE ( 'NONE', *, *, #889, .T. ) ;
#548 = FACE_OUTER_BOUND ( 'NONE', #1136, .T. ) ;
#549 = ORIENTED_EDGE ( 'NONE', *, *, #212, .F. ) ;
#550 = EDGE_CURVE ( 'NONE', #1406, #90, #1231, .T. ) ;
#551 =( LENGTH_UNIT ( ) NAMED_UNIT ( * ) SI_UNIT ( .MILLI., .METRE. ) );
#552 = CARTESIAN_POINT ( 'NONE',  ( 37.10000000000000142, -17.28834153251366956, 8.107332412437212810 ) ) ;
#553 =( NAMED_UNIT ( * ) PLANE_ANGLE_UNIT ( ) SI_UNIT ( $, .RADIAN. ) );
#554 = CARTESIAN_POINT ( 'NONE',  ( -37.50000000000000000, -8.852684170680761966, 9.099999999999997868 ) ) ;
#555 = CARTESIAN_POINT ( 'NONE',  ( -37.16176789066646791, -8.956457400194793195, 9.038232109333550923 ) ) ;
#556 = CYLINDRICAL_SURFACE ( 'NONE', #953, 7.099999999999999645 ) ;
#557 = EDGE_LOOP ( 'NONE', ( #1066, #1331, #399 ) ) ;
#558 = CARTESIAN_POINT ( 'NONE',  ( -37.10000000000002984, -18.96444635270934498, 5.299999999999997158 ) ) ;
#559 = ORIENTED_EDGE ( 'NONE', *, *, #896, .F. ) ;
#560 = FACE_OUTER_BOUND ( 'NONE', #1190, .T. ) ;
#561 = FACE_OUTER_BOUND ( 'NONE', #729, .T. ) ;
#562 = EDGE_CURVE ( 'NONE', #1436, #9, #1355, .T. ) ;
#563 = CARTESIAN_POINT ( 'NONE',  ( 15.09999999999998899, 6.434671708797591982, 6.434671708797572443 ) ) ;
#564 = DIRECTION ( 'NONE',  ( 0.000000000000000000, -1.000000000000000000, -1.483076431948111267E-16 ) ) ;
#565 = CONICAL_SURFACE ( 'NONE', #596, 2.400000000000004352, 0.7853981633974569387 ) ;
#566 = EDGE_LOOP ( 'NONE', ( #374, #1450, #1058, #53 ) ) ;
#567 = AXIS2_PLACEMENT_3D ( 'NONE', #510, #1007, #893 ) ;
#568 = DIRECTION ( 'NONE',  ( 1.000000000000000000, 0.000000000000000000, 0.000000000000000000 ) ) ;
#569 = VERTEX_POINT ( 'NONE', #1109 ) ;
#570 = CARTESIAN_POINT ( 'NONE',  ( -15.50000000000000000, -10.59811303959341622, 5.700000000000005507 ) ) ;
#571 = CARTESIAN_POINT ( 'NONE',  ( 11.50000000000000355, 7.225416114969384193E-16, -5.899999999999999467 ) ) ;
#572 = ORIENTED_EDGE ( 'NONE', *, *, #1028, .T. ) ;
#573 = LINE ( 'NONE', #1283, #386 ) ;
#574 = EDGE_CURVE ( 'NONE', #90, #935, #29, .T. ) ;
#575 = ORIENTED_EDGE ( 'NONE', *, *, #960, .T. ) ;
#576 = CARTESIAN_POINT ( 'NONE',  ( 37.36775924708070562, -9.305173855834416585, 8.744259878599166314 ) ) ;
#577 = EDGE_LOOP ( 'NONE', ( #837, #673, #1025, #459 ) ) ;
#578 = DIRECTION ( 'NONE',  ( -1.000000000000000000, 0.000000000000000000, 0.000000000000000000 ) ) ;
#579 = VERTEX_POINT ( 'NONE', #267 ) ;
#580 = CARTESIAN_POINT ( 'NONE',  ( 37.10000000000000142, -18.78382470180727282, 5.602525837797005970 ) ) ;
#581 = CARTESIAN_POINT ( 'NONE',  ( -15.10000000000000142, 0.000000000000000000, 0.000000000000000000 ) ) ;
#582 = ORIENTED_EDGE ( 'NONE', *, *, #1006, .F. ) ;
#583 = EDGE_CURVE ( 'NONE', #435, #877, #1112, .T. ) ;
#584 = CARTESIAN_POINT ( 'NONE',  ( -15.38358192847021044, -8.861194749468213061, 8.816418071529785294 ) ) ;
#585 = ORIENTED_EDGE ( 'NONE', *, *, #805, .F. ) ;
#586 = ADVANCED_FACE ( 'NONE', ( #158 ), #646, .F. ) ;
#587 = VERTEX_POINT ( 'NONE', #1401 ) ;
#588 = PLANE ( 'NONE',  #672 ) ;
#589 = LINE ( 'NONE', #1215, #1484 ) ;
#590 = ORIENTED_EDGE ( 'NONE', *, *, #1414, .T. ) ;
#591 = CARTESIAN_POINT ( 'NONE',  ( -15.50000000000000000, -11.12474718813870211, 5.700000000000004619 ) ) ;
#592 = DIRECTION ( 'NONE',  ( 0.000000000000000000, 0.000000000000000000, 1.000000000000000000 ) ) ;
#593 = PRODUCT_RELATED_PRODUCT_CATEGORY ( 'part', '', ( #767 ) ) ;
#594 = ORIENTED_EDGE ( 'NONE', *, *, #550, .T. ) ;
#595 = PLANE ( 'NONE',  #302 ) ;
#596 = AXIS2_PLACEMENT_3D ( 'NONE', #362, #861, #1432 ) ;
#597 = ADVANCED_FACE ( 'NONE', ( #418, #1486 ), #545, .F. ) ;
#598 = AXIS2_PLACEMENT_3D ( 'NONE', #771, #1248, #165 ) ;
#599 = FACE_OUTER_BOUND ( 'NONE', #808, .T. ) ;
#600 = VECTOR ( 'NONE', #513, 1000.000000000000000 ) ;
#601 = DIRECTION ( 'NONE',  ( -1.000000000000000000, 0.000000000000000000, 0.000000000000000000 ) ) ;
#602 = AXIS2_PLACEMENT_3D ( 'NONE', #1410, #75, #414 ) ;
#603 = ORIENTED_EDGE ( 'NONE', *, *, #1303, .F. ) ;
#604 = LINE ( 'NONE', #2, #631 ) ;
#605 = CARTESIAN_POINT ( 'NONE',  ( -37.10000000000002274, -18.61210268055192785, 5.299999999999998046 ) ) ;
#606 = EDGE_LOOP ( 'NONE', ( #101, #931, #1129, #1250 ) ) ;
#607 = CYLINDRICAL_SURFACE ( 'NONE', #434, 9.099999999999999645 ) ;
#608 = EDGE_CURVE ( 'NONE', #569, #819, #921, .T. ) ;
#609 = CARTESIAN_POINT ( 'NONE',  ( -37.81360399168749353, -8.688543122549557296, 2.705405405405405972 ) ) ;
#610 = CARTESIAN_POINT ( 'NONE',  ( 37.50000000000000000, -8.852684170680761966, 9.099999999999997868 ) ) ;
#611 = ORIENTED_EDGE ( 'NONE', *, *, #817, .F. ) ;
#612 = DIRECTION ( 'NONE',  ( 0.000000000000000000, -1.000000000000000000, -1.483076431948111267E-16 ) ) ;
#613 = CARTESIAN_POINT ( 'NONE',  ( -37.57398164781295691, -16.31701255851168852, 8.809616311833091018 ) ) ;
#614 = ORIENTED_EDGE ( 'NONE', *, *, #661, .T. ) ;
#615 = PLANE ( 'NONE',  #1003 ) ;
#616 = DIRECTION ( 'NONE',  ( 0.000000000000000000, 0.8586101062767249603, -0.5126291889850509431 ) ) ;
#617 = DIRECTION ( 'NONE',  ( 0.000000000000000000, 0.000000000000000000, 1.000000000000000000 ) ) ;
#618 = ADVANCED_FACE ( 'NONE', ( #72 ), #66, .T. ) ;
#619 = CARTESIAN_POINT ( 'NONE',  ( -37.10000000000002274, -16.29567394495087740, 9.099999999999997868 ) ) ;
#620 = DIRECTION ( 'NONE',  ( 0.000000000000000000, 8.673617379884035472E-16, 1.000000000000000000 ) ) ;
#621 = ORIENTED_EDGE ( 'NONE', *, *, #1435, .T. ) ;
#622 = AXIS2_PLACEMENT_3D ( 'NONE', #16, #1445, #481 ) ;
#623 = PLANE ( 'NONE',  #182 ) ;
#624 = VECTOR ( 'NONE', #753, 999.9999999999998863 ) ;
#625 = PLANE ( 'NONE',  #1139 ) ;
#626 = AXIS2_PLACEMENT_3D ( 'NONE', #195, #1029, #1431 ) ;
#627 = VECTOR ( 'NONE', #1552, 1000.000000000000000 ) ;
#628 = CARTESIAN_POINT ( 'NONE',  ( 37.10000000000000142, -11.32077735846792521, 5.299999999999999822 ) ) ;
#629 = EDGE_CURVE ( 'NONE', #1055, #657, #914, .T. ) ;
#630 = PLANE ( 'NONE',  #381 ) ;
#631 = VECTOR ( 'NONE', #480, 1000.000000000000000 ) ;
#632 = ORIENTED_EDGE ( 'NONE', *, *, #299, .F. ) ;
#633 = CARTESIAN_POINT ( 'NONE',  ( 15.10000000000000142, -10.59811303959341622, 5.300000000000000711 ) ) ;
#634 = CARTESIAN_POINT ( 'NONE',  ( 11.50000000000000000, 2.000000000000000000, -7.299999999999999822 ) ) ;
#635 = CARTESIAN_POINT ( 'NONE',  ( 39.04174958479833890, -15.54363045711941993, 7.241749584798339079 ) ) ;
#636 = CARTESIAN_POINT ( 'NONE',  ( -37.36642794562273195, -11.48927625229845617, 5.566427945622714368 ) ) ;
#637 = EDGE_CURVE ( 'NONE', #657, #157, #659, .T. ) ;
#638 = DIRECTION ( 'NONE',  ( 0.000000000000000000, -1.000000000000000000, 0.000000000000000000 ) ) ;
#639 = MANIFOLD_SOLID_BREP ( 'Chanfrein3', #1369 ) ;
#640 = DIRECTION ( 'NONE',  ( -0.5182924423057765351, 0.8552034519625801856, 0.000000000000000000 ) ) ;
#641 = DIRECTION ( 'NONE',  ( -0.4426490035314765703, -0.7798228769055070009, -0.4426490035314765703 ) ) ;
#642 = CARTESIAN_POINT ( 'NONE',  ( 15.50000000000000000, 0.000000000000000000, 0.000000000000000000 ) ) ;
#643 = VERTEX_POINT ( 'NONE', #932 ) ;
#644 = ADVANCED_FACE ( 'NONE', ( #1389 ), #788, .F. ) ;
#645 = LINE ( 'NONE', #1372, #145 ) ;
#646 = CYLINDRICAL_SURFACE ( 'NONE', #304, 5.899999999999997691 ) ;
#647 = VECTOR ( 'NONE', #908, 1000.000000000000000 ) ;
#648 = VECTOR ( 'NONE', #368, 1000.000000000000114 ) ;
#649 = CARTESIAN_POINT ( 'NONE',  ( 15.50000000000000000, -11.12474718813870211, 5.700000000000004619 ) ) ;
#650 = VECTOR ( 'NONE', #210, 1000.000000000000000 ) ;
#651 = VECTOR ( 'NONE', #1162, 1000.000000000000000 ) ;
#652 = ORIENTED_EDGE ( 'NONE', *, *, #212, .T. ) ;
#653 = ADVANCED_FACE ( 'NONE', ( #560 ), #1137, .T. ) ;
#654 = PLANE ( 'NONE',  #1241 ) ;
#655 = EDGE_CURVE ( 'NONE', #192, #411, #203, .T. ) ;
#656 = CARTESIAN_POINT ( 'NONE',  ( -37.10000000000002274, -18.82164033270246861, 5.539187885999662164 ) ) ;
#657 = VERTEX_POINT ( 'NONE', #1259 ) ;
#658 = DIRECTION ( 'NONE',  ( 0.000000000000000000, 0.000000000000000000, 1.000000000000000000 ) ) ;
#659 = LINE ( 'NONE', #1253, #1196 ) ;
#660 =( NAMED_UNIT ( * ) SI_UNIT ( $, .STERADIAN. ) SOLID_ANGLE_UNIT ( ) );
#661 = EDGE_CURVE ( 'NONE', #176, #487, #436, .T. ) ;
#662 = ORIENTED_EDGE ( 'NONE', *, *, #906, .T. ) ;
#663 = ORIENTED_EDGE ( 'NONE', *, *, #86, .T. ) ;
#664 = VERTEX_POINT ( 'NONE', #968 ) ;
#665 = CARTESIAN_POINT ( 'NONE',  ( -15.50000000000000000, 0.000000000000000000, -8.699999999999995737 ) ) ;
#666 = ORIENTED_EDGE ( 'NONE', *, *, #574, .F. ) ;
#667 = AXIS2_PLACEMENT_3D ( 'NONE', #366, #978, #736 ) ;
#668 = LINE ( 'NONE', #1145, #1009 ) ;
#669 = AXIS2_PLACEMENT_3D ( 'NONE', #922, #159, #1391 ) ;
#670 = EDGE_CURVE ( 'NONE', #404, #113, #52, .T. ) ;
#671 = LINE ( 'NONE', #687, #258 ) ;
#672 = AXIS2_PLACEMENT_3D ( 'NONE', #219, #110, #691 ) ;
#673 = ORIENTED_EDGE ( 'NONE', *, *, #268, .F. ) ;
#674 = AXIS2_PLACEMENT_3D ( 'NONE', #692, #942, #801 ) ;
#675 = ORIENTED_EDGE ( 'NONE', *, *, #1530, .T. ) ;
#676 = FILL_AREA_STYLE ('',( #296 ) ) ;
#677 = CARTESIAN_POINT ( 'NONE',  ( 15.50000000000000000, 2.000000000000000000, -6.812488532100439365 ) ) ;
#678 = CARTESIAN_POINT ( 'NONE',  ( 15.10000000000000142, 6.434671708797591094, 6.434671708797572443 ) ) ;
#679 = ORIENTED_EDGE ( 'NONE', *, *, #6, .T. ) ;
#680 = CARTESIAN_POINT ( 'NONE',  ( -11.50000000000000000, -2.000000000000000000, -6.812488532100439365 ) ) ;
#681 = ORIENTED_EDGE ( 'NONE', *, *, #252, .T. ) ;
#682 = DIRECTION ( 'NONE',  ( 1.000000000000000000, 0.000000000000000000, -0.000000000000000000 ) ) ;
#683 = EDGE_CURVE ( 'NONE', #835, #819, #439, .T. ) ;
#684 = DIRECTION ( 'NONE',  ( -1.000000000000000000, -0.000000000000000000, -0.000000000000000000 ) ) ;
#685 = CARTESIAN_POINT ( 'NONE',  ( 15.50000000000000000, -8.975522268926756198, 8.699999999999995737 ) ) ;
#686 = PLANE ( 'NONE',  #602 ) ;
#687 = CARTESIAN_POINT ( 'NONE',  ( 15.10000000000000142, -8.688543122549557296, 2.705405405405405972 ) ) ;
#688 = ORIENTED_EDGE ( 'NONE', *, *, #1530, .F. ) ;
#689 = ORIENTED_EDGE ( 'NONE', *, *, #529, .F. ) ;
#690 = EDGE_CURVE ( 'NONE', #1406, #1460, #1343, .T. ) ;
#691 = DIRECTION ( 'NONE',  ( 0.000000000000000000, -0.7071067811865459074, 0.7071067811865491270 ) ) ;
#692 = CARTESIAN_POINT ( 'NONE',  ( -15.50000000000000000, 0.000000000000000000, 0.000000000000000000 ) ) ;
#693 = ORIENTED_EDGE ( 'NONE', *, *, #1014, .F. ) ;
#694 = VECTOR ( 'NONE', #813, 1000.000000000000000 ) ;
#695 = DIRECTION ( 'NONE',  ( -1.000000000000000000, -0.000000000000000000, -0.000000000000000000 ) ) ;
#696 = ORIENTED_EDGE ( 'NONE', *, *, #177, .T. ) ;
#697 = VECTOR ( 'NONE', #478, 1000.000000000000000 ) ;
#698 = DIRECTION ( 'NONE',  ( 0.000000000000000000, 0.7071067811865459074, -0.7071067811865491270 ) ) ;
#699 = CARTESIAN_POINT ( 'NONE',  ( -11.50000000000000000, 0.000000000000000000, 0.000000000000000000 ) ) ;
#700 = VECTOR ( 'NONE', #14, 1000.000000000000000 ) ;
#701 = ADVANCED_FACE ( 'NONE', ( #1282 ), #321, .F. ) ;
#702 = FACE_OUTER_BOUND ( 'NONE', #770, .T. ) ;
#703 = ADVANCED_FACE ( 'NONE', ( #709 ), #1182, .T. ) ;
#704 = ORIENTED_EDGE ( 'NONE', *, *, #370, .F. ) ;
#705 = CARTESIAN_POINT ( 'NONE',  ( -37.50000000000000000, -8.861194749468213061, 8.816418071529785294 ) ) ;
#706 = VERTEX_POINT ( 'NONE', #580 ) ;
#707 = CARTESIAN_POINT ( 'NONE',  ( -15.50000000000000000, -2.000000000000000000, -6.812488532100439365 ) ) ;
#708 = VERTEX_POINT ( 'NONE', #1168 ) ;
#709 = FACE_OUTER_BOUND ( 'NONE', #207, .T. ) ;
#710 = CARTESIAN_POINT ( 'NONE',  ( -15.46094551952695895, -8.937666646720590080, 8.739054480473043895 ) ) ;
#711 = VERTEX_POINT ( 'NONE', #328 ) ;
#712 = ADVANCED_FACE ( 'NONE', ( #1078 ), #588, .T. ) ;
#713 = DIRECTION ( 'NONE',  ( 0.000000000000000000, 8.881784197001252323E-16, 1.000000000000000000 ) ) ;
#714 = ORIENTED_EDGE ( 'NONE', *, *, #289, .F. ) ;
#715 = CYLINDRICAL_SURFACE ( 'NONE', #1421, 12.50000000000000000 ) ;
#716 = ORIENTED_EDGE ( 'NONE', *, *, #629, .T. ) ;
#717 = DIRECTION ( 'NONE',  ( 0.000000000000000000, 0.000000000000000000, 1.000000000000000000 ) ) ;
#718 = DIRECTION ( 'NONE',  ( 0.000000000000000000, 0.000000000000000000, 1.000000000000000000 ) ) ;
#719 = EDGE_LOOP ( 'NONE', ( #300, #575, #803, #356, #162, #1064, #614 ) ) ;
#720 = FACE_OUTER_BOUND ( 'NONE', #492, .T. ) ;
#721 = DIRECTION ( 'NONE',  ( 1.000000000000000000, -0.000000000000000000, -0.000000000000000000 ) ) ;
#722 = EDGE_CURVE ( 'NONE', #317, #1520, #796, .T. ) ;
#723 = VERTEX_POINT ( 'NONE', #1067 ) ;
#724 = AXIS2_PLACEMENT_3D ( 'NONE', #444, #695, #1412 ) ;
#725 = AXIS2_PLACEMENT_3D ( 'NONE', #168, #809, #1281 ) ;
#726 = DIRECTION ( 'NONE',  ( 1.000000000000000000, 0.000000000000000000, 0.000000000000000000 ) ) ;
#727 = LINE ( 'NONE', #5, #793 ) ;
#728 = VECTOR ( 'NONE', #87, 1000.000000000000000 ) ;
#729 = EDGE_LOOP ( 'NONE', ( #285, #689, #1184, #387 ) ) ;
#730 = DIRECTION ( 'NONE',  ( 0.7071067811865531239, -1.048693402048450635E-16, 0.7071067811865420216 ) ) ;
#731 = CARTESIAN_POINT ( 'NONE',  ( 37.50000000000000000, -18.25975900839451427, 5.699999999999996625 ) ) ;
#732 = VERTEX_POINT ( 'NONE', #455 ) ;
#733 = ORIENTED_EDGE ( 'NONE', *, *, #347, .F. ) ;
#734 = ADVANCED_FACE ( 'NONE', ( #599 ), #465, .T. ) ;
#735 = DIRECTION ( 'NONE',  ( -1.000000000000000000, -0.000000000000000000, -0.000000000000000000 ) ) ;
#736 = DIRECTION ( 'NONE',  ( 0.000000000000000000, 0.000000000000000000, 1.000000000000000000 ) ) ;
#737 = CARTESIAN_POINT ( 'NONE',  ( 15.10000000000000142, -1.515454428613338125E-15, 9.099999999999999645 ) ) ;
#738 = CARTESIAN_POINT ( 'NONE',  ( 37.20127099605334564, -18.78603537954697345, 5.401270996053341378 ) ) ;
#739 = ORIENTED_EDGE ( 'NONE', *, *, #1045, .T. ) ;
#740 = CARTESIAN_POINT ( 'NONE',  ( -37.23438338909477352, -9.083933326885475168, 8.783078279037555447 ) ) ;
#741 = EDGE_CURVE ( 'NONE', #1081, #711, #337, .T. ) ;
#742 = DIRECTION ( 'NONE',  ( -1.000000000000000000, -0.000000000000000000, -0.000000000000000000 ) ) ;
#743 = CARTESIAN_POINT ( 'NONE',  ( -15.50000000000000000, -8.975522268926756198, 8.699999999999995737 ) ) ;
#744 = LINE ( 'NONE', #123, #468 ) ;
#745 = DIRECTION ( 'NONE',  ( 0.000000000000000000, 0.000000000000000000, -1.000000000000000000 ) ) ;
#746 = ORIENTED_EDGE ( 'NONE', *, *, #1448, .F. ) ;
#747 = DIRECTION ( 'NONE',  ( 0.000000000000000000, 0.5126291889850509431, 0.8586101062767249603 ) ) ;
#748 = AXIS2_PLACEMENT_3D ( 'NONE', #514, #504, #1470 ) ;
#749 = DIRECTION ( 'NONE',  ( 1.000000000000000000, -0.000000000000000000, -0.000000000000000000 ) ) ;
#750 = CIRCLE ( 'NONE', #57, 12.50000000000000000 ) ;
#751 = VECTOR ( 'NONE', #682, 1000.000000000000000 ) ;
#752 = DIRECTION ( 'NONE',  ( 0.000000000000000000, 0.000000000000000000, 1.000000000000000000 ) ) ;
#753 = DIRECTION ( 'NONE',  ( 0.000000000000000000, 0.5126291889850510541, 0.8586101062767249603 ) ) ;
#754 = EDGE_CURVE ( 'NONE', #9, #967, #476, .T. ) ;
#755 = AXIS2_PLACEMENT_3D ( 'NONE', #1204, #499, #1218 ) ;
#756 = ORIENTED_EDGE ( 'NONE', *, *, #1471, .T. ) ;
#757 = VERTEX_POINT ( 'NONE', #83 ) ;
#758 = PRODUCT_DEFINITION_SHAPE ( 'NONE', 'NONE',  #1214 ) ;
#759 = DIRECTION ( 'NONE',  ( 0.000000000000000000, 0.000000000000000000, 1.000000000000000000 ) ) ;
#760 = DIRECTION ( 'NONE',  ( 0.000000000000000000, 0.000000000000000000, 1.000000000000000000 ) ) ;
#761 = DIRECTION ( 'NONE',  ( -0.6762090558978932631, -0.2923741189697746656, -0.6762090558978991472 ) ) ;
#762 = EDGE_CURVE ( 'NONE', #664, #706, #1433, .T. ) ;
#763 = ORIENTED_EDGE ( 'NONE', *, *, #73, .T. ) ;
#764 = PLANE ( 'NONE',  #383 ) ;
#765 = CARTESIAN_POINT ( 'NONE',  ( 37.10000000000000142, -18.96444635270934498, 5.299999999999998046 ) ) ;
#766 = CARTESIAN_POINT ( 'NONE',  ( 37.10000000000000853, -18.82164033270247216, 5.539187885999661276 ) ) ;
#767 = PRODUCT ( 'Idler Hub', 'Idler Hub', '', ( #1480 ) ) ;
#768 = LINE ( 'NONE', #388, #280 ) ;
#769 = EDGE_CURVE ( 'NONE', #457, #1307, #1273, .T. ) ;
#770 = EDGE_LOOP ( 'NONE', ( #1385, #1144, #1132, #1246, #905 ) ) ;
#771 = CARTESIAN_POINT ( 'NONE',  ( -37.10000000000002274, -16.29567394495087740, 9.099999999999997868 ) ) ;
#772 = VECTOR ( 'NONE', #1290, 999.9999999999998863 ) ;
#773 = VERTEX_POINT ( 'NONE', #685 ) ;
#774 = LINE ( 'NONE', #1125, #989 ) ;
#775 = LINE ( 'NONE', #634, #211 ) ;
#776 = EDGE_CURVE ( 'NONE', #784, #657, #1161, .T. ) ;
#777 = ORIENTED_EDGE ( 'NONE', *, *, #661, .F. ) ;
#778 = VERTEX_POINT ( 'NONE', #571 ) ;
#779 = DIRECTION ( 'NONE',  ( -1.000000000000000000, 0.000000000000000000, -0.000000000000000000 ) ) ;
#780 = ORIENTED_EDGE ( 'NONE', *, *, #119, .F. ) ;
#781 = ADVANCED_FACE ( 'NONE', ( #561 ), #315, .F. ) ;
#782 = CARTESIAN_POINT ( 'NONE',  ( 0.000000000000000000, 0.000000000000000000, 0.000000000000000000 ) ) ;
#783 = PLANE ( 'NONE',  #1262 ) ;
#784 = VERTEX_POINT ( 'NONE', #1409 ) ;
#785 = ORIENTED_EDGE ( 'NONE', *, *, #1267, .T. ) ;
#786 = CARTESIAN_POINT ( 'NONE',  ( 37.50000000000000000, -9.524704719832522315, 8.700000000000002842 ) ) ;
#787 = ORIENTED_EDGE ( 'NONE', *, *, #655, .T. ) ;
#788 = PLANE ( 'NONE',  #539 ) ;
#789 = DIRECTION ( 'NONE',  ( 0.000000000000000000, 0.000000000000000000, 1.000000000000000000 ) ) ;
#790 = PRESENTATION_LAYER_ASSIGNMENT (  '', '', ( #1098 ) ) ;
#791 = LINE ( 'NONE', #1153, #772 ) ;
#792 = ORIENTED_EDGE ( 'NONE', *, *, #1086, .F. ) ;
#793 = VECTOR ( 'NONE', #970, 1000.000000000000000 ) ;
#794 = DIRECTION ( 'NONE',  ( -2.710251893310236143E-15, -0.7071067811865505703, -0.7071067811865444641 ) ) ;
#795 = EDGE_CURVE ( 'NONE', #4, #303, #1300, .T. ) ;
#796 = CIRCLE ( 'NONE', #331, 12.50000000000000000 ) ;
#797 = EDGE_LOOP ( 'NONE', ( #1376, #1011 ) ) ;
#798 = DIRECTION ( 'NONE',  ( 0.000000000000000000, 0.000000000000000000, 1.000000000000000000 ) ) ;
#799 = FACE_OUTER_BOUND ( 'NONE', #103, .T. ) ;
#800 = DIRECTION ( 'NONE',  ( 0.7071067811865421326, -0.5000000000000044409, -0.5000000000000031086 ) ) ;
#801 = DIRECTION ( 'NONE',  ( 0.000000000000000000, 0.000000000000000000, -1.000000000000000000 ) ) ;
#802 =( BOUNDED_CURVE ( )  B_SPLINE_CURVE ( 3, ( #1277, #1519, #576, #786 ),
 .UNSPECIFIED., .F., .T. ) 
 B_SPLINE_CURVE_WITH_KNOTS ( ( 4, 4 ),
 ( 4.935591595998166881, 4.997448717603376167 ),
 .UNSPECIFIED. ) 
 CURVE ( )  GEOMETRIC_REPRESENTATION_ITEM ( )  RATIONAL_B_SPLINE_CURVE ( ( 1.000000000000000000, 0.9996811667924548894, 0.9996811667924548894, 1.000000000000000000 ) ) 
 REPRESENTATION_ITEM ( '' )  );
#803 = ORIENTED_EDGE ( 'NONE', *, *, #722, .T. ) ;
#804 = CARTESIAN_POINT ( 'NONE',  ( -37.50000000000000000, -11.32077735846792521, 5.299999999999999822 ) ) ;
#805 = EDGE_CURVE ( 'NONE', #199, #757, #163, .T. ) ;
#806 = ORIENTED_EDGE ( 'NONE', *, *, #817, .T. ) ;
#807 = CARTESIAN_POINT ( 'NONE',  ( -15.50000000000000000, 6.151828996322975307, 6.151828996322946885 ) ) ;
#808 = EDGE_LOOP ( 'NONE', ( #1154, #384, #1165 ) ) ;
#809 = DIRECTION ( 'NONE',  ( -0.7071067811865530128, 0.4999999999999973355, 0.4999999999999950595 ) ) ;
#810 = DIRECTION ( 'NONE',  ( 0.000000000000000000, -2.168404344971008868E-16, -1.000000000000000000 ) ) ;
#811 = CARTESIAN_POINT ( 'NONE',  ( -14.96722081824076156, -8.848699333939610057, 9.232779181759243059 ) ) ;
#812 = VERTEX_POINT ( 'NONE', #365 ) ;
#813 = DIRECTION ( 'NONE',  ( 1.000000000000000000, 0.000000000000000000, 0.000000000000000000 ) ) ;
#814 = ORIENTED_EDGE ( 'NONE', *, *, #360, .F. ) ;
#815 = EDGE_CURVE ( 'NONE', #349, #784, #863, .T. ) ;
#816 = VERTEX_POINT ( 'NONE', #878 ) ;
#817 = EDGE_CURVE ( 'NONE', #1532, #310, #1327, .T. ) ;
#818 = DIRECTION ( 'NONE',  ( 1.000000000000000000, -0.000000000000000000, -0.000000000000000000 ) ) ;
#819 = VERTEX_POINT ( 'NONE', #376 ) ;
#820 = DIRECTION ( 'NONE',  ( 0.000000000000000000, 0.7071067811865459074, -0.7071067811865491270 ) ) ;
#821 = ORIENTED_EDGE ( 'NONE', *, *, #177, .F. ) ;
#822 = CARTESIAN_POINT ( 'NONE',  ( -37.10000000000002274, -8.861194749468214837, 8.816418071529785294 ) ) ;
#823 = AXIS2_PLACEMENT_3D ( 'NONE', #1010, #373, #153 ) ;
#824 = ORIENTED_EDGE ( 'NONE', *, *, #1017, .T. ) ;
#825 = STYLED_ITEM ( 'NONE', ( #1501 ), #639 ) ;
#826 = DIRECTION ( 'NONE',  ( 1.000000000000000000, 0.000000000000000000, 0.000000000000000000 ) ) ;
#827 = VECTOR ( 'NONE', #726, 1000.000000000000000 ) ;
#828 = ORIENTED_EDGE ( 'NONE', *, *, #776, .F. ) ;
#829 = DIRECTION ( 'NONE',  ( 0.3724891309530062866, -0.6562209411935390202, 0.6562209411935435721 ) ) ;
#830 = ADVANCED_FACE ( 'NONE', ( #1335 ), #28, .F. ) ;
#831 = DIRECTION ( 'NONE',  ( 0.000000000000000000, -1.000000000000000000, -2.711134958529216305E-16 ) ) ;
#832 = EDGE_LOOP ( 'NONE', ( #452, #1239, #1395, #279 ) ) ;
#833 = CARTESIAN_POINT ( 'NONE',  ( 37.50000000000000000, -8.861194749468213061, 8.816418071529785294 ) ) ;
#834 = CARTESIAN_POINT ( 'NONE',  ( -37.10000000000002984, -18.61210268055192785, 5.299999999999998934 ) ) ;
#835 = VERTEX_POINT ( 'NONE', #250 ) ;
#836 = CARTESIAN_POINT ( 'NONE',  ( 37.36642794562272485, -11.48927625229846328, 5.566427945622726803 ) ) ;
#837 = ORIENTED_EDGE ( 'NONE', *, *, #1551, .T. ) ;
#838 = CARTESIAN_POINT ( 'NONE',  ( 11.50000000000000000, 2.000000000000000000, -7.299999999999999822 ) ) ;
#839 = PLANE ( 'NONE',  #237 ) ;
#840 = EDGE_CURVE ( 'NONE', #757, #812, #1001, .T. ) ;
#841 = EDGE_LOOP ( 'NONE', ( #857, #1489, #1455 ) ) ;
#842 = DIRECTION ( 'NONE',  ( -1.000000000000000000, -0.000000000000000000, -0.000000000000000000 ) ) ;
#843 = CARTESIAN_POINT ( 'NONE',  ( -37.81360399168749353, -10.59811303959341622, 3.300000000000000711 ) ) ;
#844 = VERTEX_POINT ( 'NONE', #485 ) ;
#845 = DIRECTION ( 'NONE',  ( 0.000000000000000000, 0.000000000000000000, -1.000000000000000000 ) ) ;
#846 = CARTESIAN_POINT ( 'NONE',  ( 37.50000000000000000, -16.69567394495088308, 9.099999999999997868 ) ) ;
#847 = CARTESIAN_POINT ( 'NONE',  ( -37.10000000000002274, 0.000000000000000000, 0.000000000000000000 ) ) ;
#848 = ORIENTED_EDGE ( 'NONE', *, *, #1178, .F. ) ;
#849 = DIRECTION ( 'NONE',  ( 1.000000000000000000, -0.000000000000000000, -0.000000000000000000 ) ) ;
#850 = ORIENTED_EDGE ( 'NONE', *, *, #1416, .F. ) ;
#851 = EDGE_CURVE ( 'NONE', #71, #318, #1142, .T. ) ;
#852 = DIRECTION ( 'NONE',  ( 1.825811132192366310E-16, 0.02999749966242035853, 0.9995499737451863931 ) ) ;
#853 = AXIS2_PLACEMENT_3D ( 'NONE', #1176, #933, #1191 ) ;
#854 = CONICAL_SURFACE ( 'NONE', #180, 9.099999999999999645, 0.7853981633974569387 ) ;
#855 = CONICAL_SURFACE ( 'NONE', #88, 8.699999999999995737, 0.7853981633974569387 ) ;
#856 = DIRECTION ( 'NONE',  ( -0.000000000000000000, 1.000000000000000000, -2.168404344971008868E-16 ) ) ;
#857 = ORIENTED_EDGE ( 'NONE', *, *, #1094, .T. ) ;
#858 = CARTESIAN_POINT ( 'NONE',  ( -37.10000000000002274, -11.32077735846792521, 5.299999999999999822 ) ) ;
#859 = DIRECTION ( 'NONE',  ( 1.000000000000000000, -0.000000000000000000, -0.000000000000000000 ) ) ;
#860 = ORIENTED_EDGE ( 'NONE', *, *, #1341, .F. ) ;
#861 = DIRECTION ( 'NONE',  ( -1.000000000000000000, -0.000000000000000000, -0.000000000000000000 ) ) ;
#862 = ADVANCED_FACE ( 'NONE', ( #1318 ), #371, .F. ) ;
#863 = LINE ( 'NONE', #134, #1449 ) ;
#864 = DIRECTION ( 'NONE',  ( 0.000000000000000000, -0.9995499737451866151, 0.02999749966242036200 ) ) ;
#865 = DIRECTION ( 'NONE',  ( 0.000000000000000000, 1.000000000000000000, 2.711134958529216305E-16 ) ) ;
#866 = CARTESIAN_POINT ( 'NONE',  ( -15.10000000000000142, -8.852684170680761966, 9.099999999999997868 ) ) ;
#867 = CARTESIAN_POINT ( 'NONE',  ( -37.50000000000000000, -10.59811303959341622, 5.300000000000000711 ) ) ;
#868 = ORIENTED_EDGE ( 'NONE', *, *, #1209, .T. ) ;
#869 = ADVANCED_FACE ( 'NONE', ( #1111 ), #1469, .F. ) ;
#870 = CARTESIAN_POINT ( 'NONE',  ( -37.81360399168749353, 0.000000000000000000, 0.000000000000000000 ) ) ;
#871 = ORIENTED_EDGE ( 'NONE', *, *, #670, .T. ) ;
#872 = DIRECTION ( 'NONE',  ( 1.000000000000000000, 0.000000000000000000, 0.000000000000000000 ) ) ;
#873 = ADVANCED_FACE ( 'NONE', ( #1340 ), #623, .F. ) ;
#874 = DIRECTION ( 'NONE',  ( -1.000000000000000000, -0.000000000000000000, -0.000000000000000000 ) ) ;
#875 = CARTESIAN_POINT ( 'NONE',  ( 15.38358192847021044, -8.861194749468213061, 8.816418071529785294 ) ) ;
#876 = ORIENTED_EDGE ( 'NONE', *, *, #994, .T. ) ;
#877 = VERTEX_POINT ( 'NONE', #256 ) ;
#878 = CARTESIAN_POINT ( 'NONE',  ( -37.50000000000000000, -16.46862289700626647, 8.700000000000017053 ) ) ;
#879 = AXIS2_PLACEMENT_3D ( 'NONE', #1183, #742, #1060 ) ;
#880 = CONICAL_SURFACE ( 'NONE', #1197, 8.699999999999995737, 0.7853981633974569387 ) ;
#881 = CARTESIAN_POINT ( 'NONE',  ( 37.50000000000000000, -11.32077735846792521, 5.299999999999999822 ) ) ;
#882 = AXIS2_PLACEMENT_3D ( 'NONE', #1042, #810, #448 ) ;
#883 = EDGE_CURVE ( 'NONE', #490, #920, #1102, .T. ) ;
#884 = CIRCLE ( 'NONE', #674, 8.699999999999995737 ) ;
#885 = ORIENTED_EDGE ( 'NONE', *, *, #637, .T. ) ;
#886 = LINE ( 'NONE', #1354, #1223 ) ;
#887 = LINE ( 'NONE', #1463, #1023 ) ;
#888 = CARTESIAN_POINT ( 'NONE',  ( 15.10000000000000142, -10.59811303959341622, 5.300000000000000711 ) ) ;
#889 = EDGE_CURVE ( 'NONE', #176, #844, #494, .T. ) ;
#890 = DIRECTION ( 'NONE',  ( -0.3677325740915539098, -0.7535931096649040040, -0.5448579438877437786 ) ) ;
#891 = ORIENTED_EDGE ( 'NONE', *, *, #406, .T. ) ;
#892 = CARTESIAN_POINT ( 'NONE',  ( 15.09999999999998899, 3.769343417595175882, 9.099999999999999645 ) ) ;
#893 = DIRECTION ( 'NONE',  ( 0.000000000000000000, 1.000000000000000000, 2.711134958529216305E-16 ) ) ;
#894 = DIRECTION ( 'NONE',  ( 0.6785983445458412255, -0.2810846377148228381, -0.6785983445458517727 ) ) ;
#895 = FACE_BOUND ( 'NONE', #1057, .T. ) ;
#896 = EDGE_CURVE ( 'NONE', #264, #1478, #20, .T. ) ;
#897 = ORIENTED_EDGE ( 'NONE', *, *, #769, .F. ) ;
#898 = CARTESIAN_POINT ( 'NONE',  ( -15.50000000000000000, -10.59811303959341622, 3.300000000000000711 ) ) ;
#899 = VECTOR ( 'NONE', #1219, 1000.000000000000114 ) ;
#900 =( GEOMETRIC_REPRESENTATION_CONTEXT ( 3 ) GLOBAL_UNCERTAINTY_ASSIGNED_CONTEXT ( ( #77 ) ) GLOBAL_UNIT_ASSIGNED_CONTEXT ( ( #170, #553, #660 ) ) REPRESENTATION_CONTEXT ( 'NONE', 'WORKASPACE' ) );
#901 = APPLICATION_PROTOCOL_DEFINITION ( 'draft international standard', 'automotive_design', 1998, #1538 ) ;
#902 = AXIS2_PLACEMENT_3D ( 'NONE', #1126, #48, #1457 ) ;
#903 = VECTOR ( 'NONE', #196, 999.9999999999998863 ) ;
#904 = VECTOR ( 'NONE', #229, 1000.000000000000000 ) ;
#905 = ORIENTED_EDGE ( 'NONE', *, *, #420, .F. ) ;
#906 = EDGE_CURVE ( 'NONE', #407, #948, #1492, .T. ) ;
#907 = CARTESIAN_POINT ( 'NONE',  ( 11.50000000000000000, 7.099999999999999645, 0.000000000000000000 ) ) ;
#908 = DIRECTION ( 'NONE',  ( 0.000000000000000000, -1.000000000000000000, -2.711134958529216305E-16 ) ) ;
#909 = SURFACE_STYLE_USAGE ( .BOTH. , #186 ) ;
#910 = CARTESIAN_POINT ( 'NONE',  ( -37.10000000000002274, -18.68587068227276404, 5.299999999999998046 ) ) ;
#911 = ORIENTED_EDGE ( 'NONE', *, *, #363, .F. ) ;
#912 = DIRECTION ( 'NONE',  ( 1.000000000000000000, 0.000000000000000000, 0.000000000000000000 ) ) ;
#913 = ORIENTED_EDGE ( 'NONE', *, *, #762, .F. ) ;
#914 = LINE ( 'NONE', #1511, #1072 ) ;
#915 = ADVANCED_FACE ( 'NONE', ( #977 ), #1258, .T. ) ;
#916 = DIRECTION ( 'NONE',  ( 0.000000000000000000, 0.000000000000000000, 1.000000000000000000 ) ) ;
#917 = CARTESIAN_POINT ( 'NONE',  ( -37.13711765785948415, -18.74962017288181215, 5.337117657859462128 ) ) ;
#918 = ORIENTED_EDGE ( 'NONE', *, *, #1157, .F. ) ;
#919 = DIRECTION ( 'NONE',  ( 0.7071067811865417996, -0.6751349187457782453, 0.2102209349473535827 ) ) ;
#920 = VERTEX_POINT ( 'NONE', #892 ) ;
#921 = LINE ( 'NONE', #314, #260 ) ;
#922 = CARTESIAN_POINT ( 'NONE',  ( 11.50000000000000355, 0.000000000000000000, 0.000000000000000000 ) ) ;
#923 = APPLICATION_PROTOCOL_DEFINITION ( 'draft international standard', 'automotive_design', 1998, #1085 ) ;
#924 = FACE_OUTER_BOUND ( 'NONE', #1016, .T. ) ;
#925 = EDGE_CURVE ( 'NONE', #199, #579, #774, .T. ) ;
#926 = VECTOR ( 'NONE', #1166, 1000.000000000000000 ) ;
#927 = CARTESIAN_POINT ( 'NONE',  ( 15.50000000000000000, 9.701828996322957366, 2.601828996322946619 ) ) ;
#928 = ORIENTED_EDGE ( 'NONE', *, *, #1133, .T. ) ;
#929 = VECTOR ( 'NONE', #316, 1000.000000000000000 ) ;
#930 = CARTESIAN_POINT ( 'NONE',  ( 37.10000000000000142, -11.32077735846792521, 5.299999999999999822 ) ) ;
#931 = ORIENTED_EDGE ( 'NONE', *, *, #443, .F. ) ;
#932 = CARTESIAN_POINT ( 'NONE',  ( 11.50000000000000355, 2.000000000000000000, -6.812488532100438476 ) ) ;
#933 = DIRECTION ( 'NONE',  ( -1.000000000000000000, -0.000000000000000000, -0.000000000000000000 ) ) ;
#934 = CARTESIAN_POINT ( 'NONE',  ( 37.50000000000000000, -11.57238091319154449, 5.699999999999997513 ) ) ;
#935 = VERTEX_POINT ( 'NONE', #1475 ) ;
#936 = ADVANCED_FACE ( 'NONE', ( #394 ), #855, .T. ) ;
#937 = ORIENTED_EDGE ( 'NONE', *, *, #1414, .F. ) ;
#938 = ADVANCED_FACE ( 'NONE', ( #1252 ), #357, .F. ) ;
#939 = DIRECTION ( 'NONE',  ( 0.000000000000000000, 0.000000000000000000, 1.000000000000000000 ) ) ;
#940 = CARTESIAN_POINT ( 'NONE',  ( 37.50000000000000000, -15.97014797674692410, 9.534902915121813649 ) ) ;
#941 = EDGE_LOOP ( 'NONE', ( #324, #871, #154, #679 ) ) ;
#942 = DIRECTION ( 'NONE',  ( -1.000000000000000000, -0.000000000000000000, -0.000000000000000000 ) ) ;
#943 = VERTEX_POINT ( 'NONE', #64 ) ;
#944 = DIRECTION ( 'NONE',  ( 2.939555597924928381E-19, -0.02999749966242035507, -0.9995499737451863931 ) ) ;
#945 = ORIENTED_EDGE ( 'NONE', *, *, #541, .T. ) ;
#946 = FACE_OUTER_BOUND ( 'NONE', #1124, .T. ) ;
#947 = EDGE_CURVE ( 'NONE', #959, #318, #768, .T. ) ;
#948 = VERTEX_POINT ( 'NONE', #164 ) ;
#949 = DIRECTION ( 'NONE',  ( -1.000000000000000000, 0.000000000000000000, 0.000000000000000000 ) ) ;
#950 = CARTESIAN_POINT ( 'NONE',  ( -15.38358192847021044, -8.861194749468213061, 8.816418071529785294 ) ) ;
#951 = PRODUCT_DEFINITION_FORMATION_WITH_SPECIFIED_SOURCE ( 'ANY', '', #767, .NOT_KNOWN. ) ;
#952 = VERTEX_POINT ( 'NONE', #1149 ) ;
#953 = AXIS2_PLACEMENT_3D ( 'NONE', #1038, #1049, #1387 ) ;
#954 = DIRECTION ( 'NONE',  ( 1.000000000000000000, 0.000000000000000000, 0.000000000000000000 ) ) ;
#955 = COLOUR_RGB ( '',0.7921568627450980005, 0.8196078431372548767, 0.9333333333333333481 ) ;
#956 = ORIENTED_EDGE ( 'NONE', *, *, #221, .T. ) ;
#957 = VECTOR ( 'NONE', #698, 1000.000000000000114 ) ;
#958 = LINE ( 'NONE', #807, #957 ) ;
#959 = VERTEX_POINT ( 'NONE', #46 ) ;
#960 = EDGE_CURVE ( 'NONE', #192, #317, #886, .T. ) ;
#961 = VECTOR ( 'NONE', #139, 1000.000000000000000 ) ;
#962 = CARTESIAN_POINT ( 'NONE',  ( 11.50000000000000355, 0.000000000000000000, 5.899999999999999467 ) ) ;
#963 = ORIENTED_EDGE ( 'NONE', *, *, #6, .F. ) ;
#964 = DIRECTION ( 'NONE',  ( 0.000000000000000000, 1.000000000000000000, 1.483076431948111267E-16 ) ) ;
#965 = DIRECTION ( 'NONE',  ( -1.000000000000000000, 0.000000000000000000, 0.000000000000000000 ) ) ;
#966 = UNCERTAINTY_MEASURE_WITH_UNIT (LENGTH_MEASURE( 1.000000000000000082E-05 ), #551, 'distance_accuracy_value', 'NONE');
#967 = VERTEX_POINT ( 'NONE', #1364 ) ;
#968 = CARTESIAN_POINT ( 'NONE',  ( -37.10000000000002984, -18.78382470180727282, 5.602525837797007746 ) ) ;
#969 = CARTESIAN_POINT ( 'NONE',  ( -37.50000000000000000, -17.28834153251366956, 8.107332412437212810 ) ) ;
#970 = DIRECTION ( 'NONE',  ( 1.000000000000000000, -0.000000000000000000, -0.000000000000000000 ) ) ;
#971 = ADVANCED_FACE ( 'NONE', ( #400, #173 ), #764, .F. ) ;
#972 = EDGE_LOOP ( 'NONE', ( #1037, #1159, #652, #41 ) ) ;
#973 = CARTESIAN_POINT ( 'NONE',  ( 15.10000000000000142, -10.59811303959341622, 3.300000000000000711 ) ) ;
#974 = ORIENTED_EDGE ( 'NONE', *, *, #851, .T. ) ;
#975 = FACE_OUTER_BOUND ( 'NONE', #1020, .T. ) ;
#976 =( BOUNDED_CURVE ( )  B_SPLINE_CURVE ( 3, ( #1123, #1228, #1233, #875 ),
 .UNSPECIFIED., .F., .T. ) 
 B_SPLINE_CURVE_WITH_KNOTS ( ( 4, 4 ),
 ( 5.482200619514033590, 5.495254189664885658 ),
 .UNSPECIFIED. ) 
 CURVE ( )  GEOMETRIC_REPRESENTATION_ITEM ( )  RATIONAL_B_SPLINE_CURVE ( ( 1.000000000000000000, 0.9999858004092671004, 0.9999858004092671004, 1.000000000000000000 ) ) 
 REPRESENTATION_ITEM ( '' )  );
#977 = FACE_OUTER_BOUND ( 'NONE', #1345, .T. ) ;
#978 = DIRECTION ( 'NONE',  ( -1.000000000000000000, -0.000000000000000000, -0.000000000000000000 ) ) ;
#979 = ORIENTED_EDGE ( 'NONE', *, *, #339, .T. ) ;
#980 = CARTESIAN_POINT ( 'NONE',  ( 15.10000000000000142, -23.39358159306924634, 5.299999999999997158 ) ) ;
#981 = EDGE_CURVE ( 'NONE', #723, #1535, #645, .T. ) ;
#982 = CARTESIAN_POINT ( 'NONE',  ( 37.50000000000000000, -2.515349040166370287E-14, -2.602085213965210642E-14 ) ) ;
#983 = ORIENTED_EDGE ( 'NONE', *, *, #477, .F. ) ;
#984 = AXIS2_PLACEMENT_3D ( 'NONE', #927, #91, #311 ) ;
#985 = FACE_OUTER_BOUND ( 'NONE', #534, .T. ) ;
#986 = CONICAL_SURFACE ( 'NONE', #1291, 2.400000000000004352, 0.7853981633974569387 ) ;
#987 = VECTOR ( 'NONE', #856, 1000.000000000000000 ) ;
#988 = DIRECTION ( 'NONE',  ( -1.000000000000000000, -0.000000000000000000, -0.000000000000000000 ) ) ;
#989 = VECTOR ( 'NONE', #275, 1000.000000000000000 ) ;
#990 = LINE ( 'NONE', #353, #1366 ) ;
#991 = DIRECTION ( 'NONE',  ( -1.000000000000000000, -0.000000000000000000, 0.000000000000000000 ) ) ;
#992 = ADVANCED_FACE ( 'NONE', ( #295 ), #1019, .T. ) ;
#993 = ORIENTED_EDGE ( 'NONE', *, *, #142, .F. ) ;
#994 = EDGE_CURVE ( 'NONE', #71, #1081, #226, .T. ) ;
#995 = CARTESIAN_POINT ( 'NONE',  ( 11.50000000000000000, -2.000000000000000000, -7.299999999999998934 ) ) ;
#996 = CARTESIAN_POINT ( 'NONE',  ( 37.10000000000000142, -17.28834153251366956, 8.107332412437212810 ) ) ;
#997 = DIRECTION ( 'NONE',  ( 0.000000000000000000, 0.000000000000000000, 1.000000000000000000 ) ) ;
#998 = DIRECTION ( 'NONE',  ( 0.000000000000000000, 0.000000000000000000, 1.000000000000000000 ) ) ;
#999 = VERTEX_POINT ( 'NONE', #446 ) ;
#1000 = ADVANCED_FACE ( 'NONE', ( #201 ), #715, .F. ) ;
#1001 = LINE ( 'NONE', #151, #1121 ) ;
#1002 = DIRECTION ( 'NONE',  ( 1.000000000000000000, 0.000000000000000000, 0.000000000000000000 ) ) ;
#1003 = AXIS2_PLACEMENT_3D ( 'NONE', #491, #1550, #475 ) ;
#1004 = VECTOR ( 'NONE', #147, 1000.000000000000000 ) ;
#1005 = VECTOR ( 'NONE', #761, 1000.000000000000000 ) ;
#1006 = EDGE_CURVE ( 'NONE', #1535, #1436, #1407, .T. ) ;
#1007 = DIRECTION ( 'NONE',  ( 0.7071067811865503483, -1.917061913887910375E-16, 0.7071067811865446862 ) ) ;
#1008 = AXIS2_PLACEMENT_3D ( 'NONE', #509, #127, #503 ) ;
#1009 = VECTOR ( 'NONE', #62, 1000.000000000000000 ) ;
#1010 = CARTESIAN_POINT ( 'NONE',  ( -37.81360399168749353, 0.000000000000000000, 0.000000000000000000 ) ) ;
#1011 = ORIENTED_EDGE ( 'NONE', *, *, #477, .T. ) ;
#1012 = DIRECTION ( 'NONE',  ( -1.000000000000000000, -0.000000000000000000, -0.000000000000000000 ) ) ;
#1013 = CARTESIAN_POINT ( 'NONE',  ( 37.13711765785947705, -18.82245058621214540, 5.465424334247222404 ) ) ;
#1014 = EDGE_CURVE ( 'NONE', #708, #90, #750, .T. ) ;
#1015 = DIRECTION ( 'NONE',  ( 1.000000000000000000, -0.000000000000000000, -0.000000000000000000 ) ) ;
#1016 = EDGE_LOOP ( 'NONE', ( #993, #369, #508, #848 ) ) ;
#1017 = EDGE_CURVE ( 'NONE', #1353, #51, #1531, .T. ) ;
#1018 = ORIENTED_EDGE ( 'NONE', *, *, #1482, .T. ) ;
#1019 = PLANE ( 'NONE',  #1024 ) ;
#1020 = EDGE_LOOP ( 'NONE', ( #336, #209, #1069, #320, #956 ) ) ;
#1021 = SURFACE_STYLE_USAGE ( .BOTH. , #1381 ) ;
#1022 = VECTOR ( 'NONE', #890, 1000.000000000000114 ) ;
#1023 = VECTOR ( 'NONE', #528, 1000.000000000000114 ) ;
#1024 = AXIS2_PLACEMENT_3D ( 'NONE', #286, #460, #568 ) ;
#1025 = ORIENTED_EDGE ( 'NONE', *, *, #1188, .F. ) ;
#1026 = EDGE_CURVE ( 'NONE', #284, #1380, #958, .T. ) ;
#1027 = EDGE_LOOP ( 'NONE', ( #785, #1503, #1447, #450 ) ) ;
#1028 = EDGE_CURVE ( 'NONE', #1532, #1406, #1424, .T. ) ;
#1029 = DIRECTION ( 'NONE',  ( 0.7071067811865475727, -1.048693402048458770E-16, 0.7071067811865475727 ) ) ;
#1030 = DIRECTION ( 'NONE',  ( 1.000000000000000000, 0.000000000000000000, 0.000000000000000000 ) ) ;
#1031 = CARTESIAN_POINT ( 'NONE',  ( 37.10000000000000142, -17.28834153251366956, 8.107332412437212810 ) ) ;
#1032 = DIRECTION ( 'NONE',  ( 0.000000000000000000, -1.000000000000000000, -2.711134958529216305E-16 ) ) ;
#1033 = ORIENTED_EDGE ( 'NONE', *, *, #1301, .T. ) ;
#1034 = DIRECTION ( 'NONE',  ( 0.000000000000000000, 0.000000000000000000, -1.000000000000000000 ) ) ;
#1035 = ADVANCED_FACE ( 'NONE', ( #946 ), #1065, .F. ) ;
#1036 = LINE ( 'NONE', #188, #265 ) ;
#1037 = ORIENTED_EDGE ( 'NONE', *, *, #889, .F. ) ;
#1038 = CARTESIAN_POINT ( 'NONE',  ( -37.81360399168749353, 0.000000000000000000, 0.000000000000000000 ) ) ;
#1039 = ORIENTED_EDGE ( 'NONE', *, *, #97, .F. ) ;
#1040 = ORIENTED_EDGE ( 'NONE', *, *, #754, .F. ) ;
#1041 =( NAMED_UNIT ( * ) PLANE_ANGLE_UNIT ( ) SI_UNIT ( $, .RADIAN. ) );
#1042 = CARTESIAN_POINT ( 'NONE',  ( 11.50000000000000000, 2.000000000000000000, -7.299999999999999822 ) ) ;
#1043 = LINE ( 'NONE', #678, #1549 ) ;
#1044 = VECTOR ( 'NONE', #484, 1000.000000000000000 ) ;
#1045 = EDGE_CURVE ( 'NONE', #231, #90, #1333, .T. ) ;
#1046 = ORIENTED_EDGE ( 'NONE', *, *, #1234, .F. ) ;
#1047 = VECTOR ( 'NONE', #749, 1000.000000000000000 ) ;
#1048 = AXIS2_PLACEMENT_3D ( 'NONE', #138, #22, #640 ) ;
#1049 = DIRECTION ( 'NONE',  ( -1.000000000000000000, -0.000000000000000000, -0.000000000000000000 ) ) ;
#1050 = AXIS2_PLACEMENT_3D ( 'NONE', #870, #34, #234 ) ;
#1051 = EDGE_LOOP ( 'NONE', ( #585, #340, #171, #1284 ) ) ;
#1052 = DIRECTION ( 'NONE',  ( -1.000000000000000000, -0.000000000000000000, -0.000000000000000000 ) ) ;
#1053 = CARTESIAN_POINT ( 'NONE',  ( 15.36783814118307845, -11.19246311754513457, 5.567838141183088396 ) ) ;
#1054 = LINE ( 'NONE', #1515, #651 ) ;
#1055 = VERTEX_POINT ( 'NONE', #707 ) ;
#1056 = ADVANCED_FACE ( 'NONE', ( #108 ), #595, .T. ) ;
#1057 = EDGE_LOOP ( 'NONE', ( #1411, #891, #911, #1084, #1485 ) ) ;
#1058 = ORIENTED_EDGE ( 'NONE', *, *, #1551, .F. ) ;
#1059 = DIRECTION ( 'NONE',  ( 1.000000000000000000, 0.000000000000000000, 0.000000000000000000 ) ) ;
#1060 = DIRECTION ( 'NONE',  ( 0.000000000000000000, 0.000000000000000000, 1.000000000000000000 ) ) ;
#1061 = ORIENTED_EDGE ( 'NONE', *, *, #360, .T. ) ;
#1062 = DIRECTION ( 'NONE',  ( 0.000000000000000000, 0.000000000000000000, 1.000000000000000000 ) ) ;
#1063 = EDGE_CURVE ( 'NONE', #967, #664, #70, .T. ) ;
#1064 = ORIENTED_EDGE ( 'NONE', *, *, #245, .T. ) ;
#1065 = PLANE ( 'NONE',  #1546 ) ;
#1066 = ORIENTED_EDGE ( 'NONE', *, *, #1374, .T. ) ;
#1067 = CARTESIAN_POINT ( 'NONE',  ( -37.10000000000002274, -8.852684170680761966, 9.099999999999997868 ) ) ;
#1068 = FACE_OUTER_BOUND ( 'NONE', #1280, .T. ) ;
#1069 = ORIENTED_EDGE ( 'NONE', *, *, #896, .T. ) ;
#1070 = CARTESIAN_POINT ( 'NONE',  ( -15.10000000000000142, -11.32077735846792521, 5.299999999999999822 ) ) ;
#1071 = CYLINDRICAL_SURFACE ( 'NONE', #1118, 2.000000000000000000 ) ;
#1072 = VECTOR ( 'NONE', #1373, 1000.000000000000000 ) ;
#1073 = VECTOR ( 'NONE', #800, 1000.000000000000114 ) ;
#1074 = ORIENTED_EDGE ( 'NONE', *, *, #1045, .F. ) ;
#1075 = CARTESIAN_POINT ( 'NONE',  ( 37.50000000000000000, -11.32077735846792521, 5.699999999999997513 ) ) ;
#1076 = AXIS2_PLACEMENT_3D ( 'NONE', #1194, #115, #241 ) ;
#1077 = ADVANCED_FACE ( 'NONE', ( #975 ), #607, .T. ) ;
#1078 = FACE_OUTER_BOUND ( 'NONE', #1251, .T. ) ;
#1079 = CIRCLE ( 'NONE', #1268, 9.099999999999999645 ) ;
#1080 = CARTESIAN_POINT ( 'NONE',  ( 37.50000000000000000, -16.69567394495088308, 8.700000000000001066 ) ) ;
#1081 = VERTEX_POINT ( 'NONE', #10 ) ;
#1082 = CARTESIAN_POINT ( 'NONE',  ( -15.50000000000000000, 2.000000000000000000, -7.299999999999999822 ) ) ;
#1083 = CARTESIAN_POINT ( 'NONE',  ( 37.10000000000000142, -18.61210268055192785, 5.299999999999998046 ) ) ;
#1084 = ORIENTED_EDGE ( 'NONE', *, *, #327, .F. ) ;
#1085 = APPLICATION_CONTEXT ( 'automotive_design' ) ;
#1086 = EDGE_CURVE ( 'NONE', #1307, #231, #1206, .T. ) ;
#1087 = DIRECTION ( 'NONE',  ( -1.000000000000000000, 0.000000000000000000, 0.000000000000000000 ) ) ;
#1088 = EDGE_LOOP ( 'NONE', ( #1033, #572, #594, #473, #1299, #824, #172, #696 ) ) ;
#1089 = DIRECTION ( 'NONE',  ( 0.000000000000000000, 1.000000000000000000, 2.711134958529216305E-16 ) ) ;
#1090 = CARTESIAN_POINT ( 'NONE',  ( -15.10000000000000142, 0.000000000000000000, 0.000000000000000000 ) ) ;
#1091 = EDGE_LOOP ( 'NONE', ( #1179, #501, #714, #974 ) ) ;
#1092 = ORIENTED_EDGE ( 'NONE', *, *, #690, .F. ) ;
#1093 = CARTESIAN_POINT ( 'NONE',  ( 15.50000000000000000, 6.151828996322969978, 6.151828996322951326 ) ) ;
#1094 = EDGE_CURVE ( 'NONE', #708, #835, #126, .T. ) ;
#1095 = CARTESIAN_POINT ( 'NONE',  ( -37.20127099605336696, -18.78603537954697700, 5.401270996053343154 ) ) ;
#1096 = FACE_OUTER_BOUND ( 'NONE', #1378, .T. ) ;
#1097 = LINE ( 'NONE', #1454, #648 ) ;
#1098 = STYLED_ITEM ( 'NONE', ( #290 ), #419 ) ;
#1099 = ADVANCED_FACE ( 'NONE', ( #1326 ), #615, .T. ) ;
#1100 = ORIENTED_EDGE ( 'NONE', *, *, #1017, .F. ) ;
#1101 = AXIS2_PLACEMENT_3D ( 'NONE', #1382, #1152, #44 ) ;
#1102 = LINE ( 'NONE', #11, #827 ) ;
#1103 = AXIS2_PLACEMENT_3D ( 'NONE', #699, #735, #352 ) ;
#1104 = DIRECTION ( 'NONE',  ( -0.7071067811865553443, -0.6071290285435678724, 0.3624835757654857882 ) ) ;
#1105 = DIRECTION ( 'NONE',  ( 0.000000000000000000, -1.000000000000000000, -1.483076431948111267E-16 ) ) ;
#1106 = DIRECTION ( 'NONE',  ( -1.000000000000000000, -0.000000000000000000, -0.000000000000000000 ) ) ;
#1107 = ORIENTED_EDGE ( 'NONE', *, *, #1301, .F. ) ;
#1108 = ADVANCED_FACE ( 'NONE', ( #985 ), #565, .F. ) ;
#1109 = CARTESIAN_POINT ( 'NONE',  ( 15.38358192847021044, -8.861194749468213061, 8.816418071529785294 ) ) ;
#1110 = LINE ( 'NONE', #517, #1222 ) ;
#1111 = FACE_OUTER_BOUND ( 'NONE', #26, .T. ) ;
#1112 = LINE ( 'NONE', #35, #329 ) ;
#1113 = CARTESIAN_POINT ( 'NONE',  ( -15.50000000000000000, 0.000000000000000000, 0.000000000000000000 ) ) ;
#1114 = ORIENTED_EDGE ( 'NONE', *, *, #1456, .F. ) ;
#1115 = CIRCLE ( 'NONE', #1321, 12.89999999999998082 ) ;
#1116 = CARTESIAN_POINT ( 'NONE',  ( -37.36775924708070562, -9.305173855834382834, 8.744259878599178748 ) ) ;
#1117 = AXIS2_PLACEMENT_3D ( 'NONE', #898, #1242, #1359 ) ;
#1118 = AXIS2_PLACEMENT_3D ( 'NONE', #843, #224, #1314 ) ;
#1119 = DIRECTION ( 'NONE',  ( 0.000000000000000000, 0.000000000000000000, -1.000000000000000000 ) ) ;
#1120 = EDGE_CURVE ( 'NONE', #487, #1478, #1317, .T. ) ;
#1121 = VECTOR ( 'NONE', #1462, 1000.000000000000000 ) ;
#1122 =( BOUNDED_CURVE ( )  B_SPLINE_CURVE ( 3, ( #382, #766, #1013, #1238 ),
 .UNSPECIFIED., .F., .T. ) 
 B_SPLINE_CURVE_WITH_KNOTS ( ( 4, 4 ),
 ( 3.141592653589804662, 4.196112890175614396 ),
 .UNSPECIFIED. ) 
 CURVE ( )  GEOMETRIC_REPRESENTATION_ITEM ( )  RATIONAL_B_SPLINE_CURVE ( ( 1.000000000000000000, 0.9094592878747783660, 0.9094592878747783660, 1.000000000000000000 ) ) 
 REPRESENTATION_ITEM ( '' )  );
#1123 = CARTESIAN_POINT ( 'NONE',  ( 15.50000000000000000, -8.975522268926756198, 8.699999999999995737 ) ) ;
#1124 = EDGE_LOOP ( 'NONE', ( #1220, #215, #270, #897, #621 ) ) ;
#1125 = CARTESIAN_POINT ( 'NONE',  ( -37.81360399168749353, 0.000000000000000000, 7.099999999999995204 ) ) ;
#1126 = CARTESIAN_POINT ( 'NONE',  ( 15.50000000000000000, 0.000000000000000000, 0.000000000000000000 ) ) ;
#1127 = ADVANCED_FACE ( 'NONE', ( #301 ), #556, .F. ) ;
#1128 =( BOUNDED_CURVE ( )  B_SPLINE_CURVE ( 3, ( #1403, #910, #917, #1384 ),
 .UNSPECIFIED., .F., .F. ) 
 B_SPLINE_CURVE_WITH_KNOTS ( ( 4, 4 ),
 ( 2.711134958529211867E-16, 1.054520236585853921 ),
 .UNSPECIFIED. ) 
 CURVE ( )  GEOMETRIC_REPRESENTATION_ITEM ( )  RATIONAL_B_SPLINE_CURVE ( ( 1.000000000000000000, 0.9094592878747709275, 0.9094592878747709275, 1.000000000000000000 ) ) 
 REPRESENTATION_ITEM ( '' )  );
#1129 = ORIENTED_EDGE ( 'NONE', *, *, #299, .T. ) ;
#1130 = EDGE_LOOP ( 'NONE', ( #1039, #704 ) ) ;
#1131 = ADVANCED_FACE ( 'NONE', ( #1528 ), #1269, .T. ) ;
#1132 = ORIENTED_EDGE ( 'NONE', *, *, #1352, .F. ) ;
#1133 = EDGE_CURVE ( 'NONE', #349, #1055, #190, .T. ) ;
#1134 = ORIENTED_EDGE ( 'NONE', *, *, #1178, .T. ) ;
#1135 = DIRECTION ( 'NONE',  ( 0.000000000000000000, -1.483076431948111267E-16, 1.000000000000000000 ) ) ;
#1136 = EDGE_LOOP ( 'NONE', ( #1324, #183, #666, #1074, #792 ) ) ;
#1137 = PLANE ( 'NONE',  #725 ) ;
#1138 = VECTOR ( 'NONE', #242, 999.9999999999998863 ) ;
#1139 = AXIS2_PLACEMENT_3D ( 'NONE', #1367, #1104, #21 ) ;
#1140 = CARTESIAN_POINT ( 'NONE',  ( 15.10000000000000142, 6.434671708797591982, 6.434671708797572443 ) ) ;
#1141 = DIRECTION ( 'NONE',  ( -0.7069476191640248208, -0.02121620881821784099, -0.7069476191640358120 ) ) ;
#1142 = CIRCLE ( 'NONE', #1516, 7.099999999999999645 ) ;
#1143 = AXIS2_PLACEMENT_3D ( 'NONE', #980, #1338, #1089 ) ;
#1144 = ORIENTED_EDGE ( 'NONE', *, *, #33, .F. ) ;
#1145 = CARTESIAN_POINT ( 'NONE',  ( -37.50000000000000000, -2.644376689745856698E-14, 8.700000000000020606 ) ) ;
#1146 = CIRCLE ( 'NONE', #469, 8.699999999999995737 ) ;
#1147 = EDGE_CURVE ( 'NONE', #835, #1461, #1397, .T. ) ;
#1148 = EDGE_LOOP ( 'NONE', ( #1134, #662, #206 ) ) ;
#1149 = CARTESIAN_POINT ( 'NONE',  ( -37.20127099605336696, -18.78603537954697700, 5.401270996053343154 ) ) ;
#1150 = ORIENTED_EDGE ( 'NONE', *, *, #1539, .F. ) ;
#1151 = SURFACE_STYLE_FILL_AREA ( #676 ) ;
#1152 = DIRECTION ( 'NONE',  ( -1.000000000000000000, 0.000000000000000000, -0.000000000000000000 ) ) ;
#1153 = CARTESIAN_POINT ( 'NONE',  ( -37.50000000000000000, -16.35222990244021091, 8.894948324405987705 ) ) ;
#1154 = ORIENTED_EDGE ( 'NONE', *, *, #1435, .F. ) ;
#1155 = CARTESIAN_POINT ( 'NONE',  ( 37.50000000000000000, -9.524704719832522315, 8.700000000000001066 ) ) ;
#1156 = ORIENTED_EDGE ( 'NONE', *, *, #1063, .F. ) ;
#1157 = EDGE_CURVE ( 'NONE', #51, #422, #433, .T. ) ;
#1158 = CARTESIAN_POINT ( 'NONE',  ( 37.50000000000000000, 0.000000000000000000, 0.000000000000000000 ) ) ;
#1159 = ORIENTED_EDGE ( 'NONE', *, *, #245, .F. ) ;
#1160 = DIRECTION ( 'NONE',  ( 1.000000000000000000, 0.000000000000000000, 0.000000000000000000 ) ) ;
#1161 = LINE ( 'NONE', #74, #214 ) ;
#1162 = DIRECTION ( 'NONE',  ( 0.000000000000000000, -1.000000000000000000, -1.483076431948111267E-16 ) ) ;
#1163 = CARTESIAN_POINT ( 'NONE',  ( 15.50000000000000000, -2.000000000000000000, -6.812488532100439365 ) ) ;
#1164 = ORIENTED_EDGE ( 'NONE', *, *, #1255, .F. ) ;
#1165 = ORIENTED_EDGE ( 'NONE', *, *, #562, .T. ) ;
#1166 = DIRECTION ( 'NONE',  ( 0.7071067811865414665, 0.000000000000000000, -0.7071067811865536790 ) ) ;
#1167 = AXIS2_PLACEMENT_3D ( 'NONE', #782, #916, #428 ) ;
#1168 = CARTESIAN_POINT ( 'NONE',  ( 37.10000000000000142, -8.861194749468214837, 8.816418071529785294 ) ) ;
#1169 = VECTOR ( 'NONE', #912, 1000.000000000000000 ) ;
#1170 = EDGE_CURVE ( 'NONE', #708, #1461, #802, .T. ) ;
#1171 = CARTESIAN_POINT ( 'NONE',  ( -37.81360399168749353, 7.225416114969382221E-16, -5.899999999999997691 ) ) ;
#1172 = ORIENTED_EDGE ( 'NONE', *, *, #1334, .F. ) ;
#1173 = VECTOR ( 'NONE', #718, 1000.000000000000000 ) ;
#1174 = ORIENTED_EDGE ( 'NONE', *, *, #683, .T. ) ;
#1175 = ORIENTED_EDGE ( 'NONE', *, *, #1188, .T. ) ;
#1176 = CARTESIAN_POINT ( 'NONE',  ( -37.81360399168749353, 0.000000000000000000, 0.000000000000000000 ) ) ;
#1177 = LINE ( 'NONE', #1496, #929 ) ;
#1178 = EDGE_CURVE ( 'NONE', #723, #407, #1490, .T. ) ;
#1179 = ORIENTED_EDGE ( 'NONE', *, *, #947, .F. ) ;
#1180 = EDGE_LOOP ( 'NONE', ( #1363, #50, #225, #325, #93, #1529 ) ) ;
#1181 = CARTESIAN_POINT ( 'NONE',  ( 37.50000000000000000, -11.57238091319154449, 5.699999999999997513 ) ) ;
#1182 = CYLINDRICAL_SURFACE ( 'NONE', #498, 0.1999999999999996503 ) ;
#1183 = CARTESIAN_POINT ( 'NONE',  ( 15.50000000000000000, 0.000000000000000000, 0.000000000000000000 ) ) ;
#1184 = ORIENTED_EDGE ( 'NONE', *, *, #741, .F. ) ;
#1185 = FACE_OUTER_BOUND ( 'NONE', #393, .T. ) ;
#1186 = FACE_OUTER_BOUND ( 'NONE', #292, .T. ) ;
#1187 = EDGE_LOOP ( 'NONE', ( #194, #1439, #928, #332 ) ) ;
#1188 = EDGE_CURVE ( 'NONE', #264, #943, #671, .T. ) ;
#1189 = CARTESIAN_POINT ( 'NONE',  ( 37.10000000000000142, 0.000000000000000000, 0.000000000000000000 ) ) ;
#1190 = EDGE_LOOP ( 'NONE', ( #1500, #47, #549, #63 ) ) ;
#1191 = DIRECTION ( 'NONE',  ( 0.000000000000000000, 0.000000000000000000, 1.000000000000000000 ) ) ;
#1192 = CARTESIAN_POINT ( 'NONE',  ( -11.50000000000000000, -2.000000000000000000, -6.812488532100439365 ) ) ;
#1193 = ORIENTED_EDGE ( 'NONE', *, *, #443, .T. ) ;
#1194 = CARTESIAN_POINT ( 'NONE',  ( 37.10000000000000142, 0.000000000000000000, 0.000000000000000000 ) ) ;
#1195 = DIRECTION ( 'NONE',  ( 0.000000000000000000, 2.711134958529216305E-16, -1.000000000000000000 ) ) ;
#1196 = VECTOR ( 'NONE', #288, 1000.000000000000000 ) ;
#1197 = AXIS2_PLACEMENT_3D ( 'NONE', #1113, #396, #1225 ) ;
#1198 = ORIENTED_EDGE ( 'NONE', *, *, #1247, .F. ) ;
#1199 = ADVANCED_FACE ( 'NONE', ( #415 ), #1499, .F. ) ;
#1200 = AXIS2_PLACEMENT_3D ( 'NONE', #36, #874, #752 ) ;
#1201 = CARTESIAN_POINT ( 'NONE',  ( -15.50000000000000000, 0.000000000000000000, -8.699999999999995737 ) ) ;
#1202 = PLANE ( 'NONE',  #1544 ) ;
#1203 = ORIENTED_EDGE ( 'NONE', *, *, #529, .T. ) ;
#1204 = CARTESIAN_POINT ( 'NONE',  ( -11.50000000000000000, 0.000000000000000000, 0.000000000000000000 ) ) ;
#1205 = ORIENTED_EDGE ( 'NONE', *, *, #65, .F. ) ;
#1206 = LINE ( 'NONE', #1075, #1044 ) ;
#1207 = EDGE_CURVE ( 'NONE', #255, #264, #1444, .T. ) ;
#1208 = CARTESIAN_POINT ( 'NONE',  ( -15.50000000000000000, -11.12474718813870211, 5.700000000000004619 ) ) ;
#1209 = EDGE_CURVE ( 'NONE', #407, #1329, #1294, .T. ) ;
#1210 = CARTESIAN_POINT ( 'NONE',  ( 15.10000000000000142, 0.000000000000000000, 0.000000000000000000 ) ) ;
#1211 = LINE ( 'NONE', #866, #544 ) ;
#1212 = CARTESIAN_POINT ( 'NONE',  ( -37.50000000000000000, -23.39358159306924634, 5.299999999999997158 ) ) ;
#1213 = ORIENTED_EDGE ( 'NONE', *, *, #259, .F. ) ;
#1214 = PRODUCT_DEFINITION ( 'UNKNOWN', '', #951, #1315 ) ;
#1215 = CARTESIAN_POINT ( 'NONE',  ( 15.50000000000000000, 2.000000000000000000, -7.099999999999999645 ) ) ;
#1216 = ADVANCED_FACE ( 'NONE', ( #548 ), #1377, .T. ) ;
#1217 = FACE_OUTER_BOUND ( 'NONE', #841, .T. ) ;
#1218 = DIRECTION ( 'NONE',  ( 0.000000000000000000, 0.000000000000000000, 1.000000000000000000 ) ) ;
#1219 = DIRECTION ( 'NONE',  ( 0.6762090558979029220, -0.2923741189697432463, -0.6762090558979029220 ) ) ;
#1220 = ORIENTED_EDGE ( 'NONE', *, *, #1383, .F. ) ;
#1221 = CIRCLE ( 'NONE', #667, 5.899999999999996803 ) ;
#1222 = VECTOR ( 'NONE', #865, 1000.000000000000000 ) ;
#1223 = VECTOR ( 'NONE', #527, 1000.000000000000000 ) ;
#1224 = DIRECTION ( 'NONE',  ( -1.000000000000000000, -0.000000000000000000, -0.000000000000000000 ) ) ;
#1225 = DIRECTION ( 'NONE',  ( 0.000000000000000000, 0.000000000000000000, -1.000000000000000000 ) ) ;
#1226 = LINE ( 'NONE', #635, #521 ) ;
#1227 = EDGE_CURVE ( 'NONE', #1478, #844, #537, .T. ) ;
#1228 = CARTESIAN_POINT ( 'NONE',  ( 15.46094551952695895, -8.937666646720590080, 8.739054480473043895 ) ) ;
#1229 = ORIENTED_EDGE ( 'NONE', *, *, #1120, .T. ) ;
#1230 = DIRECTION ( 'NONE',  ( 0.000000000000000000, 0.000000000000000000, -1.000000000000000000 ) ) ;
#1231 = LINE ( 'NONE', #881, #1047 ) ;
#1232 = PLANE ( 'NONE',  #1048 ) ;
#1233 = CARTESIAN_POINT ( 'NONE',  ( 15.42213894464621582, -8.899556932425397804, 8.777861055353787023 ) ) ;
#1234 = EDGE_CURVE ( 'NONE', #948, #404, #1115, .T. ) ;
#1235 = EDGE_LOOP ( 'NONE', ( #222, #1545, #1420, #532 ) ) ;
#1236 = DIRECTION ( 'NONE',  ( -0.000000000000000000, 0.000000000000000000, 1.000000000000000000 ) ) ;
#1237 = DIRECTION ( 'NONE',  ( -1.000000000000000000, -0.000000000000000000, -0.000000000000000000 ) ) ;
#1238 = CARTESIAN_POINT ( 'NONE',  ( 37.20127099605334564, -18.78603537954697345, 5.401270996053341378 ) ) ;
#1239 = ORIENTED_EDGE ( 'NONE', *, *, #319, .F. ) ;
#1240 = EDGE_CURVE ( 'NONE', #935, #1353, #472, .T. ) ;
#1241 = AXIS2_PLACEMENT_3D ( 'NONE', #378, #872, #1119 ) ;
#1242 = DIRECTION ( 'NONE',  ( 1.000000000000000000, 0.000000000000000000, 0.000000000000000000 ) ) ;
#1243 = AXIS2_PLACEMENT_3D ( 'NONE', #1245, #408, #658 ) ;
#1244 = ORIENTED_EDGE ( 'NONE', *, *, #670, .F. ) ;
#1245 = CARTESIAN_POINT ( 'NONE',  ( -37.10000000000002274, 0.000000000000000000, 0.000000000000000000 ) ) ;
#1246 = ORIENTED_EDGE ( 'NONE', *, *, #89, .F. ) ;
#1247 = EDGE_CURVE ( 'NONE', #816, #967, #132, .T. ) ;
#1248 = DIRECTION ( 'NONE',  ( -0.3724891309529829719, -0.6562209411935442382, 0.6562209411935513437 ) ) ;
#1249 = ADVANCED_FACE ( 'NONE', ( #1186 ), #488, .F. ) ;
#1250 = ORIENTED_EDGE ( 'NONE', *, *, #840, .T. ) ;
#1251 = EDGE_LOOP ( 'NONE', ( #1296, #462, #733, #1388 ) ) ;
#1252 = FACE_OUTER_BOUND ( 'NONE', #1506, .T. ) ;
#1253 = CARTESIAN_POINT ( 'NONE',  ( -15.50000000000000000, 2.000000000000000000, -7.299999999999999822 ) ) ;
#1254 = CARTESIAN_POINT ( 'NONE',  ( -15.10000000000000142, -1.515454428613338125E-15, 9.099999999999999645 ) ) ;
#1255 = EDGE_CURVE ( 'NONE', #264, #1532, #493, .T. ) ;
#1256 = DIRECTION ( 'NONE',  ( 0.7071067811865472397, 1.917061913887919003E-16, -0.7071067811865477948 ) ) ;
#1257 = ORIENTED_EDGE ( 'NONE', *, *, #981, .F. ) ;
#1258 = PLANE ( 'NONE',  #1346 ) ;
#1259 = CARTESIAN_POINT ( 'NONE',  ( -15.50000000000000000, -2.000000000000000000, -7.299999999999998934 ) ) ;
#1260 = VECTOR ( 'NONE', #852, 1000.000000000000227 ) ;
#1261 = LINE ( 'NONE', #426, #140 ) ;
#1262 = AXIS2_PLACEMENT_3D ( 'NONE', #1254, #175, #67 ) ;
#1263 = CIRCLE ( 'NONE', #669, 5.899999999999999467 ) ;
#1264 = LINE ( 'NONE', #1171, #42 ) ;
#1265 = VECTOR ( 'NONE', #23, 1000.000000000000000 ) ;
#1266 = LINE ( 'NONE', #555, #1265 ) ;
#1267 = EDGE_CURVE ( 'NONE', #1436, #457, #1330, .T. ) ;
#1268 = AXIS2_PLACEMENT_3D ( 'NONE', #581, #1030, #421 ) ;
#1269 = PLANE ( 'NONE',  #984 ) ;
#1270 = ORIENTED_EDGE ( 'NONE', *, *, #142, .T. ) ;
#1271 = CARTESIAN_POINT ( 'NONE',  ( 37.50000000000000000, -16.29567394495087740, 9.099999999999997868 ) ) ;
#1272 = DIRECTION ( 'NONE',  ( 0.000000000000000000, 1.000000000000000000, -0.000000000000000000 ) ) ;
#1273 = LINE ( 'NONE', #940, #903 ) ;
#1274 = SURFACE_STYLE_FILL_AREA ( #1487 ) ;
#1275 = DIRECTION ( 'NONE',  ( -1.000000000000000000, -0.000000000000000000, -0.000000000000000000 ) ) ;
#1276 = ORIENTED_EDGE ( 'NONE', *, *, #191, .T. ) ;
#1277 = CARTESIAN_POINT ( 'NONE',  ( 37.10000000000000142, -8.861194749468214837, 8.816418071529785294 ) ) ;
#1278 = EDGE_LOOP ( 'NONE', ( #983, #228, #189, #248 ) ) ;
#1279 = DIRECTION ( 'NONE',  ( 0.000000000000000000, -0.5126291889850510541, -0.8586101062767249603 ) ) ;
#1280 = EDGE_LOOP ( 'NONE', ( #918, #979, #868, #542, #198, #69 ) ) ;
#1281 = DIRECTION ( 'NONE',  ( 0.000000000000000000, -0.7071067811865459074, 0.7071067811865491270 ) ) ;
#1282 = FACE_OUTER_BOUND ( 'NONE', #1278, .T. ) ;
#1283 = CARTESIAN_POINT ( 'NONE',  ( -15.50000000000000000, 6.151828996322970866, 6.151828996322952214 ) ) ;
#1284 = ORIENTED_EDGE ( 'NONE', *, *, #840, .F. ) ;
#1285 = ORIENTED_EDGE ( 'NONE', *, *, #655, .F. ) ;
#1286 = CARTESIAN_POINT ( 'NONE',  ( 11.50000000000000000, -2.000000000000000000, -6.812488532100439365 ) ) ;
#1287 = ORIENTED_EDGE ( 'NONE', *, *, #166, .F. ) ;
#1288 = ADVANCED_FACE ( 'NONE', ( #1422 ), #247, .T. ) ;
#1289 = CARTESIAN_POINT ( 'NONE',  ( 15.50000000000000000, -2.000000000000000000, -7.299999999999998934 ) ) ;
#1290 = DIRECTION ( 'NONE',  ( 0.000000000000000000, 0.5126291889850510541, 0.8586101062767249603 ) ) ;
#1291 = AXIS2_PLACEMENT_3D ( 'NONE', #230, #721, #1356 ) ;
#1292 = ORIENTED_EDGE ( 'NONE', *, *, #169, .F. ) ;
#1293 = VECTOR ( 'NONE', #1328, 1000.000000000000000 ) ;
#1294 = LINE ( 'NONE', #705, #1169 ) ;
#1295 = AXIS2_PLACEMENT_3D ( 'NONE', #995, #638, #246 ) ;
#1296 = ORIENTED_EDGE ( 'NONE', *, *, #883, .T. ) ;
#1297 = AXIS2_PLACEMENT_3D ( 'NONE', #506, #842, #997 ) ;
#1298 = CARTESIAN_POINT ( 'NONE',  ( 15.10000000000000142, -11.32077735846792521, 5.300000000000000711 ) ) ;
#1299 = ORIENTED_EDGE ( 'NONE', *, *, #1240, .T. ) ;
#1300 = LINE ( 'NONE', #1289, #650 ) ;
#1301 = EDGE_CURVE ( 'NONE', #411, #1532, #1438, .T. ) ;
#1302 = CARTESIAN_POINT ( 'NONE',  ( 15.50000000000000000, -10.59811303959341622, 5.700000000000005507 ) ) ;
#1303 = EDGE_CURVE ( 'NONE', #239, #935, #482, .T. ) ;
#1304 = EDGE_LOOP ( 'NONE', ( #716, #885, #1474, #442, #850 ) ) ;
#1305 = DIRECTION ( 'NONE',  ( 1.000000000000000000, -0.000000000000000000, -0.000000000000000000 ) ) ;
#1306 = DIRECTION ( 'NONE',  ( 0.6785983445458412255, 0.2810846377148228381, 0.6785983445458517727 ) ) ;
#1307 = VERTEX_POINT ( 'NONE', #731 ) ;
#1308 = CARTESIAN_POINT ( 'NONE',  ( 37.23308794989956994, -11.40542112531668550, 5.433087949899563007 ) ) ;
#1309 = CARTESIAN_POINT ( 'NONE',  ( 15.23449069481263152, -11.25781342410755315, 5.434490694812632583 ) ) ;
#1310 = DIRECTION ( 'NONE',  ( 1.000000000000000000, -0.000000000000000000, -0.000000000000000000 ) ) ;
#1311 = ORIENTED_EDGE ( 'NONE', *, *, #1383, .T. ) ;
#1312 = CARTESIAN_POINT ( 'NONE',  ( -15.36783814118308023, -11.19246311754513634, 5.567838141183087508 ) ) ;
#1313 = ADVANCED_FACE ( 'NONE', ( #348 ), #124, .T. ) ;
#1314 = DIRECTION ( 'NONE',  ( 0.000000000000000000, 0.000000000000000000, 1.000000000000000000 ) ) ;
#1315 = PRODUCT_DEFINITION_CONTEXT ( 'detailed design', #1538, 'design' ) ;
#1316 = ORIENTED_EDGE ( 'NONE', *, *, #562, .F. ) ;
#1317 = LINE ( 'NONE', #233, #461 ) ;
#1318 = FACE_OUTER_BOUND ( 'NONE', #832, .T. ) ;
#1319 = FACE_OUTER_BOUND ( 'NONE', #1430, .T. ) ;
#1320 = ORIENTED_EDGE ( 'NONE', *, *, #583, .T. ) ;
#1321 = AXIS2_PLACEMENT_3D ( 'NONE', #500, #8, #713 ) ;
#1322 = FACE_OUTER_BOUND ( 'NONE', #1428, .T. ) ;
#1323 = VECTOR ( 'NONE', #1224, 1000.000000000000000 ) ;
#1324 = ORIENTED_EDGE ( 'NONE', *, *, #156, .T. ) ;
#1325 = VECTOR ( 'NONE', #120, 1000.000000000000000 ) ;
#1326 = FACE_OUTER_BOUND ( 'NONE', #1148, .T. ) ;
#1327 = LINE ( 'NONE', #633, #600 ) ;
#1328 = DIRECTION ( 'NONE',  ( 0.000000000000000000, 0.000000000000000000, 1.000000000000000000 ) ) ;
#1329 = VERTEX_POINT ( 'NONE', #584 ) ;
#1330 = LINE ( 'NONE', #1429, #899 ) ;
#1331 = ORIENTED_EDGE ( 'NONE', *, *, #1247, .T. ) ;
#1332 = CARTESIAN_POINT ( 'NONE',  ( -37.81360399168749353, 0.000000000000000000, 0.000000000000000000 ) ) ;
#1333 = B_SPLINE_CURVE_WITH_KNOTS ( 'NONE', 3,
 ( #1181, #836, #1308, #930 ),
 .UNSPECIFIED., .F., .F.,
 ( 4, 4 ),
 ( 0.000000000000000000, 0.0006191157797613932017 ),
 .UNSPECIFIED. ) ;
#1334 = EDGE_CURVE ( 'NONE', #113, #952, #1097, .T. ) ;
#1335 = FACE_OUTER_BOUND ( 'NONE', #1051, .T. ) ;
#1336 = LINE ( 'NONE', #1434, #1173 ) ;
#1337 = LINE ( 'NONE', #1472, #540 ) ;
#1338 = DIRECTION ( 'NONE',  ( 0.7071067811865540120, 1.917061913887900514E-16, -0.7071067811865410224 ) ) ;
#1339 = ORIENTED_EDGE ( 'NONE', *, *, #541, .F. ) ;
#1340 = FACE_OUTER_BOUND ( 'NONE', #423, .T. ) ;
#1341 = EDGE_CURVE ( 'NONE', #318, #643, #261, .T. ) ;
#1342 = FACE_BOUND ( 'NONE', #1304, .T. ) ;
#1343 =( BOUNDED_CURVE ( )  B_SPLINE_CURVE ( 3, ( #227, #1309, #1053, #1512 ),
 .UNSPECIFIED., .F., .F. ) 
 B_SPLINE_CURVE_WITH_KNOTS ( ( 4, 4 ),
 ( 2.008653762185122815, 2.044291838944954254 ),
 .UNSPECIFIED. ) 
 CURVE ( )  GEOMETRIC_REPRESENTATION_ITEM ( )  RATIONAL_B_SPLINE_CURVE ( ( 1.000000000000000000, 0.9998941634242021204, 0.9998941634242021204, 1.000000000000000000 ) ) 
 REPRESENTATION_ITEM ( '' )  );
#1344 = LINE ( 'NONE', #507, #1005 ) ;
#1345 = EDGE_LOOP ( 'NONE', ( #1174, #133, #351, #68, #1270, #447, #99, #763 ) ) ;
#1346 = AXIS2_PLACEMENT_3D ( 'NONE', #1494, #1135, #56 ) ;
#1347 = CARTESIAN_POINT ( 'NONE',  ( 11.50000000000000355, 0.000000000000000000, 0.000000000000000000 ) ) ;
#1348 = VECTOR ( 'NONE', #1305, 1000.000000000000000 ) ;
#1349 = DIRECTION ( 'NONE',  ( 0.000000000000000000, -1.000000000000000000, -2.711134958529216305E-16 ) ) ;
#1350 = VECTOR ( 'NONE', #1141, 1000.000000000000114 ) ;
#1351 = DIRECTION ( 'NONE',  ( 0.000000000000000000, 0.000000000000000000, -1.000000000000000000 ) ) ;
#1352 = EDGE_CURVE ( 'NONE', #284, #490, #1536, .T. ) ;
#1353 = VERTEX_POINT ( 'NONE', #605 ) ;
#1354 = CARTESIAN_POINT ( 'NONE',  ( -15.50000000000000000, -11.32077735846792521, 5.700000000000005507 ) ) ;
#1355 = LINE ( 'NONE', #996, #1004 ) ;
#1356 = DIRECTION ( 'NONE',  ( 0.000000000000000000, 0.000000000000000000, -1.000000000000000000 ) ) ;
#1357 = ADVANCED_FACE ( 'NONE', ( #1322 ), #1071, .F. ) ;
#1358 = ORIENTED_EDGE ( 'NONE', *, *, #1504, .F. ) ;
#1359 = DIRECTION ( 'NONE',  ( 0.000000000000000000, 0.000000000000000000, -1.000000000000000000 ) ) ;
#1360 = FACE_OUTER_BOUND ( 'NONE', #577, .T. ) ;
#1361 = ADVANCED_FACE ( 'NONE', ( #105 ), #986, .F. ) ;
#1362 = AXIS2_PLACEMENT_3D ( 'NONE', #973, #859, #620 ) ;
#1363 = ORIENTED_EDGE ( 'NONE', *, *, #106, .T. ) ;
#1364 = CARTESIAN_POINT ( 'NONE',  ( -37.10000000000002984, -17.28834153251366956, 8.107332412437212810 ) ) ;
#1365 = ADVANCED_FACE ( 'NONE', ( #397, #895 ), #262, .F. ) ;
#1366 = VECTOR ( 'NONE', #1418, 1000.000000000000000 ) ;
#1367 = CARTESIAN_POINT ( 'NONE',  ( -37.10000000000002984, -16.69567394495088308, 9.099999999999997868 ) ) ;
#1368 = FILL_AREA_STYLE_COLOUR ( '', #1541 ) ;
#1369 = CLOSED_SHELL ( 'NONE', ( #936, #869, #701, #830, #1077, #1313, #915, #1405, #451, #586, #597, #1365, #1127, #971, #644, #781, #862, #1464, #1288, #249, #1056, #1249, #1357, #409, #1000, #873, #938, #200, #502, #1099, #531, #1199, #515, #992, #734, #618, #398, #1035, #1527, #1216, #136, #703, #712, #27, #1131, #1517, #1361, #49, #287, #653, #1477, #1108, #377 ) ) ;
#1370 = ORIENTED_EDGE ( 'NONE', *, *, #776, .T. ) ;
#1371 = ORIENTED_EDGE ( 'NONE', *, *, #629, .F. ) ;
#1372 = CARTESIAN_POINT ( 'NONE',  ( -37.10000000000002274, -1.515454428613338125E-15, 9.099999999999999645 ) ) ;
#1373 = DIRECTION ( 'NONE',  ( 0.000000000000000000, -0.000000000000000000, -1.000000000000000000 ) ) ;
#1374 = EDGE_CURVE ( 'NONE', #1535, #816, #1344, .T. ) ;
#1375 = CARTESIAN_POINT ( 'NONE',  ( 15.50000000000000000, 0.000000000000000000, 0.000000000000000000 ) ) ;
#1376 = ORIENTED_EDGE ( 'NONE', *, *, #1456, .T. ) ;
#1377 = PLANE ( 'NONE',  #1390 ) ;
#1378 = EDGE_LOOP ( 'NONE', ( #806, #1509, #1092, #80 ) ) ;
#1379 = DIRECTION ( 'NONE',  ( -1.000000000000000000, -0.000000000000000000, -0.000000000000000000 ) ) ;
#1380 = VERTEX_POINT ( 'NONE', #297 ) ;
#1381 = SURFACE_SIDE_STYLE ('',( #1151 ) ) ;
#1382 = CARTESIAN_POINT ( 'NONE',  ( 15.50000000000000000, 7.099999999999999645, 0.000000000000000000 ) ) ;
#1383 = EDGE_CURVE ( 'NONE', #706, #9, #37, .T. ) ;
#1384 = CARTESIAN_POINT ( 'NONE',  ( -37.20127099605336696, -18.78603537954697700, 5.401270996053343154 ) ) ;
#1385 = ORIENTED_EDGE ( 'NONE', *, *, #232, .F. ) ;
#1386 = CARTESIAN_POINT ( 'NONE',  ( -37.10000000000002274, -16.29567394495087740, 9.099999999999997868 ) ) ;
#1387 = DIRECTION ( 'NONE',  ( 0.000000000000000000, 0.000000000000000000, 1.000000000000000000 ) ) ;
#1388 = ORIENTED_EDGE ( 'NONE', *, *, #1426, .T. ) ;
#1389 = FACE_OUTER_BOUND ( 'NONE', #445, .T. ) ;
#1390 = AXIS2_PLACEMENT_3D ( 'NONE', #293, #1256, #1032 ) ;
#1391 = DIRECTION ( 'NONE',  ( 0.000000000000000000, 0.000000000000000000, 1.000000000000000000 ) ) ;
#1392 = SHAPE_DEFINITION_REPRESENTATION ( #758, #419 ) ;
#1393 = LINE ( 'NONE', #811, #1350 ) ;
#1394 = VECTOR ( 'NONE', #818, 1000.000000000000000 ) ;
#1395 = ORIENTED_EDGE ( 'NONE', *, *, #994, .F. ) ;
#1396 = EDGE_CURVE ( 'NONE', #773, #569, #976, .T. ) ;
#1397 = LINE ( 'NONE', #1155, #516 ) ;
#1398 = ORIENTED_EDGE ( 'NONE', *, *, #1227, .F. ) ;
#1399 = DIRECTION ( 'NONE',  ( 0.000000000000000000, 0.000000000000000000, 1.000000000000000000 ) ) ;
#1400 = ORIENTED_EDGE ( 'NONE', *, *, #1086, .T. ) ;
#1401 = CARTESIAN_POINT ( 'NONE',  ( 15.50000000000000000, 3.603657992645934893, 8.699999999999997513 ) ) ;
#1402 = CARTESIAN_POINT ( 'NONE',  ( -37.50000000000000000, -8.852684170680761966, 9.099999999999997868 ) ) ;
#1403 = CARTESIAN_POINT ( 'NONE',  ( -37.10000000000002274, -18.61210268055192785, 5.299999999999998046 ) ) ;
#1404 = DIRECTION ( 'NONE',  ( 0.7071067811865417996, 0.6751349187457782453, -0.2102209349473535827 ) ) ;
#1405 = ADVANCED_FACE ( 'NONE', ( #184 ), #1466, .F. ) ;
#1406 = VERTEX_POINT ( 'NONE', #1473 ) ;
#1407 = LINE ( 'NONE', #1271, #751 ) ;
#1408 = ORIENTED_EDGE ( 'NONE', *, *, #762, .T. ) ;
#1409 = CARTESIAN_POINT ( 'NONE',  ( -11.50000000000000000, -2.000000000000000000, -7.299999999999998934 ) ) ;
#1410 = CARTESIAN_POINT ( 'NONE',  ( -11.50000000000000000, 2.000000000000000000, -7.299999999999999822 ) ) ;
#1411 = ORIENTED_EDGE ( 'NONE', *, *, #524, .T. ) ;
#1412 = DIRECTION ( 'NONE',  ( 0.000000000000000000, 0.000000000000000000, 1.000000000000000000 ) ) ;
#1413 = ORIENTED_EDGE ( 'NONE', *, *, #1396, .F. ) ;
#1414 = EDGE_CURVE ( 'NONE', #404, #51, #364, .T. ) ;
#1415 = DIRECTION ( 'NONE',  ( -0.7071067811865479058, 0.6071290285435742007, -0.3624835757654895629 ) ) ;
#1416 = EDGE_CURVE ( 'NONE', #1055, #579, #1468, .T. ) ;
#1417 = DIRECTION ( 'NONE',  ( -1.000000000000000000, -0.000000000000000000, -0.000000000000000000 ) ) ;
#1418 = DIRECTION ( 'NONE',  ( 1.000000000000000000, 0.000000000000000000, 0.000000000000000000 ) ) ;
#1419 = VECTOR ( 'NONE', #100, 1000.000000000000000 ) ;
#1420 = ORIENTED_EDGE ( 'NONE', *, *, #683, .F. ) ;
#1421 = AXIS2_PLACEMENT_3D ( 'NONE', #1158, #578, #939 ) ;
#1422 = FACE_OUTER_BOUND ( 'NONE', #1483, .T. ) ;
#1423 = ORIENTED_EDGE ( 'NONE', *, *, #191, .F. ) ;
#1424 = LINE ( 'NONE', #1298, #466 ) ;
#1425 = DIRECTION ( 'NONE',  ( 0.000000000000000000, -0.7071067811865500152, -0.7071067811865451302 ) ) ;
#1426 = EDGE_CURVE ( 'NONE', #526, #490, #1261, .T. ) ;
#1427 = CARTESIAN_POINT ( 'NONE',  ( 11.50000000000000355, 0.000000000000000000, 7.099999999999999645 ) ) ;
#1428 = EDGE_LOOP ( 'NONE', ( #559, #483, #1107, #675 ) ) ;
#1429 = CARTESIAN_POINT ( 'NONE',  ( 37.75016224281925048, -16.57678614135478057, 8.449837757180752362 ) ) ;
#1430 = EDGE_LOOP ( 'NONE', ( #780, #92, #787, #821 ) ) ;
#1431 = DIRECTION ( 'NONE',  ( 0.000000000000000000, 1.000000000000000000, 1.483076431948111267E-16 ) ) ;
#1432 = DIRECTION ( 'NONE',  ( 0.000000000000000000, 0.000000000000000000, 1.000000000000000000 ) ) ;
#1433 = LINE ( 'NONE', #344, #1394 ) ;
#1434 = CARTESIAN_POINT ( 'NONE',  ( -11.50000000000000000, 2.000000000000000000, -7.099999999999999645 ) ) ;
#1435 = EDGE_CURVE ( 'NONE', #457, #9, #273, .T. ) ;
#1436 = VERTEX_POINT ( 'NONE', #512 ) ;
#1437 = CARTESIAN_POINT ( 'NONE',  ( -15.50000000000000000, 3.769343417595175882, 8.699999999999997513 ) ) ;
#1438 = LINE ( 'NONE', #867, #161 ) ;
#1439 = ORIENTED_EDGE ( 'NONE', *, *, #86, .F. ) ;
#1440 = CARTESIAN_POINT ( 'NONE',  ( 37.10000000000000142, -8.865282488362502988, 8.680210075848638240 ) ) ;
#1441 = LINE ( 'NONE', #496, #987 ) ;
#1442 =( BOUNDED_CURVE ( )  B_SPLINE_CURVE ( 3, ( #1095, #13, #656, #440 ),
 .UNSPECIFIED., .F., .T. ) 
 B_SPLINE_CURVE_WITH_KNOTS ( ( 4, 4 ),
 ( 5.228665070593752517, 6.283185307179586232 ),
 .UNSPECIFIED. ) 
 CURVE ( )  GEOMETRIC_REPRESENTATION_ITEM ( )  RATIONAL_B_SPLINE_CURVE ( ( 1.000000000000000000, 0.9094592878747743692, 0.9094592878747743692, 1.000000000000000000 ) ) 
 REPRESENTATION_ITEM ( '' )  );
#1443 = VERTEX_POINT ( 'NONE', #677 ) ;
#1444 = CIRCLE ( 'NONE', #724, 9.099999999999999645 ) ;
#1445 = DIRECTION ( 'NONE',  ( -0.000000000000000000, 2.168404344971008868E-16, 1.000000000000000000 ) ) ;
#1446 = AXIS2_PLACEMENT_3D ( 'NONE', #81, #1052, #1523 ) ;
#1447 = ORIENTED_EDGE ( 'NONE', *, *, #1147, .F. ) ;
#1448 = EDGE_CURVE ( 'NONE', #706, #239, #1122, .T. ) ;
#1449 = VECTOR ( 'NONE', #1230, 1000.000000000000000 ) ;
#1450 = ORIENTED_EDGE ( 'NONE', *, *, #489, .F. ) ;
#1451 = CARTESIAN_POINT ( 'NONE',  ( -37.10000000000002274, -8.861194749468214837, 8.816418071529785294 ) ) ;
#1452 = FACE_OUTER_BOUND ( 'NONE', #1235, .T. ) ;
#1453 = LINE ( 'NONE', #1437, #961 ) ;
#1454 = CARTESIAN_POINT ( 'NONE',  ( -38.62771753337793257, -16.27303832406109763, 6.827717533377919423 ) ) ;
#1455 = ORIENTED_EDGE ( 'NONE', *, *, #1170, .F. ) ;
#1456 = EDGE_CURVE ( 'NONE', #435, #778, #1263, .T. ) ;
#1457 = DIRECTION ( 'NONE',  ( 0.000000000000000000, 0.000000000000000000, 1.000000000000000000 ) ) ;
#1458 = LINE ( 'NONE', #833, #1348 ) ;
#1459 = DIRECTION ( 'NONE',  ( 0.000000000000000000, 1.000000000000000000, -0.000000000000000000 ) ) ;
#1460 = VERTEX_POINT ( 'NONE', #649 ) ;
#1461 = VERTEX_POINT ( 'NONE', #307 ) ;
#1462 = DIRECTION ( 'NONE',  ( -1.000000000000000000, -0.000000000000000000, -0.000000000000000000 ) ) ;
#1463 = CARTESIAN_POINT ( 'NONE',  ( 15.50000000000000000, 3.486500705120553878, 8.817157287525379417 ) ) ;
#1464 = ADVANCED_FACE ( 'NONE', ( #799 ), #630, .T. ) ;
#1465 = DIRECTION ( 'NONE',  ( -1.000000000000000000, -0.000000000000000000, -0.000000000000000000 ) ) ;
#1466 = CYLINDRICAL_SURFACE ( 'NONE', #823, 7.099999999999995204 ) ;
#1467 = CIRCLE ( 'NONE', #748, 12.89999999999999858 ) ;
#1468 = CIRCLE ( 'NONE', #55, 7.099999999999995204 ) ;
#1469 = CYLINDRICAL_SURFACE ( 'NONE', #1050, 7.099999999999999645 ) ;
#1470 = DIRECTION ( 'NONE',  ( 0.000000000000000000, 0.000000000000000000, 1.000000000000000000 ) ) ;
#1471 = EDGE_CURVE ( 'NONE', #773, #1460, #326, .T. ) ;
#1472 = CARTESIAN_POINT ( 'NONE',  ( 15.81897801938938031, 3.471532970915944816, 8.381021980610613653 ) ) ;
#1473 = CARTESIAN_POINT ( 'NONE',  ( 15.10000000000000142, -11.32077735846792521, 5.299999999999999822 ) ) ;
#1474 = ORIENTED_EDGE ( 'NONE', *, *, #128, .T. ) ;
#1475 = CARTESIAN_POINT ( 'NONE',  ( 37.10000000000000142, -18.61210268055192785, 5.299999999999998046 ) ) ;
#1476 = CARTESIAN_POINT ( 'NONE',  ( -15.10000000000000320, 3.769343417595175882, 9.099999999999999645 ) ) ;
#1477 = ADVANCED_FACE ( 'NONE', ( #269 ), #880, .T. ) ;
#1478 = VERTEX_POINT ( 'NONE', #148 ) ;
#1479 = FACE_OUTER_BOUND ( 'NONE', #719, .T. ) ;
#1480 = PRODUCT_CONTEXT ( 'NONE', #1085, 'mechanical' ) ;
#1481 = ORIENTED_EDGE ( 'NONE', *, *, #406, .F. ) ;
#1482 = EDGE_CURVE ( 'NONE', #1460, #310, #1110, .T. ) ;
#1483 = EDGE_LOOP ( 'NONE', ( #1537, #828, #218, #1193 ) ) ;
#1484 = VECTOR ( 'NONE', #236, 1000.000000000000000 ) ;
#1485 = ORIENTED_EDGE ( 'NONE', *, *, #795, .F. ) ;
#1486 = FACE_BOUND ( 'NONE', #1130, .T. ) ;
#1487 = FILL_AREA_STYLE ('',( #1368 ) ) ;
#1488 = FACE_OUTER_BOUND ( 'NONE', #606, .T. ) ;
#1489 = ORIENTED_EDGE ( 'NONE', *, *, #1147, .T. ) ;
#1490 = LINE ( 'NONE', #822, #137 ) ;
#1491 = EDGE_LOOP ( 'NONE', ( #96, #876, #117, #1061, #860 ) ) ;
#1492 =( BOUNDED_CURVE ( )  B_SPLINE_CURVE ( 3, ( #1451, #740, #1116, #533 ),
 .UNSPECIFIED., .F., .T. ) 
 B_SPLINE_CURVE_WITH_KNOTS ( ( 4, 4 ),
 ( 4.935591595998150893, 4.997448717603355739 ),
 .UNSPECIFIED. ) 
 CURVE ( )  GEOMETRIC_REPRESENTATION_ITEM ( )  RATIONAL_B_SPLINE_CURVE ( ( 1.000000000000000000, 0.9996811667924550004, 0.9996811667924550004, 1.000000000000000000 ) ) 
 REPRESENTATION_ITEM ( '' )  );
#1493 = EDGE_CURVE ( 'NONE', #579, #812, #520, .T. ) ;
#1494 = CARTESIAN_POINT ( 'NONE',  ( -37.50000000000000000, -1.515454428613338125E-15, 9.099999999999999645 ) ) ;
#1495 = ORIENTED_EDGE ( 'NONE', *, *, #1170, .T. ) ;
#1496 = CARTESIAN_POINT ( 'NONE',  ( -15.10000000000000142, -10.59811303959341622, 5.300000000000000711 ) ) ;
#1497 = ORIENTED_EDGE ( 'NONE', *, *, #464, .F. ) ;
#1498 = LINE ( 'NONE', #1386, #359 ) ;
#1499 = PLANE ( 'NONE',  #38 ) ;
#1500 = ORIENTED_EDGE ( 'NONE', *, *, #1352, .T. ) ;
#1501 = PRESENTATION_STYLE_ASSIGNMENT (( #1021 ) ) ;
#1502 = CARTESIAN_POINT ( 'NONE',  ( -15.50000000000000000, 0.000000000000000000, 0.000000000000000000 ) ) ;
#1503 = ORIENTED_EDGE ( 'NONE', *, *, #427, .F. ) ;
#1504 = EDGE_CURVE ( 'NONE', #920, #587, #1337, .T. ) ;
#1505 = LINE ( 'NONE', #429, #84 ) ;
#1506 = EDGE_LOOP ( 'NONE', ( #7, #438, #937, #1046 ) ) ;
#1507 = DIRECTION ( 'NONE',  ( 0.4553660118908263166, -0.7650382934398037849, -0.4553660118908264831 ) ) ;
#1508 = UNCERTAINTY_MEASURE_WITH_UNIT (LENGTH_MEASURE( 1.000000000000000082E-05 ), #536, 'distance_accuracy_value', 'NONE');
#1509 = ORIENTED_EDGE ( 'NONE', *, *, #1482, .F. ) ;
#1510 = EDGE_LOOP ( 'NONE', ( #1, #663, #401, #632, #1205 ) ) ;
#1511 = CARTESIAN_POINT ( 'NONE',  ( -15.50000000000000000, -2.000000000000000000, -7.299999999999998934 ) ) ;
#1512 = CARTESIAN_POINT ( 'NONE',  ( 15.50000000000000000, -11.12474718813870211, 5.700000000000004619 ) ) ;
#1513 = AXIS2_PLACEMENT_3D ( 'NONE', #254, #342, #1062 ) ;
#1514 =( NAMED_UNIT ( * ) PLANE_ANGLE_UNIT ( ) SI_UNIT ( $, .RADIAN. ) );
#1515 = CARTESIAN_POINT ( 'NONE',  ( 15.50000000000000000, -8.852684170680761966, 8.699999999999995737 ) ) ;
#1516 = AXIS2_PLACEMENT_3D ( 'NONE', #1347, #266, #146 ) ;
#1517 = ADVANCED_FACE ( 'NONE', ( #1360 ), #854, .T. ) ;
#1518 = ORIENTED_EDGE ( 'NONE', *, *, #947, .T. ) ;
#1519 = CARTESIAN_POINT ( 'NONE',  ( 37.23438338909475931, -9.083933326885498261, 8.783078279037553671 ) ) ;
#1520 = VERTEX_POINT ( 'NONE', #743 ) ;
#1521 = DIRECTION ( 'NONE',  ( 0.000000000000000000, 0.000000000000000000, -1.000000000000000000 ) ) ;
#1522 = ORIENTED_EDGE ( 'NONE', *, *, #1539, .T. ) ;
#1523 = DIRECTION ( 'NONE',  ( 0.000000000000000000, 0.000000000000000000, -1.000000000000000000 ) ) ;
#1524 = CARTESIAN_POINT ( 'NONE',  ( 37.10000000000000142, -17.28834153251366956, 8.107332412437212810 ) ) ;
#1525 = CARTESIAN_POINT ( 'NONE',  ( -11.50000000000000000, 0.000000000000000000, 7.099999999999996980 ) ) ;
#1526 = ORIENTED_EDGE ( 'NONE', *, *, #25, .T. ) ;
#1527 = ADVANCED_FACE ( 'NONE', ( #1217 ), #1232, .T. ) ;
#1528 = FACE_OUTER_BOUND ( 'NONE', #566, .T. ) ;
#1529 = ORIENTED_EDGE ( 'NONE', *, *, #1396, .T. ) ;
#1530 = EDGE_CURVE ( 'NONE', #411, #1478, #85, .T. ) ;
#1531 = LINE ( 'NONE', #453, #263 ) ;
#1532 = VERTEX_POINT ( 'NONE', #888 ) ;
#1533 = CARTESIAN_POINT ( 'NONE',  ( -15.50000000000000000, 0.000000000000000000, 0.000000000000000000 ) ) ;
#1534 = CARTESIAN_POINT ( 'NONE',  ( -37.50000000000000000, 0.000000000000000000, 0.000000000000000000 ) ) ;
#1535 = VERTEX_POINT ( 'NONE', #619 ) ;
#1536 = LINE ( 'NONE', #3, #495 ) ;
#1537 = ORIENTED_EDGE ( 'NONE', *, *, #637, .F. ) ;
#1538 = APPLICATION_CONTEXT ( 'automotive_design' ) ;
#1539 = EDGE_CURVE ( 'NONE', #952, #664, #1442, .T. ) ;
#1540 = EDGE_LOOP ( 'NONE', ( #756, #1018, #530, #109, #313, #1276 ) ) ;
#1541 = COLOUR_RGB ( '',0.7921568627450980005, 0.8196078431372548767, 0.9333333333333333481 ) ;
#1542 = DIRECTION ( 'NONE',  ( -1.000000000000000000, 0.000000000000000000, 0.000000000000000000 ) ) ;
#1543 = CARTESIAN_POINT ( 'NONE',  ( -15.10000000000000142, -11.32077735846792521, 5.299999999999999822 ) ) ;
#1544 = AXIS2_PLACEMENT_3D ( 'NONE', #121, #129, #831 ) ;
#1545 = ORIENTED_EDGE ( 'NONE', *, *, #608, .T. ) ;
#1546 = AXIS2_PLACEMENT_3D ( 'NONE', #193, #1415, #217 ) ;
#1547 = CARTESIAN_POINT ( 'NONE',  ( -11.50000000000000000, 2.000000000000000000, -7.299999999999999822 ) ) ;
#1548 = VERTEX_POINT ( 'NONE', #272 ) ;
#1549 = VECTOR ( 'NONE', #820, 1000.000000000000114 ) ;
#1550 = DIRECTION ( 'NONE',  ( -0.8551000160155834973, 0.5182297553866992423, -0.01555259598879415832 ) ) ;
#1551 = EDGE_CURVE ( 'NONE', #255, #334, #283, .T. ) ;
#1552 = DIRECTION ( 'NONE',  ( -0.000000000000000000, 1.000000000000000000, -2.168404344971008868E-16 ) ) ;
#1553 = CARTESIAN_POINT ( 'NONE',  ( -15.10000000000000142, -10.59811303959341622, 5.300000000000000711 ) ) ;
ENDSEC;
END-ISO-10303-21;
