ISO-10303-21;
HEADER;
FILE_DESCRIPTION (( 'STEP AP214' ),
    '1' );
FILE_NAME ('Corner Panel Clip Top B.STEP',
    '2026-09-06T12:29:07',
    ( '' ),
    ( '' ),
    '',
    '',
    '' );
FILE_SCHEMA (( 'AUTOMOTIVE_DESIGN' ));
ENDSEC;

DATA;
#1 = VERTEX_POINT ( 'NONE', #4292 ) ;
#2 = CARTESIAN_POINT ( 'NONE',  ( 10.00000000000000000, 5.750000000000000000, -1.300000000000000044 ) ) ;
#3 = AXIS2_PLACEMENT_3D ( 'NONE', #4317, #1984, #5684 ) ;
#4 = CARTESIAN_POINT ( 'NONE',  ( 0.000000000000000000, 19.19999999999999929, 19.19999999999999929 ) ) ;
#5 = DIRECTION ( 'NONE',  ( -1.000000000000000000, 0.000000000000000000, 0.000000000000000000 ) ) ;
#6 = DIRECTION ( 'NONE',  ( -0.7071067811865469066, 0.6532814824381887320, -0.2705980500730987837 ) ) ;
#7 = EDGE_CURVE ( 'NONE', #9637, #9478, #1330, .T. ) ;
#8 = DIRECTION ( 'NONE',  ( 1.000000000000000000, 0.000000000000000000, 0.000000000000000000 ) ) ;
#9 = EDGE_LOOP ( 'NONE', ( #2264, #7220, #3044 ) ) ;
#10 = CARTESIAN_POINT ( 'NONE',  ( 1.000000000000000000, 17.56306015393419884, 30.70000000000000284 ) ) ;
#11 = DIRECTION ( 'NONE',  ( -0.7071067811865474617, 0.000000000000000000, 0.7071067811865474617 ) ) ;
#12 = ORIENTED_EDGE ( 'NONE', *, *, #260, .F. ) ;
#13 = DIRECTION ( 'NONE',  ( 0.7071067811865479058, -0.5278928940206418785, -0.4704562598611169433 ) ) ;
#14 = VECTOR ( 'NONE', #5831, 1000.000000000000000 ) ;
#15 = CARTESIAN_POINT ( 'NONE',  ( 3.799999999999999822, 11.68994949366119940, 10.72426406871189997 ) ) ;
#16 = AXIS2_PLACEMENT_3D ( 'NONE', #4773, #2399, #5345 ) ;
#17 = VERTEX_POINT ( 'NONE', #5846 ) ;
#18 = CARTESIAN_POINT ( 'NONE',  ( 9.199999999999999289, -44.50000000000001421, -1.100000000000002531 ) ) ;
#19 = AXIS2_PLACEMENT_3D ( 'NONE', #99, #6657, #145 ) ;
#20 = ORIENTED_EDGE ( 'NONE', *, *, #2836, .F. ) ;
#21 = DIRECTION ( 'NONE',  ( 0.000000000000000000, -0.8356006513277620673, 0.5493373749351302404 ) ) ;
#22 = ORIENTED_EDGE ( 'NONE', *, *, #1510, .T. ) ;
#23 = CYLINDRICAL_SURFACE ( 'NONE', #3931, 0.6000000000000008660 ) ;
#24 = AXIS2_PLACEMENT_3D ( 'NONE', #8662, #1974, #7237 ) ;
#25 = CIRCLE ( 'NONE', #7820, 0.5999999999999986455 ) ;
#26 = ORIENTED_EDGE ( 'NONE', *, *, #3659, .F. ) ;
#27 = LINE ( 'NONE', #4544, #4861 ) ;
#28 = FACE_BOUND ( 'NONE', #7681, .T. ) ;
#29 = ADVANCED_FACE ( 'NONE', ( #2824 ), #2100, .T. ) ;
#30 = CARTESIAN_POINT ( 'NONE',  ( 0.000000000000000000, 19.19999999999999929, 15.79999999999999538 ) ) ;
#31 = ORIENTED_EDGE ( 'NONE', *, *, #1607, .T. ) ;
#32 = DIRECTION ( 'NONE',  ( 0.000000000000000000, 0.7071067811865470176, 0.7071067811865480168 ) ) ;
#33 = CIRCLE ( 'NONE', #6250, 14.99499999999999744 ) ;
#34 = CARTESIAN_POINT ( 'NONE',  ( 10.20000000000000107, -7.799999999999999822, 0.000000000000000000 ) ) ;
#35 = ORIENTED_EDGE ( 'NONE', *, *, #923, .T. ) ;
#36 = LINE ( 'NONE', #8220, #1118 ) ;
#37 = VECTOR ( 'NONE', #5024, 1000.000000000000000 ) ;
#38 = VECTOR ( 'NONE', #1204, 1000.000000000000000 ) ;
#39 = CIRCLE ( 'NONE', #4386, 0.5999999999999998668 ) ;
#40 = CARTESIAN_POINT ( 'NONE',  ( 10.20000000000000107, -3.700000000000000178, 1.100000000000000089 ) ) ;
#41 = DIRECTION ( 'NONE',  ( 0.000000000000000000, 0.000000000000000000, -1.000000000000000000 ) ) ;
#42 = EDGE_CURVE ( 'NONE', #6146, #1562, #449, .T. ) ;
#43 = DIRECTION ( 'NONE',  ( 1.000000000000000000, 0.000000000000000000, 0.000000000000000000 ) ) ;
#44 = CARTESIAN_POINT ( 'NONE',  ( 8.800000000000000711, 25.69999999999999929, 3.514213562373090127 ) ) ;
#45 = CARTESIAN_POINT ( 'NONE',  ( 0.000000000000000000, 26.34155520049109711, 27.39979019595289955 ) ) ;
#46 = VERTEX_POINT ( 'NONE', #2188 ) ;
#47 = CARTESIAN_POINT ( 'NONE',  ( 1.600000000000000089, 17.50000000000029843, 20.89999999999999858 ) ) ;
#48 = VECTOR ( 'NONE', #1583, 1000.000000000000000 ) ;
#49 = EDGE_LOOP ( 'NONE', ( #8046, #3823, #9593, #6751 ) ) ;
#50 = VECTOR ( 'NONE', #7216, 999.9999999999998863 ) ;
#51 = ORIENTED_EDGE ( 'NONE', *, *, #5385, .F. ) ;
#52 = CIRCLE ( 'NONE', #5958, 3.400000000000027445 ) ;
#53 = AXIS2_PLACEMENT_3D ( 'NONE', #1238, #9479, #561 ) ;
#54 = DIRECTION ( 'NONE',  ( 0.000000000000000000, 1.000000000000000000, 0.000000000000000000 ) ) ;
#55 = EDGE_CURVE ( 'NONE', #2776, #712, #1955, .T. ) ;
#56 = AXIS2_PLACEMENT_3D ( 'NONE', #1341, #5678, #8667 ) ;
#57 = LINE ( 'NONE', #5245, #4263 ) ;
#58 = DIRECTION ( 'NONE',  ( 0.000000000000000000, -0.4233466661666837605, -0.9059677699816667262 ) ) ;
#59 = DIRECTION ( 'NONE',  ( 1.000000000000000000, 0.000000000000000000, 0.000000000000000000 ) ) ;
#60 = CARTESIAN_POINT ( 'NONE',  ( 9.000000000000000000, 25.10000000000000142, 25.88505464708130077 ) ) ;
#61 = VERTEX_POINT ( 'NONE', #1468 ) ;
#62 = DIRECTION ( 'NONE',  ( 0.000000000000000000, -0.3412646552513101117, 0.9399672521296710270 ) ) ;
#63 = VECTOR ( 'NONE', #4695, 1000.000000000000000 ) ;
#64 = VECTOR ( 'NONE', #1769, 1000.000000000000000 ) ;
#65 = ORIENTED_EDGE ( 'NONE', *, *, #4978, .T. ) ;
#66 = EDGE_CURVE ( 'NONE', #1717, #986, #6666, .T. ) ;
#67 = CARTESIAN_POINT ( 'NONE',  ( 9.199999999999999289, 6.685054647081260626, -6.100000000000000533 ) ) ;
#68 = ORIENTED_EDGE ( 'NONE', *, *, #6036, .T. ) ;
#69 = VECTOR ( 'NONE', #5557, 1000.000000000000000 ) ;
#70 = CARTESIAN_POINT ( 'NONE',  ( 10.20000000000000107, 3.700000000000000178, -1.100000000000000089 ) ) ;
#71 = AXIS2_PLACEMENT_3D ( 'NONE', #6815, #3983, #156 ) ;
#72 = AXIS2_PLACEMENT_3D ( 'NONE', #7555, #6658, #9120 ) ;
#73 = PLANE ( 'NONE',  #5030 ) ;
#74 = EDGE_LOOP ( 'NONE', ( #8252, #5029, #3738, #6693, #374, #2823, #4658 ) ) ;
#75 = LINE ( 'NONE', #2302, #5145 ) ;
#76 = ORIENTED_EDGE ( 'NONE', *, *, #6178, .T. ) ;
#77 = PLANE ( 'NONE',  #6562 ) ;
#78 = VERTEX_POINT ( 'NONE', #1556 ) ;
#79 = DIRECTION ( 'NONE',  ( 1.000000000000000000, 0.000000000000000000, 0.000000000000000000 ) ) ;
#80 = VECTOR ( 'NONE', #3705, 1000.000000000000000 ) ;
#81 = EDGE_CURVE ( 'NONE', #1844, #5312, #6000, .T. ) ;
#82 = VECTOR ( 'NONE', #585, 1000.000000000000114 ) ;
#83 = ORIENTED_EDGE ( 'NONE', *, *, #4160, .T. ) ;
#84 = DIRECTION ( 'NONE',  ( 0.000000000000000000, 1.000000000000000000, 0.000000000000000000 ) ) ;
#85 = DIRECTION ( 'NONE',  ( -1.000000000000000000, 0.000000000000000000, 0.000000000000000000 ) ) ;
#86 = DIRECTION ( 'NONE',  ( 0.000000000000000000, 0.000000000000000000, 1.000000000000000000 ) ) ;
#87 = CIRCLE ( 'NONE', #2721, 0.9999999999999994449 ) ;
#88 = ORIENTED_EDGE ( 'NONE', *, *, #5405, .T. ) ;
#89 = CARTESIAN_POINT ( 'NONE',  ( 9.199999999999999289, -17.88339895114832601, 1.100000000000010303 ) ) ;
#90 = LINE ( 'NONE', #3052, #7325 ) ;
#91 = DIRECTION ( 'NONE',  ( 0.000000000000000000, 0.000000000000000000, 1.000000000000000000 ) ) ;
#92 = EDGE_LOOP ( 'NONE', ( #5605, #254, #8041 ) ) ;
#93 = CARTESIAN_POINT ( 'NONE',  ( 0.000000000000000000, 25.69999999999999929, 26.63271332580049844 ) ) ;
#94 = DIRECTION ( 'NONE',  ( 0.000000000000000000, 0.3412646552513079468, 0.9399672521296716932 ) ) ;
#95 = EDGE_CURVE ( 'NONE', #8644, #1823, #2972, .T. ) ;
#96 = AXIS2_PLACEMENT_3D ( 'NONE', #5102, #3023, #1509 ) ;
#97 = FACE_OUTER_BOUND ( 'NONE', #7128, .T. ) ;
#98 = CARTESIAN_POINT ( 'NONE',  ( 9.199999999999999289, 20.52426406364761036, 15.92426407377624642 ) ) ;
#99 = CARTESIAN_POINT ( 'NONE',  ( 0.000000000000000000, 10.69999999999999929, 11.71421356237310007 ) ) ;
#100 = CYLINDRICAL_SURFACE ( 'NONE', #6301, 0.9999999999999998890 ) ;
#101 = LINE ( 'NONE', #2325, #8808 ) ;
#102 = ORIENTED_EDGE ( 'NONE', *, *, #3720, .T. ) ;
#103 = CARTESIAN_POINT ( 'NONE',  ( 9.000000000000000000, 22.70000001490119956, 27.05596372552760087 ) ) ;
#104 = ORIENTED_EDGE ( 'NONE', *, *, #120, .T. ) ;
#105 = EDGE_CURVE ( 'NONE', #7458, #4195, #9131, .T. ) ;
#106 = ORIENTED_EDGE ( 'NONE', *, *, #5931, .T. ) ;
#107 = FACE_OUTER_BOUND ( 'NONE', #4827, .T. ) ;
#108 = DIRECTION ( 'NONE',  ( 0.000000000000000000, -1.000000000000000000, 0.000000000000000000 ) ) ;
#109 = CARTESIAN_POINT ( 'NONE',  ( 1.000000000000000000, 20.83693984606579974, 30.70000000000000284 ) ) ;
#110 = FACE_OUTER_BOUND ( 'NONE', #2896, .T. ) ;
#111 = FACE_OUTER_BOUND ( 'NONE', #9200, .T. ) ;
#112 = ADVANCED_FACE ( 'NONE', ( #885 ), #8499, .F. ) ;
#113 = ADVANCED_FACE ( 'NONE', ( #6770 ), #3701, .T. ) ;
#114 = ORIENTED_EDGE ( 'NONE', *, *, #9204, .T. ) ;
#115 = CARTESIAN_POINT ( 'NONE',  ( 9.000000000000000000, 6.685054647081260626, -5.899999999999999467 ) ) ;
#116 = ADVANCED_FACE ( 'NONE', ( #4574 ), #3114, .F. ) ;
#117 = CARTESIAN_POINT ( 'NONE',  ( 3.799999999999998046, -22.11660104885167755, 1.500000000000000000 ) ) ;
#118 = VERTEX_POINT ( 'NONE', #6041 ) ;
#119 = CARTESIAN_POINT ( 'NONE',  ( 0.000000000000000000, -25.51999999999984681, 22.53499999999992909 ) ) ;
#120 = EDGE_CURVE ( 'NONE', #1044, #2107, #9023, .T. ) ;
#121 = CARTESIAN_POINT ( 'NONE',  ( 9.800000000000002487, -22.50000000000000355, -1.099999999999999645 ) ) ;
#122 = EDGE_LOOP ( 'NONE', ( #1038, #5608, #1517, #462 ) ) ;
#123 = DIRECTION ( 'NONE',  ( 0.000000000000000000, -1.744915306113239961E-13, 1.000000000000000000 ) ) ;
#124 = EDGE_CURVE ( 'NONE', #61, #3041, #8656, .T. ) ;
#125 = ORIENTED_EDGE ( 'NONE', *, *, #4458, .T. ) ;
#126 = LINE ( 'NONE', #3085, #4532 ) ;
#127 = ORIENTED_EDGE ( 'NONE', *, *, #6605, .F. ) ;
#128 = CARTESIAN_POINT ( 'NONE',  ( 9.199999999999999289, 7.855963737990349749, -3.500000000000000000 ) ) ;
#129 = EDGE_CURVE ( 'NONE', #1170, #2923, #837, .T. ) ;
#130 = VECTOR ( 'NONE', #1797, 1000.000000000000000 ) ;
#131 = EDGE_LOOP ( 'NONE', ( #7966, #9327, #6559, #5026 ) ) ;
#132 = CARTESIAN_POINT ( 'NONE',  ( 0.000000000000000000, 19.19999999999999929, 19.19999999999999929 ) ) ;
#133 = FACE_OUTER_BOUND ( 'NONE', #5380, .T. ) ;
#134 = DIRECTION ( 'NONE',  ( 1.000000000000000000, 0.000000000000000000, 0.000000000000000000 ) ) ;
#135 = ORIENTED_EDGE ( 'NONE', *, *, #7272, .T. ) ;
#136 = CARTESIAN_POINT ( 'NONE',  ( 0.000000000000000000, 0.000000000000000000, 0.000000000000000000 ) ) ;
#137 = DIRECTION ( 'NONE',  ( 0.000000000000000000, -0.9067806107715827846, -0.4216028035114509631 ) ) ;
#138 = EDGE_CURVE ( 'NONE', #2548, #9498, #6314, .T. ) ;
#139 = VECTOR ( 'NONE', #6318, 1000.000000000000000 ) ;
#140 = VERTEX_POINT ( 'NONE', #7462 ) ;
#141 = CARTESIAN_POINT ( 'NONE',  ( 1.400000000000000133, -21.69999999999999929, -2.471841418861651540 ) ) ;
#142 = DIRECTION ( 'NONE',  ( 0.000000000000000000, 1.000000000000000000, 4.386212498149690880E-17 ) ) ;
#143 = DIRECTION ( 'NONE',  ( -1.000000000000000000, 0.000000000000000000, 0.000000000000000000 ) ) ;
#144 = CARTESIAN_POINT ( 'NONE',  ( 0.000000000000000000, 18.30000000000000071, 22.89999999999999858 ) ) ;
#145 = DIRECTION ( 'NONE',  ( 0.000000000000000000, 0.9238795325112868495, -0.3826834323650896152 ) ) ;
#146 = DIRECTION ( 'NONE',  ( 0.000000000000000000, -0.5493373749351309066, 0.8356006513277615122 ) ) ;
#147 = EDGE_CURVE ( 'NONE', #3095, #3201, #2286, .T. ) ;
#148 = CARTESIAN_POINT ( 'NONE',  ( 10.00000000000000000, 11.90000000000000036, -0.9000000000000000222 ) ) ;
#149 = ADVANCED_FACE ( 'NONE', ( #107 ), #5293, .F. ) ;
#150 = ORIENTED_EDGE ( 'NONE', *, *, #2199, .F. ) ;
#151 = DIRECTION ( 'NONE',  ( 0.000000000000000000, 0.000000000000000000, -1.000000000000000000 ) ) ;
#152 = VECTOR ( 'NONE', #1006, 1000.000000000000000 ) ;
#153 = ORIENTED_EDGE ( 'NONE', *, *, #8616, .T. ) ;
#154 = VECTOR ( 'NONE', #157, 1000.000000000000000 ) ;
#155 = CARTESIAN_POINT ( 'NONE',  ( 9.799999999999998934, 3.100000000000000089, 0.4500000276680439781 ) ) ;
#156 = DIRECTION ( 'NONE',  ( 0.000000000000000000, 4.440892098500630106E-16, -1.000000000000000000 ) ) ;
#157 = DIRECTION ( 'NONE',  ( 0.000000000000000000, 0.000000000000000000, 1.000000000000000000 ) ) ;
#158 = DIRECTION ( 'NONE',  ( 1.000000000000000000, 0.000000000000000000, 0.000000000000000000 ) ) ;
#159 = CARTESIAN_POINT ( 'NONE',  ( 9.099999999999999645, 7.855963737990349749, -3.500000000000000000 ) ) ;
#160 = EDGE_CURVE ( 'NONE', #8556, #5763, #9438, .T. ) ;
#161 = ORIENTED_EDGE ( 'NONE', *, *, #4986, .F. ) ;
#162 = DIRECTION ( 'NONE',  ( 0.000000000000000000, 0.9059677699816666152, 0.4233466661666844821 ) ) ;
#163 = FACE_OUTER_BOUND ( 'NONE', #74, .T. ) ;
#164 = VERTEX_POINT ( 'NONE', #8087 ) ;
#165 = DIRECTION ( 'NONE',  ( 0.000000000000000000, -0.6382847385042248467, -0.7698003589195016039 ) ) ;
#166 = CARTESIAN_POINT ( 'NONE',  ( 4.799999999999999822, 22.47044243093473526, 16.09004643178723271 ) ) ;
#167 = ADVANCED_FACE ( 'NONE', ( #693 ), #2116, .F. ) ;
#168 = VERTEX_POINT ( 'NONE', #7712 ) ;
#169 = PLANE ( 'NONE',  #3138 ) ;
#170 = ORIENTED_EDGE ( 'NONE', *, *, #138, .F. ) ;
#171 = CARTESIAN_POINT ( 'NONE',  ( 9.199999999999999289, 22.39926247149089988, 15.96231186036350280 ) ) ;
#172 = CIRCLE ( 'NONE', #16, 0.5999999999999998668 ) ;
#173 = ORIENTED_EDGE ( 'NONE', *, *, #7553, .T. ) ;
#174 = ADVANCED_FACE ( 'NONE', ( #9128 ), #4764, .T. ) ;
#175 = VECTOR ( 'NONE', #8480, 1000.000000000000000 ) ;
#176 = EDGE_CURVE ( 'NONE', #8694, #2030, #2387, .T. ) ;
#177 = EDGE_LOOP ( 'NONE', ( #9429, #6742, #8411, #5402 ) ) ;
#178 = AXIS2_PLACEMENT_3D ( 'NONE', #9110, #6124, #3729 ) ;
#179 = DIRECTION ( 'NONE',  ( 0.000000000000000000, 0.9059677699816658381, -0.4233466661666857034 ) ) ;
#180 = CARTESIAN_POINT ( 'NONE',  ( 3.000000000000000000, -25.51999999999984681, 19.53499999999993264 ) ) ;
#181 = DIRECTION ( 'NONE',  ( 1.000000000000000000, 0.000000000000000000, 0.000000000000000000 ) ) ;
#182 = ADVANCED_FACE ( 'NONE', ( #6279 ), #2584, .F. ) ;
#183 = VERTEX_POINT ( 'NONE', #6964 ) ;
#184 = CARTESIAN_POINT ( 'NONE',  ( 9.199999999999999289, 24.10000000000000142, 12.51494535291870136 ) ) ;
#185 = DIRECTION ( 'NONE',  ( 0.000000000000000000, 1.000000000000000000, 7.954421435255531103E-15 ) ) ;
#186 = ORIENTED_EDGE ( 'NONE', *, *, #7192, .T. ) ;
#187 = LINE ( 'NONE', #9008, #7327 ) ;
#188 = CIRCLE ( 'NONE', #962, 0.2000000000000005107 ) ;
#189 = LINE ( 'NONE', #6803, #3165 ) ;
#190 = EDGE_CURVE ( 'NONE', #5035, #3540, #8822, .T. ) ;
#191 = AXIS2_PLACEMENT_3D ( 'NONE', #5038, #7187, #5619 ) ;
#192 = AXIS2_PLACEMENT_3D ( 'NONE', #5884, #7452, #1457 ) ;
#193 = DIRECTION ( 'NONE',  ( 0.000000000000000000, 0.000000000000000000, -1.000000000000000000 ) ) ;
#194 = PRESENTATION_LAYER_ASSIGNMENT (  '', '', ( #2201 ) ) ;
#195 = LINE ( 'NONE', #3157, #904 ) ;
#196 = VECTOR ( 'NONE', #9381, 1000.000000000000000 ) ;
#197 = DIRECTION ( 'NONE',  ( 0.7071067811865480168, 0.7071067811865470176, 3.140184917367550333E-16 ) ) ;
#198 = DIRECTION ( 'NONE',  ( 0.000000000000000000, 0.9238795325112870716, -0.3826834323650888381 ) ) ;
#199 = VERTEX_POINT ( 'NONE', #1029 ) ;
#200 = DIRECTION ( 'NONE',  ( 0.000000000000000000, -1.000000000000000000, -2.220446049250309876E-16 ) ) ;
#201 = CIRCLE ( 'NONE', #7358, 0.5999999999999998668 ) ;
#202 = CONICAL_SURFACE ( 'NONE', #8124, 2.999999999999999112, 0.7853981633974520538 ) ;
#203 = EDGE_LOOP ( 'NONE', ( #3166, #5900, #3550, #8991 ) ) ;
#204 = PLANE ( 'NONE',  #5695 ) ;
#205 = CARTESIAN_POINT ( 'NONE',  ( 9.799999999999998934, 17.69999999999999929, 15.50000000000000000 ) ) ;
#206 = AXIS2_PLACEMENT_3D ( 'NONE', #6406, #1980, #3575 ) ;
#207 = DIRECTION ( 'NONE',  ( 0.000000000000000000, 0.000000000000000000, 1.000000000000000000 ) ) ;
#208 = DIRECTION ( 'NONE',  ( 0.000000000000000000, -0.4233466661666820952, -0.9059677699816676144 ) ) ;
#209 = DIRECTION ( 'NONE',  ( 1.000000000000000000, 0.000000000000000000, 0.000000000000000000 ) ) ;
#210 = VECTOR ( 'NONE', #2654, 1000.000000000000227 ) ;
#211 = ORIENTED_EDGE ( 'NONE', *, *, #6366, .F. ) ;
#212 = DIRECTION ( 'NONE',  ( 1.000000000000000000, 0.000000000000000000, 0.000000000000000000 ) ) ;
#213 = ORIENTED_EDGE ( 'NONE', *, *, #3333, .T. ) ;
#214 = VECTOR ( 'NONE', #7736, 1000.000000000000000 ) ;
#215 = AXIS2_PLACEMENT_3D ( 'NONE', #7182, #8014, #1332 ) ;
#216 = EDGE_CURVE ( 'NONE', #9162, #168, #1072, .T. ) ;
#217 = CARTESIAN_POINT ( 'NONE',  ( 9.000000000000000000, 6.685054647081260626, -4.899999999999999467 ) ) ;
#218 = AXIS2_PLACEMENT_3D ( 'NONE', #3026, #158, #4667 ) ;
#219 = EDGE_LOOP ( 'NONE', ( #6455, #5959, #8798, #7115 ) ) ;
#220 = LINE ( 'NONE', #6383, #3477 ) ;
#221 = CARTESIAN_POINT ( 'NONE',  ( 9.799999999999998934, 3.700000000000000178, -0.9000000000000000222 ) ) ;
#222 = VECTOR ( 'NONE', #4347, 999.9999999999998863 ) ;
#223 = ORIENTED_EDGE ( 'NONE', *, *, #4247, .T. ) ;
#224 = ORIENTED_EDGE ( 'NONE', *, *, #4288, .T. ) ;
#225 = LINE ( 'NONE', #999, #5307 ) ;
#226 = VECTOR ( 'NONE', #7533, 1000.000000000000000 ) ;
#227 = EDGE_LOOP ( 'NONE', ( #7859, #1127, #5829, #3480 ) ) ;
#228 = EDGE_CURVE ( 'NONE', #2481, #1319, #5440, .T. ) ;
#229 = VERTEX_POINT ( 'NONE', #6917 ) ;
#230 = DIRECTION ( 'NONE',  ( 0.000000000000000000, -1.000000000000000000, 0.000000000000000000 ) ) ;
#231 = DIRECTION ( 'NONE',  ( 0.7071067811865479058, -0.1309457002197309539, 0.6948764088627298330 ) ) ;
#232 = DIRECTION ( 'NONE',  ( 0.000000000000000000, 0.4216028035114509631, 0.9067806107715827846 ) ) ;
#233 = VERTEX_POINT ( 'NONE', #3981 ) ;
#234 = CARTESIAN_POINT ( 'NONE',  ( 4.799999999999999822, 22.27665333383331969, 10.43806849202803377 ) ) ;
#235 = CARTESIAN_POINT ( 'NONE',  ( 0.000000000000000000, 18.88518518518520040, 20.87059619069750127 ) ) ;
#236 = ORIENTED_EDGE ( 'NONE', *, *, #651, .F. ) ;
#237 = CONICAL_SURFACE ( 'NONE', #5667, 0.9999999999999964473, 0.7853981633974490562 ) ;
#238 = DIRECTION ( 'NONE',  ( 1.000000000000000000, 0.000000000000000000, 0.000000000000000000 ) ) ;
#239 = CIRCLE ( 'NONE', #536, 1.700000000000000622 ) ;
#240 = DIRECTION ( 'NONE',  ( 0.000000000000000000, 2.220446049250309876E-16, -1.000000000000000000 ) ) ;
#241 = CIRCLE ( 'NONE', #6755, 0.1999999999999996503 ) ;
#242 = EDGE_CURVE ( 'NONE', #6980, #5072, #4663, .T. ) ;
#243 = CARTESIAN_POINT ( 'NONE',  ( 10.00000000000000000, 18.30000000000000071, 22.89999999999999858 ) ) ;
#244 = LINE ( 'NONE', #3831, #2922 ) ;
#245 = EDGE_CURVE ( 'NONE', #5768, #2776, #6625, .T. ) ;
#246 = ORIENTED_EDGE ( 'NONE', *, *, #3954, .T. ) ;
#247 = LINE ( 'NONE', #3252, #8894 ) ;
#248 = CARTESIAN_POINT ( 'NONE',  ( 0.000000000000000000, 3.700000000000000178, -0.9000000000000000222 ) ) ;
#249 = DIRECTION ( 'NONE',  ( 1.000000000000000000, 0.000000000000000000, 0.000000000000000000 ) ) ;
#250 = ORIENTED_EDGE ( 'NONE', *, *, #8823, .T. ) ;
#251 = PLANE ( 'NONE',  #2657 ) ;
#252 = ADVANCED_FACE ( 'NONE', ( #5543 ), #7730, .F. ) ;
#253 = EDGE_CURVE ( 'NONE', #2294, #2140, #4618, .T. ) ;
#254 = ORIENTED_EDGE ( 'NONE', *, *, #2257, .F. ) ;
#255 = DIRECTION ( 'NONE',  ( 1.000000000000000000, 0.000000000000000000, 0.000000000000000000 ) ) ;
#256 = CARTESIAN_POINT ( 'NONE',  ( 1.199999999999999956, 19.19999999999999929, 19.19999999999999929 ) ) ;
#257 = FACE_OUTER_BOUND ( 'NONE', #6354, .T. ) ;
#258 = DIRECTION ( 'NONE',  ( 0.000000000000000000, -0.9067806116110999071, 0.4216028017058230937 ) ) ;
#259 = CARTESIAN_POINT ( 'NONE',  ( 72.83961030678925397, -47.45966712883356564, 1.500000000000000000 ) ) ;
#260 = EDGE_CURVE ( 'NONE', #5719, #1734, #2533, .T. ) ;
#261 = ORIENTED_EDGE ( 'NONE', *, *, #5732, .F. ) ;
#262 = CARTESIAN_POINT ( 'NONE',  ( 9.000000000000000000, 17.89999999999999858, 13.25000000000000000 ) ) ;
#263 = ORIENTED_EDGE ( 'NONE', *, *, #6903, .F. ) ;
#264 = DIRECTION ( 'NONE',  ( -1.000000000000000000, 0.000000000000000000, 0.000000000000000000 ) ) ;
#265 = EDGE_LOOP ( 'NONE', ( #1773, #8318, #324, #8645 ) ) ;
#266 = DIRECTION ( 'NONE',  ( 0.000000000000000000, 2.220446049250309876E-16, -1.000000000000000000 ) ) ;
#267 = DIRECTION ( 'NONE',  ( -1.000000000000000000, 0.000000000000000000, 0.000000000000000000 ) ) ;
#268 = ORIENTED_EDGE ( 'NONE', *, *, #5077, .F. ) ;
#269 = CONICAL_SURFACE ( 'NONE', #2911, 1.200000000000000178, 0.7853981633974476129 ) ;
#270 = EDGE_CURVE ( 'NONE', #3224, #6536, #345, .T. ) ;
#271 = ORIENTED_EDGE ( 'NONE', *, *, #5254, .T. ) ;
#272 = CARTESIAN_POINT ( 'NONE',  ( 1.600000000000000089, -22.47184141886165420, -1.699999999999998179 ) ) ;
#273 = EDGE_LOOP ( 'NONE', ( #7052, #2447, #3089, #7310 ) ) ;
#274 = VECTOR ( 'NONE', #8372, 1000.000000000000000 ) ;
#275 = EDGE_LOOP ( 'NONE', ( #3322, #7433, #8696, #213 ) ) ;
#276 = FACE_OUTER_BOUND ( 'NONE', #4046, .T. ) ;
#277 = DIRECTION ( 'NONE',  ( -0.7071067811865470176, -1.570092458683768264E-16, 0.7071067811865480168 ) ) ;
#278 = DIRECTION ( 'NONE',  ( 0.7071067811865470176, -1.570092458683769990E-16, 0.7071067811865480168 ) ) ;
#279 = ORIENTED_EDGE ( 'NONE', *, *, #9035, .T. ) ;
#280 = CARTESIAN_POINT ( 'NONE',  ( 9.199999999999999289, -17.50000000000000000, 1.100000000000002531 ) ) ;
#281 = CARTESIAN_POINT ( 'NONE',  ( 3.799999999999999822, 17.69999999999999929, 31.09999999181640362 ) ) ;
#282 = EDGE_CURVE ( 'NONE', #4187, #2002, #1034, .T. ) ;
#283 = ORIENTED_EDGE ( 'NONE', *, *, #6167, .F. ) ;
#284 = DIRECTION ( 'NONE',  ( -1.000000000000000000, 0.000000000000000000, 0.000000000000000000 ) ) ;
#285 = ORIENTED_EDGE ( 'NONE', *, *, #2393, .T. ) ;
#286 = DIRECTION ( 'NONE',  ( -1.000000000000000000, -0.000000000000000000, -0.000000000000000000 ) ) ;
#287 = LINE ( 'NONE', #7838, #8598 ) ;
#288 = CARTESIAN_POINT ( 'NONE',  ( 0.000000000000000000, 15.69999999999999929, 1.500000000000000000 ) ) ;
#289 = VERTEX_POINT ( 'NONE', #4806 ) ;
#290 = LINE ( 'NONE', #1744, #9497 ) ;
#291 = DIRECTION ( 'NONE',  ( 1.000000000000000000, 0.000000000000000000, 0.000000000000000000 ) ) ;
#292 = CARTESIAN_POINT ( 'NONE',  ( 9.099999999999999645, 4.962764524705690405, -3.500000000000000000 ) ) ;
#293 = EDGE_CURVE ( 'NONE', #8810, #6724, #570, .T. ) ;
#294 = ORIENTED_EDGE ( 'NONE', *, *, #2426, .F. ) ;
#295 = DIRECTION ( 'NONE',  ( 0.000000000000000000, 0.9059677699816648389, 0.4233466661666879793 ) ) ;
#296 = APPLICATION_CONTEXT ( 'automotive_design' ) ;
#297 = EDGE_CURVE ( 'NONE', #4972, #1282, #7421, .T. ) ;
#298 = ORIENTED_EDGE ( 'NONE', *, *, #9062, .F. ) ;
#299 = ADVANCED_FACE ( 'NONE', ( #1807 ), #204, .F. ) ;
#300 = CARTESIAN_POINT ( 'NONE',  ( 0.000000000000000000, 3.950000000000000178, 6.500000000000000000 ) ) ;
#301 = FACE_OUTER_BOUND ( 'NONE', #8729, .T. ) ;
#302 = FACE_OUTER_BOUND ( 'NONE', #3602, .T. ) ;
#303 = CARTESIAN_POINT ( 'NONE',  ( 0.000000000000000000, 8.251153302357090880, 6.652240934977425191 ) ) ;
#304 = PLANE ( 'NONE',  #3491 ) ;
#305 = EDGE_CURVE ( 'NONE', #5350, #6671, #3057, .T. ) ;
#306 = ORIENTED_EDGE ( 'NONE', *, *, #3204, .F. ) ;
#307 = DIRECTION ( 'NONE',  ( 0.000000000000000000, 0.3826834323650898373, -0.9238795325112867385 ) ) ;
#308 = ORIENTED_EDGE ( 'NONE', *, *, #3324, .T. ) ;
#309 = CARTESIAN_POINT ( 'NONE',  ( 9.199999999999999289, -2.220446049250309925E-15, 1.099999999999997646 ) ) ;
#310 = ORIENTED_EDGE ( 'NONE', *, *, #5617, .F. ) ;
#311 = LINE ( 'NONE', #5556, #6132 ) ;
#312 = DIRECTION ( 'NONE',  ( 1.000000000000000000, 0.000000000000000000, -0.000000000000000000 ) ) ;
#313 = ORIENTED_EDGE ( 'NONE', *, *, #4794, .F. ) ;
#314 = ORIENTED_EDGE ( 'NONE', *, *, #6243, .T. ) ;
#315 = DIRECTION ( 'NONE',  ( 0.000000000000000000, 1.000000000000000000, 0.000000000000000000 ) ) ;
#316 = ORIENTED_EDGE ( 'NONE', *, *, #2024, .F. ) ;
#317 = ORIENTED_EDGE ( 'NONE', *, *, #2722, .T. ) ;
#318 = DIRECTION ( 'NONE',  ( 0.000000000000000000, 0.000000000000000000, 1.000000000000000000 ) ) ;
#319 = DIRECTION ( 'NONE',  ( 0.7071067811865480168, -0.6411907189250650729, 0.2981182013302060008 ) ) ;
#320 = AXIS2_PLACEMENT_3D ( 'NONE', #5486, #432, #8618 ) ;
#321 = ORIENTED_EDGE ( 'NONE', *, *, #1247, .T. ) ;
#322 = FACE_BOUND ( 'NONE', #8703, .T. ) ;
#323 = DIRECTION ( 'NONE',  ( 0.7071067811865489050, 0.4536480327727569484, -0.5424052565761190436 ) ) ;
#324 = ORIENTED_EDGE ( 'NONE', *, *, #2458, .F. ) ;
#325 = DIRECTION ( 'NONE',  ( 1.000000000000000000, 0.000000000000000000, 0.000000000000000000 ) ) ;
#326 = ORIENTED_EDGE ( 'NONE', *, *, #580, .F. ) ;
#327 = CARTESIAN_POINT ( 'NONE',  ( 1.000000000000000000, 12.69999999999999929, 26.63271332580049844 ) ) ;
#328 = CIRCLE ( 'NONE', #1103, 1.199999999999999289 ) ;
#329 = EDGE_CURVE ( 'NONE', #6733, #5017, #4920, .T. ) ;
#330 = CARTESIAN_POINT ( 'NONE',  ( 0.000000000000000000, 11.79403223001833290, 27.05605999196718514 ) ) ;
#331 = DIRECTION ( 'NONE',  ( -0.7071067811865473507, 0.000000000000000000, 0.7071067811865477948 ) ) ;
#332 = ORIENTED_EDGE ( 'NONE', *, *, #2469, .F. ) ;
#333 = CARTESIAN_POINT ( 'NONE',  ( 10.20000000000000107, 12.09999999999999964, -0.9000000079501059291 ) ) ;
#334 = AXIS2_PLACEMENT_3D ( 'NONE', #7932, #7344, #4945 ) ;
#335 = LINE ( 'NONE', #7842, #2347 ) ;
#336 = CARTESIAN_POINT ( 'NONE',  ( 9.199999999999999289, -17.88339895114832601, 1.500000000000000000 ) ) ;
#337 = VERTEX_POINT ( 'NONE', #5735 ) ;
#338 = DIRECTION ( 'NONE',  ( 0.000000000000000000, 0.9059677699816669483, 0.4233466661666838160 ) ) ;
#339 = AXIS2_PLACEMENT_3D ( 'NONE', #8623, #2528, #9308 ) ;
#340 = ADVANCED_FACE ( 'NONE', ( #2811 ), #8978, .T. ) ;
#341 = VECTOR ( 'NONE', #1930, 1000.000000000000000 ) ;
#342 = ADVANCED_FACE ( 'NONE', ( #2034 ), #8189, .T. ) ;
#343 = ORIENTED_EDGE ( 'NONE', *, *, #4690, .T. ) ;
#344 = VECTOR ( 'NONE', #9484, 1000.000000000000000 ) ;
#345 = LINE ( 'NONE', #8530, #2737 ) ;
#346 = DIRECTION ( 'NONE',  ( 0.7071067811865484609, 0.6406159536904899587, 0.2993512984391792919 ) ) ;
#347 = CARTESIAN_POINT ( 'NONE',  ( 9.799999999999998934, 2.050000000000000266, 1.500000000000000000 ) ) ;
#348 = CARTESIAN_POINT ( 'NONE',  ( 9.199999999999999289, 21.61186328096779974, 23.65684115165809942 ) ) ;
#349 = FACE_OUTER_BOUND ( 'NONE', #9626, .T. ) ;
#350 = CIRCLE ( 'NONE', #2670, 0.5999999999999998668 ) ;
#351 = ORIENTED_EDGE ( 'NONE', *, *, #6420, .F. ) ;
#352 = DIRECTION ( 'NONE',  ( -1.000000000000000000, 0.000000000000000000, 0.000000000000000000 ) ) ;
#353 = ORIENTED_EDGE ( 'NONE', *, *, #3099, .F. ) ;
#354 = ADVANCED_FACE ( 'NONE', ( #4223 ), #8721, .F. ) ;
#355 = CARTESIAN_POINT ( 'NONE',  ( 0.000000000000000000, 20.83693984606579974, 30.70000000000000284 ) ) ;
#356 = CIRCLE ( 'NONE', #5314, 1.000000000000000666 ) ;
#357 = ORIENTED_EDGE ( 'NONE', *, *, #466, .F. ) ;
#358 = VECTOR ( 'NONE', #3364, 1000.000000000000227 ) ;
#359 = LINE ( 'NONE', #6930, #5662 ) ;
#360 = LINE ( 'NONE', #7079, #690 ) ;
#361 = ORIENTED_EDGE ( 'NONE', *, *, #8738, .F. ) ;
#362 = ORIENTED_EDGE ( 'NONE', *, *, #2529, .F. ) ;
#363 = DIRECTION ( 'NONE',  ( -1.000000000000000000, 0.000000000000000000, 0.000000000000000000 ) ) ;
#364 = CONICAL_SURFACE ( 'NONE', #2382, 1.100000000000000533, 0.7853981633974476129 ) ;
#365 = EDGE_CURVE ( 'NONE', #4972, #6671, #8679, .T. ) ;
#366 = ORIENTED_EDGE ( 'NONE', *, *, #863, .F. ) ;
#367 = CIRCLE ( 'NONE', #3922, 1.199999999999998179 ) ;
#368 = ADVANCED_FACE ( 'NONE', ( #7299 ), #419, .T. ) ;
#369 = ORIENTED_EDGE ( 'NONE', *, *, #5244, .F. ) ;
#370 = LINE ( 'NONE', #5564, #1764 ) ;
#371 = VECTOR ( 'NONE', #655, 1000.000000000000000 ) ;
#372 = CARTESIAN_POINT ( 'NONE',  ( 1.199999999999999956, -18.30000000000000071, -2.471841418861651540 ) ) ;
#373 = CIRCLE ( 'NONE', #5027, 1.200000000000000400 ) ;
#374 = ORIENTED_EDGE ( 'NONE', *, *, #8337, .F. ) ;
#375 = CARTESIAN_POINT ( 'NONE',  ( 2.999999999999993783, -25.51999999999984325, -10.47500000000006004 ) ) ;
#376 = VERTEX_POINT ( 'NONE', #7895 ) ;
#377 = CARTESIAN_POINT ( 'NONE',  ( 9.199999999999999289, 26.25432771950677591, 3.284603502954036358 ) ) ;
#378 = ADVANCED_FACE ( 'NONE', ( #6326 ), #438, .F. ) ;
#379 = EDGE_LOOP ( 'NONE', ( #3757, #2591, #477, #4285 ) ) ;
#380 = CARTESIAN_POINT ( 'NONE',  ( 9.199999999999999289, 18.81111111111110290, 17.13632235266780057 ) ) ;
#381 = VECTOR ( 'NONE', #3522, 1000.000000000000114 ) ;
#382 = CARTESIAN_POINT ( 'NONE',  ( 9.199999999999999289, 18.10000000000000142, 16.54670016771569863 ) ) ;
#383 = CARTESIAN_POINT ( 'NONE',  ( 3.399999999999999911, 11.40710678118650101, 11.00710678118650065 ) ) ;
#384 = CIRCLE ( 'NONE', #5822, 0.9999999999999998890 ) ;
#385 = ORIENTED_EDGE ( 'NONE', *, *, #2621, .T. ) ;
#386 = VECTOR ( 'NONE', #4029, 1000.000000000000000 ) ;
#387 = DIRECTION ( 'NONE',  ( -0.5773502691896361672, -0.5773502691896179595, 0.5773502691896230665 ) ) ;
#388 = DIRECTION ( 'NONE',  ( 1.000000000000000000, 0.000000000000000000, 0.000000000000000000 ) ) ;
#389 = DIRECTION ( 'NONE',  ( -1.000000000000000000, 0.000000000000000000, 0.000000000000000000 ) ) ;
#390 = ORIENTED_EDGE ( 'NONE', *, *, #6962, .T. ) ;
#391 = DIRECTION ( 'NONE',  ( 1.000000000000000000, 0.000000000000000000, 0.000000000000000000 ) ) ;
#392 = EDGE_CURVE ( 'NONE', #4549, #1762, #9311, .T. ) ;
#393 = ORIENTED_EDGE ( 'NONE', *, *, #580, .T. ) ;
#394 = DIRECTION ( 'NONE',  ( 1.000000000000000000, 0.000000000000000000, 0.000000000000000000 ) ) ;
#395 = CARTESIAN_POINT ( 'NONE',  ( 10.20000000000000107, 20.29999999999999716, 15.50000000000000000 ) ) ;
#396 = CYLINDRICAL_SURFACE ( 'NONE', #9648, 1.700000000000000622 ) ;
#397 = DIRECTION ( 'NONE',  ( 0.000000000000000000, 0.7670768701524097732, -0.6415552004911058148 ) ) ;
#398 = DIRECTION ( 'NONE',  ( 0.000000000000000000, 4.440892098500630106E-16, -1.000000000000000000 ) ) ;
#399 = CIRCLE ( 'NONE', #5993, 2.786738326061696469 ) ;
#400 =( LENGTH_UNIT ( ) NAMED_UNIT ( * ) SI_UNIT ( .MILLI., .METRE. ) );
#401 = ORIENTED_EDGE ( 'NONE', *, *, #4160, .F. ) ;
#402 = ADVANCED_FACE ( 'NONE', ( #5692 ), #269, .F. ) ;
#403 = DIRECTION ( 'NONE',  ( 0.000000000000000000, -1.000000000000000000, 0.000000000000000000 ) ) ;
#404 = ORIENTED_EDGE ( 'NONE', *, *, #8448, .T. ) ;
#405 = CONICAL_SURFACE ( 'NONE', #2887, 0.4000000000000001887, 0.7853981633974476129 ) ;
#406 = ORIENTED_EDGE ( 'NONE', *, *, #2876, .T. ) ;
#407 = EDGE_LOOP ( 'NONE', ( #1675, #5711, #6249, #8443 ) ) ;
#408 = DIRECTION ( 'NONE',  ( 1.000000000000000000, 0.000000000000000000, 0.000000000000000000 ) ) ;
#409 = EDGE_CURVE ( 'NONE', #1047, #1193, #8574, .T. ) ;
#410 = LINE ( 'NONE', #3995, #8153 ) ;
#411 = ORIENTED_EDGE ( 'NONE', *, *, #4701, .T. ) ;
#412 = ORIENTED_EDGE ( 'NONE', *, *, #7720, .F. ) ;
#413 = EDGE_CURVE ( 'NONE', #8954, #2660, #6469, .T. ) ;
#414 = DIRECTION ( 'NONE',  ( 0.000000000000000000, -0.4233466661666858699, 0.9059677699816659491 ) ) ;
#415 = EDGE_LOOP ( 'NONE', ( #2718, #3373, #9534, #8637 ) ) ;
#416 = EDGE_CURVE ( 'NONE', #6640, #4964, #5211, .T. ) ;
#417 = ORIENTED_EDGE ( 'NONE', *, *, #6588, .F. ) ;
#418 = FACE_OUTER_BOUND ( 'NONE', #6697, .T. ) ;
#419 = CONICAL_SURFACE ( 'NONE', #5855, 0.7999999999999992673, 0.7853981633974476129 ) ;
#420 = CARTESIAN_POINT ( 'NONE',  ( 9.099999999999999645, 22.38688236580195934, 16.14498016928074620 ) ) ;
#421 = EDGE_LOOP ( 'NONE', ( #1991, #3753, #2434, #3699 ) ) ;
#422 = CARTESIAN_POINT ( 'NONE',  ( 3.799999999999999822, 18.70000000000000284, 21.85329983228429995 ) ) ;
#423 = ORIENTED_EDGE ( 'NONE', *, *, #6006, .T. ) ;
#424 = EDGE_CURVE ( 'NONE', #899, #2842, #8657, .T. ) ;
#425 = DIRECTION ( 'NONE',  ( 1.000000000000000000, 0.000000000000000000, 0.000000000000000000 ) ) ;
#426 = ORIENTED_EDGE ( 'NONE', *, *, #3324, .F. ) ;
#427 = DIRECTION ( 'NONE',  ( 0.000000000000000000, -0.3412646552513101117, 0.9399672521296710270 ) ) ;
#428 = CARTESIAN_POINT ( 'NONE',  ( 8.800000000000000711, 25.69999999999999929, 3.514213562373090127 ) ) ;
#429 = ADVANCED_FACE ( 'NONE', ( #1897 ), #2087, .T. ) ;
#430 = DIRECTION ( 'NONE',  ( 0.000000000000000000, 1.000000000000000000, 0.000000000000000000 ) ) ;
#431 = ORIENTED_EDGE ( 'NONE', *, *, #4151, .T. ) ;
#432 = DIRECTION ( 'NONE',  ( 1.000000000000000000, 0.000000000000000000, 0.000000000000000000 ) ) ;
#433 = DIRECTION ( 'NONE',  ( 0.000000000000000000, -0.7071067896270760711, -0.7071067727460189634 ) ) ;
#434 = DIRECTION ( 'NONE',  ( -1.000000000000000000, 0.000000000000000000, 0.000000000000000000 ) ) ;
#435 = ORIENTED_EDGE ( 'NONE', *, *, #6523, .T. ) ;
#436 = DIRECTION ( 'NONE',  ( 0.7071067811865480168, 1.570092458683768264E-16, -0.7071067811865470176 ) ) ;
#437 = ORIENTED_EDGE ( 'NONE', *, *, #1824, .F. ) ;
#438 = CYLINDRICAL_SURFACE ( 'NONE', #7583, 2.999999999999999112 ) ;
#439 = ADVANCED_FACE ( 'NONE', ( #8036 ), #6792, .T. ) ;
#440 = FACE_OUTER_BOUND ( 'NONE', #973, .T. ) ;
#441 = FACE_OUTER_BOUND ( 'NONE', #723, .T. ) ;
#442 = PLANE ( 'NONE',  #8009 ) ;
#443 = DIRECTION ( 'NONE',  ( 0.000000000000000000, -0.4216028017058242594, 0.9067806116110993520 ) ) ;
#444 = DIRECTION ( 'NONE',  ( 0.000000000000000000, 0.000000000000000000, 1.000000000000000000 ) ) ;
#445 = ORIENTED_EDGE ( 'NONE', *, *, #7120, .F. ) ;
#446 = FACE_OUTER_BOUND ( 'NONE', #560, .T. ) ;
#447 = EDGE_LOOP ( 'NONE', ( #9054, #2886, #1315, #3417 ) ) ;
#448 = EDGE_LOOP ( 'NONE', ( #3004, #2055, #3509, #1868 ) ) ;
#449 = LINE ( 'NONE', #6382, #6308 ) ;
#450 = EDGE_CURVE ( 'NONE', #9476, #4964, #7853, .T. ) ;
#451 = CARTESIAN_POINT ( 'NONE',  ( 1.400000000000000133, -21.69999999999999929, 2.471841418861656425 ) ) ;
#452 = CARTESIAN_POINT ( 'NONE',  ( 9.199999999999999289, 22.66060250760060057, 21.40121952509660019 ) ) ;
#453 = CARTESIAN_POINT ( 'NONE',  ( 9.099999999999999645, 22.70000000000000284, 14.23723547529430000 ) ) ;
#454 = ORIENTED_EDGE ( 'NONE', *, *, #6223, .T. ) ;
#455 = LINE ( 'NONE', #7915, #5467 ) ;
#456 = EDGE_LOOP ( 'NONE', ( #6312, #7180, #5741, #1956, #2649, #6303, #3687, #5722 ) ) ;
#457 = ORIENTED_EDGE ( 'NONE', *, *, #533, .F. ) ;
#458 = EDGE_CURVE ( 'NONE', #8732, #2014, #6215, .T. ) ;
#459 = FACE_OUTER_BOUND ( 'NONE', #7771, .T. ) ;
#460 = AXIS2_PLACEMENT_3D ( 'NONE', #5295, #6816, #3798 ) ;
#461 = LINE ( 'NONE', #420, #5175 ) ;
#462 = ORIENTED_EDGE ( 'NONE', *, *, #7469, .T. ) ;
#463 = CARTESIAN_POINT ( 'NONE',  ( 9.199999999999999289, -3.659290927594020193, -4.106043096124059488 ) ) ;
#464 = ORIENTED_EDGE ( 'NONE', *, *, #5204, .F. ) ;
#465 = PLANE ( 'NONE',  #648 ) ;
#466 = EDGE_CURVE ( 'NONE', #78, #6476, #4146, .T. ) ;
#467 = ORIENTED_EDGE ( 'NONE', *, *, #4076, .F. ) ;
#468 = CARTESIAN_POINT ( 'NONE',  ( 8.800000000000000711, 17.69999999999999929, 7.299999999999999822 ) ) ;
#469 = ADVANCED_FACE ( 'NONE', ( #7499 ), #9608, .F. ) ;
#470 = EDGE_CURVE ( 'NONE', #792, #7028, #7896, .T. ) ;
#471 = DIRECTION ( 'NONE',  ( 0.000000000000000000, 0.000000000000000000, -1.000000000000000000 ) ) ;
#472 = DIRECTION ( 'NONE',  ( 1.000000000000000000, 0.000000000000000000, 0.000000000000000000 ) ) ;
#473 = ORIENTED_EDGE ( 'NONE', *, *, #8901, .F. ) ;
#474 = CARTESIAN_POINT ( 'NONE',  ( 3.399999999999999911, 11.96264345458079781, 27.31966543474029763 ) ) ;
#475 = FACE_OUTER_BOUND ( 'NONE', #6380, .T. ) ;
#476 = FACE_OUTER_BOUND ( 'NONE', #7511, .T. ) ;
#477 = ORIENTED_EDGE ( 'NONE', *, *, #5488, .F. ) ;
#478 = EDGE_CURVE ( 'NONE', #8383, #6511, #3009, .T. ) ;
#479 = CARTESIAN_POINT ( 'NONE',  ( 3.534400086408117758, 18.46594234162763115, 20.88106753555013029 ) ) ;
#480 = AXIS2_PLACEMENT_3D ( 'NONE', #8294, #5110, #7379 ) ;
#481 = EDGE_CURVE ( 'NONE', #5534, #8888, #8967, .T. ) ;
#482 = ORIENTED_EDGE ( 'NONE', *, *, #6830, .T. ) ;
#483 = VECTOR ( 'NONE', #7793, 1000.000000000000000 ) ;
#484 = DIRECTION ( 'NONE',  ( 0.000000000000000000, 1.000000000000000000, 0.000000000000000000 ) ) ;
#485 = AXIS2_PLACEMENT_3D ( 'NONE', #9268, #436, #4802 ) ;
#486 = DIRECTION ( 'NONE',  ( -1.000000000000000000, 0.000000000000000000, 0.000000000000000000 ) ) ;
#487 = AXIS2_PLACEMENT_3D ( 'NONE', #7939, #4224, #2675 ) ;
#488 = DIRECTION ( 'NONE',  ( 0.000000000000000000, 0.3826834323650899483, -0.9238795325112867385 ) ) ;
#489 = DIRECTION ( 'NONE',  ( 0.000000000000000000, -1.000000000000000000, 0.000000000000000000 ) ) ;
#490 = PLANE ( 'NONE',  #3296 ) ;
#491 = ORIENTED_EDGE ( 'NONE', *, *, #4074, .F. ) ;
#492 = FACE_OUTER_BOUND ( 'NONE', #2589, .T. ) ;
#493 = AXIS2_PLACEMENT_3D ( 'NONE', #6122, #6307, #958 ) ;
#494 = ORIENTED_EDGE ( 'NONE', *, *, #1425, .F. ) ;
#495 = VECTOR ( 'NONE', #7925, 1000.000000000000114 ) ;
#496 = ORIENTED_EDGE ( 'NONE', *, *, #2996, .T. ) ;
#497 = ORIENTED_EDGE ( 'NONE', *, *, #5577, .T. ) ;
#498 = LINE ( 'NONE', #3464, #691 ) ;
#499 = CARTESIAN_POINT ( 'NONE',  ( 9.799999999999998934, 20.09999998567590396, 16.10000000000000142 ) ) ;
#500 = FACE_OUTER_BOUND ( 'NONE', #1568, .T. ) ;
#501 = AXIS2_PLACEMENT_3D ( 'NONE', #5710, #1281, #2784 ) ;
#502 = ORIENTED_EDGE ( 'NONE', *, *, #3796, .F. ) ;
#503 = LINE ( 'NONE', #9030, #7973 ) ;
#504 = ORIENTED_EDGE ( 'NONE', *, *, #7562, .T. ) ;
#505 = ADVANCED_FACE ( 'NONE', ( #2867 ), #2958, .T. ) ;
#506 = AXIS2_PLACEMENT_3D ( 'NONE', #4464, #823, #5188 ) ;
#507 = AXIS2_PLACEMENT_3D ( 'NONE', #844, #2197, #746 ) ;
#508 = EDGE_LOOP ( 'NONE', ( #8816, #7996, #6148, #7955 ) ) ;
#509 = CARTESIAN_POINT ( 'NONE',  ( 0.000000000000000000, -25.51999999999984681, 4.529999999999937188 ) ) ;
#510 = DIRECTION ( 'NONE',  ( 0.000000000000000000, 0.9059677699816659491, -0.4233466661666858699 ) ) ;
#511 = ORIENTED_EDGE ( 'NONE', *, *, #4482, .T. ) ;
#512 = CIRCLE ( 'NONE', #6117, 0.5999999999999999778 ) ;
#513 = DIRECTION ( 'NONE',  ( 1.000000000000000000, 0.000000000000000000, 0.000000000000000000 ) ) ;
#514 = EDGE_CURVE ( 'NONE', #7824, #1562, #9013, .T. ) ;
#515 = EDGE_LOOP ( 'NONE', ( #6859, #3271, #2753, #4886 ) ) ;
#516 = FACE_OUTER_BOUND ( 'NONE', #4786, .T. ) ;
#517 = AXIS2_PLACEMENT_3D ( 'NONE', #1957, #4184, #7944 ) ;
#518 = ORIENTED_EDGE ( 'NONE', *, *, #2141, .F. ) ;
#519 = CARTESIAN_POINT ( 'NONE',  ( 3.399999999999999911, 7.868469869992001264, 7.576120467488713928 ) ) ;
#520 = EDGE_CURVE ( 'NONE', #1338, #2001, #4152, .T. ) ;
#521 = VECTOR ( 'NONE', #4967, 1000.000000000000000 ) ;
#522 = CARTESIAN_POINT ( 'NONE',  ( 3.799999999999999822, 18.70000000000000284, 16.54670016771569863 ) ) ;
#523 = DIRECTION ( 'NONE',  ( -0.7071067811865476838, 0.4999999999999997780, -0.4999999999999997780 ) ) ;
#524 = EDGE_CURVE ( 'NONE', #7341, #2438, #1400, .T. ) ;
#525 = VERTEX_POINT ( 'NONE', #2913 ) ;
#526 = DIRECTION ( 'NONE',  ( 0.000000000000000000, 0.7670768701524094402, 0.6415552004911063699 ) ) ;
#527 = DIRECTION ( 'NONE',  ( 1.000000000000000000, 0.000000000000000000, 0.000000000000000000 ) ) ;
#528 = CARTESIAN_POINT ( 'NONE',  ( 9.199999999999999289, -2.220446049250309925E-15, 1.100000000000009859 ) ) ;
#529 = ORIENTED_EDGE ( 'NONE', *, *, #1665, .F. ) ;
#530 = VECTOR ( 'NONE', #9387, 1000.000000000000000 ) ;
#531 = CARTESIAN_POINT ( 'NONE',  ( 3.602047531268007585, 18.36717396551020798, 20.90991143654104789 ) ) ;
#532 = VECTOR ( 'NONE', #5658, 1000.000000000000000 ) ;
#533 = EDGE_CURVE ( 'NONE', #3511, #9021, #3784, .T. ) ;
#534 = VERTEX_POINT ( 'NONE', #8075 ) ;
#535 = ADVANCED_FACE ( 'NONE', ( #9551 ), #3228, .T. ) ;
#536 = AXIS2_PLACEMENT_3D ( 'NONE', #6042, #640, #8932 ) ;
#537 = CARTESIAN_POINT ( 'NONE',  ( 0.4000000000000000222, 19.19999999999999929, 19.19999999999999929 ) ) ;
#538 = CARTESIAN_POINT ( 'NONE',  ( 0.000000000000000000, 20.10000000000000142, 22.89999999999999858 ) ) ;
#539 = FACE_OUTER_BOUND ( 'NONE', #5995, .T. ) ;
#540 = CARTESIAN_POINT ( 'NONE',  ( 1.399999999999999911, -22.47184141886165420, -1.699999999999998179 ) ) ;
#541 = DIRECTION ( 'NONE',  ( -1.000000000000000000, 0.000000000000000000, 0.000000000000000000 ) ) ;
#542 = ORIENTED_EDGE ( 'NONE', *, *, #6399, .F. ) ;
#543 = EDGE_CURVE ( 'NONE', #6136, #6597, #1825, .T. ) ;
#544 = CARTESIAN_POINT ( 'NONE',  ( 4.799999999999999822, 22.94860797548020059, 17.14384065353830167 ) ) ;
#545 = AXIS2_PLACEMENT_3D ( 'NONE', #5357, #2538, #1661 ) ;
#546 = VERTEX_POINT ( 'NONE', #98 ) ;
#547 = ORIENTED_EDGE ( 'NONE', *, *, #590, .T. ) ;
#548 = CARTESIAN_POINT ( 'NONE',  ( 0.000000000000000000, 10.69999999999999929, 11.71421356237310007 ) ) ;
#549 = AXIS2_PLACEMENT_3D ( 'NONE', #2870, #6708, #5237 ) ;
#550 = FACE_OUTER_BOUND ( 'NONE', #7321, .T. ) ;
#551 = DIRECTION ( 'NONE',  ( 0.000000000000000000, 0.000000000000000000, -1.000000000000000000 ) ) ;
#552 = DIRECTION ( 'NONE',  ( 1.000000000000000000, 0.000000000000000000, 0.000000000000000000 ) ) ;
#553 = ADVANCED_FACE ( 'NONE', ( #5837 ), #7593, .T. ) ;
#554 = DIRECTION ( 'NONE',  ( 0.000000000000000000, 0.4233466661666858699, -0.9059677699816659491 ) ) ;
#555 = ORIENTED_EDGE ( 'NONE', *, *, #5106, .F. ) ;
#556 = CARTESIAN_POINT ( 'NONE',  ( 9.199999999999999289, 25.18716132397799612, 26.39307064648132339 ) ) ;
#557 = ORIENTED_EDGE ( 'NONE', *, *, #7196, .T. ) ;
#558 = VECTOR ( 'NONE', #1801, 1000.000000000000227 ) ;
#559 = AXIS2_PLACEMENT_3D ( 'NONE', #5066, #8047, #4140 ) ;
#560 = EDGE_LOOP ( 'NONE', ( #2953, #7507, #710, #2527 ) ) ;
#561 = DIRECTION ( 'NONE',  ( 0.000000000000000000, -2.312964634635743450E-15, -1.000000000000000000 ) ) ;
#562 = EDGE_CURVE ( 'NONE', #5698, #2030, #6802, .T. ) ;
#563 = CARTESIAN_POINT ( 'NONE',  ( 10.20000000000000107, 19.19999999999999929, 11.40000000000000036 ) ) ;
#564 = VERTEX_POINT ( 'NONE', #2134 ) ;
#565 = DIRECTION ( 'NONE',  ( 0.000000000000000000, 0.000000000000000000, -1.000000000000000000 ) ) ;
#566 = ORIENTED_EDGE ( 'NONE', *, *, #5856, .T. ) ;
#567 = LINE ( 'NONE', #9441, #5611 ) ;
#568 = VERTEX_POINT ( 'NONE', #8865 ) ;
#569 = DIRECTION ( 'NONE',  ( -1.000000000000000000, 0.000000000000000000, 0.000000000000000000 ) ) ;
#570 = CIRCLE ( 'NONE', #6015, 0.5999999999999994227 ) ;
#571 = CARTESIAN_POINT ( 'NONE',  ( 9.199999999999999289, -2.563353488435086369, 1.093219736040664358 ) ) ;
#572 = LINE ( 'NONE', #9447, #6499 ) ;
#573 = EDGE_CURVE ( 'NONE', #5763, #3345, #6644, .T. ) ;
#574 = VERTEX_POINT ( 'NONE', #5091 ) ;
#575 = LINE ( 'NONE', #2027, #5757 ) ;
#576 = CARTESIAN_POINT ( 'NONE',  ( 0.000000000000000000, 25.69999999999999929, 26.63271332580049844 ) ) ;
#577 = LINE ( 'NONE', #1942, #9432 ) ;
#578 = ORIENTED_EDGE ( 'NONE', *, *, #5242, .T. ) ;
#579 = CARTESIAN_POINT ( 'NONE',  ( 3.493034039085621600, 18.53694541018409225, 20.86613553223008211 ) ) ;
#580 = EDGE_CURVE ( 'NONE', #9546, #7702, #8840, .T. ) ;
#581 = ORIENTED_EDGE ( 'NONE', *, *, #5332, .F. ) ;
#582 = DIRECTION ( 'NONE',  ( 4.440892098500630106E-16, 0.000000000000000000, 1.000000000000000000 ) ) ;
#583 = EDGE_CURVE ( 'NONE', #5212, #5460, #9208, .T. ) ;
#584 = LINE ( 'NONE', #3590, #6390 ) ;
#585 = DIRECTION ( 'NONE',  ( -0.7071067811865480168, 0.6532814824381879548, -0.2705980500730977845 ) ) ;
#586 = ORIENTED_EDGE ( 'NONE', *, *, #4953, .T. ) ;
#587 = CARTESIAN_POINT ( 'NONE',  ( 9.799999999999998934, 20.69999999999999929, 22.89999999999999858 ) ) ;
#588 = ORIENTED_EDGE ( 'NONE', *, *, #5647, .T. ) ;
#589 = CARTESIAN_POINT ( 'NONE',  ( 1.000000000000000000, 8.192893218813448897, 7.792893218813450318 ) ) ;
#590 = EDGE_CURVE ( 'NONE', #1117, #7265, #1690, .T. ) ;
#591 = ORIENTED_EDGE ( 'NONE', *, *, #138, .T. ) ;
#592 = CIRCLE ( 'NONE', #7598, 1.000000000000000666 ) ;
#593 = EDGE_CURVE ( 'NONE', #8556, #3472, #1020, .T. ) ;
#594 = ORIENTED_EDGE ( 'NONE', *, *, #3560, .F. ) ;
#595 = EDGE_LOOP ( 'NONE', ( #1259, #581, #5746, #5891 ) ) ;
#596 = ADVANCED_FACE ( 'NONE', ( #7701 ), #6805, .F. ) ;
#597 = CARTESIAN_POINT ( 'NONE',  ( 0.000000000000000000, 17.69999999999999929, 3.500000000000000000 ) ) ;
#598 = DIRECTION ( 'NONE',  ( 1.000000000000000000, 0.000000000000000000, 0.000000000000000000 ) ) ;
#599 = CARTESIAN_POINT ( 'NONE',  ( 3.799999999999999822, 12.21926553477729982, 27.01283468667940113 ) ) ;
#600 = CARTESIAN_POINT ( 'NONE',  ( 9.199999999999999289, 21.69999999999999929, 9.204022315082870165 ) ) ;
#601 = VERTEX_POINT ( 'NONE', #917 ) ;
#602 = LINE ( 'NONE', #7956, #5784 ) ;
#603 = ORIENTED_EDGE ( 'NONE', *, *, #6047, .F. ) ;
#604 = EDGE_LOOP ( 'NONE', ( #2385, #1817, #5217, #8336 ) ) ;
#605 = CARTESIAN_POINT ( 'NONE',  ( 9.199999999999999289, 22.70000001490119956, 24.16276451370509903 ) ) ;
#606 = DIRECTION ( 'NONE',  ( -1.000000000000000000, 0.000000000000000000, 0.000000000000000000 ) ) ;
#607 = ORIENTED_EDGE ( 'NONE', *, *, #8088, .T. ) ;
#608 = CARTESIAN_POINT ( 'NONE',  ( 9.199999999999999289, 2.201219531800159945, -3.460602500159739581 ) ) ;
#609 = ORIENTED_EDGE ( 'NONE', *, *, #7250, .F. ) ;
#610 = DIRECTION ( 'NONE',  ( 0.000000000000000000, -1.000000000000000000, 0.000000000000000000 ) ) ;
#611 = VERTEX_POINT ( 'NONE', #5484 ) ;
#612 = DIRECTION ( 'NONE',  ( -1.000000000000000000, -0.000000000000000000, -0.000000000000000000 ) ) ;
#613 = EDGE_CURVE ( 'NONE', #3472, #2877, #7118, .T. ) ;
#614 = AXIS2_PLACEMENT_3D ( 'NONE', #1032, #1122, #3984 ) ;
#615 = DIRECTION ( 'NONE',  ( 1.000000000000000000, 0.000000000000000000, 0.000000000000000000 ) ) ;
#616 = FACE_OUTER_BOUND ( 'NONE', #992, .T. ) ;
#617 = CARTESIAN_POINT ( 'NONE',  ( 0.000000000000000000, 20.69999999999999929, 31.09999999181640362 ) ) ;
#618 = ORIENTED_EDGE ( 'NONE', *, *, #4076, .T. ) ;
#619 = LINE ( 'NONE', #474, #3420 ) ;
#620 = LINE ( 'NONE', #4361, #6699 ) ;
#621 =( NAMED_UNIT ( * ) PLANE_ANGLE_UNIT ( ) SI_UNIT ( $, .RADIAN. ) );
#622 = VERTEX_POINT ( 'NONE', #2428 ) ;
#623 = CARTESIAN_POINT ( 'NONE',  ( 10.00000000000000000, 20.50000000000000000, 29.04999999590820181 ) ) ;
#624 = EDGE_CURVE ( 'NONE', #1823, #4298, #4653, .T. ) ;
#625 = AXIS2_PLACEMENT_3D ( 'NONE', #6987, #1009, #9198 ) ;
#626 = PRODUCT ( 'Corner Panel Clip Top B', 'Corner Panel Clip Top B', '', ( #2907 ) ) ;
#627 = DIRECTION ( 'NONE',  ( 0.000000000000000000, -0.6382847385042265120, -0.7698003589195000496 ) ) ;
#628 = DIRECTION ( 'NONE',  ( 0.000000000000000000, 0.000000000000000000, 1.000000000000000000 ) ) ;
#629 = CARTESIAN_POINT ( 'NONE',  ( 7.801681340102726736, -22.50000000000000355, 2.932633234948035739 ) ) ;
#630 = ORIENTED_EDGE ( 'NONE', *, *, #5450, .F. ) ;
#631 = DIRECTION ( 'NONE',  ( 1.000000000000000000, 0.000000000000000000, 0.000000000000000000 ) ) ;
#632 = CONICAL_SURFACE ( 'NONE', #1405, 0.9999999999999998890, 0.7853981633974476129 ) ;
#633 = ORIENTED_EDGE ( 'NONE', *, *, #583, .F. ) ;
#634 = LINE ( 'NONE', #3598, #3155 ) ;
#635 = EDGE_CURVE ( 'NONE', #3180, #9097, #4756, .T. ) ;
#636 = AXIS2_PLACEMENT_3D ( 'NONE', #8118, #2316, #5182 ) ;
#637 = ORIENTED_EDGE ( 'NONE', *, *, #2732, .T. ) ;
#638 = VECTOR ( 'NONE', #1167, 1000.000000000000000 ) ;
#639 = VERTEX_POINT ( 'NONE', #6216 ) ;
#640 = DIRECTION ( 'NONE',  ( -1.000000000000000000, -0.000000000000000000, -0.000000000000000000 ) ) ;
#641 = DIRECTION ( 'NONE',  ( -1.000000000000000000, 0.000000000000000000, 0.000000000000000000 ) ) ;
#642 = CARTESIAN_POINT ( 'NONE',  ( 8.800000000000000711, 26.34155520049109711, 27.39979019595289955 ) ) ;
#643 = CYLINDRICAL_SURFACE ( 'NONE', #3642, 2.000000000000001776 ) ;
#644 = AXIS2_PLACEMENT_3D ( 'NONE', #34, #6027, #1642 ) ;
#645 = EDGE_CURVE ( 'NONE', #9021, #3201, #6078, .T. ) ;
#646 = ORIENTED_EDGE ( 'NONE', *, *, #8034, .T. ) ;
#647 = CARTESIAN_POINT ( 'NONE',  ( 9.799999999999998934, 12.50000000000000000, -0.4499999880799009921 ) ) ;
#648 = AXIS2_PLACEMENT_3D ( 'NONE', #1932, #4893, #610 ) ;
#649 = VECTOR ( 'NONE', #6371, 1000.000000000000000 ) ;
#650 = ORIENTED_EDGE ( 'NONE', *, *, #293, .F. ) ;
#651 = EDGE_CURVE ( 'NONE', #7117, #229, #592, .T. ) ;
#652 = AXIS2_PLACEMENT_3D ( 'NONE', #2951, #1538, #2273 ) ;
#653 = ORIENTED_EDGE ( 'NONE', *, *, #8269, .F. ) ;
#654 = AXIS2_PLACEMENT_3D ( 'NONE', #1822, #5517, #9098 ) ;
#655 = DIRECTION ( 'NONE',  ( 1.000000000000000000, 0.000000000000000000, 0.000000000000000000 ) ) ;
#656 = CYLINDRICAL_SURFACE ( 'NONE', #1145, 22.49999999999999289 ) ;
#657 = ORIENTED_EDGE ( 'NONE', *, *, #2252, .T. ) ;
#658 = LINE ( 'NONE', #5216, #9072 ) ;
#659 = ADVANCED_FACE ( 'NONE', ( #3297 ), #5430, .T. ) ;
#660 = VERTEX_POINT ( 'NONE', #8476 ) ;
#661 = FACE_BOUND ( 'NONE', #1086, .T. ) ;
#662 = ORIENTED_EDGE ( 'NONE', *, *, #5637, .T. ) ;
#663 = LINE ( 'NONE', #3629, #7213 ) ;
#664 = EDGE_CURVE ( 'NONE', #639, #1193, #195, .T. ) ;
#665 = AXIS2_PLACEMENT_3D ( 'NONE', #3188, #6157, #9145 ) ;
#666 = DIRECTION ( 'NONE',  ( 1.000000000000000000, 0.000000000000000000, 0.000000000000000000 ) ) ;
#667 = CONICAL_SURFACE ( 'NONE', #6110, 0.4000000000000010214, 0.7853981633974476129 ) ;
#668 = CARTESIAN_POINT ( 'NONE',  ( 9.199999999999999289, -20.00000000000000000, 2.449293598294706513E-15 ) ) ;
#669 = CARTESIAN_POINT ( 'NONE',  ( 9.199999999999999289, 7.855963737990349749, -3.500000000000000000 ) ) ;
#670 = AXIS2_PLACEMENT_3D ( 'NONE', #262, #3223, #8441 ) ;
#671 = ORIENTED_EDGE ( 'NONE', *, *, #8282, .T. ) ;
#672 = CARTESIAN_POINT ( 'NONE',  ( 9.800000000000002487, -44.50000000000001421, 1.100000000000000089 ) ) ;
#673 = DIRECTION ( 'NONE',  ( 0.000000000000000000, 0.9059677699816659491, 0.4233466661666858699 ) ) ;
#674 = EDGE_CURVE ( 'NONE', #3655, #9189, #7747, .T. ) ;
#675 = ORIENTED_EDGE ( 'NONE', *, *, #1014, .F. ) ;
#676 = CARTESIAN_POINT ( 'NONE',  ( 3.539643712612313475, 18.45758573066567010, 20.88312158894678916 ) ) ;
#677 = VECTOR ( 'NONE', #2902, 1000.000000000000000 ) ;
#678 = VECTOR ( 'NONE', #9051, 1000.000000000000000 ) ;
#679 = CIRCLE ( 'NONE', #9393, 1.000000000000001554 ) ;
#680 = CARTESIAN_POINT ( 'NONE',  ( 0.000000000000000000, 11.90000000000000036, 1.500000000000000000 ) ) ;
#681 = VECTOR ( 'NONE', #4396, 1000.000000000000000 ) ;
#682 = LINE ( 'NONE', #5138, #6551 ) ;
#683 = DIRECTION ( 'NONE',  ( -0.000000000000000000, 1.000000000000000000, -0.000000000000000000 ) ) ;
#684 = DIRECTION ( 'NONE',  ( 0.000000000000000000, 0.000000000000000000, -1.000000000000000000 ) ) ;
#685 = EDGE_CURVE ( 'NONE', #8962, #6106, #1741, .T. ) ;
#686 = ORIENTED_EDGE ( 'NONE', *, *, #9161, .F. ) ;
#687 = AXIS2_PLACEMENT_3D ( 'NONE', #5154, #2192, #6438 ) ;
#688 = DIRECTION ( 'NONE',  ( 0.7071067811865463515, 8.659560562354950115E-17, 0.7071067811865487940 ) ) ;
#689 = EDGE_LOOP ( 'NONE', ( #3939, #313, #787, #2394 ) ) ;
#690 = VECTOR ( 'NONE', #1916, 1000.000000000000114 ) ;
#691 = VECTOR ( 'NONE', #6437, 1000.000000000000000 ) ;
#692 = ORIENTED_EDGE ( 'NONE', *, *, #8279, .F. ) ;
#693 = FACE_OUTER_BOUND ( 'NONE', #9329, .T. ) ;
#694 = CARTESIAN_POINT ( 'NONE',  ( 9.799999999999998934, 18.30000000000000071, 7.299999999999999822 ) ) ;
#695 = CARTESIAN_POINT ( 'NONE',  ( 0.000000000000000000, 19.19999999999999929, 19.19999999999999929 ) ) ;
#696 = LINE ( 'NONE', #3663, #4094 ) ;
#697 = CARTESIAN_POINT ( 'NONE',  ( 9.000000000000000000, 19.69999999999999929, 31.50000000000000000 ) ) ;
#698 = EDGE_CURVE ( 'NONE', #9253, #2099, #244, .T. ) ;
#699 = EDGE_LOOP ( 'NONE', ( #5238, #1449, #1917, #4502 ) ) ;
#700 = CARTESIAN_POINT ( 'NONE',  ( 8.800000000000000711, 20.89999999999999858, 19.19999999999999929 ) ) ;
#701 = CONICAL_SURFACE ( 'NONE', #1944, 11.99500000000000632, 0.7853981633974442822 ) ;
#702 = EDGE_LOOP ( 'NONE', ( #5367, #4735, #7764, #6189, #35, #1630 ) ) ;
#703 = CIRCLE ( 'NONE', #549, 1.000000000000000888 ) ;
#704 = DIRECTION ( 'NONE',  ( -1.000000000000000000, 0.000000000000000000, 0.000000000000000000 ) ) ;
#705 = ADVANCED_FACE ( 'NONE', ( #4796 ), #6961, .T. ) ;
#706 = ORIENTED_EDGE ( 'NONE', *, *, #6622, .T. ) ;
#707 = DIRECTION ( 'NONE',  ( 0.000000000000000000, 0.3826834323650901704, -0.9238795325112866275 ) ) ;
#708 = CARTESIAN_POINT ( 'NONE',  ( 8.800000000000000711, 16.39289321881349792, -7.207106781186549682 ) ) ;
#709 = EDGE_CURVE ( 'NONE', #2616, #3431, #1061, .T. ) ;
#710 = ORIENTED_EDGE ( 'NONE', *, *, #3877, .F. ) ;
#711 = CARTESIAN_POINT ( 'NONE',  ( 4.799999999999999822, 7.452131517233670621, -5.541555200491109723 ) ) ;
#712 = VERTEX_POINT ( 'NONE', #4016 ) ;
#713 = DIRECTION ( 'NONE',  ( 0.000000000000000000, -0.000000000000000000, -1.000000000000000000 ) ) ;
#714 = ORIENTED_EDGE ( 'NONE', *, *, #7143, .T. ) ;
#715 = FACE_OUTER_BOUND ( 'NONE', #8390, .T. ) ;
#716 = VECTOR ( 'NONE', #6090, 1000.000000000000227 ) ;
#717 = ADVANCED_FACE ( 'NONE', ( #9066 ), #3994, .F. ) ;
#718 = ADVANCED_FACE ( 'NONE', ( #7790 ), #4163, .F. ) ;
#719 = CARTESIAN_POINT ( 'NONE',  ( 9.199999999999999289, -47.35220327864307421, 1.099999999999997646 ) ) ;
#720 = CARTESIAN_POINT ( 'NONE',  ( 9.199999999999999289, 18.30000000000000071, 7.299999999999999822 ) ) ;
#721 = DIRECTION ( 'NONE',  ( 0.000000000000000000, -1.000000000000000000, 0.000000000000000000 ) ) ;
#722 = EDGE_CURVE ( 'NONE', #199, #7862, #4119, .T. ) ;
#723 = EDGE_LOOP ( 'NONE', ( #4343, #8684, #404, #2597 ) ) ;
#724 = CARTESIAN_POINT ( 'NONE',  ( 9.199999999999999289, 22.21790636219069981, 22.35336756554699633 ) ) ;
#725 = DIRECTION ( 'NONE',  ( 1.000000000000000000, 0.000000000000000000, 0.000000000000000000 ) ) ;
#726 = ORIENTED_EDGE ( 'NONE', *, *, #6633, .T. ) ;
#727 = PLANE ( 'NONE',  #3586 ) ;
#728 = AXIS2_PLACEMENT_3D ( 'NONE', #3658, #6624, #9610 ) ;
#729 = ADVANCED_FACE ( 'NONE', ( #5625 ), #3538, .F. ) ;
#730 = CARTESIAN_POINT ( 'NONE',  ( 9.199999999999999289, -20.00000000000000000, 2.449293598294706513E-15 ) ) ;
#731 = CARTESIAN_POINT ( 'NONE',  ( 9.000000000000000000, 22.70000001490119956, 24.16276451370509903 ) ) ;
#732 = DIRECTION ( 'NONE',  ( 0.000000000000000000, 0.000000000000000000, -1.000000000000000000 ) ) ;
#733 = AXIS2_PLACEMENT_3D ( 'NONE', #1261, #4950, #3400 ) ;
#734 = DIRECTION ( 'NONE',  ( 0.000000000000000000, 2.220446049250309876E-16, -1.000000000000000000 ) ) ;
#735 = ORIENTED_EDGE ( 'NONE', *, *, #3467, .T. ) ;
#736 = LINE ( 'NONE', #2771, #3456 ) ;
#737 = ORIENTED_EDGE ( 'NONE', *, *, #4804, .T. ) ;
#738 = EDGE_CURVE ( 'NONE', #7201, #5594, #5881, .T. ) ;
#739 = ORIENTED_EDGE ( 'NONE', *, *, #1408, .F. ) ;
#740 = CARTESIAN_POINT ( 'NONE',  ( 3.666967460167872339, -3.451575467383420914, 7.233032539832128016 ) ) ;
#741 = CARTESIAN_POINT ( 'NONE',  ( 1.399999999999999911, -22.47184141886165420, 1.700000000000002842 ) ) ;
#742 = DIRECTION ( 'NONE',  ( 0.000000000000000000, 0.000000000000000000, 1.000000000000000000 ) ) ;
#743 = LINE ( 'NONE', #599, #2073 ) ;
#744 = CARTESIAN_POINT ( 'NONE',  ( 9.199999999999999289, 2.560451229361954795, 1.100000000000000089 ) ) ;
#745 = VERTEX_POINT ( 'NONE', #6503 ) ;
#746 = DIRECTION ( 'NONE',  ( 0.000000000000000000, 0.4233466661666857034, -0.9059677699816658381 ) ) ;
#747 = ADVANCED_FACE ( 'NONE', ( #3531 ), #4167, .T. ) ;
#748 = CARTESIAN_POINT ( 'NONE',  ( 9.199999999999999289, 24.10000000000000142, 25.88505464708130077 ) ) ;
#749 = ORIENTED_EDGE ( 'NONE', *, *, #5303, .F. ) ;
#750 = CARTESIAN_POINT ( 'NONE',  ( 3.399999999999999911, 7.485786437626910761, 8.500000000000000000 ) ) ;
#751 = DIRECTION ( 'NONE',  ( 1.000000000000000000, 0.000000000000000000, 0.000000000000000000 ) ) ;
#752 = ORIENTED_EDGE ( 'NONE', *, *, #1566, .F. ) ;
#753 = DIRECTION ( 'NONE',  ( 0.000000000000000000, -0.7071067811865474617, 0.7071067811865474617 ) ) ;
#754 = ORIENTED_EDGE ( 'NONE', *, *, #8122, .F. ) ;
#755 = DIRECTION ( 'NONE',  ( -1.000000000000000000, 0.000000000000000000, 0.000000000000000000 ) ) ;
#756 = VERTEX_POINT ( 'NONE', #7146 ) ;
#757 = CIRCLE ( 'NONE', #1062, 1.700000000000000178 ) ;
#758 = CARTESIAN_POINT ( 'NONE',  ( 9.199999999999999289, 22.70000000000000284, 14.23723547529430000 ) ) ;
#759 = EDGE_CURVE ( 'NONE', #9436, #2222, #4065, .T. ) ;
#760 = ORIENTED_EDGE ( 'NONE', *, *, #9151, .T. ) ;
#761 = LINE ( 'NONE', #9540, #2296 ) ;
#762 = DIRECTION ( 'NONE',  ( 0.000000000000000000, -0.9067806107715827846, -0.4216028035114509631 ) ) ;
#763 = ORIENTED_EDGE ( 'NONE', *, *, #7873, .T. ) ;
#764 = DIRECTION ( 'NONE',  ( 1.000000000000000000, 0.000000000000000000, 0.000000000000000000 ) ) ;
#765 = CARTESIAN_POINT ( 'NONE',  ( 8.800000000000000711, -21.56444425349906524, 0.6652173913043483156 ) ) ;
#766 = ORIENTED_EDGE ( 'NONE', *, *, #1541, .T. ) ;
#767 = DIRECTION ( 'NONE',  ( -1.000000000000000000, 0.000000000000000000, 0.000000000000000000 ) ) ;
#768 = ADVANCED_FACE ( 'NONE', ( #4266 ), #9168, .T. ) ;
#769 = CIRCLE ( 'NONE', #6203, 22.09999999999999076 ) ;
#770 = EDGE_CURVE ( 'NONE', #568, #9029, #6361, .T. ) ;
#771 = CARTESIAN_POINT ( 'NONE',  ( 1.000000000000000000, 11.70000000000000107, 11.71421356237310007 ) ) ;
#772 = CARTESIAN_POINT ( 'NONE',  ( 10.00000000000000000, 20.10000000000000142, 7.299999999999999822 ) ) ;
#773 = DIRECTION ( 'NONE',  ( -0.7071067811865472397, -0.5000000000000002220, 0.5000000000000002220 ) ) ;
#774 = DIRECTION ( 'NONE',  ( -1.000000000000000000, 0.000000000000000000, -0.000000000000000000 ) ) ;
#775 = CARTESIAN_POINT ( 'NONE',  ( 9.199999999999999289, 22.70000000000000284, 11.34403626200970017 ) ) ;
#776 = ORIENTED_EDGE ( 'NONE', *, *, #6248, .F. ) ;
#777 = DIRECTION ( 'NONE',  ( 1.000000000000000000, 0.000000000000000000, 0.000000000000000000 ) ) ;
#778 = ADVANCED_FACE ( 'NONE', ( #2712 ), #2659, .F. ) ;
#779 = ORIENTED_EDGE ( 'NONE', *, *, #7435, .T. ) ;
#780 = ORIENTED_EDGE ( 'NONE', *, *, #4136, .T. ) ;
#781 = DIRECTION ( 'NONE',  ( 1.000000000000000000, 0.000000000000000000, 0.000000000000000000 ) ) ;
#782 = CIRCLE ( 'NONE', #8251, 0.2000000000000000944 ) ;
#783 = CARTESIAN_POINT ( 'NONE',  ( 0.000000000000000000, 8.192893218813448897, 7.792893218813450318 ) ) ;
#784 = LINE ( 'NONE', #9078, #9628 ) ;
#785 = LINE ( 'NONE', #2391, #4873 ) ;
#786 = LINE ( 'NONE', #60, #4112 ) ;
#787 = ORIENTED_EDGE ( 'NONE', *, *, #2196, .T. ) ;
#788 = DIRECTION ( 'NONE',  ( 1.000000000000000000, -0.000000000000000000, -0.000000000000000000 ) ) ;
#789 = ORIENTED_EDGE ( 'NONE', *, *, #7459, .T. ) ;
#790 = VECTOR ( 'NONE', #2592, 1000.000000000000000 ) ;
#791 = CARTESIAN_POINT ( 'NONE',  ( 1.399999999999999911, -21.69999999999999929, 1.700000000000002842 ) ) ;
#792 = VERTEX_POINT ( 'NONE', #6459 ) ;
#793 = CARTESIAN_POINT ( 'NONE',  ( 0.000000000000000000, 26.62387953251128891, 3.131530130008000956 ) ) ;
#794 = AXIS2_PLACEMENT_3D ( 'NONE', #9450, #2028, #8619 ) ;
#795 = DIRECTION ( 'NONE',  ( 1.000000000000000000, 0.000000000000000000, 0.000000000000000000 ) ) ;
#796 = CIRCLE ( 'NONE', #2035, 0.9999999999999998890 ) ;
#797 = ORIENTED_EDGE ( 'NONE', *, *, #7142, .T. ) ;
#798 = VECTOR ( 'NONE', #3350, 1000.000000000000000 ) ;
#799 = EDGE_CURVE ( 'NONE', #5674, #8536, #1938, .T. ) ;
#800 = VERTEX_POINT ( 'NONE', #8763 ) ;
#801 = FACE_OUTER_BOUND ( 'NONE', #5206, .T. ) ;
#802 = EDGE_LOOP ( 'NONE', ( #5299, #8604, #4095, #7080 ) ) ;
#803 = DIRECTION ( 'NONE',  ( -1.000000000000000000, 0.000000000000000000, 0.000000000000000000 ) ) ;
#804 = VECTOR ( 'NONE', #123, 1000.000000000000000 ) ;
#805 = CIRCLE ( 'NONE', #8586, 22.49999999999999289 ) ;
#806 = ORIENTED_EDGE ( 'NONE', *, *, #4505, .T. ) ;
#807 = DIRECTION ( 'NONE',  ( -1.000000000000000000, 0.000000000000000000, 0.000000000000000000 ) ) ;
#808 = FACE_OUTER_BOUND ( 'NONE', #5518, .T. ) ;
#809 = CARTESIAN_POINT ( 'NONE',  ( 9.199999999999999289, 22.66060250015970112, 16.99878046819980071 ) ) ;
#810 = ORIENTED_EDGE ( 'NONE', *, *, #1836, .T. ) ;
#811 = FACE_OUTER_BOUND ( 'NONE', #203, .T. ) ;
#812 = AXIS2_PLACEMENT_3D ( 'NONE', #1176, #4134, #444 ) ;
#813 = CARTESIAN_POINT ( 'NONE',  ( 9.199999999999999289, 7.855963737990349749, -3.500000000000000000 ) ) ;
#814 =( NAMED_UNIT ( * ) PLANE_ANGLE_UNIT ( ) SI_UNIT ( $, .RADIAN. ) );
#815 = EDGE_CURVE ( 'NONE', #7119, #9253, #757, .T. ) ;
#816 = EDGE_LOOP ( 'NONE', ( #2759, #3697, #607, #5037 ) ) ;
#817 = CARTESIAN_POINT ( 'NONE',  ( 9.621785502610103791, -44.67821449738991646, -0.8604957132203561176 ) ) ;
#818 = AXIS2_PLACEMENT_3D ( 'NONE', #1046, #9242, #8356 ) ;
#819 = CARTESIAN_POINT ( 'NONE',  ( 0.000000000000000000, 17.50000000000040146, 16.72815858113710163 ) ) ;
#820 = VECTOR ( 'NONE', #4227, 1000.000000000000000 ) ;
#821 = CIRCLE ( 'NONE', #9542, 2.999999999999999112 ) ;
#822 = EDGE_CURVE ( 'NONE', #1181, #8073, #1205, .T. ) ;
#823 = DIRECTION ( 'NONE',  ( -1.000000000000000000, 0.000000000000000000, 0.000000000000000000 ) ) ;
#824 = DIRECTION ( 'NONE',  ( 0.000000000000000000, 0.000000000000000000, -1.000000000000000000 ) ) ;
#825 = CARTESIAN_POINT ( 'NONE',  ( 0.2000000000000000111, 19.19999999999999929, 19.19999999999999929 ) ) ;
#826 = CARTESIAN_POINT ( 'NONE',  ( 9.000000000000000000, 25.10000000000000142, 25.88505464708130077 ) ) ;
#827 = PLANE ( 'NONE',  #6613 ) ;
#828 = EDGE_CURVE ( 'NONE', #7529, #660, #7286, .T. ) ;
#829 = VERTEX_POINT ( 'NONE', #1300 ) ;
#830 = FACE_OUTER_BOUND ( 'NONE', #8984, .T. ) ;
#831 = CIRCLE ( 'NONE', #4545, 0.6000000000000003109 ) ;
#832 = ORIENTED_EDGE ( 'NONE', *, *, #2568, .T. ) ;
#833 = VECTOR ( 'NONE', #2142, 1000.000000000000000 ) ;
#834 = EDGE_CURVE ( 'NONE', #4099, #6544, #2801, .T. ) ;
#835 = ORIENTED_EDGE ( 'NONE', *, *, #6543, .T. ) ;
#836 = VECTOR ( 'NONE', #7034, 1000.000000000000000 ) ;
#837 = LINE ( 'NONE', #5199, #2110 ) ;
#838 = DIRECTION ( 'NONE',  ( 0.000000000000000000, 0.000000000000000000, -1.000000000000000000 ) ) ;
#839 = DIRECTION ( 'NONE',  ( 0.000000000000000000, 0.000000000000000000, -1.000000000000000000 ) ) ;
#840 = DIRECTION ( 'NONE',  ( 0.000000000000000000, 0.9067806107715827846, 0.4216028035114509631 ) ) ;
#841 = CARTESIAN_POINT ( 'NONE',  ( 3.000000000000000000, -25.51999999999984681, 4.529999999999937188 ) ) ;
#842 = EDGE_CURVE ( 'NONE', #8459, #1489, #3490, .T. ) ;
#843 = ORIENTED_EDGE ( 'NONE', *, *, #6128, .F. ) ;
#844 = CARTESIAN_POINT ( 'NONE',  ( 9.099999999999999645, 6.685054647081260626, -4.899999999999999467 ) ) ;
#845 = AXIS2_PLACEMENT_3D ( 'NONE', #5165, #8246, #4587 ) ;
#846 = AXIS2_PLACEMENT_3D ( 'NONE', #4141, #3414, #9468 ) ;
#847 = ORIENTED_EDGE ( 'NONE', *, *, #2167, .F. ) ;
#848 = VECTOR ( 'NONE', #258, 999.9999999999998863 ) ;
#849 = CARTESIAN_POINT ( 'NONE',  ( 9.000000000000000000, -3.237688125888199764, -3.199262484512959581 ) ) ;
#850 = ORIENTED_EDGE ( 'NONE', *, *, #3021, .T. ) ;
#851 = AXIS2_PLACEMENT_3D ( 'NONE', #600, #2781, #7124 ) ;
#852 = DIRECTION ( 'NONE',  ( 1.000000000000000000, 0.000000000000000000, 0.000000000000000000 ) ) ;
#853 = VECTOR ( 'NONE', #5103, 1000.000000000000000 ) ;
#854 = CARTESIAN_POINT ( 'NONE',  ( 1.000000000000000000, 20.83693984606579974, 31.69999999999999929 ) ) ;
#855 = EDGE_LOOP ( 'NONE', ( #5158, #7399, #5938, #5169, #2666, #4301, #2326, #5098, #3856 ) ) ;
#856 = CARTESIAN_POINT ( 'NONE',  ( 1.600000000000000089, 17.50000000000000000, 19.19999999999999929 ) ) ;
#857 = EDGE_LOOP ( 'NONE', ( #3356, #692, #3032, #8405 ) ) ;
#858 = FACE_OUTER_BOUND ( 'NONE', #7424, .T. ) ;
#859 = ORIENTED_EDGE ( 'NONE', *, *, #8301, .T. ) ;
#860 = CARTESIAN_POINT ( 'NONE',  ( 0.000000000000000000, 19.19999999999999929, 20.89999999999999858 ) ) ;
#861 = CONICAL_SURFACE ( 'NONE', #8324, 1.100000000000000311, 0.7853981633974476129 ) ;
#862 = VERTEX_POINT ( 'NONE', #7048 ) ;
#863 = EDGE_CURVE ( 'NONE', #4003, #6087, #572, .T. ) ;
#864 = LINE ( 'NONE', #3090, #6882 ) ;
#865 = CARTESIAN_POINT ( 'NONE',  ( 9.199999999999999289, -3.659290927594020193, -4.106043096124059488 ) ) ;
#866 = DIRECTION ( 'NONE',  ( 1.000000000000000000, 0.000000000000000000, 0.000000000000000000 ) ) ;
#867 = AXIS2_PLACEMENT_3D ( 'NONE', #9165, #5390, #1746 ) ;
#868 = EDGE_LOOP ( 'NONE', ( #2309, #7629, #7979 ) ) ;
#869 = DIRECTION ( 'NONE',  ( 0.000000000000000000, -0.8356006529151547291, -0.5493373725205368263 ) ) ;
#870 = FACE_OUTER_BOUND ( 'NONE', #6790, .T. ) ;
#871 = ORIENTED_EDGE ( 'NONE', *, *, #8745, .T. ) ;
#872 = DIRECTION ( 'NONE',  ( -0.7071067811865480168, 0.7071067811865470176, 0.000000000000000000 ) ) ;
#873 = FACE_OUTER_BOUND ( 'NONE', #604, .T. ) ;
#874 = VECTOR ( 'NONE', #8235, 1000.000000000000000 ) ;
#875 = ADVANCED_FACE ( 'NONE', ( #7977 ), #3348, .F. ) ;
#876 = CARTESIAN_POINT ( 'NONE',  ( 0.000000000000000000, 8.900000000000000355, 7.085786437626899747 ) ) ;
#877 = DIRECTION ( 'NONE',  ( 0.000000000000000000, 0.9059677699816659491, 0.4233466661666858699 ) ) ;
#878 = LINE ( 'NONE', #6079, #6089 ) ;
#879 = DIRECTION ( 'NONE',  ( 0.000000000000000000, -0.7071067811865475727, -0.7071067811865475727 ) ) ;
#880 = CARTESIAN_POINT ( 'NONE',  ( 0.000000000000000000, 20.83693984606579974, 30.70000000000000284 ) ) ;
#881 = EDGE_LOOP ( 'NONE', ( #1536, #6997, #2158, #3564 ) ) ;
#882 = CARTESIAN_POINT ( 'NONE',  ( 9.800000000000002487, -44.50000000000001421, 0.000000000000000000 ) ) ;
#883 = EDGE_CURVE ( 'NONE', #7869, #8993, #761, .T. ) ;
#884 = ORIENTED_EDGE ( 'NONE', *, *, #7147, .F. ) ;
#885 = FACE_OUTER_BOUND ( 'NONE', #699, .T. ) ;
#886 = CARTESIAN_POINT ( 'NONE',  ( 1.000000000000000000, -3.216881383985646714, 7.500000000000000000 ) ) ;
#887 = FACE_OUTER_BOUND ( 'NONE', #4726, .T. ) ;
#888 = CARTESIAN_POINT ( 'NONE',  ( 9.099999999999999645, 3.659290943147929909, -4.106043082262480048 ) ) ;
#889 = EDGE_CURVE ( 'NONE', #2651, #5702, #4357, .T. ) ;
#890 = ORIENTED_EDGE ( 'NONE', *, *, #3851, .F. ) ;
#891 = FACE_OUTER_BOUND ( 'NONE', #1403, .T. ) ;
#892 = EDGE_CURVE ( 'NONE', #1572, #5315, #4456, .T. ) ;
#893 = DIRECTION ( 'NONE',  ( 0.000000000000000000, 0.7670768701524097732, -0.6415552004911058148 ) ) ;
#894 = ORIENTED_EDGE ( 'NONE', *, *, #8058, .T. ) ;
#895 = CARTESIAN_POINT ( 'NONE',  ( 9.199999999999999289, 18.30000000000000071, 6.700000000000000178 ) ) ;
#896 = PLANE ( 'NONE',  #2401 ) ;
#897 = ADVANCED_FACE ( 'NONE', ( #5083 ), #8903, .T. ) ;
#898 = VERTEX_POINT ( 'NONE', #3771 ) ;
#899 = VERTEX_POINT ( 'NONE', #7396 ) ;
#900 = CARTESIAN_POINT ( 'NONE',  ( 9.199999999999999289, 3.741657386773939997, -2.500000000000000000 ) ) ;
#901 = EDGE_CURVE ( 'NONE', #289, #5265, #8855, .T. ) ;
#902 = ORIENTED_EDGE ( 'NONE', *, *, #4926, .F. ) ;
#903 = LINE ( 'NONE', #6686, #226 ) ;
#904 = VECTOR ( 'NONE', #9160, 1000.000000000000000 ) ;
#905 = ORIENTED_EDGE ( 'NONE', *, *, #2239, .T. ) ;
#906 = DIRECTION ( 'NONE',  ( 1.000000000000000000, 0.000000000000000000, 0.000000000000000000 ) ) ;
#907 = CARTESIAN_POINT ( 'NONE',  ( 8.800000000000000711, 19.19999999999999929, 19.19999999999999929 ) ) ;
#908 = CYLINDRICAL_SURFACE ( 'NONE', #3470, 0.9999999999999998890 ) ;
#909 = EDGE_LOOP ( 'NONE', ( #6018, #1719, #4077, #8791, #4042 ) ) ;
#910 = CARTESIAN_POINT ( 'NONE',  ( 9.199999999999999289, 0.000000000000000000, 0.000000000000000000 ) ) ;
#911 = PLANE ( 'NONE',  #1109 ) ;
#912 = ORIENTED_EDGE ( 'NONE', *, *, #3967, .T. ) ;
#913 = DIRECTION ( 'NONE',  ( -1.000000000000000000, 0.000000000000000000, 0.000000000000000000 ) ) ;
#914 = CARTESIAN_POINT ( 'NONE',  ( 8.800000000000000711, 18.70000000000000284, 21.85329983228429995 ) ) ;
#915 = AXIS2_PLACEMENT_3D ( 'NONE', #7485, #2269, #3576 ) ;
#916 = CARTESIAN_POINT ( 'NONE',  ( 5.367157287525375686, -44.50000000000001421, 5.367157287525382792 ) ) ;
#917 = CARTESIAN_POINT ( 'NONE',  ( 9.192858448906161328, -2.560451229361957459, 1.099999999999999645 ) ) ;
#918 = FACE_OUTER_BOUND ( 'NONE', #3765, .T. ) ;
#919 = DIRECTION ( 'NONE',  ( -1.000000000000000000, 0.000000000000000000, 0.000000000000000000 ) ) ;
#920 = CARTESIAN_POINT ( 'NONE',  ( 0.000000000000000000, 17.56306015393419884, 30.70000000000000284 ) ) ;
#921 = ORIENTED_EDGE ( 'NONE', *, *, #6899, .T. ) ;
#922 = PLANE ( 'NONE',  #6389 ) ;
#923 = EDGE_CURVE ( 'NONE', #1096, #3558, #3682, .T. ) ;
#924 = VERTEX_POINT ( 'NONE', #6646 ) ;
#925 = AXIS2_PLACEMENT_3D ( 'NONE', #4383, #641, #7951 ) ;
#926 = CARTESIAN_POINT ( 'NONE',  ( 4.799999999999999822, 23.30604309612409963, 22.85929092759399950 ) ) ;
#927 = CARTESIAN_POINT ( 'NONE',  ( 0.3313603684660333393, -3.808173656154837605, 6.831360368466032895 ) ) ;
#928 = LINE ( 'NONE', #8288, #4961 ) ;
#929 = DIRECTION ( 'NONE',  ( -1.000000000000000000, 0.000000000000000000, 0.000000000000000000 ) ) ;
#930 = CARTESIAN_POINT ( 'NONE',  ( 3.799999999999999822, 10.69999999999999929, 11.71421356237310007 ) ) ;
#931 =( BOUNDED_CURVE ( )  B_SPLINE_CURVE ( 3, ( #5081, #7927, #8065, #4354 ),
 .UNSPECIFIED., .F., .T. ) 
 B_SPLINE_CURVE_WITH_KNOTS ( ( 4, 4 ),
 ( 5.052225889838775075, 6.283185307179585344 ),
 .UNSPECIFIED. ) 
 CURVE ( )  GEOMETRIC_REPRESENTATION_ITEM ( )  RATIONAL_B_SPLINE_CURVE ( ( 1.000000000000000000, 0.8776643872851437322, 0.8776643872851437322, 1.000000000000000000 ) ) 
 REPRESENTATION_ITEM ( '' )  );
#932 = ORIENTED_EDGE ( 'NONE', *, *, #4559, .T. ) ;
#933 = EDGE_CURVE ( 'NONE', #3399, #7345, #5733, .T. ) ;
#934 = CARTESIAN_POINT ( 'NONE',  ( 9.000000000000000000, 17.89999999999999858, 13.25000000000000000 ) ) ;
#935 = EDGE_LOOP ( 'NONE', ( #504, #7821, #1340, #1494 ) ) ;
#936 = DIRECTION ( 'NONE',  ( -1.000000000000000000, 0.000000000000000000, 0.000000000000000000 ) ) ;
#937 = AXIS2_PLACEMENT_3D ( 'NONE', #5874, #3002, #869 ) ;
#938 = ORIENTED_EDGE ( 'NONE', *, *, #6937, .T. ) ;
#939 = CARTESIAN_POINT ( 'NONE',  ( 3.399999999999999911, -3.216881383985655152, 7.500000000000000000 ) ) ;
#940 = CARTESIAN_POINT ( 'NONE',  ( 3.799999999999999822, 18.70000000000000284, 21.85329983228429995 ) ) ;
#941 = ORIENTED_EDGE ( 'NONE', *, *, #4919, .T. ) ;
#942 = PRESENTATION_STYLE_ASSIGNMENT (( #9143 ) ) ;
#943 = ORIENTED_EDGE ( 'NONE', *, *, #1296, .T. ) ;
#944 = EDGE_CURVE ( 'NONE', #2068, #8666, #1492, .T. ) ;
#945 = FACE_OUTER_BOUND ( 'NONE', #2353, .T. ) ;
#946 = VECTOR ( 'NONE', #893, 1000.000000000000114 ) ;
#947 = ORIENTED_EDGE ( 'NONE', *, *, #583, .T. ) ;
#948 = EDGE_CURVE ( 'NONE', #8874, #8062, #1443, .T. ) ;
#949 = VECTOR ( 'NONE', #4510, 1000.000000000000000 ) ;
#950 = ORIENTED_EDGE ( 'NONE', *, *, #8725, .T. ) ;
#951 = VECTOR ( 'NONE', #2667, 1000.000000000000114 ) ;
#952 = DIRECTION ( 'NONE',  ( 0.000000000000000000, 0.000000000000000000, 1.000000000000000000 ) ) ;
#953 = AXIS2_PLACEMENT_3D ( 'NONE', #825, #4509, #8077 ) ;
#954 = DIRECTION ( 'NONE',  ( 0.000000000000000000, 0.000000000000000000, 1.000000000000000000 ) ) ;
#955 = CARTESIAN_POINT ( 'NONE',  ( 1.000000000000000000, 17.22179549868289072, 31.63996725212966865 ) ) ;
#956 = ORIENTED_EDGE ( 'NONE', *, *, #4883, .F. ) ;
#957 = DIRECTION ( 'NONE',  ( 0.000000000000000000, 0.9059677699816659491, -0.4233466661666858699 ) ) ;
#958 = DIRECTION ( 'NONE',  ( 0.000000000000000000, -0.9059677699816659491, 0.4233466661666858699 ) ) ;
#959 = ORIENTED_EDGE ( 'NONE', *, *, #1733, .T. ) ;
#960 = ADVANCED_FACE ( 'NONE', ( #4313 ), #7137, .F. ) ;
#961 = CARTESIAN_POINT ( 'NONE',  ( 9.799999999999998934, -3.100000000000000089, 0.9000000000000000222 ) ) ;
#962 = AXIS2_PLACEMENT_3D ( 'NONE', #9252, #2464, #5567 ) ;
#963 = CARTESIAN_POINT ( 'NONE',  ( 0.000000000000000000, 25.69999999999999929, 26.63271332580049844 ) ) ;
#964 = AXIS2_PLACEMENT_3D ( 'NONE', #1735, #6311, #284 ) ;
#965 = DIRECTION ( 'NONE',  ( 0.5000000000000037748, -0.7071067811865417996, 0.5000000000000045519 ) ) ;
#966 = VECTOR ( 'NONE', #4866, 1000.000000000000000 ) ;
#967 = CARTESIAN_POINT ( 'NONE',  ( 9.799999999999998934, 11.90000000000000036, 1.500000000000000000 ) ) ;
#968 = AXIS2_PLACEMENT_3D ( 'NONE', #6979, #2600, #315 ) ;
#969 = VERTEX_POINT ( 'NONE', #6691 ) ;
#970 = DIRECTION ( 'NONE',  ( 0.000000000000000000, 0.000000000000000000, -1.000000000000000000 ) ) ;
#971 = CYLINDRICAL_SURFACE ( 'NONE', #5131, 2.786738326061696469 ) ;
#972 = CARTESIAN_POINT ( 'NONE',  ( 8.800000000000000711, 11.90000000000000036, 1.500000000000000000 ) ) ;
#973 = EDGE_LOOP ( 'NONE', ( #4778, #2845, #7916, #5969 ) ) ;
#974 = FACE_OUTER_BOUND ( 'NONE', #8468, .T. ) ;
#975 = AXIS2_PLACEMENT_3D ( 'NONE', #3783, #2427, #8178 ) ;
#976 = AXIS2_PLACEMENT_3D ( 'NONE', #6049, #9617, #2932 ) ;
#977 = ORIENTED_EDGE ( 'NONE', *, *, #2281, .T. ) ;
#978 = CARTESIAN_POINT ( 'NONE',  ( 9.199999999999999289, -22.11660104885167755, 0.9000000000000001332 ) ) ;
#979 = ADVANCED_FACE ( 'NONE', ( #2216 ), #9634, .F. ) ;
#980 = FACE_OUTER_BOUND ( 'NONE', #6797, .T. ) ;
#981 = AXIS2_PLACEMENT_3D ( 'NONE', #1092, #7733, #5520 ) ;
#982 = DIRECTION ( 'NONE',  ( -1.000000000000000000, 0.000000000000000000, 0.000000000000000000 ) ) ;
#983 = CARTESIAN_POINT ( 'NONE',  ( 9.199999999999999289, 18.10000000000000142, 13.25000000000000000 ) ) ;
#984 = CARTESIAN_POINT ( 'NONE',  ( 0.000000000000000000, 17.50000000000000000, 19.19999999999999929 ) ) ;
#985 = VECTOR ( 'NONE', #4793, 1000.000000000000000 ) ;
#986 = VERTEX_POINT ( 'NONE', #8169 ) ;
#987 = DIRECTION ( 'NONE',  ( 0.000000000000000000, 0.000000000000000000, -1.000000000000000000 ) ) ;
#988 = ORIENTED_EDGE ( 'NONE', *, *, #8860, .F. ) ;
#989 = AXIS2_PLACEMENT_3D ( 'NONE', #669, #4080, #5919 ) ;
#990 = CARTESIAN_POINT ( 'NONE',  ( 9.199999999999999289, 3.700000000000000178, 0.9000000000000000222 ) ) ;
#991 = CIRCLE ( 'NONE', #1928, 0.9999999999999964473 ) ;
#992 = EDGE_LOOP ( 'NONE', ( #7260, #2053, #4900, #2494, #1241, #2601, #6452, #1177, #6491, #3517, #1929, #5563, #1709, #9193, #5816, #2543, #2172, #4359, #2794, #735, #6098, #1655, #8581, #1373, #6520, #3112, #3497, #4305, #4937, #2806, #454, #9394, #5840, #4617, #9382, #1988, #6410, #3628, #6991, #8152, #7013, #1622, #3275, #5319, #7776, #5810, #8451, #3950, #4454, #6319, #1321, #224, #3222, #7140, #106, #6819, #7027, #1089, #9156, #1478, #8028, #3578, #9134, #393, #1555 ) ) ;
#993 = ADVANCED_FACE ( 'NONE', ( #616, #5971, #3048, #28, #7339 ), #6603, .T. ) ;
#994 = DIRECTION ( 'NONE',  ( 0.000000000000000000, 0.000000000000000000, 1.000000000000000000 ) ) ;
#995 = CARTESIAN_POINT ( 'NONE',  ( 9.000000000000000000, 3.659290943147929909, -4.106043082262480048 ) ) ;
#996 = ORIENTED_EDGE ( 'NONE', *, *, #8875, .F. ) ;
#997 = AXIS2_PLACEMENT_3D ( 'NONE', #2450, #9282, #1860 ) ;
#998 = ORIENTED_EDGE ( 'NONE', *, *, #3126, .T. ) ;
#999 = CARTESIAN_POINT ( 'NONE',  ( 9.799999999999998934, -9.849999995908170547, -1.500000000000000000 ) ) ;
#1000 = ORIENTED_EDGE ( 'NONE', *, *, #8519, .F. ) ;
#1001 = CIRCLE ( 'NONE', #7546, 0.9999999999999998890 ) ;
#1002 = CIRCLE ( 'NONE', #9262, 0.5999999999999994227 ) ;
#1003 = ORIENTED_EDGE ( 'NONE', *, *, #4216, .F. ) ;
#1004 = ADVANCED_FACE ( 'NONE', ( #808 ), #2998, .T. ) ;
#1005 = CARTESIAN_POINT ( 'NONE',  ( 9.799999999999998934, -3.700000000000000178, -1.500000000000000000 ) ) ;
#1006 = DIRECTION ( 'NONE',  ( 1.000000000000000000, 0.000000000000000000, 0.000000000000000000 ) ) ;
#1007 = CARTESIAN_POINT ( 'NONE',  ( 4.799999999999999822, 21.70000001490119956, 27.05596372552760087 ) ) ;
#1008 = ORIENTED_EDGE ( 'NONE', *, *, #2458, .T. ) ;
#1009 = DIRECTION ( 'NONE',  ( -1.000000000000000000, 0.000000000000000000, 0.000000000000000000 ) ) ;
#1010 = CARTESIAN_POINT ( 'NONE',  ( 9.199999999999999289, -22.50000000000000355, -1.100000000000002531 ) ) ;
#1011 = EDGE_LOOP ( 'NONE', ( #1840, #8753, #3988, #4908 ) ) ;
#1012 = VECTOR ( 'NONE', #8239, 1000.000000000000000 ) ;
#1013 = FACE_OUTER_BOUND ( 'NONE', #855, .T. ) ;
#1014 = EDGE_CURVE ( 'NONE', #7702, #4187, #9010, .T. ) ;
#1015 = ORIENTED_EDGE ( 'NONE', *, *, #2059, .F. ) ;
#1016 = CARTESIAN_POINT ( 'NONE',  ( 0.000000000000000000, 12.60419865507189918, 26.55258856458790362 ) ) ;
#1017 = EDGE_CURVE ( 'NONE', #9189, #969, #1376, .T. ) ;
#1018 = VECTOR ( 'NONE', #6854, 1000.000000000000000 ) ;
#1019 = CARTESIAN_POINT ( 'NONE',  ( 9.000000000000000000, 3.659290943147929909, -4.106043082262480048 ) ) ;
#1020 = LINE ( 'NONE', #2574, #3693 ) ;
#1021 = EDGE_LOOP ( 'NONE', ( #557, #1582 ) ) ;
#1022 = FACE_OUTER_BOUND ( 'NONE', #9629, .T. ) ;
#1023 = LINE ( 'NONE', #2431, #483 ) ;
#1024 = LINE ( 'NONE', #336, #9115 ) ;
#1025 = EDGE_LOOP ( 'NONE', ( #7323, #2556, #1182, #9176 ) ) ;
#1026 = DIRECTION ( 'NONE',  ( 1.000000000000000000, 0.000000000000000000, 0.000000000000000000 ) ) ;
#1027 = EDGE_CURVE ( 'NONE', #6923, #9506, #8547, .T. ) ;
#1028 = EDGE_LOOP ( 'NONE', ( #6894, #1045, #6878 ) ) ;
#1029 = CARTESIAN_POINT ( 'NONE',  ( 9.199999999999999289, 15.68578643762690028, -7.100000000000000533 ) ) ;
#1030 = B_SPLINE_CURVE_WITH_KNOTS ( 'NONE', 3,
 ( #4985, #6547, #4260, #8758 ),
 .UNSPECIFIED., .F., .F.,
 ( 4, 4 ),
 ( 0.000000000000000000, 0.0006058704137943290947 ),
 .UNSPECIFIED. ) ;
#1031 = CARTESIAN_POINT ( 'NONE',  ( 4.799999999999999822, 22.70000001490119956, 27.05596372552760087 ) ) ;
#1032 = CARTESIAN_POINT ( 'NONE',  ( 1.199999999999999956, -18.30000000000000071, -2.471841418861651540 ) ) ;
#1033 = DIRECTION ( 'NONE',  ( 0.7071067811865484609, 0.6406159536904892926, 0.2993512984391807352 ) ) ;
#1034 = CIRCLE ( 'NONE', #6473, 0.2000000000000103917 ) ;
#1035 = CARTESIAN_POINT ( 'NONE',  ( 0.000000000000000000, 21.19999999999999929, 31.69999999999999929 ) ) ;
#1036 = EDGE_LOOP ( 'NONE', ( #6481, #950, #6245, #1707 ) ) ;
#1037 = DIRECTION ( 'NONE',  ( 0.000000000000000000, 0.9238795325112870716, -0.3826834323650888381 ) ) ;
#1038 = ORIENTED_EDGE ( 'NONE', *, *, #7731, .F. ) ;
#1039 = AXIS2_PLACEMENT_3D ( 'NONE', #4028, #255, #6183 ) ;
#1040 = DIRECTION ( 'NONE',  ( 0.7071067811865475727, -0.7071067811865475727, 0.000000000000000000 ) ) ;
#1041 = ORIENTED_EDGE ( 'NONE', *, *, #645, .T. ) ;
#1042 = DIRECTION ( 'NONE',  ( 0.000000000000000000, 0.000000000000000000, -1.000000000000000000 ) ) ;
#1043 = CARTESIAN_POINT ( 'NONE',  ( 9.000000000000000000, 24.30672277211050059, 11.38419045175709954 ) ) ;
#1044 = VERTEX_POINT ( 'NONE', #6202 ) ;
#1045 = ORIENTED_EDGE ( 'NONE', *, *, #3888, .T. ) ;
#1046 = CARTESIAN_POINT ( 'NONE',  ( 10.00000000000000000, 2.050000000000000266, 1.300000000000000044 ) ) ;
#1047 = VERTEX_POINT ( 'NONE', #3236 ) ;
#1048 = EDGE_CURVE ( 'NONE', #1730, #6568, #7586, .T. ) ;
#1049 = ORIENTED_EDGE ( 'NONE', *, *, #4177, .T. ) ;
#1050 = PLANE ( 'NONE',  #5322 ) ;
#1051 = CARTESIAN_POINT ( 'NONE',  ( 1.000000000000000000, 18.19999999999999929, 31.69999999999999929 ) ) ;
#1052 = VERTEX_POINT ( 'NONE', #9150 ) ;
#1053 = CARTESIAN_POINT ( 'NONE',  ( 9.000000000000000000, 4.746871739707652971, -2.523582924470392452 ) ) ;
#1054 = LINE ( 'NONE', #4008, #7655 ) ;
#1055 = ORIENTED_EDGE ( 'NONE', *, *, #3033, .F. ) ;
#1056 = PLANE ( 'NONE',  #8900 ) ;
#1057 = ORIENTED_EDGE ( 'NONE', *, *, #2497, .T. ) ;
#1058 = FACE_OUTER_BOUND ( 'NONE', #1011, .T. ) ;
#1059 = EDGE_CURVE ( 'NONE', #1117, #46, #3404, .T. ) ;
#1060 = CARTESIAN_POINT ( 'NONE',  ( 9.000000000000000000, -4.226683572991676741, -2.739434334204038368 ) ) ;
#1061 = LINE ( 'NONE', #2471, #8055 ) ;
#1062 = AXIS2_PLACEMENT_3D ( 'NONE', #4899, #5725, #4991 ) ;
#1063 = ORIENTED_EDGE ( 'NONE', *, *, #7469, .F. ) ;
#1064 = CARTESIAN_POINT ( 'NONE',  ( 9.199999999999999289, 25.10000000000000142, 12.51494535291870136 ) ) ;
#1065 = DIRECTION ( 'NONE',  ( 0.7071067811865460184, 0.7071067811865489050, 3.140184917367549840E-16 ) ) ;
#1066 = FACE_OUTER_BOUND ( 'NONE', #6739, .T. ) ;
#1067 = ORIENTED_EDGE ( 'NONE', *, *, #5157, .T. ) ;
#1068 = DIRECTION ( 'NONE',  ( 0.000000000000000000, -0.8356006513277618453, 0.5493373749351305735 ) ) ;
#1069 = EDGE_CURVE ( 'NONE', #1826, #1319, #4333, .T. ) ;
#1070 = PRODUCT_RELATED_PRODUCT_CATEGORY ( 'part', '', ( #626 ) ) ;
#1071 = ORIENTED_EDGE ( 'NONE', *, *, #392, .T. ) ;
#1072 = LINE ( 'NONE', #2440, #5209 ) ;
#1073 = CARTESIAN_POINT ( 'NONE',  ( 9.199999999999999289, 6.685054647081260626, -5.899999999999999467 ) ) ;
#1074 = DIRECTION ( 'NONE',  ( -1.000000000000000000, 0.000000000000000000, 0.000000000000000000 ) ) ;
#1075 = DIRECTION ( 'NONE',  ( 0.000000000000000000, -1.000000000000000000, 0.000000000000000000 ) ) ;
#1076 = CIRCLE ( 'NONE', #925, 1.200000000000000622 ) ;
#1077 = PLANE ( 'NONE',  #7393 ) ;
#1078 = ORIENTED_EDGE ( 'NONE', *, *, #7192, .F. ) ;
#1079 = CARTESIAN_POINT ( 'NONE',  ( 0.000000000000000000, 20.52426406364761036, 15.92426407377624642 ) ) ;
#1080 = ORIENTED_EDGE ( 'NONE', *, *, #3750, .F. ) ;
#1081 = FACE_OUTER_BOUND ( 'NONE', #6897, .T. ) ;
#1082 = ORIENTED_EDGE ( 'NONE', *, *, #5045, .F. ) ;
#1083 = CARTESIAN_POINT ( 'NONE',  ( 4.799999999999999822, 4.746871739707652971, -2.523582924470392452 ) ) ;
#1084 = ADVANCED_FACE ( 'NONE', ( #4641 ), #4546, .T. ) ;
#1085 = FACE_OUTER_BOUND ( 'NONE', #6325, .T. ) ;
#1086 = EDGE_LOOP ( 'NONE', ( #7021, #5417 ) ) ;
#1087 = ORIENTED_EDGE ( 'NONE', *, *, #245, .T. ) ;
#1088 = FACE_OUTER_BOUND ( 'NONE', #9356, .T. ) ;
#1089 = ORIENTED_EDGE ( 'NONE', *, *, #2313, .T. ) ;
#1090 = VECTOR ( 'NONE', #8817, 1000.000000000000000 ) ;
#1091 = ORIENTED_EDGE ( 'NONE', *, *, #6558, .F. ) ;
#1092 = CARTESIAN_POINT ( 'NONE',  ( 3.600000000000000089, 3.950000000000000178, 7.299999999999999822 ) ) ;
#1093 = ADVANCED_FACE ( 'NONE', ( #133 ), #6837, .F. ) ;
#1094 = DIRECTION ( 'NONE',  ( -1.000000000000000000, 0.000000000000000000, 0.000000000000000000 ) ) ;
#1095 = CIRCLE ( 'NONE', #7478, 1.000000000000000222 ) ;
#1096 = VERTEX_POINT ( 'NONE', #3092 ) ;
#1097 = CARTESIAN_POINT ( 'NONE',  ( 9.199999999999999289, 25.69999999999999929, 3.514213562373090127 ) ) ;
#1098 = ORIENTED_EDGE ( 'NONE', *, *, #9379, .T. ) ;
#1099 = DIRECTION ( 'NONE',  ( 1.000000000000000000, 0.000000000000000000, 0.000000000000000000 ) ) ;
#1100 = ORIENTED_EDGE ( 'NONE', *, *, #6171, .F. ) ;
#1101 = B_SPLINE_CURVE_WITH_KNOTS ( 'NONE', 3,
 ( #8154, #6784, #3809, #1479 ),
 .UNSPECIFIED., .F., .F.,
 ( 4, 4 ),
 ( 2.871086192947773136E-07, 1.053935174504344350E-05 ),
 .UNSPECIFIED. ) ;
#1102 = CARTESIAN_POINT ( 'NONE',  ( 10.20000000000000107, 18.10000000000000142, 7.299999999999999822 ) ) ;
#1103 = AXIS2_PLACEMENT_3D ( 'NONE', #4529, #6822, #2200 ) ;
#1104 = CARTESIAN_POINT ( 'NONE',  ( 3.399999999999999911, 11.70000000000000107, 15.25000000000000000 ) ) ;
#1105 = CARTESIAN_POINT ( 'NONE',  ( 0.000000000000000000, -7.900000000000000355, -7.500000000000000000 ) ) ;
#1106 = EDGE_CURVE ( 'NONE', #8959, #5072, #4694, .T. ) ;
#1107 = EDGE_LOOP ( 'NONE', ( #3440, #4980, #8228, #8831 ) ) ;
#1108 = DIRECTION ( 'NONE',  ( 0.000000000000000000, -0.2158927849980366576, 0.9764170755296077697 ) ) ;
#1109 = AXIS2_PLACEMENT_3D ( 'NONE', #8961, #6609, #137 ) ;
#1110 = DIRECTION ( 'NONE',  ( 0.000000000000000000, 0.9238795325112866275, -0.3826834323650900038 ) ) ;
#1111 = DIRECTION ( 'NONE',  ( -0.6086365115033360862, 0.000000000000000000, 0.7934491772413968524 ) ) ;
#1112 = ORIENTED_EDGE ( 'NONE', *, *, #5573, .F. ) ;
#1113 = CARTESIAN_POINT ( 'NONE',  ( 9.000000000000000000, -2.993965304395110216, -3.359489805919690042 ) ) ;
#1114 = AXIS2_PLACEMENT_3D ( 'NONE', #5990, #6711, #8972 ) ;
#1115 = EDGE_CURVE ( 'NONE', #9461, #7341, #7684, .T. ) ;
#1116 = CIRCLE ( 'NONE', #24, 1.200000000000000400 ) ;
#1117 = VERTEX_POINT ( 'NONE', #180 ) ;
#1118 = VECTOR ( 'NONE', #1540, 1000.000000000000000 ) ;
#1119 = DIRECTION ( 'NONE',  ( 0.000000000000000000, 2.220446049250309876E-16, -1.000000000000000000 ) ) ;
#1120 = EDGE_CURVE ( 'NONE', #7341, #9097, #8312, .T. ) ;
#1121 = PLANE ( 'NONE',  #7526 ) ;
#1122 = DIRECTION ( 'NONE',  ( 0.000000000000000000, 1.000000000000000000, -0.000000000000000000 ) ) ;
#1123 = FACE_OUTER_BOUND ( 'NONE', #6064, .T. ) ;
#1124 = FACE_OUTER_BOUND ( 'NONE', #1406, .T. ) ;
#1125 = CARTESIAN_POINT ( 'NONE',  ( 9.199999999999999289, 21.14999999999999858, 22.30000000000000071 ) ) ;
#1126 = AXIS2_PLACEMENT_3D ( 'NONE', #3654, #5062, #8727 ) ;
#1127 = ORIENTED_EDGE ( 'NONE', *, *, #66, .F. ) ;
#1128 = CARTESIAN_POINT ( 'NONE',  ( 10.20000000000000107, 18.74999997233189930, 15.69999999999999929 ) ) ;
#1129 = VECTOR ( 'NONE', #2008, 1000.000000000000114 ) ;
#1130 = EDGE_CURVE ( 'NONE', #2107, #5050, #3142, .T. ) ;
#1131 = EDGE_LOOP ( 'NONE', ( #343, #1604, #4329, #4345 ) ) ;
#1132 = DIRECTION ( 'NONE',  ( 0.000000000000000000, 0.3412646552513101117, 0.9399672521296710270 ) ) ;
#1133 = AXIS2_PLACEMENT_3D ( 'NONE', #2919, #541, #1996 ) ;
#1134 = EDGE_LOOP ( 'NONE', ( #7636, #5490, #2410, #3917 ) ) ;
#1135 = EDGE_CURVE ( 'NONE', #5792, #1875, #1679, .T. ) ;
#1136 = DIRECTION ( 'NONE',  ( 0.000000000000000000, 1.000000000000000000, 0.000000000000000000 ) ) ;
#1137 = DIRECTION ( 'NONE',  ( 1.000000000000000000, 0.000000000000000000, 0.000000000000000000 ) ) ;
#1138 = ORIENTED_EDGE ( 'NONE', *, *, #8985, .T. ) ;
#1139 = ORIENTED_EDGE ( 'NONE', *, *, #4552, .T. ) ;
#1140 = PLANE ( 'NONE',  #665 ) ;
#1141 = VECTOR ( 'NONE', #230, 1000.000000000000000 ) ;
#1142 = ORIENTED_EDGE ( 'NONE', *, *, #470, .F. ) ;
#1143 = CIRCLE ( 'NONE', #2067, 22.49999999999999289 ) ;
#1144 = ORIENTED_EDGE ( 'NONE', *, *, #105, .T. ) ;
#1145 = AXIS2_PLACEMENT_3D ( 'NONE', #9435, #606, #5033 ) ;
#1146 = CARTESIAN_POINT ( 'NONE',  ( 3.399999999999999023, 18.03686968387743761, 31.69999999999999929 ) ) ;
#1147 = AXIS2_PLACEMENT_3D ( 'NONE', #750, #8296, #6053 ) ;
#1148 = DIRECTION ( 'NONE',  ( 0.000000000000000000, 0.000000000000000000, -1.000000000000000000 ) ) ;
#1149 = AXIS2_PLACEMENT_3D ( 'NONE', #2993, #3679, #2265 ) ;
#1150 = ORIENTED_EDGE ( 'NONE', *, *, #5476, .F. ) ;
#1151 = CYLINDRICAL_SURFACE ( 'NONE', #2194, 1.000000000000000000 ) ;
#1152 = ORIENTED_EDGE ( 'NONE', *, *, #1543, .F. ) ;
#1153 = CARTESIAN_POINT ( 'NONE',  ( 1.199999999999999734, -18.30000000000000071, 2.471841418861656425 ) ) ;
#1154 = ORIENTED_EDGE ( 'NONE', *, *, #190, .T. ) ;
#1155 = FACE_OUTER_BOUND ( 'NONE', #275, .T. ) ;
#1156 = CONICAL_SURFACE ( 'NONE', #6592, 1.500000000000000666, 0.7853981633974490562 ) ;
#1157 = EDGE_CURVE ( 'NONE', #9506, #6823, #6795, .T. ) ;
#1158 = CARTESIAN_POINT ( 'NONE',  ( 0.000000000000000000, -25.51999999999984681, 4.529999999999937188 ) ) ;
#1159 = CARTESIAN_POINT ( 'NONE',  ( 2.999999999999993783, -25.51999999999984681, 4.529999999999937188 ) ) ;
#1160 = AXIS2_PLACEMENT_3D ( 'NONE', #940, #2596, #7025 ) ;
#1161 = ORIENTED_EDGE ( 'NONE', *, *, #270, .F. ) ;
#1162 = VECTOR ( 'NONE', #108, 1000.000000000000000 ) ;
#1163 = LINE ( 'NONE', #2617, #1248 ) ;
#1164 = LINE ( 'NONE', #3351, #7647 ) ;
#1165 = DIRECTION ( 'NONE',  ( 0.000000000000000000, 0.000000000000000000, -1.000000000000000000 ) ) ;
#1166 = ORIENTED_EDGE ( 'NONE', *, *, #573, .T. ) ;
#1167 = DIRECTION ( 'NONE',  ( 0.000000000000000000, -1.000000000000000000, 0.000000000000000000 ) ) ;
#1168 = ADVANCED_FACE ( 'NONE', ( #2460 ), #6066, .F. ) ;
#1169 = CIRCLE ( 'NONE', #6445, 14.99499999999999744 ) ;
#1170 = VERTEX_POINT ( 'NONE', #3910 ) ;
#1171 = CARTESIAN_POINT ( 'NONE',  ( 9.199999999999999289, -2.201219525096630214, -3.460602507600569755 ) ) ;
#1172 = CARTESIAN_POINT ( 'NONE',  ( 0.000000000000000000, 15.68578643762690028, -6.500000000000000000 ) ) ;
#1173 = DIRECTION ( 'NONE',  ( 0.000000000000000000, -1.000000000000000000, 0.000000000000000000 ) ) ;
#1174 = CARTESIAN_POINT ( 'NONE',  ( 0.000000000000000000, 17.69999999999999929, 7.299999999999999822 ) ) ;
#1175 = VECTOR ( 'NONE', #7556, 1000.000000000000000 ) ;
#1176 = CARTESIAN_POINT ( 'NONE',  ( 10.20000000000000107, 18.30000000000000071, 15.50000000000000000 ) ) ;
#1177 = ORIENTED_EDGE ( 'NONE', *, *, #2551, .T. ) ;
#1178 = DIRECTION ( 'NONE',  ( 0.000000000000000000, 0.000000000000000000, -1.000000000000000000 ) ) ;
#1179 = VERTEX_POINT ( 'NONE', #7734 ) ;
#1180 = EDGE_CURVE ( 'NONE', #2330, #9466, #9052, .T. ) ;
#1181 = VERTEX_POINT ( 'NONE', #2362 ) ;
#1182 = ORIENTED_EDGE ( 'NONE', *, *, #1272, .T. ) ;
#1183 = DIRECTION ( 'NONE',  ( 0.000000000000000000, 1.676470801241769990E-13, 1.000000000000000000 ) ) ;
#1184 = ADVANCED_FACE ( 'NONE', ( #6384 ), #3093, .F. ) ;
#1185 = DIRECTION ( 'NONE',  ( 0.000000000000000000, 1.000000000000000000, 0.000000000000000000 ) ) ;
#1186 = DIRECTION ( 'NONE',  ( 0.000000000000000000, -1.000000000000000000, -4.440892098500630106E-16 ) ) ;
#1187 = EDGE_CURVE ( 'NONE', #1237, #8485, #8462, .T. ) ;
#1188 = ORIENTED_EDGE ( 'NONE', *, *, #7007, .T. ) ;
#1189 = CARTESIAN_POINT ( 'NONE',  ( 0.000000000000000000, 18.70000000000000284, 21.85329983228429995 ) ) ;
#1190 = ORIENTED_EDGE ( 'NONE', *, *, #3689, .F. ) ;
#1191 = VECTOR ( 'NONE', #3259, 1000.000000000000114 ) ;
#1192 = EDGE_CURVE ( 'NONE', #1790, #1432, #3715, .T. ) ;
#1193 = VERTEX_POINT ( 'NONE', #6528 ) ;
#1194 = EDGE_CURVE ( 'NONE', #118, #6150, #9181, .T. ) ;
#1195 = CARTESIAN_POINT ( 'NONE',  ( 8.800000000000000711, 26.62387953251128891, 3.131530130008000956 ) ) ;
#1196 = DIRECTION ( 'NONE',  ( 0.000000000000000000, -0.3412646552513101117, 0.9399672521296710270 ) ) ;
#1197 = VERTEX_POINT ( 'NONE', #8793 ) ;
#1198 = FACE_OUTER_BOUND ( 'NONE', #8514, .T. ) ;
#1199 = EDGE_CURVE ( 'NONE', #6980, #7862, #769, .T. ) ;
#1200 = ORIENTED_EDGE ( 'NONE', *, *, #7612, .T. ) ;
#1201 = PLANE ( 'NONE',  #1739 ) ;
#1202 = ORIENTED_EDGE ( 'NONE', *, *, #7322, .F. ) ;
#1203 = DIRECTION ( 'NONE',  ( 0.000000000000000000, 0.000000000000000000, 1.000000000000000000 ) ) ;
#1204 = DIRECTION ( 'NONE',  ( 0.7071067811865463515, 0.000000000000000000, -0.7071067811865487940 ) ) ;
#1205 = LINE ( 'NONE', #9489, #8381 ) ;
#1206 = ORIENTED_EDGE ( 'NONE', *, *, #9636, .F. ) ;
#1207 = CARTESIAN_POINT ( 'NONE',  ( 9.199999999999999289, 23.30604309612409963, 22.85929092759399950 ) ) ;
#1208 = CARTESIAN_POINT ( 'NONE',  ( 10.00000000000000000, -9.849999995908170547, -1.300000000000000044 ) ) ;
#1209 = DIRECTION ( 'NONE',  ( -1.000000000000000000, 0.000000000000000000, 0.000000000000000000 ) ) ;
#1210 = ORIENTED_EDGE ( 'NONE', *, *, #5403, .F. ) ;
#1211 = FACE_OUTER_BOUND ( 'NONE', #8172, .T. ) ;
#1212 = AXIS2_PLACEMENT_3D ( 'NONE', #1159, #6408, #3438 ) ;
#1213 = EDGE_LOOP ( 'NONE', ( #4215, #4704 ) ) ;
#1214 = CARTESIAN_POINT ( 'NONE',  ( 8.800000000000000711, 11.90000000000000036, 1.500000000000000000 ) ) ;
#1215 = LINE ( 'NONE', #4324, #7337 ) ;
#1216 = CARTESIAN_POINT ( 'NONE',  ( 9.199999999999999289, 12.50000000000000000, 0.9000000000000000222 ) ) ;
#1217 = DIRECTION ( 'NONE',  ( -1.000000000000000000, 0.000000000000000000, 0.000000000000000000 ) ) ;
#1218 = EDGE_CURVE ( 'NONE', #8959, #6980, #7334, .T. ) ;
#1219 = ADVANCED_BREP_SHAPE_REPRESENTATION ( 'Corner Panel Clip Top B', ( #6316, #4906 ), #6457 ) ;
#1220 = DIRECTION ( 'NONE',  ( -0.2810846377148199515, -0.6785983445458471097, -0.6785983445458471097 ) ) ;
#1221 = AXIS2_PLACEMENT_3D ( 'NONE', #2758, #3390, #7839 ) ;
#1222 = ORIENTED_EDGE ( 'NONE', *, *, #7756, .F. ) ;
#1223 = LINE ( 'NONE', #4088, #6418 ) ;
#1224 = ORIENTED_EDGE ( 'NONE', *, *, #124, .F. ) ;
#1225 = ORIENTED_EDGE ( 'NONE', *, *, #5095, .F. ) ;
#1226 = ADVANCED_FACE ( 'NONE', ( #8649 ), #4294, .F. ) ;
#1227 = ORIENTED_EDGE ( 'NONE', *, *, #7595, .T. ) ;
#1228 = CARTESIAN_POINT ( 'NONE',  ( 10.20000000000000107, 20.29999999999999716, 7.299999991816339850 ) ) ;
#1229 = CARTESIAN_POINT ( 'NONE',  ( 10.00668633713120315, -16.60101504174063436, -1.998984958259370392 ) ) ;
#1230 = LINE ( 'NONE', #9428, #9260 ) ;
#1231 = EDGE_CURVE ( 'NONE', #1531, #4414, #6485, .T. ) ;
#1232 = ORIENTED_EDGE ( 'NONE', *, *, #8111, .T. ) ;
#1233 = FACE_OUTER_BOUND ( 'NONE', #122, .T. ) ;
#1234 = ORIENTED_EDGE ( 'NONE', *, *, #5279, .T. ) ;
#1235 = ADVANCED_FACE ( 'NONE', ( #9469 ), #7269, .T. ) ;
#1236 = EDGE_CURVE ( 'NONE', #3468, #6400, #9513, .T. ) ;
#1237 = VERTEX_POINT ( 'NONE', #4238 ) ;
#1238 = CARTESIAN_POINT ( 'NONE',  ( 1.600000000000000755, -20.00000000000000000, 2.449293598294706513E-15 ) ) ;
#1239 = FACE_OUTER_BOUND ( 'NONE', #7757, .T. ) ;
#1240 = ADVANCED_FACE ( 'NONE', ( #5659 ), #5705, .T. ) ;
#1241 = ORIENTED_EDGE ( 'NONE', *, *, #7882, .T. ) ;
#1242 = CARTESIAN_POINT ( 'NONE',  ( 1.399999999999999911, 17.50000000000029843, 17.50000000000000000 ) ) ;
#1243 = ORIENTED_EDGE ( 'NONE', *, *, #4732, .T. ) ;
#1244 = LINE ( 'NONE', #8665, #344 ) ;
#1245 = ORIENTED_EDGE ( 'NONE', *, *, #4032, .T. ) ;
#1246 = PLANE ( 'NONE',  #4085 ) ;
#1247 = EDGE_CURVE ( 'NONE', #4379, #7824, #5259, .T. ) ;
#1248 = VECTOR ( 'NONE', #4212, 1000.000000000000114 ) ;
#1249 = LINE ( 'NONE', #3530, #7836 ) ;
#1250 = CARTESIAN_POINT ( 'NONE',  ( 9.199999999999999289, -3.700000000000000178, 0.9000000000000000222 ) ) ;
#1251 = EDGE_CURVE ( 'NONE', #4259, #376, #1076, .T. ) ;
#1252 = ORIENTED_EDGE ( 'NONE', *, *, #450, .T. ) ;
#1253 = DIRECTION ( 'NONE',  ( 0.000000000000000000, 0.000000000000000000, 1.000000000000000000 ) ) ;
#1254 = CARTESIAN_POINT ( 'NONE',  ( 10.00000000000000000, 18.74999997233189930, 15.90000000000000036 ) ) ;
#1255 = CARTESIAN_POINT ( 'NONE',  ( 0.000000000000000000, 11.70000000000000107, 26.63271332580049844 ) ) ;
#1256 = VERTEX_POINT ( 'NONE', #3605 ) ;
#1257 = CARTESIAN_POINT ( 'NONE',  ( 9.000000000000000000, 21.79321938922839763, 14.65883827880580093 ) ) ;
#1258 = EDGE_CURVE ( 'NONE', #5534, #1823, #6579, .T. ) ;
#1259 = ORIENTED_EDGE ( 'NONE', *, *, #409, .F. ) ;
#1260 = VECTOR ( 'NONE', #5283, 1000.000000000000000 ) ;
#1261 = CARTESIAN_POINT ( 'NONE',  ( 8.800000000000002487, -25.51999999999984681, 4.529999999999937188 ) ) ;
#1262 = AXIS2_PLACEMENT_3D ( 'NONE', #1605, #1552, #7558 ) ;
#1263 = FACE_OUTER_BOUND ( 'NONE', #2249, .T. ) ;
#1264 = CARTESIAN_POINT ( 'NONE',  ( 1.000000000000000000, 25.69999999999999929, 26.63271332580049844 ) ) ;
#1265 = CYLINDRICAL_SURFACE ( 'NONE', #2416, 0.5999999999999998668 ) ;
#1266 = CARTESIAN_POINT ( 'NONE',  ( 0.000000000000000000, 20.10000000000000142, 22.30000000000000071 ) ) ;
#1267 = ORIENTED_EDGE ( 'NONE', *, *, #8752, .T. ) ;
#1268 = CARTESIAN_POINT ( 'NONE',  ( 10.20000000000000107, 20.29999999999999716, 13.44999999999999929 ) ) ;
#1269 = CIRCLE ( 'NONE', #493, 0.9999999999999998890 ) ;
#1270 = EDGE_LOOP ( 'NONE', ( #9543, #5010, #7959, #4573, #3624 ) ) ;
#1271 = AXIS2_PLACEMENT_3D ( 'NONE', #7969, #8020, #7139 ) ;
#1272 = EDGE_CURVE ( 'NONE', #1695, #3192, #7910, .T. ) ;
#1273 = ORIENTED_EDGE ( 'NONE', *, *, #4815, .F. ) ;
#1274 = ORIENTED_EDGE ( 'NONE', *, *, #9578, .F. ) ;
#1275 = CARTESIAN_POINT ( 'NONE',  ( 9.199999999999999289, 3.109953568212799002, -3.270442430934717759 ) ) ;
#1276 = DIRECTION ( 'NONE',  ( 0.000000000000000000, 1.000000000000000000, 4.440892098500630106E-16 ) ) ;
#1277 = CARTESIAN_POINT ( 'NONE',  ( 9.199999999999999289, 18.10000000000000142, 22.33431457505080076 ) ) ;
#1278 = DIRECTION ( 'NONE',  ( 0.7071067811865470176, 0.7071067811865480168, 3.140184917367550333E-16 ) ) ;
#1279 = VECTOR ( 'NONE', #3559, 1000.000000000000000 ) ;
#1280 = ORIENTED_EDGE ( 'NONE', *, *, #4314, .T. ) ;
#1281 = DIRECTION ( 'NONE',  ( -1.000000000000000000, 0.000000000000000000, 0.000000000000000000 ) ) ;
#1282 = VERTEX_POINT ( 'NONE', #7171 ) ;
#1283 = AXIS2_PLACEMENT_3D ( 'NONE', #3830, #4608, #4560 ) ;
#1284 = EDGE_CURVE ( 'NONE', #8358, #1826, #5427, .T. ) ;
#1285 = CONICAL_SURFACE ( 'NONE', #7517, 0.4000000000000001887, 0.7853981633974469467 ) ;
#1286 = ORIENTED_EDGE ( 'NONE', *, *, #5593, .T. ) ;
#1287 = CARTESIAN_POINT ( 'NONE',  ( 1.000000000000000000, 16.06846986999198990, -7.423879532511286072 ) ) ;
#1288 = DIRECTION ( 'NONE',  ( -1.000000000000000000, 0.000000000000000000, 0.000000000000000000 ) ) ;
#1289 = EDGE_LOOP ( 'NONE', ( #5406, #1139, #2653, #12 ) ) ;
#1290 = DIRECTION ( 'NONE',  ( 0.7071067811865475727, 0.7071067811865475727, 0.000000000000000000 ) ) ;
#1291 = ORIENTED_EDGE ( 'NONE', *, *, #4389, .F. ) ;
#1292 = CYLINDRICAL_SURFACE ( 'NONE', #5459, 0.9999999999999994449 ) ;
#1293 = AXIS2_PLACEMENT_3D ( 'NONE', #963, #5064, #7307 ) ;
#1294 = ORIENTED_EDGE ( 'NONE', *, *, #9321, .T. ) ;
#1295 = CARTESIAN_POINT ( 'NONE',  ( 8.800000000000000711, -22.89999999999999503, 1.500000000000000000 ) ) ;
#1296 = EDGE_CURVE ( 'NONE', #8546, #1717, #8691, .T. ) ;
#1297 = VECTOR ( 'NONE', #5859, 999.9999999999998863 ) ;
#1298 = CIRCLE ( 'NONE', #6738, 2.999999999999999112 ) ;
#1299 = DIRECTION ( 'NONE',  ( 0.000000000000000000, 0.000000000000000000, -1.000000000000000000 ) ) ;
#1300 = CARTESIAN_POINT ( 'NONE',  ( 8.800000000000000711, 21.17820450131710786, 31.63996725212966865 ) ) ;
#1301 = EDGE_CURVE ( 'NONE', #1784, #4481, #6673, .T. ) ;
#1302 = EDGE_LOOP ( 'NONE', ( #850, #8244, #1466, #6933 ) ) ;
#1303 = DIRECTION ( 'NONE',  ( -1.000000000000000000, 0.000000000000000000, 0.000000000000000000 ) ) ;
#1304 = CARTESIAN_POINT ( 'NONE',  ( 9.199999999999999289, 7.855963737990349749, -2.500000000000000000 ) ) ;
#1305 = CARTESIAN_POINT ( 'NONE',  ( 4.799999999999999822, 21.72358292447039574, 14.45312826029233477 ) ) ;
#1306 = ORIENTED_EDGE ( 'NONE', *, *, #4283, .T. ) ;
#1307 = VECTOR ( 'NONE', #2298, 1000.000000000000000 ) ;
#1308 = ADVANCED_FACE ( 'NONE', ( #8933 ), #2927, .T. ) ;
#1309 = ORIENTED_EDGE ( 'NONE', *, *, #3563, .F. ) ;
#1310 = AXIS2_PLACEMENT_3D ( 'NONE', #4521, #7513, #838 ) ;
#1311 = CARTESIAN_POINT ( 'NONE',  ( 9.199999999999999289, -4.162520714692961477, -2.548705995991636275 ) ) ;
#1312 = CARTESIAN_POINT ( 'NONE',  ( 9.199999999999999289, 12.46568542494920173, 1.100000000000000089 ) ) ;
#1313 = DIRECTION ( 'NONE',  ( -1.000000000000000000, 0.000000000000000000, 0.000000000000000000 ) ) ;
#1314 = DIRECTION ( 'NONE',  ( 1.000000000000000000, 0.000000000000000000, 0.000000000000000000 ) ) ;
#1315 = ORIENTED_EDGE ( 'NONE', *, *, #7272, .F. ) ;
#1316 = CARTESIAN_POINT ( 'NONE',  ( -4.082086271002694389, 0.000000000000000000, 0.000000000000000000 ) ) ;
#1317 = ORIENTED_EDGE ( 'NONE', *, *, #6654, .T. ) ;
#1318 = DIRECTION ( 'NONE',  ( 1.000000000000000000, 0.000000000000000000, 0.000000000000000000 ) ) ;
#1319 = VERTEX_POINT ( 'NONE', #5354 ) ;
#1320 = ORIENTED_EDGE ( 'NONE', *, *, #2930, .T. ) ;
#1321 = ORIENTED_EDGE ( 'NONE', *, *, #1805, .T. ) ;
#1322 = AXIS2_PLACEMENT_3D ( 'NONE', #2179, #1504, #5193 ) ;
#1323 = DIRECTION ( 'NONE',  ( 1.000000000000000000, 0.000000000000000000, 0.000000000000000000 ) ) ;
#1324 = DIRECTION ( 'NONE',  ( 0.000000000000000000, 1.000000000000000000, 0.000000000000000000 ) ) ;
#1325 = DIRECTION ( 'NONE',  ( 0.000000000000000000, -1.000000000000000000, 0.000000000000000000 ) ) ;
#1326 = CARTESIAN_POINT ( 'NONE',  ( 9.199999999999999289, 6.685054647081260626, -4.899999999999999467 ) ) ;
#1327 = EDGE_LOOP ( 'NONE', ( #5586, #3678, #9433, #4437 ) ) ;
#1328 = CARTESIAN_POINT ( 'NONE',  ( 1.000000000000000000, 25.69999999999999929, 26.63271332580049844 ) ) ;
#1329 = ORIENTED_EDGE ( 'NONE', *, *, #3796, .T. ) ;
#1330 = CIRCLE ( 'NONE', #8965, 1.999999999999999778 ) ;
#1331 = ORIENTED_EDGE ( 'NONE', *, *, #2084, .F. ) ;
#1332 = DIRECTION ( 'NONE',  ( 0.000000000000000000, 9.682177540335678786E-16, -1.000000000000000000 ) ) ;
#1333 = DIRECTION ( 'NONE',  ( 1.000000000000000000, 0.000000000000000000, 0.000000000000000000 ) ) ;
#1334 = ORIENTED_EDGE ( 'NONE', *, *, #5410, .T. ) ;
#1335 = DIRECTION ( 'NONE',  ( 0.7071067811865469066, 0.4536480327727568929, -0.5424052565761219302 ) ) ;
#1336 = AXIS2_PLACEMENT_3D ( 'NONE', #8285, #7365, #5243 ) ;
#1337 = ADVANCED_FACE ( 'NONE', ( #6668 ), #1559, .T. ) ;
#1338 = VERTEX_POINT ( 'NONE', #4576 ) ;
#1339 = DIRECTION ( 'NONE',  ( 0.000000000000000000, -1.000000000000000000, 0.000000000000000000 ) ) ;
#1340 = ORIENTED_EDGE ( 'NONE', *, *, #478, .F. ) ;
#1341 = CARTESIAN_POINT ( 'NONE',  ( 9.099999999999999645, 22.75128056876170035, 21.44337980526719889 ) ) ;
#1342 = AXIS2_PLACEMENT_3D ( 'NONE', #537, #4129, #2724 ) ;
#1343 = PLANE ( 'NONE',  #3462 ) ;
#1344 = EDGE_CURVE ( 'NONE', #4824, #9270, #2974, .T. ) ;
#1345 = CARTESIAN_POINT ( 'NONE',  ( 9.199999999999999289, 20.69999999999999929, 17.35000000000000142 ) ) ;
#1346 = CARTESIAN_POINT ( 'NONE',  ( 1.600000000000000089, -22.47184141886165420, 1.700000000000002842 ) ) ;
#1347 = ORIENTED_EDGE ( 'NONE', *, *, #8747, .F. ) ;
#1348 = CARTESIAN_POINT ( 'NONE',  ( 9.199999999999999289, -2.653299832284320203, 1.100000000000000089 ) ) ;
#1349 = CARTESIAN_POINT ( 'NONE',  ( 10.20000000000000107, -44.10000000000000853, 1.100000000000000089 ) ) ;
#1350 = DIRECTION ( 'NONE',  ( 1.000000000000000000, 0.000000000000000000, 0.000000000000000000 ) ) ;
#1351 = ADVANCED_FACE ( 'NONE', ( #2288 ), #4186, .F. ) ;
#1352 = EDGE_LOOP ( 'NONE', ( #2238, #127, #5260, #3255 ) ) ;
#1353 = LINE ( 'NONE', #6612, #1412 ) ;
#1354 = VECTOR ( 'NONE', #5785, 1000.000000000000000 ) ;
#1355 = DIRECTION ( 'NONE',  ( -1.000000000000000000, 0.000000000000000000, 0.000000000000000000 ) ) ;
#1356 = FACE_OUTER_BOUND ( 'NONE', #6419, .T. ) ;
#1357 = CARTESIAN_POINT ( 'NONE',  ( 9.799999999999998934, 18.29999994466389879, 16.10000000000000142 ) ) ;
#1358 = CARTESIAN_POINT ( 'NONE',  ( 0.000000000000000000, -3.700000000000000178, 0.9000000000000000222 ) ) ;
#1359 = EDGE_CURVE ( 'NONE', #8950, #2202, #928, .T. ) ;
#1360 = ORIENTED_EDGE ( 'NONE', *, *, #709, .F. ) ;
#1361 = CARTESIAN_POINT ( 'NONE',  ( 9.000000000000000000, 6.685054647081260626, -4.899999999999999467 ) ) ;
#1362 = ORIENTED_EDGE ( 'NONE', *, *, #5465, .T. ) ;
#1363 = FACE_OUTER_BOUND ( 'NONE', #131, .T. ) ;
#1364 = ORIENTED_EDGE ( 'NONE', *, *, #8149, .T. ) ;
#1365 = EDGE_CURVE ( 'NONE', #1096, #6522, #5998, .T. ) ;
#1366 = ORIENTED_EDGE ( 'NONE', *, *, #8705, .T. ) ;
#1367 = DIRECTION ( 'NONE',  ( 0.2810846377148185637, 0.6785983445458532159, 0.6785983445458415586 ) ) ;
#1368 = DIRECTION ( 'NONE',  ( -1.000000000000000000, 0.000000000000000000, 0.000000000000000000 ) ) ;
#1369 = DIRECTION ( 'NONE',  ( -1.000000000000000000, 0.000000000000000000, 0.000000000000000000 ) ) ;
#1370 = VECTOR ( 'NONE', #5044, 1000.000000000000000 ) ;
#1371 = FACE_OUTER_BOUND ( 'NONE', #2421, .T. ) ;
#1372 = EDGE_CURVE ( 'NONE', #5578, #986, #7564, .T. ) ;
#1373 = ORIENTED_EDGE ( 'NONE', *, *, #2910, .F. ) ;
#1374 = FACE_OUTER_BOUND ( 'NONE', #2635, .T. ) ;
#1375 = ORIENTED_EDGE ( 'NONE', *, *, #4915, .F. ) ;
#1376 = CIRCLE ( 'NONE', #7610, 0.9999999999999998890 ) ;
#1377 = EDGE_CURVE ( 'NONE', #4298, #9247, #8237, .T. ) ;
#1378 = EDGE_LOOP ( 'NONE', ( #5717, #1100, #6769, #5078 ) ) ;
#1379 = CARTESIAN_POINT ( 'NONE',  ( 0.000000000000000000, 18.29999994466389879, 16.10000000000000142 ) ) ;
#1380 = CARTESIAN_POINT ( 'NONE',  ( 9.000000000000000000, 2.653299832284320203, 0.5000000000000000000 ) ) ;
#1381 = ORIENTED_EDGE ( 'NONE', *, *, #7238, .F. ) ;
#1382 = DIRECTION ( 'NONE',  ( 0.000000000000000000, 0.000000000000000000, 1.000000000000000000 ) ) ;
#1383 = VECTOR ( 'NONE', #2826, 1000.000000000000000 ) ;
#1384 = ORIENTED_EDGE ( 'NONE', *, *, #458, .T. ) ;
#1385 = PLANE ( 'NONE',  #4218 ) ;
#1386 = ORIENTED_EDGE ( 'NONE', *, *, #1236, .F. ) ;
#1387 = CARTESIAN_POINT ( 'NONE',  ( 9.799999999999997158, -22.89999999999999858, 1.500000000000001776 ) ) ;
#1388 = VECTOR ( 'NONE', #3465, 999.9999999999998863 ) ;
#1389 = EDGE_CURVE ( 'NONE', #3264, #4241, #8380, .T. ) ;
#1390 = CARTESIAN_POINT ( 'NONE',  ( 9.099999999999999645, 4.962764524705690405, -3.500000000000000000 ) ) ;
#1391 = DIRECTION ( 'NONE',  ( 1.000000000000000000, 0.000000000000000000, 0.000000000000000000 ) ) ;
#1392 = CARTESIAN_POINT ( 'NONE',  ( 9.192858448906161328, -2.560451229361957459, 1.099999999999999645 ) ) ;
#1393 = ORIENTED_EDGE ( 'NONE', *, *, #8165, .T. ) ;
#1394 = CARTESIAN_POINT ( 'NONE',  ( 1.600000000000000089, 19.19999999999999929, 19.19999999999999929 ) ) ;
#1395 = DIRECTION ( 'NONE',  ( 0.000000000000000000, -0.3412646552513101117, 0.9399672521296710270 ) ) ;
#1396 = ORIENTED_EDGE ( 'NONE', *, *, #1649, .T. ) ;
#1397 = LINE ( 'NONE', #2173, #8267 ) ;
#1398 = CIRCLE ( 'NONE', #2493, 1.000000000000000666 ) ;
#1399 = ADVANCED_FACE ( 'NONE', ( #3841 ), #5408, .F. ) ;
#1400 = LINE ( 'NONE', #1599, #5232 ) ;
#1401 = DIRECTION ( 'NONE',  ( 0.6785983445458414476, 0.6785983445458531049, 0.2810846377148191189 ) ) ;
#1402 = CARTESIAN_POINT ( 'NONE',  ( 9.000000000000000000, 7.815809548242880211, -5.106722772110519948 ) ) ;
#1403 = EDGE_LOOP ( 'NONE', ( #1222, #5582, #4943, #3186 ) ) ;
#1404 = CARTESIAN_POINT ( 'NONE',  ( 9.000000000000000000, 21.79321940329010232, 23.74116171199930037 ) ) ;
#1405 = AXIS2_PLACEMENT_3D ( 'NONE', #2365, #6943, #6121 ) ;
#1406 = EDGE_LOOP ( 'NONE', ( #1227, #7784, #1161, #7749, #4870, #5992, #7411, #5747, #8465 ) ) ;
#1407 = ADVANCED_FACE ( 'NONE', ( #887 ), #8191, .T. ) ;
#1408 = EDGE_CURVE ( 'NONE', #6197, #2763, #784, .T. ) ;
#1409 = VECTOR ( 'NONE', #1985, 1000.000000000000000 ) ;
#1410 = ADVANCED_FACE ( 'NONE', ( #6043 ), #7154, .F. ) ;
#1411 = ORIENTED_EDGE ( 'NONE', *, *, #863, .T. ) ;
#1412 = VECTOR ( 'NONE', #9598, 999.9999999999998863 ) ;
#1413 = DIRECTION ( 'NONE',  ( 0.000000000000000000, -0.5493373749351307955, 0.8356006513277617342 ) ) ;
#1414 = CARTESIAN_POINT ( 'NONE',  ( 10.20000000000000107, -9.849999995908170547, -1.100000000000000089 ) ) ;
#1415 = CARTESIAN_POINT ( 'NONE',  ( 8.800000000000002487, -47.75818823537125013, 1.107576296220883716 ) ) ;
#1416 = LINE ( 'NONE', #6580, #8304 ) ;
#1417 = DIRECTION ( 'NONE',  ( 0.000000000000000000, 0.000000000000000000, 1.000000000000000000 ) ) ;
#1418 = ADVANCED_FACE ( 'NONE', ( #9026 ), #1616, .F. ) ;
#1419 = AXIS2_PLACEMENT_3D ( 'NONE', #7185, #7879, #4936 ) ;
#1420 = EDGE_LOOP ( 'NONE', ( #2671, #3109, #4013 ) ) ;
#1421 = FACE_OUTER_BOUND ( 'NONE', #5116, .T. ) ;
#1422 = VECTOR ( 'NONE', #8755, 1000.000000000000000 ) ;
#1423 = CIRCLE ( 'NONE', #6993, 1.000000000000000222 ) ;
#1424 = ADVANCED_FACE ( 'NONE', ( #6627 ), #3102, .F. ) ;
#1425 = EDGE_CURVE ( 'NONE', #1528, #7265, #3258, .T. ) ;
#1426 = CARTESIAN_POINT ( 'NONE',  ( 9.099999999999999645, 24.10000000000000142, 25.88505464708130077 ) ) ;
#1427 = VECTOR ( 'NONE', #1903, 1000.000000000000114 ) ;
#1428 = VERTEX_POINT ( 'NONE', #6143 ) ;
#1429 = AXIS2_PLACEMENT_3D ( 'NONE', #4242, #8799, #7082 ) ;
#1430 = CARTESIAN_POINT ( 'NONE',  ( 9.800000000000002487, -44.50000000000001421, -0.9343145750507615421 ) ) ;
#1431 = CARTESIAN_POINT ( 'NONE',  ( 3.799999999999999822, 3.950000000000000178, 7.100000000000000533 ) ) ;
#1432 = VERTEX_POINT ( 'NONE', #8577 ) ;
#1433 = DIRECTION ( 'NONE',  ( 1.000000000000000000, 0.000000000000000000, 0.000000000000000000 ) ) ;
#1434 = EDGE_LOOP ( 'NONE', ( #1438, #5893, #1000, #2180 ) ) ;
#1435 = UNCERTAINTY_MEASURE_WITH_UNIT (LENGTH_MEASURE( 1.000000000000000082E-05 ), #2619, 'distance_accuracy_value', 'NONE');
#1436 = DIRECTION ( 'NONE',  ( 0.000000000000000000, 0.000000000000000000, -1.000000000000000000 ) ) ;
#1437 = CIRCLE ( 'NONE', #9539, 0.9999999999999998890 ) ;
#1438 = ORIENTED_EDGE ( 'NONE', *, *, #3268, .T. ) ;
#1439 = PLANE ( 'NONE',  #3473 ) ;
#1440 = CIRCLE ( 'NONE', #9384, 2.999999999999999112 ) ;
#1441 = CARTESIAN_POINT ( 'NONE',  ( 1.600000000000000089, 19.19999999999999929, 19.19999999999999929 ) ) ;
#1442 = CONICAL_SURFACE ( 'NONE', #7678, 0.8000000000000010436, 0.7853981633974476129 ) ;
#1443 = LINE ( 'NONE', #7440, #5890 ) ;
#1444 = CARTESIAN_POINT ( 'NONE',  ( 9.199999999999999289, 20.66568542494919924, 31.30000000000000071 ) ) ;
#1445 = AXIS2_PLACEMENT_3D ( 'NONE', #6031, #6846, #94 ) ;
#1446 = ORIENTED_EDGE ( 'NONE', *, *, #2782, .T. ) ;
#1447 = DIRECTION ( 'NONE',  ( 0.000000000000000000, -2.220446049250309876E-16, 1.000000000000000000 ) ) ;
#1448 = CARTESIAN_POINT ( 'NONE',  ( 9.000000000000000000, -3.659290927594020193, -4.106043096124059488 ) ) ;
#1449 = ORIENTED_EDGE ( 'NONE', *, *, #2793, .F. ) ;
#1450 = CARTESIAN_POINT ( 'NONE',  ( 8.800000000000000711, 20.83693984606579974, 31.69999999999999929 ) ) ;
#1451 = ADVANCED_FACE ( 'NONE', ( #1899 ), #9313, .F. ) ;
#1452 = AXIS2_PLACEMENT_3D ( 'NONE', #8856, #2168, #5125 ) ;
#1453 = VECTOR ( 'NONE', #13, 1000.000000000000114 ) ;
#1454 = AXIS2_PLACEMENT_3D ( 'NONE', #5850, #8837, #2147 ) ;
#1455 = DIRECTION ( 'NONE',  ( 0.000000000000000000, 2.220446049250309876E-16, -1.000000000000000000 ) ) ;
#1456 = AXIS2_PLACEMENT_3D ( 'NONE', #3947, #3993, #1136 ) ;
#1457 = DIRECTION ( 'NONE',  ( 0.000000000000000000, -1.000000000000000000, 0.000000000000000000 ) ) ;
#1458 = DIRECTION ( 'NONE',  ( -1.000000000000000000, 0.000000000000000000, 0.000000000000000000 ) ) ;
#1459 = CARTESIAN_POINT ( 'NONE',  ( 9.199999999999999289, 21.72358292447039574, 14.45312826029233477 ) ) ;
#1460 = ORIENTED_EDGE ( 'NONE', *, *, #1566, .T. ) ;
#1461 = VECTOR ( 'NONE', #6, 1000.000000000000114 ) ;
#1462 = CARTESIAN_POINT ( 'NONE',  ( 0.000000000000000000, -25.51999999999984325, 26.02999999999991232 ) ) ;
#1463 = ORIENTED_EDGE ( 'NONE', *, *, #3742, .F. ) ;
#1464 = ADVANCED_FACE ( 'NONE', ( #8434 ), #6828, .T. ) ;
#1465 = AXIS2_PLACEMENT_3D ( 'NONE', #5309, #6105, #8297 ) ;
#1466 = ORIENTED_EDGE ( 'NONE', *, *, #1718, .T. ) ;
#1467 = AXIS2_PLACEMENT_3D ( 'NONE', #7609, #929, #208 ) ;
#1468 = CARTESIAN_POINT ( 'NONE',  ( 3.799999999999999378, -21.56444425349906524, 0.6652173913043482045 ) ) ;
#1469 = CARTESIAN_POINT ( 'NONE',  ( 10.00000000000000000, 20.10000000000000142, 22.89999999999999858 ) ) ;
#1470 = DIRECTION ( 'NONE',  ( -1.000000000000000000, -0.000000000000000000, -0.000000000000000000 ) ) ;
#1471 = DIRECTION ( 'NONE',  ( -1.000000000000000000, -0.000000000000000000, -0.000000000000000000 ) ) ;
#1472 = VECTOR ( 'NONE', #8979, 1000.000000000000000 ) ;
#1473 = ORIENTED_EDGE ( 'NONE', *, *, #4256, .T. ) ;
#1474 = EDGE_CURVE ( 'NONE', #3189, #7545, #2587, .T. ) ;
#1475 = CARTESIAN_POINT ( 'NONE',  ( 1.000000000000000000, 11.79403223001833290, 27.05605999196718514 ) ) ;
#1476 = CONICAL_SURFACE ( 'NONE', #8171, 0.3999999999999993006, 0.7853981633974490562 ) ;
#1477 = CARTESIAN_POINT ( 'NONE',  ( 1.399999999999999911, -22.47184141886165420, -1.699999999999998179 ) ) ;
#1478 = ORIENTED_EDGE ( 'NONE', *, *, #8399, .T. ) ;
#1479 = CARTESIAN_POINT ( 'NONE',  ( 9.192858448906157776, 2.560451229361956127, 1.100000000000002753 ) ) ;
#1480 = DIRECTION ( 'NONE',  ( 0.000000000000000000, 1.000000000000000000, 0.000000000000000000 ) ) ;
#1481 = ORIENTED_EDGE ( 'NONE', *, *, #5680, .F. ) ;
#1482 = CARTESIAN_POINT ( 'NONE',  ( 1.000000000000014655, -25.51999999999984681, 4.529999999999937188 ) ) ;
#1483 = ORIENTED_EDGE ( 'NONE', *, *, #2876, .F. ) ;
#1484 = EDGE_CURVE ( 'NONE', #8132, #8807, #2164, .T. ) ;
#1485 = LINE ( 'NONE', #3717, #4830 ) ;
#1486 = ORIENTED_EDGE ( 'NONE', *, *, #6181, .F. ) ;
#1487 = DIRECTION ( 'NONE',  ( -1.000000000000000000, 0.000000000000000000, 0.000000000000000000 ) ) ;
#1488 = ADVANCED_FACE ( 'NONE', ( #302 ), #6919, .F. ) ;
#1489 = VERTEX_POINT ( 'NONE', #5545 ) ;
#1490 = LINE ( 'NONE', #9103, #48 ) ;
#1491 = EDGE_CURVE ( 'NONE', #5854, #792, #3359, .T. ) ;
#1492 = LINE ( 'NONE', #5225, #3859 ) ;
#1493 = DIRECTION ( 'NONE',  ( 0.000000000000000000, -1.000000000000000000, -4.440892098500630106E-16 ) ) ;
#1494 = ORIENTED_EDGE ( 'NONE', *, *, #4424, .T. ) ;
#1495 = DIRECTION ( 'NONE',  ( 0.000000000000000000, 0.000000000000000000, -1.000000000000000000 ) ) ;
#1496 = CARTESIAN_POINT ( 'NONE',  ( 9.199999999999999289, -22.89999999999999858, -1.500000000000000000 ) ) ;
#1497 = ORIENTED_EDGE ( 'NONE', *, *, #3851, .T. ) ;
#1498 = CARTESIAN_POINT ( 'NONE',  ( 0.5000000000000000000, 23.36657894517360035, 29.23612699966409778 ) ) ;
#1499 = DIRECTION ( 'NONE',  ( -1.000000000000000000, 0.000000000000000000, 0.000000000000000000 ) ) ;
#1500 = CARTESIAN_POINT ( 'NONE',  ( 9.199999999999999289, 3.100000000000000089, -1.049999972331959963 ) ) ;
#1501 = DIRECTION ( 'NONE',  ( 1.000000000000000000, 0.000000000000000000, 0.000000000000000000 ) ) ;
#1502 = CARTESIAN_POINT ( 'NONE',  ( 1.399999999999999911, 20.89999999999999858, 19.19999999999999929 ) ) ;
#1503 = AXIS2_PLACEMENT_3D ( 'NONE', #2673, #1355, #4858 ) ;
#1504 = DIRECTION ( 'NONE',  ( -1.000000000000000000, 0.000000000000000000, 0.000000000000000000 ) ) ;
#1505 = ORIENTED_EDGE ( 'NONE', *, *, #9331, .T. ) ;
#1506 = CARTESIAN_POINT ( 'NONE',  ( 0.000000000000000000, -25.51999999999984681, 16.52499999999994174 ) ) ;
#1507 = VERTEX_POINT ( 'NONE', #5589 ) ;
#1508 = ORIENTED_EDGE ( 'NONE', *, *, #55, .F. ) ;
#1509 = DIRECTION ( 'NONE',  ( 0.000000000000000000, -0.4233466661666858699, 0.9059677699816659491 ) ) ;
#1510 = EDGE_CURVE ( 'NONE', #2454, #1531, #4803, .T. ) ;
#1511 = FACE_OUTER_BOUND ( 'NONE', #8219, .T. ) ;
#1512 = CARTESIAN_POINT ( 'NONE',  ( 10.20000000000000107, 2.050000000000000266, 1.100000000000000089 ) ) ;
#1513 = DIRECTION ( 'NONE',  ( 0.000000000000000000, 2.220446049250309876E-16, -1.000000000000000000 ) ) ;
#1514 = DIRECTION ( 'NONE',  ( 0.000000000000000000, 0.3412646552513080023, 0.9399672521296715821 ) ) ;
#1515 = ORIENTED_EDGE ( 'NONE', *, *, #7380, .T. ) ;
#1516 = CARTESIAN_POINT ( 'NONE',  ( 0.000000000000000000, 11.70000000000000107, 11.71421356237310007 ) ) ;
#1517 = ORIENTED_EDGE ( 'NONE', *, *, #1372, .F. ) ;
#1518 = ADVANCED_FACE ( 'NONE', ( #5399 ), #2485, .T. ) ;
#1519 = DIRECTION ( 'NONE',  ( -1.000000000000000000, 0.000000000000000000, 0.000000000000000000 ) ) ;
#1520 = ORIENTED_EDGE ( 'NONE', *, *, #7370, .F. ) ;
#1521 = ADVANCED_FACE ( 'NONE', ( #257 ), #8386, .F. ) ;
#1522 = LINE ( 'NONE', #6009, #2231 ) ;
#1523 = DIRECTION ( 'NONE',  ( 0.000000000000000000, 0.000000000000000000, -1.000000000000000000 ) ) ;
#1524 = ORIENTED_EDGE ( 'NONE', *, *, #2502, .T. ) ;
#1525 = CARTESIAN_POINT ( 'NONE',  ( 9.000000000000000000, 4.541161721194240108, -2.593219389228420102 ) ) ;
#1526 = ORIENTED_EDGE ( 'NONE', *, *, #8097, .T. ) ;
#1527 = CARTESIAN_POINT ( 'NONE',  ( 6.301681340102726736, -22.50000000000000355, -4.432633234948033518 ) ) ;
#1528 = VERTEX_POINT ( 'NONE', #6966 ) ;
#1529 = CARTESIAN_POINT ( 'NONE',  ( 10.20000000000000107, -17.10000000000000497, -1.099999999999999645 ) ) ;
#1530 = ADVANCED_FACE ( 'NONE', ( #6864 ), #396, .F. ) ;
#1531 = VERTEX_POINT ( 'NONE', #1702 ) ;
#1532 = ADVANCED_FACE ( 'NONE', ( #3171 ), #3218, .F. ) ;
#1533 = FACE_OUTER_BOUND ( 'NONE', #5908, .T. ) ;
#1534 = DIRECTION ( 'NONE',  ( 0.000000000000000000, -0.4233466661666837605, -0.9059677699816667262 ) ) ;
#1535 = DIRECTION ( 'NONE',  ( 0.7071067811865470176, -0.7071067811865480168, -3.140184917367550333E-16 ) ) ;
#1536 = ORIENTED_EDGE ( 'NONE', *, *, #3954, .F. ) ;
#1537 = PLANE ( 'NONE',  #6375 ) ;
#1538 = DIRECTION ( 'NONE',  ( -1.000000000000000000, 0.000000000000000000, 0.000000000000000000 ) ) ;
#1539 = ORIENTED_EDGE ( 'NONE', *, *, #3220, .F. ) ;
#1540 = DIRECTION ( 'NONE',  ( 0.000000000000000000, -1.000000000000000000, 0.000000000000000000 ) ) ;
#1541 = EDGE_CURVE ( 'NONE', #7094, #2445, #8079, .T. ) ;
#1542 = DIRECTION ( 'NONE',  ( 0.7071067811865480168, 0.7071067811865470176, -6.672892949406040699E-16 ) ) ;
#1543 = EDGE_CURVE ( 'NONE', #6522, #6649, #7010, .T. ) ;
#1544 = EDGE_CURVE ( 'NONE', #5878, #6221, #5109, .T. ) ;
#1545 = LINE ( 'NONE', #8966, #8287 ) ;
#1546 = CARTESIAN_POINT ( 'NONE',  ( 0.000000000000000000, -20.00000000000000000, 2.449293598294706513E-15 ) ) ;
#1547 = FACE_OUTER_BOUND ( 'NONE', #8883, .T. ) ;
#1548 = LINE ( 'NONE', #3695, #949 ) ;
#1549 = AXIS2_PLACEMENT_3D ( 'NONE', #6773, #8341, #3070 ) ;
#1550 = DIRECTION ( 'NONE',  ( -2.220446049250304946E-16, 1.000000000000000000, 0.000000000000000000 ) ) ;
#1551 = EDGE_LOOP ( 'NONE', ( #5519, #6442, #2505, #8247 ) ) ;
#1552 = DIRECTION ( 'NONE',  ( 1.000000000000000000, 0.000000000000000000, 0.000000000000000000 ) ) ;
#1553 = EDGE_LOOP ( 'NONE', ( #2871, #4039, #5096, #6352 ) ) ;
#1554 = EDGE_CURVE ( 'NONE', #7458, #568, #6329, .T. ) ;
#1555 = ORIENTED_EDGE ( 'NONE', *, *, #1014, .T. ) ;
#1556 = CARTESIAN_POINT ( 'NONE',  ( 3.799999999999999822, 18.14958090976909943, 17.38158867830219734 ) ) ;
#1557 = VECTOR ( 'NONE', #3685, 1000.000000000000000 ) ;
#1558 = DIRECTION ( 'NONE',  ( 0.7071067811865482389, 6.179417345760393440E-08, -0.7071067811865442421 ) ) ;
#1559 = CYLINDRICAL_SURFACE ( 'NONE', #4651, 22.49999999999999289 ) ;
#1560 = LINE ( 'NONE', #7661, #5034 ) ;
#1561 = CARTESIAN_POINT ( 'NONE',  ( 9.000000000000000000, 3.237688139636480056, -3.199262471490899706 ) ) ;
#1562 = VERTEX_POINT ( 'NONE', #9412 ) ;
#1563 = CARTESIAN_POINT ( 'NONE',  ( 9.199999999999999289, -2.563353488435086369, 1.093219736040664358 ) ) ;
#1564 = VERTEX_POINT ( 'NONE', #2813 ) ;
#1565 = ADVANCED_FACE ( 'NONE', ( #1993 ), #8587, .T. ) ;
#1566 = EDGE_CURVE ( 'NONE', #9281, #9637, #1215, .T. ) ;
#1567 = CARTESIAN_POINT ( 'NONE',  ( 9.000000000000000000, 7.452131517233670621, -5.541555200491109723 ) ) ;
#1568 = EDGE_LOOP ( 'NONE', ( #351, #998, #4056, #6120 ) ) ;
#1569 = FACE_OUTER_BOUND ( 'NONE', #1551, .T. ) ;
#1570 = AXIS2_PLACEMENT_3D ( 'NONE', #248, #7102, #433 ) ;
#1571 = CARTESIAN_POINT ( 'NONE',  ( 10.20000000000000107, 18.30000000000000071, 22.89999999999999858 ) ) ;
#1572 = VERTEX_POINT ( 'NONE', #7991 ) ;
#1573 = DIRECTION ( 'NONE',  ( 1.000000000000000000, 0.000000000000000000, 0.000000000000000000 ) ) ;
#1574 = AXIS2_PLACEMENT_3D ( 'NONE', #731, #5933, #8968 ) ;
#1575 = ORIENTED_EDGE ( 'NONE', *, *, #4629, .F. ) ;
#1576 = CARTESIAN_POINT ( 'NONE',  ( 9.199999999999999289, 18.10000000000000142, 6.734314575050760254 ) ) ;
#1577 = EDGE_LOOP ( 'NONE', ( #5861, #9170, #3684, #8850 ) ) ;
#1578 = CARTESIAN_POINT ( 'NONE',  ( 9.099999999999999645, 26.07087829215960184, 25.67069905343999991 ) ) ;
#1579 = ADVANCED_FACE ( 'NONE', ( #3452 ), #1727, .T. ) ;
#1580 = CIRCLE ( 'NONE', #3599, 1.000000000000000000 ) ;
#1581 = VECTOR ( 'NONE', #7095, 1000.000000000000000 ) ;
#1582 = ORIENTED_EDGE ( 'NONE', *, *, #6960, .T. ) ;
#1583 = DIRECTION ( 'NONE',  ( 0.000000000000000000, -2.220446049250309876E-16, 1.000000000000000000 ) ) ;
#1584 = DIRECTION ( 'NONE',  ( -1.000000000000000000, -0.000000000000000000, -0.000000000000000000 ) ) ;
#1585 = DIRECTION ( 'NONE',  ( -1.000000000000000000, 0.000000000000000000, 0.000000000000000000 ) ) ;
#1586 = VERTEX_POINT ( 'NONE', #2036 ) ;
#1587 = CARTESIAN_POINT ( 'NONE',  ( 1.000000000000000000, 7.485786437626910761, 8.500000000000000000 ) ) ;
#1588 = AXIS2_PLACEMENT_3D ( 'NONE', #3854, #7858, #5649 ) ;
#1589 = FACE_OUTER_BOUND ( 'NONE', #5271, .T. ) ;
#1590 = ORIENTED_EDGE ( 'NONE', *, *, #6128, .T. ) ;
#1591 = LINE ( 'NONE', #1450, #7181 ) ;
#1592 = CIRCLE ( 'NONE', #9377, 0.9999999999999998890 ) ;
#1593 = PLANE ( 'NONE',  #9089 ) ;
#1594 = EDGE_CURVE ( 'NONE', #3511, #2703, #2346, .T. ) ;
#1595 = CIRCLE ( 'NONE', #7037, 1.200000000000000400 ) ;
#1596 = AXIS2_PLACEMENT_3D ( 'NONE', #1761, #6096, #5506 ) ;
#1597 = EDGE_CURVE ( 'NONE', #1564, #9529, #5292, .T. ) ;
#1598 = CARTESIAN_POINT ( 'NONE',  ( 3.399999999999999911, 11.62387953251128714, 11.33153013000801046 ) ) ;
#1599 = CARTESIAN_POINT ( 'NONE',  ( 1.399999999999999911, -22.47184141886165420, 1.700000000000002842 ) ) ;
#1600 = DIRECTION ( 'NONE',  ( 0.000000000000000000, 0.4233466661666858699, -0.9059677699816659491 ) ) ;
#1601 = CARTESIAN_POINT ( 'NONE',  ( 3.600000000000000089, 5.141421356237310114, 4.458578643762690419 ) ) ;
#1602 = ADVANCED_FACE ( 'NONE', ( #1356 ), #7654, .T. ) ;
#1603 = DIRECTION ( 'NONE',  ( -1.000000000000000000, 0.000000000000000000, 0.000000000000000000 ) ) ;
#1604 = ORIENTED_EDGE ( 'NONE', *, *, #2072, .T. ) ;
#1605 = CARTESIAN_POINT ( 'NONE',  ( 9.000000000000000000, 22.70000000000000284, 11.34403626200970017 ) ) ;
#1606 = AXIS2_PLACEMENT_3D ( 'NONE', #2310, #7439, #6794 ) ;
#1607 = EDGE_CURVE ( 'NONE', #7588, #8553, #8634, .T. ) ;
#1608 = AXIS2_PLACEMENT_3D ( 'NONE', #4868, #5651, #2042 ) ;
#1609 = EDGE_CURVE ( 'NONE', #3148, #4891, #2868, .T. ) ;
#1610 = ORIENTED_EDGE ( 'NONE', *, *, #2817, .F. ) ;
#1611 = AXIS2_PLACEMENT_3D ( 'NONE', #1898, #6647, #2857 ) ;
#1612 = CIRCLE ( 'NONE', #6127, 2.999999999999999112 ) ;
#1613 = CARTESIAN_POINT ( 'NONE',  ( 8.800000000000000711, 18.70000000000000284, 16.54670016771569863 ) ) ;
#1614 = VECTOR ( 'NONE', #4384, 1000.000000000000000 ) ;
#1615 = CARTESIAN_POINT ( 'NONE',  ( 9.199999999999999289, 4.746871739707652971, -2.523582924470392008 ) ) ;
#1616 = CYLINDRICAL_SURFACE ( 'NONE', #5584, 1.000000000000000000 ) ;
#1617 = DIRECTION ( 'NONE',  ( 0.000000000000000000, 0.9059677699816659491, 0.4233466661666858699 ) ) ;
#1618 = ORIENTED_EDGE ( 'NONE', *, *, #5835, .F. ) ;
#1619 = FACE_OUTER_BOUND ( 'NONE', #5523, .T. ) ;
#1620 = VECTOR ( 'NONE', #1523, 1000.000000000000000 ) ;
#1621 = CARTESIAN_POINT ( 'NONE',  ( 0.000000000000000000, 7.485786437626910761, 6.500000000000000000 ) ) ;
#1622 = ORIENTED_EDGE ( 'NONE', *, *, #2196, .F. ) ;
#1623 = DIRECTION ( 'NONE',  ( 0.000000000000000000, 0.4233466661666862030, -0.9059677699816656160 ) ) ;
#1624 = CIRCLE ( 'NONE', #2841, 1.200000000000000622 ) ;
#1625 = AXIS2_PLACEMENT_3D ( 'NONE', #5005, #1313, #5058 ) ;
#1626 = LINE ( 'NONE', #7576, #7069 ) ;
#1627 = VECTOR ( 'NONE', #8578, 1000.000000000000000 ) ;
#1628 = ORIENTED_EDGE ( 'NONE', *, *, #4148, .T. ) ;
#1629 = DIRECTION ( 'NONE',  ( 0.000000000000000000, -0.7670768701524088851, -0.6415552004911069250 ) ) ;
#1630 = ORIENTED_EDGE ( 'NONE', *, *, #8555, .T. ) ;
#1631 = CARTESIAN_POINT ( 'NONE',  ( 9.000000000000000000, 17.89999999999999858, 13.25000000000000000 ) ) ;
#1632 = ORIENTED_EDGE ( 'NONE', *, *, #8860, .T. ) ;
#1633 = DIRECTION ( 'NONE',  ( 1.000000000000000000, 0.000000000000000000, 0.000000000000000000 ) ) ;
#1634 = ORIENTED_EDGE ( 'NONE', *, *, #3073, .F. ) ;
#1635 = CARTESIAN_POINT ( 'NONE',  ( 9.099999999999999645, 24.10000000000000142, 12.51494535291870136 ) ) ;
#1636 = CARTESIAN_POINT ( 'NONE',  ( 1.399999999999999911, -18.30000000000000071, -2.471841418861651540 ) ) ;
#1637 = ADVANCED_FACE ( 'NONE', ( #1263 ), #2970, .T. ) ;
#1638 = CARTESIAN_POINT ( 'NONE',  ( 9.199999999999999289, 20.24999997233189930, 16.10000000000000142 ) ) ;
#1639 = VECTOR ( 'NONE', #3789, 1000.000000000000000 ) ;
#1640 = EDGE_LOOP ( 'NONE', ( #3336, #1267, #2831, #7809 ) ) ;
#1641 = CARTESIAN_POINT ( 'NONE',  ( 9.199999999999999289, -3.700000000000000178, -0.9000000000000000222 ) ) ;
#1642 = DIRECTION ( 'NONE',  ( 0.000000000000000000, 1.000000000000000000, 0.000000000000000000 ) ) ;
#1643 = ORIENTED_EDGE ( 'NONE', *, *, #7562, .F. ) ;
#1644 = LINE ( 'NONE', #4605, #9525 ) ;
#1645 = LINE ( 'NONE', #1687, #6884 ) ;
#1646 = ADVANCED_FACE ( 'NONE', ( #441 ), #5736, .F. ) ;
#1647 = LINE ( 'NONE', #3058, #3915 ) ;
#1648 = CARTESIAN_POINT ( 'NONE',  ( 3.799999999999999822, 18.70000000000000284, 16.54670016771569863 ) ) ;
#1649 = EDGE_CURVE ( 'NONE', #3889, #2014, #584, .T. ) ;
#1650 = CARTESIAN_POINT ( 'NONE',  ( 9.199999999999999289, 21.50000001490119672, 24.19798883622719998 ) ) ;
#1651 = DIRECTION ( 'NONE',  ( 1.000000000000000000, 0.000000000000000000, 0.000000000000000000 ) ) ;
#1652 = DIRECTION ( 'NONE',  ( -1.000000000000000000, 0.000000000000000000, 0.000000000000000000 ) ) ;
#1653 = ORIENTED_EDGE ( 'NONE', *, *, #7254, .T. ) ;
#1654 = DIRECTION ( 'NONE',  ( 1.000000000000000000, 0.000000000000000000, 0.000000000000000000 ) ) ;
#1655 = ORIENTED_EDGE ( 'NONE', *, *, #822, .T. ) ;
#1656 = DIRECTION ( 'NONE',  ( -0.7071067811865449082, 8.659560562354964906E-17, -0.7071067811865502373 ) ) ;
#1657 = EDGE_CURVE ( 'NONE', #8546, #1961, #9500, .T. ) ;
#1658 = DIRECTION ( 'NONE',  ( 0.000000000000000000, 0.000000000000000000, -1.000000000000000000 ) ) ;
#1659 = DIRECTION ( 'NONE',  ( 1.000000000000000000, 0.000000000000000000, 0.000000000000000000 ) ) ;
#1660 = CARTESIAN_POINT ( 'NONE',  ( 9.000000000000000000, 22.47044244320894535, 22.30995355507346289 ) ) ;
#1661 = DIRECTION ( 'NONE',  ( 0.000000000000000000, -0.9764170755296077697, 0.2158927849980359637 ) ) ;
#1662 = ORIENTED_EDGE ( 'NONE', *, *, #4919, .F. ) ;
#1663 = DIRECTION ( 'NONE',  ( 1.000000000000000000, 0.000000000000000000, 0.000000000000000000 ) ) ;
#1664 = EDGE_LOOP ( 'NONE', ( #4746, #6193, #5566, #9261 ) ) ;
#1665 = EDGE_CURVE ( 'NONE', #3054, #5454, #8680, .T. ) ;
#1666 = DIRECTION ( 'NONE',  ( -0.000000000000000000, -0.000000000000000000, -1.000000000000000000 ) ) ;
#1667 = ORIENTED_EDGE ( 'NONE', *, *, #1236, .T. ) ;
#1668 = ADVANCED_FACE ( 'NONE', ( #5838 ), #3591, .T. ) ;
#1669 = CARTESIAN_POINT ( 'NONE',  ( 3.799999999999999822, 18.14958090976909943, 17.38158867830219734 ) ) ;
#1670 = LINE ( 'NONE', #4633, #4878 ) ;
#1671 = EDGE_LOOP ( 'NONE', ( #9244, #8527, #1067, #6867 ) ) ;
#1672 = DIRECTION ( 'NONE',  ( -1.000000000000000000, 0.000000000000000000, 0.000000000000000000 ) ) ;
#1673 = VERTEX_POINT ( 'NONE', #5786 ) ;
#1674 = FACE_OUTER_BOUND ( 'NONE', #7236, .T. ) ;
#1675 = ORIENTED_EDGE ( 'NONE', *, *, #6483, .F. ) ;
#1676 = ADVANCED_FACE ( 'NONE', ( #3542 ), #7210, .T. ) ;
#1677 = ORIENTED_EDGE ( 'NONE', *, *, #9527, .F. ) ;
#1678 = DIRECTION ( 'NONE',  ( 0.000000000000000000, 0.000000000000000000, -1.000000000000000000 ) ) ;
#1679 = LINE ( 'NONE', #9104, #4180 ) ;
#1680 = LINE ( 'NONE', #4498, #7363 ) ;
#1681 = ORIENTED_EDGE ( 'NONE', *, *, #635, .F. ) ;
#1682 = PLANE ( 'NONE',  #9042 ) ;
#1683 = PLANE ( 'NONE',  #9523 ) ;
#1684 = AXIS2_PLACEMENT_3D ( 'NONE', #1105, #7886, #8563 ) ;
#1685 = ORIENTED_EDGE ( 'NONE', *, *, #9422, .T. ) ;
#1686 = CARTESIAN_POINT ( 'NONE',  ( 10.20000000000000107, 11.90000000000000036, 1.100000000000000089 ) ) ;
#1687 = CARTESIAN_POINT ( 'NONE',  ( 9.199999999999999289, 21.70000001490119956, 24.16276451370509903 ) ) ;
#1688 = EDGE_CURVE ( 'NONE', #660, #8954, #7256, .T. ) ;
#1689 = CARTESIAN_POINT ( 'NONE',  ( 4.799999999999999822, 21.70000001490119956, 24.16276451370509903 ) ) ;
#1690 = LINE ( 'NONE', #6173, #5868 ) ;
#1691 = ORIENTED_EDGE ( 'NONE', *, *, #1923, .T. ) ;
#1692 = CARTESIAN_POINT ( 'NONE',  ( 9.000000000000000000, 22.70000000000000284, 14.23723547529430000 ) ) ;
#1693 = DIRECTION ( 'NONE',  ( 0.000000000000000000, -0.8356006529151552842, -0.5493373725205360492 ) ) ;
#1694 = LINE ( 'NONE', #8424, #4897 ) ;
#1695 = VERTEX_POINT ( 'NONE', #4369 ) ;
#1696 = LINE ( 'NONE', #3879, #7653 ) ;
#1697 = EDGE_CURVE ( 'NONE', #5198, #1052, #7406, .T. ) ;
#1698 = ORIENTED_EDGE ( 'NONE', *, *, #524, .T. ) ;
#1699 = AXIS2_PLACEMENT_3D ( 'NONE', #4766, #5501, #9130 ) ;
#1700 = DIRECTION ( 'NONE',  ( 0.000000000000000000, -1.000000000000000000, -4.440892098500630106E-16 ) ) ;
#1701 = LINE ( 'NONE', #4665, #8946 ) ;
#1702 = CARTESIAN_POINT ( 'NONE',  ( 9.000000000000000000, -3.109953555073483145, -3.270442443208904759 ) ) ;
#1703 = CARTESIAN_POINT ( 'NONE',  ( 9.199999999999999289, 24.10000000000000142, 25.88505464708130077 ) ) ;
#1704 = DIRECTION ( 'NONE',  ( -1.000000000000000000, 0.000000000000000000, 0.000000000000000000 ) ) ;
#1705 = EDGE_CURVE ( 'NONE', #9546, #712, #6706, .T. ) ;
#1706 = EDGE_CURVE ( 'NONE', #7356, #4298, #4052, .T. ) ;
#1707 = ORIENTED_EDGE ( 'NONE', *, *, #889, .F. ) ;
#1708 = CARTESIAN_POINT ( 'NONE',  ( 0.000000000000000000, 20.89999999999970015, 17.50000000000000000 ) ) ;
#1709 = ORIENTED_EDGE ( 'NONE', *, *, #7481, .T. ) ;
#1710 = EDGE_CURVE ( 'NONE', #8536, #5702, #9068, .T. ) ;
#1711 = CARTESIAN_POINT ( 'NONE',  ( 9.192858448906157776, 2.560451229361956127, 1.100000000000002753 ) ) ;
#1712 = CONICAL_SURFACE ( 'NONE', #937, 1.099999999999999645, 0.7853981633974476129 ) ;
#1713 = VERTEX_POINT ( 'NONE', #3787 ) ;
#1714 = PLANE ( 'NONE',  #6908 ) ;
#1715 = EDGE_CURVE ( 'NONE', #4592, #2616, #2915, .T. ) ;
#1716 = CARTESIAN_POINT ( 'NONE',  ( 9.199999999999999289, -5.689389822801556029, -6.100000000000000533 ) ) ;
#1717 = VERTEX_POINT ( 'NONE', #5282 ) ;
#1718 = EDGE_CURVE ( 'NONE', #9474, #6378, #5927, .T. ) ;
#1719 = ORIENTED_EDGE ( 'NONE', *, *, #3398, .T. ) ;
#1720 = PLANE ( 'NONE',  #654 ) ;
#1721 = AXIS2_PLACEMENT_3D ( 'NONE', #6973, #936, #8444 ) ;
#1722 = VERTEX_POINT ( 'NONE', #8274 ) ;
#1723 = ADVANCED_FACE ( 'NONE', ( #8918 ), #9602, .F. ) ;
#1724 = ORIENTED_EDGE ( 'NONE', *, *, #2594, .F. ) ;
#1725 = AXIS2_PLACEMENT_3D ( 'NONE', #5688, #9547, #2764 ) ;
#1726 = CARTESIAN_POINT ( 'NONE',  ( 9.199999999999999289, 1.850000000000000089, -1.500000000000000000 ) ) ;
#1727 = CONICAL_SURFACE ( 'NONE', #4832, 0.4000000000000010214, 0.7853981633974490562 ) ;
#1728 = CARTESIAN_POINT ( 'NONE',  ( 9.099999999999999645, 4.725282461207849671, -2.425941216917431031 ) ) ;
#1729 = CARTESIAN_POINT ( 'NONE',  ( 0.000000000000000000, 17.50000000000029843, 20.89999999999999858 ) ) ;
#1730 = VERTEX_POINT ( 'NONE', #3735 ) ;
#1731 = DIRECTION ( 'NONE',  ( 1.000000000000000000, 0.000000000000000000, 0.000000000000000000 ) ) ;
#1732 = FACE_OUTER_BOUND ( 'NONE', #5873, .T. ) ;
#1733 = EDGE_CURVE ( 'NONE', #9439, #8553, #682, .T. ) ;
#1734 = VERTEX_POINT ( 'NONE', #9646 ) ;
#1735 = CARTESIAN_POINT ( 'NONE',  ( 0.000000000000000000, 20.89999999999999858, 19.19999999999999929 ) ) ;
#1736 = AXIS2_PLACEMENT_3D ( 'NONE', #8513, #3147, #4836 ) ;
#1737 = ORIENTED_EDGE ( 'NONE', *, *, #7699, .F. ) ;
#1738 = CARTESIAN_POINT ( 'NONE',  ( 1.000000000000000000, 17.56306015393419884, 30.70000000000000284 ) ) ;
#1739 = AXIS2_PLACEMENT_3D ( 'NONE', #6545, #2846, #4161 ) ;
#1740 = DIRECTION ( 'NONE',  ( 0.000000000000000000, -0.8356006513277618453, 0.5493373749351305735 ) ) ;
#1741 = LINE ( 'NONE', #288, #6806 ) ;
#1742 = CIRCLE ( 'NONE', #1429, 1.700000000000000622 ) ;
#1743 = ORIENTED_EDGE ( 'NONE', *, *, #7494, .T. ) ;
#1744 = CARTESIAN_POINT ( 'NONE',  ( 9.199999999999999289, -22.89999999999999503, 1.500000000000000000 ) ) ;
#1745 = FACE_OUTER_BOUND ( 'NONE', #2992, .T. ) ;
#1746 = DIRECTION ( 'NONE',  ( 0.000000000000000000, -1.000000000000000000, 0.000000000000000000 ) ) ;
#1747 = VERTEX_POINT ( 'NONE', #3694 ) ;
#1748 = FACE_OUTER_BOUND ( 'NONE', #5149, .T. ) ;
#1749 = CONICAL_SURFACE ( 'NONE', #4540, 0.4000000000000010214, 0.7853981633974476129 ) ;
#1750 = AXIS2_PLACEMENT_3D ( 'NONE', #10, #5208, #62 ) ;
#1751 = EDGE_LOOP ( 'NONE', ( #6168, #6333, #6632, #4059 ) ) ;
#1752 = CARTESIAN_POINT ( 'NONE',  ( 9.199999999999999289, 19.19999999999999929, 19.19999999999999929 ) ) ;
#1753 = FACE_OUTER_BOUND ( 'NONE', #5888, .T. ) ;
#1754 = AXIS2_PLACEMENT_3D ( 'NONE', #5681, #5724, #8669 ) ;
#1755 = CARTESIAN_POINT ( 'NONE',  ( 0.000000000000000000, 20.89999999999960067, 21.67184141886290050 ) ) ;
#1756 = DIRECTION ( 'NONE',  ( 1.000000000000000000, 0.000000000000000000, 0.000000000000000000 ) ) ;
#1757 = LINE ( 'NONE', #4811, #3646 ) ;
#1758 = EDGE_CURVE ( 'NONE', #756, #6159, #7958, .T. ) ;
#1759 = CIRCLE ( 'NONE', #7987, 22.49999999999999289 ) ;
#1760 = ORIENTED_EDGE ( 'NONE', *, *, #6633, .F. ) ;
#1761 = CARTESIAN_POINT ( 'NONE',  ( 9.199999999999999289, 24.10000000000000142, 12.51494535291870136 ) ) ;
#1762 = VERTEX_POINT ( 'NONE', #2377 ) ;
#1763 = VECTOR ( 'NONE', #1493, 1000.000000000000000 ) ;
#1764 = VECTOR ( 'NONE', #7779, 1000.000000000000114 ) ;
#1765 = CARTESIAN_POINT ( 'NONE',  ( 0.000000000000000000, 26.70000000000000284, 27.09999999999999787 ) ) ;
#1766 = VECTOR ( 'NONE', #5769, 1000.000000000000000 ) ;
#1767 = ADVANCED_FACE ( 'NONE', ( #3011 ), #3106, .F. ) ;
#1768 = EDGE_LOOP ( 'NONE', ( #4499, #9605, #3790, #4590, #9521, #7778, #5976, #2848, #8675, #2259, #763, #1526, #591, #1317, #7275, #1966, #766 ) ) ;
#1769 = DIRECTION ( 'NONE',  ( 0.000000000000000000, 0.000000000000000000, 1.000000000000000000 ) ) ;
#1770 = CARTESIAN_POINT ( 'NONE',  ( 8.800000000000000711, 17.69999999999999929, 3.500000000000000000 ) ) ;
#1771 = ADVANCED_FACE ( 'NONE', ( #5986 ), #8180, .T. ) ;
#1772 = AXIS2_PLACEMENT_3D ( 'NONE', #6254, #6305, #7133 ) ;
#1773 = ORIENTED_EDGE ( 'NONE', *, *, #9232, .F. ) ;
#1774 = ORIENTED_EDGE ( 'NONE', *, *, #3213, .F. ) ;
#1775 = PLANE ( 'NONE',  #968 ) ;
#1776 = CONICAL_SURFACE ( 'NONE', #4101, 0.9999999999999998890, 0.7853981633974476129 ) ;
#1777 = ORIENTED_EDGE ( 'NONE', *, *, #3671, .F. ) ;
#1778 = CIRCLE ( 'NONE', #6601, 22.09999999999998010 ) ;
#1779 = ORIENTED_EDGE ( 'NONE', *, *, #7435, .F. ) ;
#1780 = LINE ( 'NONE', #4051, #1141 ) ;
#1781 = CARTESIAN_POINT ( 'NONE',  ( 1.399999999999999911, -18.30000000000000071, -2.471841418861651540 ) ) ;
#1782 = CARTESIAN_POINT ( 'NONE',  ( 1.000000000000000000, 15.68578643762690028, -6.500000000000000000 ) ) ;
#1783 = EDGE_CURVE ( 'NONE', #2859, #7688, #3745, .T. ) ;
#1784 = VERTEX_POINT ( 'NONE', #5235 ) ;
#1785 = DIRECTION ( 'NONE',  ( 0.000000000000000000, -1.000000000000000000, 0.000000000000000000 ) ) ;
#1786 = PLANE ( 'NONE',  #8746 ) ;
#1787 = ORIENTED_EDGE ( 'NONE', *, *, #5639, .F. ) ;
#1788 = VECTOR ( 'NONE', #3221, 1000.000000000000000 ) ;
#1789 = LINE ( 'NONE', #6990, #3755 ) ;
#1790 = VERTEX_POINT ( 'NONE', #8225 ) ;
#1791 = DIRECTION ( 'NONE',  ( -1.000000000000000000, 0.000000000000000000, 0.000000000000000000 ) ) ;
#1792 = ADVANCED_FACE ( 'NONE', ( #1547 ), #7496, .F. ) ;
#1793 = EDGE_CURVE ( 'NONE', #7403, #5578, #878, .T. ) ;
#1794 = CIRCLE ( 'NONE', #8492, 1.199999999999999734 ) ;
#1795 = DIRECTION ( 'NONE',  ( 0.000000000000000000, 0.000000000000000000, -1.000000000000000000 ) ) ;
#1796 = B_SPLINE_CURVE_WITH_KNOTS ( 'NONE', 3,
 ( #7607, #927, #1850, #886 ),
 .UNSPECIFIED., .F., .F.,
 ( 4, 4 ),
 ( 0.000000000000000000, 0.001672857929648432487 ),
 .UNSPECIFIED. ) ;
#1797 = DIRECTION ( 'NONE',  ( -0.7071067811865481278, -0.6406159536904899587, 0.2993512984391803466 ) ) ;
#1798 = VERTEX_POINT ( 'NONE', #6033 ) ;
#1799 = DIRECTION ( 'NONE',  ( -1.000000000000000000, 0.000000000000000000, 0.000000000000000000 ) ) ;
#1800 = CARTESIAN_POINT ( 'NONE',  ( 9.199999999999999289, 23.30604309612409963, 22.85929092759399950 ) ) ;
#1801 = DIRECTION ( 'NONE',  ( 0.000000000000000000, -0.7670768701524094402, -0.6415552004911063699 ) ) ;
#1802 = VERTEX_POINT ( 'NONE', #7501 ) ;
#1803 = DIRECTION ( 'NONE',  ( 1.000000000000000000, 0.000000000000000000, 0.000000000000000000 ) ) ;
#1804 = VECTOR ( 'NONE', #3795, 1000.000000000000000 ) ;
#1805 = EDGE_CURVE ( 'NONE', #3148, #5166, #9217, .T. ) ;
#1806 = EDGE_LOOP ( 'NONE', ( #4120, #3510, #1933, #1743 ) ) ;
#1807 = FACE_OUTER_BOUND ( 'NONE', #6800, .T. ) ;
#1808 = DIRECTION ( 'NONE',  ( -1.000000000000000000, 0.000000000000000000, 0.000000000000000000 ) ) ;
#1809 = DIRECTION ( 'NONE',  ( 1.000000000000000000, 0.000000000000000000, 0.000000000000000000 ) ) ;
#1810 = CARTESIAN_POINT ( 'NONE',  ( 1.400000000000000133, -20.00000000000000000, 2.449293598294706513E-15 ) ) ;
#1811 = CARTESIAN_POINT ( 'NONE',  ( 8.951918358845308177, 17.85191835884531031, 6.822024680424946474 ) ) ;
#1812 = ORIENTED_EDGE ( 'NONE', *, *, #8084, .F. ) ;
#1813 = DIRECTION ( 'NONE',  ( 0.000000000000000000, 0.000000000000000000, 1.000000000000000000 ) ) ;
#1814 = VERTEX_POINT ( 'NONE', #8479 ) ;
#1815 = EDGE_CURVE ( 'NONE', #8606, #9486, #9305, .T. ) ;
#1816 = CARTESIAN_POINT ( 'NONE',  ( 3.400000000000000355, -25.51999999999984681, 4.529999999999937188 ) ) ;
#1817 = ORIENTED_EDGE ( 'NONE', *, *, #3467, .F. ) ;
#1818 = CYLINDRICAL_SURFACE ( 'NONE', #6433, 0.9999999999999998890 ) ;
#1819 = CARTESIAN_POINT ( 'NONE',  ( 9.800000000000002487, -17.50000000000000000, -0.9343145750507610980 ) ) ;
#1820 = VERTEX_POINT ( 'NONE', #7050 ) ;
#1821 = ORIENTED_EDGE ( 'NONE', *, *, #6681, .T. ) ;
#1822 = CARTESIAN_POINT ( 'NONE',  ( 9.099999999999999645, 21.60000000000000142, 17.32917130661299865 ) ) ;
#1823 = VERTEX_POINT ( 'NONE', #6268 ) ;
#1824 = EDGE_CURVE ( 'NONE', #2330, #8240, #1423, .T. ) ;
#1825 = CIRCLE ( 'NONE', #5552, 0.9999999999999964473 ) ;
#1826 = VERTEX_POINT ( 'NONE', #3158 ) ;
#1827 = DIRECTION ( 'NONE',  ( 0.000000000000000000, 0.000000000000000000, 1.000000000000000000 ) ) ;
#1828 = CARTESIAN_POINT ( 'NONE',  ( 1.399999999999999911, 19.19999999999999929, 19.19999999999999929 ) ) ;
#1829 = ORIENTED_EDGE ( 'NONE', *, *, #8626, .T. ) ;
#1830 = CARTESIAN_POINT ( 'NONE',  ( 1.600000000000000089, 17.50000000000000000, 20.89999999999999858 ) ) ;
#1831 = ORIENTED_EDGE ( 'NONE', *, *, #2930, .F. ) ;
#1832 = DIRECTION ( 'NONE',  ( 1.000000000000000000, 0.000000000000000000, 0.000000000000000000 ) ) ;
#1833 = EDGE_CURVE ( 'NONE', #2660, #622, #5341, .T. ) ;
#1834 = VERTEX_POINT ( 'NONE', #8421 ) ;
#1835 = DIRECTION ( 'NONE',  ( 0.000000000000000000, -0.3412646552513079468, 0.9399672521296716932 ) ) ;
#1836 = EDGE_CURVE ( 'NONE', #6522, #4549, #290, .T. ) ;
#1837 = CARTESIAN_POINT ( 'NONE',  ( 9.199999999999999289, 3.237688139636480056, -3.199262471490899706 ) ) ;
#1838 = DIRECTION ( 'NONE',  ( 0.7071067811865465735, 0.7071067811865485719, 2.453269466693388760E-16 ) ) ;
#1839 = EDGE_CURVE ( 'NONE', #2923, #8588, #6236, .T. ) ;
#1840 = ORIENTED_EDGE ( 'NONE', *, *, #8392, .F. ) ;
#1841 = CARTESIAN_POINT ( 'NONE',  ( 10.20000000000000107, 20.29999999999999716, 15.50000000000000000 ) ) ;
#1842 = LINE ( 'NONE', #1887, #6080 ) ;
#1843 = CARTESIAN_POINT ( 'NONE',  ( 9.199999999999999289, 4.703693182708045484, -2.328299509364470943 ) ) ;
#1844 = VERTEX_POINT ( 'NONE', #9263 ) ;
#1845 = DIRECTION ( 'NONE',  ( 1.000000000000000000, 0.000000000000000000, 0.000000000000000000 ) ) ;
#1846 = EDGE_CURVE ( 'NONE', #8010, #8874, #7750, .T. ) ;
#1847 = EDGE_CURVE ( 'NONE', #4157, #7993, #9119, .T. ) ;
#1848 = ORIENTED_EDGE ( 'NONE', *, *, #4441, .F. ) ;
#1849 = DIRECTION ( 'NONE',  ( 0.000000000000000000, 0.000000000000000000, -1.000000000000000000 ) ) ;
#1850 = CARTESIAN_POINT ( 'NONE',  ( 0.6647505190035793987, -3.510446713417152864, 7.164750519003578511 ) ) ;
#1851 = CARTESIAN_POINT ( 'NONE',  ( 9.000000000000000000, 26.50000000000000000, 23.15000000000000213 ) ) ;
#1852 = DIRECTION ( 'NONE',  ( 0.000000000000000000, 4.440892098500630106E-16, -1.000000000000000000 ) ) ;
#1853 = LINE ( 'NONE', #4669, #1788 ) ;
#1854 = EDGE_CURVE ( 'NONE', #1197, #4549, #247, .T. ) ;
#1855 = ORIENTED_EDGE ( 'NONE', *, *, #3998, .T. ) ;
#1856 = DIRECTION ( 'NONE',  ( 1.000000000000000000, 0.000000000000000000, 0.000000000000000000 ) ) ;
#1857 = AXIS2_PLACEMENT_3D ( 'NONE', #7804, #5443, #4862 ) ;
#1858 = FACE_OUTER_BOUND ( 'NONE', #4835, .T. ) ;
#1859 = ORIENTED_EDGE ( 'NONE', *, *, #1408, .T. ) ;
#1860 = DIRECTION ( 'NONE',  ( 0.000000000000000000, 0.4233466661666858699, -0.9059677699816659491 ) ) ;
#1861 = CARTESIAN_POINT ( 'NONE',  ( 9.000000000000000000, 8.761931507972017030, -3.076653333833316406 ) ) ;
#1862 = VERTEX_POINT ( 'NONE', #7792 ) ;
#1863 = ADVANCED_FACE ( 'NONE', ( #2430 ), #4798, .T. ) ;
#1864 = ORIENTED_EDGE ( 'NONE', *, *, #6510, .F. ) ;
#1865 = DIRECTION ( 'NONE',  ( 0.000000000000000000, 0.6415552004911063699, -0.7670768701524094402 ) ) ;
#1866 = ORIENTED_EDGE ( 'NONE', *, *, #6155, .F. ) ;
#1867 = VECTOR ( 'NONE', #9349, 1000.000000000000000 ) ;
#1868 = ORIENTED_EDGE ( 'NONE', *, *, #4276, .T. ) ;
#1869 = FACE_OUTER_BOUND ( 'NONE', #2685, .T. ) ;
#1870 = CARTESIAN_POINT ( 'NONE',  ( 9.000000000000000000, 21.79321938922839763, 14.65883827880580093 ) ) ;
#1871 = AXIS2_PLACEMENT_3D ( 'NONE', #990, #264, #7722 ) ;
#1872 = ORIENTED_EDGE ( 'NONE', *, *, #2372, .T. ) ;
#1873 = LINE ( 'NONE', #7782, #5135 ) ;
#1874 = EDGE_CURVE ( 'NONE', #8406, #6730, #2473, .T. ) ;
#1875 = VERTEX_POINT ( 'NONE', #333 ) ;
#1876 = FACE_OUTER_BOUND ( 'NONE', #7001, .T. ) ;
#1877 = ORIENTED_EDGE ( 'NONE', *, *, #7360, .T. ) ;
#1878 = DIRECTION ( 'NONE',  ( -1.000000000000000000, 0.000000000000000000, 0.000000000000000000 ) ) ;
#1879 = VECTOR ( 'NONE', #9595, 1000.000000000000000 ) ;
#1880 = VECTOR ( 'NONE', #3827, 1000.000000000000000 ) ;
#1881 = DIRECTION ( 'NONE',  ( 0.000000000000000000, 0.000000000000000000, 1.000000000000000000 ) ) ;
#1882 = EDGE_CURVE ( 'NONE', #6597, #8081, #8375, .T. ) ;
#1883 = DIRECTION ( 'NONE',  ( 0.000000000000000000, 0.3826834323650899483, -0.9238795325112867385 ) ) ;
#1884 = ORIENTED_EDGE ( 'NONE', *, *, #9205, .T. ) ;
#1885 = CARTESIAN_POINT ( 'NONE',  ( 3.399999999999999911, 10.69999999999999929, 11.71421356237310007 ) ) ;
#1886 = AXIS2_PLACEMENT_3D ( 'NONE', #1097, #8413, #9293 ) ;
#1887 = CARTESIAN_POINT ( 'NONE',  ( 9.799999999999998934, 20.69999999999999929, 29.04999999590820181 ) ) ;
#1888 = DIRECTION ( 'NONE',  ( 0.000000000000000000, 0.3826834323650907810, -0.9238795325112862944 ) ) ;
#1889 = ADVANCED_FACE ( 'NONE', ( #8524 ), #3209, .F. ) ;
#1890 = VERTEX_POINT ( 'NONE', #4610 ) ;
#1891 = DIRECTION ( 'NONE',  ( 0.000000000000000000, 0.000000000000000000, 1.000000000000000000 ) ) ;
#1892 = CIRCLE ( 'NONE', #7336, 2.999999999999999112 ) ;
#1893 = AXIS2_PLACEMENT_3D ( 'NONE', #9014, #4758, #9163 ) ;
#1894 = ADVANCED_FACE ( 'NONE', ( #918 ), #7162, .T. ) ;
#1895 = ORIENTED_EDGE ( 'NONE', *, *, #5562, .T. ) ;
#1896 = AXIS2_PLACEMENT_3D ( 'NONE', #9190, #1865, #363 ) ;
#1897 = FACE_OUTER_BOUND ( 'NONE', #8333, .T. ) ;
#1898 = CARTESIAN_POINT ( 'NONE',  ( 10.00000000000000000, -3.700000000000000178, 0.9000000000000000222 ) ) ;
#1899 = FACE_OUTER_BOUND ( 'NONE', #7891, .T. ) ;
#1900 = CARTESIAN_POINT ( 'NONE',  ( 1.600000000000000089, 20.89999999999999858, 17.50000000000000000 ) ) ;
#1901 = DIRECTION ( 'NONE',  ( 0.000000000000000000, 2.220446049250309876E-16, -1.000000000000000000 ) ) ;
#1902 = EDGE_CURVE ( 'NONE', #6197, #2294, #5432, .T. ) ;
#1903 = DIRECTION ( 'NONE',  ( 0.7071067811865485719, -0.2993512984391786813, -0.6406159536904900698 ) ) ;
#1904 = VECTOR ( 'NONE', #9364, 1000.000000000000114 ) ;
#1905 = ORIENTED_EDGE ( 'NONE', *, *, #9151, .F. ) ;
#1906 = CARTESIAN_POINT ( 'NONE',  ( 1.400000000000000133, -20.00000000000000000, 2.449293598294706513E-15 ) ) ;
#1907 = AXIS2_PLACEMENT_3D ( 'NONE', #934, #7718, #5550 ) ;
#1908 = EDGE_LOOP ( 'NONE', ( #9320, #2631, #5599, #977 ) ) ;
#1909 = ADVANCED_FACE ( 'NONE', ( #1022 ), #3973, .F. ) ;
#1910 = ORIENTED_EDGE ( 'NONE', *, *, #4751, .F. ) ;
#1911 = VECTOR ( 'NONE', #6214, 1000.000000000000000 ) ;
#1912 = EDGE_CURVE ( 'NONE', #9478, #5180, #9344, .T. ) ;
#1913 = ORIENTED_EDGE ( 'NONE', *, *, #6171, .T. ) ;
#1914 = CIRCLE ( 'NONE', #2057, 1.400000000000000577 ) ;
#1915 = LINE ( 'NONE', #4293, #6278 ) ;
#1916 = DIRECTION ( 'NONE',  ( -0.7071067811865485719, 0.2413105519074895677, 0.6646572180741748825 ) ) ;
#1917 = ORIENTED_EDGE ( 'NONE', *, *, #2643, .T. ) ;
#1918 = FACE_OUTER_BOUND ( 'NONE', #3718, .T. ) ;
#1919 = VECTOR ( 'NONE', #7587, 1000.000000000000000 ) ;
#1920 = VECTOR ( 'NONE', #8601, 1000.000000000000000 ) ;
#1921 = VERTEX_POINT ( 'NONE', #7149 ) ;
#1922 = AXIS2_PLACEMENT_3D ( 'NONE', #3056, #8221, #5277 ) ;
#1923 = EDGE_CURVE ( 'NONE', #969, #6136, #619, .T. ) ;
#1924 = ORIENTED_EDGE ( 'NONE', *, *, #8760, .T. ) ;
#1925 = VECTOR ( 'NONE', #3339, 1000.000000000000000 ) ;
#1926 = DIRECTION ( 'NONE',  ( 1.000000000000000000, 0.000000000000000000, 0.000000000000000000 ) ) ;
#1927 = LINE ( 'NONE', #1051, #6901 ) ;
#1928 = AXIS2_PLACEMENT_3D ( 'NONE', #5040, #8022, #7287 ) ;
#1929 = ORIENTED_EDGE ( 'NONE', *, *, #9588, .F. ) ;
#1930 = DIRECTION ( 'NONE',  ( 0.7071067811865480168, 0.000000000000000000, -0.7071067811865470176 ) ) ;
#1931 = ORIENTED_EDGE ( 'NONE', *, *, #8811, .T. ) ;
#1932 = CARTESIAN_POINT ( 'NONE',  ( 0.000000000000000000, -11.89999999181630130, -1.500000000000000000 ) ) ;
#1933 = ORIENTED_EDGE ( 'NONE', *, *, #3220, .T. ) ;
#1934 = CARTESIAN_POINT ( 'NONE',  ( 1.399999999999999911, -22.47184141886165420, -1.699999999999998179 ) ) ;
#1935 = AXIS2_PLACEMENT_3D ( 'NONE', #4775, #2595, #994 ) ;
#1936 = ADVANCED_FACE ( 'NONE', ( #5628 ), #1940, .T. ) ;
#1937 = CARTESIAN_POINT ( 'NONE',  ( 4.799999999999999822, 22.39926248451300239, 22.43768812588820083 ) ) ;
#1938 = LINE ( 'NONE', #383, #4321 ) ;
#1939 = ORIENTED_EDGE ( 'NONE', *, *, #95, .T. ) ;
#1940 = PLANE ( 'NONE',  #4352 ) ;
#1941 = DIRECTION ( 'NONE',  ( 1.000000000000000000, 0.000000000000000000, 0.000000000000000000 ) ) ;
#1942 = CARTESIAN_POINT ( 'NONE',  ( 9.000000000000000000, 21.09999999999999787, 19.19999999999999929 ) ) ;
#1943 = ORIENTED_EDGE ( 'NONE', *, *, #7309, .F. ) ;
#1944 = AXIS2_PLACEMENT_3D ( 'NONE', #5694, #4225, #7992 ) ;
#1945 = CARTESIAN_POINT ( 'NONE',  ( 9.000000000000000000, 23.30604308226249799, 15.54070905685210136 ) ) ;
#1946 = EDGE_CURVE ( 'NONE', #3540, #2271, #3731, .T. ) ;
#1947 = ORIENTED_EDGE ( 'NONE', *, *, #7909, .T. ) ;
#1948 = CARTESIAN_POINT ( 'NONE',  ( 8.799999999999997158, 20.26125665326179259, 31.69999999999999218 ) ) ;
#1949 = LINE ( 'NONE', #1346, #4090 ) ;
#1950 = CARTESIAN_POINT ( 'NONE',  ( 0.000000000000000000, 3.700000000000000178, -1.500000000000000000 ) ) ;
#1951 = DIRECTION ( 'NONE',  ( 0.000000000000000000, -1.000000000000000000, -4.440892098500630106E-16 ) ) ;
#1952 = DIRECTION ( 'NONE',  ( 0.000000000000000000, -0.8356006529151552842, -0.5493373725205360492 ) ) ;
#1953 = COLOUR_RGB ( '',0.7921568627450980005, 0.8196078431372548767, 0.9333333333333333481 ) ;
#1954 = CARTESIAN_POINT ( 'NONE',  ( 9.199999999999999289, 20.69999999999999929, 22.89999999999999858 ) ) ;
#1955 = CIRCLE ( 'NONE', #7093, 1.700000000000000622 ) ;
#1956 = ORIENTED_EDGE ( 'NONE', *, *, #5637, .F. ) ;
#1957 = CARTESIAN_POINT ( 'NONE',  ( 0.000000000000000000, 10.69999999999999929, 11.71421356237310007 ) ) ;
#1958 = ORIENTED_EDGE ( 'NONE', *, *, #5242, .F. ) ;
#1959 = EDGE_CURVE ( 'NONE', #862, #8406, #7198, .T. ) ;
#1960 = ORIENTED_EDGE ( 'NONE', *, *, #2108, .T. ) ;
#1961 = VERTEX_POINT ( 'NONE', #7931 ) ;
#1962 = LINE ( 'NONE', #4876, #5340 ) ;
#1963 = CARTESIAN_POINT ( 'NONE',  ( 9.099999999999999645, -3.055019817821429395, -3.186882377917389153 ) ) ;
#1964 = CARTESIAN_POINT ( 'NONE',  ( 9.199999999999999289, 18.30000000000000071, 22.30000000000000071 ) ) ;
#1965 = EDGE_CURVE ( 'NONE', #1695, #6059, #575, .T. ) ;
#1966 = ORIENTED_EDGE ( 'NONE', *, *, #7986, .T. ) ;
#1967 = DIRECTION ( 'NONE',  ( 1.000000000000000000, 0.000000000000000000, 0.000000000000000000 ) ) ;
#1968 = VERTEX_POINT ( 'NONE', #1348 ) ;
#1969 = ADVANCED_FACE ( 'NONE', ( #8714 ), #3533, .T. ) ;
#1970 = VERTEX_POINT ( 'NONE', #3493 ) ;
#1971 = CARTESIAN_POINT ( 'NONE',  ( 9.199999999999999289, 23.46986624058930104, 10.42354401782680107 ) ) ;
#1972 = CARTESIAN_POINT ( 'NONE',  ( 0.000000000000000000, 18.70000000000000284, 21.85329983228429995 ) ) ;
#1973 = ORIENTED_EDGE ( 'NONE', *, *, #7044, .T. ) ;
#1974 = DIRECTION ( 'NONE',  ( 1.000000000000000000, 0.000000000000000000, 0.000000000000000000 ) ) ;
#1975 = ORIENTED_EDGE ( 'NONE', *, *, #470, .T. ) ;
#1976 = CARTESIAN_POINT ( 'NONE',  ( 9.199999999999999289, 18.29999994466389879, 16.10000000000000142 ) ) ;
#1977 = ORIENTED_EDGE ( 'NONE', *, *, #6439, .F. ) ;
#1978 = DIRECTION ( 'NONE',  ( 0.000000000000000000, 1.000000000000000000, 0.000000000000000000 ) ) ;
#1979 = AXIS2_PLACEMENT_3D ( 'NONE', #5189, #8917, #4367 ) ;
#1980 = DIRECTION ( 'NONE',  ( 0.000000000000000000, 0.000000000000000000, 1.000000000000000000 ) ) ;
#1981 = DIRECTION ( 'NONE',  ( -1.000000000000000000, 0.000000000000000000, 0.000000000000000000 ) ) ;
#1982 = VERTEX_POINT ( 'NONE', #7293 ) ;
#1983 =( BOUNDED_CURVE ( )  B_SPLINE_CURVE ( 3, ( #2506, #1146, #6889, #7682 ),
 .UNSPECIFIED., .F., .T. ) 
 B_SPLINE_CURVE_WITH_KNOTS ( ( 4, 4 ),
 ( 3.141592653589793116, 4.372552070930601609 ),
 .UNSPECIFIED. ) 
 CURVE ( )  GEOMETRIC_REPRESENTATION_ITEM ( )  RATIONAL_B_SPLINE_CURVE ( ( 1.000000000000000000, 0.8776643872851441763, 0.8776643872851441763, 1.000000000000000000 ) ) 
 REPRESENTATION_ITEM ( '' )  );
#1984 = DIRECTION ( 'NONE',  ( -1.000000000000000000, 0.000000000000000000, 0.000000000000000000 ) ) ;
#1985 = DIRECTION ( 'NONE',  ( 0.7071067811865476838, 0.4536480327727557826, 0.5424052565761218192 ) ) ;
#1986 = VECTOR ( 'NONE', #7352, 1000.000000000000000 ) ;
#1987 = CARTESIAN_POINT ( 'NONE',  ( 1.399999999999999911, -22.47184141886165420, 1.700000000000002842 ) ) ;
#1988 = ORIENTED_EDGE ( 'NONE', *, *, #1389, .F. ) ;
#1989 = CARTESIAN_POINT ( 'NONE',  ( 3.741365280077644240, 18.20432495021303154, 20.98232007771175134 ) ) ;
#1990 = EDGE_CURVE ( 'NONE', #525, #1432, #2760, .T. ) ;
#1991 = ORIENTED_EDGE ( 'NONE', *, *, #6379, .F. ) ;
#1992 = CARTESIAN_POINT ( 'NONE',  ( 0.000000000000000000, -3.100000000000000089, -0.9000000000000000222 ) ) ;
#1993 = FACE_OUTER_BOUND ( 'NONE', #3741, .T. ) ;
#1994 = LINE ( 'NONE', #4952, #82 ) ;
#1995 = CARTESIAN_POINT ( 'NONE',  ( 0.2000000000000000111, 19.19999999999999929, 22.39999999999999858 ) ) ;
#1996 = DIRECTION ( 'NONE',  ( 0.000000000000000000, -0.9764170757445558291, -0.2158927840258914044 ) ) ;
#1997 = EDGE_LOOP ( 'NONE', ( #3377, #4109, #1280, #2730 ) ) ;
#1998 = EDGE_CURVE ( 'NONE', #3054, #7869, #4169, .T. ) ;
#1999 = DIRECTION ( 'NONE',  ( 0.000000000000000000, -1.000000000000000000, -4.440892098500630106E-16 ) ) ;
#2000 = ORIENTED_EDGE ( 'NONE', *, *, #5886, .T. ) ;
#2001 = VERTEX_POINT ( 'NONE', #7980 ) ;
#2002 = VERTEX_POINT ( 'NONE', #6411 ) ;
#2003 = DIRECTION ( 'NONE',  ( -1.000000000000000000, 0.000000000000000000, 0.000000000000000000 ) ) ;
#2004 = FACE_OUTER_BOUND ( 'NONE', #3315, .T. ) ;
#2005 = CARTESIAN_POINT ( 'NONE',  ( 3.784030344939077306, -47.42742382548298963, 1.499999999999995781 ) ) ;
#2006 = ORIENTED_EDGE ( 'NONE', *, *, #770, .F. ) ;
#2007 = EDGE_CURVE ( 'NONE', #6541, #1814, #1398, .T. ) ;
#2008 = DIRECTION ( 'NONE',  ( 0.7071067811865489050, 0.7071067811865460184, 3.140184917367539980E-16 ) ) ;
#2009 = EDGE_LOOP ( 'NONE', ( #5089, #5046, #4916, #268 ) ) ;
#2010 = ADVANCED_FACE ( 'NONE', ( #2803 ), #6556, .T. ) ;
#2011 = ORIENTED_EDGE ( 'NONE', *, *, #9007, .F. ) ;
#2012 = CARTESIAN_POINT ( 'NONE',  ( 10.20000000000000107, 11.90000000818370118, -1.100000000000000089 ) ) ;
#2013 = CARTESIAN_POINT ( 'NONE',  ( 9.000000000000000000, -2.285540085437800073, -3.641958629922790180 ) ) ;
#2014 = VERTEX_POINT ( 'NONE', #4848 ) ;
#2015 = DIRECTION ( 'NONE',  ( -1.000000000000000000, 0.000000000000000000, 0.000000000000000000 ) ) ;
#2016 = ORIENTED_EDGE ( 'NONE', *, *, #7320, .F. ) ;
#2017 = UNCERTAINTY_MEASURE_WITH_UNIT (LENGTH_MEASURE( 1.000000000000000082E-05 ), #8031, 'distance_accuracy_value', 'NONE');
#2018 = ADVANCED_FACE ( 'NONE', ( #8767 ), #2077, .F. ) ;
#2019 = DIRECTION ( 'NONE',  ( 0.000000000000000000, -2.220446049250309876E-16, 1.000000000000000000 ) ) ;
#2020 = ORIENTED_EDGE ( 'NONE', *, *, #2502, .F. ) ;
#2021 = LINE ( 'NONE', #4310, #4707 ) ;
#2022 = VECTOR ( 'NONE', #4412, 1000.000000000000000 ) ;
#2023 = CYLINDRICAL_SURFACE ( 'NONE', #3164, 2.999999999999999112 ) ;
#2024 = EDGE_CURVE ( 'NONE', #4187, #5768, #1163, .T. ) ;
#2025 = CARTESIAN_POINT ( 'NONE',  ( 1.000000000000000000, 15.68578643762690028, -6.500000000000000000 ) ) ;
#2026 = ORIENTED_EDGE ( 'NONE', *, *, #6138, .T. ) ;
#2027 = CARTESIAN_POINT ( 'NONE',  ( 9.199999999999999289, -17.10000000000000497, -1.500000000000000000 ) ) ;
#2028 = DIRECTION ( 'NONE',  ( 1.000000000000000000, 0.000000000000000000, 0.000000000000000000 ) ) ;
#2029 = FACE_OUTER_BOUND ( 'NONE', #5858, .T. ) ;
#2030 = VERTEX_POINT ( 'NONE', #8565 ) ;
#2031 = CARTESIAN_POINT ( 'NONE',  ( 0.000000000000000000, 25.69999999999999929, 3.514213562373090127 ) ) ;
#2032 = VECTOR ( 'NONE', #7668, 1000.000000000000114 ) ;
#2033 = ORIENTED_EDGE ( 'NONE', *, *, #6138, .F. ) ;
#2034 = FACE_OUTER_BOUND ( 'NONE', #868, .T. ) ;
#2035 = AXIS2_PLACEMENT_3D ( 'NONE', #7202, #8718, #6560 ) ;
#2036 = CARTESIAN_POINT ( 'NONE',  ( 4.799999999999999822, 21.72358293915664262, 23.94687172967920574 ) ) ;
#2037 = CARTESIAN_POINT ( 'NONE',  ( 9.199999999999999289, 3.134314575050749951, 1.100000000000000089 ) ) ;
#2038 = CARTESIAN_POINT ( 'NONE',  ( 3.799999999999999822, 17.69999999999999929, 13.25000000000000000 ) ) ;
#2039 = ORIENTED_EDGE ( 'NONE', *, *, #1902, .T. ) ;
#2040 = DIRECTION ( 'NONE',  ( -1.000000000000000000, 0.000000000000000000, 0.000000000000000000 ) ) ;
#2041 = ORIENTED_EDGE ( 'NONE', *, *, #2594, .T. ) ;
#2042 = DIRECTION ( 'NONE',  ( 0.000000000000000000, -0.6382847385042265120, 0.7698003589195000496 ) ) ;
#2043 = CONICAL_SURFACE ( 'NONE', #7343, 0.4000000000000010214, 0.7853981633974476129 ) ;
#2044 = ORIENTED_EDGE ( 'NONE', *, *, #9355, .T. ) ;
#2045 = ORIENTED_EDGE ( 'NONE', *, *, #7763, .F. ) ;
#2046 = ORIENTED_EDGE ( 'NONE', *, *, #7084, .T. ) ;
#2047 = EDGE_CURVE ( 'NONE', #6095, #1338, #4121, .T. ) ;
#2048 = DIRECTION ( 'NONE',  ( -1.000000000000000000, 0.000000000000000000, 0.000000000000000000 ) ) ;
#2049 = CARTESIAN_POINT ( 'NONE',  ( 9.066681727984674311, -47.48754719181268058, 1.102484551984611816 ) ) ;
#2050 = CARTESIAN_POINT ( 'NONE',  ( 9.199999999999999289, 4.541161721194240108, -2.593219389228420102 ) ) ;
#2051 = DIRECTION ( 'NONE',  ( 0.000000000000000000, 0.9059677699816659491, 0.4233466661666858699 ) ) ;
#2052 = CONICAL_SURFACE ( 'NONE', #4066, 1.200000000000000178, 0.7853981633974476129 ) ;
#2053 = ORIENTED_EDGE ( 'NONE', *, *, #9565, .T. ) ;
#2054 = DIRECTION ( 'NONE',  ( 0.000000000000000000, 1.000000000000000000, 0.000000000000000000 ) ) ;
#2055 = ORIENTED_EDGE ( 'NONE', *, *, #8458, .T. ) ;
#2056 = AXIS2_PLACEMENT_3D ( 'NONE', #7305, #4286, #8871 ) ;
#2057 = AXIS2_PLACEMENT_3D ( 'NONE', #4727, #6924, #307 ) ;
#2058 = ORIENTED_EDGE ( 'NONE', *, *, #5758, .F. ) ;
#2059 = EDGE_CURVE ( 'NONE', #1968, #6826, #4506, .T. ) ;
#2060 = DIRECTION ( 'NONE',  ( 0.000000000000000000, 0.000000000000000000, -1.000000000000000000 ) ) ;
#2061 = DIRECTION ( 'NONE',  ( 0.000000000000000000, -1.000000000000000000, 0.000000000000000000 ) ) ;
#2062 = ORIENTED_EDGE ( 'NONE', *, *, #9454, .F. ) ;
#2063 = AXIS2_PLACEMENT_3D ( 'NONE', #7975, #8711, #8113 ) ;
#2064 = DIRECTION ( 'NONE',  ( -0.7071067811865480168, 0.000000000000000000, -0.7071067811865470176 ) ) ;
#2065 = ORIENTED_EDGE ( 'NONE', *, *, #8149, .F. ) ;
#2066 = DIRECTION ( 'NONE',  ( 0.000000000000000000, 0.000000000000000000, 1.000000000000000000 ) ) ;
#2067 = AXIS2_PLACEMENT_3D ( 'NONE', #4014, #1791, #1203 ) ;
#2068 = VERTEX_POINT ( 'NONE', #5047 ) ;
#2069 = DIRECTION ( 'NONE',  ( 0.7071067811865479058, -0.6904311353733226797, 0.1526592522813604857 ) ) ;
#2070 = VECTOR ( 'NONE', #3401, 1000.000000000000000 ) ;
#2071 = CIRCLE ( 'NONE', #6734, 4.299999999999999822 ) ;
#2072 = EDGE_CURVE ( 'NONE', #4880, #4194, #3394, .T. ) ;
#2073 = VECTOR ( 'NONE', #2928, 1000.000000000000227 ) ;
#2074 = DIRECTION ( 'NONE',  ( 1.000000000000000000, 0.000000000000000000, 0.000000000000000000 ) ) ;
#2075 = DIRECTION ( 'NONE',  ( 0.000000000000000000, 1.000000000000000000, 0.000000000000000000 ) ) ;
#2076 = ORIENTED_EDGE ( 'NONE', *, *, #3720, .F. ) ;
#2077 = PLANE ( 'NONE',  #5278 ) ;
#2078 = LINE ( 'NONE', #9402, #5603 ) ;
#2079 = CARTESIAN_POINT ( 'NONE',  ( 9.199999999999999289, -18.06745121626587292, 0.8217391304347787528 ) ) ;
#2080 = ORIENTED_EDGE ( 'NONE', *, *, #42, .T. ) ;
#2081 = EDGE_CURVE ( 'NONE', #7545, #7560, #3051, .T. ) ;
#2082 = LINE ( 'NONE', #2720, #3282 ) ;
#2083 = AXIS2_PLACEMENT_3D ( 'NONE', #2588, #1756, #2537 ) ;
#2084 = EDGE_CURVE ( 'NONE', #6378, #1044, #2170, .T. ) ;
#2085 = ADVANCED_FACE ( 'NONE', ( #2905 ), #1712, .F. ) ;
#2086 = VERTEX_POINT ( 'NONE', #8217 ) ;
#2087 = PLANE ( 'NONE',  #3690 ) ;
#2088 = VECTOR ( 'NONE', #1651, 1000.000000000000000 ) ;
#2089 = AXIS2_PLACEMENT_3D ( 'NONE', #8038, #7159, #488 ) ;
#2090 = DIRECTION ( 'NONE',  ( -0.7071067811865476838, 0.4999999999999997780, -0.4999999999999997780 ) ) ;
#2091 = FACE_OUTER_BOUND ( 'NONE', #2317, .T. ) ;
#2092 = PLANE ( 'NONE',  #7240 ) ;
#2093 = EDGE_LOOP ( 'NONE', ( #4741, #6974, #5360, #8895 ) ) ;
#2094 = DIRECTION ( 'NONE',  ( 1.000000000000000000, 0.000000000000000000, 0.000000000000000000 ) ) ;
#2095 = ORIENTED_EDGE ( 'NONE', *, *, #1474, .T. ) ;
#2096 = DIRECTION ( 'NONE',  ( 0.000000000000000000, -1.000000000000000000, -7.954421435255531103E-15 ) ) ;
#2097 = CIRCLE ( 'NONE', #3181, 22.49999999999999289 ) ;
#2098 = EDGE_CURVE ( 'NONE', #4527, #1890, #9594, .T. ) ;
#2099 = VERTEX_POINT ( 'NONE', #8261 ) ;
#2100 = CYLINDRICAL_SURFACE ( 'NONE', #559, 0.5999999999999998668 ) ;
#2101 = LINE ( 'NONE', #1275, #2865 ) ;
#2102 = CARTESIAN_POINT ( 'NONE',  ( 9.199999999999999289, 21.69999999999999929, 15.45834261322609926 ) ) ;
#2103 = CARTESIAN_POINT ( 'NONE',  ( 8.800000000000000711, 21.47849504655690112, 31.46707687015239685 ) ) ;
#2104 = CARTESIAN_POINT ( 'NONE',  ( 0.000000000000000000, 20.52426405306703572, 31.52426408435681537 ) ) ;
#2105 = ORIENTED_EDGE ( 'NONE', *, *, #1120, .F. ) ;
#2106 = DIRECTION ( 'NONE',  ( 1.000000000000000000, 0.000000000000000000, 0.000000000000000000 ) ) ;
#2107 = VERTEX_POINT ( 'NONE', #724 ) ;
#2108 = EDGE_CURVE ( 'NONE', #3226, #6870, #2955, .T. ) ;
#2109 =( GEOMETRIC_REPRESENTATION_CONTEXT ( 3 ) GLOBAL_UNCERTAINTY_ASSIGNED_CONTEXT ( ( #2017 ) ) GLOBAL_UNIT_ASSIGNED_CONTEXT ( ( #8031, #621, #2129 ) ) REPRESENTATION_CONTEXT ( 'NONE', 'WORKASPACE' ) );
#2110 = VECTOR ( 'NONE', #6814, 1000.000000000000227 ) ;
#2111 = ORIENTED_EDGE ( 'NONE', *, *, #8926, .T. ) ;
#2112 = CYLINDRICAL_SURFACE ( 'NONE', #5493, 0.5999999999999998668 ) ;
#2113 = CARTESIAN_POINT ( 'NONE',  ( 3.600000000000000089, 17.29004842973315448, 31.45197380170374046 ) ) ;
#2114 = ORIENTED_EDGE ( 'NONE', *, *, #828, .F. ) ;
#2115 = LINE ( 'NONE', #3481, #8584 ) ;
#2116 = CONICAL_SURFACE ( 'NONE', #728, 1.500000000000000666, 0.7853981633974490562 ) ;
#2117 = ORIENTED_EDGE ( 'NONE', *, *, #7503, .T. ) ;
#2118 = LINE ( 'NONE', #9585, #7500 ) ;
#2119 = ORIENTED_EDGE ( 'NONE', *, *, #160, .T. ) ;
#2120 = CARTESIAN_POINT ( 'NONE',  ( 1.400000000000000133, -22.47184141886165420, -1.699999999999998401 ) ) ;
#2121 = EDGE_CURVE ( 'NONE', #7262, #7403, #6026, .T. ) ;
#2122 = DIRECTION ( 'NONE',  ( 1.000000000000000000, 0.000000000000000000, 0.000000000000000000 ) ) ;
#2123 = DIRECTION ( 'NONE',  ( -0.6785983445458465546, -0.6785983445458465546, 0.2810846377148225606 ) ) ;
#2124 = CARTESIAN_POINT ( 'NONE',  ( 0.000000000000000000, -11.89999999181630130, -1.500000000000000000 ) ) ;
#2125 = ADVANCED_FACE ( 'NONE', ( #8117 ), #2174, .T. ) ;
#2126 = ORIENTED_EDGE ( 'NONE', *, *, #3730, .T. ) ;
#2127 = LINE ( 'NONE', #5086, #6526 ) ;
#2128 = LINE ( 'NONE', #3534, #3743 ) ;
#2129 =( NAMED_UNIT ( * ) SI_UNIT ( $, .STERADIAN. ) SOLID_ANGLE_UNIT ( ) );
#2130 = ORIENTED_EDGE ( 'NONE', *, *, #4690, .F. ) ;
#2131 = FACE_OUTER_BOUND ( 'NONE', #3030, .T. ) ;
#2132 = ADVANCED_FACE ( 'NONE', ( #3824 ), #1537, .F. ) ;
#2133 = EDGE_CURVE ( 'NONE', #7557, #4824, #5921, .T. ) ;
#2134 = CARTESIAN_POINT ( 'NONE',  ( 9.199999999999999289, 20.09999998567590396, 16.10000000000000142 ) ) ;
#2135 = CARTESIAN_POINT ( 'NONE',  ( 10.08528137423856919, -20.00000000000000000, 2.449293598294706513E-15 ) ) ;
#2136 = DIRECTION ( 'NONE',  ( 0.7071067811865470176, 6.521420674826830705E-08, -0.7071067811865450192 ) ) ;
#2137 = CARTESIAN_POINT ( 'NONE',  ( 9.799999999999998934, 20.10000000000000142, 31.09999999999999787 ) ) ;
#2138 = ORIENTED_EDGE ( 'NONE', *, *, #6188, .F. ) ;
#2139 = CARTESIAN_POINT ( 'NONE',  ( 3.799999999999999822, 18.14958090976909943, 21.01841132169780124 ) ) ;
#2140 = VERTEX_POINT ( 'NONE', #89 ) ;
#2141 = EDGE_CURVE ( 'NONE', #2169, #9641, #7635, .T. ) ;
#2142 = DIRECTION ( 'NONE',  ( 1.000000000000000000, 0.000000000000000000, 0.000000000000000000 ) ) ;
#2143 = ORIENTED_EDGE ( 'NONE', *, *, #3482, .F. ) ;
#2144 = DIRECTION ( 'NONE',  ( 0.000000000000000000, -0.6382847385042265120, 0.7698003589195001606 ) ) ;
#2145 = DIRECTION ( 'NONE',  ( 0.000000000000000000, 0.000000000000000000, -1.000000000000000000 ) ) ;
#2146 = DIRECTION ( 'NONE',  ( 1.000000000000000000, 0.000000000000000000, 0.000000000000000000 ) ) ;
#2147 = DIRECTION ( 'NONE',  ( -1.000000000000000000, 0.000000000000000000, 0.000000000000000000 ) ) ;
#2148 = EDGE_CURVE ( 'NONE', #6544, #9637, #7443, .T. ) ;
#2149 = DIRECTION ( 'NONE',  ( -1.000000000000000000, 0.000000000000000000, 0.000000000000000000 ) ) ;
#2150 = ORIENTED_EDGE ( 'NONE', *, *, #3137, .T. ) ;
#2151 = DIRECTION ( 'NONE',  ( 0.7071067811865480168, -0.7071067811865470176, -3.140184917367550333E-16 ) ) ;
#2152 = AXIS2_PLACEMENT_3D ( 'NONE', #8956, #6745, #5124 ) ;
#2153 = CARTESIAN_POINT ( 'NONE',  ( 9.199999999999999289, 18.30000000000000071, 22.89999999999999858 ) ) ;
#2154 = ORIENTED_EDGE ( 'NONE', *, *, #3091, .T. ) ;
#2155 = DIRECTION ( 'NONE',  ( -1.000000000000000000, -0.000000000000000000, -0.000000000000000000 ) ) ;
#2156 = EDGE_CURVE ( 'NONE', #9247, #3095, #782, .T. ) ;
#2157 = LINE ( 'NONE', #7183, #4250 ) ;
#2158 = ORIENTED_EDGE ( 'NONE', *, *, #7850, .F. ) ;
#2159 = CARTESIAN_POINT ( 'NONE',  ( 9.199999999999999289, -17.88339895114832601, 1.100000000000009859 ) ) ;
#2160 = ORIENTED_EDGE ( 'NONE', *, *, #3214, .T. ) ;
#2161 = DIRECTION ( 'NONE',  ( -1.000000000000000000, 0.000000000000000000, 0.000000000000000000 ) ) ;
#2162 = ORIENTED_EDGE ( 'NONE', *, *, #8440, .T. ) ;
#2163 = LINE ( 'NONE', #1387, #4248 ) ;
#2164 = CIRCLE ( 'NONE', #8551, 1.000000000000000666 ) ;
#2165 = FACE_OUTER_BOUND ( 'NONE', #8378, .T. ) ;
#2166 = DIRECTION ( 'NONE',  ( 0.000000000000000000, 0.9238795325112866275, -0.3826834323650900038 ) ) ;
#2167 = EDGE_CURVE ( 'NONE', #6649, #5578, #2272, .T. ) ;
#2168 = DIRECTION ( 'NONE',  ( 1.000000000000000000, 0.000000000000000000, 0.000000000000000000 ) ) ;
#2169 = VERTEX_POINT ( 'NONE', #3639 ) ;
#2170 = LINE ( 'NONE', #5228, #5118 ) ;
#2171 = DIRECTION ( 'NONE',  ( -1.000000000000000000, 0.000000000000000000, 0.000000000000000000 ) ) ;
#2172 = ORIENTED_EDGE ( 'NONE', *, *, #4974, .T. ) ;
#2173 = CARTESIAN_POINT ( 'NONE',  ( 9.199999999999999289, 20.69999999999999929, 25.14999999590820323 ) ) ;
#2174 = CONICAL_SURFACE ( 'NONE', #5437, 21.49999999999997513, 0.7853981633974500554 ) ;
#2175 = DIRECTION ( 'NONE',  ( 1.000000000000000000, 0.000000000000000000, 0.000000000000000000 ) ) ;
#2176 = ADVANCED_FACE ( 'NONE', ( #811 ), #3270, .F. ) ;
#2177 = CARTESIAN_POINT ( 'NONE',  ( 9.799999999999998934, -3.700000000000000178, 0.9000000000000000222 ) ) ;
#2178 = DIRECTION ( 'NONE',  ( -0.7071067811865480168, 0.000000000000000000, 0.7071067811865470176 ) ) ;
#2179 = CARTESIAN_POINT ( 'NONE',  ( 3.799999999999999822, 10.69999999999999929, 11.71421356237310007 ) ) ;
#2180 = ORIENTED_EDGE ( 'NONE', *, *, #1783, .T. ) ;
#2181 = LINE ( 'NONE', #3698, #4853 ) ;
#2182 = VECTOR ( 'NONE', #4483, 1000.000000000000000 ) ;
#2183 = ORIENTED_EDGE ( 'NONE', *, *, #4969, .T. ) ;
#2184 = EDGE_CURVE ( 'NONE', #9029, #2355, #1095, .T. ) ;
#2185 = AXIS2_PLACEMENT_3D ( 'NONE', #5934, #1458, #4422 ) ;
#2186 = EDGE_LOOP ( 'NONE', ( #8937, #7567, #8163, #7851, #7479, #779, #938, #150, #7169 ) ) ;
#2187 = AXIS2_PLACEMENT_3D ( 'NONE', #1692, #6954, #6909 ) ;
#2188 = CARTESIAN_POINT ( 'NONE',  ( 3.000000000000000000, -25.51999999999984325, -10.47500000000006004 ) ) ;
#2189 = EDGE_CURVE ( 'NONE', #2086, #1790, #6608, .T. ) ;
#2190 = LINE ( 'NONE', #5848, #5668 ) ;
#2191 = DIRECTION ( 'NONE',  ( 1.000000000000000000, 0.000000000000000000, 0.000000000000000000 ) ) ;
#2192 = DIRECTION ( 'NONE',  ( -0.000000000000000000, -0.7071067811865475727, -0.7071067811865475727 ) ) ;
#2193 = CARTESIAN_POINT ( 'NONE',  ( 3.799999999999999822, 15.69999999999999929, 1.500000000000000000 ) ) ;
#2194 = AXIS2_PLACEMENT_3D ( 'NONE', #463, #513, #6398 ) ;
#2195 = EDGE_LOOP ( 'NONE', ( #5672, #8652, #5663, #1206 ) ) ;
#2196 = EDGE_CURVE ( 'NONE', #7345, #4814, #2127, .T. ) ;
#2197 = DIRECTION ( 'NONE',  ( 1.000000000000000000, 0.000000000000000000, 0.000000000000000000 ) ) ;
#2198 = VECTOR ( 'NONE', #1832, 1000.000000000000000 ) ;
#2199 = EDGE_CURVE ( 'NONE', #7328, #7119, #2329, .T. ) ;
#2200 = DIRECTION ( 'NONE',  ( 0.000000000000000000, -0.9764170757445556070, -0.2158927840258928754 ) ) ;
#2201 = STYLED_ITEM ( 'NONE', ( #942 ), #6316 ) ;
#2202 = VERTEX_POINT ( 'NONE', #7589 ) ;
#2203 = AXIS2_PLACEMENT_3D ( 'NONE', #8995, #6060, #713 ) ;
#2204 = DIRECTION ( 'NONE',  ( 0.000000000000000000, 0.000000000000000000, -1.000000000000000000 ) ) ;
#2205 = CYLINDRICAL_SURFACE ( 'NONE', #845, 0.9999999999999994449 ) ;
#2206 = ORIENTED_EDGE ( 'NONE', *, *, #6996, .F. ) ;
#2207 = CARTESIAN_POINT ( 'NONE',  ( 10.00000000000000000, 20.10000000000000142, 15.50000000000000000 ) ) ;
#2208 = ORIENTED_EDGE ( 'NONE', *, *, #7254, .F. ) ;
#2209 = CARTESIAN_POINT ( 'NONE',  ( 9.199999999999999289, 20.83693984606579974, 30.70000000000000284 ) ) ;
#2210 = CIRCLE ( 'NONE', #2056, 0.1999999999999987899 ) ;
#2211 = ORIENTED_EDGE ( 'NONE', *, *, #7617, .T. ) ;
#2212 = DIRECTION ( 'NONE',  ( 0.000000000000000000, -0.9764170755296077697, 0.2158927849980359637 ) ) ;
#2213 = VECTOR ( 'NONE', #7665, 1000.000000000000000 ) ;
#2214 = ADVANCED_FACE ( 'NONE', ( #3096 ), #4813, .T. ) ;
#2215 = LINE ( 'NONE', #7585, #5016 ) ;
#2216 = FACE_OUTER_BOUND ( 'NONE', #3858, .T. ) ;
#2217 = DIRECTION ( 'NONE',  ( -1.000000000000000000, -0.000000000000000000, -0.000000000000000000 ) ) ;
#2218 = AXIS2_PLACEMENT_3D ( 'NONE', #1738, #4705, #427 ) ;
#2219 = EDGE_LOOP ( 'NONE', ( #8678, #7482, #547, #494 ) ) ;
#2220 = CARTESIAN_POINT ( 'NONE',  ( 0.000000000000000000, 21.47849504655690112, 31.46707687015239685 ) ) ;
#2221 = CARTESIAN_POINT ( 'NONE',  ( 9.000000000000000000, 7.855963737990349749, -2.500000000000000000 ) ) ;
#2222 = VERTEX_POINT ( 'NONE', #4697 ) ;
#2223 = PLANE ( 'NONE',  #7802 ) ;
#2224 = CONICAL_SURFACE ( 'NONE', #8611, 0.4000000000000001887, 0.7853981633974476129 ) ;
#2225 = AXIS2_PLACEMENT_3D ( 'NONE', #2345, #4586, #8201 ) ;
#2226 = EDGE_CURVE ( 'NONE', #289, #8062, #3867, .T. ) ;
#2227 = VECTOR ( 'NONE', #2069, 1000.000000000000114 ) ;
#2228 = DIRECTION ( 'NONE',  ( 0.000000000000000000, 0.3826834323650882275, -0.9238795325112874046 ) ) ;
#2229 = CARTESIAN_POINT ( 'NONE',  ( 2.999999999999993783, -25.51999999999984681, 4.529999999999937188 ) ) ;
#2230 = CONICAL_SURFACE ( 'NONE', #8939, 1.100000000000001421, 0.7853981633974476129 ) ;
#2231 = VECTOR ( 'NONE', #7575, 1000.000000000000000 ) ;
#2232 = DIRECTION ( 'NONE',  ( 0.000000000000000000, 1.000000000000000000, 0.000000000000000000 ) ) ;
#2233 = PLANE ( 'NONE',  #4516 ) ;
#2234 = FACE_OUTER_BOUND ( 'NONE', #7476, .T. ) ;
#2235 = ORIENTED_EDGE ( 'NONE', *, *, #3785, .F. ) ;
#2236 = PLANE ( 'NONE',  #5607 ) ;
#2237 = ADVANCED_FACE ( 'NONE', ( #7689 ), #5378, .F. ) ;
#2238 = ORIENTED_EDGE ( 'NONE', *, *, #7524, .F. ) ;
#2239 = EDGE_CURVE ( 'NONE', #2454, #9476, #9154, .T. ) ;
#2240 = CIRCLE ( 'NONE', #1160, 1.000000000000001554 ) ;
#2241 = CONICAL_SURFACE ( 'NONE', #4885, 1.100000000000000311, 0.7853981633974476129 ) ;
#2242 = EDGE_LOOP ( 'NONE', ( #2143, #411, #4678, #5141, #401, #2645 ) ) ;
#2243 = DIRECTION ( 'NONE',  ( -1.000000000000000000, -0.000000000000000000, -0.000000000000000000 ) ) ;
#2244 = DIRECTION ( 'NONE',  ( -1.000000000000000000, 0.000000000000000000, 0.000000000000000000 ) ) ;
#2245 = DIRECTION ( 'NONE',  ( 0.2810846377148134012, -0.6785983445458455554, 0.6785983445458513286 ) ) ;
#2246 = CARTESIAN_POINT ( 'NONE',  ( 9.199999999999999289, -44.10000000000001563, -1.500000000000000000 ) ) ;
#2247 = CARTESIAN_POINT ( 'NONE',  ( 3.799999999999999822, 18.30000000000000071, 31.09999999999999787 ) ) ;
#2248 = AXIS2_PLACEMENT_3D ( 'NONE', #697, #3664, #6775 ) ;
#2249 = EDGE_LOOP ( 'NONE', ( #1041, #662, #4106, #76 ) ) ;
#2250 = LINE ( 'NONE', #4480, #5012 ) ;
#2251 = ORIENTED_EDGE ( 'NONE', *, *, #5882, .F. ) ;
#2252 = EDGE_CURVE ( 'NONE', #8108, #3905, #5122, .T. ) ;
#2253 = AXIS2_PLACEMENT_3D ( 'NONE', #775, #7355, #8182 ) ;
#2254 = CARTESIAN_POINT ( 'NONE',  ( 4.799999999999999822, 22.70000000000000284, 11.34403626200970017 ) ) ;
#2255 = ORIENTED_EDGE ( 'NONE', *, *, #8975, .F. ) ;
#2256 = CARTESIAN_POINT ( 'NONE',  ( 9.199999999999999289, 21.52829952400773195, 23.90369317287403206 ) ) ;
#2257 = EDGE_CURVE ( 'NONE', #7070, #8950, #8096, .T. ) ;
#2258 = CARTESIAN_POINT ( 'NONE',  ( 9.000000000000000000, 21.72358292447039574, 14.45312826029233477 ) ) ;
#2259 = ORIENTED_EDGE ( 'NONE', *, *, #5680, .T. ) ;
#2260 = CARTESIAN_POINT ( 'NONE',  ( 9.799999999999998934, 11.90000000000000036, 0.9000000000000000222 ) ) ;
#2261 = ORIENTED_EDGE ( 'NONE', *, *, #5336, .T. ) ;
#2262 = MECHANICAL_DESIGN_GEOMETRIC_PRESENTATION_REPRESENTATION (  '', ( #3667 ), #2109 ) ;
#2263 = DIRECTION ( 'NONE',  ( 1.000000000000000000, 0.000000000000000000, 0.000000000000000000 ) ) ;
#2264 = ORIENTED_EDGE ( 'NONE', *, *, #3247, .T. ) ;
#2265 = DIRECTION ( 'NONE',  ( 0.000000000000000000, 6.167905692361982533E-15, -1.000000000000000000 ) ) ;
#2266 = ADVANCED_FACE ( 'NONE', ( #322, #3198, #6895 ), #1682, .F. ) ;
#2267 = ORIENTED_EDGE ( 'NONE', *, *, #5356, .F. ) ;
#2268 = DIRECTION ( 'NONE',  ( 0.7071067811865467956, 0.5000000000000005551, -0.5000000000000005551 ) ) ;
#2269 = DIRECTION ( 'NONE',  ( 1.000000000000000000, 0.000000000000000000, 0.000000000000000000 ) ) ;
#2270 = DIRECTION ( 'NONE',  ( 0.000000000000000000, 0.000000000000000000, 1.000000000000000000 ) ) ;
#2271 = VERTEX_POINT ( 'NONE', #2418 ) ;
#2272 = LINE ( 'NONE', #4500, #4038 ) ;
#2273 = DIRECTION ( 'NONE',  ( 0.000000000000000000, 0.000000000000000000, 1.000000000000000000 ) ) ;
#2274 = ORIENTED_EDGE ( 'NONE', *, *, #3268, .F. ) ;
#2275 = FACE_OUTER_BOUND ( 'NONE', #3393, .T. ) ;
#2276 = DIRECTION ( 'NONE',  ( 0.000000000000000000, 0.000000000000000000, 1.000000000000000000 ) ) ;
#2277 = DIRECTION ( 'NONE',  ( 0.000000000000000000, 0.000000000000000000, -1.000000000000000000 ) ) ;
#2278 = DIRECTION ( 'NONE',  ( 0.000000000000000000, 1.000000000000000000, 0.000000000000000000 ) ) ;
#2279 = CARTESIAN_POINT ( 'NONE',  ( 0.000000000000000000, 12.69999999999999929, 26.63271332580049844 ) ) ;
#2280 = CYLINDRICAL_SURFACE ( 'NONE', #5361, 0.9999999999999964473 ) ;
#2281 = EDGE_CURVE ( 'NONE', #9021, #4647, #8364, .T. ) ;
#2282 = ORIENTED_EDGE ( 'NONE', *, *, #4649, .F. ) ;
#2283 = CARTESIAN_POINT ( 'NONE',  ( 0.000000000000000000, 20.10000000000000142, 22.30000000000000071 ) ) ;
#2284 = ORIENTED_EDGE ( 'NONE', *, *, #3625, .F. ) ;
#2285 = ORIENTED_EDGE ( 'NONE', *, *, #3429, .T. ) ;
#2286 = LINE ( 'NONE', #6716, #5530 ) ;
#2287 = DIRECTION ( 'NONE',  ( 0.000000000000000000, -0.7670768701524097732, 0.6415552004911058148 ) ) ;
#2288 = FACE_OUTER_BOUND ( 'NONE', #9371, .T. ) ;
#2289 = DIRECTION ( 'NONE',  ( -1.000000000000000000, 0.000000000000000000, 0.000000000000000000 ) ) ;
#2290 = DIRECTION ( 'NONE',  ( 1.000000000000000000, 0.000000000000000000, 0.000000000000000000 ) ) ;
#2291 = ADVANCED_FACE ( 'NONE', ( #4645 ), #632, .T. ) ;
#2292 = VERTEX_POINT ( 'NONE', #2463 ) ;
#2293 = DIRECTION ( 'NONE',  ( 0.000000000000000000, 0.000000000000000000, -1.000000000000000000 ) ) ;
#2294 = VERTEX_POINT ( 'NONE', #280 ) ;
#2295 = DIRECTION ( 'NONE',  ( -1.000000000000000000, 0.000000000000000000, 0.000000000000000000 ) ) ;
#2296 = VECTOR ( 'NONE', #6023, 1000.000000000000000 ) ;
#2297 = ORIENTED_EDGE ( 'NONE', *, *, #6416, .F. ) ;
#2298 = DIRECTION ( 'NONE',  ( -0.7071067811865480168, 0.7071067811865470176, 3.140184917367550333E-16 ) ) ;
#2299 = DIRECTION ( 'NONE',  ( 0.000000000000000000, 0.3826834323650906700, -0.9238795325112864054 ) ) ;
#2300 = ADVANCED_FACE ( 'NONE', ( #9107 ), #2648, .T. ) ;
#2301 = VERTEX_POINT ( 'NONE', #234 ) ;
#2302 = CARTESIAN_POINT ( 'NONE',  ( 0.000000000000000000, 20.69999999999999929, 22.89999999999999858 ) ) ;
#2303 = ORIENTED_EDGE ( 'NONE', *, *, #5121, .T. ) ;
#2304 = CARTESIAN_POINT ( 'NONE',  ( 9.000000000000000000, 4.962764524705690405, -3.500000000000000000 ) ) ;
#2305 = ORIENTED_EDGE ( 'NONE', *, *, #9024, .T. ) ;
#2306 = VECTOR ( 'NONE', #5826, 1000.000000000000000 ) ;
#2307 = LINE ( 'NONE', #5263, #3006 ) ;
#2308 = EDGE_CURVE ( 'NONE', #9100, #2490, #7738, .T. ) ;
#2309 = ORIENTED_EDGE ( 'NONE', *, *, #8144, .F. ) ;
#2310 = CARTESIAN_POINT ( 'NONE',  ( 9.099999999999999645, 22.75128056123690001, 16.95662018784869929 ) ) ;
#2311 = CARTESIAN_POINT ( 'NONE',  ( 0.000000000000000000, 16.39289321881349792, -7.207106781186549682 ) ) ;
#2312 = DIRECTION ( 'NONE',  ( 1.000000000000000000, 0.000000000000000000, 0.000000000000000000 ) ) ;
#2313 = EDGE_CURVE ( 'NONE', #8954, #3942, #3883, .T. ) ;
#2314 = ORIENTED_EDGE ( 'NONE', *, *, #8643, .F. ) ;
#2315 = DIRECTION ( 'NONE',  ( 0.000000000000000000, 0.3826834323650901148, -0.9238795325112865164 ) ) ;
#2316 = DIRECTION ( 'NONE',  ( 1.000000000000000000, 0.000000000000000000, 0.000000000000000000 ) ) ;
#2317 = EDGE_LOOP ( 'NONE', ( #2733, #2162, #9235, #2695 ) ) ;
#2318 = CARTESIAN_POINT ( 'NONE',  ( 0.000000000000000000, -22.89999999999999858, -1.500000000000000000 ) ) ;
#2319 = DIRECTION ( 'NONE',  ( 0.000000000000000000, 1.000000000000000000, 0.000000000000000000 ) ) ;
#2320 = VECTOR ( 'NONE', #2926, 1000.000000000000000 ) ;
#2321 = CARTESIAN_POINT ( 'NONE',  ( 9.799999999999998934, 20.69999999999999929, 31.09999999181640362 ) ) ;
#2322 = DIRECTION ( 'NONE',  ( -1.000000000000000000, 0.000000000000000000, 0.000000000000000000 ) ) ;
#2323 = DIRECTION ( 'NONE',  ( 0.000000000000000000, -0.7071067811865470176, -0.7071067811865480168 ) ) ;
#2324 = CARTESIAN_POINT ( 'NONE',  ( 4.799999999999999822, 22.55948980591969644, 22.19396530439509974 ) ) ;
#2325 = CARTESIAN_POINT ( 'NONE',  ( 9.199999999999999289, 25.30000000000000071, 15.62382933935960061 ) ) ;
#2326 = ORIENTED_EDGE ( 'NONE', *, *, #3398, .F. ) ;
#2327 = FACE_OUTER_BOUND ( 'NONE', #7239, .T. ) ;
#2328 = ORIENTED_EDGE ( 'NONE', *, *, #3979, .F. ) ;
#2329 = CIRCLE ( 'NONE', #7788, 1.700000000000000178 ) ;
#2330 = VERTEX_POINT ( 'NONE', #1053 ) ;
#2331 = DIRECTION ( 'NONE',  ( 0.7071067811865472397, -2.810786845979631113E-08, 0.7071067811865472397 ) ) ;
#2332 = AXIS2_PLACEMENT_3D ( 'NONE', #8198, #3848, #3075 ) ;
#2333 = DIRECTION ( 'NONE',  ( -1.000000000000000000, 0.000000000000000000, 0.000000000000000000 ) ) ;
#2334 = PRODUCT_DEFINITION_SHAPE ( 'NONE', 'NONE',  #3387 ) ;
#2335 = DIRECTION ( 'NONE',  ( 0.000000000000000000, 0.3412646552513101117, 0.9399672521296710270 ) ) ;
#2336 = DIRECTION ( 'NONE',  ( 0.000000000000000000, 0.9059677699816652829, 0.4233466661666869801 ) ) ;
#2337 = DIRECTION ( 'NONE',  ( -1.000000000000000000, 0.000000000000000000, 0.000000000000000000 ) ) ;
#2338 = ORIENTED_EDGE ( 'NONE', *, *, #2677, .T. ) ;
#2339 = DIRECTION ( 'NONE',  ( 0.000000000000000000, 0.000000000000000000, -1.000000000000000000 ) ) ;
#2340 = ORIENTED_EDGE ( 'NONE', *, *, #2226, .F. ) ;
#2341 = CIRCLE ( 'NONE', #6226, 0.5999999999999998668 ) ;
#2342 = EDGE_CURVE ( 'NONE', #1052, #7231, #2341, .T. ) ;
#2343 = CARTESIAN_POINT ( 'NONE',  ( 1.199999999999999956, -21.69999999999999929, 2.471841418861651540 ) ) ;
#2344 = ORIENTED_EDGE ( 'NONE', *, *, #8370, .F. ) ;
#2345 = CARTESIAN_POINT ( 'NONE',  ( 0.000000000000000000, 20.10000000000000142, 7.299999999999999822 ) ) ;
#2346 =( BOUNDED_CURVE ( )  B_SPLINE_CURVE ( 3, ( #4178, #5092, #4131, #1312 ),
 .UNSPECIFIED., .F., .T. ) 
 B_SPLINE_CURVE_WITH_KNOTS ( ( 4, 4 ),
 ( 0.000000000000000000, 1.230959417340753870 ),
 .UNSPECIFIED. ) 
 CURVE ( )  GEOMETRIC_REPRESENTATION_ITEM ( )  RATIONAL_B_SPLINE_CURVE ( ( 1.000000000000000000, 0.8776643872851546124, 0.8776643872851546124, 1.000000000000000000 ) ) 
 REPRESENTATION_ITEM ( '' )  );
#2347 = VECTOR ( 'NONE', #3253, 1000.000000000000000 ) ;
#2348 = DIRECTION ( 'NONE',  ( 0.000000000000000000, -0.4216028017058230937, -0.9067806116110999071 ) ) ;
#2349 = VECTOR ( 'NONE', #391, 1000.000000000000000 ) ;
#2350 = ORIENTED_EDGE ( 'NONE', *, *, #4956, .F. ) ;
#2351 = CARTESIAN_POINT ( 'NONE',  ( 9.799999999999998934, 20.10000002385029916, 6.700000000000000178 ) ) ;
#2352 = AXIS2_PLACEMENT_3D ( 'NONE', #6616, #4564, #3060 ) ;
#2353 = EDGE_LOOP ( 'NONE', ( #8740, #4763, #9483, #8654 ) ) ;
#2354 = DIRECTION ( 'NONE',  ( -1.000000000000000000, 0.000000000000000000, 0.000000000000000000 ) ) ;
#2355 = VERTEX_POINT ( 'NONE', #7572 ) ;
#2356 = DIRECTION ( 'NONE',  ( -1.000000000000000000, 0.000000000000000000, 0.000000000000000000 ) ) ;
#2357 = VECTOR ( 'NONE', #7739, 1000.000000000000000 ) ;
#2358 = EDGE_CURVE ( 'NONE', #376, #7039, #8886, .T. ) ;
#2359 = VECTOR ( 'NONE', #9642, 1000.000000000000000 ) ;
#2360 = VERTEX_POINT ( 'NONE', #117 ) ;
#2361 = CARTESIAN_POINT ( 'NONE',  ( 0.000000000000000000, 19.19999999999999929, 17.49999999999999645 ) ) ;
#2362 = CARTESIAN_POINT ( 'NONE',  ( 9.199999999999999289, 20.83693984606579974, 31.30000000000000071 ) ) ;
#2363 = DIRECTION ( 'NONE',  ( 0.000000000000000000, -0.4233466661666858699, 0.9059677699816659491 ) ) ;
#2364 = ORIENTED_EDGE ( 'NONE', *, *, #1847, .T. ) ;
#2365 = CARTESIAN_POINT ( 'NONE',  ( 1.000000000000000000, 15.68578643762690028, -6.500000000000000000 ) ) ;
#2366 = AXIS2_PLACEMENT_3D ( 'NONE', #1316, #7410, #8784 ) ;
#2367 = DIRECTION ( 'NONE',  ( 0.7071067811865474617, 0.000000000000000000, 0.7071067811865474617 ) ) ;
#2368 = ORIENTED_EDGE ( 'NONE', *, *, #9161, .T. ) ;
#2369 = DIRECTION ( 'NONE',  ( 0.6967999414259800073, 0.7172655307685925630, 0.000000000000000000 ) ) ;
#2370 = AXIS2_PLACEMENT_3D ( 'NONE', #3330, #5560, #6198 ) ;
#2371 = CARTESIAN_POINT ( 'NONE',  ( 9.199999999999999289, 18.10000000000000142, 16.06568542494930085 ) ) ;
#2372 = EDGE_CURVE ( 'NONE', #5017, #6733, #6381, .T. ) ;
#2373 = AXIS2_PLACEMENT_3D ( 'NONE', #1361, #2040, #5841 ) ;
#2374 = VECTOR ( 'NONE', #7569, 1000.000000000000114 ) ;
#2375 = DIRECTION ( 'NONE',  ( 0.000000000000000000, -0.4233466661666820952, -0.9059677699816676144 ) ) ;
#2376 = DIRECTION ( 'NONE',  ( 1.000000000000000000, 0.000000000000000000, 0.000000000000000000 ) ) ;
#2377 = CARTESIAN_POINT ( 'NONE',  ( 8.800000000000000711, -22.11660104885167755, 1.500000000000000000 ) ) ;
#2378 = DIRECTION ( 'NONE',  ( 0.000000000000000000, -0.9059677699816659491, 0.4233466661666858699 ) ) ;
#2379 = FACE_OUTER_BOUND ( 'NONE', #6621, .T. ) ;
#2380 = VERTEX_POINT ( 'NONE', #4391 ) ;
#2381 = DIRECTION ( 'NONE',  ( 0.7071067811865491270, -0.5278928922385280886, 0.4704562618608020830 ) ) ;
#2382 = AXIS2_PLACEMENT_3D ( 'NONE', #1390, #2074, #8854 ) ;
#2383 = CIRCLE ( 'NONE', #2218, 0.9999999999999964473 ) ;
#2384 = EDGE_CURVE ( 'NONE', #1921, #4379, #8098, .T. ) ;
#2385 = ORIENTED_EDGE ( 'NONE', *, *, #8697, .F. ) ;
#2386 = CIRCLE ( 'NONE', #215, 21.49999999999997513 ) ;
#2387 = LINE ( 'NONE', #8432, #6162 ) ;
#2388 = CIRCLE ( 'NONE', #7531, 0.5999999999999998668 ) ;
#2389 = DIRECTION ( 'NONE',  ( 0.000000000000000000, -1.000000000000000000, 0.000000000000000000 ) ) ;
#2390 = CARTESIAN_POINT ( 'NONE',  ( 9.199999999999999289, 22.70000000000000284, 11.34403626200970017 ) ) ;
#2391 = CARTESIAN_POINT ( 'NONE',  ( 9.199999999999999289, 18.10000000000000142, 13.25000000000000000 ) ) ;
#2392 = FACE_OUTER_BOUND ( 'NONE', #3208, .T. ) ;
#2393 = EDGE_CURVE ( 'NONE', #1968, #1428, #6634, .T. ) ;
#2394 = ORIENTED_EDGE ( 'NONE', *, *, #8677, .T. ) ;
#2395 = PLANE ( 'NONE',  #670 ) ;
#2396 = VECTOR ( 'NONE', #4681, 1000.000000000000000 ) ;
#2397 = CONICAL_SURFACE ( 'NONE', #3644, 1.099999999999999867, 0.7853981633974469467 ) ;
#2398 = ORIENTED_EDGE ( 'NONE', *, *, #8869, .T. ) ;
#2399 = DIRECTION ( 'NONE',  ( 1.000000000000000000, 0.000000000000000000, 0.000000000000000000 ) ) ;
#2400 = ORIENTED_EDGE ( 'NONE', *, *, #6317, .T. ) ;
#2401 = AXIS2_PLACEMENT_3D ( 'NONE', #8990, #2986, #1480 ) ;
#2402 = CARTESIAN_POINT ( 'NONE',  ( 3.682703347416726558, 18.25909439770663312, 17.45378791644539973 ) ) ;
#2403 = VECTOR ( 'NONE', #9566, 1000.000000000000000 ) ;
#2404 = DIRECTION ( 'NONE',  ( 1.000000000000000000, 0.000000000000000000, 0.000000000000000000 ) ) ;
#2405 = ORIENTED_EDGE ( 'NONE', *, *, #883, .F. ) ;
#2406 = EDGE_CURVE ( 'NONE', #7332, #8406, #328, .T. ) ;
#2407 = ADVANCED_FACE ( 'NONE', ( #3709 ), #7008, .F. ) ;
#2408 = ORIENTED_EDGE ( 'NONE', *, *, #7568, .T. ) ;
#2409 = DIRECTION ( 'NONE',  ( -1.000000000000000000, 0.000000000000000000, 0.000000000000000000 ) ) ;
#2410 = ORIENTED_EDGE ( 'NONE', *, *, #6298, .T. ) ;
#2411 = AXIS2_PLACEMENT_3D ( 'NONE', #1035, #3986, #9226 ) ;
#2412 = ORIENTED_EDGE ( 'NONE', *, *, #305, .T. ) ;
#2413 = DIRECTION ( 'NONE',  ( 1.000000000000000000, 0.000000000000000000, 0.000000000000000000 ) ) ;
#2414 = DIRECTION ( 'NONE',  ( 0.000000000000000000, 0.000000000000000000, -1.000000000000000000 ) ) ;
#2415 = CARTESIAN_POINT ( 'NONE',  ( 9.799999999999998934, 3.700000000000000178, 0.9000000000000000222 ) ) ;
#2416 = AXIS2_PLACEMENT_3D ( 'NONE', #1358, #1314, #7212 ) ;
#2417 = EDGE_LOOP ( 'NONE', ( #9292, #8187, #8439, #988 ) ) ;
#2418 = CARTESIAN_POINT ( 'NONE',  ( 9.199999999999999289, 22.30332231262591591, 22.20008608056935273 ) ) ;
#2419 = CYLINDRICAL_SURFACE ( 'NONE', #9065, 2.999999999999999112 ) ;
#2420 = EDGE_CURVE ( 'NONE', #4487, #5698, #3669, .T. ) ;
#2421 = EDGE_LOOP ( 'NONE', ( #6050, #8927, #7844 ) ) ;
#2422 = DIRECTION ( 'NONE',  ( 0.000000000000000000, 0.000000000000000000, 1.000000000000000000 ) ) ;
#2423 = CARTESIAN_POINT ( 'NONE',  ( 9.799999999999998934, 5.750000000000000000, -1.500000000000000000 ) ) ;
#2424 = VECTOR ( 'NONE', #3396, 1000.000000000000000 ) ;
#2425 = AXIS2_PLACEMENT_3D ( 'NONE', #3839, #5941, #7512 ) ;
#2426 = EDGE_CURVE ( 'NONE', #7131, #5965, #5903, .T. ) ;
#2427 = DIRECTION ( 'NONE',  ( 0.000000000000000000, 0.000000000000000000, 1.000000000000000000 ) ) ;
#2428 = CARTESIAN_POINT ( 'NONE',  ( 10.20000000000000107, -3.500000000000000000, -0.9000000000000000222 ) ) ;
#2429 = ORIENTED_EDGE ( 'NONE', *, *, #8449, .T. ) ;
#2430 = FACE_OUTER_BOUND ( 'NONE', #5756, .T. ) ;
#2431 = CARTESIAN_POINT ( 'NONE',  ( 9.799999999999998934, 17.69999999999999929, 9.350000000000001421 ) ) ;
#2432 = CARTESIAN_POINT ( 'NONE',  ( 4.799999999999999822, 25.10000000000000142, 27.09999999999999787 ) ) ;
#2433 = ADVANCED_FACE ( 'NONE', ( #163 ), #8151, .F. ) ;
#2434 = ORIENTED_EDGE ( 'NONE', *, *, #6600, .T. ) ;
#2435 = CARTESIAN_POINT ( 'NONE',  ( 9.199999999999999289, 12.46568542494920173, 1.100000000000000089 ) ) ;
#2436 = AXIS2_PLACEMENT_3D ( 'NONE', #7061, #5396, #2483 ) ;
#2437 = EDGE_CURVE ( 'NONE', #3722, #4340, #3116, .T. ) ;
#2438 = VERTEX_POINT ( 'NONE', #791 ) ;
#2439 = EDGE_CURVE ( 'NONE', #17, #2301, #4664, .T. ) ;
#2440 = CARTESIAN_POINT ( 'NONE',  ( 9.799999999999998934, 19.65000000000000213, 22.30000000000000071 ) ) ;
#2441 = DIRECTION ( 'NONE',  ( 1.000000000000000000, 0.000000000000000000, 0.000000000000000000 ) ) ;
#2442 = CARTESIAN_POINT ( 'NONE',  ( 9.199999999999999289, 8.761931507972017030, -3.076653333833315962 ) ) ;
#2443 = LINE ( 'NONE', #7762, #7866 ) ;
#2444 = EDGE_CURVE ( 'NONE', #2616, #7869, #8943, .T. ) ;
#2445 = VERTEX_POINT ( 'NONE', #7520 ) ;
#2446 = DIRECTION ( 'NONE',  ( 0.000000000000000000, -0.9764170755296077697, 0.2158927849980360192 ) ) ;
#2447 = ORIENTED_EDGE ( 'NONE', *, *, #4436, .T. ) ;
#2448 = DIRECTION ( 'NONE',  ( 0.000000000000000000, -1.000000000000000000, 0.000000000000000000 ) ) ;
#2449 = ORIENTED_EDGE ( 'NONE', *, *, #3007, .F. ) ;
#2450 = CARTESIAN_POINT ( 'NONE',  ( 4.799999999999999822, 6.685054647081260626, -4.899999999999999467 ) ) ;
#2451 = AXIS2_PLACEMENT_3D ( 'NONE', #3059, #3734, #9601 ) ;
#2452 = CARTESIAN_POINT ( 'NONE',  ( 1.399999999999999911, -17.52815858113834935, -1.699999999999997957 ) ) ;
#2453 = EDGE_LOOP ( 'NONE', ( #3139, #7036, #8255, #2251 ) ) ;
#2454 = VERTEX_POINT ( 'NONE', #849 ) ;
#2455 = CYLINDRICAL_SURFACE ( 'NONE', #8759, 22.49999999999999289 ) ;
#2456 = EDGE_LOOP ( 'NONE', ( #1486, #9138, #776, #7306 ) ) ;
#2457 = ORIENTED_EDGE ( 'NONE', *, *, #7595, .F. ) ;
#2458 = EDGE_CURVE ( 'NONE', #8589, #3889, #3806, .T. ) ;
#2459 = DIRECTION ( 'NONE',  ( 1.000000000000000000, 0.000000000000000000, 0.000000000000000000 ) ) ;
#2460 = FACE_OUTER_BOUND ( 'NONE', #7645, .T. ) ;
#2461 = CARTESIAN_POINT ( 'NONE',  ( 8.800000000000002487, 11.90000000000000036, 1.500000000000000000 ) ) ;
#2462 = ORIENTED_EDGE ( 'NONE', *, *, #8887, .F. ) ;
#2463 = CARTESIAN_POINT ( 'NONE',  ( 1.000000000000000000, -6.506081413869286401, -7.500000000000000000 ) ) ;
#2464 = DIRECTION ( 'NONE',  ( -1.000000000000000000, 0.000000000000000000, 0.000000000000000000 ) ) ;
#2465 = AXIS2_PLACEMENT_3D ( 'NONE', #1250, #4210, #2075 ) ;
#2466 = EDGE_LOOP ( 'NONE', ( #8517, #8309, #8452, #6482 ) ) ;
#2467 = CARTESIAN_POINT ( 'NONE',  ( 9.634314575050762386, -17.50000000000000000, -1.100000000000002309 ) ) ;
#2468 = LINE ( 'NONE', #7097, #3314 ) ;
#2469 = EDGE_CURVE ( 'NONE', #3925, #7460, #6007, .T. ) ;
#2470 = DIRECTION ( 'NONE',  ( 1.000000000000000000, 0.000000000000000000, 0.000000000000000000 ) ) ;
#2471 = CARTESIAN_POINT ( 'NONE',  ( 0.000000000000000000, 28.14289321881350148, 5.957106781186549682 ) ) ;
#2472 = ORIENTED_EDGE ( 'NONE', *, *, #593, .F. ) ;
#2473 = LINE ( 'NONE', #1650, #798 ) ;
#2474 = CARTESIAN_POINT ( 'NONE',  ( 9.000000000000000000, 8.623040608142760632, -4.141555200491109368 ) ) ;
#2475 = DIRECTION ( 'NONE',  ( 0.000000000000000000, -0.3412646552513101117, 0.9399672521296710270 ) ) ;
#2476 = ORIENTED_EDGE ( 'NONE', *, *, #7755, .F. ) ;
#2477 = DIRECTION ( 'NONE',  ( -0.5773502691896252870, 0.000000000000000000, 0.8164965809277264785 ) ) ;
#2478 = VECTOR ( 'NONE', #231, 1000.000000000000114 ) ;
#2479 = EDGE_CURVE ( 'NONE', #6378, #5050, #2980, .T. ) ;
#2480 = ADVANCED_FACE ( 'NONE', ( #5953 ), #8843, .T. ) ;
#2481 = VERTEX_POINT ( 'NONE', #1621 ) ;
#2482 = AXIS2_PLACEMENT_3D ( 'NONE', #7608, #4475, #3118 ) ;
#2483 = DIRECTION ( 'NONE',  ( 0.000000000000000000, 0.000000000000000000, -1.000000000000000000 ) ) ;
#2484 = DIRECTION ( 'NONE',  ( -1.000000000000000000, 0.000000000000000000, 0.000000000000000000 ) ) ;
#2485 = PLANE ( 'NONE',  #2634 ) ;
#2486 = CARTESIAN_POINT ( 'NONE',  ( 10.20000000000000107, 20.10000000000000142, 7.299999999999999822 ) ) ;
#2487 = PLANE ( 'NONE',  #7861 ) ;
#2488 = ORIENTED_EDGE ( 'NONE', *, *, #5593, .F. ) ;
#2489 = CARTESIAN_POINT ( 'NONE',  ( 1.199999999999999734, -20.00000000000000000, 2.449293598294706513E-15 ) ) ;
#2490 = VERTEX_POINT ( 'NONE', #5857 ) ;
#2491 = EDGE_CURVE ( 'NONE', #8897, #8924, #9510, .T. ) ;
#2492 = CARTESIAN_POINT ( 'NONE',  ( 9.199999999999999289, 2.653299832284320203, 1.100000000000000089 ) ) ;
#2493 = AXIS2_PLACEMENT_3D ( 'NONE', #1885, #9491, #7248 ) ;
#2494 = ORIENTED_EDGE ( 'NONE', *, *, #4896, .T. ) ;
#2495 = DIRECTION ( 'NONE',  ( 1.000000000000000000, 0.000000000000000000, 0.000000000000000000 ) ) ;
#2496 = DIRECTION ( 'NONE',  ( -0.7071067811865480168, -0.000000000000000000, -0.7071067811865470176 ) ) ;
#2497 = EDGE_CURVE ( 'NONE', #9020, #5753, #6192, .T. ) ;
#2498 = ORIENTED_EDGE ( 'NONE', *, *, #1199, .F. ) ;
#2499 = ORIENTED_EDGE ( 'NONE', *, *, #7250, .T. ) ;
#2500 = PLANE ( 'NONE',  #818 ) ;
#2501 = CONICAL_SURFACE ( 'NONE', #7947, 1.100000000000000089, 0.7853981633974476129 ) ;
#2502 = EDGE_CURVE ( 'NONE', #2202, #1722, #8830, .T. ) ;
#2503 = EDGE_LOOP ( 'NONE', ( #4752, #6978, #2255, #9559 ) ) ;
#2504 = VECTOR ( 'NONE', #4996, 1000.000000000000000 ) ;
#2505 = ORIENTED_EDGE ( 'NONE', *, *, #2342, .F. ) ;
#2506 = CARTESIAN_POINT ( 'NONE',  ( 3.399999999999999911, 18.30000000000000071, 31.69999999999999929 ) ) ;
#2507 = VECTOR ( 'NONE', #486, 1000.000000000000000 ) ;
#2508 = CARTESIAN_POINT ( 'NONE',  ( 8.800000000000000711, 18.88518518518520040, 20.87059619069750127 ) ) ;
#2509 = CARTESIAN_POINT ( 'NONE',  ( 9.199999999999999289, 3.700000000000000178, 1.500000000000000000 ) ) ;
#2510 = EDGE_LOOP ( 'NONE', ( #5505, #9102, #3286 ) ) ;
#2511 = CARTESIAN_POINT ( 'NONE',  ( 9.000000000000000000, -3.237688125888199764, -3.199262484512959581 ) ) ;
#2512 = CARTESIAN_POINT ( 'NONE',  ( 1.600000000000000755, -20.00000000000000000, 1.700000000000002842 ) ) ;
#2513 = ORIENTED_EDGE ( 'NONE', *, *, #1544, .F. ) ;
#2514 = LINE ( 'NONE', #961, #8112 ) ;
#2515 = VECTOR ( 'NONE', #8908, 1000.000000000000000 ) ;
#2516 = ORIENTED_EDGE ( 'NONE', *, *, #3987, .T. ) ;
#2517 = DIRECTION ( 'NONE',  ( 0.000000000000000000, 0.000000000000000000, -1.000000000000000000 ) ) ;
#2518 = AXIS2_PLACEMENT_3D ( 'NONE', #4351, #9533, #7331 ) ;
#2519 = DIRECTION ( 'NONE',  ( 0.7071067811865491270, -0.2993512984391799026, 0.6406159536904890706 ) ) ;
#2520 = VECTOR ( 'NONE', #5961, 1000.000000000000000 ) ;
#2521 = DIRECTION ( 'NONE',  ( 1.000000000000000000, 0.000000000000000000, 0.000000000000000000 ) ) ;
#2522 = AXIS2_PLACEMENT_3D ( 'NONE', #2832, #2106, #6388 ) ;
#2523 = ORIENTED_EDGE ( 'NONE', *, *, #6047, .T. ) ;
#2524 = DIRECTION ( 'NONE',  ( 0.000000000000000000, -1.000000000000000000, 0.000000000000000000 ) ) ;
#2525 = DIRECTION ( 'NONE',  ( 0.000000000000000000, 0.000000000000000000, -1.000000000000000000 ) ) ;
#2526 = DIRECTION ( 'NONE',  ( -1.000000000000000000, 0.000000000000000000, 0.000000000000000000 ) ) ;
#2527 = ORIENTED_EDGE ( 'NONE', *, *, #7497, .T. ) ;
#2528 = DIRECTION ( 'NONE',  ( 0.000000000000000000, -0.9067806116110995740, -0.4216028017058239263 ) ) ;
#2529 = EDGE_CURVE ( 'NONE', #6376, #9162, #8256, .T. ) ;
#2530 = CIRCLE ( 'NONE', #5009, 0.9999999999999994449 ) ;
#2531 = VECTOR ( 'NONE', #4438, 1000.000000000000000 ) ;
#2532 = ORIENTED_EDGE ( 'NONE', *, *, #2603, .T. ) ;
#2533 = LINE ( 'NONE', #7658, #4439 ) ;
#2534 = CARTESIAN_POINT ( 'NONE',  ( 9.199999999999999289, -6.727631868228882261, -7.100000000000000533 ) ) ;
#2535 = CIRCLE ( 'NONE', #8772, 1.700000000000000178 ) ;
#2536 = CARTESIAN_POINT ( 'NONE',  ( 4.799999999999999822, -3.659290927594020193, -4.106043096124059488 ) ) ;
#2537 = DIRECTION ( 'NONE',  ( 0.000000000000000000, 0.000000000000000000, -1.000000000000000000 ) ) ;
#2538 = DIRECTION ( 'NONE',  ( -1.000000000000000000, 0.000000000000000000, 0.000000000000000000 ) ) ;
#2539 = CIRCLE ( 'NONE', #1608, 0.5999999999999994227 ) ;
#2540 = ORIENTED_EDGE ( 'NONE', *, *, #8519, .T. ) ;
#2541 = ADVANCED_FACE ( 'NONE', ( #1081 ), #3991, .F. ) ;
#2542 = CARTESIAN_POINT ( 'NONE',  ( 9.199999999999999289, -44.50000000000001421, 1.099999999999997646 ) ) ;
#2543 = ORIENTED_EDGE ( 'NONE', *, *, #6956, .T. ) ;
#2544 = CIRCLE ( 'NONE', #9086, 0.5999999999999998668 ) ;
#2545 = AXIS2_PLACEMENT_3D ( 'NONE', #509, #4302, #8057 ) ;
#2546 = DIRECTION ( 'NONE',  ( -1.000000000000000000, 0.000000000000000000, 0.000000000000000000 ) ) ;
#2547 = VECTOR ( 'NONE', #8953, 1000.000000000000000 ) ;
#2548 = VERTEX_POINT ( 'NONE', #3225 ) ;
#2549 = FACE_OUTER_BOUND ( 'NONE', #1751, .T. ) ;
#2550 = EDGE_CURVE ( 'NONE', #6146, #4233, #9137, .T. ) ;
#2551 = EDGE_CURVE ( 'NONE', #4003, #6980, #6149, .T. ) ;
#2552 = LINE ( 'NONE', #1043, #8005 ) ;
#2553 = AXIS2_PLACEMENT_3D ( 'NONE', #6054, #795, #2299 ) ;
#2554 = ORIENTED_EDGE ( 'NONE', *, *, #6063, .F. ) ;
#2555 = VECTOR ( 'NONE', #2637, 1000.000000000000000 ) ;
#2556 = ORIENTED_EDGE ( 'NONE', *, *, #1965, .F. ) ;
#2557 = ADVANCED_FACE ( 'NONE', ( #3944 ), #6238, .T. ) ;
#2558 = LINE ( 'NONE', #7274, #196 ) ;
#2559 = ORIENTED_EDGE ( 'NONE', *, *, #7266, .F. ) ;
#2560 = ADVANCED_FACE ( 'NONE', ( #1858 ), #4730, .T. ) ;
#2561 = VECTOR ( 'NONE', #6863, 1000.000000000000114 ) ;
#2562 = VERTEX_POINT ( 'NONE', #8348 ) ;
#2563 = CARTESIAN_POINT ( 'NONE',  ( 9.199999999999999289, 2.563353488435086369, 1.093219736040664358 ) ) ;
#2564 = LINE ( 'NONE', #3958, #6585 ) ;
#2565 = VERTEX_POINT ( 'NONE', #7815 ) ;
#2566 = DIRECTION ( 'NONE',  ( 0.000000000000000000, -0.8356006513277617342, 0.5493373749351307955 ) ) ;
#2567 = ORIENTED_EDGE ( 'NONE', *, *, #8131, .T. ) ;
#2568 = EDGE_CURVE ( 'NONE', #7460, #2438, #9280, .T. ) ;
#2569 = DIRECTION ( 'NONE',  ( 0.000000000000000000, -0.3412646552513131648, 0.9399672521296699168 ) ) ;
#2570 = ORIENTED_EDGE ( 'NONE', *, *, #4992, .F. ) ;
#2571 = CARTESIAN_POINT ( 'NONE',  ( 0.000000000000000000, 19.19999999999999929, 16.19999999999999929 ) ) ;
#2572 = DIRECTION ( 'NONE',  ( 0.000000000000000000, 0.9238795325112870716, -0.3826834323650888381 ) ) ;
#2573 = ADVANCED_FACE ( 'NONE', ( #3124 ), #2501, .F. ) ;
#2574 = CARTESIAN_POINT ( 'NONE',  ( 0.000000000000000000, 17.69999999999999929, 16.54670016771569863 ) ) ;
#2575 = VERTEX_POINT ( 'NONE', #5407 ) ;
#2576 = CARTESIAN_POINT ( 'NONE',  ( 9.000000000000000000, 4.962764524705690405, -3.500000000000000000 ) ) ;
#2577 = CARTESIAN_POINT ( 'NONE',  ( 8.800000000000000711, 17.69999999999999929, 3.500000000000000000 ) ) ;
#2578 = DIRECTION ( 'NONE',  ( -1.000000000000000000, 0.000000000000000000, 0.000000000000000000 ) ) ;
#2579 = ORIENTED_EDGE ( 'NONE', *, *, #7155, .F. ) ;
#2580 = FACE_OUTER_BOUND ( 'NONE', #1640, .T. ) ;
#2581 = AXIS2_PLACEMENT_3D ( 'NONE', #7413, #781, #3746 ) ;
#2582 = CONICAL_SURFACE ( 'NONE', #1625, 0.7999999999999992673, 0.7853981633974476129 ) ;
#2583 = ORIENTED_EDGE ( 'NONE', *, *, #1882, .T. ) ;
#2584 = PLANE ( 'NONE',  #7571 ) ;
#2585 = EDGE_CURVE ( 'NONE', #7131, #8726, #5441, .T. ) ;
#2586 = CARTESIAN_POINT ( 'NONE',  ( 9.799999999999998934, 11.90000000818370118, -1.500000000000000000 ) ) ;
#2587 = LINE ( 'NONE', #1755, #3562 ) ;
#2588 = CARTESIAN_POINT ( 'NONE',  ( 9.199999999999999289, 20.10000000000000142, 22.89999999999999858 ) ) ;
#2589 = EDGE_LOOP ( 'NONE', ( #3065, #603, #1055, #5241 ) ) ;
#2590 = CARTESIAN_POINT ( 'NONE',  ( 9.199999999999999289, 22.70000000000000284, 14.23723547529430000 ) ) ;
#2591 = ORIENTED_EDGE ( 'NONE', *, *, #2308, .T. ) ;
#2592 = DIRECTION ( 'NONE',  ( 0.7071067811865460184, -0.2981182013302070000, 0.6411907189250670713 ) ) ;
#2593 = ORIENTED_EDGE ( 'NONE', *, *, #6006, .F. ) ;
#2594 = EDGE_CURVE ( 'NONE', #9029, #9607, #4093, .T. ) ;
#2595 = DIRECTION ( 'NONE',  ( 1.000000000000000000, 0.000000000000000000, 0.000000000000000000 ) ) ;
#2596 = DIRECTION ( 'NONE',  ( -1.000000000000000000, 0.000000000000000000, 0.000000000000000000 ) ) ;
#2597 = ORIENTED_EDGE ( 'NONE', *, *, #7166, .F. ) ;
#2598 = VECTOR ( 'NONE', #4465, 999.9999999999998863 ) ;
#2599 = ORIENTED_EDGE ( 'NONE', *, *, #7924, .T. ) ;
#2600 = DIRECTION ( 'NONE',  ( 1.000000000000000000, 0.000000000000000000, 0.000000000000000000 ) ) ;
#2601 = ORIENTED_EDGE ( 'NONE', *, *, #6181, .T. ) ;
#2602 = EDGE_LOOP ( 'NONE', ( #1958, #2138, #8857, #7926 ) ) ;
#2603 = EDGE_CURVE ( 'NONE', #7639, #376, #7767, .T. ) ;
#2604 = CARTESIAN_POINT ( 'NONE',  ( 1.000000000000000000, 11.70000000000000107, 26.63271332580049844 ) ) ;
#2605 = DIRECTION ( 'NONE',  ( 1.000000000000000000, 0.000000000000000000, 0.000000000000000000 ) ) ;
#2606 = ORIENTED_EDGE ( 'NONE', *, *, #2497, .F. ) ;
#2607 = LINE ( 'NONE', #235, #5777 ) ;
#2608 = ORIENTED_EDGE ( 'NONE', *, *, #6600, .F. ) ;
#2609 = LINE ( 'NONE', #6355, #5137 ) ;
#2610 = EDGE_CURVE ( 'NONE', #8888, #8231, #7483, .T. ) ;
#2611 = VERTEX_POINT ( 'NONE', #5509 ) ;
#2612 = CARTESIAN_POINT ( 'NONE',  ( 0.000000000000000000, 17.56306015393419884, 30.70000000000000284 ) ) ;
#2613 = ADVANCED_FACE ( 'NONE', ( #8497 ), #8733, .T. ) ;
#2614 = DIRECTION ( 'NONE',  ( 0.000000000000000000, -0.5493373749351307955, 0.8356006513277617342 ) ) ;
#2615 = CARTESIAN_POINT ( 'NONE',  ( 4.799999999999999822, 6.231395399680650371E-09, -4.200000000000000178 ) ) ;
#2616 = VERTEX_POINT ( 'NONE', #9088 ) ;
#2617 = CARTESIAN_POINT ( 'NONE',  ( 9.199999999999999289, -21.93254878373413064, 0.8217391304347787528 ) ) ;
#2618 = FACE_OUTER_BOUND ( 'NONE', #4636, .T. ) ;
#2619 =( LENGTH_UNIT ( ) NAMED_UNIT ( * ) SI_UNIT ( .MILLI., .METRE. ) );
#2620 = ORIENTED_EDGE ( 'NONE', *, *, #4453, .T. ) ;
#2621 = EDGE_CURVE ( 'NONE', #4814, #289, #172, .T. ) ;
#2622 = CARTESIAN_POINT ( 'NONE',  ( 10.20000000000000107, -9.849999995908170547, -1.100000000000000089 ) ) ;
#2623 = ADVANCED_FACE ( 'NONE', ( #8379 ), #922, .T. ) ;
#2624 = EDGE_LOOP ( 'NONE', ( #6492, #5194, #859, #2687 ) ) ;
#2625 = CARTESIAN_POINT ( 'NONE',  ( 9.066699580786574231, -4.205011722386648998, -2.675954075455361902 ) ) ;
#2626 = CARTESIAN_POINT ( 'NONE',  ( 4.799999999999999822, 23.40000000000000213, 19.19999999376859989 ) ) ;
#2627 = DIRECTION ( 'NONE',  ( 0.000000000000000000, 0.000000000000000000, -1.000000000000000000 ) ) ;
#2628 = DIRECTION ( 'NONE',  ( 0.000000000000000000, -0.9059677699816659491, 0.4233466661666858699 ) ) ;
#2629 = VECTOR ( 'NONE', #7633, 1000.000000000000114 ) ;
#2630 = LINE ( 'NONE', #9315, #4277 ) ;
#2631 = ORIENTED_EDGE ( 'NONE', *, *, #147, .T. ) ;
#2632 = DIRECTION ( 'NONE',  ( -1.000000000000000000, 0.000000000000000000, 0.000000000000000000 ) ) ;
#2633 = ORIENTED_EDGE ( 'NONE', *, *, #9059, .F. ) ;
#2634 = AXIS2_PLACEMENT_3D ( 'NONE', #7714, #3936, #1074 ) ;
#2635 = EDGE_LOOP ( 'NONE', ( #6926, #4404, #749, #4098 ) ) ;
#2636 = EDGE_LOOP ( 'NONE', ( #9503, #4309, #5558, #1939 ) ) ;
#2637 = DIRECTION ( 'NONE',  ( 0.000000000000000000, 0.000000000000000000, -1.000000000000000000 ) ) ;
#2638 = CARTESIAN_POINT ( 'NONE',  ( 0.000000000000000000, 20.10000002385029916, 6.700000000000000178 ) ) ;
#2639 = ORIENTED_EDGE ( 'NONE', *, *, #5106, .T. ) ;
#2640 = VERTEX_POINT ( 'NONE', #47 ) ;
#2641 = DIRECTION ( 'NONE',  ( 0.7071067811865479058, 0.6406159536904897367, 0.2993512984391809573 ) ) ;
#2642 = ORIENTED_EDGE ( 'NONE', *, *, #478, .T. ) ;
#2643 = EDGE_CURVE ( 'NONE', #8459, #5035, #6038, .T. ) ;
#2644 = VECTOR ( 'NONE', #4711, 999.9999999999998863 ) ;
#2645 = ORIENTED_EDGE ( 'NONE', *, *, #6743, .F. ) ;
#2646 = DIRECTION ( 'NONE',  ( 1.000000000000000000, 0.000000000000000000, 0.000000000000000000 ) ) ;
#2647 = DIRECTION ( 'NONE',  ( -0.7071067811865470176, 0.7071067811865480168, 3.140184917367550826E-16 ) ) ;
#2648 = CONICAL_SURFACE ( 'NONE', #4979, 0.9999999999999998890, 0.7853981633974476129 ) ;
#2649 = ORIENTED_EDGE ( 'NONE', *, *, #147, .F. ) ;
#2650 = CARTESIAN_POINT ( 'NONE',  ( 9.000000000000000000, 22.27665333383331969, 10.43806849202803377 ) ) ;
#2651 = VERTEX_POINT ( 'NONE', #3016 ) ;
#2652 = CYLINDRICAL_SURFACE ( 'NONE', #8749, 0.9999999999999998890 ) ;
#2653 = ORIENTED_EDGE ( 'NONE', *, *, #3987, .F. ) ;
#2654 = DIRECTION ( 'NONE',  ( 0.000000000000000000, 0.7670768701524094402, 0.6415552004911063699 ) ) ;
#2655 = ADVANCED_FACE ( 'NONE', ( #8278 ), #5286, .T. ) ;
#2656 = VECTOR ( 'NONE', #291, 1000.000000000000000 ) ;
#2657 = AXIS2_PLACEMENT_3D ( 'NONE', #4852, #4023, #2477 ) ;
#2658 = DIRECTION ( 'NONE',  ( -1.000000000000000000, 0.000000000000000000, 0.000000000000000000 ) ) ;
#2659 = CYLINDRICAL_SURFACE ( 'NONE', #8222, 1.000000000000000666 ) ;
#2660 = VERTEX_POINT ( 'NONE', #6137 ) ;
#2661 =( BOUNDED_CURVE ( )  B_SPLINE_CURVE ( 3, ( #9056, #9639, #5328, #5229 ),
 .UNSPECIFIED., .F., .T. ) 
 B_SPLINE_CURVE_WITH_KNOTS ( ( 4, 4 ),
 ( 1.910633236249040801, 2.356194527067703159 ),
 .UNSPECIFIED. ) 
 CURVE ( )  GEOMETRIC_REPRESENTATION_ITEM ( )  RATIONAL_B_SPLINE_CURVE ( ( 1.000000000000000000, 0.9835245720675356296, 0.9835245720675356296, 1.000000000000000000 ) ) 
 REPRESENTATION_ITEM ( '' )  );
#2662 = DIRECTION ( 'NONE',  ( 1.000000000000000000, 0.000000000000000000, 0.000000000000000000 ) ) ;
#2663 = AXIS2_PLACEMENT_3D ( 'NONE', #4255, #2844, #565 ) ;
#2664 = DIRECTION ( 'NONE',  ( 1.000000000000000000, 0.000000000000000000, 0.000000000000000000 ) ) ;
#2665 = LINE ( 'NONE', #5686, #7090 ) ;
#2666 = ORIENTED_EDGE ( 'NONE', *, *, #698, .F. ) ;
#2667 = DIRECTION ( 'NONE',  ( 0.7071067811865479058, -0.1309457002197309539, -0.6948764088627298330 ) ) ;
#2668 = CONICAL_SURFACE ( 'NONE', #9221, 1.000000000000000444, 0.7853981633974476129 ) ;
#2669 = EDGE_CURVE ( 'NONE', #6102, #3955, #3589, .T. ) ;
#2670 = AXIS2_PLACEMENT_3D ( 'NONE', #8105, #5168, #1382 ) ;
#2671 = ORIENTED_EDGE ( 'NONE', *, *, #3847, .T. ) ;
#2672 = VECTOR ( 'NONE', #5170, 1000.000000000000000 ) ;
#2673 = CARTESIAN_POINT ( 'NONE',  ( 3.600000000000000089, 17.56306015393419884, 30.70000000000000284 ) ) ;
#2674 = CARTESIAN_POINT ( 'NONE',  ( 4.799999999999999822, -4.226683572991676741, -2.739434334204039256 ) ) ;
#2675 = DIRECTION ( 'NONE',  ( 0.000000000000000000, -0.9059677699816670593, 0.4233466661666835940 ) ) ;
#2676 = LINE ( 'NONE', #1900, #5499 ) ;
#2677 = EDGE_CURVE ( 'NONE', #3713, #8081, #1696, .T. ) ;
#2678 = CARTESIAN_POINT ( 'NONE',  ( 1.000000000000014655, -25.51999999999984681, 4.529999999999937188 ) ) ;
#2679 = LINE ( 'NONE', #7578, #9227 ) ;
#2680 = VECTOR ( 'NONE', #6994, 1000.000000000000114 ) ;
#2681 = EDGE_LOOP ( 'NONE', ( #5163, #7281, #3853, #6574 ) ) ;
#2682 = EDGE_CURVE ( 'NONE', #8485, #1820, #4513, .T. ) ;
#2683 = LINE ( 'NONE', #1128, #5156 ) ;
#2684 = VECTOR ( 'NONE', #3804, 1000.000000000000000 ) ;
#2685 = EDGE_LOOP ( 'NONE', ( #6191, #2639, #6239, #3036, #4829 ) ) ;
#2686 = ORIENTED_EDGE ( 'NONE', *, *, #5758, .T. ) ;
#2687 = ORIENTED_EDGE ( 'NONE', *, *, #3549, .F. ) ;
#2688 = VECTOR ( 'NONE', #7787, 1000.000000000000000 ) ;
#2689 = CARTESIAN_POINT ( 'NONE',  ( 9.099999999999999645, 7.855963737990349749, -3.500000000000000000 ) ) ;
#2690 = CARTESIAN_POINT ( 'NONE',  ( 9.199999999999999289, -25.51999999999984681, 4.529999999999937188 ) ) ;
#2691 = ADVANCED_FACE ( 'NONE', ( #6811 ), #8103, .T. ) ;
#2692 = CARTESIAN_POINT ( 'NONE',  ( 3.399999999999999911, 11.70000000000000107, 26.63271332580049844 ) ) ;
#2693 = ORIENTED_EDGE ( 'NONE', *, *, #2437, .T. ) ;
#2694 = PLANE ( 'NONE',  #7191 ) ;
#2695 = ORIENTED_EDGE ( 'NONE', *, *, #4859, .T. ) ;
#2696 = VECTOR ( 'NONE', #6628, 1000.000000000000000 ) ;
#2697 = ORIENTED_EDGE ( 'NONE', *, *, #4660, .F. ) ;
#2698 = VECTOR ( 'NONE', #319, 1000.000000000000114 ) ;
#2699 = DIRECTION ( 'NONE',  ( -1.000000000000000000, 0.000000000000000000, 0.000000000000000000 ) ) ;
#2700 = ADVANCED_FACE ( 'NONE', ( #9018 ), #2236, .F. ) ;
#2701 = FACE_OUTER_BOUND ( 'NONE', #9348, .T. ) ;
#2702 = CIRCLE ( 'NONE', #3645, 0.6000000000000015321 ) ;
#2703 = VERTEX_POINT ( 'NONE', #2435 ) ;
#2704 = FACE_OUTER_BOUND ( 'NONE', #2417, .T. ) ;
#2705 = EDGE_LOOP ( 'NONE', ( #4771, #5377, #9597, #4939 ) ) ;
#2706 = DIRECTION ( 'NONE',  ( 0.000000000000000000, 0.9059677699816658381, -0.4233466661666857034 ) ) ;
#2707 = VERTEX_POINT ( 'NONE', #9124 ) ;
#2708 = CARTESIAN_POINT ( 'NONE',  ( 1.000000000000000000, 26.40710678118649568, 2.807106781186550215 ) ) ;
#2709 = CONICAL_SURFACE ( 'NONE', #3334, 1.100000000000001643, 0.7853981633974476129 ) ;
#2710 = CIRCLE ( 'NONE', #2089, 0.9999999999999998890 ) ;
#2711 = DIRECTION ( 'NONE',  ( 0.000000000000000000, -0.9764170755296077697, 0.2158927849980359637 ) ) ;
#2712 = FACE_OUTER_BOUND ( 'NONE', #8782, .T. ) ;
#2713 = ADVANCED_FACE ( 'NONE', ( #830 ), #5239, .F. ) ;
#2714 = ORIENTED_EDGE ( 'NONE', *, *, #6648, .F. ) ;
#2715 = DIRECTION ( 'NONE',  ( 0.000000000000000000, -0.000000000000000000, -1.000000000000000000 ) ) ;
#2716 = LINE ( 'NONE', #7199, #8265 ) ;
#2717 = DIRECTION ( 'NONE',  ( -0.7071067811865472397, -0.5000000000000002220, 0.5000000000000002220 ) ) ;
#2718 = ORIENTED_EDGE ( 'NONE', *, *, #5553, .F. ) ;
#2719 = AXIS2_PLACEMENT_3D ( 'NONE', #7211, #5787, #6565 ) ;
#2720 = CARTESIAN_POINT ( 'NONE',  ( 0.000000000000000000, 12.50000000000000000, 0.9000000000000000222 ) ) ;
#2721 = AXIS2_PLACEMENT_3D ( 'NONE', #2770, #2728, #1952 ) ;
#2722 = EDGE_CURVE ( 'NONE', #9231, #1798, #5291, .T. ) ;
#2723 = VERTEX_POINT ( 'NONE', #3791 ) ;
#2724 = DIRECTION ( 'NONE',  ( 0.000000000000000000, 0.000000000000000000, -1.000000000000000000 ) ) ;
#2725 = ADVANCED_FACE ( 'NONE', ( #974 ), #7603, .F. ) ;
#2726 = DIRECTION ( 'NONE',  ( 0.000000000000000000, 1.000000000000000000, 0.000000000000000000 ) ) ;
#2727 = DIRECTION ( 'NONE',  ( 0.000000000000000000, 0.7071067811865505703, 0.7071067811865444641 ) ) ;
#2728 = DIRECTION ( 'NONE',  ( 1.000000000000000000, 0.000000000000000000, 0.000000000000000000 ) ) ;
#2729 = LINE ( 'NONE', #1266, #820 ) ;
#2730 = ORIENTED_EDGE ( 'NONE', *, *, #8203, .F. ) ;
#2731 = DIRECTION ( 'NONE',  ( 0.000000000000000000, 0.3412646552513101117, 0.9399672521296710270 ) ) ;
#2732 = EDGE_CURVE ( 'NONE', #9310, #2989, #3064, .T. ) ;
#2733 = ORIENTED_EDGE ( 'NONE', *, *, #8068, .F. ) ;
#2734 = EDGE_CURVE ( 'NONE', #2301, #6102, #9651, .T. ) ;
#2735 = EDGE_LOOP ( 'NONE', ( #4290, #8974, #6061, #1331 ) ) ;
#2736 = VERTEX_POINT ( 'NONE', #1506 ) ;
#2737 = VECTOR ( 'NONE', #3309, 1000.000000000000000 ) ;
#2738 = ADVANCED_FACE ( 'NONE', ( #2327 ), #7456, .T. ) ;
#2739 = CARTESIAN_POINT ( 'NONE',  ( 8.800000000000000711, 24.56996693250339803, 28.88148220190630155 ) ) ;
#2740 = DIRECTION ( 'NONE',  ( -1.000000000000000000, -0.000000000000000000, -0.000000000000000000 ) ) ;
#2741 = CARTESIAN_POINT ( 'NONE',  ( 9.199999999999999289, 20.10000002385029916, 6.700000000000000178 ) ) ;
#2742 = FACE_OUTER_BOUND ( 'NONE', #379, .T. ) ;
#2743 = EDGE_LOOP ( 'NONE', ( #285, #6164, #1015 ) ) ;
#2744 = LINE ( 'NONE', #6443, #1129 ) ;
#2745 = ORIENTED_EDGE ( 'NONE', *, *, #5302, .T. ) ;
#2746 = EDGE_CURVE ( 'NONE', #7639, #1844, #4518, .T. ) ;
#2747 = VERTEX_POINT ( 'NONE', #5634 ) ;
#2748 = DIRECTION ( 'NONE',  ( -1.000000000000000000, 0.000000000000000000, 0.000000000000000000 ) ) ;
#2749 = VECTOR ( 'NONE', #7451, 1000.000000000000000 ) ;
#2750 = LINE ( 'NONE', #5761, #530 ) ;
#2751 = ORIENTED_EDGE ( 'NONE', *, *, #7604, .F. ) ;
#2752 = CARTESIAN_POINT ( 'NONE',  ( 9.099999999999999645, -2.243379805267209814, -3.551280568761680190 ) ) ;
#2753 = ORIENTED_EDGE ( 'NONE', *, *, #5876, .T. ) ;
#2754 = FACE_OUTER_BOUND ( 'NONE', #4124, .T. ) ;
#2755 = ORIENTED_EDGE ( 'NONE', *, *, #3782, .F. ) ;
#2756 = DIRECTION ( 'NONE',  ( 0.000000000000000000, 4.440892098500620245E-16, -1.000000000000000000 ) ) ;
#2757 = CARTESIAN_POINT ( 'NONE',  ( 9.000000000000000000, 25.69999999999999929, 3.514213562373090127 ) ) ;
#2758 = CARTESIAN_POINT ( 'NONE',  ( 9.000000000000000000, 20.83693984606579974, 30.70000000000000284 ) ) ;
#2759 = ORIENTED_EDGE ( 'NONE', *, *, #42, .F. ) ;
#2760 = LINE ( 'NONE', #8029, #8877 ) ;
#2761 = LINE ( 'NONE', #1304, #7954 ) ;
#2762 = CARTESIAN_POINT ( 'NONE',  ( 0.000000000000000000, 12.11421356237310043, 10.30000000000000071 ) ) ;
#2763 = VERTEX_POINT ( 'NONE', #7846 ) ;
#2764 = DIRECTION ( 'NONE',  ( 0.000000000000000000, 0.000000000000000000, -1.000000000000000000 ) ) ;
#2765 = ADVANCED_FACE ( 'NONE', ( #1748 ), #9215, .F. ) ;
#2766 = ORIENTED_EDGE ( 'NONE', *, *, #2910, .T. ) ;
#2767 = CARTESIAN_POINT ( 'NONE',  ( 8.861710246815050596, 20.41023837582943301, 31.63828975318494585 ) ) ;
#2768 = CARTESIAN_POINT ( 'NONE',  ( 10.00000000000000000, 11.90000000000000036, 0.9000000000000000222 ) ) ;
#2769 = FACE_OUTER_BOUND ( 'NONE', #3816, .T. ) ;
#2770 = CARTESIAN_POINT ( 'NONE',  ( 9.000000000000000000, 23.30604309612409963, 22.85929092759399950 ) ) ;
#2771 = CARTESIAN_POINT ( 'NONE',  ( 0.000000000000000000, 3.700000000000000178, 1.500000000000000000 ) ) ;
#2772 = ORIENTED_EDGE ( 'NONE', *, *, #8344, .F. ) ;
#2773 = DIRECTION ( 'NONE',  ( 0.000000000000000000, 0.000000000000000000, -1.000000000000000000 ) ) ;
#2774 = ORIENTED_EDGE ( 'NONE', *, *, #6960, .F. ) ;
#2775 = ADVANCED_FACE ( 'NONE', ( #5492 ), #3397, .F. ) ;
#2776 = VERTEX_POINT ( 'NONE', #4125 ) ;
#2777 = VERTEX_POINT ( 'NONE', #4762 ) ;
#2778 = LINE ( 'NONE', #8590, #4879 ) ;
#2779 = DIRECTION ( 'NONE',  ( 0.7071067811865460184, -8.831770080096158122E-17, -0.7071067811865489050 ) ) ;
#2780 = DIRECTION ( 'NONE',  ( -1.000000000000000000, 0.000000000000000000, 0.000000000000000000 ) ) ;
#2781 = DIRECTION ( 'NONE',  ( 0.000000000000000000, -0.6415552004911063699, 0.7670768701524094402 ) ) ;
#2782 = EDGE_CURVE ( 'NONE', #6083, #6568, #7754, .T. ) ;
#2783 = ORIENTED_EDGE ( 'NONE', *, *, #1247, .F. ) ;
#2784 = DIRECTION ( 'NONE',  ( 0.000000000000000000, 0.9238795325112871826, -0.3826834323650887826 ) ) ;
#2785 = ORIENTED_EDGE ( 'NONE', *, *, #892, .F. ) ;
#2786 = VECTOR ( 'NONE', #4598, 1000.000000000000227 ) ;
#2787 = EDGE_CURVE ( 'NONE', #534, #2068, #7002, .T. ) ;
#2788 = ORIENTED_EDGE ( 'NONE', *, *, #8215, .T. ) ;
#2789 = DIRECTION ( 'NONE',  ( 0.7071067811865471286, 0.2413105519074901506, 0.6646572180741762148 ) ) ;
#2790 = CARTESIAN_POINT ( 'NONE',  ( 9.000000000000000000, 22.55948979457840053, 16.20603468287899673 ) ) ;
#2791 = ORIENTED_EDGE ( 'NONE', *, *, #6213, .T. ) ;
#2792 = CARTESIAN_POINT ( 'NONE',  ( 9.199999999999999289, 20.69999999999999929, 31.09999999181640362 ) ) ;
#2793 = EDGE_CURVE ( 'NONE', #8459, #6446, #9216, .T. ) ;
#2794 = ORIENTED_EDGE ( 'NONE', *, *, #6409, .T. ) ;
#2795 = LINE ( 'NONE', #5767, #1422 ) ;
#2796 = VECTOR ( 'NONE', #6133, 1000.000000000000000 ) ;
#2797 = ORIENTED_EDGE ( 'NONE', *, *, #416, .T. ) ;
#2798 = DIRECTION ( 'NONE',  ( -0.7071067811865465735, -0.5000000000000009992, 0.5000000000000002220 ) ) ;
#2799 = AXIS2_PLACEMENT_3D ( 'NONE', #8858, #7342, #5127 ) ;
#2800 = DIRECTION ( 'NONE',  ( -0.7071067811865480168, 0.7071067811865470176, 0.000000000000000000 ) ) ;
#2801 = LINE ( 'NONE', #5774, #3391 ) ;
#2802 = ORIENTED_EDGE ( 'NONE', *, *, #4144, .F. ) ;
#2803 = FACE_OUTER_BOUND ( 'NONE', #3596, .T. ) ;
#2804 = CARTESIAN_POINT ( 'NONE',  ( 9.199999999999999289, 22.55948980591969644, 22.19396530439509974 ) ) ;
#2805 = CARTESIAN_POINT ( 'NONE',  ( 9.000000000000000000, 24.44165589240520120, 28.72806682787580002 ) ) ;
#2806 = ORIENTED_EDGE ( 'NONE', *, *, #7783, .T. ) ;
#2807 = CARTESIAN_POINT ( 'NONE',  ( 0.000000000000000000, 26.40710678118649568, 2.807106781186550215 ) ) ;
#2808 = VECTOR ( 'NONE', #9620, 1000.000000000000114 ) ;
#2809 = ORIENTED_EDGE ( 'NONE', *, *, #3585, .T. ) ;
#2810 = AXIS2_PLACEMENT_3D ( 'NONE', #8525, #6321, #6910 ) ;
#2811 = FACE_OUTER_BOUND ( 'NONE', #7822, .T. ) ;
#2812 = CIRCLE ( 'NONE', #1725, 0.5999999999999999778 ) ;
#2813 = CARTESIAN_POINT ( 'NONE',  ( 4.799999999999999822, -2.993965304395110216, -3.359489805919690042 ) ) ;
#2814 = VECTOR ( 'NONE', #7898, 1000.000000000000000 ) ;
#2815 = LINE ( 'NONE', #6617, #8328 ) ;
#2816 = CARTESIAN_POINT ( 'NONE',  ( 8.800000000000000711, 5.950000000000000178, 1.500000000000000000 ) ) ;
#2817 = EDGE_CURVE ( 'NONE', #8807, #5460, #8891, .T. ) ;
#2818 = VERTEX_POINT ( 'NONE', #3977 ) ;
#2819 = CARTESIAN_POINT ( 'NONE',  ( 0.000000000000000000, 0.000000000000000000, 0.000000000000000000 ) ) ;
#2820 = ORIENTED_EDGE ( 'NONE', *, *, #365, .F. ) ;
#2821 = LINE ( 'NONE', #544, #358 ) ;
#2822 = CIRCLE ( 'NONE', #2830, 1.199999999999998179 ) ;
#2823 = ORIENTED_EDGE ( 'NONE', *, *, #4256, .F. ) ;
#2824 = FACE_OUTER_BOUND ( 'NONE', #4450, .T. ) ;
#2825 = CARTESIAN_POINT ( 'NONE',  ( 1.000000000000000000, 10.69999999999999929, 11.71421356237310007 ) ) ;
#2826 = DIRECTION ( 'NONE',  ( 0.7071067811865480168, 0.3884401812684719624, 0.5908588880402122490 ) ) ;
#2827 = DIRECTION ( 'NONE',  ( 0.000000000000000000, 0.4233466661666862030, -0.9059677699816656160 ) ) ;
#2828 = PLANE ( 'NONE',  #851 ) ;
#2829 = ADVANCED_FACE ( 'NONE', ( #2580 ), #4905, .F. ) ;
#2830 = AXIS2_PLACEMENT_3D ( 'NONE', #6737, #6641, #21 ) ;
#2831 = ORIENTED_EDGE ( 'NONE', *, *, #9192, .T. ) ;
#2832 = CARTESIAN_POINT ( 'NONE',  ( 9.199999999999999289, 4.962764524705690405, -3.500000000000000000 ) ) ;
#2833 = ORIENTED_EDGE ( 'NONE', *, *, #2281, .F. ) ;
#2834 = AXIS2_PLACEMENT_3D ( 'NONE', #4708, #7145, #1881 ) ;
#2835 = VECTOR ( 'NONE', #9083, 1000.000000000000000 ) ;
#2836 = EDGE_CURVE ( 'NONE', #3345, #4411, #7797, .T. ) ;
#2837 = ORIENTED_EDGE ( 'NONE', *, *, #4010, .F. ) ;
#2838 = CARTESIAN_POINT ( 'NONE',  ( 1.000000000000000000, 12.05844479950889969, 27.39979019595289955 ) ) ;
#2839 = PLANE ( 'NONE',  #7845 ) ;
#2840 = ADVANCED_FACE ( 'NONE', ( #3256 ), #9519, .T. ) ;
#2841 = AXIS2_PLACEMENT_3D ( 'NONE', #3797, #6772, #9025 ) ;
#2842 = VERTEX_POINT ( 'NONE', #4715 ) ;
#2843 = CONICAL_SURFACE ( 'NONE', #4081, 1.099999999999998757, 0.7853981633974469467 ) ;
#2844 = DIRECTION ( 'NONE',  ( 1.000000000000000000, 0.000000000000000000, 0.000000000000000000 ) ) ;
#2845 = ORIENTED_EDGE ( 'NONE', *, *, #6743, .T. ) ;
#2846 = DIRECTION ( 'NONE',  ( 0.000000000000000000, 0.7071067811865475727, -0.7071067811865475727 ) ) ;
#2847 = AXIS2_PLACEMENT_3D ( 'NONE', #7694, #286, #2517 ) ;
#2848 = ORIENTED_EDGE ( 'NONE', *, *, #651, .T. ) ;
#2849 = PLANE ( 'NONE',  #6893 ) ;
#2850 = ADVANCED_FACE ( 'NONE', ( #1211 ), #3212, .T. ) ;
#2851 = VECTOR ( 'NONE', #9105, 1000.000000000000000 ) ;
#2852 = CIRCLE ( 'NONE', #8299, 1.000000000000001554 ) ;
#2853 = ADVANCED_FACE ( 'NONE', ( #7709 ), #251, .T. ) ;
#2854 = VECTOR ( 'NONE', #9568, 1000.000000000000114 ) ;
#2855 = DIRECTION ( 'NONE',  ( 1.000000000000000000, 0.000000000000000000, 0.000000000000000000 ) ) ;
#2856 = CARTESIAN_POINT ( 'NONE',  ( 0.000000000000000000, 3.700000000000000178, 0.9000000000000000222 ) ) ;
#2857 = DIRECTION ( 'NONE',  ( 0.000000000000000000, 1.000000000000000000, 0.000000000000000000 ) ) ;
#2858 = ADVANCED_FACE ( 'NONE', ( #6959 ), #7106, .F. ) ;
#2859 = VERTEX_POINT ( 'NONE', #1113 ) ;
#2860 = CARTESIAN_POINT ( 'NONE',  ( 0.000000000000000000, -25.51999999999984681, 4.529999999999937188 ) ) ;
#2861 = CARTESIAN_POINT ( 'NONE',  ( 3.399999999999999911, 11.40710678118650101, 11.00710678118650065 ) ) ;
#2862 = ORIENTED_EDGE ( 'NONE', *, *, #5522, .T. ) ;
#2863 = VECTOR ( 'NONE', #3566, 1000.000000000000000 ) ;
#2864 = LINE ( 'NONE', #6415, #7495 ) ;
#2865 = VECTOR ( 'NONE', #7122, 1000.000000000000000 ) ;
#2866 = AXIS2_PLACEMENT_3D ( 'NONE', #6732, #3129, #8351 ) ;
#2867 = FACE_OUTER_BOUND ( 'NONE', #5363, .T. ) ;
#2868 = LINE ( 'NONE', #1950, #2814 ) ;
#2869 = DIRECTION ( 'NONE',  ( -1.000000000000000000, 0.000000000000000000, 0.000000000000000000 ) ) ;
#2870 = CARTESIAN_POINT ( 'NONE',  ( 9.000000000000000000, 22.70000001490119956, 24.16276451370509903 ) ) ;
#2871 = ORIENTED_EDGE ( 'NONE', *, *, #7348, .F. ) ;
#2872 = LINE ( 'NONE', #8829, #8913 ) ;
#2873 = ORIENTED_EDGE ( 'NONE', *, *, #1180, .T. ) ;
#2874 = DIRECTION ( 'NONE',  ( 1.000000000000000000, 0.000000000000000000, 0.000000000000000000 ) ) ;
#2875 = VECTOR ( 'NONE', #4240, 1000.000000000000114 ) ;
#2876 = EDGE_CURVE ( 'NONE', #1507, #8805, #5436, .T. ) ;
#2877 = VERTEX_POINT ( 'NONE', #8426 ) ;
#2878 = VERTEX_POINT ( 'NONE', #3354 ) ;
#2879 = VECTOR ( 'NONE', #5788, 1000.000000000000000 ) ;
#2880 = LINE ( 'NONE', #7463, #6902 ) ;
#2881 = DIRECTION ( 'NONE',  ( -1.000000000000000000, 0.000000000000000000, 0.000000000000000000 ) ) ;
#2882 = LINE ( 'NONE', #8880, #5809 ) ;
#2883 = DIRECTION ( 'NONE',  ( -1.000000000000000000, 0.000000000000000000, 0.000000000000000000 ) ) ;
#2884 = ORIENTED_EDGE ( 'NONE', *, *, #7795, .T. ) ;
#2885 = CARTESIAN_POINT ( 'NONE',  ( 9.199999999999999289, 24.74155520049110280, 26.65213151723369833 ) ) ;
#2886 = ORIENTED_EDGE ( 'NONE', *, *, #409, .T. ) ;
#2887 = AXIS2_PLACEMENT_3D ( 'NONE', #4800, #6911, #9213 ) ;
#2888 = EDGE_CURVE ( 'NONE', #4535, #3226, #3537, .T. ) ;
#2889 = EDGE_LOOP ( 'NONE', ( #8872, #3449, #4401 ) ) ;
#2890 = FACE_OUTER_BOUND ( 'NONE', #4235, .T. ) ;
#2891 = CARTESIAN_POINT ( 'NONE',  ( 3.799999999999999822, 17.73431457505069986, 31.30000000000000071 ) ) ;
#2892 = ORIENTED_EDGE ( 'NONE', *, *, #4992, .T. ) ;
#2893 = LINE ( 'NONE', #2159, #1904 ) ;
#2894 = ORIENTED_EDGE ( 'NONE', *, *, #3899, .T. ) ;
#2895 = DIRECTION ( 'NONE',  ( 1.000000000000000000, 0.000000000000000000, 0.000000000000000000 ) ) ;
#2896 = EDGE_LOOP ( 'NONE', ( #8568, #3657, #4102, #1866 ) ) ;
#2897 = LINE ( 'NONE', #8853, #6129 ) ;
#2898 = EDGE_CURVE ( 'NONE', #1961, #9564, #1353, .T. ) ;
#2899 = AXIS2_PLACEMENT_3D ( 'NONE', #6421, #7108, #7938 ) ;
#2900 = FACE_OUTER_BOUND ( 'NONE', #6663, .T. ) ;
#2901 = DIRECTION ( 'NONE',  ( 0.000000000000000000, 0.000000000000000000, -1.000000000000000000 ) ) ;
#2902 = DIRECTION ( 'NONE',  ( 1.000000000000000000, 0.000000000000000000, 0.000000000000000000 ) ) ;
#2903 = EDGE_CURVE ( 'NONE', #712, #4962, #2812, .T. ) ;
#2904 = EDGE_LOOP ( 'NONE', ( #5054, #1973, #884, #6039 ) ) ;
#2905 = FACE_OUTER_BOUND ( 'NONE', #2920, .T. ) ;
#2906 = CYLINDRICAL_SURFACE ( 'NONE', #4828, 1.000000000000000666 ) ;
#2907 = PRODUCT_CONTEXT ( 'NONE', #2956, 'mechanical' ) ;
#2908 = ORIENTED_EDGE ( 'NONE', *, *, #8655, .T. ) ;
#2909 = CARTESIAN_POINT ( 'NONE',  ( 3.411755344467387374, 18.74614232187380836, 20.85177408116746989 ) ) ;
#2910 = EDGE_CURVE ( 'NONE', #6338, #6083, #1397, .T. ) ;
#2911 = AXIS2_PLACEMENT_3D ( 'NONE', #3541, #9358, #3501 ) ;
#2912 = ADVANCED_FACE ( 'NONE', ( #8120 ), #4217, .F. ) ;
#2913 = CARTESIAN_POINT ( 'NONE',  ( 9.199999999999999289, 15.91539649704595050, -7.054327719506772176 ) ) ;
#2914 = EDGE_CURVE ( 'NONE', #4592, #3761, #4999, .T. ) ;
#2915 = LINE ( 'NONE', #7353, #4033 ) ;
#2916 = CYLINDRICAL_SURFACE ( 'NONE', #4264, 0.5999999999999998668 ) ;
#2917 = LINE ( 'NONE', #45, #1639 ) ;
#2918 = VERTEX_POINT ( 'NONE', #3643 ) ;
#2919 = CARTESIAN_POINT ( 'NONE',  ( 4.799999999999999822, 22.70000001490119956, 24.16276451370509903 ) ) ;
#2920 = EDGE_LOOP ( 'NONE', ( #3039, #4731, #104, #4229 ) ) ;
#2921 =( BOUNDED_CURVE ( )  B_SPLINE_CURVE ( 3, ( #4295, #5706, #5897, #1277 ),
 .UNSPECIFIED., .F., .T. ) 
 B_SPLINE_CURVE_WITH_KNOTS ( ( 4, 4 ),
 ( -8.881784197001252323E-16, 1.230959417340754314 ),
 .UNSPECIFIED. ) 
 CURVE ( )  GEOMETRIC_REPRESENTATION_ITEM ( )  RATIONAL_B_SPLINE_CURVE ( ( 1.000000000000000000, 0.8776643872851543904, 0.8776643872851543904, 1.000000000000000000 ) ) 
 REPRESENTATION_ITEM ( '' )  );
#2922 = VECTOR ( 'NONE', #8522, 1000.000000000000000 ) ;
#2923 = VERTEX_POINT ( 'NONE', #1257 ) ;
#2924 = CARTESIAN_POINT ( 'NONE',  ( 3.799999999999999822, -3.569940774567247566, 7.100000000000000533 ) ) ;
#2925 = DIRECTION ( 'NONE',  ( 0.000000000000000000, 4.440892098500630106E-16, -1.000000000000000000 ) ) ;
#2926 = DIRECTION ( 'NONE',  ( 0.000000000000000000, 1.000000000000000000, 0.000000000000000000 ) ) ;
#2927 = CONICAL_SURFACE ( 'NONE', #8401, 0.9999999999999964473, 0.7853981633974490562 ) ;
#2928 = DIRECTION ( 'NONE',  ( 0.000000000000000000, -0.7670768701524094402, -0.6415552004911063699 ) ) ;
#2929 = CARTESIAN_POINT ( 'NONE',  ( 3.000000000000000000, -25.51999999999984681, 4.529999999999937188 ) ) ;
#2930 = EDGE_CURVE ( 'NONE', #4538, #3655, #7176, .T. ) ;
#2931 = ORIENTED_EDGE ( 'NONE', *, *, #4567, .T. ) ;
#2932 = DIRECTION ( 'NONE',  ( 0.000000000000000000, -0.6382847385042265120, 0.7698003589195000496 ) ) ;
#2933 = DIRECTION ( 'NONE',  ( 0.000000000000000000, 2.220446049250309876E-16, -1.000000000000000000 ) ) ;
#2934 = ORIENTED_EDGE ( 'NONE', *, *, #3260, .F. ) ;
#2935 = CARTESIAN_POINT ( 'NONE',  ( 1.000000000000000000, 11.70000000000000107, 11.71421356237310007 ) ) ;
#2936 = DIRECTION ( 'NONE',  ( -1.000000000000000000, -0.000000000000000000, -0.000000000000000000 ) ) ;
#2937 = ORIENTED_EDGE ( 'NONE', *, *, #6339, .T. ) ;
#2938 = DIRECTION ( 'NONE',  ( 0.000000000000000000, 1.000000000000000000, 0.000000000000000000 ) ) ;
#2939 = VECTOR ( 'NONE', #7123, 1000.000000000000000 ) ;
#2940 = ADVANCED_FACE ( 'NONE', ( #5051 ), #4948, .T. ) ;
#2941 = ORIENTED_EDGE ( 'NONE', *, *, #613, .F. ) ;
#2942 = DIRECTION ( 'NONE',  ( 0.000000000000000000, -0.6415552004911058148, -0.7670768701524097732 ) ) ;
#2943 = ORIENTED_EDGE ( 'NONE', *, *, #7663, .F. ) ;
#2944 = DIRECTION ( 'NONE',  ( 0.5399819838884176715, 0.8416765751022946551, 0.000000000000000000 ) ) ;
#2945 = VECTOR ( 'NONE', #7368, 1000.000000000000000 ) ;
#2946 = CARTESIAN_POINT ( 'NONE',  ( 0.000000000000000000, -25.51999999999984681, 4.529999999999937188 ) ) ;
#2947 = DIRECTION ( 'NONE',  ( 0.000000000000000000, 2.220446049250309876E-16, -1.000000000000000000 ) ) ;
#2948 = CARTESIAN_POINT ( 'NONE',  ( 1.600000000000000755, -17.52815858113834935, -1.699999999999999067 ) ) ;
#2949 = VERTEX_POINT ( 'NONE', #7153 ) ;
#2950 = DIRECTION ( 'NONE',  ( 0.000000000000000000, -1.000000000000000000, -2.220446049250309876E-16 ) ) ;
#2951 = CARTESIAN_POINT ( 'NONE',  ( 10.00000000000000000, 18.30000000000000071, 31.09999999999999787 ) ) ;
#2952 = EDGE_CURVE ( 'NONE', #6476, #1256, #8507, .T. ) ;
#2953 = ORIENTED_EDGE ( 'NONE', *, *, #8882, .F. ) ;
#2954 = DIRECTION ( 'NONE',  ( -0.000000000000000000, 0.000000000000000000, 1.000000000000000000 ) ) ;
#2955 = CIRCLE ( 'NONE', #2799, 0.1999999999999987899 ) ;
#2956 = APPLICATION_CONTEXT ( 'automotive_design' ) ;
#2957 = EDGE_CURVE ( 'NONE', #4469, #7993, #796, .T. ) ;
#2958 = PLANE ( 'NONE',  #3982 ) ;
#2959 = CARTESIAN_POINT ( 'NONE',  ( 9.199999999999999289, -18.06745121626587292, 0.8217391304347787528 ) ) ;
#2960 = CYLINDRICAL_SURFACE ( 'NONE', #4420, 1.000000000000000444 ) ;
#2961 = LINE ( 'NONE', #7454, #8647 ) ;
#2962 = EDGE_CURVE ( 'NONE', #2001, #7639, #2864, .T. ) ;
#2963 = EDGE_LOOP ( 'NONE', ( #1386, #3838, #578, #8688 ) ) ;
#2964 = CARTESIAN_POINT ( 'NONE',  ( 9.199999999999999289, 22.27665333383331969, 10.43806849202803377 ) ) ;
#2965 = VECTOR ( 'NONE', #2448, 1000.000000000000000 ) ;
#2966 = ORIENTED_EDGE ( 'NONE', *, *, #892, .T. ) ;
#2967 = EDGE_CURVE ( 'NONE', #5198, #7217, #2082, .T. ) ;
#2968 = ORIENTED_EDGE ( 'NONE', *, *, #5886, .F. ) ;
#2969 = AXIS2_PLACEMENT_3D ( 'NONE', #8033, #5781, #3583 ) ;
#2970 = CONICAL_SURFACE ( 'NONE', #7814, 0.3999999999999993006, 0.7853981633974469467 ) ;
#2971 = ADVANCED_FACE ( 'NONE', ( #2131 ), #2223, .F. ) ;
#2972 = LINE ( 'NONE', #155, #1804 ) ;
#2973 = DIRECTION ( 'NONE',  ( 0.000000000000000000, -1.000000000000000000, -4.440892098500630106E-16 ) ) ;
#2974 = LINE ( 'NONE', #5945, #3411 ) ;
#2975 = CARTESIAN_POINT ( 'NONE',  ( 9.000000000000000000, 23.30604308226249799, 15.54070905685210136 ) ) ;
#2976 = DIRECTION ( 'NONE',  ( 0.000000000000000000, -0.5493373749351307955, 0.8356006513277616232 ) ) ;
#2977 = ADVANCED_FACE ( 'NONE', ( #3780 ), #727, .T. ) ;
#2978 = ORIENTED_EDGE ( 'NONE', *, *, #9140, .T. ) ;
#2979 = LINE ( 'NONE', #7374, #2531 ) ;
#2980 = LINE ( 'NONE', #8987, #7798 ) ;
#2981 = VECTOR ( 'NONE', #6013, 1000.000000000000114 ) ;
#2982 = ADVANCED_FACE ( 'NONE', ( #8963 ), #5184, .F. ) ;
#2983 = ORIENTED_EDGE ( 'NONE', *, *, #3362, .F. ) ;
#2984 = VECTOR ( 'NONE', #2641, 1000.000000000000114 ) ;
#2985 = DIRECTION ( 'NONE',  ( -1.000000000000000000, 0.000000000000000000, 0.000000000000000000 ) ) ;
#2986 = DIRECTION ( 'NONE',  ( -0.7071067811865516806, 0.000000000000000000, -0.7071067811865433539 ) ) ;
#2987 = ORIENTED_EDGE ( 'NONE', *, *, #4537, .T. ) ;
#2988 = LINE ( 'NONE', #8205, #2520 ) ;
#2989 = VERTEX_POINT ( 'NONE', #141 ) ;
#2990 = FACE_OUTER_BOUND ( 'NONE', #421, .T. ) ;
#2991 = AXIS2_PLACEMENT_3D ( 'NONE', #3923, #3872, #193 ) ;
#2992 = EDGE_LOOP ( 'NONE', ( #2570, #5479, #8393, #7437 ) ) ;
#2993 = CARTESIAN_POINT ( 'NONE',  ( 9.199999999999999289, -25.51999999999984681, 4.529999999999937188 ) ) ;
#2994 = CIRCLE ( 'NONE', #6113, 1.200000000000000622 ) ;
#2995 = VERTEX_POINT ( 'NONE', #93 ) ;
#2996 = EDGE_CURVE ( 'NONE', #9142, #9253, #3055, .T. ) ;
#2997 = AXIS2_PLACEMENT_3D ( 'NONE', #3862, #2268, #3769 ) ;
#2998 = CYLINDRICAL_SURFACE ( 'NONE', #2152, 4.500000000000000888 ) ;
#2999 = DIRECTION ( 'NONE',  ( 0.000000000000000000, 0.000000000000000000, -1.000000000000000000 ) ) ;
#3000 = AXIS2_PLACEMENT_3D ( 'NONE', #327, #4164, #4841 ) ;
#3001 = ORIENTED_EDGE ( 'NONE', *, *, #1017, .T. ) ;
#3002 = DIRECTION ( 'NONE',  ( 1.000000000000000000, 0.000000000000000000, 0.000000000000000000 ) ) ;
#3003 = CARTESIAN_POINT ( 'NONE',  ( 9.000000000000000000, 21.69999999999999929, 14.23723547529430000 ) ) ;
#3004 = ORIENTED_EDGE ( 'NONE', *, *, #7849, .T. ) ;
#3005 = DIRECTION ( 'NONE',  ( 0.000000000000000000, 0.7071067811865475727, -0.7071067811865475727 ) ) ;
#3006 = VECTOR ( 'NONE', #6643, 1000.000000000000000 ) ;
#3007 = EDGE_CURVE ( 'NONE', #8240, #1, #187, .T. ) ;
#3008 = LINE ( 'NONE', #8223, #4382 ) ;
#3009 = LINE ( 'NONE', #5985, #7427 ) ;
#3010 = CONICAL_SURFACE ( 'NONE', #8307, 0.7999999999999997113, 0.7853981633974476129 ) ;
#3011 = FACE_OUTER_BOUND ( 'NONE', #7362, .T. ) ;
#3012 = LINE ( 'NONE', #9647, #7706 ) ;
#3013 = CYLINDRICAL_SURFACE ( 'NONE', #3660, 22.49999999999999289 ) ;
#3014 = ORIENTED_EDGE ( 'NONE', *, *, #7288, .T. ) ;
#3015 = AXIS2_PLACEMENT_3D ( 'NONE', #8533, #3937, #1075 ) ;
#3016 = CARTESIAN_POINT ( 'NONE',  ( 3.399999999999999911, 8.192893218813448897, 7.792893218813450318 ) ) ;
#3017 = VERTEX_POINT ( 'NONE', #5978 ) ;
#3018 = ADVANCED_FACE ( 'NONE', ( #4416 ), #7446, .T. ) ;
#3019 = AXIS2_PLACEMENT_3D ( 'NONE', #5601, #6976, #312 ) ;
#3020 = CONICAL_SURFACE ( 'NONE', #3487, 3.200000000000001510, 0.7853981633974490562 ) ;
#3021 = EDGE_CURVE ( 'NONE', #6938, #1586, #4365, .T. ) ;
#3022 = ORIENTED_EDGE ( 'NONE', *, *, #7568, .F. ) ;
#3023 = DIRECTION ( 'NONE',  ( 1.000000000000000000, 0.000000000000000000, 0.000000000000000000 ) ) ;
#3024 = DIRECTION ( 'NONE',  ( -1.000000000000000000, 0.000000000000000000, 0.000000000000000000 ) ) ;
#3025 = CARTESIAN_POINT ( 'NONE',  ( 9.199999999999999289, 18.30000000000000071, 15.50000000000000000 ) ) ;
#3026 = CARTESIAN_POINT ( 'NONE',  ( 1.399999999999999911, 0.000000000000000000, 0.000000000000000000 ) ) ;
#3027 = DIRECTION ( 'NONE',  ( 1.000000000000000000, 0.000000000000000000, 0.000000000000000000 ) ) ;
#3028 = AXIS2_PLACEMENT_3D ( 'NONE', #7065, #3361, #6331 ) ;
#3029 = ADVANCED_FACE ( 'NONE', ( #2275 ), #3100, .T. ) ;
#3030 = EDGE_LOOP ( 'NONE', ( #7033, #1643, #8847, #4387 ) ) ;
#3031 = CARTESIAN_POINT ( 'NONE',  ( 1.600000000000000089, 20.89999999999999858, 17.50000000000000000 ) ) ;
#3032 = ORIENTED_EDGE ( 'NONE', *, *, #1733, .F. ) ;
#3033 = EDGE_CURVE ( 'NONE', #7262, #5818, #7404, .T. ) ;
#3034 = VECTOR ( 'NONE', #4226, 1000.000000000000000 ) ;
#3035 = CARTESIAN_POINT ( 'NONE',  ( 10.20000000000000107, 18.10000000000000142, 9.350000000000001421 ) ) ;
#3036 = ORIENTED_EDGE ( 'NONE', *, *, #8705, .F. ) ;
#3037 = DIRECTION ( 'NONE',  ( 0.000000000000000000, -0.9764170755296077697, 0.2158927849980359637 ) ) ;
#3038 = CARTESIAN_POINT ( 'NONE',  ( 10.08528137423856919, -20.00000000000000000, -2.999999999999996447 ) ) ;
#3039 = ORIENTED_EDGE ( 'NONE', *, *, #7084, .F. ) ;
#3040 = DIRECTION ( 'NONE',  ( -1.000000000000000000, 0.000000000000000000, 0.000000000000000000 ) ) ;
#3041 = VERTEX_POINT ( 'NONE', #7491 ) ;
#3042 = DIRECTION ( 'NONE',  ( 1.000000000000000000, 0.000000000000000000, 0.000000000000000000 ) ) ;
#3043 = ADVANCED_FACE ( 'NONE', ( #8176 ), #7657, .F. ) ;
#3044 = ORIENTED_EDGE ( 'NONE', *, *, #6812, .T. ) ;
#3045 = DIRECTION ( 'NONE',  ( 0.000000000000000000, -1.850371707708594760E-15, -1.000000000000000000 ) ) ;
#3046 = ORIENTED_EDGE ( 'NONE', *, *, #6339, .F. ) ;
#3047 = CARTESIAN_POINT ( 'NONE',  ( 4.799999999999999822, 21.79321940329010232, 23.74116171199930037 ) ) ;
#3048 = FACE_BOUND ( 'NONE', #2743, .T. ) ;
#3049 = DIRECTION ( 'NONE',  ( 0.7071067811865479058, 0.2705980500730984506, -0.6532814824381878438 ) ) ;
#3050 = ORIENTED_EDGE ( 'NONE', *, *, #3877, .T. ) ;
#3051 = LINE ( 'NONE', #5974, #2022 ) ;
#3052 = CARTESIAN_POINT ( 'NONE',  ( 9.199999999999999289, 23.34155520049110066, 10.57695939185719958 ) ) ;
#3053 = APPLICATION_PROTOCOL_DEFINITION ( 'draft international standard', 'automotive_design', 1998, #296 ) ;
#3054 = VERTEX_POINT ( 'NONE', #8264 ) ;
#3055 = LINE ( 'NONE', #3149, #1880 ) ;
#3056 = CARTESIAN_POINT ( 'NONE',  ( 9.199999999999999289, 3.700000000000000178, -0.9000000000000000222 ) ) ;
#3057 = CIRCLE ( 'NONE', #8039, 0.9999999999999994449 ) ;
#3058 = CARTESIAN_POINT ( 'NONE',  ( 0.000000000000000000, -3.950000000000000178, -6.500000000000000000 ) ) ;
#3059 = CARTESIAN_POINT ( 'NONE',  ( 9.000000000000000000, 15.68578643762690028, -6.500000000000000000 ) ) ;
#3060 = DIRECTION ( 'NONE',  ( 0.000000000000000000, 1.000000000000000000, 0.000000000000000000 ) ) ;
#3061 = LINE ( 'NONE', #6034, #1260 ) ;
#3062 = DIRECTION ( 'NONE',  ( 0.000000000000000000, 0.7071067811865474617, 0.7071067811865474617 ) ) ;
#3063 = EDGE_LOOP ( 'NONE', ( #3419, #3895, #9369, #4471 ) ) ;
#3064 = LINE ( 'NONE', #3163, #7957 ) ;
#3065 = ORIENTED_EDGE ( 'NONE', *, *, #6248, .T. ) ;
#3066 = EDGE_CURVE ( 'NONE', #7588, #1181, #1591, .T. ) ;
#3067 = ORIENTED_EDGE ( 'NONE', *, *, #3140, .F. ) ;
#3068 = DIRECTION ( 'NONE',  ( 0.000000000000000000, -1.000000000000000000, 0.000000000000000000 ) ) ;
#3069 = FACE_OUTER_BOUND ( 'NONE', #1327, .T. ) ;
#3070 = DIRECTION ( 'NONE',  ( 0.000000000000000000, 0.000000000000000000, 1.000000000000000000 ) ) ;
#3071 = PLANE ( 'NONE',  #218 ) ;
#3072 = ORIENTED_EDGE ( 'NONE', *, *, #759, .T. ) ;
#3073 = EDGE_CURVE ( 'NONE', #8959, #5023, #4554, .T. ) ;
#3074 = DIRECTION ( 'NONE',  ( 0.000000000000000000, -1.000000000000000000, -2.220446049250309876E-16 ) ) ;
#3075 = DIRECTION ( 'NONE',  ( 0.000000000000000000, 0.000000000000000000, -1.000000000000000000 ) ) ;
#3076 = VECTOR ( 'NONE', #9633, 1000.000000000000000 ) ;
#3077 = ORIENTED_EDGE ( 'NONE', *, *, #3829, .T. ) ;
#3078 = CARTESIAN_POINT ( 'NONE',  ( 9.199999999999999289, 22.70000000000000284, 14.23723547529430000 ) ) ;
#3079 = EDGE_CURVE ( 'NONE', #5007, #2294, #1644, .T. ) ;
#3080 = LINE ( 'NONE', #7623, #9406 ) ;
#3081 = ORIENTED_EDGE ( 'NONE', *, *, #5751, .T. ) ;
#3082 = CARTESIAN_POINT ( 'NONE',  ( 9.799999999999998934, 17.69999999999999929, 22.89999999999999858 ) ) ;
#3083 = EDGE_LOOP ( 'NONE', ( #8016, #8295, #6786, #6489, #135 ) ) ;
#3084 = EDGE_CURVE ( 'NONE', #5913, #1197, #5231, .T. ) ;
#3085 = CARTESIAN_POINT ( 'NONE',  ( 1.399999999999999911, -21.69999999999999929, -2.471841418861651540 ) ) ;
#3086 = B_SPLINE_CURVE_WITH_KNOTS ( 'NONE', 3,
 ( #8693, #2005, #8737, #5660 ),
 .UNSPECIFIED., .F., .F.,
 ( 4, 4 ),
 ( 8.673617379884035472E-19, 6.807723432058849155E-05 ),
 .UNSPECIFIED. ) ;
#3087 = ORIENTED_EDGE ( 'NONE', *, *, #8994, .T. ) ;
#3088 = DIRECTION ( 'NONE',  ( -0.000000000000000000, 1.000000000000000000, 0.000000000000000000 ) ) ;
#3089 = ORIENTED_EDGE ( 'NONE', *, *, #1192, .F. ) ;
#3090 = CARTESIAN_POINT ( 'NONE',  ( 9.799999999999998934, 18.19999999999999929, 31.69999999999999929 ) ) ;
#3091 = EDGE_CURVE ( 'NONE', #7184, #7028, #6753, .T. ) ;
#3092 = CARTESIAN_POINT ( 'NONE',  ( 9.634314575050762386, -22.50000000000000355, 1.100000000000002531 ) ) ;
#3093 = CONICAL_SURFACE ( 'NONE', #9019, 2.200000000000000622, 0.7853981633974469467 ) ;
#3094 = DIRECTION ( 'NONE',  ( 0.000000000000000000, -1.000000000000000000, 0.000000000000000000 ) ) ;
#3095 = VERTEX_POINT ( 'NONE', #8911 ) ;
#3096 = FACE_OUTER_BOUND ( 'NONE', #447, .T. ) ;
#3097 = CARTESIAN_POINT ( 'NONE',  ( 3.799999999999999822, 8.475735931288070901, 7.510050506338829202 ) ) ;
#3098 = ORIENTED_EDGE ( 'NONE', *, *, #5712, .T. ) ;
#3099 = EDGE_CURVE ( 'NONE', #3942, #6059, #36, .T. ) ;
#3100 = PLANE ( 'NONE',  #5932 ) ;
#3101 = LINE ( 'NONE', #7549, #5954 ) ;
#3102 = CONICAL_SURFACE ( 'NONE', #4344, 1.100000000000001421, 0.7853981633974476129 ) ;
#3103 = DIRECTION ( 'NONE',  ( 0.7071067811865485719, 0.6406159536904894036, -0.2993512984391801801 ) ) ;
#3104 = ADVANCED_FACE ( 'NONE', ( #1013 ), #6898, .T. ) ;
#3105 = DIRECTION ( 'NONE',  ( -1.000000000000000000, 0.000000000000000000, 0.000000000000000000 ) ) ;
#3106 = CYLINDRICAL_SURFACE ( 'NONE', #9520, 0.9999999999999998890 ) ;
#3107 = CARTESIAN_POINT ( 'NONE',  ( 9.799999999999998934, -22.89999999999999858, -1.500000000000000000 ) ) ;
#3108 = CARTESIAN_POINT ( 'NONE',  ( 9.199999999999999289, 25.10000000000000142, 12.04765867871920015 ) ) ;
#3109 = ORIENTED_EDGE ( 'NONE', *, *, #6114, .T. ) ;
#3110 = DIRECTION ( 'NONE',  ( -0.6086365115033348649, 0.000000000000000000, 0.7934491772413976296 ) ) ;
#3111 = AXIS2_PLACEMENT_3D ( 'NONE', #184, #3145, #957 ) ;
#3112 = ORIENTED_EDGE ( 'NONE', *, *, #6298, .F. ) ;
#3113 = EDGE_CURVE ( 'NONE', #1564, #2859, #4750, .T. ) ;
#3114 = CYLINDRICAL_SURFACE ( 'NONE', #2425, 0.9999999999999994449 ) ;
#3115 = EDGE_CURVE ( 'NONE', #756, #5602, #2514, .T. ) ;
#3116 = CIRCLE ( 'NONE', #6535, 1.200000000000000622 ) ;
#3117 = DIRECTION ( 'NONE',  ( 0.000000000000000000, -0.5493373749351307955, 0.8356006513277616232 ) ) ;
#3118 = DIRECTION ( 'NONE',  ( 0.000000000000000000, -0.3412646552513131648, 0.9399672521296699168 ) ) ;
#3119 = CARTESIAN_POINT ( 'NONE',  ( 9.000000000000000000, 2.285540092502450271, -3.641958622314060090 ) ) ;
#3120 = DIRECTION ( 'NONE',  ( 0.000000000000000000, -1.000000000000000000, 0.000000000000000000 ) ) ;
#3121 = EDGE_LOOP ( 'NONE', ( #9006, #1473, #7253, #9421 ) ) ;
#3122 = CARTESIAN_POINT ( 'NONE',  ( 10.20000000000000107, -20.00000000000000000, -1.699999999999998179 ) ) ;
#3123 = AXIS2_PLACEMENT_3D ( 'NONE', #2318, #3005, #913 ) ;
#3124 = FACE_OUTER_BOUND ( 'NONE', #8944, .T. ) ;
#3125 = ORIENTED_EDGE ( 'NONE', *, *, #4114, .F. ) ;
#3126 = EDGE_CURVE ( 'NONE', #8726, #7743, #4057, .T. ) ;
#3127 = DIRECTION ( 'NONE',  ( 4.440892098500630106E-16, 0.000000000000000000, 1.000000000000000000 ) ) ;
#3128 = VECTOR ( 'NONE', #185, 1000.000000000000000 ) ;
#3129 = DIRECTION ( 'NONE',  ( -1.000000000000000000, 0.000000000000000000, 0.000000000000000000 ) ) ;
#3130 = VECTOR ( 'NONE', #2895, 1000.000000000000000 ) ;
#3131 = ORIENTED_EDGE ( 'NONE', *, *, #5134, .T. ) ;
#3132 = CARTESIAN_POINT ( 'NONE',  ( 0.000000000000000000, -25.51999999999984681, 4.529999999999937188 ) ) ;
#3133 = AXIS2_PLACEMENT_3D ( 'NONE', #5057, #5644, #7110 ) ;
#3134 = ORIENTED_EDGE ( 'NONE', *, *, #9618, .T. ) ;
#3135 = LINE ( 'NONE', #272, #6869 ) ;
#3136 = ORIENTED_EDGE ( 'NONE', *, *, #5504, .F. ) ;
#3137 = EDGE_CURVE ( 'NONE', #1790, #199, #4702, .T. ) ;
#3138 = AXIS2_PLACEMENT_3D ( 'NONE', #6374, #7808, #1672 ) ;
#3139 = ORIENTED_EDGE ( 'NONE', *, *, #7962, .F. ) ;
#3140 = EDGE_CURVE ( 'NONE', #1762, #5768, #3446, .T. ) ;
#3141 = CARTESIAN_POINT ( 'NONE',  ( 4.799999999999999822, 6.685054647081260626, -4.899999999999999467 ) ) ;
#3142 = LINE ( 'NONE', #452, #2786 ) ;
#3143 = LINE ( 'NONE', #809, #5320 ) ;
#3144 = ORIENTED_EDGE ( 'NONE', *, *, #3021, .F. ) ;
#3145 = DIRECTION ( 'NONE',  ( 1.000000000000000000, 0.000000000000000000, 0.000000000000000000 ) ) ;
#3146 = CONICAL_SURFACE ( 'NONE', #7350, 0.7999999999999998224, 0.7853981633974476129 ) ;
#3147 = DIRECTION ( 'NONE',  ( 0.7071067811865475727, 0.000000000000000000, -0.7071067811865475727 ) ) ;
#3148 = VERTEX_POINT ( 'NONE', #3964 ) ;
#3149 = CARTESIAN_POINT ( 'NONE',  ( 1.600000000000000089, 20.89999999999999858, 19.19999999999999929 ) ) ;
#3150 = EDGE_CURVE ( 'NONE', #574, #1844, #1789, .T. ) ;
#3151 = DIRECTION ( 'NONE',  ( -1.000000000000000000, 0.000000000000000000, 0.000000000000000000 ) ) ;
#3152 = EDGE_CURVE ( 'NONE', #7993, #5391, #6947, .T. ) ;
#3153 = CONICAL_SURFACE ( 'NONE', #4698, 1.099999999999997868, 0.7853981633974461696 ) ;
#3154 = ADVANCED_FACE ( 'NONE', ( #6259 ), #2652, .T. ) ;
#3155 = VECTOR ( 'NONE', #6572, 1000.000000000000000 ) ;
#3156 = FACE_OUTER_BOUND ( 'NONE', #1671, .T. ) ;
#3157 = CARTESIAN_POINT ( 'NONE',  ( 0.000000000000000000, 18.06171526149577389, 21.08349947336479602 ) ) ;
#3158 = CARTESIAN_POINT ( 'NONE',  ( 0.000000000000000000, -25.51999999999984325, 26.02999999999991232 ) ) ;
#3159 = FACE_OUTER_BOUND ( 'NONE', #2195, .T. ) ;
#3160 = FACE_OUTER_BOUND ( 'NONE', #6747, .T. ) ;
#3161 = ORIENTED_EDGE ( 'NONE', *, *, #481, .F. ) ;
#3162 = AXIS2_PLACEMENT_3D ( 'NONE', #4547, #7486, #2270 ) ;
#3163 = CARTESIAN_POINT ( 'NONE',  ( 1.199999999999999956, -21.69999999999999929, -2.471841418861651540 ) ) ;
#3164 = AXIS2_PLACEMENT_3D ( 'NONE', #4356, #3488, #8066 ) ;
#3165 = VECTOR ( 'NONE', #2096, 1000.000000000000000 ) ;
#3166 = ORIENTED_EDGE ( 'NONE', *, *, #8725, .F. ) ;
#3167 = CIRCLE ( 'NONE', #9095, 2.999999999999999112 ) ;
#3168 = DIRECTION ( 'NONE',  ( 0.000000000000000000, -0.8356006529151552842, -0.5493373725205360492 ) ) ;
#3169 = AXIS2_PLACEMENT_3D ( 'NONE', #2975, #5946, #8289 ) ;
#3170 = DIRECTION ( 'NONE',  ( 0.000000000000000000, -0.2158927849980366576, 0.9764170755296077697 ) ) ;
#3171 = FACE_OUTER_BOUND ( 'NONE', #7174, .T. ) ;
#3172 = LINE ( 'NONE', #5203, #7537 ) ;
#3173 = PLANE ( 'NONE',  #2411 ) ;
#3174 = ORIENTED_EDGE ( 'NONE', *, *, #9309, .F. ) ;
#3175 = DIRECTION ( 'NONE',  ( 0.000000000000000000, 0.3826834323650898373, -0.9238795325112867385 ) ) ;
#3176 = AXIS2_PLACEMENT_3D ( 'NONE', #995, #7725, #8398 ) ;
#3177 = ORIENTED_EDGE ( 'NONE', *, *, #3066, .F. ) ;
#3178 = ADVANCED_FACE ( 'NONE', ( #9201 ), #1056, .T. ) ;
#3179 = CARTESIAN_POINT ( 'NONE',  ( 9.099999999999999645, -3.659290927594020193, -4.106043096124059488 ) ) ;
#3180 = VERTEX_POINT ( 'NONE', #1153 ) ;
#3181 = AXIS2_PLACEMENT_3D ( 'NONE', #2678, #7941, #4955 ) ;
#3182 = DIRECTION ( 'NONE',  ( 0.000000000000000000, 1.000000000000000000, 0.000000000000000000 ) ) ;
#3183 = CONICAL_SURFACE ( 'NONE', #9111, 0.4000000000000010214, 0.7853981633974476129 ) ;
#3184 = DIRECTION ( 'NONE',  ( 1.000000000000000000, 0.000000000000000000, 0.000000000000000000 ) ) ;
#3185 = AXIS2_PLACEMENT_3D ( 'NONE', #1264, #8681, #3503 ) ;
#3186 = ORIENTED_EDGE ( 'NONE', *, *, #2420, .F. ) ;
#3187 = ORIENTED_EDGE ( 'NONE', *, *, #5708, .F. ) ;
#3188 = CARTESIAN_POINT ( 'NONE',  ( 7.801681340102726736, -17.50000000000000000, 2.932633234948035739 ) ) ;
#3189 = VERTEX_POINT ( 'NONE', #8367 ) ;
#3190 = ADVANCED_FACE ( 'NONE', ( #1876 ), #2668, .T. ) ;
#3191 = CIRCLE ( 'NONE', #9424, 1.700000000000000178 ) ;
#3192 = VERTEX_POINT ( 'NONE', #2467 ) ;
#3193 = LINE ( 'NONE', #4743, #3622 ) ;
#3194 = DIRECTION ( 'NONE',  ( 0.000000000000000000, 0.000000000000000000, -1.000000000000000000 ) ) ;
#3195 = DIRECTION ( 'NONE',  ( 0.000000000000000000, -0.9764170755296078807, 0.2158927849980356861 ) ) ;
#3196 = PRODUCT_DEFINITION_FORMATION_WITH_SPECIFIED_SOURCE ( 'ANY', '', #626, .NOT_KNOWN. ) ;
#3197 = VERTEX_POINT ( 'NONE', #3289 ) ;
#3198 = FACE_BOUND ( 'NONE', #5183, .T. ) ;
#3199 = DIRECTION ( 'NONE',  ( -1.000000000000000000, -0.000000000000000000, -0.000000000000000000 ) ) ;
#3200 = AXIS2_PLACEMENT_3D ( 'NONE', #2, #4520, #3068 ) ;
#3201 = VERTEX_POINT ( 'NONE', #1686 ) ;
#3202 = CARTESIAN_POINT ( 'NONE',  ( 9.199999999999999289, 7.108401313247946440, -5.805967769981665860 ) ) ;
#3203 = CARTESIAN_POINT ( 'NONE',  ( 9.199999999999999289, 21.70000001490119956, 27.05596372552760087 ) ) ;
#3204 = EDGE_CURVE ( 'NONE', #564, #3468, #2609, .T. ) ;
#3205 = VECTOR ( 'NONE', #6141, 1000.000000000000000 ) ;
#3206 = FACE_OUTER_BOUND ( 'NONE', #4128, .T. ) ;
#3207 = DIRECTION ( 'NONE',  ( 1.000000000000000000, 0.000000000000000000, 0.000000000000000000 ) ) ;
#3208 = EDGE_LOOP ( 'NONE', ( #1200, #1294, #4882, #4984 ) ) ;
#3209 = PLANE ( 'NONE',  #5912 ) ;
#3210 = CARTESIAN_POINT ( 'NONE',  ( 9.199999999999999289, 25.30000000000000071, 12.51494535291870136 ) ) ;
#3211 = ORIENTED_EDGE ( 'NONE', *, *, #3007, .T. ) ;
#3212 = PLANE ( 'NONE',  #4675 ) ;
#3213 = EDGE_CURVE ( 'NONE', #3713, #8052, #8415, .T. ) ;
#3214 = EDGE_CURVE ( 'NONE', #4481, #2818, #25, .T. ) ;
#3215 = ORIENTED_EDGE ( 'NONE', *, *, #8998, .T. ) ;
#3216 = DIRECTION ( 'NONE',  ( 0.000000000000000000, -1.000000000000000000, 0.000000000000000000 ) ) ;
#3217 = DIRECTION ( 'NONE',  ( 1.000000000000000000, 0.000000000000000000, 0.000000000000000000 ) ) ;
#3218 = PLANE ( 'NONE',  #7936 ) ;
#3219 = CARTESIAN_POINT ( 'NONE',  ( 0.4000000000000000222, 19.19999999999999929, 22.19999999999999574 ) ) ;
#3220 = EDGE_CURVE ( 'NONE', #5460, #1802, #4838, .T. ) ;
#3221 = DIRECTION ( 'NONE',  ( 1.000000000000000000, 0.000000000000000000, 0.000000000000000000 ) ) ;
#3222 = ORIENTED_EDGE ( 'NONE', *, *, #481, .T. ) ;
#3223 = DIRECTION ( 'NONE',  ( -0.7071067811865470176, 0.7071067811865480168, 3.140184917367550826E-16 ) ) ;
#3224 = VERTEX_POINT ( 'NONE', #7692 ) ;
#3225 = CARTESIAN_POINT ( 'NONE',  ( 4.799999999999999822, 3.237688139636480056, -3.199262471490899706 ) ) ;
#3226 = VERTEX_POINT ( 'NONE', #8515 ) ;
#3227 = CARTESIAN_POINT ( 'NONE',  ( 3.441143705636083627, 18.65619370998646787, 17.54590236492211019 ) ) ;
#3228 = CONICAL_SURFACE ( 'NONE', #4311, 0.4000000000000001887, 0.7853981633974490562 ) ;
#3229 = DIRECTION ( 'NONE',  ( 0.000000000000000000, 0.7698003589195012708, 0.6382847385042250687 ) ) ;
#3230 = VERTEX_POINT ( 'NONE', #377 ) ;
#3231 = ORIENTED_EDGE ( 'NONE', *, *, #3549, .T. ) ;
#3232 = CARTESIAN_POINT ( 'NONE',  ( 9.199999999999999289, 21.61186326707409933, 14.74315883950809969 ) ) ;
#3233 = ORIENTED_EDGE ( 'NONE', *, *, #1946, .F. ) ;
#3234 = ORIENTED_EDGE ( 'NONE', *, *, #2148, .T. ) ;
#3235 = DIRECTION ( 'NONE',  ( 0.7071067811865480168, 0.000000000000000000, -0.7071067811865470176 ) ) ;
#3236 = CARTESIAN_POINT ( 'NONE',  ( 9.199999999999999289, 18.31702915689746547, 21.39141961693260185 ) ) ;
#3237 = ADVANCED_FACE ( 'NONE', ( #7832 ), #4682, .F. ) ;
#3238 = LINE ( 'NONE', #1870, #2698 ) ;
#3239 = ORIENTED_EDGE ( 'NONE', *, *, #4505, .F. ) ;
#3240 = DIRECTION ( 'NONE',  ( 0.000000000000000000, 1.000000000000000000, 0.000000000000000000 ) ) ;
#3241 = CARTESIAN_POINT ( 'NONE',  ( 9.099999999999999645, 3.576170660640390242, -6.000000000000000000 ) ) ;
#3242 = VECTOR ( 'NONE', #8670, 1000.000000000000000 ) ;
#3243 = ORIENTED_EDGE ( 'NONE', *, *, #5766, .T. ) ;
#3244 = CARTESIAN_POINT ( 'NONE',  ( 9.199999999999999289, -2.993965304395110216, -3.359489805919690042 ) ) ;
#3245 = ORIENTED_EDGE ( 'NONE', *, *, #6722, .F. ) ;
#3246 = CYLINDRICAL_SURFACE ( 'NONE', #6728, 0.9999999999999964473 ) ;
#3247 = EDGE_CURVE ( 'NONE', #7328, #2640, #4202, .T. ) ;
#3248 = DIRECTION ( 'NONE',  ( 1.000000000000000000, 0.000000000000000000, 0.000000000000000000 ) ) ;
#3249 = CARTESIAN_POINT ( 'NONE',  ( 1.000000000000000000, 25.69999999999999929, 26.63271332580049844 ) ) ;
#3250 = EDGE_CURVE ( 'NONE', #2842, #7588, #1244, .T. ) ;
#3251 = ORIENTED_EDGE ( 'NONE', *, *, #9121, .T. ) ;
#3252 = CARTESIAN_POINT ( 'NONE',  ( 20.40000000000005187, -11.30000000000030624, -10.09999999999979003 ) ) ;
#3253 = DIRECTION ( 'NONE',  ( 0.000000000000000000, 1.000000000000000000, 4.386212498149690880E-17 ) ) ;
#3254 = CARTESIAN_POINT ( 'NONE',  ( 9.199999999999999289, 23.30604309612409963, 22.85929092759399950 ) ) ;
#3255 = ORIENTED_EDGE ( 'NONE', *, *, #6654, .F. ) ;
#3256 = FACE_OUTER_BOUND ( 'NONE', #1107, .T. ) ;
#3257 = ORIENTED_EDGE ( 'NONE', *, *, #7503, .F. ) ;
#3258 = CIRCLE ( 'NONE', #6058, 18.00499999999999190 ) ;
#3259 = DIRECTION ( 'NONE',  ( -0.6946826803877965695, -0.1866331887378059606, 0.6946826803878047851 ) ) ;
#3260 = EDGE_CURVE ( 'NONE', #8993, #2995, #2118, .T. ) ;
#3261 = CARTESIAN_POINT ( 'NONE',  ( 1.000000000000000000, 26.70000000000000284, 3.514213562373099897 ) ) ;
#3262 = DIRECTION ( 'NONE',  ( -1.000000000000000000, -0.000000000000000000, -0.000000000000000000 ) ) ;
#3263 = FACE_OUTER_BOUND ( 'NONE', #6048, .T. ) ;
#3264 = VERTEX_POINT ( 'NONE', #1976 ) ;
#3265 = DIRECTION ( 'NONE',  ( -1.000000000000000000, 0.000000000000000000, 0.000000000000000000 ) ) ;
#3266 = ADVANCED_FACE ( 'NONE', ( #4258 ), #5079, .F. ) ;
#3267 = EDGE_LOOP ( 'NONE', ( #5515, #9286, #5561, #7664 ) ) ;
#3268 = EDGE_CURVE ( 'NONE', #7688, #1798, #4938, .T. ) ;
#3269 = CARTESIAN_POINT ( 'NONE',  ( 1.399999999999999911, -21.69999999999999929, -2.471841418861651540 ) ) ;
#3270 = CONICAL_SURFACE ( 'NONE', #8728, 1.200000000000000622, 0.7853981633974476129 ) ;
#3271 = ORIENTED_EDGE ( 'NONE', *, *, #8548, .F. ) ;
#3272 = ADVANCED_FACE ( 'NONE', ( #661, #516 ), #7241, .T. ) ;
#3273 = CARTESIAN_POINT ( 'NONE',  ( 3.514280754382623329, 18.49948176830987379, 17.52645530423670550 ) ) ;
#3274 = LINE ( 'NONE', #6242, #4104 ) ;
#3275 = ORIENTED_EDGE ( 'NONE', *, *, #933, .F. ) ;
#3276 = ORIENTED_EDGE ( 'NONE', *, *, #7686, .T. ) ;
#3277 = CARTESIAN_POINT ( 'NONE',  ( 8.800000000000000711, 11.90000000000000036, 1.500000000000000000 ) ) ;
#3278 = ORIENTED_EDGE ( 'NONE', *, *, #9455, .T. ) ;
#3279 = EDGE_CURVE ( 'NONE', #8720, #4527, #567, .T. ) ;
#3280 = VECTOR ( 'NONE', #5580, 1000.000000000000000 ) ;
#3281 = ORIENTED_EDGE ( 'NONE', *, *, #6099, .T. ) ;
#3282 = VECTOR ( 'NONE', #8820, 1000.000000000000000 ) ;
#3283 = LINE ( 'NONE', #5418, #9549 ) ;
#3284 = VECTOR ( 'NONE', #3300, 1000.000000000000000 ) ;
#3285 = LINE ( 'NONE', #1729, #5641 ) ;
#3286 = ORIENTED_EDGE ( 'NONE', *, *, #738, .T. ) ;
#3287 = DIRECTION ( 'NONE',  ( -1.000000000000000000, 0.000000000000000000, 0.000000000000000000 ) ) ;
#3288 = ORIENTED_EDGE ( 'NONE', *, *, #8821, .F. ) ;
#3289 = CARTESIAN_POINT ( 'NONE',  ( 9.199999999999999289, 25.18716132397799612, 12.00692935351867874 ) ) ;
#3290 = CONICAL_SURFACE ( 'NONE', #8110, 1.100000000000001199, 0.7853981633974476129 ) ;
#3291 = VERTEX_POINT ( 'NONE', #8063 ) ;
#3292 = FACE_OUTER_BOUND ( 'NONE', #935, .T. ) ;
#3293 = CIRCLE ( 'NONE', #7026, 0.9999999999999998890 ) ;
#3294 = ADVANCED_FACE ( 'NONE', ( #2754 ), #4983, .F. ) ;
#3295 = DIRECTION ( 'NONE',  ( -1.000000000000000000, 0.000000000000000000, 0.000000000000000000 ) ) ;
#3296 = AXIS2_PLACEMENT_3D ( 'NONE', #9416, #5311, #1629 ) ;
#3297 = FACE_OUTER_BOUND ( 'NONE', #4921, .T. ) ;
#3298 = CIRCLE ( 'NONE', #4854, 0.5999999999999998668 ) ;
#3299 = ORIENTED_EDGE ( 'NONE', *, *, #3113, .T. ) ;
#3300 = DIRECTION ( 'NONE',  ( -1.000000000000000000, 0.000000000000000000, 0.000000000000000000 ) ) ;
#3301 = DIRECTION ( 'NONE',  ( -1.000000000000000000, 0.000000000000000000, 0.000000000000000000 ) ) ;
#3302 = LINE ( 'NONE', #2432, #1018 ) ;
#3303 = ORIENTED_EDGE ( 'NONE', *, *, #129, .T. ) ;
#3304 = CARTESIAN_POINT ( 'NONE',  ( 9.000000000000000000, 7.855963737990349749, -3.500000000000000000 ) ) ;
#3305 = CIRCLE ( 'NONE', #506, 2.999999999999999112 ) ;
#3306 = ADVANCED_FACE ( 'NONE', ( #3570 ), #1385, .T. ) ;
#3307 = VECTOR ( 'NONE', #2632, 1000.000000000000000 ) ;
#3308 = ORIENTED_EDGE ( 'NONE', *, *, #5504, .T. ) ;
#3309 = DIRECTION ( 'NONE',  ( 0.000000000000000000, 1.676470801241769990E-13, 1.000000000000000000 ) ) ;
#3310 = LINE ( 'NONE', #8488, #2561 ) ;
#3311 = CIRCLE ( 'NONE', #9243, 1.700000000000000178 ) ;
#3312 = CARTESIAN_POINT ( 'NONE',  ( 10.20000000000000107, -20.00000000000000000, 2.449293598294706513E-15 ) ) ;
#3313 = DIRECTION ( 'NONE',  ( 1.000000000000000000, 0.000000000000000000, 0.000000000000000000 ) ) ;
#3314 = VECTOR ( 'NONE', #6313, 1000.000000000000000 ) ;
#3315 = EDGE_LOOP ( 'NONE', ( #739, #2039, #6958, #7292 ) ) ;
#3316 = CARTESIAN_POINT ( 'NONE',  ( 9.199999999999999289, 24.10000000000000142, 25.88505464708130077 ) ) ;
#3317 = ORIENTED_EDGE ( 'NONE', *, *, #6036, .F. ) ;
#3318 = ADVANCED_FACE ( 'NONE', ( #4308 ), #1292, .F. ) ;
#3319 = CIRCLE ( 'NONE', #4091, 2.399999999999999911 ) ;
#3320 = DIRECTION ( 'NONE',  ( 1.000000000000000000, 0.000000000000000000, 0.000000000000000000 ) ) ;
#3321 = AXIS2_PLACEMENT_3D ( 'NONE', #758, #2356, #2212 ) ;
#3322 = ORIENTED_EDGE ( 'NONE', *, *, #4276, .F. ) ;
#3323 = LINE ( 'NONE', #3896, #5968 ) ;
#3324 = EDGE_CURVE ( 'NONE', #3492, #8962, #9061, .T. ) ;
#3325 = DIRECTION ( 'NONE',  ( 1.000000000000000000, 0.000000000000000000, 0.000000000000000000 ) ) ;
#3326 = CIRCLE ( 'NONE', #6126, 0.9999999999999964473 ) ;
#3327 = ORIENTED_EDGE ( 'NONE', *, *, #176, .F. ) ;
#3328 = VECTOR ( 'NONE', #3759, 1000.000000000000000 ) ;
#3329 = EDGE_LOOP ( 'NONE', ( #1829, #271, #9307, #5290 ) ) ;
#3330 = CARTESIAN_POINT ( 'NONE',  ( 9.199999999999999289, 22.70000000000000284, 14.23723547529430000 ) ) ;
#3331 = VECTOR ( 'NONE', #7856, 1000.000000000000114 ) ;
#3332 = ORIENTED_EDGE ( 'NONE', *, *, #4782, .F. ) ;
#3333 = EDGE_CURVE ( 'NONE', #7231, #118, #2795, .T. ) ;
#3334 = AXIS2_PLACEMENT_3D ( 'NONE', #453, #4191, #9472 ) ;
#3335 = CONICAL_SURFACE ( 'NONE', #1310, 1.700000000000000622, 0.7853981633974375098 ) ;
#3336 = ORIENTED_EDGE ( 'NONE', *, *, #2084, .T. ) ;
#3337 = ADVANCED_FACE ( 'NONE', ( #8809 ), #465, .T. ) ;
#3338 = FACE_OUTER_BOUND ( 'NONE', #5700, .T. ) ;
#3339 = DIRECTION ( 'NONE',  ( 1.000000000000000000, -0.000000000000000000, -0.000000000000000000 ) ) ;
#3340 = ORIENTED_EDGE ( 'NONE', *, *, #7134, .F. ) ;
#3341 = CARTESIAN_POINT ( 'NONE',  ( 9.199999999999999289, -2.220446049250309925E-15, 1.500000000000000444 ) ) ;
#3342 = ADVANCED_FACE ( 'NONE', ( #9392 ), #1201, .T. ) ;
#3343 = ORIENTED_EDGE ( 'NONE', *, *, #6274, .T. ) ;
#3344 = DIRECTION ( 'NONE',  ( 0.000000000000000000, 0.000000000000000000, -1.000000000000000000 ) ) ;
#3345 = VERTEX_POINT ( 'NONE', #5819 ) ;
#3346 = CARTESIAN_POINT ( 'NONE',  ( 9.199999999999999289, -3.000086080569376090, -3.103322312625874435 ) ) ;
#3347 = VECTOR ( 'NONE', #443, 1000.000000000000227 ) ;
#3348 = PLANE ( 'NONE',  #7129 ) ;
#3349 = ORIENTED_EDGE ( 'NONE', *, *, #2439, .F. ) ;
#3350 = DIRECTION ( 'NONE',  ( 0.000000000000000000, -2.220446049250309876E-16, 1.000000000000000000 ) ) ;
#3351 = CARTESIAN_POINT ( 'NONE',  ( 4.799999999999999822, 25.67351167921420085, 12.52732299224390111 ) ) ;
#3352 = PLANE ( 'NONE',  #7244 ) ;
#3353 = ORIENTED_EDGE ( 'NONE', *, *, #948, .T. ) ;
#3354 = CARTESIAN_POINT ( 'NONE',  ( 3.400000000000000355, -25.51999999999984681, 27.02999999999993008 ) ) ;
#3355 = CIRCLE ( 'NONE', #8496, 2.100000000000000977 ) ;
#3356 = ORIENTED_EDGE ( 'NONE', *, *, #7087, .F. ) ;
#3357 = DIRECTION ( 'NONE',  ( 1.000000000000000000, 0.000000000000000000, 0.000000000000000000 ) ) ;
#3358 = FACE_OUTER_BOUND ( 'NONE', #8558, .T. ) ;
#3359 = LINE ( 'NONE', #8489, #9022 ) ;
#3360 = LINE ( 'NONE', #7011, #848 ) ;
#3361 = DIRECTION ( 'NONE',  ( -0.7071067811865461294, 0.4536480327727568929, -0.5424052565761228184 ) ) ;
#3362 = EDGE_CURVE ( 'NONE', #5674, #9281, #3626, .T. ) ;
#3363 = EDGE_LOOP ( 'NONE', ( #9581, #5852, #5222, #3594, #8280, #314 ) ) ;
#3364 = DIRECTION ( 'NONE',  ( 0.000000000000000000, 0.4216028035114509631, 0.9067806107715827846 ) ) ;
#3365 = ORIENTED_EDGE ( 'NONE', *, *, #6055, .F. ) ;
#3366 = ORIENTED_EDGE ( 'NONE', *, *, #2836, .T. ) ;
#3367 = ORIENTED_EDGE ( 'NONE', *, *, #1715, .T. ) ;
#3368 = B_SPLINE_CURVE_WITH_KNOTS ( 'NONE', 3,
 ( #6672, #6584, #5159, #1563 ),
 .UNSPECIFIED., .F., .F.,
 ( 4, 4 ),
 ( 0.0005650102811014566864, 0.0005752625242272016827 ),
 .UNSPECIFIED. ) ;
#3369 = DIRECTION ( 'NONE',  ( -1.000000000000000000, 0.000000000000000000, 0.000000000000000000 ) ) ;
#3370 = DIRECTION ( 'NONE',  ( 0.000000000000000000, 0.7670768701524094402, 0.6415552004911063699 ) ) ;
#3371 = ADVANCED_FACE ( 'NONE', ( #801 ), #7477, .F. ) ;
#3372 = EDGE_LOOP ( 'NONE', ( #9191, #2884, #6763, #1977, #8314, #7791, #9040, #6391, #2894, #426, #5114, #6468, #482, #4446, #3281, #5468, #890, #8284, #1632, #8785, #2160, #9187, #1320, #8167, #6583, #2368, #6291, #8996, #4232, #4761 ) ) ;
#3373 = ORIENTED_EDGE ( 'NONE', *, *, #4021, .T. ) ;
#3374 = PLANE ( 'NONE',  #9073 ) ;
#3375 = ORIENTED_EDGE ( 'NONE', *, *, #2257, .T. ) ;
#3376 = AXIS2_PLACEMENT_3D ( 'NONE', #1546, #8824, #5883 ) ;
#3377 = ORIENTED_EDGE ( 'NONE', *, *, #8774, .F. ) ;
#3378 = LINE ( 'NONE', #1726, #1920 ) ;
#3379 = DIRECTION ( 'NONE',  ( -1.000000000000000000, 0.000000000000000000, 0.000000000000000000 ) ) ;
#3380 = EDGE_CURVE ( 'NONE', #5212, #6158, #1485, .T. ) ;
#3381 = ORIENTED_EDGE ( 'NONE', *, *, #7882, .F. ) ;
#3382 = CARTESIAN_POINT ( 'NONE',  ( 1.199999999999999956, 17.50000000000040146, 21.67184141886190218 ) ) ;
#3383 = ORIENTED_EDGE ( 'NONE', *, *, #5403, .T. ) ;
#3384 = DIRECTION ( 'NONE',  ( 0.7071067811865474617, 0.000000000000000000, 0.7071067811865474617 ) ) ;
#3385 = ORIENTED_EDGE ( 'NONE', *, *, #8994, .F. ) ;
#3386 = CARTESIAN_POINT ( 'NONE',  ( 9.000000000000000000, 25.00596776998166604, 12.09159868675201466 ) ) ;
#3387 = PRODUCT_DEFINITION ( 'UNKNOWN', '', #3196, #9440 ) ;
#3388 = EDGE_CURVE ( 'NONE', #6224, #2330, #5301, .T. ) ;
#3389 = LINE ( 'NONE', #6265, #4706 ) ;
#3390 = DIRECTION ( 'NONE',  ( -1.000000000000000000, 0.000000000000000000, 0.000000000000000000 ) ) ;
#3391 = VECTOR ( 'NONE', #523, 1000.000000000000227 ) ;
#3392 = EDGE_CURVE ( 'NONE', #5650, #9417, #1892, .T. ) ;
#3393 = EDGE_LOOP ( 'NONE', ( #6434, #8699, #8106 ) ) ;
#3394 = LINE ( 'NONE', #6363, #4661 ) ;
#3395 = DIRECTION ( 'NONE',  ( 0.000000000000000000, 2.220446049250309876E-16, -1.000000000000000000 ) ) ;
#3396 = DIRECTION ( 'NONE',  ( 0.000000000000000000, -1.000000000000000000, 0.000000000000000000 ) ) ;
#3397 = CYLINDRICAL_SURFACE ( 'NONE', #8575, 0.9999999999999998890 ) ;
#3398 = EDGE_CURVE ( 'NONE', #7560, #9142, #4591, .T. ) ;
#3399 = VERTEX_POINT ( 'NONE', #1576 ) ;
#3400 = DIRECTION ( 'NONE',  ( 0.000000000000000000, 0.000000000000000000, 1.000000000000000000 ) ) ;
#3401 = DIRECTION ( 'NONE',  ( -1.000000000000000000, -0.000000000000000000, -0.000000000000000000 ) ) ;
#3402 = DIRECTION ( 'NONE',  ( -1.000000000000000000, 0.000000000000000000, 0.000000000000000000 ) ) ;
#3403 = DIRECTION ( 'NONE',  ( -1.000000000000000000, 0.000000000000000000, 0.000000000000000000 ) ) ;
#3404 = CIRCLE ( 'NONE', #3864, 15.00499999999999723 ) ;
#3405 = CARTESIAN_POINT ( 'NONE',  ( 9.199999999999999289, -17.50000000000000000, -1.500000000000000000 ) ) ;
#3406 = CARTESIAN_POINT ( 'NONE',  ( 9.199999999999999289, 24.10000000000000142, 25.88505464708130077 ) ) ;
#3407 = ORIENTED_EDGE ( 'NONE', *, *, #6862, .F. ) ;
#3408 = CARTESIAN_POINT ( 'NONE',  ( 5.367157287525375686, -44.50000000000001421, -5.367157287525382792 ) ) ;
#3409 = EDGE_LOOP ( 'NONE', ( #810, #1071, #6108, #7318, #3725, #2429, #3794, #1895, #1152 ) ) ;
#3410 = EDGE_CURVE ( 'NONE', #568, #7412, #805, .T. ) ;
#3411 = VECTOR ( 'NONE', #5246, 1000.000000000000114 ) ;
#3412 = EDGE_LOOP ( 'NONE', ( #2788, #6199 ) ) ;
#3413 = VERTEX_POINT ( 'NONE', #5117 ) ;
#3414 = DIRECTION ( 'NONE',  ( 1.000000000000000000, 0.000000000000000000, 0.000000000000000000 ) ) ;
#3415 = DIRECTION ( 'NONE',  ( 0.000000000000000000, 0.000000000000000000, 1.000000000000000000 ) ) ;
#3416 = CARTESIAN_POINT ( 'NONE',  ( 9.799999999999998934, 17.69999999999999929, 31.09999999181640362 ) ) ;
#3417 = ORIENTED_EDGE ( 'NONE', *, *, #1157, .T. ) ;
#3418 = CARTESIAN_POINT ( 'NONE',  ( 9.199999999999999289, 4.456841160491950227, -2.411863267074100037 ) ) ;
#3419 = ORIENTED_EDGE ( 'NONE', *, *, #9024, .F. ) ;
#3420 = VECTOR ( 'NONE', #526, 1000.000000000000227 ) ;
#3421 = EDGE_CURVE ( 'NONE', #6095, #8208, #3293, .T. ) ;
#3422 = ORIENTED_EDGE ( 'NONE', *, *, #4833, .F. ) ;
#3423 = PLANE ( 'NONE',  #6890 ) ;
#3424 = DIRECTION ( 'NONE',  ( 0.7071067811865480168, -0.5908588869177560099, 0.3884401829758472036 ) ) ;
#3425 = VECTOR ( 'NONE', #1785, 1000.000000000000000 ) ;
#3426 = ORIENTED_EDGE ( 'NONE', *, *, #3635, .F. ) ;
#3427 = ORIENTED_EDGE ( 'NONE', *, *, #3066, .T. ) ;
#3428 = CARTESIAN_POINT ( 'NONE',  ( 0.000000000000000000, 11.40710678118650101, 11.00710678118650065 ) ) ;
#3429 = EDGE_CURVE ( 'NONE', #6496, #8456, #2822, .T. ) ;
#3430 = EDGE_CURVE ( 'NONE', #2438, #7442, #126, .T. ) ;
#3431 = VERTEX_POINT ( 'NONE', #8250 ) ;
#3432 = FACE_OUTER_BOUND ( 'NONE', #4872, .T. ) ;
#3433 = VECTOR ( 'NONE', #4019, 1000.000000000000000 ) ;
#3434 = ADVANCED_FACE ( 'NONE', ( #2990 ), #6405, .T. ) ;
#3435 = VECTOR ( 'NONE', #9167, 1000.000000000000000 ) ;
#3436 = VECTOR ( 'NONE', #6320, 1000.000000000000000 ) ;
#3437 = CARTESIAN_POINT ( 'NONE',  ( 9.000000000000000000, 22.70000000000000284, 14.23723547529430000 ) ) ;
#3438 = DIRECTION ( 'NONE',  ( 0.000000000000000000, 0.000000000000000000, 1.000000000000000000 ) ) ;
#3439 = ADVANCED_FACE ( 'NONE', ( #8896 ), #77, .F. ) ;
#3440 = ORIENTED_EDGE ( 'NONE', *, *, #8440, .F. ) ;
#3441 = CARTESIAN_POINT ( 'NONE',  ( 0.000000000000000000, 25.69999999999999929, 26.63271332580049844 ) ) ;
#3442 = CIRCLE ( 'NONE', #2663, 1.700000000000000178 ) ;
#3443 = DIRECTION ( 'NONE',  ( -0.7071067811865480168, 0.000000000000000000, 0.7071067811865470176 ) ) ;
#3444 = PLANE ( 'NONE',  #7877 ) ;
#3445 = ORIENTED_EDGE ( 'NONE', *, *, #1946, .T. ) ;
#3446 = CIRCLE ( 'NONE', #4368, 0.5999999999999999778 ) ;
#3447 = ADVANCED_FACE ( 'NONE', ( #858 ), #5313, .T. ) ;
#3448 = VECTOR ( 'NONE', #7329, 1000.000000000000000 ) ;
#3449 = ORIENTED_EDGE ( 'NONE', *, *, #6696, .T. ) ;
#3450 = VECTOR ( 'NONE', #6247, 1000.000000000000000 ) ;
#3451 = CARTESIAN_POINT ( 'NONE',  ( 9.000000000000000000, -4.226683572991676741, -2.739434334204038368 ) ) ;
#3452 = FACE_OUTER_BOUND ( 'NONE', #9038, .T. ) ;
#3453 = CARTESIAN_POINT ( 'NONE',  ( 0.000000000000000000, 12.69999999999999929, 11.71421356237310007 ) ) ;
#3454 = LINE ( 'NONE', #2038, #4739 ) ;
#3455 = FILL_AREA_STYLE_COLOUR ( '', #8907 ) ;
#3456 = VECTOR ( 'NONE', #6518, 1000.000000000000000 ) ;
#3457 = ORIENTED_EDGE ( 'NONE', *, *, #1231, .F. ) ;
#3458 = CARTESIAN_POINT ( 'NONE',  ( 9.099999999999999645, 23.30604309612409963, 22.85929092759399950 ) ) ;
#3459 = VECTOR ( 'NONE', #352, 1000.000000000000000 ) ;
#3460 = ORIENTED_EDGE ( 'NONE', *, *, #1344, .T. ) ;
#3461 = ORIENTED_EDGE ( 'NONE', *, *, #3079, .T. ) ;
#3462 = AXIS2_PLACEMENT_3D ( 'NONE', #9538, #6502, #2800 ) ;
#3463 = ORIENTED_EDGE ( 'NONE', *, *, #7384, .F. ) ;
#3464 = CARTESIAN_POINT ( 'NONE',  ( 9.799999999999998934, 3.700000000000000178, 1.500000000000000000 ) ) ;
#3465 = DIRECTION ( 'NONE',  ( -0.2810846377148220609, -0.6785983445458467767, 0.6785983445458467767 ) ) ;
#3466 = DIRECTION ( 'NONE',  ( -1.000000000000000000, 0.000000000000000000, 0.000000000000000000 ) ) ;
#3467 = EDGE_CURVE ( 'NONE', #9270, #6267, #8283, .T. ) ;
#3468 = VERTEX_POINT ( 'NONE', #8107 ) ;
#3469 = CARTESIAN_POINT ( 'NONE',  ( 1.600000000000000089, 18.34999995031740028, 20.04999996570809984 ) ) ;
#3470 = AXIS2_PLACEMENT_3D ( 'NONE', #6892, #2312, #2363 ) ;
#3471 = VECTOR ( 'NONE', #4197, 1000.000000000000000 ) ;
#3472 = VERTEX_POINT ( 'NONE', #5963 ) ;
#3473 = AXIS2_PLACEMENT_3D ( 'NONE', #9443, #3528, #2756 ) ;
#3474 = ORIENTED_EDGE ( 'NONE', *, *, #8687, .T. ) ;
#3475 = CIRCLE ( 'NONE', #7999, 2.999999999999999112 ) ;
#3476 = LINE ( 'NONE', #1379, #371 ) ;
#3477 = VECTOR ( 'NONE', #7950, 1000.000000000000114 ) ;
#3478 = DIRECTION ( 'NONE',  ( 0.000000000000000000, -0.7071067811865474617, 0.7071067811865474617 ) ) ;
#3479 = CIRCLE ( 'NONE', #1467, 1.199999999999999289 ) ;
#3480 = ORIENTED_EDGE ( 'NONE', *, *, #8555, .F. ) ;
#3481 = CARTESIAN_POINT ( 'NONE',  ( 3.399999999999999911, 16.92150495344309746, 31.46707687015239685 ) ) ;
#3482 = EDGE_CURVE ( 'NONE', #2707, #6517, #8851, .T. ) ;
#3483 = ORIENTED_EDGE ( 'NONE', *, *, #4526, .T. ) ;
#3484 = DIRECTION ( 'NONE',  ( -1.000000000000000000, 0.000000000000000000, 0.000000000000000000 ) ) ;
#3485 = ORIENTED_EDGE ( 'NONE', *, *, #8085, .T. ) ;
#3486 = CARTESIAN_POINT ( 'NONE',  ( 0.000000000000000000, 26.70000000000000284, 26.63271332580049844 ) ) ;
#3487 = AXIS2_PLACEMENT_3D ( 'NONE', #5500, #1808, #4619 ) ;
#3488 = DIRECTION ( 'NONE',  ( -1.000000000000000000, 0.000000000000000000, 0.000000000000000000 ) ) ;
#3489 = EDGE_CURVE ( 'NONE', #1282, #8459, #7032, .T. ) ;
#3490 = LINE ( 'NONE', #9302, #8698 ) ;
#3491 = AXIS2_PLACEMENT_3D ( 'NONE', #259, #8534, #4622 ) ;
#3492 = VERTEX_POINT ( 'NONE', #5219 ) ;
#3493 = CARTESIAN_POINT ( 'NONE',  ( 9.199999999999999289, 7.855963737990349749, -2.299999999999999822 ) ) ;
#3494 = DIRECTION ( 'NONE',  ( -1.000000000000000000, -0.000000000000000000, -0.000000000000000000 ) ) ;
#3495 = DIRECTION ( 'NONE',  ( -1.000000000000000000, 0.000000000000000000, 0.000000000000000000 ) ) ;
#3496 = ADVANCED_FACE ( 'NONE', ( #8207 ), #4402, .T. ) ;
#3497 = ORIENTED_EDGE ( 'NONE', *, *, #2491, .F. ) ;
#3498 = CARTESIAN_POINT ( 'NONE',  ( 3.560256635737945263, 18.42582631008793825, 20.89145960882229858 ) ) ;
#3499 = VECTOR ( 'NONE', #3062, 1000.000000000000114 ) ;
#3500 = EDGE_LOOP ( 'NONE', ( #1362, #843, #2766, #1446 ) ) ;
#3501 = DIRECTION ( 'NONE',  ( 0.000000000000000000, 0.9238795325112868495, -0.3826834323650895597 ) ) ;
#3502 = DIRECTION ( 'NONE',  ( -1.000000000000000000, 0.000000000000000000, 0.000000000000000000 ) ) ;
#3503 = DIRECTION ( 'NONE',  ( 0.000000000000000000, 0.9059677699816659491, 0.4233466661666858699 ) ) ;
#3504 = LINE ( 'NONE', #540, #6922 ) ;
#3505 = ADVANCED_FACE ( 'NONE', ( #4000 ), #7029, .T. ) ;
#3506 = CARTESIAN_POINT ( 'NONE',  ( 10.20000000000000107, 20.10000000000000142, 31.09999999999999787 ) ) ;
#3507 = ORIENTED_EDGE ( 'NONE', *, *, #7130, .T. ) ;
#3508 = LINE ( 'NONE', #6477, #8613 ) ;
#3509 = ORIENTED_EDGE ( 'NONE', *, *, #8011, .T. ) ;
#3510 = ORIENTED_EDGE ( 'NONE', *, *, #2817, .T. ) ;
#3511 = VERTEX_POINT ( 'NONE', #3277 ) ;
#3512 = CARTESIAN_POINT ( 'NONE',  ( 0.5000000000000000000, 7.485786437626910761, 8.500000000000000000 ) ) ;
#3513 = DIRECTION ( 'NONE',  ( 1.000000000000000000, 0.000000000000000000, 0.000000000000000000 ) ) ;
#3514 = DIRECTION ( 'NONE',  ( -1.000000000000000000, 0.000000000000000000, 0.000000000000000000 ) ) ;
#3515 = ORIENTED_EDGE ( 'NONE', *, *, #4177, .F. ) ;
#3516 = LINE ( 'NONE', #7230, #37 ) ;
#3517 = ORIENTED_EDGE ( 'NONE', *, *, #722, .F. ) ;
#3518 = VECTOR ( 'NONE', #7157, 1000.000000000000000 ) ;
#3519 = ADVANCED_FACE ( 'NONE', ( #945 ), #1720, .F. ) ;
#3520 = EDGE_LOOP ( 'NONE', ( #6623, #4026, #4034, #5780 ) ) ;
#3521 = CARTESIAN_POINT ( 'NONE',  ( 9.199999999999999289, 0.000000000000000000, 0.000000000000000000 ) ) ;
#3522 = DIRECTION ( 'NONE',  ( -0.7071067811865479058, 0.6406159536904897367, 0.2993512984391809573 ) ) ;
#3523 = ORIENTED_EDGE ( 'NONE', *, *, #1833, .F. ) ;
#3524 = DIRECTION ( 'NONE',  ( 0.000000000000000000, 0.000000000000000000, 1.000000000000000000 ) ) ;
#3525 = ORIENTED_EDGE ( 'NONE', *, *, #9455, .F. ) ;
#3526 = CARTESIAN_POINT ( 'NONE',  ( 9.199999999999999289, 23.30604309612409963, 22.85929092759399950 ) ) ;
#3527 = ORIENTED_EDGE ( 'NONE', *, *, #4859, .F. ) ;
#3528 = DIRECTION ( 'NONE',  ( 0.7071067811865470176, -0.7071067811865480168, -3.140184917367548361E-16 ) ) ;
#3529 = EDGE_CURVE ( 'NONE', #6300, #9564, #225, .T. ) ;
#3530 = CARTESIAN_POINT ( 'NONE',  ( 9.199999999999999289, -44.50000000000001421, -1.500000000000000000 ) ) ;
#3531 = FACE_OUTER_BOUND ( 'NONE', #7264, .T. ) ;
#3532 = ORIENTED_EDGE ( 'NONE', *, *, #8203, .T. ) ;
#3533 = CYLINDRICAL_SURFACE ( 'NONE', #3880, 0.9999999999999998890 ) ;
#3534 = CARTESIAN_POINT ( 'NONE',  ( 9.000000000000000000, 21.70000001490119956, 27.05596372552760087 ) ) ;
#3535 = CARTESIAN_POINT ( 'NONE',  ( 8.800000000000000711, -20.00000000000000000, 2.449293598294706513E-15 ) ) ;
#3536 = VERTEX_POINT ( 'NONE', #8505 ) ;
#3537 = LINE ( 'NONE', #7296, #6085 ) ;
#3538 = CONICAL_SURFACE ( 'NONE', #9471, 1.899999999999999023, 0.7853981633974476129 ) ;
#3539 = ADVANCED_FACE ( 'NONE', ( #6299 ), #1140, .T. ) ;
#3540 = VERTEX_POINT ( 'NONE', #4825 ) ;
#3541 = CARTESIAN_POINT ( 'NONE',  ( 3.600000000000000089, 10.69999999999999929, 11.71421356237310007 ) ) ;
#3542 = FACE_OUTER_BOUND ( 'NONE', #7165, .T. ) ;
#3543 = FACE_OUTER_BOUND ( 'NONE', #6736, .T. ) ;
#3544 = LINE ( 'NONE', #6516, #3347 ) ;
#3545 = ORIENTED_EDGE ( 'NONE', *, *, #242, .F. ) ;
#3546 = DIRECTION ( 'NONE',  ( -1.000000000000000000, 0.000000000000000000, 0.000000000000000000 ) ) ;
#3547 = ORIENTED_EDGE ( 'NONE', *, *, #9204, .F. ) ;
#3548 = CARTESIAN_POINT ( 'NONE',  ( 9.199999999999999289, -22.50000000000000355, -1.100000000000002531 ) ) ;
#3549 = EDGE_CURVE ( 'NONE', #1747, #3609, #5147, .T. ) ;
#3550 = ORIENTED_EDGE ( 'NONE', *, *, #5533, .T. ) ;
#3551 = ADVANCED_FACE ( 'NONE', ( #4637 ), #2455, .T. ) ;
#3552 = ORIENTED_EDGE ( 'NONE', *, *, #4048, .T. ) ;
#3553 = ORIENTED_EDGE ( 'NONE', *, *, #8453, .F. ) ;
#3554 = CARTESIAN_POINT ( 'NONE',  ( 1.399999999999999911, 20.89999999999960067, 21.67184141886290050 ) ) ;
#3555 = CARTESIAN_POINT ( 'NONE',  ( 9.634314575050762386, -44.50000000000001421, 1.100000000000002531 ) ) ;
#3556 = DIRECTION ( 'NONE',  ( -1.000000000000000000, 0.000000000000000000, 0.000000000000000000 ) ) ;
#3557 = ADVANCED_FACE ( 'NONE', ( #5463 ), #1775, .T. ) ;
#3558 = VERTEX_POINT ( 'NONE', #4100 ) ;
#3559 = DIRECTION ( 'NONE',  ( -1.000000000000000000, 0.000000000000000000, 0.000000000000000000 ) ) ;
#3560 = EDGE_CURVE ( 'NONE', #3819, #1170, #4686, .T. ) ;
#3561 = ORIENTED_EDGE ( 'NONE', *, *, #160, .F. ) ;
#3562 = VECTOR ( 'NONE', #4723, 1000.000000000000000 ) ;
#3563 = EDGE_CURVE ( 'NONE', #2651, #4515, #8594, .T. ) ;
#3564 = ORIENTED_EDGE ( 'NONE', *, *, #8668, .T. ) ;
#3565 = LINE ( 'NONE', #4933, #3471 ) ;
#3566 = DIRECTION ( 'NONE',  ( 1.000000000000000000, 0.000000000000000000, 0.000000000000000000 ) ) ;
#3567 = ORIENTED_EDGE ( 'NONE', *, *, #3489, .T. ) ;
#3568 = CARTESIAN_POINT ( 'NONE',  ( 9.799999999999998934, -44.10000000000001563, -1.500000000000000000 ) ) ;
#3569 = VERTEX_POINT ( 'NONE', #7775 ) ;
#3570 = FACE_OUTER_BOUND ( 'NONE', #7656, .T. ) ;
#3571 = ADVANCED_FACE ( 'NONE', ( #1088 ), #6934, .F. ) ;
#3572 = ORIENTED_EDGE ( 'NONE', *, *, #5583, .T. ) ;
#3573 = DIRECTION ( 'NONE',  ( 0.000000000000000000, 0.000000000000000000, -1.000000000000000000 ) ) ;
#3574 = AXIS2_PLACEMENT_3D ( 'NONE', #355, #6928, #1132 ) ;
#3575 = DIRECTION ( 'NONE',  ( 1.000000000000000000, 0.000000000000000000, 0.000000000000000000 ) ) ;
#3576 = DIRECTION ( 'NONE',  ( 0.000000000000000000, 1.000000000000000000, 0.000000000000000000 ) ) ;
#3577 = DIRECTION ( 'NONE',  ( 0.7071067811865480168, 0.000000000000000000, -0.7071067811865470176 ) ) ;
#3578 = ORIENTED_EDGE ( 'NONE', *, *, #253, .T. ) ;
#3579 = DIRECTION ( 'NONE',  ( -1.000000000000000000, 0.000000000000000000, 0.000000000000000000 ) ) ;
#3580 = LINE ( 'NONE', #576, #1409 ) ;
#3581 = SHAPE_DEFINITION_REPRESENTATION ( #2334, #1219 ) ;
#3582 = ORIENTED_EDGE ( 'NONE', *, *, #9218, .F. ) ;
#3583 = DIRECTION ( 'NONE',  ( 0.000000000000000000, -0.9059677699816666152, 0.4233466661666844821 ) ) ;
#3584 = AXIS2_PLACEMENT_3D ( 'NONE', #6463, #7249, #673 ) ;
#3585 = EDGE_CURVE ( 'NONE', #5350, #1489, #9230, .T. ) ;
#3586 = AXIS2_PLACEMENT_3D ( 'NONE', #3688, #6029, #2369 ) ;
#3587 = AXIS2_PLACEMENT_3D ( 'NONE', #1800, #3301, #1693 ) ;
#3588 = DIRECTION ( 'NONE',  ( 0.000000000000000000, -0.3412646552513101117, 0.9399672521296710270 ) ) ;
#3589 = CIRCLE ( 'NONE', #1262, 1.000000000000000000 ) ;
#3590 = CARTESIAN_POINT ( 'NONE',  ( 9.000000000000000000, 3.576170660640390242, -5.899999999999999467 ) ) ;
#3591 = CONICAL_SURFACE ( 'NONE', #487, 0.7999999999999992673, 0.7853981633974476129 ) ;
#3592 = DIRECTION ( 'NONE',  ( 0.000000000000000000, 0.000000000000000000, 1.000000000000000000 ) ) ;
#3593 = LINE ( 'NONE', #1995, #3953 ) ;
#3594 = ORIENTED_EDGE ( 'NONE', *, *, #3625, .T. ) ;
#3595 = DIRECTION ( 'NONE',  ( 1.000000000000000000, 0.000000000000000000, 0.000000000000000000 ) ) ;
#3596 = EDGE_LOOP ( 'NONE', ( #4613, #7487, #3901, #1463 ) ) ;
#3597 = EDGE_CURVE ( 'NONE', #164, #7918, #3135, .T. ) ;
#3598 = CARTESIAN_POINT ( 'NONE',  ( 9.799999999999998934, 17.69999999999999929, 17.14999999999999858 ) ) ;
#3599 = AXIS2_PLACEMENT_3D ( 'NONE', #7444, #725, #5975 ) ;
#3600 = AXIS2_PLACEMENT_3D ( 'NONE', #4113, #425, #2706 ) ;
#3601 = ORIENTED_EDGE ( 'NONE', *, *, #6927, .T. ) ;
#3602 = EDGE_LOOP ( 'NONE', ( #529, #7177, #7983, #7283 ) ) ;
#3603 = FACE_OUTER_BOUND ( 'NONE', #7471, .T. ) ;
#3604 = VECTOR ( 'NONE', #7387, 1000.000000000000114 ) ;
#3605 = CARTESIAN_POINT ( 'NONE',  ( 3.399999999999999911, 18.88518518518520040, 20.87059619069750127 ) ) ;
#3606 = PLANE ( 'NONE',  #687 ) ;
#3607 = CARTESIAN_POINT ( 'NONE',  ( 1.000000000000000000, 17.56306015393419884, 30.70000000000000284 ) ) ;
#3608 = CONICAL_SURFACE ( 'NONE', #5622, 0.9999999999999998890, 0.7853981633974476129 ) ;
#3609 = VERTEX_POINT ( 'NONE', #3232 ) ;
#3610 = ADVANCED_FACE ( 'NONE', ( #5370 ), #2500, .T. ) ;
#3611 = DIRECTION ( 'NONE',  ( 0.000000000000000000, 1.000000000000000000, 0.000000000000000000 ) ) ;
#3612 = EDGE_LOOP ( 'NONE', ( #3381, #1234, #9494, #3485 ) ) ;
#3613 = AXIS2_PLACEMENT_3D ( 'NONE', #5483, #3248, #2614 ) ;
#3614 = VECTOR ( 'NONE', #4528, 1000.000000000000000 ) ;
#3615 = ADVANCED_FACE ( 'NONE', ( #1674 ), #2052, .F. ) ;
#3616 = ORIENTED_EDGE ( 'NONE', *, *, #3429, .F. ) ;
#3617 = LINE ( 'NONE', #2838, #1297 ) ;
#3618 = EDGE_CURVE ( 'NONE', #7614, #6072, #2558, .T. ) ;
#3619 = CYLINDRICAL_SURFACE ( 'NONE', #7059, 0.9999999999999998890 ) ;
#3620 = AXIS2_PLACEMENT_3D ( 'NONE', #2124, #3683, #721 ) ;
#3621 = EDGE_LOOP ( 'NONE', ( #7167, #7311, #8186, #8504 ) ) ;
#3622 = VECTOR ( 'NONE', #3235, 1000.000000000000000 ) ;
#3623 = DIRECTION ( 'NONE',  ( 1.000000000000000000, 0.000000000000000000, 0.000000000000000000 ) ) ;
#3624 = ORIENTED_EDGE ( 'NONE', *, *, #1027, .F. ) ;
#3625 = EDGE_CURVE ( 'NONE', #5023, #2878, #7347, .T. ) ;
#3626 = LINE ( 'NONE', #3428, #7963 ) ;
#3627 = VECTOR ( 'NONE', #2319, 1000.000000000000000 ) ;
#3628 = ORIENTED_EDGE ( 'NONE', *, *, #7204, .F. ) ;
#3629 = CARTESIAN_POINT ( 'NONE',  ( 9.199999999999999289, 24.43503381220869741, 11.23077507772660155 ) ) ;
#3630 = EDGE_CURVE ( 'NONE', #4691, #3291, #602, .T. ) ;
#3631 = VECTOR ( 'NONE', #2061, 1000.000000000000000 ) ;
#3632 = AXIS2_PLACEMENT_3D ( 'NONE', #3078, #5164, #3037 ) ;
#3633 = VECTOR ( 'NONE', #803, 1000.000000000000000 ) ;
#3634 = FACE_OUTER_BOUND ( 'NONE', #3409, .T. ) ;
#3635 = EDGE_CURVE ( 'NONE', #1890, #4379, #2744, .T. ) ;
#3636 = DIRECTION ( 'NONE',  ( -1.000000000000000000, -0.000000000000000000, -0.000000000000000000 ) ) ;
#3637 = DIRECTION ( 'NONE',  ( 0.000000000000000000, 0.000000000000000000, -1.000000000000000000 ) ) ;
#3638 = ORIENTED_EDGE ( 'NONE', *, *, #458, .F. ) ;
#3639 = CARTESIAN_POINT ( 'NONE',  ( 3.799999999999999822, -25.51999999999984681, 26.62999999999991729 ) ) ;
#3640 = DIRECTION ( 'NONE',  ( -0.7071067811865480168, 0.000000000000000000, 0.7071067811865470176 ) ) ;
#3641 = VERTEX_POINT ( 'NONE', #3418 ) ;
#3642 = AXIS2_PLACEMENT_3D ( 'NONE', #4925, #6581, #6487 ) ;
#3643 = CARTESIAN_POINT ( 'NONE',  ( 9.799999999999998934, -3.700000000000000178, -1.500000000000000000 ) ) ;
#3644 = AXIS2_PLACEMENT_3D ( 'NONE', #2689, #1323, #7170 ) ;
#3645 = AXIS2_PLACEMENT_3D ( 'NONE', #6372, #3313, #7715 ) ;
#3646 = VECTOR ( 'NONE', #6145, 1000.000000000000000 ) ;
#3647 = AXIS2_PLACEMENT_3D ( 'NONE', #256, #2484, #5442 ) ;
#3648 = CARTESIAN_POINT ( 'NONE',  ( 9.000000000000000000, 24.10000000000000142, 25.88505464708130077 ) ) ;
#3649 = AXIS2_PLACEMENT_3D ( 'NONE', #8435, #2727, #8826 ) ;
#3650 = DIRECTION ( 'NONE',  ( 0.7071067811865470176, -1.570092458683779851E-16, 0.7071067811865480168 ) ) ;
#3651 = FACE_OUTER_BOUND ( 'NONE', #1025, .T. ) ;
#3652 = CARTESIAN_POINT ( 'NONE',  ( 1.399999999999999911, 19.19999999999999929, 19.19999999999999929 ) ) ;
#3653 = ORIENTED_EDGE ( 'NONE', *, *, #4721, .T. ) ;
#3654 = CARTESIAN_POINT ( 'NONE',  ( 1.399999999999999911, 0.000000000000000000, 0.000000000000000000 ) ) ;
#3655 = VERTEX_POINT ( 'NONE', #8053 ) ;
#3656 = CIRCLE ( 'NONE', #545, 0.9999999999999993339 ) ;
#3657 = ORIENTED_EDGE ( 'NONE', *, *, #5095, .T. ) ;
#3658 = CARTESIAN_POINT ( 'NONE',  ( 0.5000000000000000000, 7.485786437626910761, 8.500000000000000000 ) ) ;
#3659 = EDGE_CURVE ( 'NONE', #9466, #3641, #4689, .T. ) ;
#3660 = AXIS2_PLACEMENT_3D ( 'NONE', #8227, #6035, #4423 ) ;
#3661 = DIRECTION ( 'NONE',  ( -1.000000000000000000, 0.000000000000000000, 0.000000000000000000 ) ) ;
#3662 = DIRECTION ( 'NONE',  ( 1.000000000000000000, 0.000000000000000000, 0.000000000000000000 ) ) ;
#3663 = CARTESIAN_POINT ( 'NONE',  ( 0.000000000000000000, 18.30000000000000071, 6.700000000000000178 ) ) ;
#3664 = DIRECTION ( 'NONE',  ( -0.7071067811865470176, 1.570092458683769990E-16, -0.7071067811865480168 ) ) ;
#3665 = ORIENTED_EDGE ( 'NONE', *, *, #3785, .T. ) ;
#3666 = DIRECTION ( 'NONE',  ( -1.000000000000000000, -0.000000000000000000, -0.000000000000000000 ) ) ;
#3667 = STYLED_ITEM ( 'NONE', ( #6610 ), #1219 ) ;
#3668 = ADVANCED_FACE ( 'NONE', ( #1374 ), #7825, .T. ) ;
#3669 = LINE ( 'NONE', #5252, #8885 ) ;
#3670 = ORIENTED_EDGE ( 'NONE', *, *, #2098, .T. ) ;
#3671 = EDGE_CURVE ( 'NONE', #8383, #574, #1592, .T. ) ;
#3672 = FACE_OUTER_BOUND ( 'NONE', #8921, .T. ) ;
#3673 = DIRECTION ( 'NONE',  ( 0.7071067811865482389, 0.4704562598611161661, 0.5278928940206421005 ) ) ;
#3674 = ORIENTED_EDGE ( 'NONE', *, *, #6188, .T. ) ;
#3675 = CARTESIAN_POINT ( 'NONE',  ( 9.799999999999998934, 12.50000000000000000, -0.9000000238503169658 ) ) ;
#3676 = ORIENTED_EDGE ( 'NONE', *, *, #5160, .F. ) ;
#3677 = DIRECTION ( 'NONE',  ( 4.440892098500630106E-16, 0.000000000000000000, 1.000000000000000000 ) ) ;
#3678 = ORIENTED_EDGE ( 'NONE', *, *, #8914, .T. ) ;
#3679 = DIRECTION ( 'NONE',  ( -1.000000000000000000, -0.000000000000000000, -0.000000000000000000 ) ) ;
#3680 = ADVANCED_FACE ( 'NONE', ( #1918 ), #3608, .T. ) ;
#3681 = LINE ( 'NONE', #2361, #678 ) ;
#3682 = LINE ( 'NONE', #9591, #2306 ) ;
#3683 = DIRECTION ( 'NONE',  ( 0.000000000000000000, 0.000000000000000000, -1.000000000000000000 ) ) ;
#3684 = ORIENTED_EDGE ( 'NONE', *, *, #6155, .T. ) ;
#3685 = DIRECTION ( 'NONE',  ( 1.000000000000000000, 0.000000000000000000, 0.000000000000000000 ) ) ;
#3686 = CARTESIAN_POINT ( 'NONE',  ( 9.199999999999999289, 20.10000000000000142, 22.30000000000000071 ) ) ;
#3687 = ORIENTED_EDGE ( 'NONE', *, *, #1377, .F. ) ;
#3688 = CARTESIAN_POINT ( 'NONE',  ( 8.800000000000002487, -47.45966712883356564, 1.500000000000000000 ) ) ;
#3689 = EDGE_CURVE ( 'NONE', #5920, #164, #1742, .T. ) ;
#3690 = AXIS2_PLACEMENT_3D ( 'NONE', #5587, #5640, #5055 ) ;
#3691 = ADVANCED_FACE ( 'NONE', ( #8741 ), #3374, .T. ) ;
#3692 = DIRECTION ( 'NONE',  ( -0.000000000000000000, -1.000000000000000000, -0.000000000000000000 ) ) ;
#3693 = VECTOR ( 'NONE', #3105, 1000.000000000000000 ) ;
#3694 = CARTESIAN_POINT ( 'NONE',  ( 9.199999999999999289, 21.52829950936447290, 14.49630681729194315 ) ) ;
#3695 = CARTESIAN_POINT ( 'NONE',  ( 0.000000000000000000, 25.69999999999999929, 23.15000000000000213 ) ) ;
#3696 = DIRECTION ( 'NONE',  ( 0.7071067811865504593, 8.659560562354898346E-17, 0.7071067811865445751 ) ) ;
#3697 = ORIENTED_EDGE ( 'NONE', *, *, #8823, .F. ) ;
#3698 = CARTESIAN_POINT ( 'NONE',  ( 3.799999999999998046, -1.276320263643419661, 1.500000000000000000 ) ) ;
#3699 = ORIENTED_EDGE ( 'NONE', *, *, #6243, .F. ) ;
#3700 = EDGE_LOOP ( 'NONE', ( #1411, #2344, #3545, #5527 ) ) ;
#3701 = PLANE ( 'NONE',  #3200 ) ;
#3702 = LINE ( 'NONE', #1414, #1162 ) ;
#3703 = CARTESIAN_POINT ( 'NONE',  ( 9.099999999999999645, 22.70000001490119956, 27.05596372552760087 ) ) ;
#3704 = DIRECTION ( 'NONE',  ( -0.6785983445458468877, -0.6785983445458468877, -0.2810846377148205621 ) ) ;
#3705 = DIRECTION ( 'NONE',  ( -1.000000000000000000, -0.000000000000000000, -0.000000000000000000 ) ) ;
#3706 = ORIENTED_EDGE ( 'NONE', *, *, #3250, .T. ) ;
#3707 = DIRECTION ( 'NONE',  ( 0.000000000000000000, 0.000000000000000000, 1.000000000000000000 ) ) ;
#3708 = ADVANCED_FACE ( 'NONE', ( #1233 ), #2694, .T. ) ;
#3709 = FACE_OUTER_BOUND ( 'NONE', #8291, .T. ) ;
#3710 = ORIENTED_EDGE ( 'NONE', *, *, #6399, .T. ) ;
#3711 = DIRECTION ( 'NONE',  ( 0.000000000000000000, 0.9238795325112870716, -0.3826834323650888381 ) ) ;
#3712 = CARTESIAN_POINT ( 'NONE',  ( 9.199999999999999289, 21.79321940329010232, 23.74116171199930037 ) ) ;
#3713 = VERTEX_POINT ( 'NONE', #6345 ) ;
#3714 = DIRECTION ( 'NONE',  ( -1.000000000000000000, 0.000000000000000000, 0.000000000000000000 ) ) ;
#3715 = CIRCLE ( 'NONE', #5574, 0.9999999999999998890 ) ;
#3716 = ORIENTED_EDGE ( 'NONE', *, *, #2782, .F. ) ;
#3717 = CARTESIAN_POINT ( 'NONE',  ( 4.799999999999999822, 6.672677007756140810, -6.473511679214229986 ) ) ;
#3718 = EDGE_LOOP ( 'NONE', ( #7871, #102, #310 ) ) ;
#3719 = CARTESIAN_POINT ( 'NONE',  ( 8.800000000000002487, -25.51999999999984681, 4.529999999999937188 ) ) ;
#3720 = EDGE_CURVE ( 'NONE', #2995, #924, #6490, .T. ) ;
#3721 = VECTOR ( 'NONE', #9457, 1000.000000000000000 ) ;
#3722 = VERTEX_POINT ( 'NONE', #556 ) ;
#3723 = DIRECTION ( 'NONE',  ( 1.000000000000000000, 0.000000000000000000, 0.000000000000000000 ) ) ;
#3724 = CARTESIAN_POINT ( 'NONE',  ( 4.799999999999999822, 25.10000000000000142, 25.88505464708130077 ) ) ;
#3725 = ORIENTED_EDGE ( 'NONE', *, *, #8864, .T. ) ;
#3726 = DIRECTION ( 'NONE',  ( 1.000000000000000000, 0.000000000000000000, 0.000000000000000000 ) ) ;
#3727 = FACE_OUTER_BOUND ( 'NONE', #5620, .T. ) ;
#3728 = ORIENTED_EDGE ( 'NONE', *, *, #543, .T. ) ;
#3729 = DIRECTION ( 'NONE',  ( 0.000000000000000000, -0.9764170757445558291, -0.2158927840258914044 ) ) ;
#3730 = EDGE_CURVE ( 'NONE', #7156, #9281, #8442, .T. ) ;
#3731 = CIRCLE ( 'NONE', #8089, 1.199999999999999734 ) ;
#3732 = EDGE_CURVE ( 'NONE', #6870, #1730, #3516, .T. ) ;
#3733 = LINE ( 'NONE', #4652, #5624 ) ;
#3734 = DIRECTION ( 'NONE',  ( -1.000000000000000000, 0.000000000000000000, 0.000000000000000000 ) ) ;
#3735 = CARTESIAN_POINT ( 'NONE',  ( 10.20000000000000107, 20.29999999999999716, 31.09999999181640362 ) ) ;
#3736 = LINE ( 'NONE', #6707, #8797 ) ;
#3737 = DIRECTION ( 'NONE',  ( -1.000000000000000000, 0.000000000000000000, 0.000000000000000000 ) ) ;
#3738 = ORIENTED_EDGE ( 'NONE', *, *, #8811, .F. ) ;
#3739 = DIRECTION ( 'NONE',  ( 0.000000000000000000, 0.3826834323650906700, -0.9238795325112864054 ) ) ;
#3740 = VECTOR ( 'NONE', #4677, 1000.000000000000000 ) ;
#3741 = EDGE_LOOP ( 'NONE', ( #2303, #797, #3515 ) ) ;
#3742 = EDGE_CURVE ( 'NONE', #7688, #9529, #455, .T. ) ;
#3743 = VECTOR ( 'NONE', #7889, 1000.000000000000000 ) ;
#3744 = ORIENTED_EDGE ( 'NONE', *, *, #7850, .T. ) ;
#3745 = CIRCLE ( 'NONE', #8743, 4.500000000000000000 ) ;
#3746 = DIRECTION ( 'NONE',  ( 0.000000000000000000, -0.8356006513277617342, 0.5493373749351307955 ) ) ;
#3747 = CYLINDRICAL_SURFACE ( 'NONE', #4418, 0.5999999999999987566 ) ;
#3748 = DIRECTION ( 'NONE',  ( 1.000000000000000000, 0.000000000000000000, 0.000000000000000000 ) ) ;
#3749 = FACE_OUTER_BOUND ( 'NONE', #4823, .T. ) ;
#3750 = EDGE_CURVE ( 'NONE', #5391, #8208, #7870, .T. ) ;
#3751 = FACE_OUTER_BOUND ( 'NONE', #8060, .T. ) ;
#3752 = AXIS2_PLACEMENT_3D ( 'NONE', #6944, #3199, #5475 ) ;
#3753 = ORIENTED_EDGE ( 'NONE', *, *, #1284, .F. ) ;
#3754 = DIRECTION ( 'NONE',  ( 1.000000000000000000, 0.000000000000000000, 0.000000000000000000 ) ) ;
#3755 = VECTOR ( 'NONE', #325, 1000.000000000000000 ) ;
#3756 = CARTESIAN_POINT ( 'NONE',  ( 0.000000000000000000, 25.69999999999999929, 3.514213562373090127 ) ) ;
#3757 = ORIENTED_EDGE ( 'NONE', *, *, #8747, .T. ) ;
#3758 = AXIS2_PLACEMENT_3D ( 'NONE', #7677, #8403, #7823 ) ;
#3759 = DIRECTION ( 'NONE',  ( -1.000000000000000000, 0.000000000000000000, 0.000000000000000000 ) ) ;
#3760 = DIRECTION ( 'NONE',  ( 0.000000000000000000, 0.000000000000000000, -1.000000000000000000 ) ) ;
#3761 = VERTEX_POINT ( 'NONE', #4193 ) ;
#3762 = ORIENTED_EDGE ( 'NONE', *, *, #4491, .T. ) ;
#3763 = DIRECTION ( 'NONE',  ( 0.000000000000000000, 0.000000000000000000, -1.000000000000000000 ) ) ;
#3764 = AXIS2_PLACEMENT_3D ( 'NONE', #5233, #6077, #2375 ) ;
#3765 = EDGE_LOOP ( 'NONE', ( #7386, #6855, #3014, #5409 ) ) ;
#3766 = LINE ( 'NONE', #860, #3633 ) ;
#3767 = AXIS2_PLACEMENT_3D ( 'NONE', #8986, #3666, #2293 ) ;
#3768 = ORIENTED_EDGE ( 'NONE', *, *, #685, .T. ) ;
#3769 = DIRECTION ( 'NONE',  ( 0.000000000000000000, -0.7071067811865475727, -0.7071067811865475727 ) ) ;
#3770 = AXIS2_PLACEMENT_3D ( 'NONE', #428, #9258, #2572 ) ;
#3771 = CARTESIAN_POINT ( 'NONE',  ( 1.400000000000000133, -17.52815858113834935, -1.699999999999999734 ) ) ;
#3772 = ADVANCED_FACE ( 'NONE', ( #9518 ), #4881, .T. ) ;
#3773 = LINE ( 'NONE', #6067, #9248 ) ;
#3774 = CIRCLE ( 'NONE', #7680, 0.9999999999999964473 ) ;
#3775 = ORIENTED_EDGE ( 'NONE', *, *, #3899, .F. ) ;
#3776 = CARTESIAN_POINT ( 'NONE',  ( 3.600000000000000089, 7.485786437626910761, 8.500000000000000000 ) ) ;
#3777 = CARTESIAN_POINT ( 'NONE',  ( 9.199999999999999289, -2.860900179755330175, -3.210179147878809758 ) ) ;
#3778 = SURFACE_SIDE_STYLE ('',( #9596 ) ) ;
#3779 = ORIENTED_EDGE ( 'NONE', *, *, #3979, .T. ) ;
#3780 = FACE_OUTER_BOUND ( 'NONE', #4269, .T. ) ;
#3781 = DIRECTION ( 'NONE',  ( 1.000000000000000000, 0.000000000000000000, 0.000000000000000000 ) ) ;
#3782 = EDGE_CURVE ( 'NONE', #601, #1428, #503, .T. ) ;
#3783 = CARTESIAN_POINT ( 'NONE',  ( 0.000000000000000000, 11.90000000000000036, 1.500000000000000000 ) ) ;
#3784 = LINE ( 'NONE', #680, #6030 ) ;
#3785 = EDGE_CURVE ( 'NONE', #3976, #2014, #5108, .T. ) ;
#3786 = AXIS2_PLACEMENT_3D ( 'NONE', #1571, #7428, #3760 ) ;
#3787 = CARTESIAN_POINT ( 'NONE',  ( 4.799999999999999822, 4.962764524705690405, -2.500000000000000000 ) ) ;
#3788 = LINE ( 'NONE', #1502, #5508 ) ;
#3789 = DIRECTION ( 'NONE',  ( -1.000000000000000000, 0.000000000000000000, 0.000000000000000000 ) ) ;
#3790 = ORIENTED_EDGE ( 'NONE', *, *, #4754, .F. ) ;
#3791 = CARTESIAN_POINT ( 'NONE',  ( 9.199999999999999289, 21.29999999999999716, 19.19999999999999929 ) ) ;
#3792 = ORIENTED_EDGE ( 'NONE', *, *, #7448, .F. ) ;
#3793 = VECTOR ( 'NONE', #8650, 1000.000000000000000 ) ;
#3794 = ORIENTED_EDGE ( 'NONE', *, *, #8370, .T. ) ;
#3795 = DIRECTION ( 'NONE',  ( 0.000000000000000000, 0.000000000000000000, -1.000000000000000000 ) ) ;
#3796 = EDGE_CURVE ( 'NONE', #601, #6826, #3368, .T. ) ;
#3797 = CARTESIAN_POINT ( 'NONE',  ( 9.199999999999999289, 22.70000001490119956, 27.05596372552760087 ) ) ;
#3798 = DIRECTION ( 'NONE',  ( 0.000000000000000000, 0.5493373725205369373, 0.8356006529151547291 ) ) ;
#3799 = DIRECTION ( 'NONE',  ( 1.000000000000000000, 0.000000000000000000, 0.000000000000000000 ) ) ;
#3800 = DIRECTION ( 'NONE',  ( -1.000000000000000000, 0.000000000000000000, 0.000000000000000000 ) ) ;
#3801 = AXIS2_PLACEMENT_3D ( 'NONE', #2929, #2337, #8881 ) ;
#3802 = ORIENTED_EDGE ( 'NONE', *, *, #6588, .T. ) ;
#3803 = EDGE_CURVE ( 'NONE', #168, #4757, #3298, .T. ) ;
#3804 = DIRECTION ( 'NONE',  ( 1.000000000000000000, 0.000000000000000000, 0.000000000000000000 ) ) ;
#3805 = VECTOR ( 'NONE', #9649, 1000.000000000000114 ) ;
#3806 = LINE ( 'NONE', #67, #4819 ) ;
#3807 = ORIENTED_EDGE ( 'NONE', *, *, #1106, .T. ) ;
#3808 = ADVANCED_FACE ( 'NONE', ( #1421 ), #9573, .T. ) ;
#3809 = CARTESIAN_POINT ( 'NONE',  ( 9.195238911236895518, 2.561421567054069648, 1.097741361512121427 ) ) ;
#3810 = FACE_OUTER_BOUND ( 'NONE', #9431, .T. ) ;
#3811 = VERTEX_POINT ( 'NONE', #1475 ) ;
#3812 = DIRECTION ( 'NONE',  ( -1.000000000000000000, 0.000000000000000000, 0.000000000000000000 ) ) ;
#3813 = ORIENTED_EDGE ( 'NONE', *, *, #8301, .F. ) ;
#3814 = CONICAL_SURFACE ( 'NONE', #5200, 1.700000000000000622, 0.7853981633974375098 ) ;
#3815 = DIRECTION ( 'NONE',  ( 0.4999999999999991118, 0.7071067811865483499, -0.4999999999999998335 ) ) ;
#3816 = EDGE_LOOP ( 'NONE', ( #6234, #4459, #3716, #8093, #3098 ) ) ;
#3817 = CARTESIAN_POINT ( 'NONE',  ( 0.000000000000000000, -3.100000000000000089, -0.9000000000000000222 ) ) ;
#3818 = EDGE_CURVE ( 'NONE', #2292, #2086, #2979, .T. ) ;
#3819 = VERTEX_POINT ( 'NONE', #8292 ) ;
#3820 = LINE ( 'NONE', #8360, #4234 ) ;
#3821 = DIRECTION ( 'NONE',  ( -5.167985811805333971E-15, 0.6054420019914539264, 0.7958894283910171730 ) ) ;
#3822 = CARTESIAN_POINT ( 'NONE',  ( 0.000000000000000000, 16.92150495344309746, 31.46707687015239685 ) ) ;
#3823 = ORIENTED_EDGE ( 'NONE', *, *, #5553, .T. ) ;
#3824 = FACE_OUTER_BOUND ( 'NONE', #689, .T. ) ;
#3825 = DIRECTION ( 'NONE',  ( 1.000000000000000000, 0.000000000000000000, 0.000000000000000000 ) ) ;
#3826 = ORIENTED_EDGE ( 'NONE', *, *, #6470, .T. ) ;
#3827 = DIRECTION ( 'NONE',  ( 0.000000000000000000, 1.680911693340269858E-13, -1.000000000000000000 ) ) ;
#3828 = DIRECTION ( 'NONE',  ( -0.7071067811865480168, 0.000000000000000000, -0.7071067811865470176 ) ) ;
#3829 = EDGE_CURVE ( 'NONE', #8263, #2001, #5901, .T. ) ;
#3830 = CARTESIAN_POINT ( 'NONE',  ( 1.199999999999999956, 19.19999999999999929, 19.19999999999999929 ) ) ;
#3831 = CARTESIAN_POINT ( 'NONE',  ( 1.600000000000000089, 20.89999999999999858, 19.19999999999999929 ) ) ;
#3832 = CARTESIAN_POINT ( 'NONE',  ( 9.199999999999999289, -3.100000000000000089, -1.949999999999999956 ) ) ;
#3833 = CARTESIAN_POINT ( 'NONE',  ( 9.199999999999999289, 3.659290943147929909, -4.106043082262480048 ) ) ;
#3834 = CARTESIAN_POINT ( 'NONE',  ( 4.799999999999999822, 3.109953568212799446, -3.270442430934718203 ) ) ;
#3835 = ORIENTED_EDGE ( 'NONE', *, *, #1258, .T. ) ;
#3836 = CARTESIAN_POINT ( 'NONE',  ( 0.000000000000000000, -25.51999999999984681, 4.529999999999937188 ) ) ;
#3837 = EDGE_CURVE ( 'NONE', #8081, #8052, #5318, .T. ) ;
#3838 = ORIENTED_EDGE ( 'NONE', *, *, #3967, .F. ) ;
#3839 = CARTESIAN_POINT ( 'NONE',  ( 9.199999999999999289, 23.30604308226249799, 15.54070905685210136 ) ) ;
#3840 = CARTESIAN_POINT ( 'NONE',  ( 9.199999999999999289, 18.70000000000000284, 21.85329983228429995 ) ) ;
#3841 = FACE_OUTER_BOUND ( 'NONE', #5065, .T. ) ;
#3842 = DIRECTION ( 'NONE',  ( 0.000000000000000000, -0.7071067811865474617, -0.7071067811865474617 ) ) ;
#3843 = CARTESIAN_POINT ( 'NONE',  ( 1.000000000000000000, 26.70000000000000284, 26.63271332580049844 ) ) ;
#3844 = EDGE_CURVE ( 'NONE', #6150, #7217, #7319, .T. ) ;
#3845 = ORIENTED_EDGE ( 'NONE', *, *, #2957, .F. ) ;
#3846 = DIRECTION ( 'NONE',  ( 0.000000000000000000, 0.9059677699816659491, 0.4233466661666858699 ) ) ;
#3847 = EDGE_CURVE ( 'NONE', #7119, #2611, #7420, .T. ) ;
#3848 = DIRECTION ( 'NONE',  ( -1.000000000000000000, 0.000000000000000000, 0.000000000000000000 ) ) ;
#3849 = EDGE_LOOP ( 'NONE', ( #1662, #8482, #3616, #3385 ) ) ;
#3850 = CARTESIAN_POINT ( 'NONE',  ( 9.000000000000000000, 18.70000000000000284, 16.54670016771569863 ) ) ;
#3851 = EDGE_CURVE ( 'NONE', #5854, #745, #5853, .T. ) ;
#3852 = LINE ( 'NONE', #3712, #8477 ) ;
#3853 = ORIENTED_EDGE ( 'NONE', *, *, #6167, .T. ) ;
#3854 = CARTESIAN_POINT ( 'NONE',  ( 1.000000000000000000, 20.83693984606579974, 30.70000000000000284 ) ) ;
#3855 = ADVANCED_FACE ( 'NONE', ( #8196 ), #5794, .F. ) ;
#3856 = ORIENTED_EDGE ( 'NONE', *, *, #1474, .F. ) ;
#3857 = DIRECTION ( 'NONE',  ( 0.000000000000000000, 0.000000000000000000, 1.000000000000000000 ) ) ;
#3858 = EDGE_LOOP ( 'NONE', ( #4714, #2892, #5597, #752 ) ) ;
#3859 = VECTOR ( 'NONE', #2123, 1000.000000000000000 ) ;
#3860 = EDGE_CURVE ( 'NONE', #2918, #2660, #39, .T. ) ;
#3861 = ORIENTED_EDGE ( 'NONE', *, *, #9184, .F. ) ;
#3862 = CARTESIAN_POINT ( 'NONE',  ( 9.000000000000000000, 13.05857864376270072, -10.25857864376270001 ) ) ;
#3863 = CARTESIAN_POINT ( 'NONE',  ( 0.000000000000000000, -25.51999999999984681, 4.529999999999937188 ) ) ;
#3864 = AXIS2_PLACEMENT_3D ( 'NONE', #5323, #5419, #3415 ) ;
#3865 = CARTESIAN_POINT ( 'NONE',  ( 0.000000000000000000, 17.69999999999999929, 21.85329983228429995 ) ) ;
#3866 = ORIENTED_EDGE ( 'NONE', *, *, #7813, .F. ) ;
#3867 = LINE ( 'NONE', #8412, #9033 ) ;
#3868 = DIRECTION ( 'NONE',  ( -1.000000000000000000, 0.000000000000000000, 0.000000000000000000 ) ) ;
#3869 = ORIENTED_EDGE ( 'NONE', *, *, #1874, .T. ) ;
#3870 = CARTESIAN_POINT ( 'NONE',  ( 9.199999999999999289, -22.50000000000000355, -1.500000000000000000 ) ) ;
#3871 = DIRECTION ( 'NONE',  ( -0.000000000000000000, 0.000000000000000000, 1.000000000000000000 ) ) ;
#3872 = DIRECTION ( 'NONE',  ( 1.000000000000000000, 0.000000000000000000, 0.000000000000000000 ) ) ;
#3873 = DIRECTION ( 'NONE',  ( 1.000000000000000000, -0.000000000000000000, -0.000000000000000000 ) ) ;
#3874 = DIRECTION ( 'NONE',  ( -1.000000000000000000, 0.000000000000000000, 0.000000000000000000 ) ) ;
#3875 = CARTESIAN_POINT ( 'NONE',  ( 1.600000000000000755, -17.52815858113834935, 1.700000000000004619 ) ) ;
#3876 = DIRECTION ( 'NONE',  ( 0.000000000000000000, 1.000000000000000000, 0.000000000000000000 ) ) ;
#3877 = EDGE_CURVE ( 'NONE', #6595, #1814, #5951, .T. ) ;
#3878 = ORIENTED_EDGE ( 'NONE', *, *, #3388, .T. ) ;
#3879 = CARTESIAN_POINT ( 'NONE',  ( 1.000000000000000000, 17.22179549868289072, 31.63996725212966865 ) ) ;
#3880 = AXIS2_PLACEMENT_3D ( 'NONE', #3441, #3579, #4270 ) ;
#3881 = EDGE_LOOP ( 'NONE', ( #8512, #7693, #7675, #7616 ) ) ;
#3882 = DIRECTION ( 'NONE',  ( 0.000000000000000000, -0.6382847385042265120, 0.7698003589195000496 ) ) ;
#3883 = CIRCLE ( 'NONE', #9354, 0.5999999999999998668 ) ;
#3884 = LINE ( 'NONE', #2586, #8321 ) ;
#3885 = DIRECTION ( 'NONE',  ( 0.000000000000000000, 0.000000000000000000, -1.000000000000000000 ) ) ;
#3886 = DIRECTION ( 'NONE',  ( 0.000000000000000000, 0.000000000000000000, 1.000000000000000000 ) ) ;
#3887 = CARTESIAN_POINT ( 'NONE',  ( 9.199999999999999289, 26.08493312029469990, 27.09295944789190003 ) ) ;
#3888 = EDGE_CURVE ( 'NONE', #9017, #7058, #8938, .T. ) ;
#3889 = VERTEX_POINT ( 'NONE', #115 ) ;
#3890 = CARTESIAN_POINT ( 'NONE',  ( 1.000000000000000000, 25.69999999999999929, 3.514213562373090127 ) ) ;
#3891 = VERTEX_POINT ( 'NONE', #700 ) ;
#3892 = AXIS2_PLACEMENT_3D ( 'NONE', #6764, #4659, #3739 ) ;
#3893 = VECTOR ( 'NONE', #6760, 1000.000000000000000 ) ;
#3894 = DIRECTION ( 'NONE',  ( 0.000000000000000000, 0.000000000000000000, -1.000000000000000000 ) ) ;
#3895 = ORIENTED_EDGE ( 'NONE', *, *, #3152, .F. ) ;
#3896 = CARTESIAN_POINT ( 'NONE',  ( 9.099999999999999645, 3.055019830719285956, -3.186882365801941841 ) ) ;
#3897 = AXIS2_PLACEMENT_3D ( 'NONE', #8859, #2171, #5128 ) ;
#3898 = CARTESIAN_POINT ( 'NONE',  ( 0.000000000000000000, 18.88518518518520040, 17.52940380930249731 ) ) ;
#3899 = EDGE_CURVE ( 'NONE', #1673, #8962, #2250, .T. ) ;
#3900 = VECTOR ( 'NONE', #8320, 1000.000000000000000 ) ;
#3901 = ORIENTED_EDGE ( 'NONE', *, *, #1597, .T. ) ;
#3902 = DIRECTION ( 'NONE',  ( 0.000000000000000000, -0.9059677699816670593, 0.4233466661666835940 ) ) ;
#3903 = EDGE_LOOP ( 'NONE', ( #832, #6205, #1366, #4448, #6777, #4278 ) ) ;
#3904 = DIRECTION ( 'NONE',  ( 1.000000000000000000, 0.000000000000000000, 0.000000000000000000 ) ) ;
#3905 = VERTEX_POINT ( 'NONE', #7519 ) ;
#3906 = EDGE_CURVE ( 'NONE', #3041, #611, #9081, .T. ) ;
#3907 = CIRCLE ( 'NONE', #7031, 0.5999999999999998668 ) ;
#3908 = ORIENTED_EDGE ( 'NONE', *, *, #8183, .T. ) ;
#3909 = CARTESIAN_POINT ( 'NONE',  ( 1.000000000000000000, 17.56306015393419884, 31.69999999999999929 ) ) ;
#3910 = CARTESIAN_POINT ( 'NONE',  ( 9.000000000000000000, 22.39926247149089988, 15.96231186036350280 ) ) ;
#3911 = DIRECTION ( 'NONE',  ( -1.000000000000000000, 0.000000000000000000, 0.000000000000000000 ) ) ;
#3912 = ADVANCED_FACE ( 'NONE', ( #6631 ), #3919, .T. ) ;
#3913 = ORIENTED_EDGE ( 'NONE', *, *, #8901, .T. ) ;
#3914 = CARTESIAN_POINT ( 'NONE',  ( 0.000000000000000000, 19.19999999999999929, 19.19999999999999929 ) ) ;
#3915 = VECTOR ( 'NONE', #5337, 1000.000000000000000 ) ;
#3916 = FACE_OUTER_BOUND ( 'NONE', #7388, .T. ) ;
#3917 = ORIENTED_EDGE ( 'NONE', *, *, #6478, .T. ) ;
#3918 = CARTESIAN_POINT ( 'NONE',  ( 9.000000000000000000, 8.623040608142760632, -4.141555200491109368 ) ) ;
#3919 = CONICAL_SURFACE ( 'NONE', #976, 0.7999999999999992673, 0.7853981633974476129 ) ;
#3920 = CARTESIAN_POINT ( 'NONE',  ( 9.199999999999999289, 22.19198401550117694, 28.14312504950559912 ) ) ;
#3921 = CONICAL_SURFACE ( 'NONE', #9389, 1.200000000000000622, 0.7853981633974476129 ) ;
#3922 = AXIS2_PLACEMENT_3D ( 'NONE', #4116, #1878, #8416 ) ;
#3923 = CARTESIAN_POINT ( 'NONE',  ( 1.600000000000000089, 19.19999999999999929, 19.19999999999999929 ) ) ;
#3924 = DIRECTION ( 'NONE',  ( 0.7071067811865489050, 0.000000000000000000, -0.7071067811865460184 ) ) ;
#3925 = VERTEX_POINT ( 'NONE', #5300 ) ;
#3926 = DIRECTION ( 'NONE',  ( 1.000000000000000000, 0.000000000000000000, 0.000000000000000000 ) ) ;
#3927 = CARTESIAN_POINT ( 'NONE',  ( 0.5000000000000000000, 10.69999999999999929, 11.71421356237310007 ) ) ;
#3928 = FACE_OUTER_BOUND ( 'NONE', #4639, .T. ) ;
#3929 = ORIENTED_EDGE ( 'NONE', *, *, #1824, .T. ) ;
#3930 = DIRECTION ( 'NONE',  ( 1.000000000000000000, -0.000000000000000000, -0.000000000000000000 ) ) ;
#3931 = AXIS2_PLACEMENT_3D ( 'NONE', #5966, #1487, #6019 ) ;
#3932 = ORIENTED_EDGE ( 'NONE', *, *, #6404, .T. ) ;
#3933 = AXIS2_PLACEMENT_3D ( 'NONE', #7089, #9335, #7685 ) ;
#3934 = DIRECTION ( 'NONE',  ( -0.7071067811865470176, 0.7071067811865480168, 3.140184917367550826E-16 ) ) ;
#3935 = CARTESIAN_POINT ( 'NONE',  ( 9.199999999999999289, 8.943125061968348888, -2.991984000599979598 ) ) ;
#3936 = DIRECTION ( 'NONE',  ( 0.000000000000000000, 7.732376830330499795E-15, -1.000000000000000000 ) ) ;
#3937 = DIRECTION ( 'NONE',  ( 0.7071067811865475727, 0.000000000000000000, -0.7071067811865475727 ) ) ;
#3938 = DIRECTION ( 'NONE',  ( -1.000000000000000000, 0.000000000000000000, 0.000000000000000000 ) ) ;
#3939 = ORIENTED_EDGE ( 'NONE', *, *, #2550, .T. ) ;
#3940 = CARTESIAN_POINT ( 'NONE',  ( 9.199999999999999289, -3.700000000000000178, -1.500000000000000000 ) ) ;
#3941 = VECTOR ( 'NONE', #8593, 1000.000000000000114 ) ;
#3942 = VERTEX_POINT ( 'NONE', #3940 ) ;
#3943 = ADVANCED_FACE ( 'NONE', ( #1619 ), #2395, .F. ) ;
#3944 = FACE_OUTER_BOUND ( 'NONE', #2636, .T. ) ;
#3945 = EDGE_LOOP ( 'NONE', ( #4857, #7474, #8844, #6685 ) ) ;
#3946 = VECTOR ( 'NONE', #9080, 1000.000000000000114 ) ;
#3947 = CARTESIAN_POINT ( 'NONE',  ( 8.800000000000000711, 11.90000000000000036, 1.500000000000000000 ) ) ;
#3948 = LINE ( 'NONE', #4777, #7227 ) ;
#3949 = ORIENTED_EDGE ( 'NONE', *, *, #6680, .T. ) ;
#3950 = ORIENTED_EDGE ( 'NONE', *, *, #1697, .T. ) ;
#3951 = DIRECTION ( 'NONE',  ( 0.000000000000000000, 1.000000000000000000, 0.000000000000000000 ) ) ;
#3952 = ORIENTED_EDGE ( 'NONE', *, *, #8520, .T. ) ;
#3953 = VECTOR ( 'NONE', #9502, 1000.000000000000000 ) ;
#3954 = EDGE_CURVE ( 'NONE', #9616, #546, #5359, .T. ) ;
#3955 = VERTEX_POINT ( 'NONE', #7615 ) ;
#3956 = FACE_OUTER_BOUND ( 'NONE', #1036, .T. ) ;
#3957 = CARTESIAN_POINT ( 'NONE',  ( 8.800000000000000711, 15.68578643762690028, -6.500000000000000000 ) ) ;
#3958 = CARTESIAN_POINT ( 'NONE',  ( 3.799999999999999822, 12.09999999999999964, 15.25000000000000000 ) ) ;
#3959 = CIRCLE ( 'NONE', #9589, 0.6000000000000004219 ) ;
#3960 = ORIENTED_EDGE ( 'NONE', *, *, #9035, .F. ) ;
#3961 = DIRECTION ( 'NONE',  ( 1.000000000000000000, 0.000000000000000000, 0.000000000000000000 ) ) ;
#3962 = CARTESIAN_POINT ( 'NONE',  ( 9.799999999999998934, 20.09999994756589814, 31.69999999999999929 ) ) ;
#3963 = EDGE_LOOP ( 'NONE', ( #7708, #9136, #3965, #6598 ) ) ;
#3964 = CARTESIAN_POINT ( 'NONE',  ( 9.199999999999999289, 3.700000000000000178, -1.500000000000000000 ) ) ;
#3965 = ORIENTED_EDGE ( 'NONE', *, *, #7103, .F. ) ;
#3966 = LINE ( 'NONE', #9256, #985 ) ;
#3967 = EDGE_CURVE ( 'NONE', #3536, #3468, #7765, .T. ) ;
#3968 = AXIS2_PLACEMENT_3D ( 'NONE', #8384, #6225, #4078 ) ;
#3969 = DIRECTION ( 'NONE',  ( 0.7071067811865480168, 0.000000000000000000, -0.7071067811865470176 ) ) ;
#3970 = CARTESIAN_POINT ( 'NONE',  ( 9.199999999999999289, 22.70000001490119956, 24.16276451370509903 ) ) ;
#3971 = EDGE_CURVE ( 'NONE', #9296, #1862, #7978, .T. ) ;
#3972 = ORIENTED_EDGE ( 'NONE', *, *, #3671, .T. ) ;
#3973 = PLANE ( 'NONE',  #8561 ) ;
#3974 = LINE ( 'NONE', #5388, #7173 ) ;
#3975 = PLANE ( 'NONE',  #4892 ) ;
#3976 = VERTEX_POINT ( 'NONE', #4035 ) ;
#3977 = CARTESIAN_POINT ( 'NONE',  ( 3.799999999999999822, 17.17812703363949822, 31.16024612209150035 ) ) ;
#3978 = ADVANCED_FACE ( 'NONE', ( #6147 ), #7041, .T. ) ;
#3979 = EDGE_CURVE ( 'NONE', #6589, #5017, #9135, .T. ) ;
#3980 = ORIENTED_EDGE ( 'NONE', *, *, #2967, .F. ) ;
#3981 = CARTESIAN_POINT ( 'NONE',  ( 4.799999999999999822, 21.79321938922839763, 14.65883827880580093 ) ) ;
#3982 = AXIS2_PLACEMENT_3D ( 'NONE', #8272, #824, #5136 ) ;
#3983 = DIRECTION ( 'NONE',  ( 0.000000000000000000, 1.000000000000000000, 4.440892098500630106E-16 ) ) ;
#3984 = DIRECTION ( 'NONE',  ( 0.000000000000000000, 0.000000000000000000, 1.000000000000000000 ) ) ;
#3985 = FACE_OUTER_BOUND ( 'NONE', #8572, .T. ) ;
#3986 = DIRECTION ( 'NONE',  ( 0.000000000000000000, -0.6415552004911058148, -0.7670768701524097732 ) ) ;
#3987 = EDGE_CURVE ( 'NONE', #1734, #1747, #2994, .T. ) ;
#3988 = ORIENTED_EDGE ( 'NONE', *, *, #4907, .F. ) ;
#3989 = CARTESIAN_POINT ( 'NONE',  ( 0.4000000000000253353, -20.00000000000000000, 2.449293598294706513E-15 ) ) ;
#3990 = ORIENTED_EDGE ( 'NONE', *, *, #4559, .F. ) ;
#3991 = PLANE ( 'NONE',  #7168 ) ;
#3992 = ORIENTED_EDGE ( 'NONE', *, *, #1710, .F. ) ;
#3993 = DIRECTION ( 'NONE',  ( -0.7071067811865394681, 0.000000000000000000, -0.7071067811865555663 ) ) ;
#3994 = CONICAL_SURFACE ( 'NONE', #5877, 1.899999999999999023, 0.7853981633974476129 ) ;
#3995 = CARTESIAN_POINT ( 'NONE',  ( 9.199999999999999289, 22.39926248451300239, 22.43768812588820083 ) ) ;
#3996 = ORIENTED_EDGE ( 'NONE', *, *, #9192, .F. ) ;
#3997 = ADVANCED_FACE ( 'NONE', ( #5404 ), #4626, .F. ) ;
#3998 = EDGE_CURVE ( 'NONE', #7039, #3722, #4703, .T. ) ;
#3999 = ORIENTED_EDGE ( 'NONE', *, *, #7044, .F. ) ;
#4000 = FACE_OUTER_BOUND ( 'NONE', #7723, .T. ) ;
#4001 = ORIENTED_EDGE ( 'NONE', *, *, #4855, .F. ) ;
#4002 = B_SPLINE_CURVE_WITH_KNOTS ( 'NONE', 3,
 ( #5267, #5223, #6835, #9632 ),
 .UNSPECIFIED., .F., .F.,
 ( 4, 4 ),
 ( 0.000000000000000000, 0.0006075233360348693138 ),
 .UNSPECIFIED. ) ;
#4003 = VERTEX_POINT ( 'NONE', #2542 ) ;
#4004 = CARTESIAN_POINT ( 'NONE',  ( 4.799999999999999822, 8.761931507972017030, -3.076653333833316406 ) ) ;
#4005 = LINE ( 'NONE', #5565, #5333 ) ;
#4006 = ORIENTED_EDGE ( 'NONE', *, *, #6448, .F. ) ;
#4007 = CARTESIAN_POINT ( 'NONE',  ( 9.199999999999999289, 11.90000000000000036, -0.9000000000000000222 ) ) ;
#4008 = CARTESIAN_POINT ( 'NONE',  ( 0.000000000000000000, 17.69999999999999929, 15.50000000000000000 ) ) ;
#4009 = AXIS2_PLACEMENT_3D ( 'NONE', #720, #7290, #5870 ) ;
#4010 = EDGE_CURVE ( 'NONE', #6546, #2099, #8391, .T. ) ;
#4011 = EDGE_LOOP ( 'NONE', ( #1884, #173, #2111, #6912, #1286, #3461 ) ) ;
#4012 = CARTESIAN_POINT ( 'NONE',  ( 0.000000000000000000, -44.50000000000001421, 1.100000000000002531 ) ) ;
#4013 = ORIENTED_EDGE ( 'NONE', *, *, #2199, .T. ) ;
#4014 = CARTESIAN_POINT ( 'NONE',  ( 4.799999999999998934, -25.51999999999984681, 4.529999999999937188 ) ) ;
#4015 = CARTESIAN_POINT ( 'NONE',  ( 9.199999999999999289, 21.69999999999999929, 14.23723547529430000 ) ) ;
#4016 = CARTESIAN_POINT ( 'NONE',  ( 8.800000000000000711, -18.43555574650093831, 0.6652173913043483156 ) ) ;
#4017 = ORIENTED_EDGE ( 'NONE', *, *, #81, .F. ) ;
#4018 = CARTESIAN_POINT ( 'NONE',  ( 9.799999999999998934, -3.100000000000000089, -0.9000000000000000222 ) ) ;
#4019 = DIRECTION ( 'NONE',  ( 0.000000000000000000, 1.000000000000000000, 0.000000000000000000 ) ) ;
#4020 = FACE_OUTER_BOUND ( 'NONE', #1378, .T. ) ;
#4021 = EDGE_CURVE ( 'NONE', #5633, #4691, #8915, .T. ) ;
#4022 = ORIENTED_EDGE ( 'NONE', *, *, #4247, .F. ) ;
#4023 = DIRECTION ( 'NONE',  ( -0.7071067811865479058, 0.4999999999999998335, -0.4999999999999995559 ) ) ;
#4024 = AXIS2_PLACEMENT_3D ( 'NONE', #2102, #1276, #8836 ) ;
#4025 = EDGE_CURVE ( 'NONE', #9310, #3925, #821, .T. ) ;
#4026 = ORIENTED_EDGE ( 'NONE', *, *, #5994, .T. ) ;
#4027 = EDGE_CURVE ( 'NONE', #1862, #5702, #1914, .T. ) ;
#4028 = CARTESIAN_POINT ( 'NONE',  ( 9.000000000000000000, 23.30604309612409963, 22.85929092759399950 ) ) ;
#4029 = DIRECTION ( 'NONE',  ( 1.000000000000000000, 0.000000000000000000, 0.000000000000000000 ) ) ;
#4030 = DIRECTION ( 'NONE',  ( 1.000000000000000000, 0.000000000000000000, 0.000000000000000000 ) ) ;
#4031 = PLANE ( 'NONE',  #4729 ) ;
#4032 = EDGE_CURVE ( 'NONE', #1695, #2918, #6190, .T. ) ;
#4033 = VECTOR ( 'NONE', #773, 1000.000000000000114 ) ;
#4034 = ORIENTED_EDGE ( 'NONE', *, *, #3482, .T. ) ;
#4035 = CARTESIAN_POINT ( 'NONE',  ( 4.799999999999999822, -5.583473221245204954, -5.899999999999999467 ) ) ;
#4036 = ORIENTED_EDGE ( 'NONE', *, *, #5931, .F. ) ;
#4037 = DIRECTION ( 'NONE',  ( 0.000000000000000000, -1.000000000000000000, -4.440892098500630106E-16 ) ) ;
#4038 = VECTOR ( 'NONE', #7488, 1000.000000000000000 ) ;
#4039 = ORIENTED_EDGE ( 'NONE', *, *, #6714, .T. ) ;
#4040 = FACE_OUTER_BOUND ( 'NONE', #456, .T. ) ;
#4041 = DIRECTION ( 'NONE',  ( -1.000000000000000000, 0.000000000000000000, 0.000000000000000000 ) ) ;
#4042 = ORIENTED_EDGE ( 'NONE', *, *, #8232, .F. ) ;
#4043 = ORIENTED_EDGE ( 'NONE', *, *, #4869, .F. ) ;
#4044 = DIRECTION ( 'NONE',  ( 0.000000000000000000, 0.3826834323650906700, -0.9238795325112864054 ) ) ;
#4045 = VECTOR ( 'NONE', #2933, 1000.000000000000000 ) ;
#4046 = EDGE_LOOP ( 'NONE', ( #4348, #1144, #5039, #4135 ) ) ;
#4047 = AXIS2_PLACEMENT_3D ( 'NONE', #1208, #4170, #5087 ) ;
#4048 = EDGE_CURVE ( 'NONE', #3197, #5274, #7361, .T. ) ;
#4049 = ORIENTED_EDGE ( 'NONE', *, *, #2133, .F. ) ;
#4050 = AXIS2_PLACEMENT_3D ( 'NONE', #623, #5090, #8676 ) ;
#4051 = CARTESIAN_POINT ( 'NONE',  ( 1.000000000000000000, -3.950000000000000178, -7.500000000000000000 ) ) ;
#4052 = CIRCLE ( 'NONE', #192, 0.2000000000000000944 ) ;
#4053 = DIRECTION ( 'NONE',  ( 0.000000000000000000, 1.000000000000000000, 4.386212498149690880E-17 ) ) ;
#4054 = ORIENTED_EDGE ( 'NONE', *, *, #9184, .T. ) ;
#4055 = LINE ( 'NONE', #375, #4525 ) ;
#4056 = ORIENTED_EDGE ( 'NONE', *, *, #7425, .F. ) ;
#4057 = LINE ( 'NONE', #3202, #5782 ) ;
#4058 = CONICAL_SURFACE ( 'NONE', #6241, 1.899999999999999023, 0.7853981633974476129 ) ;
#4059 = ORIENTED_EDGE ( 'NONE', *, *, #5157, .F. ) ;
#4060 = DIRECTION ( 'NONE',  ( 0.000000000000000000, 1.000000000000000000, 4.440892098500630106E-16 ) ) ;
#4061 = AXIS2_PLACEMENT_3D ( 'NONE', #5381, #767, #5275 ) ;
#4062 = ADVANCED_FACE ( 'NONE', ( #891 ), #202, .F. ) ;
#4063 = DIRECTION ( 'NONE',  ( 0.000000000000000000, -2.220446049250309876E-16, 1.000000000000000000 ) ) ;
#4064 = CIRCLE ( 'NONE', #8438, 0.2000000000000022593 ) ;
#4065 = LINE ( 'NONE', #4844, #139 ) ;
#4066 = AXIS2_PLACEMENT_3D ( 'NONE', #7628, #3904, #6881 ) ;
#4067 = ORIENTED_EDGE ( 'NONE', *, *, #5254, .F. ) ;
#4068 = DIRECTION ( 'NONE',  ( 0.000000000000000000, -0.7670768701524097732, 0.6415552004911058148 ) ) ;
#4069 = DIRECTION ( 'NONE',  ( 0.000000000000000000, -1.000000000000000000, 0.000000000000000000 ) ) ;
#4070 = DIRECTION ( 'NONE',  ( 0.000000000000000000, 0.000000000000000000, -1.000000000000000000 ) ) ;
#4071 = ORIENTED_EDGE ( 'NONE', *, *, #7438, .F. ) ;
#4072 = CARTESIAN_POINT ( 'NONE',  ( 0.000000000000000000, 17.56306015393419884, 31.69999999999999929 ) ) ;
#4073 = CIRCLE ( 'NONE', #3613, 1.000000000000000666 ) ;
#4074 = EDGE_CURVE ( 'NONE', #3761, #6977, #6287, .T. ) ;
#4075 = AXIS2_PLACEMENT_3D ( 'NONE', #3408, #8537, #7860 ) ;
#4076 = EDGE_CURVE ( 'NONE', #2776, #164, #6821, .T. ) ;
#4077 = ORIENTED_EDGE ( 'NONE', *, *, #6950, .F. ) ;
#4078 = DIRECTION ( 'NONE',  ( 0.000000000000000000, 0.4233466661666857034, -0.9059677699816658381 ) ) ;
#4079 = CIRCLE ( 'NONE', #7990, 1.000000000000000000 ) ;
#4080 = DIRECTION ( 'NONE',  ( -1.000000000000000000, 0.000000000000000000, 0.000000000000000000 ) ) ;
#4081 = AXIS2_PLACEMENT_3D ( 'NONE', #1635, #906, #179 ) ;
#4082 = DIRECTION ( 'NONE',  ( 0.000000000000000000, 0.000000000000000000, 1.000000000000000000 ) ) ;
#4083 = CARTESIAN_POINT ( 'NONE',  ( 9.199999999999999289, 9.995977684917139783, -2.500000000000000000 ) ) ;
#4084 = PLANE ( 'NONE',  #3028 ) ;
#4085 = AXIS2_PLACEMENT_3D ( 'NONE', #7972, #2798, #4405 ) ;
#4086 = LINE ( 'NONE', #1125, #4377 ) ;
#4087 = VERTEX_POINT ( 'NONE', #6521 ) ;
#4088 = CARTESIAN_POINT ( 'NONE',  ( 9.799999999999998934, 2.050000000000000266, 1.500000000000000000 ) ) ;
#4089 = VERTEX_POINT ( 'NONE', #7164 ) ;
#4090 = VECTOR ( 'NONE', #4860, 1000.000000000000000 ) ;
#4091 = AXIS2_PLACEMENT_3D ( 'NONE', #5670, #2748, #4251 ) ;
#4092 = ADVANCED_FACE ( 'NONE', ( #5699 ), #1285, .T. ) ;
#4093 = LINE ( 'NONE', #6871, #3740 ) ;
#4094 = VECTOR ( 'NONE', #552, 1000.000000000000000 ) ;
#4095 = ORIENTED_EDGE ( 'NONE', *, *, #1697, .F. ) ;
#4096 = CARTESIAN_POINT ( 'NONE',  ( 3.399999999999999911, 18.88518518518520040, 17.52940380930249731 ) ) ;
#4097 = CARTESIAN_POINT ( 'NONE',  ( 9.199999999999999289, 20.10000000000000142, 15.50000000000000000 ) ) ;
#4098 = ORIENTED_EDGE ( 'NONE', *, *, #1665, .T. ) ;
#4099 = VERTEX_POINT ( 'NONE', #589 ) ;
#4100 = CARTESIAN_POINT ( 'NONE',  ( 9.800000000000002487, -22.50000000000000355, 0.9343145750507618752 ) ) ;
#4101 = AXIS2_PLACEMENT_3D ( 'NONE', #4912, #9225, #2628 ) ;
#4102 = ORIENTED_EDGE ( 'NONE', *, *, #3998, .F. ) ;
#4103 = EDGE_CURVE ( 'NONE', #233, #3819, #2821, .T. ) ;
#4104 = VECTOR ( 'NONE', #4877, 1000.000000000000000 ) ;
#4105 = CIRCLE ( 'NONE', #9571, 1.000000000000000222 ) ;
#4106 = ORIENTED_EDGE ( 'NONE', *, *, #8165, .F. ) ;
#4107 = CARTESIAN_POINT ( 'NONE',  ( 0.000000000000000000, -25.51999999999984681, -7.465000000000069136 ) ) ;
#4108 = LINE ( 'NONE', #2461, #63 ) ;
#4109 = ORIENTED_EDGE ( 'NONE', *, *, #664, .T. ) ;
#4110 = CARTESIAN_POINT ( 'NONE',  ( 9.199999999999999289, -17.10000000000000497, -1.500000000000000000 ) ) ;
#4111 = ORIENTED_EDGE ( 'NONE', *, *, #4424, .F. ) ;
#4112 = VECTOR ( 'NONE', #8092, 1000.000000000000000 ) ;
#4113 = CARTESIAN_POINT ( 'NONE',  ( 9.099999999999999645, 24.10000000000000142, 12.51494535291870136 ) ) ;
#4114 = EDGE_CURVE ( 'NONE', #1961, #5913, #9462, .T. ) ;
#4115 = ORIENTED_EDGE ( 'NONE', *, *, #2024, .T. ) ;
#4116 = CARTESIAN_POINT ( 'NONE',  ( 9.199999999999999289, 23.30604308226249799, 15.54070905685210136 ) ) ;
#4117 = VECTOR ( 'NONE', #8078, 1000.000000000000114 ) ;
#4118 = CARTESIAN_POINT ( 'NONE',  ( 0.000000000000000000, -25.51999999999984681, -16.97000000000003794 ) ) ;
#4119 = LINE ( 'NONE', #7099, #8373 ) ;
#4120 = ORIENTED_EDGE ( 'NONE', *, *, #7909, .F. ) ;
#4121 = LINE ( 'NONE', #7101, #4973 ) ;
#4122 = CYLINDRICAL_SURFACE ( 'NONE', #1570, 0.6000000000000000888 ) ;
#4123 = DIRECTION ( 'NONE',  ( -1.000000000000000000, 0.000000000000000000, 0.000000000000000000 ) ) ;
#4124 = EDGE_LOOP ( 'NONE', ( #6393, #5485, #7740, #4334 ) ) ;
#4125 = CARTESIAN_POINT ( 'NONE',  ( 8.800000000000000711, -20.00000000000000000, -1.699999999999998179 ) ) ;
#4126 = ADVANCED_FACE ( 'NONE', ( #492 ), #7997, .T. ) ;
#4127 = VECTOR ( 'NONE', #5049, 1000.000000000000000 ) ;
#4128 = EDGE_LOOP ( 'NONE', ( #8000, #496, #3802 ) ) ;
#4129 = DIRECTION ( 'NONE',  ( -1.000000000000000000, 0.000000000000000000, 0.000000000000000000 ) ) ;
#4130 = FACE_OUTER_BOUND ( 'NONE', #3612, .T. ) ;
#4131 = CARTESIAN_POINT ( 'NONE',  ( 8.951918358845302848, 12.37797531957504660, 1.348081641154696753 ) ) ;
#4132 = CARTESIAN_POINT ( 'NONE',  ( 9.000000000000000000, 23.34155520049110066, 10.57695939185719958 ) ) ;
#4133 = CARTESIAN_POINT ( 'NONE',  ( 10.20000000000000107, 3.500000000000000000, 0.9000000184453630370 ) ) ;
#4134 = DIRECTION ( 'NONE',  ( 1.000000000000000000, 0.000000000000000000, 0.000000000000000000 ) ) ;
#4135 = ORIENTED_EDGE ( 'NONE', *, *, #5533, .F. ) ;
#4136 = EDGE_CURVE ( 'NONE', #7542, #8010, #4917, .T. ) ;
#4137 = FACE_OUTER_BOUND ( 'NONE', #8617, .T. ) ;
#4138 = ORIENTED_EDGE ( 'NONE', *, *, #1491, .F. ) ;
#4139 = ORIENTED_EDGE ( 'NONE', *, *, #8097, .F. ) ;
#4140 = DIRECTION ( 'NONE',  ( 0.000000000000000000, 0.000000000000000000, -1.000000000000000000 ) ) ;
#4141 = CARTESIAN_POINT ( 'NONE',  ( 9.199999999999999289, 7.855963737990349749, -3.500000000000000000 ) ) ;
#4142 = ADVANCED_FACE ( 'NONE', ( #4137 ), #7833, .F. ) ;
#4143 = DIRECTION ( 'NONE',  ( -0.7071067811865470176, 0.7071067811865480168, 3.140184917367550333E-16 ) ) ;
#4144 = EDGE_CURVE ( 'NONE', #4188, #2989, #1440, .T. ) ;
#4145 = CARTESIAN_POINT ( 'NONE',  ( 0.000000000000000000, 11.62387953251128714, 11.33153013000801046 ) ) ;
#4146 = CIRCLE ( 'NONE', #9147, 2.100000000000000977 ) ;
#4147 = ORIENTED_EDGE ( 'NONE', *, *, #2313, .F. ) ;
#4148 = EDGE_CURVE ( 'NONE', #6400, #6555, #2683, .T. ) ;
#4149 = DIRECTION ( 'NONE',  ( 1.000000000000000000, 0.000000000000000000, 0.000000000000000000 ) ) ;
#4150 = ORIENTED_EDGE ( 'NONE', *, *, #1491, .T. ) ;
#4151 = EDGE_CURVE ( 'NONE', #5878, #3413, #7116, .T. ) ;
#4152 = CIRCLE ( 'NONE', #6488, 0.9999999999999998890 ) ;
#4153 = ORIENTED_EDGE ( 'NONE', *, *, #514, .F. ) ;
#4154 = DIRECTION ( 'NONE',  ( -1.000000000000000000, 0.000000000000000000, 0.000000000000000000 ) ) ;
#4155 = EDGE_CURVE ( 'NONE', #6008, #5633, #5018, .T. ) ;
#4156 = FACE_OUTER_BOUND ( 'NONE', #802, .T. ) ;
#4157 = VERTEX_POINT ( 'NONE', #8685 ) ;
#4158 = DIRECTION ( 'NONE',  ( 0.000000000000000000, 0.000000000000000000, 1.000000000000000000 ) ) ;
#4159 = ORIENTED_EDGE ( 'NONE', *, *, #5835, .T. ) ;
#4160 = EDGE_CURVE ( 'NONE', #5602, #622, #8730, .T. ) ;
#4161 = DIRECTION ( 'NONE',  ( -1.000000000000000000, 0.000000000000000000, 0.000000000000000000 ) ) ;
#4162 = ORIENTED_EDGE ( 'NONE', *, *, #270, .T. ) ;
#4163 = CONICAL_SURFACE ( 'NONE', #1212, 15.00499999999999723, 0.7853981633974485010 ) ;
#4164 = DIRECTION ( 'NONE',  ( 1.000000000000000000, 0.000000000000000000, 0.000000000000000000 ) ) ;
#4165 = LINE ( 'NONE', #4842, #1911 ) ;
#4166 = VECTOR ( 'NONE', #2245, 1000.000000000000000 ) ;
#4167 = PLANE ( 'NONE',  #1684 ) ;
#4168 = ORIENTED_EDGE ( 'NONE', *, *, #3529, .T. ) ;
#4169 = LINE ( 'NONE', #8672, #5270 ) ;
#4170 = DIRECTION ( 'NONE',  ( 0.7071067811865470176, 0.000000000000000000, -0.7071067811865480168 ) ) ;
#4171 = DIRECTION ( 'NONE',  ( 0.000000000000000000, -0.6382847385042265120, 0.7698003589195001606 ) ) ;
#4172 = ORIENTED_EDGE ( 'NONE', *, *, #2903, .T. ) ;
#4173 = DIRECTION ( 'NONE',  ( 0.000000000000000000, 0.9238795325112870716, -0.3826834323650888381 ) ) ;
#4174 = ORIENTED_EDGE ( 'NONE', *, *, #3618, .T. ) ;
#4175 = EDGE_CURVE ( 'NONE', #6159, #2763, #1223, .T. ) ;
#4176 = DIRECTION ( 'NONE',  ( -1.000000000000000000, -0.000000000000000000, -0.000000000000000000 ) ) ;
#4177 = EDGE_CURVE ( 'NONE', #7557, #2562, #3774, .T. ) ;
#4178 = CARTESIAN_POINT ( 'NONE',  ( 8.800000000000000711, 11.90000000000000036, 1.500000000000000000 ) ) ;
#4179 = CARTESIAN_POINT ( 'NONE',  ( 0.000000000000000000, 11.90000000000000036, 0.9000000000000000222 ) ) ;
#4180 = VECTOR ( 'NONE', #2414, 1000.000000000000000 ) ;
#4181 = CARTESIAN_POINT ( 'NONE',  ( 9.199999999999999289, 24.10000000000000142, 12.51494535291870136 ) ) ;
#4182 = DIRECTION ( 'NONE',  ( 0.000000000000000000, 0.9059677699816659491, 0.4233466661666858699 ) ) ;
#4183 = ORIENTED_EDGE ( 'NONE', *, *, #1135, .T. ) ;
#4184 = DIRECTION ( 'NONE',  ( -1.000000000000000000, 0.000000000000000000, 0.000000000000000000 ) ) ;
#4185 = EDGE_LOOP ( 'NONE', ( #6880, #6780, #7247, #8708 ) ) ;
#4186 = CONICAL_SURFACE ( 'NONE', #9188, 1.099999999999997868, 0.7853981633974461696 ) ;
#4187 = VERTEX_POINT ( 'NONE', #6334 ) ;
#4188 = VERTEX_POINT ( 'NONE', #9418 ) ;
#4189 = EDGE_CURVE ( 'NONE', #2878, #7458, #1759, .T. ) ;
#4190 = CARTESIAN_POINT ( 'NONE',  ( 1.399999999999999911, 20.89999999999970015, 20.89999999999999858 ) ) ;
#4191 = DIRECTION ( 'NONE',  ( 1.000000000000000000, 0.000000000000000000, 0.000000000000000000 ) ) ;
#4192 = ORIENTED_EDGE ( 'NONE', *, *, #5898, .F. ) ;
#4193 = CARTESIAN_POINT ( 'NONE',  ( 8.800000000000000711, 26.40710678118649568, 2.807106781186550215 ) ) ;
#4194 = VERTEX_POINT ( 'NONE', #8583 ) ;
#4195 = VERTEX_POINT ( 'NONE', #5011 ) ;
#4196 = EDGE_CURVE ( 'NONE', #4411, #8810, #2539, .T. ) ;
#4197 = DIRECTION ( 'NONE',  ( 1.000000000000000000, 0.000000000000000000, 0.000000000000000000 ) ) ;
#4198 = LINE ( 'NONE', #8059, #8147 ) ;
#4199 = ORIENTED_EDGE ( 'NONE', *, *, #228, .T. ) ;
#4200 = DIRECTION ( 'NONE',  ( 0.000000000000000000, -0.9067806116110996850, 0.4216028017058234267 ) ) ;
#4201 = ORIENTED_EDGE ( 'NONE', *, *, #8975, .T. ) ;
#4202 = LINE ( 'NONE', #6454, #9067 ) ;
#4203 = ORIENTED_EDGE ( 'NONE', *, *, #815, .F. ) ;
#4204 = LINE ( 'NONE', #3486, #1766 ) ;
#4205 = VECTOR ( 'NONE', #2664, 1000.000000000000000 ) ;
#4206 = ADVANCED_FACE ( 'NONE', ( #446 ), #8638, .F. ) ;
#4207 = AXIS2_PLACEMENT_3D ( 'NONE', #538, #3502, #8722 ) ;
#4208 = EDGE_CURVE ( 'NONE', #7768, #1921, #3508, .T. ) ;
#4209 = FACE_OUTER_BOUND ( 'NONE', #4970, .T. ) ;
#4210 = DIRECTION ( 'NONE',  ( -1.000000000000000000, 0.000000000000000000, 0.000000000000000000 ) ) ;
#4211 = ORIENTED_EDGE ( 'NONE', *, *, #5994, .F. ) ;
#4212 = DIRECTION ( 'NONE',  ( -0.7071067811865553443, 0.6507230237867660527, -0.2766939578556004142 ) ) ;
#4213 = DIRECTION ( 'NONE',  ( -1.000000000000000000, 0.000000000000000000, 0.000000000000000000 ) ) ;
#4214 = LINE ( 'NONE', #9403, #8177 ) ;
#4215 = ORIENTED_EDGE ( 'NONE', *, *, #562, .T. ) ;
#4216 = EDGE_CURVE ( 'NONE', #4592, #9267, #5636, .T. ) ;
#4217 = PLANE ( 'NONE',  #4050 ) ;
#4218 = AXIS2_PLACEMENT_3D ( 'NONE', #5720, #8707, #1339 ) ;
#4219 = EDGE_CURVE ( 'NONE', #7094, #1531, #9560, .T. ) ;
#4220 = VECTOR ( 'NONE', #5591, 1000.000000000000000 ) ;
#4221 = ORIENTED_EDGE ( 'NONE', *, *, #5754, .T. ) ;
#4222 = AXIS2_PLACEMENT_3D ( 'NONE', #5606, #4928, #9475 ) ;
#4223 = FACE_OUTER_BOUND ( 'NONE', #508, .T. ) ;
#4224 = DIRECTION ( 'NONE',  ( -1.000000000000000000, 0.000000000000000000, 0.000000000000000000 ) ) ;
#4225 = DIRECTION ( 'NONE',  ( 1.000000000000000000, 0.000000000000000000, 0.000000000000000000 ) ) ;
#4226 = DIRECTION ( 'NONE',  ( 0.000000000000000000, -0.000000000000000000, -1.000000000000000000 ) ) ;
#4227 = DIRECTION ( 'NONE',  ( 1.000000000000000000, 0.000000000000000000, 0.000000000000000000 ) ) ;
#4228 = CIRCLE ( 'NONE', #3764, 1.199999999999999289 ) ;
#4229 = ORIENTED_EDGE ( 'NONE', *, *, #9517, .F. ) ;
#4230 = DIRECTION ( 'NONE',  ( 0.000000000000000000, -0.8356006529151547291, -0.5493373725205368263 ) ) ;
#4231 = VECTOR ( 'NONE', #9177, 1000.000000000000000 ) ;
#4232 = ORIENTED_EDGE ( 'NONE', *, *, #4027, .F. ) ;
#4233 = VERTEX_POINT ( 'NONE', #8266 ) ;
#4234 = VECTOR ( 'NONE', #8257, 1000.000000000000000 ) ;
#4235 = EDGE_LOOP ( 'NONE', ( #3674, #1381, #6369, #5691, #7049 ) ) ;
#4236 = AXIS2_PLACEMENT_3D ( 'NONE', #5426, #6211, #1835 ) ;
#4237 = CARTESIAN_POINT ( 'NONE',  ( 4.799999999999999822, 23.30604308226249799, 15.54070905685210136 ) ) ;
#4238 = CARTESIAN_POINT ( 'NONE',  ( 1.000000000000000000, 16.39289321881349792, -7.207106781186549682 ) ) ;
#4239 = CARTESIAN_POINT ( 'NONE',  ( 9.199999999999999289, 2.653299832284320203, 0.5000000000000000000 ) ) ;
#4240 = DIRECTION ( 'NONE',  ( -0.7071067811865469066, 0.2705980500730987837, -0.6532814824381887320 ) ) ;
#4241 = VERTEX_POINT ( 'NONE', #2371 ) ;
#4242 = CARTESIAN_POINT ( 'NONE',  ( 1.600000000000000755, -20.00000000000000000, 2.449293598294706513E-15 ) ) ;
#4243 = VECTOR ( 'NONE', #181, 1000.000000000000000 ) ;
#4244 = AXIS2_PLACEMENT_3D ( 'NONE', #7088, #6982, #318 ) ;
#4245 = EDGE_LOOP ( 'NONE', ( #5288, #7277, #7726, #261 ) ) ;
#4246 = EDGE_CURVE ( 'NONE', #9123, #7614, #4606, .T. ) ;
#4247 = EDGE_CURVE ( 'NONE', #7058, #6595, #8322, .T. ) ;
#4248 = VECTOR ( 'NONE', #8109, 1000.000000000000000 ) ;
#4249 = EDGE_LOOP ( 'NONE', ( #9574, #3072, #6289, #5510, #4376, #1924 ) ) ;
#4250 = VECTOR ( 'NONE', #3478, 1000.000000000000114 ) ;
#4251 = DIRECTION ( 'NONE',  ( 0.000000000000000000, 0.000000000000000000, -1.000000000000000000 ) ) ;
#4252 = AXIS2_PLACEMENT_3D ( 'NONE', #7724, #408, #1042 ) ;
#4253 = CARTESIAN_POINT ( 'NONE',  ( 9.000000000000000000, 26.42477421598533027, 26.97139065873384922 ) ) ;
#4254 = ORIENTED_EDGE ( 'NONE', *, *, #450, .F. ) ;
#4255 = CARTESIAN_POINT ( 'NONE',  ( 8.800000000000000711, 19.19999999999999929, 19.19999999999999929 ) ) ;
#4256 = EDGE_CURVE ( 'NONE', #4625, #7442, #3101, .T. ) ;
#4257 = EDGE_LOOP ( 'NONE', ( #283, #7971, #1360, #5449 ) ) ;
#4258 = FACE_OUTER_BOUND ( 'NONE', #8145, .T. ) ;
#4259 = VERTEX_POINT ( 'NONE', #3920 ) ;
#4260 = CARTESIAN_POINT ( 'NONE',  ( 3.517945785183671958, -47.65893388488309057, 1.238052028025921292 ) ) ;
#4261 = EDGE_CURVE ( 'NONE', #5674, #2651, #6754, .T. ) ;
#4262 = CIRCLE ( 'NONE', #3176, 1.000000000000000666 ) ;
#4263 = VECTOR ( 'NONE', #8190, 1000.000000000000000 ) ;
#4264 = AXIS2_PLACEMENT_3D ( 'NONE', #4179, #8275, #6134 ) ;
#4265 = DIRECTION ( 'NONE',  ( 0.000000000000000000, 0.000000000000000000, -1.000000000000000000 ) ) ;
#4266 = FACE_OUTER_BOUND ( 'NONE', #7532, .T. ) ;
#4267 = AXIS2_PLACEMENT_3D ( 'NONE', #2247, #2290, #6818 ) ;
#4268 = ADVANCED_FACE ( 'NONE', ( #873 ), #8925, .T. ) ;
#4269 = EDGE_LOOP ( 'NONE', ( #9583, #7627, #6935 ) ) ;
#4270 = DIRECTION ( 'NONE',  ( 0.000000000000000000, 0.9059677699816659491, 0.4233466661666858699 ) ) ;
#4271 = DIRECTION ( 'NONE',  ( -1.000000000000000000, 0.000000000000000000, 0.000000000000000000 ) ) ;
#4272 = ADVANCED_FACE ( 'NONE', ( #9009 ), #5382, .T. ) ;
#4273 = FACE_OUTER_BOUND ( 'NONE', #6005, .T. ) ;
#4274 = ORIENTED_EDGE ( 'NONE', *, *, #5647, .F. ) ;
#4275 = CARTESIAN_POINT ( 'NONE',  ( 3.799999999999999822, 18.14958090976909943, 21.01841132169780124 ) ) ;
#4276 = EDGE_CURVE ( 'NONE', #4891, #118, #6074, .T. ) ;
#4277 = VECTOR ( 'NONE', #8682, 1000.000000000000114 ) ;
#4278 = ORIENTED_EDGE ( 'NONE', *, *, #2469, .T. ) ;
#4279 = EDGE_CURVE ( 'NONE', #862, #6511, #1645, .T. ) ;
#4280 = CARTESIAN_POINT ( 'NONE',  ( 8.975735915643182850, 20.52426405306703572, 31.52426408435681537 ) ) ;
#4281 = CARTESIAN_POINT ( 'NONE',  ( 8.800000000000000711, 26.70000000000000284, 3.514213562373099897 ) ) ;
#4282 = FACE_OUTER_BOUND ( 'NONE', #3963, .T. ) ;
#4283 = EDGE_CURVE ( 'NONE', #8644, #9247, #4504, .T. ) ;
#4284 = CARTESIAN_POINT ( 'NONE',  ( 3.399999999999999911, 11.79403223001833290, 27.05605999196718514 ) ) ;
#4285 = ORIENTED_EDGE ( 'NONE', *, *, #5732, .T. ) ;
#4286 = DIRECTION ( 'NONE',  ( 1.000000000000000000, 0.000000000000000000, 0.000000000000000000 ) ) ;
#4287 = ORIENTED_EDGE ( 'NONE', *, *, #7772, .T. ) ;
#4288 = EDGE_CURVE ( 'NONE', #5166, #5534, #9550, .T. ) ;
#4289 = DIRECTION ( 'NONE',  ( -1.000000000000000000, -0.000000000000000000, -0.000000000000000000 ) ) ;
#4290 = ORIENTED_EDGE ( 'NONE', *, *, #2479, .T. ) ;
#4291 = ORIENTED_EDGE ( 'NONE', *, *, #6614, .F. ) ;
#4292 = CARTESIAN_POINT ( 'NONE',  ( 9.199999999999999289, 4.962764524705690405, -2.299999999999999822 ) ) ;
#4293 = CARTESIAN_POINT ( 'NONE',  ( 9.000000000000000000, 21.70000001490119956, 24.19798883622719998 ) ) ;
#4294 = CYLINDRICAL_SURFACE ( 'NONE', #5738, 2.999999999999999112 ) ;
#4295 = CARTESIAN_POINT ( 'NONE',  ( 8.800000000000000711, 17.69999999999999929, 22.89999999999999858 ) ) ;
#4296 = ADVANCED_FACE ( 'NONE', ( #1363 ), #1593, .T. ) ;
#4297 = LINE ( 'NONE', #2104, #6139 ) ;
#4298 = VERTEX_POINT ( 'NONE', #4555 ) ;
#4299 = CARTESIAN_POINT ( 'NONE',  ( 3.400000000000000355, -25.51999999999984681, 4.529999999999937188 ) ) ;
#4300 = ORIENTED_EDGE ( 'NONE', *, *, #533, .T. ) ;
#4301 = ORIENTED_EDGE ( 'NONE', *, *, #2996, .F. ) ;
#4302 = DIRECTION ( 'NONE',  ( -1.000000000000000000, -0.000000000000000000, -0.000000000000000000 ) ) ;
#4303 = EDGE_CURVE ( 'NONE', #7560, #3224, #189, .T. ) ;
#4304 = DIRECTION ( 'NONE',  ( 0.000000000000000000, -0.7698003589195012708, 0.6382847385042250687 ) ) ;
#4305 = ORIENTED_EDGE ( 'NONE', *, *, #5397, .T. ) ;
#4306 = CARTESIAN_POINT ( 'NONE',  ( 8.800000000000000711, 26.34155520049109711, 27.39979019595289955 ) ) ;
#4307 = VERTEX_POINT ( 'NONE', #9060 ) ;
#4308 = FACE_OUTER_BOUND ( 'NONE', #3881, .T. ) ;
#4309 = ORIENTED_EDGE ( 'NONE', *, *, #1377, .T. ) ;
#4310 = CARTESIAN_POINT ( 'NONE',  ( 72.83961030678925397, -4.226683572991673188, -2.739434334204031263 ) ) ;
#4311 = AXIS2_PLACEMENT_3D ( 'NONE', #772, #8224, #2277 ) ;
#4312 = CARTESIAN_POINT ( 'NONE',  ( 9.199999999999999289, 21.50000001490119672, 27.05596372552760087 ) ) ;
#4313 = FACE_OUTER_BOUND ( 'NONE', #2009, .T. ) ;
#4314 = EDGE_CURVE ( 'NONE', #1193, #8606, #679, .T. ) ;
#4315 = PLANE ( 'NONE',  #8777 ) ;
#4316 = ORIENTED_EDGE ( 'NONE', *, *, #4660, .T. ) ;
#4317 = CARTESIAN_POINT ( 'NONE',  ( 9.199999999999999289, -2.653299832284320203, 0.5000000000000000000 ) ) ;
#4318 = CARTESIAN_POINT ( 'NONE',  ( 10.20000000000000107, -3.500000000000000000, 0.9000000000000000222 ) ) ;
#4319 = APPLICATION_PROTOCOL_DEFINITION ( 'draft international standard', 'automotive_design', 1998, #2956 ) ;
#4320 = ORIENTED_EDGE ( 'NONE', *, *, #2444, .F. ) ;
#4321 = VECTOR ( 'NONE', #7194, 1000.000000000000000 ) ;
#4322 = DIRECTION ( 'NONE',  ( -0.7071067811865470176, 0.7071067811865480168, 3.140184917367550826E-16 ) ) ;
#4323 = ADVANCED_FACE ( 'NONE', ( #9112 ), #7641, .T. ) ;
#4324 = CARTESIAN_POINT ( 'NONE',  ( 1.000000000000000000, 11.40710678118650101, 11.00710678118650065 ) ) ;
#4325 = CARTESIAN_POINT ( 'NONE',  ( 9.199999999999999289, 24.86986624058929962, 11.59445310873589996 ) ) ;
#4326 = DIRECTION ( 'NONE',  ( 1.000000000000000000, -0.000000000000000000, -0.000000000000000000 ) ) ;
#4327 = ORIENTED_EDGE ( 'NONE', *, *, #5343, .F. ) ;
#4328 = DIRECTION ( 'NONE',  ( 0.000000000000000000, 0.000000000000000000, 1.000000000000000000 ) ) ;
#4329 = ORIENTED_EDGE ( 'NONE', *, *, #9180, .T. ) ;
#4330 = CARTESIAN_POINT ( 'NONE',  ( 9.800000000000002487, -22.50000000000000355, -1.500000000000000000 ) ) ;
#4331 = EDGE_CURVE ( 'NONE', #4757, #792, #634, .T. ) ;
#4332 = ORIENTED_EDGE ( 'NONE', *, *, #9085, .T. ) ;
#4333 = CIRCLE ( 'NONE', #5101, 21.49999999999997513 ) ;
#4334 = ORIENTED_EDGE ( 'NONE', *, *, #4833, .T. ) ;
#4335 = ADVANCED_FACE ( 'NONE', ( #1058 ), #8608, .T. ) ;
#4336 = LINE ( 'NONE', #597, #532 ) ;
#4337 = CARTESIAN_POINT ( 'NONE',  ( 10.20000000000000107, 18.30000000000000071, 7.299999999999999822 ) ) ;
#4338 = DIRECTION ( 'NONE',  ( 0.000000000000000000, -0.5493373749351307955, 0.8356006513277617342 ) ) ;
#4339 = CARTESIAN_POINT ( 'NONE',  ( 9.199999999999999289, 3.100000000000000089, 0.9000000553360889555 ) ) ;
#4340 = VERTEX_POINT ( 'NONE', #4753 ) ;
#4341 = EDGE_CURVE ( 'NONE', #9017, #3713, #9342, .T. ) ;
#4342 = CARTESIAN_POINT ( 'NONE',  ( 72.83961030678925397, -5.583473221245204954, -5.899999999999998579 ) ) ;
#4343 = ORIENTED_EDGE ( 'NONE', *, *, #9300, .F. ) ;
#4344 = AXIS2_PLACEMENT_3D ( 'NONE', #9612, #2191, #5153 ) ;
#4345 = ORIENTED_EDGE ( 'NONE', *, *, #3818, .T. ) ;
#4346 = CARTESIAN_POINT ( 'NONE',  ( 3.799999999999999822, 12.09999999999999964, 11.71421356237310007 ) ) ;
#4347 = DIRECTION ( 'NONE',  ( 0.000000000000000000, 0.9067806116110999071, -0.4216028017058230937 ) ) ;
#4348 = ORIENTED_EDGE ( 'NONE', *, *, #5476, .T. ) ;
#4349 = CARTESIAN_POINT ( 'NONE',  ( 3.000000000000000000, -25.51999999999984681, 4.529999999999937188 ) ) ;
#4350 = ORIENTED_EDGE ( 'NONE', *, *, #7481, .F. ) ;
#4351 = CARTESIAN_POINT ( 'NONE',  ( 3.799999999999999822, 15.69999999999999929, 3.500000000000000000 ) ) ;
#4352 = AXIS2_PLACEMENT_3D ( 'NONE', #6462, #1253, #9449 ) ;
#4353 = ORIENTED_EDGE ( 'NONE', *, *, #3597, .F. ) ;
#4354 = CARTESIAN_POINT ( 'NONE',  ( 8.800000000000000711, 17.69999999999999929, 15.50000000000000000 ) ) ;
#4355 = AXIS2_PLACEMENT_3D ( 'NONE', #2153, #7074, #5453 ) ;
#4356 = CARTESIAN_POINT ( 'NONE',  ( 0.000000000000000000, 19.19999999999999929, 19.19999999999999929 ) ) ;
#4357 = LINE ( 'NONE', #8813, #3076 ) ;
#4358 = DIRECTION ( 'NONE',  ( 0.000000000000000000, 1.000000000000000000, 0.000000000000000000 ) ) ;
#4359 = ORIENTED_EDGE ( 'NONE', *, *, #8068, .T. ) ;
#4360 = DIRECTION ( 'NONE',  ( 1.000000000000000000, 0.000000000000000000, 0.000000000000000000 ) ) ;
#4361 = CARTESIAN_POINT ( 'NONE',  ( 9.517157287525382259, -17.50000000000000000, 1.217157287525383325 ) ) ;
#4362 = VERTEX_POINT ( 'NONE', #9203 ) ;
#4363 = DIRECTION ( 'NONE',  ( 1.000000000000000000, 0.000000000000000000, 0.000000000000000000 ) ) ;
#4364 = AXIS2_PLACEMENT_3D ( 'NONE', #8072, #1941, #1395 ) ;
#4365 = CIRCLE ( 'NONE', #178, 1.000000000000000888 ) ;
#4366 = EDGE_CURVE ( 'NONE', #7943, #3976, #1143, .T. ) ;
#4367 = DIRECTION ( 'NONE',  ( 0.000000000000000000, 0.000000000000000000, 1.000000000000000000 ) ) ;
#4368 = AXIS2_PLACEMENT_3D ( 'NONE', #4648, #5478, #3344 ) ;
#4369 = CARTESIAN_POINT ( 'NONE',  ( 9.799999999999998934, -17.10000000000000497, -1.500000000000000000 ) ) ;
#4370 = AXIS2_PLACEMENT_3D ( 'NONE', #2135, #6513, #628 ) ;
#4371 = CARTESIAN_POINT ( 'NONE',  ( 9.199999999999999289, 3.275735926223754646, -1.324264063647611289 ) ) ;
#4372 = DIRECTION ( 'NONE',  ( 1.000000000000000000, 0.000000000000000000, 0.000000000000000000 ) ) ;
#4373 = ORIENTED_EDGE ( 'NONE', *, *, #2189, .T. ) ;
#4374 = FACE_OUTER_BOUND ( 'NONE', #6344, .T. ) ;
#4375 = EDGE_CURVE ( 'NONE', #9417, #6733, #8518, .T. ) ;
#4376 = ORIENTED_EDGE ( 'NONE', *, *, #5573, .T. ) ;
#4377 = VECTOR ( 'NONE', #5368, 1000.000000000000000 ) ;
#4378 = EDGE_CURVE ( 'NONE', #3811, #7058, #5325, .T. ) ;
#4379 = VERTEX_POINT ( 'NONE', #1102 ) ;
#4380 = CARTESIAN_POINT ( 'NONE',  ( 4.799999999999999822, 3.659290943147929909, -4.106043082262480048 ) ) ;
#4381 = CARTESIAN_POINT ( 'NONE',  ( 0.000000000000000000, 20.10000000000000142, 31.09999999999999787 ) ) ;
#4382 = VECTOR ( 'NONE', #6848, 1000.000000000000000 ) ;
#4383 = CARTESIAN_POINT ( 'NONE',  ( 9.199999999999999289, 22.70000001490119956, 27.05596372552760087 ) ) ;
#4384 = DIRECTION ( 'NONE',  ( -1.000000000000000000, 0.000000000000000000, 0.000000000000000000 ) ) ;
#4385 = FACE_OUTER_BOUND ( 'NONE', #8298, .T. ) ;
#4386 = AXIS2_PLACEMENT_3D ( 'NONE', #6725, #8842, #3611 ) ;
#4387 = ORIENTED_EDGE ( 'NONE', *, *, #1874, .F. ) ;
#4388 = DIRECTION ( 'NONE',  ( 0.000000000000000000, -2.220446049250309876E-16, 1.000000000000000000 ) ) ;
#4389 = EDGE_CURVE ( 'NONE', #5920, #2380, #3966, .T. ) ;
#4390 = AXIS2_PLACEMENT_3D ( 'NONE', #5773, #2855, #5825 ) ;
#4391 = CARTESIAN_POINT ( 'NONE',  ( 1.600000000000000755, -22.47184141886165420, 1.700000000000004619 ) ) ;
#4392 = VECTOR ( 'NONE', #7810, 1000.000000000000000 ) ;
#4393 = ORIENTED_EDGE ( 'NONE', *, *, #4375, .T. ) ;
#4394 = ADVANCED_FACE ( 'NONE', ( #3292 ), #5480, .T. ) ;
#4395 = DIRECTION ( 'NONE',  ( 0.000000000000000000, -0.6382847385042265120, 0.7698003589195000496 ) ) ;
#4396 = DIRECTION ( 'NONE',  ( 0.000000000000000000, 1.000000000000000000, 0.000000000000000000 ) ) ;
#4397 = AXIS2_PLACEMENT_3D ( 'NONE', #6692, #7035, #6985 ) ;
#4398 = EDGE_LOOP ( 'NONE', ( #2076, #5100, #464 ) ) ;
#4399 = CIRCLE ( 'NONE', #5952, 0.9999999999999993339 ) ;
#4400 = FACE_OUTER_BOUND ( 'NONE', #5923, .T. ) ;
#4401 = ORIENTED_EDGE ( 'NONE', *, *, #6662, .F. ) ;
#4402 = PLANE ( 'NONE',  #2203 ) ;
#4403 = AXIS2_PLACEMENT_3D ( 'NONE', #1578, #4542, #2944 ) ;
#4404 = ORIENTED_EDGE ( 'NONE', *, *, #5244, .T. ) ;
#4405 = DIRECTION ( 'NONE',  ( -0.5773502691896270633, 0.8164965809277251463, 0.000000000000000000 ) ) ;
#4406 = ADVANCED_FACE ( 'NONE', ( #7043 ), #3246, .T. ) ;
#4407 = CIRCLE ( 'NONE', #53, 2.999999999999999112 ) ;
#4408 = PLANE ( 'NONE',  #5796 ) ;
#4409 = DIRECTION ( 'NONE',  ( 0.000000000000000000, 0.000000000000000000, 1.000000000000000000 ) ) ;
#4410 = FACE_OUTER_BOUND ( 'NONE', #1289, .T. ) ;
#4411 = VERTEX_POINT ( 'NONE', #380 ) ;
#4412 = DIRECTION ( 'NONE',  ( 0.000000000000000000, 1.680911693340269858E-13, -1.000000000000000000 ) ) ;
#4413 = DIRECTION ( 'NONE',  ( -1.000000000000000000, 0.000000000000000000, 0.000000000000000000 ) ) ;
#4414 = VERTEX_POINT ( 'NONE', #3346 ) ;
#4415 = CIRCLE ( 'NONE', #8319, 0.9999999999999998890 ) ;
#4416 = FACE_OUTER_BOUND ( 'NONE', #7737, .T. ) ;
#4417 = CONICAL_SURFACE ( 'NONE', #8148, 0.7999999999999992673, 0.7853981633974476129 ) ;
#4418 = AXIS2_PLACEMENT_3D ( 'NONE', #4381, #2244, #5201 ) ;
#4419 = DIRECTION ( 'NONE',  ( 0.000000000000000000, 0.000000000000000000, 1.000000000000000000 ) ) ;
#4420 = AXIS2_PLACEMENT_3D ( 'NONE', #6081, #7502, #4467 ) ;
#4421 = CARTESIAN_POINT ( 'NONE',  ( 3.799999999999999822, 14.88284271247460033, 13.91715728752540038 ) ) ;
#4422 = DIRECTION ( 'NONE',  ( 0.000000000000000000, 1.000000000000000000, 0.000000000000000000 ) ) ;
#4423 = DIRECTION ( 'NONE',  ( 0.000000000000000000, 0.000000000000000000, 1.000000000000000000 ) ) ;
#4424 = EDGE_CURVE ( 'NONE', #8383, #5312, #5572, .T. ) ;
#4425 = ORIENTED_EDGE ( 'NONE', *, *, #8616, .F. ) ;
#4426 = DIRECTION ( 'NONE',  ( 0.000000000000000000, 0.000000000000000000, -1.000000000000000000 ) ) ;
#4427 = EDGE_LOOP ( 'NONE', ( #2114, #2499, #6414, #630 ) ) ;
#4428 = CIRCLE ( 'NONE', #7872, 0.5999999999999998668 ) ;
#4429 = ORIENTED_EDGE ( 'NONE', *, *, #2898, .F. ) ;
#4430 = CARTESIAN_POINT ( 'NONE',  ( 10.20000000000000107, -22.89999999999999858, 1.099999999999999867 ) ) ;
#4431 = DIRECTION ( 'NONE',  ( 0.000000000000000000, 0.000000000000000000, -1.000000000000000000 ) ) ;
#4432 = DIRECTION ( 'NONE',  ( 1.000000000000000000, 0.000000000000000000, 0.000000000000000000 ) ) ;
#4433 = PLANE ( 'NONE',  #1454 ) ;
#4434 = AXIS2_PLACEMENT_3D ( 'NONE', #8977, #2243, #5996 ) ;
#4435 = FACE_OUTER_BOUND ( 'NONE', #4847, .T. ) ;
#4436 = EDGE_CURVE ( 'NONE', #7201, #1432, #2468, .T. ) ;
#4437 = ORIENTED_EDGE ( 'NONE', *, *, #6534, .T. ) ;
#4438 = DIRECTION ( 'NONE',  ( 1.000000000000000000, -0.000000000000000000, -0.000000000000000000 ) ) ;
#4439 = VECTOR ( 'NONE', #5498, 1000.000000000000000 ) ;
#4440 = DIRECTION ( 'NONE',  ( -0.7071067811865449082, 0.000000000000000000, 0.7071067811865502373 ) ) ;
#4441 = EDGE_CURVE ( 'NONE', #898, #9461, #8610, .T. ) ;
#4442 = ORIENTED_EDGE ( 'NONE', *, *, #4246, .T. ) ;
#4443 = CYLINDRICAL_SURFACE ( 'NONE', #2225, 0.5999999999999998668 ) ;
#4444 = DIRECTION ( 'NONE',  ( 0.000000000000000000, -0.6382847385042265120, 0.7698003589195001606 ) ) ;
#4445 = EDGE_CURVE ( 'NONE', #3180, #6362, #8773, .T. ) ;
#4446 = ORIENTED_EDGE ( 'NONE', *, *, #466, .T. ) ;
#4447 = DIRECTION ( 'NONE',  ( 1.000000000000000000, 0.000000000000000000, 0.000000000000000000 ) ) ;
#4448 = ORIENTED_EDGE ( 'NONE', *, *, #2732, .F. ) ;
#4449 = DIRECTION ( 'NONE',  ( -1.000000000000000000, 0.000000000000000000, 0.000000000000000000 ) ) ;
#4450 = EDGE_LOOP ( 'NONE', ( #4749, #6297, #760, #7591, #5495 ) ) ;
#4451 = DIRECTION ( 'NONE',  ( 0.000000000000000000, 0.9059677699816667262, 0.4233466661666838160 ) ) ;
#4452 = ADVANCED_FACE ( 'NONE', ( #1155 ), #9158, .T. ) ;
#4453 = EDGE_CURVE ( 'NONE', #8456, #5035, #367, .T. ) ;
#4454 = ORIENTED_EDGE ( 'NONE', *, *, #2342, .T. ) ;
#4455 = DIRECTION ( 'NONE',  ( 1.000000000000000000, 0.000000000000000000, 0.000000000000000000 ) ) ;
#4456 = LINE ( 'NONE', #9001, #1370 ) ;
#4457 = FACE_OUTER_BOUND ( 'NONE', #7812, .T. ) ;
#4458 = EDGE_CURVE ( 'NONE', #1507, #8081, #2383, .T. ) ;
#4459 = ORIENTED_EDGE ( 'NONE', *, *, #9404, .T. ) ;
#4460 = DIRECTION ( 'NONE',  ( -1.000000000000000000, 0.000000000000000000, 0.000000000000000000 ) ) ;
#4461 = DIRECTION ( 'NONE',  ( 1.000000000000000000, 0.000000000000000000, 0.000000000000000000 ) ) ;
#4462 = ORIENTED_EDGE ( 'NONE', *, *, #4261, .T. ) ;
#4463 = DIRECTION ( 'NONE',  ( 0.7071067811865474617, 0.000000000000000000, 0.7071067811865474617 ) ) ;
#4464 = CARTESIAN_POINT ( 'NONE',  ( 0.4000000000000253353, -20.00000000000000000, 2.449293598294706513E-15 ) ) ;
#4465 = DIRECTION ( 'NONE',  ( 0.000000000000000000, -0.9067806116110999071, 0.4216028017058230937 ) ) ;
#4466 = CARTESIAN_POINT ( 'NONE',  ( 9.199999999999999289, 12.50000000000000000, -1.949999988079899937 ) ) ;
#4467 = DIRECTION ( 'NONE',  ( 0.000000000000000000, 0.9238795325112870716, -0.3826834323650888381 ) ) ;
#4468 = LINE ( 'NONE', #8868, #3499 ) ;
#4469 = VERTEX_POINT ( 'NONE', #3386 ) ;
#4470 = CARTESIAN_POINT ( 'NONE',  ( 9.000000000000000000, 5.950000000000000178, 1.300000000000000044 ) ) ;
#4471 = ORIENTED_EDGE ( 'NONE', *, *, #9422, .F. ) ;
#4472 = ORIENTED_EDGE ( 'NONE', *, *, #6614, .T. ) ;
#4473 = CARTESIAN_POINT ( 'NONE',  ( 3.533628990059030084, -3.333895251901815016, 7.366371009940975156 ) ) ;
#4474 = PLANE ( 'NONE',  #8641 ) ;
#4475 = DIRECTION ( 'NONE',  ( 1.000000000000000000, 0.000000000000000000, 0.000000000000000000 ) ) ;
#4476 = CARTESIAN_POINT ( 'NONE',  ( 9.634314575050764162, -17.50000000000000000, 1.100000000000002087 ) ) ;
#4477 = AXIS2_PLACEMENT_3D ( 'NONE', #2025, #8615, #1883 ) ;
#4478 = LINE ( 'NONE', #6670, #80 ) ;
#4479 = VERTEX_POINT ( 'NONE', #6358 ) ;
#4480 = CARTESIAN_POINT ( 'NONE',  ( 3.799999999999999822, 5.950000000000000178, 1.500000000000000000 ) ) ;
#4481 = VERTEX_POINT ( 'NONE', #6949 ) ;
#4482 = EDGE_CURVE ( 'NONE', #183, #9097, #5799, .T. ) ;
#4483 = DIRECTION ( 'NONE',  ( -0.000000000000000000, 1.000000000000000000, -0.000000000000000000 ) ) ;
#4484 = ORIENTED_EDGE ( 'NONE', *, *, #5461, .F. ) ;
#4485 = LINE ( 'NONE', #793, #3328 ) ;
#4486 = CARTESIAN_POINT ( 'NONE',  ( 8.800000000000000711, 17.69999999999999929, 16.54670016771569863 ) ) ;
#4487 = VERTEX_POINT ( 'NONE', #7333 ) ;
#4488 = FACE_OUTER_BOUND ( 'NONE', #5310, .T. ) ;
#4489 = EDGE_LOOP ( 'NONE', ( #3087, #6652, #3813, #6810 ) ) ;
#4490 = DIRECTION ( 'NONE',  ( 0.000000000000000000, 0.3412646552513080023, 0.9399672521296715821 ) ) ;
#4491 = EDGE_CURVE ( 'NONE', #7943, #6640, #2021, .T. ) ;
#4492 = ORIENTED_EDGE ( 'NONE', *, *, #5918, .T. ) ;
#4493 = DIRECTION ( 'NONE',  ( 0.000000000000000000, 0.000000000000000000, -1.000000000000000000 ) ) ;
#4494 = ADVANCED_FACE ( 'NONE', ( #8709 ), #1246, .T. ) ;
#4495 = ORIENTED_EDGE ( 'NONE', *, *, #2903, .F. ) ;
#4496 = CARTESIAN_POINT ( 'NONE',  ( 0.000000000000000000, 12.50000000000000000, -0.9000000238503169658 ) ) ;
#4497 = DIRECTION ( 'NONE',  ( 0.000000000000000000, -2.220446049250309876E-16, 1.000000000000000000 ) ) ;
#4498 = CARTESIAN_POINT ( 'NONE',  ( 1.000000000000000000, 16.06846986999198990, -7.423879532511286072 ) ) ;
#4499 = ORIENTED_EDGE ( 'NONE', *, *, #5014, .T. ) ;
#4500 = CARTESIAN_POINT ( 'NONE',  ( 10.20000000000000107, -44.10000000000000853, 1.099999999999999867 ) ) ;
#4501 = DIRECTION ( 'NONE',  ( -1.000000000000000000, 0.000000000000000000, 0.000000000000000000 ) ) ;
#4502 = ORIENTED_EDGE ( 'NONE', *, *, #4453, .F. ) ;
#4503 = CARTESIAN_POINT ( 'NONE',  ( 72.83961030678925397, -47.75818823537124302, 1.107576296220884160 ) ) ;
#4504 = LINE ( 'NONE', #5793, #5482 ) ;
#4505 = EDGE_CURVE ( 'NONE', #6829, #5023, #1030, .T. ) ;
#4506 = CIRCLE ( 'NONE', #3, 0.5999999999999996447 ) ;
#4507 = CARTESIAN_POINT ( 'NONE',  ( 1.399999999999999911, 20.89999999999970015, 17.50000000000000000 ) ) ;
#4508 = DIRECTION ( 'NONE',  ( -1.000000000000000000, 0.000000000000000000, 0.000000000000000000 ) ) ;
#4509 = DIRECTION ( 'NONE',  ( -1.000000000000000000, 0.000000000000000000, 0.000000000000000000 ) ) ;
#4510 = DIRECTION ( 'NONE',  ( 0.000000000000000000, 2.220446049250309876E-16, -1.000000000000000000 ) ) ;
#4511 = DIRECTION ( 'NONE',  ( -0.7071067811865470176, -1.570092458683768264E-16, 0.7071067811865480168 ) ) ;
#4512 = ORIENTED_EDGE ( 'NONE', *, *, #1554, .F. ) ;
#4513 = LINE ( 'NONE', #7506, #6700 ) ;
#4514 = VECTOR ( 'NONE', #8315, 1000.000000000000000 ) ;
#4515 = VERTEX_POINT ( 'NONE', #519 ) ;
#4516 = AXIS2_PLACEMENT_3D ( 'NONE', #9015, #732, #774 ) ;
#4517 = ORIENTED_EDGE ( 'NONE', *, *, #4956, .T. ) ;
#4518 = CIRCLE ( 'NONE', #6550, 0.9999999999999998890 ) ;
#4519 = VECTOR ( 'NONE', #4951, 1000.000000000000000 ) ;
#4520 = DIRECTION ( 'NONE',  ( 0.7071067811865470176, 0.000000000000000000, -0.7071067811865480168 ) ) ;
#4521 = CARTESIAN_POINT ( 'NONE',  ( 8.800000000000000711, -20.00000000000000000, 2.449293598294706513E-15 ) ) ;
#4522 = CARTESIAN_POINT ( 'NONE',  ( 9.139304808295563021, -21.30494070759243286, -0.09505929240757578225 ) ) ;
#4523 = DIRECTION ( 'NONE',  ( 1.000000000000000000, 0.000000000000000000, 0.000000000000000000 ) ) ;
#4524 = DIRECTION ( 'NONE',  ( 0.000000000000000000, -0.3412646552513101117, 0.9399672521296710270 ) ) ;
#4525 = VECTOR ( 'NONE', #7638, 999.9999999999998863 ) ;
#4526 = EDGE_CURVE ( 'NONE', #8993, #4691, #4204, .T. ) ;
#4527 = VERTEX_POINT ( 'NONE', #468 ) ;
#4528 = DIRECTION ( 'NONE',  ( 0.000000000000000000, 2.220446049250309876E-16, -1.000000000000000000 ) ) ;
#4529 = CARTESIAN_POINT ( 'NONE',  ( 9.199999999999999289, 22.70000001490119956, 24.16276451370509903 ) ) ;
#4530 = CIRCLE ( 'NONE', #8591, 2.100000000000000977 ) ;
#4531 = EDGE_LOOP ( 'NONE', ( #5904, #6873, #4373, #2150 ) ) ;
#4532 = VECTOR ( 'NONE', #5911, 1000.000000000000000 ) ;
#4533 = CYLINDRICAL_SURFACE ( 'NONE', #7535, 0.5999999999999998668 ) ;
#4534 = FACE_OUTER_BOUND ( 'NONE', #3700, .T. ) ;
#4535 = VERTEX_POINT ( 'NONE', #9395 ) ;
#4536 = CARTESIAN_POINT ( 'NONE',  ( 9.199999999999999289, 21.04169863921658390, 31.26398035127780162 ) ) ;
#4537 = EDGE_CURVE ( 'NONE', #986, #6522, #2163, .T. ) ;
#4538 = VERTEX_POINT ( 'NONE', #7190 ) ;
#4539 = DIRECTION ( 'NONE',  ( 0.7071067811865480168, 0.000000000000000000, 0.7071067811865470176 ) ) ;
#4540 = AXIS2_PLACEMENT_3D ( 'NONE', #8371, #1499, #2276 ) ;
#4541 = ORIENTED_EDGE ( 'NONE', *, *, #1425, .T. ) ;
#4542 = DIRECTION ( 'NONE',  ( -0.7071067811865489050, 0.4536480327727549500, 0.5424052565761210420 ) ) ;
#4543 = ORIENTED_EDGE ( 'NONE', *, *, #5456, .T. ) ;
#4544 = CARTESIAN_POINT ( 'NONE',  ( 9.799999999999998934, 12.50000000000000000, -0.9000000238503169658 ) ) ;
#4545 = AXIS2_PLACEMENT_3D ( 'NONE', #6022, #4455, #8212 ) ;
#4546 = PLANE ( 'NONE',  #7461 ) ;
#4547 = CARTESIAN_POINT ( 'NONE',  ( 3.400000000000000355, -25.51999999999984681, 4.529999999999937188 ) ) ;
#4548 = AXIS2_PLACEMENT_3D ( 'NONE', #7744, #9297, #8559 ) ;
#4549 = VERTEX_POINT ( 'NONE', #1295 ) ;
#4550 = DIRECTION ( 'NONE',  ( 1.000000000000000000, 0.000000000000000000, 0.000000000000000000 ) ) ;
#4551 = LINE ( 'NONE', #6071, #2515 ) ;
#4552 = EDGE_CURVE ( 'NONE', #8588, #1747, #6456, .T. ) ;
#4553 = ORIENTED_EDGE ( 'NONE', *, *, #4196, .F. ) ;
#4554 = LINE ( 'NONE', #4503, #3900 ) ;
#4555 = CARTESIAN_POINT ( 'NONE',  ( 10.20000000000000107, 3.500000000000000000, -0.8999999856759480776 ) ) ;
#4556 = CIRCLE ( 'NONE', #1452, 0.6000000000000003109 ) ;
#4557 = AXIS2_PLACEMENT_3D ( 'NONE', #6538, #1926, #5715 ) ;
#4558 = AXIS2_PLACEMENT_3D ( 'NONE', #8050, #1369, #4338 ) ;
#4559 = EDGE_CURVE ( 'NONE', #2776, #7702, #2897, .T. ) ;
#4560 = DIRECTION ( 'NONE',  ( 0.000000000000000000, 0.000000000000000000, -1.000000000000000000 ) ) ;
#4561 = CARTESIAN_POINT ( 'NONE',  ( 9.000000000000000000, -5.583473221245218276, -5.899999999999999467 ) ) ;
#4562 = CIRCLE ( 'NONE', #5812, 0.9999999999999998890 ) ;
#4563 = CIRCLE ( 'NONE', #846, 1.200000000000000400 ) ;
#4564 = DIRECTION ( 'NONE',  ( -0.7071067811865470176, 0.000000000000000000, 0.7071067811865480168 ) ) ;
#4565 = DIRECTION ( 'NONE',  ( 1.000000000000000000, 0.000000000000000000, 0.000000000000000000 ) ) ;
#4566 = LINE ( 'NONE', #5887, #3805 ) ;
#4567 = EDGE_CURVE ( 'NONE', #829, #4824, #991, .T. ) ;
#4568 = EDGE_LOOP ( 'NONE', ( #4904, #7727, #5714, #7691 ) ) ;
#4569 = CIRCLE ( 'NONE', #5981, 2.999999999999999112 ) ;
#4570 = CARTESIAN_POINT ( 'NONE',  ( 9.000000000000000000, 22.55948979457840053, 16.20603468287899673 ) ) ;
#4571 = ADVANCED_FACE ( 'NONE', ( #3432 ), #1439, .F. ) ;
#4572 = AXIS2_PLACEMENT_3D ( 'NONE', #4, #3024, #2145 ) ;
#4573 = ORIENTED_EDGE ( 'NONE', *, *, #1157, .F. ) ;
#4574 = FACE_OUTER_BOUND ( 'NONE', #7573, .T. ) ;
#4575 = LINE ( 'NONE', #8878, #8156 ) ;
#4576 = CARTESIAN_POINT ( 'NONE',  ( 9.000000000000000000, 25.00596776998166604, 26.30840131324798392 ) ) ;
#4577 = LINE ( 'NONE', #3119, #8310 ) ;
#4578 = DIRECTION ( 'NONE',  ( 1.000000000000000000, 0.000000000000000000, 0.000000000000000000 ) ) ;
#4579 = EDGE_CURVE ( 'NONE', #2703, #5198, #2388, .T. ) ;
#4580 = AXIS2_PLACEMENT_3D ( 'NONE', #159, #7418, #8143 ) ;
#4581 = ORIENTED_EDGE ( 'NONE', *, *, #7494, .F. ) ;
#4582 = DIRECTION ( 'NONE',  ( 1.000000000000000000, 0.000000000000000000, 0.000000000000000000 ) ) ;
#4583 = VECTOR ( 'NONE', #3696, 1000.000000000000114 ) ;
#4584 = CARTESIAN_POINT ( 'NONE',  ( 9.199999999999999289, 3.134314575050749951, 1.100000000000000089 ) ) ;
#4585 = EDGE_LOOP ( 'NONE', ( #3845, #435, #3861, #3908 ) ) ;
#4586 = DIRECTION ( 'NONE',  ( -1.000000000000000000, 0.000000000000000000, 0.000000000000000000 ) ) ;
#4587 = DIRECTION ( 'NONE',  ( 0.000000000000000000, -0.8356006513277618453, 0.5493373749351305735 ) ) ;
#4588 = ORIENTED_EDGE ( 'NONE', *, *, #3818, .F. ) ;
#4589 = FACE_OUTER_BOUND ( 'NONE', #6387, .T. ) ;
#4590 = ORIENTED_EDGE ( 'NONE', *, *, #7425, .T. ) ;
#4591 = LINE ( 'NONE', #9627, #3130 ) ;
#4592 = VERTEX_POINT ( 'NONE', #2708 ) ;
#4593 = LINE ( 'NONE', #1529, #5964 ) ;
#4594 = CLOSED_SHELL ( 'NONE', ( #7748, #4062, #2691, #3434, #8155, #718, #6359, #3551, #1337, #4930, #6467, #8560, #4142, #5880, #8076, #960, #3237, #3318, #9631, #8194, #4963, #8592, #7298, #9378, #2237, #402, #6302, #439, #4406, #5349, #1723, #7276, #3912, #717, #2214, #3772, #768, #5266, #3668, #5346, #4323, #9365, #8516, #979, #3978, #3680, #1565, #5585, #2300, #1792, #1226, #5218, #7742, #2573, #7863, #9507, #8942, #252, #6020, #778, #3294, #5798, #8839, #7057, #2725, #6594, #174, #167, #2291, #5541, #5982, #2765, #1530, #993, #5514, #6368, #378, #7113, #4932, #7072, #6844, #1532, #1646, #5811, #7974, #9473, #3306, #6820, #3557, #897, #8044, #9291, #2266, #342, #2853, #2738, #4494, #7570, #1771, #8815, #2623, #1184, #747, #7449, #3342, #6885, #553, #5892, #6501, #8764, #8404, #6776, #7540, #1936, #7078, #2176, #5375, #875, #5146, #1767, #3439, #7917, #6286, #149, #2010, #4856, #1909, #8602, #1093, #3855, #429, #7574, #5088, #6768, #5701, #8982, #1464, #1399, #6014, #5867, #3708, #3337, #3505, #4742, #9298, #3610, #8027, #6068, #1602, #5690, #7422, #4452, #7373, #8254, #5276, #9522, #2557, #8160, #1084, #1637, #5144, #9485, #113, #9532, #5224, #7144, #1889, #4668, #3029, #6645, #1518, #3691, #9172, #1235, #3808, #3104, #7914, #7015, #2850, #2480, #6779, #7893, #5042, #8936, #1308, #705, #3190, #4571, #2982, #2858, #6356, #5428, #9049, #9537, #9125, #3997, #2560, #9063, #1969, #2541, #2940, #6729, #1488, #2840, #9644, #4268, #9046, #8394, #5028, #3943, #368, #729, #7349, #3371, #7622, #5824, #4206, #7837, #3154, #3571, #9445, #299, #6010, #4335, #2713, #1668, #7259, #3615, #8035, #8849, #8487, #1240, #1418, #9575, #4693, #1004, #116, #9477, #6349, #1863, #2775, #4394, #596, #2829, #5529, #6983, #9178, #1410, #3519, #8863, #6945, #112, #1894, #2085, #4596, #1424, #2971, #1351, #4740, #2407, #182, #3266, #7949, #1676, #2700, #659, #1579, #5836, #5742, #8317, #6519, #1168, #7650, #2912, #8428, #7674, #7317, #2132, #29, #6111, #5656, #6537, #354, #4092, #9303, #535, #6836, #9415, #8389, #4616, #3272, #6460, #5197, #469, #2433, #8700, #6849, #6392, #9276, #1451, #6261, #1521, #5365, #505, #4875, #2018, #4810, #4126, #2655, #6582, #3178, #8631, #340, #2613, #2977, #9101, #5148, #5172, #4272, #3447, #3018, #4871, #3539, #3496, #4296, #5207, #2125, #3043, #8134, #1407, #9496, #5186, #9653, #5833, #7436 ) ) ;
#4595 = ORIENTED_EDGE ( 'NONE', *, *, #1965, .T. ) ;
#4596 = ADVANCED_FACE ( 'NONE', ( #9487 ), #5723, .F. ) ;
#4597 = DIRECTION ( 'NONE',  ( -0.7071067811865480168, 0.000000000000000000, -0.7071067811865470176 ) ) ;
#4598 = DIRECTION ( 'NONE',  ( 0.000000000000000000, -0.4216028017058242594, 0.9067806116110993520 ) ) ;
#4599 = AXIS2_PLACEMENT_3D ( 'NONE', #1752, #3357, #4720 ) ;
#4600 = LINE ( 'NONE', #1638, #1763 ) ;
#4601 = ORIENTED_EDGE ( 'NONE', *, *, #8011, .F. ) ;
#4602 = CARTESIAN_POINT ( 'NONE',  ( 9.199999999999999289, 24.74155520049110280, 11.74786848276629847 ) ) ;
#4603 = CARTESIAN_POINT ( 'NONE',  ( 3.600000000000000089, 19.19999999999999929, 19.19999999999999929 ) ) ;
#4604 = EDGE_LOOP ( 'NONE', ( #4543, #8135, #586, #4774, #7229, #7005, #6972, #3670 ) ) ;
#4605 = CARTESIAN_POINT ( 'NONE',  ( 9.199999999999999289, -17.50000000000000000, 1.100000000000002531 ) ) ;
#4606 = LINE ( 'NONE', #819, #7366 ) ;
#4607 = EDGE_CURVE ( 'NONE', #4880, #8959, #8139, .T. ) ;
#4608 = DIRECTION ( 'NONE',  ( -1.000000000000000000, 0.000000000000000000, 0.000000000000000000 ) ) ;
#4609 = DIRECTION ( 'NONE',  ( 0.000000000000000000, 0.000000000000000000, -1.000000000000000000 ) ) ;
#4610 = CARTESIAN_POINT ( 'NONE',  ( 9.799999999999998934, 17.69999999999999929, 7.299999999999999822 ) ) ;
#4611 = DIRECTION ( 'NONE',  ( -1.000000000000000000, 0.000000000000000000, 0.000000000000000000 ) ) ;
#4612 = PLANE ( 'NONE',  #6453 ) ;
#4613 = ORIENTED_EDGE ( 'NONE', *, *, #1783, .F. ) ;
#4614 = DIRECTION ( 'NONE',  ( 0.000000000000000000, -0.5493373749351309066, 0.8356006513277615122 ) ) ;
#4615 = AXIS2_PLACEMENT_3D ( 'NONE', #730, #6656, #6266 ) ;
#4616 = ADVANCED_FACE ( 'NONE', ( #9535 ), #2849, .F. ) ;
#4617 = ORIENTED_EDGE ( 'NONE', *, *, #293, .T. ) ;
#4618 = LINE ( 'NONE', #9222, #3205 ) ;
#4619 = DIRECTION ( 'NONE',  ( 0.000000000000000000, 0.000000000000000000, -1.000000000000000000 ) ) ;
#4620 = DIRECTION ( 'NONE',  ( 0.000000000000000000, -0.4233466661666823727, -0.9059677699816675034 ) ) ;
#4621 = DIRECTION ( 'NONE',  ( 0.000000000000000000, 0.9059677699816666152, 0.4233466661666844821 ) ) ;
#4622 = DIRECTION ( 'NONE',  ( -1.000000000000000000, 0.000000000000000000, 0.000000000000000000 ) ) ;
#4623 = EDGE_CURVE ( 'NONE', #4241, #8498, #931, .T. ) ;
#4624 = AXIS2_PLACEMENT_3D ( 'NONE', #3249, #3207, #877 ) ;
#4625 = VERTEX_POINT ( 'NONE', #2120 ) ;
#4626 = PLANE ( 'NONE',  #1907 ) ;
#4627 = EDGE_CURVE ( 'NONE', #5274, #7121, #663, .T. ) ;
#4628 = ORIENTED_EDGE ( 'NONE', *, *, #8332, .F. ) ;
#4629 = EDGE_CURVE ( 'NONE', #8021, #969, #8306, .T. ) ;
#4630 = CARTESIAN_POINT ( 'NONE',  ( 9.000000000000000000, 3.237688139636480056, -3.199262471490899706 ) ) ;
#4631 = ORIENTED_EDGE ( 'NONE', *, *, #3659, .T. ) ;
#4632 = DIRECTION ( 'NONE',  ( 1.000000000000000000, 0.000000000000000000, 0.000000000000000000 ) ) ;
#4633 = CARTESIAN_POINT ( 'NONE',  ( 9.799999999999998934, -17.10000000000000497, -1.500000000000000000 ) ) ;
#4634 = EDGE_CURVE ( 'NONE', #1197, #1096, #903, .T. ) ;
#4635 = ORIENTED_EDGE ( 'NONE', *, *, #3860, .F. ) ;
#4636 = EDGE_LOOP ( 'NONE', ( #2755, #1329, #2062 ) ) ;
#4637 = FACE_OUTER_BOUND ( 'NONE', #1131, .T. ) ;
#4638 = EDGE_LOOP ( 'NONE', ( #2608, #1078, #7105, #9197 ) ) ;
#4639 = EDGE_LOOP ( 'NONE', ( #3878, #2873, #4631, #6309 ) ) ;
#4640 = CARTESIAN_POINT ( 'NONE',  ( 9.199999999999999289, 24.86986624058929962, 26.80554689126419987 ) ) ;
#4641 = FACE_OUTER_BOUND ( 'NONE', #1908, .T. ) ;
#4642 = VECTOR ( 'NONE', #3821, 1000.000000000000114 ) ;
#4643 = FACE_OUTER_BOUND ( 'NONE', #8161, .T. ) ;
#4644 = ORIENTED_EDGE ( 'NONE', *, *, #4219, .F. ) ;
#4645 = FACE_OUTER_BOUND ( 'NONE', #2510, .T. ) ;
#4646 = CARTESIAN_POINT ( 'NONE',  ( 10.00000000000000000, 18.19999999999999929, 31.50000000000000000 ) ) ;
#4647 = VERTEX_POINT ( 'NONE', #7392 ) ;
#4648 = CARTESIAN_POINT ( 'NONE',  ( 8.800000000000000711, -22.11660104885167755, 0.9000000000000001332 ) ) ;
#4649 = EDGE_CURVE ( 'NONE', #6733, #8108, #6791, .T. ) ;
#4650 = DIRECTION ( 'NONE',  ( 0.000000000000000000, 0.9238795325112870716, -0.3826834323650888381 ) ) ;
#4651 = AXIS2_PLACEMENT_3D ( 'NONE', #5896, #5, #742 ) ;
#4652 = CARTESIAN_POINT ( 'NONE',  ( 0.000000000000000000, 23.04580134492810117, 28.85258856458790433 ) ) ;
#4653 = LINE ( 'NONE', #7644, #9615 ) ;
#4654 = ORIENTED_EDGE ( 'NONE', *, *, #5604, .T. ) ;
#4655 = CARTESIAN_POINT ( 'NONE',  ( 0.000000000000000000, 17.22179549868289072, 31.63996725212966865 ) ) ;
#4656 = CARTESIAN_POINT ( 'NONE',  ( 0.000000000000000000, 12.69999999999999929, 15.25000000000000000 ) ) ;
#4657 = DIRECTION ( 'NONE',  ( 0.000000000000000000, 0.000000000000000000, -1.000000000000000000 ) ) ;
#4658 = ORIENTED_EDGE ( 'NONE', *, *, #9300, .T. ) ;
#4659 = DIRECTION ( 'NONE',  ( 1.000000000000000000, 0.000000000000000000, 0.000000000000000000 ) ) ;
#4660 = EDGE_CURVE ( 'NONE', #4964, #8732, #7848, .T. ) ;
#4661 = VECTOR ( 'NONE', #4460, 1000.000000000000000 ) ;
#4662 = ORIENTED_EDGE ( 'NONE', *, *, #3844, .T. ) ;
#4663 = LINE ( 'NONE', #7758, #1191 ) ;
#4664 = CIRCLE ( 'NONE', #9206, 1.000000000000000000 ) ;
#4665 = CARTESIAN_POINT ( 'NONE',  ( 9.099999999999999645, 8.852528284970183847, -3.034318667216647558 ) ) ;
#4666 = DIRECTION ( 'NONE',  ( 0.000000000000000000, 1.000000000000000000, 0.000000000000000000 ) ) ;
#4667 = DIRECTION ( 'NONE',  ( 0.000000000000000000, 0.000000000000000000, -1.000000000000000000 ) ) ;
#4668 = ADVANCED_FACE ( 'NONE', ( #8997 ), #23, .T. ) ;
#4669 = CARTESIAN_POINT ( 'NONE',  ( 9.199999999999999289, 4.962764524705690405, -2.500000000000000000 ) ) ;
#4670 = ORIENTED_EDGE ( 'NONE', *, *, #8873, .T. ) ;
#4671 = EDGE_CURVE ( 'NONE', #2222, #7262, #9044, .T. ) ;
#4672 = CARTESIAN_POINT ( 'NONE',  ( 8.800000000000000711, 25.69999999999999929, 26.63271332580049844 ) ) ;
#4673 = VECTOR ( 'NONE', #9306, 1000.000000000000000 ) ;
#4674 = ORIENTED_EDGE ( 'NONE', *, *, #9232, .T. ) ;
#4675 = AXIS2_PLACEMENT_3D ( 'NONE', #6180, #7054, #8569 ) ;
#4676 = AXIS2_PLACEMENT_3D ( 'NONE', #5535, #6851, #4068 ) ;
#4677 = DIRECTION ( 'NONE',  ( 1.000000000000000000, 0.000000000000000000, 0.000000000000000000 ) ) ;
#4678 = ORIENTED_EDGE ( 'NONE', *, *, #2787, .F. ) ;
#4679 = CARTESIAN_POINT ( 'NONE',  ( 10.20000000000000107, 7.799999999999999822, -2.775557561562889872E-16 ) ) ;
#4680 = VECTOR ( 'NONE', #2367, 1000.000000000000114 ) ;
#4681 = DIRECTION ( 'NONE',  ( 1.000000000000000000, 0.000000000000000000, 0.000000000000000000 ) ) ;
#4682 = CONICAL_SURFACE ( 'NONE', #3600, 1.099999999999998757, 0.7853981633974469467 ) ;
#4683 = ORIENTED_EDGE ( 'NONE', *, *, #514, .T. ) ;
#4684 = ORIENTED_EDGE ( 'NONE', *, *, #1365, .F. ) ;
#4685 = EDGE_CURVE ( 'NONE', #7865, #1970, #373, .T. ) ;
#4686 = LINE ( 'NONE', #171, #3450 ) ;
#4687 = ORIENTED_EDGE ( 'NONE', *, *, #4896, .F. ) ;
#4688 = AXIS2_PLACEMENT_3D ( 'NONE', #7066, #9096, #3902 ) ;
#4689 = CIRCLE ( 'NONE', #2522, 1.200000000000000400 ) ;
#4690 = EDGE_CURVE ( 'NONE', #2086, #4880, #6427, .T. ) ;
#4691 = VERTEX_POINT ( 'NONE', #7480 ) ;
#4692 = CARTESIAN_POINT ( 'NONE',  ( 1.199999999999999956, 19.19999999999999929, 19.19999999999999929 ) ) ;
#4693 = ADVANCED_FACE ( 'NONE', ( #715 ), #8209, .F. ) ;
#4694 = LINE ( 'NONE', #8361, #4642 ) ;
#4695 = DIRECTION ( 'NONE',  ( 0.000000000000000000, 1.000000000000000000, 0.000000000000000000 ) ) ;
#4696 = ORIENTED_EDGE ( 'NONE', *, *, #8199, .T. ) ;
#4697 = CARTESIAN_POINT ( 'NONE',  ( 9.634314575050762386, -44.50000000000001421, -1.100000000000002531 ) ) ;
#4698 = AXIS2_PLACEMENT_3D ( 'NONE', #9558, #7357, #8130 ) ;
#4699 = DIRECTION ( 'NONE',  ( -0.7071067811865470176, 1.570092458683769990E-16, -0.7071067811865480168 ) ) ;
#4700 = ORIENTED_EDGE ( 'NONE', *, *, #6347, .T. ) ;
#4701 = EDGE_CURVE ( 'NONE', #2707, #2068, #4593, .T. ) ;
#4702 = LINE ( 'NONE', #7741, #9370 ) ;
#4703 = CIRCLE ( 'NONE', #5948, 1.200000000000000622 ) ;
#4704 = ORIENTED_EDGE ( 'NONE', *, *, #8084, .T. ) ;
#4705 = DIRECTION ( 'NONE',  ( 1.000000000000000000, 0.000000000000000000, 0.000000000000000000 ) ) ;
#4706 = VECTOR ( 'NONE', #7098, 1000.000000000000000 ) ;
#4707 = VECTOR ( 'NONE', #6599, 1000.000000000000000 ) ;
#4708 = CARTESIAN_POINT ( 'NONE',  ( 1.600000000000000089, 20.04999995031739957, 20.04999999999999716 ) ) ;
#4709 = DIRECTION ( 'NONE',  ( 0.000000000000000000, -0.7071067811865470176, -0.7071067811865480168 ) ) ;
#4710 = ORIENTED_EDGE ( 'NONE', *, *, #2610, .F. ) ;
#4711 = DIRECTION ( 'NONE',  ( 0.5773502691896345018, -0.5773502691896214012, -0.5773502691896214012 ) ) ;
#4712 = CARTESIAN_POINT ( 'NONE',  ( 0.000000000000000000, -3.100000000000000089, 0.9000000000000000222 ) ) ;
#4713 = DIRECTION ( 'NONE',  ( 0.000000000000000000, 4.440892098500630106E-16, -1.000000000000000000 ) ) ;
#4714 = ORIENTED_EDGE ( 'NONE', *, *, #3730, .F. ) ;
#4715 = CARTESIAN_POINT ( 'NONE',  ( 8.800000000000000711, 20.10000000000000142, 31.69999999999999929 ) ) ;
#4716 = VECTOR ( 'NONE', #8164, 1000.000000000000000 ) ;
#4717 = EDGE_LOOP ( 'NONE', ( #650, #8018, #3561, #1243 ) ) ;
#4718 = AXIS2_PLACEMENT_3D ( 'NONE', #7876, #3379, #1196 ) ;
#4719 = CIRCLE ( 'NONE', #6915, 0.5999999999999998668 ) ;
#4720 = DIRECTION ( 'NONE',  ( 0.000000000000000000, 0.000000000000000000, -1.000000000000000000 ) ) ;
#4721 = EDGE_CURVE ( 'NONE', #6923, #1179, #3766, .T. ) ;
#4722 = LINE ( 'NONE', #9272, #7548 ) ;
#4723 = DIRECTION ( 'NONE',  ( 1.000000000000000000, 0.000000000000000000, 0.000000000000000000 ) ) ;
#4724 = FACE_OUTER_BOUND ( 'NONE', #9289, .T. ) ;
#4725 = CARTESIAN_POINT ( 'NONE',  ( 8.800000000000000711, 17.69999999999999929, 7.299999999999999822 ) ) ;
#4726 = EDGE_LOOP ( 'NONE', ( #7030, #4172, #9448, #8802 ) ) ;
#4727 = CARTESIAN_POINT ( 'NONE',  ( 3.799999999999999822, 7.485786437626910761, 8.500000000000000000 ) ) ;
#4728 = VERTEX_POINT ( 'NONE', #6740 ) ;
#4729 = AXIS2_PLACEMENT_3D ( 'NONE', #7805, #9362, #6920 ) ;
#4730 = CYLINDRICAL_SURFACE ( 'NONE', #3574, 0.9999999999999964473 ) ;
#4731 = ORIENTED_EDGE ( 'NONE', *, *, #9265, .F. ) ;
#4732 = EDGE_CURVE ( 'NONE', #8556, #6724, #2307, .T. ) ;
#4733 = DIRECTION ( 'NONE',  ( 1.000000000000000000, 0.000000000000000000, 0.000000000000000000 ) ) ;
#4734 = LINE ( 'NONE', #6295, #3941 ) ;
#4735 = ORIENTED_EDGE ( 'NONE', *, *, #4114, .T. ) ;
#4736 = ORIENTED_EDGE ( 'NONE', *, *, #5264, .T. ) ;
#4737 = DIRECTION ( 'NONE',  ( -1.000000000000000000, 0.000000000000000000, 0.000000000000000000 ) ) ;
#4738 = EDGE_LOOP ( 'NONE', ( #2593, #3779, #1872, #9074, #5143, #4960, #2208, #2095 ) ) ;
#4739 = VECTOR ( 'NONE', #1901, 1000.000000000000000 ) ;
#4740 = ADVANCED_FACE ( 'NONE', ( #8253 ), #9630, .F. ) ;
#4741 = ORIENTED_EDGE ( 'NONE', *, *, #4986, .T. ) ;
#4742 = ADVANCED_FACE ( 'NONE', ( #5914 ), #5316, .T. ) ;
#4743 = CARTESIAN_POINT ( 'NONE',  ( 8.800000000000000711, 15.69999999999999929, 1.500000000000000000 ) ) ;
#4744 = DIRECTION ( 'NONE',  ( -2.220446049250304946E-16, 1.000000000000000000, 0.000000000000000000 ) ) ;
#4745 = CARTESIAN_POINT ( 'NONE',  ( 1.399999999999999911, -22.47184141886165420, -1.699999999999998179 ) ) ;
#4746 = ORIENTED_EDGE ( 'NONE', *, *, #1069, .F. ) ;
#4747 = DIRECTION ( 'NONE',  ( 0.000000000000000000, -0.9059677699816659491, 0.4233466661666858699 ) ) ;
#4748 = LINE ( 'NONE', #3341, #2357 ) ;
#4749 = ORIENTED_EDGE ( 'NONE', *, *, #7630, .T. ) ;
#4750 = LINE ( 'NONE', #3244, #2198 ) ;
#4751 = EDGE_CURVE ( 'NONE', #5166, #4307, #8898, .T. ) ;
#4752 = ORIENTED_EDGE ( 'NONE', *, *, #4288, .F. ) ;
#4753 = CARTESIAN_POINT ( 'NONE',  ( 9.199999999999999289, 25.30000000000000071, 25.88505464708130077 ) ) ;
#4754 = EDGE_CURVE ( 'NONE', #4089, #3976, #1416, .T. ) ;
#4755 = DIRECTION ( 'NONE',  ( 1.000000000000000000, 0.000000000000000000, 0.000000000000000000 ) ) ;
#4756 = LINE ( 'NONE', #8419, #4776 ) ;
#4757 = VERTEX_POINT ( 'NONE', #5021 ) ;
#4758 = DIRECTION ( 'NONE',  ( -1.000000000000000000, 0.000000000000000000, 0.000000000000000000 ) ) ;
#4759 = LINE ( 'NONE', #6269, #4673 ) ;
#4760 = FACE_OUTER_BOUND ( 'NONE', #8032, .T. ) ;
#4761 = ORIENTED_EDGE ( 'NONE', *, *, #3971, .F. ) ;
#4762 = CARTESIAN_POINT ( 'NONE',  ( 9.199999999999999289, -17.50000000000000000, -1.100000000000002531 ) ) ;
#4763 = ORIENTED_EDGE ( 'NONE', *, *, #8626, .F. ) ;
#4764 = CYLINDRICAL_SURFACE ( 'NONE', #6936, 0.9999999999999998890 ) ;
#4765 = CARTESIAN_POINT ( 'NONE',  ( 9.099999999999999645, 3.659290943147929909, -4.106043082262480048 ) ) ;
#4766 = CARTESIAN_POINT ( 'NONE',  ( 9.099999999999999645, 0.000000000000000000, 0.000000000000000000 ) ) ;
#4767 = DIRECTION ( 'NONE',  ( 0.000000000000000000, 2.312964634635743450E-15, -1.000000000000000000 ) ) ;
#4768 = CARTESIAN_POINT ( 'NONE',  ( 0.3326485797029238300, -6.876224192981664096, -6.832648579702924607 ) ) ;
#4769 = ORIENTED_EDGE ( 'NONE', *, *, #6480, .F. ) ;
#4770 = CARTESIAN_POINT ( 'NONE',  ( 8.800000000000000711, 26.40710678118649568, 2.807106781186550215 ) ) ;
#4771 = ORIENTED_EDGE ( 'NONE', *, *, #1990, .F. ) ;
#4772 = EDGE_CURVE ( 'NONE', #2002, #1762, #9427, .T. ) ;
#4773 = CARTESIAN_POINT ( 'NONE',  ( 9.199999999999999289, 20.10000000000000142, 7.299999999999999822 ) ) ;
#4774 = ORIENTED_EDGE ( 'NONE', *, *, #593, .T. ) ;
#4775 = CARTESIAN_POINT ( 'NONE',  ( 10.20000000000000107, 18.30000000000000071, 31.09999999999999787 ) ) ;
#4776 = VECTOR ( 'NONE', #3873, 1000.000000000000000 ) ;
#4777 = CARTESIAN_POINT ( 'NONE',  ( 9.799999999999998934, 20.69999999999999929, 22.89999999999999858 ) ) ;
#4778 = ORIENTED_EDGE ( 'NONE', *, *, #6655, .T. ) ;
#4779 = ORIENTED_EDGE ( 'NONE', *, *, #8325, .F. ) ;
#4780 = DIRECTION ( 'NONE',  ( 0.000000000000000000, 0.000000000000000000, 1.000000000000000000 ) ) ;
#4781 = ORIENTED_EDGE ( 'NONE', *, *, #7807, .T. ) ;
#4782 = EDGE_CURVE ( 'NONE', #9162, #3226, #7417, .T. ) ;
#4783 = ORIENTED_EDGE ( 'NONE', *, *, #8509, .F. ) ;
#4784 = DIRECTION ( 'NONE',  ( -0.7071067811865470176, 1.570092458683779851E-16, -0.7071067811865480168 ) ) ;
#4785 = DIRECTION ( 'NONE',  ( -1.000000000000000000, 0.000000000000000000, 0.000000000000000000 ) ) ;
#4786 = EDGE_LOOP ( 'NONE', ( #8104, #6630 ) ) ;
#4787 = FACE_OUTER_BOUND ( 'NONE', #3849, .T. ) ;
#4788 = EDGE_CURVE ( 'NONE', #2818, #4538, #743, .T. ) ;
#4789 = AXIS2_PLACEMENT_3D ( 'NONE', #5178, #8067, #2166 ) ;
#4790 = ORIENTED_EDGE ( 'NONE', *, *, #1793, .T. ) ;
#4791 = DIRECTION ( 'NONE',  ( 0.7071067811865474617, -0.7071067811865474617, 0.000000000000000000 ) ) ;
#4792 = ORIENTED_EDGE ( 'NONE', *, *, #4782, .T. ) ;
#4793 = DIRECTION ( 'NONE',  ( -0.000000000000000000, -1.000000000000000000, -0.000000000000000000 ) ) ;
#4794 = EDGE_CURVE ( 'NONE', #7345, #4233, #696, .T. ) ;
#4795 = LINE ( 'NONE', #8521, #2680 ) ;
#4796 = FACE_OUTER_BOUND ( 'NONE', #4398, .T. ) ;
#4797 = ORIENTED_EDGE ( 'NONE', *, *, #7178, .F. ) ;
#4798 = PLANE ( 'NONE',  #4676 ) ;
#4799 = LINE ( 'NONE', #8376, #3433 ) ;
#4800 = CARTESIAN_POINT ( 'NONE',  ( 10.00000000000000000, 3.700000000000000178, -0.9000000000000000222 ) ) ;
#4801 = ORIENTED_EDGE ( 'NONE', *, *, #674, .F. ) ;
#4802 = DIRECTION ( 'NONE',  ( 0.000000000000000000, -1.000000000000000000, -2.220446049250304946E-16 ) ) ;
#4803 = CIRCLE ( 'NONE', #1857, 1.000000000000000000 ) ;
#4804 = EDGE_CURVE ( 'NONE', #7070, #1722, #5494, .T. ) ;
#4805 = VERTEX_POINT ( 'NONE', #5750 ) ;
#4806 = CARTESIAN_POINT ( 'NONE',  ( 9.199999999999999289, 20.69999999999999929, 7.299999991816339850 ) ) ;
#4807 = CARTESIAN_POINT ( 'NONE',  ( 1.000000000000000000, 12.05844479950889969, 27.39979019595289955 ) ) ;
#4808 = DIRECTION ( 'NONE',  ( -1.000000000000000000, 0.000000000000000000, 0.000000000000000000 ) ) ;
#4809 = LINE ( 'NONE', #4863, #1627 ) ;
#4810 = ADVANCED_FACE ( 'NONE', ( #9470 ), #3606, .T. ) ;
#4811 = CARTESIAN_POINT ( 'NONE',  ( 9.000000000000000000, 1.870828693386969999, -2.500000000000000000 ) ) ;
#4812 =( NAMED_UNIT ( * ) PLANE_ANGLE_UNIT ( ) SI_UNIT ( $, .RADIAN. ) );
#4813 = CONICAL_SURFACE ( 'NONE', #625, 0.7999999999999992673, 0.7853981633974476129 ) ;
#4814 = VERTEX_POINT ( 'NONE', #2741 ) ;
#4815 = EDGE_CURVE ( 'NONE', #2565, #8897, #2921, .T. ) ;
#4816 = CARTESIAN_POINT ( 'NONE',  ( 9.799999999999998934, 20.09999994756589814, 31.69999999999999929 ) ) ;
#4817 = VERTEX_POINT ( 'NONE', #3555 ) ;
#4818 = CARTESIAN_POINT ( 'NONE',  ( 9.197594763131007767, 2.591422219494645685, 1.100000000000000089 ) ) ;
#4819 = VECTOR ( 'NONE', #11, 1000.000000000000114 ) ;
#4820 = EDGE_LOOP ( 'NONE', ( #7091, #8686, #9380, #1091 ) ) ;
#4821 = DIRECTION ( 'NONE',  ( 0.7071067811865480168, -0.3884401829758477032, 0.5908588869177558989 ) ) ;
#4822 = CARTESIAN_POINT ( 'NONE',  ( 9.000000000000000000, 7.108401313247946440, -5.805967769981665860 ) ) ;
#4823 = EDGE_LOOP ( 'NONE', ( #4670, #6306, #5464, #7676 ) ) ;
#4824 = VERTEX_POINT ( 'NONE', #2103 ) ;
#4825 = CARTESIAN_POINT ( 'NONE',  ( 9.199999999999999289, 22.41017914787880017, 22.06090017975529705 ) ) ;
#4826 = VECTOR ( 'NONE', #2381, 1000.000000000000000 ) ;
#4827 = EDGE_LOOP ( 'NONE', ( #2045, #1481, #3251, #437 ) ) ;
#4828 = AXIS2_PLACEMENT_3D ( 'NONE', #813, #4501, #8316 ) ;
#4829 = ORIENTED_EDGE ( 'NONE', *, *, #8337, .T. ) ;
#4830 = VECTOR ( 'NONE', #2942, 1000.000000000000114 ) ;
#4831 = PLANE ( 'NONE',  #6423 ) ;
#4832 = AXIS2_PLACEMENT_3D ( 'NONE', #5004, #3402, #6424 ) ;
#4833 = EDGE_CURVE ( 'NONE', #6224, #7285, #8736, .T. ) ;
#4834 = CARTESIAN_POINT ( 'NONE',  ( 9.000000000000000000, 4.962764524705690405, -2.500000000000000000 ) ) ;
#4835 = EDGE_LOOP ( 'NONE', ( #8549, #2931, #4049, #1049 ) ) ;
#4836 = DIRECTION ( 'NONE',  ( 0.000000000000000000, -1.000000000000000000, 0.000000000000000000 ) ) ;
#4837 = ORIENTED_EDGE ( 'NONE', *, *, #1705, .F. ) ;
#4838 = LINE ( 'NONE', #3918, #6394 ) ;
#4839 = AXIS2_PLACEMENT_3D ( 'NONE', #6451, #7136, #4890 ) ;
#4840 = ORIENTED_EDGE ( 'NONE', *, *, #524, .F. ) ;
#4841 = DIRECTION ( 'NONE',  ( 0.000000000000000000, -0.9059677699816659491, 0.4233466661666858699 ) ) ;
#4842 = CARTESIAN_POINT ( 'NONE',  ( 0.000000000000000000, 17.50000000000040146, 21.67184141886290050 ) ) ;
#4843 =( GEOMETRIC_REPRESENTATION_CONTEXT ( 3 ) GLOBAL_UNCERTAINTY_ASSIGNED_CONTEXT ( ( #8664 ) ) GLOBAL_UNIT_ASSIGNED_CONTEXT ( ( #400, #4812, #8535 ) ) REPRESENTATION_CONTEXT ( 'NONE', 'WORKASPACE' ) );
#4844 = CARTESIAN_POINT ( 'NONE',  ( 9.799999999999998934, -44.50000000000001421, -1.100000000000002531 ) ) ;
#4845 = EDGE_CURVE ( 'NONE', #4625, #7711, #1298, .T. ) ;
#4846 = AXIS2_PLACEMENT_3D ( 'NONE', #2209, #3042, #4490 ) ;
#4847 = EDGE_LOOP ( 'NONE', ( #6715, #1947, #8366, #2058 ) ) ;
#4848 = CARTESIAN_POINT ( 'NONE',  ( 9.000000000000000000, -5.583473221245218276, -5.899999999999999467 ) ) ;
#4849 = FACE_OUTER_BOUND ( 'NONE', #2503, .T. ) ;
#4850 = FACE_OUTER_BOUND ( 'NONE', #1302, .T. ) ;
#4851 = VERTEX_POINT ( 'NONE', #5802 ) ;
#4852 = CARTESIAN_POINT ( 'NONE',  ( 0.5000000000000000000, 13.59644660940669780, -9.296446609406729067 ) ) ;
#4853 = VECTOR ( 'NONE', #7995, 1000.000000000000000 ) ;
#4854 = AXIS2_PLACEMENT_3D ( 'NONE', #5250, #8146, #2339 ) ;
#4855 = EDGE_CURVE ( 'NONE', #8589, #8211, #7994, .T. ) ;
#4856 = ADVANCED_FACE ( 'NONE', ( #8142 ), #5068, .F. ) ;
#4857 = ORIENTED_EDGE ( 'NONE', *, *, #9140, .F. ) ;
#4858 = DIRECTION ( 'NONE',  ( 0.000000000000000000, -0.3412646552513079468, 0.9399672521296716932 ) ) ;
#4859 = EDGE_CURVE ( 'NONE', #6008, #9082, #9613, .T. ) ;
#4860 = DIRECTION ( 'NONE',  ( -0.000000000000000000, -1.000000000000000000, -0.000000000000000000 ) ) ;
#4861 = VECTOR ( 'NONE', #8955, 1000.000000000000114 ) ;
#4862 = DIRECTION ( 'NONE',  ( 0.000000000000000000, 0.5493373725205369373, 0.8356006529151548401 ) ) ;
#4863 = CARTESIAN_POINT ( 'NONE',  ( 1.000000000000000000, 21.47849504655690112, 31.46707687015239685 ) ) ;
#4864 = FACE_OUTER_BOUND ( 'NONE', #6682, .T. ) ;
#4865 = AXIS2_PLACEMENT_3D ( 'NONE', #5743, #6377, #5595 ) ;
#4866 = DIRECTION ( 'NONE',  ( 0.000000000000000000, 0.000000000000000000, 1.000000000000000000 ) ) ;
#4867 = ORIENTED_EDGE ( 'NONE', *, *, #424, .F. ) ;
#4868 = CARTESIAN_POINT ( 'NONE',  ( 9.199999999999999289, 18.70000000000000284, 16.54670016771569863 ) ) ;
#4869 = EDGE_CURVE ( 'NONE', #183, #4487, #2882, .T. ) ;
#4870 = ORIENTED_EDGE ( 'NONE', *, *, #3247, .F. ) ;
#4871 = ADVANCED_FACE ( 'NONE', ( #2004 ), #4433, .T. ) ;
#4872 = EDGE_LOOP ( 'NONE', ( #4320, #51, #2934, #2405 ) ) ;
#4873 = VECTOR ( 'NONE', #1513, 1000.000000000000000 ) ;
#4874 = ORIENTED_EDGE ( 'NONE', *, *, #3803, .T. ) ;
#4875 = ADVANCED_FACE ( 'NONE', ( #5104 ), #8091, .F. ) ;
#4876 = CARTESIAN_POINT ( 'NONE',  ( 1.199999999999999956, 17.50000000000000000, 20.04999999999999716 ) ) ;
#4877 = DIRECTION ( 'NONE',  ( -1.000000000000000000, 0.000000000000000000, 0.000000000000000000 ) ) ;
#4878 = VECTOR ( 'NONE', #2496, 1000.000000000000000 ) ;
#4879 = VECTOR ( 'NONE', #1367, 1000.000000000000000 ) ;
#4880 = VERTEX_POINT ( 'NONE', #8238 ) ;
#4881 = CYLINDRICAL_SURFACE ( 'NONE', #6251, 1.000000000000001554 ) ;
#4882 = ORIENTED_EDGE ( 'NONE', *, *, #7695, .T. ) ;
#4883 = EDGE_CURVE ( 'NONE', #6671, #6710, #9397, .T. ) ;
#4884 = VECTOR ( 'NONE', #1278, 1000.000000000000000 ) ;
#4885 = AXIS2_PLACEMENT_3D ( 'NONE', #4765, #9223, #3117 ) ;
#4886 = ORIENTED_EDGE ( 'NONE', *, *, #4048, .F. ) ;
#4887 = DIRECTION ( 'NONE',  ( 0.000000000000000000, -0.9764170757445556070, -0.2158927840258928754 ) ) ;
#4888 = DIRECTION ( 'NONE',  ( 4.440892098500630106E-16, 0.000000000000000000, 1.000000000000000000 ) ) ;
#4889 = ORIENTED_EDGE ( 'NONE', *, *, #3362, .T. ) ;
#4890 = DIRECTION ( 'NONE',  ( 0.000000000000000000, 0.000000000000000000, -1.000000000000000000 ) ) ;
#4891 = VERTEX_POINT ( 'NONE', #5247 ) ;
#4892 = AXIS2_PLACEMENT_3D ( 'NONE', #3108, #6082, #4713 ) ;
#4893 = DIRECTION ( 'NONE',  ( 0.000000000000000000, 0.000000000000000000, -1.000000000000000000 ) ) ;
#4894 = ORIENTED_EDGE ( 'NONE', *, *, #2491, .T. ) ;
#4895 = DIRECTION ( 'NONE',  ( 0.000000000000000000, -1.000000000000000000, -4.386212498149690880E-17 ) ) ;
#4896 = EDGE_CURVE ( 'NONE', #5913, #5789, #7565, .T. ) ;
#4897 = VECTOR ( 'NONE', #6177, 1000.000000000000000 ) ;
#4898 = LINE ( 'NONE', #4118, #38 ) ;
#4899 = CARTESIAN_POINT ( 'NONE',  ( 1.600000000000000089, 19.19999999999999929, 19.19999999999999929 ) ) ;
#4900 = ORIENTED_EDGE ( 'NONE', *, *, #3084, .F. ) ;
#4901 = DIRECTION ( 'NONE',  ( 0.000000000000000000, -0.8356006529151543960, -0.5493373725205374924 ) ) ;
#4902 = FACE_OUTER_BOUND ( 'NONE', #8910, .T. ) ;
#4903 = DIRECTION ( 'NONE',  ( 0.7071067811865480168, 0.7071067811865470176, 2.869026543037010781E-16 ) ) ;
#4904 = ORIENTED_EDGE ( 'NONE', *, *, #8687, .F. ) ;
#4905 = PLANE ( 'NONE',  #339 ) ;
#4906 = AXIS2_PLACEMENT_3D ( 'NONE', #6750, #91, #1350 ) ;
#4907 = EDGE_CURVE ( 'NONE', #8805, #1784, #6720, .T. ) ;
#4908 = ORIENTED_EDGE ( 'NONE', *, *, #8242, .F. ) ;
#4909 = DIRECTION ( 'NONE',  ( -1.000000000000000000, 0.000000000000000000, 0.000000000000000000 ) ) ;
#4910 = CARTESIAN_POINT ( 'NONE',  ( 3.799999999999999378, -22.11660104885167755, 1.500000000000000000 ) ) ;
#4911 = DIRECTION ( 'NONE',  ( 0.000000000000000000, 1.000000000000000000, 0.000000000000000000 ) ) ;
#4912 = CARTESIAN_POINT ( 'NONE',  ( 1.000000000000000000, 12.69999999999999929, 26.63271332580049844 ) ) ;
#4913 = CARTESIAN_POINT ( 'NONE',  ( 9.199999999999999289, 21.22187296636049680, 31.16024612209150035 ) ) ;
#4914 = FACE_OUTER_BOUND ( 'NONE', #7152, .T. ) ;
#4915 = EDGE_CURVE ( 'NONE', #3399, #1982, #785, .T. ) ;
#4916 = ORIENTED_EDGE ( 'NONE', *, *, #4978, .F. ) ;
#4917 = LINE ( 'NONE', #1268, #8765 ) ;
#4918 = ORIENTED_EDGE ( 'NONE', *, *, #2372, .F. ) ;
#4919 = EDGE_CURVE ( 'NONE', #6446, #1170, #7378, .T. ) ;
#4920 = CIRCLE ( 'NONE', #1342, 2.999999999999999112 ) ;
#4921 = EDGE_LOOP ( 'NONE', ( #4874, #5413, #6834, #4894, #671 ) ) ;
#4922 = ORIENTED_EDGE ( 'NONE', *, *, #5302, .F. ) ;
#4923 = DIRECTION ( 'NONE',  ( 1.000000000000000000, 0.000000000000000000, 0.000000000000000000 ) ) ;
#4924 = CARTESIAN_POINT ( 'NONE',  ( 0.000000000000000000, 3.100000000000000089, -0.8999999856759480776 ) ) ;
#4925 = CARTESIAN_POINT ( 'NONE',  ( 0.000000000000000000, 15.69999999999999929, 3.500000000000000000 ) ) ;
#4926 = EDGE_CURVE ( 'NONE', #8807, #7117, #9132, .T. ) ;
#4927 = ORIENTED_EDGE ( 'NONE', *, *, #329, .T. ) ;
#4928 = DIRECTION ( 'NONE',  ( -1.000000000000000000, 0.000000000000000000, 0.000000000000000000 ) ) ;
#4929 = ORIENTED_EDGE ( 'NONE', *, *, #2682, .F. ) ;
#4930 = ADVANCED_FACE ( 'NONE', ( #110 ), #5648, .F. ) ;
#4931 = EDGE_LOOP ( 'NONE', ( #6461, #1063, #8506, #5507 ) ) ;
#4932 = ADVANCED_FACE ( 'NONE', ( #6817 ), #3071, .F. ) ;
#4933 = CARTESIAN_POINT ( 'NONE',  ( 9.199999999999999289, 25.00596776998166604, 12.09159868675201466 ) ) ;
#4934 = CARTESIAN_POINT ( 'NONE',  ( 9.199999999999999289, 21.50000001490119672, 24.16276451370509903 ) ) ;
#4935 = ORIENTED_EDGE ( 'NONE', *, *, #8875, .T. ) ;
#4936 = DIRECTION ( 'NONE',  ( -0.7071067811865480168, 0.000000000000000000, 0.7071067811865470176 ) ) ;
#4937 = ORIENTED_EDGE ( 'NONE', *, *, #5332, .T. ) ;
#4938 = LINE ( 'NONE', #7284, #495 ) ;
#4939 = ORIENTED_EDGE ( 'NONE', *, *, #1192, .T. ) ;
#4940 = DIRECTION ( 'NONE',  ( 0.000000000000000000, -0.000000000000000000, 1.000000000000000000 ) ) ;
#4941 = PLANE ( 'NONE',  #206 ) ;
#4942 = DIRECTION ( 'NONE',  ( 0.000000000000000000, -0.5493373749351307955, 0.8356006513277617342 ) ) ;
#4943 = ORIENTED_EDGE ( 'NONE', *, *, #562, .F. ) ;
#4944 = CARTESIAN_POINT ( 'NONE',  ( 3.369048105154696771, -22.50000000000000355, -1.500000000000000000 ) ) ;
#4945 = DIRECTION ( 'NONE',  ( 0.000000000000000000, 1.000000000000000000, 0.000000000000000000 ) ) ;
#4946 = CYLINDRICAL_SURFACE ( 'NONE', #8964, 1.000000000000000888 ) ;
#4947 = ORIENTED_EDGE ( 'NONE', *, *, #6075, .T. ) ;
#4948 = CYLINDRICAL_SURFACE ( 'NONE', #8427, 1.000000000000000444 ) ;
#4949 = ORIENTED_EDGE ( 'NONE', *, *, #3126, .F. ) ;
#4950 = DIRECTION ( 'NONE',  ( -1.000000000000000000, -0.000000000000000000, -0.000000000000000000 ) ) ;
#4951 = DIRECTION ( 'NONE',  ( 0.7071067811865470176, -0.7071067811865480168, -3.140184917367550333E-16 ) ) ;
#4952 = CARTESIAN_POINT ( 'NONE',  ( 9.000000000000000000, 26.43910362600903241, 3.208066816481018435 ) ) ;
#4953 = EDGE_CURVE ( 'NONE', #8498, #8556, #1560, .T. ) ;
#4954 = AXIS2_PLACEMENT_3D ( 'NONE', #5801, #3513, #1324 ) ;
#4955 = DIRECTION ( 'NONE',  ( 0.000000000000000000, 0.000000000000000000, -1.000000000000000000 ) ) ;
#4956 = EDGE_CURVE ( 'NONE', #8595, #6446, #8387, .T. ) ;
#4957 = DIRECTION ( 'NONE',  ( 0.000000000000000000, -0.7670768701524097732, 0.6415552004911058148 ) ) ;
#4958 = VERTEX_POINT ( 'NONE', #2246 ) ;
#4959 = CARTESIAN_POINT ( 'NONE',  ( 1.000000000000000000, 20.83693984606579974, 30.70000000000000284 ) ) ;
#4960 = ORIENTED_EDGE ( 'NONE', *, *, #9113, .F. ) ;
#4961 = VECTOR ( 'NONE', #1470, 1000.000000000000000 ) ;
#4962 = VERTEX_POINT ( 'NONE', #9027 ) ;
#4963 = ADVANCED_FACE ( 'NONE', ( #3749 ), #7515, .F. ) ;
#4964 = VERTEX_POINT ( 'NONE', #5296 ) ;
#4965 = DIRECTION ( 'NONE',  ( 0.000000000000000000, 0.3826834323650903369, -0.9238795325112865164 ) ) ;
#4966 = CARTESIAN_POINT ( 'NONE',  ( 9.907900857355931734, -22.60790085735592925, -0.9790085735592716221 ) ) ;
#4967 = DIRECTION ( 'NONE',  ( 1.000000000000000000, 0.000000000000000000, 0.000000000000000000 ) ) ;
#4968 = CARTESIAN_POINT ( 'NONE',  ( 9.799999999999998934, 20.69999999999999929, 15.50000000000000000 ) ) ;
#4969 = EDGE_CURVE ( 'NONE', #9020, #6224, #4577, .T. ) ;
#4970 = EDGE_LOOP ( 'NONE', ( #6508, #9318, #4353, #1190 ) ) ;
#4971 = DIRECTION ( 'NONE',  ( 1.000000000000000000, 0.000000000000000000, 0.000000000000000000 ) ) ;
#4972 = VERTEX_POINT ( 'NONE', #1660 ) ;
#4973 = VECTOR ( 'NONE', #2662, 1000.000000000000000 ) ;
#4974 = EDGE_CURVE ( 'NONE', #3291, #5414, #7698, .T. ) ;
#4975 = ORIENTED_EDGE ( 'NONE', *, *, #9355, .F. ) ;
#4976 = DIRECTION ( 'NONE',  ( 0.000000000000000000, 1.000000000000000000, 0.000000000000000000 ) ) ;
#4977 = DIRECTION ( 'NONE',  ( 1.000000000000000000, -0.000000000000000000, -0.000000000000000000 ) ) ;
#4978 = EDGE_CURVE ( 'NONE', #7121, #4728, #3479, .T. ) ;
#4979 = AXIS2_PLACEMENT_3D ( 'NONE', #5327, #1731, #4747 ) ;
#4980 = ORIENTED_EDGE ( 'NONE', *, *, #4974, .F. ) ;
#4981 = PLANE ( 'NONE',  #5609 ) ;
#4982 = EDGE_LOOP ( 'NONE', ( #8116, #7679, #4139, #3422 ) ) ;
#4983 = CYLINDRICAL_SURFACE ( 'NONE', #1271, 1.000000000000000222 ) ;
#4984 = ORIENTED_EDGE ( 'NONE', *, *, #2133, .T. ) ;
#4985 = CARTESIAN_POINT ( 'NONE',  ( 3.752090533776624603, -47.45966712883356564, 1.500000000000000000 ) ) ;
#4986 = EDGE_CURVE ( 'NONE', #2707, #3017, #3172, .T. ) ;
#4987 = CIRCLE ( 'NONE', #3584, 0.9999999999999998890 ) ;
#4988 = VECTOR ( 'NONE', #4363, 1000.000000000000000 ) ;
#4989 = VECTOR ( 'NONE', #3926, 1000.000000000000000 ) ;
#4990 = CARTESIAN_POINT ( 'NONE',  ( 0.4000000000000000222, 19.19999999999999929, 16.19999999999999929 ) ) ;
#4991 = DIRECTION ( 'NONE',  ( 0.000000000000000000, 0.000000000000000000, -1.000000000000000000 ) ) ;
#4992 = EDGE_CURVE ( 'NONE', #7156, #9478, #6669, .T. ) ;
#4993 = EDGE_LOOP ( 'NONE', ( #2267, #5253, #308, #3768 ) ) ;
#4994 = DIRECTION ( 'NONE',  ( -0.7071067811865480168, 0.2705980500730977845, -0.6532814824381879548 ) ) ;
#4995 = AXIS2_PLACEMENT_3D ( 'NONE', #422, #6353, #9337 ) ;
#4996 = DIRECTION ( 'NONE',  ( 0.000000000000000000, 0.000000000000000000, 1.000000000000000000 ) ) ;
#4997 = DIRECTION ( 'NONE',  ( -1.000000000000000000, 0.000000000000000000, 0.000000000000000000 ) ) ;
#4998 = VERTEX_POINT ( 'NONE', #8192 ) ;
#4999 = LINE ( 'NONE', #2807, #4988 ) ;
#5000 = AXIS2_PLACEMENT_3D ( 'NONE', #1631, #6017, #3677 ) ;
#5001 = CONICAL_SURFACE ( 'NONE', #4688, 0.7999999999999992673, 0.7853981633974476129 ) ;
#5002 = ORIENTED_EDGE ( 'NONE', *, *, #297, .F. ) ;
#5003 = CARTESIAN_POINT ( 'NONE',  ( 9.199999999999999289, 22.47044244320894535, 22.30995355507346289 ) ) ;
#5004 = CARTESIAN_POINT ( 'NONE',  ( 10.00000000000000000, 20.10000000000000142, 31.09999999999999787 ) ) ;
#5005 = CARTESIAN_POINT ( 'NONE',  ( 9.000000000000000000, 25.69999999999999929, 26.63271332580049844 ) ) ;
#5006 = DIRECTION ( 'NONE',  ( 0.000000000000000000, -0.7071067896270760711, -0.7071067727460189634 ) ) ;
#5007 = VERTEX_POINT ( 'NONE', #4476 ) ;
#5008 = CARTESIAN_POINT ( 'NONE',  ( 9.199999999999999289, 20.10000000000000142, 31.09999999999999787 ) ) ;
#5009 = AXIS2_PLACEMENT_3D ( 'NONE', #6172, #2658, #1740 ) ;
#5010 = ORIENTED_EDGE ( 'NONE', *, *, #9643, .T. ) ;
#5011 = CARTESIAN_POINT ( 'NONE',  ( 3.799999999999999822, -3.569940774567247566, 7.100000000000000533 ) ) ;
#5012 = VECTOR ( 'NONE', #7468, 1000.000000000000000 ) ;
#5013 = ORIENTED_EDGE ( 'NONE', *, *, #7389, .F. ) ;
#5014 = EDGE_CURVE ( 'NONE', #2445, #7943, #3360, .T. ) ;
#5015 = ORIENTED_EDGE ( 'NONE', *, *, #7308, .F. ) ;
#5016 = VECTOR ( 'NONE', #4597, 1000.000000000000000 ) ;
#5017 = VERTEX_POINT ( 'NONE', #3219 ) ;
#5018 = CIRCLE ( 'NONE', #4865, 0.9999999999999998890 ) ;
#5019 = FACE_OUTER_BOUND ( 'NONE', #1806, .T. ) ;
#5020 = CARTESIAN_POINT ( 'NONE',  ( 9.199999999999999289, -47.35220327864307421, 1.099999999999997646 ) ) ;
#5021 = CARTESIAN_POINT ( 'NONE',  ( 9.799999999999998934, 17.69999999999999929, 22.89999999999999858 ) ) ;
#5022 = LINE ( 'NONE', #4145, #5983 ) ;
#5023 = VERTEX_POINT ( 'NONE', #8635 ) ;
#5024 = DIRECTION ( 'NONE',  ( 0.000000000000000000, -2.220446049250309876E-16, 1.000000000000000000 ) ) ;
#5025 = CIRCLE ( 'NONE', #4397, 1.200000000000000400 ) ;
#5026 = ORIENTED_EDGE ( 'NONE', *, *, #8655, .F. ) ;
#5027 = AXIS2_PLACEMENT_3D ( 'NONE', #128, #79, #4451 ) ;
#5028 = ADVANCED_FACE ( 'NONE', ( #3985 ), #6330, .F. ) ;
#5029 = ORIENTED_EDGE ( 'NONE', *, *, #3597, .T. ) ;
#5030 = AXIS2_PLACEMENT_3D ( 'NONE', #6011, #2348, #8157 ) ;
#5031 = DIRECTION ( 'NONE',  ( -1.000000000000000000, 0.000000000000000000, 0.000000000000000000 ) ) ;
#5032 = CIRCLE ( 'NONE', #8308, 0.9999999999999994449 ) ;
#5033 = DIRECTION ( 'NONE',  ( 0.000000000000000000, 0.000000000000000000, 1.000000000000000000 ) ) ;
#5034 = VECTOR ( 'NONE', #5355, 1000.000000000000000 ) ;
#5035 = VERTEX_POINT ( 'NONE', #8490 ) ;
#5036 = LINE ( 'NONE', #8017, #341 ) ;
#5037 = ORIENTED_EDGE ( 'NONE', *, *, #5134, .F. ) ;
#5038 = CARTESIAN_POINT ( 'NONE',  ( 10.20000000000000107, 19.19999999999999929, 27.00000000000000000 ) ) ;
#5039 = ORIENTED_EDGE ( 'NONE', *, *, #8500, .T. ) ;
#5040 = CARTESIAN_POINT ( 'NONE',  ( 8.800000000000000711, 20.83693984606579974, 30.70000000000000284 ) ) ;
#5041 = AXIS2_PLACEMENT_3D ( 'NONE', #1326, #2149, #554 ) ;
#5042 = ADVANCED_FACE ( 'NONE', ( #6967 ), #1776, .T. ) ;
#5043 = CARTESIAN_POINT ( 'NONE',  ( 3.799999999999999378, -17.88339895114832601, 0.9000000000000001332 ) ) ;
#5044 = DIRECTION ( 'NONE',  ( 1.000000000000000000, -0.000000000000000000, -0.000000000000000000 ) ) ;
#5045 = EDGE_CURVE ( 'NONE', #2099, #7119, #2676, .T. ) ;
#5046 = ORIENTED_EDGE ( 'NONE', *, *, #6327, .T. ) ;
#5047 = CARTESIAN_POINT ( 'NONE',  ( 10.20000000000000107, -17.10000000000000497, -1.100000000000000089 ) ) ;
#5048 = CARTESIAN_POINT ( 'NONE',  ( 10.20000000000000107, 18.29999998252199944, 31.30000000000000071 ) ) ;
#5049 = DIRECTION ( 'NONE',  ( -0.000000000000000000, -1.000000000000000000, -0.000000000000000000 ) ) ;
#5050 = VERTEX_POINT ( 'NONE', #348 ) ;
#5051 = FACE_OUTER_BOUND ( 'NONE', #1553, .T. ) ;
#5052 = EDGE_CURVE ( 'NONE', #3230, #5454, #2702, .T. ) ;
#5053 = EDGE_CURVE ( 'NONE', #6724, #4241, #7111, .T. ) ;
#5054 = ORIENTED_EDGE ( 'NONE', *, *, #5356, .T. ) ;
#5055 = DIRECTION ( 'NONE',  ( 0.000000000000000000, -0.6415552004911058148, -0.7670768701524097732 ) ) ;
#5056 = EDGE_CURVE ( 'NONE', #5709, #6338, #6280, .T. ) ;
#5057 = CARTESIAN_POINT ( 'NONE',  ( 4.799999999999999822, 0.000000000000000000, 0.000000000000000000 ) ) ;
#5058 = DIRECTION ( 'NONE',  ( 0.000000000000000000, 0.9059677699816648389, 0.4233466661666879793 ) ) ;
#5059 = CARTESIAN_POINT ( 'NONE',  ( 3.399999999999999911, 19.19999999999999929, 19.19999999999999929 ) ) ;
#5060 = VERTEX_POINT ( 'NONE', #303 ) ;
#5061 = VECTOR ( 'NONE', #3495, 1000.000000000000000 ) ;
#5062 = DIRECTION ( 'NONE',  ( 1.000000000000000000, 0.000000000000000000, 0.000000000000000000 ) ) ;
#5063 = ORIENTED_EDGE ( 'NONE', *, *, #8745, .F. ) ;
#5064 = DIRECTION ( 'NONE',  ( -1.000000000000000000, 0.000000000000000000, 0.000000000000000000 ) ) ;
#5065 = EDGE_LOOP ( 'NONE', ( #3457, #4159, #2540, #7631 ) ) ;
#5066 = CARTESIAN_POINT ( 'NONE',  ( 0.000000000000000000, 18.30000000000000071, 7.299999999999999822 ) ) ;
#5067 = CARTESIAN_POINT ( 'NONE',  ( 9.799999999999998934, -17.50000000000000000, -1.100000000000002531 ) ) ;
#5068 = CYLINDRICAL_SURFACE ( 'NONE', #4558, 1.000000000000000666 ) ;
#5069 = LINE ( 'NONE', #5851, #8796 ) ;
#5070 = ORIENTED_EDGE ( 'NONE', *, *, #2746, .T. ) ;
#5071 = DIRECTION ( 'NONE',  ( 0.000000000000000000, 0.000000000000000000, -1.000000000000000000 ) ) ;
#5072 = VERTEX_POINT ( 'NONE', #5546 ) ;
#5073 = ORIENTED_EDGE ( 'NONE', *, *, #1284, .T. ) ;
#5074 = CARTESIAN_POINT ( 'NONE',  ( 0.000000000000000000, 18.06171526149577389, 17.31650052663519901 ) ) ;
#5075 = DIRECTION ( 'NONE',  ( -1.000000000000000000, 0.000000000000000000, 0.000000000000000000 ) ) ;
#5076 = EDGE_LOOP ( 'NONE', ( #4115, #3067, #7961, #5955 ) ) ;
#5077 = EDGE_CURVE ( 'NONE', #3955, #7121, #6186, .T. ) ;
#5078 = ORIENTED_EDGE ( 'NONE', *, *, #253, .F. ) ;
#5079 = PLANE ( 'NONE',  #191 ) ;
#5080 = ORIENTED_EDGE ( 'NONE', *, *, #3732, .T. ) ;
#5081 = CARTESIAN_POINT ( 'NONE',  ( 9.199999999999999289, 18.10000000000000142, 16.06568542494930085 ) ) ;
#5082 = CARTESIAN_POINT ( 'NONE',  ( 1.199999999999999956, 0.000000000000000000, 0.000000000000000000 ) ) ;
#5083 = FACE_OUTER_BOUND ( 'NONE', #8277, .T. ) ;
#5084 = CARTESIAN_POINT ( 'NONE',  ( 9.200000000000004619, -2.622300066768775473, 1.100000000000000089 ) ) ;
#5085 = ORIENTED_EDGE ( 'NONE', *, *, #1543, .T. ) ;
#5086 = CARTESIAN_POINT ( 'NONE',  ( 9.199999999999999289, 21.14999998807990167, 6.700000000000000178 ) ) ;
#5087 = DIRECTION ( 'NONE',  ( 0.000000000000000000, -1.000000000000000000, 0.000000000000000000 ) ) ;
#5088 = ADVANCED_FACE ( 'NONE', ( #4724 ), #5502, .T. ) ;
#5089 = ORIENTED_EDGE ( 'NONE', *, *, #2669, .F. ) ;
#5090 = DIRECTION ( 'NONE',  ( -0.7071067811865470176, -0.7071067811865480168, -3.140184917367549840E-16 ) ) ;
#5091 = CARTESIAN_POINT ( 'NONE',  ( 4.799999999999999822, 22.27665334873451286, 27.96193149550926904 ) ) ;
#5092 = CARTESIAN_POINT ( 'NONE',  ( 8.799999999999998934, 12.16313031612255102, 1.500000000000000222 ) ) ;
#5093 = CARTESIAN_POINT ( 'NONE',  ( 0.000000000000000000, 20.10000000000000142, 15.50000000000000000 ) ) ;
#5094 = CARTESIAN_POINT ( 'NONE',  ( 0.000000000000000000, -25.51999999999984681, 16.52499999999994174 ) ) ;
#5095 = EDGE_CURVE ( 'NONE', #1338, #3722, #9175, .T. ) ;
#5096 = ORIENTED_EDGE ( 'NONE', *, *, #2914, .F. ) ;
#5097 = LINE ( 'NONE', #8042, #5474 ) ;
#5098 = ORIENTED_EDGE ( 'NONE', *, *, #2081, .F. ) ;
#5099 = DIRECTION ( 'NONE',  ( 0.7071067811865475727, 0.7071067811865475727, 0.000000000000000000 ) ) ;
#5100 = ORIENTED_EDGE ( 'NONE', *, *, #5632, .T. ) ;
#5101 = AXIS2_PLACEMENT_3D ( 'NONE', #3863, #1584, #6161 ) ;
#5102 = CARTESIAN_POINT ( 'NONE',  ( 9.000000000000000000, 22.70000001490119956, 27.05596372552760087 ) ) ;
#5103 = DIRECTION ( 'NONE',  ( -1.000000000000000000, 0.000000000000000000, 0.000000000000000000 ) ) ;
#5104 = FACE_OUTER_BOUND ( 'NONE', #4011, .T. ) ;
#5105 = CARTESIAN_POINT ( 'NONE',  ( 9.799999999999998934, 11.90000000000000036, 1.500000000000000000 ) ) ;
#5106 = EDGE_CURVE ( 'NONE', #2949, #4188, #4569, .T. ) ;
#5107 = ORIENTED_EDGE ( 'NONE', *, *, #8332, .T. ) ;
#5108 = LINE ( 'NONE', #4342, #7510 ) ;
#5109 = CIRCLE ( 'NONE', #7626, 0.5999999999999998668 ) ;
#5110 = DIRECTION ( 'NONE',  ( -1.000000000000000000, 0.000000000000000000, 0.000000000000000000 ) ) ;
#5111 = ORIENTED_EDGE ( 'NONE', *, *, #3380, .T. ) ;
#5112 = FACE_OUTER_BOUND ( 'NONE', #7581, .T. ) ;
#5113 = FACE_OUTER_BOUND ( 'NONE', #2466, .T. ) ;
#5114 = ORIENTED_EDGE ( 'NONE', *, *, #9284, .F. ) ;
#5115 = DIRECTION ( 'NONE',  ( 0.000000000000000000, 0.7071067811865470176, 0.7071067811865480168 ) ) ;
#5116 = EDGE_LOOP ( 'NONE', ( #6028, #1505, #7816, #1082, #2837 ) ) ;
#5117 = CARTESIAN_POINT ( 'NONE',  ( 10.20000000000000107, 20.09999994756589814, 31.30000000000000071 ) ) ;
#5118 = VECTOR ( 'NONE', #8173, 1000.000000000000227 ) ;
#5119 = EDGE_LOOP ( 'NONE', ( #6916, #5808, #2041, #7887 ) ) ;
#5120 = DIRECTION ( 'NONE',  ( 0.7071067811865551223, 0.000000000000000000, -0.7071067811865398012 ) ) ;
#5121 = EDGE_CURVE ( 'NONE', #7557, #9439, #4809, .T. ) ;
#5122 = CIRCLE ( 'NONE', #6847, 3.400000000000000355 ) ;
#5123 = CARTESIAN_POINT ( 'NONE',  ( 10.20000000000000107, 18.10000000000000142, 22.89999999999999858 ) ) ;
#5124 = DIRECTION ( 'NONE',  ( 0.000000000000000000, 0.000000000000000000, 1.000000000000000000 ) ) ;
#5125 = DIRECTION ( 'NONE',  ( 0.000000000000000000, 0.9059677699816666152, 0.4233466661666844821 ) ) ;
#5126 = ORIENTED_EDGE ( 'NONE', *, *, #5540, .T. ) ;
#5127 = DIRECTION ( 'NONE',  ( 0.000000000000000000, 0.000000000000000000, -1.000000000000000000 ) ) ;
#5128 = DIRECTION ( 'NONE',  ( 0.000000000000000000, 0.000000000000000000, 1.000000000000000000 ) ) ;
#5129 = ORIENTED_EDGE ( 'NONE', *, *, #842, .T. ) ;
#5130 = DIRECTION ( 'NONE',  ( 0.000000000000000000, -2.220446049250309876E-16, 1.000000000000000000 ) ) ;
#5131 = AXIS2_PLACEMENT_3D ( 'NONE', #6955, #388, #2525 ) ;
#5132 = AXIS2_PLACEMENT_3D ( 'NONE', #3304, #6913, #338 ) ;
#5133 = VECTOR ( 'NONE', #8866, 1000.000000000000114 ) ;
#5134 = EDGE_CURVE ( 'NONE', #1562, #7542, #241, .T. ) ;
#5135 = VECTOR ( 'NONE', #6166, 1000.000000000000114 ) ;
#5136 = DIRECTION ( 'NONE',  ( -1.000000000000000000, 0.000000000000000000, -0.000000000000000000 ) ) ;
#5137 = VECTOR ( 'NONE', #5425, 1000.000000000000000 ) ;
#5138 = CARTESIAN_POINT ( 'NONE',  ( 0.000000000000000000, 20.83693984606579974, 30.70000000000000284 ) ) ;
#5139 = FACE_OUTER_BOUND ( 'NONE', #6252, .T. ) ;
#5140 = CARTESIAN_POINT ( 'NONE',  ( 0.000000000000000000, 20.83693984606579974, 30.70000000000000284 ) ) ;
#5141 = ORIENTED_EDGE ( 'NONE', *, *, #6927, .F. ) ;
#5142 = DIRECTION ( 'NONE',  ( 0.000000000000000000, 1.000000000000000000, 0.000000000000000000 ) ) ;
#5143 = ORIENTED_EDGE ( 'NONE', *, *, #3392, .F. ) ;
#5144 = ADVANCED_FACE ( 'NONE', ( #3263 ), #4031, .T. ) ;
#5145 = VECTOR ( 'NONE', #1433, 1000.000000000000000 ) ;
#5146 = ADVANCED_FACE ( 'NONE', ( #1123 ), #442, .F. ) ;
#5147 = CIRCLE ( 'NONE', #2370, 1.200000000000000622 ) ;
#5148 = ADVANCED_FACE ( 'NONE', ( #6229 ), #5444, .T. ) ;
#5149 = EDGE_LOOP ( 'NONE', ( #1087, #618, #8770, #5306, #1224, #894 ) ) ;
#5150 = CARTESIAN_POINT ( 'NONE',  ( 8.800000000000000711, -20.00000000000000000, 2.449293598294706513E-15 ) ) ;
#5151 = FACE_OUTER_BOUND ( 'NONE', #2186, .T. ) ;
#5152 = VECTOR ( 'NONE', #4755, 1000.000000000000000 ) ;
#5153 = DIRECTION ( 'NONE',  ( 0.000000000000000000, -0.9764170757445561621, -0.2158927840258903774 ) ) ;
#5154 = CARTESIAN_POINT ( 'NONE',  ( 0.000000000000000000, -44.50000000000001421, -1.100000000000002531 ) ) ;
#5155 = LINE ( 'NONE', #5947, #3946 ) ;
#5156 = VECTOR ( 'NONE', #1999, 1000.000000000000000 ) ;
#5157 = EDGE_CURVE ( 'NONE', #1432, #8485, #2710, .T. ) ;
#5158 = ORIENTED_EDGE ( 'NONE', *, *, #9347, .T. ) ;
#5159 = CARTESIAN_POINT ( 'NONE',  ( 9.197619429019210813, -2.562388986893415321, 1.095481274421225892 ) ) ;
#5160 = EDGE_CURVE ( 'NONE', #8950, #1722, #9501, .T. ) ;
#5161 = DIRECTION ( 'NONE',  ( 1.000000000000000000, 0.000000000000000000, 0.000000000000000000 ) ) ;
#5162 = VECTOR ( 'NONE', #240, 1000.000000000000000 ) ;
#5163 = ORIENTED_EDGE ( 'NONE', *, *, #8825, .T. ) ;
#5164 = DIRECTION ( 'NONE',  ( -1.000000000000000000, 0.000000000000000000, 0.000000000000000000 ) ) ;
#5165 = CARTESIAN_POINT ( 'NONE',  ( 9.199999999999999289, 23.30604308226249799, 15.54070905685210136 ) ) ;
#5166 = VERTEX_POINT ( 'NONE', #4371 ) ;
#5167 = CIRCLE ( 'NONE', #7683, 1.199999999999999956 ) ;
#5168 = DIRECTION ( 'NONE',  ( -1.000000000000000000, 0.000000000000000000, 0.000000000000000000 ) ) ;
#5169 = ORIENTED_EDGE ( 'NONE', *, *, #4010, .T. ) ;
#5170 = DIRECTION ( 'NONE',  ( 0.000000000000000000, 1.000000000000000000, 0.000000000000000000 ) ) ;
#5171 = VECTOR ( 'NONE', #1633, 1000.000000000000000 ) ;
#5172 = ADVANCED_FACE ( 'NONE', ( #4282 ), #7257, .T. ) ;
#5173 = ORIENTED_EDGE ( 'NONE', *, *, #5397, .F. ) ;
#5174 = CARTESIAN_POINT ( 'NONE',  ( 9.917157287525382614, -44.50000000000001421, -0.8171572875253818591 ) ) ;
#5175 = VECTOR ( 'NONE', #3424, 1000.000000000000114 ) ;
#5176 = CIRCLE ( 'NONE', #5814, 2.000000000000000888 ) ;
#5177 = FACE_OUTER_BOUND ( 'NONE', #515, .T. ) ;
#5178 = CARTESIAN_POINT ( 'NONE',  ( 0.5000000000000000000, 10.69999999999999929, 11.71421356237310007 ) ) ;
#5179 = LINE ( 'NONE', #8957, #6888 ) ;
#5180 = VERTEX_POINT ( 'NONE', #3453 ) ;
#5181 = CARTESIAN_POINT ( 'NONE',  ( 3.799999999999999822, -25.51999999999984681, 4.529999999999937188 ) ) ;
#5182 = DIRECTION ( 'NONE',  ( 0.000000000000000000, 0.000000000000000000, -1.000000000000000000 ) ) ;
#5183 = EDGE_LOOP ( 'NONE', ( #657, #7998 ) ) ;
#5184 = PLANE ( 'NONE',  #9050 ) ;
#5185 = AXIS2_PLACEMENT_3D ( 'NONE', #6281, #6184, #8340 ) ;
#5186 = ADVANCED_FACE ( 'NONE', ( #539 ), #5351, .T. ) ;
#5187 = AXIS2_PLACEMENT_3D ( 'NONE', #6046, #8193, #1514 ) ;
#5188 = DIRECTION ( 'NONE',  ( 0.000000000000000000, 0.000000000000000000, -1.000000000000000000 ) ) ;
#5189 = CARTESIAN_POINT ( 'NONE',  ( 9.799999999999998934, 18.30000000000000071, 31.09999999999999787 ) ) ;
#5190 = CIRCLE ( 'NONE', #2185, 2.000000000000001776 ) ;
#5191 = CARTESIAN_POINT ( 'NONE',  ( 9.199999999999999289, 6.685054647081260626, -4.899999999999999467 ) ) ;
#5192 = DIRECTION ( 'NONE',  ( -1.000000000000000000, 0.000000000000000000, 0.000000000000000000 ) ) ;
#5193 = DIRECTION ( 'NONE',  ( 0.000000000000000000, 0.9238795325112868495, -0.3826834323650895042 ) ) ;
#5194 = ORIENTED_EDGE ( 'NONE', *, *, #1839, .F. ) ;
#5195 = DIRECTION ( 'NONE',  ( 0.000000000000000000, -2.220446049250309876E-16, 1.000000000000000000 ) ) ;
#5196 = EDGE_LOOP ( 'NONE', ( #5949, #3001, #1575, #6932 ) ) ;
#5197 = ADVANCED_FACE ( 'NONE', ( #3543 ), #701, .T. ) ;
#5198 = VERTEX_POINT ( 'NONE', #1216 ) ;
#5199 = CARTESIAN_POINT ( 'NONE',  ( 9.000000000000000000, 22.84195862231409890, 16.91445990749760142 ) ) ;
#5200 = AXIS2_PLACEMENT_3D ( 'NONE', #3535, #6322, #4070 ) ;
#5201 = DIRECTION ( 'NONE',  ( 0.000000000000000000, 0.7071067551117306005, 0.7071068072613636568 ) ) ;
#5202 = CARTESIAN_POINT ( 'NONE',  ( 10.20000000000000107, 3.500000000000000000, 0.4500000276680439781 ) ) ;
#5203 = CARTESIAN_POINT ( 'NONE',  ( 9.335670147864291835, -17.96432985213571243, 0.7419828528814572666 ) ) ;
#5204 = EDGE_CURVE ( 'NONE', #924, #4087, #7394, .T. ) ;
#5205 = DIRECTION ( 'NONE',  ( -0.000000000000000000, -1.000000000000000000, -0.000000000000000000 ) ) ;
#5206 = EDGE_LOOP ( 'NONE', ( #7518, #5262, #5962, #8564 ) ) ;
#5207 = ADVANCED_FACE ( 'NONE', ( #3651 ), #5885, .T. ) ;
#5208 = DIRECTION ( 'NONE',  ( 1.000000000000000000, 0.000000000000000000, 0.000000000000000000 ) ) ;
#5209 = VECTOR ( 'NONE', #1700, 1000.000000000000000 ) ;
#5210 = CARTESIAN_POINT ( 'NONE',  ( 9.199999999999999289, 26.13503381220869670, 25.74740674045520095 ) ) ;
#5211 =( BOUNDED_CURVE ( )  B_SPLINE_CURVE ( 3, ( #3451, #2625, #9411, #1311 ),
 .UNSPECIFIED., .F., .T. ) 
 B_SPLINE_CURVE_WITH_KNOTS ( ( 4, 4 ),
 ( 1.677019964802545893, 1.685963622883368096 ),
 .UNSPECIFIED. ) 
 CURVE ( )  GEOMETRIC_REPRESENTATION_ITEM ( )  RATIONAL_B_SPLINE_CURVE ( ( 1.000000000000000000, 0.9999933342594524710, 0.9999933342594524710, 1.000000000000000000 ) ) 
 REPRESENTATION_ITEM ( '' )  );
#5212 = VERTEX_POINT ( 'NONE', #7354 ) ;
#5213 = FACE_OUTER_BOUND ( 'NONE', #6025, .T. ) ;
#5214 = CARTESIAN_POINT ( 'NONE',  ( 9.799999999999998934, 3.100000000000000089, 0.9000000553360889555 ) ) ;
#5215 = ORIENTED_EDGE ( 'NONE', *, *, #9045, .T. ) ;
#5216 = CARTESIAN_POINT ( 'NONE',  ( 1.000000000000000000, 28.85000000000000142, 5.250000000000000000 ) ) ;
#5217 = ORIENTED_EDGE ( 'NONE', *, *, #1344, .F. ) ;
#5218 = ADVANCED_FACE ( 'NONE', ( #9555 ), #6425, .T. ) ;
#5219 = CARTESIAN_POINT ( 'NONE',  ( 3.799999999999999822, 17.69999999999999929, 3.500000000000000000 ) ) ;
#5220 = ORIENTED_EDGE ( 'NONE', *, *, #2252, .F. ) ;
#5221 = DIRECTION ( 'NONE',  ( -1.000000000000000000, -0.000000000000000000, -0.000000000000000000 ) ) ;
#5222 = ORIENTED_EDGE ( 'NONE', *, *, #3073, .T. ) ;
#5223 = CARTESIAN_POINT ( 'NONE',  ( 9.066771376036051322, -6.653404730748305518, -7.233228623963948500 ) ) ;
#5224 = ADVANCED_FACE ( 'NONE', ( #2769 ), #5839, .T. ) ;
#5225 = CARTESIAN_POINT ( 'NONE',  ( 9.907900857355931734, -17.39209914264407431, -0.9790085735592716221 ) ) ;
#5226 = CARTESIAN_POINT ( 'NONE',  ( 9.000000000000000000, 7.855963737990349749, -2.500000000000000000 ) ) ;
#5227 = ORIENTED_EDGE ( 'NONE', *, *, #2239, .F. ) ;
#5228 = CARTESIAN_POINT ( 'NONE',  ( 9.000000000000000000, 22.84195862992280013, 21.48554008543780114 ) ) ;
#5229 = CARTESIAN_POINT ( 'NONE',  ( 8.975735915643182850, 20.52426405306703572, 31.52426408435681537 ) ) ;
#5230 = ORIENTED_EDGE ( 'NONE', *, *, #4366, .F. ) ;
#5231 = LINE ( 'NONE', #3870, #6244 ) ;
#5232 = VECTOR ( 'NONE', #3692, 1000.000000000000000 ) ;
#5233 = CARTESIAN_POINT ( 'NONE',  ( 9.199999999999999289, 22.70000000000000284, 11.34403626200970017 ) ) ;
#5234 = CARTESIAN_POINT ( 'NONE',  ( 3.399999999999999911, 17.56306015393419884, 30.70000000000000284 ) ) ;
#5235 = CARTESIAN_POINT ( 'NONE',  ( 3.799999999999999822, 17.56306015393419884, 31.30000000000000071 ) ) ;
#5236 = DIRECTION ( 'NONE',  ( -1.000000000000000000, 0.000000000000000000, 0.000000000000000000 ) ) ;
#5237 = DIRECTION ( 'NONE',  ( 0.000000000000000000, -0.9764170757445558291, -0.2158927840258914044 ) ) ;
#5238 = ORIENTED_EDGE ( 'NONE', *, *, #8359, .F. ) ;
#5239 = PLANE ( 'NONE',  #8742 ) ;
#5240 = EDGE_LOOP ( 'NONE', ( #6687, #9572, #6981, #6123 ) ) ;
#5241 = ORIENTED_EDGE ( 'NONE', *, *, #4671, .F. ) ;
#5242 = EDGE_CURVE ( 'NONE', #3536, #6555, #9458, .T. ) ;
#5243 = DIRECTION ( 'NONE',  ( 0.000000000000000000, -0.2158927849980366576, 0.9764170755296077697 ) ) ;
#5244 = EDGE_CURVE ( 'NONE', #3230, #7148, #1994, .T. ) ;
#5245 = CARTESIAN_POINT ( 'NONE',  ( 9.199999999999999289, 21.50000000000000000, 17.32917130661299865 ) ) ;
#5246 = DIRECTION ( 'NONE',  ( 0.7071067811865485719, -0.4536480327727567263, -0.5424052565761197098 ) ) ;
#5247 = CARTESIAN_POINT ( 'NONE',  ( 9.799999999999998934, 3.700000000000000178, -1.500000000000000000 ) ) ;
#5248 = LINE ( 'NONE', #8983, #1012 ) ;
#5249 = EDGE_LOOP ( 'NONE', ( #5538, #83, #3523, #5358 ) ) ;
#5250 = CARTESIAN_POINT ( 'NONE',  ( 9.799999999999998934, 18.30000000000000071, 22.89999999999999858 ) ) ;
#5251 = AXIS2_PLACEMENT_3D ( 'NONE', #4337, #2146, #7314 ) ;
#5252 = CARTESIAN_POINT ( 'NONE',  ( 0.4000000000000253353, -20.00000000000000000, 3.000000000000001776 ) ) ;
#5253 = ORIENTED_EDGE ( 'NONE', *, *, #7508, .F. ) ;
#5254 = EDGE_CURVE ( 'NONE', #5516, #4805, #2815, .T. ) ;
#5255 = CARTESIAN_POINT ( 'NONE',  ( 4.799999999999999822, 4.541161721194240108, -2.593219389228420102 ) ) ;
#5256 = DIRECTION ( 'NONE',  ( 1.000000000000000000, 0.000000000000000000, 0.000000000000000000 ) ) ;
#5257 = ORIENTED_EDGE ( 'NONE', *, *, #7, .T. ) ;
#5258 = CARTESIAN_POINT ( 'NONE',  ( 9.799999999999998934, -3.700000000000000178, 1.500000000000000000 ) ) ;
#5259 = CIRCLE ( 'NONE', #5251, 0.1999999999999996503 ) ;
#5260 = ORIENTED_EDGE ( 'NONE', *, *, #3742, .T. ) ;
#5261 = DIRECTION ( 'NONE',  ( 1.000000000000000000, 0.000000000000000000, 0.000000000000000000 ) ) ;
#5262 = ORIENTED_EDGE ( 'NONE', *, *, #5053, .F. ) ;
#5263 = CARTESIAN_POINT ( 'NONE',  ( 8.800000000000000711, 17.69999999999999929, 16.54670016771569863 ) ) ;
#5264 = EDGE_CURVE ( 'NONE', #5460, #7131, #8723, .T. ) ;
#5265 = VERTEX_POINT ( 'NONE', #8780 ) ;
#5266 = ADVANCED_FACE ( 'NONE', ( #2091 ), #2582, .T. ) ;
#5267 = CARTESIAN_POINT ( 'NONE',  ( 9.199999999999999289, -6.727631868228882261, -7.100000000000000533 ) ) ;
#5268 = DIRECTION ( 'NONE',  ( 1.000000000000000000, 0.000000000000000000, 0.000000000000000000 ) ) ;
#5269 = LINE ( 'NONE', #3865, #4243 ) ;
#5270 = VECTOR ( 'NONE', #1303, 1000.000000000000000 ) ;
#5271 = EDGE_LOOP ( 'NONE', ( #1737, #1142, #9277, #6675 ) ) ;
#5272 = DIRECTION ( 'NONE',  ( -1.000000000000000000, 0.000000000000000000, 0.000000000000000000 ) ) ;
#5273 = LINE ( 'NONE', #8218, #1879 ) ;
#5274 = VERTEX_POINT ( 'NONE', #4325 ) ;
#5275 = DIRECTION ( 'NONE',  ( 0.000000000000000000, 0.000000000000000000, 1.000000000000000000 ) ) ;
#5276 = ADVANCED_FACE ( 'NONE', ( #9603 ), #2916, .T. ) ;
#5277 = DIRECTION ( 'NONE',  ( 0.000000000000000000, 1.000000000000000000, 0.000000000000000000 ) ) ;
#5278 = AXIS2_PLACEMENT_3D ( 'NONE', #4944, #7841, #2715 ) ;
#5279 = EDGE_CURVE ( 'NONE', #5789, #9564, #7453, .T. ) ;
#5280 = FACE_OUTER_BOUND ( 'NONE', #3621, .T. ) ;
#5281 = DIRECTION ( 'NONE',  ( -1.000000000000000000, 0.000000000000000000, 0.000000000000000000 ) ) ;
#5282 = CARTESIAN_POINT ( 'NONE',  ( 10.20000000000000107, -22.89999999999999858, -1.100000000000000089 ) ) ;
#5283 = DIRECTION ( 'NONE',  ( 0.000000000000000000, 2.220446049250309876E-16, -1.000000000000000000 ) ) ;
#5284 = CARTESIAN_POINT ( 'NONE',  ( 1.199999999999999734, -21.69999999999999929, -2.471841418861651540 ) ) ;
#5285 = ORIENTED_EDGE ( 'NONE', *, *, #9636, .T. ) ;
#5286 = PLANE ( 'NONE',  #5771 ) ;
#5287 = AXIS2_PLACEMENT_3D ( 'NONE', #1477, #7423, #6674 ) ;
#5288 = ORIENTED_EDGE ( 'NONE', *, *, #2439, .T. ) ;
#5289 = AXIS2_PLACEMENT_3D ( 'NONE', #8330, #5192, #6761 ) ;
#5290 = ORIENTED_EDGE ( 'NONE', *, *, #6690, .T. ) ;
#5291 = CIRCLE ( 'NONE', #5451, 1.200000000000000622 ) ;
#5292 = CIRCLE ( 'NONE', #3133, 4.500000000000000000 ) ;
#5293 = CYLINDRICAL_SURFACE ( 'NONE', #1336, 1.000000000000000222 ) ;
#5294 = DIRECTION ( 'NONE',  ( 0.000000000000000000, 0.000000000000000000, -1.000000000000000000 ) ) ;
#5295 = CARTESIAN_POINT ( 'NONE',  ( 9.099999999999999645, -3.659290927594020193, -4.106043096124059488 ) ) ;
#5296 = CARTESIAN_POINT ( 'NONE',  ( 9.199999999999999289, -4.162520714692961477, -2.548705995991636275 ) ) ;
#5297 = LINE ( 'NONE', #8290, #6757 ) ;
#5298 = AXIS2_PLACEMENT_3D ( 'NONE', #8704, #2015, #3524 ) ;
#5299 = ORIENTED_EDGE ( 'NONE', *, *, #3844, .F. ) ;
#5300 = CARTESIAN_POINT ( 'NONE',  ( 1.199999999999999734, -21.69999999999999929, 2.471841418861656425 ) ) ;
#5301 = CIRCLE ( 'NONE', #6860, 1.000000000000000222 ) ;
#5302 = EDGE_CURVE ( 'NONE', #2923, #233, #3736, .T. ) ;
#5303 = EDGE_CURVE ( 'NONE', #3054, #7148, #5823, .T. ) ;
#5304 = DIRECTION ( 'NONE',  ( 0.7071067811865475727, -0.6411907195186935526, -0.2981182000534348120 ) ) ;
#5305 = VECTOR ( 'NONE', #688, 1000.000000000000000 ) ;
#5306 = ORIENTED_EDGE ( 'NONE', *, *, #5583, .F. ) ;
#5307 = VECTOR ( 'NONE', #3951, 1000.000000000000000 ) ;
#5308 = DIRECTION ( 'NONE',  ( 1.000000000000000000, 0.000000000000000000, 0.000000000000000000 ) ) ;
#5309 = CARTESIAN_POINT ( 'NONE',  ( 3.399999999999999911, 10.69999999999999929, 11.71421356237310007 ) ) ;
#5310 = EDGE_LOOP ( 'NONE', ( #1848, #1943, #3134, #6174 ) ) ;
#5311 = DIRECTION ( 'NONE',  ( 0.7071067811865467956, 0.4536480327727572259, -0.5424052565761217082 ) ) ;
#5312 = VERTEX_POINT ( 'NONE', #7407 ) ;
#5313 = PLANE ( 'NONE',  #7666 ) ;
#5314 = AXIS2_PLACEMENT_3D ( 'NONE', #1019, #9207, #6360 ) ;
#5315 = VERTEX_POINT ( 'NONE', #3875 ) ;
#5316 = PLANE ( 'NONE',  #7687 ) ;
#5317 = EDGE_CURVE ( 'NONE', #3713, #9439, #3012, .T. ) ;
#5318 = CIRCLE ( 'NONE', #1750, 0.9999999999999964473 ) ;
#5319 = ORIENTED_EDGE ( 'NONE', *, *, #4915, .T. ) ;
#5320 = VECTOR ( 'NONE', #232, 1000.000000000000227 ) ;
#5321 = PLANE ( 'NONE',  #1606 ) ;
#5322 = AXIS2_PLACEMENT_3D ( 'NONE', #4692, #8460, #1827 ) ;
#5323 = CARTESIAN_POINT ( 'NONE',  ( 3.000000000000000000, -25.51999999999984681, 4.529999999999937188 ) ) ;
#5324 = CARTESIAN_POINT ( 'NONE',  ( 10.20000000000000107, -22.11660104885167755, 0.9000000000000001332 ) ) ;
#5325 = CIRCLE ( 'NONE', #3000, 0.9999999999999998890 ) ;
#5326 = EDGE_LOOP ( 'NONE', ( #6246, #959, #3046 ) ) ;
#5327 = CARTESIAN_POINT ( 'NONE',  ( 1.000000000000000000, 12.69999999999999929, 26.63271332580049844 ) ) ;
#5328 = CARTESIAN_POINT ( 'NONE',  ( 9.039274689739142943, 20.58780283184902871, 31.46072531026085528 ) ) ;
#5329 = ORIENTED_EDGE ( 'NONE', *, *, #95, .F. ) ;
#5330 = DIRECTION ( 'NONE',  ( 0.000000000000000000, -0.7670768701524097732, 0.6415552004911058148 ) ) ;
#5331 = CARTESIAN_POINT ( 'NONE',  ( 3.399999999999999911, 5.000000000000000000, 4.599999999999999645 ) ) ;
#5332 = EDGE_CURVE ( 'NONE', #9486, #1047, #5980, .T. ) ;
#5333 = VECTOR ( 'NONE', #9250, 1000.000000000000000 ) ;
#5334 = CIRCLE ( 'NONE', #1147, 1.000000000000000222 ) ;
#5335 = VECTOR ( 'NONE', #3842, 1000.000000000000114 ) ;
#5336 = EDGE_CURVE ( 'NONE', #6546, #5650, #3788, .T. ) ;
#5337 = DIRECTION ( 'NONE',  ( 0.000000000000000000, 1.000000000000000000, 0.000000000000000000 ) ) ;
#5338 = CARTESIAN_POINT ( 'NONE',  ( 9.000000000000000000, 19.19999999999999929, 19.19999999999999929 ) ) ;
#5339 = CIRCLE ( 'NONE', #4718, 0.9999999999999964473 ) ;
#5340 = VECTOR ( 'NONE', #1183, 1000.000000000000000 ) ;
#5341 = LINE ( 'NONE', #4018, #2796 ) ;
#5342 = CARTESIAN_POINT ( 'NONE',  ( 1.399999999999999911, 20.04999999999999716, 17.50000000000000000 ) ) ;
#5343 = EDGE_CURVE ( 'NONE', #1586, #9474, #6853, .T. ) ;
#5344 = ORIENTED_EDGE ( 'NONE', *, *, #7360, .F. ) ;
#5345 = DIRECTION ( 'NONE',  ( 0.000000000000000000, 0.000000000000000000, -1.000000000000000000 ) ) ;
#5346 = ADVANCED_FACE ( 'NONE', ( #5987 ), #2960, .T. ) ;
#5347 = AXIS2_PLACEMENT_3D ( 'NONE', #8502, #4041, #3229 ) ;
#5348 = VECTOR ( 'NONE', #2389, 1000.000000000000000 ) ;
#5349 = ADVANCED_FACE ( 'NONE', ( #3159 ), #100, .T. ) ;
#5350 = VERTEX_POINT ( 'NONE', #2324 ) ;
#5351 = CONICAL_SURFACE ( 'NONE', #9114, 0.2000000000000097533, 0.7853981633974369547 ) ;
#5352 = DIRECTION ( 'NONE',  ( 4.440892098500630106E-16, 0.000000000000000000, 1.000000000000000000 ) ) ;
#5353 = CARTESIAN_POINT ( 'NONE',  ( 10.20000000000000107, 18.30000000000000071, 7.100000000000000533 ) ) ;
#5354 = CARTESIAN_POINT ( 'NONE',  ( 0.000000000000000000, -4.110443722486794016, 6.500000000000000000 ) ) ;
#5355 = DIRECTION ( 'NONE',  ( 0.000000000000000000, -2.220446049250309876E-16, 1.000000000000000000 ) ) ;
#5356 = EDGE_CURVE ( 'NONE', #8720, #6106, #5190, .T. ) ;
#5357 = CARTESIAN_POINT ( 'NONE',  ( 4.799999999999999822, 22.70000000000000284, 14.23723547529430000 ) ) ;
#5358 = ORIENTED_EDGE ( 'NONE', *, *, #6310, .T. ) ;
#5359 = LINE ( 'NONE', #1079, #5626 ) ;
#5360 = ORIENTED_EDGE ( 'NONE', *, *, #944, .F. ) ;
#5361 = AXIS2_PLACEMENT_3D ( 'NONE', #5140, #1603, #5935 ) ;
#5362 = CARTESIAN_POINT ( 'NONE',  ( 9.799999999999998934, 19.64999998807990167, 6.700000000000000178 ) ) ;
#5363 = EDGE_LOOP ( 'NONE', ( #3676, #5703, #1524 ) ) ;
#5364 = CARTESIAN_POINT ( 'NONE',  ( 0.000000000000000000, 15.68578643762690028, -6.500000000000000000 ) ) ;
#5365 = ADVANCED_FACE ( 'NONE', ( #8226 ), #2233, .T. ) ;
#5366 = CARTESIAN_POINT ( 'NONE',  ( 9.000000000000000000, 24.10000000000000142, 25.88505464708130077 ) ) ;
#5367 = ORIENTED_EDGE ( 'NONE', *, *, #1657, .T. ) ;
#5368 = DIRECTION ( 'NONE',  ( 0.000000000000000000, 1.000000000000000000, 4.440892098500630106E-16 ) ) ;
#5369 = ORIENTED_EDGE ( 'NONE', *, *, #2722, .F. ) ;
#5370 = FACE_OUTER_BOUND ( 'NONE', #3520, .T. ) ;
#5371 = ORIENTED_EDGE ( 'NONE', *, *, #2393, .F. ) ;
#5372 = ORIENTED_EDGE ( 'NONE', *, *, #305, .F. ) ;
#5373 = CARTESIAN_POINT ( 'NONE',  ( 10.20000000000000107, 20.29999999999999716, 22.89999999999999858 ) ) ;
#5374 = CARTESIAN_POINT ( 'NONE',  ( 10.00000000000000000, 19.65000000000000213, 22.50000000000000000 ) ) ;
#5375 = ADVANCED_FACE ( 'NONE', ( #5139 ), #8127, .T. ) ;
#5376 = CARTESIAN_POINT ( 'NONE',  ( 9.199999999999999289, -44.10000000000001563, -1.500000000000000000 ) ) ;
#5377 = ORIENTED_EDGE ( 'NONE', *, *, #9588, .T. ) ;
#5378 = CYLINDRICAL_SURFACE ( 'NONE', #3111, 0.9999999999999998890 ) ;
#5379 = CARTESIAN_POINT ( 'NONE',  ( 9.099999999999999645, 23.30604308226249799, 15.54070905685210136 ) ) ;
#5380 = EDGE_LOOP ( 'NONE', ( #4644, #5795, #3299, #1618 ) ) ;
#5381 = CARTESIAN_POINT ( 'NONE',  ( 0.4000000000000253353, -20.00000000000000000, 2.449293598294706513E-15 ) ) ;
#5382 = PLANE ( 'NONE',  #7205 ) ;
#5383 = CARTESIAN_POINT ( 'NONE',  ( 9.799999999999998934, -22.89999999999999503, 1.500000000000000000 ) ) ;
#5384 = CARTESIAN_POINT ( 'NONE',  ( 9.199999999999999289, 8.623040608142760632, -4.141555200491109368 ) ) ;
#5385 = EDGE_CURVE ( 'NONE', #2995, #2616, #1548, .T. ) ;
#5386 = ORIENTED_EDGE ( 'NONE', *, *, #9643, .F. ) ;
#5387 = DIRECTION ( 'NONE',  ( -1.000000000000000000, 0.000000000000000000, 0.000000000000000000 ) ) ;
#5388 = CARTESIAN_POINT ( 'NONE',  ( 3.399999999999999911, 3.950000000000000178, 7.500000000000000000 ) ) ;
#5389 = AXIS2_PLACEMENT_3D ( 'NONE', #2229, #5281, #4419 ) ;
#5390 = DIRECTION ( 'NONE',  ( 0.7071067811865470176, 0.000000000000000000, 0.7071067811865480168 ) ) ;
#5391 = VERTEX_POINT ( 'NONE', #826 ) ;
#5392 = DIRECTION ( 'NONE',  ( -0.7071067811865479058, 0.4536480327727561157, -0.5424052565761211531 ) ) ;
#5393 = EDGE_CURVE ( 'NONE', #2301, #4805, #8101, .T. ) ;
#5394 = AXIS2_PLACEMENT_3D ( 'NONE', #3970, #2521, #6995 ) ;
#5395 = EDGE_LOOP ( 'NONE', ( #2820, #7945, #4274, #2412 ) ) ;
#5396 = DIRECTION ( 'NONE',  ( 1.000000000000000000, 0.000000000000000000, 0.000000000000000000 ) ) ;
#5397 = EDGE_CURVE ( 'NONE', #8897, #9486, #3061, .T. ) ;
#5398 = DIRECTION ( 'NONE',  ( 0.000000000000000000, -0.4233466661666858699, 0.9059677699816659491 ) ) ;
#5399 = FACE_OUTER_BOUND ( 'NONE', #909, .T. ) ;
#5400 = DIRECTION ( 'NONE',  ( 0.000000000000000000, -0.8356006529151552842, -0.5493373725205360492 ) ) ;
#5401 = LINE ( 'NONE', #9133, #9269 ) ;
#5402 = ORIENTED_EDGE ( 'NONE', *, *, #4189, .F. ) ;
#5403 = EDGE_CURVE ( 'NONE', #5753, #9231, #8422, .T. ) ;
#5404 = FACE_OUTER_BOUND ( 'NONE', #6210, .T. ) ;
#5405 = EDGE_CURVE ( 'NONE', #6072, #6546, #9069, .T. ) ;
#5406 = ORIENTED_EDGE ( 'NONE', *, *, #6767, .F. ) ;
#5407 = CARTESIAN_POINT ( 'NONE',  ( 3.799999999999999822, 12.09999999999999964, 26.63271332580049844 ) ) ;
#5408 = CONICAL_SURFACE ( 'NONE', #460, 1.100000000000000089, 0.7853981633974476129 ) ;
#5409 = ORIENTED_EDGE ( 'NONE', *, *, #190, .F. ) ;
#5410 = EDGE_CURVE ( 'NONE', #5180, #9017, #6219, .T. ) ;
#5411 = CARTESIAN_POINT ( 'NONE',  ( 1.399999999999999911, -21.69999999999999929, -1.699999999999998179 ) ) ;
#5412 = FACE_OUTER_BOUND ( 'NONE', #4993, .T. ) ;
#5413 = ORIENTED_EDGE ( 'NONE', *, *, #5751, .F. ) ;
#5414 = VERTEX_POINT ( 'NONE', #9212 ) ;
#5415 = CARTESIAN_POINT ( 'NONE',  ( 3.399999999999999911, 7.485786437626910761, 8.500000000000000000 ) ) ;
#5416 = ORIENTED_EDGE ( 'NONE', *, *, #1923, .F. ) ;
#5417 = ORIENTED_EDGE ( 'NONE', *, *, #9045, .F. ) ;
#5418 = CARTESIAN_POINT ( 'NONE',  ( 9.000000000000000000, 18.18937220919661968, 17.16254045485129964 ) ) ;
#5419 = DIRECTION ( 'NONE',  ( -1.000000000000000000, 0.000000000000000000, 0.000000000000000000 ) ) ;
#5420 = CARTESIAN_POINT ( 'NONE',  ( 4.799999999999999822, 24.74155520049110280, 26.65213151723369833 ) ) ;
#5421 = ORIENTED_EDGE ( 'NONE', *, *, #4607, .F. ) ;
#5422 = DIRECTION ( 'NONE',  ( 1.000000000000000000, 0.000000000000000000, 0.000000000000000000 ) ) ;
#5423 = DIRECTION ( 'NONE',  ( 0.000000000000000000, 0.5493373725205369373, 0.8356006529151548401 ) ) ;
#5424 = ORIENTED_EDGE ( 'NONE', *, *, #1130, .T. ) ;
#5425 = DIRECTION ( 'NONE',  ( 1.000000000000000000, 0.000000000000000000, 0.000000000000000000 ) ) ;
#5426 = CARTESIAN_POINT ( 'NONE',  ( 3.600000000000000089, 17.56306015393419884, 30.70000000000000284 ) ) ;
#5427 = CIRCLE ( 'NONE', #5745, 21.49999999999997513 ) ;
#5428 = ADVANCED_FACE ( 'NONE', ( #1745 ), #6233, .F. ) ;
#5429 = DIRECTION ( 'NONE',  ( 0.000000000000000000, 0.5493373725205368263, 0.8356006529151546181 ) ) ;
#5430 = CYLINDRICAL_SURFACE ( 'NONE', #6341, 0.5999999999999998668 ) ;
#5431 = ORIENTED_EDGE ( 'NONE', *, *, #5056, .T. ) ;
#5432 = LINE ( 'NONE', #6175, #2644 ) ;
#5433 = LINE ( 'NONE', #8423, #5925 ) ;
#5434 = CARTESIAN_POINT ( 'NONE',  ( 9.199999999999999289, 0.000000000000000000, 0.000000000000000000 ) ) ;
#5435 = ORIENTED_EDGE ( 'NONE', *, *, #1705, .T. ) ;
#5436 = LINE ( 'NONE', #4072, #2349 ) ;
#5437 = AXIS2_PLACEMENT_3D ( 'NONE', #2860, #764, #8906 ) ;
#5438 = EDGE_CURVE ( 'NONE', #1814, #7251, #5433, .T. ) ;
#5439 = ORIENTED_EDGE ( 'NONE', *, *, #4445, .F. ) ;
#5440 = LINE ( 'NONE', #300, #5847 ) ;
#5441 = CIRCLE ( 'NONE', #6076, 0.9999999999999998890 ) ;
#5442 = DIRECTION ( 'NONE',  ( 0.000000000000000000, 0.000000000000000000, 1.000000000000000000 ) ) ;
#5443 = DIRECTION ( 'NONE',  ( -1.000000000000000000, 0.000000000000000000, 0.000000000000000000 ) ) ;
#5444 = PLANE ( 'NONE',  #3649 ) ;
#5445 = DIRECTION ( 'NONE',  ( 0.000000000000000000, 1.000000000000000000, 4.440892098500630106E-16 ) ) ;
#5446 = ORIENTED_EDGE ( 'NONE', *, *, #7007, .F. ) ;
#5447 = DIRECTION ( 'NONE',  ( -1.000000000000000000, 0.000000000000000000, 0.000000000000000000 ) ) ;
#5448 = AXIS2_PLACEMENT_3D ( 'NONE', #1601, #8919, #879 ) ;
#5449 = ORIENTED_EDGE ( 'NONE', *, *, #1715, .F. ) ;
#5450 = EDGE_CURVE ( 'NONE', #660, #756, #8566, .T. ) ;
#5451 = AXIS2_PLACEMENT_3D ( 'NONE', #6084, #777, #4614 ) ;
#5452 = AXIS2_PLACEMENT_3D ( 'NONE', #7158, #8779, #2726 ) ;
#5453 = DIRECTION ( 'NONE',  ( 0.000000000000000000, 0.000000000000000000, -1.000000000000000000 ) ) ;
#5454 = VERTEX_POINT ( 'NONE', #6999 ) ;
#5455 = DIRECTION ( 'NONE',  ( 0.000000000000000000, -2.220446049250309876E-16, 1.000000000000000000 ) ) ;
#5456 = EDGE_CURVE ( 'NONE', #1890, #7768, #1023, .T. ) ;
#5457 = AXIS2_PLACEMENT_3D ( 'NONE', #1448, #4413, #5423 ) ;
#5458 = DIRECTION ( 'NONE',  ( 0.000000000000000000, 0.000000000000000000, -1.000000000000000000 ) ) ;
#5459 = AXIS2_PLACEMENT_3D ( 'NONE', #3526, #8607, #6497 ) ;
#5460 = VERTEX_POINT ( 'NONE', #2474 ) ;
#5461 = EDGE_CURVE ( 'NONE', #3569, #164, #335, .T. ) ;
#5462 = ORIENTED_EDGE ( 'NONE', *, *, #2184, .T. ) ;
#5463 = FACE_OUTER_BOUND ( 'NONE', #3372, .T. ) ;
#5464 = ORIENTED_EDGE ( 'NONE', *, *, #520, .T. ) ;
#5465 = EDGE_CURVE ( 'NONE', #6568, #6376, #1842, .T. ) ;
#5466 = CIRCLE ( 'NONE', #1588, 0.9999999999999964473 ) ;
#5467 = VECTOR ( 'NONE', #8596, 1000.000000000000000 ) ;
#5468 = ORIENTED_EDGE ( 'NONE', *, *, #8774, .T. ) ;
#5469 = DIRECTION ( 'NONE',  ( -0.7071067811865479058, -0.4513354669242199968, 0.5443310539518169122 ) ) ;
#5470 = DIRECTION ( 'NONE',  ( 1.000000000000000000, 0.000000000000000000, 0.000000000000000000 ) ) ;
#5471 = DIRECTION ( 'NONE',  ( 0.000000000000000000, -1.000000000000000000, -4.440892098500630106E-16 ) ) ;
#5472 = ORIENTED_EDGE ( 'NONE', *, *, #228, .F. ) ;
#5473 = DIRECTION ( 'NONE',  ( 0.000000000000000000, 1.000000000000000000, 0.000000000000000000 ) ) ;
#5474 = VECTOR ( 'NONE', #4957, 1000.000000000000114 ) ;
#5475 = DIRECTION ( 'NONE',  ( 0.000000000000000000, 0.000000000000000000, -1.000000000000000000 ) ) ;
#5476 = EDGE_CURVE ( 'NONE', #9607, #7458, #3974, .T. ) ;
#5477 = ORIENTED_EDGE ( 'NONE', *, *, #5488, .T. ) ;
#5478 = DIRECTION ( 'NONE',  ( -1.000000000000000000, 0.000000000000000000, 0.000000000000000000 ) ) ;
#5479 = ORIENTED_EDGE ( 'NONE', *, *, #7497, .F. ) ;
#5480 = PLANE ( 'NONE',  #7046 ) ;
#5481 = AXIS2_PLACEMENT_3D ( 'NONE', #2946, #7538, #5916 ) ;
#5482 = VECTOR ( 'NONE', #7594, 1000.000000000000114 ) ;
#5483 = CARTESIAN_POINT ( 'NONE',  ( 4.799999999999999822, 3.659290943147929909, -4.106043082262480048 ) ) ;
#5484 = CARTESIAN_POINT ( 'NONE',  ( 3.799999999999999378, -18.43555574650093831, 0.6652173913043482045 ) ) ;
#5485 = ORIENTED_EDGE ( 'NONE', *, *, #7763, .T. ) ;
#5486 = CARTESIAN_POINT ( 'NONE',  ( 0.000000000000000000, 10.69999999999999929, 11.71421356237310007 ) ) ;
#5487 = CARTESIAN_POINT ( 'NONE',  ( 9.000000000000000000, 21.69999999999999929, 11.34403626200970017 ) ) ;
#5488 = EDGE_CURVE ( 'NONE', #17, #2490, #1164, .T. ) ;
#5489 = LINE ( 'NONE', #8481, #558 ) ;
#5490 = ORIENTED_EDGE ( 'NONE', *, *, #8282, .F. ) ;
#5491 = CONICAL_SURFACE ( 'NONE', #9548, 1.100000000000001643, 0.7853981633974476129 ) ;
#5492 = FACE_OUTER_BOUND ( 'NONE', #7968, .T. ) ;
#5493 = AXIS2_PLACEMENT_3D ( 'NONE', #7234, #5760, #7279 ) ;
#5494 = CIRCLE ( 'NONE', #6587, 0.6000000000000000888 ) ;
#5495 = ORIENTED_EDGE ( 'NONE', *, *, #4794, .T. ) ;
#5496 = AXIS2_PLACEMENT_3D ( 'NONE', #7965, #1288, #4444 ) ;
#5497 = CIRCLE ( 'NONE', #4252, 1.700000000000000178 ) ;
#5498 = DIRECTION ( 'NONE',  ( 0.7071067811865470176, -0.7071067811865480168, -3.140184917367550333E-16 ) ) ;
#5499 = VECTOR ( 'NONE', #1951, 1000.000000000000000 ) ;
#5500 = CARTESIAN_POINT ( 'NONE',  ( 0.2000000000000000111, 19.19999999999999929, 19.19999999999999929 ) ) ;
#5501 = DIRECTION ( 'NONE',  ( -1.000000000000000000, 0.000000000000000000, 0.000000000000000000 ) ) ;
#5502 = PLANE ( 'NONE',  #3015 ) ;
#5503 = CARTESIAN_POINT ( 'NONE',  ( 0.6660079094623768681, -6.689993907871450318, -7.166007909462381420 ) ) ;
#5504 = EDGE_CURVE ( 'NONE', #7460, #183, #9357, .T. ) ;
#5505 = ORIENTED_EDGE ( 'NONE', *, *, #7924, .F. ) ;
#5506 = DIRECTION ( 'NONE',  ( 0.000000000000000000, 0.9059677699816666152, -0.4233466661666844821 ) ) ;
#5507 = ORIENTED_EDGE ( 'NONE', *, *, #2121, .F. ) ;
#5508 = VECTOR ( 'NONE', #7600, 1000.000000000000000 ) ;
#5509 = CARTESIAN_POINT ( 'NONE',  ( 1.600000000000000089, 17.50000000000029843, 17.50000000000000000 ) ) ;
#5510 = ORIENTED_EDGE ( 'NONE', *, *, #2121, .T. ) ;
#5511 = CIRCLE ( 'NONE', #7232, 1.399999999999999467 ) ;
#5512 = CARTESIAN_POINT ( 'NONE',  ( 1.000000000000014655, -25.51999999999984681, 27.02999999999993008 ) ) ;
#5513 = DIRECTION ( 'NONE',  ( 0.000000000000000000, -1.000000000000000000, 0.000000000000000000 ) ) ;
#5514 = ADVANCED_FACE ( 'NONE', ( #2618 ), #971, .T. ) ;
#5515 = ORIENTED_EDGE ( 'NONE', *, *, #1854, .F. ) ;
#5516 = VERTEX_POINT ( 'NONE', #5487 ) ;
#5517 = DIRECTION ( 'NONE',  ( -0.7071067811865470176, -0.7071067811865480168, -3.140184917367549840E-16 ) ) ;
#5518 = EDGE_LOOP ( 'NONE', ( #3567, #5129, #8833, #588 ) ) ;
#5519 = ORIENTED_EDGE ( 'NONE', *, *, #1194, .F. ) ;
#5520 = DIRECTION ( 'NONE',  ( 0.000000000000000000, -1.000000000000000000, 0.000000000000000000 ) ) ;
#5521 = DIRECTION ( 'NONE',  ( 0.000000000000000000, 2.220446049250309876E-16, -1.000000000000000000 ) ) ;
#5522 = EDGE_CURVE ( 'NONE', #2703, #4851, #4799, .T. ) ;
#5523 = EDGE_LOOP ( 'NONE', ( #1273, #5013, #9524, #5173 ) ) ;
#5524 = PLANE ( 'NONE',  #1736 ) ;
#5525 = ORIENTED_EDGE ( 'NONE', *, *, #9463, .T. ) ;
#5526 = DIRECTION ( 'NONE',  ( 0.7071067811865499042, 0.5424052565761198208, -0.4536480327727548389 ) ) ;
#5527 = ORIENTED_EDGE ( 'NONE', *, *, #2551, .F. ) ;
#5528 = CARTESIAN_POINT ( 'NONE',  ( 1.199999999999999734, -20.00000000000000000, 2.449293598294706513E-15 ) ) ;
#5529 = ADVANCED_FACE ( 'NONE', ( #7648 ), #7051, .F. ) ;
#5530 = VECTOR ( 'NONE', #54, 1000.000000000000000 ) ;
#5531 = DIRECTION ( 'NONE',  ( 1.000000000000000000, 0.000000000000000000, 0.000000000000000000 ) ) ;
#5532 = CARTESIAN_POINT ( 'NONE',  ( 3.600000000000000089, 11.97522578401466653, 26.97139065873384567 ) ) ;
#5533 = EDGE_CURVE ( 'NONE', #9607, #9296, #4759, .T. ) ;
#5534 = VERTEX_POINT ( 'NONE', #9264 ) ;
#5535 = CARTESIAN_POINT ( 'NONE',  ( 9.199999999999999289, 25.10000000000000142, 26.35234132128080020 ) ) ;
#5536 = DIRECTION ( 'NONE',  ( 0.000000000000000000, 1.000000000000000000, 4.440892098500630106E-16 ) ) ;
#5537 = DIRECTION ( 'NONE',  ( 1.000000000000000000, 0.000000000000000000, 0.000000000000000000 ) ) ;
#5538 = ORIENTED_EDGE ( 'NONE', *, *, #3115, .T. ) ;
#5539 = DIRECTION ( 'NONE',  ( -1.000000000000000000, -0.000000000000000000, -0.000000000000000000 ) ) ;
#5540 = EDGE_CURVE ( 'NONE', #8720, #1982, #7751, .T. ) ;
#5541 = ADVANCED_FACE ( 'NONE', ( #4849 ), #4122, .T. ) ;
#5542 = ORIENTED_EDGE ( 'NONE', *, *, #624, .F. ) ;
#5543 = FACE_OUTER_BOUND ( 'NONE', #6003, .T. ) ;
#5544 = DIRECTION ( 'NONE',  ( 0.7071067811865470176, 0.000000000000000000, 0.7071067811865480168 ) ) ;
#5545 = CARTESIAN_POINT ( 'NONE',  ( 4.799999999999999822, 22.55948979457840053, 16.20603468287899673 ) ) ;
#5546 = CARTESIAN_POINT ( 'NONE',  ( 8.800000000000002487, -47.45966712883356564, 1.500000000000000000 ) ) ;
#5547 = CARTESIAN_POINT ( 'NONE',  ( 9.799999999999998934, 20.10000000000000142, 22.30000000000000071 ) ) ;
#5548 = CARTESIAN_POINT ( 'NONE',  ( 9.799999999999998934, -44.10000000000001563, -1.500000000000000000 ) ) ;
#5549 = VERTEX_POINT ( 'NONE', #3210 ) ;
#5550 = DIRECTION ( 'NONE',  ( 4.440892098500630106E-16, 0.000000000000000000, 1.000000000000000000 ) ) ;
#5551 = ORIENTED_EDGE ( 'NONE', *, *, #4627, .T. ) ;
#5552 = AXIS2_PLACEMENT_3D ( 'NONE', #5234, #4508, #3588 ) ;
#5553 = EDGE_CURVE ( 'NONE', #5633, #924, #6176, .T. ) ;
#5554 = DIRECTION ( 'NONE',  ( 0.000000000000000000, -1.000000000000000000, -4.440892098500630106E-16 ) ) ;
#5555 = VERTEX_POINT ( 'NONE', #5048 ) ;
#5556 = CARTESIAN_POINT ( 'NONE',  ( 8.800000000000000711, 17.69999999999999929, 13.25000000000000000 ) ) ;
#5557 = DIRECTION ( 'NONE',  ( 0.7071067811865470176, -0.7071067811865480168, -3.140184917367550333E-16 ) ) ;
#5558 = ORIENTED_EDGE ( 'NONE', *, *, #4283, .F. ) ;
#5559 = ORIENTED_EDGE ( 'NONE', *, *, #9169, .T. ) ;
#5560 = DIRECTION ( 'NONE',  ( -1.000000000000000000, 0.000000000000000000, 0.000000000000000000 ) ) ;
#5561 = ORIENTED_EDGE ( 'NONE', *, *, #4772, .T. ) ;
#5562 = EDGE_CURVE ( 'NONE', #6087, #6649, #8030, .T. ) ;
#5563 = ORIENTED_EDGE ( 'NONE', *, *, #7773, .F. ) ;
#5564 = CARTESIAN_POINT ( 'NONE',  ( 9.260949258316845345, -21.96094925831684463, 0.7110324470383215800 ) ) ;
#5565 = CARTESIAN_POINT ( 'NONE',  ( 0.000000000000000000, 18.30000000000000071, 22.30000000000000071 ) ) ;
#5566 = ORIENTED_EDGE ( 'NONE', *, *, #3410, .F. ) ;
#5567 = DIRECTION ( 'NONE',  ( 0.000000000000000000, 1.000000000000000000, 0.000000000000000000 ) ) ;
#5568 = ORIENTED_EDGE ( 'NONE', *, *, #1017, .F. ) ;
#5569 = CARTESIAN_POINT ( 'NONE',  ( 3.799999999999999822, 17.56306015393419884, 30.70000000000000284 ) ) ;
#5570 = EDGE_CURVE ( 'NONE', #3413, #5555, #9492, .T. ) ;
#5571 = ORIENTED_EDGE ( 'NONE', *, *, #6404, .F. ) ;
#5572 = LINE ( 'NONE', #3203, #9246 ) ;
#5573 = EDGE_CURVE ( 'NONE', #7403, #4817, #2078, .T. ) ;
#5574 = AXIS2_PLACEMENT_3D ( 'NONE', #3957, #3662, #8049 ) ;
#5575 = PLANE ( 'NONE',  #2834 ) ;
#5576 = DIRECTION ( 'NONE',  ( -0.5773502691896178485, 0.5773502691896347239, 0.5773502691896247319 ) ) ;
#5577 = EDGE_CURVE ( 'NONE', #8132, #229, #2761, .T. ) ;
#5578 = VERTEX_POINT ( 'NONE', #1349 ) ;
#5579 = DIRECTION ( 'NONE',  ( 0.000000000000000000, -1.000000000000000000, 0.000000000000000000 ) ) ;
#5580 = DIRECTION ( 'NONE',  ( 0.7071067811865480168, 0.7071067811865470176, 3.140184917367550333E-16 ) ) ;
#5581 = DIRECTION ( 'NONE',  ( 0.000000000000000000, 0.000000000000000000, -1.000000000000000000 ) ) ;
#5582 = ORIENTED_EDGE ( 'NONE', *, *, #176, .T. ) ;
#5583 = EDGE_CURVE ( 'NONE', #3041, #5920, #2716, .T. ) ;
#5584 = AXIS2_PLACEMENT_3D ( 'NONE', #2390, #1659, #4620 ) ;
#5585 = ADVANCED_FACE ( 'NONE', ( #8715 ), #5770, .T. ) ;
#5586 = ORIENTED_EDGE ( 'NONE', *, *, #1544, .T. ) ;
#5587 = CARTESIAN_POINT ( 'NONE',  ( 9.099999999999999645, 7.892517235258130981, -5.170878292159629908 ) ) ;
#5588 = DIRECTION ( 'NONE',  ( 1.000000000000000000, 0.000000000000000000, 0.000000000000000000 ) ) ;
#5589 = CARTESIAN_POINT ( 'NONE',  ( 1.000000000000000000, 17.56306015393419884, 31.69999999999999929 ) ) ;
#5590 = CARTESIAN_POINT ( 'NONE',  ( 3.799999999999999822, 7.485786437626910761, 7.100000000000000533 ) ) ;
#5591 = DIRECTION ( 'NONE',  ( 0.000000000000000000, 1.000000000000000000, 0.000000000000000000 ) ) ;
#5592 = AXIS2_PLACEMENT_3D ( 'NONE', #5776, #9401, #5579 ) ;
#5593 = EDGE_CURVE ( 'NONE', #3017, #5007, #620, .T. ) ;
#5594 = VERTEX_POINT ( 'NONE', #5685 ) ;
#5595 = DIRECTION ( 'NONE',  ( 0.000000000000000000, 0.9059677699816659491, 0.4233466661666858699 ) ) ;
#5596 = ORIENTED_EDGE ( 'NONE', *, *, #2059, .T. ) ;
#5597 = ORIENTED_EDGE ( 'NONE', *, *, #7, .F. ) ;
#5598 = AXIS2_PLACEMENT_3D ( 'NONE', #910, #5422, #9055 ) ;
#5599 = ORIENTED_EDGE ( 'NONE', *, *, #645, .F. ) ;
#5600 = CARTESIAN_POINT ( 'NONE',  ( 9.199999999999999289, 29.31715728752540073, 6.282842712474620228 ) ) ;
#5601 = CARTESIAN_POINT ( 'NONE',  ( 1.399999999999999911, -22.47184141886165420, 1.700000000000002842 ) ) ;
#5602 = VERTEX_POINT ( 'NONE', #4318 ) ;
#5603 = VECTOR ( 'NONE', #3640, 1000.000000000000000 ) ;
#5604 = EDGE_CURVE ( 'NONE', #2949, #9461, #8673, .T. ) ;
#5605 = ORIENTED_EDGE ( 'NONE', *, *, #1359, .F. ) ;
#5606 = CARTESIAN_POINT ( 'NONE',  ( 1.000000000000000000, 10.69999999999999929, 11.71421356237310007 ) ) ;
#5607 = AXIS2_PLACEMENT_3D ( 'NONE', #2283, #5195, #200 ) ;
#5608 = ORIENTED_EDGE ( 'NONE', *, *, #66, .T. ) ;
#5609 = AXIS2_PLACEMENT_3D ( 'NONE', #7092, #1290, #7922 ) ;
#5610 = ORIENTED_EDGE ( 'NONE', *, *, #1372, .T. ) ;
#5611 = VECTOR ( 'NONE', #2019, 1000.000000000000000 ) ;
#5612 = CARTESIAN_POINT ( 'NONE',  ( 9.099999999999999645, 22.38688237791743063, 22.25501981782140959 ) ) ;
#5613 = VECTOR ( 'NONE', #197, 1000.000000000000000 ) ;
#5614 = LINE ( 'NONE', #4745, #8622 ) ;
#5615 = ORIENTED_EDGE ( 'NONE', *, *, #5077, .T. ) ;
#5616 = CARTESIAN_POINT ( 'NONE',  ( 8.800000000000000711, 15.69999999999999929, 1.500000000000000000 ) ) ;
#5617 = EDGE_CURVE ( 'NONE', #8993, #924, #4987, .T. ) ;
#5618 = ORIENTED_EDGE ( 'NONE', *, *, #6409, .F. ) ;
#5619 = DIRECTION ( 'NONE',  ( 0.000000000000000000, 0.000000000000000000, 1.000000000000000000 ) ) ;
#5620 = EDGE_LOOP ( 'NONE', ( #1610, #8597, #7377, #947 ) ) ;
#5621 = CARTESIAN_POINT ( 'NONE',  ( 9.199999999999999289, 21.70000001490119956, 29.19597767245440068 ) ) ;
#5622 = AXIS2_PLACEMENT_3D ( 'NONE', #1328, #1967, #5805 ) ;
#5623 = CARTESIAN_POINT ( 'NONE',  ( 9.199999999999999289, -3.659290927594020193, -4.106043096124059488 ) ) ;
#5624 = VECTOR ( 'NONE', #6032, 1000.000000000000114 ) ;
#5625 = FACE_OUTER_BOUND ( 'NONE', #8204, .T. ) ;
#5626 = VECTOR ( 'NONE', #6868, 1000.000000000000000 ) ;
#5627 = ORIENTED_EDGE ( 'NONE', *, *, #3837, .T. ) ;
#5628 = FACE_OUTER_BOUND ( 'NONE', #6357, .T. ) ;
#5629 = CARTESIAN_POINT ( 'NONE',  ( 1.399999999999999911, 20.89999999999960067, 16.72815858113710163 ) ) ;
#5630 = B_SPLINE_CURVE_WITH_KNOTS ( 'NONE', 3,
 ( #4096, #6975, #8350, #3227, #6293, #6194, #9185, #7077, #6104, #3273, #8501, #9091, #6240, #9237, #2402, #1669 ),
 .UNSPECIFIED., .F., .F.,
 ( 4, 2, 2, 2, 1, 1, 2, 2, 4 ),
 ( 0.000000000000000000, 0.2500000000000410227, 0.3125000000000458522, 0.3750000000000506262, 0.4375000000000554556, 0.4687500000000627831, 0.4843750000000664468, 0.5000000000000700551, 1.000000000000000000 ),
 .UNSPECIFIED. ) ;
#5631 = LINE ( 'NONE', #1987, #4127 ) ;
#5632 = EDGE_CURVE ( 'NONE', #2995, #4087, #3580, .T. ) ;
#5633 = VERTEX_POINT ( 'NONE', #6557 ) ;
#5634 = CARTESIAN_POINT ( 'NONE',  ( 3.399999999999999911, 18.88518518518520040, 17.52940380930249731 ) ) ;
#5635 = AXIS2_PLACEMENT_3D ( 'NONE', #132, #8902, #1678 ) ;
#5636 = CIRCLE ( 'NONE', #7521, 1.000000000000000444 ) ;
#5637 = EDGE_CURVE ( 'NONE', #3201, #5792, #6549, .T. ) ;
#5638 = ORIENTED_EDGE ( 'NONE', *, *, #573, .F. ) ;
#5639 = EDGE_CURVE ( 'NONE', #5312, #6730, #2128, .T. ) ;
#5640 = DIRECTION ( 'NONE',  ( 0.7071067811865460184, -0.5424052565761230404, 0.4536480327727570039 ) ) ;
#5641 = VECTOR ( 'NONE', #2605, 1000.000000000000000 ) ;
#5642 = LINE ( 'NONE', #7291, #9552 ) ;
#5643 = AXIS2_PLACEMENT_3D ( 'NONE', #6636, #5308, #3711 ) ;
#5644 = DIRECTION ( 'NONE',  ( 1.000000000000000000, 0.000000000000000000, 0.000000000000000000 ) ) ;
#5645 = DIRECTION ( 'NONE',  ( 1.000000000000000000, 0.000000000000000000, 0.000000000000000000 ) ) ;
#5646 = CARTESIAN_POINT ( 'NONE',  ( 1.000000000000000000, 26.62387953251128891, 3.131530130008000956 ) ) ;
#5647 = EDGE_CURVE ( 'NONE', #5350, #1282, #9545, .T. ) ;
#5648 = CONICAL_SURFACE ( 'NONE', #6435, 1.099999999999999423, 0.7853981633974469467 ) ;
#5649 = DIRECTION ( 'NONE',  ( 0.000000000000000000, 0.3412646552513101117, 0.9399672521296710270 ) ) ;
#5650 = VERTEX_POINT ( 'NONE', #5629 ) ;
#5651 = DIRECTION ( 'NONE',  ( 1.000000000000000000, 0.000000000000000000, 0.000000000000000000 ) ) ;
#5652 = ORIENTED_EDGE ( 'NONE', *, *, #5264, .F. ) ;
#5653 = CIRCLE ( 'NONE', #3786, 0.1999999999999987899 ) ;
#5654 = CIRCLE ( 'NONE', #7209, 1.199999999999999289 ) ;
#5655 = VERTEX_POINT ( 'NONE', #6412 ) ;
#5656 = ADVANCED_FACE ( 'NONE', ( #6506 ), #5728, .F. ) ;
#5657 = ORIENTED_EDGE ( 'NONE', *, *, #9578, .T. ) ;
#5658 = DIRECTION ( 'NONE',  ( 1.000000000000000000, 0.000000000000000000, 0.000000000000000000 ) ) ;
#5659 = FACE_OUTER_BOUND ( 'NONE', #3329, .T. ) ;
#5660 = CARTESIAN_POINT ( 'NONE',  ( 3.752090533776624603, -47.45966712883356564, 1.500000000000000000 ) ) ;
#5661 = AXIS2_PLACEMENT_3D ( 'NONE', #4097, #1137, #5458 ) ;
#5662 = VECTOR ( 'NONE', #266, 1000.000000000000000 ) ;
#5663 = ORIENTED_EDGE ( 'NONE', *, *, #4378, .T. ) ;
#5664 = DIRECTION ( 'NONE',  ( 0.7071067811865480168, -0.7071067811865470176, -3.140184917367550333E-16 ) ) ;
#5665 = AXIS2_PLACEMENT_3D ( 'NONE', #6093, #3799, #4621 ) ;
#5666 = ORIENTED_EDGE ( 'NONE', *, *, #5876, .F. ) ;
#5667 = AXIS2_PLACEMENT_3D ( 'NONE', #3607, #4578, #4524 ) ;
#5668 = VECTOR ( 'NONE', #1558, 999.9999999999998863 ) ;
#5669 = ORIENTED_EDGE ( 'NONE', *, *, #9390, .T. ) ;
#5670 = CARTESIAN_POINT ( 'NONE',  ( 9.199999999999999289, 15.69999999999999929, 3.500000000000000000 ) ) ;
#5671 = FACE_OUTER_BOUND ( 'NONE', #3083, .T. ) ;
#5672 = ORIENTED_EDGE ( 'NONE', *, *, #5844, .T. ) ;
#5673 = LINE ( 'NONE', #3568, #8271 ) ;
#5674 = VERTEX_POINT ( 'NONE', #2861 ) ;
#5675 = AXIS2_PLACEMENT_3D ( 'NONE', #3652, #7408, #684 ) ;
#5676 = DIRECTION ( 'NONE',  ( 0.000000000000000000, 1.676470801241769990E-13, 1.000000000000000000 ) ) ;
#5677 = ORIENTED_EDGE ( 'NONE', *, *, #9012, .F. ) ;
#5678 = DIRECTION ( 'NONE',  ( -0.7071067811865481278, -0.6411907195186932196, -0.2981182000534350340 ) ) ;
#5679 = AXIS2_PLACEMENT_3D ( 'NONE', #5093, #2869, #7899 ) ;
#5680 = EDGE_CURVE ( 'NONE', #1713, #7381, #7016, .T. ) ;
#5681 = CARTESIAN_POINT ( 'NONE',  ( 0.000000000000000000, 9.799999999999998934, 9.400000000000000355 ) ) ;
#5682 = CARTESIAN_POINT ( 'NONE',  ( 9.199999999999999289, 3.659290943147929909, -4.106043082262480048 ) ) ;
#5683 = ORIENTED_EDGE ( 'NONE', *, *, #6510, .T. ) ;
#5684 = DIRECTION ( 'NONE',  ( 0.000000000000000000, 0.7698003589195012708, 0.6382847385042251798 ) ) ;
#5685 = CARTESIAN_POINT ( 'NONE',  ( 1.000000000000000000, 15.68578643762690028, -7.500000000000000000 ) ) ;
#5686 = CARTESIAN_POINT ( 'NONE',  ( 0.000000000000000000, 3.100000000000000089, 0.9000000553360889555 ) ) ;
#5687 = EDGE_LOOP ( 'NONE', ( #3972, #7584, #9338, #4111 ) ) ;
#5688 = CARTESIAN_POINT ( 'NONE',  ( 8.800000000000000711, -17.88339895114832601, 0.9000000000000001332 ) ) ;
#5689 = AXIS2_PLACEMENT_3D ( 'NONE', #1613, #7561, #2144 ) ;
#5690 = ADVANCED_FACE ( 'NONE', ( #4902 ), #8768, .T. ) ;
#5691 = ORIENTED_EDGE ( 'NONE', *, *, #4623, .T. ) ;
#5692 = FACE_OUTER_BOUND ( 'NONE', #6037, .T. ) ;
#5693 = CARTESIAN_POINT ( 'NONE',  ( 9.517157287525382259, -22.50000000000000355, -1.217157287525381992 ) ) ;
#5694 = CARTESIAN_POINT ( 'NONE',  ( 0.000000000000000000, -25.51999999999984681, 4.529999999999937188 ) ) ;
#5695 = AXIS2_PLACEMENT_3D ( 'NONE', #7006, #1119, #7606 ) ;
#5696 = CYLINDRICAL_SURFACE ( 'NONE', #8019, 0.6000000000000000888 ) ;
#5697 = FACE_OUTER_BOUND ( 'NONE', #3121, .T. ) ;
#5698 = VERTEX_POINT ( 'NONE', #7150 ) ;
#5699 = FACE_OUTER_BOUND ( 'NONE', #8731, .T. ) ;
#5700 = EDGE_LOOP ( 'NONE', ( #2785, #5744, #1931, #6069 ) ) ;
#5701 = ADVANCED_FACE ( 'NONE', ( #475 ), #911, .T. ) ;
#5702 = VERTEX_POINT ( 'NONE', #3097 ) ;
#5703 = ORIENTED_EDGE ( 'NONE', *, *, #1359, .T. ) ;
#5704 = DIRECTION ( 'NONE',  ( 0.000000000000000000, 0.7670768701524097732, -0.6415552004911058148 ) ) ;
#5705 = PLANE ( 'NONE',  #4024 ) ;
#5706 = CARTESIAN_POINT ( 'NONE',  ( 8.800000000000000711, 17.69999999999999929, 22.63686968387744614 ) ) ;
#5707 = FACE_OUTER_BOUND ( 'NONE', #2624, .T. ) ;
#5708 = EDGE_CURVE ( 'NONE', #2140, #9546, #7811, .T. ) ;
#5709 = VERTEX_POINT ( 'NONE', #3686 ) ;
#5710 = CARTESIAN_POINT ( 'NONE',  ( 9.000000000000000000, 25.69999999999999929, 3.514213562373090127 ) ) ;
#5711 = ORIENTED_EDGE ( 'NONE', *, *, #4189, .T. ) ;
#5712 = EDGE_CURVE ( 'NONE', #8073, #899, #2661, .T. ) ;
#5713 = AXIS2_PLACEMENT_3D ( 'NONE', #5930, #8125, #7405 ) ;
#5714 = ORIENTED_EDGE ( 'NONE', *, *, #1048, .F. ) ;
#5715 = DIRECTION ( 'NONE',  ( 0.000000000000000000, 0.000000000000000000, -1.000000000000000000 ) ) ;
#5716 = CARTESIAN_POINT ( 'NONE',  ( 8.800000000000000711, 20.83693984606579974, 30.70000000000000284 ) ) ;
#5717 = ORIENTED_EDGE ( 'NONE', *, *, #1902, .F. ) ;
#5718 = LINE ( 'NONE', #608, #8899 ) ;
#5719 = VERTEX_POINT ( 'NONE', #3003 ) ;
#5720 = CARTESIAN_POINT ( 'NONE',  ( 10.00000000000000000, -9.849999995908170547, -1.300000000000000044 ) ) ;
#5721 = EDGE_CURVE ( 'NONE', #1790, #5594, #5273, .T. ) ;
#5722 = ORIENTED_EDGE ( 'NONE', *, *, #1706, .F. ) ;
#5723 = PLANE ( 'NONE',  #56 ) ;
#5724 = DIRECTION ( 'NONE',  ( 0.000000000000000000, -0.7071067811865475727, 0.7071067811865475727 ) ) ;
#5725 = DIRECTION ( 'NONE',  ( 1.000000000000000000, 0.000000000000000000, 0.000000000000000000 ) ) ;
#5726 = ORIENTED_EDGE ( 'NONE', *, *, #7022, .F. ) ;
#5727 = CARTESIAN_POINT ( 'NONE',  ( 9.000000000000000000, 21.70000001490119956, 24.16276451370509903 ) ) ;
#5728 = PLANE ( 'NONE',  #9211 ) ;
#5729 = FACE_OUTER_BOUND ( 'NONE', #7937, .T. ) ;
#5730 = VERTEX_POINT ( 'NONE', #3777 ) ;
#5731 = CARTESIAN_POINT ( 'NONE',  ( 3.400000000000001243, 18.81698522040782962, 20.85774427627240968 ) ) ;
#5732 = EDGE_CURVE ( 'NONE', #17, #3955, #90, .T. ) ;
#5733 = CIRCLE ( 'NONE', #4009, 0.5999999999999998668 ) ;
#5734 = EDGE_LOOP ( 'NONE', ( #3728, #2583, #5627, #2065 ) ) ;
#5735 = CARTESIAN_POINT ( 'NONE',  ( 1.199999999999999956, 20.89999999999960067, 16.72815858113809995 ) ) ;
#5736 = CYLINDRICAL_SURFACE ( 'NONE', #4370, 2.999999999999999112 ) ;
#5737 = DIRECTION ( 'NONE',  ( -1.000000000000000000, 0.000000000000000000, 0.000000000000000000 ) ) ;
#5738 = AXIS2_PLACEMENT_3D ( 'NONE', #695, #1368, #9567 ) ;
#5739 = DIRECTION ( 'NONE',  ( 0.000000000000000000, 0.9059677699816666152, -0.4233466661666844821 ) ) ;
#5740 = CARTESIAN_POINT ( 'NONE',  ( 1.199999999999999734, -18.30000000000000071, -2.471841418861651540 ) ) ;
#5741 = ORIENTED_EDGE ( 'NONE', *, *, #1135, .F. ) ;
#5742 = ADVANCED_FACE ( 'NONE', ( #1589 ), #6858, .T. ) ;
#5743 = CARTESIAN_POINT ( 'NONE',  ( 8.800000000000000711, 25.69999999999999929, 26.63271332580049844 ) ) ;
#5744 = ORIENTED_EDGE ( 'NONE', *, *, #7309, .T. ) ;
#5745 = AXIS2_PLACEMENT_3D ( 'NONE', #9426, #2740, #7224 ) ;
#5746 = ORIENTED_EDGE ( 'NONE', *, *, #1815, .F. ) ;
#5747 = ORIENTED_EDGE ( 'NONE', *, *, #3618, .F. ) ;
#5748 = DIRECTION ( 'NONE',  ( 0.000000000000000000, 0.3826834323650906700, -0.9238795325112864054 ) ) ;
#5749 = CARTESIAN_POINT ( 'NONE',  ( 8.933348167156854203, -47.62287529104050776, 1.105010580681185850 ) ) ;
#5750 = CARTESIAN_POINT ( 'NONE',  ( 4.799999999999999822, 21.69999999999999929, 11.34403626200970017 ) ) ;
#5751 = EDGE_CURVE ( 'NONE', #2565, #4757, #5922, .T. ) ;
#5752 = CARTESIAN_POINT ( 'NONE',  ( 4.799999999999999822, 24.10000000000000142, 25.88505464708130077 ) ) ;
#5753 = VERTEX_POINT ( 'NONE', #7489 ) ;
#5754 = EDGE_CURVE ( 'NONE', #7505, #6788, #4551, .T. ) ;
#5755 = DIRECTION ( 'NONE',  ( -1.000000000000000000, -0.000000000000000000, -0.000000000000000000 ) ) ;
#5756 = EDGE_LOOP ( 'NONE', ( #7880, #8175, #8757, #3077 ) ) ;
#5757 = VECTOR ( 'NONE', #7888, 1000.000000000000000 ) ;
#5758 = EDGE_CURVE ( 'NONE', #8132, #1970, #7401, .T. ) ;
#5759 = ORIENTED_EDGE ( 'NONE', *, *, #7903, .F. ) ;
#5760 = DIRECTION ( 'NONE',  ( -1.000000000000000000, 0.000000000000000000, 0.000000000000000000 ) ) ;
#5761 = CARTESIAN_POINT ( 'NONE',  ( 9.800000000000002487, -17.50000000000000000, 1.099999999999999867 ) ) ;
#5762 = AXIS2_PLACEMENT_3D ( 'NONE', #1816, #8539, #6100 ) ;
#5763 = VERTEX_POINT ( 'NONE', #8262 ) ;
#5764 = CARTESIAN_POINT ( 'NONE',  ( 8.800000000000002487, -44.10000000000000853, 1.500000000000000000 ) ) ;
#5765 = ORIENTED_EDGE ( 'NONE', *, *, #4261, .F. ) ;
#5766 = EDGE_CURVE ( 'NONE', #5516, #6102, #1580, .T. ) ;
#5767 = CARTESIAN_POINT ( 'NONE',  ( 0.000000000000000000, 11.90000000818370118, -1.500000000000000000 ) ) ;
#5768 = VERTEX_POINT ( 'NONE', #765 ) ;
#5769 = DIRECTION ( 'NONE',  ( 1.000000000000000000, 0.000000000000000000, 0.000000000000000000 ) ) ;
#5770 = CONICAL_SURFACE ( 'NONE', #4364, 0.9999999999999964473, 0.7853981633974490562 ) ;
#5771 = AXIS2_PLACEMENT_3D ( 'NONE', #882, #8334, #8229 ) ;
#5772 = VECTOR ( 'NONE', #2323, 1000.000000000000000 ) ;
#5773 = CARTESIAN_POINT ( 'NONE',  ( 1.600000000000000089, 0.8499999999999999778, -0.8499999657646780671 ) ) ;
#5774 = CARTESIAN_POINT ( 'NONE',  ( 1.000000000000000000, 8.192893218813448897, 7.792893218813450318 ) ) ;
#5775 = ORIENTED_EDGE ( 'NONE', *, *, #8570, .F. ) ;
#5776 = CARTESIAN_POINT ( 'NONE',  ( 9.199999999999999289, 0.000000000000000000, 0.000000000000000000 ) ) ;
#5777 = VECTOR ( 'NONE', #3287, 1000.000000000000000 ) ;
#5778 = DIRECTION ( 'NONE',  ( -0.7071067811865470176, 1.570092458683769990E-16, -0.7071067811865480168 ) ) ;
#5779 = DIRECTION ( 'NONE',  ( 1.000000000000000000, 0.000000000000000000, 0.000000000000000000 ) ) ;
#5780 = ORIENTED_EDGE ( 'NONE', *, *, #6655, .F. ) ;
#5781 = DIRECTION ( 'NONE',  ( 1.000000000000000000, 0.000000000000000000, 0.000000000000000000 ) ) ;
#5782 = VECTOR ( 'NONE', #9339, 1000.000000000000000 ) ;
#5783 = ORIENTED_EDGE ( 'NONE', *, *, #948, .F. ) ;
#5784 = VECTOR ( 'NONE', #5664, 1000.000000000000000 ) ;
#5785 = DIRECTION ( 'NONE',  ( 1.000000000000000000, 0.000000000000000000, 0.000000000000000000 ) ) ;
#5786 = CARTESIAN_POINT ( 'NONE',  ( 3.799999999999999822, -17.88339895114832601, 1.500000000000000000 ) ) ;
#5787 = DIRECTION ( 'NONE',  ( -0.000000000000000000, -0.7071067811865475727, -0.7071067811865475727 ) ) ;
#5788 = DIRECTION ( 'NONE',  ( 0.000000000000000000, -1.000000000000000000, 0.000000000000000000 ) ) ;
#5789 = VERTEX_POINT ( 'NONE', #1496 ) ;
#5790 = DIRECTION ( 'NONE',  ( 1.000000000000000000, 0.000000000000000000, 0.000000000000000000 ) ) ;
#5791 = CIRCLE ( 'NONE', #2991, 1.700000000000000178 ) ;
#5792 = VERTEX_POINT ( 'NONE', #6799 ) ;
#5793 = CARTESIAN_POINT ( 'NONE',  ( 9.799999999999998934, 3.100000000000000089, 0.9000000553360889555 ) ) ;
#5794 = CONICAL_SURFACE ( 'NONE', #507, 1.100000000000000755, 0.7853981633974469467 ) ;
#5795 = ORIENTED_EDGE ( 'NONE', *, *, #7986, .F. ) ;
#5796 = AXIS2_PLACEMENT_3D ( 'NONE', #5082, #2122, #471 ) ;
#5797 = ORIENTED_EDGE ( 'NONE', *, *, #4341, .F. ) ;
#5798 = ADVANCED_FACE ( 'NONE', ( #3727 ), #2906, .F. ) ;
#5799 = CIRCLE ( 'NONE', #2847, 2.999999999999999112 ) ;
#5800 = CYLINDRICAL_SURFACE ( 'NONE', #9257, 1.000000000000000222 ) ;
#5801 = CARTESIAN_POINT ( 'NONE',  ( 9.799999999999998934, 11.90000000000000036, -0.9000000000000000222 ) ) ;
#5802 = CARTESIAN_POINT ( 'NONE',  ( 9.199999999999999289, 15.69999999999999929, 1.100000000000000089 ) ) ;
#5803 = LINE ( 'NONE', #9515, #2875 ) ;
#5804 = ORIENTED_EDGE ( 'NONE', *, *, #8088, .F. ) ;
#5805 = DIRECTION ( 'NONE',  ( 0.000000000000000000, 0.9059677699816659491, 0.4233466661666858699 ) ) ;
#5806 = CONICAL_SURFACE ( 'NONE', #1611, 0.4000000000000001887, 0.7853981633974476129 ) ;
#5807 = VECTOR ( 'NONE', #8803, 1000.000000000000000 ) ;
#5808 = ORIENTED_EDGE ( 'NONE', *, *, #2184, .F. ) ;
#5809 = VECTOR ( 'NONE', #1471, 1000.000000000000000 ) ;
#5810 = ORIENTED_EDGE ( 'NONE', *, *, #5522, .F. ) ;
#5811 = ADVANCED_FACE ( 'NONE', ( #7544 ), #6695, .T. ) ;
#5812 = AXIS2_PLACEMENT_3D ( 'NONE', #8202, #9623, #7473 ) ;
#5813 = CARTESIAN_POINT ( 'NONE',  ( 9.199999999999999289, 11.90000000818370118, -1.500000000000000000 ) ) ;
#5814 = AXIS2_PLACEMENT_3D ( 'NONE', #7383, #5905, #707 ) ;
#5815 = FACE_OUTER_BOUND ( 'NONE', #8195, .T. ) ;
#5816 = ORIENTED_EDGE ( 'NONE', *, *, #5052, .T. ) ;
#5817 = CARTESIAN_POINT ( 'NONE',  ( 4.799999999999999822, 25.00596776998166604, 26.30840131324798392 ) ) ;
#5818 = VERTEX_POINT ( 'NONE', #9005 ) ;
#5819 = CARTESIAN_POINT ( 'NONE',  ( 8.800000000000000711, 18.88518518518520040, 17.52940380930249731 ) ) ;
#5820 = ORIENTED_EDGE ( 'NONE', *, *, #3250, .F. ) ;
#5821 = CARTESIAN_POINT ( 'NONE',  ( 0.000000000000000000, -44.50000000000001421, 0.000000000000000000 ) ) ;
#5822 = AXIS2_PLACEMENT_3D ( 'NONE', #5752, #2883, #2051 ) ;
#5823 = CIRCLE ( 'NONE', #6002, 1.000000000000000444 ) ;
#5824 = ADVANCED_FACE ( 'NONE', ( #870 ), #4058, .F. ) ;
#5825 = DIRECTION ( 'NONE',  ( 0.000000000000000000, 1.000000000000000000, 0.000000000000000000 ) ) ;
#5826 = DIRECTION ( 'NONE',  ( 0.7071067811865480168, 0.000000000000000000, -0.7071067811865470176 ) ) ;
#5827 = DIRECTION ( 'NONE',  ( -0.7071067811865480168, 0.000000000000000000, -0.7071067811865470176 ) ) ;
#5828 = VECTOR ( 'NONE', #6385, 1000.000000000000000 ) ;
#5829 = ORIENTED_EDGE ( 'NONE', *, *, #1296, .F. ) ;
#5830 = CARTESIAN_POINT ( 'NONE',  ( 8.800000000000000711, -3.950000000000000178, -7.500000000000000000 ) ) ;
#5831 = DIRECTION ( 'NONE',  ( 0.000000000000000000, -1.000000000000000000, -4.440892098500630106E-16 ) ) ;
#5832 = ORIENTED_EDGE ( 'NONE', *, *, #6767, .T. ) ;
#5833 = ADVANCED_FACE ( 'NONE', ( #7590 ), #6086, .T. ) ;
#5834 = CARTESIAN_POINT ( 'NONE',  ( 3.511159172623584901, 18.50374464323978430, 20.87213933811856137 ) ) ;
#5835 = EDGE_CURVE ( 'NONE', #1531, #2859, #7179, .T. ) ;
#5836 = ADVANCED_FACE ( 'NONE', ( #1732 ), #1786, .F. ) ;
#5837 = FACE_OUTER_BOUND ( 'NONE', #2705, .T. ) ;
#5838 = FACE_OUTER_BOUND ( 'NONE', #7304, .T. ) ;
#5839 = CYLINDRICAL_SURFACE ( 'NONE', #6925, 0.5999999999999987566 ) ;
#5840 = ORIENTED_EDGE ( 'NONE', *, *, #4196, .T. ) ;
#5841 = DIRECTION ( 'NONE',  ( 0.000000000000000000, 0.4233466661666858699, -0.9059677699816659491 ) ) ;
#5842 = ORIENTED_EDGE ( 'NONE', *, *, #1594, .F. ) ;
#5843 = CARTESIAN_POINT ( 'NONE',  ( 1.000000000000000000, 11.70000000000000107, 15.25000000000000000 ) ) ;
#5844 = EDGE_CURVE ( 'NONE', #800, #9189, #1269, .T. ) ;
#5845 = ORIENTED_EDGE ( 'NONE', *, *, #4151, .F. ) ;
#5846 = CARTESIAN_POINT ( 'NONE',  ( 4.799999999999999822, 23.34155520049110066, 10.57695939185719958 ) ) ;
#5847 = VECTOR ( 'NONE', #3216, 1000.000000000000000 ) ;
#5848 = CARTESIAN_POINT ( 'NONE',  ( 9.799999999999998934, 18.29999994756589743, 31.69999999999999929 ) ) ;
#5849 = DIRECTION ( 'NONE',  ( 0.000000000000000000, 0.000000000000000000, 1.000000000000000000 ) ) ;
#5850 = CARTESIAN_POINT ( 'NONE',  ( 0.000000000000000000, -17.10000000000000497, 1.500000000000000000 ) ) ;
#5851 = CARTESIAN_POINT ( 'NONE',  ( 3.799999999999999822, 18.19999999999999929, 31.30000000000000071 ) ) ;
#5852 = ORIENTED_EDGE ( 'NONE', *, *, #4607, .T. ) ;
#5853 = LINE ( 'NONE', #8884, #3614 ) ;
#5854 = VERTEX_POINT ( 'NONE', #281 ) ;
#5855 = AXIS2_PLACEMENT_3D ( 'NONE', #7989, #4909, #627 ) ;
#5856 = EDGE_CURVE ( 'NONE', #1875, #7242, #188, .T. ) ;
#5857 = CARTESIAN_POINT ( 'NONE',  ( 4.799999999999999822, 24.74155520049110280, 11.74786848276629847 ) ) ;
#5858 = EDGE_LOOP ( 'NONE', ( #3340, #1166, #7409, #6208, #8661 ) ) ;
#5859 = DIRECTION ( 'NONE',  ( -0.7071067811865477948, 0.4536480327727568373, -0.5424052565761208200 ) ) ;
#5860 = DIRECTION ( 'NONE',  ( -1.000000000000000000, 0.000000000000000000, 0.000000000000000000 ) ) ;
#5861 = ORIENTED_EDGE ( 'NONE', *, *, #2603, .F. ) ;
#5862 = CARTESIAN_POINT ( 'NONE',  ( 9.799999999999998934, 20.52426405306703572, 31.52426408435681537 ) ) ;
#5863 = ORIENTED_EDGE ( 'NONE', *, *, #6681, .F. ) ;
#5864 = DIRECTION ( 'NONE',  ( 1.000000000000000000, 0.000000000000000000, 0.000000000000000000 ) ) ;
#5865 = EDGE_LOOP ( 'NONE', ( #3375, #8621, #8095 ) ) ;
#5866 = CARTESIAN_POINT ( 'NONE',  ( 8.800000000000002487, -25.51999999999984681, 4.529999999999937188 ) ) ;
#5867 = ADVANCED_FACE ( 'NONE', ( #3916 ), #1683, .T. ) ;
#5868 = VECTOR ( 'NONE', #331, 999.9999999999998863 ) ;
#5869 = PLANE ( 'NONE',  #4390 ) ;
#5870 = DIRECTION ( 'NONE',  ( 0.000000000000000000, 0.000000000000000000, -1.000000000000000000 ) ) ;
#5871 = CARTESIAN_POINT ( 'NONE',  ( 9.799999999999998934, 20.69999999999999929, 7.299999991816339850 ) ) ;
#5872 = EDGE_CURVE ( 'NONE', #9506, #1256, #2607, .T. ) ;
#5873 = EDGE_LOOP ( 'NONE', ( #5845, #7753, #8355, #7800 ) ) ;
#5874 = CARTESIAN_POINT ( 'NONE',  ( 9.099999999999999645, 23.30604309612409963, 22.85929092759399950 ) ) ;
#5875 = DIRECTION ( 'NONE',  ( 0.000000000000000000, 0.000000000000000000, -1.000000000000000000 ) ) ;
#5876 = EDGE_CURVE ( 'NONE', #9100, #5274, #8467, .T. ) ;
#5877 = AXIS2_PLACEMENT_3D ( 'NONE', #5338, #2376, #8327 ) ;
#5878 = VERTEX_POINT ( 'NONE', #3962 ) ;
#5879 = CARTESIAN_POINT ( 'NONE',  ( 3.441143705635857586, 18.65618150577149592, 20.85409821420881826 ) ) ;
#5880 = ADVANCED_FACE ( 'NONE', ( #4787 ), #3290, .F. ) ;
#5881 = CIRCLE ( 'NONE', #4477, 0.9999999999999998890 ) ;
#5882 = EDGE_CURVE ( 'NONE', #2360, #61, #9368, .T. ) ;
#5883 = DIRECTION ( 'NONE',  ( 0.000000000000000000, 0.000000000000000000, -1.000000000000000000 ) ) ;
#5884 = CARTESIAN_POINT ( 'NONE',  ( 10.20000000000000107, 3.700000000000000178, -0.9000000000000000222 ) ) ;
#5885 = PLANE ( 'NONE',  #2719 ) ;
#5886 = EDGE_CURVE ( 'NONE', #5965, #1802, #1873, .T. ) ;
#5887 = CARTESIAN_POINT ( 'NONE',  ( 3.600000000000000089, 11.80865543901354364, 11.25499344353499254 ) ) ;
#5888 = EDGE_LOOP ( 'NONE', ( #902, #9511, #497, #236 ) ) ;
#5889 = DIRECTION ( 'NONE',  ( 0.000000000000000000, 0.000000000000000000, -1.000000000000000000 ) ) ;
#5890 = VECTOR ( 'NONE', #2947, 1000.000000000000000 ) ;
#5891 = ORIENTED_EDGE ( 'NONE', *, *, #4314, .F. ) ;
#5892 = ADVANCED_FACE ( 'NONE', ( #7690 ), #5524, .T. ) ;
#5893 = ORIENTED_EDGE ( 'NONE', *, *, #7178, .T. ) ;
#5894 = DIRECTION ( 'NONE',  ( 1.000000000000000000, 0.000000000000000000, 0.000000000000000000 ) ) ;
#5895 = FACE_OUTER_BOUND ( 'NONE', #8043, .T. ) ;
#5896 = CARTESIAN_POINT ( 'NONE',  ( 72.83961030678925397, -25.51999999999984681, 4.529999999999937188 ) ) ;
#5897 = CARTESIAN_POINT ( 'NONE',  ( 8.951918358845304624, 17.85191835884530320, 22.42202468042495411 ) ) ;
#5898 = EDGE_CURVE ( 'NONE', #6977, #3230, #7818, .T. ) ;
#5899 = DIRECTION ( 'NONE',  ( 4.440892098500630106E-16, 0.000000000000000000, -1.000000000000000000 ) ) ;
#5900 = ORIENTED_EDGE ( 'NONE', *, *, #7278, .T. ) ;
#5901 = LINE ( 'NONE', #2885, #7671 ) ;
#5902 = AXIS2_PLACEMENT_3D ( 'NONE', #8879, #6719, #58 ) ;
#5903 = LINE ( 'NONE', #1567, #2808 ) ;
#5904 = ORIENTED_EDGE ( 'NONE', *, *, #722, .T. ) ;
#5905 = DIRECTION ( 'NONE',  ( -1.000000000000000000, 0.000000000000000000, 0.000000000000000000 ) ) ;
#5906 = EDGE_CURVE ( 'NONE', #7988, #9652, #7335, .T. ) ;
#5907 = CARTESIAN_POINT ( 'NONE',  ( 9.800000000000002487, -22.50000000000000355, -0.9343145750507612091 ) ) ;
#5908 = EDGE_LOOP ( 'NONE', ( #4350, #4929, #9228, #6444 ) ) ;
#5909 = LINE ( 'NONE', #18, #6101 ) ;
#5910 = ORIENTED_EDGE ( 'NONE', *, *, #2437, .F. ) ;
#5911 = DIRECTION ( 'NONE',  ( -0.000000000000000000, -0.000000000000000000, -1.000000000000000000 ) ) ;
#5912 = AXIS2_PLACEMENT_3D ( 'NONE', #8329, #7704, #7599 ) ;
#5913 = VERTEX_POINT ( 'NONE', #1010 ) ;
#5914 = FACE_OUTER_BOUND ( 'NONE', #4185, .T. ) ;
#5915 = VECTOR ( 'NONE', #9032, 1000.000000000000000 ) ;
#5916 = DIRECTION ( 'NONE',  ( 0.000000000000000000, 0.000000000000000000, -1.000000000000000000 ) ) ;
#5917 = DIRECTION ( 'NONE',  ( -1.000000000000000000, 0.000000000000000000, 0.000000000000000000 ) ) ;
#5918 = EDGE_CURVE ( 'NONE', #46, #1528, #4055, .T. ) ;
#5919 = DIRECTION ( 'NONE',  ( 0.000000000000000000, 0.9059677699816669483, 0.4233466661666838160 ) ) ;
#5920 = VERTEX_POINT ( 'NONE', #2512 ) ;
#5921 = LINE ( 'NONE', #2220, #7003 ) ;
#5922 = LINE ( 'NONE', #6749, #8573 ) ;
#5923 = EDGE_LOOP ( 'NONE', ( #9003, #3365, #445, #1667, #2297 ) ) ;
#5924 = DIRECTION ( 'NONE',  ( 1.000000000000000000, 0.000000000000000000, 0.000000000000000000 ) ) ;
#5925 = VECTOR ( 'NONE', #1065, 1000.000000000000114 ) ;
#5926 = AXIS2_PLACEMENT_3D ( 'NONE', #3836, #1654, #151 ) ;
#5927 = CIRCLE ( 'NONE', #1574, 1.000000000000000888 ) ;
#5928 = DIRECTION ( 'NONE',  ( 0.000000000000000000, 0.000000000000000000, -1.000000000000000000 ) ) ;
#5929 = AXIS2_PLACEMENT_3D ( 'NONE', #2752, #7967, #4200 ) ;
#5930 = CARTESIAN_POINT ( 'NONE',  ( 8.800000000000000711, 18.70000000000000284, 16.54670016771569863 ) ) ;
#5931 = EDGE_CURVE ( 'NONE', #8231, #7529, #4748, .T. ) ;
#5932 = AXIS2_PLACEMENT_3D ( 'NONE', #6073, #6653, #2422 ) ;
#5933 = DIRECTION ( 'NONE',  ( 1.000000000000000000, 0.000000000000000000, 0.000000000000000000 ) ) ;
#5934 = CARTESIAN_POINT ( 'NONE',  ( 8.800000000000000711, 15.69999999999999929, 3.500000000000000000 ) ) ;
#5935 = DIRECTION ( 'NONE',  ( 0.000000000000000000, 0.3412646552513101117, 0.9399672521296710270 ) ) ;
#5936 = ORIENTED_EDGE ( 'NONE', *, *, #7813, .T. ) ;
#5937 = DIRECTION ( 'NONE',  ( 0.7071067811865470176, 0.000000000000000000, 0.7071067811865480168 ) ) ;
#5938 = ORIENTED_EDGE ( 'NONE', *, *, #5336, .F. ) ;
#5939 = CIRCLE ( 'NONE', #9374, 22.49999999999999289 ) ;
#5940 = ORIENTED_EDGE ( 'NONE', *, *, #9404, .F. ) ;
#5941 = DIRECTION ( 'NONE',  ( 1.000000000000000000, 0.000000000000000000, 0.000000000000000000 ) ) ;
#5942 = EDGE_CURVE ( 'NONE', #8498, #7768, #1054, .T. ) ;
#5943 = CARTESIAN_POINT ( 'NONE',  ( 9.000000000000000000, 2.993965317121029646, -3.359489794578390143 ) ) ;
#5944 = AXIS2_PLACEMENT_3D ( 'NONE', #916, #965, #7450 ) ;
#5945 = CARTESIAN_POINT ( 'NONE',  ( 8.800000000000000711, 21.47849504655690112, 31.46707687015239685 ) ) ;
#5946 = DIRECTION ( 'NONE',  ( 1.000000000000000000, 0.000000000000000000, 0.000000000000000000 ) ) ;
#5947 = CARTESIAN_POINT ( 'NONE',  ( 9.000000000000000000, 22.39926247149089988, 15.96231186036350280 ) ) ;
#5948 = AXIS2_PLACEMENT_3D ( 'NONE', #3316, #8494, #162 ) ;
#5949 = ORIENTED_EDGE ( 'NONE', *, *, #6709, .F. ) ;
#5950 = EDGE_CURVE ( 'NONE', #2640, #1179, #8554, .T. ) ;
#5951 = LINE ( 'NONE', #1516, #2684 ) ;
#5952 = AXIS2_PLACEMENT_3D ( 'NONE', #3437, #615, #2711 ) ;
#5953 = FACE_OUTER_BOUND ( 'NONE', #9420, .T. ) ;
#5954 = VECTOR ( 'NONE', #142, 1000.000000000000000 ) ;
#5955 = ORIENTED_EDGE ( 'NONE', *, *, #282, .F. ) ;
#5956 = CARTESIAN_POINT ( 'NONE',  ( 1.400000000000000133, -20.00000000000000000, 2.449293598294706513E-15 ) ) ;
#5957 = DIRECTION ( 'NONE',  ( 0.000000000000000000, 2.220446049250309876E-16, -1.000000000000000000 ) ) ;
#5958 = AXIS2_PLACEMENT_3D ( 'NONE', #6119, #134, #2999 ) ;
#5959 = ORIENTED_EDGE ( 'NONE', *, *, #8392, .T. ) ;
#5960 = VECTOR ( 'NONE', #4784, 1000.000000000000000 ) ;
#5961 = DIRECTION ( 'NONE',  ( 0.2810846377148210062, 0.6785983445458468877, -0.6785983445458468877 ) ) ;
#5962 = ORIENTED_EDGE ( 'NONE', *, *, #4732, .F. ) ;
#5963 = CARTESIAN_POINT ( 'NONE',  ( 3.799999999999999822, 17.69999999999999929, 16.54670016771569863 ) ) ;
#5964 = VECTOR ( 'NONE', #4493, 1000.000000000000000 ) ;
#5965 = VERTEX_POINT ( 'NONE', #6842 ) ;
#5966 = CARTESIAN_POINT ( 'NONE',  ( 0.000000000000000000, 20.10000000000000142, 15.50000000000000000 ) ) ;
#5967 = VECTOR ( 'NONE', #278, 1000.000000000000000 ) ;
#5968 = VECTOR ( 'NONE', #4821, 999.9999999999998863 ) ;
#5969 = ORIENTED_EDGE ( 'NONE', *, *, #1758, .T. ) ;
#5970 = LINE ( 'NONE', #4496, #8293 ) ;
#5971 = FACE_BOUND ( 'NONE', #5865, .T. ) ;
#5972 = DIRECTION ( 'NONE',  ( -1.000000000000000000, 0.000000000000000000, 0.000000000000000000 ) ) ;
#5973 = ORIENTED_EDGE ( 'NONE', *, *, #4579, .F. ) ;
#5974 = CARTESIAN_POINT ( 'NONE',  ( 1.399999999999999911, 20.89999999999999858, 19.19999999999999929 ) ) ;
#5975 = DIRECTION ( 'NONE',  ( 0.000000000000000000, -0.4233466661666823727, -0.9059677699816675034 ) ) ;
#5976 = ORIENTED_EDGE ( 'NONE', *, *, #8382, .T. ) ;
#5977 = VECTOR ( 'NONE', #3325, 1000.000000000000000 ) ;
#5978 = CARTESIAN_POINT ( 'NONE',  ( 9.800000000000002487, -17.50000000000000000, 0.9343145750507625413 ) ) ;
#5979 = CIRCLE ( 'NONE', #5185, 0.6000000000000004219 ) ;
#5980 = CIRCLE ( 'NONE', #72, 0.5999999999999994227 ) ;
#5981 = AXIS2_PLACEMENT_3D ( 'NONE', #1810, #7064, #4767 ) ;
#5982 = ADVANCED_FACE ( 'NONE', ( #9108 ), #2419, .F. ) ;
#5983 = VECTOR ( 'NONE', #3556, 1000.000000000000000 ) ;
#5984 = DIRECTION ( 'NONE',  ( 0.000000000000000000, 2.220446049250309876E-16, -1.000000000000000000 ) ) ;
#5985 = CARTESIAN_POINT ( 'NONE',  ( 4.799999999999999822, 21.70000001490119956, 31.69999999999999929 ) ) ;
#5986 = FACE_OUTER_BOUND ( 'NONE', #8870, .T. ) ;
#5987 = FACE_OUTER_BOUND ( 'NONE', #5240, .T. ) ;
#5988 = FACE_OUTER_BOUND ( 'NONE', #8013, .T. ) ;
#5989 = ORIENTED_EDGE ( 'NONE', *, *, #2156, .T. ) ;
#5990 = CARTESIAN_POINT ( 'NONE',  ( 0.5000000000000000000, -3.950000000000000178, -7.000000000000000000 ) ) ;
#5991 = EDGE_CURVE ( 'NONE', #6136, #2818, #2115, .T. ) ;
#5992 = ORIENTED_EDGE ( 'NONE', *, *, #6114, .F. ) ;
#5993 = AXIS2_PLACEMENT_3D ( 'NONE', #5434, #5537, #4657 ) ;
#5994 = EDGE_CURVE ( 'NONE', #2763, #2707, #5036, .T. ) ;
#5995 = EDGE_LOOP ( 'NONE', ( #3343, #4495, #4837, #3187 ) ) ;
#5996 = DIRECTION ( 'NONE',  ( 0.000000000000000000, 0.000000000000000000, -1.000000000000000000 ) ) ;
#5997 = CARTESIAN_POINT ( 'NONE',  ( 9.000000000000000000, 4.541161721194240108, -2.593219389228420102 ) ) ;
#5998 = LINE ( 'NONE', #4522, #4166 ) ;
#5999 = CARTESIAN_POINT ( 'NONE',  ( 3.399999999999999911, 17.56306015393419884, 31.69999999999999929 ) ) ;
#6000 = CIRCLE ( 'NONE', #96, 0.9999999999999998890 ) ;
#6001 = CARTESIAN_POINT ( 'NONE',  ( 9.199999999999999289, -3.100000000000000089, -0.9000000000000000222 ) ) ;
#6002 = AXIS2_PLACEMENT_3D ( 'NONE', #44, #919, #198 ) ;
#6003 = EDGE_LOOP ( 'NONE', ( #9341, #4674, #7624, #294 ) ) ;
#6004 = CARTESIAN_POINT ( 'NONE',  ( 0.000000000000000000, 12.69999999999999929, 26.63271332580049844 ) ) ;
#6005 = EDGE_LOOP ( 'NONE', ( #3990, #6271, #316, #675 ) ) ;
#6006 = EDGE_CURVE ( 'NONE', #6589, #7545, #7024, .T. ) ;
#6007 = LINE ( 'NONE', #2343, #5915 ) ;
#6008 = VERTEX_POINT ( 'NONE', #4306 ) ;
#6009 = CARTESIAN_POINT ( 'NONE',  ( 3.399999999999999911, 12.05844479950889969, 27.39979019595289955 ) ) ;
#6010 = ADVANCED_FACE ( 'NONE', ( #2704 ), #6542, .F. ) ;
#6011 = CARTESIAN_POINT ( 'NONE',  ( 9.199999999999999289, -3.919406299223980206, -2.882301261288870098 ) ) ;
#6012 = ORIENTED_EDGE ( 'NONE', *, *, #8864, .F. ) ;
#6013 = DIRECTION ( 'NONE',  ( 0.7071067811865500152, 0.4536480327727580031, 0.5424052565761169342 ) ) ;
#6014 = ADVANCED_FACE ( 'NONE', ( #7282 ), #9437, .T. ) ;
#6015 = AXIS2_PLACEMENT_3D ( 'NONE', #9075, #9171, #3882 ) ;
#6016 = ORIENTED_EDGE ( 'NONE', *, *, #2529, .T. ) ;
#6017 = DIRECTION ( 'NONE',  ( -0.7071067811865470176, 0.7071067811865480168, 3.140184917367550826E-16 ) ) ;
#6018 = ORIENTED_EDGE ( 'NONE', *, *, #4303, .F. ) ;
#6019 = DIRECTION ( 'NONE',  ( 0.000000000000000000, 0.7071067727460190744, 0.7071067896270757380 ) ) ;
#6020 = ADVANCED_FACE ( 'NONE', ( #1198 ), #1151, .F. ) ;
#6021 = ORIENTED_EDGE ( 'NONE', *, *, #55, .T. ) ;
#6022 = CARTESIAN_POINT ( 'NONE',  ( 3.799999999999999822, 12.69999999999999929, 26.63271332580049844 ) ) ;
#6023 = DIRECTION ( 'NONE',  ( 0.000000000000000000, -2.220446049250309876E-16, 1.000000000000000000 ) ) ;
#6024 = DIRECTION ( 'NONE',  ( 0.000000000000000000, -1.000000000000000000, 0.000000000000000000 ) ) ;
#6025 = EDGE_LOOP ( 'NONE', ( #8420, #1098, #8357, #4922 ) ) ;
#6026 = LINE ( 'NONE', #672, #8410 ) ;
#6027 = DIRECTION ( 'NONE',  ( 1.000000000000000000, 0.000000000000000000, 0.000000000000000000 ) ) ;
#6028 = ORIENTED_EDGE ( 'NONE', *, *, #5405, .F. ) ;
#6029 = DIRECTION ( 'NONE',  ( 0.6337397279928097538, -0.6156573631407000757, 0.4683374513897429758 ) ) ;
#6030 = VECTOR ( 'NONE', #7552, 1000.000000000000000 ) ;
#6031 = CARTESIAN_POINT ( 'NONE',  ( 9.000000000000000000, 20.83693984606579974, 30.70000000000000284 ) ) ;
#6032 = DIRECTION ( 'NONE',  ( 0.000000000000000000, 0.7670768701524097732, -0.6415552004911058148 ) ) ;
#6033 = CARTESIAN_POINT ( 'NONE',  ( 9.199999999999999289, 2.860900191915650037, -3.210179137041570208 ) ) ;
#6034 = CARTESIAN_POINT ( 'NONE',  ( 9.199999999999999289, 18.10000000000000142, 13.25000000000000000 ) ) ;
#6035 = DIRECTION ( 'NONE',  ( -1.000000000000000000, 0.000000000000000000, 0.000000000000000000 ) ) ;
#6036 = EDGE_CURVE ( 'NONE', #3641, #5753, #5718, .T. ) ;
#6037 = EDGE_LOOP ( 'NONE', ( #9405, #2044, #686, #6813 ) ) ;
#6038 = LINE ( 'NONE', #4570, #4826 ) ;
#6039 = ORIENTED_EDGE ( 'NONE', *, *, #5540, .F. ) ;
#6040 = VERTEX_POINT ( 'NONE', #3382 ) ;
#6041 = CARTESIAN_POINT ( 'NONE',  ( 9.799999999999998934, 11.90000000818370118, -1.500000000000000000 ) ) ;
#6042 = CARTESIAN_POINT ( 'NONE',  ( 1.600000000000000755, -20.00000000000000000, 2.449293598294706513E-15 ) ) ;
#6043 = FACE_OUTER_BOUND ( 'NONE', #4820, .T. ) ;
#6044 = DIRECTION ( 'NONE',  ( -1.000000000000000000, 0.000000000000000000, 0.000000000000000000 ) ) ;
#6045 = AXIS2_PLACEMENT_3D ( 'NONE', #668, #3636, #2901 ) ;
#6046 = CARTESIAN_POINT ( 'NONE',  ( 9.199999999999999289, 20.83693984606579974, 30.70000000000000284 ) ) ;
#6047 = EDGE_CURVE ( 'NONE', #5818, #6300, #5673, .T. ) ;
#6048 = EDGE_LOOP ( 'NONE', ( #1393, #4183, #8007, #4662 ) ) ;
#6049 = CARTESIAN_POINT ( 'NONE',  ( 9.000000000000000000, 18.70000000000000284, 16.54670016771569863 ) ) ;
#6050 = ORIENTED_EDGE ( 'NONE', *, *, #2677, .F. ) ;
#6051 = DIRECTION ( 'NONE',  ( 0.000000000000000000, 0.9059677699816666152, 0.4233466661666844821 ) ) ;
#6052 = ORIENTED_EDGE ( 'NONE', *, *, #1251, .T. ) ;
#6053 = DIRECTION ( 'NONE',  ( 0.000000000000000000, 0.3826834323650906700, -0.9238795325112864054 ) ) ;
#6054 = CARTESIAN_POINT ( 'NONE',  ( 1.000000000000000000, 7.485786437626910761, 8.500000000000000000 ) ) ;
#6055 = EDGE_CURVE ( 'NONE', #9616, #8874, #8429, .T. ) ;
#6056 = EDGE_LOOP ( 'NONE', ( #7883, #8056, #3960, #3553 ) ) ;
#6057 = CARTESIAN_POINT ( 'NONE',  ( 9.099999999999999645, 21.62594123158218551, 23.92528245127661890 ) ) ;
#6058 = AXIS2_PLACEMENT_3D ( 'NONE', #8141, #4432, #2627 ) ;
#6059 = VERTEX_POINT ( 'NONE', #4110 ) ;
#6060 = DIRECTION ( 'NONE',  ( 0.7071067811865475727, -0.7071067811865475727, 0.000000000000000000 ) ) ;
#6061 = ORIENTED_EDGE ( 'NONE', *, *, #120, .F. ) ;
#6062 = DIRECTION ( 'NONE',  ( 1.000000000000000000, 0.000000000000000000, 0.000000000000000000 ) ) ;
#6063 = EDGE_CURVE ( 'NONE', #5730, #4414, #1116, .T. ) ;
#6064 = EDGE_LOOP ( 'NONE', ( #5652, #633, #5111, #754 ) ) ;
#6065 = PLANE ( 'NONE',  #2997 ) ;
#6066 = PLANE ( 'NONE',  #7777 ) ;
#6067 = CARTESIAN_POINT ( 'NONE',  ( 9.799999999999998934, 12.50000000000000000, 0.9000000000000000222 ) ) ;
#6068 = ADVANCED_FACE ( 'NONE', ( #9530 ), #4981, .T. ) ;
#6069 = ORIENTED_EDGE ( 'NONE', *, *, #7125, .F. ) ;
#6070 = CARTESIAN_POINT ( 'NONE',  ( 9.799999999999998934, 9.849999999999999645, 1.500000000000000000 ) ) ;
#6071 = CARTESIAN_POINT ( 'NONE',  ( 10.20000000000000107, 18.10000000000000142, 17.14999999999999858 ) ) ;
#6072 = VERTEX_POINT ( 'NONE', #1242 ) ;
#6073 = CARTESIAN_POINT ( 'NONE',  ( 1.600000000000000089, 20.04999996576469812, 18.35000000000000142 ) ) ;
#6074 = LINE ( 'NONE', #2423, #3627 ) ;
#6075 = EDGE_CURVE ( 'NONE', #3891, #6923, #3442, .T. ) ;
#6076 = AXIS2_PLACEMENT_3D ( 'NONE', #217, #2546, #6290 ) ;
#6077 = DIRECTION ( 'NONE',  ( -1.000000000000000000, 0.000000000000000000, 0.000000000000000000 ) ) ;
#6078 = LINE ( 'NONE', #967, #7911 ) ;
#6079 = CARTESIAN_POINT ( 'NONE',  ( 8.604231177000061237, -45.69576882299998033, 0.4390109111012700516 ) ) ;
#6080 = VECTOR ( 'NONE', #3395, 1000.000000000000000 ) ;
#6081 = CARTESIAN_POINT ( 'NONE',  ( 0.000000000000000000, 25.69999999999999929, 3.514213562373090127 ) ) ;
#6082 = DIRECTION ( 'NONE',  ( 0.000000000000000000, -1.000000000000000000, -4.440892098500630106E-16 ) ) ;
#6083 = VERTEX_POINT ( 'NONE', #2792 ) ;
#6084 = CARTESIAN_POINT ( 'NONE',  ( 9.199999999999999289, 3.659290943147929909, -4.106043082262480048 ) ) ;
#6085 = VECTOR ( 'NONE', #8074, 1000.000000000000000 ) ;
#6086 = CONICAL_SURFACE ( 'NONE', #3897, 0.2000000000000103917, 0.7853981633974360665 ) ;
#6087 = VERTEX_POINT ( 'NONE', #5764 ) ;
#6088 = VECTOR ( 'NONE', #5924, 1000.000000000000000 ) ;
#6089 = VECTOR ( 'NONE', #1401, 1000.000000000000000 ) ;
#6090 = DIRECTION ( 'NONE',  ( 0.7071067811865459074, -0.6411907195186948849, -0.2981182000534359222 ) ) ;
#6091 = CARTESIAN_POINT ( 'NONE',  ( 4.799999999999999822, 4.962764524705690405, -3.500000000000000000 ) ) ;
#6092 = DIRECTION ( 'NONE',  ( 0.6785983445458465546, -0.6785983445458465546, -0.2810846377148225606 ) ) ;
#6093 = CARTESIAN_POINT ( 'NONE',  ( 9.199999999999999289, 25.69999999999999929, 26.63271332580049844 ) ) ;
#6094 = LINE ( 'NONE', #6721, #8484 ) ;
#6095 = VERTEX_POINT ( 'NONE', #5817 ) ;
#6096 = DIRECTION ( 'NONE',  ( -1.000000000000000000, 0.000000000000000000, 0.000000000000000000 ) ) ;
#6097 = AXIS2_PLACEMENT_3D ( 'NONE', #5415, #4737, #4044 ) ;
#6098 = ORIENTED_EDGE ( 'NONE', *, *, #9012, .T. ) ;
#6099 = EDGE_CURVE ( 'NONE', #6476, #639, #9219, .T. ) ;
#6100 = DIRECTION ( 'NONE',  ( 0.000000000000000000, 0.000000000000000000, 1.000000000000000000 ) ) ;
#6101 = VECTOR ( 'NONE', #753, 1000.000000000000114 ) ;
#6102 = VERTEX_POINT ( 'NONE', #2650 ) ;
#6103 = AXIS2_PLACEMENT_3D ( 'NONE', #8162, #2263, #7580 ) ;
#6104 = CARTESIAN_POINT ( 'NONE',  ( 3.497859026681186645, 18.52861264005646902, 17.53215706839472077 ) ) ;
#6105 = DIRECTION ( 'NONE',  ( 1.000000000000000000, 0.000000000000000000, 0.000000000000000000 ) ) ;
#6106 = VERTEX_POINT ( 'NONE', #5616 ) ;
#6107 = FACE_OUTER_BOUND ( 'NONE', #7075, .T. ) ;
#6108 = ORIENTED_EDGE ( 'NONE', *, *, #7962, .T. ) ;
#6109 = DIRECTION ( 'NONE',  ( 0.000000000000000000, 1.000000000000000000, 4.386212498149690880E-17 ) ) ;
#6110 = AXIS2_PLACEMENT_3D ( 'NONE', #243, #8270, #5928 ) ;
#6111 = ADVANCED_FACE ( 'NONE', ( #4400 ), #2043, .T. ) ;
#6112 = ORIENTED_EDGE ( 'NONE', *, *, #6722, .T. ) ;
#6113 = AXIS2_PLACEMENT_3D ( 'NONE', #2590, #3265, #2446 ) ;
#6114 = EDGE_CURVE ( 'NONE', #2611, #7328, #6735, .T. ) ;
#6115 = ORIENTED_EDGE ( 'NONE', *, *, #1048, .T. ) ;
#6116 = CONICAL_SURFACE ( 'NONE', #3162, 22.49999999999999289, 0.7853981633974613796 ) ;
#6117 = AXIS2_PLACEMENT_3D ( 'NONE', #5043, #8761, #7193 ) ;
#6118 = DIRECTION ( 'NONE',  ( 1.000000000000000000, 0.000000000000000000, 0.000000000000000000 ) ) ;
#6119 = CARTESIAN_POINT ( 'NONE',  ( 0.000000000000000000, -20.00000000000000000, 2.449293598294706513E-15 ) ) ;
#6120 = ORIENTED_EDGE ( 'NONE', *, *, #7903, .T. ) ;
#6121 = DIRECTION ( 'NONE',  ( 0.000000000000000000, 0.3826834323650899483, -0.9238795325112867385 ) ) ;
#6122 = CARTESIAN_POINT ( 'NONE',  ( 3.399999999999999911, 12.69999999999999929, 26.63271332580049844 ) ) ;
#6123 = ORIENTED_EDGE ( 'NONE', *, *, #1998, .F. ) ;
#6124 = DIRECTION ( 'NONE',  ( -1.000000000000000000, 0.000000000000000000, 0.000000000000000000 ) ) ;
#6125 = DIRECTION ( 'NONE',  ( 0.000000000000000000, -0.6382847385042248467, -0.7698003589195016039 ) ) ;
#6126 = AXIS2_PLACEMENT_3D ( 'NONE', #5716, #5860, #6396 ) ;
#6127 = AXIS2_PLACEMENT_3D ( 'NONE', #7875, #4154, #7132 ) ;
#6128 = EDGE_CURVE ( 'NONE', #6338, #6376, #75, .T. ) ;
#6129 = VECTOR ( 'NONE', #5120, 1000.000000000000114 ) ;
#6130 = CARTESIAN_POINT ( 'NONE',  ( 9.000000000000000000, 15.68578643762690028, -6.500000000000000000 ) ) ;
#6131 = DIRECTION ( 'NONE',  ( 0.000000000000000000, -0.6382847385042265120, 0.7698003589195001606 ) ) ;
#6132 = VECTOR ( 'NONE', #5455, 1000.000000000000000 ) ;
#6133 = DIRECTION ( 'NONE',  ( 0.7071067811865480168, -0.7071067811865470176, 0.000000000000000000 ) ) ;
#6134 = DIRECTION ( 'NONE',  ( 0.000000000000000000, 1.000000000000000000, 0.000000000000000000 ) ) ;
#6135 = FACE_OUTER_BOUND ( 'NONE', #9366, .T. ) ;
#6136 = VERTEX_POINT ( 'NONE', #9039 ) ;
#6137 = CARTESIAN_POINT ( 'NONE',  ( 9.799999999999998934, -3.100000000000000089, -0.9000000000000000222 ) ) ;
#6138 = EDGE_CURVE ( 'NONE', #9474, #7332, #6639, .T. ) ;
#6139 = VECTOR ( 'NONE', #7226, 1000.000000000000000 ) ;
#6140 = ORIENTED_EDGE ( 'NONE', *, *, #834, .F. ) ;
#6141 = DIRECTION ( 'NONE',  ( 0.000000000000000000, -1.000000000000000000, 0.000000000000000000 ) ) ;
#6142 = LINE ( 'NONE', #8385, #5348 ) ;
#6143 = CARTESIAN_POINT ( 'NONE',  ( 9.199999999999999289, -2.560451229361954795, 1.100000000000000089 ) ) ;
#6144 = CARTESIAN_POINT ( 'NONE',  ( 0.5000000000000000000, 12.08581929876692840, 11.14018841382546654 ) ) ;
#6145 = DIRECTION ( 'NONE',  ( 0.000000000000000000, 1.000000000000000000, 0.000000000000000000 ) ) ;
#6146 = VERTEX_POINT ( 'NONE', #2351 ) ;
#6147 = FACE_OUTER_BOUND ( 'NONE', #6533, .T. ) ;
#6148 = ORIENTED_EDGE ( 'NONE', *, *, #3635, .T. ) ;
#6149 = LINE ( 'NONE', #309, #2965 ) ;
#6150 = VERTEX_POINT ( 'NONE', #3675 ) ;
#6151 = CARTESIAN_POINT ( 'NONE',  ( 3.400000000000000355, -25.51999999999984681, 27.02999999999993008 ) ) ;
#6152 = CARTESIAN_POINT ( 'NONE',  ( 3.399999999999999911, 17.56306015393419884, 31.69999999999999929 ) ) ;
#6153 = ORIENTED_EDGE ( 'NONE', *, *, #3392, .T. ) ;
#6154 = CARTESIAN_POINT ( 'NONE',  ( 9.099999999999999645, 22.23431866721664818, 10.34747171502986696 ) ) ;
#6155 = EDGE_CURVE ( 'NONE', #2001, #7039, #9625, .T. ) ;
#6156 = ORIENTED_EDGE ( 'NONE', *, *, #8821, .T. ) ;
#6157 = DIRECTION ( 'NONE',  ( 0.4999999999999997224, -0.7071067811865475727, 0.5000000000000004441 ) ) ;
#6158 = VERTEX_POINT ( 'NONE', #711 ) ;
#6159 = VERTEX_POINT ( 'NONE', #5258 ) ;
#6160 = CARTESIAN_POINT ( 'NONE',  ( 4.799999999999999822, -3.109953555073483145, -3.270442443208904759 ) ) ;
#6161 = DIRECTION ( 'NONE',  ( 0.000000000000000000, -9.682177540335678786E-16, -1.000000000000000000 ) ) ;
#6162 = VECTOR ( 'NONE', #1656, 1000.000000000000114 ) ;
#6163 = CARTESIAN_POINT ( 'NONE',  ( 9.199999999999999289, 7.452131517233670621, -5.541555200491109723 ) ) ;
#6164 = ORIENTED_EDGE ( 'NONE', *, *, #9454, .T. ) ;
#6165 = DIRECTION ( 'NONE',  ( -1.000000000000000000, 0.000000000000000000, 0.000000000000000000 ) ) ;
#6166 = DIRECTION ( 'NONE',  ( 0.000000000000000000, 0.6415552004911058148, 0.7670768701524097732 ) ) ;
#6167 = EDGE_CURVE ( 'NONE', #1237, #4592, #658, .T. ) ;
#6168 = ORIENTED_EDGE ( 'NONE', *, *, #4436, .F. ) ;
#6169 = DIRECTION ( 'NONE',  ( -1.000000000000000000, 0.000000000000000000, 0.000000000000000000 ) ) ;
#6170 = DIRECTION ( 'NONE',  ( 1.000000000000000000, 0.000000000000000000, 0.000000000000000000 ) ) ;
#6171 = EDGE_CURVE ( 'NONE', #4962, #6197, #6679, .T. ) ;
#6172 = CARTESIAN_POINT ( 'NONE',  ( 4.799999999999999822, 23.30604308226249799, 15.54070905685210136 ) ) ;
#6173 = CARTESIAN_POINT ( 'NONE',  ( 2.999999999999993783, -25.51999999999984681, 19.53499999999993264 ) ) ;
#6174 = ORIENTED_EDGE ( 'NONE', *, *, #1115, .F. ) ;
#6175 = CARTESIAN_POINT ( 'NONE',  ( -0.8666666666667411922, -7.433333333333482784, 11.16666666666652219 ) ) ;
#6176 = LINE ( 'NONE', #9164, #7492 ) ;
#6177 = DIRECTION ( 'NONE',  ( 1.000000000000000000, 0.000000000000000000, 0.000000000000000000 ) ) ;
#6178 = EDGE_CURVE ( 'NONE', #7217, #9021, #3907, .T. ) ;
#6179 = EDGE_LOOP ( 'NONE', ( #467, #6021, #1138, #8663, #3572, #8775 ) ) ;
#6180 = CARTESIAN_POINT ( 'NONE',  ( 1.399999999999999911, 19.19999999999999929, 16.85000000000000142 ) ) ;
#6181 = EDGE_CURVE ( 'NONE', #4958, #9436, #5909, .T. ) ;
#6182 = ORIENTED_EDGE ( 'NONE', *, *, #799, .F. ) ;
#6183 = DIRECTION ( 'NONE',  ( 0.000000000000000000, -0.8356006529151552842, -0.5493373725205360492 ) ) ;
#6184 = DIRECTION ( 'NONE',  ( -1.000000000000000000, 0.000000000000000000, 0.000000000000000000 ) ) ;
#6185 = DIRECTION ( 'NONE',  ( -0.7071067811865480168, 0.7071067811865470176, 0.000000000000000000 ) ) ;
#6186 = LINE ( 'NONE', #4132, #3331 ) ;
#6187 = FACE_OUTER_BOUND ( 'NONE', #8523, .T. ) ;
#6188 = EDGE_CURVE ( 'NONE', #7768, #3536, #350, .T. ) ;
#6189 = ORIENTED_EDGE ( 'NONE', *, *, #4634, .T. ) ;
#6190 = LINE ( 'NONE', #6232, #4231 ) ;
#6191 = ORIENTED_EDGE ( 'NONE', *, *, #5604, .F. ) ;
#6192 = LINE ( 'NONE', #4630, #790 ) ;
#6193 = ORIENTED_EDGE ( 'NONE', *, *, #6379, .T. ) ;
#6194 = CARTESIAN_POINT ( 'NONE',  ( 3.462450267483342170, 18.60191707524244364, 17.54204417235233393 ) ) ;
#6195 = DIRECTION ( 'NONE',  ( 1.000000000000000000, -0.000000000000000000, -0.000000000000000000 ) ) ;
#6196 = ORIENTED_EDGE ( 'NONE', *, *, #6962, .F. ) ;
#6197 = VERTEX_POINT ( 'NONE', #6787 ) ;
#6198 = DIRECTION ( 'NONE',  ( 0.000000000000000000, -0.9764170755296077697, 0.2158927849980360192 ) ) ;
#6199 = ORIENTED_EDGE ( 'NONE', *, *, #4025, .T. ) ;
#6200 = ORIENTED_EDGE ( 'NONE', *, *, #6366, .T. ) ;
#6201 = PLANE ( 'NONE',  #981 ) ;
#6202 = CARTESIAN_POINT ( 'NONE',  ( 9.000000000000000000, 22.39926248451300239, 22.43768812588820083 ) ) ;
#6203 = AXIS2_PLACEMENT_3D ( 'NONE', #2690, #598, #551 ) ;
#6204 = PLANE ( 'NONE',  #1772 ) ;
#6205 = ORIENTED_EDGE ( 'NONE', *, *, #3430, .T. ) ;
#6206 = DIRECTION ( 'NONE',  ( 1.000000000000000000, 0.000000000000000000, 0.000000000000000000 ) ) ;
#6207 = DIRECTION ( 'NONE',  ( -0.7071067811865480168, 0.000000000000000000, 0.7071067811865470176 ) ) ;
#6208 = ORIENTED_EDGE ( 'NONE', *, *, #7448, .T. ) ;
#6209 = CARTESIAN_POINT ( 'NONE',  ( 9.000000000000000000, 25.10000000000000142, 15.62382933935960061 ) ) ;
#6210 = EDGE_LOOP ( 'NONE', ( #1905, #8892, #5126, #1375 ) ) ;
#6211 = DIRECTION ( 'NONE',  ( -1.000000000000000000, 0.000000000000000000, 0.000000000000000000 ) ) ;
#6212 = AXIS2_PLACEMENT_3D ( 'NONE', #3025, #7514, #839 ) ;
#6213 = EDGE_CURVE ( 'NONE', #4998, #4479, #33, .T. ) ;
#6214 = DIRECTION ( 'NONE',  ( 1.000000000000000000, 0.000000000000000000, 0.000000000000000000 ) ) ;
#6215 =( BOUNDED_CURVE ( )  B_SPLINE_CURVE ( 3, ( #9645, #6615, #6705, #4561 ),
 .UNSPECIFIED., .F., .T. ) 
 B_SPLINE_CURVE_WITH_KNOTS ( ( 4, 4 ),
 ( 4.220326767393882683, 4.230385239242354878 ),
 .UNSPECIFIED. ) 
 CURVE ( )  GEOMETRIC_REPRESENTATION_ITEM ( )  RATIONAL_B_SPLINE_CURVE ( ( 1.000000000000000000, 0.9999915689464434765, 0.9999915689464434765, 1.000000000000000000 ) ) 
 REPRESENTATION_ITEM ( '' )  );
#6216 = CARTESIAN_POINT ( 'NONE',  ( 3.799999999999999822, 18.06171526149577389, 21.08349947336479602 ) ) ;
#6217 = ORIENTED_EDGE ( 'NONE', *, *, #2746, .F. ) ;
#6218 = CARTESIAN_POINT ( 'NONE',  ( 9.199999999999999289, 7.152341321280769826, -5.899999999999999467 ) ) ;
#6219 = LINE ( 'NONE', #4656, #175 ) ;
#6220 = DIRECTION ( 'NONE',  ( 0.000000000000000000, -0.8356006529151543960, -0.5493373725205374924 ) ) ;
#6221 = VERTEX_POINT ( 'NONE', #5862 ) ;
#6222 = DIRECTION ( 'NONE',  ( -1.000000000000000000, 0.000000000000000000, 0.000000000000000000 ) ) ;
#6223 = EDGE_CURVE ( 'NONE', #6823, #2723, #4530, .T. ) ;
#6224 = VERTEX_POINT ( 'NONE', #1525 ) ;
#6225 = DIRECTION ( 'NONE',  ( 1.000000000000000000, 0.000000000000000000, 0.000000000000000000 ) ) ;
#6226 = AXIS2_PLACEMENT_3D ( 'NONE', #4007, #704, #6782 ) ;
#6227 = DIRECTION ( 'NONE',  ( 0.000000000000000000, -0.6382847385042265120, -0.7698003589195000496 ) ) ;
#6228 = DIRECTION ( 'NONE',  ( 1.000000000000000000, 0.000000000000000000, 0.000000000000000000 ) ) ;
#6229 = FACE_OUTER_BOUND ( 'NONE', #9255, .T. ) ;
#6230 = FACE_OUTER_BOUND ( 'NONE', #4604, .T. ) ;
#6231 = ORIENTED_EDGE ( 'NONE', *, *, #6887, .F. ) ;
#6232 = CARTESIAN_POINT ( 'NONE',  ( 9.799999999999998934, -9.849999995908170547, -1.500000000000000000 ) ) ;
#6233 = CONICAL_SURFACE ( 'NONE', #6852, 1.499999999999999556, 0.7853981633974490562 ) ;
#6234 = ORIENTED_EDGE ( 'NONE', *, *, #8914, .F. ) ;
#6235 = AXIS2_PLACEMENT_3D ( 'NONE', #6367, #5539, #1891 ) ;
#6236 = CIRCLE ( 'NONE', #2187, 0.9999999999999993339 ) ;
#6237 = EDGE_CURVE ( 'NONE', #4757, #6788, #8159, .T. ) ;
#6238 = PLANE ( 'NONE',  #8417 ) ;
#6239 = ORIENTED_EDGE ( 'NONE', *, *, #4144, .T. ) ;
#6240 = CARTESIAN_POINT ( 'NONE',  ( 3.529896153103503131, 18.47326863196761337, 17.52066279736102317 ) ) ;
#6241 = AXIS2_PLACEMENT_3D ( 'NONE', #4603, #3825, #5875 ) ;
#6242 = CARTESIAN_POINT ( 'NONE',  ( 9.199999999999999289, -44.50000000000001421, 1.100000000000002531 ) ) ;
#6243 = EDGE_CURVE ( 'NONE', #7412, #4194, #5939, .T. ) ;
#6244 = VECTOR ( 'NONE', #2954, 1000.000000000000000 ) ;
#6245 = ORIENTED_EDGE ( 'NONE', *, *, #4027, .T. ) ;
#6246 = ORIENTED_EDGE ( 'NONE', *, *, #7142, .F. ) ;
#6247 = DIRECTION ( 'NONE',  ( 1.000000000000000000, 0.000000000000000000, 0.000000000000000000 ) ) ;
#6248 = EDGE_CURVE ( 'NONE', #2222, #6300, #2988, .T. ) ;
#6249 = ORIENTED_EDGE ( 'NONE', *, *, #1554, .T. ) ;
#6250 = AXIS2_PLACEMENT_3D ( 'NONE', #4349, #3812, #6596 ) ;
#6251 = AXIS2_PLACEMENT_3D ( 'NONE', #1189, #4149, #7175 ) ;
#6252 = EDGE_LOOP ( 'NONE', ( #4462, #8508, #3992, #6182 ) ) ;
#6253 = CARTESIAN_POINT ( 'NONE',  ( 9.799999999999998934, 18.29999994756589743, 31.69999999999999929 ) ) ;
#6254 = CARTESIAN_POINT ( 'NONE',  ( 0.000000000000000000, 12.50000000000000000, -0.8999999761598029835 ) ) ;
#6255 = ORIENTED_EDGE ( 'NONE', *, *, #9116, .F. ) ;
#6256 = VECTOR ( 'NONE', #5984, 1000.000000000000000 ) ;
#6257 = DIRECTION ( 'NONE',  ( 1.000000000000000000, 0.000000000000000000, 0.000000000000000000 ) ) ;
#6258 = ORIENTED_EDGE ( 'NONE', *, *, #7238, .T. ) ;
#6259 = FACE_OUTER_BOUND ( 'NONE', #5196, .T. ) ;
#6260 = AXIS2_PLACEMENT_3D ( 'NONE', #6778, #4388, #3074 ) ;
#6261 = ADVANCED_FACE ( 'NONE', ( #4488 ), #7475, .T. ) ;
#6262 = ORIENTED_EDGE ( 'NONE', *, *, #2734, .F. ) ;
#6263 = DIRECTION ( 'NONE',  ( -1.000000000000000000, 0.000000000000000000, 0.000000000000000000 ) ) ;
#6264 = AXIS2_PLACEMENT_3D ( 'NONE', #3141, #2413, #6689 ) ;
#6265 = CARTESIAN_POINT ( 'NONE',  ( 9.199999999999999289, 23.34155521539229738, 27.82304059567999843 ) ) ;
#6266 = DIRECTION ( 'NONE',  ( 0.000000000000000000, -1.652117596168394658E-15, -1.000000000000000000 ) ) ;
#6267 = VERTEX_POINT ( 'NONE', #4536 ) ;
#6268 = CARTESIAN_POINT ( 'NONE',  ( 9.799999999999998934, 3.100000000000000089, -0.8999999856759480776 ) ) ;
#6269 = CARTESIAN_POINT ( 'NONE',  ( 3.399999999999999911, 7.485786437626910761, 7.500000000000000000 ) ) ;
#6270 = DIRECTION ( 'NONE',  ( 0.000000000000000000, -0.2158927849980366853, 0.9764170755296076587 ) ) ;
#6271 = ORIENTED_EDGE ( 'NONE', *, *, #245, .F. ) ;
#6272 = DIRECTION ( 'NONE',  ( 0.000000000000000000, -0.4233466661666858699, 0.9059677699816659491 ) ) ;
#6273 = VECTOR ( 'NONE', #2789, 999.9999999999998863 ) ;
#6274 = EDGE_CURVE ( 'NONE', #2140, #4962, #2893, .T. ) ;
#6275 = AXIS2_PLACEMENT_3D ( 'NONE', #3719, #5221, #3045 ) ;
#6276 = ORIENTED_EDGE ( 'NONE', *, *, #883, .T. ) ;
#6277 = CIRCLE ( 'NONE', #1465, 1.000000000000000666 ) ;
#6278 = VECTOR ( 'NONE', #8048, 1000.000000000000000 ) ;
#6279 = FACE_OUTER_BOUND ( 'NONE', #3063, .T. ) ;
#6280 = CIRCLE ( 'NONE', #2083, 0.5999999999999998668 ) ;
#6281 = CARTESIAN_POINT ( 'NONE',  ( 9.199999999999999289, 15.68578643762690028, -6.500000000000000000 ) ) ;
#6282 = DIRECTION ( 'NONE',  ( 0.000000000000000000, -1.000000000000000000, 0.000000000000000000 ) ) ;
#6283 = DIRECTION ( 'NONE',  ( 0.000000000000000000, 1.000000000000000000, 4.440892098500630106E-16 ) ) ;
#6284 = CARTESIAN_POINT ( 'NONE',  ( 0.000000000000000000, 17.69999999999999929, 7.299999999999999822 ) ) ;
#6285 = ORIENTED_EDGE ( 'NONE', *, *, #834, .T. ) ;
#6286 = ADVANCED_FACE ( 'NONE', ( #8300 ), #169, .T. ) ;
#6287 = LINE ( 'NONE', #4770, #2374 ) ;
#6288 = AXIS2_PLACEMENT_3D ( 'NONE', #1031, #8531, #5398 ) ;
#6289 = ORIENTED_EDGE ( 'NONE', *, *, #4671, .T. ) ;
#6290 = DIRECTION ( 'NONE',  ( 0.000000000000000000, 0.4233466661666858699, -0.9059677699816659491 ) ) ;
#6291 = ORIENTED_EDGE ( 'NONE', *, *, #9309, .T. ) ;
#6292 = VECTOR ( 'NONE', #8051, 1000.000000000000000 ) ;
#6293 = CARTESIAN_POINT ( 'NONE',  ( 3.447756086899025796, 18.63812962900256665, 17.54494963798239482 ) ) ;
#6294 = EDGE_CURVE ( 'NONE', #2763, #5007, #2679, .T. ) ;
#6295 = CARTESIAN_POINT ( 'NONE',  ( 3.600000000000000089, 7.945006556465019187, 7.391344560986456536 ) ) ;
#6296 = ORIENTED_EDGE ( 'NONE', *, *, #5562, .F. ) ;
#6297 = ORIENTED_EDGE ( 'NONE', *, *, #2098, .F. ) ;
#6298 = EDGE_CURVE ( 'NONE', #8924, #5709, #4086, .T. ) ;
#6299 = FACE_OUTER_BOUND ( 'NONE', #7829, .T. ) ;
#6300 = VERTEX_POINT ( 'NONE', #5548 ) ;
#6301 = AXIS2_PLACEMENT_3D ( 'NONE', #2279, #4611, #2378 ) ;
#6302 = ADVANCED_FACE ( 'NONE', ( #6107 ), #5001, .T. ) ;
#6303 = ORIENTED_EDGE ( 'NONE', *, *, #2156, .F. ) ;
#6304 = CARTESIAN_POINT ( 'NONE',  ( 10.08528137423856919, -20.00000000000000000, 2.449293598294706513E-15 ) ) ;
#6305 = DIRECTION ( 'NONE',  ( -0.000000000000000000, 1.000000000000000000, 0.000000000000000000 ) ) ;
#6306 = ORIENTED_EDGE ( 'NONE', *, *, #2047, .T. ) ;
#6307 = DIRECTION ( 'NONE',  ( -1.000000000000000000, 0.000000000000000000, 0.000000000000000000 ) ) ;
#6308 = VECTOR ( 'NONE', #2331, 1000.000000000000114 ) ;
#6309 = ORIENTED_EDGE ( 'NONE', *, *, #7745, .F. ) ;
#6310 = EDGE_CURVE ( 'NONE', #2660, #756, #6879, .T. ) ;
#6311 = DIRECTION ( 'NONE',  ( 0.000000000000000000, -1.000000000000000000, 1.738253967965490031E-13 ) ) ;
#6312 = ORIENTED_EDGE ( 'NONE', *, *, #8458, .F. ) ;
#6313 = DIRECTION ( 'NONE',  ( 1.000000000000000000, 0.000000000000000000, 0.000000000000000000 ) ) ;
#6314 = CIRCLE ( 'NONE', #8973, 1.000000000000000666 ) ;
#6315 = CARTESIAN_POINT ( 'NONE',  ( 1.000000000000000000, 12.69999999999999929, 26.63271332580049844 ) ) ;
#6316 = MANIFOLD_SOLID_BREP ( 'Chanfrein7', #4594 ) ;
#6317 = EDGE_CURVE ( 'NONE', #8732, #8589, #6428, .T. ) ;
#6318 = DIRECTION ( 'NONE',  ( 1.000000000000000000, 0.000000000000000000, 0.000000000000000000 ) ) ;
#6319 = ORIENTED_EDGE ( 'NONE', *, *, #6984, .T. ) ;
#6320 = DIRECTION ( 'NONE',  ( -0.7071067811865480168, 0.7071067811865470176, 3.140184917367550333E-16 ) ) ;
#6321 = DIRECTION ( 'NONE',  ( -1.000000000000000000, -0.000000000000000000, -0.000000000000000000 ) ) ;
#6322 = DIRECTION ( 'NONE',  ( 1.000000000000000000, 0.000000000000000000, 0.000000000000000000 ) ) ;
#6323 = ORIENTED_EDGE ( 'NONE', *, *, #6558, .T. ) ;
#6324 = CARTESIAN_POINT ( 'NONE',  ( 0.000000000000000000, 20.69999999999999929, 31.09999999181640362 ) ) ;
#6325 = EDGE_LOOP ( 'NONE', ( #7429, #9094, #6907, #2011, #4840, #7786, #2966 ) ) ;
#6326 = FACE_OUTER_BOUND ( 'NONE', #8158, .T. ) ;
#6327 = EDGE_CURVE ( 'NONE', #6102, #4728, #8580, .T. ) ;
#6328 = CARTESIAN_POINT ( 'NONE',  ( 0.000000000000000000, 3.100000000000000089, 0.9000000553360889555 ) ) ;
#6329 = LINE ( 'NONE', #9554, #3721 ) ;
#6330 = PLANE ( 'NONE',  #8941 ) ;
#6331 = DIRECTION ( 'NONE',  ( -0.6086365115033370854, 0.000000000000000000, 0.7934491772413959643 ) ) ;
#6332 = CARTESIAN_POINT ( 'NONE',  ( 9.199999999999999289, 3.576170660640390242, -6.100000000000000533 ) ) ;
#6333 = ORIENTED_EDGE ( 'NONE', *, *, #8335, .F. ) ;
#6334 = CARTESIAN_POINT ( 'NONE',  ( 9.199999999999999289, -21.93254878373413064, 0.8217391304347787528 ) ) ;
#6335 =( BOUNDED_CURVE ( )  B_SPLINE_CURVE ( 3, ( #4725, #8388, #1811, #6921 ),
 .UNSPECIFIED., .F., .T. ) 
 B_SPLINE_CURVE_WITH_KNOTS ( ( 4, 4 ),
 ( -8.881784197001252323E-16, 1.230959417340776296 ),
 .UNSPECIFIED. ) 
 CURVE ( )  GEOMETRIC_REPRESENTATION_ITEM ( )  RATIONAL_B_SPLINE_CURVE ( ( 1.000000000000000000, 0.8776643872851501715, 0.8776643872851501715, 1.000000000000000000 ) ) 
 REPRESENTATION_ITEM ( '' )  );
#6336 = ORIENTED_EDGE ( 'NONE', *, *, #1231, .T. ) ;
#6337 = ORIENTED_EDGE ( 'NONE', *, *, #4219, .T. ) ;
#6338 = VERTEX_POINT ( 'NONE', #1954 ) ;
#6339 = EDGE_CURVE ( 'NONE', #2562, #8553, #5466, .T. ) ;
#6340 = CARTESIAN_POINT ( 'NONE',  ( 4.799999999999999822, 23.34155521539229738, 27.82304059567999843 ) ) ;
#6341 = AXIS2_PLACEMENT_3D ( 'NONE', #144, #6850, #4609 ) ;
#6342 = FACE_OUTER_BOUND ( 'NONE', #9336, .T. ) ;
#6343 = ORIENTED_EDGE ( 'NONE', *, *, #842, .F. ) ;
#6344 = EDGE_LOOP ( 'NONE', ( #4017, #4472, #2476, #1787 ) ) ;
#6345 = CARTESIAN_POINT ( 'NONE',  ( 0.000000000000000000, 17.56306015393419884, 30.70000000000000284 ) ) ;
#6346 = ORIENTED_EDGE ( 'NONE', *, *, #7695, .F. ) ;
#6347 = EDGE_CURVE ( 'NONE', #6555, #1921, #6561, .T. ) ;
#6348 = ORIENTED_EDGE ( 'NONE', *, *, #1251, .F. ) ;
#6349 = ADVANCED_FACE ( 'NONE', ( #4914 ), #7901, .F. ) ;
#6350 = LINE ( 'NONE', #1005, #7985 ) ;
#6351 = LINE ( 'NONE', #372, #1925 ) ;
#6352 = ORIENTED_EDGE ( 'NONE', *, *, #4216, .T. ) ;
#6353 = DIRECTION ( 'NONE',  ( -1.000000000000000000, 0.000000000000000000, 0.000000000000000000 ) ) ;
#6354 = EDGE_LOOP ( 'NONE', ( #4654, #9294, #9057, #1681, #3463, #9372 ) ) ;
#6355 = CARTESIAN_POINT ( 'NONE',  ( 0.000000000000000000, 20.09999998567590396, 16.10000000000000142 ) ) ;
#6356 = ADVANCED_FACE ( 'NONE', ( #7161 ), #490, .F. ) ;
#6357 = EDGE_LOOP ( 'NONE', ( #4512, #1150, #1724, #2006 ) ) ;
#6358 = CARTESIAN_POINT ( 'NONE',  ( 3.000000000000000000, -25.51999999999984681, 19.52499999999991687 ) ) ;
#6359 = ADVANCED_FACE ( 'NONE', ( #4589 ), #8756, .T. ) ;
#6360 = DIRECTION ( 'NONE',  ( 0.000000000000000000, -0.5493373749351307955, 0.8356006513277617342 ) ) ;
#6361 = LINE ( 'NONE', #9346, #3242 ) ;
#6362 = VERTEX_POINT ( 'NONE', #5740 ) ;
#6363 = CARTESIAN_POINT ( 'NONE',  ( 72.83961030678925397, -25.51999999999984325, -17.97000000000005571 ) ) ;
#6364 = DIRECTION ( 'NONE',  ( -1.000000000000000000, 0.000000000000000000, 0.000000000000000000 ) ) ;
#6365 = CARTESIAN_POINT ( 'NONE',  ( 9.799999999999998934, 20.52426406364761036, 15.92426407377624642 ) ) ;
#6366 = EDGE_CURVE ( 'NONE', #1730, #3413, #4064, .T. ) ;
#6367 = CARTESIAN_POINT ( 'NONE',  ( 10.20000000000000107, -20.00000000000000000, 2.449293598294706513E-15 ) ) ;
#6368 = ADVANCED_FACE ( 'NONE', ( #8683 ), #8082, .T. ) ;
#6369 = ORIENTED_EDGE ( 'NONE', *, *, #1389, .T. ) ;
#6370 = DIRECTION ( 'NONE',  ( 0.000000000000000000, -1.000000000000000000, -4.440892098500630106E-16 ) ) ;
#6371 = DIRECTION ( 'NONE',  ( -0.7071067811865480168, 0.000000000000000000, -0.7071067811865470176 ) ) ;
#6372 = CARTESIAN_POINT ( 'NONE',  ( 9.199999999999999289, 25.69999999999999929, 3.514213562373090127 ) ) ;
#6373 = DIRECTION ( 'NONE',  ( 0.000000000000000000, 0.000000000000000000, -1.000000000000000000 ) ) ;
#6374 = CARTESIAN_POINT ( 'NONE',  ( 9.199999999999999289, 3.919406310702759910, -2.882301247671080091 ) ) ;
#6375 = AXIS2_PLACEMENT_3D ( 'NONE', #9638, #1447, #2950 ) ;
#6376 = VERTEX_POINT ( 'NONE', #587 ) ;
#6377 = DIRECTION ( 'NONE',  ( -1.000000000000000000, 0.000000000000000000, 0.000000000000000000 ) ) ;
#6378 = VERTEX_POINT ( 'NONE', #1404 ) ;
#6379 = EDGE_CURVE ( 'NONE', #1826, #7412, #6620, .T. ) ;
#6380 = EDGE_LOOP ( 'NONE', ( #2606, #2183, #6783, #68 ) ) ;
#6381 = CIRCLE ( 'NONE', #2332, 2.999999999999999112 ) ;
#6382 = CARTESIAN_POINT ( 'NONE',  ( 9.799999999999998934, 20.10000002385029916, 6.700000000000000178 ) ) ;
#6383 = CARTESIAN_POINT ( 'NONE',  ( 4.799999999999999822, 20.17351167921420085, 30.47267700775620014 ) ) ;
#6384 = FACE_OUTER_BOUND ( 'NONE', #2904, .T. ) ;
#6385 = DIRECTION ( 'NONE',  ( 0.7071067811865470176, 0.7071067811865480168, 4.239249638446190608E-15 ) ) ;
#6386 = VECTOR ( 'NONE', #5536, 1000.000000000000000 ) ;
#6387 = EDGE_LOOP ( 'NONE', ( #2774, #9109, #5215, #7372 ) ) ;
#6388 = DIRECTION ( 'NONE',  ( 0.000000000000000000, -0.2158927849980367686, 0.9764170755296075477 ) ) ;
#6389 = AXIS2_PLACEMENT_3D ( 'NONE', #4470, #5937, #8922 ) ;
#6390 = VECTOR ( 'NONE', #1173, 1000.000000000000000 ) ;
#6391 = ORIENTED_EDGE ( 'NONE', *, *, #6756, .T. ) ;
#6392 = ADVANCED_FACE ( 'NONE', ( #5697 ), #7214, .T. ) ;
#6393 = ORIENTED_EDGE ( 'NONE', *, *, #7873, .F. ) ;
#6394 = VECTOR ( 'NONE', #5526, 1000.000000000000114 ) ;
#6395 = CARTESIAN_POINT ( 'NONE',  ( 3.600000000000000089, 11.90000000000000036, 15.25000000000000000 ) ) ;
#6396 = DIRECTION ( 'NONE',  ( 0.000000000000000000, 0.3412646552513101117, 0.9399672521296710270 ) ) ;
#6397 = ORIENTED_EDGE ( 'NONE', *, *, #2406, .T. ) ;
#6398 = DIRECTION ( 'NONE',  ( 0.000000000000000000, 0.5493373725205369373, 0.8356006529151548401 ) ) ;
#6399 = EDGE_CURVE ( 'NONE', #6544, #5060, #9234, .T. ) ;
#6400 = VERTEX_POINT ( 'NONE', #9460 ) ;
#6401 = CARTESIAN_POINT ( 'NONE',  ( 3.000000000000000000, -25.51999999999984681, 4.529999999999937188 ) ) ;
#6402 = ORIENTED_EDGE ( 'NONE', *, *, #6178, .F. ) ;
#6403 = DIRECTION ( 'NONE',  ( 0.000000000000000000, 1.000000000000000000, 0.000000000000000000 ) ) ;
#6404 = EDGE_CURVE ( 'NONE', #1586, #6511, #8762, .T. ) ;
#6405 = CONICAL_SURFACE ( 'NONE', #6103, 21.49999999999997513, 0.7853981633974500554 ) ;
#6406 = CARTESIAN_POINT ( 'NONE',  ( 0.000000000000000000, 11.90000000000000036, 1.500000000000000000 ) ) ;
#6407 = VECTOR ( 'NONE', #3103, 1000.000000000000114 ) ;
#6408 = DIRECTION ( 'NONE',  ( -1.000000000000000000, 0.000000000000000000, 0.000000000000000000 ) ) ;
#6409 = EDGE_CURVE ( 'NONE', #9082, #9270, #5097, .T. ) ;
#6410 = ORIENTED_EDGE ( 'NONE', *, *, #8199, .F. ) ;
#6411 = CARTESIAN_POINT ( 'NONE',  ( 9.199999999999999289, -22.11660104885167755, 1.100000000000010525 ) ) ;
#6412 = CARTESIAN_POINT ( 'NONE',  ( 9.000000000000000000, 3.109953568212799446, -3.270442430934718203 ) ) ;
#6413 = CARTESIAN_POINT ( 'NONE',  ( 9.799999999999998934, -22.89999999999999858, -1.500000000000000000 ) ) ;
#6414 = ORIENTED_EDGE ( 'NONE', *, *, #1758, .F. ) ;
#6415 = CARTESIAN_POINT ( 'NONE',  ( 9.000000000000000000, 26.00672277211049987, 25.59399136642469941 ) ) ;
#6416 = EDGE_CURVE ( 'NONE', #8010, #6400, #2210, .T. ) ;
#6417 = VECTOR ( 'NONE', #3295, 1000.000000000000000 ) ;
#6418 = VECTOR ( 'NONE', #403, 1000.000000000000000 ) ;
#6419 = EDGE_LOOP ( 'NONE', ( #7774, #3601, #5446, #6942 ) ) ;
#6420 = EDGE_CURVE ( 'NONE', #8726, #3889, #8123, .T. ) ;
#6421 = CARTESIAN_POINT ( 'NONE',  ( 1.000000000000000000, 15.68578643762690028, -6.500000000000000000 ) ) ;
#6422 = VECTOR ( 'NONE', #3577, 1000.000000000000000 ) ;
#6423 = AXIS2_PLACEMENT_3D ( 'NONE', #9149, #2459, #8407 ) ;
#6424 = DIRECTION ( 'NONE',  ( 0.000000000000000000, 0.000000000000000000, 1.000000000000000000 ) ) ;
#6425 = CYLINDRICAL_SURFACE ( 'NONE', #5679, 0.6000000000000008660 ) ;
#6426 = DIRECTION ( 'NONE',  ( 1.000000000000000000, 0.000000000000000000, 0.000000000000000000 ) ) ;
#6427 = CIRCLE ( 'NONE', #6275, 22.49999999999999289 ) ;
#6428 = LINE ( 'NONE', #6332, #4220 ) ;
#6429 = ORIENTED_EDGE ( 'NONE', *, *, #2148, .F. ) ;
#6430 = EDGE_CURVE ( 'NONE', #6083, #8073, #201, .T. ) ;
#6431 = DIRECTION ( 'NONE',  ( -1.000000000000000000, -0.000000000000000000, -0.000000000000000000 ) ) ;
#6432 = ORIENTED_EDGE ( 'NONE', *, *, #7166, .T. ) ;
#6433 = AXIS2_PLACEMENT_3D ( 'NONE', #5364, #4632, #7621 ) ;
#6434 = ORIENTED_EDGE ( 'NONE', *, *, #698, .T. ) ;
#6435 = AXIS2_PLACEMENT_3D ( 'NONE', #7465, #59, #2336 ) ;
#6436 = ORIENTED_EDGE ( 'NONE', *, *, #5754, .F. ) ;
#6437 = DIRECTION ( 'NONE',  ( 0.7071067811865480168, 9.813077866773590540E-16, -0.7071067811865470176 ) ) ;
#6438 = DIRECTION ( 'NONE',  ( -1.000000000000000000, 0.000000000000000000, 0.000000000000000000 ) ) ;
#6439 = EDGE_CURVE ( 'NONE', #2360, #9641, #2181, .T. ) ;
#6440 = CARTESIAN_POINT ( 'NONE',  ( 9.799999999999998934, 20.10000000000000142, 7.299999999999999822 ) ) ;
#6441 = CIRCLE ( 'NONE', #2866, 0.9999999999999998890 ) ;
#6442 = ORIENTED_EDGE ( 'NONE', *, *, #3333, .F. ) ;
#6443 = CARTESIAN_POINT ( 'NONE',  ( 9.799999999999998934, 17.69999999999999929, 7.299999999999999822 ) ) ;
#6444 = ORIENTED_EDGE ( 'NONE', *, *, #4074, .T. ) ;
#6445 = AXIS2_PLACEMENT_3D ( 'NONE', #841, #3800, #1417 ) ;
#6446 = VERTEX_POINT ( 'NONE', #7261 ) ;
#6447 = CARTESIAN_POINT ( 'NONE',  ( 1.000000000000000000, 21.17820450131710786, 31.63996725212966865 ) ) ;
#6448 = EDGE_CURVE ( 'NONE', #8231, #4647, #736, .T. ) ;
#6449 = LINE ( 'NONE', #4253, #381 ) ;
#6450 = ORIENTED_EDGE ( 'NONE', *, *, #4649, .T. ) ;
#6451 = CARTESIAN_POINT ( 'NONE',  ( 1.399999999999999911, 19.19999999999999929, 19.19999999999999929 ) ) ;
#6452 = ORIENTED_EDGE ( 'NONE', *, *, #6833, .F. ) ;
#6453 = AXIS2_PLACEMENT_3D ( 'NONE', #972, #9122, #3876 ) ;
#6454 = CARTESIAN_POINT ( 'NONE',  ( 1.600000000000000089, 17.50000000000000000, 19.19999999999999929 ) ) ;
#6455 = ORIENTED_EDGE ( 'NONE', *, *, #3214, .F. ) ;
#6456 = LINE ( 'NONE', #6500, #2227 ) ;
#6457 =( GEOMETRIC_REPRESENTATION_CONTEXT ( 3 ) GLOBAL_UNCERTAINTY_ASSIGNED_CONTEXT ( ( #1435 ) ) GLOBAL_UNIT_ASSIGNED_CONTEXT ( ( #2619, #814, #7402 ) ) REPRESENTATION_CONTEXT ( 'NONE', 'WORKASPACE' ) );
#6458 = DIRECTION ( 'NONE',  ( -1.000000000000000000, 0.000000000000000000, 0.000000000000000000 ) ) ;
#6459 = CARTESIAN_POINT ( 'NONE',  ( 9.799999999999998934, 17.69999999999999929, 31.09999999181640362 ) ) ;
#6460 = ADVANCED_FACE ( 'NONE', ( #6569, #9504 ), #6661, .F. ) ;
#6461 = ORIENTED_EDGE ( 'NONE', *, *, #3033, .T. ) ;
#6462 = CARTESIAN_POINT ( 'NONE',  ( 0.000000000000000000, 7.900000000000000355, 7.500000000000000000 ) ) ;
#6463 = CARTESIAN_POINT ( 'NONE',  ( 1.000000000000000000, 25.69999999999999929, 26.63271332580049844 ) ) ;
#6464 = DIRECTION ( 'NONE',  ( 1.000000000000000000, 0.000000000000000000, 0.000000000000000000 ) ) ;
#6465 = ORIENTED_EDGE ( 'NONE', *, *, #674, .T. ) ;
#6466 = CARTESIAN_POINT ( 'NONE',  ( 3.469646523517774028, 18.58582257745520749, 20.85970355872979098 ) ) ;
#6467 = ADVANCED_FACE ( 'NONE', ( #4374 ), #3153, .F. ) ;
#6468 = ORIENTED_EDGE ( 'NONE', *, *, #613, .T. ) ;
#6469 = LINE ( 'NONE', #1992, #1354 ) ;
#6470 = EDGE_CURVE ( 'NONE', #8805, #7184, #2872, .T. ) ;
#6471 = DIRECTION ( 'NONE',  ( -1.000000000000000000, 0.000000000000000000, 0.000000000000000000 ) ) ;
#6472 = CARTESIAN_POINT ( 'NONE',  ( 0.000000000000000000, 20.10000000000000142, 31.09999999999999787 ) ) ;
#6473 = AXIS2_PLACEMENT_3D ( 'NONE', #978, #8486, #1849 ) ;
#6474 = CARTESIAN_POINT ( 'NONE',  ( 9.199999999999999289, 3.000086093225773354, -3.103322300669166367 ) ) ;
#6475 = DIRECTION ( 'NONE',  ( 0.000000000000000000, 0.3826834323650901704, -0.9238795325112866275 ) ) ;
#6476 = VERTEX_POINT ( 'NONE', #2139 ) ;
#6477 = CARTESIAN_POINT ( 'NONE',  ( 9.799999999999998934, 17.69999999999999929, 15.50000000000000000 ) ) ;
#6478 = EDGE_CURVE ( 'NONE', #5709, #9162, #2729, .T. ) ;
#6479 = EDGE_LOOP ( 'NONE', ( #4947, #3653, #417, #4203, #7620, #8971 ) ) ;
#6480 = EDGE_CURVE ( 'NONE', #9123, #6040, #7669, .T. ) ;
#6481 = ORIENTED_EDGE ( 'NONE', *, *, #3563, .T. ) ;
#6482 = ORIENTED_EDGE ( 'NONE', *, *, #8548, .T. ) ;
#6483 = EDGE_CURVE ( 'NONE', #2878, #7412, #1545, .T. ) ;
#6484 = CARTESIAN_POINT ( 'NONE',  ( 1.000000000000000000, 21.47849504655690112, 31.46707687015239685 ) ) ;
#6485 = LINE ( 'NONE', #1963, #1383 ) ;
#6486 = DIRECTION ( 'NONE',  ( 0.000000000000000000, 0.000000000000000000, -1.000000000000000000 ) ) ;
#6487 = DIRECTION ( 'NONE',  ( 0.000000000000000000, 1.000000000000000000, 0.000000000000000000 ) ) ;
#6488 = AXIS2_PLACEMENT_3D ( 'NONE', #3648, #2175, #6563 ) ;
#6489 = ORIENTED_EDGE ( 'NONE', *, *, #5872, .F. ) ;
#6490 = LINE ( 'NONE', #9328, #2984 ) ;
#6491 = ORIENTED_EDGE ( 'NONE', *, *, #1199, .T. ) ;
#6492 = ORIENTED_EDGE ( 'NONE', *, *, #4552, .F. ) ;
#6493 = CARTESIAN_POINT ( 'NONE',  ( 3.399999999999999911, 18.30000000000000071, 31.69999999999999929 ) ) ;
#6494 = LINE ( 'NONE', #7280, #2863 ) ;
#6495 = ORIENTED_EDGE ( 'NONE', *, *, #7663, .T. ) ;
#6496 = VERTEX_POINT ( 'NONE', #7498 ) ;
#6497 = DIRECTION ( 'NONE',  ( 0.000000000000000000, -0.8356006529151552842, -0.5493373725205360492 ) ) ;
#6498 = ORIENTED_EDGE ( 'NONE', *, *, #9340, .F. ) ;
#6499 = VECTOR ( 'NONE', #5576, 1000.000000000000000 ) ;
#6500 = CARTESIAN_POINT ( 'NONE',  ( 9.099999999999999645, 21.62594121691743254, 14.47471753879213985 ) ) ;
#6501 = ADVANCED_FACE ( 'NONE', ( #97 ), #6804, .T. ) ;
#6502 = DIRECTION ( 'NONE',  ( -0.7071067811865470176, -0.7071067811865480168, -3.140184917367549840E-16 ) ) ;
#6503 = CARTESIAN_POINT ( 'NONE',  ( 3.799999999999999822, 17.69999999999999929, 21.85329983228429995 ) ) ;
#6504 = ORIENTED_EDGE ( 'NONE', *, *, #6567, .T. ) ;
#6505 = DIRECTION ( 'NONE',  ( -1.000000000000000000, 0.000000000000000000, 0.000000000000000000 ) ) ;
#6506 = FACE_OUTER_BOUND ( 'NONE', #2963, .T. ) ;
#6507 = LINE ( 'NONE', #9493, #6771 ) ;
#6508 = ORIENTED_EDGE ( 'NONE', *, *, #8023, .F. ) ;
#6509 = DIRECTION ( 'NONE',  ( -1.000000000000000000, 0.000000000000000000, 0.000000000000000000 ) ) ;
#6510 = EDGE_CURVE ( 'NONE', #9439, #2995, #3733, .T. ) ;
#6511 = VERTEX_POINT ( 'NONE', #1689 ) ;
#6512 = CARTESIAN_POINT ( 'NONE',  ( 9.000000000000000000, 18.18937220919661968, 21.23745954514869894 ) ) ;
#6513 = DIRECTION ( 'NONE',  ( -1.000000000000000000, -0.000000000000000000, -0.000000000000000000 ) ) ;
#6514 = CARTESIAN_POINT ( 'NONE',  ( 9.199999999999999289, -17.88339895114832601, 0.9000000000000001332 ) ) ;
#6515 = AXIS2_PLACEMENT_3D ( 'NONE', #7855, #6228, #3885 ) ;
#6516 = CARTESIAN_POINT ( 'NONE',  ( 4.799999999999999822, 22.94860798455760076, 21.25615933504330002 ) ) ;
#6517 = VERTEX_POINT ( 'NONE', #40 ) ;
#6518 = DIRECTION ( 'NONE',  ( 1.000000000000000000, 0.000000000000000000, 0.000000000000000000 ) ) ;
#6519 = ADVANCED_FACE ( 'NONE', ( #5280 ), #667, .T. ) ;
#6520 = ORIENTED_EDGE ( 'NONE', *, *, #5056, .F. ) ;
#6521 = CARTESIAN_POINT ( 'NONE',  ( 1.000000000000000000, 26.34155520049109711, 27.39979019595289955 ) ) ;
#6522 = VERTEX_POINT ( 'NONE', #5383 ) ;
#6523 = EDGE_CURVE ( 'NONE', #4469, #3197, #7551, .T. ) ;
#6524 = ORIENTED_EDGE ( 'NONE', *, *, #6478, .F. ) ;
#6525 = ORIENTED_EDGE ( 'NONE', *, *, #4629, .T. ) ;
#6526 = VECTOR ( 'NONE', #8071, 1000.000000000000000 ) ;
#6527 = CARTESIAN_POINT ( 'NONE',  ( 8.800000000000000711, 20.83693984606579974, 31.69999999999999929 ) ) ;
#6528 = CARTESIAN_POINT ( 'NONE',  ( 8.800000000000000711, 18.06171526149577389, 21.08349947336479602 ) ) ;
#6529 = DIRECTION ( 'NONE',  ( 0.000000000000000000, -0.7698003589195007157, 0.6382847385042258459 ) ) ;
#6530 = CARTESIAN_POINT ( 'NONE',  ( 10.20000000000000107, -22.89999999999999858, -1.099999999999999645 ) ) ;
#6531 = ORIENTED_EDGE ( 'NONE', *, *, #7004, .T. ) ;
#6532 = CARTESIAN_POINT ( 'NONE',  ( 10.20000000000000107, -7.799999999999999822, 0.000000000000000000 ) ) ;
#6533 = EDGE_LOOP ( 'NONE', ( #3367, #5936, #1003 ) ) ;
#6534 = EDGE_CURVE ( 'NONE', #2842, #5878, #3008, .T. ) ;
#6535 = AXIS2_PLACEMENT_3D ( 'NONE', #748, #2295, #6051 ) ;
#6536 = VERTEX_POINT ( 'NONE', #9064 ) ;
#6537 = ADVANCED_FACE ( 'NONE', ( #6904 ), #1749, .T. ) ;
#6538 = CARTESIAN_POINT ( 'NONE',  ( 9.199999999999999289, 20.10000000000000142, 15.50000000000000000 ) ) ;
#6539 = CARTESIAN_POINT ( 'NONE',  ( 9.199999999999999289, 22.30332230066918342, 16.19991390677425969 ) ) ;
#6540 = VECTOR ( 'NONE', #4037, 1000.000000000000000 ) ;
#6541 = VERTEX_POINT ( 'NONE', #1598 ) ;
#6542 = PLANE ( 'NONE',  #1419 ) ;
#6543 = EDGE_CURVE ( 'NONE', #140, #3431, #1647, .T. ) ;
#6544 = VERTEX_POINT ( 'NONE', #876 ) ;
#6545 = CARTESIAN_POINT ( 'NONE',  ( 0.000000000000000000, 16.10000000000000142, -7.500000000000000000 ) ) ;
#6546 = VERTEX_POINT ( 'NONE', #4507 ) ;
#6547 = CARTESIAN_POINT ( 'NONE',  ( 3.635323112871066353, -47.55943089180355798, 1.368854615267597108 ) ) ;
#6548 = EDGE_CURVE ( 'NONE', #4691, #3054, #7643, .T. ) ;
#6549 = CIRCLE ( 'NONE', #334, 0.2000000000000005107 ) ;
#6550 = AXIS2_PLACEMENT_3D ( 'NONE', #103, #1026, #6272 ) ;
#6551 = VECTOR ( 'NONE', #3650, 1000.000000000000000 ) ;
#6552 = DIRECTION ( 'NONE',  ( -0.000000000000000000, -0.000000000000000000, -1.000000000000000000 ) ) ;
#6553 = DIRECTION ( 'NONE',  ( 0.000000000000000000, -0.9059677699816659491, 0.4233466661666858699 ) ) ;
#6554 = DIRECTION ( 'NONE',  ( 0.000000000000000000, 0.5493373725205369373, 0.8356006529151548401 ) ) ;
#6555 = VERTEX_POINT ( 'NONE', #9011 ) ;
#6556 = CYLINDRICAL_SURFACE ( 'NONE', #5592, 4.500000000000000000 ) ;
#6557 = CARTESIAN_POINT ( 'NONE',  ( 8.800000000000000711, 26.60596776998166746, 27.05605999196718514 ) ) ;
#6558 = EDGE_CURVE ( 'NONE', #4728, #9127, #4228, .T. ) ;
#6559 = ORIENTED_EDGE ( 'NONE', *, *, #1272, .F. ) ;
#6560 = DIRECTION ( 'NONE',  ( 0.000000000000000000, 0.9059677699816659491, -0.4233466661666858699 ) ) ;
#6561 = CIRCLE ( 'NONE', #812, 0.1999999999999987899 ) ;
#6562 = AXIS2_PLACEMENT_3D ( 'NONE', #900, #3857, #5864 ) ;
#6563 = DIRECTION ( 'NONE',  ( 0.000000000000000000, 0.9059677699816659491, 0.4233466661666858699 ) ) ;
#6564 = DIRECTION ( 'NONE',  ( 0.000000000000000000, 0.3412646552513101117, 0.9399672521296710270 ) ) ;
#6565 = DIRECTION ( 'NONE',  ( -1.000000000000000000, 0.000000000000000000, 0.000000000000000000 ) ) ;
#6566 = LINE ( 'NONE', #5094, #4583 ) ;
#6567 = EDGE_CURVE ( 'NONE', #4487, #8694, #3305, .T. ) ;
#6568 = VERTEX_POINT ( 'NONE', #2321 ) ;
#6569 = FACE_BOUND ( 'NONE', #1213, .T. ) ;
#6570 = CIRCLE ( 'NONE', #6872, 18.00499999999999190 ) ;
#6571 = EDGE_LOOP ( 'NONE', ( #3547, #8609, #6450, #6231 ) ) ;
#6572 = DIRECTION ( 'NONE',  ( 0.000000000000000000, -2.220446049250309876E-16, 1.000000000000000000 ) ) ;
#6573 = AXIS2_PLACEMENT_3D ( 'NONE', #3890, #1663, #1037 ) ;
#6574 = ORIENTED_EDGE ( 'NONE', *, *, #2914, .T. ) ;
#6575 = CIRCLE ( 'NONE', #2063, 0.2000000000000000944 ) ;
#6576 = EDGE_LOOP ( 'NONE', ( #369, #4192, #491, #9084 ) ) ;
#6577 = AXIS2_PLACEMENT_3D ( 'NONE', #5528, #8472, #7884 ) ;
#6578 = DIRECTION ( 'NONE',  ( -1.000000000000000000, 0.000000000000000000, 0.000000000000000000 ) ) ;
#6579 = LINE ( 'NONE', #4924, #2945 ) ;
#6580 = CARTESIAN_POINT ( 'NONE',  ( 4.799999999999999822, -7.900000000000000355, -5.899999999999999467 ) ) ;
#6581 = DIRECTION ( 'NONE',  ( 1.000000000000000000, 0.000000000000000000, 0.000000000000000000 ) ) ;
#6582 = ADVANCED_FACE ( 'NONE', ( #8326 ), #7596, .T. ) ;
#6583 = ORIENTED_EDGE ( 'NONE', *, *, #8325, .T. ) ;
#6584 = CARTESIAN_POINT ( 'NONE',  ( 9.195238911236895518, -2.561421567054070980, 1.097741361512119207 ) ) ;
#6585 = VECTOR ( 'NONE', #5521, 1000.000000000000000 ) ;
#6586 = ORIENTED_EDGE ( 'NONE', *, *, #9343, .T. ) ;
#6587 = AXIS2_PLACEMENT_3D ( 'NONE', #4239, #2780, #6529 ) ;
#6588 = EDGE_CURVE ( 'NONE', #9253, #1179, #5791, .T. ) ;
#6589 = VERTEX_POINT ( 'NONE', #8916 ) ;
#6590 = CIRCLE ( 'NONE', #5661, 0.5999999999999998668 ) ;
#6591 = CARTESIAN_POINT ( 'NONE',  ( 9.000000000000000000, 7.452131517233670621, -5.541555200491109723 ) ) ;
#6592 = AXIS2_PLACEMENT_3D ( 'NONE', #3512, #2048, #4965 ) ;
#6593 = CARTESIAN_POINT ( 'NONE',  ( 9.199999999999999289, 24.10000000000000142, 12.51494535291870136 ) ) ;
#6594 = ADVANCED_FACE ( 'NONE', ( #3156 ), #3146, .T. ) ;
#6595 = VERTEX_POINT ( 'NONE', #771 ) ;
#6596 = DIRECTION ( 'NONE',  ( 0.000000000000000000, 0.000000000000000000, 1.000000000000000000 ) ) ;
#6597 = VERTEX_POINT ( 'NONE', #8562 ) ;
#6598 = ORIENTED_EDGE ( 'NONE', *, *, #923, .F. ) ;
#6599 = DIRECTION ( 'NONE',  ( 1.000000000000000000, -0.000000000000000000, -0.000000000000000000 ) ) ;
#6600 = EDGE_CURVE ( 'NONE', #8358, #4194, #4898, .T. ) ;
#6601 = AXIS2_PLACEMENT_3D ( 'NONE', #9173, #3217, #1658 ) ;
#6602 = FACE_OUTER_BOUND ( 'NONE', #7864, .T. ) ;
#6603 = PLANE ( 'NONE',  #915 ) ;
#6604 = CYLINDRICAL_SURFACE ( 'NONE', #989, 1.000000000000000666 ) ;
#6605 = EDGE_CURVE ( 'NONE', #7688, #5655, #356, .T. ) ;
#6606 = CIRCLE ( 'NONE', #3801, 15.00499999999999723 ) ;
#6607 = ORIENTED_EDGE ( 'NONE', *, *, #7755, .T. ) ;
#6608 = LINE ( 'NONE', #5830, #1090 ) ;
#6609 = DIRECTION ( 'NONE',  ( 0.7071067811865460184, 0.2981182013302072220, -0.6411907189250669603 ) ) ;
#6610 = PRESENTATION_STYLE_ASSIGNMENT (( #8909 ) ) ;
#6611 = ORIENTED_EDGE ( 'NONE', *, *, #1218, .F. ) ;
#6612 = CARTESIAN_POINT ( 'NONE',  ( 10.00668633713120315, -23.39898495825936919, -1.998984958259370392 ) ) ;
#6613 = AXIS2_PLACEMENT_3D ( 'NONE', #9604, #4511, #1550 ) ;
#6614 = EDGE_CURVE ( 'NONE', #1844, #4259, #7746, .T. ) ;
#6615 = CARTESIAN_POINT ( 'NONE',  ( 9.133511174978508507, -5.653749153973751440, -6.033511174978515079 ) ) ;
#6616 = CARTESIAN_POINT ( 'NONE',  ( 0.5000000000000000000, 3.950000000000000178, 7.000000000000000000 ) ) ;
#6617 = CARTESIAN_POINT ( 'NONE',  ( 9.199999999999999289, 21.69999999999999929, 11.34403626200970017 ) ) ;
#6618 = FACE_OUTER_BOUND ( 'NONE', #407, .T. ) ;
#6619 = ORIENTED_EDGE ( 'NONE', *, *, #822, .F. ) ;
#6620 = LINE ( 'NONE', #1462, #5305 ) ;
#6621 = EDGE_LOOP ( 'NONE', ( #921, #566, #8790, #8642 ) ) ;
#6622 = EDGE_CURVE ( 'NONE', #8595, #1489, #2530, .T. ) ;
#6623 = ORIENTED_EDGE ( 'NONE', *, *, #4175, .T. ) ;
#6624 = DIRECTION ( 'NONE',  ( -1.000000000000000000, 0.000000000000000000, 0.000000000000000000 ) ) ;
#6625 = CIRCLE ( 'NONE', #2436, 1.700000000000000622 ) ;
#6626 = DIRECTION ( 'NONE',  ( 0.000000000000000000, 0.000000000000000000, -1.000000000000000000 ) ) ;
#6627 = FACE_OUTER_BOUND ( 'NONE', #7651, .T. ) ;
#6628 = DIRECTION ( 'NONE',  ( 0.7071067811865480168, -1.570092458683769990E-16, 0.7071067811865470176 ) ) ;
#6629 = PLANE ( 'NONE',  #7710 ) ;
#6630 = ORIENTED_EDGE ( 'NONE', *, *, #9059, .T. ) ;
#6631 = FACE_OUTER_BOUND ( 'NONE', #4717, .T. ) ;
#6632 = ORIENTED_EDGE ( 'NONE', *, *, #1187, .T. ) ;
#6633 = EDGE_CURVE ( 'NONE', #4414, #9476, #1595, .T. ) ;
#6634 = LINE ( 'NONE', #4584, #2182 ) ;
#6635 = ORIENTED_EDGE ( 'NONE', *, *, #2189, .F. ) ;
#6636 = CARTESIAN_POINT ( 'NONE',  ( 1.000000000000000000, 25.69999999999999929, 3.514213562373090127 ) ) ;
#6637 = LINE ( 'NONE', #3038, #7375 ) ;
#6638 = ORIENTED_EDGE ( 'NONE', *, *, #3091, .F. ) ;
#6639 = LINE ( 'NONE', #6057, #3604 ) ;
#6640 = VERTEX_POINT ( 'NONE', #1060 ) ;
#6641 = DIRECTION ( 'NONE',  ( -1.000000000000000000, 0.000000000000000000, 0.000000000000000000 ) ) ;
#6642 = ORIENTED_EDGE ( 'NONE', *, *, #2081, .T. ) ;
#6643 = DIRECTION ( 'NONE',  ( 0.7071067811865480168, 0.7071067811865470176, 3.140184917367550333E-16 ) ) ;
#6644 = CIRCLE ( 'NONE', #5713, 0.9999999999999988898 ) ;
#6645 = ADVANCED_FACE ( 'NONE', ( #3206 ), #5575, .T. ) ;
#6646 = CARTESIAN_POINT ( 'NONE',  ( 1.000000000000000000, 26.60596776998166746, 27.05605999196718514 ) ) ;
#6647 = DIRECTION ( 'NONE',  ( -1.000000000000000000, 0.000000000000000000, 0.000000000000000000 ) ) ;
#6648 = EDGE_CURVE ( 'NONE', #6040, #6536, #4165, .T. ) ;
#6649 = VERTEX_POINT ( 'NONE', #8418 ) ;
#6650 = DIRECTION ( 'NONE',  ( 0.000000000000000000, 0.000000000000000000, 1.000000000000000000 ) ) ;
#6651 = FILL_AREA_STYLE_COLOUR ( '', #1953 ) ;
#6652 = ORIENTED_EDGE ( 'NONE', *, *, #8131, .F. ) ;
#6653 = DIRECTION ( 'NONE',  ( -1.000000000000000000, 0.000000000000000000, 0.000000000000000000 ) ) ;
#6654 = EDGE_CURVE ( 'NONE', #9498, #9529, #4073, .T. ) ;
#6655 = EDGE_CURVE ( 'NONE', #6159, #6517, #287, .T. ) ;
#6656 = DIRECTION ( 'NONE',  ( -1.000000000000000000, -0.000000000000000000, -0.000000000000000000 ) ) ;
#6657 = DIRECTION ( 'NONE',  ( -1.000000000000000000, 0.000000000000000000, 0.000000000000000000 ) ) ;
#6658 = DIRECTION ( 'NONE',  ( 1.000000000000000000, 0.000000000000000000, 0.000000000000000000 ) ) ;
#6659 = CARTESIAN_POINT ( 'NONE',  ( 9.199999999999999289, -44.50000000000001421, -1.100000000000002531 ) ) ;
#6660 = ORIENTED_EDGE ( 'NONE', *, *, #5906, .T. ) ;
#6661 = PLANE ( 'NONE',  #7976 ) ;
#6662 = EDGE_CURVE ( 'NONE', #8021, #3811, #1437, .T. ) ;
#6663 = EDGE_LOOP ( 'NONE', ( #5804, #5783, #7602, #9624 ) ) ;
#6664 = ORIENTED_EDGE ( 'NONE', *, *, #2550, .F. ) ;
#6665 = VECTOR ( 'NONE', #4143, 1000.000000000000000 ) ;
#6666 = LINE ( 'NONE', #4430, #874 ) ;
#6667 = CYLINDRICAL_SURFACE ( 'NONE', #4572, 1.700000000000000178 ) ;
#6668 = FACE_OUTER_BOUND ( 'NONE', #3363, .T. ) ;
#6669 = LINE ( 'NONE', #6144, #1461 ) ;
#6670 = CARTESIAN_POINT ( 'NONE',  ( 10.20000000000000107, -18.43555574650093831, 0.6652173913043483156 ) ) ;
#6671 = VERTEX_POINT ( 'NONE', #8614 ) ;
#6672 = CARTESIAN_POINT ( 'NONE',  ( 9.192858448906161328, -2.560451229361957459, 1.099999999999999645 ) ) ;
#6673 = CIRCLE ( 'NONE', #2482, 0.5999999999999986455 ) ;
#6674 = DIRECTION ( 'NONE',  ( 0.000000000000000000, 1.000000000000000000, 4.386212498149690880E-17 ) ) ;
#6675 = ORIENTED_EDGE ( 'NONE', *, *, #7380, .F. ) ;
#6676 = CARTESIAN_POINT ( 'NONE',  ( 9.000000000000000000, 22.55948980591969644, 22.19396530439509974 ) ) ;
#6677 = DIRECTION ( 'NONE',  ( 0.000000000000000000, 0.9059677699816659491, 0.4233466661666858699 ) ) ;
#6678 = ORIENTED_EDGE ( 'NONE', *, *, #5570, .T. ) ;
#6679 = LINE ( 'NONE', #8848, #6713 ) ;
#6680 = EDGE_CURVE ( 'NONE', #2548, #9020, #9159, .T. ) ;
#6681 = EDGE_CURVE ( 'NONE', #7265, #1528, #6570, .T. ) ;
#6682 = EDGE_LOOP ( 'NONE', ( #1910, #8445, #6712, #5063 ) ) ;
#6683 = DIRECTION ( 'NONE',  ( 0.000000000000000000, 0.9059677699816659491, 0.4233466661666858699 ) ) ;
#6684 = AXIS2_PLACEMENT_3D ( 'NONE', #5181, #9544, #1495 ) ;
#6685 = ORIENTED_EDGE ( 'NONE', *, *, #5577, .F. ) ;
#6686 = CARTESIAN_POINT ( 'NONE',  ( 9.799999999999998934, -22.50000000000000355, 1.100000000000002531 ) ) ;
#6687 = ORIENTED_EDGE ( 'NONE', *, *, #5303, .T. ) ;
#6688 = VECTOR ( 'NONE', #6727, 1000.000000000000000 ) ;
#6689 = DIRECTION ( 'NONE',  ( 0.000000000000000000, 0.4233466661666858699, -0.9059677699816659491 ) ) ;
#6690 = EDGE_CURVE ( 'NONE', #7988, #5719, #7885, .T. ) ;
#6691 = CARTESIAN_POINT ( 'NONE',  ( 3.399999999999999911, 12.05844479950889969, 27.39979019595289955 ) ) ;
#6692 = CARTESIAN_POINT ( 'NONE',  ( 9.199999999999999289, 4.962764524705690405, -3.500000000000000000 ) ) ;
#6693 = ORIENTED_EDGE ( 'NONE', *, *, #4441, .T. ) ;
#6694 = CARTESIAN_POINT ( 'NONE',  ( 0.000000000000000000, 15.30710678118649959, 13.49289321881350112 ) ) ;
#6695 = PLANE ( 'NONE',  #644 ) ;
#6696 = EDGE_CURVE ( 'NONE', #9017, #3811, #4795, .T. ) ;
#6697 = EDGE_LOOP ( 'NONE', ( #7906, #1653 ) ) ;
#6698 = DIRECTION ( 'NONE',  ( -1.000000000000000000, 0.000000000000000000, 0.000000000000000000 ) ) ;
#6699 = VECTOR ( 'NONE', #3443, 1000.000000000000000 ) ;
#6700 = VECTOR ( 'NONE', #6856, 1000.000000000000114 ) ;
#6701 = AXIS2_PLACEMENT_3D ( 'NONE', #2177, #43, #2232 ) ;
#6702 = CARTESIAN_POINT ( 'NONE',  ( 8.800000000000000711, 26.70000000000000284, 23.15000000000000213 ) ) ;
#6703 = VECTOR ( 'NONE', #323, 1000.000000000000114 ) ;
#6704 = EDGE_CURVE ( 'NONE', #7639, #7577, #3389, .T. ) ;
#6705 = CARTESIAN_POINT ( 'NONE',  ( 9.066843946236861740, -5.618443322456280420, -5.966843946236869201 ) ) ;
#6706 = LINE ( 'NONE', #2959, #5133 ) ;
#6707 = CARTESIAN_POINT ( 'NONE',  ( 9.199999999999999289, 21.79321938922839763, 14.65883827880580093 ) ) ;
#6708 = DIRECTION ( 'NONE',  ( 1.000000000000000000, 0.000000000000000000, 0.000000000000000000 ) ) ;
#6709 = EDGE_CURVE ( 'NONE', #9189, #3811, #7047, .T. ) ;
#6710 = VERTEX_POINT ( 'NONE', #1937 ) ;
#6711 = DIRECTION ( 'NONE',  ( -0.7071067811865470176, 0.000000000000000000, -0.7071067811865480168 ) ) ;
#6712 = ORIENTED_EDGE ( 'NONE', *, *, #1609, .T. ) ;
#6713 = VECTOR ( 'NONE', #8893, 1000.000000000000000 ) ;
#6714 = EDGE_CURVE ( 'NONE', #7148, #3761, #8455, .T. ) ;
#6715 = ORIENTED_EDGE ( 'NONE', *, *, #1484, .T. ) ;
#6716 = CARTESIAN_POINT ( 'NONE',  ( 10.20000000000000107, 9.849999999999999645, 1.100000000000000089 ) ) ;
#6717 = CARTESIAN_POINT ( 'NONE',  ( 4.799999999999999822, 7.108401313247946440, -5.805967769981665860 ) ) ;
#6718 = VECTOR ( 'NONE', #2519, 1000.000000000000000 ) ;
#6719 = DIRECTION ( 'NONE',  ( 1.000000000000000000, 0.000000000000000000, 0.000000000000000000 ) ) ;
#6720 = LINE ( 'NONE', #5999, #9099 ) ;
#6721 = CARTESIAN_POINT ( 'NONE',  ( 1.399999999999999911, -22.47184141886165420, 1.700000000000002842 ) ) ;
#6722 = EDGE_CURVE ( 'NONE', #1814, #800, #7789, .T. ) ;
#6723 = VECTOR ( 'NONE', #3707, 1000.000000000000000 ) ;
#6724 = VERTEX_POINT ( 'NONE', #382 ) ;
#6725 = CARTESIAN_POINT ( 'NONE',  ( 9.799999999999998934, -3.700000000000000178, -0.9000000000000000222 ) ) ;
#6726 = CIRCLE ( 'NONE', #5635, 3.400000000000000355 ) ;
#6727 = DIRECTION ( 'NONE',  ( 0.7071067811865480168, 0.7071067811865470176, 3.140184917367550333E-16 ) ) ;
#6728 = AXIS2_PLACEMENT_3D ( 'NONE', #2612, #6263, #7141 ) ;
#6729 = ADVANCED_FACE ( 'NONE', ( #9301 ), #1442, .T. ) ;
#6730 = VERTEX_POINT ( 'NONE', #4312 ) ;
#6731 = DIRECTION ( 'NONE',  ( -1.000000000000000000, 0.000000000000000000, 0.000000000000000000 ) ) ;
#6732 = CARTESIAN_POINT ( 'NONE',  ( 4.799999999999999822, 24.10000000000000142, 12.51494535291870136 ) ) ;
#6733 = VERTEX_POINT ( 'NONE', #4990 ) ;
#6734 = AXIS2_PLACEMENT_3D ( 'NONE', #3521, #5031, #4976 ) ;
#6735 = LINE ( 'NONE', #856, #804 ) ;
#6736 = EDGE_LOOP ( 'NONE', ( #9621, #9556, #4287, #2791 ) ) ;
#6737 = CARTESIAN_POINT ( 'NONE',  ( 9.199999999999999289, 23.30604308226249799, 15.54070905685210136 ) ) ;
#6738 = AXIS2_PLACEMENT_3D ( 'NONE', #8692, #9514, #6486 ) ;
#6739 = EDGE_LOOP ( 'NONE', ( #1975, #6638, #6531, #3215, #4150 ) ) ;
#6740 = CARTESIAN_POINT ( 'NONE',  ( 9.199999999999999289, 22.19198400059998377, 10.25687493803170192 ) ) ;
#6741 = CIRCLE ( 'NONE', #2553, 1.000000000000000222 ) ;
#6742 = ORIENTED_EDGE ( 'NONE', *, *, #7795, .F. ) ;
#6743 = EDGE_CURVE ( 'NONE', #6517, #5602, #6575, .T. ) ;
#6744 = CARTESIAN_POINT ( 'NONE',  ( 8.800000000000000711, 19.19999999999999929, 20.89999999999999858 ) ) ;
#6745 = DIRECTION ( 'NONE',  ( 1.000000000000000000, 0.000000000000000000, 0.000000000000000000 ) ) ;
#6746 = LINE ( 'NONE', #8362, #8136 ) ;
#6747 = EDGE_LOOP ( 'NONE', ( #4601, #8717, #5542, #4201, #871 ) ) ;
#6748 = DIRECTION ( 'NONE',  ( 1.000000000000000000, 0.000000000000000000, 0.000000000000000000 ) ) ;
#6749 = CARTESIAN_POINT ( 'NONE',  ( 0.000000000000000000, 17.69999999999999929, 22.89999999999999858 ) ) ;
#6750 = CARTESIAN_POINT ( 'NONE',  ( 0.000000000000000000, 0.000000000000000000, 0.000000000000000000 ) ) ;
#6751 = ORIENTED_EDGE ( 'NONE', *, *, #9321, .F. ) ;
#6752 = CIRCLE ( 'NONE', #9570, 0.5999999999999998668 ) ;
#6753 = LINE ( 'NONE', #6845, #6088 ) ;
#6754 = LINE ( 'NONE', #5331, #8457 ) ;
#6755 = AXIS2_PLACEMENT_3D ( 'NONE', #2486, #5645, #7761 ) ;
#6756 = EDGE_CURVE ( 'NONE', #611, #1673, #512, .T. ) ;
#6757 = VECTOR ( 'NONE', #9275, 1000.000000000000000 ) ;
#6758 = CARTESIAN_POINT ( 'NONE',  ( 9.099999999999999645, 25.09656454697983108, 12.04926402013534670 ) ) ;
#6759 = CARTESIAN_POINT ( 'NONE',  ( 10.20000000000000107, 19.64999998807990167, 7.100000000000000533 ) ) ;
#6760 = DIRECTION ( 'NONE',  ( 0.000000000000000000, 0.000000000000000000, -1.000000000000000000 ) ) ;
#6761 = DIRECTION ( 'NONE',  ( 0.000000000000000000, -0.4233466661666823727, -0.9059677699816675034 ) ) ;
#6762 = CARTESIAN_POINT ( 'NONE',  ( 1.399999999999999911, 19.19999999999999929, 16.19999999999999929 ) ) ;
#6763 = ORIENTED_EDGE ( 'NONE', *, *, #2141, .T. ) ;
#6764 = CARTESIAN_POINT ( 'NONE',  ( 0.000000000000000000, 7.485786437626910761, 8.500000000000000000 ) ) ;
#6765 = ORIENTED_EDGE ( 'NONE', *, *, #6534, .F. ) ;
#6766 = CIRCLE ( 'NONE', #5675, 2.999999999999999112 ) ;
#6767 = EDGE_CURVE ( 'NONE', #8588, #5719, #4399, .T. ) ;
#6768 = ADVANCED_FACE ( 'NONE', ( #6602 ), #364, .F. ) ;
#6769 = ORIENTED_EDGE ( 'NONE', *, *, #6274, .F. ) ;
#6770 = FACE_OUTER_BOUND ( 'NONE', #448, .T. ) ;
#6771 = VECTOR ( 'NONE', #2717, 1000.000000000000114 ) ;
#6772 = DIRECTION ( 'NONE',  ( -1.000000000000000000, 0.000000000000000000, 0.000000000000000000 ) ) ;
#6773 = CARTESIAN_POINT ( 'NONE',  ( 10.20000000000000107, -17.88339895114832601, 0.9000000000000001332 ) ) ;
#6774 = CARTESIAN_POINT ( 'NONE',  ( 9.199999999999999289, -22.89999999999999858, -1.500000000000000000 ) ) ;
#6775 = DIRECTION ( 'NONE',  ( -0.7071067811865480168, 0.000000000000000000, 0.7071067811865470176 ) ) ;
#6776 = ADVANCED_FACE ( 'NONE', ( #2165 ), #7289, .T. ) ;
#6777 = ORIENTED_EDGE ( 'NONE', *, *, #8215, .F. ) ;
#6778 = CARTESIAN_POINT ( 'NONE',  ( 0.000000000000000000, 20.89999999999970015, 17.50000000000000000 ) ) ;
#6779 = ADVANCED_FACE ( 'NONE', ( #8025 ), #2023, .F. ) ;
#6780 = ORIENTED_EDGE ( 'NONE', *, *, #413, .F. ) ;
#6781 = EDGE_CURVE ( 'NONE', #8363, #3891, #3311, .T. ) ;
#6782 = DIRECTION ( 'NONE',  ( 0.000000000000000000, 1.000000000000000000, 0.000000000000000000 ) ) ;
#6783 = ORIENTED_EDGE ( 'NONE', *, *, #7745, .T. ) ;
#6784 = CARTESIAN_POINT ( 'NONE',  ( 9.197619429019210813, 2.562388986893414877, 1.095481274421227225 ) ) ;
#6785 = CARTESIAN_POINT ( 'NONE',  ( 8.800000000000000711, 17.69999999999999929, 21.85329983228429995 ) ) ;
#6786 = ORIENTED_EDGE ( 'NONE', *, *, #2952, .T. ) ;
#6787 = CARTESIAN_POINT ( 'NONE',  ( 8.800000000000000711, -17.10000000000000497, 1.500000000000000000 ) ) ;
#6788 = VERTEX_POINT ( 'NONE', #5123 ) ;
#6789 = CARTESIAN_POINT ( 'NONE',  ( 1.399999999999999911, 19.19999999999999929, 19.19999999999999929 ) ) ;
#6790 = EDGE_LOOP ( 'NONE', ( #8216, #357, #3792, #7233 ) ) ;
#6791 = LINE ( 'NONE', #7582, #4716 ) ;
#6792 = CONICAL_SURFACE ( 'NONE', #1503, 0.8000000000000002665, 0.7853981633974469467 ) ;
#6793 = ORIENTED_EDGE ( 'NONE', *, *, #635, .T. ) ;
#6794 = DIRECTION ( 'NONE',  ( -0.6717352169444457122, 0.7407913325063938403, 0.000000000000000000 ) ) ;
#6795 = LINE ( 'NONE', #2508, #2478 ) ;
#6796 = FACE_OUTER_BOUND ( 'NONE', #2453, .T. ) ;
#6797 = EDGE_LOOP ( 'NONE', ( #2457, #6832 ) ) ;
#6798 = DIRECTION ( 'NONE',  ( 1.000000000000000000, 0.000000000000000000, 0.000000000000000000 ) ) ;
#6799 = CARTESIAN_POINT ( 'NONE',  ( 10.20000000000000107, 12.09999999999999964, 0.9000000000000000222 ) ) ;
#6800 = EDGE_LOOP ( 'NONE', ( #7455, #6765, #3706, #31, #9332, #406, #3826, #2154 ) ) ;
#6801 = CARTESIAN_POINT ( 'NONE',  ( 9.099999999999999645, 21.60000001490119814, 24.19798883622719998 ) ) ;
#6802 = CIRCLE ( 'NONE', #3376, 3.400000000000027445 ) ;
#6803 = CARTESIAN_POINT ( 'NONE',  ( 1.399999999999999911, 19.19999995031740170, 20.89999999999999858 ) ) ;
#6804 = PLANE ( 'NONE',  #975 ) ;
#6805 = CYLINDRICAL_SURFACE ( 'NONE', #5394, 1.000000000000000888 ) ;
#6806 = VECTOR ( 'NONE', #7597, 1000.000000000000000 ) ;
#6807 = DIRECTION ( 'NONE',  ( 0.000000000000000000, 0.000000000000000000, -1.000000000000000000 ) ) ;
#6808 = DIRECTION ( 'NONE',  ( 1.000000000000000000, 0.000000000000000000, 0.000000000000000000 ) ) ;
#6809 = CARTESIAN_POINT ( 'NONE',  ( 4.799999999999999822, 2.993965317121029646, -3.359489794578390143 ) ) ;
#6810 = ORIENTED_EDGE ( 'NONE', *, *, #129, .F. ) ;
#6811 = FACE_OUTER_BOUND ( 'NONE', #1664, .T. ) ;
#6812 = EDGE_CURVE ( 'NONE', #1179, #7328, #2535, .T. ) ;
#6813 = ORIENTED_EDGE ( 'NONE', *, *, #5438, .F. ) ;
#6814 = DIRECTION ( 'NONE',  ( 0.000000000000000000, -0.4216028035114509631, -0.9067806107715827846 ) ) ;
#6815 = CARTESIAN_POINT ( 'NONE',  ( 0.000000000000000000, 11.70000000000000107, 11.29999999999999893 ) ) ;
#6816 = DIRECTION ( 'NONE',  ( 1.000000000000000000, 0.000000000000000000, 0.000000000000000000 ) ) ;
#6817 = FACE_OUTER_BOUND ( 'NONE', #7667, .T. ) ;
#6818 = DIRECTION ( 'NONE',  ( 0.000000000000000000, 0.000000000000000000, -1.000000000000000000 ) ) ;
#6819 = ORIENTED_EDGE ( 'NONE', *, *, #828, .T. ) ;
#6820 = ADVANCED_FACE ( 'NONE', ( #3634 ), #4941, .T. ) ;
#6821 = LINE ( 'NONE', #3122, #2835 ) ;
#6822 = DIRECTION ( 'NONE',  ( -1.000000000000000000, 0.000000000000000000, 0.000000000000000000 ) ) ;
#6823 = VERTEX_POINT ( 'NONE', #7245 ) ;
#6824 = CARTESIAN_POINT ( 'NONE',  ( 0.000000000000000000, 19.19999999999999929, 19.19999999999999929 ) ) ;
#6825 = LINE ( 'NONE', #121, #1620 ) ;
#6826 = VERTEX_POINT ( 'NONE', #571 ) ;
#6827 = DIRECTION ( 'NONE',  ( 1.000000000000000000, 0.000000000000000000, 0.000000000000000000 ) ) ;
#6828 = CONICAL_SURFACE ( 'NONE', #1699, 4.400000000000000355, 0.7853981633974476129 ) ;
#6829 = VERTEX_POINT ( 'NONE', #7928 ) ;
#6830 = EDGE_CURVE ( 'NONE', #2877, #78, #8612, .T. ) ;
#6831 = DIRECTION ( 'NONE',  ( 0.000000000000000000, -0.2158927849980366576, 0.9764170755296077697 ) ) ;
#6832 = ORIENTED_EDGE ( 'NONE', *, *, #6480, .T. ) ;
#6833 = EDGE_CURVE ( 'NONE', #4003, #9436, #1249, .T. ) ;
#6834 = ORIENTED_EDGE ( 'NONE', *, *, #4815, .T. ) ;
#6835 = CARTESIAN_POINT ( 'NONE',  ( 8.933436458768360566, -6.579558099749482025, -7.366563541231639256 ) ) ;
#6836 = ADVANCED_FACE ( 'NONE', ( #2900 ), #1343, .F. ) ;
#6837 = CYLINDRICAL_SURFACE ( 'NONE', #7297, 1.000000000000000000 ) ;
#6838 = CARTESIAN_POINT ( 'NONE',  ( 10.00000000000000000, 3.700000000000000178, 0.9000000000000000222 ) ) ;
#6839 = AXIS2_PLACEMENT_3D ( 'NONE', #7646, #1799, #970 ) ;
#6840 = ORIENTED_EDGE ( 'NONE', *, *, #8449, .F. ) ;
#6841 = DIRECTION ( 'NONE',  ( 0.7071067811865460184, 0.2981182000534359777, 0.6411907195186948849 ) ) ;
#6842 = CARTESIAN_POINT ( 'NONE',  ( 9.199999999999999289, 7.605546891264150844, -5.669866240589329642 ) ) ;
#6843 = ORIENTED_EDGE ( 'NONE', *, *, #8210, .T. ) ;
#6844 = ADVANCED_FACE ( 'NONE', ( #4209 ), #5869, .F. ) ;
#6845 = CARTESIAN_POINT ( 'NONE',  ( 0.000000000000000000, 18.29999994756589743, 31.69999999999999929 ) ) ;
#6846 = DIRECTION ( 'NONE',  ( -1.000000000000000000, 0.000000000000000000, 0.000000000000000000 ) ) ;
#6847 = AXIS2_PLACEMENT_3D ( 'NONE', #3914, #6798, #7637 ) ;
#6848 = DIRECTION ( 'NONE',  ( 1.000000000000000000, 0.000000000000000000, 0.000000000000000000 ) ) ;
#6849 = ADVANCED_FACE ( 'NONE', ( #8812 ), #4408, .F. ) ;
#6850 = DIRECTION ( 'NONE',  ( -1.000000000000000000, 0.000000000000000000, 0.000000000000000000 ) ) ;
#6851 = DIRECTION ( 'NONE',  ( 0.000000000000000000, -0.6415552004911058148, -0.7670768701524097732 ) ) ;
#6852 = AXIS2_PLACEMENT_3D ( 'NONE', #3927, #6364, #1110 ) ;
#6853 = LINE ( 'NONE', #8181, #7071 ) ;
#6854 = DIRECTION ( 'NONE',  ( 0.000000000000000000, -2.220446049250309876E-16, 1.000000000000000000 ) ) ;
#6855 = ORIENTED_EDGE ( 'NONE', *, *, #3489, .F. ) ;
#6856 = DIRECTION ( 'NONE',  ( 0.7071067811865472397, -0.5000000000000002220, 0.5000000000000002220 ) ) ;
#6857 = AXIS2_PLACEMENT_3D ( 'NONE', #1945, #1845, #1068 ) ;
#6858 = CONICAL_SURFACE ( 'NONE', #652, 0.4000000000000010214, 0.7853981633974476129 ) ;
#6859 = ORIENTED_EDGE ( 'NONE', *, *, #6523, .F. ) ;
#6860 = AXIS2_PLACEMENT_3D ( 'NONE', #2304, #7432, #6831 ) ;
#6861 = DIRECTION ( 'NONE',  ( -1.000000000000000000, 0.000000000000000000, 0.000000000000000000 ) ) ;
#6862 = EDGE_CURVE ( 'NONE', #3655, #2575, #831, .T. ) ;
#6863 = DIRECTION ( 'NONE',  ( 0.7071067811865504593, 0.000000000000000000, -0.7071067811865445751 ) ) ;
#6864 = FACE_OUTER_BOUND ( 'NONE', #6179, .T. ) ;
#6865 = DIRECTION ( 'NONE',  ( 0.000000000000000000, 1.000000000000000000, -0.000000000000000000 ) ) ;
#6866 = CARTESIAN_POINT ( 'NONE',  ( 1.000000000000000000, -6.506081413869286401, -7.500000000000000000 ) ) ;
#6867 = ORIENTED_EDGE ( 'NONE', *, *, #2682, .T. ) ;
#6868 = DIRECTION ( 'NONE',  ( -1.000000000000000000, 0.000000000000000000, 0.000000000000000000 ) ) ;
#6869 = VECTOR ( 'NONE', #6109, 1000.000000000000000 ) ;
#6870 = VERTEX_POINT ( 'NONE', #5373 ) ;
#6871 = CARTESIAN_POINT ( 'NONE',  ( 0.000000000000000000, 7.485786437626910761, 7.500000000000000000 ) ) ;
#6872 = AXIS2_PLACEMENT_3D ( 'NONE', #1158, #8475, #1795 ) ;
#6873 = ORIENTED_EDGE ( 'NONE', *, *, #6903, .T. ) ;
#6874 = EDGE_CURVE ( 'NONE', #7743, #6158, #7203, .T. ) ;
#6875 = AXIS2_PLACEMENT_3D ( 'NONE', #3458, #1856, #4230 ) ;
#6876 = LINE ( 'NONE', #6151, #8473 ) ;
#6877 = CARTESIAN_POINT ( 'NONE',  ( 9.000000000000000000, 21.69999999999999929, 11.34403626200970017 ) ) ;
#6878 = ORIENTED_EDGE ( 'NONE', *, *, #4378, .F. ) ;
#6879 = LINE ( 'NONE', #9316, #966 ) ;
#6880 = ORIENTED_EDGE ( 'NONE', *, *, #6310, .F. ) ;
#6881 = DIRECTION ( 'NONE',  ( 0.000000000000000000, 0.9238795325112868495, -0.3826834323650895597 ) ) ;
#6882 = VECTOR ( 'NONE', #7395, 1000.000000000000000 ) ;
#6883 = ORIENTED_EDGE ( 'NONE', *, *, #9340, .T. ) ;
#6884 = VECTOR ( 'NONE', #6900, 1000.000000000000000 ) ;
#6885 = ADVANCED_FACE ( 'NONE', ( #1533 ), #6065, .T. ) ;
#6886 = ORIENTED_EDGE ( 'NONE', *, *, #6237, .T. ) ;
#6887 = EDGE_CURVE ( 'NONE', #3905, #8108, #6726, .T. ) ;
#6888 = VECTOR ( 'NONE', #762, 1000.000000000000227 ) ;
#6889 = CARTESIAN_POINT ( 'NONE',  ( 3.551918358845315815, 17.82202468042493493, 31.54808164115468472 ) ) ;
#6890 = AXIS2_PLACEMENT_3D ( 'NONE', #6395, #9386, #3127 ) ;
#6891 = DIRECTION ( 'NONE',  ( 0.7071067811865470176, 0.000000000000000000, 0.7071067811865480168 ) ) ;
#6892 = CARTESIAN_POINT ( 'NONE',  ( 9.199999999999999289, 22.70000001490119956, 27.05596372552760087 ) ) ;
#6893 = AXIS2_PLACEMENT_3D ( 'NONE', #5821, #1978, #4940 ) ;
#6894 = ORIENTED_EDGE ( 'NONE', *, *, #6696, .F. ) ;
#6895 = FACE_OUTER_BOUND ( 'NONE', #9516, .T. ) ;
#6896 = DIRECTION ( 'NONE',  ( 0.7071067811865475727, 0.000000000000000000, 0.7071067811865475727 ) ) ;
#6897 = EDGE_LOOP ( 'NONE', ( #8819, #8828, #6276, #3483 ) ) ;
#6898 = PLANE ( 'NONE',  #964 ) ;
#6899 = EDGE_CURVE ( 'NONE', #6150, #1875, #27, .T. ) ;
#6900 = DIRECTION ( 'NONE',  ( -1.000000000000000000, 0.000000000000000000, 0.000000000000000000 ) ) ;
#6901 = VECTOR ( 'NONE', #5471, 1000.000000000000000 ) ;
#6902 = VECTOR ( 'NONE', #7367, 1000.000000000000000 ) ;
#6903 = EDGE_CURVE ( 'NONE', #7862, #2086, #4002, .T. ) ;
#6904 = FACE_OUTER_BOUND ( 'NONE', #2602, .T. ) ;
#6905 = CARTESIAN_POINT ( 'NONE',  ( 4.799999999999999822, 7.855963737990349749, -3.500000000000000000 ) ) ;
#6906 = AXIS2_PLACEMENT_3D ( 'NONE', #6440, #3466, #7912 ) ;
#6907 = ORIENTED_EDGE ( 'NONE', *, *, #8448, .F. ) ;
#6908 = AXIS2_PLACEMENT_3D ( 'NONE', #4679, #4733, #7817 ) ;
#6909 = DIRECTION ( 'NONE',  ( 0.000000000000000000, -0.9764170755296077697, 0.2158927849980359637 ) ) ;
#6910 = DIRECTION ( 'NONE',  ( 0.000000000000000000, 0.000000000000000000, -1.000000000000000000 ) ) ;
#6911 = DIRECTION ( 'NONE',  ( -1.000000000000000000, 0.000000000000000000, 0.000000000000000000 ) ) ;
#6912 = ORIENTED_EDGE ( 'NONE', *, *, #8469, .T. ) ;
#6913 = DIRECTION ( 'NONE',  ( -1.000000000000000000, 0.000000000000000000, 0.000000000000000000 ) ) ;
#6914 = EDGE_CURVE ( 'NONE', #1052, #6150, #5970, .T. ) ;
#6915 = AXIS2_PLACEMENT_3D ( 'NONE', #694, #3661, #6626 ) ;
#6916 = ORIENTED_EDGE ( 'NONE', *, *, #9463, .F. ) ;
#6917 = CARTESIAN_POINT ( 'NONE',  ( 4.799999999999999822, 7.855963737990349749, -2.500000000000000000 ) ) ;
#6918 = PLANE ( 'NONE',  #3647 ) ;
#6919 = PLANE ( 'NONE',  #9334 ) ;
#6920 = DIRECTION ( 'NONE',  ( 0.000000000000000000, 0.000000000000000000, -1.000000000000000000 ) ) ;
#6921 = CARTESIAN_POINT ( 'NONE',  ( 9.199999999999999289, 18.10000000000000142, 6.734314575050760254 ) ) ;
#6922 = VECTOR ( 'NONE', #4326, 1000.000000000000000 ) ;
#6923 = VERTEX_POINT ( 'NONE', #6744 ) ;
#6924 = DIRECTION ( 'NONE',  ( 1.000000000000000000, 0.000000000000000000, 0.000000000000000000 ) ) ;
#6925 = AXIS2_PLACEMENT_3D ( 'NONE', #6472, #7940, #7301 ) ;
#6926 = ORIENTED_EDGE ( 'NONE', *, *, #5052, .F. ) ;
#6927 = EDGE_CURVE ( 'NONE', #622, #534, #8923, .T. ) ;
#6928 = DIRECTION ( 'NONE',  ( -1.000000000000000000, 0.000000000000000000, 0.000000000000000000 ) ) ;
#6929 = ORIENTED_EDGE ( 'NONE', *, *, #6448, .T. ) ;
#6930 = CARTESIAN_POINT ( 'NONE',  ( 4.799999999999999822, 21.69999999999999929, 6.700000000000000178 ) ) ;
#6931 = DIRECTION ( 'NONE',  ( 0.7071067811865480168, -0.7071067811865470176, -3.140184917367550333E-16 ) ) ;
#6932 = ORIENTED_EDGE ( 'NONE', *, *, #6662, .T. ) ;
#6933 = ORIENTED_EDGE ( 'NONE', *, *, #8640, .F. ) ;
#6934 = PLANE ( 'NONE',  #1896 ) ;
#6935 = ORIENTED_EDGE ( 'NONE', *, *, #1106, .F. ) ;
#6936 = AXIS2_PLACEMENT_3D ( 'NONE', #8338, #394, #7801 ) ;
#6937 = EDGE_CURVE ( 'NONE', #8363, #7119, #3681, .T. ) ;
#6938 = VERTEX_POINT ( 'NONE', #3047 ) ;
#6939 = CARTESIAN_POINT ( 'NONE',  ( 3.600000000000000089, 7.485786437626910761, 8.500000000000000000 ) ) ;
#6940 = DIRECTION ( 'NONE',  ( 0.000000000000000000, 0.5493373725205369373, 0.8356006529151548401 ) ) ;
#6941 = LINE ( 'NONE', #8552, #214 ) ;
#6942 = ORIENTED_EDGE ( 'NONE', *, *, #3860, .T. ) ;
#6943 = DIRECTION ( 'NONE',  ( 1.000000000000000000, 0.000000000000000000, 0.000000000000000000 ) ) ;
#6944 = CARTESIAN_POINT ( 'NONE',  ( 3.799999999999999378, -22.11660104885167755, 0.9000000000000001332 ) ) ;
#6945 = ADVANCED_FACE ( 'NONE', ( #9000 ), #5321, .F. ) ;
#6946 = ORIENTED_EDGE ( 'NONE', *, *, #416, .F. ) ;
#6947 = LINE ( 'NONE', #6209, #1581 ) ;
#6948 = ORIENTED_EDGE ( 'NONE', *, *, #8453, .T. ) ;
#6949 = CARTESIAN_POINT ( 'NONE',  ( 3.799999999999999822, 17.35830136078341823, 31.26398035127780162 ) ) ;
#6950 = EDGE_CURVE ( 'NONE', #1179, #9142, #3820, .T. ) ;
#6951 = DIRECTION ( 'NONE',  ( 1.000000000000000000, 0.000000000000000000, 0.000000000000000000 ) ) ;
#6952 = DIRECTION ( 'NONE',  ( 1.000000000000000000, 0.000000000000000000, 0.000000000000000000 ) ) ;
#6953 = EDGE_LOOP ( 'NONE', ( #6112, #5285, #223, #3050 ) ) ;
#6954 = DIRECTION ( 'NONE',  ( 1.000000000000000000, 0.000000000000000000, 0.000000000000000000 ) ) ;
#6955 = CARTESIAN_POINT ( 'NONE',  ( -4.082086271002694389, 0.000000000000000000, 0.000000000000000000 ) ) ;
#6956 = EDGE_CURVE ( 'NONE', #5454, #3291, #1490, .T. ) ;
#6957 = DIRECTION ( 'NONE',  ( 0.000000000000000000, 1.000000000000000000, 0.000000000000000000 ) ) ;
#6958 = ORIENTED_EDGE ( 'NONE', *, *, #3079, .F. ) ;
#6959 = FACE_OUTER_BOUND ( 'NONE', #857, .T. ) ;
#6960 = EDGE_CURVE ( 'NONE', #2736, #7067, #7045, .T. ) ;
#6961 = CONICAL_SURFACE ( 'NONE', #4624, 0.9999999999999998890, 0.7853981633974476129 ) ;
#6962 = EDGE_CURVE ( 'NONE', #9029, #2481, #2215, .T. ) ;
#6963 = ORIENTED_EDGE ( 'NONE', *, *, #9465, .T. ) ;
#6964 = CARTESIAN_POINT ( 'NONE',  ( 1.400000000000000133, -20.00000000000000000, 3.000000000000001776 ) ) ;
#6965 = LINE ( 'NONE', #7009, #386 ) ;
#6966 = CARTESIAN_POINT ( 'NONE',  ( 0.000000000000000000, -25.51999999999984325, -13.47500000000005649 ) ) ;
#6967 = FACE_OUTER_BOUND ( 'NONE', #1028, .T. ) ;
#6968 = EDGE_CURVE ( 'NONE', #7028, #5878, #864, .T. ) ;
#6969 = CARTESIAN_POINT ( 'NONE',  ( 1.199999999999999956, 17.50000000000040146, 16.72815858113809995 ) ) ;
#6970 = ORIENTED_EDGE ( 'NONE', *, *, #2444, .T. ) ;
#6971 = DIRECTION ( 'NONE',  ( -1.000000000000000000, -0.000000000000000000, -0.000000000000000000 ) ) ;
#6972 = ORIENTED_EDGE ( 'NONE', *, *, #3279, .T. ) ;
#6973 = CARTESIAN_POINT ( 'NONE',  ( 9.799999999999998934, 20.10000000000000142, 22.89999999999999858 ) ) ;
#6974 = ORIENTED_EDGE ( 'NONE', *, *, #8469, .F. ) ;
#6975 = CARTESIAN_POINT ( 'NONE',  ( 3.399999999999999467, 18.81700442652441652, 17.54225210443883043 ) ) ;
#6976 = DIRECTION ( 'NONE',  ( 0.000000000000000000, -0.000000000000000000, 1.000000000000000000 ) ) ;
#6977 = VERTEX_POINT ( 'NONE', #8311 ) ;
#6978 = ORIENTED_EDGE ( 'NONE', *, *, #4751, .T. ) ;
#6979 = CARTESIAN_POINT ( 'NONE',  ( 3.799999999999999822, 0.000000000000000000, 0.000000000000000000 ) ) ;
#6980 = VERTEX_POINT ( 'NONE', #719 ) ;
#6981 = ORIENTED_EDGE ( 'NONE', *, *, #7266, .T. ) ;
#6982 = DIRECTION ( 'NONE',  ( -1.000000000000000000, 0.000000000000000000, 0.000000000000000000 ) ) ;
#6983 = ADVANCED_FACE ( 'NONE', ( #5177 ), #2843, .F. ) ;
#6984 = EDGE_CURVE ( 'NONE', #7231, #3148, #3378, .T. ) ;
#6985 = DIRECTION ( 'NONE',  ( 0.000000000000000000, -0.2158927849980367686, 0.9764170755296075477 ) ) ;
#6986 = ORIENTED_EDGE ( 'NONE', *, *, #6317, .F. ) ;
#6987 = CARTESIAN_POINT ( 'NONE',  ( 9.000000000000000000, 18.70000000000000284, 21.85329983228429995 ) ) ;
#6988 = DIRECTION ( 'NONE',  ( 0.000000000000000000, -1.000000000000000000, 0.000000000000000000 ) ) ;
#6989 = ORIENTED_EDGE ( 'NONE', *, *, #7384, .T. ) ;
#6990 = CARTESIAN_POINT ( 'NONE',  ( 9.199999999999999289, 22.27665334873451286, 27.96193149550926904 ) ) ;
#6991 = ORIENTED_EDGE ( 'NONE', *, *, #8668, .F. ) ;
#6992 = AXIS2_PLACEMENT_3D ( 'NONE', #2536, #7660, #7063 ) ;
#6993 = AXIS2_PLACEMENT_3D ( 'NONE', #2576, #3874, #1108 ) ;
#6994 = DIRECTION ( 'NONE',  ( 0.7071067811865479058, -0.6406159536904897367, 0.2993512984391809573 ) ) ;
#6995 = DIRECTION ( 'NONE',  ( 0.000000000000000000, -0.9764170757445558291, -0.2158927840258914044 ) ) ;
#6996 = EDGE_CURVE ( 'NONE', #8810, #5763, #3283, .T. ) ;
#6997 = ORIENTED_EDGE ( 'NONE', *, *, #6055, .T. ) ;
#6998 = CARTESIAN_POINT ( 'NONE',  ( 8.800000000000000711, 17.69999999999999929, 21.85329983228429995 ) ) ;
#6999 = CARTESIAN_POINT ( 'NONE',  ( 9.199999999999999289, 26.30000000000000071, 3.514213562373090127 ) ) ;
#7000 = CYLINDRICAL_SURFACE ( 'NONE', #7721, 0.5999999999999998668 ) ;
#7001 = EDGE_LOOP ( 'NONE', ( #3866, #6970, #2559 ) ) ;
#7002 = LINE ( 'NONE', #2622, #638 ) ;
#7003 = VECTOR ( 'NONE', #3726, 1000.000000000000000 ) ;
#7004 = EDGE_CURVE ( 'NONE', #7184, #8503, #1983, .T. ) ;
#7005 = ORIENTED_EDGE ( 'NONE', *, *, #7508, .T. ) ;
#7006 = CARTESIAN_POINT ( 'NONE',  ( 0.000000000000000000, 17.19999999999999929, 31.69999999999999929 ) ) ;
#7007 = EDGE_CURVE ( 'NONE', #2918, #534, #6350, .T. ) ;
#7008 = CONICAL_SURFACE ( 'NONE', #7642, 1.099999999999999423, 0.7853981633974469467 ) ;
#7009 = CARTESIAN_POINT ( 'NONE',  ( 0.000000000000000000, 20.69999999999999929, 15.50000000000000000 ) ) ;
#7010 = LINE ( 'NONE', #347, #8719 ) ;
#7011 = CARTESIAN_POINT ( 'NONE',  ( 4.799999999999999822, -2.056159335043250103, -3.748607984557649875 ) ) ;
#7012 = DIRECTION ( 'NONE',  ( 0.000000000000000000, -1.674250355192519929E-13, -1.000000000000000000 ) ) ;
#7013 = ORIENTED_EDGE ( 'NONE', *, *, #2621, .F. ) ;
#7014 = CARTESIAN_POINT ( 'NONE',  ( 0.000000000000000000, 19.19999999999999929, 22.19999999999999574 ) ) ;
#7015 = ADVANCED_FACE ( 'NONE', ( #418 ), #1050, .T. ) ;
#7016 = CIRCLE ( 'NONE', #794, 1.000000000000000222 ) ;
#7017 = ORIENTED_EDGE ( 'NONE', *, *, #6567, .F. ) ;
#7018 = AXIS2_PLACEMENT_3D ( 'NONE', #7892, #6222, #295 ) ;
#7019 = AXIS2_PLACEMENT_3D ( 'NONE', #8037, #9361, #6564 ) ;
#7020 = CARTESIAN_POINT ( 'NONE',  ( 10.00000000000000000, 3.299999999999999822, 0.4500000276680439781 ) ) ;
#7021 = ORIENTED_EDGE ( 'NONE', *, *, #6213, .F. ) ;
#7022 = EDGE_CURVE ( 'NONE', #5594, #2292, #1780, .T. ) ;
#7023 = FACE_OUTER_BOUND ( 'NONE', #3267, .T. ) ;
#7024 = CIRCLE ( 'NONE', #4839, 2.999999999999999112 ) ;
#7025 = DIRECTION ( 'NONE',  ( 0.000000000000000000, -0.6382847385042248467, -0.7698003589195016039 ) ) ;
#7026 = AXIS2_PLACEMENT_3D ( 'NONE', #9041, #2354, #6683 ) ;
#7027 = ORIENTED_EDGE ( 'NONE', *, *, #1688, .T. ) ;
#7028 = VERTEX_POINT ( 'NONE', #6253 ) ;
#7029 = CYLINDRICAL_SURFACE ( 'NONE', #3758, 0.5999999999999998668 ) ;
#7030 = ORIENTED_EDGE ( 'NONE', *, *, #8985, .F. ) ;
#7031 = AXIS2_PLACEMENT_3D ( 'NONE', #2260, #3623, #2938 ) ;
#7032 = CIRCLE ( 'NONE', #8912, 4.500000000000000888 ) ;
#7033 = ORIENTED_EDGE ( 'NONE', *, *, #1959, .F. ) ;
#7034 = DIRECTION ( 'NONE',  ( 0.7071067811865480168, -0.5908588880402122490, -0.3884401812684719624 ) ) ;
#7035 = DIRECTION ( 'NONE',  ( 1.000000000000000000, 0.000000000000000000, 0.000000000000000000 ) ) ;
#7036 = ORIENTED_EDGE ( 'NONE', *, *, #3140, .T. ) ;
#7037 = AXIS2_PLACEMENT_3D ( 'NONE', #5623, #5531, #5429 ) ;
#7038 = DIRECTION ( 'NONE',  ( 0.000000000000000000, -0.9764170755296077697, 0.2158927849980359637 ) ) ;
#7039 = VERTEX_POINT ( 'NONE', #4640 ) ;
#7040 = DIRECTION ( 'NONE',  ( 0.000000000000000000, 0.9238795325112870716, -0.3826834323650888381 ) ) ;
#7041 = CONICAL_SURFACE ( 'NONE', #6573, 1.000000000000000444, 0.7853981633974476129 ) ;
#7042 = ORIENTED_EDGE ( 'NONE', *, *, #8677, .F. ) ;
#7043 = FACE_OUTER_BOUND ( 'NONE', #5734, .T. ) ;
#7044 = EDGE_CURVE ( 'NONE', #6106, #4851, #3193, .T. ) ;
#7045 = CIRCLE ( 'NONE', #5481, 11.99500000000000632 ) ;
#7046 = AXIS2_PLACEMENT_3D ( 'NONE', #5621, #4060, #7835 ) ;
#7047 = LINE ( 'NONE', #330, #6417 ) ;
#7048 = CARTESIAN_POINT ( 'NONE',  ( 9.000000000000000000, 21.70000001490119956, 24.16276451370509903 ) ) ;
#7049 = ORIENTED_EDGE ( 'NONE', *, *, #5942, .T. ) ;
#7050 = CARTESIAN_POINT ( 'NONE',  ( 9.199999999999999289, 16.11005050633880131, -6.924264068711929454 ) ) ;
#7051 = CYLINDRICAL_SURFACE ( 'NONE', #3587, 0.9999999999999994449 ) ;
#7052 = ORIENTED_EDGE ( 'NONE', *, *, #738, .F. ) ;
#7053 = VECTOR ( 'NONE', #5972, 1000.000000000000000 ) ;
#7054 = DIRECTION ( 'NONE',  ( -1.000000000000000000, 0.000000000000000000, 0.000000000000000000 ) ) ;
#7055 = CIRCLE ( 'NONE', #5643, 1.000000000000000444 ) ;
#7056 = AXIS2_PLACEMENT_3D ( 'NONE', #7369, #6865, #3886 ) ;
#7057 = ADVANCED_FACE ( 'NONE', ( #3956 ), #3921, .F. ) ;
#7058 = VERTEX_POINT ( 'NONE', #2604 ) ;
#7059 = AXIS2_PLACEMENT_3D ( 'NONE', #6593, #9580, #510 ) ;
#7060 = CIRCLE ( 'NONE', #1935, 0.2000000000000022593 ) ;
#7061 = CARTESIAN_POINT ( 'NONE',  ( 8.800000000000000711, -20.00000000000000000, 2.449293598294706513E-15 ) ) ;
#7062 = LINE ( 'NONE', #4910, #2070 ) ;
#7063 = DIRECTION ( 'NONE',  ( 0.000000000000000000, 0.5493373725205369373, 0.8356006529151548401 ) ) ;
#7064 = DIRECTION ( 'NONE',  ( -1.000000000000000000, -0.000000000000000000, -0.000000000000000000 ) ) ;
#7065 = CARTESIAN_POINT ( 'NONE',  ( 9.099999999999999645, 24.37087829215959900, 11.30748276474189851 ) ) ;
#7066 = CARTESIAN_POINT ( 'NONE',  ( 3.600000000000000089, 12.69999999999999929, 26.63271332580049844 ) ) ;
#7067 = VERTEX_POINT ( 'NONE', #4107 ) ;
#7068 = CARTESIAN_POINT ( 'NONE',  ( 3.400000000000000355, -25.51999999999984681, 4.529999999999937188 ) ) ;
#7069 = VECTOR ( 'NONE', #5957, 1000.000000000000000 ) ;
#7070 = VERTEX_POINT ( 'NONE', #2563 ) ;
#7071 = VECTOR ( 'NONE', #4565, 1000.000000000000000 ) ;
#7072 = ADVANCED_FACE ( 'NONE', ( #3338 ), #7632, .F. ) ;
#7073 = VECTOR ( 'NONE', #683, 1000.000000000000000 ) ;
#7074 = DIRECTION ( 'NONE',  ( 1.000000000000000000, 0.000000000000000000, 0.000000000000000000 ) ) ;
#7075 = EDGE_LOOP ( 'NONE', ( #3407, #6465, #7878, #4935 ) ) ;
#7076 = CIRCLE ( 'NONE', #8012, 0.5999999999999998668 ) ;
#7077 = CARTESIAN_POINT ( 'NONE',  ( 3.485217192242515249, 18.55327756331667644, 17.53601419028155206 ) ) ;
#7078 = ADVANCED_FACE ( 'NONE', ( #276 ), #6201, .T. ) ;
#7079 = CARTESIAN_POINT ( 'NONE',  ( 9.000000000000000000, 21.10995157026684765, 31.45197380170374046 ) ) ;
#7080 = ORIENTED_EDGE ( 'NONE', *, *, #2967, .T. ) ;
#7081 = ORIENTED_EDGE ( 'NONE', *, *, #770, .T. ) ;
#7082 = DIRECTION ( 'NONE',  ( 0.000000000000000000, 0.000000000000000000, -1.000000000000000000 ) ) ;
#7083 = ORIENTED_EDGE ( 'NONE', *, *, #2384, .T. ) ;
#7084 = EDGE_CURVE ( 'NONE', #4972, #2271, #8510, .T. ) ;
#7085 = VECTOR ( 'NONE', #4372, 1000.000000000000000 ) ;
#7086 = ORIENTED_EDGE ( 'NONE', *, *, #5721, .F. ) ;
#7087 = EDGE_CURVE ( 'NONE', #1507, #3713, #8550, .T. ) ;
#7088 = CARTESIAN_POINT ( 'NONE',  ( 9.799999999999998934, 20.10000000000000142, 15.50000000000000000 ) ) ;
#7089 = CARTESIAN_POINT ( 'NONE',  ( 4.799999999999999822, 7.855963737990349749, -3.500000000000000000 ) ) ;
#7090 = VECTOR ( 'NONE', #5779, 1000.000000000000000 ) ;
#7091 = ORIENTED_EDGE ( 'NONE', *, *, #6327, .F. ) ;
#7092 = CARTESIAN_POINT ( 'NONE',  ( 10.00000000000000000, -3.299999999999999822, -0.4500000000000000111 ) ) ;
#7093 = AXIS2_PLACEMENT_3D ( 'NONE', #5150, #5894, #8138 ) ;
#7094 = VERTEX_POINT ( 'NONE', #6160 ) ;
#7095 = DIRECTION ( 'NONE',  ( 0.000000000000000000, -2.220446049250309876E-16, 1.000000000000000000 ) ) ;
#7096 = ORIENTED_EDGE ( 'NONE', *, *, #1541, .F. ) ;
#7097 = CARTESIAN_POINT ( 'NONE',  ( 0.000000000000000000, 16.06846986999198990, -7.423879532511286072 ) ) ;
#7098 = DIRECTION ( 'NONE',  ( -1.000000000000000000, 0.000000000000000000, 0.000000000000000000 ) ) ;
#7099 = CARTESIAN_POINT ( 'NONE',  ( 9.199999999999999289, -3.950000000000000178, -7.100000000000000533 ) ) ;
#7100 = EDGE_LOOP ( 'NONE', ( #8627, #2338, #8689 ) ) ;
#7101 = CARTESIAN_POINT ( 'NONE',  ( 9.199999999999999289, 25.00596776998166604, 26.30840131324798392 ) ) ;
#7102 = DIRECTION ( 'NONE',  ( 1.000000000000000000, 0.000000000000000000, 0.000000000000000000 ) ) ;
#7103 = EDGE_CURVE ( 'NONE', #3558, #986, #370, .T. ) ;
#7104 = CARTESIAN_POINT ( 'NONE',  ( 9.199999999999999289, 22.08230124767110070, 15.28059368929720030 ) ) ;
#7105 = ORIENTED_EDGE ( 'NONE', *, *, #9169, .F. ) ;
#7106 = PLANE ( 'NONE',  #485 ) ;
#7107 = EDGE_LOOP ( 'NONE', ( #9288, #4595, #353, #9146 ) ) ;
#7108 = DIRECTION ( 'NONE',  ( 1.000000000000000000, 0.000000000000000000, 0.000000000000000000 ) ) ;
#7109 = FACE_OUTER_BOUND ( 'NONE', #3500, .T. ) ;
#7110 = DIRECTION ( 'NONE',  ( 0.000000000000000000, -1.000000000000000000, 0.000000000000000000 ) ) ;
#7111 = LINE ( 'NONE', #983, #7221 ) ;
#7112 = LINE ( 'NONE', #8040, #7398 ) ;
#7113 = ADVANCED_FACE ( 'NONE', ( #1869 ), #4831, .F. ) ;
#7114 = SURFACE_STYLE_FILL_AREA ( #8353 ) ;
#7115 = ORIENTED_EDGE ( 'NONE', *, *, #5991, .T. ) ;
#7116 = LINE ( 'NONE', #4816, #50 ) ;
#7117 = VERTEX_POINT ( 'NONE', #4004 ) ;
#7118 = CIRCLE ( 'NONE', #8368, 0.9999999999999988898 ) ;
#7119 = VERTEX_POINT ( 'NONE', #7827 ) ;
#7120 = EDGE_CURVE ( 'NONE', #3468, #9616, #8461, .T. ) ;
#7121 = VERTEX_POINT ( 'NONE', #1971 ) ;
#7122 = DIRECTION ( 'NONE',  ( -1.000000000000000000, 0.000000000000000000, 0.000000000000000000 ) ) ;
#7123 = DIRECTION ( 'NONE',  ( 0.000000000000000000, 0.000000000000000000, 1.000000000000000000 ) ) ;
#7124 = DIRECTION ( 'NONE',  ( -1.000000000000000000, 0.000000000000000000, 0.000000000000000000 ) ) ;
#7125 = EDGE_CURVE ( 'NONE', #5315, #7918, #4407, .T. ) ;
#7126 = EDGE_LOOP ( 'NONE', ( #8260, #246, #8099, #9509 ) ) ;
#7127 = CARTESIAN_POINT ( 'NONE',  ( 4.799999999999999822, 22.70000001490119956, 27.05596372552760087 ) ) ;
#7128 = EDGE_LOOP ( 'NONE', ( #6963, #1913, #1859, #9391, #609, #4036, #6929, #2833, #457, #3582, #9070, #3775 ) ) ;
#7129 = AXIS2_PLACEMENT_3D ( 'NONE', #2615, #5917, #4409 ) ;
#7130 = EDGE_CURVE ( 'NONE', #1834, #4469, #3565, .T. ) ;
#7131 = VERTEX_POINT ( 'NONE', #6591 ) ;
#7132 = DIRECTION ( 'NONE',  ( 0.000000000000000000, 0.000000000000000000, -1.000000000000000000 ) ) ;
#7133 = DIRECTION ( 'NONE',  ( 1.000000000000000000, 0.000000000000000000, 0.000000000000000000 ) ) ;
#7134 = EDGE_CURVE ( 'NONE', #5763, #2877, #7324, .T. ) ;
#7135 = ORIENTED_EDGE ( 'NONE', *, *, #1657, .F. ) ;
#7136 = DIRECTION ( 'NONE',  ( -1.000000000000000000, 0.000000000000000000, 0.000000000000000000 ) ) ;
#7137 = CONICAL_SURFACE ( 'NONE', #8230, 1.099999999999999645, 0.7853981633974469467 ) ;
#7138 = ORIENTED_EDGE ( 'NONE', *, *, #2479, .F. ) ;
#7139 = DIRECTION ( 'NONE',  ( 0.000000000000000000, -0.2158927849980366576, 0.9764170755296077697 ) ) ;
#7140 = ORIENTED_EDGE ( 'NONE', *, *, #2610, .T. ) ;
#7141 = DIRECTION ( 'NONE',  ( 0.000000000000000000, -0.3412646552513101117, 0.9399672521296710270 ) ) ;
#7142 = EDGE_CURVE ( 'NONE', #9439, #2562, #9579, .T. ) ;
#7143 = EDGE_CURVE ( 'NONE', #5050, #7332, #5654, .T. ) ;
#7144 = ADVANCED_FACE ( 'NONE', ( #2890 ), #2112, .T. ) ;
#7145 = DIRECTION ( 'NONE',  ( -1.000000000000000000, 0.000000000000000000, 0.000000000000000000 ) ) ;
#7146 = CARTESIAN_POINT ( 'NONE',  ( 9.799999999999998934, -3.100000000000000089, 0.9000000000000000222 ) ) ;
#7147 = EDGE_CURVE ( 'NONE', #1982, #4851, #3319, .T. ) ;
#7148 = VERTEX_POINT ( 'NONE', #1195 ) ;
#7149 = CARTESIAN_POINT ( 'NONE',  ( 10.20000000000000107, 18.10000000000000142, 15.50000000000000000 ) ) ;
#7150 = CARTESIAN_POINT ( 'NONE',  ( 0.000000000000000000, -20.00000000000000000, 3.400000000000030109 ) ) ;
#7151 = LINE ( 'NONE', #1255, #5061 ) ;
#7152 = EDGE_LOOP ( 'NONE', ( #7874, #9183, #1080, #9442 ) ) ;
#7153 = CARTESIAN_POINT ( 'NONE',  ( 1.400000000000000133, -18.30000000000000071, -2.471841418861651540 ) ) ;
#7154 = CONICAL_SURFACE ( 'NONE', #5902, 1.099999999999999645, 0.7853981633974469467 ) ;
#7155 = EDGE_CURVE ( 'NONE', #8021, #9017, #3617, .T. ) ;
#7156 = VERTEX_POINT ( 'NONE', #8659 ) ;
#7157 = DIRECTION ( 'NONE',  ( -1.000000000000000000, 0.000000000000000000, 0.000000000000000000 ) ) ;
#7158 = CARTESIAN_POINT ( 'NONE',  ( 10.00000000000000000, -3.700000000000000178, -0.9000000000000000222 ) ) ;
#7159 = DIRECTION ( 'NONE',  ( 1.000000000000000000, 0.000000000000000000, 0.000000000000000000 ) ) ;
#7160 = CARTESIAN_POINT ( 'NONE',  ( 1.199999999999999956, -21.69999999999999929, -2.471841418861651540 ) ) ;
#7161 = FACE_OUTER_BOUND ( 'NONE', #9043, .T. ) ;
#7162 = CONICAL_SURFACE ( 'NONE', #6839, 4.400000000000001243, 0.7853981633974476129 ) ;
#7163 = EDGE_LOOP ( 'NONE', ( #7215, #2862, #3999, #7913 ) ) ;
#7164 = CARTESIAN_POINT ( 'NONE',  ( 4.799999999999999822, 6.685054647081260626, -5.899999999999999467 ) ) ;
#7165 = EDGE_LOOP ( 'NONE', ( #6016, #6524, #5431, #1590 ) ) ;
#7166 = EDGE_CURVE ( 'NONE', #3569, #2380, #3167, .T. ) ;
#7167 = ORIENTED_EDGE ( 'NONE', *, *, #6237, .F. ) ;
#7168 = AXIS2_PLACEMENT_3D ( 'NONE', #1765, #5554, #8395 ) ;
#7169 = ORIENTED_EDGE ( 'NONE', *, *, #6812, .F. ) ;
#7170 = DIRECTION ( 'NONE',  ( 0.000000000000000000, 0.9059677699816666152, 0.4233466661666840936 ) ) ;
#7171 = CARTESIAN_POINT ( 'NONE',  ( 9.000000000000000000, 22.55948980591969644, 22.19396530439509974 ) ) ;
#7172 = DIRECTION ( 'NONE',  ( 0.000000000000000000, 0.9059677699816659491, -0.4233466661666858699 ) ) ;
#7173 = VECTOR ( 'NONE', #4069, 1000.000000000000000 ) ;
#7174 = EDGE_LOOP ( 'NONE', ( #1291, #412, #4484, #6432 ) ) ;
#7175 = DIRECTION ( 'NONE',  ( 0.000000000000000000, -0.6382847385042248467, -0.7698003589195016039 ) ) ;
#7176 = CIRCLE ( 'NONE', #2969, 0.6000000000000003109 ) ;
#7177 = ORIENTED_EDGE ( 'NONE', *, *, #6548, .F. ) ;
#7178 = EDGE_CURVE ( 'NONE', #1798, #5730, #2071, .T. ) ;
#7179 = CIRCLE ( 'NONE', #5457, 1.000000000000000000 ) ;
#7180 = ORIENTED_EDGE ( 'NONE', *, *, #5856, .F. ) ;
#7181 = VECTOR ( 'NONE', #9058, 1000.000000000000000 ) ;
#7182 = CARTESIAN_POINT ( 'NONE',  ( 0.000000000000000000, -25.51999999999984681, 4.529999999999937188 ) ) ;
#7183 = CARTESIAN_POINT ( 'NONE',  ( 9.199999999999999289, -17.50000000000000000, -1.100000000000002531 ) ) ;
#7184 = VERTEX_POINT ( 'NONE', #6493 ) ;
#7185 = CARTESIAN_POINT ( 'NONE',  ( 3.600000000000000089, 18.19999999999999929, 31.50000000000000000 ) ) ;
#7186 = ORIENTED_EDGE ( 'NONE', *, *, #5317, .T. ) ;
#7187 = DIRECTION ( 'NONE',  ( -1.000000000000000000, 0.000000000000000000, 0.000000000000000000 ) ) ;
#7188 = AXIS2_PLACEMENT_3D ( 'NONE', #3406, #6827, #4182 ) ;
#7189 = ORIENTED_EDGE ( 'NONE', *, *, #6690, .F. ) ;
#7190 = CARTESIAN_POINT ( 'NONE',  ( 3.799999999999999822, 12.31506687970530045, 27.09295944789190003 ) ) ;
#7191 = AXIS2_PLACEMENT_3D ( 'NONE', #6532, #4971, #2054 ) ;
#7192 = EDGE_CURVE ( 'NONE', #140, #8358, #2386, .T. ) ;
#7193 = DIRECTION ( 'NONE',  ( 0.000000000000000000, 0.000000000000000000, -1.000000000000000000 ) ) ;
#7194 = DIRECTION ( 'NONE',  ( 0.7071067811865487940, 0.4999999999999991118, -0.4999999999999991118 ) ) ;
#7195 = VECTOR ( 'NONE', #2151, 1000.000000000000000 ) ;
#7196 = EDGE_CURVE ( 'NONE', #7067, #2736, #8624, .T. ) ;
#7197 = ORIENTED_EDGE ( 'NONE', *, *, #901, .T. ) ;
#7198 = LINE ( 'NONE', #5727, #1867 ) ;
#7199 = CARTESIAN_POINT ( 'NONE',  ( 10.20000000000000107, -20.00000000000000000, 1.700000000000002842 ) ) ;
#7200 = CARTESIAN_POINT ( 'NONE',  ( 9.199999999999999289, 15.68578643762690028, -6.500000000000000000 ) ) ;
#7201 = VERTEX_POINT ( 'NONE', #1287 ) ;
#7202 = CARTESIAN_POINT ( 'NONE',  ( 9.000000000000000000, 24.10000000000000142, 12.51494535291870136 ) ) ;
#7203 = CIRCLE ( 'NONE', #6264, 0.9999999999999998890 ) ;
#7204 = EDGE_CURVE ( 'NONE', #546, #564, #8778, .T. ) ;
#7205 = AXIS2_PLACEMENT_3D ( 'NONE', #4330, #5099, #3871 ) ;
#7206 = ORIENTED_EDGE ( 'NONE', *, *, #1180, .F. ) ;
#7207 = DIRECTION ( 'NONE',  ( 0.000000000000000000, 0.000000000000000000, 1.000000000000000000 ) ) ;
#7208 = AXIS2_PLACEMENT_3D ( 'NONE', #617, #6370, #9541 ) ;
#7209 = AXIS2_PLACEMENT_3D ( 'NONE', #605, #9434, #4887 ) ;
#7210 = CYLINDRICAL_SURFACE ( 'NONE', #4207, 0.5999999999999998668 ) ;
#7211 = CARTESIAN_POINT ( 'NONE',  ( 3.369048105154696771, -17.50000000000000000, -1.100000000000002531 ) ) ;
#7212 = DIRECTION ( 'NONE',  ( 0.000000000000000000, 1.000000000000000000, 0.000000000000000000 ) ) ;
#7213 = VECTOR ( 'NONE', #9587, 1000.000000000000227 ) ;
#7214 = PLANE ( 'NONE',  #1126 ) ;
#7215 = ORIENTED_EDGE ( 'NONE', *, *, #1594, .T. ) ;
#7216 = DIRECTION ( 'NONE',  ( 0.7071067811865420216, 1.570092458683790204E-16, -0.7071067811865531239 ) ) ;
#7217 = VERTEX_POINT ( 'NONE', #8701 ) ;
#7218 = AXIS2_PLACEMENT_3D ( 'NONE', #1782, #1094, #7780 ) ;
#7219 = CIRCLE ( 'NONE', #9562, 1.000000000000000666 ) ;
#7220 = ORIENTED_EDGE ( 'NONE', *, *, #5950, .T. ) ;
#7221 = VECTOR ( 'NONE', #9274, 1000.000000000000000 ) ;
#7222 = DIRECTION ( 'NONE',  ( 1.000000000000000000, 0.000000000000000000, 0.000000000000000000 ) ) ;
#7223 = DIRECTION ( 'NONE',  ( 0.000000000000000000, -0.8356006513277618453, 0.5493373749351305735 ) ) ;
#7224 = DIRECTION ( 'NONE',  ( 0.000000000000000000, 0.000000000000000000, -1.000000000000000000 ) ) ;
#7225 = CARTESIAN_POINT ( 'NONE',  ( 9.199999999999999289, -22.11660104885167755, 1.100000000000010525 ) ) ;
#7226 = DIRECTION ( 'NONE',  ( -1.000000000000000000, 0.000000000000000000, 0.000000000000000000 ) ) ;
#7227 = VECTOR ( 'NONE', #6931, 1000.000000000000000 ) ;
#7228 = CIRCLE ( 'NONE', #6288, 0.9999999999999998890 ) ;
#7229 = ORIENTED_EDGE ( 'NONE', *, *, #9284, .T. ) ;
#7230 = CARTESIAN_POINT ( 'NONE',  ( 10.20000000000000107, 20.29999999999999716, 29.04999999590820181 ) ) ;
#7231 = VERTEX_POINT ( 'NONE', #5813 ) ;
#7232 = AXIS2_PLACEMENT_3D ( 'NONE', #930, #1704, #7662 ) ;
#7233 = ORIENTED_EDGE ( 'NONE', *, *, #9245, .F. ) ;
#7234 = CARTESIAN_POINT ( 'NONE',  ( 0.000000000000000000, 18.30000000000000071, 15.50000000000000000 ) ) ;
#7235 = DIRECTION ( 'NONE',  ( -0.7071067811865484609, -0.2413105519074902339, 0.6646572180741747715 ) ) ;
#7236 = EDGE_LOOP ( 'NONE', ( #4975, #4425, #8544, #3174 ) ) ;
#7237 = DIRECTION ( 'NONE',  ( 0.000000000000000000, 0.5493373725205368263, 0.8356006529151546181 ) ) ;
#7238 = EDGE_CURVE ( 'NONE', #3264, #3536, #3476, .T. ) ;
#7239 = EDGE_LOOP ( 'NONE', ( #7295, #5559, #835, #2599 ) ) ;
#7240 = AXIS2_PLACEMENT_3D ( 'NONE', #7160, #489, #8724 ) ;
#7241 = PLANE ( 'NONE',  #8431 ) ;
#7242 = VERTEX_POINT ( 'NONE', #2012 ) ;
#7243 = CARTESIAN_POINT ( 'NONE',  ( 9.199999999999999289, 11.90000000000000036, 0.9000000000000000222 ) ) ;
#7244 = AXIS2_PLACEMENT_3D ( 'NONE', #2805, #7890, #1111 ) ;
#7245 = CARTESIAN_POINT ( 'NONE',  ( 9.199999999999999289, 18.81111111111110290, 21.26367764733230104 ) ) ;
#7246 = DIRECTION ( 'NONE',  ( -1.000000000000000000, 0.000000000000000000, 0.000000000000000000 ) ) ;
#7247 = ORIENTED_EDGE ( 'NONE', *, *, #1688, .F. ) ;
#7248 = DIRECTION ( 'NONE',  ( 0.000000000000000000, 0.9238795325112868495, -0.3826834323650896152 ) ) ;
#7249 = DIRECTION ( 'NONE',  ( 1.000000000000000000, 0.000000000000000000, 0.000000000000000000 ) ) ;
#7250 = EDGE_CURVE ( 'NONE', #7529, #6159, #9526, .T. ) ;
#7251 = VERTEX_POINT ( 'NONE', #4346 ) ;
#7252 = CARTESIAN_POINT ( 'NONE',  ( 3.545656090748639411, 18.44811718617571117, 20.88550355220492349 ) ) ;
#7253 = ORIENTED_EDGE ( 'NONE', *, *, #3430, .F. ) ;
#7254 = EDGE_CURVE ( 'NONE', #3189, #337, #1612, .T. ) ;
#7255 = CARTESIAN_POINT ( 'NONE',  ( 10.00000000000000000, 17.89999999999999858, 9.350000000000001421 ) ) ;
#7256 = LINE ( 'NONE', #3832, #8268 ) ;
#7257 = PLANE ( 'NONE',  #8323 ) ;
#7258 = FACE_OUTER_BOUND ( 'NONE', #3903, .T. ) ;
#7259 = ADVANCED_FACE ( 'NONE', ( #459 ), #3423, .F. ) ;
#7260 = ORIENTED_EDGE ( 'NONE', *, *, #282, .T. ) ;
#7261 = CARTESIAN_POINT ( 'NONE',  ( 9.000000000000000000, 22.47044243093473526, 16.09004643178723271 ) ) ;
#7262 = VERTEX_POINT ( 'NONE', #1430 ) ;
#7263 = DIRECTION ( 'NONE',  ( -1.000000000000000000, 0.000000000000000000, 0.000000000000000000 ) ) ;
#7264 = EDGE_LOOP ( 'NONE', ( #4588, #5726, #7086, #6635 ) ) ;
#7265 = VERTEX_POINT ( 'NONE', #119 ) ;
#7266 = EDGE_CURVE ( 'NONE', #9267, #7869, #7055, .T. ) ;
#7267 = DIRECTION ( 'NONE',  ( 0.000000000000000000, 0.9238795325112867385, -0.3826834323650899483 ) ) ;
#7268 = LINE ( 'NONE', #5600, #8788 ) ;
#7269 = PLANE ( 'NONE',  #8710 ) ;
#7270 = DIRECTION ( 'NONE',  ( 1.000000000000000000, 0.000000000000000000, 0.000000000000000000 ) ) ;
#7271 = LINE ( 'NONE', #3416, #5828 ) ;
#7272 = EDGE_CURVE ( 'NONE', #9506, #1193, #2852, .T. ) ;
#7273 = ORIENTED_EDGE ( 'NONE', *, *, #6704, .F. ) ;
#7274 = CARTESIAN_POINT ( 'NONE',  ( 1.399999999999999911, 17.50000000000000000, 19.19999999999999929 ) ) ;
#7275 = ORIENTED_EDGE ( 'NONE', *, *, #1597, .F. ) ;
#7276 = ADVANCED_FACE ( 'NONE', ( #7472 ), #7426, .F. ) ;
#7277 = ORIENTED_EDGE ( 'NONE', *, *, #2734, .T. ) ;
#7278 = EDGE_CURVE ( 'NONE', #4515, #9607, #5334, .T. ) ;
#7279 = DIRECTION ( 'NONE',  ( 0.000000000000000000, 0.000000000000000000, -1.000000000000000000 ) ) ;
#7280 = CARTESIAN_POINT ( 'NONE',  ( 0.000000000000000000, -47.45966712883356564, 1.500000000000000000 ) ) ;
#7281 = ORIENTED_EDGE ( 'NONE', *, *, #1187, .F. ) ;
#7282 = FACE_OUTER_BOUND ( 'NONE', #7732, .T. ) ;
#7283 = ORIENTED_EDGE ( 'NONE', *, *, #6956, .F. ) ;
#7284 = CARTESIAN_POINT ( 'NONE',  ( 9.000000000000000000, 2.993965317121029646, -3.359489794578390143 ) ) ;
#7285 = VERTEX_POINT ( 'NONE', #5255 ) ;
#7286 = CIRCLE ( 'NONE', #2465, 0.5999999999999998668 ) ;
#7287 = DIRECTION ( 'NONE',  ( 0.000000000000000000, 0.3412646552513101117, 0.9399672521296710270 ) ) ;
#7288 = EDGE_CURVE ( 'NONE', #1282, #3540, #7523, .T. ) ;
#7289 = PLANE ( 'NONE',  #1754 ) ;
#7290 = DIRECTION ( 'NONE',  ( 1.000000000000000000, 0.000000000000000000, 0.000000000000000000 ) ) ;
#7291 = CARTESIAN_POINT ( 'NONE',  ( 10.20000000000000107, 3.700000000000000178, -1.100000000000000089 ) ) ;
#7292 = ORIENTED_EDGE ( 'NONE', *, *, #6294, .F. ) ;
#7293 = CARTESIAN_POINT ( 'NONE',  ( 9.199999999999999289, 18.10000000000000142, 3.500000000000000000 ) ) ;
#7294 = CARTESIAN_POINT ( 'NONE',  ( 1.399999999999999911, -18.30000000000000071, -2.471841418861651540 ) ) ;
#7295 = ORIENTED_EDGE ( 'NONE', *, *, #7022, .T. ) ;
#7296 = CARTESIAN_POINT ( 'NONE',  ( 10.20000000000000107, 19.65000000000000213, 22.70000000000000284 ) ) ;
#7297 = AXIS2_PLACEMENT_3D ( 'NONE', #865, #6118, #6940 ) ;
#7298 = ADVANCED_FACE ( 'NONE', ( #5213 ), #8845, .F. ) ;
#7299 = FACE_OUTER_BOUND ( 'NONE', #595, .T. ) ;
#7300 = CARTESIAN_POINT ( 'NONE',  ( 0.000000000000000000, 20.83693984606579974, 31.69999999999999929 ) ) ;
#7301 = DIRECTION ( 'NONE',  ( 0.000000000000000000, 0.7071067551117306005, 0.7071068072613636568 ) ) ;
#7302 = VECTOR ( 'NONE', #6092, 1000.000000000000000 ) ;
#7303 = CARTESIAN_POINT ( 'NONE',  ( 1.000000000000000000, 11.40710678118650101, 11.00710678118650065 ) ) ;
#7304 = EDGE_LOOP ( 'NONE', ( #4801, #1831, #1202, #5568 ) ) ;
#7305 = CARTESIAN_POINT ( 'NONE',  ( 10.20000000000000107, 20.10000000000000142, 15.50000000000000000 ) ) ;
#7306 = ORIENTED_EDGE ( 'NONE', *, *, #759, .F. ) ;
#7307 = DIRECTION ( 'NONE',  ( 0.000000000000000000, 0.9059677699816659491, 0.4233466661666858699 ) ) ;
#7308 = EDGE_CURVE ( 'NONE', #7070, #2202, #1101, .T. ) ;
#7309 = EDGE_CURVE ( 'NONE', #1572, #898, #7847, .T. ) ;
#7310 = ORIENTED_EDGE ( 'NONE', *, *, #5721, .T. ) ;
#7311 = ORIENTED_EDGE ( 'NONE', *, *, #3803, .F. ) ;
#7312 = VECTOR ( 'NONE', #6841, 1000.000000000000114 ) ;
#7313 = DIRECTION ( 'NONE',  ( 1.000000000000000000, 0.000000000000000000, 0.000000000000000000 ) ) ;
#7314 = DIRECTION ( 'NONE',  ( 0.000000000000000000, 0.000000000000000000, -1.000000000000000000 ) ) ;
#7315 = CARTESIAN_POINT ( 'NONE',  ( 0.000000000000000000, 3.275735926223754646, -1.324264063647611289 ) ) ;
#7316 = LINE ( 'NONE', #9376, #6292 ) ;
#7317 = ADVANCED_FACE ( 'NONE', ( #5112 ), #4443, .T. ) ;
#7318 = ORIENTED_EDGE ( 'NONE', *, *, #6439, .T. ) ;
#7319 = LINE ( 'NONE', #647, #6723 ) ;
#7320 = EDGE_CURVE ( 'NONE', #8211, #5965, #5167, .T. ) ;
#7321 = EDGE_LOOP ( 'NONE', ( #473, #8414, #6285, #3710 ) ) ;
#7322 = EDGE_CURVE ( 'NONE', #969, #4538, #1522, .T. ) ;
#7323 = ORIENTED_EDGE ( 'NONE', *, *, #8399, .F. ) ;
#7324 = LINE ( 'NONE', #5074, #7376 ) ;
#7325 = VECTOR ( 'NONE', #4461, 1000.000000000000000 ) ;
#7326 = DIRECTION ( 'NONE',  ( 0.000000000000000000, -0.6382847385042248467, -0.7698003589195016039 ) ) ;
#7327 = VECTOR ( 'NONE', #4463, 1000.000000000000114 ) ;
#7328 = VERTEX_POINT ( 'NONE', #9036 ) ;
#7329 = DIRECTION ( 'NONE',  ( 0.7071067811865480168, 0.7071067811865470176, 3.140184917367550333E-16 ) ) ;
#7330 = ORIENTED_EDGE ( 'NONE', *, *, #7799, .F. ) ;
#7331 = DIRECTION ( 'NONE',  ( 0.000000000000000000, 0.000000000000000000, -1.000000000000000000 ) ) ;
#7332 = VERTEX_POINT ( 'NONE', #2256 ) ;
#7333 = CARTESIAN_POINT ( 'NONE',  ( 0.4000000000000253353, -20.00000000000000000, 3.000000000000001776 ) ) ;
#7334 = B_SPLINE_CURVE_WITH_KNOTS ( 'NONE', 3,
 ( #1415, #5749, #2049, #5020 ),
 .UNSPECIFIED., .F., .F.,
 ( 4, 4 ),
 ( 0.000000000000000000, 0.0005699834956856224656 ),
 .UNSPECIFIED. ) ;
#7335 = CIRCLE ( 'NONE', #7960, 0.9999999999999993339 ) ;
#7336 = AXIS2_PLACEMENT_3D ( 'NONE', #6789, #755, #8303 ) ;
#7337 = VECTOR ( 'NONE', #2090, 1000.000000000000227 ) ;
#7338 = DIRECTION ( 'NONE',  ( 0.000000000000000000, 0.9238795325112871826, -0.3826834323650887826 ) ) ;
#7339 = FACE_BOUND ( 'NONE', #7826, .T. ) ;
#7340 = DIRECTION ( 'NONE',  ( 0.000000000000000000, -1.000000000000000000, 0.000000000000000000 ) ) ;
#7341 = VERTEX_POINT ( 'NONE', #8100 ) ;
#7342 = DIRECTION ( 'NONE',  ( 1.000000000000000000, 0.000000000000000000, 0.000000000000000000 ) ) ;
#7343 = AXIS2_PLACEMENT_3D ( 'NONE', #2207, #3040, #7528 ) ;
#7344 = DIRECTION ( 'NONE',  ( -1.000000000000000000, 0.000000000000000000, 0.000000000000000000 ) ) ;
#7345 = VERTEX_POINT ( 'NONE', #895 ) ;
#7346 = CARTESIAN_POINT ( 'NONE',  ( 3.689699400337655089, 18.25960734208340952, 20.95359138572020541 ) ) ;
#7347 = CIRCLE ( 'NONE', #9536, 22.49999999999999289 ) ;
#7348 = EDGE_CURVE ( 'NONE', #7148, #9267, #4485, .T. ) ;
#7349 = ADVANCED_FACE ( 'NONE', ( #3672 ), #4417, .T. ) ;
#7350 = AXIS2_PLACEMENT_3D ( 'NONE', #6130, #9117, #2228 ) ;
#7351 = AXIS2_PLACEMENT_3D ( 'NONE', #8346, #212, #3175 ) ;
#7352 = DIRECTION ( 'NONE',  ( 0.000000000000000000, 1.000000000000000000, 4.440892098500630106E-16 ) ) ;
#7353 = CARTESIAN_POINT ( 'NONE',  ( 1.000000000000000000, 26.40710678118649568, 2.807106781186550215 ) ) ;
#7354 = CARTESIAN_POINT ( 'NONE',  ( 4.799999999999999822, 8.623040608142760632, -4.141555200491109368 ) ) ;
#7355 = DIRECTION ( 'NONE',  ( 1.000000000000000000, 0.000000000000000000, 0.000000000000000000 ) ) ;
#7356 = VERTEX_POINT ( 'NONE', #70 ) ;
#7357 = DIRECTION ( 'NONE',  ( 1.000000000000000000, 0.000000000000000000, 0.000000000000000000 ) ) ;
#7358 = AXIS2_PLACEMENT_3D ( 'NONE', #5008, #631, #5889 ) ;
#7359 = ORIENTED_EDGE ( 'NONE', *, *, #590, .F. ) ;
#7360 = EDGE_CURVE ( 'NONE', #5060, #2481, #5176, .T. ) ;
#7361 = CIRCLE ( 'NONE', #1596, 1.200000000000000622 ) ;
#7362 = EDGE_LOOP ( 'NONE', ( #4949, #7467, #9214, #9240 ) ) ;
#7363 = VECTOR ( 'NONE', #3049, 1000.000000000000114 ) ;
#7364 = AXIS2_PLACEMENT_3D ( 'NONE', #8168, #807, #84 ) ;
#7365 = DIRECTION ( 'NONE',  ( 1.000000000000000000, 0.000000000000000000, 0.000000000000000000 ) ) ;
#7366 = VECTOR ( 'NONE', #3781, 1000.000000000000000 ) ;
#7367 = DIRECTION ( 'NONE',  ( 0.000000000000000000, -1.000000000000000000, 0.000000000000000000 ) ) ;
#7368 = DIRECTION ( 'NONE',  ( 1.000000000000000000, 0.000000000000000000, 0.000000000000000000 ) ) ;
#7369 = CARTESIAN_POINT ( 'NONE',  ( 3.369048105154696771, -17.50000000000000000, -1.500000000000000000 ) ) ;
#7370 = EDGE_CURVE ( 'NONE', #6595, #5180, #9622, .T. ) ;
#7371 = PLANE ( 'NONE',  #2248 ) ;
#7372 = ORIENTED_EDGE ( 'NONE', *, *, #7772, .F. ) ;
#7373 = ADVANCED_FACE ( 'NONE', ( #1569 ), #4533, .T. ) ;
#7374 = CARTESIAN_POINT ( 'NONE',  ( 72.83961030678925397, -6.506081413869286401, -7.500000000000000000 ) ) ;
#7375 = VECTOR ( 'NONE', #2936, 1000.000000000000000 ) ;
#7376 = VECTOR ( 'NONE', #2699, 1000.000000000000000 ) ;
#7377 = ORIENTED_EDGE ( 'NONE', *, *, #8382, .F. ) ;
#7378 = CIRCLE ( 'NONE', #3169, 0.9999999999999994449 ) ;
#7379 = DIRECTION ( 'NONE',  ( 0.000000000000000000, 0.000000000000000000, 1.000000000000000000 ) ) ;
#7380 = EDGE_CURVE ( 'NONE', #5555, #7505, #7060, .T. ) ;
#7381 = VERTEX_POINT ( 'NONE', #1083 ) ;
#7382 = VECTOR ( 'NONE', #7673, 1000.000000000000000 ) ;
#7383 = CARTESIAN_POINT ( 'NONE',  ( 0.000000000000000000, 7.485786437626910761, 8.500000000000000000 ) ) ;
#7384 = EDGE_CURVE ( 'NONE', #6362, #3180, #9139, .T. ) ;
#7385 = DIRECTION ( 'NONE',  ( 0.000000000000000000, 0.000000000000000000, 1.000000000000000000 ) ) ;
#7386 = ORIENTED_EDGE ( 'NONE', *, *, #2643, .F. ) ;
#7387 = DIRECTION ( 'NONE',  ( 0.7071067811865479058, -0.6904311355253137661, -0.1526592515939508843 ) ) ;
#7388 = EDGE_LOOP ( 'NONE', ( #3638, #2400, #1008, #1396 ) ) ;
#7389 = EDGE_CURVE ( 'NONE', #8606, #2565, #311, .T. ) ;
#7390 = CARTESIAN_POINT ( 'NONE',  ( 9.000000000000000000, 19.19999999999999929, 19.19999999999999929 ) ) ;
#7391 = ORIENTED_EDGE ( 'NONE', *, *, #3421, .F. ) ;
#7392 = CARTESIAN_POINT ( 'NONE',  ( 9.799999999999998934, 3.700000000000000178, 1.500000000000000000 ) ) ;
#7393 = AXIS2_PLACEMENT_3D ( 'NONE', #984, #7716, #7012 ) ;
#7394 = CIRCLE ( 'NONE', #3185, 0.9999999999999998890 ) ;
#7395 = DIRECTION ( 'NONE',  ( 0.000000000000000000, 1.000000000000000000, 4.440892098500630106E-16 ) ) ;
#7396 = CARTESIAN_POINT ( 'NONE',  ( 8.975735915643182850, 20.52426405306703572, 31.52426408435681537 ) ) ;
#7397 = CARTESIAN_POINT ( 'NONE',  ( 9.099999999999999645, 22.70000000000000284, 14.23723547529430000 ) ) ;
#7398 = VECTOR ( 'NONE', #9414, 1000.000000000000000 ) ;
#7399 = ORIENTED_EDGE ( 'NONE', *, *, #9113, .T. ) ;
#7400 = CARTESIAN_POINT ( 'NONE',  ( 0.000000000000000000, 17.69999999999999929, 7.299999999999999822 ) ) ;
#7401 = LINE ( 'NONE', #2221, #4680 ) ;
#7402 =( NAMED_UNIT ( * ) SI_UNIT ( $, .STERADIAN. ) SOLID_ANGLE_UNIT ( ) );
#7403 = VERTEX_POINT ( 'NONE', #8397 ) ;
#7404 = LINE ( 'NONE', #817, #2359 ) ;
#7405 = DIRECTION ( 'NONE',  ( 0.000000000000000000, -0.6382847385042265120, 0.7698003589195001606 ) ) ;
#7406 = LINE ( 'NONE', #4466, #3893 ) ;
#7407 = CARTESIAN_POINT ( 'NONE',  ( 9.000000000000000000, 21.70000001490119956, 27.05596372552760087 ) ) ;
#7408 = DIRECTION ( 'NONE',  ( -1.000000000000000000, 0.000000000000000000, 0.000000000000000000 ) ) ;
#7409 = ORIENTED_EDGE ( 'NONE', *, *, #8789, .F. ) ;
#7410 = DIRECTION ( 'NONE',  ( 1.000000000000000000, 0.000000000000000000, 0.000000000000000000 ) ) ;
#7411 = ORIENTED_EDGE ( 'NONE', *, *, #9331, .F. ) ;
#7412 = VERTEX_POINT ( 'NONE', #5512 ) ;
#7413 = CARTESIAN_POINT ( 'NONE',  ( 9.099999999999999645, 23.30604308226249799, 15.54070905685210136 ) ) ;
#7414 = EDGE_CURVE ( 'NONE', #2169, #2878, #6876, .T. ) ;
#7415 = CARTESIAN_POINT ( 'NONE',  ( 9.199999999999999289, -20.00000000000000000, -2.099999999999988542 ) ) ;
#7416 = DIRECTION ( 'NONE',  ( 1.000000000000000000, 0.000000000000000000, 0.000000000000000000 ) ) ;
#7417 = LINE ( 'NONE', #8794, #2696 ) ;
#7418 = DIRECTION ( 'NONE',  ( 1.000000000000000000, 0.000000000000000000, 0.000000000000000000 ) ) ;
#7419 = ORIENTED_EDGE ( 'NONE', *, *, #1959, .T. ) ;
#7420 = LINE ( 'NONE', #3031, #8599 ) ;
#7421 = CIRCLE ( 'NONE', #1039, 0.9999999999999994449 ) ;
#7422 = ADVANCED_FACE ( 'NONE', ( #4040 ), #1714, .T. ) ;
#7423 = DIRECTION ( 'NONE',  ( 0.000000000000000000, 4.386212498149690880E-17, -1.000000000000000000 ) ) ;
#7424 = EDGE_LOOP ( 'NONE', ( #943, #3288, #4429, #7135 ) ) ;
#7425 = EDGE_CURVE ( 'NONE', #4089, #7743, #7697, .T. ) ;
#7426 = CYLINDRICAL_SURFACE ( 'NONE', #9553, 1.700000000000000178 ) ;
#7427 = VECTOR ( 'NONE', #1455, 1000.000000000000000 ) ;
#7428 = DIRECTION ( 'NONE',  ( 1.000000000000000000, 0.000000000000000000, 0.000000000000000000 ) ) ;
#7429 = ORIENTED_EDGE ( 'NONE', *, *, #8023, .T. ) ;
#7430 = DIRECTION ( 'NONE',  ( 0.000000000000000000, 0.000000000000000000, -1.000000000000000000 ) ) ;
#7431 = ORIENTED_EDGE ( 'NONE', *, *, #2888, .T. ) ;
#7432 = DIRECTION ( 'NONE',  ( -1.000000000000000000, 0.000000000000000000, 0.000000000000000000 ) ) ;
#7433 = ORIENTED_EDGE ( 'NONE', *, *, #1609, .F. ) ;
#7434 = CARTESIAN_POINT ( 'NONE',  ( 0.000000000000000000, 12.05844479950889969, 27.39979019595289955 ) ) ;
#7435 = EDGE_CURVE ( 'NONE', #3345, #8363, #5497, .T. ) ;
#7436 = ADVANCED_FACE ( 'NONE', ( #7023 ), #7672, .F. ) ;
#7437 = ORIENTED_EDGE ( 'NONE', *, *, #1912, .F. ) ;
#7438 = EDGE_CURVE ( 'NONE', #5655, #9231, #3323, .T. ) ;
#7439 = DIRECTION ( 'NONE',  ( -0.7071067811865460184, -0.6411907189250672934, 0.2981182013302067779 ) ) ;
#7440 = CARTESIAN_POINT ( 'NONE',  ( 9.799999999999998934, 20.69999999999999929, 13.44999999999999929 ) ) ;
#7441 = LINE ( 'NONE', #9002, #2851 ) ;
#7442 = VERTEX_POINT ( 'NONE', #5411 ) ;
#7443 = LINE ( 'NONE', #6694, #9505 ) ;
#7444 = CARTESIAN_POINT ( 'NONE',  ( 9.000000000000000000, 22.70000000000000284, 11.34403626200970017 ) ) ;
#7445 = ORIENTED_EDGE ( 'NONE', *, *, #6781, .F. ) ;
#7446 = PLANE ( 'NONE',  #3123 ) ;
#7447 = EDGE_CURVE ( 'NONE', #7988, #4805, #359, .T. ) ;
#7448 = EDGE_CURVE ( 'NONE', #2747, #78, #5630, .T. ) ;
#7449 = ADVANCED_FACE ( 'NONE', ( #2549 ), #1818, .T. ) ;
#7450 = DIRECTION ( 'NONE',  ( 0.7071067811865480168, 0.000000000000000000, -0.7071067811865470176 ) ) ;
#7451 = DIRECTION ( 'NONE',  ( 0.000000000000000000, 0.000000000000000000, 1.000000000000000000 ) ) ;
#7452 = DIRECTION ( 'NONE',  ( -1.000000000000000000, 0.000000000000000000, 0.000000000000000000 ) ) ;
#7453 = LINE ( 'NONE', #3107, #2088 ) ;
#7454 = CARTESIAN_POINT ( 'NONE',  ( 1.199999999999999956, 20.89999999999999858, 18.35000000000000142 ) ) ;
#7455 = ORIENTED_EDGE ( 'NONE', *, *, #6968, .T. ) ;
#7456 = PLANE ( 'NONE',  #1114 ) ;
#7457 = AXIS2_PLACEMENT_3D ( 'NONE', #2856, #1391, #8213 ) ;
#7458 = VERTEX_POINT ( 'NONE', #939 ) ;
#7459 = EDGE_CURVE ( 'NONE', #8263, #7577, #220, .T. ) ;
#7460 = VERTEX_POINT ( 'NONE', #451 ) ;
#7461 = AXIS2_PLACEMENT_3D ( 'NONE', #7539, #6891, #9195 ) ;
#7462 = CARTESIAN_POINT ( 'NONE',  ( 0.000000000000000000, -7.064943782258318095, -6.500000000000000000 ) ) ;
#7463 = CARTESIAN_POINT ( 'NONE',  ( 9.199999999999999289, 1.870828693386969999, -2.299999999999999822 ) ) ;
#7464 = DIRECTION ( 'NONE',  ( 1.000000000000000000, 0.000000000000000000, 0.000000000000000000 ) ) ;
#7465 = CARTESIAN_POINT ( 'NONE',  ( 9.099999999999999645, 24.10000000000000142, 25.88505464708130077 ) ) ;
#7466 = CARTESIAN_POINT ( 'NONE',  ( 0.000000000000000000, 12.69999999999999929, 26.63271332580049844 ) ) ;
#7467 = ORIENTED_EDGE ( 'NONE', *, *, #2585, .F. ) ;
#7468 = DIRECTION ( 'NONE',  ( 0.000000000000000000, 1.000000000000000000, 0.000000000000000000 ) ) ;
#7469 = EDGE_CURVE ( 'NONE', #5578, #5818, #7867, .T. ) ;
#7470 = DIRECTION ( 'NONE',  ( 0.000000000000000000, 0.9059677699816652829, 0.4233466661666869801 ) ) ;
#7471 = EDGE_LOOP ( 'NONE', ( #1508, #932, #326, #5435 ) ) ;
#7472 = FACE_OUTER_BOUND ( 'NONE', #6479, .T. ) ;
#7473 = DIRECTION ( 'NONE',  ( 0.000000000000000000, 0.9059677699816659491, -0.4233466661666858699 ) ) ;
#7474 = ORIENTED_EDGE ( 'NONE', *, *, #9121, .F. ) ;
#7475 = PLANE ( 'NONE',  #7970 ) ;
#7476 = EDGE_LOOP ( 'NONE', ( #9467, #4332, #2937, #7527 ) ) ;
#7477 = PLANE ( 'NONE',  #5000 ) ;
#7478 = AXIS2_PLACEMENT_3D ( 'NONE', #1587, #4550, #7543 ) ;
#7479 = ORIENTED_EDGE ( 'NONE', *, *, #8789, .T. ) ;
#7480 = CARTESIAN_POINT ( 'NONE',  ( 8.800000000000000711, 26.70000000000000284, 26.63271332580049844 ) ) ;
#7481 = EDGE_CURVE ( 'NONE', #1820, #6977, #7268, .T. ) ;
#7482 = ORIENTED_EDGE ( 'NONE', *, *, #1059, .F. ) ;
#7483 = CIRCLE ( 'NONE', #1871, 0.5999999999999998668 ) ;
#7484 = DIRECTION ( 'NONE',  ( 1.000000000000000000, 0.000000000000000000, 0.000000000000000000 ) ) ;
#7485 = CARTESIAN_POINT ( 'NONE',  ( 9.199999999999999289, -2.220446049250309925E-15, -3.000000000000000000 ) ) ;
#7486 = DIRECTION ( 'NONE',  ( -1.000000000000000000, -0.000000000000000000, -0.000000000000000000 ) ) ;
#7487 = ORIENTED_EDGE ( 'NONE', *, *, #3113, .F. ) ;
#7488 = DIRECTION ( 'NONE',  ( 0.7071067811865480168, 0.000000000000000000, -0.7071067811865470176 ) ) ;
#7489 = CARTESIAN_POINT ( 'NONE',  ( 9.199999999999999289, 3.153367578934190174, -3.017906349336580085 ) ) ;
#7490 = ORIENTED_EDGE ( 'NONE', *, *, #8242, .T. ) ;
#7491 = CARTESIAN_POINT ( 'NONE',  ( 3.799999999999999378, -20.00000000000000000, 1.700000000000002842 ) ) ;
#7492 = VECTOR ( 'NONE', #4213, 1000.000000000000000 ) ;
#7493 = DIRECTION ( 'NONE',  ( 0.4999999999999991118, -0.7071067811865483499, -0.4999999999999998335 ) ) ;
#7494 = EDGE_CURVE ( 'NONE', #1802, #7865, #4563, .T. ) ;
#7495 = VECTOR ( 'NONE', #9407, 1000.000000000000114 ) ;
#7496 = CONICAL_SURFACE ( 'NONE', #953, 3.200000000000001510, 0.7853981633974490562 ) ;
#7497 = EDGE_CURVE ( 'NONE', #6595, #7156, #7219, .T. ) ;
#7498 = CARTESIAN_POINT ( 'NONE',  ( 9.199999999999999289, 22.21790634933660158, 16.04663242106580157 ) ) ;
#7499 = FACE_OUTER_BOUND ( 'NONE', #2219, .T. ) ;
#7500 = VECTOR ( 'NONE', #7881, 1000.000000000000000 ) ;
#7501 = CARTESIAN_POINT ( 'NONE',  ( 9.199999999999999289, 8.776455982173240855, -4.269866240589329287 ) ) ;
#7502 = DIRECTION ( 'NONE',  ( -1.000000000000000000, 0.000000000000000000, 0.000000000000000000 ) ) ;
#7503 = EDGE_CURVE ( 'NONE', #4817, #6649, #2778, .T. ) ;
#7504 = DIRECTION ( 'NONE',  ( 0.000000000000000000, 0.000000000000000000, 1.000000000000000000 ) ) ;
#7505 = VERTEX_POINT ( 'NONE', #9512 ) ;
#7506 = CARTESIAN_POINT ( 'NONE',  ( 8.800000000000000711, 16.39289321881349792, -7.207106781186549682 ) ) ;
#7507 = ORIENTED_EDGE ( 'NONE', *, *, #2007, .T. ) ;
#7508 = EDGE_CURVE ( 'NONE', #3492, #8720, #4336, .T. ) ;
#7509 = MECHANICAL_DESIGN_GEOMETRIC_PRESENTATION_REPRESENTATION (  '', ( #2201 ), #4843 ) ;
#7510 = VECTOR ( 'NONE', #788, 1000.000000000000000 ) ;
#7511 = EDGE_LOOP ( 'NONE', ( #3303, #2745, #9179, #8538 ) ) ;
#7512 = DIRECTION ( 'NONE',  ( 0.000000000000000000, -0.8356006513277618453, 0.5493373749351305735 ) ) ;
#7513 = DIRECTION ( 'NONE',  ( 1.000000000000000000, 0.000000000000000000, 0.000000000000000000 ) ) ;
#7514 = DIRECTION ( 'NONE',  ( 1.000000000000000000, 0.000000000000000000, 0.000000000000000000 ) ) ;
#7515 = CYLINDRICAL_SURFACE ( 'NONE', #8632, 0.9999999999999998890 ) ;
#7516 = CARTESIAN_POINT ( 'NONE',  ( 1.000000000000000000, 7.485786437626910761, 7.500000000000000000 ) ) ;
#7517 = AXIS2_PLACEMENT_3D ( 'NONE', #9508, #7263, #1178 ) ;
#7518 = ORIENTED_EDGE ( 'NONE', *, *, #4623, .F. ) ;
#7519 = CARTESIAN_POINT ( 'NONE',  ( 0.000000000000000000, 19.19999999999999929, 22.60000000000000142 ) ) ;
#7520 = CARTESIAN_POINT ( 'NONE',  ( 4.799999999999999822, -3.237688125888199764, -3.199262484512959581 ) ) ;
#7521 = AXIS2_PLACEMENT_3D ( 'NONE', #8369, #2874, #4650 ) ;
#7522 = ORIENTED_EDGE ( 'NONE', *, *, #5438, .T. ) ;
#7523 = LINE ( 'NONE', #6676, #1453 ) ;
#7524 = EDGE_CURVE ( 'NONE', #5655, #9498, #2101, .T. ) ;
#7525 = DIRECTION ( 'NONE',  ( 0.000000000000000000, -0.9764170757445561621, -0.2158927840258903774 ) ) ;
#7526 = AXIS2_PLACEMENT_3D ( 'NONE', #6328, #7340, #3637 ) ;
#7527 = ORIENTED_EDGE ( 'NONE', *, *, #1607, .F. ) ;
#7528 = DIRECTION ( 'NONE',  ( 0.000000000000000000, 0.000000000000000000, 1.000000000000000000 ) ) ;
#7529 = VERTEX_POINT ( 'NONE', #9373 ) ;
#7530 = CARTESIAN_POINT ( 'NONE',  ( 1.000000000000014655, -25.51999999999984681, 4.529999999999937188 ) ) ;
#7531 = AXIS2_PLACEMENT_3D ( 'NONE', #7243, #569, #6403 ) ;
#7532 = EDGE_LOOP ( 'NONE', ( #5677, #7670, #4783, #3427 ) ) ;
#7533 = DIRECTION ( 'NONE',  ( 1.000000000000000000, 0.000000000000000000, -0.000000000000000000 ) ) ;
#7534 = AXIS2_PLACEMENT_3D ( 'NONE', #1972, #1333, #7326 ) ;
#7535 = AXIS2_PLACEMENT_3D ( 'NONE', #8541, #2495, #3182 ) ;
#7536 = ORIENTED_EDGE ( 'NONE', *, *, #4634, .F. ) ;
#7537 = VECTOR ( 'NONE', #3704, 1000.000000000000114 ) ;
#7538 = DIRECTION ( 'NONE',  ( -1.000000000000000000, -0.000000000000000000, -0.000000000000000000 ) ) ;
#7539 = CARTESIAN_POINT ( 'NONE',  ( 10.00000000000000000, 9.849999999999999645, 1.300000000000000044 ) ) ;
#7540 = ADVANCED_FACE ( 'NONE', ( #8648 ), #5800, .F. ) ;
#7541 = DIRECTION ( 'NONE',  ( 1.000000000000000000, 0.000000000000000000, 0.000000000000000000 ) ) ;
#7542 = VERTEX_POINT ( 'NONE', #1228 ) ;
#7543 = DIRECTION ( 'NONE',  ( 0.000000000000000000, 0.3826834323650906700, -0.9238795325112864054 ) ) ;
#7544 = FACE_OUTER_BOUND ( 'NONE', #2242, .T. ) ;
#7545 = VERTEX_POINT ( 'NONE', #3554 ) ;
#7546 = AXIS2_PLACEMENT_3D ( 'NONE', #8795, #3514, #7172 ) ;
#7547 = DIRECTION ( 'NONE',  ( 0.7071067811865476838, -0.4536480327727559492, -0.5424052565761217082 ) ) ;
#7548 = VECTOR ( 'NONE', #8433, 1000.000000000000114 ) ;
#7549 = CARTESIAN_POINT ( 'NONE',  ( 1.399999999999999911, -22.47184141886165420, -1.699999999999998179 ) ) ;
#7550 = AXIS2_PLACEMENT_3D ( 'NONE', #4181, #1217, #5739 ) ;
#7551 = LINE ( 'NONE', #6758, #6407 ) ;
#7552 = DIRECTION ( 'NONE',  ( 1.000000000000000000, 0.000000000000000000, 0.000000000000000000 ) ) ;
#7553 = EDGE_CURVE ( 'NONE', #2777, #3192, #8735, .T. ) ;
#7554 = CARTESIAN_POINT ( 'NONE',  ( 9.000000000000000000, 0.000000000000000000, 0.000000000000000000 ) ) ;
#7555 = CARTESIAN_POINT ( 'NONE',  ( 9.199999999999999289, 18.70000000000000284, 21.85329983228429995 ) ) ;
#7556 = DIRECTION ( 'NONE',  ( -1.000000000000000000, 0.000000000000000000, 0.000000000000000000 ) ) ;
#7557 = VERTEX_POINT ( 'NONE', #6484 ) ;
#7558 = DIRECTION ( 'NONE',  ( 0.000000000000000000, -0.4233466661666823727, -0.9059677699816675034 ) ) ;
#7559 = CONICAL_SURFACE ( 'NONE', #8958, 1.100000000000000533, 0.7853981633974476129 ) ;
#7560 = VERTEX_POINT ( 'NONE', #4190 ) ;
#7561 = DIRECTION ( 'NONE',  ( -1.000000000000000000, 0.000000000000000000, 0.000000000000000000 ) ) ;
#7562 = EDGE_CURVE ( 'NONE', #5312, #862, #1915, .T. ) ;
#7563 = PLANE ( 'NONE',  #71 ) ;
#7564 = LINE ( 'NONE', #1512, #2320 ) ;
#7565 = LINE ( 'NONE', #6774, #5335 ) ;
#7566 = CARTESIAN_POINT ( 'NONE',  ( 9.799999999999998934, 3.700000000000000178, -0.9000000000000000222 ) ) ;
#7567 = ORIENTED_EDGE ( 'NONE', *, *, #1027, .T. ) ;
#7568 = EDGE_CURVE ( 'NONE', #3819, #8595, #5032, .T. ) ;
#7569 = DIRECTION ( 'NONE',  ( 0.7071067811865472397, -0.5000000000000002220, 0.5000000000000002220 ) ) ;
#7570 = ADVANCED_FACE ( 'NONE', ( #550 ), #1156, .F. ) ;
#7571 = AXIS2_PLACEMENT_3D ( 'NONE', #9271, #3934, #5352 ) ;
#7572 = CARTESIAN_POINT ( 'NONE',  ( 1.000000000000000000, 7.868469869992001264, 7.576120467488714816 ) ) ;
#7573 = EDGE_LOOP ( 'NONE', ( #2350, #706, #6343, #8070 ) ) ;
#7574 = ADVANCED_FACE ( 'NONE', ( #5019 ), #2397, .F. ) ;
#7575 = DIRECTION ( 'NONE',  ( 0.7071067811865471286, 0.4536480327727561157, -0.5424052565761221523 ) ) ;
#7576 = CARTESIAN_POINT ( 'NONE',  ( 9.000000000000000000, 21.69999999999999929, 17.32917130661299865 ) ) ;
#7577 = VERTEX_POINT ( 'NONE', #6340 ) ;
#7578 = CARTESIAN_POINT ( 'NONE',  ( 9.839083842724294371, -17.00564325682535483, 1.594356743174650370 ) ) ;
#7579 = ORIENTED_EDGE ( 'NONE', *, *, #3782, .T. ) ;
#7580 = DIRECTION ( 'NONE',  ( 0.000000000000000000, 0.000000000000000000, -1.000000000000000000 ) ) ;
#7581 = EDGE_LOOP ( 'NONE', ( #250, #7042, #385, #8349 ) ) ;
#7582 = CARTESIAN_POINT ( 'NONE',  ( 0.2000000000000000111, 19.19999999999999929, 15.99999999999999645 ) ) ;
#7583 = AXIS2_PLACEMENT_3D ( 'NONE', #8630, #4176, #7207 ) ;
#7584 = ORIENTED_EDGE ( 'NONE', *, *, #3150, .T. ) ;
#7585 = CARTESIAN_POINT ( 'NONE',  ( 1.000000000000000000, 7.485786437626910761, 7.500000000000000000 ) ) ;
#7586 = LINE ( 'NONE', #8258, #6665 ) ;
#7587 = DIRECTION ( 'NONE',  ( -1.000000000000000000, 0.000000000000000000, 0.000000000000000000 ) ) ;
#7588 = VERTEX_POINT ( 'NONE', #6527 ) ;
#7589 = CARTESIAN_POINT ( 'NONE',  ( 9.192858448906157776, 2.560451229361956127, 1.100000000000002753 ) ) ;
#7590 = FACE_OUTER_BOUND ( 'NONE', #5076, .T. ) ;
#7591 = ORIENTED_EDGE ( 'NONE', *, *, #933, .T. ) ;
#7592 = DIRECTION ( 'NONE',  ( -0.7071067811865470176, -0.7071067811865480168, -3.140184917367549840E-16 ) ) ;
#7593 = CONICAL_SURFACE ( 'NONE', #2451, 0.7999999999999998224, 0.7853981633974476129 ) ;
#7594 = DIRECTION ( 'NONE',  ( 0.7071067811865474617, 0.7071067811865444641, -6.521420659125894475E-08 ) ) ;
#7595 = EDGE_CURVE ( 'NONE', #9123, #6040, #1962, .T. ) ;
#7596 = PLANE ( 'NONE',  #5944 ) ;
#7597 = DIRECTION ( 'NONE',  ( 1.000000000000000000, 0.000000000000000000, 0.000000000000000000 ) ) ;
#7598 = AXIS2_PLACEMENT_3D ( 'NONE', #6905, #6952, #9259 ) ;
#7599 = DIRECTION ( 'NONE',  ( -1.000000000000000000, 0.000000000000000000, 0.000000000000000000 ) ) ;
#7600 = DIRECTION ( 'NONE',  ( 0.000000000000000000, -1.740474414014739839E-13, -1.000000000000000000 ) ) ;
#7601 = DIRECTION ( 'NONE',  ( 1.000000000000000000, 0.000000000000000000, 0.000000000000000000 ) ) ;
#7602 = ORIENTED_EDGE ( 'NONE', *, *, #1846, .F. ) ;
#7603 = CYLINDRICAL_SURFACE ( 'NONE', #3892, 1.000000000000000222 ) ;
#7604 = EDGE_CURVE ( 'NONE', #4647, #3095, #498, .T. ) ;
#7605 = ORIENTED_EDGE ( 'NONE', *, *, #9379, .F. ) ;
#7606 = DIRECTION ( 'NONE',  ( -1.000000000000000000, 0.000000000000000000, 0.000000000000000000 ) ) ;
#7607 = CARTESIAN_POINT ( 'NONE',  ( 0.000000000000000000, -4.110443722486794016, 6.500000000000000000 ) ) ;
#7608 = CARTESIAN_POINT ( 'NONE',  ( 3.799999999999999822, 17.56306015393419884, 30.70000000000000284 ) ) ;
#7609 = CARTESIAN_POINT ( 'NONE',  ( 9.199999999999999289, 22.70000000000000284, 11.34403626200970017 ) ) ;
#7610 = AXIS2_PLACEMENT_3D ( 'NONE', #8114, #85, #6553 ) ;
#7611 = CARTESIAN_POINT ( 'NONE',  ( 9.199999999999999289, 21.50000000000000000, 11.34403626200970017 ) ) ;
#7612 = EDGE_CURVE ( 'NONE', #4824, #6008, #9425, .T. ) ;
#7613 = B_SPLINE_CURVE_WITH_KNOTS ( 'NONE', 3,
 ( #8814, #5084, #8069, #1392 ),
 .UNSPECIFIED., .F., .F.,
 ( 4, 4 ),
 ( 0.0005234865509317968013, 0.0006157845605455173092 ),
 .UNSPECIFIED. ) ;
#7614 = VERTEX_POINT ( 'NONE', #8690 ) ;
#7615 = CARTESIAN_POINT ( 'NONE',  ( 9.000000000000000000, 23.34155520049110066, 10.57695939185719958 ) ) ;
#7616 = ORIENTED_EDGE ( 'NONE', *, *, #8752, .F. ) ;
#7617 = EDGE_CURVE ( 'NONE', #1970, #1, #2880, .T. ) ;
#7618 = VECTOR ( 'NONE', #954, 1000.000000000000000 ) ;
#7619 = DIRECTION ( 'NONE',  ( 0.000000000000000000, 0.5493373725205369373, 0.8356006529151547291 ) ) ;
#7620 = ORIENTED_EDGE ( 'NONE', *, *, #6937, .F. ) ;
#7621 = DIRECTION ( 'NONE',  ( 0.000000000000000000, 0.3826834323650899483, -0.9238795325112867385 ) ) ;
#7622 = ADVANCED_FACE ( 'NONE', ( #5151 ), #6667, .F. ) ;
#7623 = CARTESIAN_POINT ( 'NONE',  ( 9.000000000000000000, -2.993965304395110216, -3.359489805919690042 ) ) ;
#7624 = ORIENTED_EDGE ( 'NONE', *, *, #7320, .T. ) ;
#7625 = SURFACE_SIDE_STYLE ('',( #7114 ) ) ;
#7626 = AXIS2_PLACEMENT_3D ( 'NONE', #9273, #4808, #4082 ) ;
#7627 = ORIENTED_EDGE ( 'NONE', *, *, #242, .T. ) ;
#7628 = CARTESIAN_POINT ( 'NONE',  ( 3.600000000000000089, 10.69999999999999929, 11.71421356237310007 ) ) ;
#7629 = ORIENTED_EDGE ( 'NONE', *, *, #9619, .F. ) ;
#7630 = EDGE_CURVE ( 'NONE', #4233, #1890, #4719, .T. ) ;
#7631 = ORIENTED_EDGE ( 'NONE', *, *, #6063, .T. ) ;
#7632 = CYLINDRICAL_SURFACE ( 'NONE', #8929, 2.999999999999999112 ) ;
#7633 = DIRECTION ( 'NONE',  ( 0.7071067811865477948, -0.1526592522813611241, 0.6904311353733225687 ) ) ;
#7634 = LINE ( 'NONE', #5376, #7053 ) ;
#7635 = CIRCLE ( 'NONE', #6684, 22.09999999999998010 ) ;
#7636 = ORIENTED_EDGE ( 'NONE', *, *, #216, .T. ) ;
#7637 = DIRECTION ( 'NONE',  ( 0.000000000000000000, 0.000000000000000000, -1.000000000000000000 ) ) ;
#7638 = DIRECTION ( 'NONE',  ( -0.7071067811865473507, 8.659560562354936556E-17, -0.7071067811865477948 ) ) ;
#7639 = VERTEX_POINT ( 'NONE', #8140 ) ;
#7640 = CARTESIAN_POINT ( 'NONE',  ( 0.000000000000000000, 17.56306015393419884, 30.70000000000000284 ) ) ;
#7641 = CYLINDRICAL_SURFACE ( 'NONE', #1293, 0.9999999999999998890 ) ;
#7642 = AXIS2_PLACEMENT_3D ( 'NONE', #1426, #5161, #7470 ) ;
#7643 = LINE ( 'NONE', #6702, #6256 ) ;
#7644 = CARTESIAN_POINT ( 'NONE',  ( 9.799999999999998934, 3.100000000000000089, -0.8999999856759480776 ) ) ;
#7645 = EDGE_LOOP ( 'NONE', ( #653, #7840, #4792, #8495 ) ) ;
#7646 = CARTESIAN_POINT ( 'NONE',  ( 9.099999999999999645, 19.19999999999999929, 19.19999999999999929 ) ) ;
#7647 = VECTOR ( 'NONE', #7705, 1000.000000000000227 ) ;
#7648 = FACE_OUTER_BOUND ( 'NONE', #5395, .T. ) ;
#7649 = CARTESIAN_POINT ( 'NONE',  ( 0.000000000000000000, 12.54775906502257321, 10.94884669764292084 ) ) ;
#7650 = ADVANCED_FACE ( 'NONE', ( #1511 ), #3183, .T. ) ;
#7651 = EDGE_LOOP ( 'NONE', ( #2033, #9153, #7419, #9464 ) ) ;
#7652 = DIRECTION ( 'NONE',  ( 0.7071067811865470176, -0.2413105519074907890, 0.6646572180741761038 ) ) ;
#7653 = VECTOR ( 'NONE', #7652, 999.9999999999998863 ) ;
#7654 = CONICAL_SURFACE ( 'NONE', #5452, 0.4000000000000001887, 0.7853981633974476129 ) ;
#7655 = VECTOR ( 'NONE', #6257, 1000.000000000000000 ) ;
#7656 = EDGE_LOOP ( 'NONE', ( #7719, #2908, #1245, #1188 ) ) ;
#7657 = CONICAL_SURFACE ( 'NONE', #4061, 2.999999999999999112, 0.7853981633974520538 ) ;
#7658 = CARTESIAN_POINT ( 'NONE',  ( 9.000000000000000000, 21.69999999999999929, 14.23723547529430000 ) ) ;
#7659 = FACE_OUTER_BOUND ( 'NONE', #6953, .T. ) ;
#7660 = DIRECTION ( 'NONE',  ( 1.000000000000000000, 0.000000000000000000, 0.000000000000000000 ) ) ;
#7661 = CARTESIAN_POINT ( 'NONE',  ( 8.800000000000000711, 17.69999999999999929, 13.25000000000000000 ) ) ;
#7662 = DIRECTION ( 'NONE',  ( 0.000000000000000000, 0.9238795325112868495, -0.3826834323650895042 ) ) ;
#7663 = EDGE_CURVE ( 'NONE', #2651, #4099, #9611, .T. ) ;
#7664 = ORIENTED_EDGE ( 'NONE', *, *, #392, .F. ) ;
#7665 = DIRECTION ( 'NONE',  ( 0.000000000000000000, 1.000000000000000000, 4.440892098500630106E-16 ) ) ;
#7666 = AXIS2_PLACEMENT_3D ( 'NONE', #1527, #3815, #4539 ) ;
#7667 = EDGE_LOOP ( 'NONE', ( #2105, #1698, #9531, #3308, #511 ) ) ;
#7668 = DIRECTION ( 'NONE',  ( 0.7071067811865453523, 0.4536480327727601680, 0.5424052565761211531 ) ) ;
#7669 = CIRCLE ( 'NONE', #1283, 2.999999999999999112 ) ;
#7670 = ORIENTED_EDGE ( 'NONE', *, *, #8697, .T. ) ;
#7671 = VECTOR ( 'NONE', #3754, 1000.000000000000000 ) ;
#7672 = PLANE ( 'NONE',  #1456 ) ;
#7673 = DIRECTION ( 'NONE',  ( -0.000000000000000000, -0.000000000000000000, -1.000000000000000000 ) ) ;
#7674 = ADVANCED_FACE ( 'NONE', ( #5895 ), #4474, .F. ) ;
#7675 = ORIENTED_EDGE ( 'NONE', *, *, #4883, .T. ) ;
#7676 = ORIENTED_EDGE ( 'NONE', *, *, #3829, .F. ) ;
#7677 = CARTESIAN_POINT ( 'NONE',  ( 0.000000000000000000, -3.700000000000000178, -0.9000000000000000222 ) ) ;
#7678 = AXIS2_PLACEMENT_3D ( 'NONE', #2757, #9398, #7338 ) ;
#7679 = ORIENTED_EDGE ( 'NONE', *, *, #6680, .F. ) ;
#7680 = AXIS2_PLACEMENT_3D ( 'NONE', #4959, #1318, #2731 ) ;
#7681 = EDGE_LOOP ( 'NONE', ( #6986, #2697, #4254, #1760, #2554, #4797, #5369, #1210, #3317, #26, #8129, #9106, #7894, #4581, #2968, #2016, #4001 ) ) ;
#7682 = CARTESIAN_POINT ( 'NONE',  ( 3.799999999999999822, 17.73431457505069986, 31.30000000000000071 ) ) ;
#7683 = AXIS2_PLACEMENT_3D ( 'NONE', #8989, #852, #1623 ) ;
#7684 = LINE ( 'NONE', #1781, #2939 ) ;
#7685 = DIRECTION ( 'NONE',  ( 0.000000000000000000, 0.9059677699816669483, 0.4233466661666838160 ) ) ;
#7686 = EDGE_CURVE ( 'NONE', #9127, #1734, #57, .T. ) ;
#7687 = AXIS2_PLACEMENT_3D ( 'NONE', #3817, #3088, #6062 ) ;
#7688 = VERTEX_POINT ( 'NONE', #5943 ) ;
#7689 = FACE_OUTER_BOUND ( 'NONE', #8064, .T. ) ;
#7690 = FACE_OUTER_BOUND ( 'NONE', #4531, .T. ) ;
#7691 = ORIENTED_EDGE ( 'NONE', *, *, #3732, .F. ) ;
#7692 = CARTESIAN_POINT ( 'NONE',  ( 1.399999999999999911, 17.50000000000029843, 20.89999999999999858 ) ) ;
#7693 = ORIENTED_EDGE ( 'NONE', *, *, #365, .T. ) ;
#7694 = CARTESIAN_POINT ( 'NONE',  ( 1.400000000000000133, -20.00000000000000000, 2.449293598294706513E-15 ) ) ;
#7695 = EDGE_CURVE ( 'NONE', #4087, #7557, #4575, .T. ) ;
#7696 = CIRCLE ( 'NONE', #7218, 0.9999999999999998890 ) ;
#7697 = CIRCLE ( 'NONE', #997, 0.9999999999999998890 ) ;
#7698 = CIRCLE ( 'NONE', #5665, 0.6000000000000003109 ) ;
#7699 = EDGE_CURVE ( 'NONE', #7028, #5555, #2190, .T. ) ;
#7700 = DIRECTION ( 'NONE',  ( 0.000000000000000000, -0.9059677699816659491, 0.4233466661666858699 ) ) ;
#7701 = FACE_OUTER_BOUND ( 'NONE', #8430, .T. ) ;
#7702 = VERTEX_POINT ( 'NONE', #7415 ) ;
#7703 = VECTOR ( 'NONE', #2441, 1000.000000000000000 ) ;
#7704 = DIRECTION ( 'NONE',  ( 0.000000000000000000, 2.220446049250309876E-16, -1.000000000000000000 ) ) ;
#7705 = DIRECTION ( 'NONE',  ( 0.000000000000000000, 0.7670768701524094402, 0.6415552004911063699 ) ) ;
#7706 = VECTOR ( 'NONE', #8969, 1000.000000000000000 ) ;
#7707 = CARTESIAN_POINT ( 'NONE',  ( 1.399999999999999911, -18.30000000000000426, -1.699999999999997957 ) ) ;
#7708 = ORIENTED_EDGE ( 'NONE', *, *, #1365, .T. ) ;
#7709 = FACE_OUTER_BOUND ( 'NONE', #4257, .T. ) ;
#7710 = AXIS2_PLACEMENT_3D ( 'NONE', #9614, #9028, #5899 ) ;
#7711 = VERTEX_POINT ( 'NONE', #741 ) ;
#7712 = CARTESIAN_POINT ( 'NONE',  ( 9.799999999999998934, 18.30000000000000071, 22.30000000000000071 ) ) ;
#7713 = DIRECTION ( 'NONE',  ( 1.000000000000000000, 0.000000000000000000, 0.000000000000000000 ) ) ;
#7714 = CARTESIAN_POINT ( 'NONE',  ( 0.000000000000000000, 19.19999990063480055, 20.89999999999999858 ) ) ;
#7715 = DIRECTION ( 'NONE',  ( 0.000000000000000000, 0.9238795325112875156, -0.3826834323650878944 ) ) ;
#7716 = DIRECTION ( 'NONE',  ( 0.000000000000000000, 1.000000000000000000, -1.674250355192519929E-13 ) ) ;
#7717 = ORIENTED_EDGE ( 'NONE', *, *, #5410, .F. ) ;
#7718 = DIRECTION ( 'NONE',  ( -0.7071067811865470176, 0.7071067811865480168, 3.140184917367550826E-16 ) ) ;
#7719 = ORIENTED_EDGE ( 'NONE', *, *, #2787, .T. ) ;
#7720 = EDGE_CURVE ( 'NONE', #164, #5920, #239, .T. ) ;
#7721 = AXIS2_PLACEMENT_3D ( 'NONE', #9266, #1209, #5581 ) ;
#7722 = DIRECTION ( 'NONE',  ( 0.000000000000000000, 1.000000000000000000, 0.000000000000000000 ) ) ;
#7723 = EDGE_LOOP ( 'NONE', ( #4635, #7831, #4147, #8347 ) ) ;
#7724 = CARTESIAN_POINT ( 'NONE',  ( 8.800000000000000711, 19.19999999999999929, 19.19999999999999929 ) ) ;
#7725 = DIRECTION ( 'NONE',  ( -1.000000000000000000, 0.000000000000000000, 0.000000000000000000 ) ) ;
#7726 = ORIENTED_EDGE ( 'NONE', *, *, #2669, .T. ) ;
#7727 = ORIENTED_EDGE ( 'NONE', *, *, #5465, .F. ) ;
#7728 = CARTESIAN_POINT ( 'NONE',  ( 4.799999999999999822, 19.19999999999999929, 19.19999999999999929 ) ) ;
#7729 = ORIENTED_EDGE ( 'NONE', *, *, #5632, .F. ) ;
#7730 = CONICAL_SURFACE ( 'NONE', #3968, 1.100000000000000755, 0.7853981633974469467 ) ;
#7731 = EDGE_CURVE ( 'NONE', #1717, #5818, #3702, .T. ) ;
#7732 = EDGE_LOOP ( 'NONE', ( #6946, #6948, #905, #1252 ) ) ;
#7733 = DIRECTION ( 'NONE',  ( 0.7071067811865475727, 0.000000000000000000, 0.7071067811865475727 ) ) ;
#7734 = CARTESIAN_POINT ( 'NONE',  ( 1.600000000000000089, 19.19999990063480055, 20.89999999999999858 ) ) ;
#7735 = AXIS2_PLACEMENT_3D ( 'NONE', #7255, #4322, #582 ) ;
#7736 = DIRECTION ( 'NONE',  ( -0.000000000000000000, -0.000000000000000000, -1.000000000000000000 ) ) ;
#7737 = EDGE_LOOP ( 'NONE', ( #4687, #3125, #9241, #8197 ) ) ;
#7738 = LINE ( 'NONE', #4602, #4514 ) ;
#7739 = DIRECTION ( 'NONE',  ( 0.000000000000000000, -1.000000000000000000, 0.000000000000000000 ) ) ;
#7740 = ORIENTED_EDGE ( 'NONE', *, *, #3388, .F. ) ;
#7741 = CARTESIAN_POINT ( 'NONE',  ( 8.800000000000000711, 15.68578643762690028, -7.500000000000000000 ) ) ;
#7742 = ADVANCED_FACE ( 'NONE', ( #3069 ), #3747, .T. ) ;
#7743 = VERTEX_POINT ( 'NONE', #6717 ) ;
#7744 = CARTESIAN_POINT ( 'NONE',  ( 0.000000000000000000, 3.700000000000000178, -1.500000000000000000 ) ) ;
#7745 = EDGE_CURVE ( 'NONE', #6224, #3641, #8236, .T. ) ;
#7746 = LINE ( 'NONE', #9345, #6718 ) ;
#7747 = LINE ( 'NONE', #5532, #130 ) ;
#7748 = ADVANCED_FACE ( 'NONE', ( #3603 ), #3335, .F. ) ;
#7749 = ORIENTED_EDGE ( 'NONE', *, *, #8232, .T. ) ;
#7750 = LINE ( 'NONE', #1841, #3436 ) ;
#7751 = LINE ( 'NONE', #2577, #3280 ) ;
#7752 = CARTESIAN_POINT ( 'NONE',  ( 8.800000000000000711, 18.88518518518520040, 20.87059619069750127 ) ) ;
#7753 = ORIENTED_EDGE ( 'NONE', *, *, #6968, .F. ) ;
#7754 = LINE ( 'NONE', #6324, #3435 ) ;
#7755 = EDGE_CURVE ( 'NONE', #6730, #4259, #1624, .T. ) ;
#7756 = EDGE_CURVE ( 'NONE', #8694, #4487, #9410, .T. ) ;
#7757 = EDGE_LOOP ( 'NONE', ( #2119, #8305, #2941, #2472 ) ) ;
#7758 = CARTESIAN_POINT ( 'NONE',  ( 8.800000000000002487, -47.45966712883356564, 1.500000000000000000 ) ) ;
#7759 = LINE ( 'NONE', #1073, #7703 ) ;
#7760 = DIRECTION ( 'NONE',  ( 0.000000000000000000, 0.9059677699816669483, 0.4233466661666838160 ) ) ;
#7761 = DIRECTION ( 'NONE',  ( 0.000000000000000000, 0.000000000000000000, -1.000000000000000000 ) ) ;
#7762 = CARTESIAN_POINT ( 'NONE',  ( 0.000000000000000000, 20.89999999999960067, 16.72815858113710163 ) ) ;
#7763 = EDGE_CURVE ( 'NONE', #7381, #2330, #8286, .T. ) ;
#7764 = ORIENTED_EDGE ( 'NONE', *, *, #3084, .T. ) ;
#7765 = LINE ( 'NONE', #9278, #2213 ) ;
#7766 = ORIENTED_EDGE ( 'NONE', *, *, #1847, .F. ) ;
#7767 = LINE ( 'NONE', #9233, #2032 ) ;
#7768 = VERTEX_POINT ( 'NONE', #205 ) ;
#7769 = CARTESIAN_POINT ( 'NONE',  ( 1.199999999999999956, -18.30000000000000071, -2.471841418861651540 ) ) ;
#7770 = CARTESIAN_POINT ( 'NONE',  ( 1.399999999999999911, -21.69999999999999929, -2.471841418861651540 ) ) ;
#7771 = EDGE_LOOP ( 'NONE', ( #996, #3245, #7522, #4779 ) ) ;
#7772 = EDGE_CURVE ( 'NONE', #7067, #4998, #3310, .T. ) ;
#7773 = EDGE_CURVE ( 'NONE', #1820, #525, #5979, .T. ) ;
#7774 = ORIENTED_EDGE ( 'NONE', *, *, #1833, .T. ) ;
#7775 = CARTESIAN_POINT ( 'NONE',  ( 1.600000000000000755, -22.47184141886165420, -1.699999999999999734 ) ) ;
#7776 = ORIENTED_EDGE ( 'NONE', *, *, #7147, .T. ) ;
#7777 = AXIS2_PLACEMENT_3D ( 'NONE', #5374, #277, #4744 ) ;
#7778 = ORIENTED_EDGE ( 'NONE', *, *, #3380, .F. ) ;
#7779 = DIRECTION ( 'NONE',  ( 0.6785983445458468877, -0.6785983445458468877, 0.2810846377148205621 ) ) ;
#7780 = DIRECTION ( 'NONE',  ( 0.000000000000000000, 0.3826834323650899483, -0.9238795325112867385 ) ) ;
#7781 = ORIENTED_EDGE ( 'NONE', *, *, #7143, .F. ) ;
#7782 = CARTESIAN_POINT ( 'NONE',  ( 9.199999999999999289, 7.969224922273371092, -5.235033812208740756 ) ) ;
#7783 = EDGE_CURVE ( 'NONE', #1047, #6823, #1002, .T. ) ;
#7784 = ORIENTED_EDGE ( 'NONE', *, *, #6648, .T. ) ;
#7785 = DIRECTION ( 'NONE',  ( 0.7071067811865477948, -0.4536480327727568373, 0.5424052565761208200 ) ) ;
#7786 = ORIENTED_EDGE ( 'NONE', *, *, #9618, .F. ) ;
#7787 = DIRECTION ( 'NONE',  ( -1.000000000000000000, 0.000000000000000000, 0.000000000000000000 ) ) ;
#7788 = AXIS2_PLACEMENT_3D ( 'NONE', #1394, #4360, #8466 ) ;
#7789 = LINE ( 'NONE', #1104, #9087 ) ;
#7790 = FACE_OUTER_BOUND ( 'NONE', #8054, .T. ) ;
#7791 = ORIENTED_EDGE ( 'NONE', *, *, #124, .T. ) ;
#7792 = CARTESIAN_POINT ( 'NONE',  ( 3.799999999999999822, 8.021543242938037110, 7.206568654484199143 ) ) ;
#7793 = DIRECTION ( 'NONE',  ( 0.000000000000000000, -2.220446049250309876E-16, 1.000000000000000000 ) ) ;
#7794 = PLANE ( 'NONE',  #867 ) ;
#7795 = EDGE_CURVE ( 'NONE', #4195, #2169, #1778, .T. ) ;
#7796 = ORIENTED_EDGE ( 'NONE', *, *, #6622, .F. ) ;
#7797 = LINE ( 'NONE', #8528, #951 ) ;
#7798 = VECTOR ( 'NONE', #5304, 1000.000000000000114 ) ;
#7799 = EDGE_CURVE ( 'NONE', #574, #7577, #7228, .T. ) ;
#7800 = ORIENTED_EDGE ( 'NONE', *, *, #5570, .F. ) ;
#7801 = DIRECTION ( 'NONE',  ( 0.000000000000000000, 0.3826834323650899483, -0.9238795325112867385 ) ) ;
#7802 = AXIS2_PLACEMENT_3D ( 'NONE', #6801, #7592, #872 ) ;
#7803 = DIRECTION ( 'NONE',  ( 1.000000000000000000, 0.000000000000000000, 0.000000000000000000 ) ) ;
#7804 = CARTESIAN_POINT ( 'NONE',  ( 9.000000000000000000, -3.659290927594020193, -4.106043096124059488 ) ) ;
#7805 = CARTESIAN_POINT ( 'NONE',  ( 10.00000000000000000, 12.30000000000000071, -0.4499999880799009921 ) ) ;
#7806 = CARTESIAN_POINT ( 'NONE',  ( 0.000000000000000000, -7.064943782258318095, -6.500000000000000000 ) ) ;
#7807 = EDGE_CURVE ( 'NONE', #1319, #568, #1796, .T. ) ;
#7808 = DIRECTION ( 'NONE',  ( 0.000000000000000000, 0.4216028035114510186, -0.9067806107715828956 ) ) ;
#7809 = ORIENTED_EDGE ( 'NONE', *, *, #8640, .T. ) ;
#7810 = DIRECTION ( 'NONE',  ( 0.000000000000000000, 0.000000000000000000, -1.000000000000000000 ) ) ;
#7811 = CIRCLE ( 'NONE', #636, 0.2000000000000102807 ) ;
#7812 = EDGE_LOOP ( 'NONE', ( #518, #8952, #2284, #3239, #6012 ) ) ;
#7813 = EDGE_CURVE ( 'NONE', #2616, #9267, #4722, .T. ) ;
#7814 = AXIS2_PLACEMENT_3D ( 'NONE', #2768, #6471, #4911 ) ;
#7815 = CARTESIAN_POINT ( 'NONE',  ( 8.800000000000000711, 17.69999999999999929, 22.89999999999999858 ) ) ;
#7816 = ORIENTED_EDGE ( 'NONE', *, *, #3847, .F. ) ;
#7817 = DIRECTION ( 'NONE',  ( 0.000000000000000000, 1.000000000000000000, 0.000000000000000000 ) ) ;
#7818 = CIRCLE ( 'NONE', #1886, 0.6000000000000015321 ) ;
#7819 = LINE ( 'NONE', #2452, #7852 ) ;
#7820 = AXIS2_PLACEMENT_3D ( 'NONE', #5569, #1099, #2569 ) ;
#7821 = ORIENTED_EDGE ( 'NONE', *, *, #4279, .T. ) ;
#7822 = EDGE_LOOP ( 'NONE', ( #263, #2498, #6611, #5421, #2130 ) ) ;
#7823 = DIRECTION ( 'NONE',  ( 0.000000000000000000, 1.000000000000000000, 0.000000000000000000 ) ) ;
#7824 = VERTEX_POINT ( 'NONE', #5353 ) ;
#7825 = CONICAL_SURFACE ( 'NONE', #501, 0.8000000000000010436, 0.7853981633974476129 ) ;
#7826 = EDGE_LOOP ( 'NONE', ( #1685, #4054, #3552, #5551, #65, #6323, #3276, #2516, #3231, #2567, #2285, #2620, #1154, #3445, #8478, #5424, #714, #6397, #3869, #6607, #6052, #8600, #1855, #2693 ) ) ;
#7827 = CARTESIAN_POINT ( 'NONE',  ( 1.600000000000000089, 19.19999993152930173, 17.50000000000000000 ) ) ;
#7828 = CARTESIAN_POINT ( 'NONE',  ( 9.799999999999998934, 18.30000000000000071, 22.30000000000000071 ) ) ;
#7829 = EDGE_LOOP ( 'NONE', ( #8658, #2488, #161, #4211 ) ) ;
#7830 = DIRECTION ( 'NONE',  ( 1.000000000000000000, 0.000000000000000000, 0.000000000000000000 ) ) ;
#7831 = ORIENTED_EDGE ( 'NONE', *, *, #9600, .F. ) ;
#7832 = FACE_OUTER_BOUND ( 'NONE', #4585, .T. ) ;
#7833 = CONICAL_SURFACE ( 'NONE', #6875, 1.099999999999999645, 0.7853981633974476129 ) ;
#7834 = ORIENTED_EDGE ( 'NONE', *, *, #8760, .F. ) ;
#7835 = DIRECTION ( 'NONE',  ( 0.000000000000000000, 4.440892098500630106E-16, -1.000000000000000000 ) ) ;
#7836 = VECTOR ( 'NONE', #6552, 1000.000000000000000 ) ;
#7837 = ADVANCED_FACE ( 'NONE', ( #7659 ), #7563, .F. ) ;
#7838 = CARTESIAN_POINT ( 'NONE',  ( 9.799999999999998934, -3.700000000000000178, 1.500000000000000000 ) ) ;
#7839 = DIRECTION ( 'NONE',  ( 0.000000000000000000, 0.3412646552513079468, 0.9399672521296716932 ) ) ;
#7840 = ORIENTED_EDGE ( 'NONE', *, *, #216, .F. ) ;
#7841 = DIRECTION ( 'NONE',  ( 0.000000000000000000, -1.000000000000000000, 0.000000000000000000 ) ) ;
#7842 = CARTESIAN_POINT ( 'NONE',  ( 1.600000000000000089, -22.47184141886165420, -1.699999999999998179 ) ) ;
#7843 = DIRECTION ( 'NONE',  ( 1.000000000000000000, 0.000000000000000000, 0.000000000000000000 ) ) ;
#7844 = ORIENTED_EDGE ( 'NONE', *, *, #3837, .F. ) ;
#7845 = AXIS2_PLACEMENT_3D ( 'NONE', #563, #8015, #7385 ) ;
#7846 = CARTESIAN_POINT ( 'NONE',  ( 9.799999999999998934, -17.10000000000000497, 1.500000000000000000 ) ) ;
#7847 = CIRCLE ( 'NONE', #8137, 2.999999999999999112 ) ;
#7848 = CIRCLE ( 'NONE', #1149, 22.49999999999999289 ) ;
#7849 = EDGE_CURVE ( 'NONE', #118, #7242, #3884, .T. ) ;
#7850 = EDGE_CURVE ( 'NONE', #5265, #8874, #6965, .T. ) ;
#7851 = ORIENTED_EDGE ( 'NONE', *, *, #9245, .T. ) ;
#7852 = VECTOR ( 'NONE', #6195, 1000.000000000000000 ) ;
#7853 = LINE ( 'NONE', #1171, #2598 ) ;
#7854 = LINE ( 'NONE', #1172, #6422 ) ;
#7855 = CARTESIAN_POINT ( 'NONE',  ( 1.199999999999999956, 0.000000000000000000, 0.000000000000000000 ) ) ;
#7856 = DIRECTION ( 'NONE',  ( 0.7071067811865492381, 0.4536480327727551720, -0.5424052565761201539 ) ) ;
#7857 = FACE_OUTER_BOUND ( 'NONE', #8585, .T. ) ;
#7858 = DIRECTION ( 'NONE',  ( 1.000000000000000000, 0.000000000000000000, 0.000000000000000000 ) ) ;
#7859 = ORIENTED_EDGE ( 'NONE', *, *, #7103, .T. ) ;
#7860 = DIRECTION ( 'NONE',  ( -0.7071067811865480168, 0.000000000000000000, -0.7071067811865470176 ) ) ;
#7861 = AXIS2_PLACEMENT_3D ( 'NONE', #6284, #5445, #398 ) ;
#7862 = VERTEX_POINT ( 'NONE', #2534 ) ;
#7863 = ADVANCED_FACE ( 'NONE', ( #301 ), #2241, .F. ) ;
#7864 = EDGE_LOOP ( 'NONE', ( #7206, #3929, #3211, #6843 ) ) ;
#7865 = VERTEX_POINT ( 'NONE', #3935 ) ;
#7866 = VECTOR ( 'NONE', #209, 1000.000000000000000 ) ;
#7867 = LINE ( 'NONE', #9324, #2555 ) ;
#7868 = LINE ( 'NONE', #6530, #3793 ) ;
#7869 = VERTEX_POINT ( 'NONE', #3261 ) ;
#7870 = LINE ( 'NONE', #8008, #1279 ) ;
#7871 = ORIENTED_EDGE ( 'NONE', *, *, #3260, .T. ) ;
#7872 = AXIS2_PLACEMENT_3D ( 'NONE', #2137, #3737, #7504 ) ;
#7873 = EDGE_CURVE ( 'NONE', #7381, #7285, #4105, .T. ) ;
#7874 = ORIENTED_EDGE ( 'NONE', *, *, #2047, .F. ) ;
#7875 = CARTESIAN_POINT ( 'NONE',  ( 1.199999999999999956, 19.19999999999999929, 19.19999999999999929 ) ) ;
#7876 = CARTESIAN_POINT ( 'NONE',  ( 3.399999999999999911, 17.56306015393419884, 30.70000000000000284 ) ) ;
#7877 = AXIS2_PLACEMENT_3D ( 'NONE', #7104, #8567, #434 ) ;
#7878 = ORIENTED_EDGE ( 'NONE', *, *, #5844, .F. ) ;
#7879 = DIRECTION ( 'NONE',  ( -0.7071067811865470176, 1.570092458683769990E-16, -0.7071067811865480168 ) ) ;
#7880 = ORIENTED_EDGE ( 'NONE', *, *, #2962, .T. ) ;
#7881 = DIRECTION ( 'NONE',  ( -0.7071067811865480168, -0.7071067811865470176, -3.140184917367550333E-16 ) ) ;
#7882 = EDGE_CURVE ( 'NONE', #5789, #4958, #6142, .T. ) ;
#7883 = ORIENTED_EDGE ( 'NONE', *, *, #4491, .F. ) ;
#7884 = DIRECTION ( 'NONE',  ( 0.000000000000000000, -1.156482317317871725E-15, -1.000000000000000000 ) ) ;
#7885 = LINE ( 'NONE', #4015, #5152 ) ;
#7886 = DIRECTION ( 'NONE',  ( 0.000000000000000000, 0.000000000000000000, -1.000000000000000000 ) ) ;
#7887 = ORIENTED_EDGE ( 'NONE', *, *, #7278, .F. ) ;
#7888 = DIRECTION ( 'NONE',  ( -1.000000000000000000, 0.000000000000000000, 0.000000000000000000 ) ) ;
#7889 = DIRECTION ( 'NONE',  ( 0.7071067811865480168, -0.7071067811865470176, -3.140184917367550333E-16 ) ) ;
#7890 = DIRECTION ( 'NONE',  ( -0.7071067811865469066, -0.4536480327727568929, -0.5424052565761219302 ) ) ;
#7891 = EDGE_LOOP ( 'NONE', ( #6989, #7946 ) ) ;
#7892 = CARTESIAN_POINT ( 'NONE',  ( 9.000000000000000000, 25.69999999999999929, 26.63271332580049844 ) ) ;
#7893 = ADVANCED_FACE ( 'NONE', ( #9129 ), #3020, .F. ) ;
#7894 = ORIENTED_EDGE ( 'NONE', *, *, #4685, .F. ) ;
#7895 = CARTESIAN_POINT ( 'NONE',  ( 9.199999999999999289, 23.46986625549050132, 27.97645596971049997 ) ) ;
#7896 = CIRCLE ( 'NONE', #1979, 0.5999999999999998668 ) ;
#7897 = CARTESIAN_POINT ( 'NONE',  ( 4.799999999999999822, -3.659290927594020193, -4.106043096124059488 ) ) ;
#7898 = DIRECTION ( 'NONE',  ( 1.000000000000000000, 0.000000000000000000, 0.000000000000000000 ) ) ;
#7899 = DIRECTION ( 'NONE',  ( 0.000000000000000000, 0.7071067727460190744, 0.7071067896270757380 ) ) ;
#7900 = CARTESIAN_POINT ( 'NONE',  ( 0.000000000000000000, 3.700000000000000178, -0.9000000000000000222 ) ) ;
#7901 = CYLINDRICAL_SURFACE ( 'NONE', #7188, 0.9999999999999998890 ) ;
#7902 = ORIENTED_EDGE ( 'NONE', *, *, #4279, .F. ) ;
#7903 = EDGE_CURVE ( 'NONE', #4089, #3889, #7759, .T. ) ;
#7904 = DIRECTION ( 'NONE',  ( 0.000000000000000000, -2.220446049250309876E-16, 1.000000000000000000 ) ) ;
#7905 = ORIENTED_EDGE ( 'NONE', *, *, #9599, .F. ) ;
#7906 = ORIENTED_EDGE ( 'NONE', *, *, #9347, .F. ) ;
#7907 = EDGE_LOOP ( 'NONE', ( #3762, #2797, #4316, #1384, #2235, #5230 ) ) ;
#7908 = CARTESIAN_POINT ( 'NONE',  ( 0.000000000000000000, 7.485786437626910761, 8.500000000000000000 ) ) ;
#7909 = EDGE_CURVE ( 'NONE', #8807, #7865, #1701, .T. ) ;
#7910 = LINE ( 'NONE', #1229, #1388 ) ;
#7911 = VECTOR ( 'NONE', #3924, 1000.000000000000114 ) ;
#7912 = DIRECTION ( 'NONE',  ( 0.000000000000000000, 0.000000000000000000, -1.000000000000000000 ) ) ;
#7913 = ORIENTED_EDGE ( 'NONE', *, *, #9218, .T. ) ;
#7914 = ADVANCED_FACE ( 'NONE', ( #980 ), #6918, .T. ) ;
#7915 = CARTESIAN_POINT ( 'NONE',  ( 9.199999999999999289, 2.993965317121029646, -3.359489794578390143 ) ) ;
#7916 = ORIENTED_EDGE ( 'NONE', *, *, #3115, .F. ) ;
#7917 = ADVANCED_FACE ( 'NONE', ( #1753 ), #6604, .F. ) ;
#7918 = VERTEX_POINT ( 'NONE', #2948 ) ;
#7919 = DIRECTION ( 'NONE',  ( -1.000000000000000000, -0.000000000000000000, -0.000000000000000000 ) ) ;
#7920 = LINE ( 'NONE', #2013, #222 ) ;
#7921 = ORIENTED_EDGE ( 'NONE', *, *, #3750, .T. ) ;
#7922 = DIRECTION ( 'NONE',  ( 0.000000000000000000, 0.000000000000000000, -1.000000000000000000 ) ) ;
#7923 = ORIENTED_EDGE ( 'NONE', *, *, #9062, .T. ) ;
#7924 = EDGE_CURVE ( 'NONE', #3431, #5594, #7854, .T. ) ;
#7925 = DIRECTION ( 'NONE',  ( 0.7071067811865490160, -0.4704562618608020275, 0.5278928922385280886 ) ) ;
#7926 = ORIENTED_EDGE ( 'NONE', *, *, #6347, .F. ) ;
#7927 = CARTESIAN_POINT ( 'NONE',  ( 8.951918358845317059, 17.85191835884532097, 15.97797531957506578 ) ) ;
#7928 = CARTESIAN_POINT ( 'NONE',  ( 3.752090533776624603, -47.45966712883356564, 1.500000000000000000 ) ) ;
#7929 = DIRECTION ( 'NONE',  ( 0.000000000000000000, -1.000000000000000000, -4.440892098500630106E-16 ) ) ;
#7930 = ORIENTED_EDGE ( 'NONE', *, *, #7322, .T. ) ;
#7931 = CARTESIAN_POINT ( 'NONE',  ( 9.634314575050762386, -22.50000000000000355, -1.100000000000002309 ) ) ;
#7932 = CARTESIAN_POINT ( 'NONE',  ( 10.20000000000000107, 11.90000000000000036, 0.9000000000000000222 ) ) ;
#7933 = CARTESIAN_POINT ( 'NONE',  ( 9.199999999999999289, 22.70000001490119956, 24.16276451370509903 ) ) ;
#7934 = ORIENTED_EDGE ( 'NONE', *, *, #7799, .T. ) ;
#7935 = CARTESIAN_POINT ( 'NONE',  ( 3.573751381736569588, 18.40639953362377668, 20.89727291071882576 ) ) ;
#7936 = AXIS2_PLACEMENT_3D ( 'NONE', #9224, #4030, #4666 ) ;
#7937 = EDGE_LOOP ( 'NONE', ( #3527, #8529, #3460, #5618 ) ) ;
#7938 = DIRECTION ( 'NONE',  ( 0.000000000000000000, 0.3826834323650899483, -0.9238795325112867385 ) ) ;
#7939 = CARTESIAN_POINT ( 'NONE',  ( 3.600000000000000089, 12.69999999999999929, 26.63271332580049844 ) ) ;
#7940 = DIRECTION ( 'NONE',  ( -1.000000000000000000, 0.000000000000000000, 0.000000000000000000 ) ) ;
#7941 = DIRECTION ( 'NONE',  ( 1.000000000000000000, 0.000000000000000000, 0.000000000000000000 ) ) ;
#7942 = DIRECTION ( 'NONE',  ( 0.000000000000000000, 1.000000000000000000, 4.440892098500630106E-16 ) ) ;
#7943 = VERTEX_POINT ( 'NONE', #2674 ) ;
#7944 = DIRECTION ( 'NONE',  ( 0.000000000000000000, 0.9238795325112868495, -0.3826834323650896152 ) ) ;
#7945 = ORIENTED_EDGE ( 'NONE', *, *, #297, .T. ) ;
#7946 = ORIENTED_EDGE ( 'NONE', *, *, #4445, .T. ) ;
#7947 = AXIS2_PLACEMENT_3D ( 'NONE', #3179, #3320, #7619 ) ;
#7948 = ORIENTED_EDGE ( 'NONE', *, *, #4788, .F. ) ;
#7949 = ADVANCED_FACE ( 'NONE', ( #7109 ), #8904, .F. ) ;
#7950 = DIRECTION ( 'NONE',  ( 0.000000000000000000, -0.7670768701524097732, 0.6415552004911058148 ) ) ;
#7951 = DIRECTION ( 'NONE',  ( 0.000000000000000000, -0.4233466661666844821, 0.9059677699816666152 ) ) ;
#7952 = DIRECTION ( 'NONE',  ( -0.7071067811865561215, 0.000000000000000000, 0.7071067811865388020 ) ) ;
#7953 = LINE ( 'NONE', #2692, #4884 ) ;
#7954 = VECTOR ( 'NONE', #4271, 1000.000000000000000 ) ;
#7955 = ORIENTED_EDGE ( 'NONE', *, *, #2384, .F. ) ;
#7956 = CARTESIAN_POINT ( 'NONE',  ( 8.800000000000000711, 26.70000000000000284, 26.63271332580049844 ) ) ;
#7957 = VECTOR ( 'NONE', #3930, 1000.000000000000000 ) ;
#7958 = CIRCLE ( 'NONE', #6701, 0.5999999999999998668 ) ;
#7959 = ORIENTED_EDGE ( 'NONE', *, *, #6223, .F. ) ;
#7960 = AXIS2_PLACEMENT_3D ( 'NONE', #9199, #3868, #7038 ) ;
#7961 = ORIENTED_EDGE ( 'NONE', *, *, #4772, .F. ) ;
#7962 = EDGE_CURVE ( 'NONE', #1762, #2360, #7062, .T. ) ;
#7963 = VECTOR ( 'NONE', #4449, 1000.000000000000000 ) ;
#7964 = CARTESIAN_POINT ( 'NONE',  ( 0.000000000000000000, -3.700000000000000178, 1.500000000000000000 ) ) ;
#7965 = CARTESIAN_POINT ( 'NONE',  ( 0.000000000000000000, 18.70000000000000284, 16.54670016771569863 ) ) ;
#7966 = ORIENTED_EDGE ( 'NONE', *, *, #944, .T. ) ;
#7967 = DIRECTION ( 'NONE',  ( 0.7071067811865481278, -0.2981182000534348675, -0.6411907195186931085 ) ) ;
#7968 = EDGE_LOOP ( 'NONE', ( #8396, #7934, #7273, #5070 ) ) ;
#7969 = CARTESIAN_POINT ( 'NONE',  ( 9.199999999999999289, 4.962764524705690405, -3.500000000000000000 ) ) ;
#7970 = AXIS2_PLACEMENT_3D ( 'NONE', #8992, #1573, #9582 ) ;
#7971 = ORIENTED_EDGE ( 'NONE', *, *, #9619, .T. ) ;
#7972 = CARTESIAN_POINT ( 'NONE',  ( 0.5000000000000000000, 5.353553390593270400, 4.246446609406720363 ) ) ;
#7973 = VECTOR ( 'NONE', #8094, 1000.000000000000000 ) ;
#7974 = ADVANCED_FACE ( 'NONE', ( #4130 ), #8633, .T. ) ;
#7975 = CARTESIAN_POINT ( 'NONE',  ( 10.20000000000000107, -3.700000000000000178, 0.9000000000000000222 ) ) ;
#7976 = AXIS2_PLACEMENT_3D ( 'NONE', #2819, #5790, #5142 ) ;
#7977 = FACE_OUTER_BOUND ( 'NONE', #1768, .T. ) ;
#7978 = CIRCLE ( 'NONE', #7351, 1.400000000000000577 ) ;
#7979 = ORIENTED_EDGE ( 'NONE', *, *, #8335, .T. ) ;
#7980 = CARTESIAN_POINT ( 'NONE',  ( 9.000000000000000000, 24.74155520049110280, 26.65213151723369833 ) ) ;
#7981 = CARTESIAN_POINT ( 'NONE',  ( 9.799999999999998934, -44.10000000000000853, 1.500000000000000000 ) ) ;
#7982 = CARTESIAN_POINT ( 'NONE',  ( 3.399999999999999911, 7.485786437626910761, 7.500000000000000000 ) ) ;
#7983 = ORIENTED_EDGE ( 'NONE', *, *, #3630, .T. ) ;
#7984 = CARTESIAN_POINT ( 'NONE',  ( 3.535689904585352927, 18.46387877538700195, 20.88157082216386939 ) ) ;
#7985 = VECTOR ( 'NONE', #9333, 1000.000000000000000 ) ;
#7986 = EDGE_CURVE ( 'NONE', #1564, #7094, #4079, .T. ) ;
#7987 = AXIS2_PLACEMENT_3D ( 'NONE', #7068, #4289, #9319 ) ;
#7988 = VERTEX_POINT ( 'NONE', #8576 ) ;
#7989 = CARTESIAN_POINT ( 'NONE',  ( 9.000000000000000000, 18.70000000000000284, 21.85329983228429995 ) ) ;
#7990 = AXIS2_PLACEMENT_3D ( 'NONE', #7897, #5588, #6554 ) ;
#7991 = CARTESIAN_POINT ( 'NONE',  ( 1.399999999999999911, -17.52815858113834935, 1.700000000000002842 ) ) ;
#7992 = DIRECTION ( 'NONE',  ( 0.000000000000000000, 0.000000000000000000, -1.000000000000000000 ) ) ;
#7993 = VERTEX_POINT ( 'NONE', #9360 ) ;
#7994 = CIRCLE ( 'NONE', #8783, 1.199999999999999956 ) ;
#7995 = DIRECTION ( 'NONE',  ( 0.000000000000000000, -1.000000000000000000, 0.000000000000000000 ) ) ;
#7996 = ORIENTED_EDGE ( 'NONE', *, *, #5456, .F. ) ;
#7997 = PLANE ( 'NONE',  #4075 ) ;
#7998 = ORIENTED_EDGE ( 'NONE', *, *, #6887, .T. ) ;
#7999 = AXIS2_PLACEMENT_3D ( 'NONE', #1828, #4785, #1148 ) ;
#8000 = ORIENTED_EDGE ( 'NONE', *, *, #6950, .T. ) ;
#8001 = EDGE_LOOP ( 'NONE', ( #2117, #6296, #366, #7834 ) ) ;
#8002 = DIRECTION ( 'NONE',  ( 0.000000000000000000, 0.9238795325112868495, -0.3826834323650896152 ) ) ;
#8003 = CARTESIAN_POINT ( 'NONE',  ( 9.199999999999999289, 6.685054647081260626, -4.899999999999999467 ) ) ;
#8004 = CARTESIAN_POINT ( 'NONE',  ( 9.199999999999999289, 18.10000000000000142, 22.33431457505080076 ) ) ;
#8005 = VECTOR ( 'NONE', #3370, 1000.000000000000227 ) ;
#8006 = AXIS2_PLACEMENT_3D ( 'NONE', #8835, #2333, #5294 ) ;
#8007 = ORIENTED_EDGE ( 'NONE', *, *, #6899, .F. ) ;
#8008 = CARTESIAN_POINT ( 'NONE',  ( 9.199999999999999289, 25.10000000000000142, 25.88505464708130077 ) ) ;
#8009 = AXIS2_PLACEMENT_3D ( 'NONE', #4083, #397, #3403 ) ;
#8010 = VERTEX_POINT ( 'NONE', #395 ) ;
#8011 = EDGE_CURVE ( 'NONE', #7356, #4891, #5642, .T. ) ;
#8012 = AXIS2_PLACEMENT_3D ( 'NONE', #7566, #8, #3120 ) ;
#8013 = EDGE_LOOP ( 'NONE', ( #8184, #7490, #1483, #125 ) ) ;
#8014 = DIRECTION ( 'NONE',  ( -1.000000000000000000, -0.000000000000000000, -0.000000000000000000 ) ) ;
#8015 = DIRECTION ( 'NONE',  ( -1.000000000000000000, 0.000000000000000000, 0.000000000000000000 ) ) ;
#8016 = ORIENTED_EDGE ( 'NONE', *, *, #664, .F. ) ;
#8017 = CARTESIAN_POINT ( 'NONE',  ( 10.20000000000000107, -17.10000000000000497, 1.099999999999999645 ) ) ;
#8018 = ORIENTED_EDGE ( 'NONE', *, *, #6996, .T. ) ;
#8019 = AXIS2_PLACEMENT_3D ( 'NONE', #7900, #6426, #5006 ) ;
#8020 = DIRECTION ( 'NONE',  ( 1.000000000000000000, 0.000000000000000000, 0.000000000000000000 ) ) ;
#8021 = VERTEX_POINT ( 'NONE', #4807 ) ;
#8022 = DIRECTION ( 'NONE',  ( -1.000000000000000000, 0.000000000000000000, 0.000000000000000000 ) ) ;
#8023 = EDGE_CURVE ( 'NONE', #5315, #5920, #1949, .T. ) ;
#8024 = PRESENTATION_LAYER_ASSIGNMENT (  '', '', ( #3667 ) ) ;
#8025 = FACE_OUTER_BOUND ( 'NONE', #9650, .T. ) ;
#8026 = CARTESIAN_POINT ( 'NONE',  ( 9.099999999999999645, 22.70000000000000284, 11.34403626200970017 ) ) ;
#8027 = ADVANCED_FACE ( 'NONE', ( #440 ), #5806, .T. ) ;
#8028 = ORIENTED_EDGE ( 'NONE', *, *, #9205, .F. ) ;
#8029 = CARTESIAN_POINT ( 'NONE',  ( 9.000000000000000000, 15.99193318351897020, -7.239103626009029568 ) ) ;
#8030 = LINE ( 'NONE', #7981, #4205 ) ;
#8031 =( LENGTH_UNIT ( ) NAMED_UNIT ( * ) SI_UNIT ( .MILLI., .METRE. ) );
#8032 = EDGE_LOOP ( 'NONE', ( #8852, #7921, #3525, #2364 ) ) ;
#8033 = CARTESIAN_POINT ( 'NONE',  ( 3.799999999999999822, 12.69999999999999929, 26.63271332580049844 ) ) ;
#8034 = EDGE_CURVE ( 'NONE', #1968, #601, #7613, .T. ) ;
#8035 = ADVANCED_FACE ( 'NONE', ( #3358 ), #4315, .T. ) ;
#8036 = FACE_OUTER_BOUND ( 'NONE', #219, .T. ) ;
#8037 = CARTESIAN_POINT ( 'NONE',  ( 1.000000000000000000, 20.83693984606579974, 30.70000000000000284 ) ) ;
#8038 = CARTESIAN_POINT ( 'NONE',  ( 8.800000000000000711, 15.68578643762690028, -6.500000000000000000 ) ) ;
#8039 = AXIS2_PLACEMENT_3D ( 'NONE', #926, #6861, #3168 ) ;
#8040 = CARTESIAN_POINT ( 'NONE',  ( 4.799999999999999822, 12.50000000000000000, -2.500000000000000000 ) ) ;
#8041 = ORIENTED_EDGE ( 'NONE', *, *, #7308, .T. ) ;
#8042 = CARTESIAN_POINT ( 'NONE',  ( 9.199999999999999289, 24.31334485230700082, 28.57465145384530203 ) ) ;
#8043 = EDGE_LOOP ( 'NONE', ( #3353, #2340, #7197, #3744 ) ) ;
#8044 = ADVANCED_FACE ( 'NONE', ( #9635 ), #1121, .T. ) ;
#8045 = DIRECTION ( 'NONE',  ( 0.000000000000000000, -0.7071067811865474617, -0.7071067811865474617 ) ) ;
#8046 = ORIENTED_EDGE ( 'NONE', *, *, #4155, .T. ) ;
#8047 = DIRECTION ( 'NONE',  ( -1.000000000000000000, 0.000000000000000000, 0.000000000000000000 ) ) ;
#8048 = DIRECTION ( 'NONE',  ( 0.000000000000000000, 2.220446049250309876E-16, -1.000000000000000000 ) ) ;
#8049 = DIRECTION ( 'NONE',  ( 0.000000000000000000, 0.3826834323650899483, -0.9238795325112867385 ) ) ;
#8050 = CARTESIAN_POINT ( 'NONE',  ( 9.199999999999999289, 3.659290943147929909, -4.106043082262480048 ) ) ;
#8051 = DIRECTION ( 'NONE',  ( 0.7071067811865480168, 0.000000000000000000, 0.7071067811865470176 ) ) ;
#8052 = VERTEX_POINT ( 'NONE', #8115 ) ;
#8053 = CARTESIAN_POINT ( 'NONE',  ( 3.799999999999999822, 12.15641933801100016, 26.88672132550050975 ) ) ;
#8054 = EDGE_LOOP ( 'NONE', ( #2633, #4492, #5863, #7359 ) ) ;
#8055 = VECTOR ( 'NONE', #4709, 1000.000000000000000 ) ;
#8056 = ORIENTED_EDGE ( 'NONE', *, *, #5014, .F. ) ;
#8057 = DIRECTION ( 'NONE',  ( 0.000000000000000000, 0.000000000000000000, -1.000000000000000000 ) ) ;
#8058 = EDGE_CURVE ( 'NONE', #61, #5768, #9312, .T. ) ;
#8059 = CARTESIAN_POINT ( 'NONE',  ( 1.399999999999999911, -22.47184141886165420, 1.700000000000002842 ) ) ;
#8060 = EDGE_LOOP ( 'NONE', ( #4071, #8988, #1057, #3383 ) ) ;
#8061 = CARTESIAN_POINT ( 'NONE',  ( 9.000000000000000000, 24.74155520049110280, 26.65213151723369833 ) ) ;
#8062 = VERTEX_POINT ( 'NONE', #5871 ) ;
#8063 = CARTESIAN_POINT ( 'NONE',  ( 9.199999999999999289, 26.30000000000000071, 26.63271332580049844 ) ) ;
#8064 = EDGE_LOOP ( 'NONE', ( #2398, #3507, #8861, #7766 ) ) ;
#8065 = CARTESIAN_POINT ( 'NONE',  ( 8.800000000000000711, 17.69999999999999574, 15.76313031612255955 ) ) ;
#8066 = DIRECTION ( 'NONE',  ( 0.000000000000000000, 0.000000000000000000, -1.000000000000000000 ) ) ;
#8067 = DIRECTION ( 'NONE',  ( -1.000000000000000000, 0.000000000000000000, 0.000000000000000000 ) ) ;
#8068 = EDGE_CURVE ( 'NONE', #5414, #9082, #4556, .T. ) ;
#8069 = CARTESIAN_POINT ( 'NONE',  ( 9.197529073408233558, -2.590992671187671625, 1.100000000000000089 ) ) ;
#8070 = ORIENTED_EDGE ( 'NONE', *, *, #2793, .T. ) ;
#8071 = DIRECTION ( 'NONE',  ( 0.000000000000000000, 1.000000000000000000, 4.440892098500630106E-16 ) ) ;
#8072 = CARTESIAN_POINT ( 'NONE',  ( 1.000000000000000000, 17.56306015393419884, 30.70000000000000284 ) ) ;
#8073 = VERTEX_POINT ( 'NONE', #1444 ) ;
#8074 = DIRECTION ( 'NONE',  ( 0.000000000000000000, 1.000000000000000000, 4.440892098500630106E-16 ) ) ;
#8075 = CARTESIAN_POINT ( 'NONE',  ( 10.20000000000000107, -3.700000000000000178, -1.100000000000000089 ) ) ;
#8076 = ADVANCED_FACE ( 'NONE', ( #4410 ), #5491, .F. ) ;
#8077 = DIRECTION ( 'NONE',  ( 0.000000000000000000, 0.000000000000000000, -1.000000000000000000 ) ) ;
#8078 = DIRECTION ( 'NONE',  ( 0.000000000000000000, -0.6415552004911058148, -0.7670768701524097732 ) ) ;
#8079 = CIRCLE ( 'NONE', #6992, 1.000000000000000000 ) ;
#8080 = CYLINDRICAL_SURFACE ( 'NONE', #9126, 0.9999999999999964473 ) ;
#8081 = VERTEX_POINT ( 'NONE', #955 ) ;
#8082 = CYLINDRICAL_SURFACE ( 'NONE', #2366, 2.786738326061696469 ) ;
#8083 = ORIENTED_EDGE ( 'NONE', *, *, #7630, .F. ) ;
#8084 = EDGE_CURVE ( 'NONE', #2030, #5698, #52, .T. ) ;
#8085 = EDGE_CURVE ( 'NONE', #6300, #4958, #7634, .T. ) ;
#8086 = ORIENTED_EDGE ( 'NONE', *, *, #5393, .F. ) ;
#8087 = CARTESIAN_POINT ( 'NONE',  ( 1.600000000000000755, -20.00000000000000000, -1.699999999999997957 ) ) ;
#8088 = EDGE_CURVE ( 'NONE', #8062, #7542, #6746, .T. ) ;
#8089 = AXIS2_PLACEMENT_3D ( 'NONE', #1207, #6505, #4901 ) ;
#8090 = CARTESIAN_POINT ( 'NONE',  ( 0.000000000000000000, 20.69999999999999929, 15.50000000000000000 ) ) ;
#8091 = PLANE ( 'NONE',  #7056 ) ;
#8092 = DIRECTION ( 'NONE',  ( 0.7071067811865470176, 0.7071067811865480168, 3.140184917367550333E-16 ) ) ;
#8093 = ORIENTED_EDGE ( 'NONE', *, *, #6430, .T. ) ;
#8094 = DIRECTION ( 'NONE',  ( 1.000000000000000000, 0.000000000000000000, 0.000000000000000000 ) ) ;
#8095 = ORIENTED_EDGE ( 'NONE', *, *, #4804, .F. ) ;
#8096 = CIRCLE ( 'NONE', #5598, 2.786738326061696469 ) ;
#8097 = EDGE_CURVE ( 'NONE', #7285, #2548, #5179, .T. ) ;
#8098 = LINE ( 'NONE', #3035, #4045 ) ;
#8099 = ORIENTED_EDGE ( 'NONE', *, *, #7204, .T. ) ;
#8100 = CARTESIAN_POINT ( 'NONE',  ( 1.399999999999999911, -18.30000000000000071, 1.700000000000003064 ) ) ;
#8101 = CIRCLE ( 'NONE', #5289, 1.000000000000000000 ) ;
#8102 = CARTESIAN_POINT ( 'NONE',  ( 8.800000000000000711, 17.69999999999999929, 15.50000000000000000 ) ) ;
#8103 = CONICAL_SURFACE ( 'NONE', #5926, 21.49999999999997513, 0.7853981633974500554 ) ;
#8104 = ORIENTED_EDGE ( 'NONE', *, *, #1059, .T. ) ;
#8105 = CARTESIAN_POINT ( 'NONE',  ( 9.799999999999998934, 18.30000000000000071, 15.50000000000000000 ) ) ;
#8106 = ORIENTED_EDGE ( 'NONE', *, *, #815, .T. ) ;
#8107 = CARTESIAN_POINT ( 'NONE',  ( 9.799999999999998934, 20.09999998567590396, 16.10000000000000142 ) ) ;
#8108 = VERTEX_POINT ( 'NONE', #30 ) ;
#8109 = DIRECTION ( 'NONE',  ( -0.7071067811865480168, 0.000000000000000000, 0.7071067811865470176 ) ) ;
#8110 = AXIS2_PLACEMENT_3D ( 'NONE', #5379, #7830, #2566 ) ;
#8111 = EDGE_CURVE ( 'NONE', #4647, #8644, #2544, .T. ) ;
#8112 = VECTOR ( 'NONE', #4791, 1000.000000000000114 ) ;
#8113 = DIRECTION ( 'NONE',  ( 0.000000000000000000, 1.000000000000000000, 0.000000000000000000 ) ) ;
#8114 = CARTESIAN_POINT ( 'NONE',  ( 3.399999999999999911, 12.69999999999999929, 26.63271332580049844 ) ) ;
#8115 = CARTESIAN_POINT ( 'NONE',  ( 1.000000000000000000, 16.92150495344309746, 31.46707687015239685 ) ) ;
#8116 = ORIENTED_EDGE ( 'NONE', *, *, #4969, .F. ) ;
#8117 = FACE_OUTER_BOUND ( 'NONE', #4638, .T. ) ;
#8118 = CARTESIAN_POINT ( 'NONE',  ( 9.199999999999999289, -17.88339895114832601, 0.9000000000000001332 ) ) ;
#8119 = ORIENTED_EDGE ( 'NONE', *, *, #4482, .F. ) ;
#8120 = FACE_OUTER_BOUND ( 'NONE', #4568, .T. ) ;
#8121 = AXIS2_PLACEMENT_3D ( 'NONE', #7728, #2409, #8545 ) ;
#8122 = EDGE_CURVE ( 'NONE', #7131, #6158, #8170, .T. ) ;
#8123 = CIRCLE ( 'NONE', #2373, 0.9999999999999998890 ) ;
#8124 = AXIS2_PLACEMENT_3D ( 'NONE', #3989, #9229, #1813 ) ;
#8125 = DIRECTION ( 'NONE',  ( -1.000000000000000000, 0.000000000000000000, 0.000000000000000000 ) ) ;
#8126 = DIRECTION ( 'NONE',  ( -1.000000000000000000, 0.000000000000000000, 0.000000000000000000 ) ) ;
#8127 = PLANE ( 'NONE',  #5448 ) ;
#8128 = LINE ( 'NONE', #1459, #1175 ) ;
#8129 = ORIENTED_EDGE ( 'NONE', *, *, #8210, .F. ) ;
#8130 = DIRECTION ( 'NONE',  ( 0.000000000000000000, -0.4233466661666844821, 0.9059677699816666152 ) ) ;
#8131 = EDGE_CURVE ( 'NONE', #3609, #6496, #3143, .T. ) ;
#8132 = VERTEX_POINT ( 'NONE', #5226 ) ;
#8133 = VECTOR ( 'NONE', #4895, 1000.000000000000000 ) ;
#8134 = ADVANCED_FACE ( 'NONE', ( #6796 ), #8214, .T. ) ;
#8135 = ORIENTED_EDGE ( 'NONE', *, *, #5942, .F. ) ;
#8136 = VECTOR ( 'NONE', #1535, 1000.000000000000000 ) ;
#8137 = AXIS2_PLACEMENT_3D ( 'NONE', #5956, #2155, #8945 ) ;
#8138 = DIRECTION ( 'NONE',  ( 0.000000000000000000, 0.000000000000000000, -1.000000000000000000 ) ) ;
#8139 = CIRCLE ( 'NONE', #8931, 22.49999999999999289 ) ;
#8140 = CARTESIAN_POINT ( 'NONE',  ( 9.000000000000000000, 23.34155521539229738, 27.82304059567999843 ) ) ;
#8141 = CARTESIAN_POINT ( 'NONE',  ( 0.000000000000000000, -25.51999999999984681, 4.529999999999937188 ) ) ;
#8142 = FACE_OUTER_BOUND ( 'NONE', #1352, .T. ) ;
#8143 = DIRECTION ( 'NONE',  ( 0.000000000000000000, 0.9059677699816666152, 0.4233466661666840936 ) ) ;
#8144 = EDGE_CURVE ( 'NONE', #3431, #7201, #1680, .T. ) ;
#8145 = EDGE_LOOP ( 'NONE', ( #5080, #6200, #6678, #1515, #4221, #8905, #7431, #1960 ) ) ;
#8146 = DIRECTION ( 'NONE',  ( -1.000000000000000000, 0.000000000000000000, 0.000000000000000000 ) ) ;
#8147 = VECTOR ( 'NONE', #4977, 1000.000000000000000 ) ;
#8148 = AXIS2_PLACEMENT_3D ( 'NONE', #3850, #6731, #4395 ) ;
#8149 = EDGE_CURVE ( 'NONE', #6136, #8052, #8313, .T. ) ;
#8150 = VECTOR ( 'NONE', #4523, 1000.000000000000000 ) ;
#8151 = PLANE ( 'NONE',  #5287 ) ;
#8152 = ORIENTED_EDGE ( 'NONE', *, *, #901, .F. ) ;
#8153 = VECTOR ( 'NONE', #267, 1000.000000000000000 ) ;
#8154 = CARTESIAN_POINT ( 'NONE',  ( 9.199999999999999289, 2.563353488435086369, 1.093219736040664358 ) ) ;
#8155 = ADVANCED_FACE ( 'NONE', ( #4457 ), #6116, .T. ) ;
#8156 = VECTOR ( 'NONE', #2287, 1000.000000000000114 ) ;
#8157 = DIRECTION ( 'NONE',  ( 0.000000000000000000, -0.9067806116110999071, 0.4216028017058230937 ) ) ;
#8158 = EDGE_LOOP ( 'NONE', ( #8706, #555, #2772, #5439, #6793, #8119, #8713, #6504 ) ) ;
#8159 = LINE ( 'NONE', #3082, #3448 ) ;
#8160 = ADVANCED_FACE ( 'NONE', ( #4643 ), #2224, .T. ) ;
#8161 = EDGE_LOOP ( 'NONE', ( #1306, #5989, #2751, #1232 ) ) ;
#8162 = CARTESIAN_POINT ( 'NONE',  ( 0.000000000000000000, -25.51999999999984681, 4.529999999999937188 ) ) ;
#8163 = ORIENTED_EDGE ( 'NONE', *, *, #5872, .T. ) ;
#8164 = DIRECTION ( 'NONE',  ( -0.7071067811865470176, 1.570092458683773934E-16, -0.7071067811865480168 ) ) ;
#8165 = EDGE_CURVE ( 'NONE', #7217, #5792, #3773, .T. ) ;
#8166 = CIRCLE ( 'NONE', #4267, 0.5999999999999998668 ) ;
#8167 = ORIENTED_EDGE ( 'NONE', *, *, #6862, .T. ) ;
#8168 = CARTESIAN_POINT ( 'NONE',  ( 10.20000000000000107, -3.700000000000000178, -0.9000000000000000222 ) ) ;
#8169 = CARTESIAN_POINT ( 'NONE',  ( 10.20000000000000107, -22.89999999999999858, 1.100000000000000089 ) ) ;
#8170 = LINE ( 'NONE', #6163, #8928 ) ;
#8171 = AXIS2_PLACEMENT_3D ( 'NONE', #148, #1652, #6957 ) ;
#8172 = EDGE_LOOP ( 'NONE', ( #6153, #5107, #4174, #88, #2261 ) ) ;
#8173 = DIRECTION ( 'NONE',  ( 0.000000000000000000, 0.4216028017058242594, -0.9067806116110993520 ) ) ;
#8174 = DIRECTION ( 'NONE',  ( 1.000000000000000000, 0.000000000000000000, 0.000000000000000000 ) ) ;
#8175 = ORIENTED_EDGE ( 'NONE', *, *, #6704, .T. ) ;
#8176 = FACE_OUTER_BOUND ( 'NONE', #8345, .T. ) ;
#8177 = VECTOR ( 'NONE', #6464, 1000.000000000000000 ) ;
#8178 = DIRECTION ( 'NONE',  ( 1.000000000000000000, 0.000000000000000000, 0.000000000000000000 ) ) ;
#8179 = CARTESIAN_POINT ( 'NONE',  ( 3.799999999999999822, 19.19999999999999929, 19.19999999999999929 ) ) ;
#8180 = PLANE ( 'NONE',  #2352 ) ;
#8181 = CARTESIAN_POINT ( 'NONE',  ( 9.199999999999999289, 21.72358293915664262, 23.94687172967920574 ) ) ;
#8182 = DIRECTION ( 'NONE',  ( 0.000000000000000000, -0.4233466661666823727, -0.9059677699816675034 ) ) ;
#8183 = EDGE_CURVE ( 'NONE', #5549, #7993, #7441, .T. ) ;
#8184 = ORIENTED_EDGE ( 'NONE', *, *, #1882, .F. ) ;
#8185 = DIRECTION ( 'NONE',  ( 1.000000000000000000, 0.000000000000000000, 0.000000000000000000 ) ) ;
#8186 = ORIENTED_EDGE ( 'NONE', *, *, #8269, .T. ) ;
#8187 = ORIENTED_EDGE ( 'NONE', *, *, #6470, .F. ) ;
#8188 = DIRECTION ( 'NONE',  ( 1.000000000000000000, 0.000000000000000000, 0.000000000000000000 ) ) ;
#8189 = CONICAL_SURFACE ( 'NONE', #2899, 0.9999999999999998890, 0.7853981633974476129 ) ;
#8190 = DIRECTION ( 'NONE',  ( 0.000000000000000000, -2.220446049250309876E-16, 1.000000000000000000 ) ) ;
#8191 = CYLINDRICAL_SURFACE ( 'NONE', #1549, 0.5999999999999999778 ) ;
#8192 = CARTESIAN_POINT ( 'NONE',  ( 3.000000000000000000, -25.51999999999984681, -10.46500000000004427 ) ) ;
#8193 = DIRECTION ( 'NONE',  ( 1.000000000000000000, 0.000000000000000000, 0.000000000000000000 ) ) ;
#8194 = ADVANCED_FACE ( 'NONE', ( #9053 ), #908, .F. ) ;
#8195 = EDGE_LOOP ( 'NONE', ( #780, #9481, #1628, #4700, #7083, #321, #4683, #3131 ) ) ;
#8196 = FACE_OUTER_BOUND ( 'NONE', #265, .T. ) ;
#8197 = ORIENTED_EDGE ( 'NONE', *, *, #5279, .F. ) ;
#8198 = CARTESIAN_POINT ( 'NONE',  ( 0.4000000000000000222, 19.19999999999999929, 19.19999999999999929 ) ) ;
#8199 = EDGE_CURVE ( 'NONE', #564, #3264, #4600, .T. ) ;
#8200 = ORIENTED_EDGE ( 'NONE', *, *, #5906, .F. ) ;
#8201 = DIRECTION ( 'NONE',  ( 0.000000000000000000, 0.000000000000000000, -1.000000000000000000 ) ) ;
#8202 = CARTESIAN_POINT ( 'NONE',  ( 9.000000000000000000, 24.10000000000000142, 12.51494535291870136 ) ) ;
#8203 = EDGE_CURVE ( 'NONE', #745, #8606, #5269, .T. ) ;
#8204 = EDGE_LOOP ( 'NONE', ( #5386, #7445, #1779, #3366, #7905 ) ) ;
#8205 = CARTESIAN_POINT ( 'NONE',  ( 10.11110537866135139, -43.34892517550856184, -2.251074824491451576 ) ) ;
#8206 = EDGE_LOOP ( 'NONE', ( #6402, #3980, #5973, #5842, #4300 ) ) ;
#8207 = FACE_OUTER_BOUND ( 'NONE', #2093, .T. ) ;
#8208 = VERTEX_POINT ( 'NONE', #3724 ) ;
#8209 = CYLINDRICAL_SURFACE ( 'NONE', #3321, 0.9999999999999993339 ) ;
#8210 = EDGE_CURVE ( 'NONE', #1, #9466, #5025, .T. ) ;
#8211 = VERTEX_POINT ( 'NONE', #8603 ) ;
#8212 = DIRECTION ( 'NONE',  ( 0.000000000000000000, -0.9059677699816666152, 0.4233466661666844821 ) ) ;
#8213 = DIRECTION ( 'NONE',  ( 0.000000000000000000, 1.000000000000000000, 0.000000000000000000 ) ) ;
#8214 = CYLINDRICAL_SURFACE ( 'NONE', #9396, 0.5999999999999999778 ) ;
#8215 = EDGE_CURVE ( 'NONE', #3925, #9310, #6941, .T. ) ;
#8216 = ORIENTED_EDGE ( 'NONE', *, *, #2952, .F. ) ;
#8217 = CARTESIAN_POINT ( 'NONE',  ( 8.800000000000000711, -6.506081413869298835, -7.500000000000000000 ) ) ;
#8218 = CARTESIAN_POINT ( 'NONE',  ( 0.000000000000000000, 15.68578643762690028, -7.500000000000000000 ) ) ;
#8219 = EDGE_LOOP ( 'NONE', ( #3332, #362, #3474, #9251 ) ) ;
#8220 = CARTESIAN_POINT ( 'NONE',  ( 9.199999999999999289, -5.949999995908169304, -1.500000000000000000 ) ) ;
#8221 = DIRECTION ( 'NONE',  ( -1.000000000000000000, 0.000000000000000000, 0.000000000000000000 ) ) ;
#8222 = AXIS2_PLACEMENT_3D ( 'NONE', #5682, #1981, #4942 ) ;
#8223 = CARTESIAN_POINT ( 'NONE',  ( 0.000000000000000000, 20.09999994756589814, 31.69999999999999929 ) ) ;
#8224 = DIRECTION ( 'NONE',  ( -1.000000000000000000, 0.000000000000000000, 0.000000000000000000 ) ) ;
#8225 = CARTESIAN_POINT ( 'NONE',  ( 8.800000000000000711, 15.68578643762690028, -7.500000000000000000 ) ) ;
#8226 = FACE_OUTER_BOUND ( 'NONE', #9166, .T. ) ;
#8227 = CARTESIAN_POINT ( 'NONE',  ( 72.83961030678925397, -25.51999999999984681, 4.529999999999937188 ) ) ;
#8228 = ORIENTED_EDGE ( 'NONE', *, *, #3630, .F. ) ;
#8229 = DIRECTION ( 'NONE',  ( 0.000000000000000000, 0.000000000000000000, -1.000000000000000000 ) ) ;
#8230 = AXIS2_PLACEMENT_3D ( 'NONE', #8026, #3723, #1534 ) ;
#8231 = VERTEX_POINT ( 'NONE', #2509 ) ;
#8232 = EDGE_CURVE ( 'NONE', #3224, #2640, #3285, .T. ) ;
#8233 = ORIENTED_EDGE ( 'NONE', *, *, #5385, .T. ) ;
#8234 = VECTOR ( 'NONE', #2779, 1000.000000000000114 ) ;
#8235 = DIRECTION ( 'NONE',  ( 0.000000000000000000, 0.000000000000000000, 1.000000000000000000 ) ) ;
#8236 = LINE ( 'NONE', #5997, #1472 ) ;
#8237 = LINE ( 'NONE', #5202, #154 ) ;
#8238 = CARTESIAN_POINT ( 'NONE',  ( 8.800000000000002487, -25.51999999999984325, -17.97000000000005571 ) ) ;
#8239 = DIRECTION ( 'NONE',  ( -1.000000000000000000, 0.000000000000000000, 0.000000000000000000 ) ) ;
#8240 = VERTEX_POINT ( 'NONE', #4834 ) ;
#8241 = DIRECTION ( 'NONE',  ( 0.000000000000000000, -1.000000000000000000, -4.440892098500630106E-16 ) ) ;
#8242 = EDGE_CURVE ( 'NONE', #6597, #8805, #5339, .T. ) ;
#8243 = DIRECTION ( 'NONE',  ( 0.000000000000000000, -0.4233466661666823727, -0.9059677699816675034 ) ) ;
#8244 = ORIENTED_EDGE ( 'NONE', *, *, #5343, .T. ) ;
#8245 = CARTESIAN_POINT ( 'NONE',  ( 8.800000000000000711, 18.70000000000000284, 21.85329983228429995 ) ) ;
#8246 = DIRECTION ( 'NONE',  ( 1.000000000000000000, 0.000000000000000000, 0.000000000000000000 ) ) ;
#8247 = ORIENTED_EDGE ( 'NONE', *, *, #6914, .T. ) ;
#8248 = CARTESIAN_POINT ( 'NONE',  ( 9.199999999999999289, 19.19999999999999929, 19.19999999999999929 ) ) ;
#8249 = ORIENTED_EDGE ( 'NONE', *, *, #1649, .F. ) ;
#8250 = CARTESIAN_POINT ( 'NONE',  ( 0.000000000000000000, 15.68578643762690028, -6.500000000000000000 ) ) ;
#8251 = AXIS2_PLACEMENT_3D ( 'NONE', #9004, #5272, #8960 ) ;
#8252 = ORIENTED_EDGE ( 'NONE', *, *, #5461, .T. ) ;
#8253 = FACE_OUTER_BOUND ( 'NONE', #1577, .T. ) ;
#8254 = ADVANCED_FACE ( 'NONE', ( #4156 ), #6204, .T. ) ;
#8255 = ORIENTED_EDGE ( 'NONE', *, *, #8058, .F. ) ;
#8256 = CIRCLE ( 'NONE', #1721, 0.5999999999999998668 ) ;
#8257 = DIRECTION ( 'NONE',  ( 0.000000000000000000, 1.000000000000000000, 7.954421435255531103E-15 ) ) ;
#8258 = CARTESIAN_POINT ( 'NONE',  ( 10.20000000000000107, 20.29999999999999716, 31.09999999181640362 ) ) ;
#8259 = DIRECTION ( 'NONE',  ( 0.7071067811865474617, -0.7071067811865474617, 2.453269466693398621E-16 ) ) ;
#8260 = ORIENTED_EDGE ( 'NONE', *, *, #7120, .T. ) ;
#8261 = CARTESIAN_POINT ( 'NONE',  ( 1.600000000000000089, 20.89999999999970015, 17.50000000000000000 ) ) ;
#8262 = CARTESIAN_POINT ( 'NONE',  ( 8.800000000000000711, 18.06171526149577389, 17.31650052663519901 ) ) ;
#8263 = VERTEX_POINT ( 'NONE', #5420 ) ;
#8264 = CARTESIAN_POINT ( 'NONE',  ( 8.800000000000000711, 26.70000000000000284, 3.514213562373099897 ) ) ;
#8265 = VECTOR ( 'NONE', #3494, 1000.000000000000000 ) ;
#8266 = CARTESIAN_POINT ( 'NONE',  ( 9.799999999999998934, 18.30000000000000071, 6.700000000000000178 ) ) ;
#8267 = VECTOR ( 'NONE', #5130, 1000.000000000000000 ) ;
#8268 = VECTOR ( 'NONE', #6807, 1000.000000000000000 ) ;
#8269 = EDGE_CURVE ( 'NONE', #168, #4535, #9152, .T. ) ;
#8270 = DIRECTION ( 'NONE',  ( -1.000000000000000000, 0.000000000000000000, 0.000000000000000000 ) ) ;
#8271 = VECTOR ( 'NONE', #2064, 1000.000000000000000 ) ;
#8272 = CARTESIAN_POINT ( 'NONE',  ( -3.610802925459562829, 3.134314575050749951, 1.100000000000000089 ) ) ;
#8273 = VECTOR ( 'NONE', #7785, 999.9999999999998863 ) ;
#8274 = CARTESIAN_POINT ( 'NONE',  ( 9.199999999999999289, 2.653299832284320203, 1.100000000000000089 ) ) ;
#8275 = DIRECTION ( 'NONE',  ( 1.000000000000000000, 0.000000000000000000, 0.000000000000000000 ) ) ;
#8276 = CARTESIAN_POINT ( 'NONE',  ( 0.000000000000000000, 17.50000000000029843, 17.50000000000000000 ) ) ;
#8277 = EDGE_LOOP ( 'NONE', ( #4006, #4710, #5657, #9577 ) ) ;
#8278 = FACE_OUTER_BOUND ( 'NONE', #4931, .T. ) ;
#8279 = EDGE_CURVE ( 'NONE', #8553, #1507, #1927, .T. ) ;
#8280 = ORIENTED_EDGE ( 'NONE', *, *, #6483, .T. ) ;
#8281 = AXIS2_PLACEMENT_3D ( 'NONE', #3132, #2094, #4426 ) ;
#8282 = EDGE_CURVE ( 'NONE', #8924, #168, #4005, .T. ) ;
#8283 = CIRCLE ( 'NONE', #4846, 0.5999999999999975353 ) ;
#8284 = ORIENTED_EDGE ( 'NONE', *, *, #8998, .F. ) ;
#8285 = CARTESIAN_POINT ( 'NONE',  ( 9.199999999999999289, 4.962764524705690405, -3.500000000000000000 ) ) ;
#8286 = LINE ( 'NONE', #1615, #2403 ) ;
#8287 = VECTOR ( 'NONE', #143, 1000.000000000000000 ) ;
#8288 = CARTESIAN_POINT ( 'NONE',  ( -4.082086271002694389, 2.560451229361954795, 1.100000000000000089 ) ) ;
#8289 = DIRECTION ( 'NONE',  ( 0.000000000000000000, -0.8356006513277618453, 0.5493373749351305735 ) ) ;
#8290 = CARTESIAN_POINT ( 'NONE',  ( 9.799999999999998934, 18.30000000000000071, 6.700000000000000178 ) ) ;
#8291 = EDGE_LOOP ( 'NONE', ( #1225, #2314, #2305, #5910 ) ) ;
#8292 = CARTESIAN_POINT ( 'NONE',  ( 4.799999999999999822, 22.39926247149089988, 15.96231186036350280 ) ) ;
#8293 = VECTOR ( 'NONE', #7484, 1000.000000000000000 ) ;
#8294 = CARTESIAN_POINT ( 'NONE',  ( 1.399999999999999911, 19.19999999999999929, 21.55000000000000071 ) ) ;
#8295 = ORIENTED_EDGE ( 'NONE', *, *, #6099, .F. ) ;
#8296 = DIRECTION ( 'NONE',  ( -1.000000000000000000, 0.000000000000000000, 0.000000000000000000 ) ) ;
#8297 = DIRECTION ( 'NONE',  ( 0.000000000000000000, 0.9238795325112868495, -0.3826834323650896152 ) ) ;
#8298 = EDGE_LOOP ( 'NONE', ( #8800, #6619, #3177, #5820, #4867 ) ) ;
#8299 = AXIS2_PLACEMENT_3D ( 'NONE', #8245, #2985, #165 ) ;
#8300 = FACE_OUTER_BOUND ( 'NONE', #4982, .T. ) ;
#8301 = EDGE_CURVE ( 'NONE', #2923, #3609, #3238, .T. ) ;
#8302 = ORIENTED_EDGE ( 'NONE', *, *, #7438, .T. ) ;
#8303 = DIRECTION ( 'NONE',  ( 0.000000000000000000, 0.000000000000000000, -1.000000000000000000 ) ) ;
#8304 = VECTOR ( 'NONE', #1325, 1000.000000000000000 ) ;
#8305 = ORIENTED_EDGE ( 'NONE', *, *, #7134, .T. ) ;
#8306 = LINE ( 'NONE', #7434, #5171 ) ;
#8307 = AXIS2_PLACEMENT_3D ( 'NONE', #1380, #5075, #4304 ) ;
#8308 = AXIS2_PLACEMENT_3D ( 'NONE', #4237, #3369, #7223 ) ;
#8309 = ORIENTED_EDGE ( 'NONE', *, *, #8646, .T. ) ;
#8310 = VECTOR ( 'NONE', #840, 1000.000000000000227 ) ;
#8311 = CARTESIAN_POINT ( 'NONE',  ( 9.199999999999999289, 26.12426406871190210, 3.089949493661169999 ) ) ;
#8312 = LINE ( 'NONE', #1636, #7618 ) ;
#8313 = LINE ( 'NONE', #3822, #1919 ) ;
#8314 = ORIENTED_EDGE ( 'NONE', *, *, #5882, .T. ) ;
#8315 = DIRECTION ( 'NONE',  ( -1.000000000000000000, 0.000000000000000000, 0.000000000000000000 ) ) ;
#8316 = DIRECTION ( 'NONE',  ( 0.000000000000000000, 0.9059677699816669483, 0.4233466661666838160 ) ) ;
#8317 = ADVANCED_FACE ( 'NONE', ( #8511 ), #9196, .F. ) ;
#8318 = ORIENTED_EDGE ( 'NONE', *, *, #6420, .T. ) ;
#8319 = AXIS2_PLACEMENT_3D ( 'NONE', #5366, #5256, #6677 ) ;
#8320 = DIRECTION ( 'NONE',  ( -1.000000000000000000, 0.000000000000000000, 0.000000000000000000 ) ) ;
#8321 = VECTOR ( 'NONE', #5544, 1000.000000000000000 ) ;
#8322 = LINE ( 'NONE', #5843, #5162 ) ;
#8323 = AXIS2_PLACEMENT_3D ( 'NONE', #629, #9413, #2178 ) ;
#8324 = AXIS2_PLACEMENT_3D ( 'NONE', #888, #3027, #2976 ) ;
#8325 = EDGE_CURVE ( 'NONE', #2575, #7251, #2564, .T. ) ;
#8326 = FACE_OUTER_BOUND ( 'NONE', #8999, .T. ) ;
#8327 = DIRECTION ( 'NONE',  ( 0.000000000000000000, 1.000000000000000000, 0.000000000000000000 ) ) ;
#8328 = VECTOR ( 'NONE', #5737, 1000.000000000000000 ) ;
#8329 = CARTESIAN_POINT ( 'NONE',  ( 0.000000000000000000, 18.29999994466389879, 16.10000000000000142 ) ) ;
#8330 = CARTESIAN_POINT ( 'NONE',  ( 4.799999999999999822, 22.70000000000000284, 11.34403626200970017 ) ) ;
#8331 = CARTESIAN_POINT ( 'NONE',  ( 9.199999999999999289, -3.153367565547040119, -3.017906362190740488 ) ) ;
#8332 = EDGE_CURVE ( 'NONE', #9417, #7614, #3475, .T. ) ;
#8333 = EDGE_LOOP ( 'NONE', ( #8402, #2000, #1539, #4736 ) ) ;
#8334 = DIRECTION ( 'NONE',  ( 0.7071067811865536790, -0.7071067811865414665, 0.000000000000000000 ) ) ;
#8335 = EDGE_CURVE ( 'NONE', #1237, #7201, #7696, .T. ) ;
#8336 = ORIENTED_EDGE ( 'NONE', *, *, #4567, .F. ) ;
#8337 = EDGE_CURVE ( 'NONE', #7442, #9461, #5614, .T. ) ;
#8338 = CARTESIAN_POINT ( 'NONE',  ( 0.000000000000000000, 15.68578643762690028, -6.500000000000000000 ) ) ;
#8339 = AXIS2_PLACEMENT_3D ( 'NONE', #8769, #4123, #4171 ) ;
#8340 = DIRECTION ( 'NONE',  ( 0.000000000000000000, 0.3826834323650907810, -0.9238795325112862944 ) ) ;
#8341 = DIRECTION ( 'NONE',  ( -1.000000000000000000, -0.000000000000000000, -0.000000000000000000 ) ) ;
#8342 = DIRECTION ( 'NONE',  ( 0.7071067811865470176, 1.570092458683769990E-16, -0.7071067811865480168 ) ) ;
#8343 = CARTESIAN_POINT ( 'NONE',  ( 1.600000000000000089, 20.89999999999970015, 20.89999999999999858 ) ) ;
#8344 = EDGE_CURVE ( 'NONE', #6362, #2949, #6351, .T. ) ;
#8345 = EDGE_LOOP ( 'NONE', ( #3327, #7017, #8976, #1812 ) ) ;
#8346 = CARTESIAN_POINT ( 'NONE',  ( 3.799999999999999822, 7.485786437626910761, 8.500000000000000000 ) ) ;
#8347 = ORIENTED_EDGE ( 'NONE', *, *, #413, .T. ) ;
#8348 = CARTESIAN_POINT ( 'NONE',  ( 1.000000000000000000, 21.17820450131710786, 31.63996725212966865 ) ) ;
#8349 = ORIENTED_EDGE ( 'NONE', *, *, #2226, .T. ) ;
#8350 = CARTESIAN_POINT ( 'NONE',  ( 3.411755344467453099, 18.74616677117673191, 17.54822549459906611 ) ) ;
#8351 = DIRECTION ( 'NONE',  ( 0.000000000000000000, 0.9059677699816659491, -0.4233466661666858699 ) ) ;
#8352 = EDGE_LOOP ( 'NONE', ( #2802, #3952, #8841, #4043, #3136, #332, #8734, #637 ) ) ;
#8353 = FILL_AREA_STYLE ('',( #3455 ) ) ;
#8354 = VECTOR ( 'NONE', #484, 1000.000000000000000 ) ;
#8355 = ORIENTED_EDGE ( 'NONE', *, *, #7699, .T. ) ;
#8356 = DIRECTION ( 'NONE',  ( 0.000000000000000000, -1.000000000000000000, 0.000000000000000000 ) ) ;
#8357 = ORIENTED_EDGE ( 'NONE', *, *, #9116, .T. ) ;
#8358 = VERTEX_POINT ( 'NONE', #8409 ) ;
#8359 = EDGE_CURVE ( 'NONE', #6446, #8456, #461, .T. ) ;
#8360 = CARTESIAN_POINT ( 'NONE',  ( 1.600000000000000089, 17.50000000000000000, 20.89999999999999858 ) ) ;
#8361 = CARTESIAN_POINT ( 'NONE',  ( 8.800000000000002487, -47.45966712883356564, 1.500000000000000000 ) ) ;
#8362 = CARTESIAN_POINT ( 'NONE',  ( 9.799999999999998934, 20.69999999999999929, 7.299999991816339850 ) ) ;
#8363 = VERTEX_POINT ( 'NONE', #9290 ) ;
#8364 = LINE ( 'NONE', #6070, #3425 ) ;
#8365 = CARTESIAN_POINT ( 'NONE',  ( 10.08528137423856919, -20.00000000000000000, 2.449293598294706513E-15 ) ) ;
#8366 = ORIENTED_EDGE ( 'NONE', *, *, #4685, .T. ) ;
#8367 = CARTESIAN_POINT ( 'NONE',  ( 1.199999999999999956, 20.89999999999960067, 21.67184141886190218 ) ) ;
#8368 = AXIS2_PLACEMENT_3D ( 'NONE', #1648, #9118, #6131 ) ;
#8369 = CARTESIAN_POINT ( 'NONE',  ( 1.000000000000000000, 25.69999999999999929, 3.514213562373090127 ) ) ;
#8370 = EDGE_CURVE ( 'NONE', #5072, #6087, #4108, .T. ) ;
#8371 = CARTESIAN_POINT ( 'NONE',  ( 10.00000000000000000, 18.30000000000000071, 15.50000000000000000 ) ) ;
#8372 = DIRECTION ( 'NONE',  ( 1.000000000000000000, 0.000000000000000000, 0.000000000000000000 ) ) ;
#8373 = VECTOR ( 'NONE', #9399, 1000.000000000000000 ) ;
#8374 = ORIENTED_EDGE ( 'NONE', *, *, #7524, .T. ) ;
#8375 = LINE ( 'NONE', #4655, #3284 ) ;
#8376 = CARTESIAN_POINT ( 'NONE',  ( 9.199999999999999289, 5.950000000000000178, 1.100000000000000089 ) ) ;
#8377 = CARTESIAN_POINT ( 'NONE',  ( 9.000000000000000000, 21.72358293915664262, 23.94687172967920574 ) ) ;
#8378 = EDGE_LOOP ( 'NONE', ( #5765, #4889, #6498, #2943 ) ) ;
#8379 = FACE_OUTER_BOUND ( 'NONE', #7163, .T. ) ;
#8380 = CIRCLE ( 'NONE', #6212, 0.5999999999999998668 ) ;
#8381 = VECTOR ( 'NONE', #7929, 1000.000000000000000 ) ;
#8382 = EDGE_CURVE ( 'NONE', #5212, #7117, #9561, .T. ) ;
#8383 = VERTEX_POINT ( 'NONE', #1007 ) ;
#8384 = CARTESIAN_POINT ( 'NONE',  ( 9.099999999999999645, 6.685054647081260626, -4.899999999999999467 ) ) ;
#8385 = CARTESIAN_POINT ( 'NONE',  ( 9.199999999999999289, -5.949999995908169304, -1.500000000000000000 ) ) ;
#8386 = PLANE ( 'NONE',  #614 ) ;
#8387 = LINE ( 'NONE', #8934, #8150 ) ;
#8388 = CARTESIAN_POINT ( 'NONE',  ( 8.799999999999998934, 17.69999999999999929, 7.036869683877444714 ) ) ;
#8389 = ADVANCED_FACE ( 'NONE', ( #8804 ), #656, .T. ) ;
#8390 = EDGE_LOOP ( 'NONE', ( #7605, #5832, #7189, #6660 ) ) ;
#8391 = LINE ( 'NONE', #1708, #9236 ) ;
#8392 = EDGE_CURVE ( 'NONE', #4481, #6597, #8751, .T. ) ;
#8393 = ORIENTED_EDGE ( 'NONE', *, *, #7370, .T. ) ;
#8394 = ADVANCED_FACE ( 'NONE', ( #5671 ), #8660, .T. ) ;
#8395 = DIRECTION ( 'NONE',  ( 0.000000000000000000, 4.440892098500630106E-16, -1.000000000000000000 ) ) ;
#8396 = ORIENTED_EDGE ( 'NONE', *, *, #3150, .F. ) ;
#8397 = CARTESIAN_POINT ( 'NONE',  ( 9.800000000000002487, -44.50000000000001421, 0.9343145750507616532 ) ) ;
#8398 = DIRECTION ( 'NONE',  ( 0.000000000000000000, -0.5493373749351307955, 0.8356006513277617342 ) ) ;
#8399 = EDGE_CURVE ( 'NONE', #6059, #2777, #2157, .T. ) ;
#8400 = ORIENTED_EDGE ( 'NONE', *, *, #8873, .F. ) ;
#8401 = AXIS2_PLACEMENT_3D ( 'NONE', #109, #7416, #2335 ) ;
#8402 = ORIENTED_EDGE ( 'NONE', *, *, #2426, .T. ) ;
#8403 = DIRECTION ( 'NONE',  ( 1.000000000000000000, 0.000000000000000000, 0.000000000000000000 ) ) ;
#8404 = ADVANCED_FACE ( 'NONE', ( #2701 ), #3010, .T. ) ;
#8405 = ORIENTED_EDGE ( 'NONE', *, *, #5317, .F. ) ;
#8406 = VERTEX_POINT ( 'NONE', #4934 ) ;
#8407 = DIRECTION ( 'NONE',  ( 0.000000000000000000, 0.000000000000000000, -1.000000000000000000 ) ) ;
#8408 = CARTESIAN_POINT ( 'NONE',  ( 9.000000000000000000, 15.69999999999999929, 3.500000000000000000 ) ) ;
#8409 = CARTESIAN_POINT ( 'NONE',  ( 0.000000000000000000, -25.51999999999984681, -16.97000000000003794 ) ) ;
#8410 = VECTOR ( 'NONE', #6650, 1000.000000000000000 ) ;
#8411 = ORIENTED_EDGE ( 'NONE', *, *, #105, .F. ) ;
#8412 = CARTESIAN_POINT ( 'NONE',  ( 0.000000000000000000, 20.69999999999999929, 7.299999991816339850 ) ) ;
#8413 = DIRECTION ( 'NONE',  ( 1.000000000000000000, 0.000000000000000000, 0.000000000000000000 ) ) ;
#8414 = ORIENTED_EDGE ( 'NONE', *, *, #8570, .T. ) ;
#8415 = LINE ( 'NONE', #7640, #8273 ) ;
#8416 = DIRECTION ( 'NONE',  ( 0.000000000000000000, -0.8356006513277620673, 0.5493373749351302404 ) ) ;
#8417 = AXIS2_PLACEMENT_3D ( 'NONE', #7020, #1040, #3894 ) ;
#8418 = CARTESIAN_POINT ( 'NONE',  ( 9.799999999999998934, -44.10000000000000853, 1.500000000000000000 ) ) ;
#8419 = CARTESIAN_POINT ( 'NONE',  ( 1.199999999999999956, -18.30000000000000071, 2.471841418861651540 ) ) ;
#8420 = ORIENTED_EDGE ( 'NONE', *, *, #1839, .T. ) ;
#8421 = CARTESIAN_POINT ( 'NONE',  ( 4.799999999999999822, 25.00596776998166604, 12.09159868675201466 ) ) ;
#8422 = CIRCLE ( 'NONE', #9047, 1.200000000000000622 ) ;
#8423 = CARTESIAN_POINT ( 'NONE',  ( 3.399999999999999911, 11.70000000000000107, 11.71421356237310007 ) ) ;
#8424 = CARTESIAN_POINT ( 'NONE',  ( 0.000000000000000000, 7.868469869992001264, 7.576120467488713928 ) ) ;
#8425 = ORIENTED_EDGE ( 'NONE', *, *, #1912, .T. ) ;
#8426 = CARTESIAN_POINT ( 'NONE',  ( 3.799999999999999822, 18.06171526149577389, 17.31650052663519901 ) ) ;
#8427 = AXIS2_PLACEMENT_3D ( 'NONE', #2031, #6509, #4173 ) ;
#8428 = ADVANCED_FACE ( 'NONE', ( #5815 ), #2839, .F. ) ;
#8429 = CIRCLE ( 'NONE', #5298, 0.5999999999999998668 ) ;
#8430 = EDGE_LOOP ( 'NONE', ( #4327, #3932, #7902, #6586 ) ) ;
#8431 = AXIS2_PLACEMENT_3D ( 'NONE', #6401, #3484, #2066 ) ;
#8432 = CARTESIAN_POINT ( 'NONE',  ( 0.4000000000000253353, -20.00000000000000000, -2.999999999999996447 ) ) ;
#8433 = DIRECTION ( 'NONE',  ( 0.7071067811865480168, 0.6532814824381879548, -0.2705980500730977845 ) ) ;
#8434 = FACE_OUTER_BOUND ( 'NONE', #1434, .T. ) ;
#8435 = CARTESIAN_POINT ( 'NONE',  ( 3.369048105154696771, -22.50000000000000355, 1.100000000000002531 ) ) ;
#8436 = CARTESIAN_POINT ( 'NONE',  ( 1.400000000000000133, -18.29999999999999361, 2.471841418861651540 ) ) ;
#8437 = B_SPLINE_CURVE_WITH_KNOTS ( 'NONE', 3,
 ( #6866, #5503, #4768, #7806 ),
 .UNSPECIFIED., .F., .F.,
 ( 4, 4 ),
 ( 1.706301382557208573E-17, 0.001520633797730883488 ),
 .UNSPECIFIED. ) ;
#8438 = AXIS2_PLACEMENT_3D ( 'NONE', #3506, #3595, #4328 ) ;
#8439 = ORIENTED_EDGE ( 'NONE', *, *, #4907, .T. ) ;
#8440 = EDGE_CURVE ( 'NONE', #5414, #5633, #6449, .T. ) ;
#8441 = DIRECTION ( 'NONE',  ( 4.440892098500630106E-16, 0.000000000000000000, 1.000000000000000000 ) ) ;
#8442 = CIRCLE ( 'NONE', #4222, 1.000000000000000666 ) ;
#8443 = ORIENTED_EDGE ( 'NONE', *, *, #3410, .T. ) ;
#8444 = DIRECTION ( 'NONE',  ( 0.000000000000000000, 0.000000000000000000, -1.000000000000000000 ) ) ;
#8445 = ORIENTED_EDGE ( 'NONE', *, *, #1805, .F. ) ;
#8446 = AXIS2_PLACEMENT_3D ( 'NONE', #4672, #5447, #3846 ) ;
#8447 = DIRECTION ( 'NONE',  ( -0.7071067811865383579, 0.000000000000000000, 0.7071067811865567876 ) ) ;
#8448 = EDGE_CURVE ( 'NONE', #7711, #2380, #4198, .T. ) ;
#8449 = EDGE_CURVE ( 'NONE', #6829, #5072, #6494, .T. ) ;
#8450 = PLANE ( 'NONE',  #3019 ) ;
#8451 = ORIENTED_EDGE ( 'NONE', *, *, #4579, .T. ) ;
#8452 = ORIENTED_EDGE ( 'NONE', *, *, #2308, .F. ) ;
#8453 = EDGE_CURVE ( 'NONE', #6640, #2454, #7920, .T. ) ;
#8454 = DIRECTION ( 'NONE',  ( -1.000000000000000000, 0.000000000000000000, 0.000000000000000000 ) ) ;
#8455 = CIRCLE ( 'NONE', #3770, 1.000000000000000444 ) ;
#8456 = VERTEX_POINT ( 'NONE', #6539 ) ;
#8457 = VECTOR ( 'NONE', #8045, 1000.000000000000114 ) ;
#8458 = EDGE_CURVE ( 'NONE', #7242, #7356, #9480, .T. ) ;
#8459 = VERTEX_POINT ( 'NONE', #2790 ) ;
#8460 = DIRECTION ( 'NONE',  ( -1.000000000000000000, 0.000000000000000000, 0.000000000000000000 ) ) ;
#8461 = CIRCLE ( 'NONE', #4244, 0.5999999999999998668 ) ;
#8462 = LINE ( 'NONE', #2311, #152 ) ;
#8463 = CARTESIAN_POINT ( 'NONE',  ( 10.00000000000000000, 17.89999999999999858, 17.14999999999999858 ) ) ;
#8464 = VECTOR ( 'NONE', #7952, 1000.000000000000114 ) ;
#8465 = ORIENTED_EDGE ( 'NONE', *, *, #4246, .F. ) ;
#8466 = DIRECTION ( 'NONE',  ( 0.000000000000000000, 0.000000000000000000, -1.000000000000000000 ) ) ;
#8467 = LINE ( 'NONE', #9155, #6703 ) ;
#8468 = EDGE_LOOP ( 'NONE', ( #5775, #5525, #1309, #6495 ) ) ;
#8469 = EDGE_CURVE ( 'NONE', #8666, #3017, #2750, .T. ) ;
#8470 = CARTESIAN_POINT ( 'NONE',  ( 0.000000000000000000, 12.69999999999999929, 26.63271332580049844 ) ) ;
#8471 = ORIENTED_EDGE ( 'NONE', *, *, #709, .T. ) ;
#8472 = DIRECTION ( 'NONE',  ( -1.000000000000000000, -0.000000000000000000, -0.000000000000000000 ) ) ;
#8473 = VECTOR ( 'NONE', #8447, 1000.000000000000000 ) ;
#8474 = VECTOR ( 'NONE', #1033, 1000.000000000000114 ) ;
#8475 = DIRECTION ( 'NONE',  ( 1.000000000000000000, 0.000000000000000000, 0.000000000000000000 ) ) ;
#8476 = CARTESIAN_POINT ( 'NONE',  ( 9.199999999999999289, -3.100000000000000089, 0.9000000000000000222 ) ) ;
#8477 = VECTOR ( 'NONE', #2404, 1000.000000000000000 ) ;
#8478 = ORIENTED_EDGE ( 'NONE', *, *, #9517, .T. ) ;
#8479 = CARTESIAN_POINT ( 'NONE',  ( 3.399999999999999911, 11.70000000000000107, 11.71421356237310007 ) ) ;
#8480 = DIRECTION ( 'NONE',  ( 0.000000000000000000, -2.220446049250309876E-16, 1.000000000000000000 ) ) ;
#8481 = CARTESIAN_POINT ( 'NONE',  ( 1.000000000000000000, 11.96264345458079781, 27.31966543474029763 ) ) ;
#8482 = ORIENTED_EDGE ( 'NONE', *, *, #8359, .T. ) ;
#8483 = DIRECTION ( 'NONE',  ( 0.000000000000000000, -0.4233466661666858699, 0.9059677699816659491 ) ) ;
#8484 = VECTOR ( 'NONE', #5205, 1000.000000000000000 ) ;
#8485 = VERTEX_POINT ( 'NONE', #708 ) ;
#8486 = DIRECTION ( 'NONE',  ( 1.000000000000000000, 0.000000000000000000, 0.000000000000000000 ) ) ;
#8487 = ADVANCED_FACE ( 'NONE', ( #5113 ), #3619, .F. ) ;
#8488 = CARTESIAN_POINT ( 'NONE',  ( 0.000000000000000000, -25.51999999999984681, -7.465000000000069136 ) ) ;
#8489 = CARTESIAN_POINT ( 'NONE',  ( 0.000000000000000000, 17.69999999999999929, 31.09999999181640362 ) ) ;
#8490 = CARTESIAN_POINT ( 'NONE',  ( 9.199999999999999289, 22.41017913704159881, 16.33909980808440210 ) ) ;
#8491 = CARTESIAN_POINT ( 'NONE',  ( 9.000000000000000000, 24.74155520049110280, 11.74786848276629847 ) ) ;
#8492 = AXIS2_PLACEMENT_3D ( 'NONE', #3254, #2526, #6220 ) ;
#8493 = ORIENTED_EDGE ( 'NONE', *, *, #4103, .F. ) ;
#8494 = DIRECTION ( 'NONE',  ( -1.000000000000000000, 0.000000000000000000, 0.000000000000000000 ) ) ;
#8495 = ORIENTED_EDGE ( 'NONE', *, *, #2888, .F. ) ;
#8496 = AXIS2_PLACEMENT_3D ( 'NONE', #8674, #389, #1165 ) ;
#8497 = FACE_OUTER_BOUND ( 'NONE', #177, .T. ) ;
#8498 = VERTEX_POINT ( 'NONE', #8102 ) ;
#8499 = CONICAL_SURFACE ( 'NONE', #2581, 1.100000000000001199, 0.7853981633974476129 ) ;
#8500 = EDGE_CURVE ( 'NONE', #4195, #9296, #8846, .T. ) ;
#8501 = CARTESIAN_POINT ( 'NONE',  ( 3.521677120723881060, 18.48692898493731107, 17.52374631836496732 ) ) ;
#8502 = CARTESIAN_POINT ( 'NONE',  ( 9.000000000000000000, -2.653299832284320203, 0.5000000000000000000 ) ) ;
#8503 = VERTEX_POINT ( 'NONE', #2891 ) ;
#8504 = ORIENTED_EDGE ( 'NONE', *, *, #8582, .F. ) ;
#8505 = CARTESIAN_POINT ( 'NONE',  ( 9.799999999999998934, 18.29999994466389879, 16.10000000000000142 ) ) ;
#8506 = ORIENTED_EDGE ( 'NONE', *, *, #1793, .F. ) ;
#8507 = B_SPLINE_CURVE_WITH_KNOTS ( 'NONE', 3,
 ( #4275, #1989, #7346, #9495, #531, #7935, #3498, #7252, #676, #7984, #479, #5834, #579, #6466, #9453, #8771, #5879, #2909, #5731, #8862 ),
 .UNSPECIFIED., .F., .F.,
 ( 4, 2, 2, 1, 1, 2, 2, 2, 2, 2, 4 ),
 ( 0.000000000000000000, 0.2499999999999108491, 0.3749999999998706035, 0.4374999999998538946, 0.4687499999998456235, 0.4843749999998467337, 0.4999999999998478994, 0.6249999999998918643, 0.6874999999999082956, 0.7499999999999246159, 1.000000000000000000 ),
 .UNSPECIFIED. ) ;
#8508 = ORIENTED_EDGE ( 'NONE', *, *, #889, .T. ) ;
#8509 = EDGE_CURVE ( 'NONE', #7588, #829, #3326, .T. ) ;
#8510 = LINE ( 'NONE', #5612, #836 ) ;
#8511 = FACE_OUTER_BOUND ( 'NONE', #8834, .T. ) ;
#8512 = ORIENTED_EDGE ( 'NONE', *, *, #9265, .T. ) ;
#8513 = CARTESIAN_POINT ( 'NONE',  ( 9.000000000000000000, -3.950000000000000178, -7.299999999999999822 ) ) ;
#8514 = EDGE_LOOP ( 'NONE', ( #7096, #6337, #8748, #279 ) ) ;
#8515 = CARTESIAN_POINT ( 'NONE',  ( 10.20000000000000107, 20.10000000000000142, 22.70000000000000284 ) ) ;
#8516 = ADVANCED_FACE ( 'NONE', ( #1239 ), #8702, .T. ) ;
#8517 = ORIENTED_EDGE ( 'NONE', *, *, #7130, .F. ) ;
#8518 = LINE ( 'NONE', #2571, #2688 ) ;
#8519 = EDGE_CURVE ( 'NONE', #2859, #5730, #3080, .T. ) ;
#8520 = EDGE_CURVE ( 'NONE', #4188, #8694, #6637, .T. ) ;
#8521 = CARTESIAN_POINT ( 'NONE',  ( 1.000000000000000000, 11.79403223001833290, 27.05605999196718514 ) ) ;
#8522 = DIRECTION ( 'NONE',  ( 0.000000000000000000, -1.740474414014739839E-13, -1.000000000000000000 ) ) ;
#8523 = EDGE_LOOP ( 'NONE', ( #806, #1634, #3807, #6840 ) ) ;
#8524 = FACE_OUTER_BOUND ( 'NONE', #8540, .T. ) ;
#8525 = CARTESIAN_POINT ( 'NONE',  ( 1.400000000000000133, -20.00000000000000000, 2.449293598294706513E-15 ) ) ;
#8526 = CARTESIAN_POINT ( 'NONE',  ( 9.199999999999999289, 18.10000000000000142, 21.85329983228429995 ) ) ;
#8527 = ORIENTED_EDGE ( 'NONE', *, *, #1990, .T. ) ;
#8528 = CARTESIAN_POINT ( 'NONE',  ( 8.800000000000000711, 18.88518518518520040, 17.52940380930249731 ) ) ;
#8529 = ORIENTED_EDGE ( 'NONE', *, *, #7612, .F. ) ;
#8530 = CARTESIAN_POINT ( 'NONE',  ( 1.399999999999999911, 17.50000000000000000, 19.19999999999999929 ) ) ;
#8531 = DIRECTION ( 'NONE',  ( -1.000000000000000000, 0.000000000000000000, 0.000000000000000000 ) ) ;
#8532 = DIRECTION ( 'NONE',  ( -0.7071067811865470176, -0.7071067811865480168, -3.140184917367549840E-16 ) ) ;
#8533 = CARTESIAN_POINT ( 'NONE',  ( 9.099999999999999645, 1.870828693386969999, -2.399999999999999911 ) ) ;
#8534 = DIRECTION ( 'NONE',  ( 0.000000000000000000, -0.7958894283910172840, 0.6054420019914540374 ) ) ;
#8535 =( NAMED_UNIT ( * ) SI_UNIT ( $, .STERADIAN. ) SOLID_ANGLE_UNIT ( ) );
#8536 = VERTEX_POINT ( 'NONE', #15 ) ;
#8537 = DIRECTION ( 'NONE',  ( 0.4999999999999993894, -0.7071067811865479058, -0.5000000000000001110 ) ) ;
#8538 = ORIENTED_EDGE ( 'NONE', *, *, #3560, .T. ) ;
#8539 = DIRECTION ( 'NONE',  ( -1.000000000000000000, -0.000000000000000000, -0.000000000000000000 ) ) ;
#8540 = EDGE_LOOP ( 'NONE', ( #912, #306, #4696, #6258 ) ) ;
#8541 = CARTESIAN_POINT ( 'NONE',  ( 0.000000000000000000, 11.90000000000000036, -0.9000000000000000222 ) ) ;
#8542 = LINE ( 'NONE', #7770, #7382 ) ;
#8543 = ORIENTED_EDGE ( 'NONE', *, *, #1854, .T. ) ;
#8544 = ORIENTED_EDGE ( 'NONE', *, *, #799, .T. ) ;
#8545 = DIRECTION ( 'NONE',  ( 0.000000000000000000, 0.000000000000000000, 1.000000000000000000 ) ) ;
#8546 = VERTEX_POINT ( 'NONE', #5907 ) ;
#8547 = CIRCLE ( 'NONE', #9330, 1.700000000000000178 ) ;
#8548 = EDGE_CURVE ( 'NONE', #9100, #4469, #4562, .T. ) ;
#8549 = ORIENTED_EDGE ( 'NONE', *, *, #9085, .F. ) ;
#8550 = LINE ( 'NONE', #3909, #5960 ) ;
#8551 = AXIS2_PLACEMENT_3D ( 'NONE', #9174, #982, #7760 ) ;
#8552 = CARTESIAN_POINT ( 'NONE',  ( 1.199999999999999956, -21.69999999999999929, -2.471841418861651540 ) ) ;
#8553 = VERTEX_POINT ( 'NONE', #854 ) ;
#8554 = LINE ( 'NONE', #1830, #3128 ) ;
#8555 = EDGE_CURVE ( 'NONE', #3558, #8546, #6825, .T. ) ;
#8556 = VERTEX_POINT ( 'NONE', #4486 ) ;
#8557 = CARTESIAN_POINT ( 'NONE',  ( 1.000000000000000000, 25.69999999999999929, 3.514213562373090127 ) ) ;
#8558 = EDGE_LOOP ( 'NONE', ( #3144, #3996, #956, #5372, #2809, #7796, #3022, #8493, #6255, #8200, #9144, #8086, #3349, #5477, #8766, #9048, #3278, #7391, #8400, #789, #7330, #1777, #2642, #5571 ) ) ;
#8559 = DIRECTION ( 'NONE',  ( 0.000000000000000000, -1.000000000000000000, 0.000000000000000000 ) ) ;
#8560 = ADVANCED_FACE ( 'NONE', ( #3810 ), #2230, .F. ) ;
#8561 = AXIS2_PLACEMENT_3D ( 'NONE', #6218, #9210, #2524 ) ;
#8562 = CARTESIAN_POINT ( 'NONE',  ( 3.399999999999999911, 17.22179549868289072, 31.63996725212966865 ) ) ;
#8563 = DIRECTION ( 'NONE',  ( 0.000000000000000000, -1.000000000000000000, 0.000000000000000000 ) ) ;
#8564 = ORIENTED_EDGE ( 'NONE', *, *, #4953, .F. ) ;
#8565 = CARTESIAN_POINT ( 'NONE',  ( 0.000000000000000000, -20.00000000000000000, -3.400000000000024780 ) ) ;
#8566 = LINE ( 'NONE', #4712, #2656 ) ;
#8567 = DIRECTION ( 'NONE',  ( 0.000000000000000000, -0.9067806107715832287, 0.4216028035114501304 ) ) ;
#8568 = ORIENTED_EDGE ( 'NONE', *, *, #520, .F. ) ;
#8569 = DIRECTION ( 'NONE',  ( 0.000000000000000000, 0.000000000000000000, 1.000000000000000000 ) ) ;
#8570 = EDGE_CURVE ( 'NONE', #2355, #4099, #6741, .T. ) ;
#8571 = VECTOR ( 'NONE', #1666, 1000.000000000000000 ) ;
#8572 = EDGE_LOOP ( 'NONE', ( #8744, #4138, #1497, #3532, #9148, #3081 ) ) ;
#8573 = VECTOR ( 'NONE', #8174, 1000.000000000000000 ) ;
#8574 = LINE ( 'NONE', #6512, #9299 ) ;
#8575 = AXIS2_PLACEMENT_3D ( 'NONE', #9353, #1803, #8483 ) ;
#8576 = CARTESIAN_POINT ( 'NONE',  ( 4.799999999999999822, 21.69999999999999929, 14.23723547529430000 ) ) ;
#8577 = CARTESIAN_POINT ( 'NONE',  ( 8.800000000000000711, 16.06846986999198990, -7.423879532511286072 ) ) ;
#8578 = DIRECTION ( 'NONE',  ( -0.7071067811865471286, -0.4536480327727561157, -0.5424052565761221523 ) ) ;
#8579 = FACE_OUTER_BOUND ( 'NONE', #4427, .T. ) ;
#8580 = LINE ( 'NONE', #6154, #1427 ) ;
#8581 = ORIENTED_EDGE ( 'NONE', *, *, #6430, .F. ) ;
#8582 = EDGE_CURVE ( 'NONE', #6788, #4535, #5653, .T. ) ;
#8583 = CARTESIAN_POINT ( 'NONE',  ( 1.000000000000014655, -25.51999999999984325, -17.97000000000005571 ) ) ;
#8584 = VECTOR ( 'NONE', #1335, 1000.000000000000000 ) ;
#8585 = EDGE_LOOP ( 'NONE', ( #298, #6664, #2080, #4153 ) ) ;
#8586 = AXIS2_PLACEMENT_3D ( 'NONE', #7530, #5261, #3763 ) ;
#8587 = CONICAL_SURFACE ( 'NONE', #7019, 0.9999999999999964473, 0.7853981633974490562 ) ;
#8588 = VERTEX_POINT ( 'NONE', #2258 ) ;
#8589 = VERTEX_POINT ( 'NONE', #9037 ) ;
#8590 = CARTESIAN_POINT ( 'NONE',  ( 8.873121123254708920, -46.33768355491565671, -0.7376835549156154359 ) ) ;
#8591 = AXIS2_PLACEMENT_3D ( 'NONE', #8248, #3714, #8949 ) ;
#8592 = ADVANCED_FACE ( 'NONE', ( #8890 ), #2205, .F. ) ;
#8593 = DIRECTION ( 'NONE',  ( 0.7071067811865479058, 0.2705980500730984506, -0.6532814824381878438 ) ) ;
#8594 = CIRCLE ( 'NONE', #6097, 1.000000000000000222 ) ;
#8595 = VERTEX_POINT ( 'NONE', #166 ) ;
#8596 = DIRECTION ( 'NONE',  ( -1.000000000000000000, 0.000000000000000000, 0.000000000000000000 ) ) ;
#8597 = ORIENTED_EDGE ( 'NONE', *, *, #4926, .T. ) ;
#8598 = VECTOR ( 'NONE', #3969, 1000.000000000000000 ) ;
#8599 = VECTOR ( 'NONE', #8241, 1000.000000000000000 ) ;
#8600 = ORIENTED_EDGE ( 'NONE', *, *, #2358, .T. ) ;
#8601 = DIRECTION ( 'NONE',  ( 0.000000000000000000, -1.000000000000000000, 0.000000000000000000 ) ) ;
#8602 = ADVANCED_FACE ( 'NONE', ( #9092 ), #73, .T. ) ;
#8603 = CARTESIAN_POINT ( 'NONE',  ( 9.199999999999999289, 7.193070646481282360, -5.987161323977998606 ) ) ;
#8604 = ORIENTED_EDGE ( 'NONE', *, *, #6914, .F. ) ;
#8605 = AXIS2_PLACEMENT_3D ( 'NONE', #522, #6458, #9446 ) ;
#8606 = VERTEX_POINT ( 'NONE', #6785 ) ;
#8607 = DIRECTION ( 'NONE',  ( -1.000000000000000000, 0.000000000000000000, 0.000000000000000000 ) ) ;
#8608 = CONICAL_SURFACE ( 'NONE', #4236, 0.8000000000000002665, 0.7853981633974469467 ) ;
#8609 = ORIENTED_EDGE ( 'NONE', *, *, #329, .F. ) ;
#8610 = LINE ( 'NONE', #1934, #8133 ) ;
#8611 = AXIS2_PLACEMENT_3D ( 'NONE', #6838, #3911, #6024 ) ;
#8612 = CIRCLE ( 'NONE', #8605, 0.9999999999999988898 ) ;
#8613 = VECTOR ( 'NONE', #1542, 1000.000000000000000 ) ;
#8614 = CARTESIAN_POINT ( 'NONE',  ( 4.799999999999999822, 22.47044244320894535, 22.30995355507346289 ) ) ;
#8615 = DIRECTION ( 'NONE',  ( -1.000000000000000000, 0.000000000000000000, 0.000000000000000000 ) ) ;
#8616 = EDGE_CURVE ( 'NONE', #5674, #6541, #6277, .T. ) ;
#8617 = EDGE_LOOP ( 'NONE', ( #5002, #2046, #3233, #9031 ) ) ;
#8618 = DIRECTION ( 'NONE',  ( 0.000000000000000000, 0.9238795325112867385, -0.3826834323650899483 ) ) ;
#8619 = DIRECTION ( 'NONE',  ( 0.000000000000000000, -0.2158927849980366576, 0.9764170755296077697 ) ) ;
#8620 = CARTESIAN_POINT ( 'NONE',  ( 3.799999999999998046, -47.41130192565057655, 1.500000000000000000 ) ) ;
#8621 = ORIENTED_EDGE ( 'NONE', *, *, #5160, .T. ) ;
#8622 = VECTOR ( 'NONE', #4053, 1000.000000000000000 ) ;
#8623 = CARTESIAN_POINT ( 'NONE',  ( 9.199999999999999289, 22.08230126128890092, 23.11940629922400348 ) ) ;
#8624 = CIRCLE ( 'NONE', #2545, 11.99500000000000632 ) ;
#8625 = VECTOR ( 'NONE', #6044, 1000.000000000000000 ) ;
#8626 = EDGE_CURVE ( 'NONE', #5719, #5516, #1626, .T. ) ;
#8627 = ORIENTED_EDGE ( 'NONE', *, *, #7087, .T. ) ;
#8628 = CIRCLE ( 'NONE', #6906, 0.5999999999999998668 ) ;
#8629 = VECTOR ( 'NONE', #5704, 1000.000000000000114 ) ;
#8630 = CARTESIAN_POINT ( 'NONE',  ( 10.08528137423856919, -20.00000000000000000, 2.449293598294706513E-15 ) ) ;
#8631 = ADVANCED_FACE ( 'NONE', ( #4534 ), #896, .F. ) ;
#8632 = AXIS2_PLACEMENT_3D ( 'NONE', #1703, #8981, #1617 ) ;
#8633 = PLANE ( 'NONE',  #3620 ) ;
#8634 = LINE ( 'NONE', #7300, #2507 ) ;
#8635 = CARTESIAN_POINT ( 'NONE',  ( 3.400000000000000355, -47.75818823537125013, 1.107576296220883716 ) ) ;
#8636 = LINE ( 'NONE', #3405, #3034 ) ;
#8637 = ORIENTED_EDGE ( 'NONE', *, *, #5617, .T. ) ;
#8638 = CYLINDRICAL_SURFACE ( 'NONE', #517, 1.000000000000000666 ) ;
#8639 = CIRCLE ( 'NONE', #7550, 1.200000000000000622 ) ;
#8640 = EDGE_CURVE ( 'NONE', #6938, #6378, #3852, .T. ) ;
#8641 = AXIS2_PLACEMENT_3D ( 'NONE', #8090, #2973, #2925 ) ;
#8642 = ORIENTED_EDGE ( 'NONE', *, *, #1194, .T. ) ;
#8643 = EDGE_CURVE ( 'NONE', #5391, #1338, #4415, .T. ) ;
#8644 = VERTEX_POINT ( 'NONE', #5214 ) ;
#8645 = ORIENTED_EDGE ( 'NONE', *, *, #4855, .T. ) ;
#8646 = EDGE_CURVE ( 'NONE', #1834, #2490, #6441, .T. ) ;
#8647 = VECTOR ( 'NONE', #8970, 1000.000000000000000 ) ;
#8648 = FACE_OUTER_BOUND ( 'NONE', #5119, .T. ) ;
#8649 = FACE_OUTER_BOUND ( 'NONE', #4738, .T. ) ;
#8650 = DIRECTION ( 'NONE',  ( 0.7071067811865480168, 0.000000000000000000, 0.7071067811865470176 ) ) ;
#8651 = VECTOR ( 'NONE', #2136, 1000.000000000000000 ) ;
#8652 = ORIENTED_EDGE ( 'NONE', *, *, #6709, .T. ) ;
#8653 = DIRECTION ( 'NONE',  ( -1.000000000000000000, 0.000000000000000000, 0.000000000000000000 ) ) ;
#8654 = ORIENTED_EDGE ( 'NONE', *, *, #7686, .F. ) ;
#8655 = EDGE_CURVE ( 'NONE', #2068, #1695, #1670, .T. ) ;
#8656 = CIRCLE ( 'NONE', #4434, 1.700000000000000622 ) ;
#8657 =( BOUNDED_CURVE ( )  B_SPLINE_CURVE ( 3, ( #4280, #2767, #1948, #8776 ),
 .UNSPECIFIED., .F., .T. ) 
 B_SPLINE_CURVE_WITH_KNOTS ( ( 4, 4 ),
 ( 2.356194527067703159, 3.141592653589793116 ),
 .UNSPECIFIED. ) 
 CURVE ( )  GEOMETRIC_REPRESENTATION_ITEM ( )  RATIONAL_B_SPLINE_CURVE ( ( 1.000000000000000000, 0.9492530263780538657, 0.9492530263780538657, 1.000000000000000000 ) ) 
 REPRESENTATION_ITEM ( '' )  );
#8658 = ORIENTED_EDGE ( 'NONE', *, *, #6294, .T. ) ;
#8659 = CARTESIAN_POINT ( 'NONE',  ( 1.000000000000000000, 11.62387953251128536, 11.33153013000801046 ) ) ;
#8660 = CYLINDRICAL_SURFACE ( 'NONE', #7534, 1.000000000000001554 ) ;
#8661 = ORIENTED_EDGE ( 'NONE', *, *, #6830, .F. ) ;
#8662 = CARTESIAN_POINT ( 'NONE',  ( 9.199999999999999289, -3.659290927594020193, -4.106043096124059488 ) ) ;
#8663 = ORIENTED_EDGE ( 'NONE', *, *, #3906, .F. ) ;
#8664 = UNCERTAINTY_MEASURE_WITH_UNIT (LENGTH_MEASURE( 1.000000000000000082E-05 ), #400, 'distance_accuracy_value', 'NONE');
#8665 = CARTESIAN_POINT ( 'NONE',  ( 8.800000000000000711, 19.69999999999999929, 31.69999999999999929 ) ) ;
#8666 = VERTEX_POINT ( 'NONE', #1819 ) ;
#8667 = DIRECTION ( 'NONE',  ( -0.6717352172857283810, 0.7407913321969253895, 0.000000000000000000 ) ) ;
#8668 = EDGE_CURVE ( 'NONE', #5265, #546, #6590, .T. ) ;
#8669 = DIRECTION ( 'NONE',  ( -1.000000000000000000, 0.000000000000000000, 0.000000000000000000 ) ) ;
#8670 = DIRECTION ( 'NONE',  ( 0.000000000000000000, 1.000000000000000000, 0.000000000000000000 ) ) ;
#8671 = ORIENTED_EDGE ( 'NONE', *, *, #5121, .F. ) ;
#8672 = CARTESIAN_POINT ( 'NONE',  ( 0.000000000000000000, 26.70000000000000284, 3.514213562373099897 ) ) ;
#8673 = LINE ( 'NONE', #7294, #2504 ) ;
#8674 = CARTESIAN_POINT ( 'NONE',  ( 9.199999999999999289, 19.19999999999999929, 19.19999999999999929 ) ) ;
#8675 = ORIENTED_EDGE ( 'NONE', *, *, #9238, .F. ) ;
#8676 = DIRECTION ( 'NONE',  ( -0.7071067811865480168, 0.7071067811865470176, 0.000000000000000000 ) ) ;
#8677 = EDGE_CURVE ( 'NONE', #4814, #6146, #9239, .T. ) ;
#8678 = ORIENTED_EDGE ( 'NONE', *, *, #5918, .F. ) ;
#8679 = LINE ( 'NONE', #5003, #3518 ) ;
#8680 = LINE ( 'NONE', #4281, #4519 ) ;
#8681 = DIRECTION ( 'NONE',  ( 1.000000000000000000, 0.000000000000000000, 0.000000000000000000 ) ) ;
#8682 = DIRECTION ( 'NONE',  ( 0.7071067811865484609, 0.2993512984391807352, -0.6406159536904892926 ) ) ;
#8683 = FACE_OUTER_BOUND ( 'NONE', #92, .T. ) ;
#8684 = ORIENTED_EDGE ( 'NONE', *, *, #4845, .T. ) ;
#8685 = CARTESIAN_POINT ( 'NONE',  ( 4.799999999999999822, 25.10000000000000142, 12.51494535291870136 ) ) ;
#8686 = ORIENTED_EDGE ( 'NONE', *, *, #5766, .F. ) ;
#8687 = EDGE_CURVE ( 'NONE', #6376, #6870, #3948, .T. ) ;
#8688 = ORIENTED_EDGE ( 'NONE', *, *, #4148, .F. ) ;
#8689 = ORIENTED_EDGE ( 'NONE', *, *, #4458, .F. ) ;
#8690 = CARTESIAN_POINT ( 'NONE',  ( 1.399999999999999911, 17.50000000000040146, 16.72815858113710163 ) ) ;
#8691 = LINE ( 'NONE', #4966, #7302 ) ;
#8692 = CARTESIAN_POINT ( 'NONE',  ( 1.400000000000000133, -20.00000000000000000, 2.449293598294706513E-15 ) ) ;
#8693 = CARTESIAN_POINT ( 'NONE',  ( 3.799999999999998046, -47.41130192565057655, 1.500000000000000000 ) ) ;
#8694 = VERTEX_POINT ( 'NONE', #9186 ) ;
#8695 = DIRECTION ( 'NONE',  ( 0.000000000000000000, 0.000000000000000000, 1.000000000000000000 ) ) ;
#8696 = ORIENTED_EDGE ( 'NONE', *, *, #6984, .F. ) ;
#8697 = EDGE_CURVE ( 'NONE', #6267, #829, #360, .T. ) ;
#8698 = VECTOR ( 'NONE', #7246, 1000.000000000000000 ) ;
#8699 = ORIENTED_EDGE ( 'NONE', *, *, #5045, .T. ) ;
#8700 = ADVANCED_FACE ( 'NONE', ( #1085 ), #8450, .F. ) ;
#8701 = CARTESIAN_POINT ( 'NONE',  ( 9.799999999999998934, 12.50000000000000000, 0.9000000000000000222 ) ) ;
#8702 = CYLINDRICAL_SURFACE ( 'NONE', #5496, 0.9999999999999988898 ) ;
#8703 = EDGE_LOOP ( 'NONE', ( #1821, #4541 ) ) ;
#8704 = CARTESIAN_POINT ( 'NONE',  ( 9.799999999999998934, 20.10000000000000142, 15.50000000000000000 ) ) ;
#8705 = EDGE_CURVE ( 'NONE', #7442, #2989, #8542, .T. ) ;
#8706 = ORIENTED_EDGE ( 'NONE', *, *, #8520, .F. ) ;
#8707 = DIRECTION ( 'NONE',  ( 0.7071067811865470176, 0.000000000000000000, -0.7071067811865480168 ) ) ;
#8708 = ORIENTED_EDGE ( 'NONE', *, *, #5450, .T. ) ;
#8709 = FACE_OUTER_BOUND ( 'NONE', #9034, .T. ) ;
#8710 = AXIS2_PLACEMENT_3D ( 'NONE', #9375, #2881, #5849 ) ;
#8711 = DIRECTION ( 'NONE',  ( -1.000000000000000000, 0.000000000000000000, 0.000000000000000000 ) ) ;
#8712 = CARTESIAN_POINT ( 'NONE',  ( 9.000000000000000000, 19.19999999999999929, 19.19999999999999929 ) ) ;
#8713 = ORIENTED_EDGE ( 'NONE', *, *, #4869, .T. ) ;
#8714 = FACE_OUTER_BOUND ( 'NONE', #415, .T. ) ;
#8715 = FACE_OUTER_BOUND ( 'NONE', #7100, .T. ) ;
#8716 = LINE ( 'NONE', #528, #2424 ) ;
#8717 = ORIENTED_EDGE ( 'NONE', *, *, #1706, .T. ) ;
#8718 = DIRECTION ( 'NONE',  ( 1.000000000000000000, 0.000000000000000000, 0.000000000000000000 ) ) ;
#8719 = VECTOR ( 'NONE', #6282, 1000.000000000000000 ) ;
#8720 = VERTEX_POINT ( 'NONE', #1770 ) ;
#8721 = PLANE ( 'NONE',  #7735 ) ;
#8722 = DIRECTION ( 'NONE',  ( 0.000000000000000000, 0.000000000000000000, -1.000000000000000000 ) ) ;
#8723 = LINE ( 'NONE', #1402, #4117 ) ;
#8724 = DIRECTION ( 'NONE',  ( 0.000000000000000000, -0.000000000000000000, -1.000000000000000000 ) ) ;
#8725 = EDGE_CURVE ( 'NONE', #4515, #1862, #4734, .T. ) ;
#8726 = VERTEX_POINT ( 'NONE', #4822 ) ;
#8727 = DIRECTION ( 'NONE',  ( 0.000000000000000000, 0.000000000000000000, -1.000000000000000000 ) ) ;
#8728 = AXIS2_PLACEMENT_3D ( 'NONE', #3776, #6748, #2315 ) ;
#8729 = EDGE_LOOP ( 'NONE', ( #9220, #8302, #317, #2274 ) ) ;
#8730 = LINE ( 'NONE', #9367, #4392 ) ;
#8731 = EDGE_LOOP ( 'NONE', ( #3426, #8083, #7923, #2783 ) ) ;
#8732 = VERTEX_POINT ( 'NONE', #1716 ) ;
#8733 = CONICAL_SURFACE ( 'NONE', #5762, 22.49999999999999289, 0.7853981633974613796 ) ;
#8734 = ORIENTED_EDGE ( 'NONE', *, *, #4025, .F. ) ;
#8735 = LINE ( 'NONE', #5067, #8940 ) ;
#8736 = LINE ( 'NONE', #2050, #1614 ) ;
#8737 = CARTESIAN_POINT ( 'NONE',  ( 3.768060522498218212, -47.44354555951778707, 1.500000000000000000 ) ) ;
#8738 = EDGE_CURVE ( 'NONE', #5655, #9020, #4262, .T. ) ;
#8739 = VECTOR ( 'NONE', #527, 1000.000000000000000 ) ;
#8740 = ORIENTED_EDGE ( 'NONE', *, *, #8801, .F. ) ;
#8741 = FACE_OUTER_BOUND ( 'NONE', #9, .T. ) ;
#8742 = AXIS2_PLACEMENT_3D ( 'NONE', #9071, #5392, #3110 ) ;
#8743 = AXIS2_PLACEMENT_3D ( 'NONE', #7554, #1501, #2278 ) ;
#8744 = ORIENTED_EDGE ( 'NONE', *, *, #4331, .T. ) ;
#8745 = EDGE_CURVE ( 'NONE', #4307, #4891, #6752, .T. ) ;
#8746 = AXIS2_PLACEMENT_3D ( 'NONE', #4646, #4699, #6207 ) ;
#8747 = EDGE_CURVE ( 'NONE', #3955, #9100, #2552, .T. ) ;
#8748 = ORIENTED_EDGE ( 'NONE', *, *, #1510, .F. ) ;
#8749 = AXIS2_PLACEMENT_3D ( 'NONE', #8470, #6169, #9295 ) ;
#8750 = CARTESIAN_POINT ( 'NONE',  ( 1.600000000000000755, -20.00000000000000000, 2.449293598294706513E-15 ) ) ;
#8751 = LINE ( 'NONE', #2113, #8787 ) ;
#8752 = EDGE_CURVE ( 'NONE', #1044, #6710, #410, .T. ) ;
#8753 = ORIENTED_EDGE ( 'NONE', *, *, #1301, .F. ) ;
#8754 = ORIENTED_EDGE ( 'NONE', *, *, #2167, .T. ) ;
#8755 = DIRECTION ( 'NONE',  ( 1.000000000000000000, 0.000000000000000000, 0.000000000000000000 ) ) ;
#8756 = CONICAL_SURFACE ( 'NONE', #8281, 11.99500000000000632, 0.7853981633974442822 ) ;
#8757 = ORIENTED_EDGE ( 'NONE', *, *, #7459, .F. ) ;
#8758 = CARTESIAN_POINT ( 'NONE',  ( 3.400000000000000355, -47.75818823537125013, 1.107576296220883716 ) ) ;
#8759 = AXIS2_PLACEMENT_3D ( 'NONE', #9287, #8454, #4780 ) ;
#8760 = EDGE_CURVE ( 'NONE', #4817, #4003, #3274, .T. ) ;
#8761 = DIRECTION ( 'NONE',  ( -1.000000000000000000, -0.000000000000000000, -0.000000000000000000 ) ) ;
#8762 = CIRCLE ( 'NONE', #1133, 1.000000000000000888 ) ;
#8763 = CARTESIAN_POINT ( 'NONE',  ( 3.399999999999999911, 11.70000000000000107, 26.63271332580049844 ) ) ;
#8764 = ADVANCED_FACE ( 'NONE', ( #6342 ), #9409, .T. ) ;
#8765 = VECTOR ( 'NONE', #7904, 1000.000000000000000 ) ;
#8766 = ORIENTED_EDGE ( 'NONE', *, *, #8646, .F. ) ;
#8767 = FACE_OUTER_BOUND ( 'NONE', #702, .T. ) ;
#8768 = PLANE ( 'NONE',  #4047 ) ;
#8769 = CARTESIAN_POINT ( 'NONE',  ( 0.000000000000000000, 18.70000000000000284, 16.54670016771569863 ) ) ;
#8770 = ORIENTED_EDGE ( 'NONE', *, *, #7720, .T. ) ;
#8771 = CARTESIAN_POINT ( 'NONE',  ( 3.447756086898763783, 18.63812079477162342, 20.85505098737780827 ) ) ;
#8772 = AXIS2_PLACEMENT_3D ( 'NONE', #1441, #666, #4265 ) ;
#8773 = CIRCLE ( 'NONE', #6577, 2.999999999999999112 ) ;
#8774 = EDGE_CURVE ( 'NONE', #639, #745, #2240, .T. ) ;
#8775 = ORIENTED_EDGE ( 'NONE', *, *, #3689, .T. ) ;
#8776 = CARTESIAN_POINT ( 'NONE',  ( 8.800000000000000711, 20.10000000000000142, 31.69999999999999929 ) ) ;
#8777 = AXIS2_PLACEMENT_3D ( 'NONE', #2626, #7803, #4358 ) ;
#8778 = CIRCLE ( 'NONE', #4557, 0.5999999999999998668 ) ;
#8779 = DIRECTION ( 'NONE',  ( -1.000000000000000000, 0.000000000000000000, 0.000000000000000000 ) ) ;
#8780 = CARTESIAN_POINT ( 'NONE',  ( 9.199999999999999289, 20.69999999999999929, 15.50000000000000000 ) ) ;
#8781 = CARTESIAN_POINT ( 'NONE',  ( 1.600000000000000089, 20.89999999999999858, 19.19999999999999929 ) ) ;
#8782 = EDGE_LOOP ( 'NONE', ( #361, #8374, #170, #3949 ) ) ;
#8783 = AXIS2_PLACEMENT_3D ( 'NONE', #8003, #7270, #2827 ) ;
#8784 = DIRECTION ( 'NONE',  ( 0.000000000000000000, 0.000000000000000000, -1.000000000000000000 ) ) ;
#8785 = ORIENTED_EDGE ( 'NONE', *, *, #1301, .T. ) ;
#8786 = CARTESIAN_POINT ( 'NONE',  ( 6.301681340102726736, -17.50000000000000000, -4.432633234948033518 ) ) ;
#8787 = VECTOR ( 'NONE', #7235, 1000.000000000000114 ) ;
#8788 = VECTOR ( 'NONE', #8792, 1000.000000000000000 ) ;
#8789 = EDGE_CURVE ( 'NONE', #2747, #3345, #9325, .T. ) ;
#8790 = ORIENTED_EDGE ( 'NONE', *, *, #7849, .F. ) ;
#8791 = ORIENTED_EDGE ( 'NONE', *, *, #5950, .F. ) ;
#8792 = DIRECTION ( 'NONE',  ( 0.000000000000000000, 0.7071067811865470176, 0.7071067811865480168 ) ) ;
#8793 = CARTESIAN_POINT ( 'NONE',  ( 9.199999999999999289, -22.50000000000000355, 1.100000000000002531 ) ) ;
#8794 = CARTESIAN_POINT ( 'NONE',  ( 9.799999999999998934, 20.10000000000000142, 22.30000000000000071 ) ) ;
#8795 = CARTESIAN_POINT ( 'NONE',  ( 4.799999999999999822, 24.10000000000000142, 12.51494535291870136 ) ) ;
#8796 = VECTOR ( 'NONE', #1186, 1000.000000000000000 ) ;
#8797 = VECTOR ( 'NONE', #5236, 1000.000000000000000 ) ;
#8798 = ORIENTED_EDGE ( 'NONE', *, *, #543, .F. ) ;
#8799 = DIRECTION ( 'NONE',  ( -1.000000000000000000, -0.000000000000000000, -0.000000000000000000 ) ) ;
#8800 = ORIENTED_EDGE ( 'NONE', *, *, #5712, .F. ) ;
#8801 = EDGE_CURVE ( 'NONE', #5516, #9127, #9283, .T. ) ;
#8802 = ORIENTED_EDGE ( 'NONE', *, *, #6756, .F. ) ;
#8803 = DIRECTION ( 'NONE',  ( 1.000000000000000000, 0.000000000000000000, 0.000000000000000000 ) ) ;
#8804 = FACE_OUTER_BOUND ( 'NONE', #7907, .T. ) ;
#8805 = VERTEX_POINT ( 'NONE', #6152 ) ;
#8806 = DIRECTION ( 'NONE',  ( -1.000000000000000000, -0.000000000000000000, -0.000000000000000000 ) ) ;
#8807 = VERTEX_POINT ( 'NONE', #1861 ) ;
#8808 = VECTOR ( 'NONE', #734, 1000.000000000000000 ) ;
#8809 = FACE_OUTER_BOUND ( 'NONE', #7107, .T. ) ;
#8810 = VERTEX_POINT ( 'NONE', #9141 ) ;
#8811 = EDGE_CURVE ( 'NONE', #898, #7918, #7819, .T. ) ;
#8812 = FACE_OUTER_BOUND ( 'NONE', #3412, .T. ) ;
#8813 = CARTESIAN_POINT ( 'NONE',  ( 3.399999999999999911, 8.192893218813448897, 7.792893218813450318 ) ) ;
#8814 = CARTESIAN_POINT ( 'NONE',  ( 9.199999999999999289, -2.653299832284320203, 1.100000000000000089 ) ) ;
#8815 = ADVANCED_FACE ( 'NONE', ( #5412 ), #643, .F. ) ;
#8816 = ORIENTED_EDGE ( 'NONE', *, *, #4208, .F. ) ;
#8817 = DIRECTION ( 'NONE',  ( 0.000000000000000000, 1.000000000000000000, 0.000000000000000000 ) ) ;
#8818 = CARTESIAN_POINT ( 'NONE',  ( 10.20000000000000107, 18.19999999999999929, 31.30000000000000071 ) ) ;
#8819 = ORIENTED_EDGE ( 'NONE', *, *, #6548, .T. ) ;
#8820 = DIRECTION ( 'NONE',  ( 1.000000000000000000, 0.000000000000000000, 0.000000000000000000 ) ) ;
#8821 = EDGE_CURVE ( 'NONE', #9564, #1717, #7868, .T. ) ;
#8822 = CIRCLE ( 'NONE', #4599, 4.299999999999999822 ) ;
#8823 = EDGE_CURVE ( 'NONE', #8062, #6146, #8628, .T. ) ;
#8824 = DIRECTION ( 'NONE',  ( 1.000000000000000000, 0.000000000000000000, 0.000000000000000000 ) ) ;
#8825 = EDGE_CURVE ( 'NONE', #3761, #8485, #1230, .T. ) ;
#8826 = DIRECTION ( 'NONE',  ( -1.000000000000000000, 0.000000000000000000, 0.000000000000000000 ) ) ;
#8827 = FACE_OUTER_BOUND ( 'NONE', #4245, .T. ) ;
#8828 = ORIENTED_EDGE ( 'NONE', *, *, #1998, .T. ) ;
#8829 = CARTESIAN_POINT ( 'NONE',  ( 3.399999999999999911, 18.19999999999999929, 31.69999999999999929 ) ) ;
#8830 = B_SPLINE_CURVE_WITH_KNOTS ( 'NONE', 3,
 ( #1711, #4818, #9182, #2492 ),
 .UNSPECIFIED., .F., .F.,
 ( 4, 4 ),
 ( 0.0007744140519910543271, 0.0008671980863315923880 ),
 .UNSPECIFIED. ) ;
#8831 = ORIENTED_EDGE ( 'NONE', *, *, #4021, .F. ) ;
#8832 = CARTESIAN_POINT ( 'NONE',  ( 9.199999999999999289, -3.109953555073483145, -3.270442443208904759 ) ) ;
#8833 = ORIENTED_EDGE ( 'NONE', *, *, #3585, .F. ) ;
#8834 = EDGE_LOOP ( 'NONE', ( #2462, #9456, #6886, #6436 ) ) ;
#8835 = CARTESIAN_POINT ( 'NONE',  ( 0.4000000000000253353, -20.00000000000000000, 2.449293598294706513E-15 ) ) ;
#8836 = DIRECTION ( 'NONE',  ( 0.000000000000000000, 4.440892098500630106E-16, -1.000000000000000000 ) ) ;
#8837 = DIRECTION ( 'NONE',  ( 0.000000000000000000, -0.7071067811865475727, 0.7071067811865475727 ) ) ;
#8838 = DIRECTION ( 'NONE',  ( 0.000000000000000000, -0.7071067811865470176, -0.7071067811865480168 ) ) ;
#8839 = ADVANCED_FACE ( 'NONE', ( #500 ), #9569, .F. ) ;
#8840 = CIRCLE ( 'NONE', #4615, 2.099999999999991207 ) ;
#8841 = ORIENTED_EDGE ( 'NONE', *, *, #7756, .T. ) ;
#8842 = DIRECTION ( 'NONE',  ( 1.000000000000000000, 0.000000000000000000, 0.000000000000000000 ) ) ;
#8843 = PLANE ( 'NONE',  #480 ) ;
#8844 = ORIENTED_EDGE ( 'NONE', *, *, #9238, .T. ) ;
#8845 = CYLINDRICAL_SURFACE ( 'NONE', #3632, 0.9999999999999993339 ) ;
#8846 = LINE ( 'NONE', #1431, #681 ) ;
#8847 = ORIENTED_EDGE ( 'NONE', *, *, #5639, .T. ) ;
#8848 = CARTESIAN_POINT ( 'NONE',  ( 8.800000000000000711, 11.90000000000000036, 1.500000000000000000 ) ) ;
#8849 = ADVANCED_FACE ( 'NONE', ( #2742 ), #2828, .T. ) ;
#8850 = ORIENTED_EDGE ( 'NONE', *, *, #2358, .F. ) ;
#8851 = LINE ( 'NONE', #8951, #2672 ) ;
#8852 = ORIENTED_EDGE ( 'NONE', *, *, #3152, .T. ) ;
#8853 = CARTESIAN_POINT ( 'NONE',  ( 8.800000000000000711, -20.00000000000000000, -1.699999999999998179 ) ) ;
#8854 = DIRECTION ( 'NONE',  ( 0.000000000000000000, -0.2158927849980366853, 0.9764170755296076587 ) ) ;
#8855 = LINE ( 'NONE', #1345, #9317 ) ;
#8856 = CARTESIAN_POINT ( 'NONE',  ( 9.199999999999999289, 25.69999999999999929, 26.63271332580049844 ) ) ;
#8857 = ORIENTED_EDGE ( 'NONE', *, *, #4208, .T. ) ;
#8858 = CARTESIAN_POINT ( 'NONE',  ( 10.20000000000000107, 20.10000000000000142, 22.89999999999999858 ) ) ;
#8859 = CARTESIAN_POINT ( 'NONE',  ( 9.199999999999999289, -22.11660104885167755, 0.9000000000000001332 ) ) ;
#8860 = EDGE_CURVE ( 'NONE', #8503, #1784, #5069, .T. ) ;
#8861 = ORIENTED_EDGE ( 'NONE', *, *, #2957, .T. ) ;
#8862 = CARTESIAN_POINT ( 'NONE',  ( 3.399999999999999911, 18.88518518518520040, 20.87059619069750127 ) ) ;
#8863 = ADVANCED_FACE ( 'NONE', ( #5707 ), #2709, .F. ) ;
#8864 = EDGE_CURVE ( 'NONE', #9641, #6829, #3086, .T. ) ;
#8865 = CARTESIAN_POINT ( 'NONE',  ( 1.000000000000000000, -3.216881383985646714, 7.500000000000000000 ) ) ;
#8866 = DIRECTION ( 'NONE',  ( -0.7071067811865553443, -0.6507230237867660527, -0.2766939578556004142 ) ) ;
#8867 = DIRECTION ( 'NONE',  ( -1.000000000000000000, 0.000000000000000000, 0.000000000000000000 ) ) ;
#8868 = CARTESIAN_POINT ( 'NONE',  ( 1.000000000000000000, 5.000000000000000000, 4.599999999999999645 ) ) ;
#8869 = EDGE_CURVE ( 'NONE', #4157, #1834, #1001, .T. ) ;
#8870 = EDGE_LOOP ( 'NONE', ( #4199, #4781, #7081, #390 ) ) ;
#8871 = DIRECTION ( 'NONE',  ( 0.000000000000000000, 0.000000000000000000, 1.000000000000000000 ) ) ;
#8872 = ORIENTED_EDGE ( 'NONE', *, *, #7155, .T. ) ;
#8873 = EDGE_CURVE ( 'NONE', #8263, #6095, #384, .T. ) ;
#8874 = VERTEX_POINT ( 'NONE', #4968 ) ;
#8875 = EDGE_CURVE ( 'NONE', #800, #2575, #7953, .T. ) ;
#8876 = CARTESIAN_POINT ( 'NONE',  ( 3.399999999999999911, -3.216881383985655152, 7.500000000000000000 ) ) ;
#8877 = VECTOR ( 'NONE', #4994, 1000.000000000000114 ) ;
#8878 = CARTESIAN_POINT ( 'NONE',  ( 1.000000000000000000, 23.68735654541919899, 29.61966543474029834 ) ) ;
#8879 = CARTESIAN_POINT ( 'NONE',  ( 9.099999999999999645, 22.70000000000000284, 11.34403626200970017 ) ) ;
#8880 = CARTESIAN_POINT ( 'NONE',  ( 10.08528137423856919, -20.00000000000000000, 3.000000000000001776 ) ) ;
#8881 = DIRECTION ( 'NONE',  ( 0.000000000000000000, 0.000000000000000000, 1.000000000000000000 ) ) ;
#8882 = EDGE_CURVE ( 'NONE', #6541, #7156, #5022, .T. ) ;
#8883 = EDGE_LOOP ( 'NONE', ( #4918, #114, #5220, #2282 ) ) ;
#8884 = CARTESIAN_POINT ( 'NONE',  ( 3.799999999999999822, 17.69999999999999929, 13.25000000000000000 ) ) ;
#8885 = VECTOR ( 'NONE', #4440, 1000.000000000000114 ) ;
#8886 = LINE ( 'NONE', #5210, #946 ) ;
#8887 = EDGE_CURVE ( 'NONE', #792, #7505, #7271, .T. ) ;
#8888 = VERTEX_POINT ( 'NONE', #4339 ) ;
#8889 = DIRECTION ( 'NONE',  ( -1.000000000000000000, 0.000000000000000000, 0.000000000000000000 ) ) ;
#8890 = FACE_OUTER_BOUND ( 'NONE', #9452, .T. ) ;
#8891 = CIRCLE ( 'NONE', #5132, 1.000000000000000666 ) ;
#8892 = ORIENTED_EDGE ( 'NONE', *, *, #3279, .F. ) ;
#8893 = DIRECTION ( 'NONE',  ( 0.000000000000000000, 1.000000000000000000, 0.000000000000000000 ) ) ;
#8894 = VECTOR ( 'NONE', #387, 1000.000000000000114 ) ;
#8895 = ORIENTED_EDGE ( 'NONE', *, *, #4701, .F. ) ;
#8896 = FACE_OUTER_BOUND ( 'NONE', #3945, .T. ) ;
#8897 = VERTEX_POINT ( 'NONE', #8004 ) ;
#8898 = LINE ( 'NONE', #7315, #521 ) ;
#8899 = VECTOR ( 'NONE', #9482, 1000.000000000000227 ) ;
#8900 = AXIS2_PLACEMENT_3D ( 'NONE', #4012, #9254, #9157 ) ;
#8901 = EDGE_CURVE ( 'NONE', #2355, #5060, #5803, .T. ) ;
#8902 = DIRECTION ( 'NONE',  ( 1.000000000000000000, 0.000000000000000000, 0.000000000000000000 ) ) ;
#8903 = CYLINDRICAL_SURFACE ( 'NONE', #7457, 0.5999999999999998668 ) ;
#8904 = PLANE ( 'NONE',  #7208 ) ;
#8905 = ORIENTED_EDGE ( 'NONE', *, *, #8582, .T. ) ;
#8906 = DIRECTION ( 'NONE',  ( 0.000000000000000000, 0.000000000000000000, -1.000000000000000000 ) ) ;
#8907 = COLOUR_RGB ( '',0.7921568627450980005, 0.8196078431372548767, 0.9333333333333333481 ) ;
#8908 = DIRECTION ( 'NONE',  ( 0.000000000000000000, 2.220446049250309876E-16, -1.000000000000000000 ) ) ;
#8909 = SURFACE_STYLE_USAGE ( .BOTH. , #3778 ) ;
#8910 = EDGE_LOOP ( 'NONE', ( #4168, #6156, #9609, #2523 ) ) ;
#8911 = CARTESIAN_POINT ( 'NONE',  ( 10.20000000000000107, 3.700000000000000178, 1.100000000000000089 ) ) ;
#8912 = AXIS2_PLACEMENT_3D ( 'NONE', #7390, #2161, #1436 ) ;
#8913 = VECTOR ( 'NONE', #7942, 1000.000000000000000 ) ;
#8914 = EDGE_CURVE ( 'NONE', #6221, #899, #4297, .T. ) ;
#8915 = CIRCLE ( 'NONE', #8446, 0.9999999999999998890 ) ;
#8916 = CARTESIAN_POINT ( 'NONE',  ( 1.399999999999999911, 19.19999999999999929, 22.19999999999999574 ) ) ;
#8917 = DIRECTION ( 'NONE',  ( -1.000000000000000000, 0.000000000000000000, 0.000000000000000000 ) ) ;
#8918 = FACE_OUTER_BOUND ( 'NONE', #8948, .T. ) ;
#8919 = DIRECTION ( 'NONE',  ( 0.7071067811865467956, -0.5000000000000005551, 0.5000000000000005551 ) ) ;
#8920 = LINE ( 'NONE', #8276, #7085 ) ;
#8921 = EDGE_LOOP ( 'NONE', ( #2206, #4553, #20, #5638 ) ) ;
#8922 = DIRECTION ( 'NONE',  ( 0.000000000000000000, -1.000000000000000000, 0.000000000000000000 ) ) ;
#8923 = CIRCLE ( 'NONE', #7364, 0.2000000000000000944 ) ;
#8924 = VERTEX_POINT ( 'NONE', #1964 ) ;
#8925 = CONICAL_SURFACE ( 'NONE', #1445, 0.8000000000000002665, 0.7853981633974469467 ) ;
#8926 = EDGE_CURVE ( 'NONE', #3192, #8666, #7316, .T. ) ;
#8927 = ORIENTED_EDGE ( 'NONE', *, *, #3213, .T. ) ;
#8928 = VECTOR ( 'NONE', #1585, 1000.000000000000000 ) ;
#8929 = AXIS2_PLACEMENT_3D ( 'NONE', #6304, #9194, #952 ) ;
#8930 = CARTESIAN_POINT ( 'NONE',  ( 9.000000000000000000, 22.39926248451300239, 22.43768812588820083 ) ) ;
#8931 = AXIS2_PLACEMENT_3D ( 'NONE', #5866, #612, #3573 ) ;
#8932 = DIRECTION ( 'NONE',  ( 0.000000000000000000, 0.000000000000000000, -1.000000000000000000 ) ) ;
#8933 = FACE_OUTER_BOUND ( 'NONE', #5326, .T. ) ;
#8934 = CARTESIAN_POINT ( 'NONE',  ( 9.199999999999999289, 22.47044243093473526, 16.09004643178723271 ) ) ;
#8935 = CARTESIAN_POINT ( 'NONE',  ( 8.800000000000002487, -47.75818823537125013, 1.107576296220883716 ) ) ;
#8936 = ADVANCED_FACE ( 'NONE', ( #1371 ), #237, .T. ) ;
#8937 = ORIENTED_EDGE ( 'NONE', *, *, #4721, .F. ) ;
#8938 = LINE ( 'NONE', #6004, #7195 ) ;
#8939 = AXIS2_PLACEMENT_3D ( 'NONE', #8947, #751, #7525 ) ;
#8940 = VECTOR ( 'NONE', #7313, 1000.000000000000000 ) ;
#8941 = AXIS2_PLACEMENT_3D ( 'NONE', #1174, #6283, #1852 ) ;
#8942 = ADVANCED_FACE ( 'NONE', ( #4435 ), #9576, .F. ) ;
#8943 = LINE ( 'NONE', #3756, #6688 ) ;
#8944 = EDGE_LOOP ( 'NONE', ( #22, #6336, #726, #5227 ) ) ;
#8945 = DIRECTION ( 'NONE',  ( 0.000000000000000000, 0.000000000000000000, -1.000000000000000000 ) ) ;
#8946 = VECTOR ( 'NONE', #346, 1000.000000000000114 ) ;
#8947 = CARTESIAN_POINT ( 'NONE',  ( 9.099999999999999645, 22.70000001490119956, 24.16276451370509903 ) ) ;
#8948 = EDGE_LOOP ( 'NONE', ( #153, #9563, #2126, #2983 ) ) ;
#8949 = DIRECTION ( 'NONE',  ( 0.000000000000000000, 0.000000000000000000, -1.000000000000000000 ) ) ;
#8950 = VERTEX_POINT ( 'NONE', #744 ) ;
#8951 = CARTESIAN_POINT ( 'NONE',  ( 10.20000000000000107, 2.050000000000000266, 1.100000000000000089 ) ) ;
#8952 = ORIENTED_EDGE ( 'NONE', *, *, #7414, .T. ) ;
#8953 = DIRECTION ( 'NONE',  ( 0.7071067811865480168, 0.000000000000000000, 0.7071067811865470176 ) ) ;
#8954 = VERTEX_POINT ( 'NONE', #6001 ) ;
#8955 = DIRECTION ( 'NONE',  ( 0.7071067811865472397, -0.7071067811865472397, 2.810786830278700839E-08 ) ) ;
#8956 = CARTESIAN_POINT ( 'NONE',  ( 9.199999999999999289, 19.19999999999999929, 19.19999999999999929 ) ) ;
#8957 = CARTESIAN_POINT ( 'NONE',  ( 4.799999999999999822, 2.056159346461670090, -3.748607975480150234 ) ) ;
#8958 = AXIS2_PLACEMENT_3D ( 'NONE', #292, #7601, #6270 ) ;
#8959 = VERTEX_POINT ( 'NONE', #8935 ) ;
#8960 = DIRECTION ( 'NONE',  ( 0.000000000000000000, -1.000000000000000000, 0.000000000000000000 ) ) ;
#8961 = CARTESIAN_POINT ( 'NONE',  ( 9.099999999999999645, 2.243379812151309771, -3.551280561236899835 ) ) ;
#8962 = VERTEX_POINT ( 'NONE', #2193 ) ;
#8963 = FACE_OUTER_BOUND ( 'NONE', #9352, .T. ) ;
#8964 = AXIS2_PLACEMENT_3D ( 'NONE', #7933, #7843, #9351 ) ;
#8965 = AXIS2_PLACEMENT_3D ( 'NONE', #548, #7222, #7267 ) ;
#8966 = CARTESIAN_POINT ( 'NONE',  ( 72.83961030678925397, -25.51999999999984681, 27.02999999999993008 ) ) ;
#8967 = LINE ( 'NONE', #1500, #2749 ) ;
#8968 = DIRECTION ( 'NONE',  ( 0.000000000000000000, -0.9764170757445558291, -0.2158927840258914044 ) ) ;
#8969 = DIRECTION ( 'NONE',  ( 0.000000000000000000, 1.000000000000000000, 4.440892098500630106E-16 ) ) ;
#8970 = DIRECTION ( 'NONE',  ( 0.000000000000000000, -1.740474414014739839E-13, -1.000000000000000000 ) ) ;
#8971 = ORIENTED_EDGE ( 'NONE', *, *, #6781, .T. ) ;
#8972 = DIRECTION ( 'NONE',  ( -0.7071067811865480168, 0.000000000000000000, 0.7071067811865470176 ) ) ;
#8973 = AXIS2_PLACEMENT_3D ( 'NONE', #4380, #8188, #1413 ) ;
#8974 = ORIENTED_EDGE ( 'NONE', *, *, #1130, .F. ) ;
#8975 = EDGE_CURVE ( 'NONE', #1823, #4307, #7076, .T. ) ;
#8976 = ORIENTED_EDGE ( 'NONE', *, *, #2420, .T. ) ;
#8977 = CARTESIAN_POINT ( 'NONE',  ( 3.799999999999999378, -20.00000000000000000, 2.449293598294706513E-15 ) ) ;
#8978 = CONICAL_SURFACE ( 'NONE', #733, 22.49999999999999289, 0.7853981633974526089 ) ;
#8979 = DIRECTION ( 'NONE',  ( 0.7071067811865481278, -0.2981182013302060563, 0.6411907189250651840 ) ) ;
#8980 = DIRECTION ( 'NONE',  ( 0.000000000000000000, -0.4233466661666844821, 0.9059677699816666152 ) ) ;
#8981 = DIRECTION ( 'NONE',  ( 1.000000000000000000, 0.000000000000000000, 0.000000000000000000 ) ) ;
#8982 = ADVANCED_FACE ( 'NONE', ( #3751 ), #861, .F. ) ;
#8983 = CARTESIAN_POINT ( 'NONE',  ( 9.199999999999999289, -3.237688125888199764, -3.199262484512959581 ) ) ;
#8984 = EDGE_LOOP ( 'NONE', ( #9385, #5416, #7930, #7948 ) ) ;
#8985 = EDGE_CURVE ( 'NONE', #712, #611, #4478, .T. ) ;
#8986 = CARTESIAN_POINT ( 'NONE',  ( 3.799999999999999378, -20.00000000000000000, 2.449293598294706513E-15 ) ) ;
#8987 = CARTESIAN_POINT ( 'NONE',  ( 9.000000000000000000, 21.79321940329010232, 23.74116171199930037 ) ) ;
#8988 = ORIENTED_EDGE ( 'NONE', *, *, #8738, .T. ) ;
#8989 = CARTESIAN_POINT ( 'NONE',  ( 9.199999999999999289, 6.685054647081260626, -4.899999999999999467 ) ) ;
#8990 = CARTESIAN_POINT ( 'NONE',  ( 8.800000000000002487, 11.90000000000000036, 1.500000000000000000 ) ) ;
#8991 = ORIENTED_EDGE ( 'NONE', *, *, #3971, .T. ) ;
#8992 = CARTESIAN_POINT ( 'NONE',  ( 1.399999999999999911, 0.000000000000000000, 0.000000000000000000 ) ) ;
#8993 = VERTEX_POINT ( 'NONE', #3843 ) ;
#8994 = EDGE_CURVE ( 'NONE', #1170, #6496, #5155, .T. ) ;
#8995 = CARTESIAN_POINT ( 'NONE',  ( 9.800000000000002487, -17.50000000000000000, -1.500000000000000000 ) ) ;
#8996 = ORIENTED_EDGE ( 'NONE', *, *, #1710, .T. ) ;
#8997 = FACE_OUTER_BOUND ( 'NONE', #881, .T. ) ;
#8998 = EDGE_CURVE ( 'NONE', #8503, #5854, #8166, .T. ) ;
#8999 = EDGE_LOOP ( 'NONE', ( #4790, #847, #3257, #1112 ) ) ;
#9000 = FACE_OUTER_BOUND ( 'NONE', #4489, .T. ) ;
#9001 = CARTESIAN_POINT ( 'NONE',  ( 1.399999999999999911, -17.52815858113834935, 1.700000000000002842 ) ) ;
#9002 = CARTESIAN_POINT ( 'NONE',  ( 9.199999999999999289, 25.30000000000000071, 12.51494535291870136 ) ) ;
#9003 = ORIENTED_EDGE ( 'NONE', *, *, #1846, .T. ) ;
#9004 = CARTESIAN_POINT ( 'NONE',  ( 10.20000000000000107, 3.700000000000000178, 0.9000000000000000222 ) ) ;
#9005 = CARTESIAN_POINT ( 'NONE',  ( 10.20000000000000107, -44.10000000000001563, -1.100000000000000089 ) ) ;
#9006 = ORIENTED_EDGE ( 'NONE', *, *, #4845, .F. ) ;
#9007 = EDGE_CURVE ( 'NONE', #2438, #7711, #6094, .T. ) ;
#9008 = CARTESIAN_POINT ( 'NONE',  ( 9.000000000000000000, 4.962764524705690405, -2.500000000000000000 ) ) ;
#9009 = FACE_OUTER_BOUND ( 'NONE', #227, .T. ) ;
#9010 = CIRCLE ( 'NONE', #6045, 2.099999999999991207 ) ;
#9011 = CARTESIAN_POINT ( 'NONE',  ( 10.20000000000000107, 18.29999998155459906, 15.69999999999999929 ) ) ;
#9012 = EDGE_CURVE ( 'NONE', #6267, #1181, #9419, .T. ) ;
#9013 = LINE ( 'NONE', #6759, #1986 ) ;
#9014 = CARTESIAN_POINT ( 'NONE',  ( 9.199999999999999289, 3.700000000000000178, -0.9000000000000000222 ) ) ;
#9015 = CARTESIAN_POINT ( 'NONE',  ( -3.610802925459562829, 3.134314575050749951, 1.100000000000000089 ) ) ;
#9016 = CYLINDRICAL_SURFACE ( 'NONE', #2253, 1.000000000000000000 ) ;
#9017 = VERTEX_POINT ( 'NONE', #7466 ) ;
#9018 = FACE_OUTER_BOUND ( 'NONE', #1134, .T. ) ;
#9019 = AXIS2_PLACEMENT_3D ( 'NONE', #8408, #5470, #1185 ) ;
#9020 = VERTEX_POINT ( 'NONE', #1561 ) ;
#9021 = VERTEX_POINT ( 'NONE', #5105 ) ;
#9022 = VECTOR ( 'NONE', #1809, 1000.000000000000000 ) ;
#9023 = LINE ( 'NONE', #8930, #716 ) ;
#9024 = EDGE_CURVE ( 'NONE', #5391, #4340, #786, .T. ) ;
#9025 = DIRECTION ( 'NONE',  ( 0.000000000000000000, -0.4233466661666844821, 0.9059677699816666152 ) ) ;
#9026 = FACE_OUTER_BOUND ( 'NONE', #9202, .T. ) ;
#9027 = CARTESIAN_POINT ( 'NONE',  ( 8.800000000000000711, -17.88339895114832601, 1.500000000000000000 ) ) ;
#9028 = DIRECTION ( 'NONE',  ( 0.7071067811865470176, 0.7071067811865480168, 3.140184917367550826E-16 ) ) ;
#9029 = VERTEX_POINT ( 'NONE', #7516 ) ;
#9030 = CARTESIAN_POINT ( 'NONE',  ( -4.082086271002694389, -2.560451229361954795, 1.100000000000000089 ) ) ;
#9031 = ORIENTED_EDGE ( 'NONE', *, *, #7288, .F. ) ;
#9032 = DIRECTION ( 'NONE',  ( 1.000000000000000000, -0.000000000000000000, -0.000000000000000000 ) ) ;
#9033 = VECTOR ( 'NONE', #6206, 1000.000000000000000 ) ;
#9034 = EDGE_LOOP ( 'NONE', ( #6429, #6140, #6883, #1460 ) ) ;
#9035 = EDGE_CURVE ( 'NONE', #2454, #2445, #5248, .T. ) ;
#9036 = CARTESIAN_POINT ( 'NONE',  ( 1.600000000000000089, 17.50000000000000000, 19.19999999999999929 ) ) ;
#9037 = CARTESIAN_POINT ( 'NONE',  ( 9.199999999999999289, 6.685054647081260626, -6.100000000000000533 ) ) ;
#9038 = EDGE_LOOP ( 'NONE', ( #6115, #5940, #2513, #431, #211 ) ) ;
#9039 = CARTESIAN_POINT ( 'NONE',  ( 3.399999999999999911, 16.92150495344309746, 31.46707687015239685 ) ) ;
#9040 = ORIENTED_EDGE ( 'NONE', *, *, #3906, .T. ) ;
#9041 = CARTESIAN_POINT ( 'NONE',  ( 4.799999999999999822, 24.10000000000000142, 25.88505464708130077 ) ) ;
#9042 = AXIS2_PLACEMENT_3D ( 'NONE', #136, #3961, #5473 ) ;
#9043 = EDGE_LOOP ( 'NONE', ( #1774, #5797, #2579, #1677 ) ) ;
#9044 = LINE ( 'NONE', #5174, #2547 ) ;
#9045 = EDGE_CURVE ( 'NONE', #4479, #4998, #1169, .T. ) ;
#9046 = ADVANCED_FACE ( 'NONE', ( #4385 ), #7371, .F. ) ;
#9047 = AXIS2_PLACEMENT_3D ( 'NONE', #3833, #6808, #146 ) ;
#9048 = ORIENTED_EDGE ( 'NONE', *, *, #8869, .F. ) ;
#9049 = ADVANCED_FACE ( 'NONE', ( #111 ), #6629, .F. ) ;
#9050 = AXIS2_PLACEMENT_3D ( 'NONE', #1498, #7547, #5330 ) ;
#9051 = DIRECTION ( 'NONE',  ( -1.000000000000000000, 0.000000000000000000, 0.000000000000000000 ) ) ;
#9052 = LINE ( 'NONE', #1728, #2629 ) ;
#9053 = FACE_OUTER_BOUND ( 'NONE', #5687, .T. ) ;
#9054 = ORIENTED_EDGE ( 'NONE', *, *, #7783, .F. ) ;
#9055 = DIRECTION ( 'NONE',  ( 0.000000000000000000, 0.000000000000000000, -1.000000000000000000 ) ) ;
#9056 = CARTESIAN_POINT ( 'NONE',  ( 9.199999999999999289, 20.66568542494919924, 31.30000000000000071 ) ) ;
#9057 = ORIENTED_EDGE ( 'NONE', *, *, #1120, .T. ) ;
#9058 = DIRECTION ( 'NONE',  ( 0.7071067811865470176, 1.570092458683769990E-16, -0.7071067811865480168 ) ) ;
#9059 = EDGE_CURVE ( 'NONE', #46, #1117, #6606, .T. ) ;
#9060 = CARTESIAN_POINT ( 'NONE',  ( 9.799999999999998934, 3.275735926223754646, -1.324264063647611289 ) ) ;
#9061 = CIRCLE ( 'NONE', #2518, 2.000000000000000000 ) ;
#9062 = EDGE_CURVE ( 'NONE', #4233, #7824, #5297, .T. ) ;
#9063 = ADVANCED_FACE ( 'NONE', ( #2392 ), #3173, .F. ) ;
#9064 = CARTESIAN_POINT ( 'NONE',  ( 1.399999999999999911, 17.50000000000040146, 21.67184141886290050 ) ) ;
#9065 = AXIS2_PLACEMENT_3D ( 'NONE', #8365, #8806, #4158 ) ;
#9066 = FACE_OUTER_BOUND ( 'NONE', #1270, .T. ) ;
#9067 = VECTOR ( 'NONE', #5676, 1000.000000000000000 ) ;
#9068 = LINE ( 'NONE', #4421, #5772 ) ;
#9069 = LINE ( 'NONE', #5342, #6386 ) ;
#9070 = ORIENTED_EDGE ( 'NONE', *, *, #685, .F. ) ;
#9071 = CARTESIAN_POINT ( 'NONE',  ( 3.600000000000000089, 12.09095449467899996, 27.16625006070979609 ) ) ;
#9072 = VECTOR ( 'NONE', #5115, 1000.000000000000000 ) ;
#9073 = AXIS2_PLACEMENT_3D ( 'NONE', #3469, #9430, #8695 ) ;
#9074 = ORIENTED_EDGE ( 'NONE', *, *, #4375, .F. ) ;
#9075 = CARTESIAN_POINT ( 'NONE',  ( 9.199999999999999289, 18.70000000000000284, 16.54670016771569863 ) ) ;
#9076 = DIRECTION ( 'NONE',  ( 1.000000000000000000, 0.000000000000000000, 0.000000000000000000 ) ) ;
#9077 = AXIS2_PLACEMENT_3D ( 'NONE', #9606, #3546, #6475 ) ;
#9078 = CARTESIAN_POINT ( 'NONE',  ( 9.799999999999998934, -17.10000000000000497, 1.500000000000000000 ) ) ;
#9079 = CARTESIAN_POINT ( 'NONE',  ( 4.799999999999999822, 23.30604309612409963, 22.85929092759399950 ) ) ;
#9080 = DIRECTION ( 'NONE',  ( 0.7071067811865460184, -0.6411907189250669603, 0.2981182013302069445 ) ) ;
#9081 = CIRCLE ( 'NONE', #3767, 1.700000000000000622 ) ;
#9082 = VERTEX_POINT ( 'NONE', #3887 ) ;
#9083 = DIRECTION ( 'NONE',  ( -1.000000000000000000, -0.000000000000000000, -0.000000000000000000 ) ) ;
#9084 = ORIENTED_EDGE ( 'NONE', *, *, #6714, .F. ) ;
#9085 = EDGE_CURVE ( 'NONE', #829, #2562, #5401, .T. ) ;
#9086 = AXIS2_PLACEMENT_3D ( 'NONE', #2415, #7541, #3094 ) ;
#9087 = VECTOR ( 'NONE', #4063, 1000.000000000000000 ) ;
#9088 = CARTESIAN_POINT ( 'NONE',  ( 0.000000000000000000, 25.69999999999999929, 3.514213562373090127 ) ) ;
#9089 = AXIS2_PLACEMENT_3D ( 'NONE', #8786, #7493, #3828 ) ;
#9090 = ORIENTED_EDGE ( 'NONE', *, *, #1836, .F. ) ;
#9091 = CARTESIAN_POINT ( 'NONE',  ( 3.526687694515973526, 18.47854623302320221, 17.52188049311719098 ) ) ;
#9092 = FACE_OUTER_BOUND ( 'NONE', #6056, .T. ) ;
#9093 = AXIS2_PLACEMENT_3D ( 'NONE', #8463, #2647, #4888 ) ;
#9094 = ORIENTED_EDGE ( 'NONE', *, *, #4389, .T. ) ;
#9095 = AXIS2_PLACEMENT_3D ( 'NONE', #8750, #7919, #2060 ) ;
#9096 = DIRECTION ( 'NONE',  ( -1.000000000000000000, 0.000000000000000000, 0.000000000000000000 ) ) ;
#9097 = VERTEX_POINT ( 'NONE', #8436 ) ;
#9098 = DIRECTION ( 'NONE',  ( -0.7071067811865480168, 0.7071067811865470176, 0.000000000000000000 ) ) ;
#9099 = VECTOR ( 'NONE', #8342, 1000.000000000000000 ) ;
#9100 = VERTEX_POINT ( 'NONE', #8491 ) ;
#9101 = ADVANCED_FACE ( 'NONE', ( #6187 ), #304, .T. ) ;
#9102 = ORIENTED_EDGE ( 'NONE', *, *, #8144, .T. ) ;
#9103 = CARTESIAN_POINT ( 'NONE',  ( 9.199999999999999289, 26.30000000000000071, 23.15000000000000213 ) ) ;
#9104 = CARTESIAN_POINT ( 'NONE',  ( 10.20000000000000107, 12.09999999999999964, -0.4499999880799009921 ) ) ;
#9105 = DIRECTION ( 'NONE',  ( -0.7071067811865470176, -0.7071067811865480168, -3.140184917367550333E-16 ) ) ;
#9106 = ORIENTED_EDGE ( 'NONE', *, *, #7617, .F. ) ;
#9107 = FACE_OUTER_BOUND ( 'NONE', #2889, .T. ) ;
#9108 = FACE_OUTER_BOUND ( 'NONE', #8352, .T. ) ;
#9109 = ORIENTED_EDGE ( 'NONE', *, *, #9444, .T. ) ;
#9110 = CARTESIAN_POINT ( 'NONE',  ( 4.799999999999999822, 22.70000001490119956, 24.16276451370509903 ) ) ;
#9111 = AXIS2_PLACEMENT_3D ( 'NONE', #1469, #6578, #4431 ) ;
#9112 = FACE_OUTER_BOUND ( 'NONE', #49, .T. ) ;
#9113 = EDGE_CURVE ( 'NONE', #337, #5650, #2443, .T. ) ;
#9114 = AXIS2_PLACEMENT_3D ( 'NONE', #6514, #8867, #3592 ) ;
#9115 = VECTOR ( 'NONE', #249, 1000.000000000000000 ) ;
#9116 = EDGE_CURVE ( 'NONE', #9652, #233, #3656, .T. ) ;
#9117 = DIRECTION ( 'NONE',  ( -1.000000000000000000, 0.000000000000000000, 0.000000000000000000 ) ) ;
#9118 = DIRECTION ( 'NONE',  ( -1.000000000000000000, 0.000000000000000000, 0.000000000000000000 ) ) ;
#9119 = LINE ( 'NONE', #1064, #4989 ) ;
#9120 = DIRECTION ( 'NONE',  ( 0.000000000000000000, -0.6382847385042265120, -0.7698003589195000496 ) ) ;
#9121 = EDGE_CURVE ( 'NONE', #1713, #8240, #1853, .T. ) ;
#9122 = DIRECTION ( 'NONE',  ( -0.7071067811865394681, 0.000000000000000000, -0.7071067811865555663 ) ) ;
#9123 = VERTEX_POINT ( 'NONE', #6969 ) ;
#9124 = CARTESIAN_POINT ( 'NONE',  ( 10.20000000000000107, -17.10000000000000497, 1.100000000000000089 ) ) ;
#9125 = ADVANCED_FACE ( 'NONE', ( #6230 ), #2487, .F. ) ;
#9126 = AXIS2_PLACEMENT_3D ( 'NONE', #920, #2578, #2475 ) ;
#9127 = VERTEX_POINT ( 'NONE', #7611 ) ;
#9128 = FACE_OUTER_BOUND ( 'NONE', #273, .T. ) ;
#9129 = FACE_OUTER_BOUND ( 'NONE', #6571, .T. ) ;
#9130 = DIRECTION ( 'NONE',  ( 0.000000000000000000, 1.000000000000000000, 0.000000000000000000 ) ) ;
#9131 = B_SPLINE_CURVE_WITH_KNOTS ( 'NONE', 3,
 ( #8876, #4473, #740, #2924 ),
 .UNSPECIFIED., .F., .F.,
 ( 4, 4 ),
 ( 7.269816092100958512E-18, 0.0006668215153081479907 ),
 .UNSPECIFIED. ) ;
#9132 = LINE ( 'NONE', #2442, #8625 ) ;
#9133 = CARTESIAN_POINT ( 'NONE',  ( 0.000000000000000000, 21.17820450131710786, 31.63996725212966865 ) ) ;
#9134 = ORIENTED_EDGE ( 'NONE', *, *, #5708, .T. ) ;
#9135 = LINE ( 'NONE', #7014, #3459 ) ;
#9136 = ORIENTED_EDGE ( 'NONE', *, *, #4537, .F. ) ;
#9137 = LINE ( 'NONE', #5362, #6540 ) ;
#9138 = ORIENTED_EDGE ( 'NONE', *, *, #8085, .F. ) ;
#9139 = LINE ( 'NONE', #7769, #64 ) ;
#9140 = EDGE_CURVE ( 'NONE', #8240, #8132, #1757, .T. ) ;
#9141 = CARTESIAN_POINT ( 'NONE',  ( 9.199999999999999289, 18.31702915689746547, 17.00858038306740028 ) ) ;
#9142 = VERTEX_POINT ( 'NONE', #8343 ) ;
#9143 = SURFACE_STYLE_USAGE ( .BOTH. , #7625 ) ;
#9144 = ORIENTED_EDGE ( 'NONE', *, *, #7447, .T. ) ;
#9145 = DIRECTION ( 'NONE',  ( 0.7071067811865480168, -0.000000000000000000, -0.7071067811865470176 ) ) ;
#9146 = ORIENTED_EDGE ( 'NONE', *, *, #9600, .T. ) ;
#9147 = AXIS2_PLACEMENT_3D ( 'NONE', #8179, #2322, #41 ) ;
#9148 = ORIENTED_EDGE ( 'NONE', *, *, #7389, .T. ) ;
#9149 = CARTESIAN_POINT ( 'NONE',  ( 1.399999999999999911, 0.000000000000000000, 0.000000000000000000 ) ) ;
#9150 = CARTESIAN_POINT ( 'NONE',  ( 9.199999999999999289, 12.50000000000000000, -0.9000000238503169658 ) ) ;
#9151 = EDGE_CURVE ( 'NONE', #4527, #3399, #6335, .T. ) ;
#9152 = LINE ( 'NONE', #7828, #5967 ) ;
#9153 = ORIENTED_EDGE ( 'NONE', *, *, #9343, .F. ) ;
#9154 = LINE ( 'NONE', #2511, #7312 ) ;
#9155 = CARTESIAN_POINT ( 'NONE',  ( 9.000000000000000000, 24.74155520049110280, 11.74786848276629847 ) ) ;
#9156 = ORIENTED_EDGE ( 'NONE', *, *, #3099, .T. ) ;
#9157 = DIRECTION ( 'NONE',  ( 1.000000000000000000, 0.000000000000000000, 0.000000000000000000 ) ) ;
#9158 = PLANE ( 'NONE',  #4548 ) ;
#9159 = LINE ( 'NONE', #1837, #9383 ) ;
#9160 = DIRECTION ( 'NONE',  ( 1.000000000000000000, 0.000000000000000000, 0.000000000000000000 ) ) ;
#9161 = EDGE_CURVE ( 'NONE', #7251, #4362, #5511, .T. ) ;
#9162 = VERTEX_POINT ( 'NONE', #5547 ) ;
#9163 = DIRECTION ( 'NONE',  ( 0.000000000000000000, 1.000000000000000000, 0.000000000000000000 ) ) ;
#9164 = CARTESIAN_POINT ( 'NONE',  ( 0.000000000000000000, 26.60596776998166746, 27.05605999196718514 ) ) ;
#9165 = CARTESIAN_POINT ( 'NONE',  ( 10.00000000000000000, 2.050000000000000266, 1.300000000000000044 ) ) ;
#9166 = EDGE_LOOP ( 'NONE', ( #646, #7579, #5371 ) ) ;
#9167 = DIRECTION ( 'NONE',  ( 1.000000000000000000, 0.000000000000000000, 0.000000000000000000 ) ) ;
#9168 = CONICAL_SURFACE ( 'NONE', #1221, 0.8000000000000002665, 0.7853981633974469467 ) ;
#9169 = EDGE_CURVE ( 'NONE', #2292, #140, #8437, .T. ) ;
#9170 = ORIENTED_EDGE ( 'NONE', *, *, #2962, .F. ) ;
#9171 = DIRECTION ( 'NONE',  ( 1.000000000000000000, 0.000000000000000000, 0.000000000000000000 ) ) ;
#9172 = ADVANCED_FACE ( 'NONE', ( #1124 ), #1077, .T. ) ;
#9173 = CARTESIAN_POINT ( 'NONE',  ( 3.799999999999999822, -25.51999999999984681, 4.529999999999937188 ) ) ;
#9174 = CARTESIAN_POINT ( 'NONE',  ( 9.000000000000000000, 7.855963737990349749, -3.500000000000000000 ) ) ;
#9175 = LINE ( 'NONE', #9314, #8474 ) ;
#9176 = ORIENTED_EDGE ( 'NONE', *, *, #7553, .F. ) ;
#9177 = DIRECTION ( 'NONE',  ( 0.000000000000000000, 1.000000000000000000, 0.000000000000000000 ) ) ;
#9178 = ADVANCED_FACE ( 'NONE', ( #349 ), #4084, .F. ) ;
#9179 = ORIENTED_EDGE ( 'NONE', *, *, #4103, .T. ) ;
#9180 = EDGE_CURVE ( 'NONE', #4194, #2292, #2097, .T. ) ;
#9181 = CIRCLE ( 'NONE', #4954, 0.5999999999999998668 ) ;
#9182 = CARTESIAN_POINT ( 'NONE',  ( 9.199999999999999289, 2.622492841529327379, 1.100000000000000089 ) ) ;
#9183 = ORIENTED_EDGE ( 'NONE', *, *, #3421, .T. ) ;
#9184 = EDGE_CURVE ( 'NONE', #5549, #3197, #8639, .T. ) ;
#9185 = CARTESIAN_POINT ( 'NONE',  ( 3.469636019357682066, 18.58584255632948867, 17.54029857085769706 ) ) ;
#9186 = CARTESIAN_POINT ( 'NONE',  ( 0.4000000000000253353, -20.00000000000000000, -2.999999999999996447 ) ) ;
#9187 = ORIENTED_EDGE ( 'NONE', *, *, #4788, .T. ) ;
#9188 = AXIS2_PLACEMENT_3D ( 'NONE', #3703, #7464, #8980 ) ;
#9189 = VERTEX_POINT ( 'NONE', #4284 ) ;
#9190 = CARTESIAN_POINT ( 'NONE',  ( 0.000000000000000000, 11.70000000000000107, 27.09999999999999787 ) ) ;
#9191 = ORIENTED_EDGE ( 'NONE', *, *, #8500, .F. ) ;
#9192 = EDGE_CURVE ( 'NONE', #6710, #6938, #3544, .T. ) ;
#9193 = ORIENTED_EDGE ( 'NONE', *, *, #5898, .T. ) ;
#9194 = DIRECTION ( 'NONE',  ( -1.000000000000000000, -0.000000000000000000, -0.000000000000000000 ) ) ;
#9195 = DIRECTION ( 'NONE',  ( 0.000000000000000000, -1.000000000000000000, 0.000000000000000000 ) ) ;
#9196 = PLANE ( 'NONE',  #9093 ) ;
#9197 = ORIENTED_EDGE ( 'NONE', *, *, #9180, .F. ) ;
#9198 = DIRECTION ( 'NONE',  ( 0.000000000000000000, -0.6382847385042265120, -0.7698003589195000496 ) ) ;
#9199 = CARTESIAN_POINT ( 'NONE',  ( 4.799999999999999822, 22.70000000000000284, 14.23723547529430000 ) ) ;
#9200 = EDGE_LOOP ( 'NONE', ( #9209, #7717, #1520, #4022 ) ) ;
#9201 = FACE_OUTER_BOUND ( 'NONE', #8001, .T. ) ;
#9202 = EDGE_LOOP ( 'NONE', ( #6262, #9322, #4067, #3243 ) ) ;
#9203 = CARTESIAN_POINT ( 'NONE',  ( 3.799999999999999822, 11.99343134551580015, 11.17845675706197461 ) ) ;
#9204 = EDGE_CURVE ( 'NONE', #5017, #3905, #3593, .T. ) ;
#9205 = EDGE_CURVE ( 'NONE', #2294, #2777, #8636, .T. ) ;
#9206 = AXIS2_PLACEMENT_3D ( 'NONE', #2254, #1519, #8243 ) ;
#9207 = DIRECTION ( 'NONE',  ( -1.000000000000000000, 0.000000000000000000, 0.000000000000000000 ) ) ;
#9208 = LINE ( 'NONE', #5384, #274 ) ;
#9209 = ORIENTED_EDGE ( 'NONE', *, *, #3888, .F. ) ;
#9210 = DIRECTION ( 'NONE',  ( 0.000000000000000000, 0.000000000000000000, -1.000000000000000000 ) ) ;
#9211 = AXIS2_PLACEMENT_3D ( 'NONE', #1254, #5778, #9350 ) ;
#9212 = CARTESIAN_POINT ( 'NONE',  ( 9.199999999999999289, 26.24358066198899664, 26.88672132550051330 ) ) ;
#9213 = DIRECTION ( 'NONE',  ( 0.000000000000000000, -1.000000000000000000, 0.000000000000000000 ) ) ;
#9214 = ORIENTED_EDGE ( 'NONE', *, *, #8122, .T. ) ;
#9215 = CYLINDRICAL_SURFACE ( 'NONE', #6235, 1.700000000000000622 ) ;
#9216 = CIRCLE ( 'NONE', #6857, 0.9999999999999994449 ) ;
#9217 = CIRCLE ( 'NONE', #1893, 0.5999999999999998668 ) ;
#9218 = EDGE_CURVE ( 'NONE', #6106, #3511, #9363, .T. ) ;
#9219 = CIRCLE ( 'NONE', #4995, 1.000000000000001554 ) ;
#9220 = ORIENTED_EDGE ( 'NONE', *, *, #6605, .T. ) ;
#9221 = AXIS2_PLACEMENT_3D ( 'NONE', #8557, #238, #7040 ) ;
#9222 = CARTESIAN_POINT ( 'NONE',  ( 9.199999999999999289, -2.220446049250309925E-15, 1.100000000000009859 ) ) ;
#9223 = DIRECTION ( 'NONE',  ( 1.000000000000000000, 0.000000000000000000, 0.000000000000000000 ) ) ;
#9224 = CARTESIAN_POINT ( 'NONE',  ( 1.600000000000000089, 0.8499999999999999778, -0.8499999657646780671 ) ) ;
#9225 = DIRECTION ( 'NONE',  ( 1.000000000000000000, 0.000000000000000000, 0.000000000000000000 ) ) ;
#9226 = DIRECTION ( 'NONE',  ( 0.000000000000000000, -0.7670768701524097732, 0.6415552004911058148 ) ) ;
#9227 = VECTOR ( 'NONE', #1220, 1000.000000000000000 ) ;
#9228 = ORIENTED_EDGE ( 'NONE', *, *, #8825, .F. ) ;
#9229 = DIRECTION ( 'NONE',  ( -1.000000000000000000, 0.000000000000000000, 0.000000000000000000 ) ) ;
#9230 = CIRCLE ( 'NONE', #8121, 4.500000000000000888 ) ;
#9231 = VERTEX_POINT ( 'NONE', #6474 ) ;
#9232 = EDGE_CURVE ( 'NONE', #8726, #8211, #2630, .T. ) ;
#9233 = CARTESIAN_POINT ( 'NONE',  ( 9.000000000000000000, 23.34155521539229738, 27.82304059567999843 ) ) ;
#9234 = CIRCLE ( 'NONE', #9077, 2.000000000000000888 ) ;
#9235 = ORIENTED_EDGE ( 'NONE', *, *, #4155, .F. ) ;
#9236 = VECTOR ( 'NONE', #4582, 1000.000000000000000 ) ;
#9237 = CARTESIAN_POINT ( 'NONE',  ( 3.593309268301125847, 18.37010948995723680, 17.49629853520064415 ) ) ;
#9238 = EDGE_CURVE ( 'NONE', #1713, #229, #7112, .T. ) ;
#9239 = LINE ( 'NONE', #2638, #5977 ) ;
#9240 = ORIENTED_EDGE ( 'NONE', *, *, #6874, .F. ) ;
#9241 = ORIENTED_EDGE ( 'NONE', *, *, #2898, .T. ) ;
#9242 = DIRECTION ( 'NONE',  ( 0.7071067811865470176, 0.000000000000000000, 0.7071067811865480168 ) ) ;
#9243 = AXIS2_PLACEMENT_3D ( 'NONE', #9488, #9590, #1299 ) ;
#9244 = ORIENTED_EDGE ( 'NONE', *, *, #7773, .T. ) ;
#9245 = EDGE_CURVE ( 'NONE', #1256, #2747, #3191, .T. ) ;
#9246 = VECTOR ( 'NONE', #6170, 1000.000000000000000 ) ;
#9247 = VERTEX_POINT ( 'NONE', #4133 ) ;
#9248 = VECTOR ( 'NONE', #8259, 1000.000000000000114 ) ;
#9249 = DIRECTION ( 'NONE',  ( 0.000000000000000000, 0.3826834323650901148, -0.9238795325112865164 ) ) ;
#9250 = DIRECTION ( 'NONE',  ( 1.000000000000000000, 0.000000000000000000, 0.000000000000000000 ) ) ;
#9251 = ORIENTED_EDGE ( 'NONE', *, *, #2108, .F. ) ;
#9252 = CARTESIAN_POINT ( 'NONE',  ( 10.20000000000000107, 11.90000000000000036, -0.9000000000000000222 ) ) ;
#9253 = VERTEX_POINT ( 'NONE', #8781 ) ;
#9254 = DIRECTION ( 'NONE',  ( 0.000000000000000000, -0.7071067811865414665, 0.7071067811865536790 ) ) ;
#9255 = EDGE_LOOP ( 'NONE', ( #7536, #8543, #9090, #4684 ) ) ;
#9256 = CARTESIAN_POINT ( 'NONE',  ( 1.600000000000000089, -22.47184141886165420, 1.700000000000002842 ) ) ;
#9257 = AXIS2_PLACEMENT_3D ( 'NONE', #7908, #4923, #5748 ) ;
#9258 = DIRECTION ( 'NONE',  ( -1.000000000000000000, 0.000000000000000000, 0.000000000000000000 ) ) ;
#9259 = DIRECTION ( 'NONE',  ( 0.000000000000000000, 0.9059677699816669483, 0.4233466661666838160 ) ) ;
#9260 = VECTOR ( 'NONE', #8838, 1000.000000000000000 ) ;
#9261 = ORIENTED_EDGE ( 'NONE', *, *, #7807, .F. ) ;
#9262 = AXIS2_PLACEMENT_3D ( 'NONE', #3840, #7713, #6227 ) ;
#9263 = CARTESIAN_POINT ( 'NONE',  ( 9.000000000000000000, 22.27665334873451286, 27.96193149550926904 ) ) ;
#9264 = CARTESIAN_POINT ( 'NONE',  ( 9.199999999999999289, 3.100000000000000089, -0.8999999856759480776 ) ) ;
#9265 = EDGE_CURVE ( 'NONE', #1044, #4972, #87, .T. ) ;
#9266 = CARTESIAN_POINT ( 'NONE',  ( 0.000000000000000000, 18.30000000000000071, 31.09999999999999787 ) ) ;
#9267 = VERTEX_POINT ( 'NONE', #5646 ) ;
#9268 = CARTESIAN_POINT ( 'NONE',  ( 0.5000000000000000000, 18.19999999999999929, 31.19999999999999929 ) ) ;
#9269 = VECTOR ( 'NONE', #3938, 1000.000000000000000 ) ;
#9270 = VERTEX_POINT ( 'NONE', #4913 ) ;
#9271 = CARTESIAN_POINT ( 'NONE',  ( 9.099999999999999645, 25.19999999999999929, 15.62382933935960061 ) ) ;
#9272 = CARTESIAN_POINT ( 'NONE',  ( 1.000000000000000000, 26.62387953251128891, 3.131530130008000956 ) ) ;
#9273 = CARTESIAN_POINT ( 'NONE',  ( 9.799999999999998934, 20.10000000000000142, 31.09999999999999787 ) ) ;
#9274 = DIRECTION ( 'NONE',  ( 0.000000000000000000, 2.220446049250309876E-16, -1.000000000000000000 ) ) ;
#9275 = DIRECTION ( 'NONE',  ( 0.7071067811865470176, -4.023361925377170090E-16, 0.7071067811865480168 ) ) ;
#9276 = ADVANCED_FACE ( 'NONE', ( #7258 ), #2092, .F. ) ;
#9277 = ORIENTED_EDGE ( 'NONE', *, *, #8887, .T. ) ;
#9278 = CARTESIAN_POINT ( 'NONE',  ( 9.799999999999998934, 18.74999997233189930, 16.10000000000000142 ) ) ;
#9279 = ORIENTED_EDGE ( 'NONE', *, *, #6543, .F. ) ;
#9280 = LINE ( 'NONE', #3269, #8571 ) ;
#9281 = VERTEX_POINT ( 'NONE', #7303 ) ;
#9282 = DIRECTION ( 'NONE',  ( 1.000000000000000000, 0.000000000000000000, 0.000000000000000000 ) ) ;
#9283 = LINE ( 'NONE', #6877, #69 ) ;
#9284 = EDGE_CURVE ( 'NONE', #3472, #3492, #3454, .T. ) ;
#9285 = ORIENTED_EDGE ( 'NONE', *, *, #9390, .F. ) ;
#9286 = ORIENTED_EDGE ( 'NONE', *, *, #9565, .F. ) ;
#9287 = CARTESIAN_POINT ( 'NONE',  ( 72.83961030678925397, -25.51999999999984681, 4.529999999999937188 ) ) ;
#9288 = ORIENTED_EDGE ( 'NONE', *, *, #4032, .F. ) ;
#9289 = EDGE_LOOP ( 'NONE', ( #2686, #2211, #2449, #2978 ) ) ;
#9290 = CARTESIAN_POINT ( 'NONE',  ( 8.800000000000000711, 19.19999999999999929, 17.49999999999999645 ) ) ;
#9291 = ADVANCED_FACE ( 'NONE', ( #4864 ), #5696, .T. ) ;
#9292 = ORIENTED_EDGE ( 'NONE', *, *, #7004, .F. ) ;
#9293 = DIRECTION ( 'NONE',  ( 0.000000000000000000, 0.9238795325112875156, -0.3826834323650878944 ) ) ;
#9294 = ORIENTED_EDGE ( 'NONE', *, *, #1115, .T. ) ;
#9295 = DIRECTION ( 'NONE',  ( 0.000000000000000000, -0.9059677699816659491, 0.4233466661666858699 ) ) ;
#9296 = VERTEX_POINT ( 'NONE', #5590 ) ;
#9297 = DIRECTION ( 'NONE',  ( 0.000000000000000000, 0.000000000000000000, -1.000000000000000000 ) ) ;
#9298 = ADVANCED_FACE ( 'NONE', ( #8579 ), #1265, .T. ) ;
#9299 = VECTOR ( 'NONE', #9499, 1000.000000000000114 ) ;
#9300 = EDGE_CURVE ( 'NONE', #4625, #3569, #3504, .T. ) ;
#9301 = FACE_OUTER_BOUND ( 'NONE', #6576, .T. ) ;
#9302 = CARTESIAN_POINT ( 'NONE',  ( 9.199999999999999289, 22.55948979457840053, 16.20603468287899673 ) ) ;
#9303 = ADVANCED_FACE ( 'NONE', ( #7857 ), #827, .F. ) ;
#9304 = ORIENTED_EDGE ( 'NONE', *, *, #4303, .T. ) ;
#9305 = LINE ( 'NONE', #6998, #5613 ) ;
#9306 = DIRECTION ( 'NONE',  ( 0.7071067811865465735, 0.000000000000000000, -0.7071067811865485719 ) ) ;
#9307 = ORIENTED_EDGE ( 'NONE', *, *, #7447, .F. ) ;
#9308 = DIRECTION ( 'NONE',  ( 0.000000000000000000, 0.4216028017058238708, -0.9067806116110994630 ) ) ;
#9309 = EDGE_CURVE ( 'NONE', #4362, #8536, #9584, .T. ) ;
#9310 = VERTEX_POINT ( 'NONE', #5284 ) ;
#9311 = LINE ( 'NONE', #1214, #8354 ) ;
#9312 = LINE ( 'NONE', #9592, #677 ) ;
#9313 = PLANE ( 'NONE',  #6515 ) ;
#9314 = CARTESIAN_POINT ( 'NONE',  ( 9.099999999999999645, 25.09656454697983108, 26.35073597986465543 ) ) ;
#9315 = CARTESIAN_POINT ( 'NONE',  ( 9.099999999999999645, 7.150735979864615288, -5.896564546979832677 ) ) ;
#9316 = CARTESIAN_POINT ( 'NONE',  ( 9.799999999999998934, -3.100000000000000089, -0.4500000000000000111 ) ) ;
#9317 = VECTOR ( 'NONE', #4497, 1000.000000000000000 ) ;
#9318 = ORIENTED_EDGE ( 'NONE', *, *, #7125, .T. ) ;
#9319 = DIRECTION ( 'NONE',  ( 0.000000000000000000, -9.251858538542973800E-16, -1.000000000000000000 ) ) ;
#9320 = ORIENTED_EDGE ( 'NONE', *, *, #7604, .T. ) ;
#9321 = EDGE_CURVE ( 'NONE', #6008, #4087, #2917, .T. ) ;
#9322 = ORIENTED_EDGE ( 'NONE', *, *, #5393, .T. ) ;
#9323 = ORIENTED_EDGE ( 'NONE', *, *, #1069, .T. ) ;
#9324 = CARTESIAN_POINT ( 'NONE',  ( 10.20000000000000107, -44.10000000000000853, -1.100000000000000089 ) ) ;
#9325 = LINE ( 'NONE', #3898, #2396 ) ;
#9326 = ORIENTED_EDGE ( 'NONE', *, *, #4341, .T. ) ;
#9327 = ORIENTED_EDGE ( 'NONE', *, *, #8926, .F. ) ;
#9328 = CARTESIAN_POINT ( 'NONE',  ( 1.000000000000000000, 26.60596776998166746, 27.05605999196718514 ) ) ;
#9329 = EDGE_LOOP ( 'NONE', ( #5462, #3913, #1877, #6196 ) ) ;
#9330 = AXIS2_PLACEMENT_3D ( 'NONE', #907, #5268, #3194 ) ;
#9331 = EDGE_CURVE ( 'NONE', #6072, #2611, #8920, .T. ) ;
#9332 = ORIENTED_EDGE ( 'NONE', *, *, #8279, .T. ) ;
#9333 = DIRECTION ( 'NONE',  ( 0.7071067811865480168, 0.000000000000000000, 0.7071067811865470176 ) ) ;
#9334 = AXIS2_PLACEMENT_3D ( 'NONE', #1851, #8532, #6185 ) ;
#9335 = DIRECTION ( 'NONE',  ( 1.000000000000000000, 0.000000000000000000, 0.000000000000000000 ) ) ;
#9336 = EDGE_LOOP ( 'NONE', ( #9400, #5596, #502 ) ) ;
#9337 = DIRECTION ( 'NONE',  ( 0.000000000000000000, -0.6382847385042248467, -0.7698003589195016039 ) ) ;
#9338 = ORIENTED_EDGE ( 'NONE', *, *, #81, .T. ) ;
#9339 = DIRECTION ( 'NONE',  ( -1.000000000000000000, 0.000000000000000000, 0.000000000000000000 ) ) ;
#9340 = EDGE_CURVE ( 'NONE', #4099, #9281, #4468, .T. ) ;
#9341 = ORIENTED_EDGE ( 'NONE', *, *, #2585, .T. ) ;
#9342 = LINE ( 'NONE', #1016, #210 ) ;
#9343 = EDGE_CURVE ( 'NONE', #862, #9474, #703, .T. ) ;
#9344 = CIRCLE ( 'NONE', #320, 1.999999999999999778 ) ;
#9345 = CARTESIAN_POINT ( 'NONE',  ( 9.099999999999999645, 22.23431868211784845, 28.05252827250743408 ) ) ;
#9346 = CARTESIAN_POINT ( 'NONE',  ( 1.000000000000000000, 3.950000000000000178, 7.500000000000000000 ) ) ;
#9347 = EDGE_CURVE ( 'NONE', #3189, #337, #2961, .T. ) ;
#9348 = EDGE_LOOP ( 'NONE', ( #2020, #5015, #737 ) ) ;
#9349 = DIRECTION ( 'NONE',  ( 0.7071067811865470176, -0.7071067811865480168, -3.140184917367550333E-16 ) ) ;
#9350 = DIRECTION ( 'NONE',  ( -0.7071067811865480168, 0.000000000000000000, 0.7071067811865470176 ) ) ;
#9351 = DIRECTION ( 'NONE',  ( 0.000000000000000000, -0.9764170757445558291, -0.2158927840258914044 ) ) ;
#9352 = EDGE_LOOP ( 'NONE', ( #7729, #1864, #8671, #6346 ) ) ;
#9353 = CARTESIAN_POINT ( 'NONE',  ( 9.199999999999999289, 22.70000001490119956, 27.05596372552760087 ) ) ;
#9354 = AXIS2_PLACEMENT_3D ( 'NONE', #1641, #6165, #3240 ) ;
#9355 = EDGE_CURVE ( 'NONE', #6541, #4362, #4566, .T. ) ;
#9356 = EDGE_LOOP ( 'NONE', ( #1691, #1364, #9423, #6525 ) ) ;
#9357 = CIRCLE ( 'NONE', #2810, 2.999999999999999112 ) ;
#9358 = DIRECTION ( 'NONE',  ( 1.000000000000000000, 0.000000000000000000, 0.000000000000000000 ) ) ;
#9359 = VECTOR ( 'NONE', #8185, 1000.000000000000000 ) ;
#9360 = CARTESIAN_POINT ( 'NONE',  ( 9.000000000000000000, 25.10000000000000142, 12.51494535291870136 ) ) ;
#9361 = DIRECTION ( 'NONE',  ( 1.000000000000000000, 0.000000000000000000, 0.000000000000000000 ) ) ;
#9362 = DIRECTION ( 'NONE',  ( 0.7071067811865475727, 0.7071067811865475727, 0.000000000000000000 ) ) ;
#9363 = LINE ( 'NONE', #2816, #2879 ) ;
#9364 = DIRECTION ( 'NONE',  ( -0.7071067811865555663, 0.000000000000000000, 0.7071067811865393571 ) ) ;
#9365 = ADVANCED_FACE ( 'NONE', ( #2234 ), #2280, .T. ) ;
#9366 = EDGE_LOOP ( 'NONE', ( #5610, #2987, #5085, #8754 ) ) ;
#9367 = CARTESIAN_POINT ( 'NONE',  ( 10.20000000000000107, -3.500000000000000000, -0.4500000000000000111 ) ) ;
#9368 = CIRCLE ( 'NONE', #3752, 0.5999999999999999778 ) ;
#9369 = ORIENTED_EDGE ( 'NONE', *, *, #8183, .F. ) ;
#9370 = VECTOR ( 'NONE', #3384, 1000.000000000000114 ) ;
#9371 = EDGE_LOOP ( 'NONE', ( #4291, #6217, #2532, #6348 ) ) ;
#9372 = ORIENTED_EDGE ( 'NONE', *, *, #8344, .T. ) ;
#9373 = CARTESIAN_POINT ( 'NONE',  ( 9.199999999999999289, -3.700000000000000178, 1.500000000000000000 ) ) ;
#9374 = AXIS2_PLACEMENT_3D ( 'NONE', #1482, #4447, #7430 ) ;
#9375 = CARTESIAN_POINT ( 'NONE',  ( 1.600000000000000089, 18.34999996576469883, 18.35000000000000142 ) ) ;
#9376 = CARTESIAN_POINT ( 'NONE',  ( 9.917157287525382614, -17.50000000000000000, -0.8171572875253814150 ) ) ;
#9377 = AXIS2_PLACEMENT_3D ( 'NONE', #7127, #8653, #414 ) ;
#9378 = ADVANCED_FACE ( 'NONE', ( #8827 ), #9016, .F. ) ;
#9379 = EDGE_CURVE ( 'NONE', #8588, #9652, #8128, .T. ) ;
#9380 = ORIENTED_EDGE ( 'NONE', *, *, #8801, .T. ) ;
#9381 = DIRECTION ( 'NONE',  ( 0.000000000000000000, -1.744915306113239961E-13, 1.000000000000000000 ) ) ;
#9382 = ORIENTED_EDGE ( 'NONE', *, *, #5053, .T. ) ;
#9383 = VECTOR ( 'NONE', #6951, 1000.000000000000000 ) ;
#9384 = AXIS2_PLACEMENT_3D ( 'NONE', #1906, #6431, #2773 ) ;
#9385 = ORIENTED_EDGE ( 'NONE', *, *, #5991, .F. ) ;
#9386 = DIRECTION ( 'NONE',  ( -0.7071067811865470176, 0.7071067811865480168, 3.140184917367550826E-16 ) ) ;
#9387 = DIRECTION ( 'NONE',  ( 0.000000000000000000, 0.000000000000000000, 1.000000000000000000 ) ) ;
#9388 = ORIENTED_EDGE ( 'NONE', *, *, #1718, .F. ) ;
#9389 = AXIS2_PLACEMENT_3D ( 'NONE', #6939, #2646, #9249 ) ;
#9390 = EDGE_CURVE ( 'NONE', #6536, #6589, #6766, .T. ) ;
#9391 = ORIENTED_EDGE ( 'NONE', *, *, #4175, .F. ) ;
#9392 = FACE_OUTER_BOUND ( 'NONE', #2681, .T. ) ;
#9393 = AXIS2_PLACEMENT_3D ( 'NONE', #914, #3151, #6125 ) ;
#9394 = ORIENTED_EDGE ( 'NONE', *, *, #9599, .T. ) ;
#9395 = CARTESIAN_POINT ( 'NONE',  ( 10.20000000000000107, 18.30000000000000071, 22.70000000000000284 ) ) ;
#9396 = AXIS2_PLACEMENT_3D ( 'NONE', #5324, #2217, #86 ) ;
#9397 = CIRCLE ( 'NONE', #9557, 0.9999999999999994449 ) ;
#9398 = DIRECTION ( 'NONE',  ( -1.000000000000000000, 0.000000000000000000, 0.000000000000000000 ) ) ;
#9399 = DIRECTION ( 'NONE',  ( 0.000000000000000000, -1.000000000000000000, 0.000000000000000000 ) ) ;
#9400 = ORIENTED_EDGE ( 'NONE', *, *, #8034, .F. ) ;
#9401 = DIRECTION ( 'NONE',  ( -1.000000000000000000, 0.000000000000000000, 0.000000000000000000 ) ) ;
#9402 = CARTESIAN_POINT ( 'NONE',  ( 9.517157287525382259, -44.50000000000001421, 1.217157287525382436 ) ) ;
#9403 = CARTESIAN_POINT ( 'NONE',  ( 0.000000000000000000, -3.700000000000000178, -1.500000000000000000 ) ) ;
#9404 = EDGE_CURVE ( 'NONE', #6221, #6568, #4428, .T. ) ;
#9405 = ORIENTED_EDGE ( 'NONE', *, *, #2007, .F. ) ;
#9406 = VECTOR ( 'NONE', #3673, 1000.000000000000114 ) ;
#9407 = DIRECTION ( 'NONE',  ( 0.000000000000000000, -0.7670768701524097732, 0.6415552004911058148 ) ) ;
#9408 = ORIENTED_EDGE ( 'NONE', *, *, #4754, .T. ) ;
#9409 = CONICAL_SURFACE ( 'NONE', #5347, 0.7999999999999997113, 0.7853981633974476129 ) ;
#9410 = CIRCLE ( 'NONE', #8006, 2.999999999999999112 ) ;
#9411 = CARTESIAN_POINT ( 'NONE',  ( 9.133366691838906704, -4.183623960388473506, -2.612377538933196686 ) ) ;
#9412 = CARTESIAN_POINT ( 'NONE',  ( 10.20000000000000107, 20.10000000795009711, 7.100000000000000533 ) ) ;
#9413 = DIRECTION ( 'NONE',  ( 0.4999999999999997224, 0.7071067811865475727, 0.5000000000000004441 ) ) ;
#9414 = DIRECTION ( 'NONE',  ( 0.000000000000000000, 1.000000000000000000, 0.000000000000000000 ) ) ;
#9415 = ADVANCED_FACE ( 'NONE', ( #6618 ), #3013, .T. ) ;
#9416 = CARTESIAN_POINT ( 'NONE',  ( 0.5000000000000000000, 12.28342105482640001, 26.93612699966410062 ) ) ;
#9417 = VERTEX_POINT ( 'NONE', #6762 ) ;
#9418 = CARTESIAN_POINT ( 'NONE',  ( 1.400000000000000133, -20.00000000000000000, -2.999999999999996447 ) ) ;
#9419 = CIRCLE ( 'NONE', #5187, 0.5999999999999975353 ) ;
#9420 = EDGE_LOOP ( 'NONE', ( #5669, #423, #6642, #9304, #4162 ) ) ;
#9421 = ORIENTED_EDGE ( 'NONE', *, *, #9007, .T. ) ;
#9422 = EDGE_CURVE ( 'NONE', #4340, #5549, #101, .T. ) ;
#9423 = ORIENTED_EDGE ( 'NONE', *, *, #9527, .T. ) ;
#9424 = AXIS2_PLACEMENT_3D ( 'NONE', #5059, #9459, #6373 ) ;
#9425 = LINE ( 'NONE', #2739, #8629 ) ;
#9426 = CARTESIAN_POINT ( 'NONE',  ( 0.000000000000000000, -25.51999999999984681, 4.529999999999937188 ) ) ;
#9427 = LINE ( 'NONE', #7225, #8464 ) ;
#9428 = CARTESIAN_POINT ( 'NONE',  ( 8.800000000000000711, 29.60000000000000142, 6.000000000000000000 ) ) ;
#9429 = ORIENTED_EDGE ( 'NONE', *, *, #7414, .F. ) ;
#9430 = DIRECTION ( 'NONE',  ( -1.000000000000000000, 0.000000000000000000, 0.000000000000000000 ) ) ;
#9431 = EDGE_LOOP ( 'NONE', ( #9388, #2026, #7781, #7138 ) ) ;
#9432 = VECTOR ( 'NONE', #4903, 1000.000000000000000 ) ;
#9433 = ORIENTED_EDGE ( 'NONE', *, *, #424, .T. ) ;
#9434 = DIRECTION ( 'NONE',  ( -1.000000000000000000, 0.000000000000000000, 0.000000000000000000 ) ) ;
#9435 = CARTESIAN_POINT ( 'NONE',  ( 72.83961030678925397, -25.51999999999984681, 4.529999999999937188 ) ) ;
#9436 = VERTEX_POINT ( 'NONE', #6659 ) ;
#9437 = PLANE ( 'NONE',  #5929 ) ;
#9438 = CIRCLE ( 'NONE', #5689, 0.9999999999999988898 ) ;
#9439 = VERTEX_POINT ( 'NONE', #880 ) ;
#9440 = PRODUCT_DEFINITION_CONTEXT ( 'detailed design', #296, 'design' ) ;
#9441 = CARTESIAN_POINT ( 'NONE',  ( 8.800000000000000711, 17.69999999999999929, 13.25000000000000000 ) ) ;
#9442 = ORIENTED_EDGE ( 'NONE', *, *, #8643, .T. ) ;
#9443 = CARTESIAN_POINT ( 'NONE',  ( 0.5000000000000000000, 26.20000000000000284, 23.15000000000000213 ) ) ;
#9444 = EDGE_CURVE ( 'NONE', #2736, #4479, #6566, .T. ) ;
#9445 = ADVANCED_FACE ( 'NONE', ( #5988 ), #8080, .T. ) ;
#9446 = DIRECTION ( 'NONE',  ( 0.000000000000000000, -0.6382847385042265120, 0.7698003589195001606 ) ) ;
#9447 = CARTESIAN_POINT ( 'NONE',  ( 6.133333333333415460, -41.43333333333334423, 4.166666666666620777 ) ) ;
#9448 = ORIENTED_EDGE ( 'NONE', *, *, #9465, .F. ) ;
#9449 = DIRECTION ( 'NONE',  ( 1.000000000000000000, 0.000000000000000000, 0.000000000000000000 ) ) ;
#9450 = CARTESIAN_POINT ( 'NONE',  ( 4.799999999999999822, 4.962764524705690405, -3.500000000000000000 ) ) ;
#9451 = CYLINDRICAL_SURFACE ( 'NONE', #8339, 0.9999999999999988898 ) ;
#9452 = EDGE_LOOP ( 'NONE', ( #2408, #4517, #941, #594 ) ) ;
#9453 = CARTESIAN_POINT ( 'NONE',  ( 3.462450267482998445, 18.60191677749788042, 20.85795593500031941 ) ) ;
#9454 = EDGE_CURVE ( 'NONE', #1428, #6826, #399, .T. ) ;
#9455 = EDGE_CURVE ( 'NONE', #4157, #8208, #3302, .T. ) ;
#9456 = ORIENTED_EDGE ( 'NONE', *, *, #4331, .F. ) ;
#9457 = DIRECTION ( 'NONE',  ( -1.000000000000000000, 0.000000000000000000, 0.000000000000000000 ) ) ;
#9458 = LINE ( 'NONE', #1357, #8651 ) ;
#9459 = DIRECTION ( 'NONE',  ( 1.000000000000000000, 0.000000000000000000, 0.000000000000000000 ) ) ;
#9460 = CARTESIAN_POINT ( 'NONE',  ( 10.20000000000000107, 20.09999998567590396, 15.69999999999999929 ) ) ;
#9461 = VERTEX_POINT ( 'NONE', #7707 ) ;
#9462 = LINE ( 'NONE', #3548, #3307 ) ;
#9463 = EDGE_CURVE ( 'NONE', #2355, #4515, #1694, .T. ) ;
#9464 = ORIENTED_EDGE ( 'NONE', *, *, #2406, .F. ) ;
#9465 = EDGE_CURVE ( 'NONE', #1673, #4962, #1024, .T. ) ;
#9466 = VERTEX_POINT ( 'NONE', #1843 ) ;
#9467 = ORIENTED_EDGE ( 'NONE', *, *, #8509, .T. ) ;
#9468 = DIRECTION ( 'NONE',  ( 0.000000000000000000, 0.9059677699816667262, 0.4233466661666838160 ) ) ;
#9469 = FACE_OUTER_BOUND ( 'NONE', #1420, .T. ) ;
#9470 = FACE_OUTER_BOUND ( 'NONE', #2456, .T. ) ;
#9471 = AXIS2_PLACEMENT_3D ( 'NONE', #8712, #472, #430 ) ;
#9472 = DIRECTION ( 'NONE',  ( 0.000000000000000000, -0.9764170755296078807, 0.2158927849980356861 ) ) ;
#9473 = ADVANCED_FACE ( 'NONE', ( #6135 ), #7794, .T. ) ;
#9474 = VERTEX_POINT ( 'NONE', #8377 ) ;
#9475 = DIRECTION ( 'NONE',  ( 0.000000000000000000, 0.9238795325112868495, -0.3826834323650896152 ) ) ;
#9476 = VERTEX_POINT ( 'NONE', #8331 ) ;
#9477 = ADVANCED_FACE ( 'NONE', ( #4760 ), #3975, .T. ) ;
#9478 = VERTEX_POINT ( 'NONE', #7649 ) ;
#9479 = DIRECTION ( 'NONE',  ( -1.000000000000000000, -0.000000000000000000, -0.000000000000000000 ) ) ;
#9480 = LINE ( 'NONE', #9528, #3631 ) ;
#9481 = ORIENTED_EDGE ( 'NONE', *, *, #6416, .T. ) ;
#9482 = DIRECTION ( 'NONE',  ( 0.000000000000000000, -0.9067806107715827846, -0.4216028035114509631 ) ) ;
#9483 = ORIENTED_EDGE ( 'NONE', *, *, #260, .T. ) ;
#9484 = DIRECTION ( 'NONE',  ( 0.000000000000000000, 1.000000000000000000, 4.440892098500630106E-16 ) ) ;
#9485 = ADVANCED_FACE ( 'NONE', ( #2379 ), #1476, .T. ) ;
#9486 = VERTEX_POINT ( 'NONE', #8526 ) ;
#9487 = FACE_OUTER_BOUND ( 'NONE', #2735, .T. ) ;
#9488 = CARTESIAN_POINT ( 'NONE',  ( 8.800000000000000711, 19.19999999999999929, 19.19999999999999929 ) ) ;
#9489 = CARTESIAN_POINT ( 'NONE',  ( 9.199999999999999289, 19.69999999999999929, 31.30000000000000071 ) ) ;
#9490 = ORIENTED_EDGE ( 'NONE', *, *, #4627, .F. ) ;
#9491 = DIRECTION ( 'NONE',  ( 1.000000000000000000, 0.000000000000000000, 0.000000000000000000 ) ) ;
#9492 = LINE ( 'NONE', #8818, #14 ) ;
#9493 = CARTESIAN_POINT ( 'NONE',  ( 1.000000000000000000, 16.39289321881349792, -7.207106781186549682 ) ) ;
#9494 = ORIENTED_EDGE ( 'NONE', *, *, #3529, .F. ) ;
#9495 = CARTESIAN_POINT ( 'NONE',  ( 3.622653841001224340, 18.34052517505168822, 20.91968690621708404 ) ) ;
#9496 = ADVANCED_FACE ( 'NONE', ( #4020 ), #4612, .F. ) ;
#9497 = VECTOR ( 'NONE', #5387, 1000.000000000000000 ) ;
#9498 = VERTEX_POINT ( 'NONE', #3834 ) ;
#9499 = DIRECTION ( 'NONE',  ( -0.7071067811865480168, -0.4513354669242194417, -0.5443310539518170232 ) ) ;
#9500 = LINE ( 'NONE', #5693, #649 ) ;
#9501 = LINE ( 'NONE', #2037, #7073 ) ;
#9502 = DIRECTION ( 'NONE',  ( -0.7071067811865470176, -2.436048514919267960E-16, 0.7071067811865480168 ) ) ;
#9503 = ORIENTED_EDGE ( 'NONE', *, *, #624, .T. ) ;
#9504 = FACE_OUTER_BOUND ( 'NONE', #1021, .T. ) ;
#9505 = VECTOR ( 'NONE', #32, 1000.000000000000000 ) ;
#9506 = VERTEX_POINT ( 'NONE', #7752 ) ;
#9507 = ADVANCED_FACE ( 'NONE', ( #3928 ), #7559, .F. ) ;
#9508 = CARTESIAN_POINT ( 'NONE',  ( 10.00000000000000000, 18.30000000000000071, 7.299999999999999822 ) ) ;
#9509 = ORIENTED_EDGE ( 'NONE', *, *, #3204, .T. ) ;
#9510 = CIRCLE ( 'NONE', #4355, 0.5999999999999998668 ) ;
#9511 = ORIENTED_EDGE ( 'NONE', *, *, #1484, .F. ) ;
#9512 = CARTESIAN_POINT ( 'NONE',  ( 10.20000000000000107, 18.10000000000000142, 31.09999999181640362 ) ) ;
#9513 = LINE ( 'NONE', #499, #8234 ) ;
#9514 = DIRECTION ( 'NONE',  ( -1.000000000000000000, -0.000000000000000000, -0.000000000000000000 ) ) ;
#9515 = CARTESIAN_POINT ( 'NONE',  ( 0.5000000000000000000, 8.059811586174546960, 7.114180701233070003 ) ) ;
#9516 = EDGE_LOOP ( 'NONE', ( #186, #5073, #9323, #5472, #5344, #542, #3234, #5257, #8425, #1334, #9326, #7186, #5683, #8233, #8471, #9279 ) ) ;
#9517 = EDGE_CURVE ( 'NONE', #2271, #2107, #1794, .T. ) ;
#9518 = FACE_OUTER_BOUND ( 'NONE', #1997, .T. ) ;
#9519 = CONICAL_SURFACE ( 'NONE', #7018, 0.7999999999999992673, 0.7853981633974476129 ) ;
#9520 = AXIS2_PLACEMENT_3D ( 'NONE', #5191, #8126, #1600 ) ;
#9521 = ORIENTED_EDGE ( 'NONE', *, *, #6874, .T. ) ;
#9522 = ADVANCED_FACE ( 'NONE', ( #3160 ), #405, .T. ) ;
#9523 = AXIS2_PLACEMENT_3D ( 'NONE', #3241, #6896, #6988 ) ;
#9524 = ORIENTED_EDGE ( 'NONE', *, *, #1815, .T. ) ;
#9525 = VECTOR ( 'NONE', #6698, 1000.000000000000000 ) ;
#9526 = LINE ( 'NONE', #7964, #5807 ) ;
#9527 = EDGE_CURVE ( 'NONE', #8052, #8021, #5489, .T. ) ;
#9528 = CARTESIAN_POINT ( 'NONE',  ( 10.20000000000000107, 5.750000000000000000, -1.100000000000000089 ) ) ;
#9529 = VERTEX_POINT ( 'NONE', #6809 ) ;
#9530 = FACE_OUTER_BOUND ( 'NONE', #5249, .T. ) ;
#9531 = ORIENTED_EDGE ( 'NONE', *, *, #2568, .F. ) ;
#9532 = ADVANCED_FACE ( 'NONE', ( #1066 ), #7000, .T. ) ;
#9533 = DIRECTION ( 'NONE',  ( -1.000000000000000000, 0.000000000000000000, 0.000000000000000000 ) ) ;
#9534 = ORIENTED_EDGE ( 'NONE', *, *, #4526, .F. ) ;
#9535 = FACE_OUTER_BOUND ( 'NONE', #4249, .T. ) ;
#9536 = AXIS2_PLACEMENT_3D ( 'NONE', #4299, #5755, #5071 ) ;
#9537 = ADVANCED_FACE ( 'NONE', ( #2029 ), #9451, .T. ) ;
#9538 = CARTESIAN_POINT ( 'NONE',  ( 10.00000000000000000, 20.50000000000000000, 13.44999999999999929 ) ) ;
#9539 = AXIS2_PLACEMENT_3D ( 'NONE', #6315, #2470, #7700 ) ;
#9540 = CARTESIAN_POINT ( 'NONE',  ( 1.000000000000000000, 26.70000000000000284, 23.15000000000000213 ) ) ;
#9541 = DIRECTION ( 'NONE',  ( 0.000000000000000000, 4.440892098500630106E-16, -1.000000000000000000 ) ) ;
#9542 = AXIS2_PLACEMENT_3D ( 'NONE', #2489, #6971, #987 ) ;
#9543 = ORIENTED_EDGE ( 'NONE', *, *, #6075, .F. ) ;
#9544 = DIRECTION ( 'NONE',  ( 1.000000000000000000, 0.000000000000000000, 0.000000000000000000 ) ) ;
#9545 = LINE ( 'NONE', #2804, #8739 ) ;
#9546 = VERTEX_POINT ( 'NONE', #2079 ) ;
#9547 = DIRECTION ( 'NONE',  ( -1.000000000000000000, 0.000000000000000000, 0.000000000000000000 ) ) ;
#9548 = AXIS2_PLACEMENT_3D ( 'NONE', #7397, #866, #3195 ) ;
#9549 = VECTOR ( 'NONE', #5469, 1000.000000000000000 ) ;
#9550 = CIRCLE ( 'NONE', #1922, 0.5999999999999998668 ) ;
#9551 = FACE_OUTER_BOUND ( 'NONE', #816, .T. ) ;
#9552 = VECTOR ( 'NONE', #5827, 1000.000000000000000 ) ;
#9553 = AXIS2_PLACEMENT_3D ( 'NONE', #6824, #8889, #2204 ) ;
#9554 = CARTESIAN_POINT ( 'NONE',  ( 72.83961030678925397, -3.216881383985646714, 7.500000000000000000 ) ) ;
#9555 = FACE_OUTER_BOUND ( 'NONE', #7126, .T. ) ;
#9556 = ORIENTED_EDGE ( 'NONE', *, *, #7196, .F. ) ;
#9557 = AXIS2_PLACEMENT_3D ( 'NONE', #9079, #2289, #5400 ) ;
#9558 = CARTESIAN_POINT ( 'NONE',  ( 9.099999999999999645, 22.70000001490119956, 27.05596372552760087 ) ) ;
#9559 = ORIENTED_EDGE ( 'NONE', *, *, #1258, .F. ) ;
#9560 = LINE ( 'NONE', #8832, #833 ) ;
#9561 = CIRCLE ( 'NONE', #3933, 1.000000000000000666 ) ;
#9562 = AXIS2_PLACEMENT_3D ( 'NONE', #2825, #2003, #8002 ) ;
#9563 = ORIENTED_EDGE ( 'NONE', *, *, #8882, .T. ) ;
#9564 = VERTEX_POINT ( 'NONE', #6413 ) ;
#9565 = EDGE_CURVE ( 'NONE', #2002, #1197, #8716, .T. ) ;
#9566 = DIRECTION ( 'NONE',  ( 1.000000000000000000, 0.000000000000000000, 0.000000000000000000 ) ) ;
#9567 = DIRECTION ( 'NONE',  ( 0.000000000000000000, 0.000000000000000000, -1.000000000000000000 ) ) ;
#9568 = DIRECTION ( 'NONE',  ( 0.7071067811865480168, -0.4536480327727560602, -0.5424052565761210420 ) ) ;
#9569 = CYLINDRICAL_SURFACE ( 'NONE', #5041, 0.9999999999999998890 ) ;
#9570 = AXIS2_PLACEMENT_3D ( 'NONE', #221, #3184, #5513 ) ;
#9571 = AXIS2_PLACEMENT_3D ( 'NONE', #6091, #9076, #3170 ) ;
#9572 = ORIENTED_EDGE ( 'NONE', *, *, #7348, .T. ) ;
#9573 = PLANE ( 'NONE',  #6260 ) ;
#9574 = ORIENTED_EDGE ( 'NONE', *, *, #6833, .T. ) ;
#9575 = ADVANCED_FACE ( 'NONE', ( #476 ), #3444, .F. ) ;
#9576 = CONICAL_SURFACE ( 'NONE', #4580, 1.099999999999999867, 0.7853981633974469467 ) ;
#9577 = ORIENTED_EDGE ( 'NONE', *, *, #8111, .F. ) ;
#9578 = EDGE_CURVE ( 'NONE', #8888, #8644, #2665, .T. ) ;
#9579 = LINE ( 'NONE', #6447, #6273 ) ;
#9580 = DIRECTION ( 'NONE',  ( 1.000000000000000000, 0.000000000000000000, 0.000000000000000000 ) ) ;
#9581 = ORIENTED_EDGE ( 'NONE', *, *, #2072, .F. ) ;
#9582 = DIRECTION ( 'NONE',  ( 0.000000000000000000, 0.000000000000000000, -1.000000000000000000 ) ) ;
#9583 = ORIENTED_EDGE ( 'NONE', *, *, #1218, .T. ) ;
#9584 = CIRCLE ( 'NONE', #1322, 1.399999999999999467 ) ;
#9585 = CARTESIAN_POINT ( 'NONE',  ( 1.000000000000000000, 26.70000000000000284, 26.63271332580049844 ) ) ;
#9586 = EDGE_LOOP ( 'NONE', ( #5329, #1274, #3161, #3835 ) ) ;
#9587 = DIRECTION ( 'NONE',  ( 0.000000000000000000, -0.7670768701524094402, -0.6415552004911063699 ) ) ;
#9588 = EDGE_CURVE ( 'NONE', #525, #199, #3959, .T. ) ;
#9589 = AXIS2_PLACEMENT_3D ( 'NONE', #7200, #4997, #1888 ) ;
#9590 = DIRECTION ( 'NONE',  ( 1.000000000000000000, 0.000000000000000000, 0.000000000000000000 ) ) ;
#9591 = CARTESIAN_POINT ( 'NONE',  ( 9.917157287525382614, -22.50000000000000355, 0.8171572875253820811 ) ) ;
#9592 = CARTESIAN_POINT ( 'NONE',  ( 10.20000000000000107, -21.56444425349906524, 0.6652173913043483156 ) ) ;
#9593 = ORIENTED_EDGE ( 'NONE', *, *, #5204, .T. ) ;
#9594 = LINE ( 'NONE', #7400, #1557 ) ;
#9595 = DIRECTION ( 'NONE',  ( -1.000000000000000000, 0.000000000000000000, 0.000000000000000000 ) ) ;
#9596 = SURFACE_STYLE_FILL_AREA ( #9640 ) ;
#9597 = ORIENTED_EDGE ( 'NONE', *, *, #3137, .F. ) ;
#9598 = DIRECTION ( 'NONE',  ( 0.2810846377148220609, -0.6785983445458467767, -0.6785983445458467767 ) ) ;
#9599 = EDGE_CURVE ( 'NONE', #2723, #4411, #3355, .T. ) ;
#9600 = EDGE_CURVE ( 'NONE', #3942, #2918, #4214, .T. ) ;
#9601 = DIRECTION ( 'NONE',  ( 0.000000000000000000, 0.3826834323650882275, -0.9238795325112874046 ) ) ;
#9602 = CYLINDRICAL_SURFACE ( 'NONE', #19, 1.000000000000000666 ) ;
#9603 = FACE_OUTER_BOUND ( 'NONE', #8206, .T. ) ;
#9604 = CARTESIAN_POINT ( 'NONE',  ( 10.00000000000000000, 19.64999998807990167, 6.899999999999999467 ) ) ;
#9605 = ORIENTED_EDGE ( 'NONE', *, *, #4366, .T. ) ;
#9606 = CARTESIAN_POINT ( 'NONE',  ( 0.000000000000000000, 7.485786437626910761, 8.500000000000000000 ) ) ;
#9607 = VERTEX_POINT ( 'NONE', #7982 ) ;
#9608 = CONICAL_SURFACE ( 'NONE', #5389, 15.00499999999999723, 0.7853981633974485010 ) ;
#9609 = ORIENTED_EDGE ( 'NONE', *, *, #7731, .T. ) ;
#9610 = DIRECTION ( 'NONE',  ( 0.000000000000000000, 0.3826834323650903369, -0.9238795325112865164 ) ) ;
#9611 = LINE ( 'NONE', #783, #853 ) ;
#9612 = CARTESIAN_POINT ( 'NONE',  ( 9.099999999999999645, 22.70000001490119956, 24.16276451370509903 ) ) ;
#9613 = LINE ( 'NONE', #642, #2854 ) ;
#9614 = CARTESIAN_POINT ( 'NONE',  ( 0.5000000000000000000, 12.20000000000000107, 15.25000000000000000 ) ) ;
#9615 = VECTOR ( 'NONE', #1838, 1000.000000000000000 ) ;
#9616 = VERTEX_POINT ( 'NONE', #6365 ) ;
#9617 = DIRECTION ( 'NONE',  ( -1.000000000000000000, 0.000000000000000000, 0.000000000000000000 ) ) ;
#9618 = EDGE_CURVE ( 'NONE', #1572, #7341, #5631, .T. ) ;
#9619 = EDGE_CURVE ( 'NONE', #1237, #3431, #6507, .T. ) ;
#9620 = DIRECTION ( 'NONE',  ( 0.7071067811865489050, 0.5424052565761190436, -0.4536480327727569484 ) ) ;
#9621 = ORIENTED_EDGE ( 'NONE', *, *, #9444, .F. ) ;
#9622 = LINE ( 'NONE', #2935, #1307 ) ;
#9623 = DIRECTION ( 'NONE',  ( 1.000000000000000000, 0.000000000000000000, 0.000000000000000000 ) ) ;
#9624 = ORIENTED_EDGE ( 'NONE', *, *, #4136, .F. ) ;
#9625 = LINE ( 'NONE', #8061, #2981 ) ;
#9626 = EDGE_LOOP ( 'NONE', ( #5666, #1347, #5615, #9490 ) ) ;
#9627 = CARTESIAN_POINT ( 'NONE',  ( 0.000000000000000000, 20.89999999999970015, 20.89999999999999858 ) ) ;
#9628 = VECTOR ( 'NONE', #3748, 1000.000000000000000 ) ;
#9629 = EDGE_LOOP ( 'NONE', ( #9408, #3665, #8249, #5759 ) ) ;
#9630 = PLANE ( 'NONE',  #4403 ) ;
#9631 = ADVANCED_FACE ( 'NONE', ( #4850 ), #4946, .F. ) ;
#9632 = CARTESIAN_POINT ( 'NONE',  ( 8.800000000000000711, -6.506081413869298835, -7.500000000000000000 ) ) ;
#9633 = DIRECTION ( 'NONE',  ( 0.7071067811865487940, 0.4999999999999991118, -0.4999999999999991118 ) ) ;
#9634 = CONICAL_SURFACE ( 'NONE', #4789, 1.499999999999999556, 0.7853981633974490562 ) ;
#9635 = FACE_OUTER_BOUND ( 'NONE', #9586, .T. ) ;
#9636 = EDGE_CURVE ( 'NONE', #800, #7058, #7151, .T. ) ;
#9637 = VERTEX_POINT ( 'NONE', #2762 ) ;
#9638 = CARTESIAN_POINT ( 'NONE',  ( 0.000000000000000000, 20.09999997615980050, 6.700000000000000178 ) ) ;
#9639 = CARTESIAN_POINT ( 'NONE',  ( 9.115281631414687169, 20.63573295849037237, 31.38471836858531461 ) ) ;
#9640 = FILL_AREA_STYLE ('',( #6651 ) ) ;
#9641 = VERTEX_POINT ( 'NONE', #8620 ) ;
#9642 = DIRECTION ( 'NONE',  ( 0.6785983445458382279, 0.6785983445458499963, -0.2810846377148345510 ) ) ;
#9643 = EDGE_CURVE ( 'NONE', #3891, #2723, #577, .T. ) ;
#9644 = ADVANCED_FACE ( 'NONE', ( #5729 ), #3352, .F. ) ;
#9645 = CARTESIAN_POINT ( 'NONE',  ( 9.199999999999999289, -5.689389822801556029, -6.100000000000000533 ) ) ;
#9646 = CARTESIAN_POINT ( 'NONE',  ( 9.199999999999999289, 21.50000000000000000, 14.23723547529430000 ) ) ;
#9647 = CARTESIAN_POINT ( 'NONE',  ( 0.000000000000000000, 18.19999999999999929, 30.70000000000000284 ) ) ;
#9648 = AXIS2_PLACEMENT_3D ( 'NONE', #3312, #3262, #207 ) ;
#9649 = DIRECTION ( 'NONE',  ( 0.7071067811865480168, 0.6532814824381879548, -0.2705980500730977845 ) ) ;
#9650 = EDGE_LOOP ( 'NONE', ( #2328, #9285, #2714, #4769, #4442, #4628, #4393, #4927 ) ) ;
#9651 = LINE ( 'NONE', #2964, #9359 ) ;
#9652 = VERTEX_POINT ( 'NONE', #1305 ) ;
#9653 = ADVANCED_FACE ( 'NONE', ( #4273 ), #3814, .F. ) ;
ENDSEC;
END-ISO-10303-21;
